Pais;Cliente;Pacote;VC;Canal;Tecnología;Categoría
PERU;CORPORATIVO;FULL CORP;100;CANAL 100;SD;INFORMATIVO
PERU;CORPORATIVO;FULL CORP;100;INFORMACIÓN DIRECTV;SD;INFORMATIVO
PERU;CORPORATIVO;FULL CORP;127;DSHOW;SD;HOGAR Y VARIEDADES
PERU;CORPORATIVO;FULL CORP;190;EXITOSA;SD;NOTICIAS
PERU;CORPORATIVO;FULL CORP;192;LATINA;SD;NACIONAL
PERU;CORPORATIVO;FULL CORP;193;EL CONGRESO;SD;INFORMATIVO
PERU;CORPORATIVO;FULL CORP;194;AMÉRICA TELEVISION;SD;NACIONAL
PERU;CORPORATIVO;FULL CORP;195;PANAMERICANA;SD;NACIONAL
PERU;CORPORATIVO;FULL CORP;196;ATV+;SD;NOTICIAS
PERU;CORPORATIVO;FULL CORP;197;TV PERÚ;SD;NACIONAL
PERU;CORPORATIVO;FULL CORP;198;GLOBAL;SD;NACIONAL
PERU;CORPORATIVO;FULL CORP;199;ATV;SD;NACIONAL
PERU;CORPORATIVO;FULL CORP;202;STAR CHANNEL;SD;SERIES Y PELICULAS
PERU;CORPORATIVO;FULL CORP;206;WARNER;SD;SERIES Y PELICULAS
PERU;CORPORATIVO;FULL CORP;207;A&E MUNDO;SD;SERIES Y PELICULAS
PERU;CORPORATIVO;FULL CORP;208;SONY;SD;SERIES Y PELICULAS
PERU;CORPORATIVO;FULL CORP;209;AXN;SD;SERIES Y PELICULAS
PERU;CORPORATIVO;FULL CORP;210;AMC;SD;SERIES Y PELICULAS
PERU;CORPORATIVO;FULL CORP;213;TNT SERIES;SD;SERIES Y PELICULAS
PERU;CORPORATIVO;FULL CORP;214;ATRES SERIES;SD;SERIES Y PELICULAS
PERU;CORPORATIVO;FULL CORP;215;COMEDY CENTRAL;SD;SERIES Y PELICULAS
PERU;CORPORATIVO;FULL CORP;216;TNT NOVELAS;SD;TELENOVELAS
PERU;CORPORATIVO;FULL CORP;217;FX;SD;SERIES Y PELICULAS
PERU;CORPORATIVO;FULL CORP;218;UNIVERSAL;SD;SERIES Y PELICULAS
PERU;CORPORATIVO;FULL CORP;219;USA;SD;SERIES Y PELICULAS
PERU;CORPORATIVO;FULL CORP;221;¡HOLA! TV;SD;HOGAR Y VARIEDADES
PERU;CORPORATIVO;FULL CORP;222;E!;SD;HOGAR Y VARIEDADES
PERU;CORPORATIVO;FULL CORP;223;ID;SD;CIENCIA Y CULTURA
PERU;CORPORATIVO;FULL CORP;228;LIFETIME;SD;SERIES Y PELICULAS
PERU;CORPORATIVO;FULL CORP;229;DISCOVERY HOME & HEALTH;SD;HOGAR Y VARIEDADES
PERU;CORPORATIVO;FULL CORP;230;AMC SERIES;SD;SERIES Y PELICULAS
PERU;CORPORATIVO;FULL CORP;231;TELEMUNDO;SD;TELENOVELAS
PERU;CORPORATIVO;FULL CORP;232;EL GOURMET;SD;GASTRONÓMICO
PERU;CORPORATIVO;FULL CORP;233;FOOD NETWORK;SD;GASTRONÓMICO
PERU;CORPORATIVO;FULL CORP;240;CARAS TV;SD;HOGAR Y VARIEDADES
PERU;CORPORATIVO;FULL CORP;264;MTV;SD;MUSICAL
PERU;CORPORATIVO;FULL CORP;304;CARTOON NETWORK;SD;INFANTIL
PERU;CORPORATIVO;FULL CORP;308;NICKELODEON;SD;INFANTIL
PERU;CORPORATIVO;FULL CORP;309;NICK JR.;SD;INFANTIL
PERU;CORPORATIVO;FULL CORP;312;DISNEY CHANNEL;SD;INFANTIL
PERU;CORPORATIVO;FULL CORP;315;DISNEY JUNIOR;SD;INFANTIL
PERU;CORPORATIVO;FULL CORP;318;PLIM PLIM;SD;INFANTIL
PERU;CORPORATIVO;FULL CORP;319;EL REINO INFANTIL;SD;INFANTIL
PERU;CORPORATIVO;FULL CORP;330;DISCOVERY KIDS;SD;INFANTIL
PERU;CORPORATIVO;FULL CORP;334;CARTOONITO;SD;INFANTIL
PERU;CORPORATIVO;FULL CORP;350;EWTN;SD;RELIGIOSO
PERU;CORPORATIVO;FULL CORP;351;ORBE 21;SD;RELIGIOSO
PERU;CORPORATIVO;FULL CORP;352;TBN ENLACE;SD;RELIGIOSO
PERU;CORPORATIVO;FULL CORP;354;CANAL LUZ;SD;RELIGIOSO
PERU;CORPORATIVO;FULL CORP;502;TNT;SD;SERIES Y PELICULAS
PERU;CORPORATIVO;FULL CORP;506;SONY MOVIES;SD;SERIES Y PELICULAS
PERU;CORPORATIVO;FULL CORP;507;CINECANAL;SD;SERIES Y PELICULAS
PERU;CORPORATIVO;FULL CORP;508;STUDIO UNIVERSAL;SD;SERIES Y PELICULAS
PERU;CORPORATIVO;FULL CORP;510;MÓRBIDO TV;SD;SERIES Y PELICULAS
PERU;CORPORATIVO;FULL CORP;513;DHE;SD;SERIES Y PELICULAS
PERU;CORPORATIVO;FULL CORP;518;SPACE;SD;SERIES Y PELICULAS
PERU;CORPORATIVO;FULL CORP;603;L1;SD;DEPORTES
PERU;CORPORATIVO;FULL CORP;610;DSPORTS;SD;DEPORTES
PERU;CORPORATIVO;FULL CORP;612;DSPORTS 2;SD;DEPORTES
PERU;CORPORATIVO;FULL CORP;613;DSPORTS +;SD;DEPORTES
PERU;CORPORATIVO;FULL CORP;621;ESPN;SD;DEPORTES
PERU;CORPORATIVO;FULL CORP;622;ESPN 2;SD;DEPORTES
PERU;CORPORATIVO;FULL CORP;623;ESPN 3;SD;DEPORTES
PERU;CORPORATIVO;FULL CORP;625;ESPN 5;SD;DEPORTES
PERU;CORPORATIVO;FULL CORP;626;ESPN 6;SD;DEPORTES
PERU;CORPORATIVO;FULL CORP;627;ESPN 7;SD;DEPORTES
PERU;CORPORATIVO;FULL CORP;628;GOLF CHANNEL LATIN AMERICA;SD;DEPORTES
PERU;CORPORATIVO;FULL CORP;629;TYC SPORTS;SD;DEPORTES
PERU;CORPORATIVO;FULL CORP;700;DNEWS;SD;NOTICIAS
PERU;CORPORATIVO;FULL CORP;704;CNN EN ESPAÑOL;SD;NOTICIAS
PERU;CORPORATIVO;FULL CORP;706;CNN INTERNATIONAL;SD;NOTICIAS
PERU;CORPORATIVO;FULL CORP;707;CNN CHILE;SD;NOTICIAS
PERU;CORPORATIVO;FULL CORP;708;TVN 24 HORAS;SD;NOTICIAS
PERU;CORPORATIVO;FULL CORP;710;BLOOMBERG;SD;NOTICIAS
PERU;CORPORATIVO;FULL CORP;716;TODO NOTICIAS;SD;NOTICIAS
PERU;CORPORATIVO;FULL CORP;720;26NOTICIAS;SD;NOTICIAS
PERU;CORPORATIVO;FULL CORP;725;NTN 24;SD;NOTICIAS
PERU;CORPORATIVO;FULL CORP;726;CANAL RURAL;SD;EDUCATIVO
PERU;CORPORATIVO;FULL CORP;727;CABLE NOTICIAS;SD;NOTICIAS
PERU;CORPORATIVO;FULL CORP;730;NATIONAL GEOGRAPHIC;SD;CIENCIA Y CULTURA
PERU;CORPORATIVO;FULL CORP;732;DISCOVERY;SD;CIENCIA Y CULTURA
PERU;CORPORATIVO;FULL CORP;734;ANIMAL PLANET;SD;CIENCIA Y CULTURA
PERU;CORPORATIVO;FULL CORP;740;TLC;SD;HOGAR Y VARIEDADES
PERU;CORPORATIVO;FULL CORP;742;HISTORY;SD;CIENCIA Y CULTURA
PERU;CORPORATIVO;FULL CORP;744;HISTORY 2;SD;CIENCIA Y CULTURA
PERU;CORPORATIVO;FULL CORP;760;UNIVISION;SD;NACIONAL
PERU;CORPORATIVO;FULL CORP;762;ANTENA 3;SD;NACIONAL
PERU;CORPORATIVO;FULL CORP;764;FRANCE 24;SD;NOTICIAS
PERU;CORPORATIVO;FULL CORP;766;RAI ITALIA;SD;NACIONAL
PERU;CORPORATIVO;FULL CORP;768;BBC WORLD NEWS;SD;NOTICIAS
PERU;CORPORATIVO;FULL CORP;770;DW LATINOAMÉRICA;SD;NOTICIAS
PERU;CORPORATIVO;FULL CORP;772;CARACOL;SD;NACIONAL
PERU;CORPORATIVO;FULL CORP;773;EL TIEMPO;SD;NOTICIAS
PERU;CORPORATIVO;FULL CORP;774;TV CHILE;SD;NACIONAL
PERU;CORPORATIVO;FULL CORP;775;RCN NUESTRA TELE;SD;NACIONAL
PERU;CORPORATIVO;FULL CORP;776;GLOBO INTERNACIONAL;SD;NACIONAL
PERU;CORPORATIVO;FULL CORP;778;RTP INTERNACIONAL;SD;NACIONAL
PERU;CORPORATIVO;FULL CORP;782;NHK WORLD;SD;NOTICIAS
PERU;CORPORATIVO;FULL CORP;784;EL TRECE;SD;NACIONAL
PERU;CORPORATIVO;FULL CORP;786;TELEFE INTERNACIONAL;SD;NACIONAL
PERU;CORPORATIVO;FULL CORP;790;CGTN ESPAÑOL;SD;NOTICIAS
PERU;CORPORATIVO;FULL CORP;804;ESCUELA+;SD;EDUCATIVO
PERU;CORPORATIVO;FULL CORP;901;DSPORTS RADIO;RADIO;DEPORTES
PERU;CORPORATIVO;FULL CORP;980;UNIÓN RADIO NOTICIAS;RADIO;AUDIO
PERU;CORPORATIVO;FULL CORP;982;RADIO CARACOL;RADIO;AUDIO
PERU;CORPORATIVO;FULL CORP;984;RADIO FRANCE INTERNACIONAL;RADIO;AUDIO
PERU;CORPORATIVO;FULL CORP;986;RADIO OXIGENO;RADIO;AUDIO
PERU;CORPORATIVO;FULL CORP;987;RADIO STUDIO 92;RADIO;AUDIO
PERU;CORPORATIVO;FULL CORP;988;RADIO MODA;RADIO;AUDIO
PERU;CORPORATIVO;FULL CORP;992;RADIO ALERTA BOGOTÁ;RADIO;AUDIO
PERU;CORPORATIVO;FULL CORP;993;RADIO W;RADIO;AUDIO
PERU;CORPORATIVO;FULL CORP (HD);100;CANAL 100;SD;INFORMATIVO
PERU;CORPORATIVO;FULL CORP (HD);100;INFORMACIÓN DIRECTV;SD;INFORMATIVO
PERU;CORPORATIVO;FULL CORP (HD);127;DSHOW;SD;HOGAR Y VARIEDADES
PERU;CORPORATIVO;FULL CORP (HD);190;EXITOSA;SD;NOTICIAS
PERU;CORPORATIVO;FULL CORP (HD);192;LATINA;SD;NACIONAL
PERU;CORPORATIVO;FULL CORP (HD);193;EL CONGRESO;SD;INFORMATIVO
PERU;CORPORATIVO;FULL CORP (HD);194;AMÉRICA TELEVISION;SD;NACIONAL
PERU;CORPORATIVO;FULL CORP (HD);195;PANAMERICANA;SD;NACIONAL
PERU;CORPORATIVO;FULL CORP (HD);196;ATV+;SD;NOTICIAS
PERU;CORPORATIVO;FULL CORP (HD);197;TV PERÚ;SD;NACIONAL
PERU;CORPORATIVO;FULL CORP (HD);198;GLOBAL;SD;NACIONAL
PERU;CORPORATIVO;FULL CORP (HD);199;ATV;SD;NACIONAL
PERU;CORPORATIVO;FULL CORP (HD);202;STAR CHANNEL;SD;SERIES Y PELICULAS
PERU;CORPORATIVO;FULL CORP (HD);206;WARNER;SD;SERIES Y PELICULAS
PERU;CORPORATIVO;FULL CORP (HD);207;A&E MUNDO;SD;SERIES Y PELICULAS
PERU;CORPORATIVO;FULL CORP (HD);208;SONY;SD;SERIES Y PELICULAS
PERU;CORPORATIVO;FULL CORP (HD);209;AXN;SD;SERIES Y PELICULAS
PERU;CORPORATIVO;FULL CORP (HD);210;AMC;SD;SERIES Y PELICULAS
PERU;CORPORATIVO;FULL CORP (HD);213;TNT SERIES;SD;SERIES Y PELICULAS
PERU;CORPORATIVO;FULL CORP (HD);214;ATRES SERIES;SD;SERIES Y PELICULAS
PERU;CORPORATIVO;FULL CORP (HD);215;COMEDY CENTRAL;SD;SERIES Y PELICULAS
PERU;CORPORATIVO;FULL CORP (HD);216;TNT NOVELAS;SD;TELENOVELAS
PERU;CORPORATIVO;FULL CORP (HD);217;FX;SD;SERIES Y PELICULAS
PERU;CORPORATIVO;FULL CORP (HD);218;UNIVERSAL;SD;SERIES Y PELICULAS
PERU;CORPORATIVO;FULL CORP (HD);219;USA;SD;SERIES Y PELICULAS
PERU;CORPORATIVO;FULL CORP (HD);221;¡HOLA! TV;SD;HOGAR Y VARIEDADES
PERU;CORPORATIVO;FULL CORP (HD);222;E!;SD;HOGAR Y VARIEDADES
PERU;CORPORATIVO;FULL CORP (HD);223;ID;SD;CIENCIA Y CULTURA
PERU;CORPORATIVO;FULL CORP (HD);228;LIFETIME;SD;SERIES Y PELICULAS
PERU;CORPORATIVO;FULL CORP (HD);229;DISCOVERY HOME & HEALTH;SD;HOGAR Y VARIEDADES
PERU;CORPORATIVO;FULL CORP (HD);230;AMC SERIES;SD;SERIES Y PELICULAS
PERU;CORPORATIVO;FULL CORP (HD);231;TELEMUNDO;SD;TELENOVELAS
PERU;CORPORATIVO;FULL CORP (HD);232;EL GOURMET;SD;GASTRONÓMICO
PERU;CORPORATIVO;FULL CORP (HD);233;FOOD NETWORK;SD;GASTRONÓMICO
PERU;CORPORATIVO;FULL CORP (HD);240;CARAS TV;SD;HOGAR Y VARIEDADES
PERU;CORPORATIVO;FULL CORP (HD);264;MTV;SD;MUSICAL
PERU;CORPORATIVO;FULL CORP (HD);304;CARTOON NETWORK;SD;INFANTIL
PERU;CORPORATIVO;FULL CORP (HD);308;NICKELODEON;SD;INFANTIL
PERU;CORPORATIVO;FULL CORP (HD);309;NICK JR.;SD;INFANTIL
PERU;CORPORATIVO;FULL CORP (HD);312;DISNEY CHANNEL;SD;INFANTIL
PERU;CORPORATIVO;FULL CORP (HD);315;DISNEY JUNIOR;SD;INFANTIL
PERU;CORPORATIVO;FULL CORP (HD);317;BABY TV HD;SD;INFANTIL
PERU;CORPORATIVO;FULL CORP (HD);318;PLIM PLIM;SD;INFANTIL
PERU;CORPORATIVO;FULL CORP (HD);319;EL REINO INFANTIL;SD;INFANTIL
PERU;CORPORATIVO;FULL CORP (HD);330;DISCOVERY KIDS;SD;INFANTIL
PERU;CORPORATIVO;FULL CORP (HD);334;CARTOONITO;SD;INFANTIL
PERU;CORPORATIVO;FULL CORP (HD);350;EWTN;SD;RELIGIOSO
PERU;CORPORATIVO;FULL CORP (HD);351;ORBE 21;SD;RELIGIOSO
PERU;CORPORATIVO;FULL CORP (HD);352;TBN ENLACE;SD;RELIGIOSO
PERU;CORPORATIVO;FULL CORP (HD);354;CANAL LUZ;SD;RELIGIOSO
PERU;CORPORATIVO;FULL CORP (HD);502;TNT;SD;SERIES Y PELICULAS
PERU;CORPORATIVO;FULL CORP (HD);506;SONY MOVIES;SD;SERIES Y PELICULAS
PERU;CORPORATIVO;FULL CORP (HD);507;CINECANAL;SD;SERIES Y PELICULAS
PERU;CORPORATIVO;FULL CORP (HD);508;STUDIO UNIVERSAL;SD;SERIES Y PELICULAS
PERU;CORPORATIVO;FULL CORP (HD);510;MÓRBIDO TV;SD;SERIES Y PELICULAS
PERU;CORPORATIVO;FULL CORP (HD);513;DHE;SD;SERIES Y PELICULAS
PERU;CORPORATIVO;FULL CORP (HD);518;SPACE;SD;SERIES Y PELICULAS
PERU;CORPORATIVO;FULL CORP (HD);603;L1;SD;DEPORTES
PERU;CORPORATIVO;FULL CORP (HD);610;DSPORTS;SD;DEPORTES
PERU;CORPORATIVO;FULL CORP (HD);612;DSPORTS 2;SD;DEPORTES
PERU;CORPORATIVO;FULL CORP (HD);613;DSPORTS +;SD;DEPORTES
PERU;CORPORATIVO;FULL CORP (HD);621;ESPN;SD;DEPORTES
PERU;CORPORATIVO;FULL CORP (HD);622;ESPN 2;SD;DEPORTES
PERU;CORPORATIVO;FULL CORP (HD);623;ESPN 3;SD;DEPORTES
PERU;CORPORATIVO;FULL CORP (HD);625;ESPN 5;SD;DEPORTES
PERU;CORPORATIVO;FULL CORP (HD);626;ESPN 6;SD;DEPORTES
PERU;CORPORATIVO;FULL CORP (HD);627;ESPN 7;SD;DEPORTES
PERU;CORPORATIVO;FULL CORP (HD);628;GOLF CHANNEL LATIN AMERICA;SD;DEPORTES
PERU;CORPORATIVO;FULL CORP (HD);629;TYC SPORTS;SD;DEPORTES
PERU;CORPORATIVO;FULL CORP (HD);700;DNEWS;SD;NOTICIAS
PERU;CORPORATIVO;FULL CORP (HD);704;CNN EN ESPAÑOL;SD;NOTICIAS
PERU;CORPORATIVO;FULL CORP (HD);706;CNN INTERNATIONAL;SD;NOTICIAS
PERU;CORPORATIVO;FULL CORP (HD);707;CNN CHILE;SD;NOTICIAS
PERU;CORPORATIVO;FULL CORP (HD);708;TVN 24 HORAS;SD;NOTICIAS
PERU;CORPORATIVO;FULL CORP (HD);710;BLOOMBERG;SD;NOTICIAS
PERU;CORPORATIVO;FULL CORP (HD);716;TODO NOTICIAS;SD;NOTICIAS
PERU;CORPORATIVO;FULL CORP (HD);720;26NOTICIAS;SD;NOTICIAS
PERU;CORPORATIVO;FULL CORP (HD);725;NTN 24;SD;NOTICIAS
PERU;CORPORATIVO;FULL CORP (HD);726;CANAL RURAL;SD;EDUCATIVO
PERU;CORPORATIVO;FULL CORP (HD);727;CABLE NOTICIAS;SD;NOTICIAS
PERU;CORPORATIVO;FULL CORP (HD);730;NATIONAL GEOGRAPHIC;SD;CIENCIA Y CULTURA
PERU;CORPORATIVO;FULL CORP (HD);732;DISCOVERY;SD;CIENCIA Y CULTURA
PERU;CORPORATIVO;FULL CORP (HD);734;ANIMAL PLANET;SD;CIENCIA Y CULTURA
PERU;CORPORATIVO;FULL CORP (HD);740;TLC;SD;HOGAR Y VARIEDADES
PERU;CORPORATIVO;FULL CORP (HD);742;HISTORY;SD;CIENCIA Y CULTURA
PERU;CORPORATIVO;FULL CORP (HD);744;HISTORY 2;SD;CIENCIA Y CULTURA
PERU;CORPORATIVO;FULL CORP (HD);760;UNIVISION;SD;NACIONAL
PERU;CORPORATIVO;FULL CORP (HD);762;ANTENA 3;SD;NACIONAL
PERU;CORPORATIVO;FULL CORP (HD);764;FRANCE 24;SD;NOTICIAS
PERU;CORPORATIVO;FULL CORP (HD);766;RAI ITALIA;SD;NACIONAL
PERU;CORPORATIVO;FULL CORP (HD);768;BBC WORLD NEWS;SD;NOTICIAS
PERU;CORPORATIVO;FULL CORP (HD);770;DW LATINOAMÉRICA;SD;NOTICIAS
PERU;CORPORATIVO;FULL CORP (HD);772;CARACOL;SD;NACIONAL
PERU;CORPORATIVO;FULL CORP (HD);773;EL TIEMPO;SD;NOTICIAS
PERU;CORPORATIVO;FULL CORP (HD);774;TV CHILE;SD;NACIONAL
PERU;CORPORATIVO;FULL CORP (HD);775;RCN NUESTRA TELE;SD;NACIONAL
PERU;CORPORATIVO;FULL CORP (HD);776;GLOBO INTERNACIONAL;SD;NACIONAL
PERU;CORPORATIVO;FULL CORP (HD);778;RTP INTERNACIONAL;SD;NACIONAL
PERU;CORPORATIVO;FULL CORP (HD);782;NHK WORLD;SD;NOTICIAS
PERU;CORPORATIVO;FULL CORP (HD);784;EL TRECE;SD;NACIONAL
PERU;CORPORATIVO;FULL CORP (HD);786;TELEFE INTERNACIONAL;SD;NACIONAL
PERU;CORPORATIVO;FULL CORP (HD);790;CGTN ESPAÑOL;SD;NOTICIAS
PERU;CORPORATIVO;FULL CORP (HD);804;ESCUELA+;SD;EDUCATIVO
PERU;CORPORATIVO;FULL CORP (HD);901;DSPORTS RADIO;RADIO;DEPORTES
PERU;CORPORATIVO;FULL CORP (HD);980;UNIÓN RADIO NOTICIAS;RADIO;AUDIO
PERU;CORPORATIVO;FULL CORP (HD);982;RADIO CARACOL;RADIO;AUDIO
PERU;CORPORATIVO;FULL CORP (HD);984;RADIO FRANCE INTERNACIONAL;RADIO;AUDIO
PERU;CORPORATIVO;FULL CORP (HD);986;RADIO OXIGENO;RADIO;AUDIO
PERU;CORPORATIVO;FULL CORP (HD);987;RADIO STUDIO 92;RADIO;AUDIO
PERU;CORPORATIVO;FULL CORP (HD);988;RADIO MODA;RADIO;AUDIO
PERU;CORPORATIVO;FULL CORP (HD);992;RADIO ALERTA BOGOTÁ;RADIO;AUDIO
PERU;CORPORATIVO;FULL CORP (HD);993;RADIO W;RADIO;AUDIO
PERU;CORPORATIVO;FULL CORP (HD);1127;DSHOW;HD;HOGAR Y VARIEDADES
PERU;CORPORATIVO;FULL CORP (HD);1189;RPP;HD;NOTICIAS
PERU;CORPORATIVO;FULL CORP (HD);1190;TV PERÚ NOTICIAS HD;HD;NOTICIAS
PERU;CORPORATIVO;FULL CORP (HD);1191;WILLAX HD;HD;DEPORTES
PERU;CORPORATIVO;FULL CORP (HD);1192;LATINA HD;HD;NACIONAL
PERU;CORPORATIVO;FULL CORP (HD);1193;A LA COCINA;HD;GASTRONÓMICO
PERU;CORPORATIVO;FULL CORP (HD);1194;AMÉRICA TELEVISION HD;HD;NACIONAL
PERU;CORPORATIVO;FULL CORP (HD);1195;PANAMERICANA HD;HD;NACIONAL
PERU;CORPORATIVO;FULL CORP (HD);1196;ATV+;HD;NOTICIAS
PERU;CORPORATIVO;FULL CORP (HD);1197;TV PERÚ HD;HD;NACIONAL
PERU;CORPORATIVO;FULL CORP (HD);1198;GLOBAL HD;HD;NACIONAL
PERU;CORPORATIVO;FULL CORP (HD);1199;ATV9 HD;HD;NACIONAL
PERU;CORPORATIVO;FULL CORP (HD);1204;STAR CHANNEL HD;HD;SERIES Y PELICULAS
PERU;CORPORATIVO;FULL CORP (HD);1206;WARNER HD;HD;SERIES Y PELICULAS
PERU;CORPORATIVO;FULL CORP (HD);1207;A&E MUNDO HD;HD;SERIES Y PELICULAS
PERU;CORPORATIVO;FULL CORP (HD);1208;SONY HD;HD;SERIES Y PELICULAS
PERU;CORPORATIVO;FULL CORP (HD);1209;AXN HD;HD;SERIES Y PELICULAS
PERU;CORPORATIVO;FULL CORP (HD);1210;AMC HD;HD;SERIES Y PELICULAS
PERU;CORPORATIVO;FULL CORP (HD);1213;TNT SERIES HD;HD;SERIES Y PELICULAS
PERU;CORPORATIVO;FULL CORP (HD);1214;ATRES SERIES HD;HD;SERIES Y PELICULAS
PERU;CORPORATIVO;FULL CORP (HD);1215;COMEDY CENTRAL HD;HD;SERIES Y PELICULAS
PERU;CORPORATIVO;FULL CORP (HD);1217;FX HD;HD;SERIES Y PELICULAS
PERU;CORPORATIVO;FULL CORP (HD);1218;UNIVERSAL HD;HD;SERIES Y PELICULAS
PERU;CORPORATIVO;FULL CORP (HD);1219;USA HD;HD;SERIES Y PELICULAS
PERU;CORPORATIVO;FULL CORP (HD);1221;¡HOLA! TV HD;HD;HOGAR Y VARIEDADES
PERU;CORPORATIVO;FULL CORP (HD);1222;E! HD;HD;HOGAR Y VARIEDADES
PERU;CORPORATIVO;FULL CORP (HD);1223;ID HD;HD;CIENCIA Y CULTURA
PERU;CORPORATIVO;FULL CORP (HD);1228;LIFETIME HD;HD;SERIES Y PELICULAS
PERU;CORPORATIVO;FULL CORP (HD);1229;DISCOVERY HOME & HEALTH HD;HD;HOGAR Y VARIEDADES
PERU;CORPORATIVO;FULL CORP (HD);1233;FOOD NETWORK HD;HD;GASTRONÓMICO
PERU;CORPORATIVO;FULL CORP (HD);1236;VEPLUS;HD;HOGAR Y VARIEDADES
PERU;CORPORATIVO;FULL CORP (HD);1264;MTV HD;HD;MUSICAL
PERU;CORPORATIVO;FULL CORP (HD);1265;MUSIC TOP HD;HD;MUSICAL
PERU;CORPORATIVO;FULL CORP (HD);1266;TIERRA MÍA HD;HD;CIENCIA Y CULTURA
PERU;CORPORATIVO;FULL CORP (HD);1273;INTI HD;HD;EDUCATIVO
PERU;CORPORATIVO;FULL CORP (HD);1302;ESCUELA+;HD;EDUCATIVO
PERU;CORPORATIVO;FULL CORP (HD);1304;CARTOON NETWORK HD;HD;INFANTIL
PERU;CORPORATIVO;FULL CORP (HD);1308;NICKELODEON HD;HD;INFANTIL
PERU;CORPORATIVO;FULL CORP (HD);1309;NICK JR. HD;HD;INFANTIL
PERU;CORPORATIVO;FULL CORP (HD);1312;DISNEY CHANNEL HD;HD;INFANTIL
PERU;CORPORATIVO;FULL CORP (HD);1315;DISNEY JUNIOR HD;HD;INFANTIL
PERU;CORPORATIVO;FULL CORP (HD);1318;PLIM PLIM HD;HD;INFANTIL
PERU;CORPORATIVO;FULL CORP (HD);1319;EL REINO INFANTIL HD;HD;INFANTIL
PERU;CORPORATIVO;FULL CORP (HD);1330;DISCOVERY KIDS HD;HD;INFANTIL
PERU;CORPORATIVO;FULL CORP (HD);1502;TNT HD;HD;SERIES Y PELICULAS
PERU;CORPORATIVO;FULL CORP (HD);1507;CINECANAL HD;HD;SERIES Y PELICULAS
PERU;CORPORATIVO;FULL CORP (HD);1508;STUDIO UNIVERSAL HD;HD;SERIES Y PELICULAS
PERU;CORPORATIVO;FULL CORP (HD);1510;MÓRBIDO TV HD;HD;SERIES Y PELICULAS
PERU;CORPORATIVO;FULL CORP (HD);1513;DHE HD;HD;SERIES Y PELICULAS
PERU;CORPORATIVO;FULL CORP (HD);1518;SPACE HD;HD;SERIES Y PELICULAS
PERU;CORPORATIVO;FULL CORP (HD);1603;L1;HD;DEPORTES
PERU;CORPORATIVO;FULL CORP (HD);1610;DSPORTS HD;HD;DEPORTES
PERU;CORPORATIVO;FULL CORP (HD);1612;DSPORTS 2 HD;HD;DEPORTES
PERU;CORPORATIVO;FULL CORP (HD);1613;DSPORTS + HD;HD;DEPORTES
PERU;CORPORATIVO;FULL CORP (HD);1621;ESPN HD;HD;DEPORTES
PERU;CORPORATIVO;FULL CORP (HD);1622;ESPN 2 HD;HD;DEPORTES
PERU;CORPORATIVO;FULL CORP (HD);1623;ESPN 3 HD;HD;DEPORTES
PERU;CORPORATIVO;FULL CORP (HD);1624;ESPN 4 HD;HD;DEPORTES
PERU;CORPORATIVO;FULL CORP (HD);1625;ESPN 5;HD;DEPORTES
PERU;CORPORATIVO;FULL CORP (HD);1626;ESPN 6;HD;DEPORTES
PERU;CORPORATIVO;FULL CORP (HD);1627;ESPN 7 HD;HD;DEPORTES
PERU;CORPORATIVO;FULL CORP (HD);1628;GOLF CHANNEL HD;HD;DEPORTES
PERU;CORPORATIVO;FULL CORP (HD);1629;TYC SPORTS;HD;DEPORTES
PERU;CORPORATIVO;FULL CORP (HD);1639;PX SPORTS;HD;DEPORTES
PERU;CORPORATIVO;FULL CORP (HD);1700;DNEWS;HD;NOTICIAS
PERU;CORPORATIVO;FULL CORP (HD);1730;NATIONAL GEOGRAPHIC HD;HD;CIENCIA Y CULTURA
PERU;CORPORATIVO;FULL CORP (HD);1731;DISCOVERY THEATER HD;HD;CIENCIA Y CULTURA
PERU;CORPORATIVO;FULL CORP (HD);1732;DISCOVERY HD;HD;CIENCIA Y CULTURA
PERU;CORPORATIVO;FULL CORP (HD);1734;ANIMAL PLANET HD;HD;CIENCIA Y CULTURA
PERU;CORPORATIVO;FULL CORP (HD);1738;DISCOVERY WORLD HD;HD;CIENCIA Y CULTURA
PERU;CORPORATIVO;FULL CORP (HD);1740;TLC;HD;HOGAR Y VARIEDADES
PERU;CORPORATIVO;FULL CORP (HD);1742;HISTORY HD;HD;CIENCIA Y CULTURA
PERU;CORPORATIVO;FULL CORP (HD);1744;HISTORY 2 HD;HD;CIENCIA Y CULTURA
PERU;CORPORATIVO;FULL CORP (HD);1762;ANTENA 3 HD;HD;NACIONAL
PERU;CORPORATIVO;FULL EMPRESA;100;CANAL 100;SD;INFORMATIVO
PERU;CORPORATIVO;FULL EMPRESA;100;INFORMACIÓN DIRECTV;SD;INFORMATIVO
PERU;CORPORATIVO;FULL EMPRESA;127;DSHOW;SD;HOGAR Y VARIEDADES
PERU;CORPORATIVO;FULL EMPRESA;190;EXITOSA;SD;NOTICIAS
PERU;CORPORATIVO;FULL EMPRESA;192;LATINA;SD;NACIONAL
PERU;CORPORATIVO;FULL EMPRESA;193;EL CONGRESO;SD;INFORMATIVO
PERU;CORPORATIVO;FULL EMPRESA;194;AMÉRICA TELEVISION;SD;NACIONAL
PERU;CORPORATIVO;FULL EMPRESA;195;PANAMERICANA;SD;NACIONAL
PERU;CORPORATIVO;FULL EMPRESA;196;ATV+;SD;NOTICIAS
PERU;CORPORATIVO;FULL EMPRESA;197;TV PERÚ;SD;NACIONAL
PERU;CORPORATIVO;FULL EMPRESA;198;GLOBAL;SD;NACIONAL
PERU;CORPORATIVO;FULL EMPRESA;199;ATV;SD;NACIONAL
PERU;CORPORATIVO;FULL EMPRESA;202;STAR CHANNEL;SD;SERIES Y PELICULAS
PERU;CORPORATIVO;FULL EMPRESA;206;WARNER;SD;SERIES Y PELICULAS
PERU;CORPORATIVO;FULL EMPRESA;207;A&E MUNDO;SD;SERIES Y PELICULAS
PERU;CORPORATIVO;FULL EMPRESA;208;SONY;SD;SERIES Y PELICULAS
PERU;CORPORATIVO;FULL EMPRESA;209;AXN;SD;SERIES Y PELICULAS
PERU;CORPORATIVO;FULL EMPRESA;210;AMC;SD;SERIES Y PELICULAS
PERU;CORPORATIVO;FULL EMPRESA;213;TNT SERIES;SD;SERIES Y PELICULAS
PERU;CORPORATIVO;FULL EMPRESA;214;ATRES SERIES;SD;SERIES Y PELICULAS
PERU;CORPORATIVO;FULL EMPRESA;215;COMEDY CENTRAL;SD;SERIES Y PELICULAS
PERU;CORPORATIVO;FULL EMPRESA;216;TNT NOVELAS;SD;TELENOVELAS
PERU;CORPORATIVO;FULL EMPRESA;217;FX;SD;SERIES Y PELICULAS
PERU;CORPORATIVO;FULL EMPRESA;218;UNIVERSAL;SD;SERIES Y PELICULAS
PERU;CORPORATIVO;FULL EMPRESA;219;USA;SD;SERIES Y PELICULAS
PERU;CORPORATIVO;FULL EMPRESA;221;¡HOLA! TV;SD;HOGAR Y VARIEDADES
PERU;CORPORATIVO;FULL EMPRESA;222;E!;SD;HOGAR Y VARIEDADES
PERU;CORPORATIVO;FULL EMPRESA;223;ID;SD;CIENCIA Y CULTURA
PERU;CORPORATIVO;FULL EMPRESA;226;LAS ESTRELLAS;SD;NACIONAL
PERU;CORPORATIVO;FULL EMPRESA;227;TL NOVELAS;SD;TELENOVELAS
PERU;CORPORATIVO;FULL EMPRESA;228;LIFETIME;SD;SERIES Y PELICULAS
PERU;CORPORATIVO;FULL EMPRESA;229;DISCOVERY HOME & HEALTH;SD;HOGAR Y VARIEDADES
PERU;CORPORATIVO;FULL EMPRESA;230;AMC SERIES;SD;SERIES Y PELICULAS
PERU;CORPORATIVO;FULL EMPRESA;231;TELEMUNDO;SD;TELENOVELAS
PERU;CORPORATIVO;FULL EMPRESA;232;EL GOURMET;SD;GASTRONÓMICO
PERU;CORPORATIVO;FULL EMPRESA;233;FOOD NETWORK;SD;GASTRONÓMICO
PERU;CORPORATIVO;FULL EMPRESA;240;CARAS TV;SD;HOGAR Y VARIEDADES
PERU;CORPORATIVO;FULL EMPRESA;264;MTV;SD;MUSICAL
PERU;CORPORATIVO;FULL EMPRESA;269;QUIERO MÚSICA EN MI IDIOMA;SD;MUSICAL
PERU;CORPORATIVO;FULL EMPRESA;304;CARTOON NETWORK;SD;INFANTIL
PERU;CORPORATIVO;FULL EMPRESA;308;NICKELODEON;SD;INFANTIL
PERU;CORPORATIVO;FULL EMPRESA;309;NICK JR.;SD;INFANTIL
PERU;CORPORATIVO;FULL EMPRESA;312;DISNEY CHANNEL;SD;INFANTIL
PERU;CORPORATIVO;FULL EMPRESA;315;DISNEY JUNIOR;SD;INFANTIL
PERU;CORPORATIVO;FULL EMPRESA;317;BABY TV HD;SD;INFANTIL
PERU;CORPORATIVO;FULL EMPRESA;318;PLIM PLIM;SD;INFANTIL
PERU;CORPORATIVO;FULL EMPRESA;319;EL REINO INFANTIL;SD;INFANTIL
PERU;CORPORATIVO;FULL EMPRESA;330;DISCOVERY KIDS;SD;INFANTIL
PERU;CORPORATIVO;FULL EMPRESA;334;CARTOONITO;SD;INFANTIL
PERU;CORPORATIVO;FULL EMPRESA;350;EWTN;SD;RELIGIOSO
PERU;CORPORATIVO;FULL EMPRESA;351;ORBE 21;SD;RELIGIOSO
PERU;CORPORATIVO;FULL EMPRESA;352;TBN ENLACE;SD;RELIGIOSO
PERU;CORPORATIVO;FULL EMPRESA;354;CANAL LUZ;SD;RELIGIOSO
PERU;CORPORATIVO;FULL EMPRESA;502;TNT;SD;SERIES Y PELICULAS
PERU;CORPORATIVO;FULL EMPRESA;506;SONY MOVIES;SD;SERIES Y PELICULAS
PERU;CORPORATIVO;FULL EMPRESA;507;CINECANAL;SD;SERIES Y PELICULAS
PERU;CORPORATIVO;FULL EMPRESA;508;STUDIO UNIVERSAL;SD;SERIES Y PELICULAS
PERU;CORPORATIVO;FULL EMPRESA;509;CINEMAX;SD;SERIES Y PELICULAS
PERU;CORPORATIVO;FULL EMPRESA;510;MÓRBIDO TV;SD;SERIES Y PELICULAS
PERU;CORPORATIVO;FULL EMPRESA;513;DHE;SD;SERIES Y PELICULAS
PERU;CORPORATIVO;FULL EMPRESA;517;GOLDEN EDGE;SD;SERIES Y PELICULAS
PERU;CORPORATIVO;FULL EMPRESA;518;SPACE;SD;SERIES Y PELICULAS
PERU;CORPORATIVO;FULL EMPRESA;524;HBO;SD;SERIES Y PELICULAS
PERU;CORPORATIVO;FULL EMPRESA;603;L1;SD;DEPORTES
PERU;CORPORATIVO;FULL EMPRESA;610;DSPORTS;SD;DEPORTES
PERU;CORPORATIVO;FULL EMPRESA;612;DSPORTS 2;SD;DEPORTES
PERU;CORPORATIVO;FULL EMPRESA;613;DSPORTS +;SD;DEPORTES
PERU;CORPORATIVO;FULL EMPRESA;621;ESPN;SD;DEPORTES
PERU;CORPORATIVO;FULL EMPRESA;622;ESPN 2;SD;DEPORTES
PERU;CORPORATIVO;FULL EMPRESA;623;ESPN 3;SD;DEPORTES
PERU;CORPORATIVO;FULL EMPRESA;625;ESPN 5;SD;DEPORTES
PERU;CORPORATIVO;FULL EMPRESA;626;ESPN 6;SD;DEPORTES
PERU;CORPORATIVO;FULL EMPRESA;627;ESPN 7;SD;DEPORTES
PERU;CORPORATIVO;FULL EMPRESA;628;GOLF CHANNEL LATIN AMERICA;SD;DEPORTES
PERU;CORPORATIVO;FULL EMPRESA;629;TYC SPORTS;SD;DEPORTES
PERU;CORPORATIVO;FULL EMPRESA;700;DNEWS;SD;NOTICIAS
PERU;CORPORATIVO;FULL EMPRESA;704;CNN EN ESPAÑOL;SD;NOTICIAS
PERU;CORPORATIVO;FULL EMPRESA;706;CNN INTERNATIONAL;SD;NOTICIAS
PERU;CORPORATIVO;FULL EMPRESA;707;CNN CHILE;SD;NOTICIAS
PERU;CORPORATIVO;FULL EMPRESA;708;TVN 24 HORAS;SD;NOTICIAS
PERU;CORPORATIVO;FULL EMPRESA;710;BLOOMBERG;SD;NOTICIAS
PERU;CORPORATIVO;FULL EMPRESA;715;AMÉRICA;SD;NACIONAL
PERU;CORPORATIVO;FULL EMPRESA;716;TODO NOTICIAS;SD;NOTICIAS
PERU;CORPORATIVO;FULL EMPRESA;720;26NOTICIAS;SD;NOTICIAS
PERU;CORPORATIVO;FULL EMPRESA;725;NTN 24;SD;NOTICIAS
PERU;CORPORATIVO;FULL EMPRESA;726;CANAL RURAL;SD;EDUCATIVO
PERU;CORPORATIVO;FULL EMPRESA;727;CABLE NOTICIAS;SD;NOTICIAS
PERU;CORPORATIVO;FULL EMPRESA;730;NATIONAL GEOGRAPHIC;SD;CIENCIA Y CULTURA
PERU;CORPORATIVO;FULL EMPRESA;732;DISCOVERY;SD;CIENCIA Y CULTURA
PERU;CORPORATIVO;FULL EMPRESA;734;ANIMAL PLANET;SD;CIENCIA Y CULTURA
PERU;CORPORATIVO;FULL EMPRESA;740;TLC;SD;HOGAR Y VARIEDADES
PERU;CORPORATIVO;FULL EMPRESA;742;HISTORY;SD;CIENCIA Y CULTURA
PERU;CORPORATIVO;FULL EMPRESA;744;HISTORY 2;SD;CIENCIA Y CULTURA
PERU;CORPORATIVO;FULL EMPRESA;760;UNIVISION;SD;NACIONAL
PERU;CORPORATIVO;FULL EMPRESA;762;ANTENA 3;SD;NACIONAL
PERU;CORPORATIVO;FULL EMPRESA;764;FRANCE 24;SD;NOTICIAS
PERU;CORPORATIVO;FULL EMPRESA;766;RAI ITALIA;SD;NACIONAL
PERU;CORPORATIVO;FULL EMPRESA;768;BBC WORLD NEWS;SD;NOTICIAS
PERU;CORPORATIVO;FULL EMPRESA;770;DW LATINOAMÉRICA;SD;NOTICIAS
PERU;CORPORATIVO;FULL EMPRESA;772;CARACOL;SD;NACIONAL
PERU;CORPORATIVO;FULL EMPRESA;773;EL TIEMPO;SD;NOTICIAS
PERU;CORPORATIVO;FULL EMPRESA;774;TV CHILE;SD;NACIONAL
PERU;CORPORATIVO;FULL EMPRESA;775;RCN NUESTRA TELE;SD;NACIONAL
PERU;CORPORATIVO;FULL EMPRESA;776;GLOBO INTERNACIONAL;SD;NACIONAL
PERU;CORPORATIVO;FULL EMPRESA;778;RTP INTERNACIONAL;SD;NACIONAL
PERU;CORPORATIVO;FULL EMPRESA;782;NHK WORLD;SD;NOTICIAS
PERU;CORPORATIVO;FULL EMPRESA;784;EL TRECE;SD;NACIONAL
PERU;CORPORATIVO;FULL EMPRESA;786;TELEFE INTERNACIONAL;SD;NACIONAL
PERU;CORPORATIVO;FULL EMPRESA;790;CGTN ESPAÑOL;SD;NOTICIAS
PERU;CORPORATIVO;FULL EMPRESA;804;ESCUELA+;SD;EDUCATIVO
PERU;CORPORATIVO;FULL EMPRESA;901;DSPORTS RADIO;RADIO;DEPORTES
PERU;CORPORATIVO;FULL EMPRESA;980;UNIÓN RADIO NOTICIAS;RADIO;AUDIO
PERU;CORPORATIVO;FULL EMPRESA;982;RADIO CARACOL;RADIO;AUDIO
PERU;CORPORATIVO;FULL EMPRESA;984;RADIO FRANCE INTERNACIONAL;RADIO;AUDIO
PERU;CORPORATIVO;FULL EMPRESA;986;RADIO OXIGENO;RADIO;AUDIO
PERU;CORPORATIVO;FULL EMPRESA;987;RADIO STUDIO 92;RADIO;AUDIO
PERU;CORPORATIVO;FULL EMPRESA;988;RADIO MODA;RADIO;AUDIO
PERU;CORPORATIVO;FULL EMPRESA;992;RADIO ALERTA BOGOTÁ;RADIO;AUDIO
PERU;CORPORATIVO;FULL EMPRESA;993;RADIO W;RADIO;AUDIO
PERU;CORPORATIVO;FULL EMPRESA (HD);100;CANAL 100;SD;INFORMATIVO
PERU;CORPORATIVO;FULL EMPRESA (HD);100;INFORMACIÓN DIRECTV;SD;INFORMATIVO
PERU;CORPORATIVO;FULL EMPRESA (HD);127;DSHOW;SD;HOGAR Y VARIEDADES
PERU;CORPORATIVO;FULL EMPRESA (HD);190;EXITOSA;SD;NOTICIAS
PERU;CORPORATIVO;FULL EMPRESA (HD);192;LATINA;SD;NACIONAL
PERU;CORPORATIVO;FULL EMPRESA (HD);193;EL CONGRESO;SD;INFORMATIVO
PERU;CORPORATIVO;FULL EMPRESA (HD);194;AMÉRICA TELEVISION;SD;NACIONAL
PERU;CORPORATIVO;FULL EMPRESA (HD);195;PANAMERICANA;SD;NACIONAL
PERU;CORPORATIVO;FULL EMPRESA (HD);196;ATV+;SD;NOTICIAS
PERU;CORPORATIVO;FULL EMPRESA (HD);197;TV PERÚ;SD;NACIONAL
PERU;CORPORATIVO;FULL EMPRESA (HD);198;GLOBAL;SD;NACIONAL
PERU;CORPORATIVO;FULL EMPRESA (HD);199;ATV;SD;NACIONAL
PERU;CORPORATIVO;FULL EMPRESA (HD);202;STAR CHANNEL;SD;SERIES Y PELICULAS
PERU;CORPORATIVO;FULL EMPRESA (HD);206;WARNER;SD;SERIES Y PELICULAS
PERU;CORPORATIVO;FULL EMPRESA (HD);207;A&E MUNDO;SD;SERIES Y PELICULAS
PERU;CORPORATIVO;FULL EMPRESA (HD);208;SONY;SD;SERIES Y PELICULAS
PERU;CORPORATIVO;FULL EMPRESA (HD);209;AXN;SD;SERIES Y PELICULAS
PERU;CORPORATIVO;FULL EMPRESA (HD);210;AMC;SD;SERIES Y PELICULAS
PERU;CORPORATIVO;FULL EMPRESA (HD);213;TNT SERIES;SD;SERIES Y PELICULAS
PERU;CORPORATIVO;FULL EMPRESA (HD);214;ATRES SERIES;SD;SERIES Y PELICULAS
PERU;CORPORATIVO;FULL EMPRESA (HD);215;COMEDY CENTRAL;SD;SERIES Y PELICULAS
PERU;CORPORATIVO;FULL EMPRESA (HD);216;TNT NOVELAS;SD;TELENOVELAS
PERU;CORPORATIVO;FULL EMPRESA (HD);217;FX;SD;SERIES Y PELICULAS
PERU;CORPORATIVO;FULL EMPRESA (HD);218;UNIVERSAL;SD;SERIES Y PELICULAS
PERU;CORPORATIVO;FULL EMPRESA (HD);219;USA;SD;SERIES Y PELICULAS
PERU;CORPORATIVO;FULL EMPRESA (HD);221;¡HOLA! TV;SD;HOGAR Y VARIEDADES
PERU;CORPORATIVO;FULL EMPRESA (HD);222;E!;SD;HOGAR Y VARIEDADES
PERU;CORPORATIVO;FULL EMPRESA (HD);223;ID;SD;CIENCIA Y CULTURA
PERU;CORPORATIVO;FULL EMPRESA (HD);226;LAS ESTRELLAS;SD;NACIONAL
PERU;CORPORATIVO;FULL EMPRESA (HD);227;TL NOVELAS;SD;TELENOVELAS
PERU;CORPORATIVO;FULL EMPRESA (HD);228;LIFETIME;SD;SERIES Y PELICULAS
PERU;CORPORATIVO;FULL EMPRESA (HD);229;DISCOVERY HOME & HEALTH;SD;HOGAR Y VARIEDADES
PERU;CORPORATIVO;FULL EMPRESA (HD);230;AMC SERIES;SD;SERIES Y PELICULAS
PERU;CORPORATIVO;FULL EMPRESA (HD);231;TELEMUNDO;SD;TELENOVELAS
PERU;CORPORATIVO;FULL EMPRESA (HD);232;EL GOURMET;SD;GASTRONÓMICO
PERU;CORPORATIVO;FULL EMPRESA (HD);233;FOOD NETWORK;SD;GASTRONÓMICO
PERU;CORPORATIVO;FULL EMPRESA (HD);240;CARAS TV;SD;HOGAR Y VARIEDADES
PERU;CORPORATIVO;FULL EMPRESA (HD);264;MTV;SD;MUSICAL
PERU;CORPORATIVO;FULL EMPRESA (HD);269;QUIERO MÚSICA EN MI IDIOMA;SD;MUSICAL
PERU;CORPORATIVO;FULL EMPRESA (HD);304;CARTOON NETWORK;SD;INFANTIL
PERU;CORPORATIVO;FULL EMPRESA (HD);308;NICKELODEON;SD;INFANTIL
PERU;CORPORATIVO;FULL EMPRESA (HD);309;NICK JR.;SD;INFANTIL
PERU;CORPORATIVO;FULL EMPRESA (HD);312;DISNEY CHANNEL;SD;INFANTIL
PERU;CORPORATIVO;FULL EMPRESA (HD);315;DISNEY JUNIOR;SD;INFANTIL
PERU;CORPORATIVO;FULL EMPRESA (HD);317;BABY TV HD;SD;INFANTIL
PERU;CORPORATIVO;FULL EMPRESA (HD);318;PLIM PLIM;SD;INFANTIL
PERU;CORPORATIVO;FULL EMPRESA (HD);319;EL REINO INFANTIL;SD;INFANTIL
PERU;CORPORATIVO;FULL EMPRESA (HD);330;DISCOVERY KIDS;SD;INFANTIL
PERU;CORPORATIVO;FULL EMPRESA (HD);334;CARTOONITO;SD;INFANTIL
PERU;CORPORATIVO;FULL EMPRESA (HD);350;EWTN;SD;RELIGIOSO
PERU;CORPORATIVO;FULL EMPRESA (HD);351;ORBE 21;SD;RELIGIOSO
PERU;CORPORATIVO;FULL EMPRESA (HD);352;TBN ENLACE;SD;RELIGIOSO
PERU;CORPORATIVO;FULL EMPRESA (HD);354;CANAL LUZ;SD;RELIGIOSO
PERU;CORPORATIVO;FULL EMPRESA (HD);502;TNT;SD;SERIES Y PELICULAS
PERU;CORPORATIVO;FULL EMPRESA (HD);506;SONY MOVIES;SD;SERIES Y PELICULAS
PERU;CORPORATIVO;FULL EMPRESA (HD);507;CINECANAL;SD;SERIES Y PELICULAS
PERU;CORPORATIVO;FULL EMPRESA (HD);508;STUDIO UNIVERSAL;SD;SERIES Y PELICULAS
PERU;CORPORATIVO;FULL EMPRESA (HD);509;CINEMAX;SD;SERIES Y PELICULAS
PERU;CORPORATIVO;FULL EMPRESA (HD);510;MÓRBIDO TV;SD;SERIES Y PELICULAS
PERU;CORPORATIVO;FULL EMPRESA (HD);513;DHE;SD;SERIES Y PELICULAS
PERU;CORPORATIVO;FULL EMPRESA (HD);517;GOLDEN EDGE;SD;SERIES Y PELICULAS
PERU;CORPORATIVO;FULL EMPRESA (HD);518;SPACE;SD;SERIES Y PELICULAS
PERU;CORPORATIVO;FULL EMPRESA (HD);524;HBO;SD;SERIES Y PELICULAS
PERU;CORPORATIVO;FULL EMPRESA (HD);603;L1;SD;DEPORTES
PERU;CORPORATIVO;FULL EMPRESA (HD);610;DSPORTS;SD;DEPORTES
PERU;CORPORATIVO;FULL EMPRESA (HD);612;DSPORTS 2;SD;DEPORTES
PERU;CORPORATIVO;FULL EMPRESA (HD);613;DSPORTS +;SD;DEPORTES
PERU;CORPORATIVO;FULL EMPRESA (HD);621;ESPN;SD;DEPORTES
PERU;CORPORATIVO;FULL EMPRESA (HD);622;ESPN 2;SD;DEPORTES
PERU;CORPORATIVO;FULL EMPRESA (HD);623;ESPN 3;SD;DEPORTES
PERU;CORPORATIVO;FULL EMPRESA (HD);625;ESPN 5;SD;DEPORTES
PERU;CORPORATIVO;FULL EMPRESA (HD);626;ESPN 6;SD;DEPORTES
PERU;CORPORATIVO;FULL EMPRESA (HD);627;ESPN 7;SD;DEPORTES
PERU;CORPORATIVO;FULL EMPRESA (HD);628;GOLF CHANNEL LATIN AMERICA;SD;DEPORTES
PERU;CORPORATIVO;FULL EMPRESA (HD);629;TYC SPORTS;SD;DEPORTES
PERU;CORPORATIVO;FULL EMPRESA (HD);700;DNEWS;SD;NOTICIAS
PERU;CORPORATIVO;FULL EMPRESA (HD);704;CNN EN ESPAÑOL;SD;NOTICIAS
PERU;CORPORATIVO;FULL EMPRESA (HD);706;CNN INTERNATIONAL;SD;NOTICIAS
PERU;CORPORATIVO;FULL EMPRESA (HD);707;CNN CHILE;SD;NOTICIAS
PERU;CORPORATIVO;FULL EMPRESA (HD);708;TVN 24 HORAS;SD;NOTICIAS
PERU;CORPORATIVO;FULL EMPRESA (HD);710;BLOOMBERG;SD;NOTICIAS
PERU;CORPORATIVO;FULL EMPRESA (HD);715;AMÉRICA;SD;NACIONAL
PERU;CORPORATIVO;FULL EMPRESA (HD);716;TODO NOTICIAS;SD;NOTICIAS
PERU;CORPORATIVO;FULL EMPRESA (HD);720;26NOTICIAS;SD;NOTICIAS
PERU;CORPORATIVO;FULL EMPRESA (HD);725;NTN 24;SD;NOTICIAS
PERU;CORPORATIVO;FULL EMPRESA (HD);726;CANAL RURAL;SD;EDUCATIVO
PERU;CORPORATIVO;FULL EMPRESA (HD);727;CABLE NOTICIAS;SD;NOTICIAS
PERU;CORPORATIVO;FULL EMPRESA (HD);730;NATIONAL GEOGRAPHIC;SD;CIENCIA Y CULTURA
PERU;CORPORATIVO;FULL EMPRESA (HD);732;DISCOVERY;SD;CIENCIA Y CULTURA
PERU;CORPORATIVO;FULL EMPRESA (HD);734;ANIMAL PLANET;SD;CIENCIA Y CULTURA
PERU;CORPORATIVO;FULL EMPRESA (HD);740;TLC;SD;HOGAR Y VARIEDADES
PERU;CORPORATIVO;FULL EMPRESA (HD);742;HISTORY;SD;CIENCIA Y CULTURA
PERU;CORPORATIVO;FULL EMPRESA (HD);744;HISTORY 2;SD;CIENCIA Y CULTURA
PERU;CORPORATIVO;FULL EMPRESA (HD);760;UNIVISION;SD;NACIONAL
PERU;CORPORATIVO;FULL EMPRESA (HD);762;ANTENA 3;SD;NACIONAL
PERU;CORPORATIVO;FULL EMPRESA (HD);764;FRANCE 24;SD;NOTICIAS
PERU;CORPORATIVO;FULL EMPRESA (HD);766;RAI ITALIA;SD;NACIONAL
PERU;CORPORATIVO;FULL EMPRESA (HD);768;BBC WORLD NEWS;SD;NOTICIAS
PERU;CORPORATIVO;FULL EMPRESA (HD);770;DW LATINOAMÉRICA;SD;NOTICIAS
PERU;CORPORATIVO;FULL EMPRESA (HD);772;CARACOL;SD;NACIONAL
PERU;CORPORATIVO;FULL EMPRESA (HD);773;EL TIEMPO;SD;NOTICIAS
PERU;CORPORATIVO;FULL EMPRESA (HD);774;TV CHILE;SD;NACIONAL
PERU;CORPORATIVO;FULL EMPRESA (HD);775;RCN NUESTRA TELE;SD;NACIONAL
PERU;CORPORATIVO;FULL EMPRESA (HD);776;GLOBO INTERNACIONAL;SD;NACIONAL
PERU;CORPORATIVO;FULL EMPRESA (HD);778;RTP INTERNACIONAL;SD;NACIONAL
PERU;CORPORATIVO;FULL EMPRESA (HD);782;NHK WORLD;SD;NOTICIAS
PERU;CORPORATIVO;FULL EMPRESA (HD);784;EL TRECE;SD;NACIONAL
PERU;CORPORATIVO;FULL EMPRESA (HD);786;TELEFE INTERNACIONAL;SD;NACIONAL
PERU;CORPORATIVO;FULL EMPRESA (HD);790;CGTN ESPAÑOL;SD;NOTICIAS
PERU;CORPORATIVO;FULL EMPRESA (HD);804;ESCUELA+;SD;EDUCATIVO
PERU;CORPORATIVO;FULL EMPRESA (HD);901;DSPORTS RADIO;RADIO;DEPORTES
PERU;CORPORATIVO;FULL EMPRESA (HD);980;UNIÓN RADIO NOTICIAS;RADIO;AUDIO
PERU;CORPORATIVO;FULL EMPRESA (HD);982;RADIO CARACOL;RADIO;AUDIO
PERU;CORPORATIVO;FULL EMPRESA (HD);984;RADIO FRANCE INTERNACIONAL;RADIO;AUDIO
PERU;CORPORATIVO;FULL EMPRESA (HD);986;RADIO OXIGENO;RADIO;AUDIO
PERU;CORPORATIVO;FULL EMPRESA (HD);987;RADIO STUDIO 92;RADIO;AUDIO
PERU;CORPORATIVO;FULL EMPRESA (HD);988;RADIO MODA;RADIO;AUDIO
PERU;CORPORATIVO;FULL EMPRESA (HD);992;RADIO ALERTA BOGOTÁ;RADIO;AUDIO
PERU;CORPORATIVO;FULL EMPRESA (HD);993;RADIO W;RADIO;AUDIO
PERU;CORPORATIVO;FULL EMPRESA (HD);1127;DSHOW;HD;HOGAR Y VARIEDADES
PERU;CORPORATIVO;FULL EMPRESA (HD);1189;RPP;HD;NOTICIAS
PERU;CORPORATIVO;FULL EMPRESA (HD);1190;TV PERÚ NOTICIAS HD;HD;NOTICIAS
PERU;CORPORATIVO;FULL EMPRESA (HD);1191;WILLAX HD;HD;DEPORTES
PERU;CORPORATIVO;FULL EMPRESA (HD);1192;LATINA HD;HD;NACIONAL
PERU;CORPORATIVO;FULL EMPRESA (HD);1193;A LA COCINA;HD;GASTRONÓMICO
PERU;CORPORATIVO;FULL EMPRESA (HD);1194;AMÉRICA TELEVISION HD;HD;NACIONAL
PERU;CORPORATIVO;FULL EMPRESA (HD);1195;PANAMERICANA HD;HD;NACIONAL
PERU;CORPORATIVO;FULL EMPRESA (HD);1196;ATV+;HD;NOTICIAS
PERU;CORPORATIVO;FULL EMPRESA (HD);1197;TV PERÚ HD;HD;NACIONAL
PERU;CORPORATIVO;FULL EMPRESA (HD);1198;GLOBAL HD;HD;NACIONAL
PERU;CORPORATIVO;FULL EMPRESA (HD);1199;ATV9 HD;HD;NACIONAL
PERU;CORPORATIVO;FULL EMPRESA (HD);1204;STAR CHANNEL HD;HD;SERIES Y PELICULAS
PERU;CORPORATIVO;FULL EMPRESA (HD);1206;WARNER HD;HD;SERIES Y PELICULAS
PERU;CORPORATIVO;FULL EMPRESA (HD);1207;A&E MUNDO HD;HD;SERIES Y PELICULAS
PERU;CORPORATIVO;FULL EMPRESA (HD);1208;SONY HD;HD;SERIES Y PELICULAS
PERU;CORPORATIVO;FULL EMPRESA (HD);1209;AXN HD;HD;SERIES Y PELICULAS
PERU;CORPORATIVO;FULL EMPRESA (HD);1210;AMC HD;HD;SERIES Y PELICULAS
PERU;CORPORATIVO;FULL EMPRESA (HD);1213;TNT SERIES HD;HD;SERIES Y PELICULAS
PERU;CORPORATIVO;FULL EMPRESA (HD);1214;ATRES SERIES HD;HD;SERIES Y PELICULAS
PERU;CORPORATIVO;FULL EMPRESA (HD);1215;COMEDY CENTRAL HD;HD;SERIES Y PELICULAS
PERU;CORPORATIVO;FULL EMPRESA (HD);1217;FX HD;HD;SERIES Y PELICULAS
PERU;CORPORATIVO;FULL EMPRESA (HD);1218;UNIVERSAL HD;HD;SERIES Y PELICULAS
PERU;CORPORATIVO;FULL EMPRESA (HD);1219;USA HD;HD;SERIES Y PELICULAS
PERU;CORPORATIVO;FULL EMPRESA (HD);1221;¡HOLA! TV HD;HD;HOGAR Y VARIEDADES
PERU;CORPORATIVO;FULL EMPRESA (HD);1222;E! HD;HD;HOGAR Y VARIEDADES
PERU;CORPORATIVO;FULL EMPRESA (HD);1223;ID HD;HD;CIENCIA Y CULTURA
PERU;CORPORATIVO;FULL EMPRESA (HD);1228;LIFETIME HD;HD;SERIES Y PELICULAS
PERU;CORPORATIVO;FULL EMPRESA (HD);1229;DISCOVERY HOME & HEALTH HD;HD;HOGAR Y VARIEDADES
PERU;CORPORATIVO;FULL EMPRESA (HD);1232;EL GOURMET;HD;GASTRONÓMICO
PERU;CORPORATIVO;FULL EMPRESA (HD);1233;FOOD NETWORK HD;HD;GASTRONÓMICO
PERU;CORPORATIVO;FULL EMPRESA (HD);1236;VEPLUS;HD;HOGAR Y VARIEDADES
PERU;CORPORATIVO;FULL EMPRESA (HD);1264;MTV HD;HD;MUSICAL
PERU;CORPORATIVO;FULL EMPRESA (HD);1265;MUSIC TOP HD;HD;MUSICAL
PERU;CORPORATIVO;FULL EMPRESA (HD);1266;TIERRA MÍA HD;HD;CIENCIA Y CULTURA
PERU;CORPORATIVO;FULL EMPRESA (HD);1273;INTI HD;HD;EDUCATIVO
PERU;CORPORATIVO;FULL EMPRESA (HD);1302;ESCUELA+;HD;EDUCATIVO
PERU;CORPORATIVO;FULL EMPRESA (HD);1304;CARTOON NETWORK HD;HD;INFANTIL
PERU;CORPORATIVO;FULL EMPRESA (HD);1308;NICKELODEON HD;HD;INFANTIL
PERU;CORPORATIVO;FULL EMPRESA (HD);1309;NICK JR. HD;HD;INFANTIL
PERU;CORPORATIVO;FULL EMPRESA (HD);1312;DISNEY CHANNEL HD;HD;INFANTIL
PERU;CORPORATIVO;FULL EMPRESA (HD);1315;DISNEY JUNIOR HD;HD;INFANTIL
PERU;CORPORATIVO;FULL EMPRESA (HD);1318;PLIM PLIM HD;HD;INFANTIL
PERU;CORPORATIVO;FULL EMPRESA (HD);1319;EL REINO INFANTIL HD;HD;INFANTIL
PERU;CORPORATIVO;FULL EMPRESA (HD);1330;DISCOVERY KIDS HD;HD;INFANTIL
PERU;CORPORATIVO;FULL EMPRESA (HD);1502;TNT HD;HD;SERIES Y PELICULAS
PERU;CORPORATIVO;FULL EMPRESA (HD);1507;CINECANAL HD;HD;SERIES Y PELICULAS
PERU;CORPORATIVO;FULL EMPRESA (HD);1508;STUDIO UNIVERSAL HD;HD;SERIES Y PELICULAS
PERU;CORPORATIVO;FULL EMPRESA (HD);1509;CINEMAX HD;HD;SERIES Y PELICULAS
PERU;CORPORATIVO;FULL EMPRESA (HD);1510;MÓRBIDO TV HD;HD;SERIES Y PELICULAS
PERU;CORPORATIVO;FULL EMPRESA (HD);1513;DHE HD;HD;SERIES Y PELICULAS
PERU;CORPORATIVO;FULL EMPRESA (HD);1518;SPACE HD;HD;SERIES Y PELICULAS
PERU;CORPORATIVO;FULL EMPRESA (HD);1603;L1;HD;DEPORTES
PERU;CORPORATIVO;FULL EMPRESA (HD);1610;DSPORTS HD;HD;DEPORTES
PERU;CORPORATIVO;FULL EMPRESA (HD);1612;DSPORTS 2 HD;HD;DEPORTES
PERU;CORPORATIVO;FULL EMPRESA (HD);1613;DSPORTS + HD;HD;DEPORTES
PERU;CORPORATIVO;FULL EMPRESA (HD);1621;ESPN HD;HD;DEPORTES
PERU;CORPORATIVO;FULL EMPRESA (HD);1622;ESPN 2 HD;HD;DEPORTES
PERU;CORPORATIVO;FULL EMPRESA (HD);1623;ESPN 3 HD;HD;DEPORTES
PERU;CORPORATIVO;FULL EMPRESA (HD);1624;ESPN 4 HD;HD;DEPORTES
PERU;CORPORATIVO;FULL EMPRESA (HD);1625;ESPN 5;HD;DEPORTES
PERU;CORPORATIVO;FULL EMPRESA (HD);1626;ESPN 6;HD;DEPORTES
PERU;CORPORATIVO;FULL EMPRESA (HD);1627;ESPN 7 HD;HD;DEPORTES
PERU;CORPORATIVO;FULL EMPRESA (HD);1628;GOLF CHANNEL HD;HD;DEPORTES
PERU;CORPORATIVO;FULL EMPRESA (HD);1629;TYC SPORTS;HD;DEPORTES
PERU;CORPORATIVO;FULL EMPRESA (HD);1639;PX SPORTS;HD;DEPORTES
PERU;CORPORATIVO;FULL EMPRESA (HD);1700;DNEWS;HD;NOTICIAS
PERU;CORPORATIVO;FULL EMPRESA (HD);1730;NATIONAL GEOGRAPHIC HD;HD;CIENCIA Y CULTURA
PERU;CORPORATIVO;FULL EMPRESA (HD);1731;DISCOVERY THEATER HD;HD;CIENCIA Y CULTURA
PERU;CORPORATIVO;FULL EMPRESA (HD);1732;DISCOVERY HD;HD;CIENCIA Y CULTURA
PERU;CORPORATIVO;FULL EMPRESA (HD);1734;ANIMAL PLANET HD;HD;CIENCIA Y CULTURA
PERU;CORPORATIVO;FULL EMPRESA (HD);1738;DISCOVERY WORLD HD;HD;CIENCIA Y CULTURA
PERU;CORPORATIVO;FULL EMPRESA (HD);1740;TLC;HD;HOGAR Y VARIEDADES
PERU;CORPORATIVO;FULL EMPRESA (HD);1742;HISTORY HD;HD;CIENCIA Y CULTURA
PERU;CORPORATIVO;FULL EMPRESA (HD);1744;HISTORY 2 HD;HD;CIENCIA Y CULTURA
PERU;CORPORATIVO;FULL EMPRESA (HD);1762;ANTENA 3 HD;HD;NACIONAL
PERU;CORPORATIVO;HBO EMPRESA;525;HBO 2;SD;SERIES Y PELICULAS
PERU;CORPORATIVO;HBO EMPRESA;526;HBO PLUS;SD;SERIES Y PELICULAS
PERU;CORPORATIVO;HBO EMPRESA;534;HBO FAMILY;SD;SERIES Y PELICULAS
PERU;CORPORATIVO;HBO EMPRESA;540;HBO MUNDI;SD;SERIES Y PELICULAS
PERU;CORPORATIVO;HBO EMPRESA;541;HBO POP;SD;SERIES Y PELICULAS
PERU;CORPORATIVO;HBO EMPRESA;764;FRANCE 24;SD;NOTICIAS
PERU;CORPORATIVO;HEADEND CORP 40 (HD);1190;TV PERÚ NOTICIAS HD;HD;NOTICIAS
PERU;CORPORATIVO;HEADEND CORP 40 (HD);1191;WILLAX HD;HD;DEPORTES
PERU;CORPORATIVO;HEADEND CORP 40 (HD);1192;LATINA HD;HD;NACIONAL
PERU;CORPORATIVO;HEADEND CORP 40 (HD);1193;A LA COCINA;HD;GASTRONÓMICO
PERU;CORPORATIVO;HEADEND CORP 40 (HD);1194;AMÉRICA TELEVISION HD;HD;NACIONAL
PERU;CORPORATIVO;HEADEND CORP 40 (HD);1195;PANAMERICANA HD;HD;NACIONAL
PERU;CORPORATIVO;HEADEND CORP 40 (HD);1196;ATV+;HD;NOTICIAS
PERU;CORPORATIVO;HEADEND CORP 40 (HD);1197;TV PERÚ HD;HD;NACIONAL
PERU;CORPORATIVO;HEADEND CORP 40 (HD);1198;GLOBAL HD;HD;NACIONAL
PERU;CORPORATIVO;HEADEND CORP 40 (HD);1199;ATV9 HD;HD;NACIONAL
PERU;CORPORATIVO;HEADEND CORP 40 (HD);1204;STAR CHANNEL HD;HD;SERIES Y PELICULAS
PERU;CORPORATIVO;HEADEND CORP 40 (HD);1206;WARNER HD;HD;SERIES Y PELICULAS
PERU;CORPORATIVO;HEADEND CORP 40 (HD);1207;A&E MUNDO HD;HD;SERIES Y PELICULAS
PERU;CORPORATIVO;HEADEND CORP 40 (HD);1208;SONY HD;HD;SERIES Y PELICULAS
PERU;CORPORATIVO;HEADEND CORP 40 (HD);1217;FX HD;HD;SERIES Y PELICULAS
PERU;CORPORATIVO;HEADEND CORP 40 (HD);1218;UNIVERSAL HD;HD;SERIES Y PELICULAS
PERU;CORPORATIVO;HEADEND CORP 40 (HD);1222;E! HD;HD;HOGAR Y VARIEDADES
PERU;CORPORATIVO;HEADEND CORP 40 (HD);1229;DISCOVERY HOME & HEALTH HD;HD;HOGAR Y VARIEDADES
PERU;CORPORATIVO;HEADEND CORP 40 (HD);1264;MTV HD;HD;MUSICAL
PERU;CORPORATIVO;HEADEND CORP 40 (HD);1304;CARTOON NETWORK HD;HD;INFANTIL
PERU;CORPORATIVO;HEADEND CORP 40 (HD);1308;NICKELODEON HD;HD;INFANTIL
PERU;CORPORATIVO;HEADEND CORP 40 (HD);1312;DISNEY CHANNEL HD;HD;INFANTIL
PERU;CORPORATIVO;HEADEND CORP 40 (HD);1315;DISNEY JUNIOR HD;HD;INFANTIL
PERU;CORPORATIVO;HEADEND CORP 40 (HD);1330;DISCOVERY KIDS HD;HD;INFANTIL
PERU;CORPORATIVO;HEADEND CORP 40 (HD);1502;TNT HD;HD;SERIES Y PELICULAS
PERU;CORPORATIVO;HEADEND CORP 40 (HD);1507;CINECANAL HD;HD;SERIES Y PELICULAS
PERU;CORPORATIVO;HEADEND CORP 40 (HD);1508;STUDIO UNIVERSAL HD;HD;SERIES Y PELICULAS
PERU;CORPORATIVO;HEADEND CORP 40 (HD);1610;DSPORTS HD;HD;DEPORTES
PERU;CORPORATIVO;HEADEND CORP 40 (HD);1612;DSPORTS 2 HD;HD;DEPORTES
PERU;CORPORATIVO;HEADEND CORP 40 (HD);1613;DSPORTS + HD;HD;DEPORTES
PERU;CORPORATIVO;HEADEND CORP 40 (HD);1621;ESPN HD;HD;DEPORTES
PERU;CORPORATIVO;HEADEND CORP 40 (HD);1622;ESPN 2 HD;HD;DEPORTES
PERU;CORPORATIVO;HEADEND CORP 40 (HD);1623;ESPN 3 HD;HD;DEPORTES
PERU;CORPORATIVO;HEADEND CORP 40 (HD);1625;ESPN 5;HD;DEPORTES
PERU;CORPORATIVO;HEADEND CORP 40 (HD);1626;ESPN 6;HD;DEPORTES
PERU;CORPORATIVO;HEADEND CORP 40 (HD);1700;DNEWS;HD;NOTICIAS
PERU;CORPORATIVO;HEADEND CORP 40 (HD);1730;NATIONAL GEOGRAPHIC HD;HD;CIENCIA Y CULTURA
PERU;CORPORATIVO;HEADEND CORP 40 (HD);1732;DISCOVERY HD;HD;CIENCIA Y CULTURA
PERU;CORPORATIVO;HEADEND CORP 40 (HD);1734;ANIMAL PLANET HD;HD;CIENCIA Y CULTURA
PERU;CORPORATIVO;HEADEND CORP 40 (HD);1740;TLC;HD;HOGAR Y VARIEDADES
PERU;CORPORATIVO;HEADEND CORP 80 (HD);623;ESPN 3;SD;DEPORTES
PERU;CORPORATIVO;HEADEND CORP 80 (HD);704;CNN EN ESPAÑOL;SD;NOTICIAS
PERU;CORPORATIVO;HEADEND CORP 80 (HD);706;CNN INTERNATIONAL;SD;NOTICIAS
PERU;CORPORATIVO;HEADEND CORP 80 (HD);707;CNN CHILE;SD;NOTICIAS
PERU;CORPORATIVO;HEADEND CORP 80 (HD);708;TVN 24 HORAS;SD;NOTICIAS
PERU;CORPORATIVO;HEADEND CORP 80 (HD);710;BLOOMBERG;SD;NOTICIAS
PERU;CORPORATIVO;HEADEND CORP 80 (HD);716;TODO NOTICIAS;SD;NOTICIAS
PERU;CORPORATIVO;HEADEND CORP 80 (HD);720;26NOTICIAS;SD;NOTICIAS
PERU;CORPORATIVO;HEADEND CORP 80 (HD);725;NTN 24;SD;NOTICIAS
PERU;CORPORATIVO;HEADEND CORP 80 (HD);727;CABLE NOTICIAS;SD;NOTICIAS
PERU;CORPORATIVO;HEADEND CORP 80 (HD);766;RAI ITALIA;SD;NACIONAL
PERU;CORPORATIVO;HEADEND CORP 80 (HD);768;BBC WORLD NEWS;SD;NOTICIAS
PERU;CORPORATIVO;HEADEND CORP 80 (HD);770;DW LATINOAMÉRICA;SD;NOTICIAS
PERU;CORPORATIVO;HEADEND CORP 80 (HD);772;CARACOL;SD;NACIONAL
PERU;CORPORATIVO;HEADEND CORP 80 (HD);774;TV CHILE;SD;NACIONAL
PERU;CORPORATIVO;HEADEND CORP 80 (HD);776;GLOBO INTERNACIONAL;SD;NACIONAL
PERU;CORPORATIVO;HEADEND CORP 80 (HD);778;RTP INTERNACIONAL;SD;NACIONAL
PERU;CORPORATIVO;HEADEND CORP 80 (HD);782;NHK WORLD;SD;NOTICIAS
PERU;CORPORATIVO;HEADEND CORP 80 (HD);784;EL TRECE;SD;NACIONAL
PERU;CORPORATIVO;HEADEND CORP 80 (HD);786;TELEFE INTERNACIONAL;SD;NACIONAL
PERU;CORPORATIVO;HEADEND CORP 80 (HD);790;CGTN ESPAÑOL;SD;NOTICIAS
PERU;CORPORATIVO;HEADEND CORP 80 (HD);1190;TV PERÚ NOTICIAS HD;HD;NOTICIAS
PERU;CORPORATIVO;HEADEND CORP 80 (HD);1191;WILLAX HD;HD;DEPORTES
PERU;CORPORATIVO;HEADEND CORP 80 (HD);1192;LATINA HD;HD;NACIONAL
PERU;CORPORATIVO;HEADEND CORP 80 (HD);1194;AMÉRICA TELEVISION HD;HD;NACIONAL
PERU;CORPORATIVO;HEADEND CORP 80 (HD);1195;PANAMERICANA HD;HD;NACIONAL
PERU;CORPORATIVO;HEADEND CORP 80 (HD);1196;ATV+;HD;NOTICIAS
PERU;CORPORATIVO;HEADEND CORP 80 (HD);1197;TV PERÚ HD;HD;NACIONAL
PERU;CORPORATIVO;HEADEND CORP 80 (HD);1198;GLOBAL HD;HD;NACIONAL
PERU;CORPORATIVO;HEADEND CORP 80 (HD);1199;ATV9 HD;HD;NACIONAL
PERU;CORPORATIVO;HEADEND CORP 80 (HD);1204;STAR CHANNEL HD;HD;SERIES Y PELICULAS
PERU;CORPORATIVO;HEADEND CORP 80 (HD);1206;WARNER HD;HD;SERIES Y PELICULAS
PERU;CORPORATIVO;HEADEND CORP 80 (HD);1207;A&E MUNDO HD;HD;SERIES Y PELICULAS
PERU;CORPORATIVO;HEADEND CORP 80 (HD);1208;SONY HD;HD;SERIES Y PELICULAS
PERU;CORPORATIVO;HEADEND CORP 80 (HD);1209;AXN HD;HD;SERIES Y PELICULAS
PERU;CORPORATIVO;HEADEND CORP 80 (HD);1210;AMC HD;HD;SERIES Y PELICULAS
PERU;CORPORATIVO;HEADEND CORP 80 (HD);1213;TNT SERIES HD;HD;SERIES Y PELICULAS
PERU;CORPORATIVO;HEADEND CORP 80 (HD);1214;ATRES SERIES HD;HD;SERIES Y PELICULAS
PERU;CORPORATIVO;HEADEND CORP 80 (HD);1217;FX HD;HD;SERIES Y PELICULAS
PERU;CORPORATIVO;HEADEND CORP 80 (HD);1218;UNIVERSAL HD;HD;SERIES Y PELICULAS
PERU;CORPORATIVO;HEADEND CORP 80 (HD);1219;USA HD;HD;SERIES Y PELICULAS
PERU;CORPORATIVO;HEADEND CORP 80 (HD);1221;¡HOLA! TV HD;HD;HOGAR Y VARIEDADES
PERU;CORPORATIVO;HEADEND CORP 80 (HD);1222;E! HD;HD;HOGAR Y VARIEDADES
PERU;CORPORATIVO;HEADEND CORP 80 (HD);1223;ID HD;HD;CIENCIA Y CULTURA
PERU;CORPORATIVO;HEADEND CORP 80 (HD);1228;LIFETIME HD;HD;SERIES Y PELICULAS
PERU;CORPORATIVO;HEADEND CORP 80 (HD);1229;DISCOVERY HOME & HEALTH HD;HD;HOGAR Y VARIEDADES
PERU;CORPORATIVO;HEADEND CORP 80 (HD);1233;FOOD NETWORK HD;HD;GASTRONÓMICO
PERU;CORPORATIVO;HEADEND CORP 80 (HD);1264;MTV HD;HD;MUSICAL
PERU;CORPORATIVO;HEADEND CORP 80 (HD);1304;CARTOON NETWORK HD;HD;INFANTIL
PERU;CORPORATIVO;HEADEND CORP 80 (HD);1308;NICKELODEON HD;HD;INFANTIL
PERU;CORPORATIVO;HEADEND CORP 80 (HD);1312;DISNEY CHANNEL HD;HD;INFANTIL
PERU;CORPORATIVO;HEADEND CORP 80 (HD);1502;TNT HD;HD;SERIES Y PELICULAS
PERU;CORPORATIVO;HEADEND CORP 80 (HD);1507;CINECANAL HD;HD;SERIES Y PELICULAS
PERU;CORPORATIVO;HEADEND CORP 80 (HD);1508;STUDIO UNIVERSAL HD;HD;SERIES Y PELICULAS
PERU;CORPORATIVO;HEADEND CORP 80 (HD);1509;CINEMAX HD;HD;SERIES Y PELICULAS
PERU;CORPORATIVO;HEADEND CORP 80 (HD);1510;MÓRBIDO TV HD;HD;SERIES Y PELICULAS
PERU;CORPORATIVO;HEADEND CORP 80 (HD);1513;DHE HD;HD;SERIES Y PELICULAS
PERU;CORPORATIVO;HEADEND CORP 80 (HD);1518;SPACE HD;HD;SERIES Y PELICULAS
PERU;CORPORATIVO;HEADEND CORP 80 (HD);1610;DSPORTS HD;HD;DEPORTES
PERU;CORPORATIVO;HEADEND CORP 80 (HD);1612;DSPORTS 2 HD;HD;DEPORTES
PERU;CORPORATIVO;HEADEND CORP 80 (HD);1613;DSPORTS + HD;HD;DEPORTES
PERU;CORPORATIVO;HEADEND CORP 80 (HD);1621;ESPN HD;HD;DEPORTES
PERU;CORPORATIVO;HEADEND CORP 80 (HD);1622;ESPN 2 HD;HD;DEPORTES
PERU;CORPORATIVO;HEADEND CORP 80 (HD);1623;ESPN 3 HD;HD;DEPORTES
PERU;CORPORATIVO;HEADEND CORP 80 (HD);1624;ESPN 4 HD;HD;DEPORTES
PERU;CORPORATIVO;HEADEND CORP 80 (HD);1625;ESPN 5;HD;DEPORTES
PERU;CORPORATIVO;HEADEND CORP 80 (HD);1626;ESPN 6;HD;DEPORTES
PERU;CORPORATIVO;HEADEND CORP 80 (HD);1627;ESPN 7 HD;HD;DEPORTES
PERU;CORPORATIVO;HEADEND CORP 80 (HD);1628;GOLF CHANNEL HD;HD;DEPORTES
PERU;CORPORATIVO;HEADEND CORP 80 (HD);1629;TYC SPORTS;HD;DEPORTES
PERU;CORPORATIVO;HEADEND CORP 80 (HD);1639;PX SPORTS;HD;DEPORTES
PERU;CORPORATIVO;HEADEND CORP 80 (HD);1730;NATIONAL GEOGRAPHIC HD;HD;CIENCIA Y CULTURA
PERU;CORPORATIVO;HEADEND CORP 80 (HD);1731;DISCOVERY THEATER HD;HD;CIENCIA Y CULTURA
PERU;CORPORATIVO;HEADEND CORP 80 (HD);1732;DISCOVERY HD;HD;CIENCIA Y CULTURA
PERU;CORPORATIVO;HEADEND CORP 80 (HD);1734;ANIMAL PLANET HD;HD;CIENCIA Y CULTURA
PERU;CORPORATIVO;HEADEND CORP 80 (HD);1738;DISCOVERY WORLD HD;HD;CIENCIA Y CULTURA
PERU;CORPORATIVO;HEADEND CORP 80 (HD);1742;HISTORY HD;HD;CIENCIA Y CULTURA
PERU;CORPORATIVO;HEADEND CORP 80 (HD);1744;HISTORY 2 HD;HD;CIENCIA Y CULTURA
PERU;CORPORATIVO;HEADEND CORP 80 (HD);1762;ANTENA 3 HD;HD;NACIONAL
PERU;CORPORATIVO;HEADEND CORP 80 (HD);1764;FRANCE 24 HD;HD;NOTICIAS
PERU;CORPORATIVO;HUSTLER EMPRESA;469;XTSY;SD;HOGAR Y VARIEDADES
PERU;CORPORATIVO;HUSTLER EMPRESA;470;HUSTLER;SD;ADULTOS
PERU;CORPORATIVO;PLATA EMPRESA;100;CANAL 100;SD;INFORMATIVO
PERU;CORPORATIVO;PLATA EMPRESA;100;INFORMACIÓN DIRECTV;SD;INFORMATIVO
PERU;CORPORATIVO;PLATA EMPRESA;127;DSHOW;SD;HOGAR Y VARIEDADES
PERU;CORPORATIVO;PLATA EMPRESA;190;EXITOSA;SD;NOTICIAS
PERU;CORPORATIVO;PLATA EMPRESA;192;LATINA;SD;NACIONAL
PERU;CORPORATIVO;PLATA EMPRESA;193;EL CONGRESO;SD;INFORMATIVO
PERU;CORPORATIVO;PLATA EMPRESA;194;AMÉRICA TELEVISION;SD;NACIONAL
PERU;CORPORATIVO;PLATA EMPRESA;195;PANAMERICANA;SD;NACIONAL
PERU;CORPORATIVO;PLATA EMPRESA;196;ATV+;SD;NOTICIAS
PERU;CORPORATIVO;PLATA EMPRESA;197;TV PERÚ;SD;NACIONAL
PERU;CORPORATIVO;PLATA EMPRESA;198;GLOBAL;SD;NACIONAL
PERU;CORPORATIVO;PLATA EMPRESA;199;ATV;SD;NACIONAL
PERU;CORPORATIVO;PLATA EMPRESA;202;STAR CHANNEL;SD;SERIES Y PELICULAS
PERU;CORPORATIVO;PLATA EMPRESA;206;WARNER;SD;SERIES Y PELICULAS
PERU;CORPORATIVO;PLATA EMPRESA;207;A&E MUNDO;SD;SERIES Y PELICULAS
PERU;CORPORATIVO;PLATA EMPRESA;208;SONY;SD;SERIES Y PELICULAS
PERU;CORPORATIVO;PLATA EMPRESA;209;AXN;SD;SERIES Y PELICULAS
PERU;CORPORATIVO;PLATA EMPRESA;210;AMC;SD;SERIES Y PELICULAS
PERU;CORPORATIVO;PLATA EMPRESA;213;TNT SERIES;SD;SERIES Y PELICULAS
PERU;CORPORATIVO;PLATA EMPRESA;216;TNT NOVELAS;SD;TELENOVELAS
PERU;CORPORATIVO;PLATA EMPRESA;217;FX;SD;SERIES Y PELICULAS
PERU;CORPORATIVO;PLATA EMPRESA;218;UNIVERSAL;SD;SERIES Y PELICULAS
PERU;CORPORATIVO;PLATA EMPRESA;220;ADULT SWIM;SD;INFANTIL
PERU;CORPORATIVO;PLATA EMPRESA;221;¡HOLA! TV;SD;HOGAR Y VARIEDADES
PERU;CORPORATIVO;PLATA EMPRESA;222;E!;SD;HOGAR Y VARIEDADES
PERU;CORPORATIVO;PLATA EMPRESA;223;ID;SD;CIENCIA Y CULTURA
PERU;CORPORATIVO;PLATA EMPRESA;226;LAS ESTRELLAS;SD;NACIONAL
PERU;CORPORATIVO;PLATA EMPRESA;227;TL NOVELAS;SD;TELENOVELAS
PERU;CORPORATIVO;PLATA EMPRESA;229;DISCOVERY HOME & HEALTH;SD;HOGAR Y VARIEDADES
PERU;CORPORATIVO;PLATA EMPRESA;230;AMC SERIES;SD;SERIES Y PELICULAS
PERU;CORPORATIVO;PLATA EMPRESA;231;TELEMUNDO;SD;TELENOVELAS
PERU;CORPORATIVO;PLATA EMPRESA;232;EL GOURMET;SD;GASTRONÓMICO
PERU;CORPORATIVO;PLATA EMPRESA;233;FOOD NETWORK;SD;GASTRONÓMICO
PERU;CORPORATIVO;PLATA EMPRESA;240;CARAS TV;SD;HOGAR Y VARIEDADES
PERU;CORPORATIVO;PLATA EMPRESA;264;MTV;SD;MUSICAL
PERU;CORPORATIVO;PLATA EMPRESA;269;QUIERO MÚSICA EN MI IDIOMA;SD;MUSICAL
PERU;CORPORATIVO;PLATA EMPRESA;304;CARTOON NETWORK;SD;INFANTIL
PERU;CORPORATIVO;PLATA EMPRESA;308;NICKELODEON;SD;INFANTIL
PERU;CORPORATIVO;PLATA EMPRESA;309;NICK JR.;SD;INFANTIL
PERU;CORPORATIVO;PLATA EMPRESA;312;DISNEY CHANNEL;SD;INFANTIL
PERU;CORPORATIVO;PLATA EMPRESA;315;DISNEY JUNIOR;SD;INFANTIL
PERU;CORPORATIVO;PLATA EMPRESA;318;PLIM PLIM;SD;INFANTIL
PERU;CORPORATIVO;PLATA EMPRESA;319;EL REINO INFANTIL;SD;INFANTIL
PERU;CORPORATIVO;PLATA EMPRESA;330;DISCOVERY KIDS;SD;INFANTIL
PERU;CORPORATIVO;PLATA EMPRESA;334;CARTOONITO;SD;INFANTIL
PERU;CORPORATIVO;PLATA EMPRESA;350;EWTN;SD;RELIGIOSO
PERU;CORPORATIVO;PLATA EMPRESA;352;TBN ENLACE;SD;RELIGIOSO
PERU;CORPORATIVO;PLATA EMPRESA;354;CANAL LUZ;SD;RELIGIOSO
PERU;CORPORATIVO;PLATA EMPRESA;502;TNT;SD;SERIES Y PELICULAS
PERU;CORPORATIVO;PLATA EMPRESA;503;GOLDEN;SD;SERIES Y PELICULAS
PERU;CORPORATIVO;PLATA EMPRESA;506;SONY MOVIES;SD;SERIES Y PELICULAS
PERU;CORPORATIVO;PLATA EMPRESA;507;CINECANAL;SD;SERIES Y PELICULAS
PERU;CORPORATIVO;PLATA EMPRESA;508;STUDIO UNIVERSAL;SD;SERIES Y PELICULAS
PERU;CORPORATIVO;PLATA EMPRESA;509;CINEMAX;SD;SERIES Y PELICULAS
PERU;CORPORATIVO;PLATA EMPRESA;510;MÓRBIDO TV;SD;SERIES Y PELICULAS
PERU;CORPORATIVO;PLATA EMPRESA;516;DE PELÍCULA;SD;SERIES Y PELICULAS
PERU;CORPORATIVO;PLATA EMPRESA;517;GOLDEN EDGE;SD;SERIES Y PELICULAS
PERU;CORPORATIVO;PLATA EMPRESA;518;SPACE;SD;SERIES Y PELICULAS
PERU;CORPORATIVO;PLATA EMPRESA;603;L1;SD;DEPORTES
PERU;CORPORATIVO;PLATA EMPRESA;610;DSPORTS;SD;DEPORTES
PERU;CORPORATIVO;PLATA EMPRESA;612;DSPORTS 2;SD;DEPORTES
PERU;CORPORATIVO;PLATA EMPRESA;613;DSPORTS +;SD;DEPORTES
PERU;CORPORATIVO;PLATA EMPRESA;621;ESPN;SD;DEPORTES
PERU;CORPORATIVO;PLATA EMPRESA;622;ESPN 2;SD;DEPORTES
PERU;CORPORATIVO;PLATA EMPRESA;623;ESPN 3;SD;DEPORTES
PERU;CORPORATIVO;PLATA EMPRESA;625;ESPN 5;SD;DEPORTES
PERU;CORPORATIVO;PLATA EMPRESA;626;ESPN 6;SD;DEPORTES
PERU;CORPORATIVO;PLATA EMPRESA;627;ESPN 7;SD;DEPORTES
PERU;CORPORATIVO;PLATA EMPRESA;700;DNEWS;SD;NOTICIAS
PERU;CORPORATIVO;PLATA EMPRESA;704;CNN EN ESPAÑOL;SD;NOTICIAS
PERU;CORPORATIVO;PLATA EMPRESA;706;CNN INTERNATIONAL;SD;NOTICIAS
PERU;CORPORATIVO;PLATA EMPRESA;715;AMÉRICA;SD;NACIONAL
PERU;CORPORATIVO;PLATA EMPRESA;716;TODO NOTICIAS;SD;NOTICIAS
PERU;CORPORATIVO;PLATA EMPRESA;720;26NOTICIAS;SD;NOTICIAS
PERU;CORPORATIVO;PLATA EMPRESA;726;CANAL RURAL;SD;EDUCATIVO
PERU;CORPORATIVO;PLATA EMPRESA;730;NATIONAL GEOGRAPHIC;SD;CIENCIA Y CULTURA
PERU;CORPORATIVO;PLATA EMPRESA;732;DISCOVERY;SD;CIENCIA Y CULTURA
PERU;CORPORATIVO;PLATA EMPRESA;734;ANIMAL PLANET;SD;CIENCIA Y CULTURA
PERU;CORPORATIVO;PLATA EMPRESA;740;TLC;SD;HOGAR Y VARIEDADES
PERU;CORPORATIVO;PLATA EMPRESA;742;HISTORY;SD;CIENCIA Y CULTURA
PERU;CORPORATIVO;PLATA EMPRESA;744;HISTORY 2;SD;CIENCIA Y CULTURA
PERU;CORPORATIVO;PLATA EMPRESA;760;UNIVISION;SD;NACIONAL
PERU;CORPORATIVO;PLATA EMPRESA;762;ANTENA 3;SD;NACIONAL
PERU;CORPORATIVO;PLATA EMPRESA;764;FRANCE 24;SD;NOTICIAS
PERU;CORPORATIVO;PLATA EMPRESA;784;EL TRECE;SD;NACIONAL
PERU;CORPORATIVO;PLATA EMPRESA;786;TELEFE INTERNACIONAL;SD;NACIONAL
PERU;CORPORATIVO;PLATA EMPRESA;790;CGTN ESPAÑOL;SD;NOTICIAS
PERU;CORPORATIVO;PLATA EMPRESA;804;ESCUELA+;SD;EDUCATIVO
PERU;CORPORATIVO;PLATA EMPRESA;901;DSPORTS RADIO;RADIO;DEPORTES
PERU;CORPORATIVO;PLATA EMPRESA;980;UNIÓN RADIO NOTICIAS;RADIO;AUDIO
PERU;CORPORATIVO;PLATA EMPRESA;982;RADIO CARACOL;RADIO;AUDIO
PERU;CORPORATIVO;PLATA EMPRESA;984;RADIO FRANCE INTERNACIONAL;RADIO;AUDIO
PERU;CORPORATIVO;PLATA EMPRESA;986;RADIO OXIGENO;RADIO;AUDIO
PERU;CORPORATIVO;PLATA EMPRESA;987;RADIO STUDIO 92;RADIO;AUDIO
PERU;CORPORATIVO;PLATA EMPRESA;988;RADIO MODA;RADIO;AUDIO
PERU;CORPORATIVO;PLATA EMPRESA;992;RADIO ALERTA BOGOTÁ;RADIO;AUDIO
PERU;CORPORATIVO;PLATA EMPRESA;993;RADIO W;RADIO;AUDIO
PERU;CORPORATIVO;PLATA EMPRESA (HD);100;CANAL 100;SD;INFORMATIVO
PERU;CORPORATIVO;PLATA EMPRESA (HD);100;INFORMACIÓN DIRECTV;SD;INFORMATIVO
PERU;CORPORATIVO;PLATA EMPRESA (HD);127;DSHOW;SD;HOGAR Y VARIEDADES
PERU;CORPORATIVO;PLATA EMPRESA (HD);190;EXITOSA;SD;NOTICIAS
PERU;CORPORATIVO;PLATA EMPRESA (HD);192;LATINA;SD;NACIONAL
PERU;CORPORATIVO;PLATA EMPRESA (HD);193;EL CONGRESO;SD;INFORMATIVO
PERU;CORPORATIVO;PLATA EMPRESA (HD);194;AMÉRICA TELEVISION;SD;NACIONAL
PERU;CORPORATIVO;PLATA EMPRESA (HD);195;PANAMERICANA;SD;NACIONAL
PERU;CORPORATIVO;PLATA EMPRESA (HD);196;ATV+;SD;NOTICIAS
PERU;CORPORATIVO;PLATA EMPRESA (HD);197;TV PERÚ;SD;NACIONAL
PERU;CORPORATIVO;PLATA EMPRESA (HD);198;GLOBAL;SD;NACIONAL
PERU;CORPORATIVO;PLATA EMPRESA (HD);199;ATV;SD;NACIONAL
PERU;CORPORATIVO;PLATA EMPRESA (HD);202;STAR CHANNEL;SD;SERIES Y PELICULAS
PERU;CORPORATIVO;PLATA EMPRESA (HD);206;WARNER;SD;SERIES Y PELICULAS
PERU;CORPORATIVO;PLATA EMPRESA (HD);207;A&E MUNDO;SD;SERIES Y PELICULAS
PERU;CORPORATIVO;PLATA EMPRESA (HD);208;SONY;SD;SERIES Y PELICULAS
PERU;CORPORATIVO;PLATA EMPRESA (HD);209;AXN;SD;SERIES Y PELICULAS
PERU;CORPORATIVO;PLATA EMPRESA (HD);210;AMC;SD;SERIES Y PELICULAS
PERU;CORPORATIVO;PLATA EMPRESA (HD);213;TNT SERIES;SD;SERIES Y PELICULAS
PERU;CORPORATIVO;PLATA EMPRESA (HD);216;TNT NOVELAS;SD;TELENOVELAS
PERU;CORPORATIVO;PLATA EMPRESA (HD);217;FX;SD;SERIES Y PELICULAS
PERU;CORPORATIVO;PLATA EMPRESA (HD);218;UNIVERSAL;SD;SERIES Y PELICULAS
PERU;CORPORATIVO;PLATA EMPRESA (HD);220;ADULT SWIM;SD;INFANTIL
PERU;CORPORATIVO;PLATA EMPRESA (HD);221;¡HOLA! TV;SD;HOGAR Y VARIEDADES
PERU;CORPORATIVO;PLATA EMPRESA (HD);222;E!;SD;HOGAR Y VARIEDADES
PERU;CORPORATIVO;PLATA EMPRESA (HD);223;ID;SD;CIENCIA Y CULTURA
PERU;CORPORATIVO;PLATA EMPRESA (HD);226;LAS ESTRELLAS;SD;NACIONAL
PERU;CORPORATIVO;PLATA EMPRESA (HD);227;TL NOVELAS;SD;TELENOVELAS
PERU;CORPORATIVO;PLATA EMPRESA (HD);229;DISCOVERY HOME & HEALTH;SD;HOGAR Y VARIEDADES
PERU;CORPORATIVO;PLATA EMPRESA (HD);230;AMC SERIES;SD;SERIES Y PELICULAS
PERU;CORPORATIVO;PLATA EMPRESA (HD);231;TELEMUNDO;SD;TELENOVELAS
PERU;CORPORATIVO;PLATA EMPRESA (HD);232;EL GOURMET;SD;GASTRONÓMICO
PERU;CORPORATIVO;PLATA EMPRESA (HD);233;FOOD NETWORK;SD;GASTRONÓMICO
PERU;CORPORATIVO;PLATA EMPRESA (HD);240;CARAS TV;SD;HOGAR Y VARIEDADES
PERU;CORPORATIVO;PLATA EMPRESA (HD);264;MTV;SD;MUSICAL
PERU;CORPORATIVO;PLATA EMPRESA (HD);269;QUIERO MÚSICA EN MI IDIOMA;SD;MUSICAL
PERU;CORPORATIVO;PLATA EMPRESA (HD);304;CARTOON NETWORK;SD;INFANTIL
PERU;CORPORATIVO;PLATA EMPRESA (HD);308;NICKELODEON;SD;INFANTIL
PERU;CORPORATIVO;PLATA EMPRESA (HD);309;NICK JR.;SD;INFANTIL
PERU;CORPORATIVO;PLATA EMPRESA (HD);312;DISNEY CHANNEL;SD;INFANTIL
PERU;CORPORATIVO;PLATA EMPRESA (HD);315;DISNEY JUNIOR;SD;INFANTIL
PERU;CORPORATIVO;PLATA EMPRESA (HD);318;PLIM PLIM;SD;INFANTIL
PERU;CORPORATIVO;PLATA EMPRESA (HD);319;EL REINO INFANTIL;SD;INFANTIL
PERU;CORPORATIVO;PLATA EMPRESA (HD);330;DISCOVERY KIDS;SD;INFANTIL
PERU;CORPORATIVO;PLATA EMPRESA (HD);334;CARTOONITO;SD;INFANTIL
PERU;CORPORATIVO;PLATA EMPRESA (HD);350;EWTN;SD;RELIGIOSO
PERU;CORPORATIVO;PLATA EMPRESA (HD);352;TBN ENLACE;SD;RELIGIOSO
PERU;CORPORATIVO;PLATA EMPRESA (HD);354;CANAL LUZ;SD;RELIGIOSO
PERU;CORPORATIVO;PLATA EMPRESA (HD);502;TNT;SD;SERIES Y PELICULAS
PERU;CORPORATIVO;PLATA EMPRESA (HD);503;GOLDEN;SD;SERIES Y PELICULAS
PERU;CORPORATIVO;PLATA EMPRESA (HD);506;SONY MOVIES;SD;SERIES Y PELICULAS
PERU;CORPORATIVO;PLATA EMPRESA (HD);507;CINECANAL;SD;SERIES Y PELICULAS
PERU;CORPORATIVO;PLATA EMPRESA (HD);508;STUDIO UNIVERSAL;SD;SERIES Y PELICULAS
PERU;CORPORATIVO;PLATA EMPRESA (HD);509;CINEMAX;SD;SERIES Y PELICULAS
PERU;CORPORATIVO;PLATA EMPRESA (HD);510;MÓRBIDO TV;SD;SERIES Y PELICULAS
PERU;CORPORATIVO;PLATA EMPRESA (HD);516;DE PELÍCULA;SD;SERIES Y PELICULAS
PERU;CORPORATIVO;PLATA EMPRESA (HD);517;GOLDEN EDGE;SD;SERIES Y PELICULAS
PERU;CORPORATIVO;PLATA EMPRESA (HD);518;SPACE;SD;SERIES Y PELICULAS
PERU;CORPORATIVO;PLATA EMPRESA (HD);603;L1;SD;DEPORTES
PERU;CORPORATIVO;PLATA EMPRESA (HD);610;DSPORTS;SD;DEPORTES
PERU;CORPORATIVO;PLATA EMPRESA (HD);612;DSPORTS 2;SD;DEPORTES
PERU;CORPORATIVO;PLATA EMPRESA (HD);613;DSPORTS +;SD;DEPORTES
PERU;CORPORATIVO;PLATA EMPRESA (HD);621;ESPN;SD;DEPORTES
PERU;CORPORATIVO;PLATA EMPRESA (HD);622;ESPN 2;SD;DEPORTES
PERU;CORPORATIVO;PLATA EMPRESA (HD);623;ESPN 3;SD;DEPORTES
PERU;CORPORATIVO;PLATA EMPRESA (HD);625;ESPN 5;SD;DEPORTES
PERU;CORPORATIVO;PLATA EMPRESA (HD);626;ESPN 6;SD;DEPORTES
PERU;CORPORATIVO;PLATA EMPRESA (HD);627;ESPN 7;SD;DEPORTES
PERU;CORPORATIVO;PLATA EMPRESA (HD);700;DNEWS;SD;NOTICIAS
PERU;CORPORATIVO;PLATA EMPRESA (HD);704;CNN EN ESPAÑOL;SD;NOTICIAS
PERU;CORPORATIVO;PLATA EMPRESA (HD);706;CNN INTERNATIONAL;SD;NOTICIAS
PERU;CORPORATIVO;PLATA EMPRESA (HD);715;AMÉRICA;SD;NACIONAL
PERU;CORPORATIVO;PLATA EMPRESA (HD);716;TODO NOTICIAS;SD;NOTICIAS
PERU;CORPORATIVO;PLATA EMPRESA (HD);720;26NOTICIAS;SD;NOTICIAS
PERU;CORPORATIVO;PLATA EMPRESA (HD);726;CANAL RURAL;SD;EDUCATIVO
PERU;CORPORATIVO;PLATA EMPRESA (HD);730;NATIONAL GEOGRAPHIC;SD;CIENCIA Y CULTURA
PERU;CORPORATIVO;PLATA EMPRESA (HD);732;DISCOVERY;SD;CIENCIA Y CULTURA
PERU;CORPORATIVO;PLATA EMPRESA (HD);734;ANIMAL PLANET;SD;CIENCIA Y CULTURA
PERU;CORPORATIVO;PLATA EMPRESA (HD);740;TLC;SD;HOGAR Y VARIEDADES
PERU;CORPORATIVO;PLATA EMPRESA (HD);742;HISTORY;SD;CIENCIA Y CULTURA
PERU;CORPORATIVO;PLATA EMPRESA (HD);744;HISTORY 2;SD;CIENCIA Y CULTURA
PERU;CORPORATIVO;PLATA EMPRESA (HD);760;UNIVISION;SD;NACIONAL
PERU;CORPORATIVO;PLATA EMPRESA (HD);762;ANTENA 3;SD;NACIONAL
PERU;CORPORATIVO;PLATA EMPRESA (HD);764;FRANCE 24;SD;NOTICIAS
PERU;CORPORATIVO;PLATA EMPRESA (HD);784;EL TRECE;SD;NACIONAL
PERU;CORPORATIVO;PLATA EMPRESA (HD);786;TELEFE INTERNACIONAL;SD;NACIONAL
PERU;CORPORATIVO;PLATA EMPRESA (HD);790;CGTN ESPAÑOL;SD;NOTICIAS
PERU;CORPORATIVO;PLATA EMPRESA (HD);804;ESCUELA+;SD;EDUCATIVO
PERU;CORPORATIVO;PLATA EMPRESA (HD);901;DSPORTS RADIO;RADIO;DEPORTES
PERU;CORPORATIVO;PLATA EMPRESA (HD);980;UNIÓN RADIO NOTICIAS;RADIO;AUDIO
PERU;CORPORATIVO;PLATA EMPRESA (HD);982;RADIO CARACOL;RADIO;AUDIO
PERU;CORPORATIVO;PLATA EMPRESA (HD);984;RADIO FRANCE INTERNACIONAL;RADIO;AUDIO
PERU;CORPORATIVO;PLATA EMPRESA (HD);986;RADIO OXIGENO;RADIO;AUDIO
PERU;CORPORATIVO;PLATA EMPRESA (HD);987;RADIO STUDIO 92;RADIO;AUDIO
PERU;CORPORATIVO;PLATA EMPRESA (HD);988;RADIO MODA;RADIO;AUDIO
PERU;CORPORATIVO;PLATA EMPRESA (HD);992;RADIO ALERTA BOGOTÁ;RADIO;AUDIO
PERU;CORPORATIVO;PLATA EMPRESA (HD);993;RADIO W;RADIO;AUDIO
PERU;CORPORATIVO;PLATA EMPRESA (HD);1127;DSHOW;HD;HOGAR Y VARIEDADES
PERU;CORPORATIVO;PLATA EMPRESA (HD);1189;RPP;HD;NOTICIAS
PERU;CORPORATIVO;PLATA EMPRESA (HD);1190;TV PERÚ NOTICIAS HD;HD;NOTICIAS
PERU;CORPORATIVO;PLATA EMPRESA (HD);1191;WILLAX HD;HD;DEPORTES
PERU;CORPORATIVO;PLATA EMPRESA (HD);1192;LATINA HD;HD;NACIONAL
PERU;CORPORATIVO;PLATA EMPRESA (HD);1193;A LA COCINA;HD;GASTRONÓMICO
PERU;CORPORATIVO;PLATA EMPRESA (HD);1194;AMÉRICA TELEVISION HD;HD;NACIONAL
PERU;CORPORATIVO;PLATA EMPRESA (HD);1195;PANAMERICANA HD;HD;NACIONAL
PERU;CORPORATIVO;PLATA EMPRESA (HD);1196;ATV+;HD;NOTICIAS
PERU;CORPORATIVO;PLATA EMPRESA (HD);1197;TV PERÚ HD;HD;NACIONAL
PERU;CORPORATIVO;PLATA EMPRESA (HD);1198;GLOBAL HD;HD;NACIONAL
PERU;CORPORATIVO;PLATA EMPRESA (HD);1199;ATV9 HD;HD;NACIONAL
PERU;CORPORATIVO;PLATA EMPRESA (HD);1204;STAR CHANNEL HD;HD;SERIES Y PELICULAS
PERU;CORPORATIVO;PLATA EMPRESA (HD);1206;WARNER HD;HD;SERIES Y PELICULAS
PERU;CORPORATIVO;PLATA EMPRESA (HD);1207;A&E MUNDO HD;HD;SERIES Y PELICULAS
PERU;CORPORATIVO;PLATA EMPRESA (HD);1208;SONY HD;HD;SERIES Y PELICULAS
PERU;CORPORATIVO;PLATA EMPRESA (HD);1209;AXN HD;HD;SERIES Y PELICULAS
PERU;CORPORATIVO;PLATA EMPRESA (HD);1210;AMC HD;HD;SERIES Y PELICULAS
PERU;CORPORATIVO;PLATA EMPRESA (HD);1213;TNT SERIES HD;HD;SERIES Y PELICULAS
PERU;CORPORATIVO;PLATA EMPRESA (HD);1217;FX HD;HD;SERIES Y PELICULAS
PERU;CORPORATIVO;PLATA EMPRESA (HD);1218;UNIVERSAL HD;HD;SERIES Y PELICULAS
PERU;CORPORATIVO;PLATA EMPRESA (HD);1221;¡HOLA! TV HD;HD;HOGAR Y VARIEDADES
PERU;CORPORATIVO;PLATA EMPRESA (HD);1222;E! HD;HD;HOGAR Y VARIEDADES
PERU;CORPORATIVO;PLATA EMPRESA (HD);1223;ID HD;HD;CIENCIA Y CULTURA
PERU;CORPORATIVO;PLATA EMPRESA (HD);1229;DISCOVERY HOME & HEALTH HD;HD;HOGAR Y VARIEDADES
PERU;CORPORATIVO;PLATA EMPRESA (HD);1232;EL GOURMET;HD;GASTRONÓMICO
PERU;CORPORATIVO;PLATA EMPRESA (HD);1233;FOOD NETWORK HD;HD;GASTRONÓMICO
PERU;CORPORATIVO;PLATA EMPRESA (HD);1234;HOME & GARDEN;HD;HOGAR Y VARIEDADES
PERU;CORPORATIVO;PLATA EMPRESA (HD);1236;VEPLUS;HD;HOGAR Y VARIEDADES
PERU;CORPORATIVO;PLATA EMPRESA (HD);1264;MTV HD;HD;MUSICAL
PERU;CORPORATIVO;PLATA EMPRESA (HD);1265;MUSIC TOP HD;HD;MUSICAL
PERU;CORPORATIVO;PLATA EMPRESA (HD);1266;TIERRA MÍA HD;HD;CIENCIA Y CULTURA
PERU;CORPORATIVO;PLATA EMPRESA (HD);1273;INTI HD;HD;EDUCATIVO
PERU;CORPORATIVO;PLATA EMPRESA (HD);1302;ESCUELA+;HD;EDUCATIVO
PERU;CORPORATIVO;PLATA EMPRESA (HD);1304;CARTOON NETWORK HD;HD;INFANTIL
PERU;CORPORATIVO;PLATA EMPRESA (HD);1308;NICKELODEON HD;HD;INFANTIL
PERU;CORPORATIVO;PLATA EMPRESA (HD);1312;DISNEY CHANNEL HD;HD;INFANTIL
PERU;CORPORATIVO;PLATA EMPRESA (HD);1315;DISNEY JUNIOR HD;HD;INFANTIL
PERU;CORPORATIVO;PLATA EMPRESA (HD);1318;PLIM PLIM HD;HD;INFANTIL
PERU;CORPORATIVO;PLATA EMPRESA (HD);1319;EL REINO INFANTIL HD;HD;INFANTIL
PERU;CORPORATIVO;PLATA EMPRESA (HD);1330;DISCOVERY KIDS HD;HD;INFANTIL
PERU;CORPORATIVO;PLATA EMPRESA (HD);1502;TNT HD;HD;SERIES Y PELICULAS
PERU;CORPORATIVO;PLATA EMPRESA (HD);1503;GOLDEN HD;HD;SERIES Y PELICULAS
PERU;CORPORATIVO;PLATA EMPRESA (HD);1506;SONY MOVIES;HD;SERIES Y PELICULAS
PERU;CORPORATIVO;PLATA EMPRESA (HD);1507;CINECANAL HD;HD;SERIES Y PELICULAS
PERU;CORPORATIVO;PLATA EMPRESA (HD);1508;STUDIO UNIVERSAL HD;HD;SERIES Y PELICULAS
PERU;CORPORATIVO;PLATA EMPRESA (HD);1509;CINEMAX HD;HD;SERIES Y PELICULAS
PERU;CORPORATIVO;PLATA EMPRESA (HD);1510;MÓRBIDO TV HD;HD;SERIES Y PELICULAS
PERU;CORPORATIVO;PLATA EMPRESA (HD);1518;SPACE HD;HD;SERIES Y PELICULAS
PERU;CORPORATIVO;PLATA EMPRESA (HD);1603;L1;HD;DEPORTES
PERU;CORPORATIVO;PLATA EMPRESA (HD);1610;DSPORTS HD;HD;DEPORTES
PERU;CORPORATIVO;PLATA EMPRESA (HD);1612;DSPORTS 2 HD;HD;DEPORTES
PERU;CORPORATIVO;PLATA EMPRESA (HD);1613;DSPORTS + HD;HD;DEPORTES
PERU;CORPORATIVO;PLATA EMPRESA (HD);1621;ESPN HD;HD;DEPORTES
PERU;CORPORATIVO;PLATA EMPRESA (HD);1622;ESPN 2 HD;HD;DEPORTES
PERU;CORPORATIVO;PLATA EMPRESA (HD);1623;ESPN 3 HD;HD;DEPORTES
PERU;CORPORATIVO;PLATA EMPRESA (HD);1624;ESPN 4 HD;HD;DEPORTES
PERU;CORPORATIVO;PLATA EMPRESA (HD);1625;ESPN 5;HD;DEPORTES
PERU;CORPORATIVO;PLATA EMPRESA (HD);1626;ESPN 6;HD;DEPORTES
PERU;CORPORATIVO;PLATA EMPRESA (HD);1627;ESPN 7 HD;HD;DEPORTES
PERU;CORPORATIVO;PLATA EMPRESA (HD);1700;DNEWS;HD;NOTICIAS
PERU;CORPORATIVO;PLATA EMPRESA (HD);1730;NATIONAL GEOGRAPHIC HD;HD;CIENCIA Y CULTURA
PERU;CORPORATIVO;PLATA EMPRESA (HD);1731;DISCOVERY THEATER HD;HD;CIENCIA Y CULTURA
PERU;CORPORATIVO;PLATA EMPRESA (HD);1732;DISCOVERY HD;HD;CIENCIA Y CULTURA
PERU;CORPORATIVO;PLATA EMPRESA (HD);1734;ANIMAL PLANET HD;HD;CIENCIA Y CULTURA
PERU;CORPORATIVO;PLATA EMPRESA (HD);1740;TLC;HD;HOGAR Y VARIEDADES
PERU;CORPORATIVO;PLATA EMPRESA (HD);1742;HISTORY HD;HD;CIENCIA Y CULTURA
PERU;CORPORATIVO;PLATA EMPRESA (HD);1744;HISTORY 2 HD;HD;CIENCIA Y CULTURA
PERU;CORPORATIVO;PLATA EMPRESA (HD);1762;ANTENA 3 HD;HD;NACIONAL
PERU;CORPORATIVO;STD CORP;100;CANAL 100;SD;INFORMATIVO
PERU;CORPORATIVO;STD CORP;100;INFORMACIÓN DIRECTV;SD;INFORMATIVO
PERU;CORPORATIVO;STD CORP;127;DSHOW;SD;HOGAR Y VARIEDADES
PERU;CORPORATIVO;STD CORP;190;EXITOSA;SD;NOTICIAS
PERU;CORPORATIVO;STD CORP;192;LATINA;SD;NACIONAL
PERU;CORPORATIVO;STD CORP;193;EL CONGRESO;SD;INFORMATIVO
PERU;CORPORATIVO;STD CORP;194;AMÉRICA TELEVISION;SD;NACIONAL
PERU;CORPORATIVO;STD CORP;195;PANAMERICANA;SD;NACIONAL
PERU;CORPORATIVO;STD CORP;196;ATV+;SD;NOTICIAS
PERU;CORPORATIVO;STD CORP;197;TV PERÚ;SD;NACIONAL
PERU;CORPORATIVO;STD CORP;198;GLOBAL;SD;NACIONAL
PERU;CORPORATIVO;STD CORP;199;ATV;SD;NACIONAL
PERU;CORPORATIVO;STD CORP;206;WARNER;SD;SERIES Y PELICULAS
PERU;CORPORATIVO;STD CORP;208;SONY;SD;SERIES Y PELICULAS
PERU;CORPORATIVO;STD CORP;209;AXN;SD;SERIES Y PELICULAS
PERU;CORPORATIVO;STD CORP;213;TNT SERIES;SD;SERIES Y PELICULAS
PERU;CORPORATIVO;STD CORP;216;TNT NOVELAS;SD;TELENOVELAS
PERU;CORPORATIVO;STD CORP;217;FX;SD;SERIES Y PELICULAS
PERU;CORPORATIVO;STD CORP;218;UNIVERSAL;SD;SERIES Y PELICULAS
PERU;CORPORATIVO;STD CORP;221;¡HOLA! TV;SD;HOGAR Y VARIEDADES
PERU;CORPORATIVO;STD CORP;222;E!;SD;HOGAR Y VARIEDADES
PERU;CORPORATIVO;STD CORP;223;ID;SD;CIENCIA Y CULTURA
PERU;CORPORATIVO;STD CORP;228;LIFETIME;SD;SERIES Y PELICULAS
PERU;CORPORATIVO;STD CORP;231;TELEMUNDO;SD;TELENOVELAS
PERU;CORPORATIVO;STD CORP;240;CARAS TV;SD;HOGAR Y VARIEDADES
PERU;CORPORATIVO;STD CORP;304;CARTOON NETWORK;SD;INFANTIL
PERU;CORPORATIVO;STD CORP;315;DISNEY JUNIOR;SD;INFANTIL
PERU;CORPORATIVO;STD CORP;318;PLIM PLIM;SD;INFANTIL
PERU;CORPORATIVO;STD CORP;319;EL REINO INFANTIL;SD;INFANTIL
PERU;CORPORATIVO;STD CORP;334;CARTOONITO;SD;INFANTIL
PERU;CORPORATIVO;STD CORP;350;EWTN;SD;RELIGIOSO
PERU;CORPORATIVO;STD CORP;352;TBN ENLACE;SD;RELIGIOSO
PERU;CORPORATIVO;STD CORP;354;CANAL LUZ;SD;RELIGIOSO
PERU;CORPORATIVO;STD CORP;502;TNT;SD;SERIES Y PELICULAS
PERU;CORPORATIVO;STD CORP;507;CINECANAL;SD;SERIES Y PELICULAS
PERU;CORPORATIVO;STD CORP;508;STUDIO UNIVERSAL;SD;SERIES Y PELICULAS
PERU;CORPORATIVO;STD CORP;510;MÓRBIDO TV;SD;SERIES Y PELICULAS
PERU;CORPORATIVO;STD CORP;603;L1;SD;DEPORTES
PERU;CORPORATIVO;STD CORP;613;DSPORTS +;SD;DEPORTES
PERU;CORPORATIVO;STD CORP;621;ESPN;SD;DEPORTES
PERU;CORPORATIVO;STD CORP;622;ESPN 2;SD;DEPORTES
PERU;CORPORATIVO;STD CORP;623;ESPN 3;SD;DEPORTES
PERU;CORPORATIVO;STD CORP;626;ESPN 6;SD;DEPORTES
PERU;CORPORATIVO;STD CORP;627;ESPN 7;SD;DEPORTES
PERU;CORPORATIVO;STD CORP;700;DNEWS;SD;NOTICIAS
PERU;CORPORATIVO;STD CORP;704;CNN EN ESPAÑOL;SD;NOTICIAS
PERU;CORPORATIVO;STD CORP;706;CNN INTERNATIONAL;SD;NOTICIAS
PERU;CORPORATIVO;STD CORP;720;26NOTICIAS;SD;NOTICIAS
PERU;CORPORATIVO;STD CORP;726;CANAL RURAL;SD;EDUCATIVO
PERU;CORPORATIVO;STD CORP;732;DISCOVERY;SD;CIENCIA Y CULTURA
PERU;CORPORATIVO;STD CORP;740;TLC;SD;HOGAR Y VARIEDADES
PERU;CORPORATIVO;STD CORP;764;FRANCE 24;SD;NOTICIAS
PERU;CORPORATIVO;STD CORP;766;RAI ITALIA;SD;NACIONAL
PERU;CORPORATIVO;STD CORP;768;BBC WORLD NEWS;SD;NOTICIAS
PERU;CORPORATIVO;STD CORP;776;GLOBO INTERNACIONAL;SD;NACIONAL
PERU;CORPORATIVO;STD CORP;778;RTP INTERNACIONAL;SD;NACIONAL
PERU;CORPORATIVO;STD CORP;782;NHK WORLD;SD;NOTICIAS
PERU;CORPORATIVO;STD CORP;804;ESCUELA+;SD;EDUCATIVO
PERU;CORPORATIVO;STD CORP;901;DSPORTS RADIO;RADIO;DEPORTES
PERU;CORPORATIVO;STD CORP;980;UNIÓN RADIO NOTICIAS;RADIO;AUDIO
PERU;CORPORATIVO;STD CORP;982;RADIO CARACOL;RADIO;AUDIO
PERU;CORPORATIVO;STD CORP;984;RADIO FRANCE INTERNACIONAL;RADIO;AUDIO
PERU;CORPORATIVO;STD CORP;986;RADIO OXIGENO;RADIO;AUDIO
PERU;CORPORATIVO;STD CORP;987;RADIO STUDIO 92;RADIO;AUDIO
PERU;CORPORATIVO;STD CORP;988;RADIO MODA;RADIO;AUDIO
PERU;CORPORATIVO;STD CORP;992;RADIO ALERTA BOGOTÁ;RADIO;AUDIO
PERU;CORPORATIVO;STD CORP;993;RADIO W;RADIO;AUDIO
PERU;CORPORATIVO;STD CORP (HD);100;CANAL 100;SD;INFORMATIVO
PERU;CORPORATIVO;STD CORP (HD);100;INFORMACIÓN DIRECTV;SD;INFORMATIVO
PERU;CORPORATIVO;STD CORP (HD);127;DSHOW;SD;HOGAR Y VARIEDADES
PERU;CORPORATIVO;STD CORP (HD);190;EXITOSA;SD;NOTICIAS
PERU;CORPORATIVO;STD CORP (HD);192;LATINA;SD;NACIONAL
PERU;CORPORATIVO;STD CORP (HD);193;EL CONGRESO;SD;INFORMATIVO
PERU;CORPORATIVO;STD CORP (HD);194;AMÉRICA TELEVISION;SD;NACIONAL
PERU;CORPORATIVO;STD CORP (HD);195;PANAMERICANA;SD;NACIONAL
PERU;CORPORATIVO;STD CORP (HD);196;ATV+;SD;NOTICIAS
PERU;CORPORATIVO;STD CORP (HD);197;TV PERÚ;SD;NACIONAL
PERU;CORPORATIVO;STD CORP (HD);198;GLOBAL;SD;NACIONAL
PERU;CORPORATIVO;STD CORP (HD);199;ATV;SD;NACIONAL
PERU;CORPORATIVO;STD CORP (HD);206;WARNER;SD;SERIES Y PELICULAS
PERU;CORPORATIVO;STD CORP (HD);208;SONY;SD;SERIES Y PELICULAS
PERU;CORPORATIVO;STD CORP (HD);209;AXN;SD;SERIES Y PELICULAS
PERU;CORPORATIVO;STD CORP (HD);213;TNT SERIES;SD;SERIES Y PELICULAS
PERU;CORPORATIVO;STD CORP (HD);216;TNT NOVELAS;SD;TELENOVELAS
PERU;CORPORATIVO;STD CORP (HD);217;FX;SD;SERIES Y PELICULAS
PERU;CORPORATIVO;STD CORP (HD);218;UNIVERSAL;SD;SERIES Y PELICULAS
PERU;CORPORATIVO;STD CORP (HD);221;¡HOLA! TV;SD;HOGAR Y VARIEDADES
PERU;CORPORATIVO;STD CORP (HD);222;E!;SD;HOGAR Y VARIEDADES
PERU;CORPORATIVO;STD CORP (HD);223;ID;SD;CIENCIA Y CULTURA
PERU;CORPORATIVO;STD CORP (HD);228;LIFETIME;SD;SERIES Y PELICULAS
PERU;CORPORATIVO;STD CORP (HD);231;TELEMUNDO;SD;TELENOVELAS
PERU;CORPORATIVO;STD CORP (HD);240;CARAS TV;SD;HOGAR Y VARIEDADES
PERU;CORPORATIVO;STD CORP (HD);304;CARTOON NETWORK;SD;INFANTIL
PERU;CORPORATIVO;STD CORP (HD);315;DISNEY JUNIOR;SD;INFANTIL
PERU;CORPORATIVO;STD CORP (HD);318;PLIM PLIM;SD;INFANTIL
PERU;CORPORATIVO;STD CORP (HD);319;EL REINO INFANTIL;SD;INFANTIL
PERU;CORPORATIVO;STD CORP (HD);334;CARTOONITO;SD;INFANTIL
PERU;CORPORATIVO;STD CORP (HD);350;EWTN;SD;RELIGIOSO
PERU;CORPORATIVO;STD CORP (HD);352;TBN ENLACE;SD;RELIGIOSO
PERU;CORPORATIVO;STD CORP (HD);354;CANAL LUZ;SD;RELIGIOSO
PERU;CORPORATIVO;STD CORP (HD);502;TNT;SD;SERIES Y PELICULAS
PERU;CORPORATIVO;STD CORP (HD);507;CINECANAL;SD;SERIES Y PELICULAS
PERU;CORPORATIVO;STD CORP (HD);508;STUDIO UNIVERSAL;SD;SERIES Y PELICULAS
PERU;CORPORATIVO;STD CORP (HD);510;MÓRBIDO TV;SD;SERIES Y PELICULAS
PERU;CORPORATIVO;STD CORP (HD);603;L1;SD;DEPORTES
PERU;CORPORATIVO;STD CORP (HD);613;DSPORTS +;SD;DEPORTES
PERU;CORPORATIVO;STD CORP (HD);621;ESPN;SD;DEPORTES
PERU;CORPORATIVO;STD CORP (HD);622;ESPN 2;SD;DEPORTES
PERU;CORPORATIVO;STD CORP (HD);623;ESPN 3;SD;DEPORTES
PERU;CORPORATIVO;STD CORP (HD);626;ESPN 6;SD;DEPORTES
PERU;CORPORATIVO;STD CORP (HD);627;ESPN 7;SD;DEPORTES
PERU;CORPORATIVO;STD CORP (HD);700;DNEWS;SD;NOTICIAS
PERU;CORPORATIVO;STD CORP (HD);704;CNN EN ESPAÑOL;SD;NOTICIAS
PERU;CORPORATIVO;STD CORP (HD);706;CNN INTERNATIONAL;SD;NOTICIAS
PERU;CORPORATIVO;STD CORP (HD);720;26NOTICIAS;SD;NOTICIAS
PERU;CORPORATIVO;STD CORP (HD);726;CANAL RURAL;SD;EDUCATIVO
PERU;CORPORATIVO;STD CORP (HD);732;DISCOVERY;SD;CIENCIA Y CULTURA
PERU;CORPORATIVO;STD CORP (HD);740;TLC;SD;HOGAR Y VARIEDADES
PERU;CORPORATIVO;STD CORP (HD);764;FRANCE 24;SD;NOTICIAS
PERU;CORPORATIVO;STD CORP (HD);766;RAI ITALIA;SD;NACIONAL
PERU;CORPORATIVO;STD CORP (HD);768;BBC WORLD NEWS;SD;NOTICIAS
PERU;CORPORATIVO;STD CORP (HD);776;GLOBO INTERNACIONAL;SD;NACIONAL
PERU;CORPORATIVO;STD CORP (HD);778;RTP INTERNACIONAL;SD;NACIONAL
PERU;CORPORATIVO;STD CORP (HD);782;NHK WORLD;SD;NOTICIAS
PERU;CORPORATIVO;STD CORP (HD);804;ESCUELA+;SD;EDUCATIVO
PERU;CORPORATIVO;STD CORP (HD);901;DSPORTS RADIO;RADIO;DEPORTES
PERU;CORPORATIVO;STD CORP (HD);980;UNIÓN RADIO NOTICIAS;RADIO;AUDIO
PERU;CORPORATIVO;STD CORP (HD);982;RADIO CARACOL;RADIO;AUDIO
PERU;CORPORATIVO;STD CORP (HD);984;RADIO FRANCE INTERNACIONAL;RADIO;AUDIO
PERU;CORPORATIVO;STD CORP (HD);986;RADIO OXIGENO;RADIO;AUDIO
PERU;CORPORATIVO;STD CORP (HD);987;RADIO STUDIO 92;RADIO;AUDIO
PERU;CORPORATIVO;STD CORP (HD);988;RADIO MODA;RADIO;AUDIO
PERU;CORPORATIVO;STD CORP (HD);992;RADIO ALERTA BOGOTÁ;RADIO;AUDIO
PERU;CORPORATIVO;STD CORP (HD);993;RADIO W;RADIO;AUDIO
PERU;CORPORATIVO;STD CORP (HD);1189;RPP;HD;NOTICIAS
PERU;CORPORATIVO;STD CORP (HD);1190;TV PERÚ NOTICIAS HD;HD;NOTICIAS
PERU;CORPORATIVO;STD CORP (HD);1191;WILLAX HD;HD;DEPORTES
PERU;CORPORATIVO;STD CORP (HD);1192;LATINA HD;HD;NACIONAL
PERU;CORPORATIVO;STD CORP (HD);1193;A LA COCINA;HD;GASTRONÓMICO
PERU;CORPORATIVO;STD CORP (HD);1194;AMÉRICA TELEVISION HD;HD;NACIONAL
PERU;CORPORATIVO;STD CORP (HD);1195;PANAMERICANA HD;HD;NACIONAL
PERU;CORPORATIVO;STD CORP (HD);1196;ATV+;HD;NOTICIAS
PERU;CORPORATIVO;STD CORP (HD);1197;TV PERÚ HD;HD;NACIONAL
PERU;CORPORATIVO;STD CORP (HD);1198;GLOBAL HD;HD;NACIONAL
PERU;CORPORATIVO;STD CORP (HD);1199;ATV9 HD;HD;NACIONAL
PERU;CORPORATIVO;STD CORP (HD);1302;ESCUELA+;HD;EDUCATIVO
PERU;CORPORATIVO;STD CORP (HD);1319;EL REINO INFANTIL HD;HD;INFANTIL
PERU;CORPORATIVO;STD CORP (HD);1510;MÓRBIDO TV HD;HD;SERIES Y PELICULAS
PERU;CORPORATIVO;STD EMPRESA;100;CANAL 100;SD;INFORMATIVO
PERU;CORPORATIVO;STD EMPRESA;100;INFORMACIÓN DIRECTV;SD;INFORMATIVO
PERU;CORPORATIVO;STD EMPRESA;127;DSHOW;SD;HOGAR Y VARIEDADES
PERU;CORPORATIVO;STD EMPRESA;190;EXITOSA;SD;NOTICIAS
PERU;CORPORATIVO;STD EMPRESA;192;LATINA;SD;NACIONAL
PERU;CORPORATIVO;STD EMPRESA;193;EL CONGRESO;SD;INFORMATIVO
PERU;CORPORATIVO;STD EMPRESA;194;AMÉRICA TELEVISION;SD;NACIONAL
PERU;CORPORATIVO;STD EMPRESA;195;PANAMERICANA;SD;NACIONAL
PERU;CORPORATIVO;STD EMPRESA;196;ATV+;SD;NOTICIAS
PERU;CORPORATIVO;STD EMPRESA;197;TV PERÚ;SD;NACIONAL
PERU;CORPORATIVO;STD EMPRESA;198;GLOBAL;SD;NACIONAL
PERU;CORPORATIVO;STD EMPRESA;199;ATV;SD;NACIONAL
PERU;CORPORATIVO;STD EMPRESA;202;STAR CHANNEL;SD;SERIES Y PELICULAS
PERU;CORPORATIVO;STD EMPRESA;206;WARNER;SD;SERIES Y PELICULAS
PERU;CORPORATIVO;STD EMPRESA;207;A&E MUNDO;SD;SERIES Y PELICULAS
PERU;CORPORATIVO;STD EMPRESA;208;SONY;SD;SERIES Y PELICULAS
PERU;CORPORATIVO;STD EMPRESA;217;FX;SD;SERIES Y PELICULAS
PERU;CORPORATIVO;STD EMPRESA;218;UNIVERSAL;SD;SERIES Y PELICULAS
PERU;CORPORATIVO;STD EMPRESA;221;¡HOLA! TV;SD;HOGAR Y VARIEDADES
PERU;CORPORATIVO;STD EMPRESA;222;E!;SD;HOGAR Y VARIEDADES
PERU;CORPORATIVO;STD EMPRESA;226;LAS ESTRELLAS;SD;NACIONAL
PERU;CORPORATIVO;STD EMPRESA;227;TL NOVELAS;SD;TELENOVELAS
PERU;CORPORATIVO;STD EMPRESA;229;DISCOVERY HOME & HEALTH;SD;HOGAR Y VARIEDADES
PERU;CORPORATIVO;STD EMPRESA;231;TELEMUNDO;SD;TELENOVELAS
PERU;CORPORATIVO;STD EMPRESA;240;CARAS TV;SD;HOGAR Y VARIEDADES
PERU;CORPORATIVO;STD EMPRESA;264;MTV;SD;MUSICAL
PERU;CORPORATIVO;STD EMPRESA;304;CARTOON NETWORK;SD;INFANTIL
PERU;CORPORATIVO;STD EMPRESA;309;NICK JR.;SD;INFANTIL
PERU;CORPORATIVO;STD EMPRESA;312;DISNEY CHANNEL;SD;INFANTIL
PERU;CORPORATIVO;STD EMPRESA;315;DISNEY JUNIOR;SD;INFANTIL
PERU;CORPORATIVO;STD EMPRESA;318;PLIM PLIM;SD;INFANTIL
PERU;CORPORATIVO;STD EMPRESA;319;EL REINO INFANTIL;SD;INFANTIL
PERU;CORPORATIVO;STD EMPRESA;330;DISCOVERY KIDS;SD;INFANTIL
PERU;CORPORATIVO;STD EMPRESA;350;EWTN;SD;RELIGIOSO
PERU;CORPORATIVO;STD EMPRESA;352;TBN ENLACE;SD;RELIGIOSO
PERU;CORPORATIVO;STD EMPRESA;354;CANAL LUZ;SD;RELIGIOSO
PERU;CORPORATIVO;STD EMPRESA;502;TNT;SD;SERIES Y PELICULAS
PERU;CORPORATIVO;STD EMPRESA;507;CINECANAL;SD;SERIES Y PELICULAS
PERU;CORPORATIVO;STD EMPRESA;508;STUDIO UNIVERSAL;SD;SERIES Y PELICULAS
PERU;CORPORATIVO;STD EMPRESA;510;MÓRBIDO TV;SD;SERIES Y PELICULAS
PERU;CORPORATIVO;STD EMPRESA;518;SPACE;SD;SERIES Y PELICULAS
PERU;CORPORATIVO;STD EMPRESA;603;L1;SD;DEPORTES
PERU;CORPORATIVO;STD EMPRESA;610;DSPORTS;SD;DEPORTES
PERU;CORPORATIVO;STD EMPRESA;612;DSPORTS 2;SD;DEPORTES
PERU;CORPORATIVO;STD EMPRESA;613;DSPORTS +;SD;DEPORTES
PERU;CORPORATIVO;STD EMPRESA;621;ESPN;SD;DEPORTES
PERU;CORPORATIVO;STD EMPRESA;622;ESPN 2;SD;DEPORTES
PERU;CORPORATIVO;STD EMPRESA;623;ESPN 3;SD;DEPORTES
PERU;CORPORATIVO;STD EMPRESA;625;ESPN 5;SD;DEPORTES
PERU;CORPORATIVO;STD EMPRESA;626;ESPN 6;SD;DEPORTES
PERU;CORPORATIVO;STD EMPRESA;627;ESPN 7;SD;DEPORTES
PERU;CORPORATIVO;STD EMPRESA;700;DNEWS;SD;NOTICIAS
PERU;CORPORATIVO;STD EMPRESA;704;CNN EN ESPAÑOL;SD;NOTICIAS
PERU;CORPORATIVO;STD EMPRESA;706;CNN INTERNATIONAL;SD;NOTICIAS
PERU;CORPORATIVO;STD EMPRESA;715;AMÉRICA;SD;NACIONAL
PERU;CORPORATIVO;STD EMPRESA;720;26NOTICIAS;SD;NOTICIAS
PERU;CORPORATIVO;STD EMPRESA;725;NTN 24;SD;NOTICIAS
PERU;CORPORATIVO;STD EMPRESA;726;CANAL RURAL;SD;EDUCATIVO
PERU;CORPORATIVO;STD EMPRESA;730;NATIONAL GEOGRAPHIC;SD;CIENCIA Y CULTURA
PERU;CORPORATIVO;STD EMPRESA;732;DISCOVERY;SD;CIENCIA Y CULTURA
PERU;CORPORATIVO;STD EMPRESA;734;ANIMAL PLANET;SD;CIENCIA Y CULTURA
PERU;CORPORATIVO;STD EMPRESA;764;FRANCE 24;SD;NOTICIAS
PERU;CORPORATIVO;STD EMPRESA;775;RCN NUESTRA TELE;SD;NACIONAL
PERU;CORPORATIVO;STD EMPRESA;786;TELEFE INTERNACIONAL;SD;NACIONAL
PERU;CORPORATIVO;STD EMPRESA;790;CGTN ESPAÑOL;SD;NOTICIAS
PERU;CORPORATIVO;STD EMPRESA;804;ESCUELA+;SD;EDUCATIVO
PERU;CORPORATIVO;STD EMPRESA;901;DSPORTS RADIO;RADIO;DEPORTES
PERU;CORPORATIVO;STD EMPRESA;980;UNIÓN RADIO NOTICIAS;RADIO;AUDIO
PERU;CORPORATIVO;STD EMPRESA;982;RADIO CARACOL;RADIO;AUDIO
PERU;CORPORATIVO;STD EMPRESA;984;RADIO FRANCE INTERNACIONAL;RADIO;AUDIO
PERU;CORPORATIVO;STD EMPRESA;986;RADIO OXIGENO;RADIO;AUDIO
PERU;CORPORATIVO;STD EMPRESA;987;RADIO STUDIO 92;RADIO;AUDIO
PERU;CORPORATIVO;STD EMPRESA;988;RADIO MODA;RADIO;AUDIO
PERU;CORPORATIVO;STD EMPRESA;992;RADIO ALERTA BOGOTÁ;RADIO;AUDIO
PERU;CORPORATIVO;STD EMPRESA;993;RADIO W;RADIO;AUDIO
PERU;CORPORATIVO;STD EMPRESA (HD);100;CANAL 100;SD;INFORMATIVO
PERU;CORPORATIVO;STD EMPRESA (HD);100;INFORMACIÓN DIRECTV;SD;INFORMATIVO
PERU;CORPORATIVO;STD EMPRESA (HD);127;DSHOW;SD;HOGAR Y VARIEDADES
PERU;CORPORATIVO;STD EMPRESA (HD);190;EXITOSA;SD;NOTICIAS
PERU;CORPORATIVO;STD EMPRESA (HD);192;LATINA;SD;NACIONAL
PERU;CORPORATIVO;STD EMPRESA (HD);193;EL CONGRESO;SD;INFORMATIVO
PERU;CORPORATIVO;STD EMPRESA (HD);194;AMÉRICA TELEVISION;SD;NACIONAL
PERU;CORPORATIVO;STD EMPRESA (HD);195;PANAMERICANA;SD;NACIONAL
PERU;CORPORATIVO;STD EMPRESA (HD);196;ATV+;SD;NOTICIAS
PERU;CORPORATIVO;STD EMPRESA (HD);197;TV PERÚ;SD;NACIONAL
PERU;CORPORATIVO;STD EMPRESA (HD);198;GLOBAL;SD;NACIONAL
PERU;CORPORATIVO;STD EMPRESA (HD);199;ATV;SD;NACIONAL
PERU;CORPORATIVO;STD EMPRESA (HD);202;STAR CHANNEL;SD;SERIES Y PELICULAS
PERU;CORPORATIVO;STD EMPRESA (HD);206;WARNER;SD;SERIES Y PELICULAS
PERU;CORPORATIVO;STD EMPRESA (HD);207;A&E MUNDO;SD;SERIES Y PELICULAS
PERU;CORPORATIVO;STD EMPRESA (HD);208;SONY;SD;SERIES Y PELICULAS
PERU;CORPORATIVO;STD EMPRESA (HD);217;FX;SD;SERIES Y PELICULAS
PERU;CORPORATIVO;STD EMPRESA (HD);218;UNIVERSAL;SD;SERIES Y PELICULAS
PERU;CORPORATIVO;STD EMPRESA (HD);221;¡HOLA! TV;SD;HOGAR Y VARIEDADES
PERU;CORPORATIVO;STD EMPRESA (HD);222;E!;SD;HOGAR Y VARIEDADES
PERU;CORPORATIVO;STD EMPRESA (HD);226;LAS ESTRELLAS;SD;NACIONAL
PERU;CORPORATIVO;STD EMPRESA (HD);227;TL NOVELAS;SD;TELENOVELAS
PERU;CORPORATIVO;STD EMPRESA (HD);229;DISCOVERY HOME & HEALTH;SD;HOGAR Y VARIEDADES
PERU;CORPORATIVO;STD EMPRESA (HD);231;TELEMUNDO;SD;TELENOVELAS
PERU;CORPORATIVO;STD EMPRESA (HD);240;CARAS TV;SD;HOGAR Y VARIEDADES
PERU;CORPORATIVO;STD EMPRESA (HD);264;MTV;SD;MUSICAL
PERU;CORPORATIVO;STD EMPRESA (HD);304;CARTOON NETWORK;SD;INFANTIL
PERU;CORPORATIVO;STD EMPRESA (HD);309;NICK JR.;SD;INFANTIL
PERU;CORPORATIVO;STD EMPRESA (HD);312;DISNEY CHANNEL;SD;INFANTIL
PERU;CORPORATIVO;STD EMPRESA (HD);315;DISNEY JUNIOR;SD;INFANTIL
PERU;CORPORATIVO;STD EMPRESA (HD);318;PLIM PLIM;SD;INFANTIL
PERU;CORPORATIVO;STD EMPRESA (HD);319;EL REINO INFANTIL;SD;INFANTIL
PERU;CORPORATIVO;STD EMPRESA (HD);330;DISCOVERY KIDS;SD;INFANTIL
PERU;CORPORATIVO;STD EMPRESA (HD);350;EWTN;SD;RELIGIOSO
PERU;CORPORATIVO;STD EMPRESA (HD);352;TBN ENLACE;SD;RELIGIOSO
PERU;CORPORATIVO;STD EMPRESA (HD);354;CANAL LUZ;SD;RELIGIOSO
PERU;CORPORATIVO;STD EMPRESA (HD);502;TNT;SD;SERIES Y PELICULAS
PERU;CORPORATIVO;STD EMPRESA (HD);507;CINECANAL;SD;SERIES Y PELICULAS
PERU;CORPORATIVO;STD EMPRESA (HD);508;STUDIO UNIVERSAL;SD;SERIES Y PELICULAS
PERU;CORPORATIVO;STD EMPRESA (HD);510;MÓRBIDO TV;SD;SERIES Y PELICULAS
PERU;CORPORATIVO;STD EMPRESA (HD);518;SPACE;SD;SERIES Y PELICULAS
PERU;CORPORATIVO;STD EMPRESA (HD);603;L1;SD;DEPORTES
PERU;CORPORATIVO;STD EMPRESA (HD);610;DSPORTS;SD;DEPORTES
PERU;CORPORATIVO;STD EMPRESA (HD);612;DSPORTS 2;SD;DEPORTES
PERU;CORPORATIVO;STD EMPRESA (HD);613;DSPORTS +;SD;DEPORTES
PERU;CORPORATIVO;STD EMPRESA (HD);621;ESPN;SD;DEPORTES
PERU;CORPORATIVO;STD EMPRESA (HD);622;ESPN 2;SD;DEPORTES
PERU;CORPORATIVO;STD EMPRESA (HD);623;ESPN 3;SD;DEPORTES
PERU;CORPORATIVO;STD EMPRESA (HD);625;ESPN 5;SD;DEPORTES
PERU;CORPORATIVO;STD EMPRESA (HD);626;ESPN 6;SD;DEPORTES
PERU;CORPORATIVO;STD EMPRESA (HD);627;ESPN 7;SD;DEPORTES
PERU;CORPORATIVO;STD EMPRESA (HD);700;DNEWS;SD;NOTICIAS
PERU;CORPORATIVO;STD EMPRESA (HD);704;CNN EN ESPAÑOL;SD;NOTICIAS
PERU;CORPORATIVO;STD EMPRESA (HD);706;CNN INTERNATIONAL;SD;NOTICIAS
PERU;CORPORATIVO;STD EMPRESA (HD);715;AMÉRICA;SD;NACIONAL
PERU;CORPORATIVO;STD EMPRESA (HD);720;26NOTICIAS;SD;NOTICIAS
PERU;CORPORATIVO;STD EMPRESA (HD);725;NTN 24;SD;NOTICIAS
PERU;CORPORATIVO;STD EMPRESA (HD);726;CANAL RURAL;SD;EDUCATIVO
PERU;CORPORATIVO;STD EMPRESA (HD);730;NATIONAL GEOGRAPHIC;SD;CIENCIA Y CULTURA
PERU;CORPORATIVO;STD EMPRESA (HD);732;DISCOVERY;SD;CIENCIA Y CULTURA
PERU;CORPORATIVO;STD EMPRESA (HD);734;ANIMAL PLANET;SD;CIENCIA Y CULTURA
PERU;CORPORATIVO;STD EMPRESA (HD);764;FRANCE 24;SD;NOTICIAS
PERU;CORPORATIVO;STD EMPRESA (HD);775;RCN NUESTRA TELE;SD;NACIONAL
PERU;CORPORATIVO;STD EMPRESA (HD);786;TELEFE INTERNACIONAL;SD;NACIONAL
PERU;CORPORATIVO;STD EMPRESA (HD);790;CGTN ESPAÑOL;SD;NOTICIAS
PERU;CORPORATIVO;STD EMPRESA (HD);804;ESCUELA+;SD;EDUCATIVO
PERU;CORPORATIVO;STD EMPRESA (HD);901;DSPORTS RADIO;RADIO;DEPORTES
PERU;CORPORATIVO;STD EMPRESA (HD);980;UNIÓN RADIO NOTICIAS;RADIO;AUDIO
PERU;CORPORATIVO;STD EMPRESA (HD);982;RADIO CARACOL;RADIO;AUDIO
PERU;CORPORATIVO;STD EMPRESA (HD);984;RADIO FRANCE INTERNACIONAL;RADIO;AUDIO
PERU;CORPORATIVO;STD EMPRESA (HD);986;RADIO OXIGENO;RADIO;AUDIO
PERU;CORPORATIVO;STD EMPRESA (HD);987;RADIO STUDIO 92;RADIO;AUDIO
PERU;CORPORATIVO;STD EMPRESA (HD);988;RADIO MODA;RADIO;AUDIO
PERU;CORPORATIVO;STD EMPRESA (HD);992;RADIO ALERTA BOGOTÁ;RADIO;AUDIO
PERU;CORPORATIVO;STD EMPRESA (HD);993;RADIO W;RADIO;AUDIO
PERU;CORPORATIVO;STD EMPRESA (HD);1127;DSHOW;HD;HOGAR Y VARIEDADES
PERU;CORPORATIVO;STD EMPRESA (HD);1189;RPP;HD;NOTICIAS
PERU;CORPORATIVO;STD EMPRESA (HD);1190;TV PERÚ NOTICIAS HD;HD;NOTICIAS
PERU;CORPORATIVO;STD EMPRESA (HD);1191;WILLAX HD;HD;DEPORTES
PERU;CORPORATIVO;STD EMPRESA (HD);1192;LATINA HD;HD;NACIONAL
PERU;CORPORATIVO;STD EMPRESA (HD);1193;A LA COCINA;HD;GASTRONÓMICO
PERU;CORPORATIVO;STD EMPRESA (HD);1194;AMÉRICA TELEVISION HD;HD;NACIONAL
PERU;CORPORATIVO;STD EMPRESA (HD);1195;PANAMERICANA HD;HD;NACIONAL
PERU;CORPORATIVO;STD EMPRESA (HD);1196;ATV+;HD;NOTICIAS
PERU;CORPORATIVO;STD EMPRESA (HD);1197;TV PERÚ HD;HD;NACIONAL
PERU;CORPORATIVO;STD EMPRESA (HD);1198;GLOBAL HD;HD;NACIONAL
PERU;CORPORATIVO;STD EMPRESA (HD);1199;ATV9 HD;HD;NACIONAL
PERU;CORPORATIVO;STD EMPRESA (HD);1207;A&E MUNDO HD;HD;SERIES Y PELICULAS
PERU;CORPORATIVO;STD EMPRESA (HD);1213;TNT SERIES HD;HD;SERIES Y PELICULAS
PERU;CORPORATIVO;STD EMPRESA (HD);1217;FX HD;HD;SERIES Y PELICULAS
PERU;CORPORATIVO;STD EMPRESA (HD);1222;E! HD;HD;HOGAR Y VARIEDADES
PERU;CORPORATIVO;STD EMPRESA (HD);1228;LIFETIME HD;HD;SERIES Y PELICULAS
PERU;CORPORATIVO;STD EMPRESA (HD);1234;HOME & GARDEN;HD;HOGAR Y VARIEDADES
PERU;CORPORATIVO;STD EMPRESA (HD);1264;MTV HD;HD;MUSICAL
PERU;CORPORATIVO;STD EMPRESA (HD);1265;MUSIC TOP HD;HD;MUSICAL
PERU;CORPORATIVO;STD EMPRESA (HD);1266;TIERRA MÍA HD;HD;CIENCIA Y CULTURA
PERU;CORPORATIVO;STD EMPRESA (HD);1273;INTI HD;HD;EDUCATIVO
PERU;CORPORATIVO;STD EMPRESA (HD);1302;ESCUELA+;HD;EDUCATIVO
PERU;CORPORATIVO;STD EMPRESA (HD);1304;CARTOON NETWORK HD;HD;INFANTIL
PERU;CORPORATIVO;STD EMPRESA (HD);1318;PLIM PLIM HD;HD;INFANTIL
PERU;CORPORATIVO;STD EMPRESA (HD);1319;EL REINO INFANTIL HD;HD;INFANTIL
PERU;CORPORATIVO;STD EMPRESA (HD);1510;MÓRBIDO TV HD;HD;SERIES Y PELICULAS
PERU;CORPORATIVO;STD EMPRESA (HD);1518;SPACE HD;HD;SERIES Y PELICULAS
PERU;CORPORATIVO;STD EMPRESA (HD);1603;L1;HD;DEPORTES
PERU;CORPORATIVO;STD EMPRESA (HD);1613;DSPORTS + HD;HD;DEPORTES
PERU;CORPORATIVO;STD EMPRESA (HD);1621;ESPN HD;HD;DEPORTES
PERU;CORPORATIVO;STD EMPRESA (HD);1622;ESPN 2 HD;HD;DEPORTES
PERU;CORPORATIVO;STD EMPRESA (HD);1623;ESPN 3 HD;HD;DEPORTES
PERU;CORPORATIVO;STD EMPRESA (HD);1700;DNEWS;HD;NOTICIAS
PERU;CORPORATIVO;STD EMPRESA (HD);1734;ANIMAL PLANET HD;HD;CIENCIA Y CULTURA
PERU;CORPORATIVO;STD EMPRESA (HD);1762;ANTENA 3 HD;HD;NACIONAL
PERU;DGO;DGO TV;N/A;DSPORTS RADIO;HD;DEPORTES
PERU;DGO;DGO TV;N/A;DSPORTS +;HD;DEPORTES
PERU;DGO;DGO TV;N/A;DSPORTS 2;HD;DEPORTES
PERU;DGO;DGO TV;N/A;OVACIÓN;SD;DEPORTES
PERU;DGO;DGO TV;N/A;PBO;SD;DEPORTES
PERU;DGO;DGO TV;N/A;WILLAX;HD;DEPORTES
PERU;DGO;DGO TV;N/A;ESCUELA+;HD;EDUCATIVO
PERU;DGO;DGO TV;N/A;FREETV SABER MÁS;HD;EDUCATIVO
PERU;DGO;DGO TV;N/A;TASTEMADE;HD;GASTRONÓMICO
PERU;DGO;DGO TV;N/A;GRAN HERMANO;HD;HOGAR Y VARIEDADES
PERU;DGO;DGO TV;N/A;TASTEMADE VIAJES;HD;HOGAR Y VARIEDADES
PERU;DGO;DGO TV;N/A;DSHOW;HD;HOGAR Y VARIEDADES
PERU;DGO;DGO TV;N/A;NATIVA;HD;MUSICAL
PERU;DGO;DGO TV;N/A;GLOBAL;HD;NACIONAL
PERU;DGO;DGO TV;N/A;LATINA;HD;NACIONAL
PERU;DGO;DGO TV;N/A;PANAMERICANA;HD;NACIONAL
PERU;DGO;DGO TV;N/A;SOL TV;SD;NACIONAL
PERU;DGO;DGO TV;N/A;AMÉRICA;HD;NACIONAL
PERU;DGO;DGO TV;N/A;ATV;HD;NACIONAL
PERU;DGO;DGO TV;N/A;TV PERÚ;HD;NACIONAL
PERU;DGO;DGO TV;N/A;RCN MAS;HD;NACIONAL
PERU;DGO;DGO TV;N/A;MEGATIEMPO;HD;NOTICIAS
PERU;DGO;DGO TV;N/A;RPP;SD;NOTICIAS
PERU;DGO;DGO TV;N/A;ATV+;HD;NOTICIAS
PERU;DGO;DGO TV;N/A;EXITOSA;SD;NOTICIAS
PERU;DGO;DGO TV;N/A;DNEWS;HD;NOTICIAS
PERU;DGO;DGO TV;N/A;FRANCE 24;HD;NOTICIAS
PERU;DGO;DGO TV;N/A;MEGANOTICIAS;HD;NOTICIAS
PERU;DGO;DGO TV;N/A;RCN NOTICIAS;HD;NOTICIAS
PERU;DGO;DGO TV;N/A;FREETV ACCIÓN;HD;SERIES Y PELICULAS
PERU;DGO;DGO TV;N/A;FREETV DRAMA;HD;SERIES Y PELICULAS
PERU;DGO;DGO TV;N/A;FREETV ESTELAR;HD;SERIES Y PELICULAS
PERU;DGO;DGO TV;N/A;FREETV FAMILIA;HD;SERIES Y PELICULAS
PERU;DGO;DGO TV;N/A;FREETV HITS;HD;SERIES Y PELICULAS
PERU;DGO;DGO TV;N/A;FREETV TERROR;HD;SERIES Y PELICULAS
PERU;DGO;DGO BÁSICO;N/A;ANIMAL PLANET;HD;CIENCIA Y CULTURA
PERU;DGO;DGO BÁSICO;N/A;DISCOVERY;HD;CIENCIA Y CULTURA
PERU;DGO;DGO BÁSICO;N/A;HISTORY;HD;CIENCIA Y CULTURA
PERU;DGO;DGO BÁSICO;N/A;NATIONAL GEOGRAPHIC;HD;CIENCIA Y CULTURA
PERU;DGO;DGO BÁSICO;N/A;DSPORTS RADIO;HD;DEPORTES
PERU;DGO;DGO BÁSICO;N/A;DSPORTS;HD;DEPORTES
PERU;DGO;DGO BÁSICO;N/A;DSPORTS +;HD;DEPORTES
PERU;DGO;DGO BÁSICO;N/A;DSPORTS 2;HD;DEPORTES
PERU;DGO;DGO BÁSICO;N/A;ESPN;HD;DEPORTES
PERU;DGO;DGO BÁSICO;N/A;ESPN 2;HD;DEPORTES
PERU;DGO;DGO BÁSICO;N/A;ESPN 3;HD;DEPORTES
PERU;DGO;DGO BÁSICO;N/A;ESPN 4;HD;DEPORTES
PERU;DGO;DGO BÁSICO;N/A;ESPN 5;HD;DEPORTES
PERU;DGO;DGO BÁSICO;N/A;ESPN 6;HD;DEPORTES
PERU;DGO;DGO BÁSICO;N/A;ESPN 7;HD;DEPORTES
PERU;DGO;DGO BÁSICO;N/A;LIGA 1;HD;DEPORTES
PERU;DGO;DGO BÁSICO;N/A;OVACIÓN;SD;DEPORTES
PERU;DGO;DGO BÁSICO;N/A;PBO;SD;DEPORTES
PERU;DGO;DGO BÁSICO;N/A;WILLAX;HD;DEPORTES
PERU;DGO;DGO BÁSICO;N/A;ESCUELA+;HD;EDUCATIVO
PERU;DGO;DGO BÁSICO;N/A;FREETV SABER MÁS;HD;EDUCATIVO
PERU;DGO;DGO BÁSICO;N/A;A LA COCINA;HD;GASTRONÓMICO
PERU;DGO;DGO BÁSICO;N/A;FOOD NETWORK;HD;GASTRONÓMICO
PERU;DGO;DGO BÁSICO;N/A;TASTEMADE;HD;GASTRONÓMICO
PERU;DGO;DGO BÁSICO;N/A;¡HOLA! TV;HD;HOGAR Y VARIEDADES
PERU;DGO;DGO BÁSICO;N/A;CLIC;HD;HOGAR Y VARIEDADES
PERU;DGO;DGO BÁSICO;N/A;DISCOVERY HOME & HEALTH;HD;HOGAR Y VARIEDADES
PERU;DGO;DGO BÁSICO;N/A;E!;HD;HOGAR Y VARIEDADES
PERU;DGO;DGO BÁSICO;N/A;GRAN HERMANO;HD;HOGAR Y VARIEDADES
PERU;DGO;DGO BÁSICO;N/A;TASTEMADE VIAJES;HD;HOGAR Y VARIEDADES
PERU;DGO;DGO BÁSICO;N/A;TLC;HD;HOGAR Y VARIEDADES
PERU;DGO;DGO BÁSICO;N/A;DSHOW;HD;HOGAR Y VARIEDADES
PERU;DGO;DGO BÁSICO;N/A;CARTOON NETWORK;HD;INFANTIL
PERU;DGO;DGO BÁSICO;N/A;CARTOONITO;HD;INFANTIL
PERU;DGO;DGO BÁSICO;N/A;DISCOVERY KIDS;HD;INFANTIL
PERU;DGO;DGO BÁSICO;N/A;DISNEY CHANNEL;HD;INFANTIL
PERU;DGO;DGO BÁSICO;N/A;DISNEY JUNIOR;HD;INFANTIL
PERU;DGO;DGO BÁSICO;N/A;NICKELODEON HD;HD;INFANTIL
PERU;DGO;DGO BÁSICO;N/A;ADULT SWIM;HD;INFANTIL
PERU;DGO;DGO BÁSICO;N/A;NATIVA;HD;MUSICAL
PERU;DGO;DGO BÁSICO;N/A;MTV;HD;MUSICAL
PERU;DGO;DGO BÁSICO;N/A;ANTENA 3;HD;NACIONAL
PERU;DGO;DGO BÁSICO;N/A;AZTECA INTERNACIONAL;HD;NACIONAL
PERU;DGO;DGO BÁSICO;N/A;GLOBAL;HD;NACIONAL
PERU;DGO;DGO BÁSICO;N/A;LATINA;HD;NACIONAL
PERU;DGO;DGO BÁSICO;N/A;PANAMERICANA;HD;NACIONAL
PERU;DGO;DGO BÁSICO;N/A;SOL TV;SD;NACIONAL
PERU;DGO;DGO BÁSICO;N/A;AMÉRICA;HD;NACIONAL
PERU;DGO;DGO BÁSICO;N/A;ATV;HD;NACIONAL
PERU;DGO;DGO BÁSICO;N/A;TV PERÚ;HD;NACIONAL
PERU;DGO;DGO BÁSICO;N/A;RCN MAS;HD;NACIONAL
PERU;DGO;DGO BÁSICO;N/A;CGTN ESPAÑOL;HD;NOTICIAS
PERU;DGO;DGO BÁSICO;N/A;MEGATIEMPO;HD;NOTICIAS
PERU;DGO;DGO BÁSICO;N/A;RPP;SD;NOTICIAS
PERU;DGO;DGO BÁSICO;N/A;ATV+;HD;NOTICIAS
PERU;DGO;DGO BÁSICO;N/A;EXITOSA;SD;NOTICIAS
PERU;DGO;DGO BÁSICO;N/A;CNN EN ESPAÑOL;HD;NOTICIAS
PERU;DGO;DGO BÁSICO;N/A;CNN INTERNATIONAL;HD;NOTICIAS
PERU;DGO;DGO BÁSICO;N/A;DNEWS;HD;NOTICIAS
PERU;DGO;DGO BÁSICO;N/A;FOX NEWS;HD;NOTICIAS
PERU;DGO;DGO BÁSICO;N/A;FRANCE 24;HD;NOTICIAS
PERU;DGO;DGO BÁSICO;N/A;MEGANOTICIAS;HD;NOTICIAS
PERU;DGO;DGO BÁSICO;N/A;NEWSMAX TV;HD;NOTICIAS
PERU;DGO;DGO BÁSICO;N/A;RCN NOTICIAS;HD;NOTICIAS
PERU;DGO;DGO BÁSICO;N/A;DEFIANCE;HD;SERIES Y PELICULAS
PERU;DGO;DGO BÁSICO;N/A;A&E MUNDO;HD;SERIES Y PELICULAS
PERU;DGO;DGO BÁSICO;N/A;AMC SERIES;HD;SERIES Y PELICULAS
PERU;DGO;DGO BÁSICO;N/A;AXN;HD;SERIES Y PELICULAS
PERU;DGO;DGO BÁSICO;N/A;CINECANAL;HD;SERIES Y PELICULAS
PERU;DGO;DGO BÁSICO;N/A;CINEMA;HD;SERIES Y PELICULAS
PERU;DGO;DGO BÁSICO;N/A;CINEMAX;HD;SERIES Y PELICULAS
PERU;DGO;DGO BÁSICO;N/A;FREETV ACCIÓN;HD;SERIES Y PELICULAS
PERU;DGO;DGO BÁSICO;N/A;FREETV DRAMA;HD;SERIES Y PELICULAS
PERU;DGO;DGO BÁSICO;N/A;FREETV ESTELAR;HD;SERIES Y PELICULAS
PERU;DGO;DGO BÁSICO;N/A;FREETV FAMILIA;HD;SERIES Y PELICULAS
PERU;DGO;DGO BÁSICO;N/A;FREETV HITS;HD;SERIES Y PELICULAS
PERU;DGO;DGO BÁSICO;N/A;FREETV TERROR;HD;SERIES Y PELICULAS
PERU;DGO;DGO BÁSICO;N/A;FX;HD;SERIES Y PELICULAS
PERU;DGO;DGO BÁSICO;N/A;SONY;HD;SERIES Y PELICULAS
PERU;DGO;DGO BÁSICO;N/A;SPACE;HD;SERIES Y PELICULAS
PERU;DGO;DGO BÁSICO;N/A;STAR CHANNEL;HD;SERIES Y PELICULAS
PERU;DGO;DGO BÁSICO;N/A;STUDIO UNIVERSAL;HD;SERIES Y PELICULAS
PERU;DGO;DGO BÁSICO;N/A;TNT HD;HD;SERIES Y PELICULAS
PERU;DGO;DGO BÁSICO;N/A;TNT SERIES;HD;SERIES Y PELICULAS
PERU;DGO;DGO BÁSICO;N/A;UNIVERSAL;HD;SERIES Y PELICULAS
PERU;DGO;DGO BÁSICO;N/A;WARNER;HD;SERIES Y PELICULAS
PERU;DGO;DGO BÁSICO;N/A;TELEMUNDO;HD;TELENOVELAS
PERU;DGO;DGO BÁSICO;N/A;CORAZÓN;HD;TELENOVELAS
PERU;DGO;DGO BÁSICO + L1MAX;N/A;ANIMAL PLANET;HD;CIENCIA Y CULTURA
PERU;DGO;DGO BÁSICO + L1MAX;N/A;DISCOVERY;HD;CIENCIA Y CULTURA
PERU;DGO;DGO BÁSICO + L1MAX;N/A;HISTORY;HD;CIENCIA Y CULTURA
PERU;DGO;DGO BÁSICO + L1MAX;N/A;NATIONAL GEOGRAPHIC;HD;CIENCIA Y CULTURA
PERU;DGO;DGO BÁSICO + L1MAX;N/A;DSPORTS RADIO;HD;DEPORTES
PERU;DGO;DGO BÁSICO + L1MAX;N/A;DSPORTS;HD;DEPORTES
PERU;DGO;DGO BÁSICO + L1MAX;N/A;DSPORTS +;HD;DEPORTES
PERU;DGO;DGO BÁSICO + L1MAX;N/A;DSPORTS 2;HD;DEPORTES
PERU;DGO;DGO BÁSICO + L1MAX;N/A;ESPN;HD;DEPORTES
PERU;DGO;DGO BÁSICO + L1MAX;N/A;ESPN 2;HD;DEPORTES
PERU;DGO;DGO BÁSICO + L1MAX;N/A;ESPN 3;HD;DEPORTES
PERU;DGO;DGO BÁSICO + L1MAX;N/A;ESPN 4;HD;DEPORTES
PERU;DGO;DGO BÁSICO + L1MAX;N/A;ESPN 5;HD;DEPORTES
PERU;DGO;DGO BÁSICO + L1MAX;N/A;ESPN 6;HD;DEPORTES
PERU;DGO;DGO BÁSICO + L1MAX;N/A;ESPN 7;HD;DEPORTES
PERU;DGO;DGO BÁSICO + L1MAX;N/A;LIGA 1;HD;DEPORTES
PERU;DGO;DGO BÁSICO + L1MAX;N/A;LIGA 1 MAX;HD;DEPORTES
PERU;DGO;DGO BÁSICO + L1MAX;N/A;OVACIÓN;SD;DEPORTES
PERU;DGO;DGO BÁSICO + L1MAX;N/A;PBO;SD;DEPORTES
PERU;DGO;DGO BÁSICO + L1MAX;N/A;WILLAX;HD;DEPORTES
PERU;DGO;DGO BÁSICO + L1MAX;N/A;ESCUELA+;HD;EDUCATIVO
PERU;DGO;DGO BÁSICO + L1MAX;N/A;FREETV SABER MÁS;HD;EDUCATIVO
PERU;DGO;DGO BÁSICO + L1MAX;N/A;A LA COCINA;HD;GASTRONÓMICO
PERU;DGO;DGO BÁSICO + L1MAX;N/A;FOOD NETWORK;HD;GASTRONÓMICO
PERU;DGO;DGO BÁSICO + L1MAX;N/A;TASTEMADE;HD;GASTRONÓMICO
PERU;DGO;DGO BÁSICO + L1MAX;N/A;¡HOLA! TV;HD;HOGAR Y VARIEDADES
PERU;DGO;DGO BÁSICO + L1MAX;N/A;CLIC;HD;HOGAR Y VARIEDADES
PERU;DGO;DGO BÁSICO + L1MAX;N/A;DISCOVERY HOME & HEALTH;HD;HOGAR Y VARIEDADES
PERU;DGO;DGO BÁSICO + L1MAX;N/A;E!;HD;HOGAR Y VARIEDADES
PERU;DGO;DGO BÁSICO + L1MAX;N/A;GRAN HERMANO;HD;HOGAR Y VARIEDADES
PERU;DGO;DGO BÁSICO + L1MAX;N/A;TASTEMADE VIAJES;HD;HOGAR Y VARIEDADES
PERU;DGO;DGO BÁSICO + L1MAX;N/A;TLC;HD;HOGAR Y VARIEDADES
PERU;DGO;DGO BÁSICO + L1MAX;N/A;DSHOW;HD;HOGAR Y VARIEDADES
PERU;DGO;DGO BÁSICO + L1MAX;N/A;CARTOON NETWORK;HD;INFANTIL
PERU;DGO;DGO BÁSICO + L1MAX;N/A;CARTOONITO;HD;INFANTIL
PERU;DGO;DGO BÁSICO + L1MAX;N/A;DISCOVERY KIDS;HD;INFANTIL
PERU;DGO;DGO BÁSICO + L1MAX;N/A;DISNEY CHANNEL;HD;INFANTIL
PERU;DGO;DGO BÁSICO + L1MAX;N/A;DISNEY JUNIOR;HD;INFANTIL
PERU;DGO;DGO BÁSICO + L1MAX;N/A;NICKELODEON HD;HD;INFANTIL
PERU;DGO;DGO BÁSICO + L1MAX;N/A;ADULT SWIM;HD;INFANTIL
PERU;DGO;DGO BÁSICO + L1MAX;N/A;NATIVA;HD;MUSICAL
PERU;DGO;DGO BÁSICO + L1MAX;N/A;MTV;HD;MUSICAL
PERU;DGO;DGO BÁSICO + L1MAX;N/A;ANTENA 3;HD;NACIONAL
PERU;DGO;DGO BÁSICO + L1MAX;N/A;AZTECA INTERNACIONAL;HD;NACIONAL
PERU;DGO;DGO BÁSICO + L1MAX;N/A;GLOBAL;HD;NACIONAL
PERU;DGO;DGO BÁSICO + L1MAX;N/A;LATINA;HD;NACIONAL
PERU;DGO;DGO BÁSICO + L1MAX;N/A;PANAMERICANA;HD;NACIONAL
PERU;DGO;DGO BÁSICO + L1MAX;N/A;SOL TV;SD;NACIONAL
PERU;DGO;DGO BÁSICO + L1MAX;N/A;AMÉRICA;HD;NACIONAL
PERU;DGO;DGO BÁSICO + L1MAX;N/A;ATV;HD;NACIONAL
PERU;DGO;DGO BÁSICO + L1MAX;N/A;TV PERÚ;HD;NACIONAL
PERU;DGO;DGO BÁSICO + L1MAX;N/A;RCN MAS;HD;NACIONAL
PERU;DGO;DGO BÁSICO + L1MAX;N/A;CGTN ESPAÑOL;HD;NOTICIAS
PERU;DGO;DGO BÁSICO + L1MAX;N/A;MEGATIEMPO;HD;NOTICIAS
PERU;DGO;DGO BÁSICO + L1MAX;N/A;RPP;SD;NOTICIAS
PERU;DGO;DGO BÁSICO + L1MAX;N/A;ATV+;HD;NOTICIAS
PERU;DGO;DGO BÁSICO + L1MAX;N/A;EXITOSA;SD;NOTICIAS
PERU;DGO;DGO BÁSICO + L1MAX;N/A;CNN EN ESPAÑOL;HD;NOTICIAS
PERU;DGO;DGO BÁSICO + L1MAX;N/A;CNN INTERNATIONAL;HD;NOTICIAS
PERU;DGO;DGO BÁSICO + L1MAX;N/A;DNEWS;HD;NOTICIAS
PERU;DGO;DGO BÁSICO + L1MAX;N/A;FOX NEWS;HD;NOTICIAS
PERU;DGO;DGO BÁSICO + L1MAX;N/A;FRANCE 24;HD;NOTICIAS
PERU;DGO;DGO BÁSICO + L1MAX;N/A;MEGANOTICIAS;HD;NOTICIAS
PERU;DGO;DGO BÁSICO + L1MAX;N/A;NEWSMAX TV;HD;NOTICIAS
PERU;DGO;DGO BÁSICO + L1MAX;N/A;RCN NOTICIAS;HD;NOTICIAS
PERU;DGO;DGO BÁSICO + L1MAX;N/A;DEFIANCE;HD;SERIES Y PELICULAS
PERU;DGO;DGO BÁSICO + L1MAX;N/A;A&E MUNDO;HD;SERIES Y PELICULAS
PERU;DGO;DGO BÁSICO + L1MAX;N/A;AMC SERIES;HD;SERIES Y PELICULAS
PERU;DGO;DGO BÁSICO + L1MAX;N/A;AXN;HD;SERIES Y PELICULAS
PERU;DGO;DGO BÁSICO + L1MAX;N/A;CINECANAL;HD;SERIES Y PELICULAS
PERU;DGO;DGO BÁSICO + L1MAX;N/A;CINEMA;HD;SERIES Y PELICULAS
PERU;DGO;DGO BÁSICO + L1MAX;N/A;CINEMAX;HD;SERIES Y PELICULAS
PERU;DGO;DGO BÁSICO + L1MAX;N/A;FREETV ACCIÓN;HD;SERIES Y PELICULAS
PERU;DGO;DGO BÁSICO + L1MAX;N/A;FREETV DRAMA;HD;SERIES Y PELICULAS
PERU;DGO;DGO BÁSICO + L1MAX;N/A;FREETV ESTELAR;HD;SERIES Y PELICULAS
PERU;DGO;DGO BÁSICO + L1MAX;N/A;FREETV FAMILIA;HD;SERIES Y PELICULAS
PERU;DGO;DGO BÁSICO + L1MAX;N/A;FREETV HITS;HD;SERIES Y PELICULAS
PERU;DGO;DGO BÁSICO + L1MAX;N/A;FREETV TERROR;HD;SERIES Y PELICULAS
PERU;DGO;DGO BÁSICO + L1MAX;N/A;FX;HD;SERIES Y PELICULAS
PERU;DGO;DGO BÁSICO + L1MAX;N/A;SONY;HD;SERIES Y PELICULAS
PERU;DGO;DGO BÁSICO + L1MAX;N/A;SPACE;HD;SERIES Y PELICULAS
PERU;DGO;DGO BÁSICO + L1MAX;N/A;STAR CHANNEL;HD;SERIES Y PELICULAS
PERU;DGO;DGO BÁSICO + L1MAX;N/A;STUDIO UNIVERSAL;HD;SERIES Y PELICULAS
PERU;DGO;DGO BÁSICO + L1MAX;N/A;TNT HD;HD;SERIES Y PELICULAS
PERU;DGO;DGO BÁSICO + L1MAX;N/A;TNT SERIES;HD;SERIES Y PELICULAS
PERU;DGO;DGO BÁSICO + L1MAX;N/A;UNIVERSAL;HD;SERIES Y PELICULAS
PERU;DGO;DGO BÁSICO + L1MAX;N/A;WARNER;HD;SERIES Y PELICULAS
PERU;DGO;DGO BÁSICO + L1MAX;N/A;TELEMUNDO;HD;TELENOVELAS
PERU;DGO;DGO BÁSICO + L1MAX;N/A;CORAZÓN;HD;TELENOVELAS
PERU;DGO;DGO LITE;N/A;DSPORTS RADIO;HD;DEPORTES
PERU;DGO;DGO LITE;N/A;DSPORTS;HD;DEPORTES
PERU;DGO;DGO LITE;N/A;DSPORTS +;HD;DEPORTES
PERU;DGO;DGO LITE;N/A;DSPORTS 2;HD;DEPORTES
PERU;DGO;DGO LITE;N/A;LIGA 1;HD;DEPORTES
PERU;DGO;DGO LITE;N/A;LIGA 1 MAX;HD;DEPORTES
PERU;DGO;DGO LITE;N/A;OVACIÓN;SD;DEPORTES
PERU;DGO;DGO LITE;N/A;PBO;SD;DEPORTES
PERU;DGO;DGO LITE;N/A;WILLAX;HD;DEPORTES
PERU;DGO;DGO LITE;N/A;ESCUELA+;HD;EDUCATIVO
PERU;DGO;DGO LITE;N/A;FREETV SABER MÁS;HD;EDUCATIVO
PERU;DGO;DGO LITE;N/A;GRAN HERMANO;HD;HOGAR Y VARIEDADES
PERU;DGO;DGO LITE;N/A;DSHOW;HD;HOGAR Y VARIEDADES
PERU;DGO;DGO LITE;N/A;NATIVA;HD;MUSICAL
PERU;DGO;DGO LITE;N/A;GLOBAL;HD;NACIONAL
PERU;DGO;DGO LITE;N/A;LATINA;HD;NACIONAL
PERU;DGO;DGO LITE;N/A;PANAMERICANA;HD;NACIONAL
PERU;DGO;DGO LITE;N/A;SOL TV;SD;NACIONAL
PERU;DGO;DGO LITE;N/A;AMÉRICA;HD;NACIONAL
PERU;DGO;DGO LITE;N/A;ATV;HD;NACIONAL
PERU;DGO;DGO LITE;N/A;TV PERÚ;HD;NACIONAL
PERU;DGO;DGO LITE;N/A;RCN MAS;HD;NACIONAL
PERU;DGO;DGO LITE;N/A;MEGATIEMPO;HD;NOTICIAS
PERU;DGO;DGO LITE;N/A;RPP;SD;NOTICIAS
PERU;DGO;DGO LITE;N/A;ATV+;HD;NOTICIAS
PERU;DGO;DGO LITE;N/A;EXITOSA;SD;NOTICIAS
PERU;DGO;DGO LITE;N/A;DNEWS;HD;NOTICIAS
PERU;DGO;DGO LITE;N/A;FRANCE 24;HD;NOTICIAS
PERU;DGO;DGO LITE;N/A;MEGANOTICIAS;HD;NOTICIAS
PERU;DGO;DGO LITE;N/A;RCN NOTICIAS;HD;NOTICIAS
PERU;DGO;DGO LITE;N/A;FREETV ACCIÓN;HD;SERIES Y PELICULAS
PERU;DGO;DGO LITE;N/A;FREETV DRAMA;HD;SERIES Y PELICULAS
PERU;DGO;DGO LITE;N/A;FREETV ESTELAR;HD;SERIES Y PELICULAS
PERU;DGO;DGO LITE;N/A;FREETV FAMILIA;HD;SERIES Y PELICULAS
PERU;DGO;DGO LITE;N/A;FREETV HITS;HD;SERIES Y PELICULAS
PERU;DGO;DGO LITE;N/A;FREETV TERROR;HD;SERIES Y PELICULAS
PERU;DGO;DGO SKINNY + L1MAX;N/A;DSPORTS RADIO;HD;DEPORTES
PERU;DGO;DGO SKINNY + L1MAX;N/A;DSPORTS +;HD;DEPORTES
PERU;DGO;DGO SKINNY + L1MAX;N/A;DSPORTS 2;HD;DEPORTES
PERU;DGO;DGO SKINNY + L1MAX;N/A;LIGA 1;HD;DEPORTES
PERU;DGO;DGO SKINNY + L1MAX;N/A;LIGA 1 MAX;HD;DEPORTES
PERU;DGO;DGO SKINNY + L1MAX;N/A;OVACIÓN;SD;DEPORTES
PERU;DGO;DGO SKINNY + L1MAX;N/A;PBO;SD;DEPORTES
PERU;DGO;DGO SKINNY + L1MAX;N/A;WILLAX;HD;DEPORTES
PERU;DGO;DGO SKINNY + L1MAX;N/A;ESCUELA+;HD;EDUCATIVO
PERU;DGO;DGO SKINNY + L1MAX;N/A;FREETV SABER MÁS;HD;EDUCATIVO
PERU;DGO;DGO SKINNY + L1MAX;N/A;TASTEMADE;HD;GASTRONÓMICO
PERU;DGO;DGO SKINNY + L1MAX;N/A;GRAN HERMANO;HD;HOGAR Y VARIEDADES
PERU;DGO;DGO SKINNY + L1MAX;N/A;TASTEMADE VIAJES;HD;HOGAR Y VARIEDADES
PERU;DGO;DGO SKINNY + L1MAX;N/A;DSHOW;HD;HOGAR Y VARIEDADES
PERU;DGO;DGO SKINNY + L1MAX;N/A;NATIVA;HD;MUSICAL
PERU;DGO;DGO SKINNY + L1MAX;N/A;GLOBAL;HD;NACIONAL
PERU;DGO;DGO SKINNY + L1MAX;N/A;LATINA;HD;NACIONAL
PERU;DGO;DGO SKINNY + L1MAX;N/A;PANAMERICANA;HD;NACIONAL
PERU;DGO;DGO SKINNY + L1MAX;N/A;SOL TV;SD;NACIONAL
PERU;DGO;DGO SKINNY + L1MAX;N/A;AMÉRICA;HD;NACIONAL
PERU;DGO;DGO SKINNY + L1MAX;N/A;ATV;HD;NACIONAL
PERU;DGO;DGO SKINNY + L1MAX;N/A;TV PERÚ;HD;NACIONAL
PERU;DGO;DGO SKINNY + L1MAX;N/A;RCN MAS;HD;NACIONAL
PERU;DGO;DGO SKINNY + L1MAX;N/A;MEGATIEMPO;HD;NOTICIAS
PERU;DGO;DGO SKINNY + L1MAX;N/A;RPP;SD;NOTICIAS
PERU;DGO;DGO SKINNY + L1MAX;N/A;ATV+;HD;NOTICIAS
PERU;DGO;DGO SKINNY + L1MAX;N/A;EXITOSA;SD;NOTICIAS
PERU;DGO;DGO SKINNY + L1MAX;N/A;DNEWS;HD;NOTICIAS
PERU;DGO;DGO SKINNY + L1MAX;N/A;FRANCE 24;HD;NOTICIAS
PERU;DGO;DGO SKINNY + L1MAX;N/A;MEGANOTICIAS;HD;NOTICIAS
PERU;DGO;DGO SKINNY + L1MAX;N/A;RCN NOTICIAS;HD;NOTICIAS
PERU;DGO;DGO SKINNY + L1MAX;N/A;FREETV ACCIÓN;HD;SERIES Y PELICULAS
PERU;DGO;DGO SKINNY + L1MAX;N/A;FREETV DRAMA;HD;SERIES Y PELICULAS
PERU;DGO;DGO SKINNY + L1MAX;N/A;FREETV ESTELAR;HD;SERIES Y PELICULAS
PERU;DGO;DGO SKINNY + L1MAX;N/A;FREETV FAMILIA;HD;SERIES Y PELICULAS
PERU;DGO;DGO SKINNY + L1MAX;N/A;FREETV HITS;HD;SERIES Y PELICULAS
PERU;DGO;DGO SKINNY + L1MAX;N/A;FREETV TERROR;HD;SERIES Y PELICULAS
PERU;DGO;DGO STREAMING;N/A;DSPORTS RADIO;HD;DEPORTES
PERU;DGO;DGO STREAMING;N/A;DSPORTS;HD;DEPORTES
PERU;DGO;DGO STREAMING;N/A;DSPORTS +;HD;DEPORTES
PERU;DGO;DGO STREAMING;N/A;DSPORTS 2;HD;DEPORTES
PERU;DGO;DGO STREAMING;N/A;LIGA 1;HD;DEPORTES
PERU;DGO;DGO STREAMING;N/A;LIGA 1 MAX;HD;DEPORTES
PERU;DGO;DGO STREAMING;N/A;OVACIÓN;SD;DEPORTES
PERU;DGO;DGO STREAMING;N/A;PBO;SD;DEPORTES
PERU;DGO;DGO STREAMING;N/A;WILLAX;HD;DEPORTES
PERU;DGO;DGO STREAMING;N/A;ESCUELA+;HD;EDUCATIVO
PERU;DGO;DGO STREAMING;N/A;FREETV SABER MÁS;HD;EDUCATIVO
PERU;DGO;DGO STREAMING;N/A;GRAN HERMANO;HD;HOGAR Y VARIEDADES
PERU;DGO;DGO STREAMING;N/A;DSHOW;HD;HOGAR Y VARIEDADES
PERU;DGO;DGO STREAMING;N/A;NATIVA;HD;MUSICAL
PERU;DGO;DGO STREAMING;N/A;GLOBAL;HD;NACIONAL
PERU;DGO;DGO STREAMING;N/A;LATINA;HD;NACIONAL
PERU;DGO;DGO STREAMING;N/A;PANAMERICANA;HD;NACIONAL
PERU;DGO;DGO STREAMING;N/A;SOL TV;SD;NACIONAL
PERU;DGO;DGO STREAMING;N/A;AMÉRICA;HD;NACIONAL
PERU;DGO;DGO STREAMING;N/A;ATV;HD;NACIONAL
PERU;DGO;DGO STREAMING;N/A;TV PERÚ;HD;NACIONAL
PERU;DGO;DGO STREAMING;N/A;RCN MAS;HD;NACIONAL
PERU;DGO;DGO STREAMING;N/A;MEGATIEMPO;HD;NOTICIAS
PERU;DGO;DGO STREAMING;N/A;RPP;SD;NOTICIAS
PERU;DGO;DGO STREAMING;N/A;ATV+;HD;NOTICIAS
PERU;DGO;DGO STREAMING;N/A;EXITOSA;SD;NOTICIAS
PERU;DGO;DGO STREAMING;N/A;DNEWS;HD;NOTICIAS
PERU;DGO;DGO STREAMING;N/A;FRANCE 24;HD;NOTICIAS
PERU;DGO;DGO STREAMING;N/A;MEGANOTICIAS;HD;NOTICIAS
PERU;DGO;DGO STREAMING;N/A;RCN NOTICIAS;HD;NOTICIAS
PERU;DGO;DGO STREAMING;N/A;FREETV ACCIÓN;HD;SERIES Y PELICULAS
PERU;DGO;DGO STREAMING;N/A;FREETV DRAMA;HD;SERIES Y PELICULAS
PERU;DGO;DGO STREAMING;N/A;FREETV ESTELAR;HD;SERIES Y PELICULAS
PERU;DGO;DGO STREAMING;N/A;FREETV FAMILIA;HD;SERIES Y PELICULAS
PERU;DGO;DGO STREAMING;N/A;FREETV HITS;HD;SERIES Y PELICULAS
PERU;DGO;DGO STREAMING;N/A;FREETV TERROR;HD;SERIES Y PELICULAS
PERU;DGO;HIGH;N/A;ANIMAL PLANET;HD;CIENCIA Y CULTURA
PERU;DGO;HIGH;N/A;DISCOVERY;HD;CIENCIA Y CULTURA
PERU;DGO;HIGH;N/A;HISTORY;HD;CIENCIA Y CULTURA
PERU;DGO;HIGH;N/A;HISTORY 2;HD;CIENCIA Y CULTURA
PERU;DGO;HIGH;N/A;ID;HD;CIENCIA Y CULTURA
PERU;DGO;HIGH;N/A;NATIONAL GEOGRAPHIC;HD;CIENCIA Y CULTURA
PERU;DGO;HIGH;N/A;DSPORTS RADIO;HD;DEPORTES
PERU;DGO;HIGH;N/A;DSPORTS;HD;DEPORTES
PERU;DGO;HIGH;N/A;DSPORTS +;HD;DEPORTES
PERU;DGO;HIGH;N/A;DSPORTS 2;HD;DEPORTES
PERU;DGO;HIGH;N/A;ESPN;HD;DEPORTES
PERU;DGO;HIGH;N/A;ESPN 2;HD;DEPORTES
PERU;DGO;HIGH;N/A;ESPN 3;HD;DEPORTES
PERU;DGO;HIGH;N/A;ESPN 4;HD;DEPORTES
PERU;DGO;HIGH;N/A;ESPN 5;HD;DEPORTES
PERU;DGO;HIGH;N/A;ESPN 6;HD;DEPORTES
PERU;DGO;HIGH;N/A;ESPN 7;HD;DEPORTES
PERU;DGO;HIGH;N/A;GOLF CHANNEL;HD;DEPORTES
PERU;DGO;HIGH;N/A;LIGA 1;HD;DEPORTES
PERU;DGO;HIGH;N/A;LIGA 1 MAX;HD;DEPORTES
PERU;DGO;HIGH;N/A;TYC SPORTS;HD;DEPORTES
PERU;DGO;HIGH;N/A;OVACIÓN;SD;DEPORTES
PERU;DGO;HIGH;N/A;PBO;SD;DEPORTES
PERU;DGO;HIGH;N/A;WILLAX;HD;DEPORTES
PERU;DGO;HIGH;N/A;ESCUELA+;HD;EDUCATIVO
PERU;DGO;HIGH;N/A;FREETV SABER MÁS;HD;EDUCATIVO
PERU;DGO;HIGH;N/A;A LA COCINA;HD;GASTRONÓMICO
PERU;DGO;HIGH;N/A;EL GOURMET;HD;GASTRONÓMICO
PERU;DGO;HIGH;N/A;FOOD NETWORK;HD;GASTRONÓMICO
PERU;DGO;HIGH;N/A;TASTEMADE;HD;GASTRONÓMICO
PERU;DGO;HIGH;N/A;¡HOLA! TV;HD;HOGAR Y VARIEDADES
PERU;DGO;HIGH;N/A;CLIC;HD;HOGAR Y VARIEDADES
PERU;DGO;HIGH;N/A;DISCOVERY HOME & HEALTH;HD;HOGAR Y VARIEDADES
PERU;DGO;HIGH;N/A;DISCOVERY TURBO;HD;HOGAR Y VARIEDADES
PERU;DGO;HIGH;N/A;E!;HD;HOGAR Y VARIEDADES
PERU;DGO;HIGH;N/A;GRAN HERMANO;HD;HOGAR Y VARIEDADES
PERU;DGO;HIGH;N/A;TASTEMADE VIAJES;HD;HOGAR Y VARIEDADES
PERU;DGO;HIGH;N/A;TLC;HD;HOGAR Y VARIEDADES
PERU;DGO;HIGH;N/A;DSHOW;HD;HOGAR Y VARIEDADES
PERU;DGO;HIGH;N/A;CARTOON NETWORK;HD;INFANTIL
PERU;DGO;HIGH;N/A;CARTOONITO;HD;INFANTIL
PERU;DGO;HIGH;N/A;DISCOVERY KIDS;HD;INFANTIL
PERU;DGO;HIGH;N/A;DISNEY CHANNEL;HD;INFANTIL
PERU;DGO;HIGH;N/A;DISNEY JUNIOR;HD;INFANTIL
PERU;DGO;HIGH;N/A;EL REINO INFANTIL;HD;INFANTIL
PERU;DGO;HIGH;N/A;NICK JR.;HD;INFANTIL
PERU;DGO;HIGH;N/A;NICKELODEON HD;HD;INFANTIL
PERU;DGO;HIGH;N/A;PLIM PLIM;HD;INFANTIL
PERU;DGO;HIGH;N/A;ADULT SWIM;HD;INFANTIL
PERU;DGO;HIGH;N/A;NATIVA;HD;MUSICAL
PERU;DGO;HIGH;N/A;MTV;HD;MUSICAL
PERU;DGO;HIGH;N/A;ANTENA 3;HD;NACIONAL
PERU;DGO;HIGH;N/A;AZTECA INTERNACIONAL;HD;NACIONAL
PERU;DGO;HIGH;N/A;GLOBAL;HD;NACIONAL
PERU;DGO;HIGH;N/A;LATINA;HD;NACIONAL
PERU;DGO;HIGH;N/A;PANAMERICANA;HD;NACIONAL
PERU;DGO;HIGH;N/A;SOL TV;SD;NACIONAL
PERU;DGO;HIGH;N/A;AMÉRICA;HD;NACIONAL
PERU;DGO;HIGH;N/A;AMÉRICA;SD;NACIONAL
PERU;DGO;HIGH;N/A;ATV;HD;NACIONAL
PERU;DGO;HIGH;N/A;TV PERÚ;HD;NACIONAL
PERU;DGO;HIGH;N/A;RAI ITALIA;HD;NACIONAL
PERU;DGO;HIGH;N/A;RCN MAS;HD;NACIONAL
PERU;DGO;HIGH;N/A;CGTN ESPAÑOL;HD;NOTICIAS
PERU;DGO;HIGH;N/A;MEGATIEMPO;HD;NOTICIAS
PERU;DGO;HIGH;N/A;RPP;SD;NOTICIAS
PERU;DGO;HIGH;N/A;ATV+;HD;NOTICIAS
PERU;DGO;HIGH;N/A;EXITOSA;SD;NOTICIAS
PERU;DGO;HIGH;N/A;BLOOMBERG;HD;NOTICIAS
PERU;DGO;HIGH;N/A;CNN EN ESPAÑOL;HD;NOTICIAS
PERU;DGO;HIGH;N/A;CNN INTERNATIONAL;HD;NOTICIAS
PERU;DGO;HIGH;N/A;DNEWS;HD;NOTICIAS
PERU;DGO;HIGH;N/A;FOX NEWS;HD;NOTICIAS
PERU;DGO;HIGH;N/A;FRANCE 24;HD;NOTICIAS
PERU;DGO;HIGH;N/A;MEGANOTICIAS;HD;NOTICIAS
PERU;DGO;HIGH;N/A;NEWSMAX TV;HD;NOTICIAS
PERU;DGO;HIGH;N/A;RCN NOTICIAS;HD;NOTICIAS
PERU;DGO;HIGH;N/A;COMEDY CENTRAL;HD;SERIES Y PELICULAS
PERU;DGO;HIGH;N/A;LIFETIME;HD;SERIES Y PELICULAS
PERU;DGO;HIGH;N/A;DEFIANCE;HD;SERIES Y PELICULAS
PERU;DGO;HIGH;N/A;A&E MUNDO;HD;SERIES Y PELICULAS
PERU;DGO;HIGH;N/A;AMC;HD;SERIES Y PELICULAS
PERU;DGO;HIGH;N/A;AMC SERIES;HD;SERIES Y PELICULAS
PERU;DGO;HIGH;N/A;ATRES SERIES;HD;SERIES Y PELICULAS
PERU;DGO;HIGH;N/A;AXN;HD;SERIES Y PELICULAS
PERU;DGO;HIGH;N/A;CINECANAL;HD;SERIES Y PELICULAS
PERU;DGO;HIGH;N/A;CINEMA;HD;SERIES Y PELICULAS
PERU;DGO;HIGH;N/A;CINEMAX;HD;SERIES Y PELICULAS
PERU;DGO;HIGH;N/A;FREETV ACCIÓN;HD;SERIES Y PELICULAS
PERU;DGO;HIGH;N/A;FREETV DRAMA;HD;SERIES Y PELICULAS
PERU;DGO;HIGH;N/A;FREETV ESTELAR;HD;SERIES Y PELICULAS
PERU;DGO;HIGH;N/A;FREETV FAMILIA;HD;SERIES Y PELICULAS
PERU;DGO;HIGH;N/A;FREETV HITS;HD;SERIES Y PELICULAS
PERU;DGO;HIGH;N/A;FREETV TERROR;HD;SERIES Y PELICULAS
PERU;DGO;HIGH;N/A;FX;HD;SERIES Y PELICULAS
PERU;DGO;HIGH;N/A;MÓRBIDO TV;HD;SERIES Y PELICULAS
PERU;DGO;HIGH;N/A;SONY;HD;SERIES Y PELICULAS
PERU;DGO;HIGH;N/A;SONY MOVIES;HD;SERIES Y PELICULAS
PERU;DGO;HIGH;N/A;SPACE;HD;SERIES Y PELICULAS
PERU;DGO;HIGH;N/A;STAR CHANNEL;HD;SERIES Y PELICULAS
PERU;DGO;HIGH;N/A;STUDIO UNIVERSAL;HD;SERIES Y PELICULAS
PERU;DGO;HIGH;N/A;TNT HD;HD;SERIES Y PELICULAS
PERU;DGO;HIGH;N/A;TNT SERIES;HD;SERIES Y PELICULAS
PERU;DGO;HIGH;N/A;UNIVERSAL;HD;SERIES Y PELICULAS
PERU;DGO;HIGH;N/A;WARNER;HD;SERIES Y PELICULAS
PERU;DGO;HIGH;N/A;TELEMUNDO;HD;TELENOVELAS
PERU;DGO;HIGH;N/A;TNT NOVELAS;HD;TELENOVELAS
PERU;DGO;HIGH;N/A;CORAZÓN;HD;TELENOVELAS
PERU;DGO;HIGH HD;N/A;ANIMAL PLANET;HD;CIENCIA Y CULTURA
PERU;DGO;HIGH HD;N/A;DISCOVERY;HD;CIENCIA Y CULTURA
PERU;DGO;HIGH HD;N/A;DISCOVERY THEATER;HD;CIENCIA Y CULTURA
PERU;DGO;HIGH HD;N/A;HISTORY;HD;CIENCIA Y CULTURA
PERU;DGO;HIGH HD;N/A;HISTORY 2;HD;CIENCIA Y CULTURA
PERU;DGO;HIGH HD;N/A;ID;HD;CIENCIA Y CULTURA
PERU;DGO;HIGH HD;N/A;NATIONAL GEOGRAPHIC;HD;CIENCIA Y CULTURA
PERU;DGO;HIGH HD;N/A;DISCOVERY WORLD;HD;CIENCIA Y CULTURA
PERU;DGO;HIGH HD;N/A;DSPORTS RADIO;HD;DEPORTES
PERU;DGO;HIGH HD;N/A;DSPORTS;HD;DEPORTES
PERU;DGO;HIGH HD;N/A;DSPORTS +;HD;DEPORTES
PERU;DGO;HIGH HD;N/A;DSPORTS 2;HD;DEPORTES
PERU;DGO;HIGH HD;N/A;ESPN;HD;DEPORTES
PERU;DGO;HIGH HD;N/A;ESPN 2;HD;DEPORTES
PERU;DGO;HIGH HD;N/A;ESPN 3;HD;DEPORTES
PERU;DGO;HIGH HD;N/A;ESPN 4;HD;DEPORTES
PERU;DGO;HIGH HD;N/A;ESPN 5;HD;DEPORTES
PERU;DGO;HIGH HD;N/A;ESPN 6;HD;DEPORTES
PERU;DGO;HIGH HD;N/A;ESPN 7;HD;DEPORTES
PERU;DGO;HIGH HD;N/A;GOLF CHANNEL;HD;DEPORTES
PERU;DGO;HIGH HD;N/A;LIGA 1;HD;DEPORTES
PERU;DGO;HIGH HD;N/A;LIGA 1 MAX;HD;DEPORTES
PERU;DGO;HIGH HD;N/A;TYC SPORTS;HD;DEPORTES
PERU;DGO;HIGH HD;N/A;OVACIÓN;SD;DEPORTES
PERU;DGO;HIGH HD;N/A;PBO;SD;DEPORTES
PERU;DGO;HIGH HD;N/A;WILLAX;HD;DEPORTES
PERU;DGO;HIGH HD;N/A;ESCUELA+;HD;EDUCATIVO
PERU;DGO;HIGH HD;N/A;FREETV SABER MÁS;HD;EDUCATIVO
PERU;DGO;HIGH HD;N/A;A LA COCINA;HD;GASTRONÓMICO
PERU;DGO;HIGH HD;N/A;EL GOURMET;HD;GASTRONÓMICO
PERU;DGO;HIGH HD;N/A;FOOD NETWORK;HD;GASTRONÓMICO
PERU;DGO;HIGH HD;N/A;TASTEMADE;HD;GASTRONÓMICO
PERU;DGO;HIGH HD;N/A;¡HOLA! TV;HD;HOGAR Y VARIEDADES
PERU;DGO;HIGH HD;N/A;CLIC;HD;HOGAR Y VARIEDADES
PERU;DGO;HIGH HD;N/A;DISCOVERY HOME & HEALTH;HD;HOGAR Y VARIEDADES
PERU;DGO;HIGH HD;N/A;DISCOVERY TURBO;HD;HOGAR Y VARIEDADES
PERU;DGO;HIGH HD;N/A;E!;HD;HOGAR Y VARIEDADES
PERU;DGO;HIGH HD;N/A;GRAN HERMANO;HD;HOGAR Y VARIEDADES
PERU;DGO;HIGH HD;N/A;HGTV;HD;HOGAR Y VARIEDADES
PERU;DGO;HIGH HD;N/A;TASTEMADE VIAJES;HD;HOGAR Y VARIEDADES
PERU;DGO;HIGH HD;N/A;TLC;HD;HOGAR Y VARIEDADES
PERU;DGO;HIGH HD;N/A;DSHOW;HD;HOGAR Y VARIEDADES
PERU;DGO;HIGH HD;N/A;BABY TV;HD;INFANTIL
PERU;DGO;HIGH HD;N/A;CARTOON NETWORK;HD;INFANTIL
PERU;DGO;HIGH HD;N/A;CARTOONITO;HD;INFANTIL
PERU;DGO;HIGH HD;N/A;DISCOVERY KIDS;HD;INFANTIL
PERU;DGO;HIGH HD;N/A;DISNEY CHANNEL;HD;INFANTIL
PERU;DGO;HIGH HD;N/A;DISNEY JUNIOR;HD;INFANTIL
PERU;DGO;HIGH HD;N/A;EL REINO INFANTIL;HD;INFANTIL
PERU;DGO;HIGH HD;N/A;NICK JR.;HD;INFANTIL
PERU;DGO;HIGH HD;N/A;NICKELODEON HD;HD;INFANTIL
PERU;DGO;HIGH HD;N/A;PLIM PLIM;HD;INFANTIL
PERU;DGO;HIGH HD;N/A;ADULT SWIM;HD;INFANTIL
PERU;DGO;HIGH HD;N/A;NATIVA;HD;MUSICAL
PERU;DGO;HIGH HD;N/A;MTV;HD;MUSICAL
PERU;DGO;HIGH HD;N/A;ANTENA 3;HD;NACIONAL
PERU;DGO;HIGH HD;N/A;AZTECA INTERNACIONAL;HD;NACIONAL
PERU;DGO;HIGH HD;N/A;GLOBAL;HD;NACIONAL
PERU;DGO;HIGH HD;N/A;LATINA;HD;NACIONAL
PERU;DGO;HIGH HD;N/A;PANAMERICANA;HD;NACIONAL
PERU;DGO;HIGH HD;N/A;SOL TV;SD;NACIONAL
PERU;DGO;HIGH HD;N/A;AMÉRICA;HD;NACIONAL
PERU;DGO;HIGH HD;N/A;AMÉRICA;SD;NACIONAL
PERU;DGO;HIGH HD;N/A;ATV;HD;NACIONAL
PERU;DGO;HIGH HD;N/A;TV PERÚ;HD;NACIONAL
PERU;DGO;HIGH HD;N/A;RAI ITALIA;HD;NACIONAL
PERU;DGO;HIGH HD;N/A;RCN MAS;HD;NACIONAL
PERU;DGO;HIGH HD;N/A;CGTN ESPAÑOL;HD;NOTICIAS
PERU;DGO;HIGH HD;N/A;MEGATIEMPO;HD;NOTICIAS
PERU;DGO;HIGH HD;N/A;RPP;SD;NOTICIAS
PERU;DGO;HIGH HD;N/A;ATV+;HD;NOTICIAS
PERU;DGO;HIGH HD;N/A;EXITOSA;SD;NOTICIAS
PERU;DGO;HIGH HD;N/A;BLOOMBERG;HD;NOTICIAS
PERU;DGO;HIGH HD;N/A;CNN EN ESPAÑOL;HD;NOTICIAS
PERU;DGO;HIGH HD;N/A;CNN INTERNATIONAL;HD;NOTICIAS
PERU;DGO;HIGH HD;N/A;DNEWS;HD;NOTICIAS
PERU;DGO;HIGH HD;N/A;FOX NEWS;HD;NOTICIAS
PERU;DGO;HIGH HD;N/A;FRANCE 24;HD;NOTICIAS
PERU;DGO;HIGH HD;N/A;MEGANOTICIAS;HD;NOTICIAS
PERU;DGO;HIGH HD;N/A;NEWSMAX TV;HD;NOTICIAS
PERU;DGO;HIGH HD;N/A;RCN NOTICIAS;HD;NOTICIAS
PERU;DGO;HIGH HD;N/A;COMEDY CENTRAL;HD;SERIES Y PELICULAS
PERU;DGO;HIGH HD;N/A;LIFETIME;HD;SERIES Y PELICULAS
PERU;DGO;HIGH HD;N/A;DEFIANCE;HD;SERIES Y PELICULAS
PERU;DGO;HIGH HD;N/A;A&E MUNDO;HD;SERIES Y PELICULAS
PERU;DGO;HIGH HD;N/A;AMC;HD;SERIES Y PELICULAS
PERU;DGO;HIGH HD;N/A;AMC SERIES;HD;SERIES Y PELICULAS
PERU;DGO;HIGH HD;N/A;ATRES SERIES;HD;SERIES Y PELICULAS
PERU;DGO;HIGH HD;N/A;AXN;HD;SERIES Y PELICULAS
PERU;DGO;HIGH HD;N/A;CINECANAL;HD;SERIES Y PELICULAS
PERU;DGO;HIGH HD;N/A;CINEMA;HD;SERIES Y PELICULAS
PERU;DGO;HIGH HD;N/A;CINEMAX;HD;SERIES Y PELICULAS
PERU;DGO;HIGH HD;N/A;FREETV ACCIÓN;HD;SERIES Y PELICULAS
PERU;DGO;HIGH HD;N/A;FREETV DRAMA;HD;SERIES Y PELICULAS
PERU;DGO;HIGH HD;N/A;FREETV ESTELAR;HD;SERIES Y PELICULAS
PERU;DGO;HIGH HD;N/A;FREETV FAMILIA;HD;SERIES Y PELICULAS
PERU;DGO;HIGH HD;N/A;FREETV HITS;HD;SERIES Y PELICULAS
PERU;DGO;HIGH HD;N/A;FREETV TERROR;HD;SERIES Y PELICULAS
PERU;DGO;HIGH HD;N/A;FX;HD;SERIES Y PELICULAS
PERU;DGO;HIGH HD;N/A;MÓRBIDO TV;HD;SERIES Y PELICULAS
PERU;DGO;HIGH HD;N/A;SONY;HD;SERIES Y PELICULAS
PERU;DGO;HIGH HD;N/A;SONY MOVIES;HD;SERIES Y PELICULAS
PERU;DGO;HIGH HD;N/A;SPACE;HD;SERIES Y PELICULAS
PERU;DGO;HIGH HD;N/A;STAR CHANNEL;HD;SERIES Y PELICULAS
PERU;DGO;HIGH HD;N/A;STUDIO UNIVERSAL;HD;SERIES Y PELICULAS
PERU;DGO;HIGH HD;N/A;TNT HD;HD;SERIES Y PELICULAS
PERU;DGO;HIGH HD;N/A;TNT SERIES;HD;SERIES Y PELICULAS
PERU;DGO;HIGH HD;N/A;UNIVERSAL;HD;SERIES Y PELICULAS
PERU;DGO;HIGH HD;N/A;WARNER;HD;SERIES Y PELICULAS
PERU;DGO;HIGH HD;N/A;TELEMUNDO;HD;TELENOVELAS
PERU;DGO;HIGH HD;N/A;TNT NOVELAS;HD;TELENOVELAS
PERU;DGO;HIGH HD;N/A;CORAZÓN;HD;TELENOVELAS
PERU;DGO;LOW;N/A;ANIMAL PLANET;HD;CIENCIA Y CULTURA
PERU;DGO;LOW;N/A;DISCOVERY;HD;CIENCIA Y CULTURA
PERU;DGO;LOW;N/A;NATIONAL GEOGRAPHIC;HD;CIENCIA Y CULTURA
PERU;DGO;LOW;N/A;DSPORTS RADIO;HD;DEPORTES
PERU;DGO;LOW;N/A;DSPORTS;HD;DEPORTES
PERU;DGO;LOW;N/A;DSPORTS +;HD;DEPORTES
PERU;DGO;LOW;N/A;DSPORTS 2;HD;DEPORTES
PERU;DGO;LOW;N/A;ESPN;HD;DEPORTES
PERU;DGO;LOW;N/A;ESPN 2;HD;DEPORTES
PERU;DGO;LOW;N/A;ESPN 3;HD;DEPORTES
PERU;DGO;LOW;N/A;ESPN 4;HD;DEPORTES
PERU;DGO;LOW;N/A;ESPN 5;HD;DEPORTES
PERU;DGO;LOW;N/A;ESPN 6;HD;DEPORTES
PERU;DGO;LOW;N/A;ESPN 7;HD;DEPORTES
PERU;DGO;LOW;N/A;LIGA 1;HD;DEPORTES
PERU;DGO;LOW;N/A;LIGA 1 MAX;HD;DEPORTES
PERU;DGO;LOW;N/A;OVACIÓN;SD;DEPORTES
PERU;DGO;LOW;N/A;PBO;SD;DEPORTES
PERU;DGO;LOW;N/A;WILLAX;HD;DEPORTES
PERU;DGO;LOW;N/A;ESCUELA+;HD;EDUCATIVO
PERU;DGO;LOW;N/A;FREETV SABER MÁS;HD;EDUCATIVO
PERU;DGO;LOW;N/A;A LA COCINA;HD;GASTRONÓMICO
PERU;DGO;LOW;N/A;TASTEMADE;HD;GASTRONÓMICO
PERU;DGO;LOW;N/A;¡HOLA! TV;HD;HOGAR Y VARIEDADES
PERU;DGO;LOW;N/A;CLIC;HD;HOGAR Y VARIEDADES
PERU;DGO;LOW;N/A;E!;HD;HOGAR Y VARIEDADES
PERU;DGO;LOW;N/A;GRAN HERMANO;HD;HOGAR Y VARIEDADES
PERU;DGO;LOW;N/A;TASTEMADE VIAJES;HD;HOGAR Y VARIEDADES
PERU;DGO;LOW;N/A;TLC;HD;HOGAR Y VARIEDADES
PERU;DGO;LOW;N/A;DSHOW;HD;HOGAR Y VARIEDADES
PERU;DGO;LOW;N/A;CARTOON NETWORK;HD;INFANTIL
PERU;DGO;LOW;N/A;DISCOVERY KIDS;HD;INFANTIL
PERU;DGO;LOW;N/A;DISNEY CHANNEL;HD;INFANTIL
PERU;DGO;LOW;N/A;DISNEY JUNIOR;HD;INFANTIL
PERU;DGO;LOW;N/A;NICKELODEON HD;HD;INFANTIL
PERU;DGO;LOW;N/A;ADULT SWIM;HD;INFANTIL
PERU;DGO;LOW;N/A;NATIVA;HD;MUSICAL
PERU;DGO;LOW;N/A;MTV;HD;MUSICAL
PERU;DGO;LOW;N/A;AZTECA INTERNACIONAL;HD;NACIONAL
PERU;DGO;LOW;N/A;GLOBAL;HD;NACIONAL
PERU;DGO;LOW;N/A;LATINA;HD;NACIONAL
PERU;DGO;LOW;N/A;PANAMERICANA;HD;NACIONAL
PERU;DGO;LOW;N/A;SOL TV;SD;NACIONAL
PERU;DGO;LOW;N/A;AMÉRICA;HD;NACIONAL
PERU;DGO;LOW;N/A;AMÉRICA;SD;NACIONAL
PERU;DGO;LOW;N/A;ATV;HD;NACIONAL
PERU;DGO;LOW;N/A;TV PERÚ;HD;NACIONAL
PERU;DGO;LOW;N/A;RCN MAS;HD;NACIONAL
PERU;DGO;LOW;N/A;CGTN ESPAÑOL;HD;NOTICIAS
PERU;DGO;LOW;N/A;MEGATIEMPO;HD;NOTICIAS
PERU;DGO;LOW;N/A;RPP;SD;NOTICIAS
PERU;DGO;LOW;N/A;ATV+;HD;NOTICIAS
PERU;DGO;LOW;N/A;EXITOSA;SD;NOTICIAS
PERU;DGO;LOW;N/A;CNN EN ESPAÑOL;HD;NOTICIAS
PERU;DGO;LOW;N/A;CNN INTERNATIONAL;HD;NOTICIAS
PERU;DGO;LOW;N/A;DNEWS;HD;NOTICIAS
PERU;DGO;LOW;N/A;FOX NEWS;HD;NOTICIAS
PERU;DGO;LOW;N/A;FRANCE 24;HD;NOTICIAS
PERU;DGO;LOW;N/A;MEGANOTICIAS;HD;NOTICIAS
PERU;DGO;LOW;N/A;NEWSMAX TV;HD;NOTICIAS
PERU;DGO;LOW;N/A;RCN NOTICIAS;HD;NOTICIAS
PERU;DGO;LOW;N/A;DEFIANCE;HD;SERIES Y PELICULAS
PERU;DGO;LOW;N/A;A&E MUNDO;HD;SERIES Y PELICULAS
PERU;DGO;LOW;N/A;AMC SERIES;HD;SERIES Y PELICULAS
PERU;DGO;LOW;N/A;AXN;HD;SERIES Y PELICULAS
PERU;DGO;LOW;N/A;CINECANAL;HD;SERIES Y PELICULAS
PERU;DGO;LOW;N/A;CINEMA;HD;SERIES Y PELICULAS
PERU;DGO;LOW;N/A;FREETV ACCIÓN;HD;SERIES Y PELICULAS
PERU;DGO;LOW;N/A;FREETV DRAMA;HD;SERIES Y PELICULAS
PERU;DGO;LOW;N/A;FREETV ESTELAR;HD;SERIES Y PELICULAS
PERU;DGO;LOW;N/A;FREETV FAMILIA;HD;SERIES Y PELICULAS
PERU;DGO;LOW;N/A;FREETV HITS;HD;SERIES Y PELICULAS
PERU;DGO;LOW;N/A;FREETV TERROR;HD;SERIES Y PELICULAS
PERU;DGO;LOW;N/A;FX;HD;SERIES Y PELICULAS
PERU;DGO;LOW;N/A;SONY;HD;SERIES Y PELICULAS
PERU;DGO;LOW;N/A;STAR CHANNEL;HD;SERIES Y PELICULAS
PERU;DGO;LOW;N/A;STUDIO UNIVERSAL;HD;SERIES Y PELICULAS
PERU;DGO;LOW;N/A;TNT HD;HD;SERIES Y PELICULAS
PERU;DGO;LOW;N/A;UNIVERSAL;HD;SERIES Y PELICULAS
PERU;DGO;LOW;N/A;WARNER;HD;SERIES Y PELICULAS
PERU;DGO;LOW;N/A;TELEMUNDO;HD;TELENOVELAS
PERU;DGO;LOW;N/A;CORAZÓN;HD;TELENOVELAS
PERU;DGO;MEDIUM;N/A;ANIMAL PLANET;HD;CIENCIA Y CULTURA
PERU;DGO;MEDIUM;N/A;DISCOVERY;HD;CIENCIA Y CULTURA
PERU;DGO;MEDIUM;N/A;HISTORY;HD;CIENCIA Y CULTURA
PERU;DGO;MEDIUM;N/A;HISTORY 2;HD;CIENCIA Y CULTURA
PERU;DGO;MEDIUM;N/A;ID;HD;CIENCIA Y CULTURA
PERU;DGO;MEDIUM;N/A;NATIONAL GEOGRAPHIC;HD;CIENCIA Y CULTURA
PERU;DGO;MEDIUM;N/A;DSPORTS RADIO;HD;DEPORTES
PERU;DGO;MEDIUM;N/A;DSPORTS;HD;DEPORTES
PERU;DGO;MEDIUM;N/A;DSPORTS +;HD;DEPORTES
PERU;DGO;MEDIUM;N/A;DSPORTS 2;HD;DEPORTES
PERU;DGO;MEDIUM;N/A;ESPN;HD;DEPORTES
PERU;DGO;MEDIUM;N/A;ESPN 2;HD;DEPORTES
PERU;DGO;MEDIUM;N/A;ESPN 3;HD;DEPORTES
PERU;DGO;MEDIUM;N/A;ESPN 4;HD;DEPORTES
PERU;DGO;MEDIUM;N/A;ESPN 5;HD;DEPORTES
PERU;DGO;MEDIUM;N/A;ESPN 6;HD;DEPORTES
PERU;DGO;MEDIUM;N/A;ESPN 7;HD;DEPORTES
PERU;DGO;MEDIUM;N/A;LIGA 1;HD;DEPORTES
PERU;DGO;MEDIUM;N/A;LIGA 1 MAX;HD;DEPORTES
PERU;DGO;MEDIUM;N/A;OVACIÓN;SD;DEPORTES
PERU;DGO;MEDIUM;N/A;PBO;SD;DEPORTES
PERU;DGO;MEDIUM;N/A;WILLAX;HD;DEPORTES
PERU;DGO;MEDIUM;N/A;ESCUELA+;HD;EDUCATIVO
PERU;DGO;MEDIUM;N/A;FREETV SABER MÁS;HD;EDUCATIVO
PERU;DGO;MEDIUM;N/A;A LA COCINA;HD;GASTRONÓMICO
PERU;DGO;MEDIUM;N/A;EL GOURMET;HD;GASTRONÓMICO
PERU;DGO;MEDIUM;N/A;FOOD NETWORK;HD;GASTRONÓMICO
PERU;DGO;MEDIUM;N/A;TASTEMADE;HD;GASTRONÓMICO
PERU;DGO;MEDIUM;N/A;¡HOLA! TV;HD;HOGAR Y VARIEDADES
PERU;DGO;MEDIUM;N/A;CLIC;HD;HOGAR Y VARIEDADES
PERU;DGO;MEDIUM;N/A;DISCOVERY HOME & HEALTH;HD;HOGAR Y VARIEDADES
PERU;DGO;MEDIUM;N/A;E!;HD;HOGAR Y VARIEDADES
PERU;DGO;MEDIUM;N/A;GRAN HERMANO;HD;HOGAR Y VARIEDADES
PERU;DGO;MEDIUM;N/A;TASTEMADE VIAJES;HD;HOGAR Y VARIEDADES
PERU;DGO;MEDIUM;N/A;TLC;HD;HOGAR Y VARIEDADES
PERU;DGO;MEDIUM;N/A;DSHOW;HD;HOGAR Y VARIEDADES
PERU;DGO;MEDIUM;N/A;CARTOON NETWORK;HD;INFANTIL
PERU;DGO;MEDIUM;N/A;CARTOONITO;HD;INFANTIL
PERU;DGO;MEDIUM;N/A;DISCOVERY KIDS;HD;INFANTIL
PERU;DGO;MEDIUM;N/A;DISNEY CHANNEL;HD;INFANTIL
PERU;DGO;MEDIUM;N/A;DISNEY JUNIOR;HD;INFANTIL
PERU;DGO;MEDIUM;N/A;NICK JR.;HD;INFANTIL
PERU;DGO;MEDIUM;N/A;NICKELODEON HD;HD;INFANTIL
PERU;DGO;MEDIUM;N/A;ADULT SWIM;HD;INFANTIL
PERU;DGO;MEDIUM;N/A;NATIVA;HD;MUSICAL
PERU;DGO;MEDIUM;N/A;MTV;HD;MUSICAL
PERU;DGO;MEDIUM;N/A;ANTENA 3;HD;NACIONAL
PERU;DGO;MEDIUM;N/A;AZTECA INTERNACIONAL;HD;NACIONAL
PERU;DGO;MEDIUM;N/A;GLOBAL;HD;NACIONAL
PERU;DGO;MEDIUM;N/A;LATINA;HD;NACIONAL
PERU;DGO;MEDIUM;N/A;PANAMERICANA;HD;NACIONAL
PERU;DGO;MEDIUM;N/A;SOL TV;SD;NACIONAL
PERU;DGO;MEDIUM;N/A;AMÉRICA;HD;NACIONAL
PERU;DGO;MEDIUM;N/A;AMÉRICA;SD;NACIONAL
PERU;DGO;MEDIUM;N/A;ATV;HD;NACIONAL
PERU;DGO;MEDIUM;N/A;TV PERÚ;HD;NACIONAL
PERU;DGO;MEDIUM;N/A;RCN MAS;HD;NACIONAL
PERU;DGO;MEDIUM;N/A;CGTN ESPAÑOL;HD;NOTICIAS
PERU;DGO;MEDIUM;N/A;MEGATIEMPO;HD;NOTICIAS
PERU;DGO;MEDIUM;N/A;RPP;SD;NOTICIAS
PERU;DGO;MEDIUM;N/A;ATV+;HD;NOTICIAS
PERU;DGO;MEDIUM;N/A;EXITOSA;SD;NOTICIAS
PERU;DGO;MEDIUM;N/A;CNN EN ESPAÑOL;HD;NOTICIAS
PERU;DGO;MEDIUM;N/A;CNN INTERNATIONAL;HD;NOTICIAS
PERU;DGO;MEDIUM;N/A;DNEWS;HD;NOTICIAS
PERU;DGO;MEDIUM;N/A;FOX NEWS;HD;NOTICIAS
PERU;DGO;MEDIUM;N/A;FRANCE 24;HD;NOTICIAS
PERU;DGO;MEDIUM;N/A;MEGANOTICIAS;HD;NOTICIAS
PERU;DGO;MEDIUM;N/A;NEWSMAX TV;HD;NOTICIAS
PERU;DGO;MEDIUM;N/A;RCN NOTICIAS;HD;NOTICIAS
PERU;DGO;MEDIUM;N/A;DEFIANCE;HD;SERIES Y PELICULAS
PERU;DGO;MEDIUM;N/A;A&E MUNDO;HD;SERIES Y PELICULAS
PERU;DGO;MEDIUM;N/A;AMC;HD;SERIES Y PELICULAS
PERU;DGO;MEDIUM;N/A;AMC SERIES;HD;SERIES Y PELICULAS
PERU;DGO;MEDIUM;N/A;AXN;HD;SERIES Y PELICULAS
PERU;DGO;MEDIUM;N/A;CINECANAL;HD;SERIES Y PELICULAS
PERU;DGO;MEDIUM;N/A;CINEMA;HD;SERIES Y PELICULAS
PERU;DGO;MEDIUM;N/A;FREETV ACCIÓN;HD;SERIES Y PELICULAS
PERU;DGO;MEDIUM;N/A;FREETV DRAMA;HD;SERIES Y PELICULAS
PERU;DGO;MEDIUM;N/A;FREETV ESTELAR;HD;SERIES Y PELICULAS
PERU;DGO;MEDIUM;N/A;FREETV FAMILIA;HD;SERIES Y PELICULAS
PERU;DGO;MEDIUM;N/A;FREETV HITS;HD;SERIES Y PELICULAS
PERU;DGO;MEDIUM;N/A;FREETV TERROR;HD;SERIES Y PELICULAS
PERU;DGO;MEDIUM;N/A;FX;HD;SERIES Y PELICULAS
PERU;DGO;MEDIUM;N/A;SONY;HD;SERIES Y PELICULAS
PERU;DGO;MEDIUM;N/A;SONY MOVIES;HD;SERIES Y PELICULAS
PERU;DGO;MEDIUM;N/A;SPACE;HD;SERIES Y PELICULAS
PERU;DGO;MEDIUM;N/A;STAR CHANNEL;HD;SERIES Y PELICULAS
PERU;DGO;MEDIUM;N/A;STUDIO UNIVERSAL;HD;SERIES Y PELICULAS
PERU;DGO;MEDIUM;N/A;TNT HD;HD;SERIES Y PELICULAS
PERU;DGO;MEDIUM;N/A;TNT SERIES;HD;SERIES Y PELICULAS
PERU;DGO;MEDIUM;N/A;UNIVERSAL;HD;SERIES Y PELICULAS
PERU;DGO;MEDIUM;N/A;WARNER;HD;SERIES Y PELICULAS
PERU;DGO;MEDIUM;N/A;TELEMUNDO;HD;TELENOVELAS
PERU;DGO;MEDIUM;N/A;TNT NOVELAS;HD;TELENOVELAS
PERU;DGO;MEDIUM;N/A;CORAZÓN;HD;TELENOVELAS
PERU;DGO;PLAN FÚTBOL;N/A;DSPORTS RADIO;HD;DEPORTES
PERU;DGO;PLAN FÚTBOL;N/A;DSPORTS;HD;DEPORTES
PERU;DGO;PLAN FÚTBOL;N/A;DSPORTS +;HD;DEPORTES
PERU;DGO;PLAN FÚTBOL;N/A;DSPORTS 2;HD;DEPORTES
PERU;DGO;PLAN FÚTBOL;N/A;LIGA 1;HD;DEPORTES
PERU;DGO;PLAN FÚTBOL;N/A;LIGA 1 MAX;HD;DEPORTES
PERU;DGO;PLAN FÚTBOL;N/A;OVACIÓN;SD;DEPORTES
PERU;DGO;PLAN FÚTBOL;N/A;PBO;SD;DEPORTES
PERU;DGO;PLAN FÚTBOL;N/A;WILLAX;HD;DEPORTES
PERU;DGO;PLAN FÚTBOL;N/A;ESCUELA+;HD;EDUCATIVO
PERU;DGO;PLAN FÚTBOL;N/A;FREETV SABER MÁS;HD;EDUCATIVO
PERU;DGO;PLAN FÚTBOL;N/A;TASTEMADE;HD;GASTRONÓMICO
PERU;DGO;PLAN FÚTBOL;N/A;GRAN HERMANO;HD;HOGAR Y VARIEDADES
PERU;DGO;PLAN FÚTBOL;N/A;TASTEMADE VIAJES;HD;HOGAR Y VARIEDADES
PERU;DGO;PLAN FÚTBOL;N/A;DSHOW;HD;HOGAR Y VARIEDADES
PERU;DGO;PLAN FÚTBOL;N/A;NATIVA;HD;MUSICAL
PERU;DGO;PLAN FÚTBOL;N/A;GLOBAL;HD;NACIONAL
PERU;DGO;PLAN FÚTBOL;N/A;LATINA;HD;NACIONAL
PERU;DGO;PLAN FÚTBOL;N/A;PANAMERICANA;HD;NACIONAL
PERU;DGO;PLAN FÚTBOL;N/A;SOL TV;SD;NACIONAL
PERU;DGO;PLAN FÚTBOL;N/A;AMÉRICA;HD;NACIONAL
PERU;DGO;PLAN FÚTBOL;N/A;ATV;HD;NACIONAL
PERU;DGO;PLAN FÚTBOL;N/A;TV PERÚ;HD;NACIONAL
PERU;DGO;PLAN FÚTBOL;N/A;RCN MAS;HD;NACIONAL
PERU;DGO;PLAN FÚTBOL;N/A;MEGATIEMPO;HD;NOTICIAS
PERU;DGO;PLAN FÚTBOL;N/A;RPP;SD;NOTICIAS
PERU;DGO;PLAN FÚTBOL;N/A;ATV+;HD;NOTICIAS
PERU;DGO;PLAN FÚTBOL;N/A;EXITOSA;SD;NOTICIAS
PERU;DGO;PLAN FÚTBOL;N/A;DNEWS;HD;NOTICIAS
PERU;DGO;PLAN FÚTBOL;N/A;FRANCE 24;HD;NOTICIAS
PERU;DGO;PLAN FÚTBOL;N/A;MEGANOTICIAS;HD;NOTICIAS
PERU;DGO;PLAN FÚTBOL;N/A;RCN NOTICIAS;HD;NOTICIAS
PERU;DGO;PLAN FÚTBOL;N/A;FREETV ACCIÓN;HD;SERIES Y PELICULAS
PERU;DGO;PLAN FÚTBOL;N/A;FREETV DRAMA;HD;SERIES Y PELICULAS
PERU;DGO;PLAN FÚTBOL;N/A;FREETV ESTELAR;HD;SERIES Y PELICULAS
PERU;DGO;PLAN FÚTBOL;N/A;FREETV FAMILIA;HD;SERIES Y PELICULAS
PERU;DGO;PLAN FÚTBOL;N/A;FREETV HITS;HD;SERIES Y PELICULAS
PERU;DGO;PLAN FÚTBOL;N/A;FREETV TERROR;HD;SERIES Y PELICULAS
PERU;DGO;PLAN GRATUITO;N/A;FREETV SABER MÁS;HD;EDUCATIVO
PERU;DGO;PLAN GRATUITO;N/A;TASTEMADE;HD;GASTRONÓMICO
PERU;DGO;PLAN GRATUITO;N/A;TASTEMADE VIAJES;HD;HOGAR Y VARIEDADES
PERU;DGO;PLAN GRATUITO;N/A;MEGATIEMPO;HD;NOTICIAS
PERU;DGO;PLAN GRATUITO;N/A;DNEWS;HD;NOTICIAS
PERU;DGO;PLAN GRATUITO;N/A;MEGANOTICIAS;HD;NOTICIAS
PERU;DGO;PLAN GRATUITO;N/A;FREETV ACCIÓN;HD;SERIES Y PELICULAS
PERU;DGO;PLAN GRATUITO;N/A;FREETV DRAMA;HD;SERIES Y PELICULAS
PERU;DGO;PLAN GRATUITO;N/A;FREETV ESTELAR;HD;SERIES Y PELICULAS
PERU;DGO;PLAN GRATUITO;N/A;FREETV FAMILIA;HD;SERIES Y PELICULAS
PERU;DGO;PLAN GRATUITO;N/A;FREETV HITS;HD;SERIES Y PELICULAS
PERU;DGO;PLAN GRATUITO;N/A;FREETV TERROR;HD;SERIES Y PELICULAS
PERU;DGO;PLAN STREAMING;N/A;DSPORTS RADIO;HD;DEPORTES
PERU;DGO;PLAN STREAMING;N/A;DSPORTS;HD;DEPORTES
PERU;DGO;PLAN STREAMING;N/A;DSPORTS +;HD;DEPORTES
PERU;DGO;PLAN STREAMING;N/A;DSPORTS 2;HD;DEPORTES
PERU;DGO;PLAN STREAMING;N/A;OVACIÓN;SD;DEPORTES
PERU;DGO;PLAN STREAMING;N/A;PBO;SD;DEPORTES
PERU;DGO;PLAN STREAMING;N/A;WILLAX;HD;DEPORTES
PERU;DGO;PLAN STREAMING;N/A;ESCUELA+;HD;EDUCATIVO
PERU;DGO;PLAN STREAMING;N/A;FREETV SABER MÁS;HD;EDUCATIVO
PERU;DGO;PLAN STREAMING;N/A;TASTEMADE;HD;GASTRONÓMICO
PERU;DGO;PLAN STREAMING;N/A;GRAN HERMANO;HD;HOGAR Y VARIEDADES
PERU;DGO;PLAN STREAMING;N/A;TASTEMADE VIAJES;HD;HOGAR Y VARIEDADES
PERU;DGO;PLAN STREAMING;N/A;DSHOW;HD;HOGAR Y VARIEDADES
PERU;DGO;PLAN STREAMING;N/A;NATIVA;HD;MUSICAL
PERU;DGO;PLAN STREAMING;N/A;GLOBAL;HD;NACIONAL
PERU;DGO;PLAN STREAMING;N/A;LATINA;HD;NACIONAL
PERU;DGO;PLAN STREAMING;N/A;PANAMERICANA;HD;NACIONAL
PERU;DGO;PLAN STREAMING;N/A;SOL TV;SD;NACIONAL
PERU;DGO;PLAN STREAMING;N/A;AMÉRICA;HD;NACIONAL
PERU;DGO;PLAN STREAMING;N/A;ATV;HD;NACIONAL
PERU;DGO;PLAN STREAMING;N/A;TV PERÚ;HD;NACIONAL
PERU;DGO;PLAN STREAMING;N/A;RCN MAS;HD;NACIONAL
PERU;DGO;PLAN STREAMING;N/A;MEGATIEMPO;HD;NOTICIAS
PERU;DGO;PLAN STREAMING;N/A;RPP;SD;NOTICIAS
PERU;DGO;PLAN STREAMING;N/A;ATV+;HD;NOTICIAS
PERU;DGO;PLAN STREAMING;N/A;EXITOSA;SD;NOTICIAS
PERU;DGO;PLAN STREAMING;N/A;DNEWS;HD;NOTICIAS
PERU;DGO;PLAN STREAMING;N/A;FRANCE 24;HD;NOTICIAS
PERU;DGO;PLAN STREAMING;N/A;MEGANOTICIAS;HD;NOTICIAS
PERU;DGO;PLAN STREAMING;N/A;RCN NOTICIAS;HD;NOTICIAS
PERU;DGO;PLAN STREAMING;N/A;FREETV ACCIÓN;HD;SERIES Y PELICULAS
PERU;DGO;PLAN STREAMING;N/A;FREETV DRAMA;HD;SERIES Y PELICULAS
PERU;DGO;PLAN STREAMING;N/A;FREETV ESTELAR;HD;SERIES Y PELICULAS
PERU;DGO;PLAN STREAMING;N/A;FREETV FAMILIA;HD;SERIES Y PELICULAS
PERU;DGO;PLAN STREAMING;N/A;FREETV HITS;HD;SERIES Y PELICULAS
PERU;DGO;PLAN STREAMING;N/A;FREETV TERROR;HD;SERIES Y PELICULAS
PERU;DGO;PLAN TV;N/A;ANIMAL PLANET;HD;CIENCIA Y CULTURA
PERU;DGO;PLAN TV;N/A;DISCOVERY;HD;CIENCIA Y CULTURA
PERU;DGO;PLAN TV;N/A;DISCOVERY THEATER;HD;CIENCIA Y CULTURA
PERU;DGO;PLAN TV;N/A;HISTORY;HD;CIENCIA Y CULTURA
PERU;DGO;PLAN TV;N/A;HISTORY 2;HD;CIENCIA Y CULTURA
PERU;DGO;PLAN TV;N/A;ID;HD;CIENCIA Y CULTURA
PERU;DGO;PLAN TV;N/A;NATIONAL GEOGRAPHIC;HD;CIENCIA Y CULTURA
PERU;DGO;PLAN TV;N/A;DISCOVERY WORLD;HD;CIENCIA Y CULTURA
PERU;DGO;PLAN TV;N/A;DSPORTS RADIO;HD;DEPORTES
PERU;DGO;PLAN TV;N/A;DSPORTS;HD;DEPORTES
PERU;DGO;PLAN TV;N/A;DSPORTS +;HD;DEPORTES
PERU;DGO;PLAN TV;N/A;DSPORTS 2;HD;DEPORTES
PERU;DGO;PLAN TV;N/A;ESPN;HD;DEPORTES
PERU;DGO;PLAN TV;N/A;ESPN 2;HD;DEPORTES
PERU;DGO;PLAN TV;N/A;ESPN 3;HD;DEPORTES
PERU;DGO;PLAN TV;N/A;ESPN 4;HD;DEPORTES
PERU;DGO;PLAN TV;N/A;ESPN 5;HD;DEPORTES
PERU;DGO;PLAN TV;N/A;ESPN 6;HD;DEPORTES
PERU;DGO;PLAN TV;N/A;ESPN 7;HD;DEPORTES
PERU;DGO;PLAN TV;N/A;GOLF CHANNEL;HD;DEPORTES
PERU;DGO;PLAN TV;N/A;LIGA 1;HD;DEPORTES
PERU;DGO;PLAN TV;N/A;LIGA 1 MAX;HD;DEPORTES
PERU;DGO;PLAN TV;N/A;TYC SPORTS;HD;DEPORTES
PERU;DGO;PLAN TV;N/A;OVACIÓN;SD;DEPORTES
PERU;DGO;PLAN TV;N/A;PBO;SD;DEPORTES
PERU;DGO;PLAN TV;N/A;WILLAX;HD;DEPORTES
PERU;DGO;PLAN TV;N/A;ESCUELA+;HD;EDUCATIVO
PERU;DGO;PLAN TV;N/A;FREETV SABER MÁS;HD;EDUCATIVO
PERU;DGO;PLAN TV;N/A;A LA COCINA;HD;GASTRONÓMICO
PERU;DGO;PLAN TV;N/A;EL GOURMET;HD;GASTRONÓMICO
PERU;DGO;PLAN TV;N/A;FOOD NETWORK;HD;GASTRONÓMICO
PERU;DGO;PLAN TV;N/A;TASTEMADE;HD;GASTRONÓMICO
PERU;DGO;PLAN TV;N/A;¡HOLA! TV;HD;HOGAR Y VARIEDADES
PERU;DGO;PLAN TV;N/A;CLIC;HD;HOGAR Y VARIEDADES
PERU;DGO;PLAN TV;N/A;DISCOVERY HOME & HEALTH;HD;HOGAR Y VARIEDADES
PERU;DGO;PLAN TV;N/A;DISCOVERY TURBO;HD;HOGAR Y VARIEDADES
PERU;DGO;PLAN TV;N/A;E!;HD;HOGAR Y VARIEDADES
PERU;DGO;PLAN TV;N/A;GRAN HERMANO;HD;HOGAR Y VARIEDADES
PERU;DGO;PLAN TV;N/A;HGTV;HD;HOGAR Y VARIEDADES
PERU;DGO;PLAN TV;N/A;TASTEMADE VIAJES;HD;HOGAR Y VARIEDADES
PERU;DGO;PLAN TV;N/A;TLC;HD;HOGAR Y VARIEDADES
PERU;DGO;PLAN TV;N/A;DSHOW;HD;HOGAR Y VARIEDADES
PERU;DGO;PLAN TV;N/A;BABY TV;HD;INFANTIL
PERU;DGO;PLAN TV;N/A;CARTOON NETWORK;HD;INFANTIL
PERU;DGO;PLAN TV;N/A;CARTOONITO;HD;INFANTIL
PERU;DGO;PLAN TV;N/A;DISCOVERY KIDS;HD;INFANTIL
PERU;DGO;PLAN TV;N/A;DISNEY CHANNEL;HD;INFANTIL
PERU;DGO;PLAN TV;N/A;DISNEY JUNIOR;HD;INFANTIL
PERU;DGO;PLAN TV;N/A;EL REINO INFANTIL;HD;INFANTIL
PERU;DGO;PLAN TV;N/A;NICK JR.;HD;INFANTIL
PERU;DGO;PLAN TV;N/A;NICKELODEON HD;HD;INFANTIL
PERU;DGO;PLAN TV;N/A;PLIM PLIM;HD;INFANTIL
PERU;DGO;PLAN TV;N/A;ADULT SWIM;HD;INFANTIL
PERU;DGO;PLAN TV;N/A;NATIVA;HD;MUSICAL
PERU;DGO;PLAN TV;N/A;MTV;HD;MUSICAL
PERU;DGO;PLAN TV;N/A;ANTENA 3;HD;NACIONAL
PERU;DGO;PLAN TV;N/A;AZTECA INTERNACIONAL;HD;NACIONAL
PERU;DGO;PLAN TV;N/A;GLOBAL;HD;NACIONAL
PERU;DGO;PLAN TV;N/A;LATINA;HD;NACIONAL
PERU;DGO;PLAN TV;N/A;PANAMERICANA;HD;NACIONAL
PERU;DGO;PLAN TV;N/A;SOL TV;SD;NACIONAL
PERU;DGO;PLAN TV;N/A;AMÉRICA;HD;NACIONAL
PERU;DGO;PLAN TV;N/A;AMÉRICA;SD;NACIONAL
PERU;DGO;PLAN TV;N/A;ATV;HD;NACIONAL
PERU;DGO;PLAN TV;N/A;TV PERÚ;HD;NACIONAL
PERU;DGO;PLAN TV;N/A;RAI ITALIA;HD;NACIONAL
PERU;DGO;PLAN TV;N/A;RCN MAS;HD;NACIONAL
PERU;DGO;PLAN TV;N/A;CGTN ESPAÑOL;HD;NOTICIAS
PERU;DGO;PLAN TV;N/A;MEGATIEMPO;HD;NOTICIAS
PERU;DGO;PLAN TV;N/A;RPP;SD;NOTICIAS
PERU;DGO;PLAN TV;N/A;ATV+;HD;NOTICIAS
PERU;DGO;PLAN TV;N/A;EXITOSA;SD;NOTICIAS
PERU;DGO;PLAN TV;N/A;BLOOMBERG;HD;NOTICIAS
PERU;DGO;PLAN TV;N/A;CNN EN ESPAÑOL;HD;NOTICIAS
PERU;DGO;PLAN TV;N/A;CNN INTERNATIONAL;HD;NOTICIAS
PERU;DGO;PLAN TV;N/A;DNEWS;HD;NOTICIAS
PERU;DGO;PLAN TV;N/A;FOX NEWS;HD;NOTICIAS
PERU;DGO;PLAN TV;N/A;FRANCE 24;HD;NOTICIAS
PERU;DGO;PLAN TV;N/A;MEGANOTICIAS;HD;NOTICIAS
PERU;DGO;PLAN TV;N/A;NEWSMAX TV;HD;NOTICIAS
PERU;DGO;PLAN TV;N/A;RCN NOTICIAS;HD;NOTICIAS
PERU;DGO;PLAN TV;N/A;COMEDY CENTRAL;HD;SERIES Y PELICULAS
PERU;DGO;PLAN TV;N/A;LIFETIME;HD;SERIES Y PELICULAS
PERU;DGO;PLAN TV;N/A;USA;HD;SERIES Y PELICULAS
PERU;DGO;PLAN TV;N/A;DEFIANCE;HD;SERIES Y PELICULAS
PERU;DGO;PLAN TV;N/A;A&E MUNDO;HD;SERIES Y PELICULAS
PERU;DGO;PLAN TV;N/A;AMC;HD;SERIES Y PELICULAS
PERU;DGO;PLAN TV;N/A;AMC SERIES;HD;SERIES Y PELICULAS
PERU;DGO;PLAN TV;N/A;ATRES SERIES;HD;SERIES Y PELICULAS
PERU;DGO;PLAN TV;N/A;AXN;HD;SERIES Y PELICULAS
PERU;DGO;PLAN TV;N/A;CINECANAL;HD;SERIES Y PELICULAS
PERU;DGO;PLAN TV;N/A;CINEMA;HD;SERIES Y PELICULAS
PERU;DGO;PLAN TV;N/A;CINEMAX;HD;SERIES Y PELICULAS
PERU;DGO;PLAN TV;N/A;FREETV ACCIÓN;HD;SERIES Y PELICULAS
PERU;DGO;PLAN TV;N/A;FREETV DRAMA;HD;SERIES Y PELICULAS
PERU;DGO;PLAN TV;N/A;FREETV ESTELAR;HD;SERIES Y PELICULAS
PERU;DGO;PLAN TV;N/A;FREETV FAMILIA;HD;SERIES Y PELICULAS
PERU;DGO;PLAN TV;N/A;FREETV HITS;HD;SERIES Y PELICULAS
PERU;DGO;PLAN TV;N/A;FREETV TERROR;HD;SERIES Y PELICULAS
PERU;DGO;PLAN TV;N/A;FX;HD;SERIES Y PELICULAS
PERU;DGO;PLAN TV;N/A;MÓRBIDO TV;HD;SERIES Y PELICULAS
PERU;DGO;PLAN TV;N/A;SONY;HD;SERIES Y PELICULAS
PERU;DGO;PLAN TV;N/A;SONY MOVIES;HD;SERIES Y PELICULAS
PERU;DGO;PLAN TV;N/A;SPACE;HD;SERIES Y PELICULAS
PERU;DGO;PLAN TV;N/A;STAR CHANNEL;HD;SERIES Y PELICULAS
PERU;DGO;PLAN TV;N/A;STUDIO UNIVERSAL;HD;SERIES Y PELICULAS
PERU;DGO;PLAN TV;N/A;TNT HD;HD;SERIES Y PELICULAS
PERU;DGO;PLAN TV;N/A;TNT SERIES;HD;SERIES Y PELICULAS
PERU;DGO;PLAN TV;N/A;UNIVERSAL;HD;SERIES Y PELICULAS
PERU;DGO;PLAN TV;N/A;WARNER;HD;SERIES Y PELICULAS
PERU;DGO;PLAN TV;N/A;TELEMUNDO;HD;TELENOVELAS
PERU;DGO;PLAN TV;N/A;TNT NOVELAS;HD;TELENOVELAS
PERU;DGO;PLAN TV;N/A;CORAZÓN;HD;TELENOVELAS
PERU;DGO;PLAN TV + STREAMING;N/A;ANIMAL PLANET;HD;CIENCIA Y CULTURA
PERU;DGO;PLAN TV + STREAMING;N/A;DISCOVERY;HD;CIENCIA Y CULTURA
PERU;DGO;PLAN TV + STREAMING;N/A;DISCOVERY THEATER;HD;CIENCIA Y CULTURA
PERU;DGO;PLAN TV + STREAMING;N/A;HISTORY;HD;CIENCIA Y CULTURA
PERU;DGO;PLAN TV + STREAMING;N/A;HISTORY 2;HD;CIENCIA Y CULTURA
PERU;DGO;PLAN TV + STREAMING;N/A;ID;HD;CIENCIA Y CULTURA
PERU;DGO;PLAN TV + STREAMING;N/A;NATIONAL GEOGRAPHIC;HD;CIENCIA Y CULTURA
PERU;DGO;PLAN TV + STREAMING;N/A;DISCOVERY WORLD;HD;CIENCIA Y CULTURA
PERU;DGO;PLAN TV + STREAMING;N/A;DSPORTS RADIO;HD;DEPORTES
PERU;DGO;PLAN TV + STREAMING;N/A;DSPORTS;HD;DEPORTES
PERU;DGO;PLAN TV + STREAMING;N/A;DSPORTS +;HD;DEPORTES
PERU;DGO;PLAN TV + STREAMING;N/A;DSPORTS 2;HD;DEPORTES
PERU;DGO;PLAN TV + STREAMING;N/A;ESPN;HD;DEPORTES
PERU;DGO;PLAN TV + STREAMING;N/A;ESPN 2;HD;DEPORTES
PERU;DGO;PLAN TV + STREAMING;N/A;ESPN 3;HD;DEPORTES
PERU;DGO;PLAN TV + STREAMING;N/A;ESPN 4;HD;DEPORTES
PERU;DGO;PLAN TV + STREAMING;N/A;ESPN 5;HD;DEPORTES
PERU;DGO;PLAN TV + STREAMING;N/A;ESPN 6;HD;DEPORTES
PERU;DGO;PLAN TV + STREAMING;N/A;ESPN 7;HD;DEPORTES
PERU;DGO;PLAN TV + STREAMING;N/A;GOLF CHANNEL;HD;DEPORTES
PERU;DGO;PLAN TV + STREAMING;N/A;LIGA 1;HD;DEPORTES
PERU;DGO;PLAN TV + STREAMING;N/A;LIGA 1 MAX;HD;DEPORTES
PERU;DGO;PLAN TV + STREAMING;N/A;TYC SPORTS;HD;DEPORTES
PERU;DGO;PLAN TV + STREAMING;N/A;OVACIÓN;SD;DEPORTES
PERU;DGO;PLAN TV + STREAMING;N/A;PBO;SD;DEPORTES
PERU;DGO;PLAN TV + STREAMING;N/A;WILLAX;HD;DEPORTES
PERU;DGO;PLAN TV + STREAMING;N/A;ESCUELA+;HD;EDUCATIVO
PERU;DGO;PLAN TV + STREAMING;N/A;FREETV SABER MÁS;HD;EDUCATIVO
PERU;DGO;PLAN TV + STREAMING;N/A;A LA COCINA;HD;GASTRONÓMICO
PERU;DGO;PLAN TV + STREAMING;N/A;EL GOURMET;HD;GASTRONÓMICO
PERU;DGO;PLAN TV + STREAMING;N/A;FOOD NETWORK;HD;GASTRONÓMICO
PERU;DGO;PLAN TV + STREAMING;N/A;TASTEMADE;HD;GASTRONÓMICO
PERU;DGO;PLAN TV + STREAMING;N/A;¡HOLA! TV;HD;HOGAR Y VARIEDADES
PERU;DGO;PLAN TV + STREAMING;N/A;CLIC;HD;HOGAR Y VARIEDADES
PERU;DGO;PLAN TV + STREAMING;N/A;DISCOVERY HOME & HEALTH;HD;HOGAR Y VARIEDADES
PERU;DGO;PLAN TV + STREAMING;N/A;DISCOVERY TURBO;HD;HOGAR Y VARIEDADES
PERU;DGO;PLAN TV + STREAMING;N/A;E!;HD;HOGAR Y VARIEDADES
PERU;DGO;PLAN TV + STREAMING;N/A;GRAN HERMANO;HD;HOGAR Y VARIEDADES
PERU;DGO;PLAN TV + STREAMING;N/A;HGTV;HD;HOGAR Y VARIEDADES
PERU;DGO;PLAN TV + STREAMING;N/A;TASTEMADE VIAJES;HD;HOGAR Y VARIEDADES
PERU;DGO;PLAN TV + STREAMING;N/A;TLC;HD;HOGAR Y VARIEDADES
PERU;DGO;PLAN TV + STREAMING;N/A;DSHOW;HD;HOGAR Y VARIEDADES
PERU;DGO;PLAN TV + STREAMING;N/A;BABY TV;HD;INFANTIL
PERU;DGO;PLAN TV + STREAMING;N/A;CARTOON NETWORK;HD;INFANTIL
PERU;DGO;PLAN TV + STREAMING;N/A;CARTOONITO;HD;INFANTIL
PERU;DGO;PLAN TV + STREAMING;N/A;DISCOVERY KIDS;HD;INFANTIL
PERU;DGO;PLAN TV + STREAMING;N/A;DISNEY CHANNEL;HD;INFANTIL
PERU;DGO;PLAN TV + STREAMING;N/A;DISNEY JUNIOR;HD;INFANTIL
PERU;DGO;PLAN TV + STREAMING;N/A;EL REINO INFANTIL;HD;INFANTIL
PERU;DGO;PLAN TV + STREAMING;N/A;NICK JR.;HD;INFANTIL
PERU;DGO;PLAN TV + STREAMING;N/A;NICKELODEON HD;HD;INFANTIL
PERU;DGO;PLAN TV + STREAMING;N/A;PLIM PLIM;HD;INFANTIL
PERU;DGO;PLAN TV + STREAMING;N/A;ADULT SWIM;HD;INFANTIL
PERU;DGO;PLAN TV + STREAMING;N/A;NATIVA;HD;MUSICAL
PERU;DGO;PLAN TV + STREAMING;N/A;MTV;HD;MUSICAL
PERU;DGO;PLAN TV + STREAMING;N/A;ANTENA 3;HD;NACIONAL
PERU;DGO;PLAN TV + STREAMING;N/A;AZTECA INTERNACIONAL;HD;NACIONAL
PERU;DGO;PLAN TV + STREAMING;N/A;GLOBAL;HD;NACIONAL
PERU;DGO;PLAN TV + STREAMING;N/A;LATINA;HD;NACIONAL
PERU;DGO;PLAN TV + STREAMING;N/A;PANAMERICANA;HD;NACIONAL
PERU;DGO;PLAN TV + STREAMING;N/A;SOL TV;SD;NACIONAL
PERU;DGO;PLAN TV + STREAMING;N/A;AMÉRICA;HD;NACIONAL
PERU;DGO;PLAN TV + STREAMING;N/A;AMÉRICA;SD;NACIONAL
PERU;DGO;PLAN TV + STREAMING;N/A;ATV;HD;NACIONAL
PERU;DGO;PLAN TV + STREAMING;N/A;TV PERÚ;HD;NACIONAL
PERU;DGO;PLAN TV + STREAMING;N/A;RAI ITALIA;HD;NACIONAL
PERU;DGO;PLAN TV + STREAMING;N/A;RCN MAS;HD;NACIONAL
PERU;DGO;PLAN TV + STREAMING;N/A;CGTN ESPAÑOL;HD;NOTICIAS
PERU;DGO;PLAN TV + STREAMING;N/A;MEGATIEMPO;HD;NOTICIAS
PERU;DGO;PLAN TV + STREAMING;N/A;RPP;SD;NOTICIAS
PERU;DGO;PLAN TV + STREAMING;N/A;ATV+;HD;NOTICIAS
PERU;DGO;PLAN TV + STREAMING;N/A;EXITOSA;SD;NOTICIAS
PERU;DGO;PLAN TV + STREAMING;N/A;BLOOMBERG;HD;NOTICIAS
PERU;DGO;PLAN TV + STREAMING;N/A;CNN EN ESPAÑOL;HD;NOTICIAS
PERU;DGO;PLAN TV + STREAMING;N/A;CNN INTERNATIONAL;HD;NOTICIAS
PERU;DGO;PLAN TV + STREAMING;N/A;DNEWS;HD;NOTICIAS
PERU;DGO;PLAN TV + STREAMING;N/A;FOX NEWS;HD;NOTICIAS
PERU;DGO;PLAN TV + STREAMING;N/A;FRANCE 24;HD;NOTICIAS
PERU;DGO;PLAN TV + STREAMING;N/A;MEGANOTICIAS;HD;NOTICIAS
PERU;DGO;PLAN TV + STREAMING;N/A;NEWSMAX TV;HD;NOTICIAS
PERU;DGO;PLAN TV + STREAMING;N/A;RCN NOTICIAS;HD;NOTICIAS
PERU;DGO;PLAN TV + STREAMING;N/A;COMEDY CENTRAL;HD;SERIES Y PELICULAS
PERU;DGO;PLAN TV + STREAMING;N/A;LIFETIME;HD;SERIES Y PELICULAS
PERU;DGO;PLAN TV + STREAMING;N/A;USA;HD;SERIES Y PELICULAS
PERU;DGO;PLAN TV + STREAMING;N/A;DEFIANCE;HD;SERIES Y PELICULAS
PERU;DGO;PLAN TV + STREAMING;N/A;A&E MUNDO;HD;SERIES Y PELICULAS
PERU;DGO;PLAN TV + STREAMING;N/A;AMC;HD;SERIES Y PELICULAS
PERU;DGO;PLAN TV + STREAMING;N/A;AMC SERIES;HD;SERIES Y PELICULAS
PERU;DGO;PLAN TV + STREAMING;N/A;ATRES SERIES;HD;SERIES Y PELICULAS
PERU;DGO;PLAN TV + STREAMING;N/A;AXN;HD;SERIES Y PELICULAS
PERU;DGO;PLAN TV + STREAMING;N/A;CINECANAL;HD;SERIES Y PELICULAS
PERU;DGO;PLAN TV + STREAMING;N/A;CINEMA;HD;SERIES Y PELICULAS
PERU;DGO;PLAN TV + STREAMING;N/A;CINEMAX;HD;SERIES Y PELICULAS
PERU;DGO;PLAN TV + STREAMING;N/A;FREETV ACCIÓN;HD;SERIES Y PELICULAS
PERU;DGO;PLAN TV + STREAMING;N/A;FREETV DRAMA;HD;SERIES Y PELICULAS
PERU;DGO;PLAN TV + STREAMING;N/A;FREETV ESTELAR;HD;SERIES Y PELICULAS
PERU;DGO;PLAN TV + STREAMING;N/A;FREETV FAMILIA;HD;SERIES Y PELICULAS
PERU;DGO;PLAN TV + STREAMING;N/A;FREETV HITS;HD;SERIES Y PELICULAS
PERU;DGO;PLAN TV + STREAMING;N/A;FREETV TERROR;HD;SERIES Y PELICULAS
PERU;DGO;PLAN TV + STREAMING;N/A;FX;HD;SERIES Y PELICULAS
PERU;DGO;PLAN TV + STREAMING;N/A;MÓRBIDO TV;HD;SERIES Y PELICULAS
PERU;DGO;PLAN TV + STREAMING;N/A;SONY;HD;SERIES Y PELICULAS
PERU;DGO;PLAN TV + STREAMING;N/A;SONY MOVIES;HD;SERIES Y PELICULAS
PERU;DGO;PLAN TV + STREAMING;N/A;SPACE;HD;SERIES Y PELICULAS
PERU;DGO;PLAN TV + STREAMING;N/A;STAR CHANNEL;HD;SERIES Y PELICULAS
PERU;DGO;PLAN TV + STREAMING;N/A;STUDIO UNIVERSAL;HD;SERIES Y PELICULAS
PERU;DGO;PLAN TV + STREAMING;N/A;TNT HD;HD;SERIES Y PELICULAS
PERU;DGO;PLAN TV + STREAMING;N/A;TNT SERIES;HD;SERIES Y PELICULAS
PERU;DGO;PLAN TV + STREAMING;N/A;UNIVERSAL;HD;SERIES Y PELICULAS
PERU;DGO;PLAN TV + STREAMING;N/A;WARNER;HD;SERIES Y PELICULAS
PERU;DGO;PLAN TV + STREAMING;N/A;TELEMUNDO;HD;TELENOVELAS
PERU;DGO;PLAN TV + STREAMING;N/A;TNT NOVELAS;HD;TELENOVELAS
PERU;DGO;PLAN TV + STREAMING;N/A;CORAZÓN;HD;TELENOVELAS
PERU;POSPAGO;BRONCE HD;100;CANAL 100;SD;INFORMATIVO
PERU;POSPAGO;BRONCE HD;100;INFORMACIÓN DIRECTV;SD;INFORMATIVO
PERU;POSPAGO;BRONCE HD;127;DSHOW;SD;HOGAR Y VARIEDADES
PERU;POSPAGO;BRONCE HD;190;EXITOSA;SD;NOTICIAS
PERU;POSPAGO;BRONCE HD;192;LATINA;SD;NACIONAL
PERU;POSPAGO;BRONCE HD;193;EL CONGRESO;SD;INFORMATIVO
PERU;POSPAGO;BRONCE HD;194;AMÉRICA TELEVISION;SD;NACIONAL
PERU;POSPAGO;BRONCE HD;195;PANAMERICANA;SD;NACIONAL
PERU;POSPAGO;BRONCE HD;196;ATV+;SD;NOTICIAS
PERU;POSPAGO;BRONCE HD;197;TV PERÚ;SD;NACIONAL
PERU;POSPAGO;BRONCE HD;198;GLOBAL;SD;NACIONAL
PERU;POSPAGO;BRONCE HD;199;ATV;SD;NACIONAL
PERU;POSPAGO;BRONCE HD;202;STAR CHANNEL;SD;SERIES Y PELICULAS
PERU;POSPAGO;BRONCE HD;206;WARNER;SD;SERIES Y PELICULAS
PERU;POSPAGO;BRONCE HD;207;A&E MUNDO;SD;SERIES Y PELICULAS
PERU;POSPAGO;BRONCE HD;208;SONY;SD;SERIES Y PELICULAS
PERU;POSPAGO;BRONCE HD;209;AXN;SD;SERIES Y PELICULAS
PERU;POSPAGO;BRONCE HD;217;FX;SD;SERIES Y PELICULAS
PERU;POSPAGO;BRONCE HD;218;UNIVERSAL;SD;SERIES Y PELICULAS
PERU;POSPAGO;BRONCE HD;220;ADULT SWIM;SD;INFANTIL
PERU;POSPAGO;BRONCE HD;221;¡HOLA! TV;SD;HOGAR Y VARIEDADES
PERU;POSPAGO;BRONCE HD;222;E!;SD;HOGAR Y VARIEDADES
PERU;POSPAGO;BRONCE HD;226;LAS ESTRELLAS;SD;NACIONAL
PERU;POSPAGO;BRONCE HD;227;TL NOVELAS;SD;TELENOVELAS
PERU;POSPAGO;BRONCE HD;229;DISCOVERY HOME & HEALTH;SD;HOGAR Y VARIEDADES
PERU;POSPAGO;BRONCE HD;231;TELEMUNDO;SD;TELENOVELAS
PERU;POSPAGO;BRONCE HD;240;CARAS TV;SD;HOGAR Y VARIEDADES
PERU;POSPAGO;BRONCE HD;264;MTV;SD;MUSICAL
PERU;POSPAGO;BRONCE HD;269;QUIERO MÚSICA EN MI IDIOMA;SD;MUSICAL
PERU;POSPAGO;BRONCE HD;304;CARTOON NETWORK;SD;INFANTIL
PERU;POSPAGO;BRONCE HD;308;NICKELODEON;SD;INFANTIL
PERU;POSPAGO;BRONCE HD;312;DISNEY CHANNEL;SD;INFANTIL
PERU;POSPAGO;BRONCE HD;315;DISNEY JUNIOR;SD;INFANTIL
PERU;POSPAGO;BRONCE HD;318;PLIM PLIM;SD;INFANTIL
PERU;POSPAGO;BRONCE HD;319;EL REINO INFANTIL;SD;INFANTIL
PERU;POSPAGO;BRONCE HD;330;DISCOVERY KIDS;SD;INFANTIL
PERU;POSPAGO;BRONCE HD;350;EWTN;SD;RELIGIOSO
PERU;POSPAGO;BRONCE HD;352;TBN ENLACE;SD;RELIGIOSO
PERU;POSPAGO;BRONCE HD;354;CANAL LUZ;SD;RELIGIOSO
PERU;POSPAGO;BRONCE HD;502;TNT;SD;SERIES Y PELICULAS
PERU;POSPAGO;BRONCE HD;507;CINECANAL;SD;SERIES Y PELICULAS
PERU;POSPAGO;BRONCE HD;508;STUDIO UNIVERSAL;SD;SERIES Y PELICULAS
PERU;POSPAGO;BRONCE HD;510;MÓRBIDO TV;SD;SERIES Y PELICULAS
PERU;POSPAGO;BRONCE HD;516;DE PELÍCULA;SD;SERIES Y PELICULAS
PERU;POSPAGO;BRONCE HD;518;SPACE;SD;SERIES Y PELICULAS
PERU;POSPAGO;BRONCE HD;603;L1;SD;DEPORTES
PERU;POSPAGO;BRONCE HD;604;L1M;SD;DEPORTES
PERU;POSPAGO;BRONCE HD;610;DSPORTS;SD;DEPORTES
PERU;POSPAGO;BRONCE HD;612;DSPORTS 2;SD;DEPORTES
PERU;POSPAGO;BRONCE HD;613;DSPORTS +;SD;DEPORTES
PERU;POSPAGO;BRONCE HD;621;ESPN;SD;DEPORTES
PERU;POSPAGO;BRONCE HD;622;ESPN 2;SD;DEPORTES
PERU;POSPAGO;BRONCE HD;623;ESPN 3;SD;DEPORTES
PERU;POSPAGO;BRONCE HD;625;ESPN 5;SD;DEPORTES
PERU;POSPAGO;BRONCE HD;626;ESPN 6;SD;DEPORTES
PERU;POSPAGO;BRONCE HD;627;ESPN 7;SD;DEPORTES
PERU;POSPAGO;BRONCE HD;700;DNEWS;SD;NOTICIAS
PERU;POSPAGO;BRONCE HD;704;CNN EN ESPAÑOL;SD;NOTICIAS
PERU;POSPAGO;BRONCE HD;706;CNN INTERNATIONAL;SD;NOTICIAS
PERU;POSPAGO;BRONCE HD;726;CANAL RURAL;SD;EDUCATIVO
PERU;POSPAGO;BRONCE HD;730;NATIONAL GEOGRAPHIC;SD;CIENCIA Y CULTURA
PERU;POSPAGO;BRONCE HD;732;DISCOVERY;SD;CIENCIA Y CULTURA
PERU;POSPAGO;BRONCE HD;734;ANIMAL PLANET;SD;CIENCIA Y CULTURA
PERU;POSPAGO;BRONCE HD;740;TLC;SD;HOGAR Y VARIEDADES
PERU;POSPAGO;BRONCE HD;742;HISTORY;SD;CIENCIA Y CULTURA
PERU;POSPAGO;BRONCE HD;760;UNIVISION;SD;NACIONAL
PERU;POSPAGO;BRONCE HD;762;ANTENA 3;SD;NACIONAL
PERU;POSPAGO;BRONCE HD;764;FRANCE 24;SD;NOTICIAS
PERU;POSPAGO;BRONCE HD;790;CGTN ESPAÑOL;SD;NOTICIAS
PERU;POSPAGO;BRONCE HD;804;ESCUELA+;SD;EDUCATIVO
PERU;POSPAGO;BRONCE HD;901;DSPORTS RADIO;RADIO;DEPORTES
PERU;POSPAGO;BRONCE HD;980;UNIÓN RADIO NOTICIAS;RADIO;AUDIO
PERU;POSPAGO;BRONCE HD;982;RADIO CARACOL;RADIO;AUDIO
PERU;POSPAGO;BRONCE HD;984;RADIO FRANCE INTERNACIONAL;RADIO;AUDIO
PERU;POSPAGO;BRONCE HD;986;RADIO OXIGENO;RADIO;AUDIO
PERU;POSPAGO;BRONCE HD;987;RADIO STUDIO 92;RADIO;AUDIO
PERU;POSPAGO;BRONCE HD;988;RADIO MODA;RADIO;AUDIO
PERU;POSPAGO;BRONCE HD;992;RADIO ALERTA BOGOTÁ;RADIO;AUDIO
PERU;POSPAGO;BRONCE HD;993;RADIO W;RADIO;AUDIO
PERU;POSPAGO;BRONCE HD;1127;DSHOW;HD;HOGAR Y VARIEDADES
PERU;POSPAGO;BRONCE HD;1189;RPP;HD;NOTICIAS
PERU;POSPAGO;BRONCE HD;1190;TV PERÚ NOTICIAS HD;HD;NOTICIAS
PERU;POSPAGO;BRONCE HD;1191;WILLAX HD;HD;DEPORTES
PERU;POSPAGO;BRONCE HD;1192;LATINA HD;HD;NACIONAL
PERU;POSPAGO;BRONCE HD;1193;A LA COCINA;HD;GASTRONÓMICO
PERU;POSPAGO;BRONCE HD;1194;AMÉRICA TELEVISION HD;HD;NACIONAL
PERU;POSPAGO;BRONCE HD;1195;PANAMERICANA HD;HD;NACIONAL
PERU;POSPAGO;BRONCE HD;1196;ATV+;HD;NOTICIAS
PERU;POSPAGO;BRONCE HD;1197;TV PERÚ HD;HD;NACIONAL
PERU;POSPAGO;BRONCE HD;1198;GLOBAL HD;HD;NACIONAL
PERU;POSPAGO;BRONCE HD;1199;ATV9 HD;HD;NACIONAL
PERU;POSPAGO;BRONCE HD;1204;STAR CHANNEL HD;HD;SERIES Y PELICULAS
PERU;POSPAGO;BRONCE HD;1206;WARNER HD;HD;SERIES Y PELICULAS
PERU;POSPAGO;BRONCE HD;1207;A&E MUNDO HD;HD;SERIES Y PELICULAS
PERU;POSPAGO;BRONCE HD;1208;SONY HD;HD;SERIES Y PELICULAS
PERU;POSPAGO;BRONCE HD;1209;AXN HD;HD;SERIES Y PELICULAS
PERU;POSPAGO;BRONCE HD;1217;FX HD;HD;SERIES Y PELICULAS
PERU;POSPAGO;BRONCE HD;1218;UNIVERSAL HD;HD;SERIES Y PELICULAS
PERU;POSPAGO;BRONCE HD;1221;¡HOLA! TV HD;HD;HOGAR Y VARIEDADES
PERU;POSPAGO;BRONCE HD;1222;E! HD;HD;HOGAR Y VARIEDADES
PERU;POSPAGO;BRONCE HD;1229;DISCOVERY HOME & HEALTH HD;HD;HOGAR Y VARIEDADES
PERU;POSPAGO;BRONCE HD;1236;VEPLUS;HD;HOGAR Y VARIEDADES
PERU;POSPAGO;BRONCE HD;1264;MTV HD;HD;MUSICAL
PERU;POSPAGO;BRONCE HD;1265;MUSIC TOP HD;HD;MUSICAL
PERU;POSPAGO;BRONCE HD;1266;TIERRA MÍA HD;HD;CIENCIA Y CULTURA
PERU;POSPAGO;BRONCE HD;1273;INTI HD;HD;EDUCATIVO
PERU;POSPAGO;BRONCE HD;1302;ESCUELA+;HD;EDUCATIVO
PERU;POSPAGO;BRONCE HD;1304;CARTOON NETWORK HD;HD;INFANTIL
PERU;POSPAGO;BRONCE HD;1308;NICKELODEON HD;HD;INFANTIL
PERU;POSPAGO;BRONCE HD;1312;DISNEY CHANNEL HD;HD;INFANTIL
PERU;POSPAGO;BRONCE HD;1315;DISNEY JUNIOR HD;HD;INFANTIL
PERU;POSPAGO;BRONCE HD;1318;PLIM PLIM HD;HD;INFANTIL
PERU;POSPAGO;BRONCE HD;1319;EL REINO INFANTIL HD;HD;INFANTIL
PERU;POSPAGO;BRONCE HD;1330;DISCOVERY KIDS HD;HD;INFANTIL
PERU;POSPAGO;BRONCE HD;1502;TNT HD;HD;SERIES Y PELICULAS
PERU;POSPAGO;BRONCE HD;1507;CINECANAL HD;HD;SERIES Y PELICULAS
PERU;POSPAGO;BRONCE HD;1508;STUDIO UNIVERSAL HD;HD;SERIES Y PELICULAS
PERU;POSPAGO;BRONCE HD;1510;MÓRBIDO TV HD;HD;SERIES Y PELICULAS
PERU;POSPAGO;BRONCE HD;1518;SPACE HD;HD;SERIES Y PELICULAS
PERU;POSPAGO;BRONCE HD;1603;L1;HD;DEPORTES
PERU;POSPAGO;BRONCE HD;1604;L1M;HD;DEPORTES
PERU;POSPAGO;BRONCE HD;1610;DSPORTS HD;HD;DEPORTES
PERU;POSPAGO;BRONCE HD;1612;DSPORTS 2 HD;HD;DEPORTES
PERU;POSPAGO;BRONCE HD;1613;DSPORTS + HD;HD;DEPORTES
PERU;POSPAGO;BRONCE HD;1621;ESPN HD;HD;DEPORTES
PERU;POSPAGO;BRONCE HD;1622;ESPN 2 HD;HD;DEPORTES
PERU;POSPAGO;BRONCE HD;1623;ESPN 3 HD;HD;DEPORTES
PERU;POSPAGO;BRONCE HD;1624;ESPN 4 HD;HD;DEPORTES
PERU;POSPAGO;BRONCE HD;1625;ESPN 5;HD;DEPORTES
PERU;POSPAGO;BRONCE HD;1626;ESPN 6;HD;DEPORTES
PERU;POSPAGO;BRONCE HD;1627;ESPN 7 HD;HD;DEPORTES
PERU;POSPAGO;BRONCE HD;1700;DNEWS;HD;NOTICIAS
PERU;POSPAGO;BRONCE HD;1730;NATIONAL GEOGRAPHIC HD;HD;CIENCIA Y CULTURA
PERU;POSPAGO;BRONCE HD;1732;DISCOVERY HD;HD;CIENCIA Y CULTURA
PERU;POSPAGO;BRONCE HD;1734;ANIMAL PLANET HD;HD;CIENCIA Y CULTURA
PERU;POSPAGO;BRONCE HD;1740;TLC;HD;HOGAR Y VARIEDADES
PERU;POSPAGO;BRONCE HD;1742;HISTORY HD;HD;CIENCIA Y CULTURA
PERU;POSPAGO;BRONCE HD;1762;ANTENA 3 HD;HD;NACIONAL
PERU;POSPAGO;BRONCE HD;1764;FRANCE 24 HD;HD;NOTICIAS
PERU;POSPAGO;CANAL EDUCATIVO - ESCUELA+;100;CANAL 100;SD;INFORMATIVO
PERU;POSPAGO;CANAL EDUCATIVO - ESCUELA+;193;EL CONGRESO;SD;INFORMATIVO
PERU;POSPAGO;CANAL EDUCATIVO - ESCUELA+;197;TV PERÚ;SD;NACIONAL
PERU;POSPAGO;CANAL EDUCATIVO - ESCUELA+;229;DISCOVERY HOME & HEALTH;SD;HOGAR Y VARIEDADES
PERU;POSPAGO;CANAL EDUCATIVO - ESCUELA+;232;EL GOURMET;SD;GASTRONÓMICO
PERU;POSPAGO;CANAL EDUCATIVO - ESCUELA+;312;DISNEY CHANNEL;SD;INFANTIL
PERU;POSPAGO;CANAL EDUCATIVO - ESCUELA+;318;PLIM PLIM;SD;INFANTIL
PERU;POSPAGO;CANAL EDUCATIVO - ESCUELA+;319;EL REINO INFANTIL;SD;INFANTIL
PERU;POSPAGO;CANAL EDUCATIVO - ESCUELA+;510;MÓRBIDO TV;SD;SERIES Y PELICULAS
PERU;POSPAGO;CANAL EDUCATIVO - ESCUELA+;610;DSPORTS;SD;DEPORTES
PERU;POSPAGO;CANAL EDUCATIVO - ESCUELA+;612;DSPORTS 2;SD;DEPORTES
PERU;POSPAGO;CANAL EDUCATIVO - ESCUELA+;704;CNN EN ESPAÑOL;SD;NOTICIAS
PERU;POSPAGO;CANAL EDUCATIVO - ESCUELA+;706;CNN INTERNATIONAL;SD;NOTICIAS
PERU;POSPAGO;CANAL EDUCATIVO - ESCUELA+;708;TVN 24 HORAS;SD;NOTICIAS
PERU;POSPAGO;CANAL EDUCATIVO - ESCUELA+;710;BLOOMBERG;SD;NOTICIAS
PERU;POSPAGO;CANAL EDUCATIVO - ESCUELA+;726;CANAL RURAL;SD;EDUCATIVO
PERU;POSPAGO;CANAL EDUCATIVO - ESCUELA+;730;NATIONAL GEOGRAPHIC;SD;CIENCIA Y CULTURA
PERU;POSPAGO;CANAL EDUCATIVO - ESCUELA+;732;DISCOVERY;SD;CIENCIA Y CULTURA
PERU;POSPAGO;CANAL EDUCATIVO - ESCUELA+;734;ANIMAL PLANET;SD;CIENCIA Y CULTURA
PERU;POSPAGO;CANAL EDUCATIVO - ESCUELA+;740;TLC;SD;HOGAR Y VARIEDADES
PERU;POSPAGO;CANAL EDUCATIVO - ESCUELA+;742;HISTORY;SD;CIENCIA Y CULTURA
PERU;POSPAGO;CANAL EDUCATIVO - ESCUELA+;744;HISTORY 2;SD;CIENCIA Y CULTURA
PERU;POSPAGO;CANAL EDUCATIVO - ESCUELA+;760;UNIVISION;SD;NACIONAL
PERU;POSPAGO;CANAL EDUCATIVO - ESCUELA+;764;FRANCE 24;SD;NOTICIAS
PERU;POSPAGO;CANAL EDUCATIVO - ESCUELA+;768;BBC WORLD NEWS;SD;NOTICIAS
PERU;POSPAGO;CANAL EDUCATIVO - ESCUELA+;770;DW LATINOAMÉRICA;SD;NOTICIAS
PERU;POSPAGO;CANAL EDUCATIVO - ESCUELA+;980;UNIÓN RADIO NOTICIAS;RADIO;AUDIO
PERU;POSPAGO;CANAL EDUCATIVO - ESCUELA+;982;RADIO CARACOL;RADIO;AUDIO
PERU;POSPAGO;CANAL EDUCATIVO - ESCUELA+;984;RADIO FRANCE INTERNACIONAL;RADIO;AUDIO
PERU;POSPAGO;CANAL EDUCATIVO - ESCUELA+;986;RADIO OXIGENO;RADIO;AUDIO
PERU;POSPAGO;CANAL EDUCATIVO - ESCUELA+;987;RADIO STUDIO 92;RADIO;AUDIO
PERU;POSPAGO;CANAL EDUCATIVO - ESCUELA+;988;RADIO MODA;RADIO;AUDIO
PERU;POSPAGO;CANAL EDUCATIVO - ESCUELA+;992;RADIO ALERTA BOGOTÁ;RADIO;AUDIO
PERU;POSPAGO;CANAL EDUCATIVO - ESCUELA+;993;RADIO W;RADIO;AUDIO
PERU;POSPAGO;CANAL EDUCATIVO - ESCUELA+;1734;ANIMAL PLANET HD;HD;CIENCIA Y CULTURA
PERU;POSPAGO;CINE TOTAL HD;524;HBO;SD;SERIES Y PELICULAS
PERU;POSPAGO;CINE TOTAL HD;525;HBO 2;SD;SERIES Y PELICULAS
PERU;POSPAGO;CINE TOTAL HD;526;HBO PLUS;SD;SERIES Y PELICULAS
PERU;POSPAGO;CINE TOTAL HD;528;HBO SIGNATURE;SD;SERIES Y PELICULAS
PERU;POSPAGO;CINE TOTAL HD;534;HBO FAMILY;SD;SERIES Y PELICULAS
PERU;POSPAGO;CINE TOTAL HD;540;HBO MUNDI;SD;SERIES Y PELICULAS
PERU;POSPAGO;CINE TOTAL HD;541;HBO POP;SD;SERIES Y PELICULAS
PERU;POSPAGO;CINE TOTAL HD;542;HBO XTREME;SD;SERIES Y PELICULAS
PERU;POSPAGO;CINE TOTAL HD;571;UNIVERSAL PREMIERE ESTE;SD;SERIES Y PELICULAS
PERU;POSPAGO;CINE TOTAL HD;572;UNIVERSAL CINEMA;SD;SERIES Y PELICULAS
PERU;POSPAGO;CINE TOTAL HD;573;UNIVERSAL COMEDY;SD;SERIES Y PELICULAS
PERU;POSPAGO;CINE TOTAL HD;574;UNIVERSAL CRIME ESTE;SD;SERIES Y PELICULAS
PERU;POSPAGO;CINE TOTAL HD;575;UNIVERSAL REALITY;SD;HOGAR Y VARIEDADES
PERU;POSPAGO;CINE TOTAL HD;576;UNIVERSAL PREMIERE OESTE;SD;SERIES Y PELICULAS
PERU;POSPAGO;CINE TOTAL HD;577;UNIVERSAL CINEMA OESTE;SD;SERIES Y PELICULAS
PERU;POSPAGO;CINE TOTAL HD;1524;HBO HD;HD;SERIES Y PELICULAS
PERU;POSPAGO;CINE TOTAL HD;1525;HBO 2 HD;HD;SERIES Y PELICULAS
PERU;POSPAGO;CINE TOTAL HD;1528;HBO SIGNATURE HD;HD;SERIES Y PELICULAS
PERU;POSPAGO;CINE TOTAL HD;1532;HBO PLUS HD;HD;SERIES Y PELICULAS
PERU;POSPAGO;CINE TOTAL HD;1534;HBO FAMILY HD;HD;SERIES Y PELICULAS
PERU;POSPAGO;CINE TOTAL HD;1542;HBO XTREME HD;HD;SERIES Y PELICULAS
PERU;POSPAGO;CINE TOTAL HD;1571;UNIVERSAL PREMIERE ESTE;HD;SERIES Y PELICULAS
PERU;POSPAGO;CINE TOTAL HD;1572;UNIVERSAL CINEMA;HD;SERIES Y PELICULAS
PERU;POSPAGO;CINE TOTAL HD;1573;UNIVERSAL COMEDY;HD;SERIES Y PELICULAS
PERU;POSPAGO;CINE TOTAL HD;1574;UNIVERSAL CRIME ESTE;HD;SERIES Y PELICULAS
PERU;POSPAGO;CINE TOTAL HD;1575;UNIVERSAL REALITY;HD;HOGAR Y VARIEDADES
PERU;POSPAGO;CINE TOTAL HD;1576;UNIVERSAL PREMIERE OESTE;HD;SERIES Y PELICULAS
PERU;POSPAGO;CINE TOTAL HD;1577;UNIVERSAL CINEMA OESTE;HD;SERIES Y PELICULAS
PERU;POSPAGO;DEMO;100;CANAL 100;SD;INFORMATIVO
PERU;POSPAGO;DEMO;100;INFORMACIÓN DIRECTV;SD;INFORMATIVO
PERU;POSPAGO;DEMO;190;EXITOSA;SD;NOTICIAS
PERU;POSPAGO;DEMO;192;LATINA;SD;NACIONAL
PERU;POSPAGO;DEMO;193;EL CONGRESO;SD;INFORMATIVO
PERU;POSPAGO;DEMO;194;AMÉRICA TELEVISION;SD;NACIONAL
PERU;POSPAGO;DEMO;195;PANAMERICANA;SD;NACIONAL
PERU;POSPAGO;DEMO;196;ATV+;SD;NOTICIAS
PERU;POSPAGO;DEMO;197;TV PERÚ;SD;NACIONAL
PERU;POSPAGO;DEMO;198;GLOBAL;SD;NACIONAL
PERU;POSPAGO;DEMO;199;ATV;SD;NACIONAL
PERU;POSPAGO;DEMO;202;STAR CHANNEL;SD;SERIES Y PELICULAS
PERU;POSPAGO;DEMO;206;WARNER;SD;SERIES Y PELICULAS
PERU;POSPAGO;DEMO;207;A&E MUNDO;SD;SERIES Y PELICULAS
PERU;POSPAGO;DEMO;208;SONY;SD;SERIES Y PELICULAS
PERU;POSPAGO;DEMO;209;AXN;SD;SERIES Y PELICULAS
PERU;POSPAGO;DEMO;210;AMC;SD;SERIES Y PELICULAS
PERU;POSPAGO;DEMO;213;TNT SERIES;SD;SERIES Y PELICULAS
PERU;POSPAGO;DEMO;214;ATRES SERIES;SD;SERIES Y PELICULAS
PERU;POSPAGO;DEMO;215;COMEDY CENTRAL;SD;SERIES Y PELICULAS
PERU;POSPAGO;DEMO;216;TNT NOVELAS;SD;TELENOVELAS
PERU;POSPAGO;DEMO;217;FX;SD;SERIES Y PELICULAS
PERU;POSPAGO;DEMO;218;UNIVERSAL;SD;SERIES Y PELICULAS
PERU;POSPAGO;DEMO;219;USA;SD;SERIES Y PELICULAS
PERU;POSPAGO;DEMO;220;ADULT SWIM;SD;INFANTIL
PERU;POSPAGO;DEMO;221;¡HOLA! TV;SD;HOGAR Y VARIEDADES
PERU;POSPAGO;DEMO;222;E!;SD;HOGAR Y VARIEDADES
PERU;POSPAGO;DEMO;223;ID;SD;CIENCIA Y CULTURA
PERU;POSPAGO;DEMO;226;LAS ESTRELLAS;SD;NACIONAL
PERU;POSPAGO;DEMO;227;TL NOVELAS;SD;TELENOVELAS
PERU;POSPAGO;DEMO;228;LIFETIME;SD;SERIES Y PELICULAS
PERU;POSPAGO;DEMO;229;DISCOVERY HOME & HEALTH;SD;HOGAR Y VARIEDADES
PERU;POSPAGO;DEMO;230;AMC SERIES;SD;SERIES Y PELICULAS
PERU;POSPAGO;DEMO;231;TELEMUNDO;SD;TELENOVELAS
PERU;POSPAGO;DEMO;232;EL GOURMET;SD;GASTRONÓMICO
PERU;POSPAGO;DEMO;233;FOOD NETWORK;SD;GASTRONÓMICO
PERU;POSPAGO;DEMO;240;CARAS TV;SD;HOGAR Y VARIEDADES
PERU;POSPAGO;DEMO;264;MTV;SD;MUSICAL
PERU;POSPAGO;DEMO;269;QUIERO MÚSICA EN MI IDIOMA;SD;MUSICAL
PERU;POSPAGO;DEMO;304;CARTOON NETWORK;SD;INFANTIL
PERU;POSPAGO;DEMO;308;NICKELODEON;SD;INFANTIL
PERU;POSPAGO;DEMO;309;NICK JR.;SD;INFANTIL
PERU;POSPAGO;DEMO;312;DISNEY CHANNEL;SD;INFANTIL
PERU;POSPAGO;DEMO;315;DISNEY JUNIOR;SD;INFANTIL
PERU;POSPAGO;DEMO;317;BABY TV HD;SD;INFANTIL
PERU;POSPAGO;DEMO;318;PLIM PLIM;SD;INFANTIL
PERU;POSPAGO;DEMO;319;EL REINO INFANTIL;SD;INFANTIL
PERU;POSPAGO;DEMO;330;DISCOVERY KIDS;SD;INFANTIL
PERU;POSPAGO;DEMO;334;CARTOONITO;SD;INFANTIL
PERU;POSPAGO;DEMO;350;EWTN;SD;RELIGIOSO
PERU;POSPAGO;DEMO;351;ORBE 21;SD;RELIGIOSO
PERU;POSPAGO;DEMO;352;TBN ENLACE;SD;RELIGIOSO
PERU;POSPAGO;DEMO;354;CANAL LUZ;SD;RELIGIOSO
PERU;POSPAGO;DEMO;502;TNT;SD;SERIES Y PELICULAS
PERU;POSPAGO;DEMO;503;GOLDEN;SD;SERIES Y PELICULAS
PERU;POSPAGO;DEMO;507;CINECANAL;SD;SERIES Y PELICULAS
PERU;POSPAGO;DEMO;508;STUDIO UNIVERSAL;SD;SERIES Y PELICULAS
PERU;POSPAGO;DEMO;509;CINEMAX;SD;SERIES Y PELICULAS
PERU;POSPAGO;DEMO;510;MÓRBIDO TV;SD;SERIES Y PELICULAS
PERU;POSPAGO;DEMO;513;DHE;SD;SERIES Y PELICULAS
PERU;POSPAGO;DEMO;516;DE PELÍCULA;SD;SERIES Y PELICULAS
PERU;POSPAGO;DEMO;517;GOLDEN EDGE;SD;SERIES Y PELICULAS
PERU;POSPAGO;DEMO;518;SPACE;SD;SERIES Y PELICULAS
PERU;POSPAGO;DEMO;524;HBO;SD;SERIES Y PELICULAS
PERU;POSPAGO;DEMO;525;HBO 2;SD;SERIES Y PELICULAS
PERU;POSPAGO;DEMO;526;HBO PLUS;SD;SERIES Y PELICULAS
PERU;POSPAGO;DEMO;528;HBO SIGNATURE;SD;SERIES Y PELICULAS
PERU;POSPAGO;DEMO;534;HBO FAMILY;SD;SERIES Y PELICULAS
PERU;POSPAGO;DEMO;540;HBO MUNDI;SD;SERIES Y PELICULAS
PERU;POSPAGO;DEMO;541;HBO POP;SD;SERIES Y PELICULAS
PERU;POSPAGO;DEMO;542;HBO XTREME;SD;SERIES Y PELICULAS
PERU;POSPAGO;DEMO;571;UNIVERSAL PREMIERE ESTE;SD;SERIES Y PELICULAS
PERU;POSPAGO;DEMO;572;UNIVERSAL CINEMA;SD;SERIES Y PELICULAS
PERU;POSPAGO;DEMO;573;UNIVERSAL COMEDY;SD;SERIES Y PELICULAS
PERU;POSPAGO;DEMO;574;UNIVERSAL CRIME ESTE;SD;SERIES Y PELICULAS
PERU;POSPAGO;DEMO;575;UNIVERSAL REALITY;SD;HOGAR Y VARIEDADES
PERU;POSPAGO;DEMO;576;UNIVERSAL PREMIERE OESTE;SD;SERIES Y PELICULAS
PERU;POSPAGO;DEMO;577;UNIVERSAL CINEMA OESTE;SD;SERIES Y PELICULAS
PERU;POSPAGO;DEMO;604;L1M;SD;DEPORTES
PERU;POSPAGO;DEMO;610;DSPORTS;SD;DEPORTES
PERU;POSPAGO;DEMO;612;DSPORTS 2;SD;DEPORTES
PERU;POSPAGO;DEMO;613;DSPORTS +;SD;DEPORTES
PERU;POSPAGO;DEMO;621;ESPN;SD;DEPORTES
PERU;POSPAGO;DEMO;622;ESPN 2;SD;DEPORTES
PERU;POSPAGO;DEMO;623;ESPN 3;SD;DEPORTES
PERU;POSPAGO;DEMO;625;ESPN 5;SD;DEPORTES
PERU;POSPAGO;DEMO;626;ESPN 6;SD;DEPORTES
PERU;POSPAGO;DEMO;627;ESPN 7;SD;DEPORTES
PERU;POSPAGO;DEMO;628;GOLF CHANNEL LATIN AMERICA;SD;DEPORTES
PERU;POSPAGO;DEMO;629;TYC SPORTS;SD;DEPORTES
PERU;POSPAGO;DEMO;700;DNEWS;SD;NOTICIAS
PERU;POSPAGO;DEMO;704;CNN EN ESPAÑOL;SD;NOTICIAS
PERU;POSPAGO;DEMO;706;CNN INTERNATIONAL;SD;NOTICIAS
PERU;POSPAGO;DEMO;707;CNN CHILE;SD;NOTICIAS
PERU;POSPAGO;DEMO;708;TVN 24 HORAS;SD;NOTICIAS
PERU;POSPAGO;DEMO;710;BLOOMBERG;SD;NOTICIAS
PERU;POSPAGO;DEMO;716;TODO NOTICIAS;SD;NOTICIAS
PERU;POSPAGO;DEMO;720;26NOTICIAS;SD;NOTICIAS
PERU;POSPAGO;DEMO;725;NTN 24;SD;NOTICIAS
PERU;POSPAGO;DEMO;726;CANAL RURAL;SD;EDUCATIVO
PERU;POSPAGO;DEMO;727;CABLE NOTICIAS;SD;NOTICIAS
PERU;POSPAGO;DEMO;730;NATIONAL GEOGRAPHIC;SD;CIENCIA Y CULTURA
PERU;POSPAGO;DEMO;732;DISCOVERY;SD;CIENCIA Y CULTURA
PERU;POSPAGO;DEMO;734;ANIMAL PLANET;SD;CIENCIA Y CULTURA
PERU;POSPAGO;DEMO;736;DISCOVERY TURBO;SD;HOGAR Y VARIEDADES
PERU;POSPAGO;DEMO;740;TLC;SD;HOGAR Y VARIEDADES
PERU;POSPAGO;DEMO;742;HISTORY;SD;CIENCIA Y CULTURA
PERU;POSPAGO;DEMO;744;HISTORY 2;SD;CIENCIA Y CULTURA
PERU;POSPAGO;DEMO;760;UNIVISION;SD;NACIONAL
PERU;POSPAGO;DEMO;762;ANTENA 3;SD;NACIONAL
PERU;POSPAGO;DEMO;764;FRANCE 24;SD;NOTICIAS
PERU;POSPAGO;DEMO;766;RAI ITALIA;SD;NACIONAL
PERU;POSPAGO;DEMO;768;BBC WORLD NEWS;SD;NOTICIAS
PERU;POSPAGO;DEMO;770;DW LATINOAMÉRICA;SD;NOTICIAS
PERU;POSPAGO;DEMO;772;CARACOL;SD;NACIONAL
PERU;POSPAGO;DEMO;773;EL TIEMPO;SD;NOTICIAS
PERU;POSPAGO;DEMO;774;TV CHILE;SD;NACIONAL
PERU;POSPAGO;DEMO;775;RCN NUESTRA TELE;SD;NACIONAL
PERU;POSPAGO;DEMO;776;GLOBO INTERNACIONAL;SD;NACIONAL
PERU;POSPAGO;DEMO;778;RTP INTERNACIONAL;SD;NACIONAL
PERU;POSPAGO;DEMO;782;NHK WORLD;SD;NOTICIAS
PERU;POSPAGO;DEMO;784;EL TRECE;SD;NACIONAL
PERU;POSPAGO;DEMO;786;TELEFE INTERNACIONAL;SD;NACIONAL
PERU;POSPAGO;DEMO;790;CGTN ESPAÑOL;SD;NOTICIAS
PERU;POSPAGO;DEMO;804;ESCUELA+;SD;EDUCATIVO
PERU;POSPAGO;DEMO;901;DSPORTS RADIO;RADIO;DEPORTES
PERU;POSPAGO;DEMO;980;UNIÓN RADIO NOTICIAS;RADIO;AUDIO
PERU;POSPAGO;DEMO;982;RADIO CARACOL;RADIO;AUDIO
PERU;POSPAGO;DEMO;984;RADIO FRANCE INTERNACIONAL;RADIO;AUDIO
PERU;POSPAGO;DEMO;986;RADIO OXIGENO;RADIO;AUDIO
PERU;POSPAGO;DEMO;987;RADIO STUDIO 92;RADIO;AUDIO
PERU;POSPAGO;DEMO;988;RADIO MODA;RADIO;AUDIO
PERU;POSPAGO;DEMO;992;RADIO ALERTA BOGOTÁ;RADIO;AUDIO
PERU;POSPAGO;DEMO;993;RADIO W;RADIO;AUDIO
PERU;POSPAGO;DEMO;1190;TV PERÚ NOTICIAS HD;HD;NOTICIAS
PERU;POSPAGO;DEMO;1191;WILLAX HD;HD;DEPORTES
PERU;POSPAGO;DEMO;1192;LATINA HD;HD;NACIONAL
PERU;POSPAGO;DEMO;1193;A LA COCINA;HD;GASTRONÓMICO
PERU;POSPAGO;DEMO;1194;AMÉRICA TELEVISION HD;HD;NACIONAL
PERU;POSPAGO;DEMO;1195;PANAMERICANA HD;HD;NACIONAL
PERU;POSPAGO;DEMO;1196;ATV+;HD;NOTICIAS
PERU;POSPAGO;DEMO;1197;TV PERÚ HD;HD;NACIONAL
PERU;POSPAGO;DEMO;1198;GLOBAL HD;HD;NACIONAL
PERU;POSPAGO;DEMO;1199;ATV9 HD;HD;NACIONAL
PERU;POSPAGO;DEMO;1204;STAR CHANNEL HD;HD;SERIES Y PELICULAS
PERU;POSPAGO;DEMO;1206;WARNER HD;HD;SERIES Y PELICULAS
PERU;POSPAGO;DEMO;1207;A&E MUNDO HD;HD;SERIES Y PELICULAS
PERU;POSPAGO;DEMO;1208;SONY HD;HD;SERIES Y PELICULAS
PERU;POSPAGO;DEMO;1209;AXN HD;HD;SERIES Y PELICULAS
PERU;POSPAGO;DEMO;1210;AMC HD;HD;SERIES Y PELICULAS
PERU;POSPAGO;DEMO;1213;TNT SERIES HD;HD;SERIES Y PELICULAS
PERU;POSPAGO;DEMO;1214;ATRES SERIES HD;HD;SERIES Y PELICULAS
PERU;POSPAGO;DEMO;1215;COMEDY CENTRAL HD;HD;SERIES Y PELICULAS
PERU;POSPAGO;DEMO;1217;FX HD;HD;SERIES Y PELICULAS
PERU;POSPAGO;DEMO;1218;UNIVERSAL HD;HD;SERIES Y PELICULAS
PERU;POSPAGO;DEMO;1219;USA HD;HD;SERIES Y PELICULAS
PERU;POSPAGO;DEMO;1221;¡HOLA! TV HD;HD;HOGAR Y VARIEDADES
PERU;POSPAGO;DEMO;1222;E! HD;HD;HOGAR Y VARIEDADES
PERU;POSPAGO;DEMO;1223;ID HD;HD;CIENCIA Y CULTURA
PERU;POSPAGO;DEMO;1228;LIFETIME HD;HD;SERIES Y PELICULAS
PERU;POSPAGO;DEMO;1229;DISCOVERY HOME & HEALTH HD;HD;HOGAR Y VARIEDADES
PERU;POSPAGO;DEMO;1232;EL GOURMET;HD;GASTRONÓMICO
PERU;POSPAGO;DEMO;1233;FOOD NETWORK HD;HD;GASTRONÓMICO
PERU;POSPAGO;DEMO;1234;HOME & GARDEN;HD;HOGAR Y VARIEDADES
PERU;POSPAGO;DEMO;1236;VEPLUS;HD;HOGAR Y VARIEDADES
PERU;POSPAGO;DEMO;1264;MTV HD;HD;MUSICAL
PERU;POSPAGO;DEMO;1265;MUSIC TOP HD;HD;MUSICAL
PERU;POSPAGO;DEMO;1273;INTI HD;HD;EDUCATIVO
PERU;POSPAGO;DEMO;1302;ESCUELA+;HD;EDUCATIVO
PERU;POSPAGO;DEMO;1304;CARTOON NETWORK HD;HD;INFANTIL
PERU;POSPAGO;DEMO;1308;NICKELODEON HD;HD;INFANTIL
PERU;POSPAGO;DEMO;1309;NICK JR. HD;HD;INFANTIL
PERU;POSPAGO;DEMO;1312;DISNEY CHANNEL HD;HD;INFANTIL
PERU;POSPAGO;DEMO;1315;DISNEY JUNIOR HD;HD;INFANTIL
PERU;POSPAGO;DEMO;1318;PLIM PLIM HD;HD;INFANTIL
PERU;POSPAGO;DEMO;1319;EL REINO INFANTIL HD;HD;INFANTIL
PERU;POSPAGO;DEMO;1330;DISCOVERY KIDS HD;HD;INFANTIL
PERU;POSPAGO;DEMO;1502;TNT HD;HD;SERIES Y PELICULAS
PERU;POSPAGO;DEMO;1503;GOLDEN HD;HD;SERIES Y PELICULAS
PERU;POSPAGO;DEMO;1507;CINECANAL HD;HD;SERIES Y PELICULAS
PERU;POSPAGO;DEMO;1508;STUDIO UNIVERSAL HD;HD;SERIES Y PELICULAS
PERU;POSPAGO;DEMO;1509;CINEMAX HD;HD;SERIES Y PELICULAS
PERU;POSPAGO;DEMO;1510;MÓRBIDO TV HD;HD;SERIES Y PELICULAS
PERU;POSPAGO;DEMO;1513;DHE HD;HD;SERIES Y PELICULAS
PERU;POSPAGO;DEMO;1518;SPACE HD;HD;SERIES Y PELICULAS
PERU;POSPAGO;DEMO;1524;HBO HD;HD;SERIES Y PELICULAS
PERU;POSPAGO;DEMO;1525;HBO 2 HD;HD;SERIES Y PELICULAS
PERU;POSPAGO;DEMO;1528;HBO SIGNATURE HD;HD;SERIES Y PELICULAS
PERU;POSPAGO;DEMO;1532;HBO PLUS HD;HD;SERIES Y PELICULAS
PERU;POSPAGO;DEMO;1534;HBO FAMILY HD;HD;SERIES Y PELICULAS
PERU;POSPAGO;DEMO;1542;HBO XTREME HD;HD;SERIES Y PELICULAS
PERU;POSPAGO;DEMO;1571;UNIVERSAL PREMIERE ESTE;HD;SERIES Y PELICULAS
PERU;POSPAGO;DEMO;1572;UNIVERSAL CINEMA;HD;SERIES Y PELICULAS
PERU;POSPAGO;DEMO;1573;UNIVERSAL COMEDY;HD;SERIES Y PELICULAS
PERU;POSPAGO;DEMO;1574;UNIVERSAL CRIME ESTE;HD;SERIES Y PELICULAS
PERU;POSPAGO;DEMO;1575;UNIVERSAL REALITY;HD;HOGAR Y VARIEDADES
PERU;POSPAGO;DEMO;1576;UNIVERSAL PREMIERE OESTE;HD;SERIES Y PELICULAS
PERU;POSPAGO;DEMO;1577;UNIVERSAL CINEMA OESTE;HD;SERIES Y PELICULAS
PERU;POSPAGO;DEMO;1604;L1M;HD;DEPORTES
PERU;POSPAGO;DEMO;1610;DSPORTS HD;HD;DEPORTES
PERU;POSPAGO;DEMO;1612;DSPORTS 2 HD;HD;DEPORTES
PERU;POSPAGO;DEMO;1613;DSPORTS + HD;HD;DEPORTES
PERU;POSPAGO;DEMO;1621;ESPN HD;HD;DEPORTES
PERU;POSPAGO;DEMO;1622;ESPN 2 HD;HD;DEPORTES
PERU;POSPAGO;DEMO;1623;ESPN 3 HD;HD;DEPORTES
PERU;POSPAGO;DEMO;1624;ESPN 4 HD;HD;DEPORTES
PERU;POSPAGO;DEMO;1625;ESPN 5;HD;DEPORTES
PERU;POSPAGO;DEMO;1626;ESPN 6;HD;DEPORTES
PERU;POSPAGO;DEMO;1627;ESPN 7 HD;HD;DEPORTES
PERU;POSPAGO;DEMO;1628;GOLF CHANNEL HD;HD;DEPORTES
PERU;POSPAGO;DEMO;1629;TYC SPORTS;HD;DEPORTES
PERU;POSPAGO;DEMO;1639;PX SPORTS;HD;DEPORTES
PERU;POSPAGO;DEMO;1700;DNEWS;HD;NOTICIAS
PERU;POSPAGO;DEMO;1730;NATIONAL GEOGRAPHIC HD;HD;CIENCIA Y CULTURA
PERU;POSPAGO;DEMO;1731;DISCOVERY THEATER HD;HD;CIENCIA Y CULTURA
PERU;POSPAGO;DEMO;1732;DISCOVERY HD;HD;CIENCIA Y CULTURA
PERU;POSPAGO;DEMO;1734;ANIMAL PLANET HD;HD;CIENCIA Y CULTURA
PERU;POSPAGO;DEMO;1738;DISCOVERY WORLD HD;HD;CIENCIA Y CULTURA
PERU;POSPAGO;DEMO;1740;TLC;HD;HOGAR Y VARIEDADES
PERU;POSPAGO;DEMO;1742;HISTORY HD;HD;CIENCIA Y CULTURA
PERU;POSPAGO;DEMO;1744;HISTORY 2 HD;HD;CIENCIA Y CULTURA
PERU;POSPAGO;DEMO;1762;ANTENA 3 HD;HD;NACIONAL
PERU;POSPAGO;DEMO;1764;FRANCE 24 HD;HD;NOTICIAS
PERU;POSPAGO;DIRECTV DIGITAL;100;CANAL 100;SD;INFORMATIVO
PERU;POSPAGO;DIRECTV DIGITAL;100;INFORMACIÓN DIRECTV;SD;INFORMATIVO
PERU;POSPAGO;DIRECTV DIGITAL;127;DSHOW;SD;HOGAR Y VARIEDADES
PERU;POSPAGO;DIRECTV DIGITAL;190;EXITOSA;SD;NOTICIAS
PERU;POSPAGO;DIRECTV DIGITAL;192;LATINA;SD;NACIONAL
PERU;POSPAGO;DIRECTV DIGITAL;193;EL CONGRESO;SD;INFORMATIVO
PERU;POSPAGO;DIRECTV DIGITAL;194;AMÉRICA TELEVISION;SD;NACIONAL
PERU;POSPAGO;DIRECTV DIGITAL;195;PANAMERICANA;SD;NACIONAL
PERU;POSPAGO;DIRECTV DIGITAL;196;ATV+;SD;NOTICIAS
PERU;POSPAGO;DIRECTV DIGITAL;197;TV PERÚ;SD;NACIONAL
PERU;POSPAGO;DIRECTV DIGITAL;198;GLOBAL;SD;NACIONAL
PERU;POSPAGO;DIRECTV DIGITAL;199;ATV;SD;NACIONAL
PERU;POSPAGO;DIRECTV DIGITAL;202;STAR CHANNEL;SD;SERIES Y PELICULAS
PERU;POSPAGO;DIRECTV DIGITAL;206;WARNER;SD;SERIES Y PELICULAS
PERU;POSPAGO;DIRECTV DIGITAL;207;A&E MUNDO;SD;SERIES Y PELICULAS
PERU;POSPAGO;DIRECTV DIGITAL;208;SONY;SD;SERIES Y PELICULAS
PERU;POSPAGO;DIRECTV DIGITAL;209;AXN;SD;SERIES Y PELICULAS
PERU;POSPAGO;DIRECTV DIGITAL;210;AMC;SD;SERIES Y PELICULAS
PERU;POSPAGO;DIRECTV DIGITAL;213;TNT SERIES;SD;SERIES Y PELICULAS
PERU;POSPAGO;DIRECTV DIGITAL;216;TNT NOVELAS;SD;TELENOVELAS
PERU;POSPAGO;DIRECTV DIGITAL;217;FX;SD;SERIES Y PELICULAS
PERU;POSPAGO;DIRECTV DIGITAL;218;UNIVERSAL;SD;SERIES Y PELICULAS
PERU;POSPAGO;DIRECTV DIGITAL;220;ADULT SWIM;SD;INFANTIL
PERU;POSPAGO;DIRECTV DIGITAL;221;¡HOLA! TV;SD;HOGAR Y VARIEDADES
PERU;POSPAGO;DIRECTV DIGITAL;222;E!;SD;HOGAR Y VARIEDADES
PERU;POSPAGO;DIRECTV DIGITAL;223;ID;SD;CIENCIA Y CULTURA
PERU;POSPAGO;DIRECTV DIGITAL;226;LAS ESTRELLAS;SD;NACIONAL
PERU;POSPAGO;DIRECTV DIGITAL;227;TL NOVELAS;SD;TELENOVELAS
PERU;POSPAGO;DIRECTV DIGITAL;228;LIFETIME;SD;SERIES Y PELICULAS
PERU;POSPAGO;DIRECTV DIGITAL;229;DISCOVERY HOME & HEALTH;SD;HOGAR Y VARIEDADES
PERU;POSPAGO;DIRECTV DIGITAL;230;AMC SERIES;SD;SERIES Y PELICULAS
PERU;POSPAGO;DIRECTV DIGITAL;231;TELEMUNDO;SD;TELENOVELAS
PERU;POSPAGO;DIRECTV DIGITAL;232;EL GOURMET;SD;GASTRONÓMICO
PERU;POSPAGO;DIRECTV DIGITAL;233;FOOD NETWORK;SD;GASTRONÓMICO
PERU;POSPAGO;DIRECTV DIGITAL;240;CARAS TV;SD;HOGAR Y VARIEDADES
PERU;POSPAGO;DIRECTV DIGITAL;264;MTV;SD;MUSICAL
PERU;POSPAGO;DIRECTV DIGITAL;269;QUIERO MÚSICA EN MI IDIOMA;SD;MUSICAL
PERU;POSPAGO;DIRECTV DIGITAL;304;CARTOON NETWORK;SD;INFANTIL
PERU;POSPAGO;DIRECTV DIGITAL;308;NICKELODEON;SD;INFANTIL
PERU;POSPAGO;DIRECTV DIGITAL;309;NICK JR.;SD;INFANTIL
PERU;POSPAGO;DIRECTV DIGITAL;312;DISNEY CHANNEL;SD;INFANTIL
PERU;POSPAGO;DIRECTV DIGITAL;315;DISNEY JUNIOR;SD;INFANTIL
PERU;POSPAGO;DIRECTV DIGITAL;318;PLIM PLIM;SD;INFANTIL
PERU;POSPAGO;DIRECTV DIGITAL;319;EL REINO INFANTIL;SD;INFANTIL
PERU;POSPAGO;DIRECTV DIGITAL;330;DISCOVERY KIDS;SD;INFANTIL
PERU;POSPAGO;DIRECTV DIGITAL;334;CARTOONITO;SD;INFANTIL
PERU;POSPAGO;DIRECTV DIGITAL;350;EWTN;SD;RELIGIOSO
PERU;POSPAGO;DIRECTV DIGITAL;352;TBN ENLACE;SD;RELIGIOSO
PERU;POSPAGO;DIRECTV DIGITAL;354;CANAL LUZ;SD;RELIGIOSO
PERU;POSPAGO;DIRECTV DIGITAL;502;TNT;SD;SERIES Y PELICULAS
PERU;POSPAGO;DIRECTV DIGITAL;503;GOLDEN;SD;SERIES Y PELICULAS
PERU;POSPAGO;DIRECTV DIGITAL;506;SONY MOVIES;SD;SERIES Y PELICULAS
PERU;POSPAGO;DIRECTV DIGITAL;507;CINECANAL;SD;SERIES Y PELICULAS
PERU;POSPAGO;DIRECTV DIGITAL;508;STUDIO UNIVERSAL;SD;SERIES Y PELICULAS
PERU;POSPAGO;DIRECTV DIGITAL;509;CINEMAX;SD;SERIES Y PELICULAS
PERU;POSPAGO;DIRECTV DIGITAL;510;MÓRBIDO TV;SD;SERIES Y PELICULAS
PERU;POSPAGO;DIRECTV DIGITAL;513;DHE;SD;SERIES Y PELICULAS
PERU;POSPAGO;DIRECTV DIGITAL;516;DE PELÍCULA;SD;SERIES Y PELICULAS
PERU;POSPAGO;DIRECTV DIGITAL;517;GOLDEN EDGE;SD;SERIES Y PELICULAS
PERU;POSPAGO;DIRECTV DIGITAL;518;SPACE;SD;SERIES Y PELICULAS
PERU;POSPAGO;DIRECTV DIGITAL;603;L1;SD;DEPORTES
PERU;POSPAGO;DIRECTV DIGITAL;604;L1M;SD;DEPORTES
PERU;POSPAGO;DIRECTV DIGITAL;610;DSPORTS;SD;DEPORTES
PERU;POSPAGO;DIRECTV DIGITAL;612;DSPORTS 2;SD;DEPORTES
PERU;POSPAGO;DIRECTV DIGITAL;613;DSPORTS +;SD;DEPORTES
PERU;POSPAGO;DIRECTV DIGITAL;621;ESPN;SD;DEPORTES
PERU;POSPAGO;DIRECTV DIGITAL;622;ESPN 2;SD;DEPORTES
PERU;POSPAGO;DIRECTV DIGITAL;623;ESPN 3;SD;DEPORTES
PERU;POSPAGO;DIRECTV DIGITAL;625;ESPN 5;SD;DEPORTES
PERU;POSPAGO;DIRECTV DIGITAL;626;ESPN 6;SD;DEPORTES
PERU;POSPAGO;DIRECTV DIGITAL;627;ESPN 7;SD;DEPORTES
PERU;POSPAGO;DIRECTV DIGITAL;628;GOLF CHANNEL LATIN AMERICA;SD;DEPORTES
PERU;POSPAGO;DIRECTV DIGITAL;629;TYC SPORTS;SD;DEPORTES
PERU;POSPAGO;DIRECTV DIGITAL;700;DNEWS;SD;NOTICIAS
PERU;POSPAGO;DIRECTV DIGITAL;704;CNN EN ESPAÑOL;SD;NOTICIAS
PERU;POSPAGO;DIRECTV DIGITAL;706;CNN INTERNATIONAL;SD;NOTICIAS
PERU;POSPAGO;DIRECTV DIGITAL;707;CNN CHILE;SD;NOTICIAS
PERU;POSPAGO;DIRECTV DIGITAL;708;TVN 24 HORAS;SD;NOTICIAS
PERU;POSPAGO;DIRECTV DIGITAL;710;BLOOMBERG;SD;NOTICIAS
PERU;POSPAGO;DIRECTV DIGITAL;716;TODO NOTICIAS;SD;NOTICIAS
PERU;POSPAGO;DIRECTV DIGITAL;720;26NOTICIAS;SD;NOTICIAS
PERU;POSPAGO;DIRECTV DIGITAL;725;NTN 24;SD;NOTICIAS
PERU;POSPAGO;DIRECTV DIGITAL;726;CANAL RURAL;SD;EDUCATIVO
PERU;POSPAGO;DIRECTV DIGITAL;727;CABLE NOTICIAS;SD;NOTICIAS
PERU;POSPAGO;DIRECTV DIGITAL;730;NATIONAL GEOGRAPHIC;SD;CIENCIA Y CULTURA
PERU;POSPAGO;DIRECTV DIGITAL;732;DISCOVERY;SD;CIENCIA Y CULTURA
PERU;POSPAGO;DIRECTV DIGITAL;734;ANIMAL PLANET;SD;CIENCIA Y CULTURA
PERU;POSPAGO;DIRECTV DIGITAL;736;DISCOVERY TURBO;SD;HOGAR Y VARIEDADES
PERU;POSPAGO;DIRECTV DIGITAL;740;TLC;SD;HOGAR Y VARIEDADES
PERU;POSPAGO;DIRECTV DIGITAL;742;HISTORY;SD;CIENCIA Y CULTURA
PERU;POSPAGO;DIRECTV DIGITAL;744;HISTORY 2;SD;CIENCIA Y CULTURA
PERU;POSPAGO;DIRECTV DIGITAL;760;UNIVISION;SD;NACIONAL
PERU;POSPAGO;DIRECTV DIGITAL;762;ANTENA 3;SD;NACIONAL
PERU;POSPAGO;DIRECTV DIGITAL;764;FRANCE 24;SD;NOTICIAS
PERU;POSPAGO;DIRECTV DIGITAL;766;RAI ITALIA;SD;NACIONAL
PERU;POSPAGO;DIRECTV DIGITAL;768;BBC WORLD NEWS;SD;NOTICIAS
PERU;POSPAGO;DIRECTV DIGITAL;770;DW LATINOAMÉRICA;SD;NOTICIAS
PERU;POSPAGO;DIRECTV DIGITAL;772;CARACOL;SD;NACIONAL
PERU;POSPAGO;DIRECTV DIGITAL;773;EL TIEMPO;SD;NOTICIAS
PERU;POSPAGO;DIRECTV DIGITAL;774;TV CHILE;SD;NACIONAL
PERU;POSPAGO;DIRECTV DIGITAL;775;RCN NUESTRA TELE;SD;NACIONAL
PERU;POSPAGO;DIRECTV DIGITAL;776;GLOBO INTERNACIONAL;SD;NACIONAL
PERU;POSPAGO;DIRECTV DIGITAL;778;RTP INTERNACIONAL;SD;NACIONAL
PERU;POSPAGO;DIRECTV DIGITAL;782;NHK WORLD;SD;NOTICIAS
PERU;POSPAGO;DIRECTV DIGITAL;784;EL TRECE;SD;NACIONAL
PERU;POSPAGO;DIRECTV DIGITAL;786;TELEFE INTERNACIONAL;SD;NACIONAL
PERU;POSPAGO;DIRECTV DIGITAL;790;CGTN ESPAÑOL;SD;NOTICIAS
PERU;POSPAGO;DIRECTV DIGITAL;804;ESCUELA+;SD;EDUCATIVO
PERU;POSPAGO;DIRECTV DIGITAL;901;DSPORTS RADIO;RADIO;DEPORTES
PERU;POSPAGO;DIRECTV DIGITAL;980;UNIÓN RADIO NOTICIAS;RADIO;AUDIO
PERU;POSPAGO;DIRECTV DIGITAL;982;RADIO CARACOL;RADIO;AUDIO
PERU;POSPAGO;DIRECTV DIGITAL;984;RADIO FRANCE INTERNACIONAL;RADIO;AUDIO
PERU;POSPAGO;DIRECTV DIGITAL;986;RADIO OXIGENO;RADIO;AUDIO
PERU;POSPAGO;DIRECTV DIGITAL;987;RADIO STUDIO 92;RADIO;AUDIO
PERU;POSPAGO;DIRECTV DIGITAL;988;RADIO MODA;RADIO;AUDIO
PERU;POSPAGO;DIRECTV DIGITAL;992;RADIO ALERTA BOGOTÁ;RADIO;AUDIO
PERU;POSPAGO;DIRECTV DIGITAL;993;RADIO W;RADIO;AUDIO
PERU;POSPAGO;DIRECTV DIGITAL;1604;L1M;HD;DEPORTES
PERU;POSPAGO;DIRECTV MUNDO DIGITAL;100;CANAL 100;SD;INFORMATIVO
PERU;POSPAGO;DIRECTV MUNDO DIGITAL;100;INFORMACIÓN DIRECTV;SD;INFORMATIVO
PERU;POSPAGO;DIRECTV MUNDO DIGITAL;127;DSHOW;SD;HOGAR Y VARIEDADES
PERU;POSPAGO;DIRECTV MUNDO DIGITAL;190;EXITOSA;SD;NOTICIAS
PERU;POSPAGO;DIRECTV MUNDO DIGITAL;192;LATINA;SD;NACIONAL
PERU;POSPAGO;DIRECTV MUNDO DIGITAL;193;EL CONGRESO;SD;INFORMATIVO
PERU;POSPAGO;DIRECTV MUNDO DIGITAL;194;AMÉRICA TELEVISION;SD;NACIONAL
PERU;POSPAGO;DIRECTV MUNDO DIGITAL;195;PANAMERICANA;SD;NACIONAL
PERU;POSPAGO;DIRECTV MUNDO DIGITAL;196;ATV+;SD;NOTICIAS
PERU;POSPAGO;DIRECTV MUNDO DIGITAL;197;TV PERÚ;SD;NACIONAL
PERU;POSPAGO;DIRECTV MUNDO DIGITAL;198;GLOBAL;SD;NACIONAL
PERU;POSPAGO;DIRECTV MUNDO DIGITAL;199;ATV;SD;NACIONAL
PERU;POSPAGO;DIRECTV MUNDO DIGITAL;202;STAR CHANNEL;SD;SERIES Y PELICULAS
PERU;POSPAGO;DIRECTV MUNDO DIGITAL;206;WARNER;SD;SERIES Y PELICULAS
PERU;POSPAGO;DIRECTV MUNDO DIGITAL;207;A&E MUNDO;SD;SERIES Y PELICULAS
PERU;POSPAGO;DIRECTV MUNDO DIGITAL;208;SONY;SD;SERIES Y PELICULAS
PERU;POSPAGO;DIRECTV MUNDO DIGITAL;209;AXN;SD;SERIES Y PELICULAS
PERU;POSPAGO;DIRECTV MUNDO DIGITAL;210;AMC;SD;SERIES Y PELICULAS
PERU;POSPAGO;DIRECTV MUNDO DIGITAL;213;TNT SERIES;SD;SERIES Y PELICULAS
PERU;POSPAGO;DIRECTV MUNDO DIGITAL;216;TNT NOVELAS;SD;TELENOVELAS
PERU;POSPAGO;DIRECTV MUNDO DIGITAL;217;FX;SD;SERIES Y PELICULAS
PERU;POSPAGO;DIRECTV MUNDO DIGITAL;218;UNIVERSAL;SD;SERIES Y PELICULAS
PERU;POSPAGO;DIRECTV MUNDO DIGITAL;220;ADULT SWIM;SD;INFANTIL
PERU;POSPAGO;DIRECTV MUNDO DIGITAL;221;¡HOLA! TV;SD;HOGAR Y VARIEDADES
PERU;POSPAGO;DIRECTV MUNDO DIGITAL;222;E!;SD;HOGAR Y VARIEDADES
PERU;POSPAGO;DIRECTV MUNDO DIGITAL;223;ID;SD;CIENCIA Y CULTURA
PERU;POSPAGO;DIRECTV MUNDO DIGITAL;226;LAS ESTRELLAS;SD;NACIONAL
PERU;POSPAGO;DIRECTV MUNDO DIGITAL;227;TL NOVELAS;SD;TELENOVELAS
PERU;POSPAGO;DIRECTV MUNDO DIGITAL;228;LIFETIME;SD;SERIES Y PELICULAS
PERU;POSPAGO;DIRECTV MUNDO DIGITAL;229;DISCOVERY HOME & HEALTH;SD;HOGAR Y VARIEDADES
PERU;POSPAGO;DIRECTV MUNDO DIGITAL;230;AMC SERIES;SD;SERIES Y PELICULAS
PERU;POSPAGO;DIRECTV MUNDO DIGITAL;231;TELEMUNDO;SD;TELENOVELAS
PERU;POSPAGO;DIRECTV MUNDO DIGITAL;232;EL GOURMET;SD;GASTRONÓMICO
PERU;POSPAGO;DIRECTV MUNDO DIGITAL;233;FOOD NETWORK;SD;GASTRONÓMICO
PERU;POSPAGO;DIRECTV MUNDO DIGITAL;240;CARAS TV;SD;HOGAR Y VARIEDADES
PERU;POSPAGO;DIRECTV MUNDO DIGITAL;264;MTV;SD;MUSICAL
PERU;POSPAGO;DIRECTV MUNDO DIGITAL;269;QUIERO MÚSICA EN MI IDIOMA;SD;MUSICAL
PERU;POSPAGO;DIRECTV MUNDO DIGITAL;304;CARTOON NETWORK;SD;INFANTIL
PERU;POSPAGO;DIRECTV MUNDO DIGITAL;308;NICKELODEON;SD;INFANTIL
PERU;POSPAGO;DIRECTV MUNDO DIGITAL;309;NICK JR.;SD;INFANTIL
PERU;POSPAGO;DIRECTV MUNDO DIGITAL;312;DISNEY CHANNEL;SD;INFANTIL
PERU;POSPAGO;DIRECTV MUNDO DIGITAL;315;DISNEY JUNIOR;SD;INFANTIL
PERU;POSPAGO;DIRECTV MUNDO DIGITAL;318;PLIM PLIM;SD;INFANTIL
PERU;POSPAGO;DIRECTV MUNDO DIGITAL;319;EL REINO INFANTIL;SD;INFANTIL
PERU;POSPAGO;DIRECTV MUNDO DIGITAL;330;DISCOVERY KIDS;SD;INFANTIL
PERU;POSPAGO;DIRECTV MUNDO DIGITAL;334;CARTOONITO;SD;INFANTIL
PERU;POSPAGO;DIRECTV MUNDO DIGITAL;350;EWTN;SD;RELIGIOSO
PERU;POSPAGO;DIRECTV MUNDO DIGITAL;352;TBN ENLACE;SD;RELIGIOSO
PERU;POSPAGO;DIRECTV MUNDO DIGITAL;354;CANAL LUZ;SD;RELIGIOSO
PERU;POSPAGO;DIRECTV MUNDO DIGITAL;502;TNT;SD;SERIES Y PELICULAS
PERU;POSPAGO;DIRECTV MUNDO DIGITAL;503;GOLDEN;SD;SERIES Y PELICULAS
PERU;POSPAGO;DIRECTV MUNDO DIGITAL;506;SONY MOVIES;SD;SERIES Y PELICULAS
PERU;POSPAGO;DIRECTV MUNDO DIGITAL;507;CINECANAL;SD;SERIES Y PELICULAS
PERU;POSPAGO;DIRECTV MUNDO DIGITAL;508;STUDIO UNIVERSAL;SD;SERIES Y PELICULAS
PERU;POSPAGO;DIRECTV MUNDO DIGITAL;509;CINEMAX;SD;SERIES Y PELICULAS
PERU;POSPAGO;DIRECTV MUNDO DIGITAL;510;MÓRBIDO TV;SD;SERIES Y PELICULAS
PERU;POSPAGO;DIRECTV MUNDO DIGITAL;513;DHE;SD;SERIES Y PELICULAS
PERU;POSPAGO;DIRECTV MUNDO DIGITAL;516;DE PELÍCULA;SD;SERIES Y PELICULAS
PERU;POSPAGO;DIRECTV MUNDO DIGITAL;517;GOLDEN EDGE;SD;SERIES Y PELICULAS
PERU;POSPAGO;DIRECTV MUNDO DIGITAL;518;SPACE;SD;SERIES Y PELICULAS
PERU;POSPAGO;DIRECTV MUNDO DIGITAL;524;HBO;SD;SERIES Y PELICULAS
PERU;POSPAGO;DIRECTV MUNDO DIGITAL;525;HBO 2;SD;SERIES Y PELICULAS
PERU;POSPAGO;DIRECTV MUNDO DIGITAL;526;HBO PLUS;SD;SERIES Y PELICULAS
PERU;POSPAGO;DIRECTV MUNDO DIGITAL;528;HBO SIGNATURE;SD;SERIES Y PELICULAS
PERU;POSPAGO;DIRECTV MUNDO DIGITAL;534;HBO FAMILY;SD;SERIES Y PELICULAS
PERU;POSPAGO;DIRECTV MUNDO DIGITAL;540;HBO MUNDI;SD;SERIES Y PELICULAS
PERU;POSPAGO;DIRECTV MUNDO DIGITAL;541;HBO POP;SD;SERIES Y PELICULAS
PERU;POSPAGO;DIRECTV MUNDO DIGITAL;542;HBO XTREME;SD;SERIES Y PELICULAS
PERU;POSPAGO;DIRECTV MUNDO DIGITAL;571;UNIVERSAL PREMIERE ESTE;SD;SERIES Y PELICULAS
PERU;POSPAGO;DIRECTV MUNDO DIGITAL;572;UNIVERSAL CINEMA;SD;SERIES Y PELICULAS
PERU;POSPAGO;DIRECTV MUNDO DIGITAL;573;UNIVERSAL COMEDY;SD;SERIES Y PELICULAS
PERU;POSPAGO;DIRECTV MUNDO DIGITAL;574;UNIVERSAL CRIME ESTE;SD;SERIES Y PELICULAS
PERU;POSPAGO;DIRECTV MUNDO DIGITAL;575;UNIVERSAL REALITY;SD;HOGAR Y VARIEDADES
PERU;POSPAGO;DIRECTV MUNDO DIGITAL;576;UNIVERSAL PREMIERE OESTE;SD;SERIES Y PELICULAS
PERU;POSPAGO;DIRECTV MUNDO DIGITAL;577;UNIVERSAL CINEMA OESTE;SD;SERIES Y PELICULAS
PERU;POSPAGO;DIRECTV MUNDO DIGITAL;603;L1;SD;DEPORTES
PERU;POSPAGO;DIRECTV MUNDO DIGITAL;604;L1M;SD;DEPORTES
PERU;POSPAGO;DIRECTV MUNDO DIGITAL;610;DSPORTS;SD;DEPORTES
PERU;POSPAGO;DIRECTV MUNDO DIGITAL;612;DSPORTS 2;SD;DEPORTES
PERU;POSPAGO;DIRECTV MUNDO DIGITAL;613;DSPORTS +;SD;DEPORTES
PERU;POSPAGO;DIRECTV MUNDO DIGITAL;621;ESPN;SD;DEPORTES
PERU;POSPAGO;DIRECTV MUNDO DIGITAL;622;ESPN 2;SD;DEPORTES
PERU;POSPAGO;DIRECTV MUNDO DIGITAL;623;ESPN 3;SD;DEPORTES
PERU;POSPAGO;DIRECTV MUNDO DIGITAL;625;ESPN 5;SD;DEPORTES
PERU;POSPAGO;DIRECTV MUNDO DIGITAL;626;ESPN 6;SD;DEPORTES
PERU;POSPAGO;DIRECTV MUNDO DIGITAL;627;ESPN 7;SD;DEPORTES
PERU;POSPAGO;DIRECTV MUNDO DIGITAL;628;GOLF CHANNEL LATIN AMERICA;SD;DEPORTES
PERU;POSPAGO;DIRECTV MUNDO DIGITAL;629;TYC SPORTS;SD;DEPORTES
PERU;POSPAGO;DIRECTV MUNDO DIGITAL;700;DNEWS;SD;NOTICIAS
PERU;POSPAGO;DIRECTV MUNDO DIGITAL;704;CNN EN ESPAÑOL;SD;NOTICIAS
PERU;POSPAGO;DIRECTV MUNDO DIGITAL;706;CNN INTERNATIONAL;SD;NOTICIAS
PERU;POSPAGO;DIRECTV MUNDO DIGITAL;707;CNN CHILE;SD;NOTICIAS
PERU;POSPAGO;DIRECTV MUNDO DIGITAL;708;TVN 24 HORAS;SD;NOTICIAS
PERU;POSPAGO;DIRECTV MUNDO DIGITAL;710;BLOOMBERG;SD;NOTICIAS
PERU;POSPAGO;DIRECTV MUNDO DIGITAL;716;TODO NOTICIAS;SD;NOTICIAS
PERU;POSPAGO;DIRECTV MUNDO DIGITAL;720;26NOTICIAS;SD;NOTICIAS
PERU;POSPAGO;DIRECTV MUNDO DIGITAL;725;NTN 24;SD;NOTICIAS
PERU;POSPAGO;DIRECTV MUNDO DIGITAL;726;CANAL RURAL;SD;EDUCATIVO
PERU;POSPAGO;DIRECTV MUNDO DIGITAL;727;CABLE NOTICIAS;SD;NOTICIAS
PERU;POSPAGO;DIRECTV MUNDO DIGITAL;730;NATIONAL GEOGRAPHIC;SD;CIENCIA Y CULTURA
PERU;POSPAGO;DIRECTV MUNDO DIGITAL;732;DISCOVERY;SD;CIENCIA Y CULTURA
PERU;POSPAGO;DIRECTV MUNDO DIGITAL;734;ANIMAL PLANET;SD;CIENCIA Y CULTURA
PERU;POSPAGO;DIRECTV MUNDO DIGITAL;736;DISCOVERY TURBO;SD;HOGAR Y VARIEDADES
PERU;POSPAGO;DIRECTV MUNDO DIGITAL;740;TLC;SD;HOGAR Y VARIEDADES
PERU;POSPAGO;DIRECTV MUNDO DIGITAL;742;HISTORY;SD;CIENCIA Y CULTURA
PERU;POSPAGO;DIRECTV MUNDO DIGITAL;744;HISTORY 2;SD;CIENCIA Y CULTURA
PERU;POSPAGO;DIRECTV MUNDO DIGITAL;760;UNIVISION;SD;NACIONAL
PERU;POSPAGO;DIRECTV MUNDO DIGITAL;762;ANTENA 3;SD;NACIONAL
PERU;POSPAGO;DIRECTV MUNDO DIGITAL;764;FRANCE 24;SD;NOTICIAS
PERU;POSPAGO;DIRECTV MUNDO DIGITAL;766;RAI ITALIA;SD;NACIONAL
PERU;POSPAGO;DIRECTV MUNDO DIGITAL;768;BBC WORLD NEWS;SD;NOTICIAS
PERU;POSPAGO;DIRECTV MUNDO DIGITAL;770;DW LATINOAMÉRICA;SD;NOTICIAS
PERU;POSPAGO;DIRECTV MUNDO DIGITAL;772;CARACOL;SD;NACIONAL
PERU;POSPAGO;DIRECTV MUNDO DIGITAL;773;EL TIEMPO;SD;NOTICIAS
PERU;POSPAGO;DIRECTV MUNDO DIGITAL;774;TV CHILE;SD;NACIONAL
PERU;POSPAGO;DIRECTV MUNDO DIGITAL;775;RCN NUESTRA TELE;SD;NACIONAL
PERU;POSPAGO;DIRECTV MUNDO DIGITAL;776;GLOBO INTERNACIONAL;SD;NACIONAL
PERU;POSPAGO;DIRECTV MUNDO DIGITAL;778;RTP INTERNACIONAL;SD;NACIONAL
PERU;POSPAGO;DIRECTV MUNDO DIGITAL;782;NHK WORLD;SD;NOTICIAS
PERU;POSPAGO;DIRECTV MUNDO DIGITAL;784;EL TRECE;SD;NACIONAL
PERU;POSPAGO;DIRECTV MUNDO DIGITAL;786;TELEFE INTERNACIONAL;SD;NACIONAL
PERU;POSPAGO;DIRECTV MUNDO DIGITAL;790;CGTN ESPAÑOL;SD;NOTICIAS
PERU;POSPAGO;DIRECTV MUNDO DIGITAL;804;ESCUELA+;SD;EDUCATIVO
PERU;POSPAGO;DIRECTV MUNDO DIGITAL;901;DSPORTS RADIO;RADIO;DEPORTES
PERU;POSPAGO;DIRECTV MUNDO DIGITAL;980;UNIÓN RADIO NOTICIAS;RADIO;AUDIO
PERU;POSPAGO;DIRECTV MUNDO DIGITAL;982;RADIO CARACOL;RADIO;AUDIO
PERU;POSPAGO;DIRECTV MUNDO DIGITAL;984;RADIO FRANCE INTERNACIONAL;RADIO;AUDIO
PERU;POSPAGO;DIRECTV MUNDO DIGITAL;986;RADIO OXIGENO;RADIO;AUDIO
PERU;POSPAGO;DIRECTV MUNDO DIGITAL;987;RADIO STUDIO 92;RADIO;AUDIO
PERU;POSPAGO;DIRECTV MUNDO DIGITAL;988;RADIO MODA;RADIO;AUDIO
PERU;POSPAGO;DIRECTV MUNDO DIGITAL;992;RADIO ALERTA BOGOTÁ;RADIO;AUDIO
PERU;POSPAGO;DIRECTV MUNDO DIGITAL;993;RADIO W;RADIO;AUDIO
PERU;POSPAGO;DIRECTV MUNDO DIGITAL;1604;L1M;HD;DEPORTES
PERU;POSPAGO;EXXXOTICO;469;XTSY;SD;HOGAR Y VARIEDADES
PERU;POSPAGO;EXXXOTICO;470;HUSTLER;SD;ADULTOS
PERU;POSPAGO;FLEX ORO;100;CANAL 100;SD;INFORMATIVO
PERU;POSPAGO;FLEX ORO;100;INFORMACIÓN DIRECTV;SD;INFORMATIVO
PERU;POSPAGO;FLEX ORO;127;DSHOW;SD;HOGAR Y VARIEDADES
PERU;POSPAGO;FLEX ORO;190;EXITOSA;SD;NOTICIAS
PERU;POSPAGO;FLEX ORO;192;LATINA;SD;NACIONAL
PERU;POSPAGO;FLEX ORO;193;EL CONGRESO;SD;INFORMATIVO
PERU;POSPAGO;FLEX ORO;194;AMÉRICA TELEVISION;SD;NACIONAL
PERU;POSPAGO;FLEX ORO;195;PANAMERICANA;SD;NACIONAL
PERU;POSPAGO;FLEX ORO;196;ATV+;SD;NOTICIAS
PERU;POSPAGO;FLEX ORO;197;TV PERÚ;SD;NACIONAL
PERU;POSPAGO;FLEX ORO;198;GLOBAL;SD;NACIONAL
PERU;POSPAGO;FLEX ORO;199;ATV;SD;NACIONAL
PERU;POSPAGO;FLEX ORO;202;STAR CHANNEL;SD;SERIES Y PELICULAS
PERU;POSPAGO;FLEX ORO;206;WARNER;SD;SERIES Y PELICULAS
PERU;POSPAGO;FLEX ORO;207;A&E MUNDO;SD;SERIES Y PELICULAS
PERU;POSPAGO;FLEX ORO;208;SONY;SD;SERIES Y PELICULAS
PERU;POSPAGO;FLEX ORO;209;AXN;SD;SERIES Y PELICULAS
PERU;POSPAGO;FLEX ORO;210;AMC;SD;SERIES Y PELICULAS
PERU;POSPAGO;FLEX ORO;213;TNT SERIES;SD;SERIES Y PELICULAS
PERU;POSPAGO;FLEX ORO;216;TNT NOVELAS;SD;TELENOVELAS
PERU;POSPAGO;FLEX ORO;217;FX;SD;SERIES Y PELICULAS
PERU;POSPAGO;FLEX ORO;218;UNIVERSAL;SD;SERIES Y PELICULAS
PERU;POSPAGO;FLEX ORO;220;ADULT SWIM;SD;INFANTIL
PERU;POSPAGO;FLEX ORO;221;¡HOLA! TV;SD;HOGAR Y VARIEDADES
PERU;POSPAGO;FLEX ORO;222;E!;SD;HOGAR Y VARIEDADES
PERU;POSPAGO;FLEX ORO;223;ID;SD;CIENCIA Y CULTURA
PERU;POSPAGO;FLEX ORO;226;LAS ESTRELLAS;SD;NACIONAL
PERU;POSPAGO;FLEX ORO;227;TL NOVELAS;SD;TELENOVELAS
PERU;POSPAGO;FLEX ORO;229;DISCOVERY HOME & HEALTH;SD;HOGAR Y VARIEDADES
PERU;POSPAGO;FLEX ORO;230;AMC SERIES;SD;SERIES Y PELICULAS
PERU;POSPAGO;FLEX ORO;231;TELEMUNDO;SD;TELENOVELAS
PERU;POSPAGO;FLEX ORO;232;EL GOURMET;SD;GASTRONÓMICO
PERU;POSPAGO;FLEX ORO;233;FOOD NETWORK;SD;GASTRONÓMICO
PERU;POSPAGO;FLEX ORO;240;CARAS TV;SD;HOGAR Y VARIEDADES
PERU;POSPAGO;FLEX ORO;264;MTV;SD;MUSICAL
PERU;POSPAGO;FLEX ORO;269;QUIERO MÚSICA EN MI IDIOMA;SD;MUSICAL
PERU;POSPAGO;FLEX ORO;304;CARTOON NETWORK;SD;INFANTIL
PERU;POSPAGO;FLEX ORO;308;NICKELODEON;SD;INFANTIL
PERU;POSPAGO;FLEX ORO;309;NICK JR.;SD;INFANTIL
PERU;POSPAGO;FLEX ORO;312;DISNEY CHANNEL;SD;INFANTIL
PERU;POSPAGO;FLEX ORO;315;DISNEY JUNIOR;SD;INFANTIL
PERU;POSPAGO;FLEX ORO;318;PLIM PLIM;SD;INFANTIL
PERU;POSPAGO;FLEX ORO;319;EL REINO INFANTIL;SD;INFANTIL
PERU;POSPAGO;FLEX ORO;330;DISCOVERY KIDS;SD;INFANTIL
PERU;POSPAGO;FLEX ORO;334;CARTOONITO;SD;INFANTIL
PERU;POSPAGO;FLEX ORO;350;EWTN;SD;RELIGIOSO
PERU;POSPAGO;FLEX ORO;352;TBN ENLACE;SD;RELIGIOSO
PERU;POSPAGO;FLEX ORO;354;CANAL LUZ;SD;RELIGIOSO
PERU;POSPAGO;FLEX ORO;502;TNT;SD;SERIES Y PELICULAS
PERU;POSPAGO;FLEX ORO;503;GOLDEN;SD;SERIES Y PELICULAS
PERU;POSPAGO;FLEX ORO;506;SONY MOVIES;SD;SERIES Y PELICULAS
PERU;POSPAGO;FLEX ORO;507;CINECANAL;SD;SERIES Y PELICULAS
PERU;POSPAGO;FLEX ORO;508;STUDIO UNIVERSAL;SD;SERIES Y PELICULAS
PERU;POSPAGO;FLEX ORO;509;CINEMAX;SD;SERIES Y PELICULAS
PERU;POSPAGO;FLEX ORO;510;MÓRBIDO TV;SD;SERIES Y PELICULAS
PERU;POSPAGO;FLEX ORO;516;DE PELÍCULA;SD;SERIES Y PELICULAS
PERU;POSPAGO;FLEX ORO;517;GOLDEN EDGE;SD;SERIES Y PELICULAS
PERU;POSPAGO;FLEX ORO;518;SPACE;SD;SERIES Y PELICULAS
PERU;POSPAGO;FLEX ORO;603;L1;SD;DEPORTES
PERU;POSPAGO;FLEX ORO;604;L1M;SD;DEPORTES
PERU;POSPAGO;FLEX ORO;610;DSPORTS;SD;DEPORTES
PERU;POSPAGO;FLEX ORO;612;DSPORTS 2;SD;DEPORTES
PERU;POSPAGO;FLEX ORO;613;DSPORTS +;SD;DEPORTES
PERU;POSPAGO;FLEX ORO;621;ESPN;SD;DEPORTES
PERU;POSPAGO;FLEX ORO;622;ESPN 2;SD;DEPORTES
PERU;POSPAGO;FLEX ORO;623;ESPN 3;SD;DEPORTES
PERU;POSPAGO;FLEX ORO;625;ESPN 5;SD;DEPORTES
PERU;POSPAGO;FLEX ORO;626;ESPN 6;SD;DEPORTES
PERU;POSPAGO;FLEX ORO;627;ESPN 7;SD;DEPORTES
PERU;POSPAGO;FLEX ORO;700;DNEWS;SD;NOTICIAS
PERU;POSPAGO;FLEX ORO;704;CNN EN ESPAÑOL;SD;NOTICIAS
PERU;POSPAGO;FLEX ORO;706;CNN INTERNATIONAL;SD;NOTICIAS
PERU;POSPAGO;FLEX ORO;716;TODO NOTICIAS;SD;NOTICIAS
PERU;POSPAGO;FLEX ORO;720;26NOTICIAS;SD;NOTICIAS
PERU;POSPAGO;FLEX ORO;726;CANAL RURAL;SD;EDUCATIVO
PERU;POSPAGO;FLEX ORO;730;NATIONAL GEOGRAPHIC;SD;CIENCIA Y CULTURA
PERU;POSPAGO;FLEX ORO;732;DISCOVERY;SD;CIENCIA Y CULTURA
PERU;POSPAGO;FLEX ORO;734;ANIMAL PLANET;SD;CIENCIA Y CULTURA
PERU;POSPAGO;FLEX ORO;740;TLC;SD;HOGAR Y VARIEDADES
PERU;POSPAGO;FLEX ORO;742;HISTORY;SD;CIENCIA Y CULTURA
PERU;POSPAGO;FLEX ORO;744;HISTORY 2;SD;CIENCIA Y CULTURA
PERU;POSPAGO;FLEX ORO;760;UNIVISION;SD;NACIONAL
PERU;POSPAGO;FLEX ORO;762;ANTENA 3;SD;NACIONAL
PERU;POSPAGO;FLEX ORO;764;FRANCE 24;SD;NOTICIAS
PERU;POSPAGO;FLEX ORO;784;EL TRECE;SD;NACIONAL
PERU;POSPAGO;FLEX ORO;786;TELEFE INTERNACIONAL;SD;NACIONAL
PERU;POSPAGO;FLEX ORO;790;CGTN ESPAÑOL;SD;NOTICIAS
PERU;POSPAGO;FLEX ORO;804;ESCUELA+;SD;EDUCATIVO
PERU;POSPAGO;FLEX ORO;901;DSPORTS RADIO;RADIO;DEPORTES
PERU;POSPAGO;FLEX ORO;980;UNIÓN RADIO NOTICIAS;RADIO;AUDIO
PERU;POSPAGO;FLEX ORO;982;RADIO CARACOL;RADIO;AUDIO
PERU;POSPAGO;FLEX ORO;984;RADIO FRANCE INTERNACIONAL;RADIO;AUDIO
PERU;POSPAGO;FLEX ORO;986;RADIO OXIGENO;RADIO;AUDIO
PERU;POSPAGO;FLEX ORO;987;RADIO STUDIO 92;RADIO;AUDIO
PERU;POSPAGO;FLEX ORO;988;RADIO MODA;RADIO;AUDIO
PERU;POSPAGO;FLEX ORO;992;RADIO ALERTA BOGOTÁ;RADIO;AUDIO
PERU;POSPAGO;FLEX ORO;993;RADIO W;RADIO;AUDIO
PERU;POSPAGO;FLEX ORO;1604;L1M;HD;DEPORTES
PERU;POSPAGO;FLEX PLATA;100;CANAL 100;SD;INFORMATIVO
PERU;POSPAGO;FLEX PLATA;100;INFORMACIÓN DIRECTV;SD;INFORMATIVO
PERU;POSPAGO;FLEX PLATA;127;DSHOW;SD;HOGAR Y VARIEDADES
PERU;POSPAGO;FLEX PLATA;190;EXITOSA;SD;NOTICIAS
PERU;POSPAGO;FLEX PLATA;192;LATINA;SD;NACIONAL
PERU;POSPAGO;FLEX PLATA;193;EL CONGRESO;SD;INFORMATIVO
PERU;POSPAGO;FLEX PLATA;194;AMÉRICA TELEVISION;SD;NACIONAL
PERU;POSPAGO;FLEX PLATA;195;PANAMERICANA;SD;NACIONAL
PERU;POSPAGO;FLEX PLATA;196;ATV+;SD;NOTICIAS
PERU;POSPAGO;FLEX PLATA;197;TV PERÚ;SD;NACIONAL
PERU;POSPAGO;FLEX PLATA;198;GLOBAL;SD;NACIONAL
PERU;POSPAGO;FLEX PLATA;199;ATV;SD;NACIONAL
PERU;POSPAGO;FLEX PLATA;202;STAR CHANNEL;SD;SERIES Y PELICULAS
PERU;POSPAGO;FLEX PLATA;206;WARNER;SD;SERIES Y PELICULAS
PERU;POSPAGO;FLEX PLATA;207;A&E MUNDO;SD;SERIES Y PELICULAS
PERU;POSPAGO;FLEX PLATA;208;SONY;SD;SERIES Y PELICULAS
PERU;POSPAGO;FLEX PLATA;209;AXN;SD;SERIES Y PELICULAS
PERU;POSPAGO;FLEX PLATA;217;FX;SD;SERIES Y PELICULAS
PERU;POSPAGO;FLEX PLATA;218;UNIVERSAL;SD;SERIES Y PELICULAS
PERU;POSPAGO;FLEX PLATA;220;ADULT SWIM;SD;INFANTIL
PERU;POSPAGO;FLEX PLATA;221;¡HOLA! TV;SD;HOGAR Y VARIEDADES
PERU;POSPAGO;FLEX PLATA;222;E!;SD;HOGAR Y VARIEDADES
PERU;POSPAGO;FLEX PLATA;226;LAS ESTRELLAS;SD;NACIONAL
PERU;POSPAGO;FLEX PLATA;227;TL NOVELAS;SD;TELENOVELAS
PERU;POSPAGO;FLEX PLATA;229;DISCOVERY HOME & HEALTH;SD;HOGAR Y VARIEDADES
PERU;POSPAGO;FLEX PLATA;231;TELEMUNDO;SD;TELENOVELAS
PERU;POSPAGO;FLEX PLATA;232;EL GOURMET;SD;GASTRONÓMICO
PERU;POSPAGO;FLEX PLATA;240;CARAS TV;SD;HOGAR Y VARIEDADES
PERU;POSPAGO;FLEX PLATA;264;MTV;SD;MUSICAL
PERU;POSPAGO;FLEX PLATA;269;QUIERO MÚSICA EN MI IDIOMA;SD;MUSICAL
PERU;POSPAGO;FLEX PLATA;304;CARTOON NETWORK;SD;INFANTIL
PERU;POSPAGO;FLEX PLATA;308;NICKELODEON;SD;INFANTIL
PERU;POSPAGO;FLEX PLATA;312;DISNEY CHANNEL;SD;INFANTIL
PERU;POSPAGO;FLEX PLATA;315;DISNEY JUNIOR;SD;INFANTIL
PERU;POSPAGO;FLEX PLATA;318;PLIM PLIM;SD;INFANTIL
PERU;POSPAGO;FLEX PLATA;319;EL REINO INFANTIL;SD;INFANTIL
PERU;POSPAGO;FLEX PLATA;330;DISCOVERY KIDS;SD;INFANTIL
PERU;POSPAGO;FLEX PLATA;350;EWTN;SD;RELIGIOSO
PERU;POSPAGO;FLEX PLATA;352;TBN ENLACE;SD;RELIGIOSO
PERU;POSPAGO;FLEX PLATA;354;CANAL LUZ;SD;RELIGIOSO
PERU;POSPAGO;FLEX PLATA;502;TNT;SD;SERIES Y PELICULAS
PERU;POSPAGO;FLEX PLATA;507;CINECANAL;SD;SERIES Y PELICULAS
PERU;POSPAGO;FLEX PLATA;508;STUDIO UNIVERSAL;SD;SERIES Y PELICULAS
PERU;POSPAGO;FLEX PLATA;510;MÓRBIDO TV;SD;SERIES Y PELICULAS
PERU;POSPAGO;FLEX PLATA;516;DE PELÍCULA;SD;SERIES Y PELICULAS
PERU;POSPAGO;FLEX PLATA;518;SPACE;SD;SERIES Y PELICULAS
PERU;POSPAGO;FLEX PLATA;603;L1;SD;DEPORTES
PERU;POSPAGO;FLEX PLATA;604;L1M;SD;DEPORTES
PERU;POSPAGO;FLEX PLATA;610;DSPORTS;SD;DEPORTES
PERU;POSPAGO;FLEX PLATA;612;DSPORTS 2;SD;DEPORTES
PERU;POSPAGO;FLEX PLATA;613;DSPORTS +;SD;DEPORTES
PERU;POSPAGO;FLEX PLATA;621;ESPN;SD;DEPORTES
PERU;POSPAGO;FLEX PLATA;622;ESPN 2;SD;DEPORTES
PERU;POSPAGO;FLEX PLATA;623;ESPN 3;SD;DEPORTES
PERU;POSPAGO;FLEX PLATA;625;ESPN 5;SD;DEPORTES
PERU;POSPAGO;FLEX PLATA;626;ESPN 6;SD;DEPORTES
PERU;POSPAGO;FLEX PLATA;627;ESPN 7;SD;DEPORTES
PERU;POSPAGO;FLEX PLATA;700;DNEWS;SD;NOTICIAS
PERU;POSPAGO;FLEX PLATA;704;CNN EN ESPAÑOL;SD;NOTICIAS
PERU;POSPAGO;FLEX PLATA;706;CNN INTERNATIONAL;SD;NOTICIAS
PERU;POSPAGO;FLEX PLATA;726;CANAL RURAL;SD;EDUCATIVO
PERU;POSPAGO;FLEX PLATA;730;NATIONAL GEOGRAPHIC;SD;CIENCIA Y CULTURA
PERU;POSPAGO;FLEX PLATA;732;DISCOVERY;SD;CIENCIA Y CULTURA
PERU;POSPAGO;FLEX PLATA;734;ANIMAL PLANET;SD;CIENCIA Y CULTURA
PERU;POSPAGO;FLEX PLATA;740;TLC;SD;HOGAR Y VARIEDADES
PERU;POSPAGO;FLEX PLATA;742;HISTORY;SD;CIENCIA Y CULTURA
PERU;POSPAGO;FLEX PLATA;760;UNIVISION;SD;NACIONAL
PERU;POSPAGO;FLEX PLATA;762;ANTENA 3;SD;NACIONAL
PERU;POSPAGO;FLEX PLATA;764;FRANCE 24;SD;NOTICIAS
PERU;POSPAGO;FLEX PLATA;790;CGTN ESPAÑOL;SD;NOTICIAS
PERU;POSPAGO;FLEX PLATA;804;ESCUELA+;SD;EDUCATIVO
PERU;POSPAGO;FLEX PLATA;901;DSPORTS RADIO;RADIO;DEPORTES
PERU;POSPAGO;FLEX PLATA;980;UNIÓN RADIO NOTICIAS;RADIO;AUDIO
PERU;POSPAGO;FLEX PLATA;982;RADIO CARACOL;RADIO;AUDIO
PERU;POSPAGO;FLEX PLATA;984;RADIO FRANCE INTERNACIONAL;RADIO;AUDIO
PERU;POSPAGO;FLEX PLATA;986;RADIO OXIGENO;RADIO;AUDIO
PERU;POSPAGO;FLEX PLATA;987;RADIO STUDIO 92;RADIO;AUDIO
PERU;POSPAGO;FLEX PLATA;988;RADIO MODA;RADIO;AUDIO
PERU;POSPAGO;FLEX PLATA;992;RADIO ALERTA BOGOTÁ;RADIO;AUDIO
PERU;POSPAGO;FLEX PLATA;993;RADIO W;RADIO;AUDIO
PERU;POSPAGO;FLEX PLATA;1604;L1M;HD;DEPORTES
PERU;POSPAGO;FLEX PLATINUM;100;CANAL 100;SD;INFORMATIVO
PERU;POSPAGO;FLEX PLATINUM;100;INFORMACIÓN DIRECTV;SD;INFORMATIVO
PERU;POSPAGO;FLEX PLATINUM;127;DSHOW;SD;HOGAR Y VARIEDADES
PERU;POSPAGO;FLEX PLATINUM;190;EXITOSA;SD;NOTICIAS
PERU;POSPAGO;FLEX PLATINUM;192;LATINA;SD;NACIONAL
PERU;POSPAGO;FLEX PLATINUM;193;EL CONGRESO;SD;INFORMATIVO
PERU;POSPAGO;FLEX PLATINUM;194;AMÉRICA TELEVISION;SD;NACIONAL
PERU;POSPAGO;FLEX PLATINUM;195;PANAMERICANA;SD;NACIONAL
PERU;POSPAGO;FLEX PLATINUM;196;ATV+;SD;NOTICIAS
PERU;POSPAGO;FLEX PLATINUM;197;TV PERÚ;SD;NACIONAL
PERU;POSPAGO;FLEX PLATINUM;198;GLOBAL;SD;NACIONAL
PERU;POSPAGO;FLEX PLATINUM;199;ATV;SD;NACIONAL
PERU;POSPAGO;FLEX PLATINUM;202;STAR CHANNEL;SD;SERIES Y PELICULAS
PERU;POSPAGO;FLEX PLATINUM;206;WARNER;SD;SERIES Y PELICULAS
PERU;POSPAGO;FLEX PLATINUM;207;A&E MUNDO;SD;SERIES Y PELICULAS
PERU;POSPAGO;FLEX PLATINUM;208;SONY;SD;SERIES Y PELICULAS
PERU;POSPAGO;FLEX PLATINUM;209;AXN;SD;SERIES Y PELICULAS
PERU;POSPAGO;FLEX PLATINUM;210;AMC;SD;SERIES Y PELICULAS
PERU;POSPAGO;FLEX PLATINUM;213;TNT SERIES;SD;SERIES Y PELICULAS
PERU;POSPAGO;FLEX PLATINUM;214;ATRES SERIES;SD;SERIES Y PELICULAS
PERU;POSPAGO;FLEX PLATINUM;216;TNT NOVELAS;SD;TELENOVELAS
PERU;POSPAGO;FLEX PLATINUM;217;FX;SD;SERIES Y PELICULAS
PERU;POSPAGO;FLEX PLATINUM;218;UNIVERSAL;SD;SERIES Y PELICULAS
PERU;POSPAGO;FLEX PLATINUM;219;USA;SD;SERIES Y PELICULAS
PERU;POSPAGO;FLEX PLATINUM;220;ADULT SWIM;SD;INFANTIL
PERU;POSPAGO;FLEX PLATINUM;221;¡HOLA! TV;SD;HOGAR Y VARIEDADES
PERU;POSPAGO;FLEX PLATINUM;222;E!;SD;HOGAR Y VARIEDADES
PERU;POSPAGO;FLEX PLATINUM;223;ID;SD;CIENCIA Y CULTURA
PERU;POSPAGO;FLEX PLATINUM;226;LAS ESTRELLAS;SD;NACIONAL
PERU;POSPAGO;FLEX PLATINUM;227;TL NOVELAS;SD;TELENOVELAS
PERU;POSPAGO;FLEX PLATINUM;228;LIFETIME;SD;SERIES Y PELICULAS
PERU;POSPAGO;FLEX PLATINUM;229;DISCOVERY HOME & HEALTH;SD;HOGAR Y VARIEDADES
PERU;POSPAGO;FLEX PLATINUM;230;AMC SERIES;SD;SERIES Y PELICULAS
PERU;POSPAGO;FLEX PLATINUM;231;TELEMUNDO;SD;TELENOVELAS
PERU;POSPAGO;FLEX PLATINUM;232;EL GOURMET;SD;GASTRONÓMICO
PERU;POSPAGO;FLEX PLATINUM;233;FOOD NETWORK;SD;GASTRONÓMICO
PERU;POSPAGO;FLEX PLATINUM;240;CARAS TV;SD;HOGAR Y VARIEDADES
PERU;POSPAGO;FLEX PLATINUM;264;MTV;SD;MUSICAL
PERU;POSPAGO;FLEX PLATINUM;269;QUIERO MÚSICA EN MI IDIOMA;SD;MUSICAL
PERU;POSPAGO;FLEX PLATINUM;304;CARTOON NETWORK;SD;INFANTIL
PERU;POSPAGO;FLEX PLATINUM;308;NICKELODEON;SD;INFANTIL
PERU;POSPAGO;FLEX PLATINUM;309;NICK JR.;SD;INFANTIL
PERU;POSPAGO;FLEX PLATINUM;312;DISNEY CHANNEL;SD;INFANTIL
PERU;POSPAGO;FLEX PLATINUM;315;DISNEY JUNIOR;SD;INFANTIL
PERU;POSPAGO;FLEX PLATINUM;318;PLIM PLIM;SD;INFANTIL
PERU;POSPAGO;FLEX PLATINUM;319;EL REINO INFANTIL;SD;INFANTIL
PERU;POSPAGO;FLEX PLATINUM;330;DISCOVERY KIDS;SD;INFANTIL
PERU;POSPAGO;FLEX PLATINUM;334;CARTOONITO;SD;INFANTIL
PERU;POSPAGO;FLEX PLATINUM;350;EWTN;SD;RELIGIOSO
PERU;POSPAGO;FLEX PLATINUM;351;ORBE 21;SD;RELIGIOSO
PERU;POSPAGO;FLEX PLATINUM;352;TBN ENLACE;SD;RELIGIOSO
PERU;POSPAGO;FLEX PLATINUM;354;CANAL LUZ;SD;RELIGIOSO
PERU;POSPAGO;FLEX PLATINUM;502;TNT;SD;SERIES Y PELICULAS
PERU;POSPAGO;FLEX PLATINUM;503;GOLDEN;SD;SERIES Y PELICULAS
PERU;POSPAGO;FLEX PLATINUM;506;SONY MOVIES;SD;SERIES Y PELICULAS
PERU;POSPAGO;FLEX PLATINUM;507;CINECANAL;SD;SERIES Y PELICULAS
PERU;POSPAGO;FLEX PLATINUM;508;STUDIO UNIVERSAL;SD;SERIES Y PELICULAS
PERU;POSPAGO;FLEX PLATINUM;509;CINEMAX;SD;SERIES Y PELICULAS
PERU;POSPAGO;FLEX PLATINUM;510;MÓRBIDO TV;SD;SERIES Y PELICULAS
PERU;POSPAGO;FLEX PLATINUM;513;DHE;SD;SERIES Y PELICULAS
PERU;POSPAGO;FLEX PLATINUM;516;DE PELÍCULA;SD;SERIES Y PELICULAS
PERU;POSPAGO;FLEX PLATINUM;517;GOLDEN EDGE;SD;SERIES Y PELICULAS
PERU;POSPAGO;FLEX PLATINUM;518;SPACE;SD;SERIES Y PELICULAS
PERU;POSPAGO;FLEX PLATINUM;603;L1;SD;DEPORTES
PERU;POSPAGO;FLEX PLATINUM;604;L1M;SD;DEPORTES
PERU;POSPAGO;FLEX PLATINUM;610;DSPORTS;SD;DEPORTES
PERU;POSPAGO;FLEX PLATINUM;612;DSPORTS 2;SD;DEPORTES
PERU;POSPAGO;FLEX PLATINUM;613;DSPORTS +;SD;DEPORTES
PERU;POSPAGO;FLEX PLATINUM;621;ESPN;SD;DEPORTES
PERU;POSPAGO;FLEX PLATINUM;622;ESPN 2;SD;DEPORTES
PERU;POSPAGO;FLEX PLATINUM;623;ESPN 3;SD;DEPORTES
PERU;POSPAGO;FLEX PLATINUM;625;ESPN 5;SD;DEPORTES
PERU;POSPAGO;FLEX PLATINUM;626;ESPN 6;SD;DEPORTES
PERU;POSPAGO;FLEX PLATINUM;627;ESPN 7;SD;DEPORTES
PERU;POSPAGO;FLEX PLATINUM;628;GOLF CHANNEL LATIN AMERICA;SD;DEPORTES
PERU;POSPAGO;FLEX PLATINUM;629;TYC SPORTS;SD;DEPORTES
PERU;POSPAGO;FLEX PLATINUM;700;DNEWS;SD;NOTICIAS
PERU;POSPAGO;FLEX PLATINUM;704;CNN EN ESPAÑOL;SD;NOTICIAS
PERU;POSPAGO;FLEX PLATINUM;706;CNN INTERNATIONAL;SD;NOTICIAS
PERU;POSPAGO;FLEX PLATINUM;707;CNN CHILE;SD;NOTICIAS
PERU;POSPAGO;FLEX PLATINUM;708;TVN 24 HORAS;SD;NOTICIAS
PERU;POSPAGO;FLEX PLATINUM;710;BLOOMBERG;SD;NOTICIAS
PERU;POSPAGO;FLEX PLATINUM;716;TODO NOTICIAS;SD;NOTICIAS
PERU;POSPAGO;FLEX PLATINUM;720;26NOTICIAS;SD;NOTICIAS
PERU;POSPAGO;FLEX PLATINUM;725;NTN 24;SD;NOTICIAS
PERU;POSPAGO;FLEX PLATINUM;726;CANAL RURAL;SD;EDUCATIVO
PERU;POSPAGO;FLEX PLATINUM;727;CABLE NOTICIAS;SD;NOTICIAS
PERU;POSPAGO;FLEX PLATINUM;730;NATIONAL GEOGRAPHIC;SD;CIENCIA Y CULTURA
PERU;POSPAGO;FLEX PLATINUM;732;DISCOVERY;SD;CIENCIA Y CULTURA
PERU;POSPAGO;FLEX PLATINUM;734;ANIMAL PLANET;SD;CIENCIA Y CULTURA
PERU;POSPAGO;FLEX PLATINUM;736;DISCOVERY TURBO;SD;HOGAR Y VARIEDADES
PERU;POSPAGO;FLEX PLATINUM;740;TLC;SD;HOGAR Y VARIEDADES
PERU;POSPAGO;FLEX PLATINUM;742;HISTORY;SD;CIENCIA Y CULTURA
PERU;POSPAGO;FLEX PLATINUM;744;HISTORY 2;SD;CIENCIA Y CULTURA
PERU;POSPAGO;FLEX PLATINUM;760;UNIVISION;SD;NACIONAL
PERU;POSPAGO;FLEX PLATINUM;762;ANTENA 3;SD;NACIONAL
PERU;POSPAGO;FLEX PLATINUM;764;FRANCE 24;SD;NOTICIAS
PERU;POSPAGO;FLEX PLATINUM;766;RAI ITALIA;SD;NACIONAL
PERU;POSPAGO;FLEX PLATINUM;768;BBC WORLD NEWS;SD;NOTICIAS
PERU;POSPAGO;FLEX PLATINUM;770;DW LATINOAMÉRICA;SD;NOTICIAS
PERU;POSPAGO;FLEX PLATINUM;772;CARACOL;SD;NACIONAL
PERU;POSPAGO;FLEX PLATINUM;773;EL TIEMPO;SD;NOTICIAS
PERU;POSPAGO;FLEX PLATINUM;774;TV CHILE;SD;NACIONAL
PERU;POSPAGO;FLEX PLATINUM;775;RCN NUESTRA TELE;SD;NACIONAL
PERU;POSPAGO;FLEX PLATINUM;776;GLOBO INTERNACIONAL;SD;NACIONAL
PERU;POSPAGO;FLEX PLATINUM;778;RTP INTERNACIONAL;SD;NACIONAL
PERU;POSPAGO;FLEX PLATINUM;782;NHK WORLD;SD;NOTICIAS
PERU;POSPAGO;FLEX PLATINUM;784;EL TRECE;SD;NACIONAL
PERU;POSPAGO;FLEX PLATINUM;786;TELEFE INTERNACIONAL;SD;NACIONAL
PERU;POSPAGO;FLEX PLATINUM;790;CGTN ESPAÑOL;SD;NOTICIAS
PERU;POSPAGO;FLEX PLATINUM;804;ESCUELA+;SD;EDUCATIVO
PERU;POSPAGO;FLEX PLATINUM;901;DSPORTS RADIO;RADIO;DEPORTES
PERU;POSPAGO;FLEX PLATINUM;980;UNIÓN RADIO NOTICIAS;RADIO;AUDIO
PERU;POSPAGO;FLEX PLATINUM;982;RADIO CARACOL;RADIO;AUDIO
PERU;POSPAGO;FLEX PLATINUM;984;RADIO FRANCE INTERNACIONAL;RADIO;AUDIO
PERU;POSPAGO;FLEX PLATINUM;986;RADIO OXIGENO;RADIO;AUDIO
PERU;POSPAGO;FLEX PLATINUM;987;RADIO STUDIO 92;RADIO;AUDIO
PERU;POSPAGO;FLEX PLATINUM;988;RADIO MODA;RADIO;AUDIO
PERU;POSPAGO;FLEX PLATINUM;992;RADIO ALERTA BOGOTÁ;RADIO;AUDIO
PERU;POSPAGO;FLEX PLATINUM;993;RADIO W;RADIO;AUDIO
PERU;POSPAGO;FREE FUTBOL;213;TNT SERIES;SD;SERIES Y PELICULAS
PERU;POSPAGO;FULL (HD);100;CANAL 100;SD;INFORMATIVO
PERU;POSPAGO;FULL (HD);100;INFORMACIÓN DIRECTV;SD;INFORMATIVO
PERU;POSPAGO;FULL (HD);127;DSHOW;SD;HOGAR Y VARIEDADES
PERU;POSPAGO;FULL (HD);190;EXITOSA;SD;NOTICIAS
PERU;POSPAGO;FULL (HD);192;LATINA;SD;NACIONAL
PERU;POSPAGO;FULL (HD);193;EL CONGRESO;SD;INFORMATIVO
PERU;POSPAGO;FULL (HD);194;AMÉRICA TELEVISION;SD;NACIONAL
PERU;POSPAGO;FULL (HD);195;PANAMERICANA;SD;NACIONAL
PERU;POSPAGO;FULL (HD);196;ATV+;SD;NOTICIAS
PERU;POSPAGO;FULL (HD);197;TV PERÚ;SD;NACIONAL
PERU;POSPAGO;FULL (HD);198;GLOBAL;SD;NACIONAL
PERU;POSPAGO;FULL (HD);199;ATV;SD;NACIONAL
PERU;POSPAGO;FULL (HD);202;STAR CHANNEL;SD;SERIES Y PELICULAS
PERU;POSPAGO;FULL (HD);206;WARNER;SD;SERIES Y PELICULAS
PERU;POSPAGO;FULL (HD);207;A&E MUNDO;SD;SERIES Y PELICULAS
PERU;POSPAGO;FULL (HD);208;SONY;SD;SERIES Y PELICULAS
PERU;POSPAGO;FULL (HD);209;AXN;SD;SERIES Y PELICULAS
PERU;POSPAGO;FULL (HD);210;AMC;SD;SERIES Y PELICULAS
PERU;POSPAGO;FULL (HD);213;TNT SERIES;SD;SERIES Y PELICULAS
PERU;POSPAGO;FULL (HD);214;ATRES SERIES;SD;SERIES Y PELICULAS
PERU;POSPAGO;FULL (HD);216;TNT NOVELAS;SD;TELENOVELAS
PERU;POSPAGO;FULL (HD);217;FX;SD;SERIES Y PELICULAS
PERU;POSPAGO;FULL (HD);218;UNIVERSAL;SD;SERIES Y PELICULAS
PERU;POSPAGO;FULL (HD);219;USA;SD;SERIES Y PELICULAS
PERU;POSPAGO;FULL (HD);220;ADULT SWIM;SD;INFANTIL
PERU;POSPAGO;FULL (HD);221;¡HOLA! TV;SD;HOGAR Y VARIEDADES
PERU;POSPAGO;FULL (HD);222;E!;SD;HOGAR Y VARIEDADES
PERU;POSPAGO;FULL (HD);223;ID;SD;CIENCIA Y CULTURA
PERU;POSPAGO;FULL (HD);226;LAS ESTRELLAS;SD;NACIONAL
PERU;POSPAGO;FULL (HD);227;TL NOVELAS;SD;TELENOVELAS
PERU;POSPAGO;FULL (HD);228;LIFETIME;SD;SERIES Y PELICULAS
PERU;POSPAGO;FULL (HD);229;DISCOVERY HOME & HEALTH;SD;HOGAR Y VARIEDADES
PERU;POSPAGO;FULL (HD);230;AMC SERIES;SD;SERIES Y PELICULAS
PERU;POSPAGO;FULL (HD);231;TELEMUNDO;SD;TELENOVELAS
PERU;POSPAGO;FULL (HD);232;EL GOURMET;SD;GASTRONÓMICO
PERU;POSPAGO;FULL (HD);233;FOOD NETWORK;SD;GASTRONÓMICO
PERU;POSPAGO;FULL (HD);240;CARAS TV;SD;HOGAR Y VARIEDADES
PERU;POSPAGO;FULL (HD);264;MTV;SD;MUSICAL
PERU;POSPAGO;FULL (HD);269;QUIERO MÚSICA EN MI IDIOMA;SD;MUSICAL
PERU;POSPAGO;FULL (HD);304;CARTOON NETWORK;SD;INFANTIL
PERU;POSPAGO;FULL (HD);308;NICKELODEON;SD;INFANTIL
PERU;POSPAGO;FULL (HD);309;NICK JR.;SD;INFANTIL
PERU;POSPAGO;FULL (HD);312;DISNEY CHANNEL;SD;INFANTIL
PERU;POSPAGO;FULL (HD);315;DISNEY JUNIOR;SD;INFANTIL
PERU;POSPAGO;FULL (HD);318;PLIM PLIM;SD;INFANTIL
PERU;POSPAGO;FULL (HD);319;EL REINO INFANTIL;SD;INFANTIL
PERU;POSPAGO;FULL (HD);330;DISCOVERY KIDS;SD;INFANTIL
PERU;POSPAGO;FULL (HD);334;CARTOONITO;SD;INFANTIL
PERU;POSPAGO;FULL (HD);350;EWTN;SD;RELIGIOSO
PERU;POSPAGO;FULL (HD);351;ORBE 21;SD;RELIGIOSO
PERU;POSPAGO;FULL (HD);352;TBN ENLACE;SD;RELIGIOSO
PERU;POSPAGO;FULL (HD);354;CANAL LUZ;SD;RELIGIOSO
PERU;POSPAGO;FULL (HD);502;TNT;SD;SERIES Y PELICULAS
PERU;POSPAGO;FULL (HD);503;GOLDEN;SD;SERIES Y PELICULAS
PERU;POSPAGO;FULL (HD);506;SONY MOVIES;SD;SERIES Y PELICULAS
PERU;POSPAGO;FULL (HD);507;CINECANAL;SD;SERIES Y PELICULAS
PERU;POSPAGO;FULL (HD);508;STUDIO UNIVERSAL;SD;SERIES Y PELICULAS
PERU;POSPAGO;FULL (HD);509;CINEMAX;SD;SERIES Y PELICULAS
PERU;POSPAGO;FULL (HD);510;MÓRBIDO TV;SD;SERIES Y PELICULAS
PERU;POSPAGO;FULL (HD);513;DHE;SD;SERIES Y PELICULAS
PERU;POSPAGO;FULL (HD);516;DE PELÍCULA;SD;SERIES Y PELICULAS
PERU;POSPAGO;FULL (HD);517;GOLDEN EDGE;SD;SERIES Y PELICULAS
PERU;POSPAGO;FULL (HD);518;SPACE;SD;SERIES Y PELICULAS
PERU;POSPAGO;FULL (HD);524;HBO;SD;SERIES Y PELICULAS
PERU;POSPAGO;FULL (HD);525;HBO 2;SD;SERIES Y PELICULAS
PERU;POSPAGO;FULL (HD);526;HBO PLUS;SD;SERIES Y PELICULAS
PERU;POSPAGO;FULL (HD);528;HBO SIGNATURE;SD;SERIES Y PELICULAS
PERU;POSPAGO;FULL (HD);534;HBO FAMILY;SD;SERIES Y PELICULAS
PERU;POSPAGO;FULL (HD);540;HBO MUNDI;SD;SERIES Y PELICULAS
PERU;POSPAGO;FULL (HD);541;HBO POP;SD;SERIES Y PELICULAS
PERU;POSPAGO;FULL (HD);542;HBO XTREME;SD;SERIES Y PELICULAS
PERU;POSPAGO;FULL (HD);571;UNIVERSAL PREMIERE ESTE;SD;SERIES Y PELICULAS
PERU;POSPAGO;FULL (HD);572;UNIVERSAL CINEMA;SD;SERIES Y PELICULAS
PERU;POSPAGO;FULL (HD);573;UNIVERSAL COMEDY;SD;SERIES Y PELICULAS
PERU;POSPAGO;FULL (HD);574;UNIVERSAL CRIME ESTE;SD;SERIES Y PELICULAS
PERU;POSPAGO;FULL (HD);575;UNIVERSAL REALITY;SD;HOGAR Y VARIEDADES
PERU;POSPAGO;FULL (HD);576;UNIVERSAL PREMIERE OESTE;SD;SERIES Y PELICULAS
PERU;POSPAGO;FULL (HD);577;UNIVERSAL CINEMA OESTE;SD;SERIES Y PELICULAS
PERU;POSPAGO;FULL (HD);603;L1;SD;DEPORTES
PERU;POSPAGO;FULL (HD);604;L1M;SD;DEPORTES
PERU;POSPAGO;FULL (HD);610;DSPORTS;SD;DEPORTES
PERU;POSPAGO;FULL (HD);612;DSPORTS 2;SD;DEPORTES
PERU;POSPAGO;FULL (HD);613;DSPORTS +;SD;DEPORTES
PERU;POSPAGO;FULL (HD);621;ESPN;SD;DEPORTES
PERU;POSPAGO;FULL (HD);622;ESPN 2;SD;DEPORTES
PERU;POSPAGO;FULL (HD);623;ESPN 3;SD;DEPORTES
PERU;POSPAGO;FULL (HD);625;ESPN 5;SD;DEPORTES
PERU;POSPAGO;FULL (HD);626;ESPN 6;SD;DEPORTES
PERU;POSPAGO;FULL (HD);627;ESPN 7;SD;DEPORTES
PERU;POSPAGO;FULL (HD);628;GOLF CHANNEL LATIN AMERICA;SD;DEPORTES
PERU;POSPAGO;FULL (HD);629;TYC SPORTS;SD;DEPORTES
PERU;POSPAGO;FULL (HD);700;DNEWS;SD;NOTICIAS
PERU;POSPAGO;FULL (HD);704;CNN EN ESPAÑOL;SD;NOTICIAS
PERU;POSPAGO;FULL (HD);706;CNN INTERNATIONAL;SD;NOTICIAS
PERU;POSPAGO;FULL (HD);707;CNN CHILE;SD;NOTICIAS
PERU;POSPAGO;FULL (HD);708;TVN 24 HORAS;SD;NOTICIAS
PERU;POSPAGO;FULL (HD);710;BLOOMBERG;SD;NOTICIAS
PERU;POSPAGO;FULL (HD);716;TODO NOTICIAS;SD;NOTICIAS
PERU;POSPAGO;FULL (HD);720;26NOTICIAS;SD;NOTICIAS
PERU;POSPAGO;FULL (HD);725;NTN 24;SD;NOTICIAS
PERU;POSPAGO;FULL (HD);726;CANAL RURAL;SD;EDUCATIVO
PERU;POSPAGO;FULL (HD);727;CABLE NOTICIAS;SD;NOTICIAS
PERU;POSPAGO;FULL (HD);730;NATIONAL GEOGRAPHIC;SD;CIENCIA Y CULTURA
PERU;POSPAGO;FULL (HD);732;DISCOVERY;SD;CIENCIA Y CULTURA
PERU;POSPAGO;FULL (HD);734;ANIMAL PLANET;SD;CIENCIA Y CULTURA
PERU;POSPAGO;FULL (HD);736;DISCOVERY TURBO;SD;HOGAR Y VARIEDADES
PERU;POSPAGO;FULL (HD);740;TLC;SD;HOGAR Y VARIEDADES
PERU;POSPAGO;FULL (HD);742;HISTORY;SD;CIENCIA Y CULTURA
PERU;POSPAGO;FULL (HD);744;HISTORY 2;SD;CIENCIA Y CULTURA
PERU;POSPAGO;FULL (HD);760;UNIVISION;SD;NACIONAL
PERU;POSPAGO;FULL (HD);762;ANTENA 3;SD;NACIONAL
PERU;POSPAGO;FULL (HD);764;FRANCE 24;SD;NOTICIAS
PERU;POSPAGO;FULL (HD);766;RAI ITALIA;SD;NACIONAL
PERU;POSPAGO;FULL (HD);768;BBC WORLD NEWS;SD;NOTICIAS
PERU;POSPAGO;FULL (HD);770;DW LATINOAMÉRICA;SD;NOTICIAS
PERU;POSPAGO;FULL (HD);772;CARACOL;SD;NACIONAL
PERU;POSPAGO;FULL (HD);773;EL TIEMPO;SD;NOTICIAS
PERU;POSPAGO;FULL (HD);774;TV CHILE;SD;NACIONAL
PERU;POSPAGO;FULL (HD);775;RCN NUESTRA TELE;SD;NACIONAL
PERU;POSPAGO;FULL (HD);776;GLOBO INTERNACIONAL;SD;NACIONAL
PERU;POSPAGO;FULL (HD);778;RTP INTERNACIONAL;SD;NACIONAL
PERU;POSPAGO;FULL (HD);782;NHK WORLD;SD;NOTICIAS
PERU;POSPAGO;FULL (HD);784;EL TRECE;SD;NACIONAL
PERU;POSPAGO;FULL (HD);786;TELEFE INTERNACIONAL;SD;NACIONAL
PERU;POSPAGO;FULL (HD);790;CGTN ESPAÑOL;SD;NOTICIAS
PERU;POSPAGO;FULL (HD);804;ESCUELA+;SD;EDUCATIVO
PERU;POSPAGO;FULL (HD);901;DSPORTS RADIO;RADIO;DEPORTES
PERU;POSPAGO;FULL (HD);980;UNIÓN RADIO NOTICIAS;RADIO;AUDIO
PERU;POSPAGO;FULL (HD);982;RADIO CARACOL;RADIO;AUDIO
PERU;POSPAGO;FULL (HD);984;RADIO FRANCE INTERNACIONAL;RADIO;AUDIO
PERU;POSPAGO;FULL (HD);986;RADIO OXIGENO;RADIO;AUDIO
PERU;POSPAGO;FULL (HD);987;RADIO STUDIO 92;RADIO;AUDIO
PERU;POSPAGO;FULL (HD);988;RADIO MODA;RADIO;AUDIO
PERU;POSPAGO;FULL (HD);992;RADIO ALERTA BOGOTÁ;RADIO;AUDIO
PERU;POSPAGO;FULL (HD);993;RADIO W;RADIO;AUDIO
PERU;POSPAGO;FULL (HD);1127;DSHOW;HD;HOGAR Y VARIEDADES
PERU;POSPAGO;FULL (HD);1189;RPP;HD;NOTICIAS
PERU;POSPAGO;FULL (HD);1190;TV PERÚ NOTICIAS HD;HD;NOTICIAS
PERU;POSPAGO;FULL (HD);1191;WILLAX HD;HD;DEPORTES
PERU;POSPAGO;FULL (HD);1192;LATINA HD;HD;NACIONAL
PERU;POSPAGO;FULL (HD);1193;A LA COCINA;HD;GASTRONÓMICO
PERU;POSPAGO;FULL (HD);1194;AMÉRICA TELEVISION HD;HD;NACIONAL
PERU;POSPAGO;FULL (HD);1195;PANAMERICANA HD;HD;NACIONAL
PERU;POSPAGO;FULL (HD);1196;ATV+;HD;NOTICIAS
PERU;POSPAGO;FULL (HD);1197;TV PERÚ HD;HD;NACIONAL
PERU;POSPAGO;FULL (HD);1198;GLOBAL HD;HD;NACIONAL
PERU;POSPAGO;FULL (HD);1199;ATV9 HD;HD;NACIONAL
PERU;POSPAGO;FULL (HD);1204;STAR CHANNEL HD;HD;SERIES Y PELICULAS
PERU;POSPAGO;FULL (HD);1206;WARNER HD;HD;SERIES Y PELICULAS
PERU;POSPAGO;FULL (HD);1207;A&E MUNDO HD;HD;SERIES Y PELICULAS
PERU;POSPAGO;FULL (HD);1208;SONY HD;HD;SERIES Y PELICULAS
PERU;POSPAGO;FULL (HD);1209;AXN HD;HD;SERIES Y PELICULAS
PERU;POSPAGO;FULL (HD);1210;AMC HD;HD;SERIES Y PELICULAS
PERU;POSPAGO;FULL (HD);1213;TNT SERIES HD;HD;SERIES Y PELICULAS
PERU;POSPAGO;FULL (HD);1214;ATRES SERIES HD;HD;SERIES Y PELICULAS
PERU;POSPAGO;FULL (HD);1215;COMEDY CENTRAL HD;HD;SERIES Y PELICULAS
PERU;POSPAGO;FULL (HD);1217;FX HD;HD;SERIES Y PELICULAS
PERU;POSPAGO;FULL (HD);1218;UNIVERSAL HD;HD;SERIES Y PELICULAS
PERU;POSPAGO;FULL (HD);1219;USA HD;HD;SERIES Y PELICULAS
PERU;POSPAGO;FULL (HD);1221;¡HOLA! TV HD;HD;HOGAR Y VARIEDADES
PERU;POSPAGO;FULL (HD);1222;E! HD;HD;HOGAR Y VARIEDADES
PERU;POSPAGO;FULL (HD);1223;ID HD;HD;CIENCIA Y CULTURA
PERU;POSPAGO;FULL (HD);1228;LIFETIME HD;HD;SERIES Y PELICULAS
PERU;POSPAGO;FULL (HD);1229;DISCOVERY HOME & HEALTH HD;HD;HOGAR Y VARIEDADES
PERU;POSPAGO;FULL (HD);1232;EL GOURMET;HD;GASTRONÓMICO
PERU;POSPAGO;FULL (HD);1233;FOOD NETWORK HD;HD;GASTRONÓMICO
PERU;POSPAGO;FULL (HD);1234;HOME & GARDEN;HD;HOGAR Y VARIEDADES
PERU;POSPAGO;FULL (HD);1236;VEPLUS;HD;HOGAR Y VARIEDADES
PERU;POSPAGO;FULL (HD);1264;MTV HD;HD;MUSICAL
PERU;POSPAGO;FULL (HD);1265;MUSIC TOP HD;HD;MUSICAL
PERU;POSPAGO;FULL (HD);1266;TIERRA MÍA HD;HD;CIENCIA Y CULTURA
PERU;POSPAGO;FULL (HD);1273;INTI HD;HD;EDUCATIVO
PERU;POSPAGO;FULL (HD);1302;ESCUELA+;HD;EDUCATIVO
PERU;POSPAGO;FULL (HD);1304;CARTOON NETWORK HD;HD;INFANTIL
PERU;POSPAGO;FULL (HD);1308;NICKELODEON HD;HD;INFANTIL
PERU;POSPAGO;FULL (HD);1309;NICK JR. HD;HD;INFANTIL
PERU;POSPAGO;FULL (HD);1312;DISNEY CHANNEL HD;HD;INFANTIL
PERU;POSPAGO;FULL (HD);1315;DISNEY JUNIOR HD;HD;INFANTIL
PERU;POSPAGO;FULL (HD);1318;PLIM PLIM HD;HD;INFANTIL
PERU;POSPAGO;FULL (HD);1319;EL REINO INFANTIL HD;HD;INFANTIL
PERU;POSPAGO;FULL (HD);1330;DISCOVERY KIDS HD;HD;INFANTIL
PERU;POSPAGO;FULL (HD);1502;TNT HD;HD;SERIES Y PELICULAS
PERU;POSPAGO;FULL (HD);1503;GOLDEN HD;HD;SERIES Y PELICULAS
PERU;POSPAGO;FULL (HD);1506;SONY MOVIES;HD;SERIES Y PELICULAS
PERU;POSPAGO;FULL (HD);1507;CINECANAL HD;HD;SERIES Y PELICULAS
PERU;POSPAGO;FULL (HD);1508;STUDIO UNIVERSAL HD;HD;SERIES Y PELICULAS
PERU;POSPAGO;FULL (HD);1509;CINEMAX HD;HD;SERIES Y PELICULAS
PERU;POSPAGO;FULL (HD);1510;MÓRBIDO TV HD;HD;SERIES Y PELICULAS
PERU;POSPAGO;FULL (HD);1513;DHE HD;HD;SERIES Y PELICULAS
PERU;POSPAGO;FULL (HD);1518;SPACE HD;HD;SERIES Y PELICULAS
PERU;POSPAGO;FULL (HD);1524;HBO HD;HD;SERIES Y PELICULAS
PERU;POSPAGO;FULL (HD);1525;HBO 2 HD;HD;SERIES Y PELICULAS
PERU;POSPAGO;FULL (HD);1528;HBO SIGNATURE HD;HD;SERIES Y PELICULAS
PERU;POSPAGO;FULL (HD);1532;HBO PLUS HD;HD;SERIES Y PELICULAS
PERU;POSPAGO;FULL (HD);1534;HBO FAMILY HD;HD;SERIES Y PELICULAS
PERU;POSPAGO;FULL (HD);1542;HBO XTREME HD;HD;SERIES Y PELICULAS
PERU;POSPAGO;FULL (HD);1571;UNIVERSAL PREMIERE ESTE;HD;SERIES Y PELICULAS
PERU;POSPAGO;FULL (HD);1572;UNIVERSAL CINEMA;HD;SERIES Y PELICULAS
PERU;POSPAGO;FULL (HD);1573;UNIVERSAL COMEDY;HD;SERIES Y PELICULAS
PERU;POSPAGO;FULL (HD);1574;UNIVERSAL CRIME ESTE;HD;SERIES Y PELICULAS
PERU;POSPAGO;FULL (HD);1575;UNIVERSAL REALITY;HD;HOGAR Y VARIEDADES
PERU;POSPAGO;FULL (HD);1576;UNIVERSAL PREMIERE OESTE;HD;SERIES Y PELICULAS
PERU;POSPAGO;FULL (HD);1577;UNIVERSAL CINEMA OESTE;HD;SERIES Y PELICULAS
PERU;POSPAGO;FULL (HD);1603;L1;HD;DEPORTES
PERU;POSPAGO;FULL (HD);1604;L1M;HD;DEPORTES
PERU;POSPAGO;FULL (HD);1610;DSPORTS HD;HD;DEPORTES
PERU;POSPAGO;FULL (HD);1612;DSPORTS 2 HD;HD;DEPORTES
PERU;POSPAGO;FULL (HD);1613;DSPORTS + HD;HD;DEPORTES
PERU;POSPAGO;FULL (HD);1621;ESPN HD;HD;DEPORTES
PERU;POSPAGO;FULL (HD);1622;ESPN 2 HD;HD;DEPORTES
PERU;POSPAGO;FULL (HD);1623;ESPN 3 HD;HD;DEPORTES
PERU;POSPAGO;FULL (HD);1624;ESPN 4 HD;HD;DEPORTES
PERU;POSPAGO;FULL (HD);1625;ESPN 5;HD;DEPORTES
PERU;POSPAGO;FULL (HD);1626;ESPN 6;HD;DEPORTES
PERU;POSPAGO;FULL (HD);1627;ESPN 7 HD;HD;DEPORTES
PERU;POSPAGO;FULL (HD);1628;GOLF CHANNEL HD;HD;DEPORTES
PERU;POSPAGO;FULL (HD);1629;TYC SPORTS;HD;DEPORTES
PERU;POSPAGO;FULL (HD);1639;PX SPORTS;HD;DEPORTES
PERU;POSPAGO;FULL (HD);1700;DNEWS;HD;NOTICIAS
PERU;POSPAGO;FULL (HD);1730;NATIONAL GEOGRAPHIC HD;HD;CIENCIA Y CULTURA
PERU;POSPAGO;FULL (HD);1731;DISCOVERY THEATER HD;HD;CIENCIA Y CULTURA
PERU;POSPAGO;FULL (HD);1732;DISCOVERY HD;HD;CIENCIA Y CULTURA
PERU;POSPAGO;FULL (HD);1734;ANIMAL PLANET HD;HD;CIENCIA Y CULTURA
PERU;POSPAGO;FULL (HD);1738;DISCOVERY WORLD HD;HD;CIENCIA Y CULTURA
PERU;POSPAGO;FULL (HD);1740;TLC;HD;HOGAR Y VARIEDADES
PERU;POSPAGO;FULL (HD);1742;HISTORY HD;HD;CIENCIA Y CULTURA
PERU;POSPAGO;FULL (HD);1744;HISTORY 2 HD;HD;CIENCIA Y CULTURA
PERU;POSPAGO;FULL (HD);1750;ENCUENTRO INTERNACIONAL HD;HD;EDUCATIVO
PERU;POSPAGO;FULL (HD);1762;ANTENA 3 HD;HD;NACIONAL
PERU;POSPAGO;FULL (HD);1764;FRANCE 24 HD;HD;NOTICIAS
PERU;POSPAGO;FULL (PLUS);100;CANAL 100;SD;INFORMATIVO
PERU;POSPAGO;FULL (PLUS);100;INFORMACIÓN DIRECTV;SD;INFORMATIVO
PERU;POSPAGO;FULL (PLUS);127;DSHOW;SD;HOGAR Y VARIEDADES
PERU;POSPAGO;FULL (PLUS);190;EXITOSA;SD;NOTICIAS
PERU;POSPAGO;FULL (PLUS);192;LATINA;SD;NACIONAL
PERU;POSPAGO;FULL (PLUS);193;EL CONGRESO;SD;INFORMATIVO
PERU;POSPAGO;FULL (PLUS);194;AMÉRICA TELEVISION;SD;NACIONAL
PERU;POSPAGO;FULL (PLUS);195;PANAMERICANA;SD;NACIONAL
PERU;POSPAGO;FULL (PLUS);196;ATV+;SD;NOTICIAS
PERU;POSPAGO;FULL (PLUS);197;TV PERÚ;SD;NACIONAL
PERU;POSPAGO;FULL (PLUS);198;GLOBAL;SD;NACIONAL
PERU;POSPAGO;FULL (PLUS);199;ATV;SD;NACIONAL
PERU;POSPAGO;FULL (PLUS);202;STAR CHANNEL;SD;SERIES Y PELICULAS
PERU;POSPAGO;FULL (PLUS);206;WARNER;SD;SERIES Y PELICULAS
PERU;POSPAGO;FULL (PLUS);207;A&E MUNDO;SD;SERIES Y PELICULAS
PERU;POSPAGO;FULL (PLUS);208;SONY;SD;SERIES Y PELICULAS
PERU;POSPAGO;FULL (PLUS);209;AXN;SD;SERIES Y PELICULAS
PERU;POSPAGO;FULL (PLUS);210;AMC;SD;SERIES Y PELICULAS
PERU;POSPAGO;FULL (PLUS);213;TNT SERIES;SD;SERIES Y PELICULAS
PERU;POSPAGO;FULL (PLUS);216;TNT NOVELAS;SD;TELENOVELAS
PERU;POSPAGO;FULL (PLUS);217;FX;SD;SERIES Y PELICULAS
PERU;POSPAGO;FULL (PLUS);218;UNIVERSAL;SD;SERIES Y PELICULAS
PERU;POSPAGO;FULL (PLUS);220;ADULT SWIM;SD;INFANTIL
PERU;POSPAGO;FULL (PLUS);221;¡HOLA! TV;SD;HOGAR Y VARIEDADES
PERU;POSPAGO;FULL (PLUS);222;E!;SD;HOGAR Y VARIEDADES
PERU;POSPAGO;FULL (PLUS);223;ID;SD;CIENCIA Y CULTURA
PERU;POSPAGO;FULL (PLUS);226;LAS ESTRELLAS;SD;NACIONAL
PERU;POSPAGO;FULL (PLUS);227;TL NOVELAS;SD;TELENOVELAS
PERU;POSPAGO;FULL (PLUS);228;LIFETIME;SD;SERIES Y PELICULAS
PERU;POSPAGO;FULL (PLUS);229;DISCOVERY HOME & HEALTH;SD;HOGAR Y VARIEDADES
PERU;POSPAGO;FULL (PLUS);230;AMC SERIES;SD;SERIES Y PELICULAS
PERU;POSPAGO;FULL (PLUS);231;TELEMUNDO;SD;TELENOVELAS
PERU;POSPAGO;FULL (PLUS);232;EL GOURMET;SD;GASTRONÓMICO
PERU;POSPAGO;FULL (PLUS);233;FOOD NETWORK;SD;GASTRONÓMICO
PERU;POSPAGO;FULL (PLUS);240;CARAS TV;SD;HOGAR Y VARIEDADES
PERU;POSPAGO;FULL (PLUS);264;MTV;SD;MUSICAL
PERU;POSPAGO;FULL (PLUS);269;QUIERO MÚSICA EN MI IDIOMA;SD;MUSICAL
PERU;POSPAGO;FULL (PLUS);304;CARTOON NETWORK;SD;INFANTIL
PERU;POSPAGO;FULL (PLUS);308;NICKELODEON;SD;INFANTIL
PERU;POSPAGO;FULL (PLUS);309;NICK JR.;SD;INFANTIL
PERU;POSPAGO;FULL (PLUS);312;DISNEY CHANNEL;SD;INFANTIL
PERU;POSPAGO;FULL (PLUS);315;DISNEY JUNIOR;SD;INFANTIL
PERU;POSPAGO;FULL (PLUS);318;PLIM PLIM;SD;INFANTIL
PERU;POSPAGO;FULL (PLUS);319;EL REINO INFANTIL;SD;INFANTIL
PERU;POSPAGO;FULL (PLUS);330;DISCOVERY KIDS;SD;INFANTIL
PERU;POSPAGO;FULL (PLUS);334;CARTOONITO;SD;INFANTIL
PERU;POSPAGO;FULL (PLUS);350;EWTN;SD;RELIGIOSO
PERU;POSPAGO;FULL (PLUS);352;TBN ENLACE;SD;RELIGIOSO
PERU;POSPAGO;FULL (PLUS);354;CANAL LUZ;SD;RELIGIOSO
PERU;POSPAGO;FULL (PLUS);502;TNT;SD;SERIES Y PELICULAS
PERU;POSPAGO;FULL (PLUS);503;GOLDEN;SD;SERIES Y PELICULAS
PERU;POSPAGO;FULL (PLUS);506;SONY MOVIES;SD;SERIES Y PELICULAS
PERU;POSPAGO;FULL (PLUS);507;CINECANAL;SD;SERIES Y PELICULAS
PERU;POSPAGO;FULL (PLUS);508;STUDIO UNIVERSAL;SD;SERIES Y PELICULAS
PERU;POSPAGO;FULL (PLUS);509;CINEMAX;SD;SERIES Y PELICULAS
PERU;POSPAGO;FULL (PLUS);510;MÓRBIDO TV;SD;SERIES Y PELICULAS
PERU;POSPAGO;FULL (PLUS);513;DHE;SD;SERIES Y PELICULAS
PERU;POSPAGO;FULL (PLUS);516;DE PELÍCULA;SD;SERIES Y PELICULAS
PERU;POSPAGO;FULL (PLUS);517;GOLDEN EDGE;SD;SERIES Y PELICULAS
PERU;POSPAGO;FULL (PLUS);518;SPACE;SD;SERIES Y PELICULAS
PERU;POSPAGO;FULL (PLUS);524;HBO;SD;SERIES Y PELICULAS
PERU;POSPAGO;FULL (PLUS);525;HBO 2;SD;SERIES Y PELICULAS
PERU;POSPAGO;FULL (PLUS);526;HBO PLUS;SD;SERIES Y PELICULAS
PERU;POSPAGO;FULL (PLUS);528;HBO SIGNATURE;SD;SERIES Y PELICULAS
PERU;POSPAGO;FULL (PLUS);534;HBO FAMILY;SD;SERIES Y PELICULAS
PERU;POSPAGO;FULL (PLUS);540;HBO MUNDI;SD;SERIES Y PELICULAS
PERU;POSPAGO;FULL (PLUS);541;HBO POP;SD;SERIES Y PELICULAS
PERU;POSPAGO;FULL (PLUS);542;HBO XTREME;SD;SERIES Y PELICULAS
PERU;POSPAGO;FULL (PLUS);571;UNIVERSAL PREMIERE ESTE;SD;SERIES Y PELICULAS
PERU;POSPAGO;FULL (PLUS);572;UNIVERSAL CINEMA;SD;SERIES Y PELICULAS
PERU;POSPAGO;FULL (PLUS);573;UNIVERSAL COMEDY;SD;SERIES Y PELICULAS
PERU;POSPAGO;FULL (PLUS);574;UNIVERSAL CRIME ESTE;SD;SERIES Y PELICULAS
PERU;POSPAGO;FULL (PLUS);575;UNIVERSAL REALITY;SD;HOGAR Y VARIEDADES
PERU;POSPAGO;FULL (PLUS);576;UNIVERSAL PREMIERE OESTE;SD;SERIES Y PELICULAS
PERU;POSPAGO;FULL (PLUS);577;UNIVERSAL CINEMA OESTE;SD;SERIES Y PELICULAS
PERU;POSPAGO;FULL (PLUS);603;L1;SD;DEPORTES
PERU;POSPAGO;FULL (PLUS);604;L1M;SD;DEPORTES
PERU;POSPAGO;FULL (PLUS);610;DSPORTS;SD;DEPORTES
PERU;POSPAGO;FULL (PLUS);612;DSPORTS 2;SD;DEPORTES
PERU;POSPAGO;FULL (PLUS);613;DSPORTS +;SD;DEPORTES
PERU;POSPAGO;FULL (PLUS);621;ESPN;SD;DEPORTES
PERU;POSPAGO;FULL (PLUS);622;ESPN 2;SD;DEPORTES
PERU;POSPAGO;FULL (PLUS);623;ESPN 3;SD;DEPORTES
PERU;POSPAGO;FULL (PLUS);625;ESPN 5;SD;DEPORTES
PERU;POSPAGO;FULL (PLUS);626;ESPN 6;SD;DEPORTES
PERU;POSPAGO;FULL (PLUS);627;ESPN 7;SD;DEPORTES
PERU;POSPAGO;FULL (PLUS);628;GOLF CHANNEL LATIN AMERICA;SD;DEPORTES
PERU;POSPAGO;FULL (PLUS);629;TYC SPORTS;SD;DEPORTES
PERU;POSPAGO;FULL (PLUS);700;DNEWS;SD;NOTICIAS
PERU;POSPAGO;FULL (PLUS);704;CNN EN ESPAÑOL;SD;NOTICIAS
PERU;POSPAGO;FULL (PLUS);706;CNN INTERNATIONAL;SD;NOTICIAS
PERU;POSPAGO;FULL (PLUS);707;CNN CHILE;SD;NOTICIAS
PERU;POSPAGO;FULL (PLUS);708;TVN 24 HORAS;SD;NOTICIAS
PERU;POSPAGO;FULL (PLUS);710;BLOOMBERG;SD;NOTICIAS
PERU;POSPAGO;FULL (PLUS);716;TODO NOTICIAS;SD;NOTICIAS
PERU;POSPAGO;FULL (PLUS);720;26NOTICIAS;SD;NOTICIAS
PERU;POSPAGO;FULL (PLUS);725;NTN 24;SD;NOTICIAS
PERU;POSPAGO;FULL (PLUS);726;CANAL RURAL;SD;EDUCATIVO
PERU;POSPAGO;FULL (PLUS);727;CABLE NOTICIAS;SD;NOTICIAS
PERU;POSPAGO;FULL (PLUS);730;NATIONAL GEOGRAPHIC;SD;CIENCIA Y CULTURA
PERU;POSPAGO;FULL (PLUS);732;DISCOVERY;SD;CIENCIA Y CULTURA
PERU;POSPAGO;FULL (PLUS);734;ANIMAL PLANET;SD;CIENCIA Y CULTURA
PERU;POSPAGO;FULL (PLUS);736;DISCOVERY TURBO;SD;HOGAR Y VARIEDADES
PERU;POSPAGO;FULL (PLUS);740;TLC;SD;HOGAR Y VARIEDADES
PERU;POSPAGO;FULL (PLUS);742;HISTORY;SD;CIENCIA Y CULTURA
PERU;POSPAGO;FULL (PLUS);744;HISTORY 2;SD;CIENCIA Y CULTURA
PERU;POSPAGO;FULL (PLUS);760;UNIVISION;SD;NACIONAL
PERU;POSPAGO;FULL (PLUS);762;ANTENA 3;SD;NACIONAL
PERU;POSPAGO;FULL (PLUS);764;FRANCE 24;SD;NOTICIAS
PERU;POSPAGO;FULL (PLUS);766;RAI ITALIA;SD;NACIONAL
PERU;POSPAGO;FULL (PLUS);768;BBC WORLD NEWS;SD;NOTICIAS
PERU;POSPAGO;FULL (PLUS);770;DW LATINOAMÉRICA;SD;NOTICIAS
PERU;POSPAGO;FULL (PLUS);772;CARACOL;SD;NACIONAL
PERU;POSPAGO;FULL (PLUS);773;EL TIEMPO;SD;NOTICIAS
PERU;POSPAGO;FULL (PLUS);774;TV CHILE;SD;NACIONAL
PERU;POSPAGO;FULL (PLUS);775;RCN NUESTRA TELE;SD;NACIONAL
PERU;POSPAGO;FULL (PLUS);776;GLOBO INTERNACIONAL;SD;NACIONAL
PERU;POSPAGO;FULL (PLUS);778;RTP INTERNACIONAL;SD;NACIONAL
PERU;POSPAGO;FULL (PLUS);782;NHK WORLD;SD;NOTICIAS
PERU;POSPAGO;FULL (PLUS);784;EL TRECE;SD;NACIONAL
PERU;POSPAGO;FULL (PLUS);786;TELEFE INTERNACIONAL;SD;NACIONAL
PERU;POSPAGO;FULL (PLUS);790;CGTN ESPAÑOL;SD;NOTICIAS
PERU;POSPAGO;FULL (PLUS);804;ESCUELA+;SD;EDUCATIVO
PERU;POSPAGO;FULL (PLUS);901;DSPORTS RADIO;RADIO;DEPORTES
PERU;POSPAGO;FULL (PLUS);980;UNIÓN RADIO NOTICIAS;RADIO;AUDIO
PERU;POSPAGO;FULL (PLUS);982;RADIO CARACOL;RADIO;AUDIO
PERU;POSPAGO;FULL (PLUS);984;RADIO FRANCE INTERNACIONAL;RADIO;AUDIO
PERU;POSPAGO;FULL (PLUS);986;RADIO OXIGENO;RADIO;AUDIO
PERU;POSPAGO;FULL (PLUS);987;RADIO STUDIO 92;RADIO;AUDIO
PERU;POSPAGO;FULL (PLUS);988;RADIO MODA;RADIO;AUDIO
PERU;POSPAGO;FULL (PLUS);992;RADIO ALERTA BOGOTÁ;RADIO;AUDIO
PERU;POSPAGO;FULL (PLUS);993;RADIO W;RADIO;AUDIO
PERU;POSPAGO;FULL (PLUS);1604;L1M;HD;DEPORTES
PERU;POSPAGO;HBO / STAR HD;509;CINEMAX;SD;SERIES Y PELICULAS
PERU;POSPAGO;HBO / STAR HD;524;HBO;SD;SERIES Y PELICULAS
PERU;POSPAGO;HBO / STAR HD;525;HBO 2;SD;SERIES Y PELICULAS
PERU;POSPAGO;HBO / STAR HD;526;HBO PLUS;SD;SERIES Y PELICULAS
PERU;POSPAGO;HBO / STAR HD;528;HBO SIGNATURE;SD;SERIES Y PELICULAS
PERU;POSPAGO;HBO / STAR HD;534;HBO FAMILY;SD;SERIES Y PELICULAS
PERU;POSPAGO;HBO / STAR HD;540;HBO MUNDI;SD;SERIES Y PELICULAS
PERU;POSPAGO;HBO / STAR HD;541;HBO POP;SD;SERIES Y PELICULAS
PERU;POSPAGO;HBO / STAR HD;542;HBO XTREME;SD;SERIES Y PELICULAS
PERU;POSPAGO;HBO / STAR HD;1524;HBO HD;HD;SERIES Y PELICULAS
PERU;POSPAGO;HBO / STAR HD;1525;HBO 2 HD;HD;SERIES Y PELICULAS
PERU;POSPAGO;HBO / STAR HD;1528;HBO SIGNATURE HD;HD;SERIES Y PELICULAS
PERU;POSPAGO;HBO / STAR HD;1534;HBO FAMILY HD;HD;SERIES Y PELICULAS
PERU;POSPAGO;HBO / STAR HD;1542;HBO XTREME HD;HD;SERIES Y PELICULAS
PERU;POSPAGO;HBO CORPORATIVO;100;INFORMACIÓN DIRECTV;SD;INFORMATIVO
PERU;POSPAGO;HBO CORPORATIVO;524;HBO;SD;SERIES Y PELICULAS
PERU;POSPAGO;HBO CORPORATIVO;528;HBO SIGNATURE;SD;SERIES Y PELICULAS
PERU;POSPAGO;HBO CORPORATIVO;534;HBO FAMILY;SD;SERIES Y PELICULAS
PERU;POSPAGO;HBO CORPORATIVO;542;HBO XTREME;SD;SERIES Y PELICULAS
PERU;POSPAGO;HBO CORPORATIVO;1524;HBO HD;HD;SERIES Y PELICULAS
PERU;POSPAGO;HBO CORPORATIVO;1528;HBO SIGNATURE HD;HD;SERIES Y PELICULAS
PERU;POSPAGO;HBO CORPORATIVO;1534;HBO FAMILY HD;HD;SERIES Y PELICULAS
PERU;POSPAGO;HBO CORPORATIVO;1542;HBO XTREME HD;HD;SERIES Y PELICULAS
PERU;POSPAGO;HBO DIGITAL;524;HBO;SD;SERIES Y PELICULAS
PERU;POSPAGO;HBO DIGITAL;525;HBO 2;SD;SERIES Y PELICULAS
PERU;POSPAGO;HBO DIGITAL;534;HBO FAMILY;SD;SERIES Y PELICULAS
PERU;POSPAGO;HBO DIGITAL;541;HBO POP;SD;SERIES Y PELICULAS
PERU;POSPAGO;HBO MAX;509;CINEMAX;SD;SERIES Y PELICULAS
PERU;POSPAGO;HBO MAX;524;HBO;SD;SERIES Y PELICULAS
PERU;POSPAGO;HBO MAX;525;HBO 2;SD;SERIES Y PELICULAS
PERU;POSPAGO;HBO MAX;526;HBO PLUS;SD;SERIES Y PELICULAS
PERU;POSPAGO;HBO MAX;528;HBO SIGNATURE;SD;SERIES Y PELICULAS
PERU;POSPAGO;HBO MAX;534;HBO FAMILY;SD;SERIES Y PELICULAS
PERU;POSPAGO;HBO MAX;540;HBO MUNDI;SD;SERIES Y PELICULAS
PERU;POSPAGO;HBO MAX;541;HBO POP;SD;SERIES Y PELICULAS
PERU;POSPAGO;HBO MAX;542;HBO XTREME;SD;SERIES Y PELICULAS
PERU;POSPAGO;HBO MAX HD;509;CINEMAX;SD;SERIES Y PELICULAS
PERU;POSPAGO;HBO MAX HD;524;HBO;SD;SERIES Y PELICULAS
PERU;POSPAGO;HBO MAX HD;525;HBO 2;SD;SERIES Y PELICULAS
PERU;POSPAGO;HBO MAX HD;526;HBO PLUS;SD;SERIES Y PELICULAS
PERU;POSPAGO;HBO MAX HD;528;HBO SIGNATURE;SD;SERIES Y PELICULAS
PERU;POSPAGO;HBO MAX HD;534;HBO FAMILY;SD;SERIES Y PELICULAS
PERU;POSPAGO;HBO MAX HD;540;HBO MUNDI;SD;SERIES Y PELICULAS
PERU;POSPAGO;HBO MAX HD;541;HBO POP;SD;SERIES Y PELICULAS
PERU;POSPAGO;HBO MAX HD;542;HBO XTREME;SD;SERIES Y PELICULAS
PERU;POSPAGO;HBO MAX HD;1524;HBO HD;HD;SERIES Y PELICULAS
PERU;POSPAGO;HBO MAX HD;1525;HBO 2 HD;HD;SERIES Y PELICULAS
PERU;POSPAGO;HBO MAX HD;1528;HBO SIGNATURE HD;HD;SERIES Y PELICULAS
PERU;POSPAGO;HBO MAX HD;1534;HBO FAMILY HD;HD;SERIES Y PELICULAS
PERU;POSPAGO;HBO MAX HD;1542;HBO XTREME HD;HD;SERIES Y PELICULAS
PERU;POSPAGO;HBO PACK;524;HBO;SD;SERIES Y PELICULAS
PERU;POSPAGO;HBO PACK;525;HBO 2;SD;SERIES Y PELICULAS
PERU;POSPAGO;HBO PACK;526;HBO PLUS;SD;SERIES Y PELICULAS
PERU;POSPAGO;HBO PACK;528;HBO SIGNATURE;SD;SERIES Y PELICULAS
PERU;POSPAGO;HBO PACK;534;HBO FAMILY;SD;SERIES Y PELICULAS
PERU;POSPAGO;HBO PACK;540;HBO MUNDI;SD;SERIES Y PELICULAS
PERU;POSPAGO;HBO PACK;541;HBO POP;SD;SERIES Y PELICULAS
PERU;POSPAGO;HBO PACK;542;HBO XTREME;SD;SERIES Y PELICULAS
PERU;POSPAGO;HBO PACK;1524;HBO HD;HD;SERIES Y PELICULAS
PERU;POSPAGO;HBO PACK;1525;HBO 2 HD;HD;SERIES Y PELICULAS
PERU;POSPAGO;HBO PACK;1528;HBO SIGNATURE HD;HD;SERIES Y PELICULAS
PERU;POSPAGO;HBO PACK;1532;HBO PLUS HD;HD;SERIES Y PELICULAS
PERU;POSPAGO;HBO PACK;1534;HBO FAMILY HD;HD;SERIES Y PELICULAS
PERU;POSPAGO;HBO PACK;1542;HBO XTREME HD;HD;SERIES Y PELICULAS
PERU;POSPAGO;HOT PACK;464;PLAYBOY TV;SD;ADULTOS
PERU;POSPAGO;HOT PACK;468;VENUS;SD;ADULTOS
PERU;POSPAGO;HUSTLER EMPRESA;469;XTSY;SD;HOGAR Y VARIEDADES
PERU;POSPAGO;HUSTLER EMPRESA;470;HUSTLER;SD;ADULTOS
PERU;POSPAGO;HUSTLER PREMIUM;470;HUSTLER;SD;ADULTOS
PERU;POSPAGO;IN COUNTRY VIP PROGRAMMING;100;CANAL 100;SD;INFORMATIVO
PERU;POSPAGO;IN COUNTRY VIP PROGRAMMING;100;INFORMACIÓN DIRECTV;SD;INFORMATIVO
PERU;POSPAGO;IN COUNTRY VIP PROGRAMMING;127;DSHOW;SD;HOGAR Y VARIEDADES
PERU;POSPAGO;IN COUNTRY VIP PROGRAMMING;190;EXITOSA;SD;NOTICIAS
PERU;POSPAGO;IN COUNTRY VIP PROGRAMMING;193;EL CONGRESO;SD;INFORMATIVO
PERU;POSPAGO;IN COUNTRY VIP PROGRAMMING;196;ATV+;SD;NOTICIAS
PERU;POSPAGO;IN COUNTRY VIP PROGRAMMING;199;ATV;SD;NACIONAL
PERU;POSPAGO;IN COUNTRY VIP PROGRAMMING;202;STAR CHANNEL;SD;SERIES Y PELICULAS
PERU;POSPAGO;IN COUNTRY VIP PROGRAMMING;209;AXN;SD;SERIES Y PELICULAS
PERU;POSPAGO;IN COUNTRY VIP PROGRAMMING;210;AMC;SD;SERIES Y PELICULAS
PERU;POSPAGO;IN COUNTRY VIP PROGRAMMING;213;TNT SERIES;SD;SERIES Y PELICULAS
PERU;POSPAGO;IN COUNTRY VIP PROGRAMMING;217;FX;SD;SERIES Y PELICULAS
PERU;POSPAGO;IN COUNTRY VIP PROGRAMMING;218;UNIVERSAL;SD;SERIES Y PELICULAS
PERU;POSPAGO;IN COUNTRY VIP PROGRAMMING;221;¡HOLA! TV;SD;HOGAR Y VARIEDADES
PERU;POSPAGO;IN COUNTRY VIP PROGRAMMING;223;ID;SD;CIENCIA Y CULTURA
PERU;POSPAGO;IN COUNTRY VIP PROGRAMMING;226;LAS ESTRELLAS;SD;NACIONAL
PERU;POSPAGO;IN COUNTRY VIP PROGRAMMING;229;DISCOVERY HOME & HEALTH;SD;HOGAR Y VARIEDADES
PERU;POSPAGO;IN COUNTRY VIP PROGRAMMING;231;TELEMUNDO;SD;TELENOVELAS
PERU;POSPAGO;IN COUNTRY VIP PROGRAMMING;232;EL GOURMET;SD;GASTRONÓMICO
PERU;POSPAGO;IN COUNTRY VIP PROGRAMMING;233;FOOD NETWORK;SD;GASTRONÓMICO
PERU;POSPAGO;IN COUNTRY VIP PROGRAMMING;240;CARAS TV;SD;HOGAR Y VARIEDADES
PERU;POSPAGO;IN COUNTRY VIP PROGRAMMING;264;MTV;SD;MUSICAL
PERU;POSPAGO;IN COUNTRY VIP PROGRAMMING;308;NICKELODEON;SD;INFANTIL
PERU;POSPAGO;IN COUNTRY VIP PROGRAMMING;309;NICK JR.;SD;INFANTIL
PERU;POSPAGO;IN COUNTRY VIP PROGRAMMING;312;DISNEY CHANNEL;SD;INFANTIL
PERU;POSPAGO;IN COUNTRY VIP PROGRAMMING;315;DISNEY JUNIOR;SD;INFANTIL
PERU;POSPAGO;IN COUNTRY VIP PROGRAMMING;317;BABY TV HD;SD;INFANTIL
PERU;POSPAGO;IN COUNTRY VIP PROGRAMMING;318;PLIM PLIM;SD;INFANTIL
PERU;POSPAGO;IN COUNTRY VIP PROGRAMMING;319;EL REINO INFANTIL;SD;INFANTIL
PERU;POSPAGO;IN COUNTRY VIP PROGRAMMING;330;DISCOVERY KIDS;SD;INFANTIL
PERU;POSPAGO;IN COUNTRY VIP PROGRAMMING;334;CARTOONITO;SD;INFANTIL
PERU;POSPAGO;IN COUNTRY VIP PROGRAMMING;506;SONY MOVIES;SD;SERIES Y PELICULAS
PERU;POSPAGO;IN COUNTRY VIP PROGRAMMING;508;STUDIO UNIVERSAL;SD;SERIES Y PELICULAS
PERU;POSPAGO;IN COUNTRY VIP PROGRAMMING;509;CINEMAX;SD;SERIES Y PELICULAS
PERU;POSPAGO;IN COUNTRY VIP PROGRAMMING;510;MÓRBIDO TV;SD;SERIES Y PELICULAS
PERU;POSPAGO;IN COUNTRY VIP PROGRAMMING;513;DHE;SD;SERIES Y PELICULAS
PERU;POSPAGO;IN COUNTRY VIP PROGRAMMING;524;HBO;SD;SERIES Y PELICULAS
PERU;POSPAGO;IN COUNTRY VIP PROGRAMMING;528;HBO SIGNATURE;SD;SERIES Y PELICULAS
PERU;POSPAGO;IN COUNTRY VIP PROGRAMMING;534;HBO FAMILY;SD;SERIES Y PELICULAS
PERU;POSPAGO;IN COUNTRY VIP PROGRAMMING;541;HBO POP;SD;SERIES Y PELICULAS
PERU;POSPAGO;IN COUNTRY VIP PROGRAMMING;542;HBO XTREME;SD;SERIES Y PELICULAS
PERU;POSPAGO;IN COUNTRY VIP PROGRAMMING;603;L1;SD;DEPORTES
PERU;POSPAGO;IN COUNTRY VIP PROGRAMMING;604;L1M;SD;DEPORTES
PERU;POSPAGO;IN COUNTRY VIP PROGRAMMING;622;ESPN 2;SD;DEPORTES
PERU;POSPAGO;IN COUNTRY VIP PROGRAMMING;623;ESPN 3;SD;DEPORTES
PERU;POSPAGO;IN COUNTRY VIP PROGRAMMING;625;ESPN 5;SD;DEPORTES
PERU;POSPAGO;IN COUNTRY VIP PROGRAMMING;629;TYC SPORTS;SD;DEPORTES
PERU;POSPAGO;IN COUNTRY VIP PROGRAMMING;700;DNEWS;SD;NOTICIAS
PERU;POSPAGO;IN COUNTRY VIP PROGRAMMING;707;CNN CHILE;SD;NOTICIAS
PERU;POSPAGO;IN COUNTRY VIP PROGRAMMING;708;TVN 24 HORAS;SD;NOTICIAS
PERU;POSPAGO;IN COUNTRY VIP PROGRAMMING;730;NATIONAL GEOGRAPHIC;SD;CIENCIA Y CULTURA
PERU;POSPAGO;IN COUNTRY VIP PROGRAMMING;732;DISCOVERY;SD;CIENCIA Y CULTURA
PERU;POSPAGO;IN COUNTRY VIP PROGRAMMING;734;ANIMAL PLANET;SD;CIENCIA Y CULTURA
PERU;POSPAGO;IN COUNTRY VIP PROGRAMMING;740;TLC;SD;HOGAR Y VARIEDADES
PERU;POSPAGO;IN COUNTRY VIP PROGRAMMING;742;HISTORY;SD;CIENCIA Y CULTURA
PERU;POSPAGO;IN COUNTRY VIP PROGRAMMING;760;UNIVISION;SD;NACIONAL
PERU;POSPAGO;IN COUNTRY VIP PROGRAMMING;764;FRANCE 24;SD;NOTICIAS
PERU;POSPAGO;IN COUNTRY VIP PROGRAMMING;790;CGTN ESPAÑOL;SD;NOTICIAS
PERU;POSPAGO;IN COUNTRY VIP PROGRAMMING;804;ESCUELA+;SD;EDUCATIVO
PERU;POSPAGO;IN COUNTRY VIP PROGRAMMING;901;DSPORTS RADIO;RADIO;DEPORTES
PERU;POSPAGO;IN COUNTRY VIP PROGRAMMING;980;UNIÓN RADIO NOTICIAS;RADIO;AUDIO
PERU;POSPAGO;IN COUNTRY VIP PROGRAMMING;982;RADIO CARACOL;RADIO;AUDIO
PERU;POSPAGO;IN COUNTRY VIP PROGRAMMING;984;RADIO FRANCE INTERNACIONAL;RADIO;AUDIO
PERU;POSPAGO;IN COUNTRY VIP PROGRAMMING;986;RADIO OXIGENO;RADIO;AUDIO
PERU;POSPAGO;IN COUNTRY VIP PROGRAMMING;987;RADIO STUDIO 92;RADIO;AUDIO
PERU;POSPAGO;IN COUNTRY VIP PROGRAMMING;988;RADIO MODA;RADIO;AUDIO
PERU;POSPAGO;IN COUNTRY VIP PROGRAMMING;992;RADIO ALERTA BOGOTÁ;RADIO;AUDIO
PERU;POSPAGO;IN COUNTRY VIP PROGRAMMING;993;RADIO W;RADIO;AUDIO
PERU;POSPAGO;IN COUNTRY VIP PROGRAMMING;1127;DSHOW;HD;HOGAR Y VARIEDADES
PERU;POSPAGO;IN COUNTRY VIP PROGRAMMING;1189;RPP;HD;NOTICIAS
PERU;POSPAGO;IN COUNTRY VIP PROGRAMMING;1190;TV PERÚ NOTICIAS HD;HD;NOTICIAS
PERU;POSPAGO;IN COUNTRY VIP PROGRAMMING;1191;WILLAX HD;HD;DEPORTES
PERU;POSPAGO;IN COUNTRY VIP PROGRAMMING;1193;A LA COCINA;HD;GASTRONÓMICO
PERU;POSPAGO;IN COUNTRY VIP PROGRAMMING;1196;ATV+;HD;NOTICIAS
PERU;POSPAGO;IN COUNTRY VIP PROGRAMMING;1197;TV PERÚ HD;HD;NACIONAL
PERU;POSPAGO;IN COUNTRY VIP PROGRAMMING;1198;GLOBAL HD;HD;NACIONAL
PERU;POSPAGO;IN COUNTRY VIP PROGRAMMING;1199;ATV9 HD;HD;NACIONAL
PERU;POSPAGO;IN COUNTRY VIP PROGRAMMING;1204;STAR CHANNEL HD;HD;SERIES Y PELICULAS
PERU;POSPAGO;IN COUNTRY VIP PROGRAMMING;1209;AXN HD;HD;SERIES Y PELICULAS
PERU;POSPAGO;IN COUNTRY VIP PROGRAMMING;1210;AMC HD;HD;SERIES Y PELICULAS
PERU;POSPAGO;IN COUNTRY VIP PROGRAMMING;1217;FX HD;HD;SERIES Y PELICULAS
PERU;POSPAGO;IN COUNTRY VIP PROGRAMMING;1218;UNIVERSAL HD;HD;SERIES Y PELICULAS
PERU;POSPAGO;IN COUNTRY VIP PROGRAMMING;1221;¡HOLA! TV HD;HD;HOGAR Y VARIEDADES
PERU;POSPAGO;IN COUNTRY VIP PROGRAMMING;1223;ID HD;HD;CIENCIA Y CULTURA
PERU;POSPAGO;IN COUNTRY VIP PROGRAMMING;1228;LIFETIME HD;HD;SERIES Y PELICULAS
PERU;POSPAGO;IN COUNTRY VIP PROGRAMMING;1229;DISCOVERY HOME & HEALTH HD;HD;HOGAR Y VARIEDADES
PERU;POSPAGO;IN COUNTRY VIP PROGRAMMING;1232;EL GOURMET;HD;GASTRONÓMICO
PERU;POSPAGO;IN COUNTRY VIP PROGRAMMING;1233;FOOD NETWORK HD;HD;GASTRONÓMICO
PERU;POSPAGO;IN COUNTRY VIP PROGRAMMING;1234;HOME & GARDEN;HD;HOGAR Y VARIEDADES
PERU;POSPAGO;IN COUNTRY VIP PROGRAMMING;1236;VEPLUS;HD;HOGAR Y VARIEDADES
PERU;POSPAGO;IN COUNTRY VIP PROGRAMMING;1265;MUSIC TOP HD;HD;MUSICAL
PERU;POSPAGO;IN COUNTRY VIP PROGRAMMING;1273;INTI HD;HD;EDUCATIVO
PERU;POSPAGO;IN COUNTRY VIP PROGRAMMING;1302;ESCUELA+;HD;EDUCATIVO
PERU;POSPAGO;IN COUNTRY VIP PROGRAMMING;1308;NICKELODEON HD;HD;INFANTIL
PERU;POSPAGO;IN COUNTRY VIP PROGRAMMING;1312;DISNEY CHANNEL HD;HD;INFANTIL
PERU;POSPAGO;IN COUNTRY VIP PROGRAMMING;1315;DISNEY JUNIOR HD;HD;INFANTIL
PERU;POSPAGO;IN COUNTRY VIP PROGRAMMING;1318;PLIM PLIM HD;HD;INFANTIL
PERU;POSPAGO;IN COUNTRY VIP PROGRAMMING;1319;EL REINO INFANTIL HD;HD;INFANTIL
PERU;POSPAGO;IN COUNTRY VIP PROGRAMMING;1330;DISCOVERY KIDS HD;HD;INFANTIL
PERU;POSPAGO;IN COUNTRY VIP PROGRAMMING;1502;TNT HD;HD;SERIES Y PELICULAS
PERU;POSPAGO;IN COUNTRY VIP PROGRAMMING;1503;GOLDEN HD;HD;SERIES Y PELICULAS
PERU;POSPAGO;IN COUNTRY VIP PROGRAMMING;1506;SONY MOVIES;HD;SERIES Y PELICULAS
PERU;POSPAGO;IN COUNTRY VIP PROGRAMMING;1507;CINECANAL HD;HD;SERIES Y PELICULAS
PERU;POSPAGO;IN COUNTRY VIP PROGRAMMING;1508;STUDIO UNIVERSAL HD;HD;SERIES Y PELICULAS
PERU;POSPAGO;IN COUNTRY VIP PROGRAMMING;1509;CINEMAX HD;HD;SERIES Y PELICULAS
PERU;POSPAGO;IN COUNTRY VIP PROGRAMMING;1510;MÓRBIDO TV HD;HD;SERIES Y PELICULAS
PERU;POSPAGO;IN COUNTRY VIP PROGRAMMING;1513;DHE HD;HD;SERIES Y PELICULAS
PERU;POSPAGO;IN COUNTRY VIP PROGRAMMING;1518;SPACE HD;HD;SERIES Y PELICULAS
PERU;POSPAGO;IN COUNTRY VIP PROGRAMMING;1524;HBO HD;HD;SERIES Y PELICULAS
PERU;POSPAGO;IN COUNTRY VIP PROGRAMMING;1528;HBO SIGNATURE HD;HD;SERIES Y PELICULAS
PERU;POSPAGO;IN COUNTRY VIP PROGRAMMING;1532;HBO PLUS HD;HD;SERIES Y PELICULAS
PERU;POSPAGO;IN COUNTRY VIP PROGRAMMING;1534;HBO FAMILY HD;HD;SERIES Y PELICULAS
PERU;POSPAGO;IN COUNTRY VIP PROGRAMMING;1542;HBO XTREME HD;HD;SERIES Y PELICULAS
PERU;POSPAGO;IN COUNTRY VIP PROGRAMMING;1603;L1;HD;DEPORTES
PERU;POSPAGO;IN COUNTRY VIP PROGRAMMING;1604;L1M;HD;DEPORTES
PERU;POSPAGO;IN COUNTRY VIP PROGRAMMING;1610;DSPORTS HD;HD;DEPORTES
PERU;POSPAGO;IN COUNTRY VIP PROGRAMMING;1612;DSPORTS 2 HD;HD;DEPORTES
PERU;POSPAGO;IN COUNTRY VIP PROGRAMMING;1623;ESPN 3 HD;HD;DEPORTES
PERU;POSPAGO;IN COUNTRY VIP PROGRAMMING;1626;ESPN 6;HD;DEPORTES
PERU;POSPAGO;IN COUNTRY VIP PROGRAMMING;1627;ESPN 7 HD;HD;DEPORTES
PERU;POSPAGO;IN COUNTRY VIP PROGRAMMING;1629;TYC SPORTS;HD;DEPORTES
PERU;POSPAGO;IN COUNTRY VIP PROGRAMMING;1639;PX SPORTS;HD;DEPORTES
PERU;POSPAGO;IN COUNTRY VIP PROGRAMMING;1700;DNEWS;HD;NOTICIAS
PERU;POSPAGO;IN COUNTRY VIP PROGRAMMING;1730;NATIONAL GEOGRAPHIC HD;HD;CIENCIA Y CULTURA
PERU;POSPAGO;IN COUNTRY VIP PROGRAMMING;1731;DISCOVERY THEATER HD;HD;CIENCIA Y CULTURA
PERU;POSPAGO;IN COUNTRY VIP PROGRAMMING;1732;DISCOVERY HD;HD;CIENCIA Y CULTURA
PERU;POSPAGO;IN COUNTRY VIP PROGRAMMING;1738;DISCOVERY WORLD HD;HD;CIENCIA Y CULTURA
PERU;POSPAGO;IN COUNTRY VIP PROGRAMMING;1742;HISTORY HD;HD;CIENCIA Y CULTURA
PERU;POSPAGO;IN COUNTRY VIP PROGRAMMING;1764;FRANCE 24 HD;HD;NOTICIAS
PERU;POSPAGO;LIGA 1 MAX;604;L1M;SD;DEPORTES
PERU;POSPAGO;LIGA 1 MAX;1604;L1M;HD;DEPORTES
PERU;POSPAGO;MI PRIMER DIRECTV;100;CANAL 100;SD;INFORMATIVO
PERU;POSPAGO;MI PRIMER DIRECTV;190;EXITOSA;SD;NOTICIAS
PERU;POSPAGO;MI PRIMER DIRECTV;192;LATINA;SD;NACIONAL
PERU;POSPAGO;MI PRIMER DIRECTV;193;EL CONGRESO;SD;INFORMATIVO
PERU;POSPAGO;MI PRIMER DIRECTV;194;AMÉRICA TELEVISION;SD;NACIONAL
PERU;POSPAGO;MI PRIMER DIRECTV;195;PANAMERICANA;SD;NACIONAL
PERU;POSPAGO;MI PRIMER DIRECTV;196;ATV+;SD;NOTICIAS
PERU;POSPAGO;MI PRIMER DIRECTV;197;TV PERÚ;SD;NACIONAL
PERU;POSPAGO;MI PRIMER DIRECTV;198;GLOBAL;SD;NACIONAL
PERU;POSPAGO;MI PRIMER DIRECTV;199;ATV;SD;NACIONAL
PERU;POSPAGO;MI PRIMER DIRECTV;202;STAR CHANNEL;SD;SERIES Y PELICULAS
PERU;POSPAGO;MI PRIMER DIRECTV;206;WARNER;SD;SERIES Y PELICULAS
PERU;POSPAGO;MI PRIMER DIRECTV;207;A&E MUNDO;SD;SERIES Y PELICULAS
PERU;POSPAGO;MI PRIMER DIRECTV;208;SONY;SD;SERIES Y PELICULAS
PERU;POSPAGO;MI PRIMER DIRECTV;217;FX;SD;SERIES Y PELICULAS
PERU;POSPAGO;MI PRIMER DIRECTV;218;UNIVERSAL;SD;SERIES Y PELICULAS
PERU;POSPAGO;MI PRIMER DIRECTV;222;E!;SD;HOGAR Y VARIEDADES
PERU;POSPAGO;MI PRIMER DIRECTV;229;DISCOVERY HOME & HEALTH;SD;HOGAR Y VARIEDADES
PERU;POSPAGO;MI PRIMER DIRECTV;240;CARAS TV;SD;HOGAR Y VARIEDADES
PERU;POSPAGO;MI PRIMER DIRECTV;264;MTV;SD;MUSICAL
PERU;POSPAGO;MI PRIMER DIRECTV;304;CARTOON NETWORK;SD;INFANTIL
PERU;POSPAGO;MI PRIMER DIRECTV;308;NICKELODEON;SD;INFANTIL
PERU;POSPAGO;MI PRIMER DIRECTV;312;DISNEY CHANNEL;SD;INFANTIL
PERU;POSPAGO;MI PRIMER DIRECTV;315;DISNEY JUNIOR;SD;INFANTIL
PERU;POSPAGO;MI PRIMER DIRECTV;318;PLIM PLIM;SD;INFANTIL
PERU;POSPAGO;MI PRIMER DIRECTV;319;EL REINO INFANTIL;SD;INFANTIL
PERU;POSPAGO;MI PRIMER DIRECTV;330;DISCOVERY KIDS;SD;INFANTIL
PERU;POSPAGO;MI PRIMER DIRECTV;502;TNT;SD;SERIES Y PELICULAS
PERU;POSPAGO;MI PRIMER DIRECTV;507;CINECANAL;SD;SERIES Y PELICULAS
PERU;POSPAGO;MI PRIMER DIRECTV;508;STUDIO UNIVERSAL;SD;SERIES Y PELICULAS
PERU;POSPAGO;MI PRIMER DIRECTV;510;MÓRBIDO TV;SD;SERIES Y PELICULAS
PERU;POSPAGO;MI PRIMER DIRECTV;603;L1;SD;DEPORTES
PERU;POSPAGO;MI PRIMER DIRECTV;604;L1M;SD;DEPORTES
PERU;POSPAGO;MI PRIMER DIRECTV;610;DSPORTS;SD;DEPORTES
PERU;POSPAGO;MI PRIMER DIRECTV;621;ESPN;SD;DEPORTES
PERU;POSPAGO;MI PRIMER DIRECTV;622;ESPN 2;SD;DEPORTES
PERU;POSPAGO;MI PRIMER DIRECTV;623;ESPN 3;SD;DEPORTES
PERU;POSPAGO;MI PRIMER DIRECTV;625;ESPN 5;SD;DEPORTES
PERU;POSPAGO;MI PRIMER DIRECTV;626;ESPN 6;SD;DEPORTES
PERU;POSPAGO;MI PRIMER DIRECTV;700;DNEWS;SD;NOTICIAS
PERU;POSPAGO;MI PRIMER DIRECTV;704;CNN EN ESPAÑOL;SD;NOTICIAS
PERU;POSPAGO;MI PRIMER DIRECTV;730;NATIONAL GEOGRAPHIC;SD;CIENCIA Y CULTURA
PERU;POSPAGO;MI PRIMER DIRECTV;732;DISCOVERY;SD;CIENCIA Y CULTURA
PERU;POSPAGO;MI PRIMER DIRECTV;734;ANIMAL PLANET;SD;CIENCIA Y CULTURA
PERU;POSPAGO;MI PRIMER DIRECTV;740;TLC;SD;HOGAR Y VARIEDADES
PERU;POSPAGO;MI PRIMER DIRECTV;764;FRANCE 24;SD;NOTICIAS
PERU;POSPAGO;MI PRIMER DIRECTV;804;ESCUELA+;SD;EDUCATIVO
PERU;POSPAGO;MI PRIMER DIRECTV;901;DSPORTS RADIO;RADIO;DEPORTES
PERU;POSPAGO;MI PRIMER DIRECTV;1189;RPP;HD;NOTICIAS
PERU;POSPAGO;MI PRIMER DIRECTV;1190;TV PERÚ NOTICIAS HD;HD;NOTICIAS
PERU;POSPAGO;MI PRIMER DIRECTV;1191;WILLAX HD;HD;DEPORTES
PERU;POSPAGO;MI PRIMER DIRECTV;1192;LATINA HD;HD;NACIONAL
PERU;POSPAGO;MI PRIMER DIRECTV;1193;A LA COCINA;HD;GASTRONÓMICO
PERU;POSPAGO;MI PRIMER DIRECTV;1194;AMÉRICA TELEVISION HD;HD;NACIONAL
PERU;POSPAGO;MI PRIMER DIRECTV;1195;PANAMERICANA HD;HD;NACIONAL
PERU;POSPAGO;MI PRIMER DIRECTV;1196;ATV+;HD;NOTICIAS
PERU;POSPAGO;MI PRIMER DIRECTV;1197;TV PERÚ HD;HD;NACIONAL
PERU;POSPAGO;MI PRIMER DIRECTV;1198;GLOBAL HD;HD;NACIONAL
PERU;POSPAGO;MI PRIMER DIRECTV;1199;ATV9 HD;HD;NACIONAL
PERU;POSPAGO;MI PRIMER DIRECTV;1204;STAR CHANNEL HD;HD;SERIES Y PELICULAS
PERU;POSPAGO;MI PRIMER DIRECTV;1206;WARNER HD;HD;SERIES Y PELICULAS
PERU;POSPAGO;MI PRIMER DIRECTV;1207;A&E MUNDO HD;HD;SERIES Y PELICULAS
PERU;POSPAGO;MI PRIMER DIRECTV;1208;SONY HD;HD;SERIES Y PELICULAS
PERU;POSPAGO;MI PRIMER DIRECTV;1217;FX HD;HD;SERIES Y PELICULAS
PERU;POSPAGO;MI PRIMER DIRECTV;1218;UNIVERSAL HD;HD;SERIES Y PELICULAS
PERU;POSPAGO;MI PRIMER DIRECTV;1222;E! HD;HD;HOGAR Y VARIEDADES
PERU;POSPAGO;MI PRIMER DIRECTV;1229;DISCOVERY HOME & HEALTH HD;HD;HOGAR Y VARIEDADES
PERU;POSPAGO;MI PRIMER DIRECTV;1264;MTV HD;HD;MUSICAL
PERU;POSPAGO;MI PRIMER DIRECTV;1273;INTI HD;HD;EDUCATIVO
PERU;POSPAGO;MI PRIMER DIRECTV;1304;CARTOON NETWORK HD;HD;INFANTIL
PERU;POSPAGO;MI PRIMER DIRECTV;1308;NICKELODEON HD;HD;INFANTIL
PERU;POSPAGO;MI PRIMER DIRECTV;1312;DISNEY CHANNEL HD;HD;INFANTIL
PERU;POSPAGO;MI PRIMER DIRECTV;1315;DISNEY JUNIOR HD;HD;INFANTIL
PERU;POSPAGO;MI PRIMER DIRECTV;1318;PLIM PLIM HD;HD;INFANTIL
PERU;POSPAGO;MI PRIMER DIRECTV;1319;EL REINO INFANTIL HD;HD;INFANTIL
PERU;POSPAGO;MI PRIMER DIRECTV;1330;DISCOVERY KIDS HD;HD;INFANTIL
PERU;POSPAGO;MI PRIMER DIRECTV;1502;TNT HD;HD;SERIES Y PELICULAS
PERU;POSPAGO;MI PRIMER DIRECTV;1507;CINECANAL HD;HD;SERIES Y PELICULAS
PERU;POSPAGO;MI PRIMER DIRECTV;1508;STUDIO UNIVERSAL HD;HD;SERIES Y PELICULAS
PERU;POSPAGO;MI PRIMER DIRECTV;1510;MÓRBIDO TV HD;HD;SERIES Y PELICULAS
PERU;POSPAGO;MI PRIMER DIRECTV;1603;L1;HD;DEPORTES
PERU;POSPAGO;MI PRIMER DIRECTV;1604;L1M;HD;DEPORTES
PERU;POSPAGO;MI PRIMER DIRECTV;1610;DSPORTS HD;HD;DEPORTES
PERU;POSPAGO;MI PRIMER DIRECTV;1621;ESPN HD;HD;DEPORTES
PERU;POSPAGO;MI PRIMER DIRECTV;1622;ESPN 2 HD;HD;DEPORTES
PERU;POSPAGO;MI PRIMER DIRECTV;1623;ESPN 3 HD;HD;DEPORTES
PERU;POSPAGO;MI PRIMER DIRECTV;1625;ESPN 5;HD;DEPORTES
PERU;POSPAGO;MI PRIMER DIRECTV;1626;ESPN 6;HD;DEPORTES
PERU;POSPAGO;MI PRIMER DIRECTV;1700;DNEWS;HD;NOTICIAS
PERU;POSPAGO;MI PRIMER DIRECTV;1730;NATIONAL GEOGRAPHIC HD;HD;CIENCIA Y CULTURA
PERU;POSPAGO;MI PRIMER DIRECTV;1732;DISCOVERY HD;HD;CIENCIA Y CULTURA
PERU;POSPAGO;MI PRIMER DIRECTV;1734;ANIMAL PLANET HD;HD;CIENCIA Y CULTURA
PERU;POSPAGO;MI PRIMER DIRECTV;1740;TLC;HD;HOGAR Y VARIEDADES
PERU;POSPAGO;MI PRIMER DIRECTV;1764;FRANCE 24 HD;HD;NOTICIAS
PERU;POSPAGO;MULTICOUNTRY VIP PROGRAMMING;100;CANAL 100;SD;INFORMATIVO
PERU;POSPAGO;MULTICOUNTRY VIP PROGRAMMING;100;INFORMACIÓN DIRECTV;SD;INFORMATIVO
PERU;POSPAGO;MULTICOUNTRY VIP PROGRAMMING;127;DSHOW;SD;HOGAR Y VARIEDADES
PERU;POSPAGO;MULTICOUNTRY VIP PROGRAMMING;190;EXITOSA;SD;NOTICIAS
PERU;POSPAGO;MULTICOUNTRY VIP PROGRAMMING;193;EL CONGRESO;SD;INFORMATIVO
PERU;POSPAGO;MULTICOUNTRY VIP PROGRAMMING;194;AMÉRICA TELEVISION;SD;NACIONAL
PERU;POSPAGO;MULTICOUNTRY VIP PROGRAMMING;196;ATV+;SD;NOTICIAS
PERU;POSPAGO;MULTICOUNTRY VIP PROGRAMMING;198;GLOBAL;SD;NACIONAL
PERU;POSPAGO;MULTICOUNTRY VIP PROGRAMMING;199;ATV;SD;NACIONAL
PERU;POSPAGO;MULTICOUNTRY VIP PROGRAMMING;202;STAR CHANNEL;SD;SERIES Y PELICULAS
PERU;POSPAGO;MULTICOUNTRY VIP PROGRAMMING;209;AXN;SD;SERIES Y PELICULAS
PERU;POSPAGO;MULTICOUNTRY VIP PROGRAMMING;210;AMC;SD;SERIES Y PELICULAS
PERU;POSPAGO;MULTICOUNTRY VIP PROGRAMMING;217;FX;SD;SERIES Y PELICULAS
PERU;POSPAGO;MULTICOUNTRY VIP PROGRAMMING;218;UNIVERSAL;SD;SERIES Y PELICULAS
PERU;POSPAGO;MULTICOUNTRY VIP PROGRAMMING;223;ID;SD;CIENCIA Y CULTURA
PERU;POSPAGO;MULTICOUNTRY VIP PROGRAMMING;226;LAS ESTRELLAS;SD;NACIONAL
PERU;POSPAGO;MULTICOUNTRY VIP PROGRAMMING;228;LIFETIME;SD;SERIES Y PELICULAS
PERU;POSPAGO;MULTICOUNTRY VIP PROGRAMMING;229;DISCOVERY HOME & HEALTH;SD;HOGAR Y VARIEDADES
PERU;POSPAGO;MULTICOUNTRY VIP PROGRAMMING;231;TELEMUNDO;SD;TELENOVELAS
PERU;POSPAGO;MULTICOUNTRY VIP PROGRAMMING;232;EL GOURMET;SD;GASTRONÓMICO
PERU;POSPAGO;MULTICOUNTRY VIP PROGRAMMING;240;CARAS TV;SD;HOGAR Y VARIEDADES
PERU;POSPAGO;MULTICOUNTRY VIP PROGRAMMING;264;MTV;SD;MUSICAL
PERU;POSPAGO;MULTICOUNTRY VIP PROGRAMMING;308;NICKELODEON;SD;INFANTIL
PERU;POSPAGO;MULTICOUNTRY VIP PROGRAMMING;309;NICK JR.;SD;INFANTIL
PERU;POSPAGO;MULTICOUNTRY VIP PROGRAMMING;315;DISNEY JUNIOR;SD;INFANTIL
PERU;POSPAGO;MULTICOUNTRY VIP PROGRAMMING;317;BABY TV HD;SD;INFANTIL
PERU;POSPAGO;MULTICOUNTRY VIP PROGRAMMING;318;PLIM PLIM;SD;INFANTIL
PERU;POSPAGO;MULTICOUNTRY VIP PROGRAMMING;319;EL REINO INFANTIL;SD;INFANTIL
PERU;POSPAGO;MULTICOUNTRY VIP PROGRAMMING;330;DISCOVERY KIDS;SD;INFANTIL
PERU;POSPAGO;MULTICOUNTRY VIP PROGRAMMING;334;CARTOONITO;SD;INFANTIL
PERU;POSPAGO;MULTICOUNTRY VIP PROGRAMMING;354;CANAL LUZ;SD;RELIGIOSO
PERU;POSPAGO;MULTICOUNTRY VIP PROGRAMMING;506;SONY MOVIES;SD;SERIES Y PELICULAS
PERU;POSPAGO;MULTICOUNTRY VIP PROGRAMMING;508;STUDIO UNIVERSAL;SD;SERIES Y PELICULAS
PERU;POSPAGO;MULTICOUNTRY VIP PROGRAMMING;509;CINEMAX;SD;SERIES Y PELICULAS
PERU;POSPAGO;MULTICOUNTRY VIP PROGRAMMING;510;MÓRBIDO TV;SD;SERIES Y PELICULAS
PERU;POSPAGO;MULTICOUNTRY VIP PROGRAMMING;513;DHE;SD;SERIES Y PELICULAS
PERU;POSPAGO;MULTICOUNTRY VIP PROGRAMMING;541;HBO POP;SD;SERIES Y PELICULAS
PERU;POSPAGO;MULTICOUNTRY VIP PROGRAMMING;603;L1;SD;DEPORTES
PERU;POSPAGO;MULTICOUNTRY VIP PROGRAMMING;604;L1M;SD;DEPORTES
PERU;POSPAGO;MULTICOUNTRY VIP PROGRAMMING;610;DSPORTS;SD;DEPORTES
PERU;POSPAGO;MULTICOUNTRY VIP PROGRAMMING;622;ESPN 2;SD;DEPORTES
PERU;POSPAGO;MULTICOUNTRY VIP PROGRAMMING;623;ESPN 3;SD;DEPORTES
PERU;POSPAGO;MULTICOUNTRY VIP PROGRAMMING;625;ESPN 5;SD;DEPORTES
PERU;POSPAGO;MULTICOUNTRY VIP PROGRAMMING;629;TYC SPORTS;SD;DEPORTES
PERU;POSPAGO;MULTICOUNTRY VIP PROGRAMMING;700;DNEWS;SD;NOTICIAS
PERU;POSPAGO;MULTICOUNTRY VIP PROGRAMMING;707;CNN CHILE;SD;NOTICIAS
PERU;POSPAGO;MULTICOUNTRY VIP PROGRAMMING;708;TVN 24 HORAS;SD;NOTICIAS
PERU;POSPAGO;MULTICOUNTRY VIP PROGRAMMING;730;NATIONAL GEOGRAPHIC;SD;CIENCIA Y CULTURA
PERU;POSPAGO;MULTICOUNTRY VIP PROGRAMMING;732;DISCOVERY;SD;CIENCIA Y CULTURA
PERU;POSPAGO;MULTICOUNTRY VIP PROGRAMMING;734;ANIMAL PLANET;SD;CIENCIA Y CULTURA
PERU;POSPAGO;MULTICOUNTRY VIP PROGRAMMING;740;TLC;SD;HOGAR Y VARIEDADES
PERU;POSPAGO;MULTICOUNTRY VIP PROGRAMMING;742;HISTORY;SD;CIENCIA Y CULTURA
PERU;POSPAGO;MULTICOUNTRY VIP PROGRAMMING;760;UNIVISION;SD;NACIONAL
PERU;POSPAGO;MULTICOUNTRY VIP PROGRAMMING;764;FRANCE 24;SD;NOTICIAS
PERU;POSPAGO;MULTICOUNTRY VIP PROGRAMMING;790;CGTN ESPAÑOL;SD;NOTICIAS
PERU;POSPAGO;MULTICOUNTRY VIP PROGRAMMING;804;ESCUELA+;SD;EDUCATIVO
PERU;POSPAGO;MULTICOUNTRY VIP PROGRAMMING;901;DSPORTS RADIO;RADIO;DEPORTES
PERU;POSPAGO;MULTICOUNTRY VIP PROGRAMMING;980;UNIÓN RADIO NOTICIAS;RADIO;AUDIO
PERU;POSPAGO;MULTICOUNTRY VIP PROGRAMMING;982;RADIO CARACOL;RADIO;AUDIO
PERU;POSPAGO;MULTICOUNTRY VIP PROGRAMMING;984;RADIO FRANCE INTERNACIONAL;RADIO;AUDIO
PERU;POSPAGO;MULTICOUNTRY VIP PROGRAMMING;986;RADIO OXIGENO;RADIO;AUDIO
PERU;POSPAGO;MULTICOUNTRY VIP PROGRAMMING;987;RADIO STUDIO 92;RADIO;AUDIO
PERU;POSPAGO;MULTICOUNTRY VIP PROGRAMMING;988;RADIO MODA;RADIO;AUDIO
PERU;POSPAGO;MULTICOUNTRY VIP PROGRAMMING;992;RADIO ALERTA BOGOTÁ;RADIO;AUDIO
PERU;POSPAGO;MULTICOUNTRY VIP PROGRAMMING;993;RADIO W;RADIO;AUDIO
PERU;POSPAGO;MULTICOUNTRY VIP PROGRAMMING;1127;DSHOW;HD;HOGAR Y VARIEDADES
PERU;POSPAGO;MULTICOUNTRY VIP PROGRAMMING;1189;RPP;HD;NOTICIAS
PERU;POSPAGO;MULTICOUNTRY VIP PROGRAMMING;1190;TV PERÚ NOTICIAS HD;HD;NOTICIAS
PERU;POSPAGO;MULTICOUNTRY VIP PROGRAMMING;1191;WILLAX HD;HD;DEPORTES
PERU;POSPAGO;MULTICOUNTRY VIP PROGRAMMING;1193;A LA COCINA;HD;GASTRONÓMICO
PERU;POSPAGO;MULTICOUNTRY VIP PROGRAMMING;1194;AMÉRICA TELEVISION HD;HD;NACIONAL
PERU;POSPAGO;MULTICOUNTRY VIP PROGRAMMING;1196;ATV+;HD;NOTICIAS
PERU;POSPAGO;MULTICOUNTRY VIP PROGRAMMING;1197;TV PERÚ HD;HD;NACIONAL
PERU;POSPAGO;MULTICOUNTRY VIP PROGRAMMING;1198;GLOBAL HD;HD;NACIONAL
PERU;POSPAGO;MULTICOUNTRY VIP PROGRAMMING;1199;ATV9 HD;HD;NACIONAL
PERU;POSPAGO;MULTICOUNTRY VIP PROGRAMMING;1210;AMC HD;HD;SERIES Y PELICULAS
PERU;POSPAGO;MULTICOUNTRY VIP PROGRAMMING;1218;UNIVERSAL HD;HD;SERIES Y PELICULAS
PERU;POSPAGO;MULTICOUNTRY VIP PROGRAMMING;1223;ID HD;HD;CIENCIA Y CULTURA
PERU;POSPAGO;MULTICOUNTRY VIP PROGRAMMING;1228;LIFETIME HD;HD;SERIES Y PELICULAS
PERU;POSPAGO;MULTICOUNTRY VIP PROGRAMMING;1232;EL GOURMET;HD;GASTRONÓMICO
PERU;POSPAGO;MULTICOUNTRY VIP PROGRAMMING;1234;HOME & GARDEN;HD;HOGAR Y VARIEDADES
PERU;POSPAGO;MULTICOUNTRY VIP PROGRAMMING;1236;VEPLUS;HD;HOGAR Y VARIEDADES
PERU;POSPAGO;MULTICOUNTRY VIP PROGRAMMING;1265;MUSIC TOP HD;HD;MUSICAL
PERU;POSPAGO;MULTICOUNTRY VIP PROGRAMMING;1273;INTI HD;HD;EDUCATIVO
PERU;POSPAGO;MULTICOUNTRY VIP PROGRAMMING;1302;ESCUELA+;HD;EDUCATIVO
PERU;POSPAGO;MULTICOUNTRY VIP PROGRAMMING;1309;NICK JR. HD;HD;INFANTIL
PERU;POSPAGO;MULTICOUNTRY VIP PROGRAMMING;1315;DISNEY JUNIOR HD;HD;INFANTIL
PERU;POSPAGO;MULTICOUNTRY VIP PROGRAMMING;1318;PLIM PLIM HD;HD;INFANTIL
PERU;POSPAGO;MULTICOUNTRY VIP PROGRAMMING;1319;EL REINO INFANTIL HD;HD;INFANTIL
PERU;POSPAGO;MULTICOUNTRY VIP PROGRAMMING;1330;DISCOVERY KIDS HD;HD;INFANTIL
PERU;POSPAGO;MULTICOUNTRY VIP PROGRAMMING;1503;GOLDEN HD;HD;SERIES Y PELICULAS
PERU;POSPAGO;MULTICOUNTRY VIP PROGRAMMING;1506;SONY MOVIES;HD;SERIES Y PELICULAS
PERU;POSPAGO;MULTICOUNTRY VIP PROGRAMMING;1507;CINECANAL HD;HD;SERIES Y PELICULAS
PERU;POSPAGO;MULTICOUNTRY VIP PROGRAMMING;1509;CINEMAX HD;HD;SERIES Y PELICULAS
PERU;POSPAGO;MULTICOUNTRY VIP PROGRAMMING;1510;MÓRBIDO TV HD;HD;SERIES Y PELICULAS
PERU;POSPAGO;MULTICOUNTRY VIP PROGRAMMING;1513;DHE HD;HD;SERIES Y PELICULAS
PERU;POSPAGO;MULTICOUNTRY VIP PROGRAMMING;1532;HBO PLUS HD;HD;SERIES Y PELICULAS
PERU;POSPAGO;MULTICOUNTRY VIP PROGRAMMING;1603;L1;HD;DEPORTES
PERU;POSPAGO;MULTICOUNTRY VIP PROGRAMMING;1604;L1M;HD;DEPORTES
PERU;POSPAGO;MULTICOUNTRY VIP PROGRAMMING;1623;ESPN 3 HD;HD;DEPORTES
PERU;POSPAGO;MULTICOUNTRY VIP PROGRAMMING;1624;ESPN 4 HD;HD;DEPORTES
PERU;POSPAGO;MULTICOUNTRY VIP PROGRAMMING;1626;ESPN 6;HD;DEPORTES
PERU;POSPAGO;MULTICOUNTRY VIP PROGRAMMING;1627;ESPN 7 HD;HD;DEPORTES
PERU;POSPAGO;MULTICOUNTRY VIP PROGRAMMING;1629;TYC SPORTS;HD;DEPORTES
PERU;POSPAGO;MULTICOUNTRY VIP PROGRAMMING;1639;PX SPORTS;HD;DEPORTES
PERU;POSPAGO;MULTICOUNTRY VIP PROGRAMMING;1700;DNEWS;HD;NOTICIAS
PERU;POSPAGO;MULTICOUNTRY VIP PROGRAMMING;1738;DISCOVERY WORLD HD;HD;CIENCIA Y CULTURA
PERU;POSPAGO;MULTICOUNTRY VIP PROGRAMMING;1742;HISTORY HD;HD;CIENCIA Y CULTURA
PERU;POSPAGO;MULTICOUNTRY VIP PROGRAMMING;1764;FRANCE 24 HD;HD;NOTICIAS
PERU;POSPAGO;ORO + HD 4K;100;CANAL 100;SD;INFORMATIVO
PERU;POSPAGO;ORO + HD 4K;100;INFORMACIÓN DIRECTV;SD;INFORMATIVO
PERU;POSPAGO;ORO + HD 4K;127;DSHOW;SD;HOGAR Y VARIEDADES
PERU;POSPAGO;ORO + HD 4K;190;EXITOSA;SD;NOTICIAS
PERU;POSPAGO;ORO + HD 4K;192;LATINA;SD;NACIONAL
PERU;POSPAGO;ORO + HD 4K;193;EL CONGRESO;SD;INFORMATIVO
PERU;POSPAGO;ORO + HD 4K;194;AMÉRICA TELEVISION;SD;NACIONAL
PERU;POSPAGO;ORO + HD 4K;195;PANAMERICANA;SD;NACIONAL
PERU;POSPAGO;ORO + HD 4K;196;ATV+;SD;NOTICIAS
PERU;POSPAGO;ORO + HD 4K;197;TV PERÚ;SD;NACIONAL
PERU;POSPAGO;ORO + HD 4K;198;GLOBAL;SD;NACIONAL
PERU;POSPAGO;ORO + HD 4K;199;ATV;SD;NACIONAL
PERU;POSPAGO;ORO + HD 4K;202;STAR CHANNEL;SD;SERIES Y PELICULAS
PERU;POSPAGO;ORO + HD 4K;206;WARNER;SD;SERIES Y PELICULAS
PERU;POSPAGO;ORO + HD 4K;207;A&E MUNDO;SD;SERIES Y PELICULAS
PERU;POSPAGO;ORO + HD 4K;208;SONY;SD;SERIES Y PELICULAS
PERU;POSPAGO;ORO + HD 4K;209;AXN;SD;SERIES Y PELICULAS
PERU;POSPAGO;ORO + HD 4K;210;AMC;SD;SERIES Y PELICULAS
PERU;POSPAGO;ORO + HD 4K;213;TNT SERIES;SD;SERIES Y PELICULAS
PERU;POSPAGO;ORO + HD 4K;214;ATRES SERIES;SD;SERIES Y PELICULAS
PERU;POSPAGO;ORO + HD 4K;216;TNT NOVELAS;SD;TELENOVELAS
PERU;POSPAGO;ORO + HD 4K;217;FX;SD;SERIES Y PELICULAS
PERU;POSPAGO;ORO + HD 4K;218;UNIVERSAL;SD;SERIES Y PELICULAS
PERU;POSPAGO;ORO + HD 4K;219;USA;SD;SERIES Y PELICULAS
PERU;POSPAGO;ORO + HD 4K;220;ADULT SWIM;SD;INFANTIL
PERU;POSPAGO;ORO + HD 4K;221;¡HOLA! TV;SD;HOGAR Y VARIEDADES
PERU;POSPAGO;ORO + HD 4K;222;E!;SD;HOGAR Y VARIEDADES
PERU;POSPAGO;ORO + HD 4K;223;ID;SD;CIENCIA Y CULTURA
PERU;POSPAGO;ORO + HD 4K;226;LAS ESTRELLAS;SD;NACIONAL
PERU;POSPAGO;ORO + HD 4K;227;TL NOVELAS;SD;TELENOVELAS
PERU;POSPAGO;ORO + HD 4K;228;LIFETIME;SD;SERIES Y PELICULAS
PERU;POSPAGO;ORO + HD 4K;229;DISCOVERY HOME & HEALTH;SD;HOGAR Y VARIEDADES
PERU;POSPAGO;ORO + HD 4K;230;AMC SERIES;SD;SERIES Y PELICULAS
PERU;POSPAGO;ORO + HD 4K;231;TELEMUNDO;SD;TELENOVELAS
PERU;POSPAGO;ORO + HD 4K;232;EL GOURMET;SD;GASTRONÓMICO
PERU;POSPAGO;ORO + HD 4K;233;FOOD NETWORK;SD;GASTRONÓMICO
PERU;POSPAGO;ORO + HD 4K;240;CARAS TV;SD;HOGAR Y VARIEDADES
PERU;POSPAGO;ORO + HD 4K;264;MTV;SD;MUSICAL
PERU;POSPAGO;ORO + HD 4K;269;QUIERO MÚSICA EN MI IDIOMA;SD;MUSICAL
PERU;POSPAGO;ORO + HD 4K;304;CARTOON NETWORK;SD;INFANTIL
PERU;POSPAGO;ORO + HD 4K;308;NICKELODEON;SD;INFANTIL
PERU;POSPAGO;ORO + HD 4K;309;NICK JR.;SD;INFANTIL
PERU;POSPAGO;ORO + HD 4K;312;DISNEY CHANNEL;SD;INFANTIL
PERU;POSPAGO;ORO + HD 4K;315;DISNEY JUNIOR;SD;INFANTIL
PERU;POSPAGO;ORO + HD 4K;318;PLIM PLIM;SD;INFANTIL
PERU;POSPAGO;ORO + HD 4K;319;EL REINO INFANTIL;SD;INFANTIL
PERU;POSPAGO;ORO + HD 4K;330;DISCOVERY KIDS;SD;INFANTIL
PERU;POSPAGO;ORO + HD 4K;334;CARTOONITO;SD;INFANTIL
PERU;POSPAGO;ORO + HD 4K;350;EWTN;SD;RELIGIOSO
PERU;POSPAGO;ORO + HD 4K;351;ORBE 21;SD;RELIGIOSO
PERU;POSPAGO;ORO + HD 4K;352;TBN ENLACE;SD;RELIGIOSO
PERU;POSPAGO;ORO + HD 4K;354;CANAL LUZ;SD;RELIGIOSO
PERU;POSPAGO;ORO + HD 4K;502;TNT;SD;SERIES Y PELICULAS
PERU;POSPAGO;ORO + HD 4K;503;GOLDEN;SD;SERIES Y PELICULAS
PERU;POSPAGO;ORO + HD 4K;506;SONY MOVIES;SD;SERIES Y PELICULAS
PERU;POSPAGO;ORO + HD 4K;507;CINECANAL;SD;SERIES Y PELICULAS
PERU;POSPAGO;ORO + HD 4K;508;STUDIO UNIVERSAL;SD;SERIES Y PELICULAS
PERU;POSPAGO;ORO + HD 4K;509;CINEMAX;SD;SERIES Y PELICULAS
PERU;POSPAGO;ORO + HD 4K;510;MÓRBIDO TV;SD;SERIES Y PELICULAS
PERU;POSPAGO;ORO + HD 4K;513;DHE;SD;SERIES Y PELICULAS
PERU;POSPAGO;ORO + HD 4K;516;DE PELÍCULA;SD;SERIES Y PELICULAS
PERU;POSPAGO;ORO + HD 4K;517;GOLDEN EDGE;SD;SERIES Y PELICULAS
PERU;POSPAGO;ORO + HD 4K;518;SPACE;SD;SERIES Y PELICULAS
PERU;POSPAGO;ORO + HD 4K;524;HBO;SD;SERIES Y PELICULAS
PERU;POSPAGO;ORO + HD 4K;603;L1;SD;DEPORTES
PERU;POSPAGO;ORO + HD 4K;604;L1M;SD;DEPORTES
PERU;POSPAGO;ORO + HD 4K;610;DSPORTS;SD;DEPORTES
PERU;POSPAGO;ORO + HD 4K;612;DSPORTS 2;SD;DEPORTES
PERU;POSPAGO;ORO + HD 4K;613;DSPORTS +;SD;DEPORTES
PERU;POSPAGO;ORO + HD 4K;621;ESPN;SD;DEPORTES
PERU;POSPAGO;ORO + HD 4K;622;ESPN 2;SD;DEPORTES
PERU;POSPAGO;ORO + HD 4K;623;ESPN 3;SD;DEPORTES
PERU;POSPAGO;ORO + HD 4K;625;ESPN 5;SD;DEPORTES
PERU;POSPAGO;ORO + HD 4K;626;ESPN 6;SD;DEPORTES
PERU;POSPAGO;ORO + HD 4K;627;ESPN 7;SD;DEPORTES
PERU;POSPAGO;ORO + HD 4K;628;GOLF CHANNEL LATIN AMERICA;SD;DEPORTES
PERU;POSPAGO;ORO + HD 4K;629;TYC SPORTS;SD;DEPORTES
PERU;POSPAGO;ORO + HD 4K;700;DNEWS;SD;NOTICIAS
PERU;POSPAGO;ORO + HD 4K;704;CNN EN ESPAÑOL;SD;NOTICIAS
PERU;POSPAGO;ORO + HD 4K;706;CNN INTERNATIONAL;SD;NOTICIAS
PERU;POSPAGO;ORO + HD 4K;707;CNN CHILE;SD;NOTICIAS
PERU;POSPAGO;ORO + HD 4K;708;TVN 24 HORAS;SD;NOTICIAS
PERU;POSPAGO;ORO + HD 4K;710;BLOOMBERG;SD;NOTICIAS
PERU;POSPAGO;ORO + HD 4K;716;TODO NOTICIAS;SD;NOTICIAS
PERU;POSPAGO;ORO + HD 4K;720;26NOTICIAS;SD;NOTICIAS
PERU;POSPAGO;ORO + HD 4K;725;NTN 24;SD;NOTICIAS
PERU;POSPAGO;ORO + HD 4K;726;CANAL RURAL;SD;EDUCATIVO
PERU;POSPAGO;ORO + HD 4K;727;CABLE NOTICIAS;SD;NOTICIAS
PERU;POSPAGO;ORO + HD 4K;730;NATIONAL GEOGRAPHIC;SD;CIENCIA Y CULTURA
PERU;POSPAGO;ORO + HD 4K;732;DISCOVERY;SD;CIENCIA Y CULTURA
PERU;POSPAGO;ORO + HD 4K;734;ANIMAL PLANET;SD;CIENCIA Y CULTURA
PERU;POSPAGO;ORO + HD 4K;736;DISCOVERY TURBO;SD;HOGAR Y VARIEDADES
PERU;POSPAGO;ORO + HD 4K;740;TLC;SD;HOGAR Y VARIEDADES
PERU;POSPAGO;ORO + HD 4K;742;HISTORY;SD;CIENCIA Y CULTURA
PERU;POSPAGO;ORO + HD 4K;744;HISTORY 2;SD;CIENCIA Y CULTURA
PERU;POSPAGO;ORO + HD 4K;760;UNIVISION;SD;NACIONAL
PERU;POSPAGO;ORO + HD 4K;762;ANTENA 3;SD;NACIONAL
PERU;POSPAGO;ORO + HD 4K;764;FRANCE 24;SD;NOTICIAS
PERU;POSPAGO;ORO + HD 4K;766;RAI ITALIA;SD;NACIONAL
PERU;POSPAGO;ORO + HD 4K;768;BBC WORLD NEWS;SD;NOTICIAS
PERU;POSPAGO;ORO + HD 4K;770;DW LATINOAMÉRICA;SD;NOTICIAS
PERU;POSPAGO;ORO + HD 4K;772;CARACOL;SD;NACIONAL
PERU;POSPAGO;ORO + HD 4K;773;EL TIEMPO;SD;NOTICIAS
PERU;POSPAGO;ORO + HD 4K;774;TV CHILE;SD;NACIONAL
PERU;POSPAGO;ORO + HD 4K;775;RCN NUESTRA TELE;SD;NACIONAL
PERU;POSPAGO;ORO + HD 4K;776;GLOBO INTERNACIONAL;SD;NACIONAL
PERU;POSPAGO;ORO + HD 4K;778;RTP INTERNACIONAL;SD;NACIONAL
PERU;POSPAGO;ORO + HD 4K;782;NHK WORLD;SD;NOTICIAS
PERU;POSPAGO;ORO + HD 4K;784;EL TRECE;SD;NACIONAL
PERU;POSPAGO;ORO + HD 4K;786;TELEFE INTERNACIONAL;SD;NACIONAL
PERU;POSPAGO;ORO + HD 4K;790;CGTN ESPAÑOL;SD;NOTICIAS
PERU;POSPAGO;ORO + HD 4K;804;ESCUELA+;SD;EDUCATIVO
PERU;POSPAGO;ORO + HD 4K;901;DSPORTS RADIO;RADIO;DEPORTES
PERU;POSPAGO;ORO + HD 4K;980;UNIÓN RADIO NOTICIAS;RADIO;AUDIO
PERU;POSPAGO;ORO + HD 4K;982;RADIO CARACOL;RADIO;AUDIO
PERU;POSPAGO;ORO + HD 4K;984;RADIO FRANCE INTERNACIONAL;RADIO;AUDIO
PERU;POSPAGO;ORO + HD 4K;986;RADIO OXIGENO;RADIO;AUDIO
PERU;POSPAGO;ORO + HD 4K;987;RADIO STUDIO 92;RADIO;AUDIO
PERU;POSPAGO;ORO + HD 4K;988;RADIO MODA;RADIO;AUDIO
PERU;POSPAGO;ORO + HD 4K;992;RADIO ALERTA BOGOTÁ;RADIO;AUDIO
PERU;POSPAGO;ORO + HD 4K;993;RADIO W;RADIO;AUDIO
PERU;POSPAGO;ORO + HD 4K;1127;DSHOW;HD;HOGAR Y VARIEDADES
PERU;POSPAGO;ORO + HD 4K;1189;RPP;HD;NOTICIAS
PERU;POSPAGO;ORO + HD 4K;1190;TV PERÚ NOTICIAS HD;HD;NOTICIAS
PERU;POSPAGO;ORO + HD 4K;1191;WILLAX HD;HD;DEPORTES
PERU;POSPAGO;ORO + HD 4K;1192;LATINA HD;HD;NACIONAL
PERU;POSPAGO;ORO + HD 4K;1193;A LA COCINA;HD;GASTRONÓMICO
PERU;POSPAGO;ORO + HD 4K;1194;AMÉRICA TELEVISION HD;HD;NACIONAL
PERU;POSPAGO;ORO + HD 4K;1195;PANAMERICANA HD;HD;NACIONAL
PERU;POSPAGO;ORO + HD 4K;1196;ATV+;HD;NOTICIAS
PERU;POSPAGO;ORO + HD 4K;1197;TV PERÚ HD;HD;NACIONAL
PERU;POSPAGO;ORO + HD 4K;1198;GLOBAL HD;HD;NACIONAL
PERU;POSPAGO;ORO + HD 4K;1199;ATV9 HD;HD;NACIONAL
PERU;POSPAGO;ORO + HD 4K;1204;STAR CHANNEL HD;HD;SERIES Y PELICULAS
PERU;POSPAGO;ORO + HD 4K;1206;WARNER HD;HD;SERIES Y PELICULAS
PERU;POSPAGO;ORO + HD 4K;1207;A&E MUNDO HD;HD;SERIES Y PELICULAS
PERU;POSPAGO;ORO + HD 4K;1208;SONY HD;HD;SERIES Y PELICULAS
PERU;POSPAGO;ORO + HD 4K;1209;AXN HD;HD;SERIES Y PELICULAS
PERU;POSPAGO;ORO + HD 4K;1210;AMC HD;HD;SERIES Y PELICULAS
PERU;POSPAGO;ORO + HD 4K;1213;TNT SERIES HD;HD;SERIES Y PELICULAS
PERU;POSPAGO;ORO + HD 4K;1214;ATRES SERIES HD;HD;SERIES Y PELICULAS
PERU;POSPAGO;ORO + HD 4K;1215;COMEDY CENTRAL HD;HD;SERIES Y PELICULAS
PERU;POSPAGO;ORO + HD 4K;1217;FX HD;HD;SERIES Y PELICULAS
PERU;POSPAGO;ORO + HD 4K;1218;UNIVERSAL HD;HD;SERIES Y PELICULAS
PERU;POSPAGO;ORO + HD 4K;1219;USA HD;HD;SERIES Y PELICULAS
PERU;POSPAGO;ORO + HD 4K;1221;¡HOLA! TV HD;HD;HOGAR Y VARIEDADES
PERU;POSPAGO;ORO + HD 4K;1222;E! HD;HD;HOGAR Y VARIEDADES
PERU;POSPAGO;ORO + HD 4K;1223;ID HD;HD;CIENCIA Y CULTURA
PERU;POSPAGO;ORO + HD 4K;1228;LIFETIME HD;HD;SERIES Y PELICULAS
PERU;POSPAGO;ORO + HD 4K;1229;DISCOVERY HOME & HEALTH HD;HD;HOGAR Y VARIEDADES
PERU;POSPAGO;ORO + HD 4K;1232;EL GOURMET;HD;GASTRONÓMICO
PERU;POSPAGO;ORO + HD 4K;1233;FOOD NETWORK HD;HD;GASTRONÓMICO
PERU;POSPAGO;ORO + HD 4K;1234;HOME & GARDEN;HD;HOGAR Y VARIEDADES
PERU;POSPAGO;ORO + HD 4K;1236;VEPLUS;HD;HOGAR Y VARIEDADES
PERU;POSPAGO;ORO + HD 4K;1264;MTV HD;HD;MUSICAL
PERU;POSPAGO;ORO + HD 4K;1265;MUSIC TOP HD;HD;MUSICAL
PERU;POSPAGO;ORO + HD 4K;1266;TIERRA MÍA HD;HD;CIENCIA Y CULTURA
PERU;POSPAGO;ORO + HD 4K;1273;INTI HD;HD;EDUCATIVO
PERU;POSPAGO;ORO + HD 4K;1302;ESCUELA+;HD;EDUCATIVO
PERU;POSPAGO;ORO + HD 4K;1304;CARTOON NETWORK HD;HD;INFANTIL
PERU;POSPAGO;ORO + HD 4K;1308;NICKELODEON HD;HD;INFANTIL
PERU;POSPAGO;ORO + HD 4K;1309;NICK JR. HD;HD;INFANTIL
PERU;POSPAGO;ORO + HD 4K;1312;DISNEY CHANNEL HD;HD;INFANTIL
PERU;POSPAGO;ORO + HD 4K;1315;DISNEY JUNIOR HD;HD;INFANTIL
PERU;POSPAGO;ORO + HD 4K;1318;PLIM PLIM HD;HD;INFANTIL
PERU;POSPAGO;ORO + HD 4K;1319;EL REINO INFANTIL HD;HD;INFANTIL
PERU;POSPAGO;ORO + HD 4K;1330;DISCOVERY KIDS HD;HD;INFANTIL
PERU;POSPAGO;ORO + HD 4K;1502;TNT HD;HD;SERIES Y PELICULAS
PERU;POSPAGO;ORO + HD 4K;1503;GOLDEN HD;HD;SERIES Y PELICULAS
PERU;POSPAGO;ORO + HD 4K;1506;SONY MOVIES;HD;SERIES Y PELICULAS
PERU;POSPAGO;ORO + HD 4K;1507;CINECANAL HD;HD;SERIES Y PELICULAS
PERU;POSPAGO;ORO + HD 4K;1508;STUDIO UNIVERSAL HD;HD;SERIES Y PELICULAS
PERU;POSPAGO;ORO + HD 4K;1509;CINEMAX HD;HD;SERIES Y PELICULAS
PERU;POSPAGO;ORO + HD 4K;1510;MÓRBIDO TV HD;HD;SERIES Y PELICULAS
PERU;POSPAGO;ORO + HD 4K;1513;DHE HD;HD;SERIES Y PELICULAS
PERU;POSPAGO;ORO + HD 4K;1518;SPACE HD;HD;SERIES Y PELICULAS
PERU;POSPAGO;ORO + HD 4K;1603;L1;HD;DEPORTES
PERU;POSPAGO;ORO + HD 4K;1604;L1M;HD;DEPORTES
PERU;POSPAGO;ORO + HD 4K;1610;DSPORTS HD;HD;DEPORTES
PERU;POSPAGO;ORO + HD 4K;1612;DSPORTS 2 HD;HD;DEPORTES
PERU;POSPAGO;ORO + HD 4K;1613;DSPORTS + HD;HD;DEPORTES
PERU;POSPAGO;ORO + HD 4K;1621;ESPN HD;HD;DEPORTES
PERU;POSPAGO;ORO + HD 4K;1622;ESPN 2 HD;HD;DEPORTES
PERU;POSPAGO;ORO + HD 4K;1623;ESPN 3 HD;HD;DEPORTES
PERU;POSPAGO;ORO + HD 4K;1624;ESPN 4 HD;HD;DEPORTES
PERU;POSPAGO;ORO + HD 4K;1625;ESPN 5;HD;DEPORTES
PERU;POSPAGO;ORO + HD 4K;1626;ESPN 6;HD;DEPORTES
PERU;POSPAGO;ORO + HD 4K;1627;ESPN 7 HD;HD;DEPORTES
PERU;POSPAGO;ORO + HD 4K;1628;GOLF CHANNEL HD;HD;DEPORTES
PERU;POSPAGO;ORO + HD 4K;1629;TYC SPORTS;HD;DEPORTES
PERU;POSPAGO;ORO + HD 4K;1639;PX SPORTS;HD;DEPORTES
PERU;POSPAGO;ORO + HD 4K;1700;DNEWS;HD;NOTICIAS
PERU;POSPAGO;ORO + HD 4K;1730;NATIONAL GEOGRAPHIC HD;HD;CIENCIA Y CULTURA
PERU;POSPAGO;ORO + HD 4K;1731;DISCOVERY THEATER HD;HD;CIENCIA Y CULTURA
PERU;POSPAGO;ORO + HD 4K;1732;DISCOVERY HD;HD;CIENCIA Y CULTURA
PERU;POSPAGO;ORO + HD 4K;1734;ANIMAL PLANET HD;HD;CIENCIA Y CULTURA
PERU;POSPAGO;ORO + HD 4K;1738;DISCOVERY WORLD HD;HD;CIENCIA Y CULTURA
PERU;POSPAGO;ORO + HD 4K;1740;TLC;HD;HOGAR Y VARIEDADES
PERU;POSPAGO;ORO + HD 4K;1742;HISTORY HD;HD;CIENCIA Y CULTURA
PERU;POSPAGO;ORO + HD 4K;1744;HISTORY 2 HD;HD;CIENCIA Y CULTURA
PERU;POSPAGO;ORO + HD 4K;1750;ENCUENTRO INTERNACIONAL HD;HD;EDUCATIVO
PERU;POSPAGO;ORO + HD 4K;1762;ANTENA 3 HD;HD;NACIONAL
PERU;POSPAGO;ORO + HD 4K;1764;FRANCE 24 HD;HD;NOTICIAS
PERU;POSPAGO;ORO + HD 4K;4000;CANAL 4K;4K;HOGAR Y VARIEDADES
PERU;POSPAGO;ORO FULL;100;CANAL 100;SD;INFORMATIVO
PERU;POSPAGO;ORO FULL;100;INFORMACIÓN DIRECTV;SD;INFORMATIVO
PERU;POSPAGO;ORO FULL;127;DSHOW;SD;HOGAR Y VARIEDADES
PERU;POSPAGO;ORO FULL;190;EXITOSA;SD;NOTICIAS
PERU;POSPAGO;ORO FULL;192;LATINA;SD;NACIONAL
PERU;POSPAGO;ORO FULL;193;EL CONGRESO;SD;INFORMATIVO
PERU;POSPAGO;ORO FULL;194;AMÉRICA TELEVISION;SD;NACIONAL
PERU;POSPAGO;ORO FULL;195;PANAMERICANA;SD;NACIONAL
PERU;POSPAGO;ORO FULL;196;ATV+;SD;NOTICIAS
PERU;POSPAGO;ORO FULL;197;TV PERÚ;SD;NACIONAL
PERU;POSPAGO;ORO FULL;198;GLOBAL;SD;NACIONAL
PERU;POSPAGO;ORO FULL;199;ATV;SD;NACIONAL
PERU;POSPAGO;ORO FULL;202;STAR CHANNEL;SD;SERIES Y PELICULAS
PERU;POSPAGO;ORO FULL;206;WARNER;SD;SERIES Y PELICULAS
PERU;POSPAGO;ORO FULL;207;A&E MUNDO;SD;SERIES Y PELICULAS
PERU;POSPAGO;ORO FULL;208;SONY;SD;SERIES Y PELICULAS
PERU;POSPAGO;ORO FULL;209;AXN;SD;SERIES Y PELICULAS
PERU;POSPAGO;ORO FULL;210;AMC;SD;SERIES Y PELICULAS
PERU;POSPAGO;ORO FULL;213;TNT SERIES;SD;SERIES Y PELICULAS
PERU;POSPAGO;ORO FULL;214;ATRES SERIES;SD;SERIES Y PELICULAS
PERU;POSPAGO;ORO FULL;215;COMEDY CENTRAL;SD;SERIES Y PELICULAS
PERU;POSPAGO;ORO FULL;216;TNT NOVELAS;SD;TELENOVELAS
PERU;POSPAGO;ORO FULL;217;FX;SD;SERIES Y PELICULAS
PERU;POSPAGO;ORO FULL;218;UNIVERSAL;SD;SERIES Y PELICULAS
PERU;POSPAGO;ORO FULL;219;USA;SD;SERIES Y PELICULAS
PERU;POSPAGO;ORO FULL;220;ADULT SWIM;SD;INFANTIL
PERU;POSPAGO;ORO FULL;221;¡HOLA! TV;SD;HOGAR Y VARIEDADES
PERU;POSPAGO;ORO FULL;222;E!;SD;HOGAR Y VARIEDADES
PERU;POSPAGO;ORO FULL;223;ID;SD;CIENCIA Y CULTURA
PERU;POSPAGO;ORO FULL;226;LAS ESTRELLAS;SD;NACIONAL
PERU;POSPAGO;ORO FULL;227;TL NOVELAS;SD;TELENOVELAS
PERU;POSPAGO;ORO FULL;228;LIFETIME;SD;SERIES Y PELICULAS
PERU;POSPAGO;ORO FULL;229;DISCOVERY HOME & HEALTH;SD;HOGAR Y VARIEDADES
PERU;POSPAGO;ORO FULL;230;AMC SERIES;SD;SERIES Y PELICULAS
PERU;POSPAGO;ORO FULL;231;TELEMUNDO;SD;TELENOVELAS
PERU;POSPAGO;ORO FULL;232;EL GOURMET;SD;GASTRONÓMICO
PERU;POSPAGO;ORO FULL;233;FOOD NETWORK;SD;GASTRONÓMICO
PERU;POSPAGO;ORO FULL;240;CARAS TV;SD;HOGAR Y VARIEDADES
PERU;POSPAGO;ORO FULL;264;MTV;SD;MUSICAL
PERU;POSPAGO;ORO FULL;269;QUIERO MÚSICA EN MI IDIOMA;SD;MUSICAL
PERU;POSPAGO;ORO FULL;304;CARTOON NETWORK;SD;INFANTIL
PERU;POSPAGO;ORO FULL;308;NICKELODEON;SD;INFANTIL
PERU;POSPAGO;ORO FULL;309;NICK JR.;SD;INFANTIL
PERU;POSPAGO;ORO FULL;312;DISNEY CHANNEL;SD;INFANTIL
PERU;POSPAGO;ORO FULL;315;DISNEY JUNIOR;SD;INFANTIL
PERU;POSPAGO;ORO FULL;318;PLIM PLIM;SD;INFANTIL
PERU;POSPAGO;ORO FULL;319;EL REINO INFANTIL;SD;INFANTIL
PERU;POSPAGO;ORO FULL;330;DISCOVERY KIDS;SD;INFANTIL
PERU;POSPAGO;ORO FULL;334;CARTOONITO;SD;INFANTIL
PERU;POSPAGO;ORO FULL;350;EWTN;SD;RELIGIOSO
PERU;POSPAGO;ORO FULL;351;ORBE 21;SD;RELIGIOSO
PERU;POSPAGO;ORO FULL;352;TBN ENLACE;SD;RELIGIOSO
PERU;POSPAGO;ORO FULL;354;CANAL LUZ;SD;RELIGIOSO
PERU;POSPAGO;ORO FULL;502;TNT;SD;SERIES Y PELICULAS
PERU;POSPAGO;ORO FULL;503;GOLDEN;SD;SERIES Y PELICULAS
PERU;POSPAGO;ORO FULL;506;SONY MOVIES;SD;SERIES Y PELICULAS
PERU;POSPAGO;ORO FULL;507;CINECANAL;SD;SERIES Y PELICULAS
PERU;POSPAGO;ORO FULL;508;STUDIO UNIVERSAL;SD;SERIES Y PELICULAS
PERU;POSPAGO;ORO FULL;509;CINEMAX;SD;SERIES Y PELICULAS
PERU;POSPAGO;ORO FULL;510;MÓRBIDO TV;SD;SERIES Y PELICULAS
PERU;POSPAGO;ORO FULL;513;DHE;SD;SERIES Y PELICULAS
PERU;POSPAGO;ORO FULL;516;DE PELÍCULA;SD;SERIES Y PELICULAS
PERU;POSPAGO;ORO FULL;517;GOLDEN EDGE;SD;SERIES Y PELICULAS
PERU;POSPAGO;ORO FULL;518;SPACE;SD;SERIES Y PELICULAS
PERU;POSPAGO;ORO FULL;524;HBO;SD;SERIES Y PELICULAS
PERU;POSPAGO;ORO FULL;525;HBO 2;SD;SERIES Y PELICULAS
PERU;POSPAGO;ORO FULL;526;HBO PLUS;SD;SERIES Y PELICULAS
PERU;POSPAGO;ORO FULL;528;HBO SIGNATURE;SD;SERIES Y PELICULAS
PERU;POSPAGO;ORO FULL;534;HBO FAMILY;SD;SERIES Y PELICULAS
PERU;POSPAGO;ORO FULL;540;HBO MUNDI;SD;SERIES Y PELICULAS
PERU;POSPAGO;ORO FULL;541;HBO POP;SD;SERIES Y PELICULAS
PERU;POSPAGO;ORO FULL;542;HBO XTREME;SD;SERIES Y PELICULAS
PERU;POSPAGO;ORO FULL;571;UNIVERSAL PREMIERE ESTE;SD;SERIES Y PELICULAS
PERU;POSPAGO;ORO FULL;572;UNIVERSAL CINEMA;SD;SERIES Y PELICULAS
PERU;POSPAGO;ORO FULL;573;UNIVERSAL COMEDY;SD;SERIES Y PELICULAS
PERU;POSPAGO;ORO FULL;574;UNIVERSAL CRIME ESTE;SD;SERIES Y PELICULAS
PERU;POSPAGO;ORO FULL;575;UNIVERSAL REALITY;SD;HOGAR Y VARIEDADES
PERU;POSPAGO;ORO FULL;576;UNIVERSAL PREMIERE OESTE;SD;SERIES Y PELICULAS
PERU;POSPAGO;ORO FULL;577;UNIVERSAL CINEMA OESTE;SD;SERIES Y PELICULAS
PERU;POSPAGO;ORO FULL;603;L1;SD;DEPORTES
PERU;POSPAGO;ORO FULL;604;L1M;SD;DEPORTES
PERU;POSPAGO;ORO FULL;610;DSPORTS;SD;DEPORTES
PERU;POSPAGO;ORO FULL;612;DSPORTS 2;SD;DEPORTES
PERU;POSPAGO;ORO FULL;613;DSPORTS +;SD;DEPORTES
PERU;POSPAGO;ORO FULL;621;ESPN;SD;DEPORTES
PERU;POSPAGO;ORO FULL;622;ESPN 2;SD;DEPORTES
PERU;POSPAGO;ORO FULL;623;ESPN 3;SD;DEPORTES
PERU;POSPAGO;ORO FULL;625;ESPN 5;SD;DEPORTES
PERU;POSPAGO;ORO FULL;626;ESPN 6;SD;DEPORTES
PERU;POSPAGO;ORO FULL;627;ESPN 7;SD;DEPORTES
PERU;POSPAGO;ORO FULL;628;GOLF CHANNEL LATIN AMERICA;SD;DEPORTES
PERU;POSPAGO;ORO FULL;629;TYC SPORTS;SD;DEPORTES
PERU;POSPAGO;ORO FULL;700;DNEWS;SD;NOTICIAS
PERU;POSPAGO;ORO FULL;704;CNN EN ESPAÑOL;SD;NOTICIAS
PERU;POSPAGO;ORO FULL;706;CNN INTERNATIONAL;SD;NOTICIAS
PERU;POSPAGO;ORO FULL;707;CNN CHILE;SD;NOTICIAS
PERU;POSPAGO;ORO FULL;708;TVN 24 HORAS;SD;NOTICIAS
PERU;POSPAGO;ORO FULL;710;BLOOMBERG;SD;NOTICIAS
PERU;POSPAGO;ORO FULL;715;AMÉRICA;SD;NACIONAL
PERU;POSPAGO;ORO FULL;716;TODO NOTICIAS;SD;NOTICIAS
PERU;POSPAGO;ORO FULL;720;26NOTICIAS;SD;NOTICIAS
PERU;POSPAGO;ORO FULL;725;NTN 24;SD;NOTICIAS
PERU;POSPAGO;ORO FULL;726;CANAL RURAL;SD;EDUCATIVO
PERU;POSPAGO;ORO FULL;727;CABLE NOTICIAS;SD;NOTICIAS
PERU;POSPAGO;ORO FULL;730;NATIONAL GEOGRAPHIC;SD;CIENCIA Y CULTURA
PERU;POSPAGO;ORO FULL;732;DISCOVERY;SD;CIENCIA Y CULTURA
PERU;POSPAGO;ORO FULL;734;ANIMAL PLANET;SD;CIENCIA Y CULTURA
PERU;POSPAGO;ORO FULL;736;DISCOVERY TURBO;SD;HOGAR Y VARIEDADES
PERU;POSPAGO;ORO FULL;740;TLC;SD;HOGAR Y VARIEDADES
PERU;POSPAGO;ORO FULL;742;HISTORY;SD;CIENCIA Y CULTURA
PERU;POSPAGO;ORO FULL;744;HISTORY 2;SD;CIENCIA Y CULTURA
PERU;POSPAGO;ORO FULL;760;UNIVISION;SD;NACIONAL
PERU;POSPAGO;ORO FULL;762;ANTENA 3;SD;NACIONAL
PERU;POSPAGO;ORO FULL;764;FRANCE 24;SD;NOTICIAS
PERU;POSPAGO;ORO FULL;766;RAI ITALIA;SD;NACIONAL
PERU;POSPAGO;ORO FULL;768;BBC WORLD NEWS;SD;NOTICIAS
PERU;POSPAGO;ORO FULL;770;DW LATINOAMÉRICA;SD;NOTICIAS
PERU;POSPAGO;ORO FULL;772;CARACOL;SD;NACIONAL
PERU;POSPAGO;ORO FULL;773;EL TIEMPO;SD;NOTICIAS
PERU;POSPAGO;ORO FULL;774;TV CHILE;SD;NACIONAL
PERU;POSPAGO;ORO FULL;775;RCN NUESTRA TELE;SD;NACIONAL
PERU;POSPAGO;ORO FULL;776;GLOBO INTERNACIONAL;SD;NACIONAL
PERU;POSPAGO;ORO FULL;778;RTP INTERNACIONAL;SD;NACIONAL
PERU;POSPAGO;ORO FULL;782;NHK WORLD;SD;NOTICIAS
PERU;POSPAGO;ORO FULL;784;EL TRECE;SD;NACIONAL
PERU;POSPAGO;ORO FULL;786;TELEFE INTERNACIONAL;SD;NACIONAL
PERU;POSPAGO;ORO FULL;790;CGTN ESPAÑOL;SD;NOTICIAS
PERU;POSPAGO;ORO FULL;804;ESCUELA+;SD;EDUCATIVO
PERU;POSPAGO;ORO FULL;901;DSPORTS RADIO;RADIO;DEPORTES
PERU;POSPAGO;ORO FULL;980;UNIÓN RADIO NOTICIAS;RADIO;AUDIO
PERU;POSPAGO;ORO FULL;982;RADIO CARACOL;RADIO;AUDIO
PERU;POSPAGO;ORO FULL;984;RADIO FRANCE INTERNACIONAL;RADIO;AUDIO
PERU;POSPAGO;ORO FULL;986;RADIO OXIGENO;RADIO;AUDIO
PERU;POSPAGO;ORO FULL;987;RADIO STUDIO 92;RADIO;AUDIO
PERU;POSPAGO;ORO FULL;988;RADIO MODA;RADIO;AUDIO
PERU;POSPAGO;ORO FULL;992;RADIO ALERTA BOGOTÁ;RADIO;AUDIO
PERU;POSPAGO;ORO FULL;993;RADIO W;RADIO;AUDIO
PERU;POSPAGO;ORO FULL;1127;DSHOW;HD;HOGAR Y VARIEDADES
PERU;POSPAGO;ORO FULL;1189;RPP;HD;NOTICIAS
PERU;POSPAGO;ORO FULL;1190;TV PERÚ NOTICIAS HD;HD;NOTICIAS
PERU;POSPAGO;ORO FULL;1191;WILLAX HD;HD;DEPORTES
PERU;POSPAGO;ORO FULL;1192;LATINA HD;HD;NACIONAL
PERU;POSPAGO;ORO FULL;1193;A LA COCINA;HD;GASTRONÓMICO
PERU;POSPAGO;ORO FULL;1194;AMÉRICA TELEVISION HD;HD;NACIONAL
PERU;POSPAGO;ORO FULL;1195;PANAMERICANA HD;HD;NACIONAL
PERU;POSPAGO;ORO FULL;1196;ATV+;HD;NOTICIAS
PERU;POSPAGO;ORO FULL;1197;TV PERÚ HD;HD;NACIONAL
PERU;POSPAGO;ORO FULL;1198;GLOBAL HD;HD;NACIONAL
PERU;POSPAGO;ORO FULL;1199;ATV9 HD;HD;NACIONAL
PERU;POSPAGO;ORO FULL;1204;STAR CHANNEL HD;HD;SERIES Y PELICULAS
PERU;POSPAGO;ORO FULL;1206;WARNER HD;HD;SERIES Y PELICULAS
PERU;POSPAGO;ORO FULL;1207;A&E MUNDO HD;HD;SERIES Y PELICULAS
PERU;POSPAGO;ORO FULL;1208;SONY HD;HD;SERIES Y PELICULAS
PERU;POSPAGO;ORO FULL;1209;AXN HD;HD;SERIES Y PELICULAS
PERU;POSPAGO;ORO FULL;1210;AMC HD;HD;SERIES Y PELICULAS
PERU;POSPAGO;ORO FULL;1213;TNT SERIES HD;HD;SERIES Y PELICULAS
PERU;POSPAGO;ORO FULL;1214;ATRES SERIES HD;HD;SERIES Y PELICULAS
PERU;POSPAGO;ORO FULL;1215;COMEDY CENTRAL HD;HD;SERIES Y PELICULAS
PERU;POSPAGO;ORO FULL;1217;FX HD;HD;SERIES Y PELICULAS
PERU;POSPAGO;ORO FULL;1218;UNIVERSAL HD;HD;SERIES Y PELICULAS
PERU;POSPAGO;ORO FULL;1219;USA HD;HD;SERIES Y PELICULAS
PERU;POSPAGO;ORO FULL;1221;¡HOLA! TV HD;HD;HOGAR Y VARIEDADES
PERU;POSPAGO;ORO FULL;1222;E! HD;HD;HOGAR Y VARIEDADES
PERU;POSPAGO;ORO FULL;1223;ID HD;HD;CIENCIA Y CULTURA
PERU;POSPAGO;ORO FULL;1228;LIFETIME HD;HD;SERIES Y PELICULAS
PERU;POSPAGO;ORO FULL;1229;DISCOVERY HOME & HEALTH HD;HD;HOGAR Y VARIEDADES
PERU;POSPAGO;ORO FULL;1232;EL GOURMET;HD;GASTRONÓMICO
PERU;POSPAGO;ORO FULL;1233;FOOD NETWORK HD;HD;GASTRONÓMICO
PERU;POSPAGO;ORO FULL;1234;HOME & GARDEN;HD;HOGAR Y VARIEDADES
PERU;POSPAGO;ORO FULL;1236;VEPLUS;HD;HOGAR Y VARIEDADES
PERU;POSPAGO;ORO FULL;1264;MTV HD;HD;MUSICAL
PERU;POSPAGO;ORO FULL;1265;MUSIC TOP HD;HD;MUSICAL
PERU;POSPAGO;ORO FULL;1266;TIERRA MÍA HD;HD;CIENCIA Y CULTURA
PERU;POSPAGO;ORO FULL;1273;INTI HD;HD;EDUCATIVO
PERU;POSPAGO;ORO FULL;1302;ESCUELA+;HD;EDUCATIVO
PERU;POSPAGO;ORO FULL;1304;CARTOON NETWORK HD;HD;INFANTIL
PERU;POSPAGO;ORO FULL;1308;NICKELODEON HD;HD;INFANTIL
PERU;POSPAGO;ORO FULL;1309;NICK JR. HD;HD;INFANTIL
PERU;POSPAGO;ORO FULL;1312;DISNEY CHANNEL HD;HD;INFANTIL
PERU;POSPAGO;ORO FULL;1315;DISNEY JUNIOR HD;HD;INFANTIL
PERU;POSPAGO;ORO FULL;1318;PLIM PLIM HD;HD;INFANTIL
PERU;POSPAGO;ORO FULL;1319;EL REINO INFANTIL HD;HD;INFANTIL
PERU;POSPAGO;ORO FULL;1330;DISCOVERY KIDS HD;HD;INFANTIL
PERU;POSPAGO;ORO FULL;1502;TNT HD;HD;SERIES Y PELICULAS
PERU;POSPAGO;ORO FULL;1503;GOLDEN HD;HD;SERIES Y PELICULAS
PERU;POSPAGO;ORO FULL;1506;SONY MOVIES;HD;SERIES Y PELICULAS
PERU;POSPAGO;ORO FULL;1507;CINECANAL HD;HD;SERIES Y PELICULAS
PERU;POSPAGO;ORO FULL;1508;STUDIO UNIVERSAL HD;HD;SERIES Y PELICULAS
PERU;POSPAGO;ORO FULL;1509;CINEMAX HD;HD;SERIES Y PELICULAS
PERU;POSPAGO;ORO FULL;1510;MÓRBIDO TV HD;HD;SERIES Y PELICULAS
PERU;POSPAGO;ORO FULL;1513;DHE HD;HD;SERIES Y PELICULAS
PERU;POSPAGO;ORO FULL;1518;SPACE HD;HD;SERIES Y PELICULAS
PERU;POSPAGO;ORO FULL;1524;HBO HD;HD;SERIES Y PELICULAS
PERU;POSPAGO;ORO FULL;1525;HBO 2 HD;HD;SERIES Y PELICULAS
PERU;POSPAGO;ORO FULL;1528;HBO SIGNATURE HD;HD;SERIES Y PELICULAS
PERU;POSPAGO;ORO FULL;1532;HBO PLUS HD;HD;SERIES Y PELICULAS
PERU;POSPAGO;ORO FULL;1534;HBO FAMILY HD;HD;SERIES Y PELICULAS
PERU;POSPAGO;ORO FULL;1542;HBO XTREME HD;HD;SERIES Y PELICULAS
PERU;POSPAGO;ORO FULL;1571;UNIVERSAL PREMIERE ESTE;HD;SERIES Y PELICULAS
PERU;POSPAGO;ORO FULL;1572;UNIVERSAL CINEMA;HD;SERIES Y PELICULAS
PERU;POSPAGO;ORO FULL;1573;UNIVERSAL COMEDY;HD;SERIES Y PELICULAS
PERU;POSPAGO;ORO FULL;1574;UNIVERSAL CRIME ESTE;HD;SERIES Y PELICULAS
PERU;POSPAGO;ORO FULL;1575;UNIVERSAL REALITY;HD;HOGAR Y VARIEDADES
PERU;POSPAGO;ORO FULL;1576;UNIVERSAL PREMIERE OESTE;HD;SERIES Y PELICULAS
PERU;POSPAGO;ORO FULL;1577;UNIVERSAL CINEMA OESTE;HD;SERIES Y PELICULAS
PERU;POSPAGO;ORO FULL;1603;L1;HD;DEPORTES
PERU;POSPAGO;ORO FULL;1604;L1M;HD;DEPORTES
PERU;POSPAGO;ORO FULL;1610;DSPORTS HD;HD;DEPORTES
PERU;POSPAGO;ORO FULL;1612;DSPORTS 2 HD;HD;DEPORTES
PERU;POSPAGO;ORO FULL;1613;DSPORTS + HD;HD;DEPORTES
PERU;POSPAGO;ORO FULL;1621;ESPN HD;HD;DEPORTES
PERU;POSPAGO;ORO FULL;1622;ESPN 2 HD;HD;DEPORTES
PERU;POSPAGO;ORO FULL;1623;ESPN 3 HD;HD;DEPORTES
PERU;POSPAGO;ORO FULL;1624;ESPN 4 HD;HD;DEPORTES
PERU;POSPAGO;ORO FULL;1625;ESPN 5;HD;DEPORTES
PERU;POSPAGO;ORO FULL;1626;ESPN 6;HD;DEPORTES
PERU;POSPAGO;ORO FULL;1627;ESPN 7 HD;HD;DEPORTES
PERU;POSPAGO;ORO FULL;1628;GOLF CHANNEL HD;HD;DEPORTES
PERU;POSPAGO;ORO FULL;1629;TYC SPORTS;HD;DEPORTES
PERU;POSPAGO;ORO FULL;1639;PX SPORTS;HD;DEPORTES
PERU;POSPAGO;ORO FULL;1700;DNEWS;HD;NOTICIAS
PERU;POSPAGO;ORO FULL;1730;NATIONAL GEOGRAPHIC HD;HD;CIENCIA Y CULTURA
PERU;POSPAGO;ORO FULL;1731;DISCOVERY THEATER HD;HD;CIENCIA Y CULTURA
PERU;POSPAGO;ORO FULL;1732;DISCOVERY HD;HD;CIENCIA Y CULTURA
PERU;POSPAGO;ORO FULL;1734;ANIMAL PLANET HD;HD;CIENCIA Y CULTURA
PERU;POSPAGO;ORO FULL;1738;DISCOVERY WORLD HD;HD;CIENCIA Y CULTURA
PERU;POSPAGO;ORO FULL;1740;TLC;HD;HOGAR Y VARIEDADES
PERU;POSPAGO;ORO FULL;1742;HISTORY HD;HD;CIENCIA Y CULTURA
PERU;POSPAGO;ORO FULL;1744;HISTORY 2 HD;HD;CIENCIA Y CULTURA
PERU;POSPAGO;ORO FULL;1750;ENCUENTRO INTERNACIONAL HD;HD;EDUCATIVO
PERU;POSPAGO;ORO FULL;1762;ANTENA 3 HD;HD;NACIONAL
PERU;POSPAGO;ORO FULL;1764;FRANCE 24 HD;HD;NOTICIAS
PERU;POSPAGO;ORO HD L1 MAX;100;CANAL 100;SD;INFORMATIVO
PERU;POSPAGO;ORO HD L1 MAX;100;INFORMACIÓN DIRECTV;SD;INFORMATIVO
PERU;POSPAGO;ORO HD L1 MAX;127;DSHOW;SD;HOGAR Y VARIEDADES
PERU;POSPAGO;ORO HD L1 MAX;190;EXITOSA;SD;NOTICIAS
PERU;POSPAGO;ORO HD L1 MAX;192;LATINA;SD;NACIONAL
PERU;POSPAGO;ORO HD L1 MAX;193;EL CONGRESO;SD;INFORMATIVO
PERU;POSPAGO;ORO HD L1 MAX;194;AMÉRICA TELEVISION;SD;NACIONAL
PERU;POSPAGO;ORO HD L1 MAX;195;PANAMERICANA;SD;NACIONAL
PERU;POSPAGO;ORO HD L1 MAX;196;ATV+;SD;NOTICIAS
PERU;POSPAGO;ORO HD L1 MAX;197;TV PERÚ;SD;NACIONAL
PERU;POSPAGO;ORO HD L1 MAX;198;GLOBAL;SD;NACIONAL
PERU;POSPAGO;ORO HD L1 MAX;199;ATV;SD;NACIONAL
PERU;POSPAGO;ORO HD L1 MAX;202;STAR CHANNEL;SD;SERIES Y PELICULAS
PERU;POSPAGO;ORO HD L1 MAX;206;WARNER;SD;SERIES Y PELICULAS
PERU;POSPAGO;ORO HD L1 MAX;207;A&E MUNDO;SD;SERIES Y PELICULAS
PERU;POSPAGO;ORO HD L1 MAX;208;SONY;SD;SERIES Y PELICULAS
PERU;POSPAGO;ORO HD L1 MAX;209;AXN;SD;SERIES Y PELICULAS
PERU;POSPAGO;ORO HD L1 MAX;210;AMC;SD;SERIES Y PELICULAS
PERU;POSPAGO;ORO HD L1 MAX;213;TNT SERIES;SD;SERIES Y PELICULAS
PERU;POSPAGO;ORO HD L1 MAX;214;ATRES SERIES;SD;SERIES Y PELICULAS
PERU;POSPAGO;ORO HD L1 MAX;215;COMEDY CENTRAL;SD;SERIES Y PELICULAS
PERU;POSPAGO;ORO HD L1 MAX;216;TNT NOVELAS;SD;TELENOVELAS
PERU;POSPAGO;ORO HD L1 MAX;217;FX;SD;SERIES Y PELICULAS
PERU;POSPAGO;ORO HD L1 MAX;218;UNIVERSAL;SD;SERIES Y PELICULAS
PERU;POSPAGO;ORO HD L1 MAX;219;USA;SD;SERIES Y PELICULAS
PERU;POSPAGO;ORO HD L1 MAX;220;ADULT SWIM;SD;INFANTIL
PERU;POSPAGO;ORO HD L1 MAX;221;¡HOLA! TV;SD;HOGAR Y VARIEDADES
PERU;POSPAGO;ORO HD L1 MAX;222;E!;SD;HOGAR Y VARIEDADES
PERU;POSPAGO;ORO HD L1 MAX;223;ID;SD;CIENCIA Y CULTURA
PERU;POSPAGO;ORO HD L1 MAX;226;LAS ESTRELLAS;SD;NACIONAL
PERU;POSPAGO;ORO HD L1 MAX;227;TL NOVELAS;SD;TELENOVELAS
PERU;POSPAGO;ORO HD L1 MAX;228;LIFETIME;SD;SERIES Y PELICULAS
PERU;POSPAGO;ORO HD L1 MAX;229;DISCOVERY HOME & HEALTH;SD;HOGAR Y VARIEDADES
PERU;POSPAGO;ORO HD L1 MAX;230;AMC SERIES;SD;SERIES Y PELICULAS
PERU;POSPAGO;ORO HD L1 MAX;231;TELEMUNDO;SD;TELENOVELAS
PERU;POSPAGO;ORO HD L1 MAX;232;EL GOURMET;SD;GASTRONÓMICO
PERU;POSPAGO;ORO HD L1 MAX;233;FOOD NETWORK;SD;GASTRONÓMICO
PERU;POSPAGO;ORO HD L1 MAX;240;CARAS TV;SD;HOGAR Y VARIEDADES
PERU;POSPAGO;ORO HD L1 MAX;264;MTV;SD;MUSICAL
PERU;POSPAGO;ORO HD L1 MAX;269;QUIERO MÚSICA EN MI IDIOMA;SD;MUSICAL
PERU;POSPAGO;ORO HD L1 MAX;304;CARTOON NETWORK;SD;INFANTIL
PERU;POSPAGO;ORO HD L1 MAX;308;NICKELODEON;SD;INFANTIL
PERU;POSPAGO;ORO HD L1 MAX;309;NICK JR.;SD;INFANTIL
PERU;POSPAGO;ORO HD L1 MAX;312;DISNEY CHANNEL;SD;INFANTIL
PERU;POSPAGO;ORO HD L1 MAX;315;DISNEY JUNIOR;SD;INFANTIL
PERU;POSPAGO;ORO HD L1 MAX;317;BABY TV HD;SD;INFANTIL
PERU;POSPAGO;ORO HD L1 MAX;318;PLIM PLIM;SD;INFANTIL
PERU;POSPAGO;ORO HD L1 MAX;319;EL REINO INFANTIL;SD;INFANTIL
PERU;POSPAGO;ORO HD L1 MAX;330;DISCOVERY KIDS;SD;INFANTIL
PERU;POSPAGO;ORO HD L1 MAX;334;CARTOONITO;SD;INFANTIL
PERU;POSPAGO;ORO HD L1 MAX;350;EWTN;SD;RELIGIOSO
PERU;POSPAGO;ORO HD L1 MAX;351;ORBE 21;SD;RELIGIOSO
PERU;POSPAGO;ORO HD L1 MAX;352;TBN ENLACE;SD;RELIGIOSO
PERU;POSPAGO;ORO HD L1 MAX;354;CANAL LUZ;SD;RELIGIOSO
PERU;POSPAGO;ORO HD L1 MAX;502;TNT;SD;SERIES Y PELICULAS
PERU;POSPAGO;ORO HD L1 MAX;503;GOLDEN;SD;SERIES Y PELICULAS
PERU;POSPAGO;ORO HD L1 MAX;506;SONY MOVIES;SD;SERIES Y PELICULAS
PERU;POSPAGO;ORO HD L1 MAX;507;CINECANAL;SD;SERIES Y PELICULAS
PERU;POSPAGO;ORO HD L1 MAX;508;STUDIO UNIVERSAL;SD;SERIES Y PELICULAS
PERU;POSPAGO;ORO HD L1 MAX;509;CINEMAX;SD;SERIES Y PELICULAS
PERU;POSPAGO;ORO HD L1 MAX;510;MÓRBIDO TV;SD;SERIES Y PELICULAS
PERU;POSPAGO;ORO HD L1 MAX;513;DHE;SD;SERIES Y PELICULAS
PERU;POSPAGO;ORO HD L1 MAX;516;DE PELÍCULA;SD;SERIES Y PELICULAS
PERU;POSPAGO;ORO HD L1 MAX;517;GOLDEN EDGE;SD;SERIES Y PELICULAS
PERU;POSPAGO;ORO HD L1 MAX;518;SPACE;SD;SERIES Y PELICULAS
PERU;POSPAGO;ORO HD L1 MAX;603;L1;SD;DEPORTES
PERU;POSPAGO;ORO HD L1 MAX;604;L1M;SD;DEPORTES
PERU;POSPAGO;ORO HD L1 MAX;610;DSPORTS;SD;DEPORTES
PERU;POSPAGO;ORO HD L1 MAX;612;DSPORTS 2;SD;DEPORTES
PERU;POSPAGO;ORO HD L1 MAX;613;DSPORTS +;SD;DEPORTES
PERU;POSPAGO;ORO HD L1 MAX;621;ESPN;SD;DEPORTES
PERU;POSPAGO;ORO HD L1 MAX;622;ESPN 2;SD;DEPORTES
PERU;POSPAGO;ORO HD L1 MAX;623;ESPN 3;SD;DEPORTES
PERU;POSPAGO;ORO HD L1 MAX;625;ESPN 5;SD;DEPORTES
PERU;POSPAGO;ORO HD L1 MAX;626;ESPN 6;SD;DEPORTES
PERU;POSPAGO;ORO HD L1 MAX;627;ESPN 7;SD;DEPORTES
PERU;POSPAGO;ORO HD L1 MAX;628;GOLF CHANNEL LATIN AMERICA;SD;DEPORTES
PERU;POSPAGO;ORO HD L1 MAX;629;TYC SPORTS;SD;DEPORTES
PERU;POSPAGO;ORO HD L1 MAX;700;DNEWS;SD;NOTICIAS
PERU;POSPAGO;ORO HD L1 MAX;704;CNN EN ESPAÑOL;SD;NOTICIAS
PERU;POSPAGO;ORO HD L1 MAX;706;CNN INTERNATIONAL;SD;NOTICIAS
PERU;POSPAGO;ORO HD L1 MAX;707;CNN CHILE;SD;NOTICIAS
PERU;POSPAGO;ORO HD L1 MAX;708;TVN 24 HORAS;SD;NOTICIAS
PERU;POSPAGO;ORO HD L1 MAX;710;BLOOMBERG;SD;NOTICIAS
PERU;POSPAGO;ORO HD L1 MAX;715;AMÉRICA;SD;NACIONAL
PERU;POSPAGO;ORO HD L1 MAX;716;TODO NOTICIAS;SD;NOTICIAS
PERU;POSPAGO;ORO HD L1 MAX;720;26NOTICIAS;SD;NOTICIAS
PERU;POSPAGO;ORO HD L1 MAX;725;NTN 24;SD;NOTICIAS
PERU;POSPAGO;ORO HD L1 MAX;726;CANAL RURAL;SD;EDUCATIVO
PERU;POSPAGO;ORO HD L1 MAX;727;CABLE NOTICIAS;SD;NOTICIAS
PERU;POSPAGO;ORO HD L1 MAX;730;NATIONAL GEOGRAPHIC;SD;CIENCIA Y CULTURA
PERU;POSPAGO;ORO HD L1 MAX;732;DISCOVERY;SD;CIENCIA Y CULTURA
PERU;POSPAGO;ORO HD L1 MAX;734;ANIMAL PLANET;SD;CIENCIA Y CULTURA
PERU;POSPAGO;ORO HD L1 MAX;736;DISCOVERY TURBO;SD;HOGAR Y VARIEDADES
PERU;POSPAGO;ORO HD L1 MAX;740;TLC;SD;HOGAR Y VARIEDADES
PERU;POSPAGO;ORO HD L1 MAX;742;HISTORY;SD;CIENCIA Y CULTURA
PERU;POSPAGO;ORO HD L1 MAX;744;HISTORY 2;SD;CIENCIA Y CULTURA
PERU;POSPAGO;ORO HD L1 MAX;760;UNIVISION;SD;NACIONAL
PERU;POSPAGO;ORO HD L1 MAX;762;ANTENA 3;SD;NACIONAL
PERU;POSPAGO;ORO HD L1 MAX;764;FRANCE 24;SD;NOTICIAS
PERU;POSPAGO;ORO HD L1 MAX;766;RAI ITALIA;SD;NACIONAL
PERU;POSPAGO;ORO HD L1 MAX;768;BBC WORLD NEWS;SD;NOTICIAS
PERU;POSPAGO;ORO HD L1 MAX;770;DW LATINOAMÉRICA;SD;NOTICIAS
PERU;POSPAGO;ORO HD L1 MAX;772;CARACOL;SD;NACIONAL
PERU;POSPAGO;ORO HD L1 MAX;773;EL TIEMPO;SD;NOTICIAS
PERU;POSPAGO;ORO HD L1 MAX;774;TV CHILE;SD;NACIONAL
PERU;POSPAGO;ORO HD L1 MAX;775;RCN NUESTRA TELE;SD;NACIONAL
PERU;POSPAGO;ORO HD L1 MAX;776;GLOBO INTERNACIONAL;SD;NACIONAL
PERU;POSPAGO;ORO HD L1 MAX;778;RTP INTERNACIONAL;SD;NACIONAL
PERU;POSPAGO;ORO HD L1 MAX;782;NHK WORLD;SD;NOTICIAS
PERU;POSPAGO;ORO HD L1 MAX;784;EL TRECE;SD;NACIONAL
PERU;POSPAGO;ORO HD L1 MAX;786;TELEFE INTERNACIONAL;SD;NACIONAL
PERU;POSPAGO;ORO HD L1 MAX;790;CGTN ESPAÑOL;SD;NOTICIAS
PERU;POSPAGO;ORO HD L1 MAX;804;ESCUELA+;SD;EDUCATIVO
PERU;POSPAGO;ORO HD L1 MAX;901;DSPORTS RADIO;RADIO;DEPORTES
PERU;POSPAGO;ORO HD L1 MAX;980;UNIÓN RADIO NOTICIAS;RADIO;AUDIO
PERU;POSPAGO;ORO HD L1 MAX;982;RADIO CARACOL;RADIO;AUDIO
PERU;POSPAGO;ORO HD L1 MAX;984;RADIO FRANCE INTERNACIONAL;RADIO;AUDIO
PERU;POSPAGO;ORO HD L1 MAX;986;RADIO OXIGENO;RADIO;AUDIO
PERU;POSPAGO;ORO HD L1 MAX;987;RADIO STUDIO 92;RADIO;AUDIO
PERU;POSPAGO;ORO HD L1 MAX;988;RADIO MODA;RADIO;AUDIO
PERU;POSPAGO;ORO HD L1 MAX;992;RADIO ALERTA BOGOTÁ;RADIO;AUDIO
PERU;POSPAGO;ORO HD L1 MAX;993;RADIO W;RADIO;AUDIO
PERU;POSPAGO;ORO HD L1 MAX;1127;DSHOW;HD;HOGAR Y VARIEDADES
PERU;POSPAGO;ORO HD L1 MAX;1189;RPP;HD;NOTICIAS
PERU;POSPAGO;ORO HD L1 MAX;1190;TV PERÚ NOTICIAS HD;HD;NOTICIAS
PERU;POSPAGO;ORO HD L1 MAX;1191;WILLAX HD;HD;DEPORTES
PERU;POSPAGO;ORO HD L1 MAX;1192;LATINA HD;HD;NACIONAL
PERU;POSPAGO;ORO HD L1 MAX;1193;A LA COCINA;HD;GASTRONÓMICO
PERU;POSPAGO;ORO HD L1 MAX;1194;AMÉRICA TELEVISION HD;HD;NACIONAL
PERU;POSPAGO;ORO HD L1 MAX;1195;PANAMERICANA HD;HD;NACIONAL
PERU;POSPAGO;ORO HD L1 MAX;1196;ATV+;HD;NOTICIAS
PERU;POSPAGO;ORO HD L1 MAX;1197;TV PERÚ HD;HD;NACIONAL
PERU;POSPAGO;ORO HD L1 MAX;1198;GLOBAL HD;HD;NACIONAL
PERU;POSPAGO;ORO HD L1 MAX;1199;ATV9 HD;HD;NACIONAL
PERU;POSPAGO;ORO HD L1 MAX;1204;STAR CHANNEL HD;HD;SERIES Y PELICULAS
PERU;POSPAGO;ORO HD L1 MAX;1206;WARNER HD;HD;SERIES Y PELICULAS
PERU;POSPAGO;ORO HD L1 MAX;1207;A&E MUNDO HD;HD;SERIES Y PELICULAS
PERU;POSPAGO;ORO HD L1 MAX;1208;SONY HD;HD;SERIES Y PELICULAS
PERU;POSPAGO;ORO HD L1 MAX;1209;AXN HD;HD;SERIES Y PELICULAS
PERU;POSPAGO;ORO HD L1 MAX;1210;AMC HD;HD;SERIES Y PELICULAS
PERU;POSPAGO;ORO HD L1 MAX;1213;TNT SERIES HD;HD;SERIES Y PELICULAS
PERU;POSPAGO;ORO HD L1 MAX;1214;ATRES SERIES HD;HD;SERIES Y PELICULAS
PERU;POSPAGO;ORO HD L1 MAX;1215;COMEDY CENTRAL HD;HD;SERIES Y PELICULAS
PERU;POSPAGO;ORO HD L1 MAX;1217;FX HD;HD;SERIES Y PELICULAS
PERU;POSPAGO;ORO HD L1 MAX;1218;UNIVERSAL HD;HD;SERIES Y PELICULAS
PERU;POSPAGO;ORO HD L1 MAX;1219;USA HD;HD;SERIES Y PELICULAS
PERU;POSPAGO;ORO HD L1 MAX;1221;¡HOLA! TV HD;HD;HOGAR Y VARIEDADES
PERU;POSPAGO;ORO HD L1 MAX;1222;E! HD;HD;HOGAR Y VARIEDADES
PERU;POSPAGO;ORO HD L1 MAX;1223;ID HD;HD;CIENCIA Y CULTURA
PERU;POSPAGO;ORO HD L1 MAX;1228;LIFETIME HD;HD;SERIES Y PELICULAS
PERU;POSPAGO;ORO HD L1 MAX;1229;DISCOVERY HOME & HEALTH HD;HD;HOGAR Y VARIEDADES
PERU;POSPAGO;ORO HD L1 MAX;1232;EL GOURMET;HD;GASTRONÓMICO
PERU;POSPAGO;ORO HD L1 MAX;1233;FOOD NETWORK HD;HD;GASTRONÓMICO
PERU;POSPAGO;ORO HD L1 MAX;1234;HOME & GARDEN;HD;HOGAR Y VARIEDADES
PERU;POSPAGO;ORO HD L1 MAX;1236;VEPLUS;HD;HOGAR Y VARIEDADES
PERU;POSPAGO;ORO HD L1 MAX;1264;MTV HD;HD;MUSICAL
PERU;POSPAGO;ORO HD L1 MAX;1265;MUSIC TOP HD;HD;MUSICAL
PERU;POSPAGO;ORO HD L1 MAX;1266;TIERRA MÍA HD;HD;CIENCIA Y CULTURA
PERU;POSPAGO;ORO HD L1 MAX;1273;INTI HD;HD;EDUCATIVO
PERU;POSPAGO;ORO HD L1 MAX;1302;ESCUELA+;HD;EDUCATIVO
PERU;POSPAGO;ORO HD L1 MAX;1304;CARTOON NETWORK HD;HD;INFANTIL
PERU;POSPAGO;ORO HD L1 MAX;1308;NICKELODEON HD;HD;INFANTIL
PERU;POSPAGO;ORO HD L1 MAX;1309;NICK JR. HD;HD;INFANTIL
PERU;POSPAGO;ORO HD L1 MAX;1312;DISNEY CHANNEL HD;HD;INFANTIL
PERU;POSPAGO;ORO HD L1 MAX;1315;DISNEY JUNIOR HD;HD;INFANTIL
PERU;POSPAGO;ORO HD L1 MAX;1318;PLIM PLIM HD;HD;INFANTIL
PERU;POSPAGO;ORO HD L1 MAX;1319;EL REINO INFANTIL HD;HD;INFANTIL
PERU;POSPAGO;ORO HD L1 MAX;1330;DISCOVERY KIDS HD;HD;INFANTIL
PERU;POSPAGO;ORO HD L1 MAX;1502;TNT HD;HD;SERIES Y PELICULAS
PERU;POSPAGO;ORO HD L1 MAX;1503;GOLDEN HD;HD;SERIES Y PELICULAS
PERU;POSPAGO;ORO HD L1 MAX;1506;SONY MOVIES;HD;SERIES Y PELICULAS
PERU;POSPAGO;ORO HD L1 MAX;1507;CINECANAL HD;HD;SERIES Y PELICULAS
PERU;POSPAGO;ORO HD L1 MAX;1508;STUDIO UNIVERSAL HD;HD;SERIES Y PELICULAS
PERU;POSPAGO;ORO HD L1 MAX;1509;CINEMAX HD;HD;SERIES Y PELICULAS
PERU;POSPAGO;ORO HD L1 MAX;1510;MÓRBIDO TV HD;HD;SERIES Y PELICULAS
PERU;POSPAGO;ORO HD L1 MAX;1513;DHE HD;HD;SERIES Y PELICULAS
PERU;POSPAGO;ORO HD L1 MAX;1518;SPACE HD;HD;SERIES Y PELICULAS
PERU;POSPAGO;ORO HD L1 MAX;1603;L1;HD;DEPORTES
PERU;POSPAGO;ORO HD L1 MAX;1604;L1M;HD;DEPORTES
PERU;POSPAGO;ORO HD L1 MAX;1610;DSPORTS HD;HD;DEPORTES
PERU;POSPAGO;ORO HD L1 MAX;1612;DSPORTS 2 HD;HD;DEPORTES
PERU;POSPAGO;ORO HD L1 MAX;1613;DSPORTS + HD;HD;DEPORTES
PERU;POSPAGO;ORO HD L1 MAX;1621;ESPN HD;HD;DEPORTES
PERU;POSPAGO;ORO HD L1 MAX;1622;ESPN 2 HD;HD;DEPORTES
PERU;POSPAGO;ORO HD L1 MAX;1623;ESPN 3 HD;HD;DEPORTES
PERU;POSPAGO;ORO HD L1 MAX;1624;ESPN 4 HD;HD;DEPORTES
PERU;POSPAGO;ORO HD L1 MAX;1625;ESPN 5;HD;DEPORTES
PERU;POSPAGO;ORO HD L1 MAX;1626;ESPN 6;HD;DEPORTES
PERU;POSPAGO;ORO HD L1 MAX;1627;ESPN 7 HD;HD;DEPORTES
PERU;POSPAGO;ORO HD L1 MAX;1628;GOLF CHANNEL HD;HD;DEPORTES
PERU;POSPAGO;ORO HD L1 MAX;1629;TYC SPORTS;HD;DEPORTES
PERU;POSPAGO;ORO HD L1 MAX;1639;PX SPORTS;HD;DEPORTES
PERU;POSPAGO;ORO HD L1 MAX;1700;DNEWS;HD;NOTICIAS
PERU;POSPAGO;ORO HD L1 MAX;1730;NATIONAL GEOGRAPHIC HD;HD;CIENCIA Y CULTURA
PERU;POSPAGO;ORO HD L1 MAX;1731;DISCOVERY THEATER HD;HD;CIENCIA Y CULTURA
PERU;POSPAGO;ORO HD L1 MAX;1732;DISCOVERY HD;HD;CIENCIA Y CULTURA
PERU;POSPAGO;ORO HD L1 MAX;1734;ANIMAL PLANET HD;HD;CIENCIA Y CULTURA
PERU;POSPAGO;ORO HD L1 MAX;1738;DISCOVERY WORLD HD;HD;CIENCIA Y CULTURA
PERU;POSPAGO;ORO HD L1 MAX;1740;TLC;HD;HOGAR Y VARIEDADES
PERU;POSPAGO;ORO HD L1 MAX;1742;HISTORY HD;HD;CIENCIA Y CULTURA
PERU;POSPAGO;ORO HD L1 MAX;1744;HISTORY 2 HD;HD;CIENCIA Y CULTURA
PERU;POSPAGO;ORO HD L1 MAX;1750;ENCUENTRO INTERNACIONAL HD;HD;EDUCATIVO
PERU;POSPAGO;ORO HD L1 MAX;1762;ANTENA 3 HD;HD;NACIONAL
PERU;POSPAGO;ORO HD L1 MAX;1764;FRANCE 24 HD;HD;NOTICIAS
PERU;POSPAGO;ORO HD;100;CANAL 100;SD;INFORMATIVO
PERU;POSPAGO;ORO HD;100;INFORMACIÓN DIRECTV;SD;INFORMATIVO
PERU;POSPAGO;ORO HD;127;DSHOW;SD;HOGAR Y VARIEDADES
PERU;POSPAGO;ORO HD;190;EXITOSA;SD;NOTICIAS
PERU;POSPAGO;ORO HD;192;LATINA;SD;NACIONAL
PERU;POSPAGO;ORO HD;193;EL CONGRESO;SD;INFORMATIVO
PERU;POSPAGO;ORO HD;194;AMÉRICA TELEVISION;SD;NACIONAL
PERU;POSPAGO;ORO HD;195;PANAMERICANA;SD;NACIONAL
PERU;POSPAGO;ORO HD;196;ATV+;SD;NOTICIAS
PERU;POSPAGO;ORO HD;197;TV PERÚ;SD;NACIONAL
PERU;POSPAGO;ORO HD;198;GLOBAL;SD;NACIONAL
PERU;POSPAGO;ORO HD;199;ATV;SD;NACIONAL
PERU;POSPAGO;ORO HD;202;STAR CHANNEL;SD;SERIES Y PELICULAS
PERU;POSPAGO;ORO HD;206;WARNER;SD;SERIES Y PELICULAS
PERU;POSPAGO;ORO HD;207;A&E MUNDO;SD;SERIES Y PELICULAS
PERU;POSPAGO;ORO HD;208;SONY;SD;SERIES Y PELICULAS
PERU;POSPAGO;ORO HD;209;AXN;SD;SERIES Y PELICULAS
PERU;POSPAGO;ORO HD;210;AMC;SD;SERIES Y PELICULAS
PERU;POSPAGO;ORO HD;213;TNT SERIES;SD;SERIES Y PELICULAS
PERU;POSPAGO;ORO HD;214;ATRES SERIES;SD;SERIES Y PELICULAS
PERU;POSPAGO;ORO HD;216;TNT NOVELAS;SD;TELENOVELAS
PERU;POSPAGO;ORO HD;217;FX;SD;SERIES Y PELICULAS
PERU;POSPAGO;ORO HD;218;UNIVERSAL;SD;SERIES Y PELICULAS
PERU;POSPAGO;ORO HD;219;USA;SD;SERIES Y PELICULAS
PERU;POSPAGO;ORO HD;220;ADULT SWIM;SD;INFANTIL
PERU;POSPAGO;ORO HD;221;¡HOLA! TV;SD;HOGAR Y VARIEDADES
PERU;POSPAGO;ORO HD;222;E!;SD;HOGAR Y VARIEDADES
PERU;POSPAGO;ORO HD;223;ID;SD;CIENCIA Y CULTURA
PERU;POSPAGO;ORO HD;226;LAS ESTRELLAS;SD;NACIONAL
PERU;POSPAGO;ORO HD;227;TL NOVELAS;SD;TELENOVELAS
PERU;POSPAGO;ORO HD;228;LIFETIME;SD;SERIES Y PELICULAS
PERU;POSPAGO;ORO HD;229;DISCOVERY HOME & HEALTH;SD;HOGAR Y VARIEDADES
PERU;POSPAGO;ORO HD;230;AMC SERIES;SD;SERIES Y PELICULAS
PERU;POSPAGO;ORO HD;231;TELEMUNDO;SD;TELENOVELAS
PERU;POSPAGO;ORO HD;232;EL GOURMET;SD;GASTRONÓMICO
PERU;POSPAGO;ORO HD;233;FOOD NETWORK;SD;GASTRONÓMICO
PERU;POSPAGO;ORO HD;240;CARAS TV;SD;HOGAR Y VARIEDADES
PERU;POSPAGO;ORO HD;264;MTV;SD;MUSICAL
PERU;POSPAGO;ORO HD;269;QUIERO MÚSICA EN MI IDIOMA;SD;MUSICAL
PERU;POSPAGO;ORO HD;304;CARTOON NETWORK;SD;INFANTIL
PERU;POSPAGO;ORO HD;308;NICKELODEON;SD;INFANTIL
PERU;POSPAGO;ORO HD;309;NICK JR.;SD;INFANTIL
PERU;POSPAGO;ORO HD;312;DISNEY CHANNEL;SD;INFANTIL
PERU;POSPAGO;ORO HD;315;DISNEY JUNIOR;SD;INFANTIL
PERU;POSPAGO;ORO HD;318;PLIM PLIM;SD;INFANTIL
PERU;POSPAGO;ORO HD;319;EL REINO INFANTIL;SD;INFANTIL
PERU;POSPAGO;ORO HD;330;DISCOVERY KIDS;SD;INFANTIL
PERU;POSPAGO;ORO HD;334;CARTOONITO;SD;INFANTIL
PERU;POSPAGO;ORO HD;350;EWTN;SD;RELIGIOSO
PERU;POSPAGO;ORO HD;351;ORBE 21;SD;RELIGIOSO
PERU;POSPAGO;ORO HD;352;TBN ENLACE;SD;RELIGIOSO
PERU;POSPAGO;ORO HD;354;CANAL LUZ;SD;RELIGIOSO
PERU;POSPAGO;ORO HD;502;TNT;SD;SERIES Y PELICULAS
PERU;POSPAGO;ORO HD;503;GOLDEN;SD;SERIES Y PELICULAS
PERU;POSPAGO;ORO HD;506;SONY MOVIES;SD;SERIES Y PELICULAS
PERU;POSPAGO;ORO HD;507;CINECANAL;SD;SERIES Y PELICULAS
PERU;POSPAGO;ORO HD;508;STUDIO UNIVERSAL;SD;SERIES Y PELICULAS
PERU;POSPAGO;ORO HD;509;CINEMAX;SD;SERIES Y PELICULAS
PERU;POSPAGO;ORO HD;510;MÓRBIDO TV;SD;SERIES Y PELICULAS
PERU;POSPAGO;ORO HD;513;DHE;SD;SERIES Y PELICULAS
PERU;POSPAGO;ORO HD;516;DE PELÍCULA;SD;SERIES Y PELICULAS
PERU;POSPAGO;ORO HD;517;GOLDEN EDGE;SD;SERIES Y PELICULAS
PERU;POSPAGO;ORO HD;518;SPACE;SD;SERIES Y PELICULAS
PERU;POSPAGO;ORO HD;524;HBO;SD;SERIES Y PELICULAS
PERU;POSPAGO;ORO HD;603;L1;SD;DEPORTES
PERU;POSPAGO;ORO HD;604;L1M;SD;DEPORTES
PERU;POSPAGO;ORO HD;610;DSPORTS;SD;DEPORTES
PERU;POSPAGO;ORO HD;612;DSPORTS 2;SD;DEPORTES
PERU;POSPAGO;ORO HD;613;DSPORTS +;SD;DEPORTES
PERU;POSPAGO;ORO HD;621;ESPN;SD;DEPORTES
PERU;POSPAGO;ORO HD;622;ESPN 2;SD;DEPORTES
PERU;POSPAGO;ORO HD;623;ESPN 3;SD;DEPORTES
PERU;POSPAGO;ORO HD;625;ESPN 5;SD;DEPORTES
PERU;POSPAGO;ORO HD;626;ESPN 6;SD;DEPORTES
PERU;POSPAGO;ORO HD;627;ESPN 7;SD;DEPORTES
PERU;POSPAGO;ORO HD;628;GOLF CHANNEL LATIN AMERICA;SD;DEPORTES
PERU;POSPAGO;ORO HD;629;TYC SPORTS;SD;DEPORTES
PERU;POSPAGO;ORO HD;700;DNEWS;SD;NOTICIAS
PERU;POSPAGO;ORO HD;704;CNN EN ESPAÑOL;SD;NOTICIAS
PERU;POSPAGO;ORO HD;706;CNN INTERNATIONAL;SD;NOTICIAS
PERU;POSPAGO;ORO HD;707;CNN CHILE;SD;NOTICIAS
PERU;POSPAGO;ORO HD;708;TVN 24 HORAS;SD;NOTICIAS
PERU;POSPAGO;ORO HD;710;BLOOMBERG;SD;NOTICIAS
PERU;POSPAGO;ORO HD;716;TODO NOTICIAS;SD;NOTICIAS
PERU;POSPAGO;ORO HD;720;26NOTICIAS;SD;NOTICIAS
PERU;POSPAGO;ORO HD;725;NTN 24;SD;NOTICIAS
PERU;POSPAGO;ORO HD;726;CANAL RURAL;SD;EDUCATIVO
PERU;POSPAGO;ORO HD;727;CABLE NOTICIAS;SD;NOTICIAS
PERU;POSPAGO;ORO HD;730;NATIONAL GEOGRAPHIC;SD;CIENCIA Y CULTURA
PERU;POSPAGO;ORO HD;732;DISCOVERY;SD;CIENCIA Y CULTURA
PERU;POSPAGO;ORO HD;734;ANIMAL PLANET;SD;CIENCIA Y CULTURA
PERU;POSPAGO;ORO HD;736;DISCOVERY TURBO;SD;HOGAR Y VARIEDADES
PERU;POSPAGO;ORO HD;740;TLC;SD;HOGAR Y VARIEDADES
PERU;POSPAGO;ORO HD;742;HISTORY;SD;CIENCIA Y CULTURA
PERU;POSPAGO;ORO HD;744;HISTORY 2;SD;CIENCIA Y CULTURA
PERU;POSPAGO;ORO HD;760;UNIVISION;SD;NACIONAL
PERU;POSPAGO;ORO HD;762;ANTENA 3;SD;NACIONAL
PERU;POSPAGO;ORO HD;764;FRANCE 24;SD;NOTICIAS
PERU;POSPAGO;ORO HD;766;RAI ITALIA;SD;NACIONAL
PERU;POSPAGO;ORO HD;768;BBC WORLD NEWS;SD;NOTICIAS
PERU;POSPAGO;ORO HD;770;DW LATINOAMÉRICA;SD;NOTICIAS
PERU;POSPAGO;ORO HD;772;CARACOL;SD;NACIONAL
PERU;POSPAGO;ORO HD;773;EL TIEMPO;SD;NOTICIAS
PERU;POSPAGO;ORO HD;774;TV CHILE;SD;NACIONAL
PERU;POSPAGO;ORO HD;775;RCN NUESTRA TELE;SD;NACIONAL
PERU;POSPAGO;ORO HD;776;GLOBO INTERNACIONAL;SD;NACIONAL
PERU;POSPAGO;ORO HD;778;RTP INTERNACIONAL;SD;NACIONAL
PERU;POSPAGO;ORO HD;782;NHK WORLD;SD;NOTICIAS
PERU;POSPAGO;ORO HD;784;EL TRECE;SD;NACIONAL
PERU;POSPAGO;ORO HD;786;TELEFE INTERNACIONAL;SD;NACIONAL
PERU;POSPAGO;ORO HD;790;CGTN ESPAÑOL;SD;NOTICIAS
PERU;POSPAGO;ORO HD;804;ESCUELA+;SD;EDUCATIVO
PERU;POSPAGO;ORO HD;901;DSPORTS RADIO;RADIO;DEPORTES
PERU;POSPAGO;ORO HD;980;UNIÓN RADIO NOTICIAS;RADIO;AUDIO
PERU;POSPAGO;ORO HD;982;RADIO CARACOL;RADIO;AUDIO
PERU;POSPAGO;ORO HD;984;RADIO FRANCE INTERNACIONAL;RADIO;AUDIO
PERU;POSPAGO;ORO HD;986;RADIO OXIGENO;RADIO;AUDIO
PERU;POSPAGO;ORO HD;987;RADIO STUDIO 92;RADIO;AUDIO
PERU;POSPAGO;ORO HD;988;RADIO MODA;RADIO;AUDIO
PERU;POSPAGO;ORO HD;992;RADIO ALERTA BOGOTÁ;RADIO;AUDIO
PERU;POSPAGO;ORO HD;993;RADIO W;RADIO;AUDIO
PERU;POSPAGO;ORO HD;1127;DSHOW;HD;HOGAR Y VARIEDADES
PERU;POSPAGO;ORO HD;1189;RPP;HD;NOTICIAS
PERU;POSPAGO;ORO HD;1190;TV PERÚ NOTICIAS HD;HD;NOTICIAS
PERU;POSPAGO;ORO HD;1191;WILLAX HD;HD;DEPORTES
PERU;POSPAGO;ORO HD;1192;LATINA HD;HD;NACIONAL
PERU;POSPAGO;ORO HD;1193;A LA COCINA;HD;GASTRONÓMICO
PERU;POSPAGO;ORO HD;1194;AMÉRICA TELEVISION HD;HD;NACIONAL
PERU;POSPAGO;ORO HD;1195;PANAMERICANA HD;HD;NACIONAL
PERU;POSPAGO;ORO HD;1196;ATV+;HD;NOTICIAS
PERU;POSPAGO;ORO HD;1197;TV PERÚ HD;HD;NACIONAL
PERU;POSPAGO;ORO HD;1198;GLOBAL HD;HD;NACIONAL
PERU;POSPAGO;ORO HD;1199;ATV9 HD;HD;NACIONAL
PERU;POSPAGO;ORO HD;1204;STAR CHANNEL HD;HD;SERIES Y PELICULAS
PERU;POSPAGO;ORO HD;1206;WARNER HD;HD;SERIES Y PELICULAS
PERU;POSPAGO;ORO HD;1207;A&E MUNDO HD;HD;SERIES Y PELICULAS
PERU;POSPAGO;ORO HD;1208;SONY HD;HD;SERIES Y PELICULAS
PERU;POSPAGO;ORO HD;1209;AXN HD;HD;SERIES Y PELICULAS
PERU;POSPAGO;ORO HD;1210;AMC HD;HD;SERIES Y PELICULAS
PERU;POSPAGO;ORO HD;1213;TNT SERIES HD;HD;SERIES Y PELICULAS
PERU;POSPAGO;ORO HD;1214;ATRES SERIES HD;HD;SERIES Y PELICULAS
PERU;POSPAGO;ORO HD;1215;COMEDY CENTRAL HD;HD;SERIES Y PELICULAS
PERU;POSPAGO;ORO HD;1217;FX HD;HD;SERIES Y PELICULAS
PERU;POSPAGO;ORO HD;1218;UNIVERSAL HD;HD;SERIES Y PELICULAS
PERU;POSPAGO;ORO HD;1219;USA HD;HD;SERIES Y PELICULAS
PERU;POSPAGO;ORO HD;1221;¡HOLA! TV HD;HD;HOGAR Y VARIEDADES
PERU;POSPAGO;ORO HD;1222;E! HD;HD;HOGAR Y VARIEDADES
PERU;POSPAGO;ORO HD;1223;ID HD;HD;CIENCIA Y CULTURA
PERU;POSPAGO;ORO HD;1228;LIFETIME HD;HD;SERIES Y PELICULAS
PERU;POSPAGO;ORO HD;1229;DISCOVERY HOME & HEALTH HD;HD;HOGAR Y VARIEDADES
PERU;POSPAGO;ORO HD;1232;EL GOURMET;HD;GASTRONÓMICO
PERU;POSPAGO;ORO HD;1233;FOOD NETWORK HD;HD;GASTRONÓMICO
PERU;POSPAGO;ORO HD;1234;HOME & GARDEN;HD;HOGAR Y VARIEDADES
PERU;POSPAGO;ORO HD;1236;VEPLUS;HD;HOGAR Y VARIEDADES
PERU;POSPAGO;ORO HD;1264;MTV HD;HD;MUSICAL
PERU;POSPAGO;ORO HD;1265;MUSIC TOP HD;HD;MUSICAL
PERU;POSPAGO;ORO HD;1266;TIERRA MÍA HD;HD;CIENCIA Y CULTURA
PERU;POSPAGO;ORO HD;1273;INTI HD;HD;EDUCATIVO
PERU;POSPAGO;ORO HD;1302;ESCUELA+;HD;EDUCATIVO
PERU;POSPAGO;ORO HD;1304;CARTOON NETWORK HD;HD;INFANTIL
PERU;POSPAGO;ORO HD;1308;NICKELODEON HD;HD;INFANTIL
PERU;POSPAGO;ORO HD;1309;NICK JR. HD;HD;INFANTIL
PERU;POSPAGO;ORO HD;1312;DISNEY CHANNEL HD;HD;INFANTIL
PERU;POSPAGO;ORO HD;1315;DISNEY JUNIOR HD;HD;INFANTIL
PERU;POSPAGO;ORO HD;1318;PLIM PLIM HD;HD;INFANTIL
PERU;POSPAGO;ORO HD;1319;EL REINO INFANTIL HD;HD;INFANTIL
PERU;POSPAGO;ORO HD;1330;DISCOVERY KIDS HD;HD;INFANTIL
PERU;POSPAGO;ORO HD;1502;TNT HD;HD;SERIES Y PELICULAS
PERU;POSPAGO;ORO HD;1503;GOLDEN HD;HD;SERIES Y PELICULAS
PERU;POSPAGO;ORO HD;1506;SONY MOVIES;HD;SERIES Y PELICULAS
PERU;POSPAGO;ORO HD;1507;CINECANAL HD;HD;SERIES Y PELICULAS
PERU;POSPAGO;ORO HD;1508;STUDIO UNIVERSAL HD;HD;SERIES Y PELICULAS
PERU;POSPAGO;ORO HD;1509;CINEMAX HD;HD;SERIES Y PELICULAS
PERU;POSPAGO;ORO HD;1510;MÓRBIDO TV HD;HD;SERIES Y PELICULAS
PERU;POSPAGO;ORO HD;1513;DHE HD;HD;SERIES Y PELICULAS
PERU;POSPAGO;ORO HD;1518;SPACE HD;HD;SERIES Y PELICULAS
PERU;POSPAGO;ORO HD;1603;L1;HD;DEPORTES
PERU;POSPAGO;ORO HD;1604;L1M;HD;DEPORTES
PERU;POSPAGO;ORO HD;1610;DSPORTS HD;HD;DEPORTES
PERU;POSPAGO;ORO HD;1612;DSPORTS 2 HD;HD;DEPORTES
PERU;POSPAGO;ORO HD;1613;DSPORTS + HD;HD;DEPORTES
PERU;POSPAGO;ORO HD;1621;ESPN HD;HD;DEPORTES
PERU;POSPAGO;ORO HD;1622;ESPN 2 HD;HD;DEPORTES
PERU;POSPAGO;ORO HD;1623;ESPN 3 HD;HD;DEPORTES
PERU;POSPAGO;ORO HD;1624;ESPN 4 HD;HD;DEPORTES
PERU;POSPAGO;ORO HD;1625;ESPN 5;HD;DEPORTES
PERU;POSPAGO;ORO HD;1626;ESPN 6;HD;DEPORTES
PERU;POSPAGO;ORO HD;1627;ESPN 7 HD;HD;DEPORTES
PERU;POSPAGO;ORO HD;1628;GOLF CHANNEL HD;HD;DEPORTES
PERU;POSPAGO;ORO HD;1629;TYC SPORTS;HD;DEPORTES
PERU;POSPAGO;ORO HD;1639;PX SPORTS;HD;DEPORTES
PERU;POSPAGO;ORO HD;1700;DNEWS;HD;NOTICIAS
PERU;POSPAGO;ORO HD;1730;NATIONAL GEOGRAPHIC HD;HD;CIENCIA Y CULTURA
PERU;POSPAGO;ORO HD;1731;DISCOVERY THEATER HD;HD;CIENCIA Y CULTURA
PERU;POSPAGO;ORO HD;1732;DISCOVERY HD;HD;CIENCIA Y CULTURA
PERU;POSPAGO;ORO HD;1734;ANIMAL PLANET HD;HD;CIENCIA Y CULTURA
PERU;POSPAGO;ORO HD;1738;DISCOVERY WORLD HD;HD;CIENCIA Y CULTURA
PERU;POSPAGO;ORO HD;1740;TLC;HD;HOGAR Y VARIEDADES
PERU;POSPAGO;ORO HD;1742;HISTORY HD;HD;CIENCIA Y CULTURA
PERU;POSPAGO;ORO HD;1744;HISTORY 2 HD;HD;CIENCIA Y CULTURA
PERU;POSPAGO;ORO HD;1750;ENCUENTRO INTERNACIONAL HD;HD;EDUCATIVO
PERU;POSPAGO;ORO HD;1762;ANTENA 3 HD;HD;NACIONAL
PERU;POSPAGO;ORO HD;1764;FRANCE 24 HD;HD;NOTICIAS
PERU;POSPAGO;ORO PLUS L1M;100;CANAL 100;SD;INFORMATIVO
PERU;POSPAGO;ORO PLUS L1M;100;INFORMACIÓN DIRECTV;SD;INFORMATIVO
PERU;POSPAGO;ORO PLUS L1M;127;DSHOW;SD;HOGAR Y VARIEDADES
PERU;POSPAGO;ORO PLUS L1M;190;EXITOSA;SD;NOTICIAS
PERU;POSPAGO;ORO PLUS L1M;192;LATINA;SD;NACIONAL
PERU;POSPAGO;ORO PLUS L1M;193;EL CONGRESO;SD;INFORMATIVO
PERU;POSPAGO;ORO PLUS L1M;194;AMÉRICA TELEVISION;SD;NACIONAL
PERU;POSPAGO;ORO PLUS L1M;195;PANAMERICANA;SD;NACIONAL
PERU;POSPAGO;ORO PLUS L1M;196;ATV+;SD;NOTICIAS
PERU;POSPAGO;ORO PLUS L1M;197;TV PERÚ;SD;NACIONAL
PERU;POSPAGO;ORO PLUS L1M;198;GLOBAL;SD;NACIONAL
PERU;POSPAGO;ORO PLUS L1M;199;ATV;SD;NACIONAL
PERU;POSPAGO;ORO PLUS L1M;202;STAR CHANNEL;SD;SERIES Y PELICULAS
PERU;POSPAGO;ORO PLUS L1M;206;WARNER;SD;SERIES Y PELICULAS
PERU;POSPAGO;ORO PLUS L1M;207;A&E MUNDO;SD;SERIES Y PELICULAS
PERU;POSPAGO;ORO PLUS L1M;208;SONY;SD;SERIES Y PELICULAS
PERU;POSPAGO;ORO PLUS L1M;209;AXN;SD;SERIES Y PELICULAS
PERU;POSPAGO;ORO PLUS L1M;210;AMC;SD;SERIES Y PELICULAS
PERU;POSPAGO;ORO PLUS L1M;213;TNT SERIES;SD;SERIES Y PELICULAS
PERU;POSPAGO;ORO PLUS L1M;214;ATRES SERIES;SD;SERIES Y PELICULAS
PERU;POSPAGO;ORO PLUS L1M;215;COMEDY CENTRAL;SD;SERIES Y PELICULAS
PERU;POSPAGO;ORO PLUS L1M;216;TNT NOVELAS;SD;TELENOVELAS
PERU;POSPAGO;ORO PLUS L1M;217;FX;SD;SERIES Y PELICULAS
PERU;POSPAGO;ORO PLUS L1M;218;UNIVERSAL;SD;SERIES Y PELICULAS
PERU;POSPAGO;ORO PLUS L1M;219;USA;SD;SERIES Y PELICULAS
PERU;POSPAGO;ORO PLUS L1M;220;ADULT SWIM;SD;INFANTIL
PERU;POSPAGO;ORO PLUS L1M;221;¡HOLA! TV;SD;HOGAR Y VARIEDADES
PERU;POSPAGO;ORO PLUS L1M;222;E!;SD;HOGAR Y VARIEDADES
PERU;POSPAGO;ORO PLUS L1M;223;ID;SD;CIENCIA Y CULTURA
PERU;POSPAGO;ORO PLUS L1M;226;LAS ESTRELLAS;SD;NACIONAL
PERU;POSPAGO;ORO PLUS L1M;227;TL NOVELAS;SD;TELENOVELAS
PERU;POSPAGO;ORO PLUS L1M;228;LIFETIME;SD;SERIES Y PELICULAS
PERU;POSPAGO;ORO PLUS L1M;229;DISCOVERY HOME & HEALTH;SD;HOGAR Y VARIEDADES
PERU;POSPAGO;ORO PLUS L1M;230;AMC SERIES;SD;SERIES Y PELICULAS
PERU;POSPAGO;ORO PLUS L1M;231;TELEMUNDO;SD;TELENOVELAS
PERU;POSPAGO;ORO PLUS L1M;232;EL GOURMET;SD;GASTRONÓMICO
PERU;POSPAGO;ORO PLUS L1M;233;FOOD NETWORK;SD;GASTRONÓMICO
PERU;POSPAGO;ORO PLUS L1M;240;CARAS TV;SD;HOGAR Y VARIEDADES
PERU;POSPAGO;ORO PLUS L1M;264;MTV;SD;MUSICAL
PERU;POSPAGO;ORO PLUS L1M;269;QUIERO MÚSICA EN MI IDIOMA;SD;MUSICAL
PERU;POSPAGO;ORO PLUS L1M;304;CARTOON NETWORK;SD;INFANTIL
PERU;POSPAGO;ORO PLUS L1M;308;NICKELODEON;SD;INFANTIL
PERU;POSPAGO;ORO PLUS L1M;309;NICK JR.;SD;INFANTIL
PERU;POSPAGO;ORO PLUS L1M;312;DISNEY CHANNEL;SD;INFANTIL
PERU;POSPAGO;ORO PLUS L1M;315;DISNEY JUNIOR;SD;INFANTIL
PERU;POSPAGO;ORO PLUS L1M;317;BABY TV HD;SD;INFANTIL
PERU;POSPAGO;ORO PLUS L1M;318;PLIM PLIM;SD;INFANTIL
PERU;POSPAGO;ORO PLUS L1M;319;EL REINO INFANTIL;SD;INFANTIL
PERU;POSPAGO;ORO PLUS L1M;330;DISCOVERY KIDS;SD;INFANTIL
PERU;POSPAGO;ORO PLUS L1M;334;CARTOONITO;SD;INFANTIL
PERU;POSPAGO;ORO PLUS L1M;350;EWTN;SD;RELIGIOSO
PERU;POSPAGO;ORO PLUS L1M;351;ORBE 21;SD;RELIGIOSO
PERU;POSPAGO;ORO PLUS L1M;352;TBN ENLACE;SD;RELIGIOSO
PERU;POSPAGO;ORO PLUS L1M;354;CANAL LUZ;SD;RELIGIOSO
PERU;POSPAGO;ORO PLUS L1M;502;TNT;SD;SERIES Y PELICULAS
PERU;POSPAGO;ORO PLUS L1M;503;GOLDEN;SD;SERIES Y PELICULAS
PERU;POSPAGO;ORO PLUS L1M;506;SONY MOVIES;SD;SERIES Y PELICULAS
PERU;POSPAGO;ORO PLUS L1M;507;CINECANAL;SD;SERIES Y PELICULAS
PERU;POSPAGO;ORO PLUS L1M;508;STUDIO UNIVERSAL;SD;SERIES Y PELICULAS
PERU;POSPAGO;ORO PLUS L1M;509;CINEMAX;SD;SERIES Y PELICULAS
PERU;POSPAGO;ORO PLUS L1M;510;MÓRBIDO TV;SD;SERIES Y PELICULAS
PERU;POSPAGO;ORO PLUS L1M;513;DHE;SD;SERIES Y PELICULAS
PERU;POSPAGO;ORO PLUS L1M;516;DE PELÍCULA;SD;SERIES Y PELICULAS
PERU;POSPAGO;ORO PLUS L1M;517;GOLDEN EDGE;SD;SERIES Y PELICULAS
PERU;POSPAGO;ORO PLUS L1M;518;SPACE;SD;SERIES Y PELICULAS
PERU;POSPAGO;ORO PLUS L1M;603;L1;SD;DEPORTES
PERU;POSPAGO;ORO PLUS L1M;604;L1M;SD;DEPORTES
PERU;POSPAGO;ORO PLUS L1M;610;DSPORTS;SD;DEPORTES
PERU;POSPAGO;ORO PLUS L1M;612;DSPORTS 2;SD;DEPORTES
PERU;POSPAGO;ORO PLUS L1M;613;DSPORTS +;SD;DEPORTES
PERU;POSPAGO;ORO PLUS L1M;621;ESPN;SD;DEPORTES
PERU;POSPAGO;ORO PLUS L1M;622;ESPN 2;SD;DEPORTES
PERU;POSPAGO;ORO PLUS L1M;623;ESPN 3;SD;DEPORTES
PERU;POSPAGO;ORO PLUS L1M;625;ESPN 5;SD;DEPORTES
PERU;POSPAGO;ORO PLUS L1M;626;ESPN 6;SD;DEPORTES
PERU;POSPAGO;ORO PLUS L1M;627;ESPN 7;SD;DEPORTES
PERU;POSPAGO;ORO PLUS L1M;628;GOLF CHANNEL LATIN AMERICA;SD;DEPORTES
PERU;POSPAGO;ORO PLUS L1M;629;TYC SPORTS;SD;DEPORTES
PERU;POSPAGO;ORO PLUS L1M;700;DNEWS;SD;NOTICIAS
PERU;POSPAGO;ORO PLUS L1M;704;CNN EN ESPAÑOL;SD;NOTICIAS
PERU;POSPAGO;ORO PLUS L1M;706;CNN INTERNATIONAL;SD;NOTICIAS
PERU;POSPAGO;ORO PLUS L1M;707;CNN CHILE;SD;NOTICIAS
PERU;POSPAGO;ORO PLUS L1M;708;TVN 24 HORAS;SD;NOTICIAS
PERU;POSPAGO;ORO PLUS L1M;710;BLOOMBERG;SD;NOTICIAS
PERU;POSPAGO;ORO PLUS L1M;715;AMÉRICA;SD;NACIONAL
PERU;POSPAGO;ORO PLUS L1M;716;TODO NOTICIAS;SD;NOTICIAS
PERU;POSPAGO;ORO PLUS L1M;720;26NOTICIAS;SD;NOTICIAS
PERU;POSPAGO;ORO PLUS L1M;725;NTN 24;SD;NOTICIAS
PERU;POSPAGO;ORO PLUS L1M;726;CANAL RURAL;SD;EDUCATIVO
PERU;POSPAGO;ORO PLUS L1M;727;CABLE NOTICIAS;SD;NOTICIAS
PERU;POSPAGO;ORO PLUS L1M;730;NATIONAL GEOGRAPHIC;SD;CIENCIA Y CULTURA
PERU;POSPAGO;ORO PLUS L1M;732;DISCOVERY;SD;CIENCIA Y CULTURA
PERU;POSPAGO;ORO PLUS L1M;734;ANIMAL PLANET;SD;CIENCIA Y CULTURA
PERU;POSPAGO;ORO PLUS L1M;736;DISCOVERY TURBO;SD;HOGAR Y VARIEDADES
PERU;POSPAGO;ORO PLUS L1M;740;TLC;SD;HOGAR Y VARIEDADES
PERU;POSPAGO;ORO PLUS L1M;742;HISTORY;SD;CIENCIA Y CULTURA
PERU;POSPAGO;ORO PLUS L1M;744;HISTORY 2;SD;CIENCIA Y CULTURA
PERU;POSPAGO;ORO PLUS L1M;760;UNIVISION;SD;NACIONAL
PERU;POSPAGO;ORO PLUS L1M;762;ANTENA 3;SD;NACIONAL
PERU;POSPAGO;ORO PLUS L1M;764;FRANCE 24;SD;NOTICIAS
PERU;POSPAGO;ORO PLUS L1M;766;RAI ITALIA;SD;NACIONAL
PERU;POSPAGO;ORO PLUS L1M;768;BBC WORLD NEWS;SD;NOTICIAS
PERU;POSPAGO;ORO PLUS L1M;770;DW LATINOAMÉRICA;SD;NOTICIAS
PERU;POSPAGO;ORO PLUS L1M;772;CARACOL;SD;NACIONAL
PERU;POSPAGO;ORO PLUS L1M;773;EL TIEMPO;SD;NOTICIAS
PERU;POSPAGO;ORO PLUS L1M;774;TV CHILE;SD;NACIONAL
PERU;POSPAGO;ORO PLUS L1M;775;RCN NUESTRA TELE;SD;NACIONAL
PERU;POSPAGO;ORO PLUS L1M;776;GLOBO INTERNACIONAL;SD;NACIONAL
PERU;POSPAGO;ORO PLUS L1M;778;RTP INTERNACIONAL;SD;NACIONAL
PERU;POSPAGO;ORO PLUS L1M;782;NHK WORLD;SD;NOTICIAS
PERU;POSPAGO;ORO PLUS L1M;784;EL TRECE;SD;NACIONAL
PERU;POSPAGO;ORO PLUS L1M;786;TELEFE INTERNACIONAL;SD;NACIONAL
PERU;POSPAGO;ORO PLUS L1M;790;CGTN ESPAÑOL;SD;NOTICIAS
PERU;POSPAGO;ORO PLUS L1M;804;ESCUELA+;SD;EDUCATIVO
PERU;POSPAGO;ORO PLUS L1M;901;DSPORTS RADIO;RADIO;DEPORTES
PERU;POSPAGO;ORO PLUS L1M;980;UNIÓN RADIO NOTICIAS;RADIO;AUDIO
PERU;POSPAGO;ORO PLUS L1M;982;RADIO CARACOL;RADIO;AUDIO
PERU;POSPAGO;ORO PLUS L1M;984;RADIO FRANCE INTERNACIONAL;RADIO;AUDIO
PERU;POSPAGO;ORO PLUS L1M;986;RADIO OXIGENO;RADIO;AUDIO
PERU;POSPAGO;ORO PLUS L1M;987;RADIO STUDIO 92;RADIO;AUDIO
PERU;POSPAGO;ORO PLUS L1M;988;RADIO MODA;RADIO;AUDIO
PERU;POSPAGO;ORO PLUS L1M;992;RADIO ALERTA BOGOTÁ;RADIO;AUDIO
PERU;POSPAGO;ORO PLUS L1M;993;RADIO W;RADIO;AUDIO
PERU;POSPAGO;ORO PLUS L1M;1127;DSHOW;HD;HOGAR Y VARIEDADES
PERU;POSPAGO;ORO PLUS L1M;1189;RPP;HD;NOTICIAS
PERU;POSPAGO;ORO PLUS L1M;1190;TV PERÚ NOTICIAS HD;HD;NOTICIAS
PERU;POSPAGO;ORO PLUS L1M;1191;WILLAX HD;HD;DEPORTES
PERU;POSPAGO;ORO PLUS L1M;1192;LATINA HD;HD;NACIONAL
PERU;POSPAGO;ORO PLUS L1M;1193;A LA COCINA;HD;GASTRONÓMICO
PERU;POSPAGO;ORO PLUS L1M;1194;AMÉRICA TELEVISION HD;HD;NACIONAL
PERU;POSPAGO;ORO PLUS L1M;1195;PANAMERICANA HD;HD;NACIONAL
PERU;POSPAGO;ORO PLUS L1M;1196;ATV+;HD;NOTICIAS
PERU;POSPAGO;ORO PLUS L1M;1197;TV PERÚ HD;HD;NACIONAL
PERU;POSPAGO;ORO PLUS L1M;1198;GLOBAL HD;HD;NACIONAL
PERU;POSPAGO;ORO PLUS L1M;1199;ATV9 HD;HD;NACIONAL
PERU;POSPAGO;ORO PLUS L1M;1204;STAR CHANNEL HD;HD;SERIES Y PELICULAS
PERU;POSPAGO;ORO PLUS L1M;1206;WARNER HD;HD;SERIES Y PELICULAS
PERU;POSPAGO;ORO PLUS L1M;1207;A&E MUNDO HD;HD;SERIES Y PELICULAS
PERU;POSPAGO;ORO PLUS L1M;1208;SONY HD;HD;SERIES Y PELICULAS
PERU;POSPAGO;ORO PLUS L1M;1209;AXN HD;HD;SERIES Y PELICULAS
PERU;POSPAGO;ORO PLUS L1M;1210;AMC HD;HD;SERIES Y PELICULAS
PERU;POSPAGO;ORO PLUS L1M;1213;TNT SERIES HD;HD;SERIES Y PELICULAS
PERU;POSPAGO;ORO PLUS L1M;1214;ATRES SERIES HD;HD;SERIES Y PELICULAS
PERU;POSPAGO;ORO PLUS L1M;1215;COMEDY CENTRAL HD;HD;SERIES Y PELICULAS
PERU;POSPAGO;ORO PLUS L1M;1217;FX HD;HD;SERIES Y PELICULAS
PERU;POSPAGO;ORO PLUS L1M;1218;UNIVERSAL HD;HD;SERIES Y PELICULAS
PERU;POSPAGO;ORO PLUS L1M;1219;USA HD;HD;SERIES Y PELICULAS
PERU;POSPAGO;ORO PLUS L1M;1221;¡HOLA! TV HD;HD;HOGAR Y VARIEDADES
PERU;POSPAGO;ORO PLUS L1M;1222;E! HD;HD;HOGAR Y VARIEDADES
PERU;POSPAGO;ORO PLUS L1M;1223;ID HD;HD;CIENCIA Y CULTURA
PERU;POSPAGO;ORO PLUS L1M;1228;LIFETIME HD;HD;SERIES Y PELICULAS
PERU;POSPAGO;ORO PLUS L1M;1229;DISCOVERY HOME & HEALTH HD;HD;HOGAR Y VARIEDADES
PERU;POSPAGO;ORO PLUS L1M;1232;EL GOURMET;HD;GASTRONÓMICO
PERU;POSPAGO;ORO PLUS L1M;1233;FOOD NETWORK HD;HD;GASTRONÓMICO
PERU;POSPAGO;ORO PLUS L1M;1234;HOME & GARDEN;HD;HOGAR Y VARIEDADES
PERU;POSPAGO;ORO PLUS L1M;1236;VEPLUS;HD;HOGAR Y VARIEDADES
PERU;POSPAGO;ORO PLUS L1M;1264;MTV HD;HD;MUSICAL
PERU;POSPAGO;ORO PLUS L1M;1265;MUSIC TOP HD;HD;MUSICAL
PERU;POSPAGO;ORO PLUS L1M;1266;TIERRA MÍA HD;HD;CIENCIA Y CULTURA
PERU;POSPAGO;ORO PLUS L1M;1273;INTI HD;HD;EDUCATIVO
PERU;POSPAGO;ORO PLUS L1M;1302;ESCUELA+;HD;EDUCATIVO
PERU;POSPAGO;ORO PLUS L1M;1304;CARTOON NETWORK HD;HD;INFANTIL
PERU;POSPAGO;ORO PLUS L1M;1308;NICKELODEON HD;HD;INFANTIL
PERU;POSPAGO;ORO PLUS L1M;1309;NICK JR. HD;HD;INFANTIL
PERU;POSPAGO;ORO PLUS L1M;1312;DISNEY CHANNEL HD;HD;INFANTIL
PERU;POSPAGO;ORO PLUS L1M;1315;DISNEY JUNIOR HD;HD;INFANTIL
PERU;POSPAGO;ORO PLUS L1M;1318;PLIM PLIM HD;HD;INFANTIL
PERU;POSPAGO;ORO PLUS L1M;1319;EL REINO INFANTIL HD;HD;INFANTIL
PERU;POSPAGO;ORO PLUS L1M;1330;DISCOVERY KIDS HD;HD;INFANTIL
PERU;POSPAGO;ORO PLUS L1M;1502;TNT HD;HD;SERIES Y PELICULAS
PERU;POSPAGO;ORO PLUS L1M;1503;GOLDEN HD;HD;SERIES Y PELICULAS
PERU;POSPAGO;ORO PLUS L1M;1506;SONY MOVIES;HD;SERIES Y PELICULAS
PERU;POSPAGO;ORO PLUS L1M;1507;CINECANAL HD;HD;SERIES Y PELICULAS
PERU;POSPAGO;ORO PLUS L1M;1508;STUDIO UNIVERSAL HD;HD;SERIES Y PELICULAS
PERU;POSPAGO;ORO PLUS L1M;1509;CINEMAX HD;HD;SERIES Y PELICULAS
PERU;POSPAGO;ORO PLUS L1M;1510;MÓRBIDO TV HD;HD;SERIES Y PELICULAS
PERU;POSPAGO;ORO PLUS L1M;1513;DHE HD;HD;SERIES Y PELICULAS
PERU;POSPAGO;ORO PLUS L1M;1518;SPACE HD;HD;SERIES Y PELICULAS
PERU;POSPAGO;ORO PLUS L1M;1603;L1;HD;DEPORTES
PERU;POSPAGO;ORO PLUS L1M;1604;L1M;HD;DEPORTES
PERU;POSPAGO;ORO PLUS L1M;1610;DSPORTS HD;HD;DEPORTES
PERU;POSPAGO;ORO PLUS L1M;1612;DSPORTS 2 HD;HD;DEPORTES
PERU;POSPAGO;ORO PLUS L1M;1613;DSPORTS + HD;HD;DEPORTES
PERU;POSPAGO;ORO PLUS L1M;1621;ESPN HD;HD;DEPORTES
PERU;POSPAGO;ORO PLUS L1M;1622;ESPN 2 HD;HD;DEPORTES
PERU;POSPAGO;ORO PLUS L1M;1623;ESPN 3 HD;HD;DEPORTES
PERU;POSPAGO;ORO PLUS L1M;1624;ESPN 4 HD;HD;DEPORTES
PERU;POSPAGO;ORO PLUS L1M;1625;ESPN 5;HD;DEPORTES
PERU;POSPAGO;ORO PLUS L1M;1626;ESPN 6;HD;DEPORTES
PERU;POSPAGO;ORO PLUS L1M;1627;ESPN 7 HD;HD;DEPORTES
PERU;POSPAGO;ORO PLUS L1M;1628;GOLF CHANNEL HD;HD;DEPORTES
PERU;POSPAGO;ORO PLUS L1M;1629;TYC SPORTS;HD;DEPORTES
PERU;POSPAGO;ORO PLUS L1M;1639;PX SPORTS;HD;DEPORTES
PERU;POSPAGO;ORO PLUS L1M;1700;DNEWS;HD;NOTICIAS
PERU;POSPAGO;ORO PLUS L1M;1730;NATIONAL GEOGRAPHIC HD;HD;CIENCIA Y CULTURA
PERU;POSPAGO;ORO PLUS L1M;1731;DISCOVERY THEATER HD;HD;CIENCIA Y CULTURA
PERU;POSPAGO;ORO PLUS L1M;1732;DISCOVERY HD;HD;CIENCIA Y CULTURA
PERU;POSPAGO;ORO PLUS L1M;1734;ANIMAL PLANET HD;HD;CIENCIA Y CULTURA
PERU;POSPAGO;ORO PLUS L1M;1738;DISCOVERY WORLD HD;HD;CIENCIA Y CULTURA
PERU;POSPAGO;ORO PLUS L1M;1740;TLC;HD;HOGAR Y VARIEDADES
PERU;POSPAGO;ORO PLUS L1M;1742;HISTORY HD;HD;CIENCIA Y CULTURA
PERU;POSPAGO;ORO PLUS L1M;1744;HISTORY 2 HD;HD;CIENCIA Y CULTURA
PERU;POSPAGO;ORO PLUS L1M;1750;ENCUENTRO INTERNACIONAL HD;HD;EDUCATIVO
PERU;POSPAGO;ORO PLUS L1M;1762;ANTENA 3 HD;HD;NACIONAL
PERU;POSPAGO;ORO PLUS L1M;1764;FRANCE 24 HD;HD;NOTICIAS
PERU;POSPAGO;ORO PLUS;100;CANAL 100;SD;INFORMATIVO
PERU;POSPAGO;ORO PLUS;100;INFORMACIÓN DIRECTV;SD;INFORMATIVO
PERU;POSPAGO;ORO PLUS;127;DSHOW;SD;HOGAR Y VARIEDADES
PERU;POSPAGO;ORO PLUS;190;EXITOSA;SD;NOTICIAS
PERU;POSPAGO;ORO PLUS;192;LATINA;SD;NACIONAL
PERU;POSPAGO;ORO PLUS;193;EL CONGRESO;SD;INFORMATIVO
PERU;POSPAGO;ORO PLUS;194;AMÉRICA TELEVISION;SD;NACIONAL
PERU;POSPAGO;ORO PLUS;195;PANAMERICANA;SD;NACIONAL
PERU;POSPAGO;ORO PLUS;196;ATV+;SD;NOTICIAS
PERU;POSPAGO;ORO PLUS;197;TV PERÚ;SD;NACIONAL
PERU;POSPAGO;ORO PLUS;198;GLOBAL;SD;NACIONAL
PERU;POSPAGO;ORO PLUS;199;ATV;SD;NACIONAL
PERU;POSPAGO;ORO PLUS;202;STAR CHANNEL;SD;SERIES Y PELICULAS
PERU;POSPAGO;ORO PLUS;206;WARNER;SD;SERIES Y PELICULAS
PERU;POSPAGO;ORO PLUS;207;A&E MUNDO;SD;SERIES Y PELICULAS
PERU;POSPAGO;ORO PLUS;208;SONY;SD;SERIES Y PELICULAS
PERU;POSPAGO;ORO PLUS;209;AXN;SD;SERIES Y PELICULAS
PERU;POSPAGO;ORO PLUS;210;AMC;SD;SERIES Y PELICULAS
PERU;POSPAGO;ORO PLUS;213;TNT SERIES;SD;SERIES Y PELICULAS
PERU;POSPAGO;ORO PLUS;214;ATRES SERIES;SD;SERIES Y PELICULAS
PERU;POSPAGO;ORO PLUS;215;COMEDY CENTRAL;SD;SERIES Y PELICULAS
PERU;POSPAGO;ORO PLUS;216;TNT NOVELAS;SD;TELENOVELAS
PERU;POSPAGO;ORO PLUS;217;FX;SD;SERIES Y PELICULAS
PERU;POSPAGO;ORO PLUS;218;UNIVERSAL;SD;SERIES Y PELICULAS
PERU;POSPAGO;ORO PLUS;219;USA;SD;SERIES Y PELICULAS
PERU;POSPAGO;ORO PLUS;220;ADULT SWIM;SD;INFANTIL
PERU;POSPAGO;ORO PLUS;221;¡HOLA! TV;SD;HOGAR Y VARIEDADES
PERU;POSPAGO;ORO PLUS;222;E!;SD;HOGAR Y VARIEDADES
PERU;POSPAGO;ORO PLUS;223;ID;SD;CIENCIA Y CULTURA
PERU;POSPAGO;ORO PLUS;226;LAS ESTRELLAS;SD;NACIONAL
PERU;POSPAGO;ORO PLUS;227;TL NOVELAS;SD;TELENOVELAS
PERU;POSPAGO;ORO PLUS;228;LIFETIME;SD;SERIES Y PELICULAS
PERU;POSPAGO;ORO PLUS;229;DISCOVERY HOME & HEALTH;SD;HOGAR Y VARIEDADES
PERU;POSPAGO;ORO PLUS;230;AMC SERIES;SD;SERIES Y PELICULAS
PERU;POSPAGO;ORO PLUS;231;TELEMUNDO;SD;TELENOVELAS
PERU;POSPAGO;ORO PLUS;232;EL GOURMET;SD;GASTRONÓMICO
PERU;POSPAGO;ORO PLUS;233;FOOD NETWORK;SD;GASTRONÓMICO
PERU;POSPAGO;ORO PLUS;240;CARAS TV;SD;HOGAR Y VARIEDADES
PERU;POSPAGO;ORO PLUS;264;MTV;SD;MUSICAL
PERU;POSPAGO;ORO PLUS;269;QUIERO MÚSICA EN MI IDIOMA;SD;MUSICAL
PERU;POSPAGO;ORO PLUS;304;CARTOON NETWORK;SD;INFANTIL
PERU;POSPAGO;ORO PLUS;308;NICKELODEON;SD;INFANTIL
PERU;POSPAGO;ORO PLUS;309;NICK JR.;SD;INFANTIL
PERU;POSPAGO;ORO PLUS;312;DISNEY CHANNEL;SD;INFANTIL
PERU;POSPAGO;ORO PLUS;315;DISNEY JUNIOR;SD;INFANTIL
PERU;POSPAGO;ORO PLUS;317;BABY TV HD;SD;INFANTIL
PERU;POSPAGO;ORO PLUS;318;PLIM PLIM;SD;INFANTIL
PERU;POSPAGO;ORO PLUS;319;EL REINO INFANTIL;SD;INFANTIL
PERU;POSPAGO;ORO PLUS;330;DISCOVERY KIDS;SD;INFANTIL
PERU;POSPAGO;ORO PLUS;334;CARTOONITO;SD;INFANTIL
PERU;POSPAGO;ORO PLUS;350;EWTN;SD;RELIGIOSO
PERU;POSPAGO;ORO PLUS;351;ORBE 21;SD;RELIGIOSO
PERU;POSPAGO;ORO PLUS;352;TBN ENLACE;SD;RELIGIOSO
PERU;POSPAGO;ORO PLUS;354;CANAL LUZ;SD;RELIGIOSO
PERU;POSPAGO;ORO PLUS;502;TNT;SD;SERIES Y PELICULAS
PERU;POSPAGO;ORO PLUS;503;GOLDEN;SD;SERIES Y PELICULAS
PERU;POSPAGO;ORO PLUS;506;SONY MOVIES;SD;SERIES Y PELICULAS
PERU;POSPAGO;ORO PLUS;507;CINECANAL;SD;SERIES Y PELICULAS
PERU;POSPAGO;ORO PLUS;508;STUDIO UNIVERSAL;SD;SERIES Y PELICULAS
PERU;POSPAGO;ORO PLUS;509;CINEMAX;SD;SERIES Y PELICULAS
PERU;POSPAGO;ORO PLUS;510;MÓRBIDO TV;SD;SERIES Y PELICULAS
PERU;POSPAGO;ORO PLUS;513;DHE;SD;SERIES Y PELICULAS
PERU;POSPAGO;ORO PLUS;516;DE PELÍCULA;SD;SERIES Y PELICULAS
PERU;POSPAGO;ORO PLUS;517;GOLDEN EDGE;SD;SERIES Y PELICULAS
PERU;POSPAGO;ORO PLUS;518;SPACE;SD;SERIES Y PELICULAS
PERU;POSPAGO;ORO PLUS;603;L1;SD;DEPORTES
PERU;POSPAGO;ORO PLUS;604;L1M;SD;DEPORTES
PERU;POSPAGO;ORO PLUS;610;DSPORTS;SD;DEPORTES
PERU;POSPAGO;ORO PLUS;612;DSPORTS 2;SD;DEPORTES
PERU;POSPAGO;ORO PLUS;613;DSPORTS +;SD;DEPORTES
PERU;POSPAGO;ORO PLUS;621;ESPN;SD;DEPORTES
PERU;POSPAGO;ORO PLUS;622;ESPN 2;SD;DEPORTES
PERU;POSPAGO;ORO PLUS;623;ESPN 3;SD;DEPORTES
PERU;POSPAGO;ORO PLUS;625;ESPN 5;SD;DEPORTES
PERU;POSPAGO;ORO PLUS;626;ESPN 6;SD;DEPORTES
PERU;POSPAGO;ORO PLUS;627;ESPN 7;SD;DEPORTES
PERU;POSPAGO;ORO PLUS;628;GOLF CHANNEL LATIN AMERICA;SD;DEPORTES
PERU;POSPAGO;ORO PLUS;629;TYC SPORTS;SD;DEPORTES
PERU;POSPAGO;ORO PLUS;700;DNEWS;SD;NOTICIAS
PERU;POSPAGO;ORO PLUS;704;CNN EN ESPAÑOL;SD;NOTICIAS
PERU;POSPAGO;ORO PLUS;706;CNN INTERNATIONAL;SD;NOTICIAS
PERU;POSPAGO;ORO PLUS;707;CNN CHILE;SD;NOTICIAS
PERU;POSPAGO;ORO PLUS;708;TVN 24 HORAS;SD;NOTICIAS
PERU;POSPAGO;ORO PLUS;710;BLOOMBERG;SD;NOTICIAS
PERU;POSPAGO;ORO PLUS;715;AMÉRICA;SD;NACIONAL
PERU;POSPAGO;ORO PLUS;716;TODO NOTICIAS;SD;NOTICIAS
PERU;POSPAGO;ORO PLUS;720;26NOTICIAS;SD;NOTICIAS
PERU;POSPAGO;ORO PLUS;725;NTN 24;SD;NOTICIAS
PERU;POSPAGO;ORO PLUS;726;CANAL RURAL;SD;EDUCATIVO
PERU;POSPAGO;ORO PLUS;727;CABLE NOTICIAS;SD;NOTICIAS
PERU;POSPAGO;ORO PLUS;730;NATIONAL GEOGRAPHIC;SD;CIENCIA Y CULTURA
PERU;POSPAGO;ORO PLUS;732;DISCOVERY;SD;CIENCIA Y CULTURA
PERU;POSPAGO;ORO PLUS;734;ANIMAL PLANET;SD;CIENCIA Y CULTURA
PERU;POSPAGO;ORO PLUS;736;DISCOVERY TURBO;SD;HOGAR Y VARIEDADES
PERU;POSPAGO;ORO PLUS;740;TLC;SD;HOGAR Y VARIEDADES
PERU;POSPAGO;ORO PLUS;742;HISTORY;SD;CIENCIA Y CULTURA
PERU;POSPAGO;ORO PLUS;744;HISTORY 2;SD;CIENCIA Y CULTURA
PERU;POSPAGO;ORO PLUS;760;UNIVISION;SD;NACIONAL
PERU;POSPAGO;ORO PLUS;762;ANTENA 3;SD;NACIONAL
PERU;POSPAGO;ORO PLUS;764;FRANCE 24;SD;NOTICIAS
PERU;POSPAGO;ORO PLUS;766;RAI ITALIA;SD;NACIONAL
PERU;POSPAGO;ORO PLUS;768;BBC WORLD NEWS;SD;NOTICIAS
PERU;POSPAGO;ORO PLUS;770;DW LATINOAMÉRICA;SD;NOTICIAS
PERU;POSPAGO;ORO PLUS;772;CARACOL;SD;NACIONAL
PERU;POSPAGO;ORO PLUS;773;EL TIEMPO;SD;NOTICIAS
PERU;POSPAGO;ORO PLUS;774;TV CHILE;SD;NACIONAL
PERU;POSPAGO;ORO PLUS;775;RCN NUESTRA TELE;SD;NACIONAL
PERU;POSPAGO;ORO PLUS;776;GLOBO INTERNACIONAL;SD;NACIONAL
PERU;POSPAGO;ORO PLUS;778;RTP INTERNACIONAL;SD;NACIONAL
PERU;POSPAGO;ORO PLUS;782;NHK WORLD;SD;NOTICIAS
PERU;POSPAGO;ORO PLUS;784;EL TRECE;SD;NACIONAL
PERU;POSPAGO;ORO PLUS;786;TELEFE INTERNACIONAL;SD;NACIONAL
PERU;POSPAGO;ORO PLUS;790;CGTN ESPAÑOL;SD;NOTICIAS
PERU;POSPAGO;ORO PLUS;804;ESCUELA+;SD;EDUCATIVO
PERU;POSPAGO;ORO PLUS;901;DSPORTS RADIO;RADIO;DEPORTES
PERU;POSPAGO;ORO PLUS;980;UNIÓN RADIO NOTICIAS;RADIO;AUDIO
PERU;POSPAGO;ORO PLUS;982;RADIO CARACOL;RADIO;AUDIO
PERU;POSPAGO;ORO PLUS;984;RADIO FRANCE INTERNACIONAL;RADIO;AUDIO
PERU;POSPAGO;ORO PLUS;986;RADIO OXIGENO;RADIO;AUDIO
PERU;POSPAGO;ORO PLUS;987;RADIO STUDIO 92;RADIO;AUDIO
PERU;POSPAGO;ORO PLUS;988;RADIO MODA;RADIO;AUDIO
PERU;POSPAGO;ORO PLUS;992;RADIO ALERTA BOGOTÁ;RADIO;AUDIO
PERU;POSPAGO;ORO PLUS;993;RADIO W;RADIO;AUDIO
PERU;POSPAGO;ORO PLUS;1127;DSHOW;HD;HOGAR Y VARIEDADES
PERU;POSPAGO;ORO PLUS;1189;RPP;HD;NOTICIAS
PERU;POSPAGO;ORO PLUS;1190;TV PERÚ NOTICIAS HD;HD;NOTICIAS
PERU;POSPAGO;ORO PLUS;1191;WILLAX HD;HD;DEPORTES
PERU;POSPAGO;ORO PLUS;1192;LATINA HD;HD;NACIONAL
PERU;POSPAGO;ORO PLUS;1193;A LA COCINA;HD;GASTRONÓMICO
PERU;POSPAGO;ORO PLUS;1194;AMÉRICA TELEVISION HD;HD;NACIONAL
PERU;POSPAGO;ORO PLUS;1195;PANAMERICANA HD;HD;NACIONAL
PERU;POSPAGO;ORO PLUS;1196;ATV+;HD;NOTICIAS
PERU;POSPAGO;ORO PLUS;1197;TV PERÚ HD;HD;NACIONAL
PERU;POSPAGO;ORO PLUS;1198;GLOBAL HD;HD;NACIONAL
PERU;POSPAGO;ORO PLUS;1199;ATV9 HD;HD;NACIONAL
PERU;POSPAGO;ORO PLUS;1204;STAR CHANNEL HD;HD;SERIES Y PELICULAS
PERU;POSPAGO;ORO PLUS;1206;WARNER HD;HD;SERIES Y PELICULAS
PERU;POSPAGO;ORO PLUS;1207;A&E MUNDO HD;HD;SERIES Y PELICULAS
PERU;POSPAGO;ORO PLUS;1208;SONY HD;HD;SERIES Y PELICULAS
PERU;POSPAGO;ORO PLUS;1209;AXN HD;HD;SERIES Y PELICULAS
PERU;POSPAGO;ORO PLUS;1210;AMC HD;HD;SERIES Y PELICULAS
PERU;POSPAGO;ORO PLUS;1213;TNT SERIES HD;HD;SERIES Y PELICULAS
PERU;POSPAGO;ORO PLUS;1214;ATRES SERIES HD;HD;SERIES Y PELICULAS
PERU;POSPAGO;ORO PLUS;1215;COMEDY CENTRAL HD;HD;SERIES Y PELICULAS
PERU;POSPAGO;ORO PLUS;1217;FX HD;HD;SERIES Y PELICULAS
PERU;POSPAGO;ORO PLUS;1218;UNIVERSAL HD;HD;SERIES Y PELICULAS
PERU;POSPAGO;ORO PLUS;1219;USA HD;HD;SERIES Y PELICULAS
PERU;POSPAGO;ORO PLUS;1221;¡HOLA! TV HD;HD;HOGAR Y VARIEDADES
PERU;POSPAGO;ORO PLUS;1222;E! HD;HD;HOGAR Y VARIEDADES
PERU;POSPAGO;ORO PLUS;1223;ID HD;HD;CIENCIA Y CULTURA
PERU;POSPAGO;ORO PLUS;1228;LIFETIME HD;HD;SERIES Y PELICULAS
PERU;POSPAGO;ORO PLUS;1229;DISCOVERY HOME & HEALTH HD;HD;HOGAR Y VARIEDADES
PERU;POSPAGO;ORO PLUS;1232;EL GOURMET;HD;GASTRONÓMICO
PERU;POSPAGO;ORO PLUS;1233;FOOD NETWORK HD;HD;GASTRONÓMICO
PERU;POSPAGO;ORO PLUS;1234;HOME & GARDEN;HD;HOGAR Y VARIEDADES
PERU;POSPAGO;ORO PLUS;1236;VEPLUS;HD;HOGAR Y VARIEDADES
PERU;POSPAGO;ORO PLUS;1264;MTV HD;HD;MUSICAL
PERU;POSPAGO;ORO PLUS;1265;MUSIC TOP HD;HD;MUSICAL
PERU;POSPAGO;ORO PLUS;1266;TIERRA MÍA HD;HD;CIENCIA Y CULTURA
PERU;POSPAGO;ORO PLUS;1273;INTI HD;HD;EDUCATIVO
PERU;POSPAGO;ORO PLUS;1302;ESCUELA+;HD;EDUCATIVO
PERU;POSPAGO;ORO PLUS;1304;CARTOON NETWORK HD;HD;INFANTIL
PERU;POSPAGO;ORO PLUS;1308;NICKELODEON HD;HD;INFANTIL
PERU;POSPAGO;ORO PLUS;1309;NICK JR. HD;HD;INFANTIL
PERU;POSPAGO;ORO PLUS;1312;DISNEY CHANNEL HD;HD;INFANTIL
PERU;POSPAGO;ORO PLUS;1315;DISNEY JUNIOR HD;HD;INFANTIL
PERU;POSPAGO;ORO PLUS;1318;PLIM PLIM HD;HD;INFANTIL
PERU;POSPAGO;ORO PLUS;1319;EL REINO INFANTIL HD;HD;INFANTIL
PERU;POSPAGO;ORO PLUS;1330;DISCOVERY KIDS HD;HD;INFANTIL
PERU;POSPAGO;ORO PLUS;1502;TNT HD;HD;SERIES Y PELICULAS
PERU;POSPAGO;ORO PLUS;1503;GOLDEN HD;HD;SERIES Y PELICULAS
PERU;POSPAGO;ORO PLUS;1506;SONY MOVIES;HD;SERIES Y PELICULAS
PERU;POSPAGO;ORO PLUS;1507;CINECANAL HD;HD;SERIES Y PELICULAS
PERU;POSPAGO;ORO PLUS;1508;STUDIO UNIVERSAL HD;HD;SERIES Y PELICULAS
PERU;POSPAGO;ORO PLUS;1509;CINEMAX HD;HD;SERIES Y PELICULAS
PERU;POSPAGO;ORO PLUS;1510;MÓRBIDO TV HD;HD;SERIES Y PELICULAS
PERU;POSPAGO;ORO PLUS;1513;DHE HD;HD;SERIES Y PELICULAS
PERU;POSPAGO;ORO PLUS;1518;SPACE HD;HD;SERIES Y PELICULAS
PERU;POSPAGO;ORO PLUS;1603;L1;HD;DEPORTES
PERU;POSPAGO;ORO PLUS;1604;L1M;HD;DEPORTES
PERU;POSPAGO;ORO PLUS;1610;DSPORTS HD;HD;DEPORTES
PERU;POSPAGO;ORO PLUS;1612;DSPORTS 2 HD;HD;DEPORTES
PERU;POSPAGO;ORO PLUS;1613;DSPORTS + HD;HD;DEPORTES
PERU;POSPAGO;ORO PLUS;1621;ESPN HD;HD;DEPORTES
PERU;POSPAGO;ORO PLUS;1622;ESPN 2 HD;HD;DEPORTES
PERU;POSPAGO;ORO PLUS;1623;ESPN 3 HD;HD;DEPORTES
PERU;POSPAGO;ORO PLUS;1624;ESPN 4 HD;HD;DEPORTES
PERU;POSPAGO;ORO PLUS;1625;ESPN 5;HD;DEPORTES
PERU;POSPAGO;ORO PLUS;1626;ESPN 6;HD;DEPORTES
PERU;POSPAGO;ORO PLUS;1627;ESPN 7 HD;HD;DEPORTES
PERU;POSPAGO;ORO PLUS;1628;GOLF CHANNEL HD;HD;DEPORTES
PERU;POSPAGO;ORO PLUS;1629;TYC SPORTS;HD;DEPORTES
PERU;POSPAGO;ORO PLUS;1639;PX SPORTS;HD;DEPORTES
PERU;POSPAGO;ORO PLUS;1700;DNEWS;HD;NOTICIAS
PERU;POSPAGO;ORO PLUS;1730;NATIONAL GEOGRAPHIC HD;HD;CIENCIA Y CULTURA
PERU;POSPAGO;ORO PLUS;1731;DISCOVERY THEATER HD;HD;CIENCIA Y CULTURA
PERU;POSPAGO;ORO PLUS;1732;DISCOVERY HD;HD;CIENCIA Y CULTURA
PERU;POSPAGO;ORO PLUS;1734;ANIMAL PLANET HD;HD;CIENCIA Y CULTURA
PERU;POSPAGO;ORO PLUS;1738;DISCOVERY WORLD HD;HD;CIENCIA Y CULTURA
PERU;POSPAGO;ORO PLUS;1740;TLC;HD;HOGAR Y VARIEDADES
PERU;POSPAGO;ORO PLUS;1742;HISTORY HD;HD;CIENCIA Y CULTURA
PERU;POSPAGO;ORO PLUS;1744;HISTORY 2 HD;HD;CIENCIA Y CULTURA
PERU;POSPAGO;ORO PLUS;1750;ENCUENTRO INTERNACIONAL HD;HD;EDUCATIVO
PERU;POSPAGO;ORO PLUS;1762;ANTENA 3 HD;HD;NACIONAL
PERU;POSPAGO;ORO PLUS;1764;FRANCE 24 HD;HD;NOTICIAS
PERU;POSPAGO;ORO;100;CANAL 100;SD;INFORMATIVO
PERU;POSPAGO;ORO;100;INFORMACIÓN DIRECTV;SD;INFORMATIVO
PERU;POSPAGO;ORO;127;DSHOW;SD;HOGAR Y VARIEDADES
PERU;POSPAGO;ORO;190;EXITOSA;SD;NOTICIAS
PERU;POSPAGO;ORO;192;LATINA;SD;NACIONAL
PERU;POSPAGO;ORO;193;EL CONGRESO;SD;INFORMATIVO
PERU;POSPAGO;ORO;194;AMÉRICA TELEVISION;SD;NACIONAL
PERU;POSPAGO;ORO;195;PANAMERICANA;SD;NACIONAL
PERU;POSPAGO;ORO;196;ATV+;SD;NOTICIAS
PERU;POSPAGO;ORO;197;TV PERÚ;SD;NACIONAL
PERU;POSPAGO;ORO;198;GLOBAL;SD;NACIONAL
PERU;POSPAGO;ORO;199;ATV;SD;NACIONAL
PERU;POSPAGO;ORO;202;STAR CHANNEL;SD;SERIES Y PELICULAS
PERU;POSPAGO;ORO;206;WARNER;SD;SERIES Y PELICULAS
PERU;POSPAGO;ORO;207;A&E MUNDO;SD;SERIES Y PELICULAS
PERU;POSPAGO;ORO;208;SONY;SD;SERIES Y PELICULAS
PERU;POSPAGO;ORO;209;AXN;SD;SERIES Y PELICULAS
PERU;POSPAGO;ORO;210;AMC;SD;SERIES Y PELICULAS
PERU;POSPAGO;ORO;213;TNT SERIES;SD;SERIES Y PELICULAS
PERU;POSPAGO;ORO;214;ATRES SERIES;SD;SERIES Y PELICULAS
PERU;POSPAGO;ORO;216;TNT NOVELAS;SD;TELENOVELAS
PERU;POSPAGO;ORO;217;FX;SD;SERIES Y PELICULAS
PERU;POSPAGO;ORO;218;UNIVERSAL;SD;SERIES Y PELICULAS
PERU;POSPAGO;ORO;219;USA;SD;SERIES Y PELICULAS
PERU;POSPAGO;ORO;220;ADULT SWIM;SD;INFANTIL
PERU;POSPAGO;ORO;221;¡HOLA! TV;SD;HOGAR Y VARIEDADES
PERU;POSPAGO;ORO;222;E!;SD;HOGAR Y VARIEDADES
PERU;POSPAGO;ORO;223;ID;SD;CIENCIA Y CULTURA
PERU;POSPAGO;ORO;226;LAS ESTRELLAS;SD;NACIONAL
PERU;POSPAGO;ORO;227;TL NOVELAS;SD;TELENOVELAS
PERU;POSPAGO;ORO;228;LIFETIME;SD;SERIES Y PELICULAS
PERU;POSPAGO;ORO;229;DISCOVERY HOME & HEALTH;SD;HOGAR Y VARIEDADES
PERU;POSPAGO;ORO;230;AMC SERIES;SD;SERIES Y PELICULAS
PERU;POSPAGO;ORO;231;TELEMUNDO;SD;TELENOVELAS
PERU;POSPAGO;ORO;232;EL GOURMET;SD;GASTRONÓMICO
PERU;POSPAGO;ORO;233;FOOD NETWORK;SD;GASTRONÓMICO
PERU;POSPAGO;ORO;240;CARAS TV;SD;HOGAR Y VARIEDADES
PERU;POSPAGO;ORO;264;MTV;SD;MUSICAL
PERU;POSPAGO;ORO;269;QUIERO MÚSICA EN MI IDIOMA;SD;MUSICAL
PERU;POSPAGO;ORO;304;CARTOON NETWORK;SD;INFANTIL
PERU;POSPAGO;ORO;308;NICKELODEON;SD;INFANTIL
PERU;POSPAGO;ORO;309;NICK JR.;SD;INFANTIL
PERU;POSPAGO;ORO;312;DISNEY CHANNEL;SD;INFANTIL
PERU;POSPAGO;ORO;315;DISNEY JUNIOR;SD;INFANTIL
PERU;POSPAGO;ORO;318;PLIM PLIM;SD;INFANTIL
PERU;POSPAGO;ORO;319;EL REINO INFANTIL;SD;INFANTIL
PERU;POSPAGO;ORO;330;DISCOVERY KIDS;SD;INFANTIL
PERU;POSPAGO;ORO;334;CARTOONITO;SD;INFANTIL
PERU;POSPAGO;ORO;350;EWTN;SD;RELIGIOSO
PERU;POSPAGO;ORO;351;ORBE 21;SD;RELIGIOSO
PERU;POSPAGO;ORO;352;TBN ENLACE;SD;RELIGIOSO
PERU;POSPAGO;ORO;354;CANAL LUZ;SD;RELIGIOSO
PERU;POSPAGO;ORO;502;TNT;SD;SERIES Y PELICULAS
PERU;POSPAGO;ORO;503;GOLDEN;SD;SERIES Y PELICULAS
PERU;POSPAGO;ORO;506;SONY MOVIES;SD;SERIES Y PELICULAS
PERU;POSPAGO;ORO;507;CINECANAL;SD;SERIES Y PELICULAS
PERU;POSPAGO;ORO;508;STUDIO UNIVERSAL;SD;SERIES Y PELICULAS
PERU;POSPAGO;ORO;509;CINEMAX;SD;SERIES Y PELICULAS
PERU;POSPAGO;ORO;510;MÓRBIDO TV;SD;SERIES Y PELICULAS
PERU;POSPAGO;ORO;513;DHE;SD;SERIES Y PELICULAS
PERU;POSPAGO;ORO;516;DE PELÍCULA;SD;SERIES Y PELICULAS
PERU;POSPAGO;ORO;517;GOLDEN EDGE;SD;SERIES Y PELICULAS
PERU;POSPAGO;ORO;518;SPACE;SD;SERIES Y PELICULAS
PERU;POSPAGO;ORO;524;HBO;SD;SERIES Y PELICULAS
PERU;POSPAGO;ORO;603;L1;SD;DEPORTES
PERU;POSPAGO;ORO;604;L1M;SD;DEPORTES
PERU;POSPAGO;ORO;610;DSPORTS;SD;DEPORTES
PERU;POSPAGO;ORO;612;DSPORTS 2;SD;DEPORTES
PERU;POSPAGO;ORO;613;DSPORTS +;SD;DEPORTES
PERU;POSPAGO;ORO;621;ESPN;SD;DEPORTES
PERU;POSPAGO;ORO;622;ESPN 2;SD;DEPORTES
PERU;POSPAGO;ORO;623;ESPN 3;SD;DEPORTES
PERU;POSPAGO;ORO;625;ESPN 5;SD;DEPORTES
PERU;POSPAGO;ORO;626;ESPN 6;SD;DEPORTES
PERU;POSPAGO;ORO;627;ESPN 7;SD;DEPORTES
PERU;POSPAGO;ORO;628;GOLF CHANNEL LATIN AMERICA;SD;DEPORTES
PERU;POSPAGO;ORO;629;TYC SPORTS;SD;DEPORTES
PERU;POSPAGO;ORO;700;DNEWS;SD;NOTICIAS
PERU;POSPAGO;ORO;704;CNN EN ESPAÑOL;SD;NOTICIAS
PERU;POSPAGO;ORO;706;CNN INTERNATIONAL;SD;NOTICIAS
PERU;POSPAGO;ORO;707;CNN CHILE;SD;NOTICIAS
PERU;POSPAGO;ORO;708;TVN 24 HORAS;SD;NOTICIAS
PERU;POSPAGO;ORO;710;BLOOMBERG;SD;NOTICIAS
PERU;POSPAGO;ORO;716;TODO NOTICIAS;SD;NOTICIAS
PERU;POSPAGO;ORO;720;26NOTICIAS;SD;NOTICIAS
PERU;POSPAGO;ORO;725;NTN 24;SD;NOTICIAS
PERU;POSPAGO;ORO;726;CANAL RURAL;SD;EDUCATIVO
PERU;POSPAGO;ORO;727;CABLE NOTICIAS;SD;NOTICIAS
PERU;POSPAGO;ORO;730;NATIONAL GEOGRAPHIC;SD;CIENCIA Y CULTURA
PERU;POSPAGO;ORO;732;DISCOVERY;SD;CIENCIA Y CULTURA
PERU;POSPAGO;ORO;734;ANIMAL PLANET;SD;CIENCIA Y CULTURA
PERU;POSPAGO;ORO;736;DISCOVERY TURBO;SD;HOGAR Y VARIEDADES
PERU;POSPAGO;ORO;740;TLC;SD;HOGAR Y VARIEDADES
PERU;POSPAGO;ORO;742;HISTORY;SD;CIENCIA Y CULTURA
PERU;POSPAGO;ORO;744;HISTORY 2;SD;CIENCIA Y CULTURA
PERU;POSPAGO;ORO;760;UNIVISION;SD;NACIONAL
PERU;POSPAGO;ORO;762;ANTENA 3;SD;NACIONAL
PERU;POSPAGO;ORO;764;FRANCE 24;SD;NOTICIAS
PERU;POSPAGO;ORO;766;RAI ITALIA;SD;NACIONAL
PERU;POSPAGO;ORO;768;BBC WORLD NEWS;SD;NOTICIAS
PERU;POSPAGO;ORO;770;DW LATINOAMÉRICA;SD;NOTICIAS
PERU;POSPAGO;ORO;772;CARACOL;SD;NACIONAL
PERU;POSPAGO;ORO;773;EL TIEMPO;SD;NOTICIAS
PERU;POSPAGO;ORO;774;TV CHILE;SD;NACIONAL
PERU;POSPAGO;ORO;775;RCN NUESTRA TELE;SD;NACIONAL
PERU;POSPAGO;ORO;776;GLOBO INTERNACIONAL;SD;NACIONAL
PERU;POSPAGO;ORO;778;RTP INTERNACIONAL;SD;NACIONAL
PERU;POSPAGO;ORO;782;NHK WORLD;SD;NOTICIAS
PERU;POSPAGO;ORO;784;EL TRECE;SD;NACIONAL
PERU;POSPAGO;ORO;786;TELEFE INTERNACIONAL;SD;NACIONAL
PERU;POSPAGO;ORO;790;CGTN ESPAÑOL;SD;NOTICIAS
PERU;POSPAGO;ORO;804;ESCUELA+;SD;EDUCATIVO
PERU;POSPAGO;ORO;901;DSPORTS RADIO;RADIO;DEPORTES
PERU;POSPAGO;ORO;980;UNIÓN RADIO NOTICIAS;RADIO;AUDIO
PERU;POSPAGO;ORO;982;RADIO CARACOL;RADIO;AUDIO
PERU;POSPAGO;ORO;984;RADIO FRANCE INTERNACIONAL;RADIO;AUDIO
PERU;POSPAGO;ORO;986;RADIO OXIGENO;RADIO;AUDIO
PERU;POSPAGO;ORO;987;RADIO STUDIO 92;RADIO;AUDIO
PERU;POSPAGO;ORO;988;RADIO MODA;RADIO;AUDIO
PERU;POSPAGO;ORO;992;RADIO ALERTA BOGOTÁ;RADIO;AUDIO
PERU;POSPAGO;ORO;993;RADIO W;RADIO;AUDIO
PERU;POSPAGO;PAQUETE VIP (HD);100;CANAL 100;SD;INFORMATIVO
PERU;POSPAGO;PAQUETE VIP (HD);100;INFORMACIÓN DIRECTV;SD;INFORMATIVO
PERU;POSPAGO;PAQUETE VIP (HD);127;DSHOW;SD;HOGAR Y VARIEDADES
PERU;POSPAGO;PAQUETE VIP (HD);190;EXITOSA;SD;NOTICIAS
PERU;POSPAGO;PAQUETE VIP (HD);192;LATINA;SD;NACIONAL
PERU;POSPAGO;PAQUETE VIP (HD);193;EL CONGRESO;SD;INFORMATIVO
PERU;POSPAGO;PAQUETE VIP (HD);194;AMÉRICA TELEVISION;SD;NACIONAL
PERU;POSPAGO;PAQUETE VIP (HD);195;PANAMERICANA;SD;NACIONAL
PERU;POSPAGO;PAQUETE VIP (HD);196;ATV+;SD;NOTICIAS
PERU;POSPAGO;PAQUETE VIP (HD);197;TV PERÚ;SD;NACIONAL
PERU;POSPAGO;PAQUETE VIP (HD);198;GLOBAL;SD;NACIONAL
PERU;POSPAGO;PAQUETE VIP (HD);199;ATV;SD;NACIONAL
PERU;POSPAGO;PAQUETE VIP (HD);202;STAR CHANNEL;SD;SERIES Y PELICULAS
PERU;POSPAGO;PAQUETE VIP (HD);206;WARNER;SD;SERIES Y PELICULAS
PERU;POSPAGO;PAQUETE VIP (HD);207;A&E MUNDO;SD;SERIES Y PELICULAS
PERU;POSPAGO;PAQUETE VIP (HD);208;SONY;SD;SERIES Y PELICULAS
PERU;POSPAGO;PAQUETE VIP (HD);209;AXN;SD;SERIES Y PELICULAS
PERU;POSPAGO;PAQUETE VIP (HD);210;AMC;SD;SERIES Y PELICULAS
PERU;POSPAGO;PAQUETE VIP (HD);213;TNT SERIES;SD;SERIES Y PELICULAS
PERU;POSPAGO;PAQUETE VIP (HD);214;ATRES SERIES;SD;SERIES Y PELICULAS
PERU;POSPAGO;PAQUETE VIP (HD);216;TNT NOVELAS;SD;TELENOVELAS
PERU;POSPAGO;PAQUETE VIP (HD);217;FX;SD;SERIES Y PELICULAS
PERU;POSPAGO;PAQUETE VIP (HD);218;UNIVERSAL;SD;SERIES Y PELICULAS
PERU;POSPAGO;PAQUETE VIP (HD);219;USA;SD;SERIES Y PELICULAS
PERU;POSPAGO;PAQUETE VIP (HD);220;ADULT SWIM;SD;INFANTIL
PERU;POSPAGO;PAQUETE VIP (HD);221;¡HOLA! TV;SD;HOGAR Y VARIEDADES
PERU;POSPAGO;PAQUETE VIP (HD);222;E!;SD;HOGAR Y VARIEDADES
PERU;POSPAGO;PAQUETE VIP (HD);223;ID;SD;CIENCIA Y CULTURA
PERU;POSPAGO;PAQUETE VIP (HD);226;LAS ESTRELLAS;SD;NACIONAL
PERU;POSPAGO;PAQUETE VIP (HD);227;TL NOVELAS;SD;TELENOVELAS
PERU;POSPAGO;PAQUETE VIP (HD);228;LIFETIME;SD;SERIES Y PELICULAS
PERU;POSPAGO;PAQUETE VIP (HD);229;DISCOVERY HOME & HEALTH;SD;HOGAR Y VARIEDADES
PERU;POSPAGO;PAQUETE VIP (HD);230;AMC SERIES;SD;SERIES Y PELICULAS
PERU;POSPAGO;PAQUETE VIP (HD);231;TELEMUNDO;SD;TELENOVELAS
PERU;POSPAGO;PAQUETE VIP (HD);232;EL GOURMET;SD;GASTRONÓMICO
PERU;POSPAGO;PAQUETE VIP (HD);233;FOOD NETWORK;SD;GASTRONÓMICO
PERU;POSPAGO;PAQUETE VIP (HD);240;CARAS TV;SD;HOGAR Y VARIEDADES
PERU;POSPAGO;PAQUETE VIP (HD);264;MTV;SD;MUSICAL
PERU;POSPAGO;PAQUETE VIP (HD);269;QUIERO MÚSICA EN MI IDIOMA;SD;MUSICAL
PERU;POSPAGO;PAQUETE VIP (HD);304;CARTOON NETWORK;SD;INFANTIL
PERU;POSPAGO;PAQUETE VIP (HD);308;NICKELODEON;SD;INFANTIL
PERU;POSPAGO;PAQUETE VIP (HD);309;NICK JR.;SD;INFANTIL
PERU;POSPAGO;PAQUETE VIP (HD);312;DISNEY CHANNEL;SD;INFANTIL
PERU;POSPAGO;PAQUETE VIP (HD);315;DISNEY JUNIOR;SD;INFANTIL
PERU;POSPAGO;PAQUETE VIP (HD);318;PLIM PLIM;SD;INFANTIL
PERU;POSPAGO;PAQUETE VIP (HD);319;EL REINO INFANTIL;SD;INFANTIL
PERU;POSPAGO;PAQUETE VIP (HD);330;DISCOVERY KIDS;SD;INFANTIL
PERU;POSPAGO;PAQUETE VIP (HD);334;CARTOONITO;SD;INFANTIL
PERU;POSPAGO;PAQUETE VIP (HD);350;EWTN;SD;RELIGIOSO
PERU;POSPAGO;PAQUETE VIP (HD);351;ORBE 21;SD;RELIGIOSO
PERU;POSPAGO;PAQUETE VIP (HD);352;TBN ENLACE;SD;RELIGIOSO
PERU;POSPAGO;PAQUETE VIP (HD);354;CANAL LUZ;SD;RELIGIOSO
PERU;POSPAGO;PAQUETE VIP (HD);502;TNT;SD;SERIES Y PELICULAS
PERU;POSPAGO;PAQUETE VIP (HD);503;GOLDEN;SD;SERIES Y PELICULAS
PERU;POSPAGO;PAQUETE VIP (HD);506;SONY MOVIES;SD;SERIES Y PELICULAS
PERU;POSPAGO;PAQUETE VIP (HD);507;CINECANAL;SD;SERIES Y PELICULAS
PERU;POSPAGO;PAQUETE VIP (HD);508;STUDIO UNIVERSAL;SD;SERIES Y PELICULAS
PERU;POSPAGO;PAQUETE VIP (HD);509;CINEMAX;SD;SERIES Y PELICULAS
PERU;POSPAGO;PAQUETE VIP (HD);510;MÓRBIDO TV;SD;SERIES Y PELICULAS
PERU;POSPAGO;PAQUETE VIP (HD);513;DHE;SD;SERIES Y PELICULAS
PERU;POSPAGO;PAQUETE VIP (HD);516;DE PELÍCULA;SD;SERIES Y PELICULAS
PERU;POSPAGO;PAQUETE VIP (HD);517;GOLDEN EDGE;SD;SERIES Y PELICULAS
PERU;POSPAGO;PAQUETE VIP (HD);518;SPACE;SD;SERIES Y PELICULAS
PERU;POSPAGO;PAQUETE VIP (HD);524;HBO;SD;SERIES Y PELICULAS
PERU;POSPAGO;PAQUETE VIP (HD);525;HBO 2;SD;SERIES Y PELICULAS
PERU;POSPAGO;PAQUETE VIP (HD);526;HBO PLUS;SD;SERIES Y PELICULAS
PERU;POSPAGO;PAQUETE VIP (HD);528;HBO SIGNATURE;SD;SERIES Y PELICULAS
PERU;POSPAGO;PAQUETE VIP (HD);534;HBO FAMILY;SD;SERIES Y PELICULAS
PERU;POSPAGO;PAQUETE VIP (HD);540;HBO MUNDI;SD;SERIES Y PELICULAS
PERU;POSPAGO;PAQUETE VIP (HD);541;HBO POP;SD;SERIES Y PELICULAS
PERU;POSPAGO;PAQUETE VIP (HD);542;HBO XTREME;SD;SERIES Y PELICULAS
PERU;POSPAGO;PAQUETE VIP (HD);571;UNIVERSAL PREMIERE ESTE;SD;SERIES Y PELICULAS
PERU;POSPAGO;PAQUETE VIP (HD);572;UNIVERSAL CINEMA;SD;SERIES Y PELICULAS
PERU;POSPAGO;PAQUETE VIP (HD);573;UNIVERSAL COMEDY;SD;SERIES Y PELICULAS
PERU;POSPAGO;PAQUETE VIP (HD);574;UNIVERSAL CRIME ESTE;SD;SERIES Y PELICULAS
PERU;POSPAGO;PAQUETE VIP (HD);575;UNIVERSAL REALITY;SD;HOGAR Y VARIEDADES
PERU;POSPAGO;PAQUETE VIP (HD);576;UNIVERSAL PREMIERE OESTE;SD;SERIES Y PELICULAS
PERU;POSPAGO;PAQUETE VIP (HD);577;UNIVERSAL CINEMA OESTE;SD;SERIES Y PELICULAS
PERU;POSPAGO;PAQUETE VIP (HD);603;L1;SD;DEPORTES
PERU;POSPAGO;PAQUETE VIP (HD);604;L1M;SD;DEPORTES
PERU;POSPAGO;PAQUETE VIP (HD);610;DSPORTS;SD;DEPORTES
PERU;POSPAGO;PAQUETE VIP (HD);612;DSPORTS 2;SD;DEPORTES
PERU;POSPAGO;PAQUETE VIP (HD);613;DSPORTS +;SD;DEPORTES
PERU;POSPAGO;PAQUETE VIP (HD);621;ESPN;SD;DEPORTES
PERU;POSPAGO;PAQUETE VIP (HD);622;ESPN 2;SD;DEPORTES
PERU;POSPAGO;PAQUETE VIP (HD);623;ESPN 3;SD;DEPORTES
PERU;POSPAGO;PAQUETE VIP (HD);625;ESPN 5;SD;DEPORTES
PERU;POSPAGO;PAQUETE VIP (HD);626;ESPN 6;SD;DEPORTES
PERU;POSPAGO;PAQUETE VIP (HD);627;ESPN 7;SD;DEPORTES
PERU;POSPAGO;PAQUETE VIP (HD);628;GOLF CHANNEL LATIN AMERICA;SD;DEPORTES
PERU;POSPAGO;PAQUETE VIP (HD);629;TYC SPORTS;SD;DEPORTES
PERU;POSPAGO;PAQUETE VIP (HD);700;DNEWS;SD;NOTICIAS
PERU;POSPAGO;PAQUETE VIP (HD);704;CNN EN ESPAÑOL;SD;NOTICIAS
PERU;POSPAGO;PAQUETE VIP (HD);706;CNN INTERNATIONAL;SD;NOTICIAS
PERU;POSPAGO;PAQUETE VIP (HD);707;CNN CHILE;SD;NOTICIAS
PERU;POSPAGO;PAQUETE VIP (HD);708;TVN 24 HORAS;SD;NOTICIAS
PERU;POSPAGO;PAQUETE VIP (HD);710;BLOOMBERG;SD;NOTICIAS
PERU;POSPAGO;PAQUETE VIP (HD);716;TODO NOTICIAS;SD;NOTICIAS
PERU;POSPAGO;PAQUETE VIP (HD);720;26NOTICIAS;SD;NOTICIAS
PERU;POSPAGO;PAQUETE VIP (HD);725;NTN 24;SD;NOTICIAS
PERU;POSPAGO;PAQUETE VIP (HD);726;CANAL RURAL;SD;EDUCATIVO
PERU;POSPAGO;PAQUETE VIP (HD);727;CABLE NOTICIAS;SD;NOTICIAS
PERU;POSPAGO;PAQUETE VIP (HD);730;NATIONAL GEOGRAPHIC;SD;CIENCIA Y CULTURA
PERU;POSPAGO;PAQUETE VIP (HD);732;DISCOVERY;SD;CIENCIA Y CULTURA
PERU;POSPAGO;PAQUETE VIP (HD);734;ANIMAL PLANET;SD;CIENCIA Y CULTURA
PERU;POSPAGO;PAQUETE VIP (HD);736;DISCOVERY TURBO;SD;HOGAR Y VARIEDADES
PERU;POSPAGO;PAQUETE VIP (HD);740;TLC;SD;HOGAR Y VARIEDADES
PERU;POSPAGO;PAQUETE VIP (HD);742;HISTORY;SD;CIENCIA Y CULTURA
PERU;POSPAGO;PAQUETE VIP (HD);744;HISTORY 2;SD;CIENCIA Y CULTURA
PERU;POSPAGO;PAQUETE VIP (HD);760;UNIVISION;SD;NACIONAL
PERU;POSPAGO;PAQUETE VIP (HD);762;ANTENA 3;SD;NACIONAL
PERU;POSPAGO;PAQUETE VIP (HD);764;FRANCE 24;SD;NOTICIAS
PERU;POSPAGO;PAQUETE VIP (HD);766;RAI ITALIA;SD;NACIONAL
PERU;POSPAGO;PAQUETE VIP (HD);768;BBC WORLD NEWS;SD;NOTICIAS
PERU;POSPAGO;PAQUETE VIP (HD);770;DW LATINOAMÉRICA;SD;NOTICIAS
PERU;POSPAGO;PAQUETE VIP (HD);772;CARACOL;SD;NACIONAL
PERU;POSPAGO;PAQUETE VIP (HD);773;EL TIEMPO;SD;NOTICIAS
PERU;POSPAGO;PAQUETE VIP (HD);774;TV CHILE;SD;NACIONAL
PERU;POSPAGO;PAQUETE VIP (HD);775;RCN NUESTRA TELE;SD;NACIONAL
PERU;POSPAGO;PAQUETE VIP (HD);776;GLOBO INTERNACIONAL;SD;NACIONAL
PERU;POSPAGO;PAQUETE VIP (HD);778;RTP INTERNACIONAL;SD;NACIONAL
PERU;POSPAGO;PAQUETE VIP (HD);782;NHK WORLD;SD;NOTICIAS
PERU;POSPAGO;PAQUETE VIP (HD);784;EL TRECE;SD;NACIONAL
PERU;POSPAGO;PAQUETE VIP (HD);786;TELEFE INTERNACIONAL;SD;NACIONAL
PERU;POSPAGO;PAQUETE VIP (HD);790;CGTN ESPAÑOL;SD;NOTICIAS
PERU;POSPAGO;PAQUETE VIP (HD);804;ESCUELA+;SD;EDUCATIVO
PERU;POSPAGO;PAQUETE VIP (HD);901;DSPORTS RADIO;RADIO;DEPORTES
PERU;POSPAGO;PAQUETE VIP (HD);980;UNIÓN RADIO NOTICIAS;RADIO;AUDIO
PERU;POSPAGO;PAQUETE VIP (HD);982;RADIO CARACOL;RADIO;AUDIO
PERU;POSPAGO;PAQUETE VIP (HD);984;RADIO FRANCE INTERNACIONAL;RADIO;AUDIO
PERU;POSPAGO;PAQUETE VIP (HD);986;RADIO OXIGENO;RADIO;AUDIO
PERU;POSPAGO;PAQUETE VIP (HD);987;RADIO STUDIO 92;RADIO;AUDIO
PERU;POSPAGO;PAQUETE VIP (HD);988;RADIO MODA;RADIO;AUDIO
PERU;POSPAGO;PAQUETE VIP (HD);992;RADIO ALERTA BOGOTÁ;RADIO;AUDIO
PERU;POSPAGO;PAQUETE VIP (HD);993;RADIO W;RADIO;AUDIO
PERU;POSPAGO;PAQUETE VIP (HD);1127;DSHOW;HD;HOGAR Y VARIEDADES
PERU;POSPAGO;PAQUETE VIP (HD);1189;RPP;HD;NOTICIAS
PERU;POSPAGO;PAQUETE VIP (HD);1190;TV PERÚ NOTICIAS HD;HD;NOTICIAS
PERU;POSPAGO;PAQUETE VIP (HD);1191;WILLAX HD;HD;DEPORTES
PERU;POSPAGO;PAQUETE VIP (HD);1192;LATINA HD;HD;NACIONAL
PERU;POSPAGO;PAQUETE VIP (HD);1193;A LA COCINA;HD;GASTRONÓMICO
PERU;POSPAGO;PAQUETE VIP (HD);1194;AMÉRICA TELEVISION HD;HD;NACIONAL
PERU;POSPAGO;PAQUETE VIP (HD);1195;PANAMERICANA HD;HD;NACIONAL
PERU;POSPAGO;PAQUETE VIP (HD);1196;ATV+;HD;NOTICIAS
PERU;POSPAGO;PAQUETE VIP (HD);1197;TV PERÚ HD;HD;NACIONAL
PERU;POSPAGO;PAQUETE VIP (HD);1198;GLOBAL HD;HD;NACIONAL
PERU;POSPAGO;PAQUETE VIP (HD);1199;ATV9 HD;HD;NACIONAL
PERU;POSPAGO;PAQUETE VIP (HD);1204;STAR CHANNEL HD;HD;SERIES Y PELICULAS
PERU;POSPAGO;PAQUETE VIP (HD);1206;WARNER HD;HD;SERIES Y PELICULAS
PERU;POSPAGO;PAQUETE VIP (HD);1207;A&E MUNDO HD;HD;SERIES Y PELICULAS
PERU;POSPAGO;PAQUETE VIP (HD);1208;SONY HD;HD;SERIES Y PELICULAS
PERU;POSPAGO;PAQUETE VIP (HD);1209;AXN HD;HD;SERIES Y PELICULAS
PERU;POSPAGO;PAQUETE VIP (HD);1210;AMC HD;HD;SERIES Y PELICULAS
PERU;POSPAGO;PAQUETE VIP (HD);1213;TNT SERIES HD;HD;SERIES Y PELICULAS
PERU;POSPAGO;PAQUETE VIP (HD);1214;ATRES SERIES HD;HD;SERIES Y PELICULAS
PERU;POSPAGO;PAQUETE VIP (HD);1215;COMEDY CENTRAL HD;HD;SERIES Y PELICULAS
PERU;POSPAGO;PAQUETE VIP (HD);1217;FX HD;HD;SERIES Y PELICULAS
PERU;POSPAGO;PAQUETE VIP (HD);1218;UNIVERSAL HD;HD;SERIES Y PELICULAS
PERU;POSPAGO;PAQUETE VIP (HD);1219;USA HD;HD;SERIES Y PELICULAS
PERU;POSPAGO;PAQUETE VIP (HD);1221;¡HOLA! TV HD;HD;HOGAR Y VARIEDADES
PERU;POSPAGO;PAQUETE VIP (HD);1222;E! HD;HD;HOGAR Y VARIEDADES
PERU;POSPAGO;PAQUETE VIP (HD);1223;ID HD;HD;CIENCIA Y CULTURA
PERU;POSPAGO;PAQUETE VIP (HD);1228;LIFETIME HD;HD;SERIES Y PELICULAS
PERU;POSPAGO;PAQUETE VIP (HD);1229;DISCOVERY HOME & HEALTH HD;HD;HOGAR Y VARIEDADES
PERU;POSPAGO;PAQUETE VIP (HD);1232;EL GOURMET;HD;GASTRONÓMICO
PERU;POSPAGO;PAQUETE VIP (HD);1233;FOOD NETWORK HD;HD;GASTRONÓMICO
PERU;POSPAGO;PAQUETE VIP (HD);1234;HOME & GARDEN;HD;HOGAR Y VARIEDADES
PERU;POSPAGO;PAQUETE VIP (HD);1236;VEPLUS;HD;HOGAR Y VARIEDADES
PERU;POSPAGO;PAQUETE VIP (HD);1264;MTV HD;HD;MUSICAL
PERU;POSPAGO;PAQUETE VIP (HD);1265;MUSIC TOP HD;HD;MUSICAL
PERU;POSPAGO;PAQUETE VIP (HD);1266;TIERRA MÍA HD;HD;CIENCIA Y CULTURA
PERU;POSPAGO;PAQUETE VIP (HD);1273;INTI HD;HD;EDUCATIVO
PERU;POSPAGO;PAQUETE VIP (HD);1302;ESCUELA+;HD;EDUCATIVO
PERU;POSPAGO;PAQUETE VIP (HD);1304;CARTOON NETWORK HD;HD;INFANTIL
PERU;POSPAGO;PAQUETE VIP (HD);1308;NICKELODEON HD;HD;INFANTIL
PERU;POSPAGO;PAQUETE VIP (HD);1309;NICK JR. HD;HD;INFANTIL
PERU;POSPAGO;PAQUETE VIP (HD);1312;DISNEY CHANNEL HD;HD;INFANTIL
PERU;POSPAGO;PAQUETE VIP (HD);1315;DISNEY JUNIOR HD;HD;INFANTIL
PERU;POSPAGO;PAQUETE VIP (HD);1318;PLIM PLIM HD;HD;INFANTIL
PERU;POSPAGO;PAQUETE VIP (HD);1319;EL REINO INFANTIL HD;HD;INFANTIL
PERU;POSPAGO;PAQUETE VIP (HD);1330;DISCOVERY KIDS HD;HD;INFANTIL
PERU;POSPAGO;PAQUETE VIP (HD);1502;TNT HD;HD;SERIES Y PELICULAS
PERU;POSPAGO;PAQUETE VIP (HD);1503;GOLDEN HD;HD;SERIES Y PELICULAS
PERU;POSPAGO;PAQUETE VIP (HD);1506;SONY MOVIES;HD;SERIES Y PELICULAS
PERU;POSPAGO;PAQUETE VIP (HD);1507;CINECANAL HD;HD;SERIES Y PELICULAS
PERU;POSPAGO;PAQUETE VIP (HD);1508;STUDIO UNIVERSAL HD;HD;SERIES Y PELICULAS
PERU;POSPAGO;PAQUETE VIP (HD);1509;CINEMAX HD;HD;SERIES Y PELICULAS
PERU;POSPAGO;PAQUETE VIP (HD);1510;MÓRBIDO TV HD;HD;SERIES Y PELICULAS
PERU;POSPAGO;PAQUETE VIP (HD);1513;DHE HD;HD;SERIES Y PELICULAS
PERU;POSPAGO;PAQUETE VIP (HD);1518;SPACE HD;HD;SERIES Y PELICULAS
PERU;POSPAGO;PAQUETE VIP (HD);1524;HBO HD;HD;SERIES Y PELICULAS
PERU;POSPAGO;PAQUETE VIP (HD);1525;HBO 2 HD;HD;SERIES Y PELICULAS
PERU;POSPAGO;PAQUETE VIP (HD);1528;HBO SIGNATURE HD;HD;SERIES Y PELICULAS
PERU;POSPAGO;PAQUETE VIP (HD);1532;HBO PLUS HD;HD;SERIES Y PELICULAS
PERU;POSPAGO;PAQUETE VIP (HD);1534;HBO FAMILY HD;HD;SERIES Y PELICULAS
PERU;POSPAGO;PAQUETE VIP (HD);1542;HBO XTREME HD;HD;SERIES Y PELICULAS
PERU;POSPAGO;PAQUETE VIP (HD);1571;UNIVERSAL PREMIERE ESTE;HD;SERIES Y PELICULAS
PERU;POSPAGO;PAQUETE VIP (HD);1572;UNIVERSAL CINEMA;HD;SERIES Y PELICULAS
PERU;POSPAGO;PAQUETE VIP (HD);1573;UNIVERSAL COMEDY;HD;SERIES Y PELICULAS
PERU;POSPAGO;PAQUETE VIP (HD);1574;UNIVERSAL CRIME ESTE;HD;SERIES Y PELICULAS
PERU;POSPAGO;PAQUETE VIP (HD);1575;UNIVERSAL REALITY;HD;HOGAR Y VARIEDADES
PERU;POSPAGO;PAQUETE VIP (HD);1576;UNIVERSAL PREMIERE OESTE;HD;SERIES Y PELICULAS
PERU;POSPAGO;PAQUETE VIP (HD);1577;UNIVERSAL CINEMA OESTE;HD;SERIES Y PELICULAS
PERU;POSPAGO;PAQUETE VIP (HD);1603;L1;HD;DEPORTES
PERU;POSPAGO;PAQUETE VIP (HD);1604;L1M;HD;DEPORTES
PERU;POSPAGO;PAQUETE VIP (HD);1610;DSPORTS HD;HD;DEPORTES
PERU;POSPAGO;PAQUETE VIP (HD);1612;DSPORTS 2 HD;HD;DEPORTES
PERU;POSPAGO;PAQUETE VIP (HD);1613;DSPORTS + HD;HD;DEPORTES
PERU;POSPAGO;PAQUETE VIP (HD);1621;ESPN HD;HD;DEPORTES
PERU;POSPAGO;PAQUETE VIP (HD);1622;ESPN 2 HD;HD;DEPORTES
PERU;POSPAGO;PAQUETE VIP (HD);1623;ESPN 3 HD;HD;DEPORTES
PERU;POSPAGO;PAQUETE VIP (HD);1624;ESPN 4 HD;HD;DEPORTES
PERU;POSPAGO;PAQUETE VIP (HD);1625;ESPN 5;HD;DEPORTES
PERU;POSPAGO;PAQUETE VIP (HD);1626;ESPN 6;HD;DEPORTES
PERU;POSPAGO;PAQUETE VIP (HD);1627;ESPN 7 HD;HD;DEPORTES
PERU;POSPAGO;PAQUETE VIP (HD);1628;GOLF CHANNEL HD;HD;DEPORTES
PERU;POSPAGO;PAQUETE VIP (HD);1629;TYC SPORTS;HD;DEPORTES
PERU;POSPAGO;PAQUETE VIP (HD);1639;PX SPORTS;HD;DEPORTES
PERU;POSPAGO;PAQUETE VIP (HD);1700;DNEWS;HD;NOTICIAS
PERU;POSPAGO;PAQUETE VIP (HD);1730;NATIONAL GEOGRAPHIC HD;HD;CIENCIA Y CULTURA
PERU;POSPAGO;PAQUETE VIP (HD);1731;DISCOVERY THEATER HD;HD;CIENCIA Y CULTURA
PERU;POSPAGO;PAQUETE VIP (HD);1732;DISCOVERY HD;HD;CIENCIA Y CULTURA
PERU;POSPAGO;PAQUETE VIP (HD);1734;ANIMAL PLANET HD;HD;CIENCIA Y CULTURA
PERU;POSPAGO;PAQUETE VIP (HD);1738;DISCOVERY WORLD HD;HD;CIENCIA Y CULTURA
PERU;POSPAGO;PAQUETE VIP (HD);1740;TLC;HD;HOGAR Y VARIEDADES
PERU;POSPAGO;PAQUETE VIP (HD);1742;HISTORY HD;HD;CIENCIA Y CULTURA
PERU;POSPAGO;PAQUETE VIP (HD);1744;HISTORY 2 HD;HD;CIENCIA Y CULTURA
PERU;POSPAGO;PAQUETE VIP (HD);1750;ENCUENTRO INTERNACIONAL HD;HD;EDUCATIVO
PERU;POSPAGO;PAQUETE VIP (HD);1762;ANTENA 3 HD;HD;NACIONAL
PERU;POSPAGO;PAQUETE VIP (HD);1764;FRANCE 24 HD;HD;NOTICIAS
PERU;POSPAGO;PAQUETE VIP (SD);100;CANAL 100;SD;INFORMATIVO
PERU;POSPAGO;PAQUETE VIP (SD);100;INFORMACIÓN DIRECTV;SD;INFORMATIVO
PERU;POSPAGO;PAQUETE VIP (SD);127;DSHOW;SD;HOGAR Y VARIEDADES
PERU;POSPAGO;PAQUETE VIP (SD);190;EXITOSA;SD;NOTICIAS
PERU;POSPAGO;PAQUETE VIP (SD);192;LATINA;SD;NACIONAL
PERU;POSPAGO;PAQUETE VIP (SD);193;EL CONGRESO;SD;INFORMATIVO
PERU;POSPAGO;PAQUETE VIP (SD);194;AMÉRICA TELEVISION;SD;NACIONAL
PERU;POSPAGO;PAQUETE VIP (SD);195;PANAMERICANA;SD;NACIONAL
PERU;POSPAGO;PAQUETE VIP (SD);196;ATV+;SD;NOTICIAS
PERU;POSPAGO;PAQUETE VIP (SD);197;TV PERÚ;SD;NACIONAL
PERU;POSPAGO;PAQUETE VIP (SD);198;GLOBAL;SD;NACIONAL
PERU;POSPAGO;PAQUETE VIP (SD);199;ATV;SD;NACIONAL
PERU;POSPAGO;PAQUETE VIP (SD);202;STAR CHANNEL;SD;SERIES Y PELICULAS
PERU;POSPAGO;PAQUETE VIP (SD);206;WARNER;SD;SERIES Y PELICULAS
PERU;POSPAGO;PAQUETE VIP (SD);207;A&E MUNDO;SD;SERIES Y PELICULAS
PERU;POSPAGO;PAQUETE VIP (SD);208;SONY;SD;SERIES Y PELICULAS
PERU;POSPAGO;PAQUETE VIP (SD);209;AXN;SD;SERIES Y PELICULAS
PERU;POSPAGO;PAQUETE VIP (SD);210;AMC;SD;SERIES Y PELICULAS
PERU;POSPAGO;PAQUETE VIP (SD);213;TNT SERIES;SD;SERIES Y PELICULAS
PERU;POSPAGO;PAQUETE VIP (SD);214;ATRES SERIES;SD;SERIES Y PELICULAS
PERU;POSPAGO;PAQUETE VIP (SD);216;TNT NOVELAS;SD;TELENOVELAS
PERU;POSPAGO;PAQUETE VIP (SD);217;FX;SD;SERIES Y PELICULAS
PERU;POSPAGO;PAQUETE VIP (SD);218;UNIVERSAL;SD;SERIES Y PELICULAS
PERU;POSPAGO;PAQUETE VIP (SD);219;USA;SD;SERIES Y PELICULAS
PERU;POSPAGO;PAQUETE VIP (SD);220;ADULT SWIM;SD;INFANTIL
PERU;POSPAGO;PAQUETE VIP (SD);221;¡HOLA! TV;SD;HOGAR Y VARIEDADES
PERU;POSPAGO;PAQUETE VIP (SD);222;E!;SD;HOGAR Y VARIEDADES
PERU;POSPAGO;PAQUETE VIP (SD);223;ID;SD;CIENCIA Y CULTURA
PERU;POSPAGO;PAQUETE VIP (SD);226;LAS ESTRELLAS;SD;NACIONAL
PERU;POSPAGO;PAQUETE VIP (SD);227;TL NOVELAS;SD;TELENOVELAS
PERU;POSPAGO;PAQUETE VIP (SD);228;LIFETIME;SD;SERIES Y PELICULAS
PERU;POSPAGO;PAQUETE VIP (SD);229;DISCOVERY HOME & HEALTH;SD;HOGAR Y VARIEDADES
PERU;POSPAGO;PAQUETE VIP (SD);230;AMC SERIES;SD;SERIES Y PELICULAS
PERU;POSPAGO;PAQUETE VIP (SD);231;TELEMUNDO;SD;TELENOVELAS
PERU;POSPAGO;PAQUETE VIP (SD);232;EL GOURMET;SD;GASTRONÓMICO
PERU;POSPAGO;PAQUETE VIP (SD);233;FOOD NETWORK;SD;GASTRONÓMICO
PERU;POSPAGO;PAQUETE VIP (SD);240;CARAS TV;SD;HOGAR Y VARIEDADES
PERU;POSPAGO;PAQUETE VIP (SD);264;MTV;SD;MUSICAL
PERU;POSPAGO;PAQUETE VIP (SD);269;QUIERO MÚSICA EN MI IDIOMA;SD;MUSICAL
PERU;POSPAGO;PAQUETE VIP (SD);304;CARTOON NETWORK;SD;INFANTIL
PERU;POSPAGO;PAQUETE VIP (SD);308;NICKELODEON;SD;INFANTIL
PERU;POSPAGO;PAQUETE VIP (SD);309;NICK JR.;SD;INFANTIL
PERU;POSPAGO;PAQUETE VIP (SD);312;DISNEY CHANNEL;SD;INFANTIL
PERU;POSPAGO;PAQUETE VIP (SD);315;DISNEY JUNIOR;SD;INFANTIL
PERU;POSPAGO;PAQUETE VIP (SD);318;PLIM PLIM;SD;INFANTIL
PERU;POSPAGO;PAQUETE VIP (SD);319;EL REINO INFANTIL;SD;INFANTIL
PERU;POSPAGO;PAQUETE VIP (SD);330;DISCOVERY KIDS;SD;INFANTIL
PERU;POSPAGO;PAQUETE VIP (SD);334;CARTOONITO;SD;INFANTIL
PERU;POSPAGO;PAQUETE VIP (SD);350;EWTN;SD;RELIGIOSO
PERU;POSPAGO;PAQUETE VIP (SD);351;ORBE 21;SD;RELIGIOSO
PERU;POSPAGO;PAQUETE VIP (SD);352;TBN ENLACE;SD;RELIGIOSO
PERU;POSPAGO;PAQUETE VIP (SD);354;CANAL LUZ;SD;RELIGIOSO
PERU;POSPAGO;PAQUETE VIP (SD);502;TNT;SD;SERIES Y PELICULAS
PERU;POSPAGO;PAQUETE VIP (SD);503;GOLDEN;SD;SERIES Y PELICULAS
PERU;POSPAGO;PAQUETE VIP (SD);506;SONY MOVIES;SD;SERIES Y PELICULAS
PERU;POSPAGO;PAQUETE VIP (SD);507;CINECANAL;SD;SERIES Y PELICULAS
PERU;POSPAGO;PAQUETE VIP (SD);508;STUDIO UNIVERSAL;SD;SERIES Y PELICULAS
PERU;POSPAGO;PAQUETE VIP (SD);509;CINEMAX;SD;SERIES Y PELICULAS
PERU;POSPAGO;PAQUETE VIP (SD);510;MÓRBIDO TV;SD;SERIES Y PELICULAS
PERU;POSPAGO;PAQUETE VIP (SD);513;DHE;SD;SERIES Y PELICULAS
PERU;POSPAGO;PAQUETE VIP (SD);516;DE PELÍCULA;SD;SERIES Y PELICULAS
PERU;POSPAGO;PAQUETE VIP (SD);517;GOLDEN EDGE;SD;SERIES Y PELICULAS
PERU;POSPAGO;PAQUETE VIP (SD);518;SPACE;SD;SERIES Y PELICULAS
PERU;POSPAGO;PAQUETE VIP (SD);524;HBO;SD;SERIES Y PELICULAS
PERU;POSPAGO;PAQUETE VIP (SD);525;HBO 2;SD;SERIES Y PELICULAS
PERU;POSPAGO;PAQUETE VIP (SD);526;HBO PLUS;SD;SERIES Y PELICULAS
PERU;POSPAGO;PAQUETE VIP (SD);528;HBO SIGNATURE;SD;SERIES Y PELICULAS
PERU;POSPAGO;PAQUETE VIP (SD);534;HBO FAMILY;SD;SERIES Y PELICULAS
PERU;POSPAGO;PAQUETE VIP (SD);540;HBO MUNDI;SD;SERIES Y PELICULAS
PERU;POSPAGO;PAQUETE VIP (SD);541;HBO POP;SD;SERIES Y PELICULAS
PERU;POSPAGO;PAQUETE VIP (SD);542;HBO XTREME;SD;SERIES Y PELICULAS
PERU;POSPAGO;PAQUETE VIP (SD);603;L1;SD;DEPORTES
PERU;POSPAGO;PAQUETE VIP (SD);604;L1M;SD;DEPORTES
PERU;POSPAGO;PAQUETE VIP (SD);610;DSPORTS;SD;DEPORTES
PERU;POSPAGO;PAQUETE VIP (SD);612;DSPORTS 2;SD;DEPORTES
PERU;POSPAGO;PAQUETE VIP (SD);613;DSPORTS +;SD;DEPORTES
PERU;POSPAGO;PAQUETE VIP (SD);621;ESPN;SD;DEPORTES
PERU;POSPAGO;PAQUETE VIP (SD);622;ESPN 2;SD;DEPORTES
PERU;POSPAGO;PAQUETE VIP (SD);623;ESPN 3;SD;DEPORTES
PERU;POSPAGO;PAQUETE VIP (SD);625;ESPN 5;SD;DEPORTES
PERU;POSPAGO;PAQUETE VIP (SD);626;ESPN 6;SD;DEPORTES
PERU;POSPAGO;PAQUETE VIP (SD);627;ESPN 7;SD;DEPORTES
PERU;POSPAGO;PAQUETE VIP (SD);628;GOLF CHANNEL LATIN AMERICA;SD;DEPORTES
PERU;POSPAGO;PAQUETE VIP (SD);629;TYC SPORTS;SD;DEPORTES
PERU;POSPAGO;PAQUETE VIP (SD);700;DNEWS;SD;NOTICIAS
PERU;POSPAGO;PAQUETE VIP (SD);704;CNN EN ESPAÑOL;SD;NOTICIAS
PERU;POSPAGO;PAQUETE VIP (SD);706;CNN INTERNATIONAL;SD;NOTICIAS
PERU;POSPAGO;PAQUETE VIP (SD);707;CNN CHILE;SD;NOTICIAS
PERU;POSPAGO;PAQUETE VIP (SD);708;TVN 24 HORAS;SD;NOTICIAS
PERU;POSPAGO;PAQUETE VIP (SD);710;BLOOMBERG;SD;NOTICIAS
PERU;POSPAGO;PAQUETE VIP (SD);716;TODO NOTICIAS;SD;NOTICIAS
PERU;POSPAGO;PAQUETE VIP (SD);720;26NOTICIAS;SD;NOTICIAS
PERU;POSPAGO;PAQUETE VIP (SD);725;NTN 24;SD;NOTICIAS
PERU;POSPAGO;PAQUETE VIP (SD);726;CANAL RURAL;SD;EDUCATIVO
PERU;POSPAGO;PAQUETE VIP (SD);727;CABLE NOTICIAS;SD;NOTICIAS
PERU;POSPAGO;PAQUETE VIP (SD);730;NATIONAL GEOGRAPHIC;SD;CIENCIA Y CULTURA
PERU;POSPAGO;PAQUETE VIP (SD);732;DISCOVERY;SD;CIENCIA Y CULTURA
PERU;POSPAGO;PAQUETE VIP (SD);734;ANIMAL PLANET;SD;CIENCIA Y CULTURA
PERU;POSPAGO;PAQUETE VIP (SD);736;DISCOVERY TURBO;SD;HOGAR Y VARIEDADES
PERU;POSPAGO;PAQUETE VIP (SD);740;TLC;SD;HOGAR Y VARIEDADES
PERU;POSPAGO;PAQUETE VIP (SD);742;HISTORY;SD;CIENCIA Y CULTURA
PERU;POSPAGO;PAQUETE VIP (SD);744;HISTORY 2;SD;CIENCIA Y CULTURA
PERU;POSPAGO;PAQUETE VIP (SD);760;UNIVISION;SD;NACIONAL
PERU;POSPAGO;PAQUETE VIP (SD);762;ANTENA 3;SD;NACIONAL
PERU;POSPAGO;PAQUETE VIP (SD);764;FRANCE 24;SD;NOTICIAS
PERU;POSPAGO;PAQUETE VIP (SD);766;RAI ITALIA;SD;NACIONAL
PERU;POSPAGO;PAQUETE VIP (SD);768;BBC WORLD NEWS;SD;NOTICIAS
PERU;POSPAGO;PAQUETE VIP (SD);770;DW LATINOAMÉRICA;SD;NOTICIAS
PERU;POSPAGO;PAQUETE VIP (SD);772;CARACOL;SD;NACIONAL
PERU;POSPAGO;PAQUETE VIP (SD);773;EL TIEMPO;SD;NOTICIAS
PERU;POSPAGO;PAQUETE VIP (SD);774;TV CHILE;SD;NACIONAL
PERU;POSPAGO;PAQUETE VIP (SD);775;RCN NUESTRA TELE;SD;NACIONAL
PERU;POSPAGO;PAQUETE VIP (SD);776;GLOBO INTERNACIONAL;SD;NACIONAL
PERU;POSPAGO;PAQUETE VIP (SD);778;RTP INTERNACIONAL;SD;NACIONAL
PERU;POSPAGO;PAQUETE VIP (SD);782;NHK WORLD;SD;NOTICIAS
PERU;POSPAGO;PAQUETE VIP (SD);784;EL TRECE;SD;NACIONAL
PERU;POSPAGO;PAQUETE VIP (SD);786;TELEFE INTERNACIONAL;SD;NACIONAL
PERU;POSPAGO;PAQUETE VIP (SD);790;CGTN ESPAÑOL;SD;NOTICIAS
PERU;POSPAGO;PAQUETE VIP (SD);804;ESCUELA+;SD;EDUCATIVO
PERU;POSPAGO;PAQUETE VIP (SD);901;DSPORTS RADIO;RADIO;DEPORTES
PERU;POSPAGO;PAQUETE VIP (SD);980;UNIÓN RADIO NOTICIAS;RADIO;AUDIO
PERU;POSPAGO;PAQUETE VIP (SD);982;RADIO CARACOL;RADIO;AUDIO
PERU;POSPAGO;PAQUETE VIP (SD);984;RADIO FRANCE INTERNACIONAL;RADIO;AUDIO
PERU;POSPAGO;PAQUETE VIP (SD);986;RADIO OXIGENO;RADIO;AUDIO
PERU;POSPAGO;PAQUETE VIP (SD);987;RADIO STUDIO 92;RADIO;AUDIO
PERU;POSPAGO;PAQUETE VIP (SD);988;RADIO MODA;RADIO;AUDIO
PERU;POSPAGO;PAQUETE VIP (SD);992;RADIO ALERTA BOGOTÁ;RADIO;AUDIO
PERU;POSPAGO;PAQUETE VIP (SD);993;RADIO W;RADIO;AUDIO
PERU;POSPAGO;PAQUETE VIP (SD);1604;L1M;HD;DEPORTES
PERU;POSPAGO;PLATA DIGITAL (HD);100;CANAL 100;SD;INFORMATIVO
PERU;POSPAGO;PLATA DIGITAL (HD);100;INFORMACIÓN DIRECTV;SD;INFORMATIVO
PERU;POSPAGO;PLATA DIGITAL (HD);127;DSHOW;SD;HOGAR Y VARIEDADES
PERU;POSPAGO;PLATA DIGITAL (HD);190;EXITOSA;SD;NOTICIAS
PERU;POSPAGO;PLATA DIGITAL (HD);192;LATINA;SD;NACIONAL
PERU;POSPAGO;PLATA DIGITAL (HD);193;EL CONGRESO;SD;INFORMATIVO
PERU;POSPAGO;PLATA DIGITAL (HD);194;AMÉRICA TELEVISION;SD;NACIONAL
PERU;POSPAGO;PLATA DIGITAL (HD);195;PANAMERICANA;SD;NACIONAL
PERU;POSPAGO;PLATA DIGITAL (HD);196;ATV+;SD;NOTICIAS
PERU;POSPAGO;PLATA DIGITAL (HD);197;TV PERÚ;SD;NACIONAL
PERU;POSPAGO;PLATA DIGITAL (HD);198;GLOBAL;SD;NACIONAL
PERU;POSPAGO;PLATA DIGITAL (HD);199;ATV;SD;NACIONAL
PERU;POSPAGO;PLATA DIGITAL (HD);202;STAR CHANNEL;SD;SERIES Y PELICULAS
PERU;POSPAGO;PLATA DIGITAL (HD);206;WARNER;SD;SERIES Y PELICULAS
PERU;POSPAGO;PLATA DIGITAL (HD);207;A&E MUNDO;SD;SERIES Y PELICULAS
PERU;POSPAGO;PLATA DIGITAL (HD);208;SONY;SD;SERIES Y PELICULAS
PERU;POSPAGO;PLATA DIGITAL (HD);209;AXN;SD;SERIES Y PELICULAS
PERU;POSPAGO;PLATA DIGITAL (HD);210;AMC;SD;SERIES Y PELICULAS
PERU;POSPAGO;PLATA DIGITAL (HD);213;TNT SERIES;SD;SERIES Y PELICULAS
PERU;POSPAGO;PLATA DIGITAL (HD);216;TNT NOVELAS;SD;TELENOVELAS
PERU;POSPAGO;PLATA DIGITAL (HD);217;FX;SD;SERIES Y PELICULAS
PERU;POSPAGO;PLATA DIGITAL (HD);218;UNIVERSAL;SD;SERIES Y PELICULAS
PERU;POSPAGO;PLATA DIGITAL (HD);220;ADULT SWIM;SD;INFANTIL
PERU;POSPAGO;PLATA DIGITAL (HD);221;¡HOLA! TV;SD;HOGAR Y VARIEDADES
PERU;POSPAGO;PLATA DIGITAL (HD);222;E!;SD;HOGAR Y VARIEDADES
PERU;POSPAGO;PLATA DIGITAL (HD);223;ID;SD;CIENCIA Y CULTURA
PERU;POSPAGO;PLATA DIGITAL (HD);226;LAS ESTRELLAS;SD;NACIONAL
PERU;POSPAGO;PLATA DIGITAL (HD);227;TL NOVELAS;SD;TELENOVELAS
PERU;POSPAGO;PLATA DIGITAL (HD);229;DISCOVERY HOME & HEALTH;SD;HOGAR Y VARIEDADES
PERU;POSPAGO;PLATA DIGITAL (HD);230;AMC SERIES;SD;SERIES Y PELICULAS
PERU;POSPAGO;PLATA DIGITAL (HD);231;TELEMUNDO;SD;TELENOVELAS
PERU;POSPAGO;PLATA DIGITAL (HD);232;EL GOURMET;SD;GASTRONÓMICO
PERU;POSPAGO;PLATA DIGITAL (HD);233;FOOD NETWORK;SD;GASTRONÓMICO
PERU;POSPAGO;PLATA DIGITAL (HD);240;CARAS TV;SD;HOGAR Y VARIEDADES
PERU;POSPAGO;PLATA DIGITAL (HD);264;MTV;SD;MUSICAL
PERU;POSPAGO;PLATA DIGITAL (HD);269;QUIERO MÚSICA EN MI IDIOMA;SD;MUSICAL
PERU;POSPAGO;PLATA DIGITAL (HD);304;CARTOON NETWORK;SD;INFANTIL
PERU;POSPAGO;PLATA DIGITAL (HD);308;NICKELODEON;SD;INFANTIL
PERU;POSPAGO;PLATA DIGITAL (HD);309;NICK JR.;SD;INFANTIL
PERU;POSPAGO;PLATA DIGITAL (HD);312;DISNEY CHANNEL;SD;INFANTIL
PERU;POSPAGO;PLATA DIGITAL (HD);315;DISNEY JUNIOR;SD;INFANTIL
PERU;POSPAGO;PLATA DIGITAL (HD);318;PLIM PLIM;SD;INFANTIL
PERU;POSPAGO;PLATA DIGITAL (HD);319;EL REINO INFANTIL;SD;INFANTIL
PERU;POSPAGO;PLATA DIGITAL (HD);330;DISCOVERY KIDS;SD;INFANTIL
PERU;POSPAGO;PLATA DIGITAL (HD);334;CARTOONITO;SD;INFANTIL
PERU;POSPAGO;PLATA DIGITAL (HD);350;EWTN;SD;RELIGIOSO
PERU;POSPAGO;PLATA DIGITAL (HD);352;TBN ENLACE;SD;RELIGIOSO
PERU;POSPAGO;PLATA DIGITAL (HD);354;CANAL LUZ;SD;RELIGIOSO
PERU;POSPAGO;PLATA DIGITAL (HD);502;TNT;SD;SERIES Y PELICULAS
PERU;POSPAGO;PLATA DIGITAL (HD);503;GOLDEN;SD;SERIES Y PELICULAS
PERU;POSPAGO;PLATA DIGITAL (HD);506;SONY MOVIES;SD;SERIES Y PELICULAS
PERU;POSPAGO;PLATA DIGITAL (HD);507;CINECANAL;SD;SERIES Y PELICULAS
PERU;POSPAGO;PLATA DIGITAL (HD);508;STUDIO UNIVERSAL;SD;SERIES Y PELICULAS
PERU;POSPAGO;PLATA DIGITAL (HD);509;CINEMAX;SD;SERIES Y PELICULAS
PERU;POSPAGO;PLATA DIGITAL (HD);510;MÓRBIDO TV;SD;SERIES Y PELICULAS
PERU;POSPAGO;PLATA DIGITAL (HD);516;DE PELÍCULA;SD;SERIES Y PELICULAS
PERU;POSPAGO;PLATA DIGITAL (HD);517;GOLDEN EDGE;SD;SERIES Y PELICULAS
PERU;POSPAGO;PLATA DIGITAL (HD);518;SPACE;SD;SERIES Y PELICULAS
PERU;POSPAGO;PLATA DIGITAL (HD);603;L1;SD;DEPORTES
PERU;POSPAGO;PLATA DIGITAL (HD);604;L1M;SD;DEPORTES
PERU;POSPAGO;PLATA DIGITAL (HD);610;DSPORTS;SD;DEPORTES
PERU;POSPAGO;PLATA DIGITAL (HD);612;DSPORTS 2;SD;DEPORTES
PERU;POSPAGO;PLATA DIGITAL (HD);613;DSPORTS +;SD;DEPORTES
PERU;POSPAGO;PLATA DIGITAL (HD);621;ESPN;SD;DEPORTES
PERU;POSPAGO;PLATA DIGITAL (HD);622;ESPN 2;SD;DEPORTES
PERU;POSPAGO;PLATA DIGITAL (HD);623;ESPN 3;SD;DEPORTES
PERU;POSPAGO;PLATA DIGITAL (HD);625;ESPN 5;SD;DEPORTES
PERU;POSPAGO;PLATA DIGITAL (HD);626;ESPN 6;SD;DEPORTES
PERU;POSPAGO;PLATA DIGITAL (HD);627;ESPN 7;SD;DEPORTES
PERU;POSPAGO;PLATA DIGITAL (HD);700;DNEWS;SD;NOTICIAS
PERU;POSPAGO;PLATA DIGITAL (HD);704;CNN EN ESPAÑOL;SD;NOTICIAS
PERU;POSPAGO;PLATA DIGITAL (HD);706;CNN INTERNATIONAL;SD;NOTICIAS
PERU;POSPAGO;PLATA DIGITAL (HD);716;TODO NOTICIAS;SD;NOTICIAS
PERU;POSPAGO;PLATA DIGITAL (HD);720;26NOTICIAS;SD;NOTICIAS
PERU;POSPAGO;PLATA DIGITAL (HD);726;CANAL RURAL;SD;EDUCATIVO
PERU;POSPAGO;PLATA DIGITAL (HD);730;NATIONAL GEOGRAPHIC;SD;CIENCIA Y CULTURA
PERU;POSPAGO;PLATA DIGITAL (HD);732;DISCOVERY;SD;CIENCIA Y CULTURA
PERU;POSPAGO;PLATA DIGITAL (HD);734;ANIMAL PLANET;SD;CIENCIA Y CULTURA
PERU;POSPAGO;PLATA DIGITAL (HD);740;TLC;SD;HOGAR Y VARIEDADES
PERU;POSPAGO;PLATA DIGITAL (HD);742;HISTORY;SD;CIENCIA Y CULTURA
PERU;POSPAGO;PLATA DIGITAL (HD);744;HISTORY 2;SD;CIENCIA Y CULTURA
PERU;POSPAGO;PLATA DIGITAL (HD);760;UNIVISION;SD;NACIONAL
PERU;POSPAGO;PLATA DIGITAL (HD);762;ANTENA 3;SD;NACIONAL
PERU;POSPAGO;PLATA DIGITAL (HD);764;FRANCE 24;SD;NOTICIAS
PERU;POSPAGO;PLATA DIGITAL (HD);784;EL TRECE;SD;NACIONAL
PERU;POSPAGO;PLATA DIGITAL (HD);786;TELEFE INTERNACIONAL;SD;NACIONAL
PERU;POSPAGO;PLATA DIGITAL (HD);790;CGTN ESPAÑOL;SD;NOTICIAS
PERU;POSPAGO;PLATA DIGITAL (HD);804;ESCUELA+;SD;EDUCATIVO
PERU;POSPAGO;PLATA DIGITAL (HD);901;DSPORTS RADIO;RADIO;DEPORTES
PERU;POSPAGO;PLATA DIGITAL (HD);980;UNIÓN RADIO NOTICIAS;RADIO;AUDIO
PERU;POSPAGO;PLATA DIGITAL (HD);982;RADIO CARACOL;RADIO;AUDIO
PERU;POSPAGO;PLATA DIGITAL (HD);984;RADIO FRANCE INTERNACIONAL;RADIO;AUDIO
PERU;POSPAGO;PLATA DIGITAL (HD);986;RADIO OXIGENO;RADIO;AUDIO
PERU;POSPAGO;PLATA DIGITAL (HD);987;RADIO STUDIO 92;RADIO;AUDIO
PERU;POSPAGO;PLATA DIGITAL (HD);988;RADIO MODA;RADIO;AUDIO
PERU;POSPAGO;PLATA DIGITAL (HD);992;RADIO ALERTA BOGOTÁ;RADIO;AUDIO
PERU;POSPAGO;PLATA DIGITAL (HD);993;RADIO W;RADIO;AUDIO
PERU;POSPAGO;PLATA DIGITAL (HD);1127;DSHOW;HD;HOGAR Y VARIEDADES
PERU;POSPAGO;PLATA DIGITAL (HD);1189;RPP;HD;NOTICIAS
PERU;POSPAGO;PLATA DIGITAL (HD);1190;TV PERÚ NOTICIAS HD;HD;NOTICIAS
PERU;POSPAGO;PLATA DIGITAL (HD);1191;WILLAX HD;HD;DEPORTES
PERU;POSPAGO;PLATA DIGITAL (HD);1192;LATINA HD;HD;NACIONAL
PERU;POSPAGO;PLATA DIGITAL (HD);1193;A LA COCINA;HD;GASTRONÓMICO
PERU;POSPAGO;PLATA DIGITAL (HD);1194;AMÉRICA TELEVISION HD;HD;NACIONAL
PERU;POSPAGO;PLATA DIGITAL (HD);1195;PANAMERICANA HD;HD;NACIONAL
PERU;POSPAGO;PLATA DIGITAL (HD);1196;ATV+;HD;NOTICIAS
PERU;POSPAGO;PLATA DIGITAL (HD);1197;TV PERÚ HD;HD;NACIONAL
PERU;POSPAGO;PLATA DIGITAL (HD);1198;GLOBAL HD;HD;NACIONAL
PERU;POSPAGO;PLATA DIGITAL (HD);1199;ATV9 HD;HD;NACIONAL
PERU;POSPAGO;PLATA DIGITAL (HD);1204;STAR CHANNEL HD;HD;SERIES Y PELICULAS
PERU;POSPAGO;PLATA DIGITAL (HD);1206;WARNER HD;HD;SERIES Y PELICULAS
PERU;POSPAGO;PLATA DIGITAL (HD);1207;A&E MUNDO HD;HD;SERIES Y PELICULAS
PERU;POSPAGO;PLATA DIGITAL (HD);1208;SONY HD;HD;SERIES Y PELICULAS
PERU;POSPAGO;PLATA DIGITAL (HD);1209;AXN HD;HD;SERIES Y PELICULAS
PERU;POSPAGO;PLATA DIGITAL (HD);1210;AMC HD;HD;SERIES Y PELICULAS
PERU;POSPAGO;PLATA DIGITAL (HD);1213;TNT SERIES HD;HD;SERIES Y PELICULAS
PERU;POSPAGO;PLATA DIGITAL (HD);1217;FX HD;HD;SERIES Y PELICULAS
PERU;POSPAGO;PLATA DIGITAL (HD);1218;UNIVERSAL HD;HD;SERIES Y PELICULAS
PERU;POSPAGO;PLATA DIGITAL (HD);1221;¡HOLA! TV HD;HD;HOGAR Y VARIEDADES
PERU;POSPAGO;PLATA DIGITAL (HD);1222;E! HD;HD;HOGAR Y VARIEDADES
PERU;POSPAGO;PLATA DIGITAL (HD);1223;ID HD;HD;CIENCIA Y CULTURA
PERU;POSPAGO;PLATA DIGITAL (HD);1229;DISCOVERY HOME & HEALTH HD;HD;HOGAR Y VARIEDADES
PERU;POSPAGO;PLATA DIGITAL (HD);1232;EL GOURMET;HD;GASTRONÓMICO
PERU;POSPAGO;PLATA DIGITAL (HD);1233;FOOD NETWORK HD;HD;GASTRONÓMICO
PERU;POSPAGO;PLATA DIGITAL (HD);1234;HOME & GARDEN;HD;HOGAR Y VARIEDADES
PERU;POSPAGO;PLATA DIGITAL (HD);1236;VEPLUS;HD;HOGAR Y VARIEDADES
PERU;POSPAGO;PLATA DIGITAL (HD);1264;MTV HD;HD;MUSICAL
PERU;POSPAGO;PLATA DIGITAL (HD);1265;MUSIC TOP HD;HD;MUSICAL
PERU;POSPAGO;PLATA DIGITAL (HD);1266;TIERRA MÍA HD;HD;CIENCIA Y CULTURA
PERU;POSPAGO;PLATA DIGITAL (HD);1273;INTI HD;HD;EDUCATIVO
PERU;POSPAGO;PLATA DIGITAL (HD);1302;ESCUELA+;HD;EDUCATIVO
PERU;POSPAGO;PLATA DIGITAL (HD);1304;CARTOON NETWORK HD;HD;INFANTIL
PERU;POSPAGO;PLATA DIGITAL (HD);1308;NICKELODEON HD;HD;INFANTIL
PERU;POSPAGO;PLATA DIGITAL (HD);1312;DISNEY CHANNEL HD;HD;INFANTIL
PERU;POSPAGO;PLATA DIGITAL (HD);1315;DISNEY JUNIOR HD;HD;INFANTIL
PERU;POSPAGO;PLATA DIGITAL (HD);1318;PLIM PLIM HD;HD;INFANTIL
PERU;POSPAGO;PLATA DIGITAL (HD);1319;EL REINO INFANTIL HD;HD;INFANTIL
PERU;POSPAGO;PLATA DIGITAL (HD);1330;DISCOVERY KIDS HD;HD;INFANTIL
PERU;POSPAGO;PLATA DIGITAL (HD);1502;TNT HD;HD;SERIES Y PELICULAS
PERU;POSPAGO;PLATA DIGITAL (HD);1503;GOLDEN HD;HD;SERIES Y PELICULAS
PERU;POSPAGO;PLATA DIGITAL (HD);1506;SONY MOVIES;HD;SERIES Y PELICULAS
PERU;POSPAGO;PLATA DIGITAL (HD);1507;CINECANAL HD;HD;SERIES Y PELICULAS
PERU;POSPAGO;PLATA DIGITAL (HD);1508;STUDIO UNIVERSAL HD;HD;SERIES Y PELICULAS
PERU;POSPAGO;PLATA DIGITAL (HD);1509;CINEMAX HD;HD;SERIES Y PELICULAS
PERU;POSPAGO;PLATA DIGITAL (HD);1510;MÓRBIDO TV HD;HD;SERIES Y PELICULAS
PERU;POSPAGO;PLATA DIGITAL (HD);1518;SPACE HD;HD;SERIES Y PELICULAS
PERU;POSPAGO;PLATA DIGITAL (HD);1603;L1;HD;DEPORTES
PERU;POSPAGO;PLATA DIGITAL (HD);1604;L1M;HD;DEPORTES
PERU;POSPAGO;PLATA DIGITAL (HD);1610;DSPORTS HD;HD;DEPORTES
PERU;POSPAGO;PLATA DIGITAL (HD);1612;DSPORTS 2 HD;HD;DEPORTES
PERU;POSPAGO;PLATA DIGITAL (HD);1613;DSPORTS + HD;HD;DEPORTES
PERU;POSPAGO;PLATA DIGITAL (HD);1621;ESPN HD;HD;DEPORTES
PERU;POSPAGO;PLATA DIGITAL (HD);1622;ESPN 2 HD;HD;DEPORTES
PERU;POSPAGO;PLATA DIGITAL (HD);1623;ESPN 3 HD;HD;DEPORTES
PERU;POSPAGO;PLATA DIGITAL (HD);1624;ESPN 4 HD;HD;DEPORTES
PERU;POSPAGO;PLATA DIGITAL (HD);1625;ESPN 5;HD;DEPORTES
PERU;POSPAGO;PLATA DIGITAL (HD);1626;ESPN 6;HD;DEPORTES
PERU;POSPAGO;PLATA DIGITAL (HD);1627;ESPN 7 HD;HD;DEPORTES
PERU;POSPAGO;PLATA DIGITAL (HD);1700;DNEWS;HD;NOTICIAS
PERU;POSPAGO;PLATA DIGITAL (HD);1730;NATIONAL GEOGRAPHIC HD;HD;CIENCIA Y CULTURA
PERU;POSPAGO;PLATA DIGITAL (HD);1731;DISCOVERY THEATER HD;HD;CIENCIA Y CULTURA
PERU;POSPAGO;PLATA DIGITAL (HD);1732;DISCOVERY HD;HD;CIENCIA Y CULTURA
PERU;POSPAGO;PLATA DIGITAL (HD);1734;ANIMAL PLANET HD;HD;CIENCIA Y CULTURA
PERU;POSPAGO;PLATA DIGITAL (HD);1740;TLC;HD;HOGAR Y VARIEDADES
PERU;POSPAGO;PLATA DIGITAL (HD);1742;HISTORY HD;HD;CIENCIA Y CULTURA
PERU;POSPAGO;PLATA DIGITAL (HD);1744;HISTORY 2 HD;HD;CIENCIA Y CULTURA
PERU;POSPAGO;PLATA DIGITAL (HD);1762;ANTENA 3 HD;HD;NACIONAL
PERU;POSPAGO;PLATA DIGITAL (HD);1764;FRANCE 24 HD;HD;NOTICIAS
PERU;POSPAGO;PLATA DIGITAL;100;CANAL 100;SD;INFORMATIVO
PERU;POSPAGO;PLATA DIGITAL;100;INFORMACIÓN DIRECTV;SD;INFORMATIVO
PERU;POSPAGO;PLATA DIGITAL;127;DSHOW;SD;HOGAR Y VARIEDADES
PERU;POSPAGO;PLATA DIGITAL;190;EXITOSA;SD;NOTICIAS
PERU;POSPAGO;PLATA DIGITAL;192;LATINA;SD;NACIONAL
PERU;POSPAGO;PLATA DIGITAL;193;EL CONGRESO;SD;INFORMATIVO
PERU;POSPAGO;PLATA DIGITAL;194;AMÉRICA TELEVISION;SD;NACIONAL
PERU;POSPAGO;PLATA DIGITAL;195;PANAMERICANA;SD;NACIONAL
PERU;POSPAGO;PLATA DIGITAL;196;ATV+;SD;NOTICIAS
PERU;POSPAGO;PLATA DIGITAL;197;TV PERÚ;SD;NACIONAL
PERU;POSPAGO;PLATA DIGITAL;198;GLOBAL;SD;NACIONAL
PERU;POSPAGO;PLATA DIGITAL;199;ATV;SD;NACIONAL
PERU;POSPAGO;PLATA DIGITAL;202;STAR CHANNEL;SD;SERIES Y PELICULAS
PERU;POSPAGO;PLATA DIGITAL;206;WARNER;SD;SERIES Y PELICULAS
PERU;POSPAGO;PLATA DIGITAL;207;A&E MUNDO;SD;SERIES Y PELICULAS
PERU;POSPAGO;PLATA DIGITAL;208;SONY;SD;SERIES Y PELICULAS
PERU;POSPAGO;PLATA DIGITAL;209;AXN;SD;SERIES Y PELICULAS
PERU;POSPAGO;PLATA DIGITAL;210;AMC;SD;SERIES Y PELICULAS
PERU;POSPAGO;PLATA DIGITAL;213;TNT SERIES;SD;SERIES Y PELICULAS
PERU;POSPAGO;PLATA DIGITAL;216;TNT NOVELAS;SD;TELENOVELAS
PERU;POSPAGO;PLATA DIGITAL;217;FX;SD;SERIES Y PELICULAS
PERU;POSPAGO;PLATA DIGITAL;218;UNIVERSAL;SD;SERIES Y PELICULAS
PERU;POSPAGO;PLATA DIGITAL;220;ADULT SWIM;SD;INFANTIL
PERU;POSPAGO;PLATA DIGITAL;221;¡HOLA! TV;SD;HOGAR Y VARIEDADES
PERU;POSPAGO;PLATA DIGITAL;222;E!;SD;HOGAR Y VARIEDADES
PERU;POSPAGO;PLATA DIGITAL;223;ID;SD;CIENCIA Y CULTURA
PERU;POSPAGO;PLATA DIGITAL;226;LAS ESTRELLAS;SD;NACIONAL
PERU;POSPAGO;PLATA DIGITAL;227;TL NOVELAS;SD;TELENOVELAS
PERU;POSPAGO;PLATA DIGITAL;229;DISCOVERY HOME & HEALTH;SD;HOGAR Y VARIEDADES
PERU;POSPAGO;PLATA DIGITAL;230;AMC SERIES;SD;SERIES Y PELICULAS
PERU;POSPAGO;PLATA DIGITAL;231;TELEMUNDO;SD;TELENOVELAS
PERU;POSPAGO;PLATA DIGITAL;232;EL GOURMET;SD;GASTRONÓMICO
PERU;POSPAGO;PLATA DIGITAL;233;FOOD NETWORK;SD;GASTRONÓMICO
PERU;POSPAGO;PLATA DIGITAL;240;CARAS TV;SD;HOGAR Y VARIEDADES
PERU;POSPAGO;PLATA DIGITAL;264;MTV;SD;MUSICAL
PERU;POSPAGO;PLATA DIGITAL;269;QUIERO MÚSICA EN MI IDIOMA;SD;MUSICAL
PERU;POSPAGO;PLATA DIGITAL;304;CARTOON NETWORK;SD;INFANTIL
PERU;POSPAGO;PLATA DIGITAL;308;NICKELODEON;SD;INFANTIL
PERU;POSPAGO;PLATA DIGITAL;309;NICK JR.;SD;INFANTIL
PERU;POSPAGO;PLATA DIGITAL;312;DISNEY CHANNEL;SD;INFANTIL
PERU;POSPAGO;PLATA DIGITAL;315;DISNEY JUNIOR;SD;INFANTIL
PERU;POSPAGO;PLATA DIGITAL;318;PLIM PLIM;SD;INFANTIL
PERU;POSPAGO;PLATA DIGITAL;319;EL REINO INFANTIL;SD;INFANTIL
PERU;POSPAGO;PLATA DIGITAL;330;DISCOVERY KIDS;SD;INFANTIL
PERU;POSPAGO;PLATA DIGITAL;334;CARTOONITO;SD;INFANTIL
PERU;POSPAGO;PLATA DIGITAL;350;EWTN;SD;RELIGIOSO
PERU;POSPAGO;PLATA DIGITAL;352;TBN ENLACE;SD;RELIGIOSO
PERU;POSPAGO;PLATA DIGITAL;354;CANAL LUZ;SD;RELIGIOSO
PERU;POSPAGO;PLATA DIGITAL;502;TNT;SD;SERIES Y PELICULAS
PERU;POSPAGO;PLATA DIGITAL;503;GOLDEN;SD;SERIES Y PELICULAS
PERU;POSPAGO;PLATA DIGITAL;506;SONY MOVIES;SD;SERIES Y PELICULAS
PERU;POSPAGO;PLATA DIGITAL;507;CINECANAL;SD;SERIES Y PELICULAS
PERU;POSPAGO;PLATA DIGITAL;508;STUDIO UNIVERSAL;SD;SERIES Y PELICULAS
PERU;POSPAGO;PLATA DIGITAL;509;CINEMAX;SD;SERIES Y PELICULAS
PERU;POSPAGO;PLATA DIGITAL;510;MÓRBIDO TV;SD;SERIES Y PELICULAS
PERU;POSPAGO;PLATA DIGITAL;516;DE PELÍCULA;SD;SERIES Y PELICULAS
PERU;POSPAGO;PLATA DIGITAL;517;GOLDEN EDGE;SD;SERIES Y PELICULAS
PERU;POSPAGO;PLATA DIGITAL;518;SPACE;SD;SERIES Y PELICULAS
PERU;POSPAGO;PLATA DIGITAL;603;L1;SD;DEPORTES
PERU;POSPAGO;PLATA DIGITAL;604;L1M;SD;DEPORTES
PERU;POSPAGO;PLATA DIGITAL;610;DSPORTS;SD;DEPORTES
PERU;POSPAGO;PLATA DIGITAL;612;DSPORTS 2;SD;DEPORTES
PERU;POSPAGO;PLATA DIGITAL;613;DSPORTS +;SD;DEPORTES
PERU;POSPAGO;PLATA DIGITAL;621;ESPN;SD;DEPORTES
PERU;POSPAGO;PLATA DIGITAL;622;ESPN 2;SD;DEPORTES
PERU;POSPAGO;PLATA DIGITAL;623;ESPN 3;SD;DEPORTES
PERU;POSPAGO;PLATA DIGITAL;625;ESPN 5;SD;DEPORTES
PERU;POSPAGO;PLATA DIGITAL;626;ESPN 6;SD;DEPORTES
PERU;POSPAGO;PLATA DIGITAL;627;ESPN 7;SD;DEPORTES
PERU;POSPAGO;PLATA DIGITAL;700;DNEWS;SD;NOTICIAS
PERU;POSPAGO;PLATA DIGITAL;704;CNN EN ESPAÑOL;SD;NOTICIAS
PERU;POSPAGO;PLATA DIGITAL;706;CNN INTERNATIONAL;SD;NOTICIAS
PERU;POSPAGO;PLATA DIGITAL;716;TODO NOTICIAS;SD;NOTICIAS
PERU;POSPAGO;PLATA DIGITAL;720;26NOTICIAS;SD;NOTICIAS
PERU;POSPAGO;PLATA DIGITAL;726;CANAL RURAL;SD;EDUCATIVO
PERU;POSPAGO;PLATA DIGITAL;730;NATIONAL GEOGRAPHIC;SD;CIENCIA Y CULTURA
PERU;POSPAGO;PLATA DIGITAL;732;DISCOVERY;SD;CIENCIA Y CULTURA
PERU;POSPAGO;PLATA DIGITAL;734;ANIMAL PLANET;SD;CIENCIA Y CULTURA
PERU;POSPAGO;PLATA DIGITAL;740;TLC;SD;HOGAR Y VARIEDADES
PERU;POSPAGO;PLATA DIGITAL;742;HISTORY;SD;CIENCIA Y CULTURA
PERU;POSPAGO;PLATA DIGITAL;744;HISTORY 2;SD;CIENCIA Y CULTURA
PERU;POSPAGO;PLATA DIGITAL;760;UNIVISION;SD;NACIONAL
PERU;POSPAGO;PLATA DIGITAL;762;ANTENA 3;SD;NACIONAL
PERU;POSPAGO;PLATA DIGITAL;764;FRANCE 24;SD;NOTICIAS
PERU;POSPAGO;PLATA DIGITAL;784;EL TRECE;SD;NACIONAL
PERU;POSPAGO;PLATA DIGITAL;786;TELEFE INTERNACIONAL;SD;NACIONAL
PERU;POSPAGO;PLATA DIGITAL;790;CGTN ESPAÑOL;SD;NOTICIAS
PERU;POSPAGO;PLATA DIGITAL;804;ESCUELA+;SD;EDUCATIVO
PERU;POSPAGO;PLATA DIGITAL;901;DSPORTS RADIO;RADIO;DEPORTES
PERU;POSPAGO;PLATA DIGITAL;980;UNIÓN RADIO NOTICIAS;RADIO;AUDIO
PERU;POSPAGO;PLATA DIGITAL;982;RADIO CARACOL;RADIO;AUDIO
PERU;POSPAGO;PLATA DIGITAL;984;RADIO FRANCE INTERNACIONAL;RADIO;AUDIO
PERU;POSPAGO;PLATA DIGITAL;986;RADIO OXIGENO;RADIO;AUDIO
PERU;POSPAGO;PLATA DIGITAL;987;RADIO STUDIO 92;RADIO;AUDIO
PERU;POSPAGO;PLATA DIGITAL;988;RADIO MODA;RADIO;AUDIO
PERU;POSPAGO;PLATA DIGITAL;992;RADIO ALERTA BOGOTÁ;RADIO;AUDIO
PERU;POSPAGO;PLATA DIGITAL;993;RADIO W;RADIO;AUDIO
PERU;POSPAGO;PLATA DIGITAL;1604;L1M;HD;DEPORTES
PERU;POSPAGO;PLATA HD;100;CANAL 100;SD;INFORMATIVO
PERU;POSPAGO;PLATA HD;100;INFORMACIÓN DIRECTV;SD;INFORMATIVO
PERU;POSPAGO;PLATA HD;127;DSHOW;SD;HOGAR Y VARIEDADES
PERU;POSPAGO;PLATA HD;190;EXITOSA;SD;NOTICIAS
PERU;POSPAGO;PLATA HD;192;LATINA;SD;NACIONAL
PERU;POSPAGO;PLATA HD;193;EL CONGRESO;SD;INFORMATIVO
PERU;POSPAGO;PLATA HD;194;AMÉRICA TELEVISION;SD;NACIONAL
PERU;POSPAGO;PLATA HD;195;PANAMERICANA;SD;NACIONAL
PERU;POSPAGO;PLATA HD;196;ATV+;SD;NOTICIAS
PERU;POSPAGO;PLATA HD;197;TV PERÚ;SD;NACIONAL
PERU;POSPAGO;PLATA HD;198;GLOBAL;SD;NACIONAL
PERU;POSPAGO;PLATA HD;199;ATV;SD;NACIONAL
PERU;POSPAGO;PLATA HD;202;STAR CHANNEL;SD;SERIES Y PELICULAS
PERU;POSPAGO;PLATA HD;206;WARNER;SD;SERIES Y PELICULAS
PERU;POSPAGO;PLATA HD;207;A&E MUNDO;SD;SERIES Y PELICULAS
PERU;POSPAGO;PLATA HD;208;SONY;SD;SERIES Y PELICULAS
PERU;POSPAGO;PLATA HD;209;AXN;SD;SERIES Y PELICULAS
PERU;POSPAGO;PLATA HD;210;AMC;SD;SERIES Y PELICULAS
PERU;POSPAGO;PLATA HD;213;TNT SERIES;SD;SERIES Y PELICULAS
PERU;POSPAGO;PLATA HD;216;TNT NOVELAS;SD;TELENOVELAS
PERU;POSPAGO;PLATA HD;217;FX;SD;SERIES Y PELICULAS
PERU;POSPAGO;PLATA HD;218;UNIVERSAL;SD;SERIES Y PELICULAS
PERU;POSPAGO;PLATA HD;220;ADULT SWIM;SD;INFANTIL
PERU;POSPAGO;PLATA HD;221;¡HOLA! TV;SD;HOGAR Y VARIEDADES
PERU;POSPAGO;PLATA HD;222;E!;SD;HOGAR Y VARIEDADES
PERU;POSPAGO;PLATA HD;223;ID;SD;CIENCIA Y CULTURA
PERU;POSPAGO;PLATA HD;226;LAS ESTRELLAS;SD;NACIONAL
PERU;POSPAGO;PLATA HD;227;TL NOVELAS;SD;TELENOVELAS
PERU;POSPAGO;PLATA HD;229;DISCOVERY HOME & HEALTH;SD;HOGAR Y VARIEDADES
PERU;POSPAGO;PLATA HD;230;AMC SERIES;SD;SERIES Y PELICULAS
PERU;POSPAGO;PLATA HD;231;TELEMUNDO;SD;TELENOVELAS
PERU;POSPAGO;PLATA HD;232;EL GOURMET;SD;GASTRONÓMICO
PERU;POSPAGO;PLATA HD;233;FOOD NETWORK;SD;GASTRONÓMICO
PERU;POSPAGO;PLATA HD;240;CARAS TV;SD;HOGAR Y VARIEDADES
PERU;POSPAGO;PLATA HD;264;MTV;SD;MUSICAL
PERU;POSPAGO;PLATA HD;269;QUIERO MÚSICA EN MI IDIOMA;SD;MUSICAL
PERU;POSPAGO;PLATA HD;304;CARTOON NETWORK;SD;INFANTIL
PERU;POSPAGO;PLATA HD;308;NICKELODEON;SD;INFANTIL
PERU;POSPAGO;PLATA HD;309;NICK JR.;SD;INFANTIL
PERU;POSPAGO;PLATA HD;312;DISNEY CHANNEL;SD;INFANTIL
PERU;POSPAGO;PLATA HD;315;DISNEY JUNIOR;SD;INFANTIL
PERU;POSPAGO;PLATA HD;317;BABY TV HD;SD;INFANTIL
PERU;POSPAGO;PLATA HD;318;PLIM PLIM;SD;INFANTIL
PERU;POSPAGO;PLATA HD;319;EL REINO INFANTIL;SD;INFANTIL
PERU;POSPAGO;PLATA HD;330;DISCOVERY KIDS;SD;INFANTIL
PERU;POSPAGO;PLATA HD;334;CARTOONITO;SD;INFANTIL
PERU;POSPAGO;PLATA HD;350;EWTN;SD;RELIGIOSO
PERU;POSPAGO;PLATA HD;352;TBN ENLACE;SD;RELIGIOSO
PERU;POSPAGO;PLATA HD;354;CANAL LUZ;SD;RELIGIOSO
PERU;POSPAGO;PLATA HD;502;TNT;SD;SERIES Y PELICULAS
PERU;POSPAGO;PLATA HD;503;GOLDEN;SD;SERIES Y PELICULAS
PERU;POSPAGO;PLATA HD;506;SONY MOVIES;SD;SERIES Y PELICULAS
PERU;POSPAGO;PLATA HD;507;CINECANAL;SD;SERIES Y PELICULAS
PERU;POSPAGO;PLATA HD;508;STUDIO UNIVERSAL;SD;SERIES Y PELICULAS
PERU;POSPAGO;PLATA HD;509;CINEMAX;SD;SERIES Y PELICULAS
PERU;POSPAGO;PLATA HD;510;MÓRBIDO TV;SD;SERIES Y PELICULAS
PERU;POSPAGO;PLATA HD;516;DE PELÍCULA;SD;SERIES Y PELICULAS
PERU;POSPAGO;PLATA HD;517;GOLDEN EDGE;SD;SERIES Y PELICULAS
PERU;POSPAGO;PLATA HD;518;SPACE;SD;SERIES Y PELICULAS
PERU;POSPAGO;PLATA HD;603;L1;SD;DEPORTES
PERU;POSPAGO;PLATA HD;604;L1M;SD;DEPORTES
PERU;POSPAGO;PLATA HD;610;DSPORTS;SD;DEPORTES
PERU;POSPAGO;PLATA HD;612;DSPORTS 2;SD;DEPORTES
PERU;POSPAGO;PLATA HD;613;DSPORTS +;SD;DEPORTES
PERU;POSPAGO;PLATA HD;621;ESPN;SD;DEPORTES
PERU;POSPAGO;PLATA HD;622;ESPN 2;SD;DEPORTES
PERU;POSPAGO;PLATA HD;623;ESPN 3;SD;DEPORTES
PERU;POSPAGO;PLATA HD;625;ESPN 5;SD;DEPORTES
PERU;POSPAGO;PLATA HD;626;ESPN 6;SD;DEPORTES
PERU;POSPAGO;PLATA HD;627;ESPN 7;SD;DEPORTES
PERU;POSPAGO;PLATA HD;700;DNEWS;SD;NOTICIAS
PERU;POSPAGO;PLATA HD;704;CNN EN ESPAÑOL;SD;NOTICIAS
PERU;POSPAGO;PLATA HD;706;CNN INTERNATIONAL;SD;NOTICIAS
PERU;POSPAGO;PLATA HD;716;TODO NOTICIAS;SD;NOTICIAS
PERU;POSPAGO;PLATA HD;720;26NOTICIAS;SD;NOTICIAS
PERU;POSPAGO;PLATA HD;726;CANAL RURAL;SD;EDUCATIVO
PERU;POSPAGO;PLATA HD;730;NATIONAL GEOGRAPHIC;SD;CIENCIA Y CULTURA
PERU;POSPAGO;PLATA HD;732;DISCOVERY;SD;CIENCIA Y CULTURA
PERU;POSPAGO;PLATA HD;734;ANIMAL PLANET;SD;CIENCIA Y CULTURA
PERU;POSPAGO;PLATA HD;740;TLC;SD;HOGAR Y VARIEDADES
PERU;POSPAGO;PLATA HD;742;HISTORY;SD;CIENCIA Y CULTURA
PERU;POSPAGO;PLATA HD;744;HISTORY 2;SD;CIENCIA Y CULTURA
PERU;POSPAGO;PLATA HD;760;UNIVISION;SD;NACIONAL
PERU;POSPAGO;PLATA HD;762;ANTENA 3;SD;NACIONAL
PERU;POSPAGO;PLATA HD;764;FRANCE 24;SD;NOTICIAS
PERU;POSPAGO;PLATA HD;784;EL TRECE;SD;NACIONAL
PERU;POSPAGO;PLATA HD;786;TELEFE INTERNACIONAL;SD;NACIONAL
PERU;POSPAGO;PLATA HD;790;CGTN ESPAÑOL;SD;NOTICIAS
PERU;POSPAGO;PLATA HD;804;ESCUELA+;SD;EDUCATIVO
PERU;POSPAGO;PLATA HD;901;DSPORTS RADIO;RADIO;DEPORTES
PERU;POSPAGO;PLATA HD;980;UNIÓN RADIO NOTICIAS;RADIO;AUDIO
PERU;POSPAGO;PLATA HD;982;RADIO CARACOL;RADIO;AUDIO
PERU;POSPAGO;PLATA HD;984;RADIO FRANCE INTERNACIONAL;RADIO;AUDIO
PERU;POSPAGO;PLATA HD;986;RADIO OXIGENO;RADIO;AUDIO
PERU;POSPAGO;PLATA HD;987;RADIO STUDIO 92;RADIO;AUDIO
PERU;POSPAGO;PLATA HD;988;RADIO MODA;RADIO;AUDIO
PERU;POSPAGO;PLATA HD;992;RADIO ALERTA BOGOTÁ;RADIO;AUDIO
PERU;POSPAGO;PLATA HD;993;RADIO W;RADIO;AUDIO
PERU;POSPAGO;PLATA HD;1127;DSHOW;HD;HOGAR Y VARIEDADES
PERU;POSPAGO;PLATA HD;1189;RPP;HD;NOTICIAS
PERU;POSPAGO;PLATA HD;1190;TV PERÚ NOTICIAS HD;HD;NOTICIAS
PERU;POSPAGO;PLATA HD;1191;WILLAX HD;HD;DEPORTES
PERU;POSPAGO;PLATA HD;1192;LATINA HD;HD;NACIONAL
PERU;POSPAGO;PLATA HD;1193;A LA COCINA;HD;GASTRONÓMICO
PERU;POSPAGO;PLATA HD;1194;AMÉRICA TELEVISION HD;HD;NACIONAL
PERU;POSPAGO;PLATA HD;1195;PANAMERICANA HD;HD;NACIONAL
PERU;POSPAGO;PLATA HD;1196;ATV+;HD;NOTICIAS
PERU;POSPAGO;PLATA HD;1197;TV PERÚ HD;HD;NACIONAL
PERU;POSPAGO;PLATA HD;1198;GLOBAL HD;HD;NACIONAL
PERU;POSPAGO;PLATA HD;1199;ATV9 HD;HD;NACIONAL
PERU;POSPAGO;PLATA HD;1204;STAR CHANNEL HD;HD;SERIES Y PELICULAS
PERU;POSPAGO;PLATA HD;1206;WARNER HD;HD;SERIES Y PELICULAS
PERU;POSPAGO;PLATA HD;1207;A&E MUNDO HD;HD;SERIES Y PELICULAS
PERU;POSPAGO;PLATA HD;1208;SONY HD;HD;SERIES Y PELICULAS
PERU;POSPAGO;PLATA HD;1209;AXN HD;HD;SERIES Y PELICULAS
PERU;POSPAGO;PLATA HD;1210;AMC HD;HD;SERIES Y PELICULAS
PERU;POSPAGO;PLATA HD;1213;TNT SERIES HD;HD;SERIES Y PELICULAS
PERU;POSPAGO;PLATA HD;1217;FX HD;HD;SERIES Y PELICULAS
PERU;POSPAGO;PLATA HD;1218;UNIVERSAL HD;HD;SERIES Y PELICULAS
PERU;POSPAGO;PLATA HD;1221;¡HOLA! TV HD;HD;HOGAR Y VARIEDADES
PERU;POSPAGO;PLATA HD;1222;E! HD;HD;HOGAR Y VARIEDADES
PERU;POSPAGO;PLATA HD;1223;ID HD;HD;CIENCIA Y CULTURA
PERU;POSPAGO;PLATA HD;1229;DISCOVERY HOME & HEALTH HD;HD;HOGAR Y VARIEDADES
PERU;POSPAGO;PLATA HD;1232;EL GOURMET;HD;GASTRONÓMICO
PERU;POSPAGO;PLATA HD;1233;FOOD NETWORK HD;HD;GASTRONÓMICO
PERU;POSPAGO;PLATA HD;1236;VEPLUS;HD;HOGAR Y VARIEDADES
PERU;POSPAGO;PLATA HD;1264;MTV HD;HD;MUSICAL
PERU;POSPAGO;PLATA HD;1265;MUSIC TOP HD;HD;MUSICAL
PERU;POSPAGO;PLATA HD;1266;TIERRA MÍA HD;HD;CIENCIA Y CULTURA
PERU;POSPAGO;PLATA HD;1273;INTI HD;HD;EDUCATIVO
PERU;POSPAGO;PLATA HD;1302;ESCUELA+;HD;EDUCATIVO
PERU;POSPAGO;PLATA HD;1304;CARTOON NETWORK HD;HD;INFANTIL
PERU;POSPAGO;PLATA HD;1308;NICKELODEON HD;HD;INFANTIL
PERU;POSPAGO;PLATA HD;1312;DISNEY CHANNEL HD;HD;INFANTIL
PERU;POSPAGO;PLATA HD;1315;DISNEY JUNIOR HD;HD;INFANTIL
PERU;POSPAGO;PLATA HD;1318;PLIM PLIM HD;HD;INFANTIL
PERU;POSPAGO;PLATA HD;1319;EL REINO INFANTIL HD;HD;INFANTIL
PERU;POSPAGO;PLATA HD;1330;DISCOVERY KIDS HD;HD;INFANTIL
PERU;POSPAGO;PLATA HD;1502;TNT HD;HD;SERIES Y PELICULAS
PERU;POSPAGO;PLATA HD;1503;GOLDEN HD;HD;SERIES Y PELICULAS
PERU;POSPAGO;PLATA HD;1506;SONY MOVIES;HD;SERIES Y PELICULAS
PERU;POSPAGO;PLATA HD;1507;CINECANAL HD;HD;SERIES Y PELICULAS
PERU;POSPAGO;PLATA HD;1508;STUDIO UNIVERSAL HD;HD;SERIES Y PELICULAS
PERU;POSPAGO;PLATA HD;1509;CINEMAX HD;HD;SERIES Y PELICULAS
PERU;POSPAGO;PLATA HD;1510;MÓRBIDO TV HD;HD;SERIES Y PELICULAS
PERU;POSPAGO;PLATA HD;1518;SPACE HD;HD;SERIES Y PELICULAS
PERU;POSPAGO;PLATA HD;1603;L1;HD;DEPORTES
PERU;POSPAGO;PLATA HD;1604;L1M;HD;DEPORTES
PERU;POSPAGO;PLATA HD;1610;DSPORTS HD;HD;DEPORTES
PERU;POSPAGO;PLATA HD;1612;DSPORTS 2 HD;HD;DEPORTES
PERU;POSPAGO;PLATA HD;1613;DSPORTS + HD;HD;DEPORTES
PERU;POSPAGO;PLATA HD;1621;ESPN HD;HD;DEPORTES
PERU;POSPAGO;PLATA HD;1622;ESPN 2 HD;HD;DEPORTES
PERU;POSPAGO;PLATA HD;1623;ESPN 3 HD;HD;DEPORTES
PERU;POSPAGO;PLATA HD;1624;ESPN 4 HD;HD;DEPORTES
PERU;POSPAGO;PLATA HD;1625;ESPN 5;HD;DEPORTES
PERU;POSPAGO;PLATA HD;1626;ESPN 6;HD;DEPORTES
PERU;POSPAGO;PLATA HD;1627;ESPN 7 HD;HD;DEPORTES
PERU;POSPAGO;PLATA HD;1700;DNEWS;HD;NOTICIAS
PERU;POSPAGO;PLATA HD;1730;NATIONAL GEOGRAPHIC HD;HD;CIENCIA Y CULTURA
PERU;POSPAGO;PLATA HD;1731;DISCOVERY THEATER HD;HD;CIENCIA Y CULTURA
PERU;POSPAGO;PLATA HD;1732;DISCOVERY HD;HD;CIENCIA Y CULTURA
PERU;POSPAGO;PLATA HD;1734;ANIMAL PLANET HD;HD;CIENCIA Y CULTURA
PERU;POSPAGO;PLATA HD;1740;TLC;HD;HOGAR Y VARIEDADES
PERU;POSPAGO;PLATA HD;1742;HISTORY HD;HD;CIENCIA Y CULTURA
PERU;POSPAGO;PLATA HD;1744;HISTORY 2 HD;HD;CIENCIA Y CULTURA
PERU;POSPAGO;PLATA HD;1762;ANTENA 3 HD;HD;NACIONAL
PERU;POSPAGO;PLATA HD;1764;FRANCE 24 HD;HD;NOTICIAS
PERU;POSPAGO;PLATA HD+;100;CANAL 100;SD;INFORMATIVO
PERU;POSPAGO;PLATA HD+;100;INFORMACIÓN DIRECTV;SD;INFORMATIVO
PERU;POSPAGO;PLATA HD+;127;DSHOW;SD;HOGAR Y VARIEDADES
PERU;POSPAGO;PLATA HD+;190;EXITOSA;SD;NOTICIAS
PERU;POSPAGO;PLATA HD+;192;LATINA;SD;NACIONAL
PERU;POSPAGO;PLATA HD+;193;EL CONGRESO;SD;INFORMATIVO
PERU;POSPAGO;PLATA HD+;194;AMÉRICA TELEVISION;SD;NACIONAL
PERU;POSPAGO;PLATA HD+;195;PANAMERICANA;SD;NACIONAL
PERU;POSPAGO;PLATA HD+;196;ATV+;SD;NOTICIAS
PERU;POSPAGO;PLATA HD+;197;TV PERÚ;SD;NACIONAL
PERU;POSPAGO;PLATA HD+;198;GLOBAL;SD;NACIONAL
PERU;POSPAGO;PLATA HD+;199;ATV;SD;NACIONAL
PERU;POSPAGO;PLATA HD+;202;STAR CHANNEL;SD;SERIES Y PELICULAS
PERU;POSPAGO;PLATA HD+;206;WARNER;SD;SERIES Y PELICULAS
PERU;POSPAGO;PLATA HD+;207;A&E MUNDO;SD;SERIES Y PELICULAS
PERU;POSPAGO;PLATA HD+;208;SONY;SD;SERIES Y PELICULAS
PERU;POSPAGO;PLATA HD+;209;AXN;SD;SERIES Y PELICULAS
PERU;POSPAGO;PLATA HD+;210;AMC;SD;SERIES Y PELICULAS
PERU;POSPAGO;PLATA HD+;213;TNT SERIES;SD;SERIES Y PELICULAS
PERU;POSPAGO;PLATA HD+;216;TNT NOVELAS;SD;TELENOVELAS
PERU;POSPAGO;PLATA HD+;217;FX;SD;SERIES Y PELICULAS
PERU;POSPAGO;PLATA HD+;218;UNIVERSAL;SD;SERIES Y PELICULAS
PERU;POSPAGO;PLATA HD+;220;ADULT SWIM;SD;INFANTIL
PERU;POSPAGO;PLATA HD+;221;¡HOLA! TV;SD;HOGAR Y VARIEDADES
PERU;POSPAGO;PLATA HD+;222;E!;SD;HOGAR Y VARIEDADES
PERU;POSPAGO;PLATA HD+;223;ID;SD;CIENCIA Y CULTURA
PERU;POSPAGO;PLATA HD+;226;LAS ESTRELLAS;SD;NACIONAL
PERU;POSPAGO;PLATA HD+;227;TL NOVELAS;SD;TELENOVELAS
PERU;POSPAGO;PLATA HD+;229;DISCOVERY HOME & HEALTH;SD;HOGAR Y VARIEDADES
PERU;POSPAGO;PLATA HD+;230;AMC SERIES;SD;SERIES Y PELICULAS
PERU;POSPAGO;PLATA HD+;231;TELEMUNDO;SD;TELENOVELAS
PERU;POSPAGO;PLATA HD+;232;EL GOURMET;SD;GASTRONÓMICO
PERU;POSPAGO;PLATA HD+;233;FOOD NETWORK;SD;GASTRONÓMICO
PERU;POSPAGO;PLATA HD+;240;CARAS TV;SD;HOGAR Y VARIEDADES
PERU;POSPAGO;PLATA HD+;264;MTV;SD;MUSICAL
PERU;POSPAGO;PLATA HD+;269;QUIERO MÚSICA EN MI IDIOMA;SD;MUSICAL
PERU;POSPAGO;PLATA HD+;304;CARTOON NETWORK;SD;INFANTIL
PERU;POSPAGO;PLATA HD+;308;NICKELODEON;SD;INFANTIL
PERU;POSPAGO;PLATA HD+;309;NICK JR.;SD;INFANTIL
PERU;POSPAGO;PLATA HD+;312;DISNEY CHANNEL;SD;INFANTIL
PERU;POSPAGO;PLATA HD+;315;DISNEY JUNIOR;SD;INFANTIL
PERU;POSPAGO;PLATA HD+;317;BABY TV HD;SD;INFANTIL
PERU;POSPAGO;PLATA HD+;318;PLIM PLIM;SD;INFANTIL
PERU;POSPAGO;PLATA HD+;319;EL REINO INFANTIL;SD;INFANTIL
PERU;POSPAGO;PLATA HD+;330;DISCOVERY KIDS;SD;INFANTIL
PERU;POSPAGO;PLATA HD+;334;CARTOONITO;SD;INFANTIL
PERU;POSPAGO;PLATA HD+;350;EWTN;SD;RELIGIOSO
PERU;POSPAGO;PLATA HD+;352;TBN ENLACE;SD;RELIGIOSO
PERU;POSPAGO;PLATA HD+;354;CANAL LUZ;SD;RELIGIOSO
PERU;POSPAGO;PLATA HD+;502;TNT;SD;SERIES Y PELICULAS
PERU;POSPAGO;PLATA HD+;503;GOLDEN;SD;SERIES Y PELICULAS
PERU;POSPAGO;PLATA HD+;506;SONY MOVIES;SD;SERIES Y PELICULAS
PERU;POSPAGO;PLATA HD+;507;CINECANAL;SD;SERIES Y PELICULAS
PERU;POSPAGO;PLATA HD+;508;STUDIO UNIVERSAL;SD;SERIES Y PELICULAS
PERU;POSPAGO;PLATA HD+;509;CINEMAX;SD;SERIES Y PELICULAS
PERU;POSPAGO;PLATA HD+;510;MÓRBIDO TV;SD;SERIES Y PELICULAS
PERU;POSPAGO;PLATA HD+;516;DE PELÍCULA;SD;SERIES Y PELICULAS
PERU;POSPAGO;PLATA HD+;517;GOLDEN EDGE;SD;SERIES Y PELICULAS
PERU;POSPAGO;PLATA HD+;518;SPACE;SD;SERIES Y PELICULAS
PERU;POSPAGO;PLATA HD+;603;L1;SD;DEPORTES
PERU;POSPAGO;PLATA HD+;604;L1M;SD;DEPORTES
PERU;POSPAGO;PLATA HD+;610;DSPORTS;SD;DEPORTES
PERU;POSPAGO;PLATA HD+;612;DSPORTS 2;SD;DEPORTES
PERU;POSPAGO;PLATA HD+;613;DSPORTS +;SD;DEPORTES
PERU;POSPAGO;PLATA HD+;621;ESPN;SD;DEPORTES
PERU;POSPAGO;PLATA HD+;622;ESPN 2;SD;DEPORTES
PERU;POSPAGO;PLATA HD+;623;ESPN 3;SD;DEPORTES
PERU;POSPAGO;PLATA HD+;625;ESPN 5;SD;DEPORTES
PERU;POSPAGO;PLATA HD+;626;ESPN 6;SD;DEPORTES
PERU;POSPAGO;PLATA HD+;627;ESPN 7;SD;DEPORTES
PERU;POSPAGO;PLATA HD+;700;DNEWS;SD;NOTICIAS
PERU;POSPAGO;PLATA HD+;704;CNN EN ESPAÑOL;SD;NOTICIAS
PERU;POSPAGO;PLATA HD+;706;CNN INTERNATIONAL;SD;NOTICIAS
PERU;POSPAGO;PLATA HD+;716;TODO NOTICIAS;SD;NOTICIAS
PERU;POSPAGO;PLATA HD+;720;26NOTICIAS;SD;NOTICIAS
PERU;POSPAGO;PLATA HD+;726;CANAL RURAL;SD;EDUCATIVO
PERU;POSPAGO;PLATA HD+;730;NATIONAL GEOGRAPHIC;SD;CIENCIA Y CULTURA
PERU;POSPAGO;PLATA HD+;732;DISCOVERY;SD;CIENCIA Y CULTURA
PERU;POSPAGO;PLATA HD+;734;ANIMAL PLANET;SD;CIENCIA Y CULTURA
PERU;POSPAGO;PLATA HD+;740;TLC;SD;HOGAR Y VARIEDADES
PERU;POSPAGO;PLATA HD+;742;HISTORY;SD;CIENCIA Y CULTURA
PERU;POSPAGO;PLATA HD+;744;HISTORY 2;SD;CIENCIA Y CULTURA
PERU;POSPAGO;PLATA HD+;760;UNIVISION;SD;NACIONAL
PERU;POSPAGO;PLATA HD+;762;ANTENA 3;SD;NACIONAL
PERU;POSPAGO;PLATA HD+;764;FRANCE 24;SD;NOTICIAS
PERU;POSPAGO;PLATA HD+;784;EL TRECE;SD;NACIONAL
PERU;POSPAGO;PLATA HD+;786;TELEFE INTERNACIONAL;SD;NACIONAL
PERU;POSPAGO;PLATA HD+;790;CGTN ESPAÑOL;SD;NOTICIAS
PERU;POSPAGO;PLATA HD+;804;ESCUELA+;SD;EDUCATIVO
PERU;POSPAGO;PLATA HD+;901;DSPORTS RADIO;RADIO;DEPORTES
PERU;POSPAGO;PLATA HD+;980;UNIÓN RADIO NOTICIAS;RADIO;AUDIO
PERU;POSPAGO;PLATA HD+;982;RADIO CARACOL;RADIO;AUDIO
PERU;POSPAGO;PLATA HD+;984;RADIO FRANCE INTERNACIONAL;RADIO;AUDIO
PERU;POSPAGO;PLATA HD+;986;RADIO OXIGENO;RADIO;AUDIO
PERU;POSPAGO;PLATA HD+;987;RADIO STUDIO 92;RADIO;AUDIO
PERU;POSPAGO;PLATA HD+;988;RADIO MODA;RADIO;AUDIO
PERU;POSPAGO;PLATA HD+;992;RADIO ALERTA BOGOTÁ;RADIO;AUDIO
PERU;POSPAGO;PLATA HD+;993;RADIO W;RADIO;AUDIO
PERU;POSPAGO;PLATA HD+;1127;DSHOW;HD;HOGAR Y VARIEDADES
PERU;POSPAGO;PLATA HD+;1189;RPP;HD;NOTICIAS
PERU;POSPAGO;PLATA HD+;1190;TV PERÚ NOTICIAS HD;HD;NOTICIAS
PERU;POSPAGO;PLATA HD+;1191;WILLAX HD;HD;DEPORTES
PERU;POSPAGO;PLATA HD+;1192;LATINA HD;HD;NACIONAL
PERU;POSPAGO;PLATA HD+;1193;A LA COCINA;HD;GASTRONÓMICO
PERU;POSPAGO;PLATA HD+;1194;AMÉRICA TELEVISION HD;HD;NACIONAL
PERU;POSPAGO;PLATA HD+;1195;PANAMERICANA HD;HD;NACIONAL
PERU;POSPAGO;PLATA HD+;1196;ATV+;HD;NOTICIAS
PERU;POSPAGO;PLATA HD+;1197;TV PERÚ HD;HD;NACIONAL
PERU;POSPAGO;PLATA HD+;1198;GLOBAL HD;HD;NACIONAL
PERU;POSPAGO;PLATA HD+;1199;ATV9 HD;HD;NACIONAL
PERU;POSPAGO;PLATA HD+;1204;STAR CHANNEL HD;HD;SERIES Y PELICULAS
PERU;POSPAGO;PLATA HD+;1206;WARNER HD;HD;SERIES Y PELICULAS
PERU;POSPAGO;PLATA HD+;1207;A&E MUNDO HD;HD;SERIES Y PELICULAS
PERU;POSPAGO;PLATA HD+;1208;SONY HD;HD;SERIES Y PELICULAS
PERU;POSPAGO;PLATA HD+;1209;AXN HD;HD;SERIES Y PELICULAS
PERU;POSPAGO;PLATA HD+;1210;AMC HD;HD;SERIES Y PELICULAS
PERU;POSPAGO;PLATA HD+;1213;TNT SERIES HD;HD;SERIES Y PELICULAS
PERU;POSPAGO;PLATA HD+;1217;FX HD;HD;SERIES Y PELICULAS
PERU;POSPAGO;PLATA HD+;1218;UNIVERSAL HD;HD;SERIES Y PELICULAS
PERU;POSPAGO;PLATA HD+;1221;¡HOLA! TV HD;HD;HOGAR Y VARIEDADES
PERU;POSPAGO;PLATA HD+;1222;E! HD;HD;HOGAR Y VARIEDADES
PERU;POSPAGO;PLATA HD+;1223;ID HD;HD;CIENCIA Y CULTURA
PERU;POSPAGO;PLATA HD+;1229;DISCOVERY HOME & HEALTH HD;HD;HOGAR Y VARIEDADES
PERU;POSPAGO;PLATA HD+;1232;EL GOURMET;HD;GASTRONÓMICO
PERU;POSPAGO;PLATA HD+;1233;FOOD NETWORK HD;HD;GASTRONÓMICO
PERU;POSPAGO;PLATA HD+;1236;VEPLUS;HD;HOGAR Y VARIEDADES
PERU;POSPAGO;PLATA HD+;1264;MTV HD;HD;MUSICAL
PERU;POSPAGO;PLATA HD+;1265;MUSIC TOP HD;HD;MUSICAL
PERU;POSPAGO;PLATA HD+;1266;TIERRA MÍA HD;HD;CIENCIA Y CULTURA
PERU;POSPAGO;PLATA HD+;1273;INTI HD;HD;EDUCATIVO
PERU;POSPAGO;PLATA HD+;1302;ESCUELA+;HD;EDUCATIVO
PERU;POSPAGO;PLATA HD+;1304;CARTOON NETWORK HD;HD;INFANTIL
PERU;POSPAGO;PLATA HD+;1308;NICKELODEON HD;HD;INFANTIL
PERU;POSPAGO;PLATA HD+;1312;DISNEY CHANNEL HD;HD;INFANTIL
PERU;POSPAGO;PLATA HD+;1315;DISNEY JUNIOR HD;HD;INFANTIL
PERU;POSPAGO;PLATA HD+;1318;PLIM PLIM HD;HD;INFANTIL
PERU;POSPAGO;PLATA HD+;1319;EL REINO INFANTIL HD;HD;INFANTIL
PERU;POSPAGO;PLATA HD+;1330;DISCOVERY KIDS HD;HD;INFANTIL
PERU;POSPAGO;PLATA HD+;1502;TNT HD;HD;SERIES Y PELICULAS
PERU;POSPAGO;PLATA HD+;1503;GOLDEN HD;HD;SERIES Y PELICULAS
PERU;POSPAGO;PLATA HD+;1506;SONY MOVIES;HD;SERIES Y PELICULAS
PERU;POSPAGO;PLATA HD+;1507;CINECANAL HD;HD;SERIES Y PELICULAS
PERU;POSPAGO;PLATA HD+;1508;STUDIO UNIVERSAL HD;HD;SERIES Y PELICULAS
PERU;POSPAGO;PLATA HD+;1509;CINEMAX HD;HD;SERIES Y PELICULAS
PERU;POSPAGO;PLATA HD+;1510;MÓRBIDO TV HD;HD;SERIES Y PELICULAS
PERU;POSPAGO;PLATA HD+;1518;SPACE HD;HD;SERIES Y PELICULAS
PERU;POSPAGO;PLATA HD+;1603;L1;HD;DEPORTES
PERU;POSPAGO;PLATA HD+;1604;L1M;HD;DEPORTES
PERU;POSPAGO;PLATA HD+;1610;DSPORTS HD;HD;DEPORTES
PERU;POSPAGO;PLATA HD+;1612;DSPORTS 2 HD;HD;DEPORTES
PERU;POSPAGO;PLATA HD+;1613;DSPORTS + HD;HD;DEPORTES
PERU;POSPAGO;PLATA HD+;1621;ESPN HD;HD;DEPORTES
PERU;POSPAGO;PLATA HD+;1622;ESPN 2 HD;HD;DEPORTES
PERU;POSPAGO;PLATA HD+;1623;ESPN 3 HD;HD;DEPORTES
PERU;POSPAGO;PLATA HD+;1624;ESPN 4 HD;HD;DEPORTES
PERU;POSPAGO;PLATA HD+;1625;ESPN 5;HD;DEPORTES
PERU;POSPAGO;PLATA HD+;1626;ESPN 6;HD;DEPORTES
PERU;POSPAGO;PLATA HD+;1627;ESPN 7 HD;HD;DEPORTES
PERU;POSPAGO;PLATA HD+;1700;DNEWS;HD;NOTICIAS
PERU;POSPAGO;PLATA HD+;1730;NATIONAL GEOGRAPHIC HD;HD;CIENCIA Y CULTURA
PERU;POSPAGO;PLATA HD+;1731;DISCOVERY THEATER HD;HD;CIENCIA Y CULTURA
PERU;POSPAGO;PLATA HD+;1732;DISCOVERY HD;HD;CIENCIA Y CULTURA
PERU;POSPAGO;PLATA HD+;1734;ANIMAL PLANET HD;HD;CIENCIA Y CULTURA
PERU;POSPAGO;PLATA HD+;1740;TLC;HD;HOGAR Y VARIEDADES
PERU;POSPAGO;PLATA HD+;1742;HISTORY HD;HD;CIENCIA Y CULTURA
PERU;POSPAGO;PLATA HD+;1744;HISTORY 2 HD;HD;CIENCIA Y CULTURA
PERU;POSPAGO;PLATA HD+;1762;ANTENA 3 HD;HD;NACIONAL
PERU;POSPAGO;PLATA HD+;1764;FRANCE 24 HD;HD;NOTICIAS
PERU;POSPAGO;PLATA;100;CANAL 100;SD;INFORMATIVO
PERU;POSPAGO;PLATA;100;INFORMACIÓN DIRECTV;SD;INFORMATIVO
PERU;POSPAGO;PLATA;127;DSHOW;SD;HOGAR Y VARIEDADES
PERU;POSPAGO;PLATA;190;EXITOSA;SD;NOTICIAS
PERU;POSPAGO;PLATA;192;LATINA;SD;NACIONAL
PERU;POSPAGO;PLATA;193;EL CONGRESO;SD;INFORMATIVO
PERU;POSPAGO;PLATA;194;AMÉRICA TELEVISION;SD;NACIONAL
PERU;POSPAGO;PLATA;195;PANAMERICANA;SD;NACIONAL
PERU;POSPAGO;PLATA;196;ATV+;SD;NOTICIAS
PERU;POSPAGO;PLATA;197;TV PERÚ;SD;NACIONAL
PERU;POSPAGO;PLATA;198;GLOBAL;SD;NACIONAL
PERU;POSPAGO;PLATA;199;ATV;SD;NACIONAL
PERU;POSPAGO;PLATA;202;STAR CHANNEL;SD;SERIES Y PELICULAS
PERU;POSPAGO;PLATA;206;WARNER;SD;SERIES Y PELICULAS
PERU;POSPAGO;PLATA;207;A&E MUNDO;SD;SERIES Y PELICULAS
PERU;POSPAGO;PLATA;208;SONY;SD;SERIES Y PELICULAS
PERU;POSPAGO;PLATA;209;AXN;SD;SERIES Y PELICULAS
PERU;POSPAGO;PLATA;210;AMC;SD;SERIES Y PELICULAS
PERU;POSPAGO;PLATA;213;TNT SERIES;SD;SERIES Y PELICULAS
PERU;POSPAGO;PLATA;216;TNT NOVELAS;SD;TELENOVELAS
PERU;POSPAGO;PLATA;217;FX;SD;SERIES Y PELICULAS
PERU;POSPAGO;PLATA;218;UNIVERSAL;SD;SERIES Y PELICULAS
PERU;POSPAGO;PLATA;220;ADULT SWIM;SD;INFANTIL
PERU;POSPAGO;PLATA;221;¡HOLA! TV;SD;HOGAR Y VARIEDADES
PERU;POSPAGO;PLATA;222;E!;SD;HOGAR Y VARIEDADES
PERU;POSPAGO;PLATA;223;ID;SD;CIENCIA Y CULTURA
PERU;POSPAGO;PLATA;226;LAS ESTRELLAS;SD;NACIONAL
PERU;POSPAGO;PLATA;227;TL NOVELAS;SD;TELENOVELAS
PERU;POSPAGO;PLATA;229;DISCOVERY HOME & HEALTH;SD;HOGAR Y VARIEDADES
PERU;POSPAGO;PLATA;230;AMC SERIES;SD;SERIES Y PELICULAS
PERU;POSPAGO;PLATA;231;TELEMUNDO;SD;TELENOVELAS
PERU;POSPAGO;PLATA;232;EL GOURMET;SD;GASTRONÓMICO
PERU;POSPAGO;PLATA;233;FOOD NETWORK;SD;GASTRONÓMICO
PERU;POSPAGO;PLATA;240;CARAS TV;SD;HOGAR Y VARIEDADES
PERU;POSPAGO;PLATA;264;MTV;SD;MUSICAL
PERU;POSPAGO;PLATA;269;QUIERO MÚSICA EN MI IDIOMA;SD;MUSICAL
PERU;POSPAGO;PLATA;304;CARTOON NETWORK;SD;INFANTIL
PERU;POSPAGO;PLATA;308;NICKELODEON;SD;INFANTIL
PERU;POSPAGO;PLATA;309;NICK JR.;SD;INFANTIL
PERU;POSPAGO;PLATA;312;DISNEY CHANNEL;SD;INFANTIL
PERU;POSPAGO;PLATA;315;DISNEY JUNIOR;SD;INFANTIL
PERU;POSPAGO;PLATA;318;PLIM PLIM;SD;INFANTIL
PERU;POSPAGO;PLATA;319;EL REINO INFANTIL;SD;INFANTIL
PERU;POSPAGO;PLATA;330;DISCOVERY KIDS;SD;INFANTIL
PERU;POSPAGO;PLATA;334;CARTOONITO;SD;INFANTIL
PERU;POSPAGO;PLATA;350;EWTN;SD;RELIGIOSO
PERU;POSPAGO;PLATA;352;TBN ENLACE;SD;RELIGIOSO
PERU;POSPAGO;PLATA;354;CANAL LUZ;SD;RELIGIOSO
PERU;POSPAGO;PLATA;502;TNT;SD;SERIES Y PELICULAS
PERU;POSPAGO;PLATA;503;GOLDEN;SD;SERIES Y PELICULAS
PERU;POSPAGO;PLATA;506;SONY MOVIES;SD;SERIES Y PELICULAS
PERU;POSPAGO;PLATA;507;CINECANAL;SD;SERIES Y PELICULAS
PERU;POSPAGO;PLATA;508;STUDIO UNIVERSAL;SD;SERIES Y PELICULAS
PERU;POSPAGO;PLATA;509;CINEMAX;SD;SERIES Y PELICULAS
PERU;POSPAGO;PLATA;510;MÓRBIDO TV;SD;SERIES Y PELICULAS
PERU;POSPAGO;PLATA;516;DE PELÍCULA;SD;SERIES Y PELICULAS
PERU;POSPAGO;PLATA;517;GOLDEN EDGE;SD;SERIES Y PELICULAS
PERU;POSPAGO;PLATA;518;SPACE;SD;SERIES Y PELICULAS
PERU;POSPAGO;PLATA;603;L1;SD;DEPORTES
PERU;POSPAGO;PLATA;604;L1M;SD;DEPORTES
PERU;POSPAGO;PLATA;610;DSPORTS;SD;DEPORTES
PERU;POSPAGO;PLATA;612;DSPORTS 2;SD;DEPORTES
PERU;POSPAGO;PLATA;613;DSPORTS +;SD;DEPORTES
PERU;POSPAGO;PLATA;621;ESPN;SD;DEPORTES
PERU;POSPAGO;PLATA;622;ESPN 2;SD;DEPORTES
PERU;POSPAGO;PLATA;623;ESPN 3;SD;DEPORTES
PERU;POSPAGO;PLATA;625;ESPN 5;SD;DEPORTES
PERU;POSPAGO;PLATA;626;ESPN 6;SD;DEPORTES
PERU;POSPAGO;PLATA;627;ESPN 7;SD;DEPORTES
PERU;POSPAGO;PLATA;700;DNEWS;SD;NOTICIAS
PERU;POSPAGO;PLATA;704;CNN EN ESPAÑOL;SD;NOTICIAS
PERU;POSPAGO;PLATA;706;CNN INTERNATIONAL;SD;NOTICIAS
PERU;POSPAGO;PLATA;716;TODO NOTICIAS;SD;NOTICIAS
PERU;POSPAGO;PLATA;720;26NOTICIAS;SD;NOTICIAS
PERU;POSPAGO;PLATA;726;CANAL RURAL;SD;EDUCATIVO
PERU;POSPAGO;PLATA;730;NATIONAL GEOGRAPHIC;SD;CIENCIA Y CULTURA
PERU;POSPAGO;PLATA;732;DISCOVERY;SD;CIENCIA Y CULTURA
PERU;POSPAGO;PLATA;734;ANIMAL PLANET;SD;CIENCIA Y CULTURA
PERU;POSPAGO;PLATA;740;TLC;SD;HOGAR Y VARIEDADES
PERU;POSPAGO;PLATA;742;HISTORY;SD;CIENCIA Y CULTURA
PERU;POSPAGO;PLATA;744;HISTORY 2;SD;CIENCIA Y CULTURA
PERU;POSPAGO;PLATA;760;UNIVISION;SD;NACIONAL
PERU;POSPAGO;PLATA;762;ANTENA 3;SD;NACIONAL
PERU;POSPAGO;PLATA;764;FRANCE 24;SD;NOTICIAS
PERU;POSPAGO;PLATA;784;EL TRECE;SD;NACIONAL
PERU;POSPAGO;PLATA;786;TELEFE INTERNACIONAL;SD;NACIONAL
PERU;POSPAGO;PLATA;790;CGTN ESPAÑOL;SD;NOTICIAS
PERU;POSPAGO;PLATA;804;ESCUELA+;SD;EDUCATIVO
PERU;POSPAGO;PLATA;901;DSPORTS RADIO;RADIO;DEPORTES
PERU;POSPAGO;PLATA;980;UNIÓN RADIO NOTICIAS;RADIO;AUDIO
PERU;POSPAGO;PLATA;982;RADIO CARACOL;RADIO;AUDIO
PERU;POSPAGO;PLATA;984;RADIO FRANCE INTERNACIONAL;RADIO;AUDIO
PERU;POSPAGO;PLATA;986;RADIO OXIGENO;RADIO;AUDIO
PERU;POSPAGO;PLATA;987;RADIO STUDIO 92;RADIO;AUDIO
PERU;POSPAGO;PLATA;988;RADIO MODA;RADIO;AUDIO
PERU;POSPAGO;PLATA;992;RADIO ALERTA BOGOTÁ;RADIO;AUDIO
PERU;POSPAGO;PLATA;993;RADIO W;RADIO;AUDIO
PERU;POSPAGO;PLATA;1604;L1M;HD;DEPORTES
PERU;POSPAGO;PLATA+ HD;100;CANAL 100;SD;INFORMATIVO
PERU;POSPAGO;PLATA+ HD;100;INFORMACIÓN DIRECTV;SD;INFORMATIVO
PERU;POSPAGO;PLATA+ HD;127;DSHOW;SD;HOGAR Y VARIEDADES
PERU;POSPAGO;PLATA+ HD;190;EXITOSA;SD;NOTICIAS
PERU;POSPAGO;PLATA+ HD;192;LATINA;SD;NACIONAL
PERU;POSPAGO;PLATA+ HD;193;EL CONGRESO;SD;INFORMATIVO
PERU;POSPAGO;PLATA+ HD;194;AMÉRICA TELEVISION;SD;NACIONAL
PERU;POSPAGO;PLATA+ HD;195;PANAMERICANA;SD;NACIONAL
PERU;POSPAGO;PLATA+ HD;196;ATV+;SD;NOTICIAS
PERU;POSPAGO;PLATA+ HD;197;TV PERÚ;SD;NACIONAL
PERU;POSPAGO;PLATA+ HD;198;GLOBAL;SD;NACIONAL
PERU;POSPAGO;PLATA+ HD;199;ATV;SD;NACIONAL
PERU;POSPAGO;PLATA+ HD;202;STAR CHANNEL;SD;SERIES Y PELICULAS
PERU;POSPAGO;PLATA+ HD;206;WARNER;SD;SERIES Y PELICULAS
PERU;POSPAGO;PLATA+ HD;207;A&E MUNDO;SD;SERIES Y PELICULAS
PERU;POSPAGO;PLATA+ HD;208;SONY;SD;SERIES Y PELICULAS
PERU;POSPAGO;PLATA+ HD;209;AXN;SD;SERIES Y PELICULAS
PERU;POSPAGO;PLATA+ HD;210;AMC;SD;SERIES Y PELICULAS
PERU;POSPAGO;PLATA+ HD;213;TNT SERIES;SD;SERIES Y PELICULAS
PERU;POSPAGO;PLATA+ HD;216;TNT NOVELAS;SD;TELENOVELAS
PERU;POSPAGO;PLATA+ HD;217;FX;SD;SERIES Y PELICULAS
PERU;POSPAGO;PLATA+ HD;218;UNIVERSAL;SD;SERIES Y PELICULAS
PERU;POSPAGO;PLATA+ HD;220;ADULT SWIM;SD;INFANTIL
PERU;POSPAGO;PLATA+ HD;221;¡HOLA! TV;SD;HOGAR Y VARIEDADES
PERU;POSPAGO;PLATA+ HD;222;E!;SD;HOGAR Y VARIEDADES
PERU;POSPAGO;PLATA+ HD;223;ID;SD;CIENCIA Y CULTURA
PERU;POSPAGO;PLATA+ HD;226;LAS ESTRELLAS;SD;NACIONAL
PERU;POSPAGO;PLATA+ HD;227;TL NOVELAS;SD;TELENOVELAS
PERU;POSPAGO;PLATA+ HD;229;DISCOVERY HOME & HEALTH;SD;HOGAR Y VARIEDADES
PERU;POSPAGO;PLATA+ HD;230;AMC SERIES;SD;SERIES Y PELICULAS
PERU;POSPAGO;PLATA+ HD;231;TELEMUNDO;SD;TELENOVELAS
PERU;POSPAGO;PLATA+ HD;232;EL GOURMET;SD;GASTRONÓMICO
PERU;POSPAGO;PLATA+ HD;233;FOOD NETWORK;SD;GASTRONÓMICO
PERU;POSPAGO;PLATA+ HD;240;CARAS TV;SD;HOGAR Y VARIEDADES
PERU;POSPAGO;PLATA+ HD;264;MTV;SD;MUSICAL
PERU;POSPAGO;PLATA+ HD;269;QUIERO MÚSICA EN MI IDIOMA;SD;MUSICAL
PERU;POSPAGO;PLATA+ HD;304;CARTOON NETWORK;SD;INFANTIL
PERU;POSPAGO;PLATA+ HD;308;NICKELODEON;SD;INFANTIL
PERU;POSPAGO;PLATA+ HD;309;NICK JR.;SD;INFANTIL
PERU;POSPAGO;PLATA+ HD;312;DISNEY CHANNEL;SD;INFANTIL
PERU;POSPAGO;PLATA+ HD;315;DISNEY JUNIOR;SD;INFANTIL
PERU;POSPAGO;PLATA+ HD;318;PLIM PLIM;SD;INFANTIL
PERU;POSPAGO;PLATA+ HD;319;EL REINO INFANTIL;SD;INFANTIL
PERU;POSPAGO;PLATA+ HD;330;DISCOVERY KIDS;SD;INFANTIL
PERU;POSPAGO;PLATA+ HD;334;CARTOONITO;SD;INFANTIL
PERU;POSPAGO;PLATA+ HD;350;EWTN;SD;RELIGIOSO
PERU;POSPAGO;PLATA+ HD;352;TBN ENLACE;SD;RELIGIOSO
PERU;POSPAGO;PLATA+ HD;354;CANAL LUZ;SD;RELIGIOSO
PERU;POSPAGO;PLATA+ HD;502;TNT;SD;SERIES Y PELICULAS
PERU;POSPAGO;PLATA+ HD;503;GOLDEN;SD;SERIES Y PELICULAS
PERU;POSPAGO;PLATA+ HD;506;SONY MOVIES;SD;SERIES Y PELICULAS
PERU;POSPAGO;PLATA+ HD;507;CINECANAL;SD;SERIES Y PELICULAS
PERU;POSPAGO;PLATA+ HD;508;STUDIO UNIVERSAL;SD;SERIES Y PELICULAS
PERU;POSPAGO;PLATA+ HD;509;CINEMAX;SD;SERIES Y PELICULAS
PERU;POSPAGO;PLATA+ HD;510;MÓRBIDO TV;SD;SERIES Y PELICULAS
PERU;POSPAGO;PLATA+ HD;516;DE PELÍCULA;SD;SERIES Y PELICULAS
PERU;POSPAGO;PLATA+ HD;517;GOLDEN EDGE;SD;SERIES Y PELICULAS
PERU;POSPAGO;PLATA+ HD;518;SPACE;SD;SERIES Y PELICULAS
PERU;POSPAGO;PLATA+ HD;603;L1;SD;DEPORTES
PERU;POSPAGO;PLATA+ HD;604;L1M;SD;DEPORTES
PERU;POSPAGO;PLATA+ HD;610;DSPORTS;SD;DEPORTES
PERU;POSPAGO;PLATA+ HD;612;DSPORTS 2;SD;DEPORTES
PERU;POSPAGO;PLATA+ HD;613;DSPORTS +;SD;DEPORTES
PERU;POSPAGO;PLATA+ HD;621;ESPN;SD;DEPORTES
PERU;POSPAGO;PLATA+ HD;622;ESPN 2;SD;DEPORTES
PERU;POSPAGO;PLATA+ HD;623;ESPN 3;SD;DEPORTES
PERU;POSPAGO;PLATA+ HD;625;ESPN 5;SD;DEPORTES
PERU;POSPAGO;PLATA+ HD;626;ESPN 6;SD;DEPORTES
PERU;POSPAGO;PLATA+ HD;627;ESPN 7;SD;DEPORTES
PERU;POSPAGO;PLATA+ HD;700;DNEWS;SD;NOTICIAS
PERU;POSPAGO;PLATA+ HD;704;CNN EN ESPAÑOL;SD;NOTICIAS
PERU;POSPAGO;PLATA+ HD;706;CNN INTERNATIONAL;SD;NOTICIAS
PERU;POSPAGO;PLATA+ HD;715;AMÉRICA;SD;NACIONAL
PERU;POSPAGO;PLATA+ HD;716;TODO NOTICIAS;SD;NOTICIAS
PERU;POSPAGO;PLATA+ HD;720;26NOTICIAS;SD;NOTICIAS
PERU;POSPAGO;PLATA+ HD;726;CANAL RURAL;SD;EDUCATIVO
PERU;POSPAGO;PLATA+ HD;730;NATIONAL GEOGRAPHIC;SD;CIENCIA Y CULTURA
PERU;POSPAGO;PLATA+ HD;732;DISCOVERY;SD;CIENCIA Y CULTURA
PERU;POSPAGO;PLATA+ HD;734;ANIMAL PLANET;SD;CIENCIA Y CULTURA
PERU;POSPAGO;PLATA+ HD;740;TLC;SD;HOGAR Y VARIEDADES
PERU;POSPAGO;PLATA+ HD;742;HISTORY;SD;CIENCIA Y CULTURA
PERU;POSPAGO;PLATA+ HD;744;HISTORY 2;SD;CIENCIA Y CULTURA
PERU;POSPAGO;PLATA+ HD;760;UNIVISION;SD;NACIONAL
PERU;POSPAGO;PLATA+ HD;762;ANTENA 3;SD;NACIONAL
PERU;POSPAGO;PLATA+ HD;764;FRANCE 24;SD;NOTICIAS
PERU;POSPAGO;PLATA+ HD;784;EL TRECE;SD;NACIONAL
PERU;POSPAGO;PLATA+ HD;786;TELEFE INTERNACIONAL;SD;NACIONAL
PERU;POSPAGO;PLATA+ HD;790;CGTN ESPAÑOL;SD;NOTICIAS
PERU;POSPAGO;PLATA+ HD;804;ESCUELA+;SD;EDUCATIVO
PERU;POSPAGO;PLATA+ HD;901;DSPORTS RADIO;RADIO;DEPORTES
PERU;POSPAGO;PLATA+ HD;980;UNIÓN RADIO NOTICIAS;RADIO;AUDIO
PERU;POSPAGO;PLATA+ HD;982;RADIO CARACOL;RADIO;AUDIO
PERU;POSPAGO;PLATA+ HD;984;RADIO FRANCE INTERNACIONAL;RADIO;AUDIO
PERU;POSPAGO;PLATA+ HD;986;RADIO OXIGENO;RADIO;AUDIO
PERU;POSPAGO;PLATA+ HD;987;RADIO STUDIO 92;RADIO;AUDIO
PERU;POSPAGO;PLATA+ HD;988;RADIO MODA;RADIO;AUDIO
PERU;POSPAGO;PLATA+ HD;992;RADIO ALERTA BOGOTÁ;RADIO;AUDIO
PERU;POSPAGO;PLATA+ HD;993;RADIO W;RADIO;AUDIO
PERU;POSPAGO;PLATA+ HD;1127;DSHOW;HD;HOGAR Y VARIEDADES
PERU;POSPAGO;PLATA+ HD;1189;RPP;HD;NOTICIAS
PERU;POSPAGO;PLATA+ HD;1190;TV PERÚ NOTICIAS HD;HD;NOTICIAS
PERU;POSPAGO;PLATA+ HD;1191;WILLAX HD;HD;DEPORTES
PERU;POSPAGO;PLATA+ HD;1192;LATINA HD;HD;NACIONAL
PERU;POSPAGO;PLATA+ HD;1193;A LA COCINA;HD;GASTRONÓMICO
PERU;POSPAGO;PLATA+ HD;1194;AMÉRICA TELEVISION HD;HD;NACIONAL
PERU;POSPAGO;PLATA+ HD;1195;PANAMERICANA HD;HD;NACIONAL
PERU;POSPAGO;PLATA+ HD;1196;ATV+;HD;NOTICIAS
PERU;POSPAGO;PLATA+ HD;1197;TV PERÚ HD;HD;NACIONAL
PERU;POSPAGO;PLATA+ HD;1198;GLOBAL HD;HD;NACIONAL
PERU;POSPAGO;PLATA+ HD;1199;ATV9 HD;HD;NACIONAL
PERU;POSPAGO;PLATA+ HD;1204;STAR CHANNEL HD;HD;SERIES Y PELICULAS
PERU;POSPAGO;PLATA+ HD;1206;WARNER HD;HD;SERIES Y PELICULAS
PERU;POSPAGO;PLATA+ HD;1207;A&E MUNDO HD;HD;SERIES Y PELICULAS
PERU;POSPAGO;PLATA+ HD;1208;SONY HD;HD;SERIES Y PELICULAS
PERU;POSPAGO;PLATA+ HD;1209;AXN HD;HD;SERIES Y PELICULAS
PERU;POSPAGO;PLATA+ HD;1210;AMC HD;HD;SERIES Y PELICULAS
PERU;POSPAGO;PLATA+ HD;1213;TNT SERIES HD;HD;SERIES Y PELICULAS
PERU;POSPAGO;PLATA+ HD;1217;FX HD;HD;SERIES Y PELICULAS
PERU;POSPAGO;PLATA+ HD;1218;UNIVERSAL HD;HD;SERIES Y PELICULAS
PERU;POSPAGO;PLATA+ HD;1221;¡HOLA! TV HD;HD;HOGAR Y VARIEDADES
PERU;POSPAGO;PLATA+ HD;1222;E! HD;HD;HOGAR Y VARIEDADES
PERU;POSPAGO;PLATA+ HD;1223;ID HD;HD;CIENCIA Y CULTURA
PERU;POSPAGO;PLATA+ HD;1229;DISCOVERY HOME & HEALTH HD;HD;HOGAR Y VARIEDADES
PERU;POSPAGO;PLATA+ HD;1232;EL GOURMET;HD;GASTRONÓMICO
PERU;POSPAGO;PLATA+ HD;1233;FOOD NETWORK HD;HD;GASTRONÓMICO
PERU;POSPAGO;PLATA+ HD;1234;HOME & GARDEN;HD;HOGAR Y VARIEDADES
PERU;POSPAGO;PLATA+ HD;1236;VEPLUS;HD;HOGAR Y VARIEDADES
PERU;POSPAGO;PLATA+ HD;1264;MTV HD;HD;MUSICAL
PERU;POSPAGO;PLATA+ HD;1265;MUSIC TOP HD;HD;MUSICAL
PERU;POSPAGO;PLATA+ HD;1266;TIERRA MÍA HD;HD;CIENCIA Y CULTURA
PERU;POSPAGO;PLATA+ HD;1273;INTI HD;HD;EDUCATIVO
PERU;POSPAGO;PLATA+ HD;1302;ESCUELA+;HD;EDUCATIVO
PERU;POSPAGO;PLATA+ HD;1304;CARTOON NETWORK HD;HD;INFANTIL
PERU;POSPAGO;PLATA+ HD;1308;NICKELODEON HD;HD;INFANTIL
PERU;POSPAGO;PLATA+ HD;1312;DISNEY CHANNEL HD;HD;INFANTIL
PERU;POSPAGO;PLATA+ HD;1315;DISNEY JUNIOR HD;HD;INFANTIL
PERU;POSPAGO;PLATA+ HD;1318;PLIM PLIM HD;HD;INFANTIL
PERU;POSPAGO;PLATA+ HD;1319;EL REINO INFANTIL HD;HD;INFANTIL
PERU;POSPAGO;PLATA+ HD;1330;DISCOVERY KIDS HD;HD;INFANTIL
PERU;POSPAGO;PLATA+ HD;1502;TNT HD;HD;SERIES Y PELICULAS
PERU;POSPAGO;PLATA+ HD;1503;GOLDEN HD;HD;SERIES Y PELICULAS
PERU;POSPAGO;PLATA+ HD;1506;SONY MOVIES;HD;SERIES Y PELICULAS
PERU;POSPAGO;PLATA+ HD;1507;CINECANAL HD;HD;SERIES Y PELICULAS
PERU;POSPAGO;PLATA+ HD;1508;STUDIO UNIVERSAL HD;HD;SERIES Y PELICULAS
PERU;POSPAGO;PLATA+ HD;1509;CINEMAX HD;HD;SERIES Y PELICULAS
PERU;POSPAGO;PLATA+ HD;1510;MÓRBIDO TV HD;HD;SERIES Y PELICULAS
PERU;POSPAGO;PLATA+ HD;1518;SPACE HD;HD;SERIES Y PELICULAS
PERU;POSPAGO;PLATA+ HD;1603;L1;HD;DEPORTES
PERU;POSPAGO;PLATA+ HD;1604;L1M;HD;DEPORTES
PERU;POSPAGO;PLATA+ HD;1610;DSPORTS HD;HD;DEPORTES
PERU;POSPAGO;PLATA+ HD;1612;DSPORTS 2 HD;HD;DEPORTES
PERU;POSPAGO;PLATA+ HD;1613;DSPORTS + HD;HD;DEPORTES
PERU;POSPAGO;PLATA+ HD;1621;ESPN HD;HD;DEPORTES
PERU;POSPAGO;PLATA+ HD;1622;ESPN 2 HD;HD;DEPORTES
PERU;POSPAGO;PLATA+ HD;1623;ESPN 3 HD;HD;DEPORTES
PERU;POSPAGO;PLATA+ HD;1624;ESPN 4 HD;HD;DEPORTES
PERU;POSPAGO;PLATA+ HD;1625;ESPN 5;HD;DEPORTES
PERU;POSPAGO;PLATA+ HD;1626;ESPN 6;HD;DEPORTES
PERU;POSPAGO;PLATA+ HD;1627;ESPN 7 HD;HD;DEPORTES
PERU;POSPAGO;PLATA+ HD;1700;DNEWS;HD;NOTICIAS
PERU;POSPAGO;PLATA+ HD;1730;NATIONAL GEOGRAPHIC HD;HD;CIENCIA Y CULTURA
PERU;POSPAGO;PLATA+ HD;1731;DISCOVERY THEATER HD;HD;CIENCIA Y CULTURA
PERU;POSPAGO;PLATA+ HD;1732;DISCOVERY HD;HD;CIENCIA Y CULTURA
PERU;POSPAGO;PLATA+ HD;1734;ANIMAL PLANET HD;HD;CIENCIA Y CULTURA
PERU;POSPAGO;PLATA+ HD;1740;TLC;HD;HOGAR Y VARIEDADES
PERU;POSPAGO;PLATA+ HD;1742;HISTORY HD;HD;CIENCIA Y CULTURA
PERU;POSPAGO;PLATA+ HD;1744;HISTORY 2 HD;HD;CIENCIA Y CULTURA
PERU;POSPAGO;PLATA+ HD;1762;ANTENA 3 HD;HD;NACIONAL
PERU;POSPAGO;PLATA+ HD;1764;FRANCE 24 HD;HD;NOTICIAS
PERU;POSPAGO;PLATA+ HD L1M;100;CANAL 100;SD;INFORMATIVO
PERU;POSPAGO;PLATA+ HD L1M;100;INFORMACIÓN DIRECTV;SD;INFORMATIVO
PERU;POSPAGO;PLATA+ HD L1M;127;DSHOW;SD;HOGAR Y VARIEDADES
PERU;POSPAGO;PLATA+ HD L1M;190;EXITOSA;SD;NOTICIAS
PERU;POSPAGO;PLATA+ HD L1M;192;LATINA;SD;NACIONAL
PERU;POSPAGO;PLATA+ HD L1M;193;EL CONGRESO;SD;INFORMATIVO
PERU;POSPAGO;PLATA+ HD L1M;194;AMÉRICA TELEVISION;SD;NACIONAL
PERU;POSPAGO;PLATA+ HD L1M;195;PANAMERICANA;SD;NACIONAL
PERU;POSPAGO;PLATA+ HD L1M;196;ATV+;SD;NOTICIAS
PERU;POSPAGO;PLATA+ HD L1M;197;TV PERÚ;SD;NACIONAL
PERU;POSPAGO;PLATA+ HD L1M;198;GLOBAL;SD;NACIONAL
PERU;POSPAGO;PLATA+ HD L1M;199;ATV;SD;NACIONAL
PERU;POSPAGO;PLATA+ HD L1M;202;STAR CHANNEL;SD;SERIES Y PELICULAS
PERU;POSPAGO;PLATA+ HD L1M;206;WARNER;SD;SERIES Y PELICULAS
PERU;POSPAGO;PLATA+ HD L1M;207;A&E MUNDO;SD;SERIES Y PELICULAS
PERU;POSPAGO;PLATA+ HD L1M;208;SONY;SD;SERIES Y PELICULAS
PERU;POSPAGO;PLATA+ HD L1M;209;AXN;SD;SERIES Y PELICULAS
PERU;POSPAGO;PLATA+ HD L1M;210;AMC;SD;SERIES Y PELICULAS
PERU;POSPAGO;PLATA+ HD L1M;213;TNT SERIES;SD;SERIES Y PELICULAS
PERU;POSPAGO;PLATA+ HD L1M;216;TNT NOVELAS;SD;TELENOVELAS
PERU;POSPAGO;PLATA+ HD L1M;217;FX;SD;SERIES Y PELICULAS
PERU;POSPAGO;PLATA+ HD L1M;218;UNIVERSAL;SD;SERIES Y PELICULAS
PERU;POSPAGO;PLATA+ HD L1M;220;ADULT SWIM;SD;INFANTIL
PERU;POSPAGO;PLATA+ HD L1M;221;¡HOLA! TV;SD;HOGAR Y VARIEDADES
PERU;POSPAGO;PLATA+ HD L1M;222;E!;SD;HOGAR Y VARIEDADES
PERU;POSPAGO;PLATA+ HD L1M;223;ID;SD;CIENCIA Y CULTURA
PERU;POSPAGO;PLATA+ HD L1M;226;LAS ESTRELLAS;SD;NACIONAL
PERU;POSPAGO;PLATA+ HD L1M;227;TL NOVELAS;SD;TELENOVELAS
PERU;POSPAGO;PLATA+ HD L1M;229;DISCOVERY HOME & HEALTH;SD;HOGAR Y VARIEDADES
PERU;POSPAGO;PLATA+ HD L1M;230;AMC SERIES;SD;SERIES Y PELICULAS
PERU;POSPAGO;PLATA+ HD L1M;231;TELEMUNDO;SD;TELENOVELAS
PERU;POSPAGO;PLATA+ HD L1M;232;EL GOURMET;SD;GASTRONÓMICO
PERU;POSPAGO;PLATA+ HD L1M;233;FOOD NETWORK;SD;GASTRONÓMICO
PERU;POSPAGO;PLATA+ HD L1M;240;CARAS TV;SD;HOGAR Y VARIEDADES
PERU;POSPAGO;PLATA+ HD L1M;264;MTV;SD;MUSICAL
PERU;POSPAGO;PLATA+ HD L1M;269;QUIERO MÚSICA EN MI IDIOMA;SD;MUSICAL
PERU;POSPAGO;PLATA+ HD L1M;304;CARTOON NETWORK;SD;INFANTIL
PERU;POSPAGO;PLATA+ HD L1M;308;NICKELODEON;SD;INFANTIL
PERU;POSPAGO;PLATA+ HD L1M;309;NICK JR.;SD;INFANTIL
PERU;POSPAGO;PLATA+ HD L1M;312;DISNEY CHANNEL;SD;INFANTIL
PERU;POSPAGO;PLATA+ HD L1M;315;DISNEY JUNIOR;SD;INFANTIL
PERU;POSPAGO;PLATA+ HD L1M;318;PLIM PLIM;SD;INFANTIL
PERU;POSPAGO;PLATA+ HD L1M;319;EL REINO INFANTIL;SD;INFANTIL
PERU;POSPAGO;PLATA+ HD L1M;330;DISCOVERY KIDS;SD;INFANTIL
PERU;POSPAGO;PLATA+ HD L1M;334;CARTOONITO;SD;INFANTIL
PERU;POSPAGO;PLATA+ HD L1M;350;EWTN;SD;RELIGIOSO
PERU;POSPAGO;PLATA+ HD L1M;352;TBN ENLACE;SD;RELIGIOSO
PERU;POSPAGO;PLATA+ HD L1M;354;CANAL LUZ;SD;RELIGIOSO
PERU;POSPAGO;PLATA+ HD L1M;502;TNT;SD;SERIES Y PELICULAS
PERU;POSPAGO;PLATA+ HD L1M;503;GOLDEN;SD;SERIES Y PELICULAS
PERU;POSPAGO;PLATA+ HD L1M;506;SONY MOVIES;SD;SERIES Y PELICULAS
PERU;POSPAGO;PLATA+ HD L1M;507;CINECANAL;SD;SERIES Y PELICULAS
PERU;POSPAGO;PLATA+ HD L1M;508;STUDIO UNIVERSAL;SD;SERIES Y PELICULAS
PERU;POSPAGO;PLATA+ HD L1M;509;CINEMAX;SD;SERIES Y PELICULAS
PERU;POSPAGO;PLATA+ HD L1M;510;MÓRBIDO TV;SD;SERIES Y PELICULAS
PERU;POSPAGO;PLATA+ HD L1M;516;DE PELÍCULA;SD;SERIES Y PELICULAS
PERU;POSPAGO;PLATA+ HD L1M;517;GOLDEN EDGE;SD;SERIES Y PELICULAS
PERU;POSPAGO;PLATA+ HD L1M;518;SPACE;SD;SERIES Y PELICULAS
PERU;POSPAGO;PLATA+ HD L1M;603;L1;SD;DEPORTES
PERU;POSPAGO;PLATA+ HD L1M;604;L1M;SD;DEPORTES
PERU;POSPAGO;PLATA+ HD L1M;610;DSPORTS;SD;DEPORTES
PERU;POSPAGO;PLATA+ HD L1M;612;DSPORTS 2;SD;DEPORTES
PERU;POSPAGO;PLATA+ HD L1M;613;DSPORTS +;SD;DEPORTES
PERU;POSPAGO;PLATA+ HD L1M;621;ESPN;SD;DEPORTES
PERU;POSPAGO;PLATA+ HD L1M;622;ESPN 2;SD;DEPORTES
PERU;POSPAGO;PLATA+ HD L1M;623;ESPN 3;SD;DEPORTES
PERU;POSPAGO;PLATA+ HD L1M;625;ESPN 5;SD;DEPORTES
PERU;POSPAGO;PLATA+ HD L1M;626;ESPN 6;SD;DEPORTES
PERU;POSPAGO;PLATA+ HD L1M;627;ESPN 7;SD;DEPORTES
PERU;POSPAGO;PLATA+ HD L1M;700;DNEWS;SD;NOTICIAS
PERU;POSPAGO;PLATA+ HD L1M;704;CNN EN ESPAÑOL;SD;NOTICIAS
PERU;POSPAGO;PLATA+ HD L1M;706;CNN INTERNATIONAL;SD;NOTICIAS
PERU;POSPAGO;PLATA+ HD L1M;715;AMÉRICA;SD;NACIONAL
PERU;POSPAGO;PLATA+ HD L1M;716;TODO NOTICIAS;SD;NOTICIAS
PERU;POSPAGO;PLATA+ HD L1M;720;26NOTICIAS;SD;NOTICIAS
PERU;POSPAGO;PLATA+ HD L1M;726;CANAL RURAL;SD;EDUCATIVO
PERU;POSPAGO;PLATA+ HD L1M;730;NATIONAL GEOGRAPHIC;SD;CIENCIA Y CULTURA
PERU;POSPAGO;PLATA+ HD L1M;732;DISCOVERY;SD;CIENCIA Y CULTURA
PERU;POSPAGO;PLATA+ HD L1M;734;ANIMAL PLANET;SD;CIENCIA Y CULTURA
PERU;POSPAGO;PLATA+ HD L1M;740;TLC;SD;HOGAR Y VARIEDADES
PERU;POSPAGO;PLATA+ HD L1M;742;HISTORY;SD;CIENCIA Y CULTURA
PERU;POSPAGO;PLATA+ HD L1M;744;HISTORY 2;SD;CIENCIA Y CULTURA
PERU;POSPAGO;PLATA+ HD L1M;760;UNIVISION;SD;NACIONAL
PERU;POSPAGO;PLATA+ HD L1M;762;ANTENA 3;SD;NACIONAL
PERU;POSPAGO;PLATA+ HD L1M;764;FRANCE 24;SD;NOTICIAS
PERU;POSPAGO;PLATA+ HD L1M;784;EL TRECE;SD;NACIONAL
PERU;POSPAGO;PLATA+ HD L1M;786;TELEFE INTERNACIONAL;SD;NACIONAL
PERU;POSPAGO;PLATA+ HD L1M;790;CGTN ESPAÑOL;SD;NOTICIAS
PERU;POSPAGO;PLATA+ HD L1M;804;ESCUELA+;SD;EDUCATIVO
PERU;POSPAGO;PLATA+ HD L1M;901;DSPORTS RADIO;RADIO;DEPORTES
PERU;POSPAGO;PLATA+ HD L1M;980;UNIÓN RADIO NOTICIAS;RADIO;AUDIO
PERU;POSPAGO;PLATA+ HD L1M;982;RADIO CARACOL;RADIO;AUDIO
PERU;POSPAGO;PLATA+ HD L1M;984;RADIO FRANCE INTERNACIONAL;RADIO;AUDIO
PERU;POSPAGO;PLATA+ HD L1M;986;RADIO OXIGENO;RADIO;AUDIO
PERU;POSPAGO;PLATA+ HD L1M;987;RADIO STUDIO 92;RADIO;AUDIO
PERU;POSPAGO;PLATA+ HD L1M;988;RADIO MODA;RADIO;AUDIO
PERU;POSPAGO;PLATA+ HD L1M;992;RADIO ALERTA BOGOTÁ;RADIO;AUDIO
PERU;POSPAGO;PLATA+ HD L1M;993;RADIO W;RADIO;AUDIO
PERU;POSPAGO;PLATA+ HD L1M;1127;DSHOW;HD;HOGAR Y VARIEDADES
PERU;POSPAGO;PLATA+ HD L1M;1189;RPP;HD;NOTICIAS
PERU;POSPAGO;PLATA+ HD L1M;1190;TV PERÚ NOTICIAS HD;HD;NOTICIAS
PERU;POSPAGO;PLATA+ HD L1M;1191;WILLAX HD;HD;DEPORTES
PERU;POSPAGO;PLATA+ HD L1M;1192;LATINA HD;HD;NACIONAL
PERU;POSPAGO;PLATA+ HD L1M;1193;A LA COCINA;HD;GASTRONÓMICO
PERU;POSPAGO;PLATA+ HD L1M;1194;AMÉRICA TELEVISION HD;HD;NACIONAL
PERU;POSPAGO;PLATA+ HD L1M;1195;PANAMERICANA HD;HD;NACIONAL
PERU;POSPAGO;PLATA+ HD L1M;1196;ATV+;HD;NOTICIAS
PERU;POSPAGO;PLATA+ HD L1M;1197;TV PERÚ HD;HD;NACIONAL
PERU;POSPAGO;PLATA+ HD L1M;1198;GLOBAL HD;HD;NACIONAL
PERU;POSPAGO;PLATA+ HD L1M;1199;ATV9 HD;HD;NACIONAL
PERU;POSPAGO;PLATA+ HD L1M;1204;STAR CHANNEL HD;HD;SERIES Y PELICULAS
PERU;POSPAGO;PLATA+ HD L1M;1206;WARNER HD;HD;SERIES Y PELICULAS
PERU;POSPAGO;PLATA+ HD L1M;1207;A&E MUNDO HD;HD;SERIES Y PELICULAS
PERU;POSPAGO;PLATA+ HD L1M;1208;SONY HD;HD;SERIES Y PELICULAS
PERU;POSPAGO;PLATA+ HD L1M;1209;AXN HD;HD;SERIES Y PELICULAS
PERU;POSPAGO;PLATA+ HD L1M;1210;AMC HD;HD;SERIES Y PELICULAS
PERU;POSPAGO;PLATA+ HD L1M;1213;TNT SERIES HD;HD;SERIES Y PELICULAS
PERU;POSPAGO;PLATA+ HD L1M;1217;FX HD;HD;SERIES Y PELICULAS
PERU;POSPAGO;PLATA+ HD L1M;1218;UNIVERSAL HD;HD;SERIES Y PELICULAS
PERU;POSPAGO;PLATA+ HD L1M;1221;¡HOLA! TV HD;HD;HOGAR Y VARIEDADES
PERU;POSPAGO;PLATA+ HD L1M;1222;E! HD;HD;HOGAR Y VARIEDADES
PERU;POSPAGO;PLATA+ HD L1M;1223;ID HD;HD;CIENCIA Y CULTURA
PERU;POSPAGO;PLATA+ HD L1M;1229;DISCOVERY HOME & HEALTH HD;HD;HOGAR Y VARIEDADES
PERU;POSPAGO;PLATA+ HD L1M;1232;EL GOURMET;HD;GASTRONÓMICO
PERU;POSPAGO;PLATA+ HD L1M;1233;FOOD NETWORK HD;HD;GASTRONÓMICO
PERU;POSPAGO;PLATA+ HD L1M;1234;HOME & GARDEN;HD;HOGAR Y VARIEDADES
PERU;POSPAGO;PLATA+ HD L1M;1236;VEPLUS;HD;HOGAR Y VARIEDADES
PERU;POSPAGO;PLATA+ HD L1M;1264;MTV HD;HD;MUSICAL
PERU;POSPAGO;PLATA+ HD L1M;1265;MUSIC TOP HD;HD;MUSICAL
PERU;POSPAGO;PLATA+ HD L1M;1266;TIERRA MÍA HD;HD;CIENCIA Y CULTURA
PERU;POSPAGO;PLATA+ HD L1M;1273;INTI HD;HD;EDUCATIVO
PERU;POSPAGO;PLATA+ HD L1M;1302;ESCUELA+;HD;EDUCATIVO
PERU;POSPAGO;PLATA+ HD L1M;1304;CARTOON NETWORK HD;HD;INFANTIL
PERU;POSPAGO;PLATA+ HD L1M;1308;NICKELODEON HD;HD;INFANTIL
PERU;POSPAGO;PLATA+ HD L1M;1312;DISNEY CHANNEL HD;HD;INFANTIL
PERU;POSPAGO;PLATA+ HD L1M;1315;DISNEY JUNIOR HD;HD;INFANTIL
PERU;POSPAGO;PLATA+ HD L1M;1318;PLIM PLIM HD;HD;INFANTIL
PERU;POSPAGO;PLATA+ HD L1M;1319;EL REINO INFANTIL HD;HD;INFANTIL
PERU;POSPAGO;PLATA+ HD L1M;1330;DISCOVERY KIDS HD;HD;INFANTIL
PERU;POSPAGO;PLATA+ HD L1M;1502;TNT HD;HD;SERIES Y PELICULAS
PERU;POSPAGO;PLATA+ HD L1M;1503;GOLDEN HD;HD;SERIES Y PELICULAS
PERU;POSPAGO;PLATA+ HD L1M;1506;SONY MOVIES;HD;SERIES Y PELICULAS
PERU;POSPAGO;PLATA+ HD L1M;1507;CINECANAL HD;HD;SERIES Y PELICULAS
PERU;POSPAGO;PLATA+ HD L1M;1508;STUDIO UNIVERSAL HD;HD;SERIES Y PELICULAS
PERU;POSPAGO;PLATA+ HD L1M;1509;CINEMAX HD;HD;SERIES Y PELICULAS
PERU;POSPAGO;PLATA+ HD L1M;1510;MÓRBIDO TV HD;HD;SERIES Y PELICULAS
PERU;POSPAGO;PLATA+ HD L1M;1518;SPACE HD;HD;SERIES Y PELICULAS
PERU;POSPAGO;PLATA+ HD L1M;1603;L1;HD;DEPORTES
PERU;POSPAGO;PLATA+ HD L1M;1604;L1M;HD;DEPORTES
PERU;POSPAGO;PLATA+ HD L1M;1610;DSPORTS HD;HD;DEPORTES
PERU;POSPAGO;PLATA+ HD L1M;1612;DSPORTS 2 HD;HD;DEPORTES
PERU;POSPAGO;PLATA+ HD L1M;1613;DSPORTS + HD;HD;DEPORTES
PERU;POSPAGO;PLATA+ HD L1M;1621;ESPN HD;HD;DEPORTES
PERU;POSPAGO;PLATA+ HD L1M;1622;ESPN 2 HD;HD;DEPORTES
PERU;POSPAGO;PLATA+ HD L1M;1623;ESPN 3 HD;HD;DEPORTES
PERU;POSPAGO;PLATA+ HD L1M;1624;ESPN 4 HD;HD;DEPORTES
PERU;POSPAGO;PLATA+ HD L1M;1625;ESPN 5;HD;DEPORTES
PERU;POSPAGO;PLATA+ HD L1M;1626;ESPN 6;HD;DEPORTES
PERU;POSPAGO;PLATA+ HD L1M;1627;ESPN 7 HD;HD;DEPORTES
PERU;POSPAGO;PLATA+ HD L1M;1700;DNEWS;HD;NOTICIAS
PERU;POSPAGO;PLATA+ HD L1M;1730;NATIONAL GEOGRAPHIC HD;HD;CIENCIA Y CULTURA
PERU;POSPAGO;PLATA+ HD L1M;1731;DISCOVERY THEATER HD;HD;CIENCIA Y CULTURA
PERU;POSPAGO;PLATA+ HD L1M;1732;DISCOVERY HD;HD;CIENCIA Y CULTURA
PERU;POSPAGO;PLATA+ HD L1M;1734;ANIMAL PLANET HD;HD;CIENCIA Y CULTURA
PERU;POSPAGO;PLATA+ HD L1M;1740;TLC;HD;HOGAR Y VARIEDADES
PERU;POSPAGO;PLATA+ HD L1M;1742;HISTORY HD;HD;CIENCIA Y CULTURA
PERU;POSPAGO;PLATA+ HD L1M;1744;HISTORY 2 HD;HD;CIENCIA Y CULTURA
PERU;POSPAGO;PLATA+ HD L1M;1762;ANTENA 3 HD;HD;NACIONAL
PERU;POSPAGO;PLATA+ HD L1M;1764;FRANCE 24 HD;HD;NOTICIAS
PERU;POSPAGO;PLATINO HD +;100;CANAL 100;SD;INFORMATIVO
PERU;POSPAGO;PLATINO HD +;100;INFORMACIÓN DIRECTV;SD;INFORMATIVO
PERU;POSPAGO;PLATINO HD +;127;DSHOW;SD;HOGAR Y VARIEDADES
PERU;POSPAGO;PLATINO HD +;190;EXITOSA;SD;NOTICIAS
PERU;POSPAGO;PLATINO HD +;192;LATINA;SD;NACIONAL
PERU;POSPAGO;PLATINO HD +;193;EL CONGRESO;SD;INFORMATIVO
PERU;POSPAGO;PLATINO HD +;194;AMÉRICA TELEVISION;SD;NACIONAL
PERU;POSPAGO;PLATINO HD +;195;PANAMERICANA;SD;NACIONAL
PERU;POSPAGO;PLATINO HD +;196;ATV+;SD;NOTICIAS
PERU;POSPAGO;PLATINO HD +;197;TV PERÚ;SD;NACIONAL
PERU;POSPAGO;PLATINO HD +;198;GLOBAL;SD;NACIONAL
PERU;POSPAGO;PLATINO HD +;199;ATV;SD;NACIONAL
PERU;POSPAGO;PLATINO HD +;202;STAR CHANNEL;SD;SERIES Y PELICULAS
PERU;POSPAGO;PLATINO HD +;206;WARNER;SD;SERIES Y PELICULAS
PERU;POSPAGO;PLATINO HD +;207;A&E MUNDO;SD;SERIES Y PELICULAS
PERU;POSPAGO;PLATINO HD +;208;SONY;SD;SERIES Y PELICULAS
PERU;POSPAGO;PLATINO HD +;209;AXN;SD;SERIES Y PELICULAS
PERU;POSPAGO;PLATINO HD +;210;AMC;SD;SERIES Y PELICULAS
PERU;POSPAGO;PLATINO HD +;213;TNT SERIES;SD;SERIES Y PELICULAS
PERU;POSPAGO;PLATINO HD +;214;ATRES SERIES;SD;SERIES Y PELICULAS
PERU;POSPAGO;PLATINO HD +;215;COMEDY CENTRAL;SD;SERIES Y PELICULAS
PERU;POSPAGO;PLATINO HD +;216;TNT NOVELAS;SD;TELENOVELAS
PERU;POSPAGO;PLATINO HD +;217;FX;SD;SERIES Y PELICULAS
PERU;POSPAGO;PLATINO HD +;218;UNIVERSAL;SD;SERIES Y PELICULAS
PERU;POSPAGO;PLATINO HD +;219;USA;SD;SERIES Y PELICULAS
PERU;POSPAGO;PLATINO HD +;220;ADULT SWIM;SD;INFANTIL
PERU;POSPAGO;PLATINO HD +;221;¡HOLA! TV;SD;HOGAR Y VARIEDADES
PERU;POSPAGO;PLATINO HD +;222;E!;SD;HOGAR Y VARIEDADES
PERU;POSPAGO;PLATINO HD +;223;ID;SD;CIENCIA Y CULTURA
PERU;POSPAGO;PLATINO HD +;226;LAS ESTRELLAS;SD;NACIONAL
PERU;POSPAGO;PLATINO HD +;227;TL NOVELAS;SD;TELENOVELAS
PERU;POSPAGO;PLATINO HD +;228;LIFETIME;SD;SERIES Y PELICULAS
PERU;POSPAGO;PLATINO HD +;229;DISCOVERY HOME & HEALTH;SD;HOGAR Y VARIEDADES
PERU;POSPAGO;PLATINO HD +;230;AMC SERIES;SD;SERIES Y PELICULAS
PERU;POSPAGO;PLATINO HD +;231;TELEMUNDO;SD;TELENOVELAS
PERU;POSPAGO;PLATINO HD +;232;EL GOURMET;SD;GASTRONÓMICO
PERU;POSPAGO;PLATINO HD +;233;FOOD NETWORK;SD;GASTRONÓMICO
PERU;POSPAGO;PLATINO HD +;240;CARAS TV;SD;HOGAR Y VARIEDADES
PERU;POSPAGO;PLATINO HD +;264;MTV;SD;MUSICAL
PERU;POSPAGO;PLATINO HD +;269;QUIERO MÚSICA EN MI IDIOMA;SD;MUSICAL
PERU;POSPAGO;PLATINO HD +;304;CARTOON NETWORK;SD;INFANTIL
PERU;POSPAGO;PLATINO HD +;308;NICKELODEON;SD;INFANTIL
PERU;POSPAGO;PLATINO HD +;309;NICK JR.;SD;INFANTIL
PERU;POSPAGO;PLATINO HD +;312;DISNEY CHANNEL;SD;INFANTIL
PERU;POSPAGO;PLATINO HD +;315;DISNEY JUNIOR;SD;INFANTIL
PERU;POSPAGO;PLATINO HD +;318;PLIM PLIM;SD;INFANTIL
PERU;POSPAGO;PLATINO HD +;319;EL REINO INFANTIL;SD;INFANTIL
PERU;POSPAGO;PLATINO HD +;330;DISCOVERY KIDS;SD;INFANTIL
PERU;POSPAGO;PLATINO HD +;334;CARTOONITO;SD;INFANTIL
PERU;POSPAGO;PLATINO HD +;350;EWTN;SD;RELIGIOSO
PERU;POSPAGO;PLATINO HD +;351;ORBE 21;SD;RELIGIOSO
PERU;POSPAGO;PLATINO HD +;352;TBN ENLACE;SD;RELIGIOSO
PERU;POSPAGO;PLATINO HD +;354;CANAL LUZ;SD;RELIGIOSO
PERU;POSPAGO;PLATINO HD +;502;TNT;SD;SERIES Y PELICULAS
PERU;POSPAGO;PLATINO HD +;503;GOLDEN;SD;SERIES Y PELICULAS
PERU;POSPAGO;PLATINO HD +;506;SONY MOVIES;SD;SERIES Y PELICULAS
PERU;POSPAGO;PLATINO HD +;507;CINECANAL;SD;SERIES Y PELICULAS
PERU;POSPAGO;PLATINO HD +;508;STUDIO UNIVERSAL;SD;SERIES Y PELICULAS
PERU;POSPAGO;PLATINO HD +;509;CINEMAX;SD;SERIES Y PELICULAS
PERU;POSPAGO;PLATINO HD +;510;MÓRBIDO TV;SD;SERIES Y PELICULAS
PERU;POSPAGO;PLATINO HD +;513;DHE;SD;SERIES Y PELICULAS
PERU;POSPAGO;PLATINO HD +;516;DE PELÍCULA;SD;SERIES Y PELICULAS
PERU;POSPAGO;PLATINO HD +;517;GOLDEN EDGE;SD;SERIES Y PELICULAS
PERU;POSPAGO;PLATINO HD +;518;SPACE;SD;SERIES Y PELICULAS
PERU;POSPAGO;PLATINO HD +;524;HBO;SD;SERIES Y PELICULAS
PERU;POSPAGO;PLATINO HD +;525;HBO 2;SD;SERIES Y PELICULAS
PERU;POSPAGO;PLATINO HD +;526;HBO PLUS;SD;SERIES Y PELICULAS
PERU;POSPAGO;PLATINO HD +;528;HBO SIGNATURE;SD;SERIES Y PELICULAS
PERU;POSPAGO;PLATINO HD +;534;HBO FAMILY;SD;SERIES Y PELICULAS
PERU;POSPAGO;PLATINO HD +;540;HBO MUNDI;SD;SERIES Y PELICULAS
PERU;POSPAGO;PLATINO HD +;541;HBO POP;SD;SERIES Y PELICULAS
PERU;POSPAGO;PLATINO HD +;542;HBO XTREME;SD;SERIES Y PELICULAS
PERU;POSPAGO;PLATINO HD +;571;UNIVERSAL PREMIERE ESTE;SD;SERIES Y PELICULAS
PERU;POSPAGO;PLATINO HD +;572;UNIVERSAL CINEMA;SD;SERIES Y PELICULAS
PERU;POSPAGO;PLATINO HD +;573;UNIVERSAL COMEDY;SD;SERIES Y PELICULAS
PERU;POSPAGO;PLATINO HD +;574;UNIVERSAL CRIME ESTE;SD;SERIES Y PELICULAS
PERU;POSPAGO;PLATINO HD +;575;UNIVERSAL REALITY;SD;HOGAR Y VARIEDADES
PERU;POSPAGO;PLATINO HD +;576;UNIVERSAL PREMIERE OESTE;SD;SERIES Y PELICULAS
PERU;POSPAGO;PLATINO HD +;577;UNIVERSAL CINEMA OESTE;SD;SERIES Y PELICULAS
PERU;POSPAGO;PLATINO HD +;603;L1;SD;DEPORTES
PERU;POSPAGO;PLATINO HD +;604;L1M;SD;DEPORTES
PERU;POSPAGO;PLATINO HD +;610;DSPORTS;SD;DEPORTES
PERU;POSPAGO;PLATINO HD +;612;DSPORTS 2;SD;DEPORTES
PERU;POSPAGO;PLATINO HD +;613;DSPORTS +;SD;DEPORTES
PERU;POSPAGO;PLATINO HD +;621;ESPN;SD;DEPORTES
PERU;POSPAGO;PLATINO HD +;622;ESPN 2;SD;DEPORTES
PERU;POSPAGO;PLATINO HD +;623;ESPN 3;SD;DEPORTES
PERU;POSPAGO;PLATINO HD +;625;ESPN 5;SD;DEPORTES
PERU;POSPAGO;PLATINO HD +;626;ESPN 6;SD;DEPORTES
PERU;POSPAGO;PLATINO HD +;627;ESPN 7;SD;DEPORTES
PERU;POSPAGO;PLATINO HD +;628;GOLF CHANNEL LATIN AMERICA;SD;DEPORTES
PERU;POSPAGO;PLATINO HD +;629;TYC SPORTS;SD;DEPORTES
PERU;POSPAGO;PLATINO HD +;700;DNEWS;SD;NOTICIAS
PERU;POSPAGO;PLATINO HD +;704;CNN EN ESPAÑOL;SD;NOTICIAS
PERU;POSPAGO;PLATINO HD +;706;CNN INTERNATIONAL;SD;NOTICIAS
PERU;POSPAGO;PLATINO HD +;707;CNN CHILE;SD;NOTICIAS
PERU;POSPAGO;PLATINO HD +;708;TVN 24 HORAS;SD;NOTICIAS
PERU;POSPAGO;PLATINO HD +;710;BLOOMBERG;SD;NOTICIAS
PERU;POSPAGO;PLATINO HD +;715;AMÉRICA;SD;NACIONAL
PERU;POSPAGO;PLATINO HD +;716;TODO NOTICIAS;SD;NOTICIAS
PERU;POSPAGO;PLATINO HD +;720;26NOTICIAS;SD;NOTICIAS
PERU;POSPAGO;PLATINO HD +;725;NTN 24;SD;NOTICIAS
PERU;POSPAGO;PLATINO HD +;726;CANAL RURAL;SD;EDUCATIVO
PERU;POSPAGO;PLATINO HD +;727;CABLE NOTICIAS;SD;NOTICIAS
PERU;POSPAGO;PLATINO HD +;730;NATIONAL GEOGRAPHIC;SD;CIENCIA Y CULTURA
PERU;POSPAGO;PLATINO HD +;732;DISCOVERY;SD;CIENCIA Y CULTURA
PERU;POSPAGO;PLATINO HD +;734;ANIMAL PLANET;SD;CIENCIA Y CULTURA
PERU;POSPAGO;PLATINO HD +;736;DISCOVERY TURBO;SD;HOGAR Y VARIEDADES
PERU;POSPAGO;PLATINO HD +;740;TLC;SD;HOGAR Y VARIEDADES
PERU;POSPAGO;PLATINO HD +;742;HISTORY;SD;CIENCIA Y CULTURA
PERU;POSPAGO;PLATINO HD +;744;HISTORY 2;SD;CIENCIA Y CULTURA
PERU;POSPAGO;PLATINO HD +;760;UNIVISION;SD;NACIONAL
PERU;POSPAGO;PLATINO HD +;762;ANTENA 3;SD;NACIONAL
PERU;POSPAGO;PLATINO HD +;764;FRANCE 24;SD;NOTICIAS
PERU;POSPAGO;PLATINO HD +;766;RAI ITALIA;SD;NACIONAL
PERU;POSPAGO;PLATINO HD +;768;BBC WORLD NEWS;SD;NOTICIAS
PERU;POSPAGO;PLATINO HD +;770;DW LATINOAMÉRICA;SD;NOTICIAS
PERU;POSPAGO;PLATINO HD +;772;CARACOL;SD;NACIONAL
PERU;POSPAGO;PLATINO HD +;773;EL TIEMPO;SD;NOTICIAS
PERU;POSPAGO;PLATINO HD +;774;TV CHILE;SD;NACIONAL
PERU;POSPAGO;PLATINO HD +;775;RCN NUESTRA TELE;SD;NACIONAL
PERU;POSPAGO;PLATINO HD +;776;GLOBO INTERNACIONAL;SD;NACIONAL
PERU;POSPAGO;PLATINO HD +;778;RTP INTERNACIONAL;SD;NACIONAL
PERU;POSPAGO;PLATINO HD +;782;NHK WORLD;SD;NOTICIAS
PERU;POSPAGO;PLATINO HD +;784;EL TRECE;SD;NACIONAL
PERU;POSPAGO;PLATINO HD +;786;TELEFE INTERNACIONAL;SD;NACIONAL
PERU;POSPAGO;PLATINO HD +;790;CGTN ESPAÑOL;SD;NOTICIAS
PERU;POSPAGO;PLATINO HD +;804;ESCUELA+;SD;EDUCATIVO
PERU;POSPAGO;PLATINO HD +;901;DSPORTS RADIO;RADIO;DEPORTES
PERU;POSPAGO;PLATINO HD +;980;UNIÓN RADIO NOTICIAS;RADIO;AUDIO
PERU;POSPAGO;PLATINO HD +;982;RADIO CARACOL;RADIO;AUDIO
PERU;POSPAGO;PLATINO HD +;984;RADIO FRANCE INTERNACIONAL;RADIO;AUDIO
PERU;POSPAGO;PLATINO HD +;986;RADIO OXIGENO;RADIO;AUDIO
PERU;POSPAGO;PLATINO HD +;987;RADIO STUDIO 92;RADIO;AUDIO
PERU;POSPAGO;PLATINO HD +;988;RADIO MODA;RADIO;AUDIO
PERU;POSPAGO;PLATINO HD +;992;RADIO ALERTA BOGOTÁ;RADIO;AUDIO
PERU;POSPAGO;PLATINO HD +;993;RADIO W;RADIO;AUDIO
PERU;POSPAGO;PLATINO HD +;1127;DSHOW;HD;HOGAR Y VARIEDADES
PERU;POSPAGO;PLATINO HD +;1189;RPP;HD;NOTICIAS
PERU;POSPAGO;PLATINO HD +;1190;TV PERÚ NOTICIAS HD;HD;NOTICIAS
PERU;POSPAGO;PLATINO HD +;1191;WILLAX HD;HD;DEPORTES
PERU;POSPAGO;PLATINO HD +;1192;LATINA HD;HD;NACIONAL
PERU;POSPAGO;PLATINO HD +;1193;A LA COCINA;HD;GASTRONÓMICO
PERU;POSPAGO;PLATINO HD +;1194;AMÉRICA TELEVISION HD;HD;NACIONAL
PERU;POSPAGO;PLATINO HD +;1195;PANAMERICANA HD;HD;NACIONAL
PERU;POSPAGO;PLATINO HD +;1196;ATV+;HD;NOTICIAS
PERU;POSPAGO;PLATINO HD +;1197;TV PERÚ HD;HD;NACIONAL
PERU;POSPAGO;PLATINO HD +;1198;GLOBAL HD;HD;NACIONAL
PERU;POSPAGO;PLATINO HD +;1199;ATV9 HD;HD;NACIONAL
PERU;POSPAGO;PLATINO HD +;1204;STAR CHANNEL HD;HD;SERIES Y PELICULAS
PERU;POSPAGO;PLATINO HD +;1206;WARNER HD;HD;SERIES Y PELICULAS
PERU;POSPAGO;PLATINO HD +;1207;A&E MUNDO HD;HD;SERIES Y PELICULAS
PERU;POSPAGO;PLATINO HD +;1208;SONY HD;HD;SERIES Y PELICULAS
PERU;POSPAGO;PLATINO HD +;1209;AXN HD;HD;SERIES Y PELICULAS
PERU;POSPAGO;PLATINO HD +;1210;AMC HD;HD;SERIES Y PELICULAS
PERU;POSPAGO;PLATINO HD +;1213;TNT SERIES HD;HD;SERIES Y PELICULAS
PERU;POSPAGO;PLATINO HD +;1214;ATRES SERIES HD;HD;SERIES Y PELICULAS
PERU;POSPAGO;PLATINO HD +;1215;COMEDY CENTRAL HD;HD;SERIES Y PELICULAS
PERU;POSPAGO;PLATINO HD +;1217;FX HD;HD;SERIES Y PELICULAS
PERU;POSPAGO;PLATINO HD +;1218;UNIVERSAL HD;HD;SERIES Y PELICULAS
PERU;POSPAGO;PLATINO HD +;1219;USA HD;HD;SERIES Y PELICULAS
PERU;POSPAGO;PLATINO HD +;1221;¡HOLA! TV HD;HD;HOGAR Y VARIEDADES
PERU;POSPAGO;PLATINO HD +;1222;E! HD;HD;HOGAR Y VARIEDADES
PERU;POSPAGO;PLATINO HD +;1223;ID HD;HD;CIENCIA Y CULTURA
PERU;POSPAGO;PLATINO HD +;1228;LIFETIME HD;HD;SERIES Y PELICULAS
PERU;POSPAGO;PLATINO HD +;1229;DISCOVERY HOME & HEALTH HD;HD;HOGAR Y VARIEDADES
PERU;POSPAGO;PLATINO HD +;1232;EL GOURMET;HD;GASTRONÓMICO
PERU;POSPAGO;PLATINO HD +;1233;FOOD NETWORK HD;HD;GASTRONÓMICO
PERU;POSPAGO;PLATINO HD +;1234;HOME & GARDEN;HD;HOGAR Y VARIEDADES
PERU;POSPAGO;PLATINO HD +;1236;VEPLUS;HD;HOGAR Y VARIEDADES
PERU;POSPAGO;PLATINO HD +;1264;MTV HD;HD;MUSICAL
PERU;POSPAGO;PLATINO HD +;1265;MUSIC TOP HD;HD;MUSICAL
PERU;POSPAGO;PLATINO HD +;1266;TIERRA MÍA HD;HD;CIENCIA Y CULTURA
PERU;POSPAGO;PLATINO HD +;1273;INTI HD;HD;EDUCATIVO
PERU;POSPAGO;PLATINO HD +;1302;ESCUELA+;HD;EDUCATIVO
PERU;POSPAGO;PLATINO HD +;1304;CARTOON NETWORK HD;HD;INFANTIL
PERU;POSPAGO;PLATINO HD +;1308;NICKELODEON HD;HD;INFANTIL
PERU;POSPAGO;PLATINO HD +;1309;NICK JR. HD;HD;INFANTIL
PERU;POSPAGO;PLATINO HD +;1312;DISNEY CHANNEL HD;HD;INFANTIL
PERU;POSPAGO;PLATINO HD +;1315;DISNEY JUNIOR HD;HD;INFANTIL
PERU;POSPAGO;PLATINO HD +;1318;PLIM PLIM HD;HD;INFANTIL
PERU;POSPAGO;PLATINO HD +;1319;EL REINO INFANTIL HD;HD;INFANTIL
PERU;POSPAGO;PLATINO HD +;1330;DISCOVERY KIDS HD;HD;INFANTIL
PERU;POSPAGO;PLATINO HD +;1502;TNT HD;HD;SERIES Y PELICULAS
PERU;POSPAGO;PLATINO HD +;1503;GOLDEN HD;HD;SERIES Y PELICULAS
PERU;POSPAGO;PLATINO HD +;1506;SONY MOVIES;HD;SERIES Y PELICULAS
PERU;POSPAGO;PLATINO HD +;1507;CINECANAL HD;HD;SERIES Y PELICULAS
PERU;POSPAGO;PLATINO HD +;1508;STUDIO UNIVERSAL HD;HD;SERIES Y PELICULAS
PERU;POSPAGO;PLATINO HD +;1509;CINEMAX HD;HD;SERIES Y PELICULAS
PERU;POSPAGO;PLATINO HD +;1510;MÓRBIDO TV HD;HD;SERIES Y PELICULAS
PERU;POSPAGO;PLATINO HD +;1513;DHE HD;HD;SERIES Y PELICULAS
PERU;POSPAGO;PLATINO HD +;1518;SPACE HD;HD;SERIES Y PELICULAS
PERU;POSPAGO;PLATINO HD +;1524;HBO HD;HD;SERIES Y PELICULAS
PERU;POSPAGO;PLATINO HD +;1525;HBO 2 HD;HD;SERIES Y PELICULAS
PERU;POSPAGO;PLATINO HD +;1528;HBO SIGNATURE HD;HD;SERIES Y PELICULAS
PERU;POSPAGO;PLATINO HD +;1532;HBO PLUS HD;HD;SERIES Y PELICULAS
PERU;POSPAGO;PLATINO HD +;1534;HBO FAMILY HD;HD;SERIES Y PELICULAS
PERU;POSPAGO;PLATINO HD +;1542;HBO XTREME HD;HD;SERIES Y PELICULAS
PERU;POSPAGO;PLATINO HD +;1571;UNIVERSAL PREMIERE ESTE;HD;SERIES Y PELICULAS
PERU;POSPAGO;PLATINO HD +;1572;UNIVERSAL CINEMA;HD;SERIES Y PELICULAS
PERU;POSPAGO;PLATINO HD +;1573;UNIVERSAL COMEDY;HD;SERIES Y PELICULAS
PERU;POSPAGO;PLATINO HD +;1574;UNIVERSAL CRIME ESTE;HD;SERIES Y PELICULAS
PERU;POSPAGO;PLATINO HD +;1575;UNIVERSAL REALITY;HD;HOGAR Y VARIEDADES
PERU;POSPAGO;PLATINO HD +;1576;UNIVERSAL PREMIERE OESTE;HD;SERIES Y PELICULAS
PERU;POSPAGO;PLATINO HD +;1577;UNIVERSAL CINEMA OESTE;HD;SERIES Y PELICULAS
PERU;POSPAGO;PLATINO HD +;1603;L1;HD;DEPORTES
PERU;POSPAGO;PLATINO HD +;1604;L1M;HD;DEPORTES
PERU;POSPAGO;PLATINO HD +;1610;DSPORTS HD;HD;DEPORTES
PERU;POSPAGO;PLATINO HD +;1612;DSPORTS 2 HD;HD;DEPORTES
PERU;POSPAGO;PLATINO HD +;1613;DSPORTS + HD;HD;DEPORTES
PERU;POSPAGO;PLATINO HD +;1621;ESPN HD;HD;DEPORTES
PERU;POSPAGO;PLATINO HD +;1622;ESPN 2 HD;HD;DEPORTES
PERU;POSPAGO;PLATINO HD +;1623;ESPN 3 HD;HD;DEPORTES
PERU;POSPAGO;PLATINO HD +;1624;ESPN 4 HD;HD;DEPORTES
PERU;POSPAGO;PLATINO HD +;1625;ESPN 5;HD;DEPORTES
PERU;POSPAGO;PLATINO HD +;1626;ESPN 6;HD;DEPORTES
PERU;POSPAGO;PLATINO HD +;1627;ESPN 7 HD;HD;DEPORTES
PERU;POSPAGO;PLATINO HD +;1628;GOLF CHANNEL HD;HD;DEPORTES
PERU;POSPAGO;PLATINO HD +;1629;TYC SPORTS;HD;DEPORTES
PERU;POSPAGO;PLATINO HD +;1639;PX SPORTS;HD;DEPORTES
PERU;POSPAGO;PLATINO HD +;1700;DNEWS;HD;NOTICIAS
PERU;POSPAGO;PLATINO HD +;1730;NATIONAL GEOGRAPHIC HD;HD;CIENCIA Y CULTURA
PERU;POSPAGO;PLATINO HD +;1731;DISCOVERY THEATER HD;HD;CIENCIA Y CULTURA
PERU;POSPAGO;PLATINO HD +;1732;DISCOVERY HD;HD;CIENCIA Y CULTURA
PERU;POSPAGO;PLATINO HD +;1734;ANIMAL PLANET HD;HD;CIENCIA Y CULTURA
PERU;POSPAGO;PLATINO HD +;1738;DISCOVERY WORLD HD;HD;CIENCIA Y CULTURA
PERU;POSPAGO;PLATINO HD +;1740;TLC;HD;HOGAR Y VARIEDADES
PERU;POSPAGO;PLATINO HD +;1742;HISTORY HD;HD;CIENCIA Y CULTURA
PERU;POSPAGO;PLATINO HD +;1744;HISTORY 2 HD;HD;CIENCIA Y CULTURA
PERU;POSPAGO;PLATINO HD +;1750;ENCUENTRO INTERNACIONAL HD;HD;EDUCATIVO
PERU;POSPAGO;PLATINO HD +;1762;ANTENA 3 HD;HD;NACIONAL
PERU;POSPAGO;PLATINO HD +;1764;FRANCE 24 HD;HD;NOTICIAS
PERU;POSPAGO;PLATINO;100;CANAL 100;SD;INFORMATIVO
PERU;POSPAGO;PLATINO;100;INFORMACIÓN DIRECTV;SD;INFORMATIVO
PERU;POSPAGO;PLATINO;127;DSHOW;SD;HOGAR Y VARIEDADES
PERU;POSPAGO;PLATINO;190;EXITOSA;SD;NOTICIAS
PERU;POSPAGO;PLATINO;192;LATINA;SD;NACIONAL
PERU;POSPAGO;PLATINO;193;EL CONGRESO;SD;INFORMATIVO
PERU;POSPAGO;PLATINO;194;AMÉRICA TELEVISION;SD;NACIONAL
PERU;POSPAGO;PLATINO;195;PANAMERICANA;SD;NACIONAL
PERU;POSPAGO;PLATINO;196;ATV+;SD;NOTICIAS
PERU;POSPAGO;PLATINO;197;TV PERÚ;SD;NACIONAL
PERU;POSPAGO;PLATINO;198;GLOBAL;SD;NACIONAL
PERU;POSPAGO;PLATINO;199;ATV;SD;NACIONAL
PERU;POSPAGO;PLATINO;202;STAR CHANNEL;SD;SERIES Y PELICULAS
PERU;POSPAGO;PLATINO;206;WARNER;SD;SERIES Y PELICULAS
PERU;POSPAGO;PLATINO;207;A&E MUNDO;SD;SERIES Y PELICULAS
PERU;POSPAGO;PLATINO;208;SONY;SD;SERIES Y PELICULAS
PERU;POSPAGO;PLATINO;209;AXN;SD;SERIES Y PELICULAS
PERU;POSPAGO;PLATINO;210;AMC;SD;SERIES Y PELICULAS
PERU;POSPAGO;PLATINO;213;TNT SERIES;SD;SERIES Y PELICULAS
PERU;POSPAGO;PLATINO;214;ATRES SERIES;SD;SERIES Y PELICULAS
PERU;POSPAGO;PLATINO;216;TNT NOVELAS;SD;TELENOVELAS
PERU;POSPAGO;PLATINO;217;FX;SD;SERIES Y PELICULAS
PERU;POSPAGO;PLATINO;218;UNIVERSAL;SD;SERIES Y PELICULAS
PERU;POSPAGO;PLATINO;219;USA;SD;SERIES Y PELICULAS
PERU;POSPAGO;PLATINO;220;ADULT SWIM;SD;INFANTIL
PERU;POSPAGO;PLATINO;221;¡HOLA! TV;SD;HOGAR Y VARIEDADES
PERU;POSPAGO;PLATINO;222;E!;SD;HOGAR Y VARIEDADES
PERU;POSPAGO;PLATINO;223;ID;SD;CIENCIA Y CULTURA
PERU;POSPAGO;PLATINO;226;LAS ESTRELLAS;SD;NACIONAL
PERU;POSPAGO;PLATINO;227;TL NOVELAS;SD;TELENOVELAS
PERU;POSPAGO;PLATINO;228;LIFETIME;SD;SERIES Y PELICULAS
PERU;POSPAGO;PLATINO;229;DISCOVERY HOME & HEALTH;SD;HOGAR Y VARIEDADES
PERU;POSPAGO;PLATINO;230;AMC SERIES;SD;SERIES Y PELICULAS
PERU;POSPAGO;PLATINO;231;TELEMUNDO;SD;TELENOVELAS
PERU;POSPAGO;PLATINO;232;EL GOURMET;SD;GASTRONÓMICO
PERU;POSPAGO;PLATINO;233;FOOD NETWORK;SD;GASTRONÓMICO
PERU;POSPAGO;PLATINO;240;CARAS TV;SD;HOGAR Y VARIEDADES
PERU;POSPAGO;PLATINO;264;MTV;SD;MUSICAL
PERU;POSPAGO;PLATINO;269;QUIERO MÚSICA EN MI IDIOMA;SD;MUSICAL
PERU;POSPAGO;PLATINO;304;CARTOON NETWORK;SD;INFANTIL
PERU;POSPAGO;PLATINO;308;NICKELODEON;SD;INFANTIL
PERU;POSPAGO;PLATINO;309;NICK JR.;SD;INFANTIL
PERU;POSPAGO;PLATINO;312;DISNEY CHANNEL;SD;INFANTIL
PERU;POSPAGO;PLATINO;315;DISNEY JUNIOR;SD;INFANTIL
PERU;POSPAGO;PLATINO;318;PLIM PLIM;SD;INFANTIL
PERU;POSPAGO;PLATINO;319;EL REINO INFANTIL;SD;INFANTIL
PERU;POSPAGO;PLATINO;330;DISCOVERY KIDS;SD;INFANTIL
PERU;POSPAGO;PLATINO;334;CARTOONITO;SD;INFANTIL
PERU;POSPAGO;PLATINO;350;EWTN;SD;RELIGIOSO
PERU;POSPAGO;PLATINO;351;ORBE 21;SD;RELIGIOSO
PERU;POSPAGO;PLATINO;352;TBN ENLACE;SD;RELIGIOSO
PERU;POSPAGO;PLATINO;354;CANAL LUZ;SD;RELIGIOSO
PERU;POSPAGO;PLATINO;502;TNT;SD;SERIES Y PELICULAS
PERU;POSPAGO;PLATINO;503;GOLDEN;SD;SERIES Y PELICULAS
PERU;POSPAGO;PLATINO;506;SONY MOVIES;SD;SERIES Y PELICULAS
PERU;POSPAGO;PLATINO;507;CINECANAL;SD;SERIES Y PELICULAS
PERU;POSPAGO;PLATINO;508;STUDIO UNIVERSAL;SD;SERIES Y PELICULAS
PERU;POSPAGO;PLATINO;509;CINEMAX;SD;SERIES Y PELICULAS
PERU;POSPAGO;PLATINO;510;MÓRBIDO TV;SD;SERIES Y PELICULAS
PERU;POSPAGO;PLATINO;513;DHE;SD;SERIES Y PELICULAS
PERU;POSPAGO;PLATINO;516;DE PELÍCULA;SD;SERIES Y PELICULAS
PERU;POSPAGO;PLATINO;517;GOLDEN EDGE;SD;SERIES Y PELICULAS
PERU;POSPAGO;PLATINO;518;SPACE;SD;SERIES Y PELICULAS
PERU;POSPAGO;PLATINO;524;HBO;SD;SERIES Y PELICULAS
PERU;POSPAGO;PLATINO;525;HBO 2;SD;SERIES Y PELICULAS
PERU;POSPAGO;PLATINO;526;HBO PLUS;SD;SERIES Y PELICULAS
PERU;POSPAGO;PLATINO;528;HBO SIGNATURE;SD;SERIES Y PELICULAS
PERU;POSPAGO;PLATINO;534;HBO FAMILY;SD;SERIES Y PELICULAS
PERU;POSPAGO;PLATINO;540;HBO MUNDI;SD;SERIES Y PELICULAS
PERU;POSPAGO;PLATINO;541;HBO POP;SD;SERIES Y PELICULAS
PERU;POSPAGO;PLATINO;542;HBO XTREME;SD;SERIES Y PELICULAS
PERU;POSPAGO;PLATINO;571;UNIVERSAL PREMIERE ESTE;SD;SERIES Y PELICULAS
PERU;POSPAGO;PLATINO;572;UNIVERSAL CINEMA;SD;SERIES Y PELICULAS
PERU;POSPAGO;PLATINO;573;UNIVERSAL COMEDY;SD;SERIES Y PELICULAS
PERU;POSPAGO;PLATINO;574;UNIVERSAL CRIME ESTE;SD;SERIES Y PELICULAS
PERU;POSPAGO;PLATINO;575;UNIVERSAL REALITY;SD;HOGAR Y VARIEDADES
PERU;POSPAGO;PLATINO;576;UNIVERSAL PREMIERE OESTE;SD;SERIES Y PELICULAS
PERU;POSPAGO;PLATINO;577;UNIVERSAL CINEMA OESTE;SD;SERIES Y PELICULAS
PERU;POSPAGO;PLATINO;603;L1;SD;DEPORTES
PERU;POSPAGO;PLATINO;604;L1M;SD;DEPORTES
PERU;POSPAGO;PLATINO;610;DSPORTS;SD;DEPORTES
PERU;POSPAGO;PLATINO;612;DSPORTS 2;SD;DEPORTES
PERU;POSPAGO;PLATINO;613;DSPORTS +;SD;DEPORTES
PERU;POSPAGO;PLATINO;621;ESPN;SD;DEPORTES
PERU;POSPAGO;PLATINO;622;ESPN 2;SD;DEPORTES
PERU;POSPAGO;PLATINO;623;ESPN 3;SD;DEPORTES
PERU;POSPAGO;PLATINO;625;ESPN 5;SD;DEPORTES
PERU;POSPAGO;PLATINO;626;ESPN 6;SD;DEPORTES
PERU;POSPAGO;PLATINO;627;ESPN 7;SD;DEPORTES
PERU;POSPAGO;PLATINO;628;GOLF CHANNEL LATIN AMERICA;SD;DEPORTES
PERU;POSPAGO;PLATINO;629;TYC SPORTS;SD;DEPORTES
PERU;POSPAGO;PLATINO;700;DNEWS;SD;NOTICIAS
PERU;POSPAGO;PLATINO;704;CNN EN ESPAÑOL;SD;NOTICIAS
PERU;POSPAGO;PLATINO;706;CNN INTERNATIONAL;SD;NOTICIAS
PERU;POSPAGO;PLATINO;707;CNN CHILE;SD;NOTICIAS
PERU;POSPAGO;PLATINO;708;TVN 24 HORAS;SD;NOTICIAS
PERU;POSPAGO;PLATINO;710;BLOOMBERG;SD;NOTICIAS
PERU;POSPAGO;PLATINO;716;TODO NOTICIAS;SD;NOTICIAS
PERU;POSPAGO;PLATINO;720;26NOTICIAS;SD;NOTICIAS
PERU;POSPAGO;PLATINO;725;NTN 24;SD;NOTICIAS
PERU;POSPAGO;PLATINO;726;CANAL RURAL;SD;EDUCATIVO
PERU;POSPAGO;PLATINO;727;CABLE NOTICIAS;SD;NOTICIAS
PERU;POSPAGO;PLATINO;730;NATIONAL GEOGRAPHIC;SD;CIENCIA Y CULTURA
PERU;POSPAGO;PLATINO;732;DISCOVERY;SD;CIENCIA Y CULTURA
PERU;POSPAGO;PLATINO;734;ANIMAL PLANET;SD;CIENCIA Y CULTURA
PERU;POSPAGO;PLATINO;736;DISCOVERY TURBO;SD;HOGAR Y VARIEDADES
PERU;POSPAGO;PLATINO;740;TLC;SD;HOGAR Y VARIEDADES
PERU;POSPAGO;PLATINO;742;HISTORY;SD;CIENCIA Y CULTURA
PERU;POSPAGO;PLATINO;744;HISTORY 2;SD;CIENCIA Y CULTURA
PERU;POSPAGO;PLATINO;760;UNIVISION;SD;NACIONAL
PERU;POSPAGO;PLATINO;762;ANTENA 3;SD;NACIONAL
PERU;POSPAGO;PLATINO;764;FRANCE 24;SD;NOTICIAS
PERU;POSPAGO;PLATINO;766;RAI ITALIA;SD;NACIONAL
PERU;POSPAGO;PLATINO;768;BBC WORLD NEWS;SD;NOTICIAS
PERU;POSPAGO;PLATINO;770;DW LATINOAMÉRICA;SD;NOTICIAS
PERU;POSPAGO;PLATINO;772;CARACOL;SD;NACIONAL
PERU;POSPAGO;PLATINO;773;EL TIEMPO;SD;NOTICIAS
PERU;POSPAGO;PLATINO;774;TV CHILE;SD;NACIONAL
PERU;POSPAGO;PLATINO;775;RCN NUESTRA TELE;SD;NACIONAL
PERU;POSPAGO;PLATINO;776;GLOBO INTERNACIONAL;SD;NACIONAL
PERU;POSPAGO;PLATINO;778;RTP INTERNACIONAL;SD;NACIONAL
PERU;POSPAGO;PLATINO;782;NHK WORLD;SD;NOTICIAS
PERU;POSPAGO;PLATINO;784;EL TRECE;SD;NACIONAL
PERU;POSPAGO;PLATINO;786;TELEFE INTERNACIONAL;SD;NACIONAL
PERU;POSPAGO;PLATINO;790;CGTN ESPAÑOL;SD;NOTICIAS
PERU;POSPAGO;PLATINO;804;ESCUELA+;SD;EDUCATIVO
PERU;POSPAGO;PLATINO;901;DSPORTS RADIO;RADIO;DEPORTES
PERU;POSPAGO;PLATINO;980;UNIÓN RADIO NOTICIAS;RADIO;AUDIO
PERU;POSPAGO;PLATINO;982;RADIO CARACOL;RADIO;AUDIO
PERU;POSPAGO;PLATINO;984;RADIO FRANCE INTERNACIONAL;RADIO;AUDIO
PERU;POSPAGO;PLATINO;986;RADIO OXIGENO;RADIO;AUDIO
PERU;POSPAGO;PLATINO;987;RADIO STUDIO 92;RADIO;AUDIO
PERU;POSPAGO;PLATINO;988;RADIO MODA;RADIO;AUDIO
PERU;POSPAGO;PLATINO;992;RADIO ALERTA BOGOTÁ;RADIO;AUDIO
PERU;POSPAGO;PLATINO;993;RADIO W;RADIO;AUDIO
PERU;POSPAGO;PLATINO;1127;DSHOW;HD;HOGAR Y VARIEDADES
PERU;POSPAGO;PLATINO;1189;RPP;HD;NOTICIAS
PERU;POSPAGO;PLATINO;1190;TV PERÚ NOTICIAS HD;HD;NOTICIAS
PERU;POSPAGO;PLATINO;1191;WILLAX HD;HD;DEPORTES
PERU;POSPAGO;PLATINO;1192;LATINA HD;HD;NACIONAL
PERU;POSPAGO;PLATINO;1193;A LA COCINA;HD;GASTRONÓMICO
PERU;POSPAGO;PLATINO;1194;AMÉRICA TELEVISION HD;HD;NACIONAL
PERU;POSPAGO;PLATINO;1195;PANAMERICANA HD;HD;NACIONAL
PERU;POSPAGO;PLATINO;1196;ATV+;HD;NOTICIAS
PERU;POSPAGO;PLATINO;1197;TV PERÚ HD;HD;NACIONAL
PERU;POSPAGO;PLATINO;1198;GLOBAL HD;HD;NACIONAL
PERU;POSPAGO;PLATINO;1199;ATV9 HD;HD;NACIONAL
PERU;POSPAGO;PLATINO;1204;STAR CHANNEL HD;HD;SERIES Y PELICULAS
PERU;POSPAGO;PLATINO;1206;WARNER HD;HD;SERIES Y PELICULAS
PERU;POSPAGO;PLATINO;1207;A&E MUNDO HD;HD;SERIES Y PELICULAS
PERU;POSPAGO;PLATINO;1208;SONY HD;HD;SERIES Y PELICULAS
PERU;POSPAGO;PLATINO;1209;AXN HD;HD;SERIES Y PELICULAS
PERU;POSPAGO;PLATINO;1210;AMC HD;HD;SERIES Y PELICULAS
PERU;POSPAGO;PLATINO;1213;TNT SERIES HD;HD;SERIES Y PELICULAS
PERU;POSPAGO;PLATINO;1214;ATRES SERIES HD;HD;SERIES Y PELICULAS
PERU;POSPAGO;PLATINO;1215;COMEDY CENTRAL HD;HD;SERIES Y PELICULAS
PERU;POSPAGO;PLATINO;1217;FX HD;HD;SERIES Y PELICULAS
PERU;POSPAGO;PLATINO;1218;UNIVERSAL HD;HD;SERIES Y PELICULAS
PERU;POSPAGO;PLATINO;1219;USA HD;HD;SERIES Y PELICULAS
PERU;POSPAGO;PLATINO;1221;¡HOLA! TV HD;HD;HOGAR Y VARIEDADES
PERU;POSPAGO;PLATINO;1222;E! HD;HD;HOGAR Y VARIEDADES
PERU;POSPAGO;PLATINO;1223;ID HD;HD;CIENCIA Y CULTURA
PERU;POSPAGO;PLATINO;1228;LIFETIME HD;HD;SERIES Y PELICULAS
PERU;POSPAGO;PLATINO;1229;DISCOVERY HOME & HEALTH HD;HD;HOGAR Y VARIEDADES
PERU;POSPAGO;PLATINO;1232;EL GOURMET;HD;GASTRONÓMICO
PERU;POSPAGO;PLATINO;1233;FOOD NETWORK HD;HD;GASTRONÓMICO
PERU;POSPAGO;PLATINO;1234;HOME & GARDEN;HD;HOGAR Y VARIEDADES
PERU;POSPAGO;PLATINO;1236;VEPLUS;HD;HOGAR Y VARIEDADES
PERU;POSPAGO;PLATINO;1264;MTV HD;HD;MUSICAL
PERU;POSPAGO;PLATINO;1265;MUSIC TOP HD;HD;MUSICAL
PERU;POSPAGO;PLATINO;1266;TIERRA MÍA HD;HD;CIENCIA Y CULTURA
PERU;POSPAGO;PLATINO;1273;INTI HD;HD;EDUCATIVO
PERU;POSPAGO;PLATINO;1302;ESCUELA+;HD;EDUCATIVO
PERU;POSPAGO;PLATINO;1304;CARTOON NETWORK HD;HD;INFANTIL
PERU;POSPAGO;PLATINO;1308;NICKELODEON HD;HD;INFANTIL
PERU;POSPAGO;PLATINO;1309;NICK JR. HD;HD;INFANTIL
PERU;POSPAGO;PLATINO;1312;DISNEY CHANNEL HD;HD;INFANTIL
PERU;POSPAGO;PLATINO;1315;DISNEY JUNIOR HD;HD;INFANTIL
PERU;POSPAGO;PLATINO;1318;PLIM PLIM HD;HD;INFANTIL
PERU;POSPAGO;PLATINO;1319;EL REINO INFANTIL HD;HD;INFANTIL
PERU;POSPAGO;PLATINO;1330;DISCOVERY KIDS HD;HD;INFANTIL
PERU;POSPAGO;PLATINO;1502;TNT HD;HD;SERIES Y PELICULAS
PERU;POSPAGO;PLATINO;1503;GOLDEN HD;HD;SERIES Y PELICULAS
PERU;POSPAGO;PLATINO;1506;SONY MOVIES;HD;SERIES Y PELICULAS
PERU;POSPAGO;PLATINO;1507;CINECANAL HD;HD;SERIES Y PELICULAS
PERU;POSPAGO;PLATINO;1508;STUDIO UNIVERSAL HD;HD;SERIES Y PELICULAS
PERU;POSPAGO;PLATINO;1509;CINEMAX HD;HD;SERIES Y PELICULAS
PERU;POSPAGO;PLATINO;1510;MÓRBIDO TV HD;HD;SERIES Y PELICULAS
PERU;POSPAGO;PLATINO;1513;DHE HD;HD;SERIES Y PELICULAS
PERU;POSPAGO;PLATINO;1518;SPACE HD;HD;SERIES Y PELICULAS
PERU;POSPAGO;PLATINO;1524;HBO HD;HD;SERIES Y PELICULAS
PERU;POSPAGO;PLATINO;1525;HBO 2 HD;HD;SERIES Y PELICULAS
PERU;POSPAGO;PLATINO;1528;HBO SIGNATURE HD;HD;SERIES Y PELICULAS
PERU;POSPAGO;PLATINO;1532;HBO PLUS HD;HD;SERIES Y PELICULAS
PERU;POSPAGO;PLATINO;1534;HBO FAMILY HD;HD;SERIES Y PELICULAS
PERU;POSPAGO;PLATINO;1542;HBO XTREME HD;HD;SERIES Y PELICULAS
PERU;POSPAGO;PLATINO;1571;UNIVERSAL PREMIERE ESTE;HD;SERIES Y PELICULAS
PERU;POSPAGO;PLATINO;1572;UNIVERSAL CINEMA;HD;SERIES Y PELICULAS
PERU;POSPAGO;PLATINO;1573;UNIVERSAL COMEDY;HD;SERIES Y PELICULAS
PERU;POSPAGO;PLATINO;1574;UNIVERSAL CRIME ESTE;HD;SERIES Y PELICULAS
PERU;POSPAGO;PLATINO;1575;UNIVERSAL REALITY;HD;HOGAR Y VARIEDADES
PERU;POSPAGO;PLATINO;1576;UNIVERSAL PREMIERE OESTE;HD;SERIES Y PELICULAS
PERU;POSPAGO;PLATINO;1577;UNIVERSAL CINEMA OESTE;HD;SERIES Y PELICULAS
PERU;POSPAGO;PLATINO;1603;L1;HD;DEPORTES
PERU;POSPAGO;PLATINO;1604;L1M;HD;DEPORTES
PERU;POSPAGO;PLATINO;1610;DSPORTS HD;HD;DEPORTES
PERU;POSPAGO;PLATINO;1612;DSPORTS 2 HD;HD;DEPORTES
PERU;POSPAGO;PLATINO;1613;DSPORTS + HD;HD;DEPORTES
PERU;POSPAGO;PLATINO;1621;ESPN HD;HD;DEPORTES
PERU;POSPAGO;PLATINO;1622;ESPN 2 HD;HD;DEPORTES
PERU;POSPAGO;PLATINO;1623;ESPN 3 HD;HD;DEPORTES
PERU;POSPAGO;PLATINO;1624;ESPN 4 HD;HD;DEPORTES
PERU;POSPAGO;PLATINO;1625;ESPN 5;HD;DEPORTES
PERU;POSPAGO;PLATINO;1626;ESPN 6;HD;DEPORTES
PERU;POSPAGO;PLATINO;1627;ESPN 7 HD;HD;DEPORTES
PERU;POSPAGO;PLATINO;1628;GOLF CHANNEL HD;HD;DEPORTES
PERU;POSPAGO;PLATINO;1629;TYC SPORTS;HD;DEPORTES
PERU;POSPAGO;PLATINO;1639;PX SPORTS;HD;DEPORTES
PERU;POSPAGO;PLATINO;1700;DNEWS;HD;NOTICIAS
PERU;POSPAGO;PLATINO;1730;NATIONAL GEOGRAPHIC HD;HD;CIENCIA Y CULTURA
PERU;POSPAGO;PLATINO;1731;DISCOVERY THEATER HD;HD;CIENCIA Y CULTURA
PERU;POSPAGO;PLATINO;1732;DISCOVERY HD;HD;CIENCIA Y CULTURA
PERU;POSPAGO;PLATINO;1734;ANIMAL PLANET HD;HD;CIENCIA Y CULTURA
PERU;POSPAGO;PLATINO;1738;DISCOVERY WORLD HD;HD;CIENCIA Y CULTURA
PERU;POSPAGO;PLATINO;1740;TLC;HD;HOGAR Y VARIEDADES
PERU;POSPAGO;PLATINO;1742;HISTORY HD;HD;CIENCIA Y CULTURA
PERU;POSPAGO;PLATINO;1744;HISTORY 2 HD;HD;CIENCIA Y CULTURA
PERU;POSPAGO;PLATINO;1750;ENCUENTRO INTERNACIONAL HD;HD;EDUCATIVO
PERU;POSPAGO;PLATINO;1762;ANTENA 3 HD;HD;NACIONAL
PERU;POSPAGO;PLATINO;1764;FRANCE 24 HD;HD;NOTICIAS
PERU;POSPAGO;ULTRA HD 1D L1M;100;CANAL 100;SD;INFORMATIVO
PERU;POSPAGO;ULTRA HD 1D L1M;100;INFORMACIÓN DIRECTV;SD;INFORMATIVO
PERU;POSPAGO;ULTRA HD 1D L1M;127;DSHOW;SD;HOGAR Y VARIEDADES
PERU;POSPAGO;ULTRA HD 1D L1M;190;EXITOSA;SD;NOTICIAS
PERU;POSPAGO;ULTRA HD 1D L1M;192;LATINA;SD;NACIONAL
PERU;POSPAGO;ULTRA HD 1D L1M;193;EL CONGRESO;SD;INFORMATIVO
PERU;POSPAGO;ULTRA HD 1D L1M;194;AMÉRICA TELEVISION;SD;NACIONAL
PERU;POSPAGO;ULTRA HD 1D L1M;195;PANAMERICANA;SD;NACIONAL
PERU;POSPAGO;ULTRA HD 1D L1M;196;ATV+;SD;NOTICIAS
PERU;POSPAGO;ULTRA HD 1D L1M;197;TV PERÚ;SD;NACIONAL
PERU;POSPAGO;ULTRA HD 1D L1M;198;GLOBAL;SD;NACIONAL
PERU;POSPAGO;ULTRA HD 1D L1M;199;ATV;SD;NACIONAL
PERU;POSPAGO;ULTRA HD 1D L1M;202;STAR CHANNEL;SD;SERIES Y PELICULAS
PERU;POSPAGO;ULTRA HD 1D L1M;206;WARNER;SD;SERIES Y PELICULAS
PERU;POSPAGO;ULTRA HD 1D L1M;207;A&E MUNDO;SD;SERIES Y PELICULAS
PERU;POSPAGO;ULTRA HD 1D L1M;208;SONY;SD;SERIES Y PELICULAS
PERU;POSPAGO;ULTRA HD 1D L1M;209;AXN;SD;SERIES Y PELICULAS
PERU;POSPAGO;ULTRA HD 1D L1M;210;AMC;SD;SERIES Y PELICULAS
PERU;POSPAGO;ULTRA HD 1D L1M;213;TNT SERIES;SD;SERIES Y PELICULAS
PERU;POSPAGO;ULTRA HD 1D L1M;214;ATRES SERIES;SD;SERIES Y PELICULAS
PERU;POSPAGO;ULTRA HD 1D L1M;215;COMEDY CENTRAL;SD;SERIES Y PELICULAS
PERU;POSPAGO;ULTRA HD 1D L1M;216;TNT NOVELAS;SD;TELENOVELAS
PERU;POSPAGO;ULTRA HD 1D L1M;217;FX;SD;SERIES Y PELICULAS
PERU;POSPAGO;ULTRA HD 1D L1M;218;UNIVERSAL;SD;SERIES Y PELICULAS
PERU;POSPAGO;ULTRA HD 1D L1M;219;USA;SD;SERIES Y PELICULAS
PERU;POSPAGO;ULTRA HD 1D L1M;220;ADULT SWIM;SD;INFANTIL
PERU;POSPAGO;ULTRA HD 1D L1M;221;¡HOLA! TV;SD;HOGAR Y VARIEDADES
PERU;POSPAGO;ULTRA HD 1D L1M;222;E!;SD;HOGAR Y VARIEDADES
PERU;POSPAGO;ULTRA HD 1D L1M;223;ID;SD;CIENCIA Y CULTURA
PERU;POSPAGO;ULTRA HD 1D L1M;226;LAS ESTRELLAS;SD;NACIONAL
PERU;POSPAGO;ULTRA HD 1D L1M;227;TL NOVELAS;SD;TELENOVELAS
PERU;POSPAGO;ULTRA HD 1D L1M;228;LIFETIME;SD;SERIES Y PELICULAS
PERU;POSPAGO;ULTRA HD 1D L1M;229;DISCOVERY HOME & HEALTH;SD;HOGAR Y VARIEDADES
PERU;POSPAGO;ULTRA HD 1D L1M;230;AMC SERIES;SD;SERIES Y PELICULAS
PERU;POSPAGO;ULTRA HD 1D L1M;231;TELEMUNDO;SD;TELENOVELAS
PERU;POSPAGO;ULTRA HD 1D L1M;232;EL GOURMET;SD;GASTRONÓMICO
PERU;POSPAGO;ULTRA HD 1D L1M;233;FOOD NETWORK;SD;GASTRONÓMICO
PERU;POSPAGO;ULTRA HD 1D L1M;240;CARAS TV;SD;HOGAR Y VARIEDADES
PERU;POSPAGO;ULTRA HD 1D L1M;264;MTV;SD;MUSICAL
PERU;POSPAGO;ULTRA HD 1D L1M;269;QUIERO MÚSICA EN MI IDIOMA;SD;MUSICAL
PERU;POSPAGO;ULTRA HD 1D L1M;304;CARTOON NETWORK;SD;INFANTIL
PERU;POSPAGO;ULTRA HD 1D L1M;308;NICKELODEON;SD;INFANTIL
PERU;POSPAGO;ULTRA HD 1D L1M;309;NICK JR.;SD;INFANTIL
PERU;POSPAGO;ULTRA HD 1D L1M;312;DISNEY CHANNEL;SD;INFANTIL
PERU;POSPAGO;ULTRA HD 1D L1M;315;DISNEY JUNIOR;SD;INFANTIL
PERU;POSPAGO;ULTRA HD 1D L1M;317;BABY TV HD;SD;INFANTIL
PERU;POSPAGO;ULTRA HD 1D L1M;318;PLIM PLIM;SD;INFANTIL
PERU;POSPAGO;ULTRA HD 1D L1M;319;EL REINO INFANTIL;SD;INFANTIL
PERU;POSPAGO;ULTRA HD 1D L1M;330;DISCOVERY KIDS;SD;INFANTIL
PERU;POSPAGO;ULTRA HD 1D L1M;334;CARTOONITO;SD;INFANTIL
PERU;POSPAGO;ULTRA HD 1D L1M;350;EWTN;SD;RELIGIOSO
PERU;POSPAGO;ULTRA HD 1D L1M;351;ORBE 21;SD;RELIGIOSO
PERU;POSPAGO;ULTRA HD 1D L1M;352;TBN ENLACE;SD;RELIGIOSO
PERU;POSPAGO;ULTRA HD 1D L1M;354;CANAL LUZ;SD;RELIGIOSO
PERU;POSPAGO;ULTRA HD 1D L1M;502;TNT;SD;SERIES Y PELICULAS
PERU;POSPAGO;ULTRA HD 1D L1M;503;GOLDEN;SD;SERIES Y PELICULAS
PERU;POSPAGO;ULTRA HD 1D L1M;506;SONY MOVIES;SD;SERIES Y PELICULAS
PERU;POSPAGO;ULTRA HD 1D L1M;507;CINECANAL;SD;SERIES Y PELICULAS
PERU;POSPAGO;ULTRA HD 1D L1M;508;STUDIO UNIVERSAL;SD;SERIES Y PELICULAS
PERU;POSPAGO;ULTRA HD 1D L1M;509;CINEMAX;SD;SERIES Y PELICULAS
PERU;POSPAGO;ULTRA HD 1D L1M;510;MÓRBIDO TV;SD;SERIES Y PELICULAS
PERU;POSPAGO;ULTRA HD 1D L1M;513;DHE;SD;SERIES Y PELICULAS
PERU;POSPAGO;ULTRA HD 1D L1M;516;DE PELÍCULA;SD;SERIES Y PELICULAS
PERU;POSPAGO;ULTRA HD 1D L1M;517;GOLDEN EDGE;SD;SERIES Y PELICULAS
PERU;POSPAGO;ULTRA HD 1D L1M;518;SPACE;SD;SERIES Y PELICULAS
PERU;POSPAGO;ULTRA HD 1D L1M;603;L1;SD;DEPORTES
PERU;POSPAGO;ULTRA HD 1D L1M;604;L1M;SD;DEPORTES
PERU;POSPAGO;ULTRA HD 1D L1M;610;DSPORTS;SD;DEPORTES
PERU;POSPAGO;ULTRA HD 1D L1M;612;DSPORTS 2;SD;DEPORTES
PERU;POSPAGO;ULTRA HD 1D L1M;613;DSPORTS +;SD;DEPORTES
PERU;POSPAGO;ULTRA HD 1D L1M;621;ESPN;SD;DEPORTES
PERU;POSPAGO;ULTRA HD 1D L1M;622;ESPN 2;SD;DEPORTES
PERU;POSPAGO;ULTRA HD 1D L1M;623;ESPN 3;SD;DEPORTES
PERU;POSPAGO;ULTRA HD 1D L1M;625;ESPN 5;SD;DEPORTES
PERU;POSPAGO;ULTRA HD 1D L1M;626;ESPN 6;SD;DEPORTES
PERU;POSPAGO;ULTRA HD 1D L1M;627;ESPN 7;SD;DEPORTES
PERU;POSPAGO;ULTRA HD 1D L1M;628;GOLF CHANNEL LATIN AMERICA;SD;DEPORTES
PERU;POSPAGO;ULTRA HD 1D L1M;629;TYC SPORTS;SD;DEPORTES
PERU;POSPAGO;ULTRA HD 1D L1M;700;DNEWS;SD;NOTICIAS
PERU;POSPAGO;ULTRA HD 1D L1M;704;CNN EN ESPAÑOL;SD;NOTICIAS
PERU;POSPAGO;ULTRA HD 1D L1M;706;CNN INTERNATIONAL;SD;NOTICIAS
PERU;POSPAGO;ULTRA HD 1D L1M;707;CNN CHILE;SD;NOTICIAS
PERU;POSPAGO;ULTRA HD 1D L1M;708;TVN 24 HORAS;SD;NOTICIAS
PERU;POSPAGO;ULTRA HD 1D L1M;710;BLOOMBERG;SD;NOTICIAS
PERU;POSPAGO;ULTRA HD 1D L1M;715;AMÉRICA;SD;NACIONAL
PERU;POSPAGO;ULTRA HD 1D L1M;716;TODO NOTICIAS;SD;NOTICIAS
PERU;POSPAGO;ULTRA HD 1D L1M;720;26NOTICIAS;SD;NOTICIAS
PERU;POSPAGO;ULTRA HD 1D L1M;725;NTN 24;SD;NOTICIAS
PERU;POSPAGO;ULTRA HD 1D L1M;726;CANAL RURAL;SD;EDUCATIVO
PERU;POSPAGO;ULTRA HD 1D L1M;727;CABLE NOTICIAS;SD;NOTICIAS
PERU;POSPAGO;ULTRA HD 1D L1M;730;NATIONAL GEOGRAPHIC;SD;CIENCIA Y CULTURA
PERU;POSPAGO;ULTRA HD 1D L1M;732;DISCOVERY;SD;CIENCIA Y CULTURA
PERU;POSPAGO;ULTRA HD 1D L1M;734;ANIMAL PLANET;SD;CIENCIA Y CULTURA
PERU;POSPAGO;ULTRA HD 1D L1M;736;DISCOVERY TURBO;SD;HOGAR Y VARIEDADES
PERU;POSPAGO;ULTRA HD 1D L1M;740;TLC;SD;HOGAR Y VARIEDADES
PERU;POSPAGO;ULTRA HD 1D L1M;742;HISTORY;SD;CIENCIA Y CULTURA
PERU;POSPAGO;ULTRA HD 1D L1M;744;HISTORY 2;SD;CIENCIA Y CULTURA
PERU;POSPAGO;ULTRA HD 1D L1M;760;UNIVISION;SD;NACIONAL
PERU;POSPAGO;ULTRA HD 1D L1M;762;ANTENA 3;SD;NACIONAL
PERU;POSPAGO;ULTRA HD 1D L1M;764;FRANCE 24;SD;NOTICIAS
PERU;POSPAGO;ULTRA HD 1D L1M;766;RAI ITALIA;SD;NACIONAL
PERU;POSPAGO;ULTRA HD 1D L1M;768;BBC WORLD NEWS;SD;NOTICIAS
PERU;POSPAGO;ULTRA HD 1D L1M;770;DW LATINOAMÉRICA;SD;NOTICIAS
PERU;POSPAGO;ULTRA HD 1D L1M;772;CARACOL;SD;NACIONAL
PERU;POSPAGO;ULTRA HD 1D L1M;773;EL TIEMPO;SD;NOTICIAS
PERU;POSPAGO;ULTRA HD 1D L1M;774;TV CHILE;SD;NACIONAL
PERU;POSPAGO;ULTRA HD 1D L1M;775;RCN NUESTRA TELE;SD;NACIONAL
PERU;POSPAGO;ULTRA HD 1D L1M;776;GLOBO INTERNACIONAL;SD;NACIONAL
PERU;POSPAGO;ULTRA HD 1D L1M;778;RTP INTERNACIONAL;SD;NACIONAL
PERU;POSPAGO;ULTRA HD 1D L1M;782;NHK WORLD;SD;NOTICIAS
PERU;POSPAGO;ULTRA HD 1D L1M;784;EL TRECE;SD;NACIONAL
PERU;POSPAGO;ULTRA HD 1D L1M;786;TELEFE INTERNACIONAL;SD;NACIONAL
PERU;POSPAGO;ULTRA HD 1D L1M;790;CGTN ESPAÑOL;SD;NOTICIAS
PERU;POSPAGO;ULTRA HD 1D L1M;804;ESCUELA+;SD;EDUCATIVO
PERU;POSPAGO;ULTRA HD 1D L1M;901;DSPORTS RADIO;RADIO;DEPORTES
PERU;POSPAGO;ULTRA HD 1D L1M;980;UNIÓN RADIO NOTICIAS;RADIO;AUDIO
PERU;POSPAGO;ULTRA HD 1D L1M;982;RADIO CARACOL;RADIO;AUDIO
PERU;POSPAGO;ULTRA HD 1D L1M;984;RADIO FRANCE INTERNACIONAL;RADIO;AUDIO
PERU;POSPAGO;ULTRA HD 1D L1M;986;RADIO OXIGENO;RADIO;AUDIO
PERU;POSPAGO;ULTRA HD 1D L1M;987;RADIO STUDIO 92;RADIO;AUDIO
PERU;POSPAGO;ULTRA HD 1D L1M;988;RADIO MODA;RADIO;AUDIO
PERU;POSPAGO;ULTRA HD 1D L1M;992;RADIO ALERTA BOGOTÁ;RADIO;AUDIO
PERU;POSPAGO;ULTRA HD 1D L1M;993;RADIO W;RADIO;AUDIO
PERU;POSPAGO;ULTRA HD 1D L1M;1127;DSHOW;HD;HOGAR Y VARIEDADES
PERU;POSPAGO;ULTRA HD 1D L1M;1189;RPP;HD;NOTICIAS
PERU;POSPAGO;ULTRA HD 1D L1M;1190;TV PERÚ NOTICIAS HD;HD;NOTICIAS
PERU;POSPAGO;ULTRA HD 1D L1M;1191;WILLAX HD;HD;DEPORTES
PERU;POSPAGO;ULTRA HD 1D L1M;1192;LATINA HD;HD;NACIONAL
PERU;POSPAGO;ULTRA HD 1D L1M;1193;A LA COCINA;HD;GASTRONÓMICO
PERU;POSPAGO;ULTRA HD 1D L1M;1194;AMÉRICA TELEVISION HD;HD;NACIONAL
PERU;POSPAGO;ULTRA HD 1D L1M;1195;PANAMERICANA HD;HD;NACIONAL
PERU;POSPAGO;ULTRA HD 1D L1M;1196;ATV+;HD;NOTICIAS
PERU;POSPAGO;ULTRA HD 1D L1M;1197;TV PERÚ HD;HD;NACIONAL
PERU;POSPAGO;ULTRA HD 1D L1M;1198;GLOBAL HD;HD;NACIONAL
PERU;POSPAGO;ULTRA HD 1D L1M;1199;ATV9 HD;HD;NACIONAL
PERU;POSPAGO;ULTRA HD 1D L1M;1204;STAR CHANNEL HD;HD;SERIES Y PELICULAS
PERU;POSPAGO;ULTRA HD 1D L1M;1206;WARNER HD;HD;SERIES Y PELICULAS
PERU;POSPAGO;ULTRA HD 1D L1M;1207;A&E MUNDO HD;HD;SERIES Y PELICULAS
PERU;POSPAGO;ULTRA HD 1D L1M;1208;SONY HD;HD;SERIES Y PELICULAS
PERU;POSPAGO;ULTRA HD 1D L1M;1209;AXN HD;HD;SERIES Y PELICULAS
PERU;POSPAGO;ULTRA HD 1D L1M;1210;AMC HD;HD;SERIES Y PELICULAS
PERU;POSPAGO;ULTRA HD 1D L1M;1213;TNT SERIES HD;HD;SERIES Y PELICULAS
PERU;POSPAGO;ULTRA HD 1D L1M;1214;ATRES SERIES HD;HD;SERIES Y PELICULAS
PERU;POSPAGO;ULTRA HD 1D L1M;1215;COMEDY CENTRAL HD;HD;SERIES Y PELICULAS
PERU;POSPAGO;ULTRA HD 1D L1M;1217;FX HD;HD;SERIES Y PELICULAS
PERU;POSPAGO;ULTRA HD 1D L1M;1218;UNIVERSAL HD;HD;SERIES Y PELICULAS
PERU;POSPAGO;ULTRA HD 1D L1M;1219;USA HD;HD;SERIES Y PELICULAS
PERU;POSPAGO;ULTRA HD 1D L1M;1221;¡HOLA! TV HD;HD;HOGAR Y VARIEDADES
PERU;POSPAGO;ULTRA HD 1D L1M;1222;E! HD;HD;HOGAR Y VARIEDADES
PERU;POSPAGO;ULTRA HD 1D L1M;1223;ID HD;HD;CIENCIA Y CULTURA
PERU;POSPAGO;ULTRA HD 1D L1M;1228;LIFETIME HD;HD;SERIES Y PELICULAS
PERU;POSPAGO;ULTRA HD 1D L1M;1229;DISCOVERY HOME & HEALTH HD;HD;HOGAR Y VARIEDADES
PERU;POSPAGO;ULTRA HD 1D L1M;1232;EL GOURMET;HD;GASTRONÓMICO
PERU;POSPAGO;ULTRA HD 1D L1M;1233;FOOD NETWORK HD;HD;GASTRONÓMICO
PERU;POSPAGO;ULTRA HD 1D L1M;1234;HOME & GARDEN;HD;HOGAR Y VARIEDADES
PERU;POSPAGO;ULTRA HD 1D L1M;1236;VEPLUS;HD;HOGAR Y VARIEDADES
PERU;POSPAGO;ULTRA HD 1D L1M;1264;MTV HD;HD;MUSICAL
PERU;POSPAGO;ULTRA HD 1D L1M;1265;MUSIC TOP HD;HD;MUSICAL
PERU;POSPAGO;ULTRA HD 1D L1M;1266;TIERRA MÍA HD;HD;CIENCIA Y CULTURA
PERU;POSPAGO;ULTRA HD 1D L1M;1273;INTI HD;HD;EDUCATIVO
PERU;POSPAGO;ULTRA HD 1D L1M;1302;ESCUELA+;HD;EDUCATIVO
PERU;POSPAGO;ULTRA HD 1D L1M;1304;CARTOON NETWORK HD;HD;INFANTIL
PERU;POSPAGO;ULTRA HD 1D L1M;1308;NICKELODEON HD;HD;INFANTIL
PERU;POSPAGO;ULTRA HD 1D L1M;1309;NICK JR. HD;HD;INFANTIL
PERU;POSPAGO;ULTRA HD 1D L1M;1312;DISNEY CHANNEL HD;HD;INFANTIL
PERU;POSPAGO;ULTRA HD 1D L1M;1315;DISNEY JUNIOR HD;HD;INFANTIL
PERU;POSPAGO;ULTRA HD 1D L1M;1318;PLIM PLIM HD;HD;INFANTIL
PERU;POSPAGO;ULTRA HD 1D L1M;1319;EL REINO INFANTIL HD;HD;INFANTIL
PERU;POSPAGO;ULTRA HD 1D L1M;1330;DISCOVERY KIDS HD;HD;INFANTIL
PERU;POSPAGO;ULTRA HD 1D L1M;1502;TNT HD;HD;SERIES Y PELICULAS
PERU;POSPAGO;ULTRA HD 1D L1M;1503;GOLDEN HD;HD;SERIES Y PELICULAS
PERU;POSPAGO;ULTRA HD 1D L1M;1506;SONY MOVIES;HD;SERIES Y PELICULAS
PERU;POSPAGO;ULTRA HD 1D L1M;1507;CINECANAL HD;HD;SERIES Y PELICULAS
PERU;POSPAGO;ULTRA HD 1D L1M;1508;STUDIO UNIVERSAL HD;HD;SERIES Y PELICULAS
PERU;POSPAGO;ULTRA HD 1D L1M;1509;CINEMAX HD;HD;SERIES Y PELICULAS
PERU;POSPAGO;ULTRA HD 1D L1M;1510;MÓRBIDO TV HD;HD;SERIES Y PELICULAS
PERU;POSPAGO;ULTRA HD 1D L1M;1513;DHE HD;HD;SERIES Y PELICULAS
PERU;POSPAGO;ULTRA HD 1D L1M;1518;SPACE HD;HD;SERIES Y PELICULAS
PERU;POSPAGO;ULTRA HD 1D L1M;1603;L1;HD;DEPORTES
PERU;POSPAGO;ULTRA HD 1D L1M;1604;L1M;HD;DEPORTES
PERU;POSPAGO;ULTRA HD 1D L1M;1610;DSPORTS HD;HD;DEPORTES
PERU;POSPAGO;ULTRA HD 1D L1M;1612;DSPORTS 2 HD;HD;DEPORTES
PERU;POSPAGO;ULTRA HD 1D L1M;1613;DSPORTS + HD;HD;DEPORTES
PERU;POSPAGO;ULTRA HD 1D L1M;1621;ESPN HD;HD;DEPORTES
PERU;POSPAGO;ULTRA HD 1D L1M;1622;ESPN 2 HD;HD;DEPORTES
PERU;POSPAGO;ULTRA HD 1D L1M;1623;ESPN 3 HD;HD;DEPORTES
PERU;POSPAGO;ULTRA HD 1D L1M;1624;ESPN 4 HD;HD;DEPORTES
PERU;POSPAGO;ULTRA HD 1D L1M;1625;ESPN 5;HD;DEPORTES
PERU;POSPAGO;ULTRA HD 1D L1M;1626;ESPN 6;HD;DEPORTES
PERU;POSPAGO;ULTRA HD 1D L1M;1627;ESPN 7 HD;HD;DEPORTES
PERU;POSPAGO;ULTRA HD 1D L1M;1628;GOLF CHANNEL HD;HD;DEPORTES
PERU;POSPAGO;ULTRA HD 1D L1M;1629;TYC SPORTS;HD;DEPORTES
PERU;POSPAGO;ULTRA HD 1D L1M;1639;PX SPORTS;HD;DEPORTES
PERU;POSPAGO;ULTRA HD 1D L1M;1700;DNEWS;HD;NOTICIAS
PERU;POSPAGO;ULTRA HD 1D L1M;1730;NATIONAL GEOGRAPHIC HD;HD;CIENCIA Y CULTURA
PERU;POSPAGO;ULTRA HD 1D L1M;1731;DISCOVERY THEATER HD;HD;CIENCIA Y CULTURA
PERU;POSPAGO;ULTRA HD 1D L1M;1732;DISCOVERY HD;HD;CIENCIA Y CULTURA
PERU;POSPAGO;ULTRA HD 1D L1M;1734;ANIMAL PLANET HD;HD;CIENCIA Y CULTURA
PERU;POSPAGO;ULTRA HD 1D L1M;1738;DISCOVERY WORLD HD;HD;CIENCIA Y CULTURA
PERU;POSPAGO;ULTRA HD 1D L1M;1740;TLC;HD;HOGAR Y VARIEDADES
PERU;POSPAGO;ULTRA HD 1D L1M;1742;HISTORY HD;HD;CIENCIA Y CULTURA
PERU;POSPAGO;ULTRA HD 1D L1M;1744;HISTORY 2 HD;HD;CIENCIA Y CULTURA
PERU;POSPAGO;ULTRA HD 1D L1M;1750;ENCUENTRO INTERNACIONAL HD;HD;EDUCATIVO
PERU;POSPAGO;ULTRA HD 1D L1M;1762;ANTENA 3 HD;HD;NACIONAL
PERU;POSPAGO;ULTRA HD 1D L1M;1764;FRANCE 24 HD;HD;NOTICIAS
PERU;POSPAGO;UNIVERSAL+;571;UNIVERSAL PREMIERE ESTE;SD;SERIES Y PELICULAS
PERU;POSPAGO;UNIVERSAL+;572;UNIVERSAL CINEMA;SD;SERIES Y PELICULAS
PERU;POSPAGO;UNIVERSAL+;573;UNIVERSAL COMEDY;SD;SERIES Y PELICULAS
PERU;POSPAGO;UNIVERSAL+;574;UNIVERSAL CRIME ESTE;SD;SERIES Y PELICULAS
PERU;POSPAGO;UNIVERSAL+;575;UNIVERSAL REALITY;SD;HOGAR Y VARIEDADES
PERU;POSPAGO;UNIVERSAL+;576;UNIVERSAL PREMIERE OESTE;SD;SERIES Y PELICULAS
PERU;POSPAGO;UNIVERSAL+;577;UNIVERSAL CINEMA OESTE;SD;SERIES Y PELICULAS
PERU;POSPAGO;UNIVERSAL+;1571;UNIVERSAL PREMIERE ESTE;HD;SERIES Y PELICULAS
PERU;POSPAGO;UNIVERSAL+;1572;UNIVERSAL CINEMA;HD;SERIES Y PELICULAS
PERU;POSPAGO;UNIVERSAL+;1573;UNIVERSAL COMEDY;HD;SERIES Y PELICULAS
PERU;POSPAGO;UNIVERSAL+;1574;UNIVERSAL CRIME ESTE;HD;SERIES Y PELICULAS
PERU;POSPAGO;UNIVERSAL+;1575;UNIVERSAL REALITY;HD;HOGAR Y VARIEDADES
PERU;POSPAGO;UNIVERSAL+;1576;UNIVERSAL PREMIERE OESTE;HD;SERIES Y PELICULAS
PERU;POSPAGO;UNIVERSAL+;1577;UNIVERSAL CINEMA OESTE;HD;SERIES Y PELICULAS
PERU;PREPAGO;CONTROL BRONCE;100;CANAL 100;SD;INFORMATIVO
PERU;PREPAGO;CONTROL BRONCE;100;INFORMACIÓN DIRECTV;SD;INFORMATIVO
PERU;PREPAGO;CONTROL BRONCE;127;DSHOW;SD;HOGAR Y VARIEDADES
PERU;PREPAGO;CONTROL BRONCE;190;EXITOSA;SD;NOTICIAS
PERU;PREPAGO;CONTROL BRONCE;192;LATINA;SD;NACIONAL
PERU;PREPAGO;CONTROL BRONCE;193;EL CONGRESO;SD;INFORMATIVO
PERU;PREPAGO;CONTROL BRONCE;194;AMÉRICA TELEVISION;SD;NACIONAL
PERU;PREPAGO;CONTROL BRONCE;195;PANAMERICANA;SD;NACIONAL
PERU;PREPAGO;CONTROL BRONCE;196;ATV+;SD;NOTICIAS
PERU;PREPAGO;CONTROL BRONCE;197;TV PERÚ;SD;NACIONAL
PERU;PREPAGO;CONTROL BRONCE;198;GLOBAL;SD;NACIONAL
PERU;PREPAGO;CONTROL BRONCE;199;ATV;SD;NACIONAL
PERU;PREPAGO;CONTROL BRONCE;202;STAR CHANNEL;SD;SERIES Y PELICULAS
PERU;PREPAGO;CONTROL BRONCE;206;WARNER;SD;SERIES Y PELICULAS
PERU;PREPAGO;CONTROL BRONCE;207;A&E MUNDO;SD;SERIES Y PELICULAS
PERU;PREPAGO;CONTROL BRONCE;208;SONY;SD;SERIES Y PELICULAS
PERU;PREPAGO;CONTROL BRONCE;209;AXN;SD;SERIES Y PELICULAS
PERU;PREPAGO;CONTROL BRONCE;217;FX;SD;SERIES Y PELICULAS
PERU;PREPAGO;CONTROL BRONCE;218;UNIVERSAL;SD;SERIES Y PELICULAS
PERU;PREPAGO;CONTROL BRONCE;221;¡HOLA! TV;SD;HOGAR Y VARIEDADES
PERU;PREPAGO;CONTROL BRONCE;222;E!;SD;HOGAR Y VARIEDADES
PERU;PREPAGO;CONTROL BRONCE;226;LAS ESTRELLAS;SD;NACIONAL
PERU;PREPAGO;CONTROL BRONCE;227;TL NOVELAS;SD;TELENOVELAS
PERU;PREPAGO;CONTROL BRONCE;229;DISCOVERY HOME & HEALTH;SD;HOGAR Y VARIEDADES
PERU;PREPAGO;CONTROL BRONCE;230;AMC SERIES;SD;SERIES Y PELICULAS
PERU;PREPAGO;CONTROL BRONCE;231;TELEMUNDO;SD;TELENOVELAS
PERU;PREPAGO;CONTROL BRONCE;240;CARAS TV;SD;HOGAR Y VARIEDADES
PERU;PREPAGO;CONTROL BRONCE;264;MTV;SD;MUSICAL
PERU;PREPAGO;CONTROL BRONCE;269;QUIERO MÚSICA EN MI IDIOMA;SD;MUSICAL
PERU;PREPAGO;CONTROL BRONCE;304;CARTOON NETWORK;SD;INFANTIL
PERU;PREPAGO;CONTROL BRONCE;308;NICKELODEON;SD;INFANTIL
PERU;PREPAGO;CONTROL BRONCE;312;DISNEY CHANNEL;SD;INFANTIL
PERU;PREPAGO;CONTROL BRONCE;315;DISNEY JUNIOR;SD;INFANTIL
PERU;PREPAGO;CONTROL BRONCE;318;PLIM PLIM;SD;INFANTIL
PERU;PREPAGO;CONTROL BRONCE;319;EL REINO INFANTIL;SD;INFANTIL
PERU;PREPAGO;CONTROL BRONCE;330;DISCOVERY KIDS;SD;INFANTIL
PERU;PREPAGO;CONTROL BRONCE;350;EWTN;SD;RELIGIOSO
PERU;PREPAGO;CONTROL BRONCE;352;TBN ENLACE;SD;RELIGIOSO
PERU;PREPAGO;CONTROL BRONCE;354;CANAL LUZ;SD;RELIGIOSO
PERU;PREPAGO;CONTROL BRONCE;502;TNT;SD;SERIES Y PELICULAS
PERU;PREPAGO;CONTROL BRONCE;507;CINECANAL;SD;SERIES Y PELICULAS
PERU;PREPAGO;CONTROL BRONCE;508;STUDIO UNIVERSAL;SD;SERIES Y PELICULAS
PERU;PREPAGO;CONTROL BRONCE;510;MÓRBIDO TV;SD;SERIES Y PELICULAS
PERU;PREPAGO;CONTROL BRONCE;518;SPACE;SD;SERIES Y PELICULAS
PERU;PREPAGO;CONTROL BRONCE;603;L1;SD;DEPORTES
PERU;PREPAGO;CONTROL BRONCE;604;L1M;SD;DEPORTES
PERU;PREPAGO;CONTROL BRONCE;610;DSPORTS;SD;DEPORTES
PERU;PREPAGO;CONTROL BRONCE;612;DSPORTS 2;SD;DEPORTES
PERU;PREPAGO;CONTROL BRONCE;613;DSPORTS +;SD;DEPORTES
PERU;PREPAGO;CONTROL BRONCE;621;ESPN;SD;DEPORTES
PERU;PREPAGO;CONTROL BRONCE;622;ESPN 2;SD;DEPORTES
PERU;PREPAGO;CONTROL BRONCE;623;ESPN 3;SD;DEPORTES
PERU;PREPAGO;CONTROL BRONCE;625;ESPN 5;SD;DEPORTES
PERU;PREPAGO;CONTROL BRONCE;626;ESPN 6;SD;DEPORTES
PERU;PREPAGO;CONTROL BRONCE;627;ESPN 7;SD;DEPORTES
PERU;PREPAGO;CONTROL BRONCE;700;DNEWS;SD;NOTICIAS
PERU;PREPAGO;CONTROL BRONCE;704;CNN EN ESPAÑOL;SD;NOTICIAS
PERU;PREPAGO;CONTROL BRONCE;706;CNN INTERNATIONAL;SD;NOTICIAS
PERU;PREPAGO;CONTROL BRONCE;726;CANAL RURAL;SD;EDUCATIVO
PERU;PREPAGO;CONTROL BRONCE;730;NATIONAL GEOGRAPHIC;SD;CIENCIA Y CULTURA
PERU;PREPAGO;CONTROL BRONCE;732;DISCOVERY;SD;CIENCIA Y CULTURA
PERU;PREPAGO;CONTROL BRONCE;734;ANIMAL PLANET;SD;CIENCIA Y CULTURA
PERU;PREPAGO;CONTROL BRONCE;740;TLC;SD;HOGAR Y VARIEDADES
PERU;PREPAGO;CONTROL BRONCE;742;HISTORY;SD;CIENCIA Y CULTURA
PERU;PREPAGO;CONTROL BRONCE;760;UNIVISION;SD;NACIONAL
PERU;PREPAGO;CONTROL BRONCE;762;ANTENA 3;SD;NACIONAL
PERU;PREPAGO;CONTROL BRONCE;764;FRANCE 24;SD;NOTICIAS
PERU;PREPAGO;CONTROL BRONCE;790;CGTN ESPAÑOL;SD;NOTICIAS
PERU;PREPAGO;CONTROL BRONCE;804;ESCUELA+;SD;EDUCATIVO
PERU;PREPAGO;CONTROL BRONCE;901;DSPORTS RADIO;RADIO;DEPORTES
PERU;PREPAGO;CONTROL BRONCE;980;UNIÓN RADIO NOTICIAS;RADIO;AUDIO
PERU;PREPAGO;CONTROL BRONCE;982;RADIO CARACOL;RADIO;AUDIO
PERU;PREPAGO;CONTROL BRONCE;984;RADIO FRANCE INTERNACIONAL;RADIO;AUDIO
PERU;PREPAGO;CONTROL BRONCE;986;RADIO OXIGENO;RADIO;AUDIO
PERU;PREPAGO;CONTROL BRONCE;987;RADIO STUDIO 92;RADIO;AUDIO
PERU;PREPAGO;CONTROL BRONCE;988;RADIO MODA;RADIO;AUDIO
PERU;PREPAGO;CONTROL BRONCE;992;RADIO ALERTA BOGOTÁ;RADIO;AUDIO
PERU;PREPAGO;CONTROL BRONCE;993;RADIO W;RADIO;AUDIO
PERU;PREPAGO;CONTROL MIX;100;CANAL 100;SD;INFORMATIVO
PERU;PREPAGO;CONTROL MIX;100;INFORMACIÓN DIRECTV;SD;INFORMATIVO
PERU;PREPAGO;CONTROL MIX;127;DSHOW;SD;HOGAR Y VARIEDADES
PERU;PREPAGO;CONTROL MIX;190;EXITOSA;SD;NOTICIAS
PERU;PREPAGO;CONTROL MIX;192;LATINA;SD;NACIONAL
PERU;PREPAGO;CONTROL MIX;193;EL CONGRESO;SD;INFORMATIVO
PERU;PREPAGO;CONTROL MIX;194;AMÉRICA TELEVISION;SD;NACIONAL
PERU;PREPAGO;CONTROL MIX;195;PANAMERICANA;SD;NACIONAL
PERU;PREPAGO;CONTROL MIX;196;ATV+;SD;NOTICIAS
PERU;PREPAGO;CONTROL MIX;197;TV PERÚ;SD;NACIONAL
PERU;PREPAGO;CONTROL MIX;198;GLOBAL;SD;NACIONAL
PERU;PREPAGO;CONTROL MIX;199;ATV;SD;NACIONAL
PERU;PREPAGO;CONTROL MIX;202;STAR CHANNEL;SD;SERIES Y PELICULAS
PERU;PREPAGO;CONTROL MIX;206;WARNER;SD;SERIES Y PELICULAS
PERU;PREPAGO;CONTROL MIX;207;A&E MUNDO;SD;SERIES Y PELICULAS
PERU;PREPAGO;CONTROL MIX;208;SONY;SD;SERIES Y PELICULAS
PERU;PREPAGO;CONTROL MIX;209;AXN;SD;SERIES Y PELICULAS
PERU;PREPAGO;CONTROL MIX;216;TNT NOVELAS;SD;TELENOVELAS
PERU;PREPAGO;CONTROL MIX;217;FX;SD;SERIES Y PELICULAS
PERU;PREPAGO;CONTROL MIX;218;UNIVERSAL;SD;SERIES Y PELICULAS
PERU;PREPAGO;CONTROL MIX;220;ADULT SWIM;SD;INFANTIL
PERU;PREPAGO;CONTROL MIX;221;¡HOLA! TV;SD;HOGAR Y VARIEDADES
PERU;PREPAGO;CONTROL MIX;222;E!;SD;HOGAR Y VARIEDADES
PERU;PREPAGO;CONTROL MIX;223;ID;SD;CIENCIA Y CULTURA
PERU;PREPAGO;CONTROL MIX;226;LAS ESTRELLAS;SD;NACIONAL
PERU;PREPAGO;CONTROL MIX;227;TL NOVELAS;SD;TELENOVELAS
PERU;PREPAGO;CONTROL MIX;229;DISCOVERY HOME & HEALTH;SD;HOGAR Y VARIEDADES
PERU;PREPAGO;CONTROL MIX;230;AMC SERIES;SD;SERIES Y PELICULAS
PERU;PREPAGO;CONTROL MIX;231;TELEMUNDO;SD;TELENOVELAS
PERU;PREPAGO;CONTROL MIX;240;CARAS TV;SD;HOGAR Y VARIEDADES
PERU;PREPAGO;CONTROL MIX;264;MTV;SD;MUSICAL
PERU;PREPAGO;CONTROL MIX;269;QUIERO MÚSICA EN MI IDIOMA;SD;MUSICAL
PERU;PREPAGO;CONTROL MIX;304;CARTOON NETWORK;SD;INFANTIL
PERU;PREPAGO;CONTROL MIX;308;NICKELODEON;SD;INFANTIL
PERU;PREPAGO;CONTROL MIX;309;NICK JR.;SD;INFANTIL
PERU;PREPAGO;CONTROL MIX;312;DISNEY CHANNEL;SD;INFANTIL
PERU;PREPAGO;CONTROL MIX;315;DISNEY JUNIOR;SD;INFANTIL
PERU;PREPAGO;CONTROL MIX;318;PLIM PLIM;SD;INFANTIL
PERU;PREPAGO;CONTROL MIX;319;EL REINO INFANTIL;SD;INFANTIL
PERU;PREPAGO;CONTROL MIX;330;DISCOVERY KIDS;SD;INFANTIL
PERU;PREPAGO;CONTROL MIX;334;CARTOONITO;SD;INFANTIL
PERU;PREPAGO;CONTROL MIX;350;EWTN;SD;RELIGIOSO
PERU;PREPAGO;CONTROL MIX;352;TBN ENLACE;SD;RELIGIOSO
PERU;PREPAGO;CONTROL MIX;354;CANAL LUZ;SD;RELIGIOSO
PERU;PREPAGO;CONTROL MIX;502;TNT;SD;SERIES Y PELICULAS
PERU;PREPAGO;CONTROL MIX;503;GOLDEN;SD;SERIES Y PELICULAS
PERU;PREPAGO;CONTROL MIX;507;CINECANAL;SD;SERIES Y PELICULAS
PERU;PREPAGO;CONTROL MIX;508;STUDIO UNIVERSAL;SD;SERIES Y PELICULAS
PERU;PREPAGO;CONTROL MIX;510;MÓRBIDO TV;SD;SERIES Y PELICULAS
PERU;PREPAGO;CONTROL MIX;516;DE PELÍCULA;SD;SERIES Y PELICULAS
PERU;PREPAGO;CONTROL MIX;518;SPACE;SD;SERIES Y PELICULAS
PERU;PREPAGO;CONTROL MIX;603;L1;SD;DEPORTES
PERU;PREPAGO;CONTROL MIX;604;L1M;SD;DEPORTES
PERU;PREPAGO;CONTROL MIX;610;DSPORTS;SD;DEPORTES
PERU;PREPAGO;CONTROL MIX;612;DSPORTS 2;SD;DEPORTES
PERU;PREPAGO;CONTROL MIX;613;DSPORTS +;SD;DEPORTES
PERU;PREPAGO;CONTROL MIX;621;ESPN;SD;DEPORTES
PERU;PREPAGO;CONTROL MIX;622;ESPN 2;SD;DEPORTES
PERU;PREPAGO;CONTROL MIX;623;ESPN 3;SD;DEPORTES
PERU;PREPAGO;CONTROL MIX;625;ESPN 5;SD;DEPORTES
PERU;PREPAGO;CONTROL MIX;626;ESPN 6;SD;DEPORTES
PERU;PREPAGO;CONTROL MIX;627;ESPN 7;SD;DEPORTES
PERU;PREPAGO;CONTROL MIX;700;DNEWS;SD;NOTICIAS
PERU;PREPAGO;CONTROL MIX;704;CNN EN ESPAÑOL;SD;NOTICIAS
PERU;PREPAGO;CONTROL MIX;706;CNN INTERNATIONAL;SD;NOTICIAS
PERU;PREPAGO;CONTROL MIX;716;TODO NOTICIAS;SD;NOTICIAS
PERU;PREPAGO;CONTROL MIX;720;26NOTICIAS;SD;NOTICIAS
PERU;PREPAGO;CONTROL MIX;726;CANAL RURAL;SD;EDUCATIVO
PERU;PREPAGO;CONTROL MIX;730;NATIONAL GEOGRAPHIC;SD;CIENCIA Y CULTURA
PERU;PREPAGO;CONTROL MIX;732;DISCOVERY;SD;CIENCIA Y CULTURA
PERU;PREPAGO;CONTROL MIX;734;ANIMAL PLANET;SD;CIENCIA Y CULTURA
PERU;PREPAGO;CONTROL MIX;740;TLC;SD;HOGAR Y VARIEDADES
PERU;PREPAGO;CONTROL MIX;742;HISTORY;SD;CIENCIA Y CULTURA
PERU;PREPAGO;CONTROL MIX;744;HISTORY 2;SD;CIENCIA Y CULTURA
PERU;PREPAGO;CONTROL MIX;760;UNIVISION;SD;NACIONAL
PERU;PREPAGO;CONTROL MIX;762;ANTENA 3;SD;NACIONAL
PERU;PREPAGO;CONTROL MIX;764;FRANCE 24;SD;NOTICIAS
PERU;PREPAGO;CONTROL MIX;784;EL TRECE;SD;NACIONAL
PERU;PREPAGO;CONTROL MIX;786;TELEFE INTERNACIONAL;SD;NACIONAL
PERU;PREPAGO;CONTROL MIX;790;CGTN ESPAÑOL;SD;NOTICIAS
PERU;PREPAGO;CONTROL MIX;804;ESCUELA+;SD;EDUCATIVO
PERU;PREPAGO;CONTROL MIX;901;DSPORTS RADIO;RADIO;DEPORTES
PERU;PREPAGO;CONTROL MIX;980;UNIÓN RADIO NOTICIAS;RADIO;AUDIO
PERU;PREPAGO;CONTROL MIX;982;RADIO CARACOL;RADIO;AUDIO
PERU;PREPAGO;CONTROL MIX;984;RADIO FRANCE INTERNACIONAL;RADIO;AUDIO
PERU;PREPAGO;CONTROL MIX;986;RADIO OXIGENO;RADIO;AUDIO
PERU;PREPAGO;CONTROL MIX;987;RADIO STUDIO 92;RADIO;AUDIO
PERU;PREPAGO;CONTROL MIX;988;RADIO MODA;RADIO;AUDIO
PERU;PREPAGO;CONTROL MIX;992;RADIO ALERTA BOGOTÁ;RADIO;AUDIO
PERU;PREPAGO;CONTROL MIX;993;RADIO W;RADIO;AUDIO
PERU;PREPAGO;CONTROL N-BRONCE DIGITAL;100;CANAL 100;SD;INFORMATIVO
PERU;PREPAGO;CONTROL N-BRONCE DIGITAL;100;INFORMACIÓN DIRECTV;SD;INFORMATIVO
PERU;PREPAGO;CONTROL N-BRONCE DIGITAL;127;DSHOW;SD;HOGAR Y VARIEDADES
PERU;PREPAGO;CONTROL N-BRONCE DIGITAL;190;EXITOSA;SD;NOTICIAS
PERU;PREPAGO;CONTROL N-BRONCE DIGITAL;192;LATINA;SD;NACIONAL
PERU;PREPAGO;CONTROL N-BRONCE DIGITAL;193;EL CONGRESO;SD;INFORMATIVO
PERU;PREPAGO;CONTROL N-BRONCE DIGITAL;194;AMÉRICA TELEVISION;SD;NACIONAL
PERU;PREPAGO;CONTROL N-BRONCE DIGITAL;195;PANAMERICANA;SD;NACIONAL
PERU;PREPAGO;CONTROL N-BRONCE DIGITAL;196;ATV+;SD;NOTICIAS
PERU;PREPAGO;CONTROL N-BRONCE DIGITAL;197;TV PERÚ;SD;NACIONAL
PERU;PREPAGO;CONTROL N-BRONCE DIGITAL;198;GLOBAL;SD;NACIONAL
PERU;PREPAGO;CONTROL N-BRONCE DIGITAL;199;ATV;SD;NACIONAL
PERU;PREPAGO;CONTROL N-BRONCE DIGITAL;202;STAR CHANNEL;SD;SERIES Y PELICULAS
PERU;PREPAGO;CONTROL N-BRONCE DIGITAL;206;WARNER;SD;SERIES Y PELICULAS
PERU;PREPAGO;CONTROL N-BRONCE DIGITAL;207;A&E MUNDO;SD;SERIES Y PELICULAS
PERU;PREPAGO;CONTROL N-BRONCE DIGITAL;208;SONY;SD;SERIES Y PELICULAS
PERU;PREPAGO;CONTROL N-BRONCE DIGITAL;209;AXN;SD;SERIES Y PELICULAS
PERU;PREPAGO;CONTROL N-BRONCE DIGITAL;217;FX;SD;SERIES Y PELICULAS
PERU;PREPAGO;CONTROL N-BRONCE DIGITAL;218;UNIVERSAL;SD;SERIES Y PELICULAS
PERU;PREPAGO;CONTROL N-BRONCE DIGITAL;220;ADULT SWIM;SD;INFANTIL
PERU;PREPAGO;CONTROL N-BRONCE DIGITAL;221;¡HOLA! TV;SD;HOGAR Y VARIEDADES
PERU;PREPAGO;CONTROL N-BRONCE DIGITAL;222;E!;SD;HOGAR Y VARIEDADES
PERU;PREPAGO;CONTROL N-BRONCE DIGITAL;226;LAS ESTRELLAS;SD;NACIONAL
PERU;PREPAGO;CONTROL N-BRONCE DIGITAL;227;TL NOVELAS;SD;TELENOVELAS
PERU;PREPAGO;CONTROL N-BRONCE DIGITAL;229;DISCOVERY HOME & HEALTH;SD;HOGAR Y VARIEDADES
PERU;PREPAGO;CONTROL N-BRONCE DIGITAL;230;AMC SERIES;SD;SERIES Y PELICULAS
PERU;PREPAGO;CONTROL N-BRONCE DIGITAL;231;TELEMUNDO;SD;TELENOVELAS
PERU;PREPAGO;CONTROL N-BRONCE DIGITAL;240;CARAS TV;SD;HOGAR Y VARIEDADES
PERU;PREPAGO;CONTROL N-BRONCE DIGITAL;264;MTV;SD;MUSICAL
PERU;PREPAGO;CONTROL N-BRONCE DIGITAL;269;QUIERO MÚSICA EN MI IDIOMA;SD;MUSICAL
PERU;PREPAGO;CONTROL N-BRONCE DIGITAL;304;CARTOON NETWORK;SD;INFANTIL
PERU;PREPAGO;CONTROL N-BRONCE DIGITAL;308;NICKELODEON;SD;INFANTIL
PERU;PREPAGO;CONTROL N-BRONCE DIGITAL;312;DISNEY CHANNEL;SD;INFANTIL
PERU;PREPAGO;CONTROL N-BRONCE DIGITAL;315;DISNEY JUNIOR;SD;INFANTIL
PERU;PREPAGO;CONTROL N-BRONCE DIGITAL;318;PLIM PLIM;SD;INFANTIL
PERU;PREPAGO;CONTROL N-BRONCE DIGITAL;319;EL REINO INFANTIL;SD;INFANTIL
PERU;PREPAGO;CONTROL N-BRONCE DIGITAL;330;DISCOVERY KIDS;SD;INFANTIL
PERU;PREPAGO;CONTROL N-BRONCE DIGITAL;350;EWTN;SD;RELIGIOSO
PERU;PREPAGO;CONTROL N-BRONCE DIGITAL;352;TBN ENLACE;SD;RELIGIOSO
PERU;PREPAGO;CONTROL N-BRONCE DIGITAL;354;CANAL LUZ;SD;RELIGIOSO
PERU;PREPAGO;CONTROL N-BRONCE DIGITAL;502;TNT;SD;SERIES Y PELICULAS
PERU;PREPAGO;CONTROL N-BRONCE DIGITAL;507;CINECANAL;SD;SERIES Y PELICULAS
PERU;PREPAGO;CONTROL N-BRONCE DIGITAL;508;STUDIO UNIVERSAL;SD;SERIES Y PELICULAS
PERU;PREPAGO;CONTROL N-BRONCE DIGITAL;510;MÓRBIDO TV;SD;SERIES Y PELICULAS
PERU;PREPAGO;CONTROL N-BRONCE DIGITAL;516;DE PELÍCULA;SD;SERIES Y PELICULAS
PERU;PREPAGO;CONTROL N-BRONCE DIGITAL;518;SPACE;SD;SERIES Y PELICULAS
PERU;PREPAGO;CONTROL N-BRONCE DIGITAL;603;L1;SD;DEPORTES
PERU;PREPAGO;CONTROL N-BRONCE DIGITAL;604;L1M;SD;DEPORTES
PERU;PREPAGO;CONTROL N-BRONCE DIGITAL;610;DSPORTS;SD;DEPORTES
PERU;PREPAGO;CONTROL N-BRONCE DIGITAL;612;DSPORTS 2;SD;DEPORTES
PERU;PREPAGO;CONTROL N-BRONCE DIGITAL;613;DSPORTS +;SD;DEPORTES
PERU;PREPAGO;CONTROL N-BRONCE DIGITAL;621;ESPN;SD;DEPORTES
PERU;PREPAGO;CONTROL N-BRONCE DIGITAL;622;ESPN 2;SD;DEPORTES
PERU;PREPAGO;CONTROL N-BRONCE DIGITAL;623;ESPN 3;SD;DEPORTES
PERU;PREPAGO;CONTROL N-BRONCE DIGITAL;625;ESPN 5;SD;DEPORTES
PERU;PREPAGO;CONTROL N-BRONCE DIGITAL;626;ESPN 6;SD;DEPORTES
PERU;PREPAGO;CONTROL N-BRONCE DIGITAL;627;ESPN 7;SD;DEPORTES
PERU;PREPAGO;CONTROL N-BRONCE DIGITAL;700;DNEWS;SD;NOTICIAS
PERU;PREPAGO;CONTROL N-BRONCE DIGITAL;704;CNN EN ESPAÑOL;SD;NOTICIAS
PERU;PREPAGO;CONTROL N-BRONCE DIGITAL;706;CNN INTERNATIONAL;SD;NOTICIAS
PERU;PREPAGO;CONTROL N-BRONCE DIGITAL;726;CANAL RURAL;SD;EDUCATIVO
PERU;PREPAGO;CONTROL N-BRONCE DIGITAL;730;NATIONAL GEOGRAPHIC;SD;CIENCIA Y CULTURA
PERU;PREPAGO;CONTROL N-BRONCE DIGITAL;732;DISCOVERY;SD;CIENCIA Y CULTURA
PERU;PREPAGO;CONTROL N-BRONCE DIGITAL;734;ANIMAL PLANET;SD;CIENCIA Y CULTURA
PERU;PREPAGO;CONTROL N-BRONCE DIGITAL;740;TLC;SD;HOGAR Y VARIEDADES
PERU;PREPAGO;CONTROL N-BRONCE DIGITAL;742;HISTORY;SD;CIENCIA Y CULTURA
PERU;PREPAGO;CONTROL N-BRONCE DIGITAL;760;UNIVISION;SD;NACIONAL
PERU;PREPAGO;CONTROL N-BRONCE DIGITAL;762;ANTENA 3;SD;NACIONAL
PERU;PREPAGO;CONTROL N-BRONCE DIGITAL;764;FRANCE 24;SD;NOTICIAS
PERU;PREPAGO;CONTROL N-BRONCE DIGITAL;790;CGTN ESPAÑOL;SD;NOTICIAS
PERU;PREPAGO;CONTROL N-BRONCE DIGITAL;804;ESCUELA+;SD;EDUCATIVO
PERU;PREPAGO;CONTROL N-BRONCE DIGITAL;901;DSPORTS RADIO;RADIO;DEPORTES
PERU;PREPAGO;CONTROL N-BRONCE DIGITAL;980;UNIÓN RADIO NOTICIAS;RADIO;AUDIO
PERU;PREPAGO;CONTROL N-BRONCE DIGITAL;982;RADIO CARACOL;RADIO;AUDIO
PERU;PREPAGO;CONTROL N-BRONCE DIGITAL;984;RADIO FRANCE INTERNACIONAL;RADIO;AUDIO
PERU;PREPAGO;CONTROL N-BRONCE DIGITAL;986;RADIO OXIGENO;RADIO;AUDIO
PERU;PREPAGO;CONTROL N-BRONCE DIGITAL;987;RADIO STUDIO 92;RADIO;AUDIO
PERU;PREPAGO;CONTROL N-BRONCE DIGITAL;988;RADIO MODA;RADIO;AUDIO
PERU;PREPAGO;CONTROL N-BRONCE DIGITAL;992;RADIO ALERTA BOGOTÁ;RADIO;AUDIO
PERU;PREPAGO;CONTROL N-BRONCE DIGITAL;993;RADIO W;RADIO;AUDIO
PERU;PREPAGO;CONTROL N-FAMILIA;100;CANAL 100;SD;INFORMATIVO
PERU;PREPAGO;CONTROL N-FAMILIA;100;INFORMACIÓN DIRECTV;SD;INFORMATIVO
PERU;PREPAGO;CONTROL N-FAMILIA;127;DSHOW;SD;HOGAR Y VARIEDADES
PERU;PREPAGO;CONTROL N-FAMILIA;190;EXITOSA;SD;NOTICIAS
PERU;PREPAGO;CONTROL N-FAMILIA;192;LATINA;SD;NACIONAL
PERU;PREPAGO;CONTROL N-FAMILIA;193;EL CONGRESO;SD;INFORMATIVO
PERU;PREPAGO;CONTROL N-FAMILIA;194;AMÉRICA TELEVISION;SD;NACIONAL
PERU;PREPAGO;CONTROL N-FAMILIA;195;PANAMERICANA;SD;NACIONAL
PERU;PREPAGO;CONTROL N-FAMILIA;196;ATV+;SD;NOTICIAS
PERU;PREPAGO;CONTROL N-FAMILIA;197;TV PERÚ;SD;NACIONAL
PERU;PREPAGO;CONTROL N-FAMILIA;198;GLOBAL;SD;NACIONAL
PERU;PREPAGO;CONTROL N-FAMILIA;199;ATV;SD;NACIONAL
PERU;PREPAGO;CONTROL N-FAMILIA;202;STAR CHANNEL;SD;SERIES Y PELICULAS
PERU;PREPAGO;CONTROL N-FAMILIA;206;WARNER;SD;SERIES Y PELICULAS
PERU;PREPAGO;CONTROL N-FAMILIA;207;A&E MUNDO;SD;SERIES Y PELICULAS
PERU;PREPAGO;CONTROL N-FAMILIA;208;SONY;SD;SERIES Y PELICULAS
PERU;PREPAGO;CONTROL N-FAMILIA;217;FX;SD;SERIES Y PELICULAS
PERU;PREPAGO;CONTROL N-FAMILIA;218;UNIVERSAL;SD;SERIES Y PELICULAS
PERU;PREPAGO;CONTROL N-FAMILIA;221;¡HOLA! TV;SD;HOGAR Y VARIEDADES
PERU;PREPAGO;CONTROL N-FAMILIA;222;E!;SD;HOGAR Y VARIEDADES
PERU;PREPAGO;CONTROL N-FAMILIA;226;LAS ESTRELLAS;SD;NACIONAL
PERU;PREPAGO;CONTROL N-FAMILIA;227;TL NOVELAS;SD;TELENOVELAS
PERU;PREPAGO;CONTROL N-FAMILIA;230;AMC SERIES;SD;SERIES Y PELICULAS
PERU;PREPAGO;CONTROL N-FAMILIA;231;TELEMUNDO;SD;TELENOVELAS
PERU;PREPAGO;CONTROL N-FAMILIA;240;CARAS TV;SD;HOGAR Y VARIEDADES
PERU;PREPAGO;CONTROL N-FAMILIA;264;MTV;SD;MUSICAL
PERU;PREPAGO;CONTROL N-FAMILIA;304;CARTOON NETWORK;SD;INFANTIL
PERU;PREPAGO;CONTROL N-FAMILIA;308;NICKELODEON;SD;INFANTIL
PERU;PREPAGO;CONTROL N-FAMILIA;312;DISNEY CHANNEL;SD;INFANTIL
PERU;PREPAGO;CONTROL N-FAMILIA;315;DISNEY JUNIOR;SD;INFANTIL
PERU;PREPAGO;CONTROL N-FAMILIA;318;PLIM PLIM;SD;INFANTIL
PERU;PREPAGO;CONTROL N-FAMILIA;319;EL REINO INFANTIL;SD;INFANTIL
PERU;PREPAGO;CONTROL N-FAMILIA;330;DISCOVERY KIDS;SD;INFANTIL
PERU;PREPAGO;CONTROL N-FAMILIA;350;EWTN;SD;RELIGIOSO
PERU;PREPAGO;CONTROL N-FAMILIA;352;TBN ENLACE;SD;RELIGIOSO
PERU;PREPAGO;CONTROL N-FAMILIA;354;CANAL LUZ;SD;RELIGIOSO
PERU;PREPAGO;CONTROL N-FAMILIA;502;TNT;SD;SERIES Y PELICULAS
PERU;PREPAGO;CONTROL N-FAMILIA;507;CINECANAL;SD;SERIES Y PELICULAS
PERU;PREPAGO;CONTROL N-FAMILIA;508;STUDIO UNIVERSAL;SD;SERIES Y PELICULAS
PERU;PREPAGO;CONTROL N-FAMILIA;510;MÓRBIDO TV;SD;SERIES Y PELICULAS
PERU;PREPAGO;CONTROL N-FAMILIA;603;L1;SD;DEPORTES
PERU;PREPAGO;CONTROL N-FAMILIA;604;L1M;SD;DEPORTES
PERU;PREPAGO;CONTROL N-FAMILIA;610;DSPORTS;SD;DEPORTES
PERU;PREPAGO;CONTROL N-FAMILIA;612;DSPORTS 2;SD;DEPORTES
PERU;PREPAGO;CONTROL N-FAMILIA;613;DSPORTS +;SD;DEPORTES
PERU;PREPAGO;CONTROL N-FAMILIA;621;ESPN;SD;DEPORTES
PERU;PREPAGO;CONTROL N-FAMILIA;622;ESPN 2;SD;DEPORTES
PERU;PREPAGO;CONTROL N-FAMILIA;623;ESPN 3;SD;DEPORTES
PERU;PREPAGO;CONTROL N-FAMILIA;625;ESPN 5;SD;DEPORTES
PERU;PREPAGO;CONTROL N-FAMILIA;626;ESPN 6;SD;DEPORTES
PERU;PREPAGO;CONTROL N-FAMILIA;627;ESPN 7;SD;DEPORTES
PERU;PREPAGO;CONTROL N-FAMILIA;700;DNEWS;SD;NOTICIAS
PERU;PREPAGO;CONTROL N-FAMILIA;704;CNN EN ESPAÑOL;SD;NOTICIAS
PERU;PREPAGO;CONTROL N-FAMILIA;726;CANAL RURAL;SD;EDUCATIVO
PERU;PREPAGO;CONTROL N-FAMILIA;730;NATIONAL GEOGRAPHIC;SD;CIENCIA Y CULTURA
PERU;PREPAGO;CONTROL N-FAMILIA;732;DISCOVERY;SD;CIENCIA Y CULTURA
PERU;PREPAGO;CONTROL N-FAMILIA;734;ANIMAL PLANET;SD;CIENCIA Y CULTURA
PERU;PREPAGO;CONTROL N-FAMILIA;764;FRANCE 24;SD;NOTICIAS
PERU;PREPAGO;CONTROL N-FAMILIA;790;CGTN ESPAÑOL;SD;NOTICIAS
PERU;PREPAGO;CONTROL N-FAMILIA;804;ESCUELA+;SD;EDUCATIVO
PERU;PREPAGO;CONTROL N-FAMILIA;901;DSPORTS RADIO;RADIO;DEPORTES
PERU;PREPAGO;CONTROL N-FAMILIA;980;UNIÓN RADIO NOTICIAS;RADIO;AUDIO
PERU;PREPAGO;CONTROL N-FAMILIA;982;RADIO CARACOL;RADIO;AUDIO
PERU;PREPAGO;CONTROL N-FAMILIA;984;RADIO FRANCE INTERNACIONAL;RADIO;AUDIO
PERU;PREPAGO;CONTROL N-FAMILIA;986;RADIO OXIGENO;RADIO;AUDIO
PERU;PREPAGO;CONTROL N-FAMILIA;987;RADIO STUDIO 92;RADIO;AUDIO
PERU;PREPAGO;CONTROL N-FAMILIA;988;RADIO MODA;RADIO;AUDIO
PERU;PREPAGO;CONTROL N-FAMILIA;992;RADIO ALERTA BOGOTÁ;RADIO;AUDIO
PERU;PREPAGO;CONTROL N-FAMILIA;993;RADIO W;RADIO;AUDIO
PERU;PREPAGO;DIRECTV CONTROL 50;100;CANAL 100;SD;INFORMATIVO
PERU;PREPAGO;DIRECTV CONTROL 50;100;INFORMACIÓN DIRECTV;SD;INFORMATIVO
PERU;PREPAGO;DIRECTV CONTROL 50;127;DSHOW;SD;HOGAR Y VARIEDADES
PERU;PREPAGO;DIRECTV CONTROL 50;190;EXITOSA;SD;NOTICIAS
PERU;PREPAGO;DIRECTV CONTROL 50;192;LATINA;SD;NACIONAL
PERU;PREPAGO;DIRECTV CONTROL 50;193;EL CONGRESO;SD;INFORMATIVO
PERU;PREPAGO;DIRECTV CONTROL 50;194;AMÉRICA TELEVISION;SD;NACIONAL
PERU;PREPAGO;DIRECTV CONTROL 50;195;PANAMERICANA;SD;NACIONAL
PERU;PREPAGO;DIRECTV CONTROL 50;196;ATV+;SD;NOTICIAS
PERU;PREPAGO;DIRECTV CONTROL 50;197;TV PERÚ;SD;NACIONAL
PERU;PREPAGO;DIRECTV CONTROL 50;198;GLOBAL;SD;NACIONAL
PERU;PREPAGO;DIRECTV CONTROL 50;199;ATV;SD;NACIONAL
PERU;PREPAGO;DIRECTV CONTROL 50;202;STAR CHANNEL;SD;SERIES Y PELICULAS
PERU;PREPAGO;DIRECTV CONTROL 50;206;WARNER;SD;SERIES Y PELICULAS
PERU;PREPAGO;DIRECTV CONTROL 50;207;A&E MUNDO;SD;SERIES Y PELICULAS
PERU;PREPAGO;DIRECTV CONTROL 50;208;SONY;SD;SERIES Y PELICULAS
PERU;PREPAGO;DIRECTV CONTROL 50;209;AXN;SD;SERIES Y PELICULAS
PERU;PREPAGO;DIRECTV CONTROL 50;217;FX;SD;SERIES Y PELICULAS
PERU;PREPAGO;DIRECTV CONTROL 50;218;UNIVERSAL;SD;SERIES Y PELICULAS
PERU;PREPAGO;DIRECTV CONTROL 50;221;¡HOLA! TV;SD;HOGAR Y VARIEDADES
PERU;PREPAGO;DIRECTV CONTROL 50;222;E!;SD;HOGAR Y VARIEDADES
PERU;PREPAGO;DIRECTV CONTROL 50;229;DISCOVERY HOME & HEALTH;SD;HOGAR Y VARIEDADES
PERU;PREPAGO;DIRECTV CONTROL 50;230;AMC SERIES;SD;SERIES Y PELICULAS
PERU;PREPAGO;DIRECTV CONTROL 50;231;TELEMUNDO;SD;TELENOVELAS
PERU;PREPAGO;DIRECTV CONTROL 50;240;CARAS TV;SD;HOGAR Y VARIEDADES
PERU;PREPAGO;DIRECTV CONTROL 50;304;CARTOON NETWORK;SD;INFANTIL
PERU;PREPAGO;DIRECTV CONTROL 50;312;DISNEY CHANNEL;SD;INFANTIL
PERU;PREPAGO;DIRECTV CONTROL 50;315;DISNEY JUNIOR;SD;INFANTIL
PERU;PREPAGO;DIRECTV CONTROL 50;318;PLIM PLIM;SD;INFANTIL
PERU;PREPAGO;DIRECTV CONTROL 50;319;EL REINO INFANTIL;SD;INFANTIL
PERU;PREPAGO;DIRECTV CONTROL 50;330;DISCOVERY KIDS;SD;INFANTIL
PERU;PREPAGO;DIRECTV CONTROL 50;350;EWTN;SD;RELIGIOSO
PERU;PREPAGO;DIRECTV CONTROL 50;352;TBN ENLACE;SD;RELIGIOSO
PERU;PREPAGO;DIRECTV CONTROL 50;354;CANAL LUZ;SD;RELIGIOSO
PERU;PREPAGO;DIRECTV CONTROL 50;502;TNT;SD;SERIES Y PELICULAS
PERU;PREPAGO;DIRECTV CONTROL 50;507;CINECANAL;SD;SERIES Y PELICULAS
PERU;PREPAGO;DIRECTV CONTROL 50;508;STUDIO UNIVERSAL;SD;SERIES Y PELICULAS
PERU;PREPAGO;DIRECTV CONTROL 50;510;MÓRBIDO TV;SD;SERIES Y PELICULAS
PERU;PREPAGO;DIRECTV CONTROL 50;603;L1;SD;DEPORTES
PERU;PREPAGO;DIRECTV CONTROL 50;604;L1M;SD;DEPORTES
PERU;PREPAGO;DIRECTV CONTROL 50;613;DSPORTS +;SD;DEPORTES
PERU;PREPAGO;DIRECTV CONTROL 50;621;ESPN;SD;DEPORTES
PERU;PREPAGO;DIRECTV CONTROL 50;622;ESPN 2;SD;DEPORTES
PERU;PREPAGO;DIRECTV CONTROL 50;623;ESPN 3;SD;DEPORTES
PERU;PREPAGO;DIRECTV CONTROL 50;625;ESPN 5;SD;DEPORTES
PERU;PREPAGO;DIRECTV CONTROL 50;626;ESPN 6;SD;DEPORTES
PERU;PREPAGO;DIRECTV CONTROL 50;627;ESPN 7;SD;DEPORTES
PERU;PREPAGO;DIRECTV CONTROL 50;700;DNEWS;SD;NOTICIAS
PERU;PREPAGO;DIRECTV CONTROL 50;704;CNN EN ESPAÑOL;SD;NOTICIAS
PERU;PREPAGO;DIRECTV CONTROL 50;720;26NOTICIAS;SD;NOTICIAS
PERU;PREPAGO;DIRECTV CONTROL 50;730;NATIONAL GEOGRAPHIC;SD;CIENCIA Y CULTURA
PERU;PREPAGO;DIRECTV CONTROL 50;732;DISCOVERY;SD;CIENCIA Y CULTURA
PERU;PREPAGO;DIRECTV CONTROL 50;734;ANIMAL PLANET;SD;CIENCIA Y CULTURA
PERU;PREPAGO;DIRECTV CONTROL 50;740;TLC;SD;HOGAR Y VARIEDADES
PERU;PREPAGO;DIRECTV CONTROL 50;742;HISTORY;SD;CIENCIA Y CULTURA
PERU;PREPAGO;DIRECTV CONTROL 50;764;FRANCE 24;SD;NOTICIAS
PERU;PREPAGO;DIRECTV CONTROL 50;790;CGTN ESPAÑOL;SD;NOTICIAS
PERU;PREPAGO;DIRECTV CONTROL 50;804;ESCUELA+;SD;EDUCATIVO
PERU;PREPAGO;DIRECTV CONTROL 50;901;DSPORTS RADIO;RADIO;DEPORTES
PERU;PREPAGO;DIRECTV CONTROL 50;980;UNIÓN RADIO NOTICIAS;RADIO;AUDIO
PERU;PREPAGO;DIRECTV CONTROL 50;982;RADIO CARACOL;RADIO;AUDIO
PERU;PREPAGO;DIRECTV CONTROL 50;984;RADIO FRANCE INTERNACIONAL;RADIO;AUDIO
PERU;PREPAGO;DIRECTV CONTROL 50;986;RADIO OXIGENO;RADIO;AUDIO
PERU;PREPAGO;DIRECTV CONTROL 50;987;RADIO STUDIO 92;RADIO;AUDIO
PERU;PREPAGO;DIRECTV CONTROL 50;988;RADIO MODA;RADIO;AUDIO
PERU;PREPAGO;DIRECTV CONTROL 50;992;RADIO ALERTA BOGOTÁ;RADIO;AUDIO
PERU;PREPAGO;DIRECTV CONTROL 50;993;RADIO W;RADIO;AUDIO
PERU;PREPAGO;DIRECTV CONTROL 75;100;CANAL 100;SD;INFORMATIVO
PERU;PREPAGO;DIRECTV CONTROL 75;100;INFORMACIÓN DIRECTV;SD;INFORMATIVO
PERU;PREPAGO;DIRECTV CONTROL 75;127;DSHOW;SD;HOGAR Y VARIEDADES
PERU;PREPAGO;DIRECTV CONTROL 75;190;EXITOSA;SD;NOTICIAS
PERU;PREPAGO;DIRECTV CONTROL 75;192;LATINA;SD;NACIONAL
PERU;PREPAGO;DIRECTV CONTROL 75;193;EL CONGRESO;SD;INFORMATIVO
PERU;PREPAGO;DIRECTV CONTROL 75;194;AMÉRICA TELEVISION;SD;NACIONAL
PERU;PREPAGO;DIRECTV CONTROL 75;195;PANAMERICANA;SD;NACIONAL
PERU;PREPAGO;DIRECTV CONTROL 75;196;ATV+;SD;NOTICIAS
PERU;PREPAGO;DIRECTV CONTROL 75;197;TV PERÚ;SD;NACIONAL
PERU;PREPAGO;DIRECTV CONTROL 75;198;GLOBAL;SD;NACIONAL
PERU;PREPAGO;DIRECTV CONTROL 75;199;ATV;SD;NACIONAL
PERU;PREPAGO;DIRECTV CONTROL 75;202;STAR CHANNEL;SD;SERIES Y PELICULAS
PERU;PREPAGO;DIRECTV CONTROL 75;206;WARNER;SD;SERIES Y PELICULAS
PERU;PREPAGO;DIRECTV CONTROL 75;207;A&E MUNDO;SD;SERIES Y PELICULAS
PERU;PREPAGO;DIRECTV CONTROL 75;208;SONY;SD;SERIES Y PELICULAS
PERU;PREPAGO;DIRECTV CONTROL 75;209;AXN;SD;SERIES Y PELICULAS
PERU;PREPAGO;DIRECTV CONTROL 75;217;FX;SD;SERIES Y PELICULAS
PERU;PREPAGO;DIRECTV CONTROL 75;218;UNIVERSAL;SD;SERIES Y PELICULAS
PERU;PREPAGO;DIRECTV CONTROL 75;220;ADULT SWIM;SD;INFANTIL
PERU;PREPAGO;DIRECTV CONTROL 75;221;¡HOLA! TV;SD;HOGAR Y VARIEDADES
PERU;PREPAGO;DIRECTV CONTROL 75;222;E!;SD;HOGAR Y VARIEDADES
PERU;PREPAGO;DIRECTV CONTROL 75;223;ID;SD;CIENCIA Y CULTURA
PERU;PREPAGO;DIRECTV CONTROL 75;226;LAS ESTRELLAS;SD;NACIONAL
PERU;PREPAGO;DIRECTV CONTROL 75;227;TL NOVELAS;SD;TELENOVELAS
PERU;PREPAGO;DIRECTV CONTROL 75;228;LIFETIME;SD;SERIES Y PELICULAS
PERU;PREPAGO;DIRECTV CONTROL 75;229;DISCOVERY HOME & HEALTH;SD;HOGAR Y VARIEDADES
PERU;PREPAGO;DIRECTV CONTROL 75;230;AMC SERIES;SD;SERIES Y PELICULAS
PERU;PREPAGO;DIRECTV CONTROL 75;231;TELEMUNDO;SD;TELENOVELAS
PERU;PREPAGO;DIRECTV CONTROL 75;240;CARAS TV;SD;HOGAR Y VARIEDADES
PERU;PREPAGO;DIRECTV CONTROL 75;264;MTV;SD;MUSICAL
PERU;PREPAGO;DIRECTV CONTROL 75;269;QUIERO MÚSICA EN MI IDIOMA;SD;MUSICAL
PERU;PREPAGO;DIRECTV CONTROL 75;304;CARTOON NETWORK;SD;INFANTIL
PERU;PREPAGO;DIRECTV CONTROL 75;308;NICKELODEON;SD;INFANTIL
PERU;PREPAGO;DIRECTV CONTROL 75;309;NICK JR.;SD;INFANTIL
PERU;PREPAGO;DIRECTV CONTROL 75;312;DISNEY CHANNEL;SD;INFANTIL
PERU;PREPAGO;DIRECTV CONTROL 75;315;DISNEY JUNIOR;SD;INFANTIL
PERU;PREPAGO;DIRECTV CONTROL 75;318;PLIM PLIM;SD;INFANTIL
PERU;PREPAGO;DIRECTV CONTROL 75;319;EL REINO INFANTIL;SD;INFANTIL
PERU;PREPAGO;DIRECTV CONTROL 75;330;DISCOVERY KIDS;SD;INFANTIL
PERU;PREPAGO;DIRECTV CONTROL 75;334;CARTOONITO;SD;INFANTIL
PERU;PREPAGO;DIRECTV CONTROL 75;350;EWTN;SD;RELIGIOSO
PERU;PREPAGO;DIRECTV CONTROL 75;352;TBN ENLACE;SD;RELIGIOSO
PERU;PREPAGO;DIRECTV CONTROL 75;354;CANAL LUZ;SD;RELIGIOSO
PERU;PREPAGO;DIRECTV CONTROL 75;502;TNT;SD;SERIES Y PELICULAS
PERU;PREPAGO;DIRECTV CONTROL 75;503;GOLDEN;SD;SERIES Y PELICULAS
PERU;PREPAGO;DIRECTV CONTROL 75;507;CINECANAL;SD;SERIES Y PELICULAS
PERU;PREPAGO;DIRECTV CONTROL 75;508;STUDIO UNIVERSAL;SD;SERIES Y PELICULAS
PERU;PREPAGO;DIRECTV CONTROL 75;510;MÓRBIDO TV;SD;SERIES Y PELICULAS
PERU;PREPAGO;DIRECTV CONTROL 75;516;DE PELÍCULA;SD;SERIES Y PELICULAS
PERU;PREPAGO;DIRECTV CONTROL 75;518;SPACE;SD;SERIES Y PELICULAS
PERU;PREPAGO;DIRECTV CONTROL 75;603;L1;SD;DEPORTES
PERU;PREPAGO;DIRECTV CONTROL 75;604;L1M;SD;DEPORTES
PERU;PREPAGO;DIRECTV CONTROL 75;613;DSPORTS +;SD;DEPORTES
PERU;PREPAGO;DIRECTV CONTROL 75;621;ESPN;SD;DEPORTES
PERU;PREPAGO;DIRECTV CONTROL 75;622;ESPN 2;SD;DEPORTES
PERU;PREPAGO;DIRECTV CONTROL 75;623;ESPN 3;SD;DEPORTES
PERU;PREPAGO;DIRECTV CONTROL 75;625;ESPN 5;SD;DEPORTES
PERU;PREPAGO;DIRECTV CONTROL 75;626;ESPN 6;SD;DEPORTES
PERU;PREPAGO;DIRECTV CONTROL 75;627;ESPN 7;SD;DEPORTES
PERU;PREPAGO;DIRECTV CONTROL 75;700;DNEWS;SD;NOTICIAS
PERU;PREPAGO;DIRECTV CONTROL 75;704;CNN EN ESPAÑOL;SD;NOTICIAS
PERU;PREPAGO;DIRECTV CONTROL 75;706;CNN INTERNATIONAL;SD;NOTICIAS
PERU;PREPAGO;DIRECTV CONTROL 75;716;TODO NOTICIAS;SD;NOTICIAS
PERU;PREPAGO;DIRECTV CONTROL 75;720;26NOTICIAS;SD;NOTICIAS
PERU;PREPAGO;DIRECTV CONTROL 75;726;CANAL RURAL;SD;EDUCATIVO
PERU;PREPAGO;DIRECTV CONTROL 75;730;NATIONAL GEOGRAPHIC;SD;CIENCIA Y CULTURA
PERU;PREPAGO;DIRECTV CONTROL 75;732;DISCOVERY;SD;CIENCIA Y CULTURA
PERU;PREPAGO;DIRECTV CONTROL 75;734;ANIMAL PLANET;SD;CIENCIA Y CULTURA
PERU;PREPAGO;DIRECTV CONTROL 75;740;TLC;SD;HOGAR Y VARIEDADES
PERU;PREPAGO;DIRECTV CONTROL 75;742;HISTORY;SD;CIENCIA Y CULTURA
PERU;PREPAGO;DIRECTV CONTROL 75;744;HISTORY 2;SD;CIENCIA Y CULTURA
PERU;PREPAGO;DIRECTV CONTROL 75;760;UNIVISION;SD;NACIONAL
PERU;PREPAGO;DIRECTV CONTROL 75;762;ANTENA 3;SD;NACIONAL
PERU;PREPAGO;DIRECTV CONTROL 75;764;FRANCE 24;SD;NOTICIAS
PERU;PREPAGO;DIRECTV CONTROL 75;784;EL TRECE;SD;NACIONAL
PERU;PREPAGO;DIRECTV CONTROL 75;786;TELEFE INTERNACIONAL;SD;NACIONAL
PERU;PREPAGO;DIRECTV CONTROL 75;790;CGTN ESPAÑOL;SD;NOTICIAS
PERU;PREPAGO;DIRECTV CONTROL 75;804;ESCUELA+;SD;EDUCATIVO
PERU;PREPAGO;DIRECTV CONTROL 75;901;DSPORTS RADIO;RADIO;DEPORTES
PERU;PREPAGO;DIRECTV CONTROL 75;980;UNIÓN RADIO NOTICIAS;RADIO;AUDIO
PERU;PREPAGO;DIRECTV CONTROL 75;982;RADIO CARACOL;RADIO;AUDIO
PERU;PREPAGO;DIRECTV CONTROL 75;984;RADIO FRANCE INTERNACIONAL;RADIO;AUDIO
PERU;PREPAGO;DIRECTV CONTROL 75;986;RADIO OXIGENO;RADIO;AUDIO
PERU;PREPAGO;DIRECTV CONTROL 75;987;RADIO STUDIO 92;RADIO;AUDIO
PERU;PREPAGO;DIRECTV CONTROL 75;988;RADIO MODA;RADIO;AUDIO
PERU;PREPAGO;DIRECTV CONTROL 75;992;RADIO ALERTA BOGOTÁ;RADIO;AUDIO
PERU;PREPAGO;DIRECTV CONTROL 75;993;RADIO W;RADIO;AUDIO
PERU;PREPAGO;KIT BRONCE HD;100;CANAL 100;SD;INFORMATIVO
PERU;PREPAGO;KIT BRONCE HD;100;INFORMACIÓN DIRECTV;SD;INFORMATIVO
PERU;PREPAGO;KIT BRONCE HD;127;DSHOW;SD;HOGAR Y VARIEDADES
PERU;PREPAGO;KIT BRONCE HD;190;EXITOSA;SD;NOTICIAS
PERU;PREPAGO;KIT BRONCE HD;192;LATINA;SD;NACIONAL
PERU;PREPAGO;KIT BRONCE HD;193;EL CONGRESO;SD;INFORMATIVO
PERU;PREPAGO;KIT BRONCE HD;194;AMÉRICA TELEVISION;SD;NACIONAL
PERU;PREPAGO;KIT BRONCE HD;195;PANAMERICANA;SD;NACIONAL
PERU;PREPAGO;KIT BRONCE HD;196;ATV+;SD;NOTICIAS
PERU;PREPAGO;KIT BRONCE HD;197;TV PERÚ;SD;NACIONAL
PERU;PREPAGO;KIT BRONCE HD;198;GLOBAL;SD;NACIONAL
PERU;PREPAGO;KIT BRONCE HD;199;ATV;SD;NACIONAL
PERU;PREPAGO;KIT BRONCE HD;202;STAR CHANNEL;SD;SERIES Y PELICULAS
PERU;PREPAGO;KIT BRONCE HD;206;WARNER;SD;SERIES Y PELICULAS
PERU;PREPAGO;KIT BRONCE HD;207;A&E MUNDO;SD;SERIES Y PELICULAS
PERU;PREPAGO;KIT BRONCE HD;208;SONY;SD;SERIES Y PELICULAS
PERU;PREPAGO;KIT BRONCE HD;209;AXN;SD;SERIES Y PELICULAS
PERU;PREPAGO;KIT BRONCE HD;217;FX;SD;SERIES Y PELICULAS
PERU;PREPAGO;KIT BRONCE HD;218;UNIVERSAL;SD;SERIES Y PELICULAS
PERU;PREPAGO;KIT BRONCE HD;220;ADULT SWIM;SD;INFANTIL
PERU;PREPAGO;KIT BRONCE HD;221;¡HOLA! TV;SD;HOGAR Y VARIEDADES
PERU;PREPAGO;KIT BRONCE HD;222;E!;SD;HOGAR Y VARIEDADES
PERU;PREPAGO;KIT BRONCE HD;226;LAS ESTRELLAS;SD;NACIONAL
PERU;PREPAGO;KIT BRONCE HD;227;TL NOVELAS;SD;TELENOVELAS
PERU;PREPAGO;KIT BRONCE HD;229;DISCOVERY HOME & HEALTH;SD;HOGAR Y VARIEDADES
PERU;PREPAGO;KIT BRONCE HD;230;AMC SERIES;SD;SERIES Y PELICULAS
PERU;PREPAGO;KIT BRONCE HD;231;TELEMUNDO;SD;TELENOVELAS
PERU;PREPAGO;KIT BRONCE HD;240;CARAS TV;SD;HOGAR Y VARIEDADES
PERU;PREPAGO;KIT BRONCE HD;264;MTV;SD;MUSICAL
PERU;PREPAGO;KIT BRONCE HD;269;QUIERO MÚSICA EN MI IDIOMA;SD;MUSICAL
PERU;PREPAGO;KIT BRONCE HD;304;CARTOON NETWORK;SD;INFANTIL
PERU;PREPAGO;KIT BRONCE HD;308;NICKELODEON;SD;INFANTIL
PERU;PREPAGO;KIT BRONCE HD;312;DISNEY CHANNEL;SD;INFANTIL
PERU;PREPAGO;KIT BRONCE HD;315;DISNEY JUNIOR;SD;INFANTIL
PERU;PREPAGO;KIT BRONCE HD;318;PLIM PLIM;SD;INFANTIL
PERU;PREPAGO;KIT BRONCE HD;319;EL REINO INFANTIL;SD;INFANTIL
PERU;PREPAGO;KIT BRONCE HD;330;DISCOVERY KIDS;SD;INFANTIL
PERU;PREPAGO;KIT BRONCE HD;350;EWTN;SD;RELIGIOSO
PERU;PREPAGO;KIT BRONCE HD;352;TBN ENLACE;SD;RELIGIOSO
PERU;PREPAGO;KIT BRONCE HD;354;CANAL LUZ;SD;RELIGIOSO
PERU;PREPAGO;KIT BRONCE HD;502;TNT;SD;SERIES Y PELICULAS
PERU;PREPAGO;KIT BRONCE HD;507;CINECANAL;SD;SERIES Y PELICULAS
PERU;PREPAGO;KIT BRONCE HD;508;STUDIO UNIVERSAL;SD;SERIES Y PELICULAS
PERU;PREPAGO;KIT BRONCE HD;510;MÓRBIDO TV;SD;SERIES Y PELICULAS
PERU;PREPAGO;KIT BRONCE HD;516;DE PELÍCULA;SD;SERIES Y PELICULAS
PERU;PREPAGO;KIT BRONCE HD;518;SPACE;SD;SERIES Y PELICULAS
PERU;PREPAGO;KIT BRONCE HD;603;L1;SD;DEPORTES
PERU;PREPAGO;KIT BRONCE HD;604;L1M;SD;DEPORTES
PERU;PREPAGO;KIT BRONCE HD;610;DSPORTS;SD;DEPORTES
PERU;PREPAGO;KIT BRONCE HD;612;DSPORTS 2;SD;DEPORTES
PERU;PREPAGO;KIT BRONCE HD;613;DSPORTS +;SD;DEPORTES
PERU;PREPAGO;KIT BRONCE HD;621;ESPN;SD;DEPORTES
PERU;PREPAGO;KIT BRONCE HD;622;ESPN 2;SD;DEPORTES
PERU;PREPAGO;KIT BRONCE HD;623;ESPN 3;SD;DEPORTES
PERU;PREPAGO;KIT BRONCE HD;625;ESPN 5;SD;DEPORTES
PERU;PREPAGO;KIT BRONCE HD;626;ESPN 6;SD;DEPORTES
PERU;PREPAGO;KIT BRONCE HD;627;ESPN 7;SD;DEPORTES
PERU;PREPAGO;KIT BRONCE HD;700;DNEWS;SD;NOTICIAS
PERU;PREPAGO;KIT BRONCE HD;704;CNN EN ESPAÑOL;SD;NOTICIAS
PERU;PREPAGO;KIT BRONCE HD;706;CNN INTERNATIONAL;SD;NOTICIAS
PERU;PREPAGO;KIT BRONCE HD;726;CANAL RURAL;SD;EDUCATIVO
PERU;PREPAGO;KIT BRONCE HD;730;NATIONAL GEOGRAPHIC;SD;CIENCIA Y CULTURA
PERU;PREPAGO;KIT BRONCE HD;732;DISCOVERY;SD;CIENCIA Y CULTURA
PERU;PREPAGO;KIT BRONCE HD;734;ANIMAL PLANET;SD;CIENCIA Y CULTURA
PERU;PREPAGO;KIT BRONCE HD;740;TLC;SD;HOGAR Y VARIEDADES
PERU;PREPAGO;KIT BRONCE HD;742;HISTORY;SD;CIENCIA Y CULTURA
PERU;PREPAGO;KIT BRONCE HD;760;UNIVISION;SD;NACIONAL
PERU;PREPAGO;KIT BRONCE HD;762;ANTENA 3;SD;NACIONAL
PERU;PREPAGO;KIT BRONCE HD;764;FRANCE 24;SD;NOTICIAS
PERU;PREPAGO;KIT BRONCE HD;790;CGTN ESPAÑOL;SD;NOTICIAS
PERU;PREPAGO;KIT BRONCE HD;804;ESCUELA+;SD;EDUCATIVO
PERU;PREPAGO;KIT BRONCE HD;901;DSPORTS RADIO;RADIO;DEPORTES
PERU;PREPAGO;KIT BRONCE HD;980;UNIÓN RADIO NOTICIAS;RADIO;AUDIO
PERU;PREPAGO;KIT BRONCE HD;982;RADIO CARACOL;RADIO;AUDIO
PERU;PREPAGO;KIT BRONCE HD;984;RADIO FRANCE INTERNACIONAL;RADIO;AUDIO
PERU;PREPAGO;KIT BRONCE HD;986;RADIO OXIGENO;RADIO;AUDIO
PERU;PREPAGO;KIT BRONCE HD;987;RADIO STUDIO 92;RADIO;AUDIO
PERU;PREPAGO;KIT BRONCE HD;988;RADIO MODA;RADIO;AUDIO
PERU;PREPAGO;KIT BRONCE HD;992;RADIO ALERTA BOGOTÁ;RADIO;AUDIO
PERU;PREPAGO;KIT BRONCE HD;993;RADIO W;RADIO;AUDIO
PERU;PREPAGO;KIT BRONCE HD;1127;DSHOW;HD;HOGAR Y VARIEDADES
PERU;PREPAGO;KIT BRONCE HD;1189;RPP;HD;NOTICIAS
PERU;PREPAGO;KIT BRONCE HD;1190;TV PERÚ NOTICIAS HD;HD;NOTICIAS
PERU;PREPAGO;KIT BRONCE HD;1191;WILLAX HD;HD;DEPORTES
PERU;PREPAGO;KIT BRONCE HD;1192;LATINA HD;HD;NACIONAL
PERU;PREPAGO;KIT BRONCE HD;1193;A LA COCINA;HD;GASTRONÓMICO
PERU;PREPAGO;KIT BRONCE HD;1194;AMÉRICA TELEVISION HD;HD;NACIONAL
PERU;PREPAGO;KIT BRONCE HD;1195;PANAMERICANA HD;HD;NACIONAL
PERU;PREPAGO;KIT BRONCE HD;1196;ATV+;HD;NOTICIAS
PERU;PREPAGO;KIT BRONCE HD;1197;TV PERÚ HD;HD;NACIONAL
PERU;PREPAGO;KIT BRONCE HD;1198;GLOBAL HD;HD;NACIONAL
PERU;PREPAGO;KIT BRONCE HD;1199;ATV9 HD;HD;NACIONAL
PERU;PREPAGO;KIT BRONCE HD;1204;STAR CHANNEL HD;HD;SERIES Y PELICULAS
PERU;PREPAGO;KIT BRONCE HD;1206;WARNER HD;HD;SERIES Y PELICULAS
PERU;PREPAGO;KIT BRONCE HD;1207;A&E MUNDO HD;HD;SERIES Y PELICULAS
PERU;PREPAGO;KIT BRONCE HD;1208;SONY HD;HD;SERIES Y PELICULAS
PERU;PREPAGO;KIT BRONCE HD;1209;AXN HD;HD;SERIES Y PELICULAS
PERU;PREPAGO;KIT BRONCE HD;1217;FX HD;HD;SERIES Y PELICULAS
PERU;PREPAGO;KIT BRONCE HD;1218;UNIVERSAL HD;HD;SERIES Y PELICULAS
PERU;PREPAGO;KIT BRONCE HD;1221;¡HOLA! TV HD;HD;HOGAR Y VARIEDADES
PERU;PREPAGO;KIT BRONCE HD;1222;E! HD;HD;HOGAR Y VARIEDADES
PERU;PREPAGO;KIT BRONCE HD;1229;DISCOVERY HOME & HEALTH HD;HD;HOGAR Y VARIEDADES
PERU;PREPAGO;KIT BRONCE HD;1232;EL GOURMET;HD;GASTRONÓMICO
PERU;PREPAGO;KIT BRONCE HD;1236;VEPLUS;HD;HOGAR Y VARIEDADES
PERU;PREPAGO;KIT BRONCE HD;1264;MTV HD;HD;MUSICAL
PERU;PREPAGO;KIT BRONCE HD;1265;MUSIC TOP HD;HD;MUSICAL
PERU;PREPAGO;KIT BRONCE HD;1266;TIERRA MÍA HD;HD;CIENCIA Y CULTURA
PERU;PREPAGO;KIT BRONCE HD;1273;INTI HD;HD;EDUCATIVO
PERU;PREPAGO;KIT BRONCE HD;1302;ESCUELA+;HD;EDUCATIVO
PERU;PREPAGO;KIT BRONCE HD;1304;CARTOON NETWORK HD;HD;INFANTIL
PERU;PREPAGO;KIT BRONCE HD;1308;NICKELODEON HD;HD;INFANTIL
PERU;PREPAGO;KIT BRONCE HD;1312;DISNEY CHANNEL HD;HD;INFANTIL
PERU;PREPAGO;KIT BRONCE HD;1315;DISNEY JUNIOR HD;HD;INFANTIL
PERU;PREPAGO;KIT BRONCE HD;1318;PLIM PLIM HD;HD;INFANTIL
PERU;PREPAGO;KIT BRONCE HD;1319;EL REINO INFANTIL HD;HD;INFANTIL
PERU;PREPAGO;KIT BRONCE HD;1330;DISCOVERY KIDS HD;HD;INFANTIL
PERU;PREPAGO;KIT BRONCE HD;1502;TNT HD;HD;SERIES Y PELICULAS
PERU;PREPAGO;KIT BRONCE HD;1507;CINECANAL HD;HD;SERIES Y PELICULAS
PERU;PREPAGO;KIT BRONCE HD;1508;STUDIO UNIVERSAL HD;HD;SERIES Y PELICULAS
PERU;PREPAGO;KIT BRONCE HD;1510;MÓRBIDO TV HD;HD;SERIES Y PELICULAS
PERU;PREPAGO;KIT BRONCE HD;1518;SPACE HD;HD;SERIES Y PELICULAS
PERU;PREPAGO;KIT BRONCE HD;1603;L1;HD;DEPORTES
PERU;PREPAGO;KIT BRONCE HD;1604;L1M;HD;DEPORTES
PERU;PREPAGO;KIT BRONCE HD;1610;DSPORTS HD;HD;DEPORTES
PERU;PREPAGO;KIT BRONCE HD;1612;DSPORTS 2 HD;HD;DEPORTES
PERU;PREPAGO;KIT BRONCE HD;1613;DSPORTS + HD;HD;DEPORTES
PERU;PREPAGO;KIT BRONCE HD;1621;ESPN HD;HD;DEPORTES
PERU;PREPAGO;KIT BRONCE HD;1622;ESPN 2 HD;HD;DEPORTES
PERU;PREPAGO;KIT BRONCE HD;1623;ESPN 3 HD;HD;DEPORTES
PERU;PREPAGO;KIT BRONCE HD;1624;ESPN 4 HD;HD;DEPORTES
PERU;PREPAGO;KIT BRONCE HD;1625;ESPN 5;HD;DEPORTES
PERU;PREPAGO;KIT BRONCE HD;1626;ESPN 6;HD;DEPORTES
PERU;PREPAGO;KIT BRONCE HD;1627;ESPN 7 HD;HD;DEPORTES
PERU;PREPAGO;KIT BRONCE HD;1700;DNEWS;HD;NOTICIAS
PERU;PREPAGO;KIT BRONCE HD;1730;NATIONAL GEOGRAPHIC HD;HD;CIENCIA Y CULTURA
PERU;PREPAGO;KIT BRONCE HD;1732;DISCOVERY HD;HD;CIENCIA Y CULTURA
PERU;PREPAGO;KIT BRONCE HD;1734;ANIMAL PLANET HD;HD;CIENCIA Y CULTURA
PERU;PREPAGO;KIT BRONCE HD;1740;TLC;HD;HOGAR Y VARIEDADES
PERU;PREPAGO;KIT BRONCE HD;1742;HISTORY HD;HD;CIENCIA Y CULTURA
PERU;PREPAGO;KIT BRONCE HD;1762;ANTENA 3 HD;HD;NACIONAL
PERU;PREPAGO;KIT BRONCE HD;1764;FRANCE 24 HD;HD;NOTICIAS
PERU;PREPAGO;KIT BRONCE SD;100;CANAL 100;SD;INFORMATIVO
PERU;PREPAGO;KIT BRONCE SD;100;INFORMACIÓN DIRECTV;SD;INFORMATIVO
PERU;PREPAGO;KIT BRONCE SD;127;DSHOW;SD;HOGAR Y VARIEDADES
PERU;PREPAGO;KIT BRONCE SD;190;EXITOSA;SD;NOTICIAS
PERU;PREPAGO;KIT BRONCE SD;192;LATINA;SD;NACIONAL
PERU;PREPAGO;KIT BRONCE SD;193;EL CONGRESO;SD;INFORMATIVO
PERU;PREPAGO;KIT BRONCE SD;194;AMÉRICA TELEVISION;SD;NACIONAL
PERU;PREPAGO;KIT BRONCE SD;195;PANAMERICANA;SD;NACIONAL
PERU;PREPAGO;KIT BRONCE SD;196;ATV+;SD;NOTICIAS
PERU;PREPAGO;KIT BRONCE SD;197;TV PERÚ;SD;NACIONAL
PERU;PREPAGO;KIT BRONCE SD;198;GLOBAL;SD;NACIONAL
PERU;PREPAGO;KIT BRONCE SD;199;ATV;SD;NACIONAL
PERU;PREPAGO;KIT BRONCE SD;202;STAR CHANNEL;SD;SERIES Y PELICULAS
PERU;PREPAGO;KIT BRONCE SD;206;WARNER;SD;SERIES Y PELICULAS
PERU;PREPAGO;KIT BRONCE SD;207;A&E MUNDO;SD;SERIES Y PELICULAS
PERU;PREPAGO;KIT BRONCE SD;208;SONY;SD;SERIES Y PELICULAS
PERU;PREPAGO;KIT BRONCE SD;209;AXN;SD;SERIES Y PELICULAS
PERU;PREPAGO;KIT BRONCE SD;217;FX;SD;SERIES Y PELICULAS
PERU;PREPAGO;KIT BRONCE SD;218;UNIVERSAL;SD;SERIES Y PELICULAS
PERU;PREPAGO;KIT BRONCE SD;220;ADULT SWIM;SD;INFANTIL
PERU;PREPAGO;KIT BRONCE SD;221;¡HOLA! TV;SD;HOGAR Y VARIEDADES
PERU;PREPAGO;KIT BRONCE SD;222;E!;SD;HOGAR Y VARIEDADES
PERU;PREPAGO;KIT BRONCE SD;226;LAS ESTRELLAS;SD;NACIONAL
PERU;PREPAGO;KIT BRONCE SD;227;TL NOVELAS;SD;TELENOVELAS
PERU;PREPAGO;KIT BRONCE SD;229;DISCOVERY HOME & HEALTH;SD;HOGAR Y VARIEDADES
PERU;PREPAGO;KIT BRONCE SD;230;AMC SERIES;SD;SERIES Y PELICULAS
PERU;PREPAGO;KIT BRONCE SD;231;TELEMUNDO;SD;TELENOVELAS
PERU;PREPAGO;KIT BRONCE SD;240;CARAS TV;SD;HOGAR Y VARIEDADES
PERU;PREPAGO;KIT BRONCE SD;264;MTV;SD;MUSICAL
PERU;PREPAGO;KIT BRONCE SD;269;QUIERO MÚSICA EN MI IDIOMA;SD;MUSICAL
PERU;PREPAGO;KIT BRONCE SD;304;CARTOON NETWORK;SD;INFANTIL
PERU;PREPAGO;KIT BRONCE SD;308;NICKELODEON;SD;INFANTIL
PERU;PREPAGO;KIT BRONCE SD;312;DISNEY CHANNEL;SD;INFANTIL
PERU;PREPAGO;KIT BRONCE SD;315;DISNEY JUNIOR;SD;INFANTIL
PERU;PREPAGO;KIT BRONCE SD;318;PLIM PLIM;SD;INFANTIL
PERU;PREPAGO;KIT BRONCE SD;319;EL REINO INFANTIL;SD;INFANTIL
PERU;PREPAGO;KIT BRONCE SD;330;DISCOVERY KIDS;SD;INFANTIL
PERU;PREPAGO;KIT BRONCE SD;350;EWTN;SD;RELIGIOSO
PERU;PREPAGO;KIT BRONCE SD;352;TBN ENLACE;SD;RELIGIOSO
PERU;PREPAGO;KIT BRONCE SD;354;CANAL LUZ;SD;RELIGIOSO
PERU;PREPAGO;KIT BRONCE SD;502;TNT;SD;SERIES Y PELICULAS
PERU;PREPAGO;KIT BRONCE SD;507;CINECANAL;SD;SERIES Y PELICULAS
PERU;PREPAGO;KIT BRONCE SD;508;STUDIO UNIVERSAL;SD;SERIES Y PELICULAS
PERU;PREPAGO;KIT BRONCE SD;510;MÓRBIDO TV;SD;SERIES Y PELICULAS
PERU;PREPAGO;KIT BRONCE SD;516;DE PELÍCULA;SD;SERIES Y PELICULAS
PERU;PREPAGO;KIT BRONCE SD;518;SPACE;SD;SERIES Y PELICULAS
PERU;PREPAGO;KIT BRONCE SD;603;L1;SD;DEPORTES
PERU;PREPAGO;KIT BRONCE SD;604;L1M;SD;DEPORTES
PERU;PREPAGO;KIT BRONCE SD;610;DSPORTS;SD;DEPORTES
PERU;PREPAGO;KIT BRONCE SD;612;DSPORTS 2;SD;DEPORTES
PERU;PREPAGO;KIT BRONCE SD;613;DSPORTS +;SD;DEPORTES
PERU;PREPAGO;KIT BRONCE SD;621;ESPN;SD;DEPORTES
PERU;PREPAGO;KIT BRONCE SD;622;ESPN 2;SD;DEPORTES
PERU;PREPAGO;KIT BRONCE SD;623;ESPN 3;SD;DEPORTES
PERU;PREPAGO;KIT BRONCE SD;625;ESPN 5;SD;DEPORTES
PERU;PREPAGO;KIT BRONCE SD;626;ESPN 6;SD;DEPORTES
PERU;PREPAGO;KIT BRONCE SD;627;ESPN 7;SD;DEPORTES
PERU;PREPAGO;KIT BRONCE SD;700;DNEWS;SD;NOTICIAS
PERU;PREPAGO;KIT BRONCE SD;704;CNN EN ESPAÑOL;SD;NOTICIAS
PERU;PREPAGO;KIT BRONCE SD;706;CNN INTERNATIONAL;SD;NOTICIAS
PERU;PREPAGO;KIT BRONCE SD;726;CANAL RURAL;SD;EDUCATIVO
PERU;PREPAGO;KIT BRONCE SD;730;NATIONAL GEOGRAPHIC;SD;CIENCIA Y CULTURA
PERU;PREPAGO;KIT BRONCE SD;732;DISCOVERY;SD;CIENCIA Y CULTURA
PERU;PREPAGO;KIT BRONCE SD;734;ANIMAL PLANET;SD;CIENCIA Y CULTURA
PERU;PREPAGO;KIT BRONCE SD;740;TLC;SD;HOGAR Y VARIEDADES
PERU;PREPAGO;KIT BRONCE SD;742;HISTORY;SD;CIENCIA Y CULTURA
PERU;PREPAGO;KIT BRONCE SD;760;UNIVISION;SD;NACIONAL
PERU;PREPAGO;KIT BRONCE SD;762;ANTENA 3;SD;NACIONAL
PERU;PREPAGO;KIT BRONCE SD;764;FRANCE 24;SD;NOTICIAS
PERU;PREPAGO;KIT BRONCE SD;790;CGTN ESPAÑOL;SD;NOTICIAS
PERU;PREPAGO;KIT BRONCE SD;804;ESCUELA+;SD;EDUCATIVO
PERU;PREPAGO;KIT BRONCE SD;901;DSPORTS RADIO;RADIO;DEPORTES
PERU;PREPAGO;KIT BRONCE SD;980;UNIÓN RADIO NOTICIAS;RADIO;AUDIO
PERU;PREPAGO;KIT BRONCE SD;982;RADIO CARACOL;RADIO;AUDIO
PERU;PREPAGO;KIT BRONCE SD;984;RADIO FRANCE INTERNACIONAL;RADIO;AUDIO
PERU;PREPAGO;KIT BRONCE SD;986;RADIO OXIGENO;RADIO;AUDIO
PERU;PREPAGO;KIT BRONCE SD;987;RADIO STUDIO 92;RADIO;AUDIO
PERU;PREPAGO;KIT BRONCE SD;988;RADIO MODA;RADIO;AUDIO
PERU;PREPAGO;KIT BRONCE SD;992;RADIO ALERTA BOGOTÁ;RADIO;AUDIO
PERU;PREPAGO;KIT BRONCE SD;993;RADIO W;RADIO;AUDIO
PERU;PREPAGO;KIT FAMILIA HD;100;CANAL 100;SD;INFORMATIVO
PERU;PREPAGO;KIT FAMILIA HD;100;INFORMACIÓN DIRECTV;SD;INFORMATIVO
PERU;PREPAGO;KIT FAMILIA HD;127;DSHOW;SD;HOGAR Y VARIEDADES
PERU;PREPAGO;KIT FAMILIA HD;190;EXITOSA;SD;NOTICIAS
PERU;PREPAGO;KIT FAMILIA HD;192;LATINA;SD;NACIONAL
PERU;PREPAGO;KIT FAMILIA HD;193;EL CONGRESO;SD;INFORMATIVO
PERU;PREPAGO;KIT FAMILIA HD;194;AMÉRICA TELEVISION;SD;NACIONAL
PERU;PREPAGO;KIT FAMILIA HD;195;PANAMERICANA;SD;NACIONAL
PERU;PREPAGO;KIT FAMILIA HD;196;ATV+;SD;NOTICIAS
PERU;PREPAGO;KIT FAMILIA HD;197;TV PERÚ;SD;NACIONAL
PERU;PREPAGO;KIT FAMILIA HD;198;GLOBAL;SD;NACIONAL
PERU;PREPAGO;KIT FAMILIA HD;199;ATV;SD;NACIONAL
PERU;PREPAGO;KIT FAMILIA HD;202;STAR CHANNEL;SD;SERIES Y PELICULAS
PERU;PREPAGO;KIT FAMILIA HD;206;WARNER;SD;SERIES Y PELICULAS
PERU;PREPAGO;KIT FAMILIA HD;207;A&E MUNDO;SD;SERIES Y PELICULAS
PERU;PREPAGO;KIT FAMILIA HD;208;SONY;SD;SERIES Y PELICULAS
PERU;PREPAGO;KIT FAMILIA HD;217;FX;SD;SERIES Y PELICULAS
PERU;PREPAGO;KIT FAMILIA HD;218;UNIVERSAL;SD;SERIES Y PELICULAS
PERU;PREPAGO;KIT FAMILIA HD;221;¡HOLA! TV;SD;HOGAR Y VARIEDADES
PERU;PREPAGO;KIT FAMILIA HD;222;E!;SD;HOGAR Y VARIEDADES
PERU;PREPAGO;KIT FAMILIA HD;226;LAS ESTRELLAS;SD;NACIONAL
PERU;PREPAGO;KIT FAMILIA HD;227;TL NOVELAS;SD;TELENOVELAS
PERU;PREPAGO;KIT FAMILIA HD;230;AMC SERIES;SD;SERIES Y PELICULAS
PERU;PREPAGO;KIT FAMILIA HD;231;TELEMUNDO;SD;TELENOVELAS
PERU;PREPAGO;KIT FAMILIA HD;240;CARAS TV;SD;HOGAR Y VARIEDADES
PERU;PREPAGO;KIT FAMILIA HD;264;MTV;SD;MUSICAL
PERU;PREPAGO;KIT FAMILIA HD;304;CARTOON NETWORK;SD;INFANTIL
PERU;PREPAGO;KIT FAMILIA HD;308;NICKELODEON;SD;INFANTIL
PERU;PREPAGO;KIT FAMILIA HD;312;DISNEY CHANNEL;SD;INFANTIL
PERU;PREPAGO;KIT FAMILIA HD;315;DISNEY JUNIOR;SD;INFANTIL
PERU;PREPAGO;KIT FAMILIA HD;318;PLIM PLIM;SD;INFANTIL
PERU;PREPAGO;KIT FAMILIA HD;319;EL REINO INFANTIL;SD;INFANTIL
PERU;PREPAGO;KIT FAMILIA HD;330;DISCOVERY KIDS;SD;INFANTIL
PERU;PREPAGO;KIT FAMILIA HD;350;EWTN;SD;RELIGIOSO
PERU;PREPAGO;KIT FAMILIA HD;352;TBN ENLACE;SD;RELIGIOSO
PERU;PREPAGO;KIT FAMILIA HD;354;CANAL LUZ;SD;RELIGIOSO
PERU;PREPAGO;KIT FAMILIA HD;502;TNT;SD;SERIES Y PELICULAS
PERU;PREPAGO;KIT FAMILIA HD;507;CINECANAL;SD;SERIES Y PELICULAS
PERU;PREPAGO;KIT FAMILIA HD;508;STUDIO UNIVERSAL;SD;SERIES Y PELICULAS
PERU;PREPAGO;KIT FAMILIA HD;510;MÓRBIDO TV;SD;SERIES Y PELICULAS
PERU;PREPAGO;KIT FAMILIA HD;603;L1;SD;DEPORTES
PERU;PREPAGO;KIT FAMILIA HD;604;L1M;SD;DEPORTES
PERU;PREPAGO;KIT FAMILIA HD;610;DSPORTS;SD;DEPORTES
PERU;PREPAGO;KIT FAMILIA HD;612;DSPORTS 2;SD;DEPORTES
PERU;PREPAGO;KIT FAMILIA HD;613;DSPORTS +;SD;DEPORTES
PERU;PREPAGO;KIT FAMILIA HD;621;ESPN;SD;DEPORTES
PERU;PREPAGO;KIT FAMILIA HD;622;ESPN 2;SD;DEPORTES
PERU;PREPAGO;KIT FAMILIA HD;623;ESPN 3;SD;DEPORTES
PERU;PREPAGO;KIT FAMILIA HD;625;ESPN 5;SD;DEPORTES
PERU;PREPAGO;KIT FAMILIA HD;626;ESPN 6;SD;DEPORTES
PERU;PREPAGO;KIT FAMILIA HD;627;ESPN 7;SD;DEPORTES
PERU;PREPAGO;KIT FAMILIA HD;700;DNEWS;SD;NOTICIAS
PERU;PREPAGO;KIT FAMILIA HD;704;CNN EN ESPAÑOL;SD;NOTICIAS
PERU;PREPAGO;KIT FAMILIA HD;726;CANAL RURAL;SD;EDUCATIVO
PERU;PREPAGO;KIT FAMILIA HD;730;NATIONAL GEOGRAPHIC;SD;CIENCIA Y CULTURA
PERU;PREPAGO;KIT FAMILIA HD;732;DISCOVERY;SD;CIENCIA Y CULTURA
PERU;PREPAGO;KIT FAMILIA HD;734;ANIMAL PLANET;SD;CIENCIA Y CULTURA
PERU;PREPAGO;KIT FAMILIA HD;764;FRANCE 24;SD;NOTICIAS
PERU;PREPAGO;KIT FAMILIA HD;790;CGTN ESPAÑOL;SD;NOTICIAS
PERU;PREPAGO;KIT FAMILIA HD;804;ESCUELA+;SD;EDUCATIVO
PERU;PREPAGO;KIT FAMILIA HD;901;DSPORTS RADIO;RADIO;DEPORTES
PERU;PREPAGO;KIT FAMILIA HD;980;UNIÓN RADIO NOTICIAS;RADIO;AUDIO
PERU;PREPAGO;KIT FAMILIA HD;982;RADIO CARACOL;RADIO;AUDIO
PERU;PREPAGO;KIT FAMILIA HD;984;RADIO FRANCE INTERNACIONAL;RADIO;AUDIO
PERU;PREPAGO;KIT FAMILIA HD;986;RADIO OXIGENO;RADIO;AUDIO
PERU;PREPAGO;KIT FAMILIA HD;987;RADIO STUDIO 92;RADIO;AUDIO
PERU;PREPAGO;KIT FAMILIA HD;988;RADIO MODA;RADIO;AUDIO
PERU;PREPAGO;KIT FAMILIA HD;992;RADIO ALERTA BOGOTÁ;RADIO;AUDIO
PERU;PREPAGO;KIT FAMILIA HD;993;RADIO W;RADIO;AUDIO
PERU;PREPAGO;KIT FAMILIA HD;1127;DSHOW;HD;HOGAR Y VARIEDADES
PERU;PREPAGO;KIT FAMILIA HD;1189;RPP;HD;NOTICIAS
PERU;PREPAGO;KIT FAMILIA HD;1190;TV PERÚ NOTICIAS HD;HD;NOTICIAS
PERU;PREPAGO;KIT FAMILIA HD;1191;WILLAX HD;HD;DEPORTES
PERU;PREPAGO;KIT FAMILIA HD;1192;LATINA HD;HD;NACIONAL
PERU;PREPAGO;KIT FAMILIA HD;1193;A LA COCINA;HD;GASTRONÓMICO
PERU;PREPAGO;KIT FAMILIA HD;1194;AMÉRICA TELEVISION HD;HD;NACIONAL
PERU;PREPAGO;KIT FAMILIA HD;1195;PANAMERICANA HD;HD;NACIONAL
PERU;PREPAGO;KIT FAMILIA HD;1196;ATV+;HD;NOTICIAS
PERU;PREPAGO;KIT FAMILIA HD;1197;TV PERÚ HD;HD;NACIONAL
PERU;PREPAGO;KIT FAMILIA HD;1198;GLOBAL HD;HD;NACIONAL
PERU;PREPAGO;KIT FAMILIA HD;1199;ATV9 HD;HD;NACIONAL
PERU;PREPAGO;KIT FAMILIA HD;1204;STAR CHANNEL HD;HD;SERIES Y PELICULAS
PERU;PREPAGO;KIT FAMILIA HD;1206;WARNER HD;HD;SERIES Y PELICULAS
PERU;PREPAGO;KIT FAMILIA HD;1207;A&E MUNDO HD;HD;SERIES Y PELICULAS
PERU;PREPAGO;KIT FAMILIA HD;1208;SONY HD;HD;SERIES Y PELICULAS
PERU;PREPAGO;KIT FAMILIA HD;1217;FX HD;HD;SERIES Y PELICULAS
PERU;PREPAGO;KIT FAMILIA HD;1218;UNIVERSAL HD;HD;SERIES Y PELICULAS
PERU;PREPAGO;KIT FAMILIA HD;1221;¡HOLA! TV HD;HD;HOGAR Y VARIEDADES
PERU;PREPAGO;KIT FAMILIA HD;1222;E! HD;HD;HOGAR Y VARIEDADES
PERU;PREPAGO;KIT FAMILIA HD;1236;VEPLUS;HD;HOGAR Y VARIEDADES
PERU;PREPAGO;KIT FAMILIA HD;1264;MTV HD;HD;MUSICAL
PERU;PREPAGO;KIT FAMILIA HD;1265;MUSIC TOP HD;HD;MUSICAL
PERU;PREPAGO;KIT FAMILIA HD;1266;TIERRA MÍA HD;HD;CIENCIA Y CULTURA
PERU;PREPAGO;KIT FAMILIA HD;1273;INTI HD;HD;EDUCATIVO
PERU;PREPAGO;KIT FAMILIA HD;1302;ESCUELA+;HD;EDUCATIVO
PERU;PREPAGO;KIT FAMILIA HD;1304;CARTOON NETWORK HD;HD;INFANTIL
PERU;PREPAGO;KIT FAMILIA HD;1308;NICKELODEON HD;HD;INFANTIL
PERU;PREPAGO;KIT FAMILIA HD;1312;DISNEY CHANNEL HD;HD;INFANTIL
PERU;PREPAGO;KIT FAMILIA HD;1315;DISNEY JUNIOR HD;HD;INFANTIL
PERU;PREPAGO;KIT FAMILIA HD;1318;PLIM PLIM HD;HD;INFANTIL
PERU;PREPAGO;KIT FAMILIA HD;1319;EL REINO INFANTIL HD;HD;INFANTIL
PERU;PREPAGO;KIT FAMILIA HD;1330;DISCOVERY KIDS HD;HD;INFANTIL
PERU;PREPAGO;KIT FAMILIA HD;1502;TNT HD;HD;SERIES Y PELICULAS
PERU;PREPAGO;KIT FAMILIA HD;1507;CINECANAL HD;HD;SERIES Y PELICULAS
PERU;PREPAGO;KIT FAMILIA HD;1508;STUDIO UNIVERSAL HD;HD;SERIES Y PELICULAS
PERU;PREPAGO;KIT FAMILIA HD;1510;MÓRBIDO TV HD;HD;SERIES Y PELICULAS
PERU;PREPAGO;KIT FAMILIA HD;1603;L1;HD;DEPORTES
PERU;PREPAGO;KIT FAMILIA HD;1604;L1M;HD;DEPORTES
PERU;PREPAGO;KIT FAMILIA HD;1610;DSPORTS HD;HD;DEPORTES
PERU;PREPAGO;KIT FAMILIA HD;1612;DSPORTS 2 HD;HD;DEPORTES
PERU;PREPAGO;KIT FAMILIA HD;1613;DSPORTS + HD;HD;DEPORTES
PERU;PREPAGO;KIT FAMILIA HD;1621;ESPN HD;HD;DEPORTES
PERU;PREPAGO;KIT FAMILIA HD;1622;ESPN 2 HD;HD;DEPORTES
PERU;PREPAGO;KIT FAMILIA HD;1623;ESPN 3 HD;HD;DEPORTES
PERU;PREPAGO;KIT FAMILIA HD;1624;ESPN 4 HD;HD;DEPORTES
PERU;PREPAGO;KIT FAMILIA HD;1625;ESPN 5;HD;DEPORTES
PERU;PREPAGO;KIT FAMILIA HD;1626;ESPN 6;HD;DEPORTES
PERU;PREPAGO;KIT FAMILIA HD;1627;ESPN 7 HD;HD;DEPORTES
PERU;PREPAGO;KIT FAMILIA HD;1700;DNEWS;HD;NOTICIAS
PERU;PREPAGO;KIT FAMILIA HD;1730;NATIONAL GEOGRAPHIC HD;HD;CIENCIA Y CULTURA
PERU;PREPAGO;KIT FAMILIA HD;1732;DISCOVERY HD;HD;CIENCIA Y CULTURA
PERU;PREPAGO;KIT FAMILIA HD;1734;ANIMAL PLANET HD;HD;CIENCIA Y CULTURA
PERU;PREPAGO;KIT FAMILIA HD;1764;FRANCE 24 HD;HD;NOTICIAS
PERU;PREPAGO;KIT FAMILIA SD;100;CANAL 100;SD;INFORMATIVO
PERU;PREPAGO;KIT FAMILIA SD;100;INFORMACIÓN DIRECTV;SD;INFORMATIVO
PERU;PREPAGO;KIT FAMILIA SD;127;DSHOW;SD;HOGAR Y VARIEDADES
PERU;PREPAGO;KIT FAMILIA SD;190;EXITOSA;SD;NOTICIAS
PERU;PREPAGO;KIT FAMILIA SD;192;LATINA;SD;NACIONAL
PERU;PREPAGO;KIT FAMILIA SD;193;EL CONGRESO;SD;INFORMATIVO
PERU;PREPAGO;KIT FAMILIA SD;194;AMÉRICA TELEVISION;SD;NACIONAL
PERU;PREPAGO;KIT FAMILIA SD;195;PANAMERICANA;SD;NACIONAL
PERU;PREPAGO;KIT FAMILIA SD;196;ATV+;SD;NOTICIAS
PERU;PREPAGO;KIT FAMILIA SD;197;TV PERÚ;SD;NACIONAL
PERU;PREPAGO;KIT FAMILIA SD;198;GLOBAL;SD;NACIONAL
PERU;PREPAGO;KIT FAMILIA SD;199;ATV;SD;NACIONAL
PERU;PREPAGO;KIT FAMILIA SD;202;STAR CHANNEL;SD;SERIES Y PELICULAS
PERU;PREPAGO;KIT FAMILIA SD;206;WARNER;SD;SERIES Y PELICULAS
PERU;PREPAGO;KIT FAMILIA SD;207;A&E MUNDO;SD;SERIES Y PELICULAS
PERU;PREPAGO;KIT FAMILIA SD;208;SONY;SD;SERIES Y PELICULAS
PERU;PREPAGO;KIT FAMILIA SD;217;FX;SD;SERIES Y PELICULAS
PERU;PREPAGO;KIT FAMILIA SD;218;UNIVERSAL;SD;SERIES Y PELICULAS
PERU;PREPAGO;KIT FAMILIA SD;221;¡HOLA! TV;SD;HOGAR Y VARIEDADES
PERU;PREPAGO;KIT FAMILIA SD;222;E!;SD;HOGAR Y VARIEDADES
PERU;PREPAGO;KIT FAMILIA SD;226;LAS ESTRELLAS;SD;NACIONAL
PERU;PREPAGO;KIT FAMILIA SD;227;TL NOVELAS;SD;TELENOVELAS
PERU;PREPAGO;KIT FAMILIA SD;230;AMC SERIES;SD;SERIES Y PELICULAS
PERU;PREPAGO;KIT FAMILIA SD;231;TELEMUNDO;SD;TELENOVELAS
PERU;PREPAGO;KIT FAMILIA SD;240;CARAS TV;SD;HOGAR Y VARIEDADES
PERU;PREPAGO;KIT FAMILIA SD;264;MTV;SD;MUSICAL
PERU;PREPAGO;KIT FAMILIA SD;304;CARTOON NETWORK;SD;INFANTIL
PERU;PREPAGO;KIT FAMILIA SD;308;NICKELODEON;SD;INFANTIL
PERU;PREPAGO;KIT FAMILIA SD;312;DISNEY CHANNEL;SD;INFANTIL
PERU;PREPAGO;KIT FAMILIA SD;315;DISNEY JUNIOR;SD;INFANTIL
PERU;PREPAGO;KIT FAMILIA SD;318;PLIM PLIM;SD;INFANTIL
PERU;PREPAGO;KIT FAMILIA SD;319;EL REINO INFANTIL;SD;INFANTIL
PERU;PREPAGO;KIT FAMILIA SD;330;DISCOVERY KIDS;SD;INFANTIL
PERU;PREPAGO;KIT FAMILIA SD;350;EWTN;SD;RELIGIOSO
PERU;PREPAGO;KIT FAMILIA SD;352;TBN ENLACE;SD;RELIGIOSO
PERU;PREPAGO;KIT FAMILIA SD;354;CANAL LUZ;SD;RELIGIOSO
PERU;PREPAGO;KIT FAMILIA SD;502;TNT;SD;SERIES Y PELICULAS
PERU;PREPAGO;KIT FAMILIA SD;507;CINECANAL;SD;SERIES Y PELICULAS
PERU;PREPAGO;KIT FAMILIA SD;508;STUDIO UNIVERSAL;SD;SERIES Y PELICULAS
PERU;PREPAGO;KIT FAMILIA SD;510;MÓRBIDO TV;SD;SERIES Y PELICULAS
PERU;PREPAGO;KIT FAMILIA SD;603;L1;SD;DEPORTES
PERU;PREPAGO;KIT FAMILIA SD;604;L1M;SD;DEPORTES
PERU;PREPAGO;KIT FAMILIA SD;610;DSPORTS;SD;DEPORTES
PERU;PREPAGO;KIT FAMILIA SD;612;DSPORTS 2;SD;DEPORTES
PERU;PREPAGO;KIT FAMILIA SD;613;DSPORTS +;SD;DEPORTES
PERU;PREPAGO;KIT FAMILIA SD;621;ESPN;SD;DEPORTES
PERU;PREPAGO;KIT FAMILIA SD;622;ESPN 2;SD;DEPORTES
PERU;PREPAGO;KIT FAMILIA SD;623;ESPN 3;SD;DEPORTES
PERU;PREPAGO;KIT FAMILIA SD;625;ESPN 5;SD;DEPORTES
PERU;PREPAGO;KIT FAMILIA SD;626;ESPN 6;SD;DEPORTES
PERU;PREPAGO;KIT FAMILIA SD;627;ESPN 7;SD;DEPORTES
PERU;PREPAGO;KIT FAMILIA SD;700;DNEWS;SD;NOTICIAS
PERU;PREPAGO;KIT FAMILIA SD;704;CNN EN ESPAÑOL;SD;NOTICIAS
PERU;PREPAGO;KIT FAMILIA SD;726;CANAL RURAL;SD;EDUCATIVO
PERU;PREPAGO;KIT FAMILIA SD;730;NATIONAL GEOGRAPHIC;SD;CIENCIA Y CULTURA
PERU;PREPAGO;KIT FAMILIA SD;732;DISCOVERY;SD;CIENCIA Y CULTURA
PERU;PREPAGO;KIT FAMILIA SD;734;ANIMAL PLANET;SD;CIENCIA Y CULTURA
PERU;PREPAGO;KIT FAMILIA SD;764;FRANCE 24;SD;NOTICIAS
PERU;PREPAGO;KIT FAMILIA SD;790;CGTN ESPAÑOL;SD;NOTICIAS
PERU;PREPAGO;KIT FAMILIA SD;804;ESCUELA+;SD;EDUCATIVO
PERU;PREPAGO;KIT FAMILIA SD;901;DSPORTS RADIO;RADIO;DEPORTES
PERU;PREPAGO;KIT FAMILIA SD;980;UNIÓN RADIO NOTICIAS;RADIO;AUDIO
PERU;PREPAGO;KIT FAMILIA SD;982;RADIO CARACOL;RADIO;AUDIO
PERU;PREPAGO;KIT FAMILIA SD;984;RADIO FRANCE INTERNACIONAL;RADIO;AUDIO
PERU;PREPAGO;KIT FAMILIA SD;986;RADIO OXIGENO;RADIO;AUDIO
PERU;PREPAGO;KIT FAMILIA SD;987;RADIO STUDIO 92;RADIO;AUDIO
PERU;PREPAGO;KIT FAMILIA SD;988;RADIO MODA;RADIO;AUDIO
PERU;PREPAGO;KIT FAMILIA SD;992;RADIO ALERTA BOGOTÁ;RADIO;AUDIO
PERU;PREPAGO;KIT FAMILIA SD;993;RADIO W;RADIO;AUDIO
PERU;PREPAGO;LIBRE MAS;100;CANAL 100;SD;INFORMATIVO
PERU;PREPAGO;LIBRE MAS;100;INFORMACIÓN DIRECTV;SD;INFORMATIVO
PERU;PREPAGO;LIBRE MAS;127;DSHOW;SD;HOGAR Y VARIEDADES
PERU;PREPAGO;LIBRE MAS;190;EXITOSA;SD;NOTICIAS
PERU;PREPAGO;LIBRE MAS;192;LATINA;SD;NACIONAL
PERU;PREPAGO;LIBRE MAS;193;EL CONGRESO;SD;INFORMATIVO
PERU;PREPAGO;LIBRE MAS;194;AMÉRICA TELEVISION;SD;NACIONAL
PERU;PREPAGO;LIBRE MAS;195;PANAMERICANA;SD;NACIONAL
PERU;PREPAGO;LIBRE MAS;196;ATV+;SD;NOTICIAS
PERU;PREPAGO;LIBRE MAS;197;TV PERÚ;SD;NACIONAL
PERU;PREPAGO;LIBRE MAS;198;GLOBAL;SD;NACIONAL
PERU;PREPAGO;LIBRE MAS;199;ATV;SD;NACIONAL
PERU;PREPAGO;LIBRE MAS;202;STAR CHANNEL;SD;SERIES Y PELICULAS
PERU;PREPAGO;LIBRE MAS;206;WARNER;SD;SERIES Y PELICULAS
PERU;PREPAGO;LIBRE MAS;207;A&E MUNDO;SD;SERIES Y PELICULAS
PERU;PREPAGO;LIBRE MAS;208;SONY;SD;SERIES Y PELICULAS
PERU;PREPAGO;LIBRE MAS;209;AXN;SD;SERIES Y PELICULAS
PERU;PREPAGO;LIBRE MAS;217;FX;SD;SERIES Y PELICULAS
PERU;PREPAGO;LIBRE MAS;218;UNIVERSAL;SD;SERIES Y PELICULAS
PERU;PREPAGO;LIBRE MAS;220;ADULT SWIM;SD;INFANTIL
PERU;PREPAGO;LIBRE MAS;221;¡HOLA! TV;SD;HOGAR Y VARIEDADES
PERU;PREPAGO;LIBRE MAS;222;E!;SD;HOGAR Y VARIEDADES
PERU;PREPAGO;LIBRE MAS;223;ID;SD;CIENCIA Y CULTURA
PERU;PREPAGO;LIBRE MAS;226;LAS ESTRELLAS;SD;NACIONAL
PERU;PREPAGO;LIBRE MAS;227;TL NOVELAS;SD;TELENOVELAS
PERU;PREPAGO;LIBRE MAS;229;DISCOVERY HOME & HEALTH;SD;HOGAR Y VARIEDADES
PERU;PREPAGO;LIBRE MAS;230;AMC SERIES;SD;SERIES Y PELICULAS
PERU;PREPAGO;LIBRE MAS;231;TELEMUNDO;SD;TELENOVELAS
PERU;PREPAGO;LIBRE MAS;240;CARAS TV;SD;HOGAR Y VARIEDADES
PERU;PREPAGO;LIBRE MAS;264;MTV;SD;MUSICAL
PERU;PREPAGO;LIBRE MAS;269;QUIERO MÚSICA EN MI IDIOMA;SD;MUSICAL
PERU;PREPAGO;LIBRE MAS;304;CARTOON NETWORK;SD;INFANTIL
PERU;PREPAGO;LIBRE MAS;308;NICKELODEON;SD;INFANTIL
PERU;PREPAGO;LIBRE MAS;309;NICK JR.;SD;INFANTIL
PERU;PREPAGO;LIBRE MAS;312;DISNEY CHANNEL;SD;INFANTIL
PERU;PREPAGO;LIBRE MAS;315;DISNEY JUNIOR;SD;INFANTIL
PERU;PREPAGO;LIBRE MAS;318;PLIM PLIM;SD;INFANTIL
PERU;PREPAGO;LIBRE MAS;319;EL REINO INFANTIL;SD;INFANTIL
PERU;PREPAGO;LIBRE MAS;330;DISCOVERY KIDS;SD;INFANTIL
PERU;PREPAGO;LIBRE MAS;334;CARTOONITO;SD;INFANTIL
PERU;PREPAGO;LIBRE MAS;350;EWTN;SD;RELIGIOSO
PERU;PREPAGO;LIBRE MAS;352;TBN ENLACE;SD;RELIGIOSO
PERU;PREPAGO;LIBRE MAS;354;CANAL LUZ;SD;RELIGIOSO
PERU;PREPAGO;LIBRE MAS;502;TNT;SD;SERIES Y PELICULAS
PERU;PREPAGO;LIBRE MAS;503;GOLDEN;SD;SERIES Y PELICULAS
PERU;PREPAGO;LIBRE MAS;507;CINECANAL;SD;SERIES Y PELICULAS
PERU;PREPAGO;LIBRE MAS;508;STUDIO UNIVERSAL;SD;SERIES Y PELICULAS
PERU;PREPAGO;LIBRE MAS;510;MÓRBIDO TV;SD;SERIES Y PELICULAS
PERU;PREPAGO;LIBRE MAS;516;DE PELÍCULA;SD;SERIES Y PELICULAS
PERU;PREPAGO;LIBRE MAS;518;SPACE;SD;SERIES Y PELICULAS
PERU;PREPAGO;LIBRE MAS;603;L1;SD;DEPORTES
PERU;PREPAGO;LIBRE MAS;604;L1M;SD;DEPORTES
PERU;PREPAGO;LIBRE MAS;610;DSPORTS;SD;DEPORTES
PERU;PREPAGO;LIBRE MAS;612;DSPORTS 2;SD;DEPORTES
PERU;PREPAGO;LIBRE MAS;613;DSPORTS +;SD;DEPORTES
PERU;PREPAGO;LIBRE MAS;621;ESPN;SD;DEPORTES
PERU;PREPAGO;LIBRE MAS;622;ESPN 2;SD;DEPORTES
PERU;PREPAGO;LIBRE MAS;623;ESPN 3;SD;DEPORTES
PERU;PREPAGO;LIBRE MAS;625;ESPN 5;SD;DEPORTES
PERU;PREPAGO;LIBRE MAS;626;ESPN 6;SD;DEPORTES
PERU;PREPAGO;LIBRE MAS;627;ESPN 7;SD;DEPORTES
PERU;PREPAGO;LIBRE MAS;700;DNEWS;SD;NOTICIAS
PERU;PREPAGO;LIBRE MAS;704;CNN EN ESPAÑOL;SD;NOTICIAS
PERU;PREPAGO;LIBRE MAS;706;CNN INTERNATIONAL;SD;NOTICIAS
PERU;PREPAGO;LIBRE MAS;716;TODO NOTICIAS;SD;NOTICIAS
PERU;PREPAGO;LIBRE MAS;720;26NOTICIAS;SD;NOTICIAS
PERU;PREPAGO;LIBRE MAS;726;CANAL RURAL;SD;EDUCATIVO
PERU;PREPAGO;LIBRE MAS;730;NATIONAL GEOGRAPHIC;SD;CIENCIA Y CULTURA
PERU;PREPAGO;LIBRE MAS;732;DISCOVERY;SD;CIENCIA Y CULTURA
PERU;PREPAGO;LIBRE MAS;734;ANIMAL PLANET;SD;CIENCIA Y CULTURA
PERU;PREPAGO;LIBRE MAS;740;TLC;SD;HOGAR Y VARIEDADES
PERU;PREPAGO;LIBRE MAS;742;HISTORY;SD;CIENCIA Y CULTURA
PERU;PREPAGO;LIBRE MAS;744;HISTORY 2;SD;CIENCIA Y CULTURA
PERU;PREPAGO;LIBRE MAS;760;UNIVISION;SD;NACIONAL
PERU;PREPAGO;LIBRE MAS;762;ANTENA 3;SD;NACIONAL
PERU;PREPAGO;LIBRE MAS;764;FRANCE 24;SD;NOTICIAS
PERU;PREPAGO;LIBRE MAS;784;EL TRECE;SD;NACIONAL
PERU;PREPAGO;LIBRE MAS;786;TELEFE INTERNACIONAL;SD;NACIONAL
PERU;PREPAGO;LIBRE MAS;790;CGTN ESPAÑOL;SD;NOTICIAS
PERU;PREPAGO;LIBRE MAS;804;ESCUELA+;SD;EDUCATIVO
PERU;PREPAGO;LIBRE MAS;901;DSPORTS RADIO;RADIO;DEPORTES
PERU;PREPAGO;LIBRE MAS;980;UNIÓN RADIO NOTICIAS;RADIO;AUDIO
PERU;PREPAGO;LIBRE MAS;982;RADIO CARACOL;RADIO;AUDIO
PERU;PREPAGO;LIBRE MAS;984;RADIO FRANCE INTERNACIONAL;RADIO;AUDIO
PERU;PREPAGO;LIBRE MAS;986;RADIO OXIGENO;RADIO;AUDIO
PERU;PREPAGO;LIBRE MAS;987;RADIO STUDIO 92;RADIO;AUDIO
PERU;PREPAGO;LIBRE MAS;988;RADIO MODA;RADIO;AUDIO
PERU;PREPAGO;LIBRE MAS;992;RADIO ALERTA BOGOTÁ;RADIO;AUDIO
PERU;PREPAGO;LIBRE MAS;993;RADIO W;RADIO;AUDIO
PERU;PREPAGO;MI PRIMER DIRECTV PREPAGO;100;CANAL 100;SD;INFORMATIVO
PERU;PREPAGO;MI PRIMER DIRECTV PREPAGO;190;EXITOSA;SD;NOTICIAS
PERU;PREPAGO;MI PRIMER DIRECTV PREPAGO;192;LATINA;SD;NACIONAL
PERU;PREPAGO;MI PRIMER DIRECTV PREPAGO;193;EL CONGRESO;SD;INFORMATIVO
PERU;PREPAGO;MI PRIMER DIRECTV PREPAGO;194;AMÉRICA TELEVISION;SD;NACIONAL
PERU;PREPAGO;MI PRIMER DIRECTV PREPAGO;195;PANAMERICANA;SD;NACIONAL
PERU;PREPAGO;MI PRIMER DIRECTV PREPAGO;196;ATV+;SD;NOTICIAS
PERU;PREPAGO;MI PRIMER DIRECTV PREPAGO;197;TV PERÚ;SD;NACIONAL
PERU;PREPAGO;MI PRIMER DIRECTV PREPAGO;198;GLOBAL;SD;NACIONAL
PERU;PREPAGO;MI PRIMER DIRECTV PREPAGO;199;ATV;SD;NACIONAL
PERU;PREPAGO;MI PRIMER DIRECTV PREPAGO;202;STAR CHANNEL;SD;SERIES Y PELICULAS
PERU;PREPAGO;MI PRIMER DIRECTV PREPAGO;206;WARNER;SD;SERIES Y PELICULAS
PERU;PREPAGO;MI PRIMER DIRECTV PREPAGO;207;A&E MUNDO;SD;SERIES Y PELICULAS
PERU;PREPAGO;MI PRIMER DIRECTV PREPAGO;208;SONY;SD;SERIES Y PELICULAS
PERU;PREPAGO;MI PRIMER DIRECTV PREPAGO;217;FX;SD;SERIES Y PELICULAS
PERU;PREPAGO;MI PRIMER DIRECTV PREPAGO;218;UNIVERSAL;SD;SERIES Y PELICULAS
PERU;PREPAGO;MI PRIMER DIRECTV PREPAGO;222;E!;SD;HOGAR Y VARIEDADES
PERU;PREPAGO;MI PRIMER DIRECTV PREPAGO;229;DISCOVERY HOME & HEALTH;SD;HOGAR Y VARIEDADES
PERU;PREPAGO;MI PRIMER DIRECTV PREPAGO;240;CARAS TV;SD;HOGAR Y VARIEDADES
PERU;PREPAGO;MI PRIMER DIRECTV PREPAGO;264;MTV;SD;MUSICAL
PERU;PREPAGO;MI PRIMER DIRECTV PREPAGO;304;CARTOON NETWORK;SD;INFANTIL
PERU;PREPAGO;MI PRIMER DIRECTV PREPAGO;308;NICKELODEON;SD;INFANTIL
PERU;PREPAGO;MI PRIMER DIRECTV PREPAGO;312;DISNEY CHANNEL;SD;INFANTIL
PERU;PREPAGO;MI PRIMER DIRECTV PREPAGO;315;DISNEY JUNIOR;SD;INFANTIL
PERU;PREPAGO;MI PRIMER DIRECTV PREPAGO;318;PLIM PLIM;SD;INFANTIL
PERU;PREPAGO;MI PRIMER DIRECTV PREPAGO;319;EL REINO INFANTIL;SD;INFANTIL
PERU;PREPAGO;MI PRIMER DIRECTV PREPAGO;330;DISCOVERY KIDS;SD;INFANTIL
PERU;PREPAGO;MI PRIMER DIRECTV PREPAGO;502;TNT;SD;SERIES Y PELICULAS
PERU;PREPAGO;MI PRIMER DIRECTV PREPAGO;507;CINECANAL;SD;SERIES Y PELICULAS
PERU;PREPAGO;MI PRIMER DIRECTV PREPAGO;508;STUDIO UNIVERSAL;SD;SERIES Y PELICULAS
PERU;PREPAGO;MI PRIMER DIRECTV PREPAGO;510;MÓRBIDO TV;SD;SERIES Y PELICULAS
PERU;PREPAGO;MI PRIMER DIRECTV PREPAGO;603;L1;SD;DEPORTES
PERU;PREPAGO;MI PRIMER DIRECTV PREPAGO;604;L1M;SD;DEPORTES
PERU;PREPAGO;MI PRIMER DIRECTV PREPAGO;610;DSPORTS;SD;DEPORTES
PERU;PREPAGO;MI PRIMER DIRECTV PREPAGO;621;ESPN;SD;DEPORTES
PERU;PREPAGO;MI PRIMER DIRECTV PREPAGO;622;ESPN 2;SD;DEPORTES
PERU;PREPAGO;MI PRIMER DIRECTV PREPAGO;623;ESPN 3;SD;DEPORTES
PERU;PREPAGO;MI PRIMER DIRECTV PREPAGO;625;ESPN 5;SD;DEPORTES
PERU;PREPAGO;MI PRIMER DIRECTV PREPAGO;626;ESPN 6;SD;DEPORTES
PERU;PREPAGO;MI PRIMER DIRECTV PREPAGO;700;DNEWS;SD;NOTICIAS
PERU;PREPAGO;MI PRIMER DIRECTV PREPAGO;704;CNN EN ESPAÑOL;SD;NOTICIAS
PERU;PREPAGO;MI PRIMER DIRECTV PREPAGO;730;NATIONAL GEOGRAPHIC;SD;CIENCIA Y CULTURA
PERU;PREPAGO;MI PRIMER DIRECTV PREPAGO;732;DISCOVERY;SD;CIENCIA Y CULTURA
PERU;PREPAGO;MI PRIMER DIRECTV PREPAGO;734;ANIMAL PLANET;SD;CIENCIA Y CULTURA
PERU;PREPAGO;MI PRIMER DIRECTV PREPAGO;740;TLC;SD;HOGAR Y VARIEDADES
PERU;PREPAGO;MI PRIMER DIRECTV PREPAGO;764;FRANCE 24;SD;NOTICIAS
PERU;PREPAGO;MI PRIMER DIRECTV PREPAGO;901;DSPORTS RADIO;RADIO;DEPORTES
PERU;PREPAGO;MI PRIMER DIRECTV PREPAGO;1189;RPP;HD;NOTICIAS
PERU;PREPAGO;MI PRIMER DIRECTV PREPAGO;1190;TV PERÚ NOTICIAS HD;HD;NOTICIAS
PERU;PREPAGO;MI PRIMER DIRECTV PREPAGO;1191;WILLAX HD;HD;DEPORTES
PERU;PREPAGO;MI PRIMER DIRECTV PREPAGO;1192;LATINA HD;HD;NACIONAL
PERU;PREPAGO;MI PRIMER DIRECTV PREPAGO;1193;A LA COCINA;HD;GASTRONÓMICO
PERU;PREPAGO;MI PRIMER DIRECTV PREPAGO;1194;AMÉRICA TELEVISION HD;HD;NACIONAL
PERU;PREPAGO;MI PRIMER DIRECTV PREPAGO;1195;PANAMERICANA HD;HD;NACIONAL
PERU;PREPAGO;MI PRIMER DIRECTV PREPAGO;1196;ATV+;HD;NOTICIAS
PERU;PREPAGO;MI PRIMER DIRECTV PREPAGO;1197;TV PERÚ HD;HD;NACIONAL
PERU;PREPAGO;MI PRIMER DIRECTV PREPAGO;1198;GLOBAL HD;HD;NACIONAL
PERU;PREPAGO;MI PRIMER DIRECTV PREPAGO;1199;ATV9 HD;HD;NACIONAL
PERU;PREPAGO;MI PRIMER DIRECTV PREPAGO;1204;STAR CHANNEL HD;HD;SERIES Y PELICULAS
PERU;PREPAGO;MI PRIMER DIRECTV PREPAGO;1206;WARNER HD;HD;SERIES Y PELICULAS
PERU;PREPAGO;MI PRIMER DIRECTV PREPAGO;1207;A&E MUNDO HD;HD;SERIES Y PELICULAS
PERU;PREPAGO;MI PRIMER DIRECTV PREPAGO;1208;SONY HD;HD;SERIES Y PELICULAS
PERU;PREPAGO;MI PRIMER DIRECTV PREPAGO;1217;FX HD;HD;SERIES Y PELICULAS
PERU;PREPAGO;MI PRIMER DIRECTV PREPAGO;1218;UNIVERSAL HD;HD;SERIES Y PELICULAS
PERU;PREPAGO;MI PRIMER DIRECTV PREPAGO;1222;E! HD;HD;HOGAR Y VARIEDADES
PERU;PREPAGO;MI PRIMER DIRECTV PREPAGO;1229;DISCOVERY HOME & HEALTH HD;HD;HOGAR Y VARIEDADES
PERU;PREPAGO;MI PRIMER DIRECTV PREPAGO;1264;MTV HD;HD;MUSICAL
PERU;PREPAGO;MI PRIMER DIRECTV PREPAGO;1273;INTI HD;HD;EDUCATIVO
PERU;PREPAGO;MI PRIMER DIRECTV PREPAGO;1304;CARTOON NETWORK HD;HD;INFANTIL
PERU;PREPAGO;MI PRIMER DIRECTV PREPAGO;1308;NICKELODEON HD;HD;INFANTIL
PERU;PREPAGO;MI PRIMER DIRECTV PREPAGO;1312;DISNEY CHANNEL HD;HD;INFANTIL
PERU;PREPAGO;MI PRIMER DIRECTV PREPAGO;1315;DISNEY JUNIOR HD;HD;INFANTIL
PERU;PREPAGO;MI PRIMER DIRECTV PREPAGO;1318;PLIM PLIM HD;HD;INFANTIL
PERU;PREPAGO;MI PRIMER DIRECTV PREPAGO;1319;EL REINO INFANTIL HD;HD;INFANTIL
PERU;PREPAGO;MI PRIMER DIRECTV PREPAGO;1330;DISCOVERY KIDS HD;HD;INFANTIL
PERU;PREPAGO;MI PRIMER DIRECTV PREPAGO;1502;TNT HD;HD;SERIES Y PELICULAS
PERU;PREPAGO;MI PRIMER DIRECTV PREPAGO;1507;CINECANAL HD;HD;SERIES Y PELICULAS
PERU;PREPAGO;MI PRIMER DIRECTV PREPAGO;1508;STUDIO UNIVERSAL HD;HD;SERIES Y PELICULAS
PERU;PREPAGO;MI PRIMER DIRECTV PREPAGO;1510;MÓRBIDO TV HD;HD;SERIES Y PELICULAS
PERU;PREPAGO;MI PRIMER DIRECTV PREPAGO;1603;L1;HD;DEPORTES
PERU;PREPAGO;MI PRIMER DIRECTV PREPAGO;1604;L1M;HD;DEPORTES
PERU;PREPAGO;MI PRIMER DIRECTV PREPAGO;1610;DSPORTS HD;HD;DEPORTES
PERU;PREPAGO;MI PRIMER DIRECTV PREPAGO;1621;ESPN HD;HD;DEPORTES
PERU;PREPAGO;MI PRIMER DIRECTV PREPAGO;1622;ESPN 2 HD;HD;DEPORTES
PERU;PREPAGO;MI PRIMER DIRECTV PREPAGO;1623;ESPN 3 HD;HD;DEPORTES
PERU;PREPAGO;MI PRIMER DIRECTV PREPAGO;1624;ESPN 4 HD;HD;DEPORTES
PERU;PREPAGO;MI PRIMER DIRECTV PREPAGO;1626;ESPN 6;HD;DEPORTES
PERU;PREPAGO;MI PRIMER DIRECTV PREPAGO;1700;DNEWS;HD;NOTICIAS
PERU;PREPAGO;MI PRIMER DIRECTV PREPAGO;1730;NATIONAL GEOGRAPHIC HD;HD;CIENCIA Y CULTURA
PERU;PREPAGO;MI PRIMER DIRECTV PREPAGO;1732;DISCOVERY HD;HD;CIENCIA Y CULTURA
PERU;PREPAGO;MI PRIMER DIRECTV PREPAGO;1734;ANIMAL PLANET HD;HD;CIENCIA Y CULTURA
PERU;PREPAGO;MI PRIMER DIRECTV PREPAGO;1740;TLC;HD;HOGAR Y VARIEDADES
PERU;PREPAGO;MI PRIMER DIRECTV PREPAGO;1764;FRANCE 24 HD;HD;NOTICIAS
PERU;PREPAGO;ORO HD L1 MAX;100;CANAL 100;SD;INFORMATIVO
PERU;PREPAGO;ORO HD L1 MAX;100;INFORMACIÓN DIRECTV;SD;INFORMATIVO
PERU;PREPAGO;ORO HD L1 MAX;127;DSHOW;SD;HOGAR Y VARIEDADES
PERU;PREPAGO;ORO HD L1 MAX;190;EXITOSA;SD;NOTICIAS
PERU;PREPAGO;ORO HD L1 MAX;192;LATINA;SD;NACIONAL
PERU;PREPAGO;ORO HD L1 MAX;193;EL CONGRESO;SD;INFORMATIVO
PERU;PREPAGO;ORO HD L1 MAX;194;AMÉRICA TELEVISION;SD;NACIONAL
PERU;PREPAGO;ORO HD L1 MAX;195;PANAMERICANA;SD;NACIONAL
PERU;PREPAGO;ORO HD L1 MAX;196;ATV+;SD;NOTICIAS
PERU;PREPAGO;ORO HD L1 MAX;197;TV PERÚ;SD;NACIONAL
PERU;PREPAGO;ORO HD L1 MAX;198;GLOBAL;SD;NACIONAL
PERU;PREPAGO;ORO HD L1 MAX;199;ATV;SD;NACIONAL
PERU;PREPAGO;ORO HD L1 MAX;202;STAR CHANNEL;SD;SERIES Y PELICULAS
PERU;PREPAGO;ORO HD L1 MAX;206;WARNER;SD;SERIES Y PELICULAS
PERU;PREPAGO;ORO HD L1 MAX;207;A&E MUNDO;SD;SERIES Y PELICULAS
PERU;PREPAGO;ORO HD L1 MAX;208;SONY;SD;SERIES Y PELICULAS
PERU;PREPAGO;ORO HD L1 MAX;209;AXN;SD;SERIES Y PELICULAS
PERU;PREPAGO;ORO HD L1 MAX;210;AMC;SD;SERIES Y PELICULAS
PERU;PREPAGO;ORO HD L1 MAX;213;TNT SERIES;SD;SERIES Y PELICULAS
PERU;PREPAGO;ORO HD L1 MAX;214;ATRES SERIES;SD;SERIES Y PELICULAS
PERU;PREPAGO;ORO HD L1 MAX;215;COMEDY CENTRAL;SD;SERIES Y PELICULAS
PERU;PREPAGO;ORO HD L1 MAX;216;TNT NOVELAS;SD;TELENOVELAS
PERU;PREPAGO;ORO HD L1 MAX;217;FX;SD;SERIES Y PELICULAS
PERU;PREPAGO;ORO HD L1 MAX;218;UNIVERSAL;SD;SERIES Y PELICULAS
PERU;PREPAGO;ORO HD L1 MAX;219;USA;SD;SERIES Y PELICULAS
PERU;PREPAGO;ORO HD L1 MAX;220;ADULT SWIM;SD;INFANTIL
PERU;PREPAGO;ORO HD L1 MAX;221;¡HOLA! TV;SD;HOGAR Y VARIEDADES
PERU;PREPAGO;ORO HD L1 MAX;222;E!;SD;HOGAR Y VARIEDADES
PERU;PREPAGO;ORO HD L1 MAX;223;ID;SD;CIENCIA Y CULTURA
PERU;PREPAGO;ORO HD L1 MAX;226;LAS ESTRELLAS;SD;NACIONAL
PERU;PREPAGO;ORO HD L1 MAX;227;TL NOVELAS;SD;TELENOVELAS
PERU;PREPAGO;ORO HD L1 MAX;228;LIFETIME;SD;SERIES Y PELICULAS
PERU;PREPAGO;ORO HD L1 MAX;229;DISCOVERY HOME & HEALTH;SD;HOGAR Y VARIEDADES
PERU;PREPAGO;ORO HD L1 MAX;230;AMC SERIES;SD;SERIES Y PELICULAS
PERU;PREPAGO;ORO HD L1 MAX;231;TELEMUNDO;SD;TELENOVELAS
PERU;PREPAGO;ORO HD L1 MAX;232;EL GOURMET;SD;GASTRONÓMICO
PERU;PREPAGO;ORO HD L1 MAX;233;FOOD NETWORK;SD;GASTRONÓMICO
PERU;PREPAGO;ORO HD L1 MAX;240;CARAS TV;SD;HOGAR Y VARIEDADES
PERU;PREPAGO;ORO HD L1 MAX;264;MTV;SD;MUSICAL
PERU;PREPAGO;ORO HD L1 MAX;269;QUIERO MÚSICA EN MI IDIOMA;SD;MUSICAL
PERU;PREPAGO;ORO HD L1 MAX;304;CARTOON NETWORK;SD;INFANTIL
PERU;PREPAGO;ORO HD L1 MAX;308;NICKELODEON;SD;INFANTIL
PERU;PREPAGO;ORO HD L1 MAX;309;NICK JR.;SD;INFANTIL
PERU;PREPAGO;ORO HD L1 MAX;312;DISNEY CHANNEL;SD;INFANTIL
PERU;PREPAGO;ORO HD L1 MAX;315;DISNEY JUNIOR;SD;INFANTIL
PERU;PREPAGO;ORO HD L1 MAX;317;BABY TV HD;SD;INFANTIL
PERU;PREPAGO;ORO HD L1 MAX;318;PLIM PLIM;SD;INFANTIL
PERU;PREPAGO;ORO HD L1 MAX;319;EL REINO INFANTIL;SD;INFANTIL
PERU;PREPAGO;ORO HD L1 MAX;330;DISCOVERY KIDS;SD;INFANTIL
PERU;PREPAGO;ORO HD L1 MAX;334;CARTOONITO;SD;INFANTIL
PERU;PREPAGO;ORO HD L1 MAX;350;EWTN;SD;RELIGIOSO
PERU;PREPAGO;ORO HD L1 MAX;351;ORBE 21;SD;RELIGIOSO
PERU;PREPAGO;ORO HD L1 MAX;352;TBN ENLACE;SD;RELIGIOSO
PERU;PREPAGO;ORO HD L1 MAX;354;CANAL LUZ;SD;RELIGIOSO
PERU;PREPAGO;ORO HD L1 MAX;502;TNT;SD;SERIES Y PELICULAS
PERU;PREPAGO;ORO HD L1 MAX;503;GOLDEN;SD;SERIES Y PELICULAS
PERU;PREPAGO;ORO HD L1 MAX;506;SONY MOVIES;SD;SERIES Y PELICULAS
PERU;PREPAGO;ORO HD L1 MAX;507;CINECANAL;SD;SERIES Y PELICULAS
PERU;PREPAGO;ORO HD L1 MAX;508;STUDIO UNIVERSAL;SD;SERIES Y PELICULAS
PERU;PREPAGO;ORO HD L1 MAX;509;CINEMAX;SD;SERIES Y PELICULAS
PERU;PREPAGO;ORO HD L1 MAX;510;MÓRBIDO TV;SD;SERIES Y PELICULAS
PERU;PREPAGO;ORO HD L1 MAX;513;DHE;SD;SERIES Y PELICULAS
PERU;PREPAGO;ORO HD L1 MAX;516;DE PELÍCULA;SD;SERIES Y PELICULAS
PERU;PREPAGO;ORO HD L1 MAX;517;GOLDEN EDGE;SD;SERIES Y PELICULAS
PERU;PREPAGO;ORO HD L1 MAX;518;SPACE;SD;SERIES Y PELICULAS
PERU;PREPAGO;ORO HD L1 MAX;603;L1;SD;DEPORTES
PERU;PREPAGO;ORO HD L1 MAX;604;L1M;SD;DEPORTES
PERU;PREPAGO;ORO HD L1 MAX;610;DSPORTS;SD;DEPORTES
PERU;PREPAGO;ORO HD L1 MAX;612;DSPORTS 2;SD;DEPORTES
PERU;PREPAGO;ORO HD L1 MAX;613;DSPORTS +;SD;DEPORTES
PERU;PREPAGO;ORO HD L1 MAX;621;ESPN;SD;DEPORTES
PERU;PREPAGO;ORO HD L1 MAX;622;ESPN 2;SD;DEPORTES
PERU;PREPAGO;ORO HD L1 MAX;623;ESPN 3;SD;DEPORTES
PERU;PREPAGO;ORO HD L1 MAX;625;ESPN 5;SD;DEPORTES
PERU;PREPAGO;ORO HD L1 MAX;626;ESPN 6;SD;DEPORTES
PERU;PREPAGO;ORO HD L1 MAX;627;ESPN 7;SD;DEPORTES
PERU;PREPAGO;ORO HD L1 MAX;628;GOLF CHANNEL LATIN AMERICA;SD;DEPORTES
PERU;PREPAGO;ORO HD L1 MAX;629;TYC SPORTS;SD;DEPORTES
PERU;PREPAGO;ORO HD L1 MAX;700;DNEWS;SD;NOTICIAS
PERU;PREPAGO;ORO HD L1 MAX;704;CNN EN ESPAÑOL;SD;NOTICIAS
PERU;PREPAGO;ORO HD L1 MAX;706;CNN INTERNATIONAL;SD;NOTICIAS
PERU;PREPAGO;ORO HD L1 MAX;707;CNN CHILE;SD;NOTICIAS
PERU;PREPAGO;ORO HD L1 MAX;708;TVN 24 HORAS;SD;NOTICIAS
PERU;PREPAGO;ORO HD L1 MAX;710;BLOOMBERG;SD;NOTICIAS
PERU;PREPAGO;ORO HD L1 MAX;715;AMÉRICA;SD;NACIONAL
PERU;PREPAGO;ORO HD L1 MAX;716;TODO NOTICIAS;SD;NOTICIAS
PERU;PREPAGO;ORO HD L1 MAX;720;26NOTICIAS;SD;NOTICIAS
PERU;PREPAGO;ORO HD L1 MAX;725;NTN 24;SD;NOTICIAS
PERU;PREPAGO;ORO HD L1 MAX;726;CANAL RURAL;SD;EDUCATIVO
PERU;PREPAGO;ORO HD L1 MAX;727;CABLE NOTICIAS;SD;NOTICIAS
PERU;PREPAGO;ORO HD L1 MAX;730;NATIONAL GEOGRAPHIC;SD;CIENCIA Y CULTURA
PERU;PREPAGO;ORO HD L1 MAX;732;DISCOVERY;SD;CIENCIA Y CULTURA
PERU;PREPAGO;ORO HD L1 MAX;734;ANIMAL PLANET;SD;CIENCIA Y CULTURA
PERU;PREPAGO;ORO HD L1 MAX;736;DISCOVERY TURBO;SD;HOGAR Y VARIEDADES
PERU;PREPAGO;ORO HD L1 MAX;740;TLC;SD;HOGAR Y VARIEDADES
PERU;PREPAGO;ORO HD L1 MAX;742;HISTORY;SD;CIENCIA Y CULTURA
PERU;PREPAGO;ORO HD L1 MAX;744;HISTORY 2;SD;CIENCIA Y CULTURA
PERU;PREPAGO;ORO HD L1 MAX;760;UNIVISION;SD;NACIONAL
PERU;PREPAGO;ORO HD L1 MAX;762;ANTENA 3;SD;NACIONAL
PERU;PREPAGO;ORO HD L1 MAX;764;FRANCE 24;SD;NOTICIAS
PERU;PREPAGO;ORO HD L1 MAX;766;RAI ITALIA;SD;NACIONAL
PERU;PREPAGO;ORO HD L1 MAX;768;BBC WORLD NEWS;SD;NOTICIAS
PERU;PREPAGO;ORO HD L1 MAX;770;DW LATINOAMÉRICA;SD;NOTICIAS
PERU;PREPAGO;ORO HD L1 MAX;772;CARACOL;SD;NACIONAL
PERU;PREPAGO;ORO HD L1 MAX;773;EL TIEMPO;SD;NOTICIAS
PERU;PREPAGO;ORO HD L1 MAX;774;TV CHILE;SD;NACIONAL
PERU;PREPAGO;ORO HD L1 MAX;775;RCN NUESTRA TELE;SD;NACIONAL
PERU;PREPAGO;ORO HD L1 MAX;776;GLOBO INTERNACIONAL;SD;NACIONAL
PERU;PREPAGO;ORO HD L1 MAX;778;RTP INTERNACIONAL;SD;NACIONAL
PERU;PREPAGO;ORO HD L1 MAX;782;NHK WORLD;SD;NOTICIAS
PERU;PREPAGO;ORO HD L1 MAX;784;EL TRECE;SD;NACIONAL
PERU;PREPAGO;ORO HD L1 MAX;786;TELEFE INTERNACIONAL;SD;NACIONAL
PERU;PREPAGO;ORO HD L1 MAX;790;CGTN ESPAÑOL;SD;NOTICIAS
PERU;PREPAGO;ORO HD L1 MAX;804;ESCUELA+;SD;EDUCATIVO
PERU;PREPAGO;ORO HD L1 MAX;901;DSPORTS RADIO;RADIO;DEPORTES
PERU;PREPAGO;ORO HD L1 MAX;980;UNIÓN RADIO NOTICIAS;RADIO;AUDIO
PERU;PREPAGO;ORO HD L1 MAX;982;RADIO CARACOL;RADIO;AUDIO
PERU;PREPAGO;ORO HD L1 MAX;984;RADIO FRANCE INTERNACIONAL;RADIO;AUDIO
PERU;PREPAGO;ORO HD L1 MAX;986;RADIO OXIGENO;RADIO;AUDIO
PERU;PREPAGO;ORO HD L1 MAX;987;RADIO STUDIO 92;RADIO;AUDIO
PERU;PREPAGO;ORO HD L1 MAX;988;RADIO MODA;RADIO;AUDIO
PERU;PREPAGO;ORO HD L1 MAX;992;RADIO ALERTA BOGOTÁ;RADIO;AUDIO
PERU;PREPAGO;ORO HD L1 MAX;993;RADIO W;RADIO;AUDIO
PERU;PREPAGO;ORO HD L1 MAX;1127;DSHOW;HD;HOGAR Y VARIEDADES
PERU;PREPAGO;ORO HD L1 MAX;1189;RPP;HD;NOTICIAS
PERU;PREPAGO;ORO HD L1 MAX;1190;TV PERÚ NOTICIAS HD;HD;NOTICIAS
PERU;PREPAGO;ORO HD L1 MAX;1191;WILLAX HD;HD;DEPORTES
PERU;PREPAGO;ORO HD L1 MAX;1192;LATINA HD;HD;NACIONAL
PERU;PREPAGO;ORO HD L1 MAX;1193;A LA COCINA;HD;GASTRONÓMICO
PERU;PREPAGO;ORO HD L1 MAX;1194;AMÉRICA TELEVISION HD;HD;NACIONAL
PERU;PREPAGO;ORO HD L1 MAX;1195;PANAMERICANA HD;HD;NACIONAL
PERU;PREPAGO;ORO HD L1 MAX;1196;ATV+;HD;NOTICIAS
PERU;PREPAGO;ORO HD L1 MAX;1197;TV PERÚ HD;HD;NACIONAL
PERU;PREPAGO;ORO HD L1 MAX;1198;GLOBAL HD;HD;NACIONAL
PERU;PREPAGO;ORO HD L1 MAX;1199;ATV9 HD;HD;NACIONAL
PERU;PREPAGO;ORO HD L1 MAX;1204;STAR CHANNEL HD;HD;SERIES Y PELICULAS
PERU;PREPAGO;ORO HD L1 MAX;1206;WARNER HD;HD;SERIES Y PELICULAS
PERU;PREPAGO;ORO HD L1 MAX;1207;A&E MUNDO HD;HD;SERIES Y PELICULAS
PERU;PREPAGO;ORO HD L1 MAX;1208;SONY HD;HD;SERIES Y PELICULAS
PERU;PREPAGO;ORO HD L1 MAX;1209;AXN HD;HD;SERIES Y PELICULAS
PERU;PREPAGO;ORO HD L1 MAX;1210;AMC HD;HD;SERIES Y PELICULAS
PERU;PREPAGO;ORO HD L1 MAX;1213;TNT SERIES HD;HD;SERIES Y PELICULAS
PERU;PREPAGO;ORO HD L1 MAX;1214;ATRES SERIES HD;HD;SERIES Y PELICULAS
PERU;PREPAGO;ORO HD L1 MAX;1215;COMEDY CENTRAL HD;HD;SERIES Y PELICULAS
PERU;PREPAGO;ORO HD L1 MAX;1217;FX HD;HD;SERIES Y PELICULAS
PERU;PREPAGO;ORO HD L1 MAX;1218;UNIVERSAL HD;HD;SERIES Y PELICULAS
PERU;PREPAGO;ORO HD L1 MAX;1219;USA HD;HD;SERIES Y PELICULAS
PERU;PREPAGO;ORO HD L1 MAX;1221;¡HOLA! TV HD;HD;HOGAR Y VARIEDADES
PERU;PREPAGO;ORO HD L1 MAX;1222;E! HD;HD;HOGAR Y VARIEDADES
PERU;PREPAGO;ORO HD L1 MAX;1223;ID HD;HD;CIENCIA Y CULTURA
PERU;PREPAGO;ORO HD L1 MAX;1228;LIFETIME HD;HD;SERIES Y PELICULAS
PERU;PREPAGO;ORO HD L1 MAX;1229;DISCOVERY HOME & HEALTH HD;HD;HOGAR Y VARIEDADES
PERU;PREPAGO;ORO HD L1 MAX;1232;EL GOURMET;HD;GASTRONÓMICO
PERU;PREPAGO;ORO HD L1 MAX;1233;FOOD NETWORK HD;HD;GASTRONÓMICO
PERU;PREPAGO;ORO HD L1 MAX;1234;HOME & GARDEN;HD;HOGAR Y VARIEDADES
PERU;PREPAGO;ORO HD L1 MAX;1236;VEPLUS;HD;HOGAR Y VARIEDADES
PERU;PREPAGO;ORO HD L1 MAX;1264;MTV HD;HD;MUSICAL
PERU;PREPAGO;ORO HD L1 MAX;1265;MUSIC TOP HD;HD;MUSICAL
PERU;PREPAGO;ORO HD L1 MAX;1266;TIERRA MÍA HD;HD;CIENCIA Y CULTURA
PERU;PREPAGO;ORO HD L1 MAX;1273;INTI HD;HD;EDUCATIVO
PERU;PREPAGO;ORO HD L1 MAX;1302;ESCUELA+;HD;EDUCATIVO
PERU;PREPAGO;ORO HD L1 MAX;1304;CARTOON NETWORK HD;HD;INFANTIL
PERU;PREPAGO;ORO HD L1 MAX;1308;NICKELODEON HD;HD;INFANTIL
PERU;PREPAGO;ORO HD L1 MAX;1309;NICK JR. HD;HD;INFANTIL
PERU;PREPAGO;ORO HD L1 MAX;1312;DISNEY CHANNEL HD;HD;INFANTIL
PERU;PREPAGO;ORO HD L1 MAX;1315;DISNEY JUNIOR HD;HD;INFANTIL
PERU;PREPAGO;ORO HD L1 MAX;1318;PLIM PLIM HD;HD;INFANTIL
PERU;PREPAGO;ORO HD L1 MAX;1319;EL REINO INFANTIL HD;HD;INFANTIL
PERU;PREPAGO;ORO HD L1 MAX;1330;DISCOVERY KIDS HD;HD;INFANTIL
PERU;PREPAGO;ORO HD L1 MAX;1502;TNT HD;HD;SERIES Y PELICULAS
PERU;PREPAGO;ORO HD L1 MAX;1503;GOLDEN HD;HD;SERIES Y PELICULAS
PERU;PREPAGO;ORO HD L1 MAX;1506;SONY MOVIES;HD;SERIES Y PELICULAS
PERU;PREPAGO;ORO HD L1 MAX;1507;CINECANAL HD;HD;SERIES Y PELICULAS
PERU;PREPAGO;ORO HD L1 MAX;1508;STUDIO UNIVERSAL HD;HD;SERIES Y PELICULAS
PERU;PREPAGO;ORO HD L1 MAX;1509;CINEMAX HD;HD;SERIES Y PELICULAS
PERU;PREPAGO;ORO HD L1 MAX;1510;MÓRBIDO TV HD;HD;SERIES Y PELICULAS
PERU;PREPAGO;ORO HD L1 MAX;1513;DHE HD;HD;SERIES Y PELICULAS
PERU;PREPAGO;ORO HD L1 MAX;1518;SPACE HD;HD;SERIES Y PELICULAS
PERU;PREPAGO;ORO HD L1 MAX;1603;L1;HD;DEPORTES
PERU;PREPAGO;ORO HD L1 MAX;1604;L1M;HD;DEPORTES
PERU;PREPAGO;ORO HD L1 MAX;1610;DSPORTS HD;HD;DEPORTES
PERU;PREPAGO;ORO HD L1 MAX;1612;DSPORTS 2 HD;HD;DEPORTES
PERU;PREPAGO;ORO HD L1 MAX;1613;DSPORTS + HD;HD;DEPORTES
PERU;PREPAGO;ORO HD L1 MAX;1621;ESPN HD;HD;DEPORTES
PERU;PREPAGO;ORO HD L1 MAX;1622;ESPN 2 HD;HD;DEPORTES
PERU;PREPAGO;ORO HD L1 MAX;1623;ESPN 3 HD;HD;DEPORTES
PERU;PREPAGO;ORO HD L1 MAX;1624;ESPN 4 HD;HD;DEPORTES
PERU;PREPAGO;ORO HD L1 MAX;1625;ESPN 5;HD;DEPORTES
PERU;PREPAGO;ORO HD L1 MAX;1626;ESPN 6;HD;DEPORTES
PERU;PREPAGO;ORO HD L1 MAX;1627;ESPN 7 HD;HD;DEPORTES
PERU;PREPAGO;ORO HD L1 MAX;1628;GOLF CHANNEL HD;HD;DEPORTES
PERU;PREPAGO;ORO HD L1 MAX;1629;TYC SPORTS;HD;DEPORTES
PERU;PREPAGO;ORO HD L1 MAX;1639;PX SPORTS;HD;DEPORTES
PERU;PREPAGO;ORO HD L1 MAX;1700;DNEWS;HD;NOTICIAS
PERU;PREPAGO;ORO HD L1 MAX;1730;NATIONAL GEOGRAPHIC HD;HD;CIENCIA Y CULTURA
PERU;PREPAGO;ORO HD L1 MAX;1731;DISCOVERY THEATER HD;HD;CIENCIA Y CULTURA
PERU;PREPAGO;ORO HD L1 MAX;1732;DISCOVERY HD;HD;CIENCIA Y CULTURA
PERU;PREPAGO;ORO HD L1 MAX;1734;ANIMAL PLANET HD;HD;CIENCIA Y CULTURA
PERU;PREPAGO;ORO HD L1 MAX;1738;DISCOVERY WORLD HD;HD;CIENCIA Y CULTURA
PERU;PREPAGO;ORO HD L1 MAX;1740;TLC;HD;HOGAR Y VARIEDADES
PERU;PREPAGO;ORO HD L1 MAX;1742;HISTORY HD;HD;CIENCIA Y CULTURA
PERU;PREPAGO;ORO HD L1 MAX;1744;HISTORY 2 HD;HD;CIENCIA Y CULTURA
PERU;PREPAGO;ORO HD L1 MAX;1750;ENCUENTRO INTERNACIONAL HD;HD;EDUCATIVO
PERU;PREPAGO;ORO HD L1 MAX;1762;ANTENA 3 HD;HD;NACIONAL
PERU;PREPAGO;ORO HD L1 MAX;1764;FRANCE 24 HD;HD;NOTICIAS
PERU;PREPAGO;PREP. ORO HD;100;CANAL 100;SD;INFORMATIVO
PERU;PREPAGO;PREP. ORO HD;100;INFORMACIÓN DIRECTV;SD;INFORMATIVO
PERU;PREPAGO;PREP. ORO HD;127;DSHOW;SD;HOGAR Y VARIEDADES
PERU;PREPAGO;PREP. ORO HD;190;EXITOSA;SD;NOTICIAS
PERU;PREPAGO;PREP. ORO HD;192;LATINA;SD;NACIONAL
PERU;PREPAGO;PREP. ORO HD;193;EL CONGRESO;SD;INFORMATIVO
PERU;PREPAGO;PREP. ORO HD;194;AMÉRICA TELEVISION;SD;NACIONAL
PERU;PREPAGO;PREP. ORO HD;195;PANAMERICANA;SD;NACIONAL
PERU;PREPAGO;PREP. ORO HD;196;ATV+;SD;NOTICIAS
PERU;PREPAGO;PREP. ORO HD;197;TV PERÚ;SD;NACIONAL
PERU;PREPAGO;PREP. ORO HD;198;GLOBAL;SD;NACIONAL
PERU;PREPAGO;PREP. ORO HD;199;ATV;SD;NACIONAL
PERU;PREPAGO;PREP. ORO HD;202;STAR CHANNEL;SD;SERIES Y PELICULAS
PERU;PREPAGO;PREP. ORO HD;206;WARNER;SD;SERIES Y PELICULAS
PERU;PREPAGO;PREP. ORO HD;207;A&E MUNDO;SD;SERIES Y PELICULAS
PERU;PREPAGO;PREP. ORO HD;208;SONY;SD;SERIES Y PELICULAS
PERU;PREPAGO;PREP. ORO HD;209;AXN;SD;SERIES Y PELICULAS
PERU;PREPAGO;PREP. ORO HD;210;AMC;SD;SERIES Y PELICULAS
PERU;PREPAGO;PREP. ORO HD;213;TNT SERIES;SD;SERIES Y PELICULAS
PERU;PREPAGO;PREP. ORO HD;214;ATRES SERIES;SD;SERIES Y PELICULAS
PERU;PREPAGO;PREP. ORO HD;215;COMEDY CENTRAL;SD;SERIES Y PELICULAS
PERU;PREPAGO;PREP. ORO HD;216;TNT NOVELAS;SD;TELENOVELAS
PERU;PREPAGO;PREP. ORO HD;217;FX;SD;SERIES Y PELICULAS
PERU;PREPAGO;PREP. ORO HD;218;UNIVERSAL;SD;SERIES Y PELICULAS
PERU;PREPAGO;PREP. ORO HD;219;USA;SD;SERIES Y PELICULAS
PERU;PREPAGO;PREP. ORO HD;220;ADULT SWIM;SD;INFANTIL
PERU;PREPAGO;PREP. ORO HD;221;¡HOLA! TV;SD;HOGAR Y VARIEDADES
PERU;PREPAGO;PREP. ORO HD;222;E!;SD;HOGAR Y VARIEDADES
PERU;PREPAGO;PREP. ORO HD;223;ID;SD;CIENCIA Y CULTURA
PERU;PREPAGO;PREP. ORO HD;226;LAS ESTRELLAS;SD;NACIONAL
PERU;PREPAGO;PREP. ORO HD;227;TL NOVELAS;SD;TELENOVELAS
PERU;PREPAGO;PREP. ORO HD;228;LIFETIME;SD;SERIES Y PELICULAS
PERU;PREPAGO;PREP. ORO HD;229;DISCOVERY HOME & HEALTH;SD;HOGAR Y VARIEDADES
PERU;PREPAGO;PREP. ORO HD;230;AMC SERIES;SD;SERIES Y PELICULAS
PERU;PREPAGO;PREP. ORO HD;231;TELEMUNDO;SD;TELENOVELAS
PERU;PREPAGO;PREP. ORO HD;232;EL GOURMET;SD;GASTRONÓMICO
PERU;PREPAGO;PREP. ORO HD;233;FOOD NETWORK;SD;GASTRONÓMICO
PERU;PREPAGO;PREP. ORO HD;240;CARAS TV;SD;HOGAR Y VARIEDADES
PERU;PREPAGO;PREP. ORO HD;264;MTV;SD;MUSICAL
PERU;PREPAGO;PREP. ORO HD;269;QUIERO MÚSICA EN MI IDIOMA;SD;MUSICAL
PERU;PREPAGO;PREP. ORO HD;304;CARTOON NETWORK;SD;INFANTIL
PERU;PREPAGO;PREP. ORO HD;308;NICKELODEON;SD;INFANTIL
PERU;PREPAGO;PREP. ORO HD;309;NICK JR.;SD;INFANTIL
PERU;PREPAGO;PREP. ORO HD;312;DISNEY CHANNEL;SD;INFANTIL
PERU;PREPAGO;PREP. ORO HD;315;DISNEY JUNIOR;SD;INFANTIL
PERU;PREPAGO;PREP. ORO HD;317;BABY TV HD;SD;INFANTIL
PERU;PREPAGO;PREP. ORO HD;318;PLIM PLIM;SD;INFANTIL
PERU;PREPAGO;PREP. ORO HD;319;EL REINO INFANTIL;SD;INFANTIL
PERU;PREPAGO;PREP. ORO HD;330;DISCOVERY KIDS;SD;INFANTIL
PERU;PREPAGO;PREP. ORO HD;334;CARTOONITO;SD;INFANTIL
PERU;PREPAGO;PREP. ORO HD;350;EWTN;SD;RELIGIOSO
PERU;PREPAGO;PREP. ORO HD;351;ORBE 21;SD;RELIGIOSO
PERU;PREPAGO;PREP. ORO HD;352;TBN ENLACE;SD;RELIGIOSO
PERU;PREPAGO;PREP. ORO HD;354;CANAL LUZ;SD;RELIGIOSO
PERU;PREPAGO;PREP. ORO HD;502;TNT;SD;SERIES Y PELICULAS
PERU;PREPAGO;PREP. ORO HD;503;GOLDEN;SD;SERIES Y PELICULAS
PERU;PREPAGO;PREP. ORO HD;506;SONY MOVIES;SD;SERIES Y PELICULAS
PERU;PREPAGO;PREP. ORO HD;507;CINECANAL;SD;SERIES Y PELICULAS
PERU;PREPAGO;PREP. ORO HD;508;STUDIO UNIVERSAL;SD;SERIES Y PELICULAS
PERU;PREPAGO;PREP. ORO HD;509;CINEMAX;SD;SERIES Y PELICULAS
PERU;PREPAGO;PREP. ORO HD;510;MÓRBIDO TV;SD;SERIES Y PELICULAS
PERU;PREPAGO;PREP. ORO HD;513;DHE;SD;SERIES Y PELICULAS
PERU;PREPAGO;PREP. ORO HD;516;DE PELÍCULA;SD;SERIES Y PELICULAS
PERU;PREPAGO;PREP. ORO HD;517;GOLDEN EDGE;SD;SERIES Y PELICULAS
PERU;PREPAGO;PREP. ORO HD;518;SPACE;SD;SERIES Y PELICULAS
PERU;PREPAGO;PREP. ORO HD;603;L1;SD;DEPORTES
PERU;PREPAGO;PREP. ORO HD;604;L1M;SD;DEPORTES
PERU;PREPAGO;PREP. ORO HD;610;DSPORTS;SD;DEPORTES
PERU;PREPAGO;PREP. ORO HD;612;DSPORTS 2;SD;DEPORTES
PERU;PREPAGO;PREP. ORO HD;613;DSPORTS +;SD;DEPORTES
PERU;PREPAGO;PREP. ORO HD;621;ESPN;SD;DEPORTES
PERU;PREPAGO;PREP. ORO HD;622;ESPN 2;SD;DEPORTES
PERU;PREPAGO;PREP. ORO HD;623;ESPN 3;SD;DEPORTES
PERU;PREPAGO;PREP. ORO HD;625;ESPN 5;SD;DEPORTES
PERU;PREPAGO;PREP. ORO HD;626;ESPN 6;SD;DEPORTES
PERU;PREPAGO;PREP. ORO HD;627;ESPN 7;SD;DEPORTES
PERU;PREPAGO;PREP. ORO HD;628;GOLF CHANNEL LATIN AMERICA;SD;DEPORTES
PERU;PREPAGO;PREP. ORO HD;629;TYC SPORTS;SD;DEPORTES
PERU;PREPAGO;PREP. ORO HD;700;DNEWS;SD;NOTICIAS
PERU;PREPAGO;PREP. ORO HD;704;CNN EN ESPAÑOL;SD;NOTICIAS
PERU;PREPAGO;PREP. ORO HD;706;CNN INTERNATIONAL;SD;NOTICIAS
PERU;PREPAGO;PREP. ORO HD;707;CNN CHILE;SD;NOTICIAS
PERU;PREPAGO;PREP. ORO HD;708;TVN 24 HORAS;SD;NOTICIAS
PERU;PREPAGO;PREP. ORO HD;710;BLOOMBERG;SD;NOTICIAS
PERU;PREPAGO;PREP. ORO HD;715;AMÉRICA;SD;NACIONAL
PERU;PREPAGO;PREP. ORO HD;716;TODO NOTICIAS;SD;NOTICIAS
PERU;PREPAGO;PREP. ORO HD;720;26NOTICIAS;SD;NOTICIAS
PERU;PREPAGO;PREP. ORO HD;725;NTN 24;SD;NOTICIAS
PERU;PREPAGO;PREP. ORO HD;726;CANAL RURAL;SD;EDUCATIVO
PERU;PREPAGO;PREP. ORO HD;727;CABLE NOTICIAS;SD;NOTICIAS
PERU;PREPAGO;PREP. ORO HD;730;NATIONAL GEOGRAPHIC;SD;CIENCIA Y CULTURA
PERU;PREPAGO;PREP. ORO HD;732;DISCOVERY;SD;CIENCIA Y CULTURA
PERU;PREPAGO;PREP. ORO HD;734;ANIMAL PLANET;SD;CIENCIA Y CULTURA
PERU;PREPAGO;PREP. ORO HD;736;DISCOVERY TURBO;SD;HOGAR Y VARIEDADES
PERU;PREPAGO;PREP. ORO HD;740;TLC;SD;HOGAR Y VARIEDADES
PERU;PREPAGO;PREP. ORO HD;742;HISTORY;SD;CIENCIA Y CULTURA
PERU;PREPAGO;PREP. ORO HD;744;HISTORY 2;SD;CIENCIA Y CULTURA
PERU;PREPAGO;PREP. ORO HD;760;UNIVISION;SD;NACIONAL
PERU;PREPAGO;PREP. ORO HD;762;ANTENA 3;SD;NACIONAL
PERU;PREPAGO;PREP. ORO HD;764;FRANCE 24;SD;NOTICIAS
PERU;PREPAGO;PREP. ORO HD;766;RAI ITALIA;SD;NACIONAL
PERU;PREPAGO;PREP. ORO HD;768;BBC WORLD NEWS;SD;NOTICIAS
PERU;PREPAGO;PREP. ORO HD;770;DW LATINOAMÉRICA;SD;NOTICIAS
PERU;PREPAGO;PREP. ORO HD;772;CARACOL;SD;NACIONAL
PERU;PREPAGO;PREP. ORO HD;773;EL TIEMPO;SD;NOTICIAS
PERU;PREPAGO;PREP. ORO HD;774;TV CHILE;SD;NACIONAL
PERU;PREPAGO;PREP. ORO HD;775;RCN NUESTRA TELE;SD;NACIONAL
PERU;PREPAGO;PREP. ORO HD;776;GLOBO INTERNACIONAL;SD;NACIONAL
PERU;PREPAGO;PREP. ORO HD;778;RTP INTERNACIONAL;SD;NACIONAL
PERU;PREPAGO;PREP. ORO HD;782;NHK WORLD;SD;NOTICIAS
PERU;PREPAGO;PREP. ORO HD;784;EL TRECE;SD;NACIONAL
PERU;PREPAGO;PREP. ORO HD;786;TELEFE INTERNACIONAL;SD;NACIONAL
PERU;PREPAGO;PREP. ORO HD;790;CGTN ESPAÑOL;SD;NOTICIAS
PERU;PREPAGO;PREP. ORO HD;804;ESCUELA+;SD;EDUCATIVO
PERU;PREPAGO;PREP. ORO HD;901;DSPORTS RADIO;RADIO;DEPORTES
PERU;PREPAGO;PREP. ORO HD;980;UNIÓN RADIO NOTICIAS;RADIO;AUDIO
PERU;PREPAGO;PREP. ORO HD;982;RADIO CARACOL;RADIO;AUDIO
PERU;PREPAGO;PREP. ORO HD;984;RADIO FRANCE INTERNACIONAL;RADIO;AUDIO
PERU;PREPAGO;PREP. ORO HD;986;RADIO OXIGENO;RADIO;AUDIO
PERU;PREPAGO;PREP. ORO HD;987;RADIO STUDIO 92;RADIO;AUDIO
PERU;PREPAGO;PREP. ORO HD;988;RADIO MODA;RADIO;AUDIO
PERU;PREPAGO;PREP. ORO HD;992;RADIO ALERTA BOGOTÁ;RADIO;AUDIO
PERU;PREPAGO;PREP. ORO HD;993;RADIO W;RADIO;AUDIO
PERU;PREPAGO;PREP. ORO HD;1127;DSHOW;HD;HOGAR Y VARIEDADES
PERU;PREPAGO;PREP. ORO HD;1189;RPP;HD;NOTICIAS
PERU;PREPAGO;PREP. ORO HD;1190;TV PERÚ NOTICIAS HD;HD;NOTICIAS
PERU;PREPAGO;PREP. ORO HD;1191;WILLAX HD;HD;DEPORTES
PERU;PREPAGO;PREP. ORO HD;1192;LATINA HD;HD;NACIONAL
PERU;PREPAGO;PREP. ORO HD;1193;A LA COCINA;HD;GASTRONÓMICO
PERU;PREPAGO;PREP. ORO HD;1194;AMÉRICA TELEVISION HD;HD;NACIONAL
PERU;PREPAGO;PREP. ORO HD;1195;PANAMERICANA HD;HD;NACIONAL
PERU;PREPAGO;PREP. ORO HD;1196;ATV+;HD;NOTICIAS
PERU;PREPAGO;PREP. ORO HD;1197;TV PERÚ HD;HD;NACIONAL
PERU;PREPAGO;PREP. ORO HD;1198;GLOBAL HD;HD;NACIONAL
PERU;PREPAGO;PREP. ORO HD;1199;ATV9 HD;HD;NACIONAL
PERU;PREPAGO;PREP. ORO HD;1204;STAR CHANNEL HD;HD;SERIES Y PELICULAS
PERU;PREPAGO;PREP. ORO HD;1206;WARNER HD;HD;SERIES Y PELICULAS
PERU;PREPAGO;PREP. ORO HD;1207;A&E MUNDO HD;HD;SERIES Y PELICULAS
PERU;PREPAGO;PREP. ORO HD;1208;SONY HD;HD;SERIES Y PELICULAS
PERU;PREPAGO;PREP. ORO HD;1209;AXN HD;HD;SERIES Y PELICULAS
PERU;PREPAGO;PREP. ORO HD;1210;AMC HD;HD;SERIES Y PELICULAS
PERU;PREPAGO;PREP. ORO HD;1213;TNT SERIES HD;HD;SERIES Y PELICULAS
PERU;PREPAGO;PREP. ORO HD;1214;ATRES SERIES HD;HD;SERIES Y PELICULAS
PERU;PREPAGO;PREP. ORO HD;1215;COMEDY CENTRAL HD;HD;SERIES Y PELICULAS
PERU;PREPAGO;PREP. ORO HD;1217;FX HD;HD;SERIES Y PELICULAS
PERU;PREPAGO;PREP. ORO HD;1218;UNIVERSAL HD;HD;SERIES Y PELICULAS
PERU;PREPAGO;PREP. ORO HD;1219;USA HD;HD;SERIES Y PELICULAS
PERU;PREPAGO;PREP. ORO HD;1221;¡HOLA! TV HD;HD;HOGAR Y VARIEDADES
PERU;PREPAGO;PREP. ORO HD;1222;E! HD;HD;HOGAR Y VARIEDADES
PERU;PREPAGO;PREP. ORO HD;1223;ID HD;HD;CIENCIA Y CULTURA
PERU;PREPAGO;PREP. ORO HD;1228;LIFETIME HD;HD;SERIES Y PELICULAS
PERU;PREPAGO;PREP. ORO HD;1229;DISCOVERY HOME & HEALTH HD;HD;HOGAR Y VARIEDADES
PERU;PREPAGO;PREP. ORO HD;1232;EL GOURMET;HD;GASTRONÓMICO
PERU;PREPAGO;PREP. ORO HD;1233;FOOD NETWORK HD;HD;GASTRONÓMICO
PERU;PREPAGO;PREP. ORO HD;1234;HOME & GARDEN;HD;HOGAR Y VARIEDADES
PERU;PREPAGO;PREP. ORO HD;1236;VEPLUS;HD;HOGAR Y VARIEDADES
PERU;PREPAGO;PREP. ORO HD;1264;MTV HD;HD;MUSICAL
PERU;PREPAGO;PREP. ORO HD;1265;MUSIC TOP HD;HD;MUSICAL
PERU;PREPAGO;PREP. ORO HD;1266;TIERRA MÍA HD;HD;CIENCIA Y CULTURA
PERU;PREPAGO;PREP. ORO HD;1273;INTI HD;HD;EDUCATIVO
PERU;PREPAGO;PREP. ORO HD;1302;ESCUELA+;HD;EDUCATIVO
PERU;PREPAGO;PREP. ORO HD;1304;CARTOON NETWORK HD;HD;INFANTIL
PERU;PREPAGO;PREP. ORO HD;1308;NICKELODEON HD;HD;INFANTIL
PERU;PREPAGO;PREP. ORO HD;1309;NICK JR. HD;HD;INFANTIL
PERU;PREPAGO;PREP. ORO HD;1312;DISNEY CHANNEL HD;HD;INFANTIL
PERU;PREPAGO;PREP. ORO HD;1315;DISNEY JUNIOR HD;HD;INFANTIL
PERU;PREPAGO;PREP. ORO HD;1318;PLIM PLIM HD;HD;INFANTIL
PERU;PREPAGO;PREP. ORO HD;1319;EL REINO INFANTIL HD;HD;INFANTIL
PERU;PREPAGO;PREP. ORO HD;1330;DISCOVERY KIDS HD;HD;INFANTIL
PERU;PREPAGO;PREP. ORO HD;1502;TNT HD;HD;SERIES Y PELICULAS
PERU;PREPAGO;PREP. ORO HD;1503;GOLDEN HD;HD;SERIES Y PELICULAS
PERU;PREPAGO;PREP. ORO HD;1506;SONY MOVIES;HD;SERIES Y PELICULAS
PERU;PREPAGO;PREP. ORO HD;1507;CINECANAL HD;HD;SERIES Y PELICULAS
PERU;PREPAGO;PREP. ORO HD;1508;STUDIO UNIVERSAL HD;HD;SERIES Y PELICULAS
PERU;PREPAGO;PREP. ORO HD;1509;CINEMAX HD;HD;SERIES Y PELICULAS
PERU;PREPAGO;PREP. ORO HD;1510;MÓRBIDO TV HD;HD;SERIES Y PELICULAS
PERU;PREPAGO;PREP. ORO HD;1513;DHE HD;HD;SERIES Y PELICULAS
PERU;PREPAGO;PREP. ORO HD;1518;SPACE HD;HD;SERIES Y PELICULAS
PERU;PREPAGO;PREP. ORO HD;1603;L1;HD;DEPORTES
PERU;PREPAGO;PREP. ORO HD;1604;L1M;HD;DEPORTES
PERU;PREPAGO;PREP. ORO HD;1610;DSPORTS HD;HD;DEPORTES
PERU;PREPAGO;PREP. ORO HD;1612;DSPORTS 2 HD;HD;DEPORTES
PERU;PREPAGO;PREP. ORO HD;1613;DSPORTS + HD;HD;DEPORTES
PERU;PREPAGO;PREP. ORO HD;1621;ESPN HD;HD;DEPORTES
PERU;PREPAGO;PREP. ORO HD;1622;ESPN 2 HD;HD;DEPORTES
PERU;PREPAGO;PREP. ORO HD;1623;ESPN 3 HD;HD;DEPORTES
PERU;PREPAGO;PREP. ORO HD;1624;ESPN 4 HD;HD;DEPORTES
PERU;PREPAGO;PREP. ORO HD;1625;ESPN 5;HD;DEPORTES
PERU;PREPAGO;PREP. ORO HD;1626;ESPN 6;HD;DEPORTES
PERU;PREPAGO;PREP. ORO HD;1627;ESPN 7 HD;HD;DEPORTES
PERU;PREPAGO;PREP. ORO HD;1628;GOLF CHANNEL HD;HD;DEPORTES
PERU;PREPAGO;PREP. ORO HD;1629;TYC SPORTS;HD;DEPORTES
PERU;PREPAGO;PREP. ORO HD;1639;PX SPORTS;HD;DEPORTES
PERU;PREPAGO;PREP. ORO HD;1700;DNEWS;HD;NOTICIAS
PERU;PREPAGO;PREP. ORO HD;1730;NATIONAL GEOGRAPHIC HD;HD;CIENCIA Y CULTURA
PERU;PREPAGO;PREP. ORO HD;1731;DISCOVERY THEATER HD;HD;CIENCIA Y CULTURA
PERU;PREPAGO;PREP. ORO HD;1732;DISCOVERY HD;HD;CIENCIA Y CULTURA
PERU;PREPAGO;PREP. ORO HD;1734;ANIMAL PLANET HD;HD;CIENCIA Y CULTURA
PERU;PREPAGO;PREP. ORO HD;1738;DISCOVERY WORLD HD;HD;CIENCIA Y CULTURA
PERU;PREPAGO;PREP. ORO HD;1740;TLC;HD;HOGAR Y VARIEDADES
PERU;PREPAGO;PREP. ORO HD;1742;HISTORY HD;HD;CIENCIA Y CULTURA
PERU;PREPAGO;PREP. ORO HD;1744;HISTORY 2 HD;HD;CIENCIA Y CULTURA
PERU;PREPAGO;PREP. ORO HD;1750;ENCUENTRO INTERNACIONAL HD;HD;EDUCATIVO
PERU;PREPAGO;PREP. ORO HD;1762;ANTENA 3 HD;HD;NACIONAL
PERU;PREPAGO;PREP. ORO HD;1764;FRANCE 24 HD;HD;NOTICIAS
PERU;PREPAGO;PREP. ORO SD;100;CANAL 100;SD;INFORMATIVO
PERU;PREPAGO;PREP. ORO SD;100;INFORMACIÓN DIRECTV;SD;INFORMATIVO
PERU;PREPAGO;PREP. ORO SD;127;DSHOW;SD;HOGAR Y VARIEDADES
PERU;PREPAGO;PREP. ORO SD;190;EXITOSA;SD;NOTICIAS
PERU;PREPAGO;PREP. ORO SD;192;LATINA;SD;NACIONAL
PERU;PREPAGO;PREP. ORO SD;193;EL CONGRESO;SD;INFORMATIVO
PERU;PREPAGO;PREP. ORO SD;194;AMÉRICA TELEVISION;SD;NACIONAL
PERU;PREPAGO;PREP. ORO SD;195;PANAMERICANA;SD;NACIONAL
PERU;PREPAGO;PREP. ORO SD;196;ATV+;SD;NOTICIAS
PERU;PREPAGO;PREP. ORO SD;197;TV PERÚ;SD;NACIONAL
PERU;PREPAGO;PREP. ORO SD;198;GLOBAL;SD;NACIONAL
PERU;PREPAGO;PREP. ORO SD;199;ATV;SD;NACIONAL
PERU;PREPAGO;PREP. ORO SD;202;STAR CHANNEL;SD;SERIES Y PELICULAS
PERU;PREPAGO;PREP. ORO SD;206;WARNER;SD;SERIES Y PELICULAS
PERU;PREPAGO;PREP. ORO SD;207;A&E MUNDO;SD;SERIES Y PELICULAS
PERU;PREPAGO;PREP. ORO SD;208;SONY;SD;SERIES Y PELICULAS
PERU;PREPAGO;PREP. ORO SD;209;AXN;SD;SERIES Y PELICULAS
PERU;PREPAGO;PREP. ORO SD;210;AMC;SD;SERIES Y PELICULAS
PERU;PREPAGO;PREP. ORO SD;213;TNT SERIES;SD;SERIES Y PELICULAS
PERU;PREPAGO;PREP. ORO SD;214;ATRES SERIES;SD;SERIES Y PELICULAS
PERU;PREPAGO;PREP. ORO SD;215;COMEDY CENTRAL;SD;SERIES Y PELICULAS
PERU;PREPAGO;PREP. ORO SD;216;TNT NOVELAS;SD;TELENOVELAS
PERU;PREPAGO;PREP. ORO SD;217;FX;SD;SERIES Y PELICULAS
PERU;PREPAGO;PREP. ORO SD;218;UNIVERSAL;SD;SERIES Y PELICULAS
PERU;PREPAGO;PREP. ORO SD;219;USA;SD;SERIES Y PELICULAS
PERU;PREPAGO;PREP. ORO SD;220;ADULT SWIM;SD;INFANTIL
PERU;PREPAGO;PREP. ORO SD;221;¡HOLA! TV;SD;HOGAR Y VARIEDADES
PERU;PREPAGO;PREP. ORO SD;222;E!;SD;HOGAR Y VARIEDADES
PERU;PREPAGO;PREP. ORO SD;223;ID;SD;CIENCIA Y CULTURA
PERU;PREPAGO;PREP. ORO SD;226;LAS ESTRELLAS;SD;NACIONAL
PERU;PREPAGO;PREP. ORO SD;227;TL NOVELAS;SD;TELENOVELAS
PERU;PREPAGO;PREP. ORO SD;228;LIFETIME;SD;SERIES Y PELICULAS
PERU;PREPAGO;PREP. ORO SD;229;DISCOVERY HOME & HEALTH;SD;HOGAR Y VARIEDADES
PERU;PREPAGO;PREP. ORO SD;230;AMC SERIES;SD;SERIES Y PELICULAS
PERU;PREPAGO;PREP. ORO SD;231;TELEMUNDO;SD;TELENOVELAS
PERU;PREPAGO;PREP. ORO SD;232;EL GOURMET;SD;GASTRONÓMICO
PERU;PREPAGO;PREP. ORO SD;233;FOOD NETWORK;SD;GASTRONÓMICO
PERU;PREPAGO;PREP. ORO SD;240;CARAS TV;SD;HOGAR Y VARIEDADES
PERU;PREPAGO;PREP. ORO SD;264;MTV;SD;MUSICAL
PERU;PREPAGO;PREP. ORO SD;269;QUIERO MÚSICA EN MI IDIOMA;SD;MUSICAL
PERU;PREPAGO;PREP. ORO SD;304;CARTOON NETWORK;SD;INFANTIL
PERU;PREPAGO;PREP. ORO SD;308;NICKELODEON;SD;INFANTIL
PERU;PREPAGO;PREP. ORO SD;309;NICK JR.;SD;INFANTIL
PERU;PREPAGO;PREP. ORO SD;312;DISNEY CHANNEL;SD;INFANTIL
PERU;PREPAGO;PREP. ORO SD;315;DISNEY JUNIOR;SD;INFANTIL
PERU;PREPAGO;PREP. ORO SD;318;PLIM PLIM;SD;INFANTIL
PERU;PREPAGO;PREP. ORO SD;319;EL REINO INFANTIL;SD;INFANTIL
PERU;PREPAGO;PREP. ORO SD;330;DISCOVERY KIDS;SD;INFANTIL
PERU;PREPAGO;PREP. ORO SD;334;CARTOONITO;SD;INFANTIL
PERU;PREPAGO;PREP. ORO SD;350;EWTN;SD;RELIGIOSO
PERU;PREPAGO;PREP. ORO SD;351;ORBE 21;SD;RELIGIOSO
PERU;PREPAGO;PREP. ORO SD;352;TBN ENLACE;SD;RELIGIOSO
PERU;PREPAGO;PREP. ORO SD;354;CANAL LUZ;SD;RELIGIOSO
PERU;PREPAGO;PREP. ORO SD;502;TNT;SD;SERIES Y PELICULAS
PERU;PREPAGO;PREP. ORO SD;503;GOLDEN;SD;SERIES Y PELICULAS
PERU;PREPAGO;PREP. ORO SD;506;SONY MOVIES;SD;SERIES Y PELICULAS
PERU;PREPAGO;PREP. ORO SD;507;CINECANAL;SD;SERIES Y PELICULAS
PERU;PREPAGO;PREP. ORO SD;508;STUDIO UNIVERSAL;SD;SERIES Y PELICULAS
PERU;PREPAGO;PREP. ORO SD;509;CINEMAX;SD;SERIES Y PELICULAS
PERU;PREPAGO;PREP. ORO SD;510;MÓRBIDO TV;SD;SERIES Y PELICULAS
PERU;PREPAGO;PREP. ORO SD;513;DHE;SD;SERIES Y PELICULAS
PERU;PREPAGO;PREP. ORO SD;516;DE PELÍCULA;SD;SERIES Y PELICULAS
PERU;PREPAGO;PREP. ORO SD;517;GOLDEN EDGE;SD;SERIES Y PELICULAS
PERU;PREPAGO;PREP. ORO SD;518;SPACE;SD;SERIES Y PELICULAS
PERU;PREPAGO;PREP. ORO SD;603;L1;SD;DEPORTES
PERU;PREPAGO;PREP. ORO SD;604;L1M;SD;DEPORTES
PERU;PREPAGO;PREP. ORO SD;610;DSPORTS;SD;DEPORTES
PERU;PREPAGO;PREP. ORO SD;612;DSPORTS 2;SD;DEPORTES
PERU;PREPAGO;PREP. ORO SD;613;DSPORTS +;SD;DEPORTES
PERU;PREPAGO;PREP. ORO SD;621;ESPN;SD;DEPORTES
PERU;PREPAGO;PREP. ORO SD;622;ESPN 2;SD;DEPORTES
PERU;PREPAGO;PREP. ORO SD;623;ESPN 3;SD;DEPORTES
PERU;PREPAGO;PREP. ORO SD;625;ESPN 5;SD;DEPORTES
PERU;PREPAGO;PREP. ORO SD;626;ESPN 6;SD;DEPORTES
PERU;PREPAGO;PREP. ORO SD;627;ESPN 7;SD;DEPORTES
PERU;PREPAGO;PREP. ORO SD;628;GOLF CHANNEL LATIN AMERICA;SD;DEPORTES
PERU;PREPAGO;PREP. ORO SD;629;TYC SPORTS;SD;DEPORTES
PERU;PREPAGO;PREP. ORO SD;700;DNEWS;SD;NOTICIAS
PERU;PREPAGO;PREP. ORO SD;704;CNN EN ESPAÑOL;SD;NOTICIAS
PERU;PREPAGO;PREP. ORO SD;706;CNN INTERNATIONAL;SD;NOTICIAS
PERU;PREPAGO;PREP. ORO SD;707;CNN CHILE;SD;NOTICIAS
PERU;PREPAGO;PREP. ORO SD;708;TVN 24 HORAS;SD;NOTICIAS
PERU;PREPAGO;PREP. ORO SD;710;BLOOMBERG;SD;NOTICIAS
PERU;PREPAGO;PREP. ORO SD;716;TODO NOTICIAS;SD;NOTICIAS
PERU;PREPAGO;PREP. ORO SD;720;26NOTICIAS;SD;NOTICIAS
PERU;PREPAGO;PREP. ORO SD;725;NTN 24;SD;NOTICIAS
PERU;PREPAGO;PREP. ORO SD;726;CANAL RURAL;SD;EDUCATIVO
PERU;PREPAGO;PREP. ORO SD;727;CABLE NOTICIAS;SD;NOTICIAS
PERU;PREPAGO;PREP. ORO SD;730;NATIONAL GEOGRAPHIC;SD;CIENCIA Y CULTURA
PERU;PREPAGO;PREP. ORO SD;732;DISCOVERY;SD;CIENCIA Y CULTURA
PERU;PREPAGO;PREP. ORO SD;734;ANIMAL PLANET;SD;CIENCIA Y CULTURA
PERU;PREPAGO;PREP. ORO SD;736;DISCOVERY TURBO;SD;HOGAR Y VARIEDADES
PERU;PREPAGO;PREP. ORO SD;740;TLC;SD;HOGAR Y VARIEDADES
PERU;PREPAGO;PREP. ORO SD;742;HISTORY;SD;CIENCIA Y CULTURA
PERU;PREPAGO;PREP. ORO SD;744;HISTORY 2;SD;CIENCIA Y CULTURA
PERU;PREPAGO;PREP. ORO SD;760;UNIVISION;SD;NACIONAL
PERU;PREPAGO;PREP. ORO SD;762;ANTENA 3;SD;NACIONAL
PERU;PREPAGO;PREP. ORO SD;764;FRANCE 24;SD;NOTICIAS
PERU;PREPAGO;PREP. ORO SD;766;RAI ITALIA;SD;NACIONAL
PERU;PREPAGO;PREP. ORO SD;768;BBC WORLD NEWS;SD;NOTICIAS
PERU;PREPAGO;PREP. ORO SD;770;DW LATINOAMÉRICA;SD;NOTICIAS
PERU;PREPAGO;PREP. ORO SD;772;CARACOL;SD;NACIONAL
PERU;PREPAGO;PREP. ORO SD;773;EL TIEMPO;SD;NOTICIAS
PERU;PREPAGO;PREP. ORO SD;774;TV CHILE;SD;NACIONAL
PERU;PREPAGO;PREP. ORO SD;775;RCN NUESTRA TELE;SD;NACIONAL
PERU;PREPAGO;PREP. ORO SD;776;GLOBO INTERNACIONAL;SD;NACIONAL
PERU;PREPAGO;PREP. ORO SD;778;RTP INTERNACIONAL;SD;NACIONAL
PERU;PREPAGO;PREP. ORO SD;782;NHK WORLD;SD;NOTICIAS
PERU;PREPAGO;PREP. ORO SD;784;EL TRECE;SD;NACIONAL
PERU;PREPAGO;PREP. ORO SD;786;TELEFE INTERNACIONAL;SD;NACIONAL
PERU;PREPAGO;PREP. ORO SD;790;CGTN ESPAÑOL;SD;NOTICIAS
PERU;PREPAGO;PREP. ORO SD;804;ESCUELA+;SD;EDUCATIVO
PERU;PREPAGO;PREP. ORO SD;901;DSPORTS RADIO;RADIO;DEPORTES
PERU;PREPAGO;PREP. ORO SD;980;UNIÓN RADIO NOTICIAS;RADIO;AUDIO
PERU;PREPAGO;PREP. ORO SD;982;RADIO CARACOL;RADIO;AUDIO
PERU;PREPAGO;PREP. ORO SD;984;RADIO FRANCE INTERNACIONAL;RADIO;AUDIO
PERU;PREPAGO;PREP. ORO SD;986;RADIO OXIGENO;RADIO;AUDIO
PERU;PREPAGO;PREP. ORO SD;987;RADIO STUDIO 92;RADIO;AUDIO
PERU;PREPAGO;PREP. ORO SD;988;RADIO MODA;RADIO;AUDIO
PERU;PREPAGO;PREP. ORO SD;992;RADIO ALERTA BOGOTÁ;RADIO;AUDIO
PERU;PREPAGO;PREP. ORO SD;993;RADIO W;RADIO;AUDIO
PERU;PREPAGO;PREP. ORO SD;1302;ESCUELA+;HD;EDUCATIVO
PERU;PREPAGO;PREP. PLATA HD;100;CANAL 100;SD;INFORMATIVO
PERU;PREPAGO;PREP. PLATA HD;100;INFORMACIÓN DIRECTV;SD;INFORMATIVO
PERU;PREPAGO;PREP. PLATA HD;127;DSHOW;SD;HOGAR Y VARIEDADES
PERU;PREPAGO;PREP. PLATA HD;190;EXITOSA;SD;NOTICIAS
PERU;PREPAGO;PREP. PLATA HD;192;LATINA;SD;NACIONAL
PERU;PREPAGO;PREP. PLATA HD;193;EL CONGRESO;SD;INFORMATIVO
PERU;PREPAGO;PREP. PLATA HD;194;AMÉRICA TELEVISION;SD;NACIONAL
PERU;PREPAGO;PREP. PLATA HD;195;PANAMERICANA;SD;NACIONAL
PERU;PREPAGO;PREP. PLATA HD;196;ATV+;SD;NOTICIAS
PERU;PREPAGO;PREP. PLATA HD;197;TV PERÚ;SD;NACIONAL
PERU;PREPAGO;PREP. PLATA HD;198;GLOBAL;SD;NACIONAL
PERU;PREPAGO;PREP. PLATA HD;199;ATV;SD;NACIONAL
PERU;PREPAGO;PREP. PLATA HD;202;STAR CHANNEL;SD;SERIES Y PELICULAS
PERU;PREPAGO;PREP. PLATA HD;206;WARNER;SD;SERIES Y PELICULAS
PERU;PREPAGO;PREP. PLATA HD;207;A&E MUNDO;SD;SERIES Y PELICULAS
PERU;PREPAGO;PREP. PLATA HD;208;SONY;SD;SERIES Y PELICULAS
PERU;PREPAGO;PREP. PLATA HD;209;AXN;SD;SERIES Y PELICULAS
PERU;PREPAGO;PREP. PLATA HD;210;AMC;SD;SERIES Y PELICULAS
PERU;PREPAGO;PREP. PLATA HD;213;TNT SERIES;SD;SERIES Y PELICULAS
PERU;PREPAGO;PREP. PLATA HD;216;TNT NOVELAS;SD;TELENOVELAS
PERU;PREPAGO;PREP. PLATA HD;217;FX;SD;SERIES Y PELICULAS
PERU;PREPAGO;PREP. PLATA HD;218;UNIVERSAL;SD;SERIES Y PELICULAS
PERU;PREPAGO;PREP. PLATA HD;220;ADULT SWIM;SD;INFANTIL
PERU;PREPAGO;PREP. PLATA HD;221;¡HOLA! TV;SD;HOGAR Y VARIEDADES
PERU;PREPAGO;PREP. PLATA HD;222;E!;SD;HOGAR Y VARIEDADES
PERU;PREPAGO;PREP. PLATA HD;223;ID;SD;CIENCIA Y CULTURA
PERU;PREPAGO;PREP. PLATA HD;226;LAS ESTRELLAS;SD;NACIONAL
PERU;PREPAGO;PREP. PLATA HD;227;TL NOVELAS;SD;TELENOVELAS
PERU;PREPAGO;PREP. PLATA HD;229;DISCOVERY HOME & HEALTH;SD;HOGAR Y VARIEDADES
PERU;PREPAGO;PREP. PLATA HD;230;AMC SERIES;SD;SERIES Y PELICULAS
PERU;PREPAGO;PREP. PLATA HD;231;TELEMUNDO;SD;TELENOVELAS
PERU;PREPAGO;PREP. PLATA HD;232;EL GOURMET;SD;GASTRONÓMICO
PERU;PREPAGO;PREP. PLATA HD;233;FOOD NETWORK;SD;GASTRONÓMICO
PERU;PREPAGO;PREP. PLATA HD;240;CARAS TV;SD;HOGAR Y VARIEDADES
PERU;PREPAGO;PREP. PLATA HD;264;MTV;SD;MUSICAL
PERU;PREPAGO;PREP. PLATA HD;269;QUIERO MÚSICA EN MI IDIOMA;SD;MUSICAL
PERU;PREPAGO;PREP. PLATA HD;304;CARTOON NETWORK;SD;INFANTIL
PERU;PREPAGO;PREP. PLATA HD;308;NICKELODEON;SD;INFANTIL
PERU;PREPAGO;PREP. PLATA HD;309;NICK JR.;SD;INFANTIL
PERU;PREPAGO;PREP. PLATA HD;312;DISNEY CHANNEL;SD;INFANTIL
PERU;PREPAGO;PREP. PLATA HD;315;DISNEY JUNIOR;SD;INFANTIL
PERU;PREPAGO;PREP. PLATA HD;317;BABY TV HD;SD;INFANTIL
PERU;PREPAGO;PREP. PLATA HD;318;PLIM PLIM;SD;INFANTIL
PERU;PREPAGO;PREP. PLATA HD;319;EL REINO INFANTIL;SD;INFANTIL
PERU;PREPAGO;PREP. PLATA HD;330;DISCOVERY KIDS;SD;INFANTIL
PERU;PREPAGO;PREP. PLATA HD;334;CARTOONITO;SD;INFANTIL
PERU;PREPAGO;PREP. PLATA HD;350;EWTN;SD;RELIGIOSO
PERU;PREPAGO;PREP. PLATA HD;352;TBN ENLACE;SD;RELIGIOSO
PERU;PREPAGO;PREP. PLATA HD;354;CANAL LUZ;SD;RELIGIOSO
PERU;PREPAGO;PREP. PLATA HD;502;TNT;SD;SERIES Y PELICULAS
PERU;PREPAGO;PREP. PLATA HD;503;GOLDEN;SD;SERIES Y PELICULAS
PERU;PREPAGO;PREP. PLATA HD;506;SONY MOVIES;SD;SERIES Y PELICULAS
PERU;PREPAGO;PREP. PLATA HD;507;CINECANAL;SD;SERIES Y PELICULAS
PERU;PREPAGO;PREP. PLATA HD;508;STUDIO UNIVERSAL;SD;SERIES Y PELICULAS
PERU;PREPAGO;PREP. PLATA HD;509;CINEMAX;SD;SERIES Y PELICULAS
PERU;PREPAGO;PREP. PLATA HD;510;MÓRBIDO TV;SD;SERIES Y PELICULAS
PERU;PREPAGO;PREP. PLATA HD;516;DE PELÍCULA;SD;SERIES Y PELICULAS
PERU;PREPAGO;PREP. PLATA HD;517;GOLDEN EDGE;SD;SERIES Y PELICULAS
PERU;PREPAGO;PREP. PLATA HD;518;SPACE;SD;SERIES Y PELICULAS
PERU;PREPAGO;PREP. PLATA HD;603;L1;SD;DEPORTES
PERU;PREPAGO;PREP. PLATA HD;604;L1M;SD;DEPORTES
PERU;PREPAGO;PREP. PLATA HD;610;DSPORTS;SD;DEPORTES
PERU;PREPAGO;PREP. PLATA HD;612;DSPORTS 2;SD;DEPORTES
PERU;PREPAGO;PREP. PLATA HD;613;DSPORTS +;SD;DEPORTES
PERU;PREPAGO;PREP. PLATA HD;621;ESPN;SD;DEPORTES
PERU;PREPAGO;PREP. PLATA HD;622;ESPN 2;SD;DEPORTES
PERU;PREPAGO;PREP. PLATA HD;623;ESPN 3;SD;DEPORTES
PERU;PREPAGO;PREP. PLATA HD;625;ESPN 5;SD;DEPORTES
PERU;PREPAGO;PREP. PLATA HD;626;ESPN 6;SD;DEPORTES
PERU;PREPAGO;PREP. PLATA HD;627;ESPN 7;SD;DEPORTES
PERU;PREPAGO;PREP. PLATA HD;700;DNEWS;SD;NOTICIAS
PERU;PREPAGO;PREP. PLATA HD;704;CNN EN ESPAÑOL;SD;NOTICIAS
PERU;PREPAGO;PREP. PLATA HD;706;CNN INTERNATIONAL;SD;NOTICIAS
PERU;PREPAGO;PREP. PLATA HD;716;TODO NOTICIAS;SD;NOTICIAS
PERU;PREPAGO;PREP. PLATA HD;720;26NOTICIAS;SD;NOTICIAS
PERU;PREPAGO;PREP. PLATA HD;726;CANAL RURAL;SD;EDUCATIVO
PERU;PREPAGO;PREP. PLATA HD;730;NATIONAL GEOGRAPHIC;SD;CIENCIA Y CULTURA
PERU;PREPAGO;PREP. PLATA HD;732;DISCOVERY;SD;CIENCIA Y CULTURA
PERU;PREPAGO;PREP. PLATA HD;734;ANIMAL PLANET;SD;CIENCIA Y CULTURA
PERU;PREPAGO;PREP. PLATA HD;740;TLC;SD;HOGAR Y VARIEDADES
PERU;PREPAGO;PREP. PLATA HD;742;HISTORY;SD;CIENCIA Y CULTURA
PERU;PREPAGO;PREP. PLATA HD;744;HISTORY 2;SD;CIENCIA Y CULTURA
PERU;PREPAGO;PREP. PLATA HD;760;UNIVISION;SD;NACIONAL
PERU;PREPAGO;PREP. PLATA HD;762;ANTENA 3;SD;NACIONAL
PERU;PREPAGO;PREP. PLATA HD;764;FRANCE 24;SD;NOTICIAS
PERU;PREPAGO;PREP. PLATA HD;784;EL TRECE;SD;NACIONAL
PERU;PREPAGO;PREP. PLATA HD;786;TELEFE INTERNACIONAL;SD;NACIONAL
PERU;PREPAGO;PREP. PLATA HD;790;CGTN ESPAÑOL;SD;NOTICIAS
PERU;PREPAGO;PREP. PLATA HD;804;ESCUELA+;SD;EDUCATIVO
PERU;PREPAGO;PREP. PLATA HD;901;DSPORTS RADIO;RADIO;DEPORTES
PERU;PREPAGO;PREP. PLATA HD;980;UNIÓN RADIO NOTICIAS;RADIO;AUDIO
PERU;PREPAGO;PREP. PLATA HD;982;RADIO CARACOL;RADIO;AUDIO
PERU;PREPAGO;PREP. PLATA HD;984;RADIO FRANCE INTERNACIONAL;RADIO;AUDIO
PERU;PREPAGO;PREP. PLATA HD;986;RADIO OXIGENO;RADIO;AUDIO
PERU;PREPAGO;PREP. PLATA HD;987;RADIO STUDIO 92;RADIO;AUDIO
PERU;PREPAGO;PREP. PLATA HD;988;RADIO MODA;RADIO;AUDIO
PERU;PREPAGO;PREP. PLATA HD;992;RADIO ALERTA BOGOTÁ;RADIO;AUDIO
PERU;PREPAGO;PREP. PLATA HD;993;RADIO W;RADIO;AUDIO
PERU;PREPAGO;PREP. PLATA HD;1127;DSHOW;HD;HOGAR Y VARIEDADES
PERU;PREPAGO;PREP. PLATA HD;1189;RPP;HD;NOTICIAS
PERU;PREPAGO;PREP. PLATA HD;1190;TV PERÚ NOTICIAS HD;HD;NOTICIAS
PERU;PREPAGO;PREP. PLATA HD;1191;WILLAX HD;HD;DEPORTES
PERU;PREPAGO;PREP. PLATA HD;1192;LATINA HD;HD;NACIONAL
PERU;PREPAGO;PREP. PLATA HD;1193;A LA COCINA;HD;GASTRONÓMICO
PERU;PREPAGO;PREP. PLATA HD;1194;AMÉRICA TELEVISION HD;HD;NACIONAL
PERU;PREPAGO;PREP. PLATA HD;1195;PANAMERICANA HD;HD;NACIONAL
PERU;PREPAGO;PREP. PLATA HD;1196;ATV+;HD;NOTICIAS
PERU;PREPAGO;PREP. PLATA HD;1197;TV PERÚ HD;HD;NACIONAL
PERU;PREPAGO;PREP. PLATA HD;1198;GLOBAL HD;HD;NACIONAL
PERU;PREPAGO;PREP. PLATA HD;1199;ATV9 HD;HD;NACIONAL
PERU;PREPAGO;PREP. PLATA HD;1204;STAR CHANNEL HD;HD;SERIES Y PELICULAS
PERU;PREPAGO;PREP. PLATA HD;1206;WARNER HD;HD;SERIES Y PELICULAS
PERU;PREPAGO;PREP. PLATA HD;1207;A&E MUNDO HD;HD;SERIES Y PELICULAS
PERU;PREPAGO;PREP. PLATA HD;1208;SONY HD;HD;SERIES Y PELICULAS
PERU;PREPAGO;PREP. PLATA HD;1209;AXN HD;HD;SERIES Y PELICULAS
PERU;PREPAGO;PREP. PLATA HD;1210;AMC HD;HD;SERIES Y PELICULAS
PERU;PREPAGO;PREP. PLATA HD;1213;TNT SERIES HD;HD;SERIES Y PELICULAS
PERU;PREPAGO;PREP. PLATA HD;1217;FX HD;HD;SERIES Y PELICULAS
PERU;PREPAGO;PREP. PLATA HD;1218;UNIVERSAL HD;HD;SERIES Y PELICULAS
PERU;PREPAGO;PREP. PLATA HD;1221;¡HOLA! TV HD;HD;HOGAR Y VARIEDADES
PERU;PREPAGO;PREP. PLATA HD;1222;E! HD;HD;HOGAR Y VARIEDADES
PERU;PREPAGO;PREP. PLATA HD;1223;ID HD;HD;CIENCIA Y CULTURA
PERU;PREPAGO;PREP. PLATA HD;1229;DISCOVERY HOME & HEALTH HD;HD;HOGAR Y VARIEDADES
PERU;PREPAGO;PREP. PLATA HD;1232;EL GOURMET;HD;GASTRONÓMICO
PERU;PREPAGO;PREP. PLATA HD;1233;FOOD NETWORK HD;HD;GASTRONÓMICO
PERU;PREPAGO;PREP. PLATA HD;1236;VEPLUS;HD;HOGAR Y VARIEDADES
PERU;PREPAGO;PREP. PLATA HD;1264;MTV HD;HD;MUSICAL
PERU;PREPAGO;PREP. PLATA HD;1265;MUSIC TOP HD;HD;MUSICAL
PERU;PREPAGO;PREP. PLATA HD;1266;TIERRA MÍA HD;HD;CIENCIA Y CULTURA
PERU;PREPAGO;PREP. PLATA HD;1273;INTI HD;HD;EDUCATIVO
PERU;PREPAGO;PREP. PLATA HD;1302;ESCUELA+;HD;EDUCATIVO
PERU;PREPAGO;PREP. PLATA HD;1304;CARTOON NETWORK HD;HD;INFANTIL
PERU;PREPAGO;PREP. PLATA HD;1308;NICKELODEON HD;HD;INFANTIL
PERU;PREPAGO;PREP. PLATA HD;1312;DISNEY CHANNEL HD;HD;INFANTIL
PERU;PREPAGO;PREP. PLATA HD;1315;DISNEY JUNIOR HD;HD;INFANTIL
PERU;PREPAGO;PREP. PLATA HD;1318;PLIM PLIM HD;HD;INFANTIL
PERU;PREPAGO;PREP. PLATA HD;1319;EL REINO INFANTIL HD;HD;INFANTIL
PERU;PREPAGO;PREP. PLATA HD;1330;DISCOVERY KIDS HD;HD;INFANTIL
PERU;PREPAGO;PREP. PLATA HD;1502;TNT HD;HD;SERIES Y PELICULAS
PERU;PREPAGO;PREP. PLATA HD;1503;GOLDEN HD;HD;SERIES Y PELICULAS
PERU;PREPAGO;PREP. PLATA HD;1506;SONY MOVIES;HD;SERIES Y PELICULAS
PERU;PREPAGO;PREP. PLATA HD;1507;CINECANAL HD;HD;SERIES Y PELICULAS
PERU;PREPAGO;PREP. PLATA HD;1508;STUDIO UNIVERSAL HD;HD;SERIES Y PELICULAS
PERU;PREPAGO;PREP. PLATA HD;1509;CINEMAX HD;HD;SERIES Y PELICULAS
PERU;PREPAGO;PREP. PLATA HD;1510;MÓRBIDO TV HD;HD;SERIES Y PELICULAS
PERU;PREPAGO;PREP. PLATA HD;1518;SPACE HD;HD;SERIES Y PELICULAS
PERU;PREPAGO;PREP. PLATA HD;1603;L1;HD;DEPORTES
PERU;PREPAGO;PREP. PLATA HD;1604;L1M;HD;DEPORTES
PERU;PREPAGO;PREP. PLATA HD;1610;DSPORTS HD;HD;DEPORTES
PERU;PREPAGO;PREP. PLATA HD;1612;DSPORTS 2 HD;HD;DEPORTES
PERU;PREPAGO;PREP. PLATA HD;1613;DSPORTS + HD;HD;DEPORTES
PERU;PREPAGO;PREP. PLATA HD;1621;ESPN HD;HD;DEPORTES
PERU;PREPAGO;PREP. PLATA HD;1622;ESPN 2 HD;HD;DEPORTES
PERU;PREPAGO;PREP. PLATA HD;1623;ESPN 3 HD;HD;DEPORTES
PERU;PREPAGO;PREP. PLATA HD;1624;ESPN 4 HD;HD;DEPORTES
PERU;PREPAGO;PREP. PLATA HD;1625;ESPN 5;HD;DEPORTES
PERU;PREPAGO;PREP. PLATA HD;1626;ESPN 6;HD;DEPORTES
PERU;PREPAGO;PREP. PLATA HD;1627;ESPN 7 HD;HD;DEPORTES
PERU;PREPAGO;PREP. PLATA HD;1700;DNEWS;HD;NOTICIAS
PERU;PREPAGO;PREP. PLATA HD;1730;NATIONAL GEOGRAPHIC HD;HD;CIENCIA Y CULTURA
PERU;PREPAGO;PREP. PLATA HD;1731;DISCOVERY THEATER HD;HD;CIENCIA Y CULTURA
PERU;PREPAGO;PREP. PLATA HD;1732;DISCOVERY HD;HD;CIENCIA Y CULTURA
PERU;PREPAGO;PREP. PLATA HD;1734;ANIMAL PLANET HD;HD;CIENCIA Y CULTURA
PERU;PREPAGO;PREP. PLATA HD;1740;TLC;HD;HOGAR Y VARIEDADES
PERU;PREPAGO;PREP. PLATA HD;1742;HISTORY HD;HD;CIENCIA Y CULTURA
PERU;PREPAGO;PREP. PLATA HD;1744;HISTORY 2 HD;HD;CIENCIA Y CULTURA
PERU;PREPAGO;PREP. PLATA HD;1762;ANTENA 3 HD;HD;NACIONAL
PERU;PREPAGO;PREP. PLATA HD;1764;FRANCE 24 HD;HD;NOTICIAS
PERU;PREPAGO;PREP. PLATA SD;100;CANAL 100;SD;INFORMATIVO
PERU;PREPAGO;PREP. PLATA SD;100;INFORMACIÓN DIRECTV;SD;INFORMATIVO
PERU;PREPAGO;PREP. PLATA SD;127;DSHOW;SD;HOGAR Y VARIEDADES
PERU;PREPAGO;PREP. PLATA SD;190;EXITOSA;SD;NOTICIAS
PERU;PREPAGO;PREP. PLATA SD;192;LATINA;SD;NACIONAL
PERU;PREPAGO;PREP. PLATA SD;193;EL CONGRESO;SD;INFORMATIVO
PERU;PREPAGO;PREP. PLATA SD;194;AMÉRICA TELEVISION;SD;NACIONAL
PERU;PREPAGO;PREP. PLATA SD;195;PANAMERICANA;SD;NACIONAL
PERU;PREPAGO;PREP. PLATA SD;196;ATV+;SD;NOTICIAS
PERU;PREPAGO;PREP. PLATA SD;197;TV PERÚ;SD;NACIONAL
PERU;PREPAGO;PREP. PLATA SD;198;GLOBAL;SD;NACIONAL
PERU;PREPAGO;PREP. PLATA SD;199;ATV;SD;NACIONAL
PERU;PREPAGO;PREP. PLATA SD;202;STAR CHANNEL;SD;SERIES Y PELICULAS
PERU;PREPAGO;PREP. PLATA SD;206;WARNER;SD;SERIES Y PELICULAS
PERU;PREPAGO;PREP. PLATA SD;207;A&E MUNDO;SD;SERIES Y PELICULAS
PERU;PREPAGO;PREP. PLATA SD;208;SONY;SD;SERIES Y PELICULAS
PERU;PREPAGO;PREP. PLATA SD;209;AXN;SD;SERIES Y PELICULAS
PERU;PREPAGO;PREP. PLATA SD;210;AMC;SD;SERIES Y PELICULAS
PERU;PREPAGO;PREP. PLATA SD;213;TNT SERIES;SD;SERIES Y PELICULAS
PERU;PREPAGO;PREP. PLATA SD;216;TNT NOVELAS;SD;TELENOVELAS
PERU;PREPAGO;PREP. PLATA SD;217;FX;SD;SERIES Y PELICULAS
PERU;PREPAGO;PREP. PLATA SD;218;UNIVERSAL;SD;SERIES Y PELICULAS
PERU;PREPAGO;PREP. PLATA SD;220;ADULT SWIM;SD;INFANTIL
PERU;PREPAGO;PREP. PLATA SD;221;¡HOLA! TV;SD;HOGAR Y VARIEDADES
PERU;PREPAGO;PREP. PLATA SD;222;E!;SD;HOGAR Y VARIEDADES
PERU;PREPAGO;PREP. PLATA SD;223;ID;SD;CIENCIA Y CULTURA
PERU;PREPAGO;PREP. PLATA SD;226;LAS ESTRELLAS;SD;NACIONAL
PERU;PREPAGO;PREP. PLATA SD;227;TL NOVELAS;SD;TELENOVELAS
PERU;PREPAGO;PREP. PLATA SD;229;DISCOVERY HOME & HEALTH;SD;HOGAR Y VARIEDADES
PERU;PREPAGO;PREP. PLATA SD;230;AMC SERIES;SD;SERIES Y PELICULAS
PERU;PREPAGO;PREP. PLATA SD;231;TELEMUNDO;SD;TELENOVELAS
PERU;PREPAGO;PREP. PLATA SD;232;EL GOURMET;SD;GASTRONÓMICO
PERU;PREPAGO;PREP. PLATA SD;233;FOOD NETWORK;SD;GASTRONÓMICO
PERU;PREPAGO;PREP. PLATA SD;240;CARAS TV;SD;HOGAR Y VARIEDADES
PERU;PREPAGO;PREP. PLATA SD;264;MTV;SD;MUSICAL
PERU;PREPAGO;PREP. PLATA SD;269;QUIERO MÚSICA EN MI IDIOMA;SD;MUSICAL
PERU;PREPAGO;PREP. PLATA SD;304;CARTOON NETWORK;SD;INFANTIL
PERU;PREPAGO;PREP. PLATA SD;308;NICKELODEON;SD;INFANTIL
PERU;PREPAGO;PREP. PLATA SD;309;NICK JR.;SD;INFANTIL
PERU;PREPAGO;PREP. PLATA SD;312;DISNEY CHANNEL;SD;INFANTIL
PERU;PREPAGO;PREP. PLATA SD;315;DISNEY JUNIOR;SD;INFANTIL
PERU;PREPAGO;PREP. PLATA SD;318;PLIM PLIM;SD;INFANTIL
PERU;PREPAGO;PREP. PLATA SD;319;EL REINO INFANTIL;SD;INFANTIL
PERU;PREPAGO;PREP. PLATA SD;330;DISCOVERY KIDS;SD;INFANTIL
PERU;PREPAGO;PREP. PLATA SD;334;CARTOONITO;SD;INFANTIL
PERU;PREPAGO;PREP. PLATA SD;350;EWTN;SD;RELIGIOSO
PERU;PREPAGO;PREP. PLATA SD;352;TBN ENLACE;SD;RELIGIOSO
PERU;PREPAGO;PREP. PLATA SD;354;CANAL LUZ;SD;RELIGIOSO
PERU;PREPAGO;PREP. PLATA SD;502;TNT;SD;SERIES Y PELICULAS
PERU;PREPAGO;PREP. PLATA SD;503;GOLDEN;SD;SERIES Y PELICULAS
PERU;PREPAGO;PREP. PLATA SD;506;SONY MOVIES;SD;SERIES Y PELICULAS
PERU;PREPAGO;PREP. PLATA SD;507;CINECANAL;SD;SERIES Y PELICULAS
PERU;PREPAGO;PREP. PLATA SD;508;STUDIO UNIVERSAL;SD;SERIES Y PELICULAS
PERU;PREPAGO;PREP. PLATA SD;509;CINEMAX;SD;SERIES Y PELICULAS
PERU;PREPAGO;PREP. PLATA SD;510;MÓRBIDO TV;SD;SERIES Y PELICULAS
PERU;PREPAGO;PREP. PLATA SD;516;DE PELÍCULA;SD;SERIES Y PELICULAS
PERU;PREPAGO;PREP. PLATA SD;517;GOLDEN EDGE;SD;SERIES Y PELICULAS
PERU;PREPAGO;PREP. PLATA SD;518;SPACE;SD;SERIES Y PELICULAS
PERU;PREPAGO;PREP. PLATA SD;603;L1;SD;DEPORTES
PERU;PREPAGO;PREP. PLATA SD;604;L1M;SD;DEPORTES
PERU;PREPAGO;PREP. PLATA SD;610;DSPORTS;SD;DEPORTES
PERU;PREPAGO;PREP. PLATA SD;612;DSPORTS 2;SD;DEPORTES
PERU;PREPAGO;PREP. PLATA SD;613;DSPORTS +;SD;DEPORTES
PERU;PREPAGO;PREP. PLATA SD;621;ESPN;SD;DEPORTES
PERU;PREPAGO;PREP. PLATA SD;622;ESPN 2;SD;DEPORTES
PERU;PREPAGO;PREP. PLATA SD;623;ESPN 3;SD;DEPORTES
PERU;PREPAGO;PREP. PLATA SD;625;ESPN 5;SD;DEPORTES
PERU;PREPAGO;PREP. PLATA SD;626;ESPN 6;SD;DEPORTES
PERU;PREPAGO;PREP. PLATA SD;627;ESPN 7;SD;DEPORTES
PERU;PREPAGO;PREP. PLATA SD;700;DNEWS;SD;NOTICIAS
PERU;PREPAGO;PREP. PLATA SD;704;CNN EN ESPAÑOL;SD;NOTICIAS
PERU;PREPAGO;PREP. PLATA SD;706;CNN INTERNATIONAL;SD;NOTICIAS
PERU;PREPAGO;PREP. PLATA SD;716;TODO NOTICIAS;SD;NOTICIAS
PERU;PREPAGO;PREP. PLATA SD;720;26NOTICIAS;SD;NOTICIAS
PERU;PREPAGO;PREP. PLATA SD;726;CANAL RURAL;SD;EDUCATIVO
PERU;PREPAGO;PREP. PLATA SD;730;NATIONAL GEOGRAPHIC;SD;CIENCIA Y CULTURA
PERU;PREPAGO;PREP. PLATA SD;732;DISCOVERY;SD;CIENCIA Y CULTURA
PERU;PREPAGO;PREP. PLATA SD;734;ANIMAL PLANET;SD;CIENCIA Y CULTURA
PERU;PREPAGO;PREP. PLATA SD;740;TLC;SD;HOGAR Y VARIEDADES
PERU;PREPAGO;PREP. PLATA SD;742;HISTORY;SD;CIENCIA Y CULTURA
PERU;PREPAGO;PREP. PLATA SD;744;HISTORY 2;SD;CIENCIA Y CULTURA
PERU;PREPAGO;PREP. PLATA SD;760;UNIVISION;SD;NACIONAL
PERU;PREPAGO;PREP. PLATA SD;762;ANTENA 3;SD;NACIONAL
PERU;PREPAGO;PREP. PLATA SD;764;FRANCE 24;SD;NOTICIAS
PERU;PREPAGO;PREP. PLATA SD;784;EL TRECE;SD;NACIONAL
PERU;PREPAGO;PREP. PLATA SD;786;TELEFE INTERNACIONAL;SD;NACIONAL
PERU;PREPAGO;PREP. PLATA SD;790;CGTN ESPAÑOL;SD;NOTICIAS
PERU;PREPAGO;PREP. PLATA SD;804;ESCUELA+;SD;EDUCATIVO
PERU;PREPAGO;PREP. PLATA SD;901;DSPORTS RADIO;RADIO;DEPORTES
PERU;PREPAGO;PREP. PLATA SD;980;UNIÓN RADIO NOTICIAS;RADIO;AUDIO
PERU;PREPAGO;PREP. PLATA SD;982;RADIO CARACOL;RADIO;AUDIO
PERU;PREPAGO;PREP. PLATA SD;984;RADIO FRANCE INTERNACIONAL;RADIO;AUDIO
PERU;PREPAGO;PREP. PLATA SD;986;RADIO OXIGENO;RADIO;AUDIO
PERU;PREPAGO;PREP. PLATA SD;987;RADIO STUDIO 92;RADIO;AUDIO
PERU;PREPAGO;PREP. PLATA SD;988;RADIO MODA;RADIO;AUDIO
PERU;PREPAGO;PREP. PLATA SD;992;RADIO ALERTA BOGOTÁ;RADIO;AUDIO
PERU;PREPAGO;PREP. PLATA SD;993;RADIO W;RADIO;AUDIO
PERU;PREPAGO;PREP. PLATA SD;1302;ESCUELA+;HD;EDUCATIVO
PERU;PREPAGO;PREPAGO BÁSCIO;100;CANAL 100;SD;INFORMATIVO
PERU;PREPAGO;PREPAGO BÁSCIO;100;INFORMACIÓN DIRECTV;SD;INFORMATIVO
PERU;PREPAGO;PREPAGO BÁSCIO;127;DSHOW;SD;HOGAR Y VARIEDADES
PERU;PREPAGO;PREPAGO BÁSCIO;190;EXITOSA;SD;NOTICIAS
PERU;PREPAGO;PREPAGO BÁSCIO;192;LATINA;SD;NACIONAL
PERU;PREPAGO;PREPAGO BÁSCIO;193;EL CONGRESO;SD;INFORMATIVO
PERU;PREPAGO;PREPAGO BÁSCIO;194;AMÉRICA TELEVISION;SD;NACIONAL
PERU;PREPAGO;PREPAGO BÁSCIO;195;PANAMERICANA;SD;NACIONAL
PERU;PREPAGO;PREPAGO BÁSCIO;196;ATV+;SD;NOTICIAS
PERU;PREPAGO;PREPAGO BÁSCIO;197;TV PERÚ;SD;NACIONAL
PERU;PREPAGO;PREPAGO BÁSCIO;198;GLOBAL;SD;NACIONAL
PERU;PREPAGO;PREPAGO BÁSCIO;199;ATV;SD;NACIONAL
PERU;PREPAGO;PREPAGO BÁSCIO;202;STAR CHANNEL;SD;SERIES Y PELICULAS
PERU;PREPAGO;PREPAGO BÁSCIO;206;WARNER;SD;SERIES Y PELICULAS
PERU;PREPAGO;PREPAGO BÁSCIO;207;A&E MUNDO;SD;SERIES Y PELICULAS
PERU;PREPAGO;PREPAGO BÁSCIO;208;SONY;SD;SERIES Y PELICULAS
PERU;PREPAGO;PREPAGO BÁSCIO;217;FX;SD;SERIES Y PELICULAS
PERU;PREPAGO;PREPAGO BÁSCIO;218;UNIVERSAL;SD;SERIES Y PELICULAS
PERU;PREPAGO;PREPAGO BÁSCIO;221;¡HOLA! TV;SD;HOGAR Y VARIEDADES
PERU;PREPAGO;PREPAGO BÁSCIO;222;E!;SD;HOGAR Y VARIEDADES
PERU;PREPAGO;PREPAGO BÁSCIO;230;AMC SERIES;SD;SERIES Y PELICULAS
PERU;PREPAGO;PREPAGO BÁSCIO;231;TELEMUNDO;SD;TELENOVELAS
PERU;PREPAGO;PREPAGO BÁSCIO;240;CARAS TV;SD;HOGAR Y VARIEDADES
PERU;PREPAGO;PREPAGO BÁSCIO;264;MTV;SD;MUSICAL
PERU;PREPAGO;PREPAGO BÁSCIO;304;CARTOON NETWORK;SD;INFANTIL
PERU;PREPAGO;PREPAGO BÁSCIO;308;NICKELODEON;SD;INFANTIL
PERU;PREPAGO;PREPAGO BÁSCIO;312;DISNEY CHANNEL;SD;INFANTIL
PERU;PREPAGO;PREPAGO BÁSCIO;315;DISNEY JUNIOR;SD;INFANTIL
PERU;PREPAGO;PREPAGO BÁSCIO;318;PLIM PLIM;SD;INFANTIL
PERU;PREPAGO;PREPAGO BÁSCIO;319;EL REINO INFANTIL;SD;INFANTIL
PERU;PREPAGO;PREPAGO BÁSCIO;330;DISCOVERY KIDS;SD;INFANTIL
PERU;PREPAGO;PREPAGO BÁSCIO;350;EWTN;SD;RELIGIOSO
PERU;PREPAGO;PREPAGO BÁSCIO;352;TBN ENLACE;SD;RELIGIOSO
PERU;PREPAGO;PREPAGO BÁSCIO;354;CANAL LUZ;SD;RELIGIOSO
PERU;PREPAGO;PREPAGO BÁSCIO;502;TNT;SD;SERIES Y PELICULAS
PERU;PREPAGO;PREPAGO BÁSCIO;507;CINECANAL;SD;SERIES Y PELICULAS
PERU;PREPAGO;PREPAGO BÁSCIO;508;STUDIO UNIVERSAL;SD;SERIES Y PELICULAS
PERU;PREPAGO;PREPAGO BÁSCIO;510;MÓRBIDO TV;SD;SERIES Y PELICULAS
PERU;PREPAGO;PREPAGO BÁSCIO;603;L1;SD;DEPORTES
PERU;PREPAGO;PREPAGO BÁSCIO;604;L1M;SD;DEPORTES
PERU;PREPAGO;PREPAGO BÁSCIO;610;DSPORTS;SD;DEPORTES
PERU;PREPAGO;PREPAGO BÁSCIO;612;DSPORTS 2;SD;DEPORTES
PERU;PREPAGO;PREPAGO BÁSCIO;613;DSPORTS +;SD;DEPORTES
PERU;PREPAGO;PREPAGO BÁSCIO;621;ESPN;SD;DEPORTES
PERU;PREPAGO;PREPAGO BÁSCIO;622;ESPN 2;SD;DEPORTES
PERU;PREPAGO;PREPAGO BÁSCIO;623;ESPN 3;SD;DEPORTES
PERU;PREPAGO;PREPAGO BÁSCIO;625;ESPN 5;SD;DEPORTES
PERU;PREPAGO;PREPAGO BÁSCIO;626;ESPN 6;SD;DEPORTES
PERU;PREPAGO;PREPAGO BÁSCIO;627;ESPN 7;SD;DEPORTES
PERU;PREPAGO;PREPAGO BÁSCIO;700;DNEWS;SD;NOTICIAS
PERU;PREPAGO;PREPAGO BÁSCIO;704;CNN EN ESPAÑOL;SD;NOTICIAS
PERU;PREPAGO;PREPAGO BÁSCIO;726;CANAL RURAL;SD;EDUCATIVO
PERU;PREPAGO;PREPAGO BÁSCIO;730;NATIONAL GEOGRAPHIC;SD;CIENCIA Y CULTURA
PERU;PREPAGO;PREPAGO BÁSCIO;732;DISCOVERY;SD;CIENCIA Y CULTURA
PERU;PREPAGO;PREPAGO BÁSCIO;734;ANIMAL PLANET;SD;CIENCIA Y CULTURA
PERU;PREPAGO;PREPAGO BÁSCIO;764;FRANCE 24;SD;NOTICIAS
PERU;PREPAGO;PREPAGO BÁSCIO;790;CGTN ESPAÑOL;SD;NOTICIAS
PERU;PREPAGO;PREPAGO BÁSCIO;804;ESCUELA+;SD;EDUCATIVO
PERU;PREPAGO;PREPAGO BÁSCIO;901;DSPORTS RADIO;RADIO;DEPORTES
PERU;PREPAGO;PREPAGO BÁSCIO;980;UNIÓN RADIO NOTICIAS;RADIO;AUDIO
PERU;PREPAGO;PREPAGO BÁSCIO;982;RADIO CARACOL;RADIO;AUDIO
PERU;PREPAGO;PREPAGO BÁSCIO;984;RADIO FRANCE INTERNACIONAL;RADIO;AUDIO
PERU;PREPAGO;PREPAGO BÁSCIO;986;RADIO OXIGENO;RADIO;AUDIO
PERU;PREPAGO;PREPAGO BÁSCIO;987;RADIO STUDIO 92;RADIO;AUDIO
PERU;PREPAGO;PREPAGO BÁSCIO;988;RADIO MODA;RADIO;AUDIO
PERU;PREPAGO;PREPAGO BÁSCIO;992;RADIO ALERTA BOGOTÁ;RADIO;AUDIO
PERU;PREPAGO;PREPAGO BÁSCIO;993;RADIO W;RADIO;AUDIO
PERU;PREPAGO;PREPAGO FAMILIAR;100;CANAL 100;SD;INFORMATIVO
PERU;PREPAGO;PREPAGO FAMILIAR;100;INFORMACIÓN DIRECTV;SD;INFORMATIVO
PERU;PREPAGO;PREPAGO FAMILIAR;127;DSHOW;SD;HOGAR Y VARIEDADES
PERU;PREPAGO;PREPAGO FAMILIAR;190;EXITOSA;SD;NOTICIAS
PERU;PREPAGO;PREPAGO FAMILIAR;192;LATINA;SD;NACIONAL
PERU;PREPAGO;PREPAGO FAMILIAR;193;EL CONGRESO;SD;INFORMATIVO
PERU;PREPAGO;PREPAGO FAMILIAR;194;AMÉRICA TELEVISION;SD;NACIONAL
PERU;PREPAGO;PREPAGO FAMILIAR;195;PANAMERICANA;SD;NACIONAL
PERU;PREPAGO;PREPAGO FAMILIAR;196;ATV+;SD;NOTICIAS
PERU;PREPAGO;PREPAGO FAMILIAR;197;TV PERÚ;SD;NACIONAL
PERU;PREPAGO;PREPAGO FAMILIAR;198;GLOBAL;SD;NACIONAL
PERU;PREPAGO;PREPAGO FAMILIAR;199;ATV;SD;NACIONAL
PERU;PREPAGO;PREPAGO FAMILIAR;202;STAR CHANNEL;SD;SERIES Y PELICULAS
PERU;PREPAGO;PREPAGO FAMILIAR;206;WARNER;SD;SERIES Y PELICULAS
PERU;PREPAGO;PREPAGO FAMILIAR;207;A&E MUNDO;SD;SERIES Y PELICULAS
PERU;PREPAGO;PREPAGO FAMILIAR;208;SONY;SD;SERIES Y PELICULAS
PERU;PREPAGO;PREPAGO FAMILIAR;217;FX;SD;SERIES Y PELICULAS
PERU;PREPAGO;PREPAGO FAMILIAR;218;UNIVERSAL;SD;SERIES Y PELICULAS
PERU;PREPAGO;PREPAGO FAMILIAR;221;¡HOLA! TV;SD;HOGAR Y VARIEDADES
PERU;PREPAGO;PREPAGO FAMILIAR;222;E!;SD;HOGAR Y VARIEDADES
PERU;PREPAGO;PREPAGO FAMILIAR;226;LAS ESTRELLAS;SD;NACIONAL
PERU;PREPAGO;PREPAGO FAMILIAR;227;TL NOVELAS;SD;TELENOVELAS
PERU;PREPAGO;PREPAGO FAMILIAR;230;AMC SERIES;SD;SERIES Y PELICULAS
PERU;PREPAGO;PREPAGO FAMILIAR;231;TELEMUNDO;SD;TELENOVELAS
PERU;PREPAGO;PREPAGO FAMILIAR;240;CARAS TV;SD;HOGAR Y VARIEDADES
PERU;PREPAGO;PREPAGO FAMILIAR;264;MTV;SD;MUSICAL
PERU;PREPAGO;PREPAGO FAMILIAR;304;CARTOON NETWORK;SD;INFANTIL
PERU;PREPAGO;PREPAGO FAMILIAR;308;NICKELODEON;SD;INFANTIL
PERU;PREPAGO;PREPAGO FAMILIAR;312;DISNEY CHANNEL;SD;INFANTIL
PERU;PREPAGO;PREPAGO FAMILIAR;315;DISNEY JUNIOR;SD;INFANTIL
PERU;PREPAGO;PREPAGO FAMILIAR;318;PLIM PLIM;SD;INFANTIL
PERU;PREPAGO;PREPAGO FAMILIAR;319;EL REINO INFANTIL;SD;INFANTIL
PERU;PREPAGO;PREPAGO FAMILIAR;330;DISCOVERY KIDS;SD;INFANTIL
PERU;PREPAGO;PREPAGO FAMILIAR;350;EWTN;SD;RELIGIOSO
PERU;PREPAGO;PREPAGO FAMILIAR;352;TBN ENLACE;SD;RELIGIOSO
PERU;PREPAGO;PREPAGO FAMILIAR;354;CANAL LUZ;SD;RELIGIOSO
PERU;PREPAGO;PREPAGO FAMILIAR;502;TNT;SD;SERIES Y PELICULAS
PERU;PREPAGO;PREPAGO FAMILIAR;507;CINECANAL;SD;SERIES Y PELICULAS
PERU;PREPAGO;PREPAGO FAMILIAR;508;STUDIO UNIVERSAL;SD;SERIES Y PELICULAS
PERU;PREPAGO;PREPAGO FAMILIAR;510;MÓRBIDO TV;SD;SERIES Y PELICULAS
PERU;PREPAGO;PREPAGO FAMILIAR;603;L1;SD;DEPORTES
PERU;PREPAGO;PREPAGO FAMILIAR;604;L1M;SD;DEPORTES
PERU;PREPAGO;PREPAGO FAMILIAR;610;DSPORTS;SD;DEPORTES
PERU;PREPAGO;PREPAGO FAMILIAR;612;DSPORTS 2;SD;DEPORTES
PERU;PREPAGO;PREPAGO FAMILIAR;613;DSPORTS +;SD;DEPORTES
PERU;PREPAGO;PREPAGO FAMILIAR;621;ESPN;SD;DEPORTES
PERU;PREPAGO;PREPAGO FAMILIAR;622;ESPN 2;SD;DEPORTES
PERU;PREPAGO;PREPAGO FAMILIAR;623;ESPN 3;SD;DEPORTES
PERU;PREPAGO;PREPAGO FAMILIAR;625;ESPN 5;SD;DEPORTES
PERU;PREPAGO;PREPAGO FAMILIAR;626;ESPN 6;SD;DEPORTES
PERU;PREPAGO;PREPAGO FAMILIAR;627;ESPN 7;SD;DEPORTES
PERU;PREPAGO;PREPAGO FAMILIAR;700;DNEWS;SD;NOTICIAS
PERU;PREPAGO;PREPAGO FAMILIAR;704;CNN EN ESPAÑOL;SD;NOTICIAS
PERU;PREPAGO;PREPAGO FAMILIAR;726;CANAL RURAL;SD;EDUCATIVO
PERU;PREPAGO;PREPAGO FAMILIAR;730;NATIONAL GEOGRAPHIC;SD;CIENCIA Y CULTURA
PERU;PREPAGO;PREPAGO FAMILIAR;732;DISCOVERY;SD;CIENCIA Y CULTURA
PERU;PREPAGO;PREPAGO FAMILIAR;734;ANIMAL PLANET;SD;CIENCIA Y CULTURA
PERU;PREPAGO;PREPAGO FAMILIAR;764;FRANCE 24;SD;NOTICIAS
PERU;PREPAGO;PREPAGO FAMILIAR;790;CGTN ESPAÑOL;SD;NOTICIAS
PERU;PREPAGO;PREPAGO FAMILIAR;804;ESCUELA+;SD;EDUCATIVO
PERU;PREPAGO;PREPAGO FAMILIAR;901;DSPORTS RADIO;RADIO;DEPORTES
PERU;PREPAGO;PREPAGO FAMILIAR;980;UNIÓN RADIO NOTICIAS;RADIO;AUDIO
PERU;PREPAGO;PREPAGO FAMILIAR;982;RADIO CARACOL;RADIO;AUDIO
PERU;PREPAGO;PREPAGO FAMILIAR;984;RADIO FRANCE INTERNACIONAL;RADIO;AUDIO
PERU;PREPAGO;PREPAGO FAMILIAR;986;RADIO OXIGENO;RADIO;AUDIO
PERU;PREPAGO;PREPAGO FAMILIAR;987;RADIO STUDIO 92;RADIO;AUDIO
PERU;PREPAGO;PREPAGO FAMILIAR;988;RADIO MODA;RADIO;AUDIO
PERU;PREPAGO;PREPAGO FAMILIAR;992;RADIO ALERTA BOGOTÁ;RADIO;AUDIO
PERU;PREPAGO;PREPAGO FAMILIAR;993;RADIO W;RADIO;AUDIO
PERU;PREPAGO;PREPAGO FAMILIAR MOVIE;100;CANAL 100;SD;INFORMATIVO
PERU;PREPAGO;PREPAGO FAMILIAR MOVIE;100;INFORMACIÓN DIRECTV;SD;INFORMATIVO
PERU;PREPAGO;PREPAGO FAMILIAR MOVIE;127;DSHOW;SD;HOGAR Y VARIEDADES
PERU;PREPAGO;PREPAGO FAMILIAR MOVIE;190;EXITOSA;SD;NOTICIAS
PERU;PREPAGO;PREPAGO FAMILIAR MOVIE;192;LATINA;SD;NACIONAL
PERU;PREPAGO;PREPAGO FAMILIAR MOVIE;193;EL CONGRESO;SD;INFORMATIVO
PERU;PREPAGO;PREPAGO FAMILIAR MOVIE;194;AMÉRICA TELEVISION;SD;NACIONAL
PERU;PREPAGO;PREPAGO FAMILIAR MOVIE;195;PANAMERICANA;SD;NACIONAL
PERU;PREPAGO;PREPAGO FAMILIAR MOVIE;196;ATV+;SD;NOTICIAS
PERU;PREPAGO;PREPAGO FAMILIAR MOVIE;197;TV PERÚ;SD;NACIONAL
PERU;PREPAGO;PREPAGO FAMILIAR MOVIE;198;GLOBAL;SD;NACIONAL
PERU;PREPAGO;PREPAGO FAMILIAR MOVIE;199;ATV;SD;NACIONAL
PERU;PREPAGO;PREPAGO FAMILIAR MOVIE;202;STAR CHANNEL;SD;SERIES Y PELICULAS
PERU;PREPAGO;PREPAGO FAMILIAR MOVIE;206;WARNER;SD;SERIES Y PELICULAS
PERU;PREPAGO;PREPAGO FAMILIAR MOVIE;207;A&E MUNDO;SD;SERIES Y PELICULAS
PERU;PREPAGO;PREPAGO FAMILIAR MOVIE;208;SONY;SD;SERIES Y PELICULAS
PERU;PREPAGO;PREPAGO FAMILIAR MOVIE;217;FX;SD;SERIES Y PELICULAS
PERU;PREPAGO;PREPAGO FAMILIAR MOVIE;218;UNIVERSAL;SD;SERIES Y PELICULAS
PERU;PREPAGO;PREPAGO FAMILIAR MOVIE;221;¡HOLA! TV;SD;HOGAR Y VARIEDADES
PERU;PREPAGO;PREPAGO FAMILIAR MOVIE;222;E!;SD;HOGAR Y VARIEDADES
PERU;PREPAGO;PREPAGO FAMILIAR MOVIE;230;AMC SERIES;SD;SERIES Y PELICULAS
PERU;PREPAGO;PREPAGO FAMILIAR MOVIE;231;TELEMUNDO;SD;TELENOVELAS
PERU;PREPAGO;PREPAGO FAMILIAR MOVIE;240;CARAS TV;SD;HOGAR Y VARIEDADES
PERU;PREPAGO;PREPAGO FAMILIAR MOVIE;264;MTV;SD;MUSICAL
PERU;PREPAGO;PREPAGO FAMILIAR MOVIE;304;CARTOON NETWORK;SD;INFANTIL
PERU;PREPAGO;PREPAGO FAMILIAR MOVIE;308;NICKELODEON;SD;INFANTIL
PERU;PREPAGO;PREPAGO FAMILIAR MOVIE;312;DISNEY CHANNEL;SD;INFANTIL
PERU;PREPAGO;PREPAGO FAMILIAR MOVIE;315;DISNEY JUNIOR;SD;INFANTIL
PERU;PREPAGO;PREPAGO FAMILIAR MOVIE;318;PLIM PLIM;SD;INFANTIL
PERU;PREPAGO;PREPAGO FAMILIAR MOVIE;319;EL REINO INFANTIL;SD;INFANTIL
PERU;PREPAGO;PREPAGO FAMILIAR MOVIE;330;DISCOVERY KIDS;SD;INFANTIL
PERU;PREPAGO;PREPAGO FAMILIAR MOVIE;350;EWTN;SD;RELIGIOSO
PERU;PREPAGO;PREPAGO FAMILIAR MOVIE;352;TBN ENLACE;SD;RELIGIOSO
PERU;PREPAGO;PREPAGO FAMILIAR MOVIE;354;CANAL LUZ;SD;RELIGIOSO
PERU;PREPAGO;PREPAGO FAMILIAR MOVIE;502;TNT;SD;SERIES Y PELICULAS
PERU;PREPAGO;PREPAGO FAMILIAR MOVIE;507;CINECANAL;SD;SERIES Y PELICULAS
PERU;PREPAGO;PREPAGO FAMILIAR MOVIE;508;STUDIO UNIVERSAL;SD;SERIES Y PELICULAS
PERU;PREPAGO;PREPAGO FAMILIAR MOVIE;510;MÓRBIDO TV;SD;SERIES Y PELICULAS
PERU;PREPAGO;PREPAGO FAMILIAR MOVIE;603;L1;SD;DEPORTES
PERU;PREPAGO;PREPAGO FAMILIAR MOVIE;604;L1M;SD;DEPORTES
PERU;PREPAGO;PREPAGO FAMILIAR MOVIE;610;DSPORTS;SD;DEPORTES
PERU;PREPAGO;PREPAGO FAMILIAR MOVIE;612;DSPORTS 2;SD;DEPORTES
PERU;PREPAGO;PREPAGO FAMILIAR MOVIE;613;DSPORTS +;SD;DEPORTES
PERU;PREPAGO;PREPAGO FAMILIAR MOVIE;621;ESPN;SD;DEPORTES
PERU;PREPAGO;PREPAGO FAMILIAR MOVIE;622;ESPN 2;SD;DEPORTES
PERU;PREPAGO;PREPAGO FAMILIAR MOVIE;623;ESPN 3;SD;DEPORTES
PERU;PREPAGO;PREPAGO FAMILIAR MOVIE;625;ESPN 5;SD;DEPORTES
PERU;PREPAGO;PREPAGO FAMILIAR MOVIE;626;ESPN 6;SD;DEPORTES
PERU;PREPAGO;PREPAGO FAMILIAR MOVIE;627;ESPN 7;SD;DEPORTES
PERU;PREPAGO;PREPAGO FAMILIAR MOVIE;700;DNEWS;SD;NOTICIAS
PERU;PREPAGO;PREPAGO FAMILIAR MOVIE;704;CNN EN ESPAÑOL;SD;NOTICIAS
PERU;PREPAGO;PREPAGO FAMILIAR MOVIE;726;CANAL RURAL;SD;EDUCATIVO
PERU;PREPAGO;PREPAGO FAMILIAR MOVIE;730;NATIONAL GEOGRAPHIC;SD;CIENCIA Y CULTURA
PERU;PREPAGO;PREPAGO FAMILIAR MOVIE;732;DISCOVERY;SD;CIENCIA Y CULTURA
PERU;PREPAGO;PREPAGO FAMILIAR MOVIE;734;ANIMAL PLANET;SD;CIENCIA Y CULTURA
PERU;PREPAGO;PREPAGO FAMILIAR MOVIE;764;FRANCE 24;SD;NOTICIAS
PERU;PREPAGO;PREPAGO FAMILIAR MOVIE;790;CGTN ESPAÑOL;SD;NOTICIAS
PERU;PREPAGO;PREPAGO FAMILIAR MOVIE;804;ESCUELA+;SD;EDUCATIVO
PERU;PREPAGO;PREPAGO FAMILIAR MOVIE;901;DSPORTS RADIO;RADIO;DEPORTES
PERU;PREPAGO;PREPAGO FAMILIAR MOVIE;980;UNIÓN RADIO NOTICIAS;RADIO;AUDIO
PERU;PREPAGO;PREPAGO FAMILIAR MOVIE;982;RADIO CARACOL;RADIO;AUDIO
PERU;PREPAGO;PREPAGO FAMILIAR MOVIE;984;RADIO FRANCE INTERNACIONAL;RADIO;AUDIO
PERU;PREPAGO;PREPAGO FAMILIAR MOVIE;986;RADIO OXIGENO;RADIO;AUDIO
PERU;PREPAGO;PREPAGO FAMILIAR MOVIE;987;RADIO STUDIO 92;RADIO;AUDIO
PERU;PREPAGO;PREPAGO FAMILIAR MOVIE;988;RADIO MODA;RADIO;AUDIO
PERU;PREPAGO;PREPAGO FAMILIAR MOVIE;992;RADIO ALERTA BOGOTÁ;RADIO;AUDIO
PERU;PREPAGO;PREPAGO FAMILIAR MOVIE;993;RADIO W;RADIO;AUDIO
PERU;PREPAGO;PREPAGO HBO MAX HD;524;HBO;SD;SERIES Y PELICULAS
PERU;PREPAGO;PREPAGO HBO MAX HD;525;HBO 2;SD;SERIES Y PELICULAS
PERU;PREPAGO;PREPAGO HBO MAX HD;526;HBO PLUS;SD;SERIES Y PELICULAS
PERU;PREPAGO;PREPAGO HBO MAX HD;528;HBO SIGNATURE;SD;SERIES Y PELICULAS
PERU;PREPAGO;PREPAGO HBO MAX HD;534;HBO FAMILY;SD;SERIES Y PELICULAS
PERU;PREPAGO;PREPAGO HBO MAX HD;540;HBO MUNDI;SD;SERIES Y PELICULAS
PERU;PREPAGO;PREPAGO HBO MAX HD;541;HBO POP;SD;SERIES Y PELICULAS
PERU;PREPAGO;PREPAGO HBO MAX HD;542;HBO XTREME;SD;SERIES Y PELICULAS
PERU;PREPAGO;PREPAGO HBO MAX HD;1524;HBO HD;HD;SERIES Y PELICULAS
PERU;PREPAGO;PREPAGO HBO MAX HD;1525;HBO 2 HD;HD;SERIES Y PELICULAS
PERU;PREPAGO;PREPAGO HBO MAX HD;1528;HBO SIGNATURE HD;HD;SERIES Y PELICULAS
PERU;PREPAGO;PREPAGO HBO MAX HD;1532;HBO PLUS HD;HD;SERIES Y PELICULAS
PERU;PREPAGO;PREPAGO HBO MAX HD;1534;HBO FAMILY HD;HD;SERIES Y PELICULAS
PERU;PREPAGO;PREPAGO HBO MAX HD;1542;HBO XTREME HD;HD;SERIES Y PELICULAS
PERU;PREPAGO;PREPAGO HOTPACK;464;PLAYBOY TV;SD;ADULTOS
PERU;PREPAGO;PREPAGO HOTPACK;468;VENUS;SD;ADULTOS
PERU;PREPAGO;UNIVERSAL+;571;UNIVERSAL PREMIERE ESTE;SD;SERIES Y PELICULAS
PERU;PREPAGO;UNIVERSAL+;572;UNIVERSAL CINEMA;SD;SERIES Y PELICULAS
PERU;PREPAGO;UNIVERSAL+;573;UNIVERSAL COMEDY;SD;SERIES Y PELICULAS
PERU;PREPAGO;UNIVERSAL+;574;UNIVERSAL CRIME ESTE;SD;SERIES Y PELICULAS
PERU;PREPAGO;UNIVERSAL+;575;UNIVERSAL REALITY;SD;HOGAR Y VARIEDADES
PERU;PREPAGO;UNIVERSAL+;576;UNIVERSAL PREMIERE OESTE;SD;SERIES Y PELICULAS
PERU;PREPAGO;UNIVERSAL+;577;UNIVERSAL CINEMA OESTE;SD;SERIES Y PELICULAS
PERU;PREPAGO;UNIVERSAL+;1571;UNIVERSAL PREMIERE ESTE;HD;SERIES Y PELICULAS
PERU;PREPAGO;UNIVERSAL+;1572;UNIVERSAL CINEMA;HD;SERIES Y PELICULAS
PERU;PREPAGO;UNIVERSAL+;1573;UNIVERSAL COMEDY;HD;SERIES Y PELICULAS
PERU;PREPAGO;UNIVERSAL+;1574;UNIVERSAL CRIME ESTE;HD;SERIES Y PELICULAS
PERU;PREPAGO;UNIVERSAL+;1575;UNIVERSAL REALITY;HD;HOGAR Y VARIEDADES
PERU;PREPAGO;UNIVERSAL+;1576;UNIVERSAL PREMIERE OESTE;HD;SERIES Y PELICULAS
PERU;PREPAGO;UNIVERSAL+;1577;UNIVERSAL CINEMA OESTE;HD;SERIES Y PELICULAS
