Pais;Cliente;Pacote;VC;Canal;Tecnología;Categoría;Disponibilidad
Barbados;Pospago;A La Carta;776;Globo Internacional;SD;Nacional;Si
Barbados;Pospago;Bronze;131;CNC3;SD;Noticias;Si
Barbados;Pospago;Bronze;201;OnDIRECTV;SD;Hogar Y Variedades;Si
Barbados;Pospago;Bronze;202;Star Channel;SD;Series Y Peliculas;Si
Barbados;Pospago;Bronze;203;GSN;SD;Hogar Y Variedades;Si
Barbados;Pospago;Bronze;206;Warner Channel;SD;Series Y Peliculas;Si
Barbados;Pospago;Bronze;207;A&E LA;SD;Series Y Peliculas;Si
Barbados;Pospago;Bronze;208;Sony East;SD;Series Y Peliculas;Si
Barbados;Pospago;Bronze;209;AXN;SD;Series Y Peliculas;Si
Barbados;Pospago;Bronze;210;AMC LA;SD;Series Y Peliculas;Si
Barbados;Pospago;Bronze;216;TeenNick;SD;Infantil;Si
Barbados;Pospago;Bronze;217;FX;SD;Series Y Peliculas;Si
Barbados;Pospago;Bronze;218;Universal TV;SD;Series Y Peliculas;Si
Barbados;Pospago;Bronze;219;USA Network;SD;Series Y Peliculas;Si
Barbados;Pospago;Bronze;220;Adult Swim;SD;Infantil;Si
Barbados;Pospago;Bronze;222;E! Entertainment;SD;Hogar Y Variedades;Si
Barbados;Pospago;Bronze;223;Investigation Discovery (ID);SD;Ciencia Y Cultura;Si
Barbados;Pospago;Bronze;228;Lifetime LA;SD;Series Y Peliculas;Si
Barbados;Pospago;Bronze;229;Discovery Home & Health;SD;Hogar Y Variedades;Si
Barbados;Pospago;Bronze;233;Food Network US;SD;Gastronómico;Si
Barbados;Pospago;Bronze;250;HGTV US;SD;Hogar Y Variedades;Si
Barbados;Pospago;Bronze;253;BET;SD;Hogar Y Variedades;Si
Barbados;Pospago;Bronze;264;MTV LA;SD;Musical;Si
Barbados;Pospago;Bronze;304;Cartoon Network;SD;Infantil;Si
Barbados;Pospago;Bronze;314;Disney Channel;SD;Infantil;Si
Barbados;Pospago;Bronze;315;Disney Junior;SD;Infantil;Si
Barbados;Pospago;Bronze;321;ZooMoo;SD;Infantil;Si
Barbados;Pospago;Bronze;330;Discovery Kids;SD;Infantil;Si
Barbados;Pospago;Bronze;334;Cartoonito;SD;Infantil;Si
Barbados;Pospago;Bronze;502;TNT;SD;Series Y Peliculas;Si
Barbados;Pospago;Bronze;507;Cinecanal;SD;Series Y Peliculas;Si
Barbados;Pospago;Bronze;508;Studio Universal;SD;Series Y Peliculas;Si
Barbados;Pospago;Bronze;510;Paramount Channel;SD;Series Y Peliculas;Si
Barbados;Pospago;Bronze;518;Space;SD;Series Y Peliculas;Si
Barbados;Pospago;Bronze;600;DSports Portal;SD;Deportes;Si
Barbados;Pospago;Bronze;610;Dsports;SD;Deportes;Si
Barbados;Pospago;Bronze;612;DSports 2;SD;Deportes;Si
Barbados;Pospago;Bronze;620;DSports Fight;SD;Deportes;Si
Barbados;Pospago;Bronze;621;ESPN Caribbean;SD;Deportes;Si
Barbados;Pospago;Bronze;622;ESPN 2 Caribbean;SD;Deportes;Si
Barbados;Pospago;Bronze;628;The Golf Channel LA;SD;Deportes;Si
Barbados;Pospago;Bronze;667;Flow Sports Network;SD;Deportes;Si
Barbados;Pospago;Bronze;702;CNN;SD;Noticias;Si
Barbados;Pospago;Bronze;706;CNN International;SD;Noticias;Si
Barbados;Pospago;Bronze;710;Bloomberg;SD;Noticias;Si
Barbados;Pospago;Bronze;730;National Geographic;SD;Ciencia Y Cultura;Si
Barbados;Pospago;Bronze;732;Discovery Channel;SD;Ciencia Y Cultura;Si
Barbados;Pospago;Bronze;734;Animal Planet;SD;Ciencia Y Cultura;Si
Barbados;Pospago;Bronze;740;Discovery Travel & Living Channel (TLC);SD;Hogar Y Variedades;Si
Barbados;Pospago;Bronze;742;History Channel LA;SD;Ciencia Y Cultura;Si
Barbados;Pospago;Bronze;744;History 2 LA;SD;Ciencia Y Cultura;Si
Barbados;Pospago;Bronze;746;Film & Arts;SD;Ciencia Y Cultura;Si
Barbados;Pospago;Bronze;768;BBC News;SD;Informativo;Si
Barbados;Pospago;Direct International;766;Rai Italia;SD;Nacional;Si
Barbados;Pospago;Direct International;770;Deutsche Welle (DW);SD;Noticias;Si
Barbados;Pospago;Direct International;778;RTP Internacional;SD;Nacional;Si
Barbados;Pospago;Direct International;782;NHK World;SD;Informativo;Si
Barbados;Pospago;Directv Latino (Premium);127;DShow;SD;Hogar Y Variedades;Si
Barbados;Pospago;Directv Latino (Premium);214;Atres Series;SD;Series Y Peliculas;Si
Barbados;Pospago;Directv Latino (Premium);221;¡Hola! TV;SD;Hogar Y Variedades;Si
Barbados;Pospago;Directv Latino (Premium);226;El Canal de las Estrellas;SD;Nacional;Si
Barbados;Pospago;Directv Latino (Premium);227;TLnovelas;SD;Telenovelas;Si
Barbados;Pospago;Directv Latino (Premium);231;Telemundo Internacional;SD;Telenovelas;Si
Barbados;Pospago;Directv Latino (Premium);235;IVC;SD;Hogar Y Variedades;Si
Barbados;Pospago;Directv Latino (Premium);269;Quiero Música en Mi Idioma (QMusic);SD;Musical;Si
Barbados;Pospago;Directv Latino (Premium);352;Enlace;SD;Religioso;Si
Barbados;Pospago;Directv Latino (Premium);514;Cine Latino;SD;Series Y Peliculas;Si
Barbados;Pospago;Directv Latino (Premium);516;De Película;SD;Series Y Peliculas;Si
Barbados;Pospago;Directv Latino (Premium);624;ESPN 5;SD;Deportes;Si
Barbados;Pospago;Directv Latino (Premium);626;ESPN 6;SD;Deportes;Si
Barbados;Pospago;Directv Latino (Premium);627;ESPN 7;SD;Deportes;Si
Barbados;Pospago;Directv Latino (Premium);707;CNN Chile;SD;Noticias;Si
Barbados;Pospago;Directv Latino (Premium);708;TVN 24 HORAS;SD;Noticias;Si
Barbados;Pospago;Directv Latino (Premium);716;Todo Noticias (TN);SD;Noticias;Si
Barbados;Pospago;Directv Latino (Premium);720;Canal 26;SD;Noticias;Si
Barbados;Pospago;Directv Latino (Premium);725;NTN 24;SD;Noticias;Si
Barbados;Pospago;Directv Latino (Premium);727;Cable Noticias;SD;Noticias;Si
Barbados;Pospago;Directv Latino (Premium);760;Univision;SD;Nacional;Si
Barbados;Pospago;Directv Latino (Premium);762;Antena 3;SD;Nacional;Si
Barbados;Pospago;Directv Latino (Premium);772;Caracol Internacional;SD;Nacional;Si
Barbados;Pospago;Directv Latino (Premium);775;RCN Nuestra Tele;SD;Nacional;Si
Barbados;Pospago;Directv Latino (Premium);784;El Trece Internacional;SD;Nacional;Si
Barbados;Pospago;Directv Latino (Premium);1127;DShow HD;HD;Hogar Y Variedades;Si
Barbados;Pospago;Directv Latino (Premium);1214;Atres Series HD;HD;Series Y Peliculas;Si
Barbados;Pospago;Directv Latino (Premium);1221;¡Hola! TV HD;HD;Hogar Y Variedades;Si
Barbados;Pospago;Directv Latino (Premium);1235;IVC HD;HD;Hogar Y Variedades;Si
Barbados;Pospago;Directv Latino (Premium);1236;VePlus HD;HD;Hogar Y Variedades;Si
Barbados;Pospago;Directv Latino (Premium);1519;Atres Cinema HD;HD;Series Y Peliculas;Si
Barbados;Pospago;Directv Latino (Premium);1624;ESPN 5 HD;HD;Deportes;Si
Barbados;Pospago;Directv Latino (Premium);1626;ESPN 6 HD;HD;Deportes;Si
Barbados;Pospago;Directv Latino (Premium);1627;ESPN 7 HD;HD;Deportes;Si
Barbados;Pospago;Directv Latino (Premium);1762;Antena 3 HD;HD;Nacional;Si
Barbados;Pospago;Exxotico;469;XTSY;SD;Hogar Y Variedades;Si
Barbados;Pospago;Exxotico;470;Hustler;SD;Adultos;Si
Barbados;Pospago;Gold / Gold +;131;CNC3;SD;Noticias;Si
Barbados;Pospago;Gold / Gold +;134;Synergy;SD;Nacional;Si
Barbados;Pospago;Gold / Gold +;201;OnDIRECTV;SD;Hogar Y Variedades;Si
Barbados;Pospago;Gold / Gold +;202;Star Channel;SD;Series Y Peliculas;Si
Barbados;Pospago;Gold / Gold +;203;GSN;SD;Hogar Y Variedades;Si
Barbados;Pospago;Gold / Gold +;206;Warner Channel;SD;Series Y Peliculas;Si
Barbados;Pospago;Gold / Gold +;207;A&E LA;SD;Series Y Peliculas;Si
Barbados;Pospago;Gold / Gold +;208;Sony East;SD;Series Y Peliculas;Si
Barbados;Pospago;Gold / Gold +;209;AXN;SD;Series Y Peliculas;Si
Barbados;Pospago;Gold / Gold +;210;AMC LA;SD;Series Y Peliculas;Si
Barbados;Pospago;Gold / Gold +;213;TNT Series;SD;Series Y Peliculas;Si
Barbados;Pospago;Gold / Gold +;215;Comedy Central;SD;Series Y Peliculas;Si
Barbados;Pospago;Gold / Gold +;216;TeenNick;SD;Infantil;Si
Barbados;Pospago;Gold / Gold +;217;FX;SD;Series Y Peliculas;Si
Barbados;Pospago;Gold / Gold +;218;Universal TV;SD;Series Y Peliculas;Si
Barbados;Pospago;Gold / Gold +;219;USA Network;SD;Series Y Peliculas;Si
Barbados;Pospago;Gold / Gold +;220;Adult Swim;SD;Infantil;Si
Barbados;Pospago;Gold / Gold +;222;E! Entertainment;SD;Hogar Y Variedades;Si
Barbados;Pospago;Gold / Gold +;223;Investigation Discovery (ID);SD;Ciencia Y Cultura;Si
Barbados;Pospago;Gold / Gold +;228;Lifetime LA;SD;Series Y Peliculas;Si
Barbados;Pospago;Gold / Gold +;229;Discovery Home & Health;SD;Hogar Y Variedades;Si
Barbados;Pospago;Gold / Gold +;233;Food Network US;SD;Gastronómico;Si
Barbados;Pospago;Gold / Gold +;250;HGTV US;SD;Hogar Y Variedades;Si
Barbados;Pospago;Gold / Gold +;251;Lifetime USA;SD;Series Y Peliculas;Si
Barbados;Pospago;Gold / Gold +;253;BET;SD;Hogar Y Variedades;Si
Barbados;Pospago;Gold / Gold +;254;Paramount Channel;SD;Series Y Peliculas;Si
Barbados;Pospago;Gold / Gold +;256;A&E USA;SD;Series Y Peliculas;Si
Barbados;Pospago;Gold / Gold +;260;MTV USA HD;SD;Musical;Si
Barbados;Pospago;Gold / Gold +;262;VH1 USA;SD;Musical;Si
Barbados;Pospago;Gold / Gold +;264;MTV LA;SD;Musical;Si
Barbados;Pospago;Gold / Gold +;304;Cartoon Network;SD;Infantil;Si
Barbados;Pospago;Gold / Gold +;308;Nickelodeon LA;SD;Infantil;Si
Barbados;Pospago;Gold / Gold +;314;Disney Channel;SD;Infantil;Si
Barbados;Pospago;Gold / Gold +;315;Disney Junior;SD;Infantil;Si
Barbados;Pospago;Gold / Gold +;321;ZooMoo;SD;Infantil;Si
Barbados;Pospago;Gold / Gold +;322;Nickelodeon USA;SD;Infantil;Si
Barbados;Pospago;Gold / Gold +;330;Discovery Kids;SD;Infantil;Si
Barbados;Pospago;Gold / Gold +;334;Cartoonito;SD;Infantil;Si
Barbados;Pospago;Gold / Gold +;358;DayStar;SD;Religioso;Si
Barbados;Pospago;Gold / Gold +;501;LMN US;SD;Series Y Peliculas;Si
Barbados;Pospago;Gold / Gold +;502;TNT;SD;Series Y Peliculas;Si
Barbados;Pospago;Gold / Gold +;503;Golden;SD;Series Y Peliculas;Si
Barbados;Pospago;Gold / Gold +;506;Sony Movies;SD;Series Y Peliculas;Si
Barbados;Pospago;Gold / Gold +;507;Cinecanal;SD;Series Y Peliculas;Si
Barbados;Pospago;Gold / Gold +;508;Studio Universal;SD;Series Y Peliculas;Si
Barbados;Pospago;Gold / Gold +;509;Cinemax;SD;Series Y Peliculas;Si
Barbados;Pospago;Gold / Gold +;510;Paramount Channel;SD;Series Y Peliculas;Si
Barbados;Pospago;Gold / Gold +;513;DHE;SD;Series Y Peliculas;Si
Barbados;Pospago;Gold / Gold +;517;Golden Edge;SD;Series Y Peliculas;Si
Barbados;Pospago;Gold / Gold +;518;Space;SD;Series Y Peliculas;Si
Barbados;Pospago;Gold / Gold +;600;DSports Portal;SD;Deportes;Si
Barbados;Pospago;Gold / Gold +;610;Dsports;SD;Deportes;Si
Barbados;Pospago;Gold / Gold +;612;DSports 2;SD;Deportes;Si
Barbados;Pospago;Gold / Gold +;620;DSports Fight;SD;Deportes;Si
Barbados;Pospago;Gold / Gold +;621;ESPN Caribbean;SD;Deportes;Si
Barbados;Pospago;Gold / Gold +;622;ESPN 2 Caribbean;SD;Deportes;Si
Barbados;Pospago;Gold / Gold +;628;The Golf Channel LA;SD;Deportes;Si
Barbados;Pospago;Gold / Gold +;667;Flow Sports Network;SD;Deportes;Si
Barbados;Pospago;Gold / Gold +;702;CNN;SD;Noticias;Si
Barbados;Pospago;Gold / Gold +;706;CNN International;SD;Noticias;Si
Barbados;Pospago;Gold / Gold +;710;Bloomberg;SD;Noticias;Si
Barbados;Pospago;Gold / Gold +;730;National Geographic;SD;Ciencia Y Cultura;Si
Barbados;Pospago;Gold / Gold +;732;Discovery Channel;SD;Ciencia Y Cultura;Si
Barbados;Pospago;Gold / Gold +;734;Animal Planet;SD;Ciencia Y Cultura;Si
Barbados;Pospago;Gold / Gold +;736;Discovery Turbo;SD;Hogar Y Variedades;Si
Barbados;Pospago;Gold / Gold +;740;Discovery Travel & Living Channel (TLC);SD;Hogar Y Variedades;Si
Barbados;Pospago;Gold / Gold +;742;History Channel LA;SD;Ciencia Y Cultura;Si
Barbados;Pospago;Gold / Gold +;744;History 2 LA;SD;Ciencia Y Cultura;Si
Barbados;Pospago;Gold / Gold +;746;Film & Arts;SD;Ciencia Y Cultura;Si
Barbados;Pospago;Gold / Gold +;756;History Channel US;SD;Ciencia Y Cultura;Si
Barbados;Pospago;Gold / Gold +;768;BBC News;SD;Informativo;Si
Barbados;Pospago;Gold / Gold +;1201;OnDIRECTV HD;HD;Hogar Y Variedades;Si
Barbados;Pospago;Gold / Gold +;1204;Star Channel HD;HD;Series Y Peliculas;Si
Barbados;Pospago;Gold / Gold +;1206;Warner Channel HD;HD;Series Y Peliculas;Si
Barbados;Pospago;Gold / Gold +;1207;A&E LA HD;HD;Series Y Peliculas;Si
Barbados;Pospago;Gold / Gold +;1208;Sony East HD;HD;Series Y Peliculas;Si
Barbados;Pospago;Gold / Gold +;1209;AXN HD;HD;Series Y Peliculas;Si
Barbados;Pospago;Gold / Gold +;1210;AMC LA HD;HD;Series Y Peliculas;Si
Barbados;Pospago;Gold / Gold +;1213;TNT Series HD;HD;Series Y Peliculas;Si
Barbados;Pospago;Gold / Gold +;1215;Comedy Central HD;HD;Series Y Peliculas;Si
Barbados;Pospago;Gold / Gold +;1217;FX HD;HD;Series Y Peliculas;Si
Barbados;Pospago;Gold / Gold +;1218;Universal TV HD;HD;Series Y Peliculas;Si
Barbados;Pospago;Gold / Gold +;1219;USA Network HD;HD;Series Y Peliculas;Si
Barbados;Pospago;Gold / Gold +;1222;E! Entertainment HD;HD;Hogar Y Variedades;Si
Barbados;Pospago;Gold / Gold +;1223;Investigation Discovery (ID) HD;HD;Ciencia Y Cultura;Si
Barbados;Pospago;Gold / Gold +;1228;Lifetime LA HD;HD;Series Y Peliculas;Si
Barbados;Pospago;Gold / Gold +;1229;Discovery Home & Health HD;HD;Hogar Y Variedades;Si
Barbados;Pospago;Gold / Gold +;1264;MTV LA HD;HD;Musical;Si
Barbados;Pospago;Gold / Gold +;1304;Cartoon Network HD;HD;Infantil;Si
Barbados;Pospago;Gold / Gold +;1308;Nickelodeon LA HD;HD;Infantil;Si
Barbados;Pospago;Gold / Gold +;1309;Nick Jr. LA HD;HD;Infantil;Si
Barbados;Pospago;Gold / Gold +;1312;Disney Channel HD;HD;Infantil;Si
Barbados;Pospago;Gold / Gold +;1315;Disney Junior HD;HD;Infantil;Si
Barbados;Pospago;Gold / Gold +;1317;BabyTV HD;HD;Infantil;Si
Barbados;Pospago;Gold / Gold +;1330;Discovery Kids HD;HD;Infantil;Si
Barbados;Pospago;Gold / Gold +;1502;TNT HD;HD;Series Y Peliculas;Si
Barbados;Pospago;Gold / Gold +;1503;Golden HD;HD;Series Y Peliculas;Si
Barbados;Pospago;Gold / Gold +;1506;Sony Movies HD;HD;Series Y Peliculas;Si
Barbados;Pospago;Gold / Gold +;1507;Cinecanal HD;HD;Series Y Peliculas;Si
Barbados;Pospago;Gold / Gold +;1508;Studio Universal HD;HD;Series Y Peliculas;Si
Barbados;Pospago;Gold / Gold +;1509;Cinemax HD;HD;Series Y Peliculas;Si
Barbados;Pospago;Gold / Gold +;1510;Paramount Channel HD;HD;Series Y Peliculas;Si
Barbados;Pospago;Gold / Gold +;1513;DHE HD;HD;Series Y Peliculas;Si
Barbados;Pospago;Gold / Gold +;1515;Europa Europa HD;HD;Series Y Peliculas;Si
Barbados;Pospago;Gold / Gold +;1518;Space HD;HD;Series Y Peliculas;Si
Barbados;Pospago;Gold / Gold +;1521;TV Cortos HD;HD;Series Y Peliculas;Si
Barbados;Pospago;Gold / Gold +;1610;DSports HD;HD;Deportes;Si
Barbados;Pospago;Gold / Gold +;1612;DSports 2 HD;HD;Deportes;Si
Barbados;Pospago;Gold / Gold +;1620;DSports Fight HD;HD;Deportes;Si
Barbados;Pospago;Gold / Gold +;1621;ESPN Caribbean HD;HD;Deportes;Si
Barbados;Pospago;Gold / Gold +;1628;The Golf Channel LA HD;HD;Deportes;Si
Barbados;Pospago;Gold / Gold +;1667;Flow Sports Network HD;HD;Deportes;Si
Barbados;Pospago;Gold / Gold +;1730;National Geographic HD;HD;Ciencia Y Cultura;Si
Barbados;Pospago;Gold / Gold +;1731;Discovery Theater HD;HD;Ciencia Y Cultura;Si
Barbados;Pospago;Gold / Gold +;1732;Discovery Channel HD;HD;Ciencia Y Cultura;Si
Barbados;Pospago;Gold / Gold +;1734;Animal Planet HD;HD;Ciencia Y Cultura;Si
Barbados;Pospago;Gold / Gold +;1738;Discovery World HD;HD;Ciencia Y Cultura;Si
Barbados;Pospago;Gold / Gold +;1740;Discovery Travel & Living Channel (TLC) HD;HD;Hogar Y Variedades;Si
Barbados;Pospago;Gold / Gold +;1742;History Channel LA HD;HD;Ciencia Y Cultura;Si
Barbados;Pospago;Gold / Gold +;1744;History 2 LA HD;HD;Ciencia Y Cultura;Si
Barbados;Pospago;HBO Gold;131;CNC3;SD;Noticias;Si
Barbados;Pospago;HBO Gold;134;Synergy;SD;Nacional;Si
Barbados;Pospago;HBO Gold;201;OnDIRECTV;SD;Hogar Y Variedades;Si
Barbados;Pospago;HBO Gold;202;Star Channel;SD;Series Y Peliculas;Si
Barbados;Pospago;HBO Gold;206;Warner Channel;SD;Series Y Peliculas;Si
Barbados;Pospago;HBO Gold;207;A&E LA;SD;Series Y Peliculas;Si
Barbados;Pospago;HBO Gold;208;Sony East;SD;Series Y Peliculas;Si
Barbados;Pospago;HBO Gold;209;AXN;SD;Series Y Peliculas;Si
Barbados;Pospago;HBO Gold;210;AMC LA;SD;Series Y Peliculas;Si
Barbados;Pospago;HBO Gold;213;TNT Series;SD;Series Y Peliculas;Si
Barbados;Pospago;HBO Gold;215;Comedy Central;SD;Series Y Peliculas;Si
Barbados;Pospago;HBO Gold;216;TeenNick;SD;Infantil;Si
Barbados;Pospago;HBO Gold;217;FX;SD;Series Y Peliculas;Si
Barbados;Pospago;HBO Gold;218;Universal TV;SD;Series Y Peliculas;Si
Barbados;Pospago;HBO Gold;219;USA Network;SD;Series Y Peliculas;Si
Barbados;Pospago;HBO Gold;220;Adult Swim;SD;Infantil;Si
Barbados;Pospago;HBO Gold;222;E! Entertainment;SD;Hogar Y Variedades;Si
Barbados;Pospago;HBO Gold;223;Investigation Discovery (ID);SD;Ciencia Y Cultura;Si
Barbados;Pospago;HBO Gold;228;Lifetime LA;SD;Series Y Peliculas;Si
Barbados;Pospago;HBO Gold;229;Discovery Home & Health;SD;Hogar Y Variedades;Si
Barbados;Pospago;HBO Gold;233;Food Network US;SD;Gastronómico;Si
Barbados;Pospago;HBO Gold;250;HGTV US;SD;Hogar Y Variedades;Si
Barbados;Pospago;HBO Gold;253;BET;SD;Hogar Y Variedades;Si
Barbados;Pospago;HBO Gold;254;Paramount Channel;SD;Series Y Peliculas;Si
Barbados;Pospago;HBO Gold;260;MTV USA HD;SD;Musical;Si
Barbados;Pospago;HBO Gold;262;VH1 USA;SD;Musical;Si
Barbados;Pospago;HBO Gold;264;MTV LA;SD;Musical;Si
Barbados;Pospago;HBO Gold;304;Cartoon Network;SD;Infantil;Si
Barbados;Pospago;HBO Gold;308;Nickelodeon LA;SD;Infantil;Si
Barbados;Pospago;HBO Gold;314;Disney Channel;SD;Infantil;Si
Barbados;Pospago;HBO Gold;315;Disney Junior;SD;Infantil;Si
Barbados;Pospago;HBO Gold;321;ZooMoo;SD;Infantil;Si
Barbados;Pospago;HBO Gold;322;Nickelodeon USA;SD;Infantil;Si
Barbados;Pospago;HBO Gold;330;Discovery Kids;SD;Infantil;Si
Barbados;Pospago;HBO Gold;334;Cartoonito;SD;Infantil;Si
Barbados;Pospago;HBO Gold;358;DayStar;SD;Religioso;Si
Barbados;Pospago;HBO Gold;502;TNT;SD;Series Y Peliculas;Si
Barbados;Pospago;HBO Gold;503;Golden;SD;Series Y Peliculas;Si
Barbados;Pospago;HBO Gold;506;Sony Movies;SD;Series Y Peliculas;Si
Barbados;Pospago;HBO Gold;507;Cinecanal;SD;Series Y Peliculas;Si
Barbados;Pospago;HBO Gold;508;Studio Universal;SD;Series Y Peliculas;Si
Barbados;Pospago;HBO Gold;509;Cinemax;SD;Series Y Peliculas;Si
Barbados;Pospago;HBO Gold;510;Paramount Channel;SD;Series Y Peliculas;Si
Barbados;Pospago;HBO Gold;513;DHE;SD;Series Y Peliculas;Si
Barbados;Pospago;HBO Gold;517;Golden Edge;SD;Series Y Peliculas;Si
Barbados;Pospago;HBO Gold;518;Space;SD;Series Y Peliculas;Si
Barbados;Pospago;HBO Gold;527;HBO Caribbean;SD;Series Y Peliculas;Si
Barbados;Pospago;HBO Gold;528;HBO Signature;SD;Series Y Peliculas;Si
Barbados;Pospago;HBO Gold;534;HBO Family;SD;Series Y Peliculas;Si
Barbados;Pospago;HBO Gold;600;DSports Portal;SD;Deportes;Si
Barbados;Pospago;HBO Gold;610;Dsports;SD;Deportes;Si
Barbados;Pospago;HBO Gold;612;DSports 2;SD;Deportes;Si
Barbados;Pospago;HBO Gold;620;DSports Fight;SD;Deportes;Si
Barbados;Pospago;HBO Gold;621;ESPN Caribbean;SD;Deportes;Si
Barbados;Pospago;HBO Gold;622;ESPN 2 Caribbean;SD;Deportes;Si
Barbados;Pospago;HBO Gold;628;The Golf Channel LA;SD;Deportes;Si
Barbados;Pospago;HBO Gold;667;Flow Sports Network;SD;Deportes;Si
Barbados;Pospago;HBO Gold;702;CNN;SD;Noticias;Si
Barbados;Pospago;HBO Gold;706;CNN International;SD;Noticias;Si
Barbados;Pospago;HBO Gold;710;Bloomberg;SD;Noticias;Si
Barbados;Pospago;HBO Gold;730;National Geographic;SD;Ciencia Y Cultura;Si
Barbados;Pospago;HBO Gold;732;Discovery Channel;SD;Ciencia Y Cultura;Si
Barbados;Pospago;HBO Gold;734;Animal Planet;SD;Ciencia Y Cultura;Si
Barbados;Pospago;HBO Gold;736;Discovery Turbo;SD;Hogar Y Variedades;Si
Barbados;Pospago;HBO Gold;740;Discovery Travel & Living Channel (TLC);SD;Hogar Y Variedades;Si
Barbados;Pospago;HBO Gold;742;History Channel LA;SD;Ciencia Y Cultura;Si
Barbados;Pospago;HBO Gold;744;History 2 LA;SD;Ciencia Y Cultura;Si
Barbados;Pospago;HBO Gold;746;Film & Arts;SD;Ciencia Y Cultura;Si
Barbados;Pospago;HBO Gold;768;BBC News;SD;Informativo;Si
Barbados;Pospago;HBO Gold;1201;OnDIRECTV HD;HD;Hogar Y Variedades;Si
Barbados;Pospago;HBO Gold;1204;Star Channel HD;HD;Series Y Peliculas;Si
Barbados;Pospago;HBO Gold;1206;Warner Channel HD;HD;Series Y Peliculas;Si
Barbados;Pospago;HBO Gold;1207;A&E LA HD;HD;Series Y Peliculas;Si
Barbados;Pospago;HBO Gold;1208;Sony East HD;HD;Series Y Peliculas;Si
Barbados;Pospago;HBO Gold;1209;AXN HD;HD;Series Y Peliculas;Si
Barbados;Pospago;HBO Gold;1210;AMC LA HD;HD;Series Y Peliculas;Si
Barbados;Pospago;HBO Gold;1213;TNT Series HD;HD;Series Y Peliculas;Si
Barbados;Pospago;HBO Gold;1215;Comedy Central HD;HD;Series Y Peliculas;Si
Barbados;Pospago;HBO Gold;1217;FX HD;HD;Series Y Peliculas;Si
Barbados;Pospago;HBO Gold;1218;Universal TV HD;HD;Series Y Peliculas;Si
Barbados;Pospago;HBO Gold;1219;USA Network HD;HD;Series Y Peliculas;Si
Barbados;Pospago;HBO Gold;1222;E! Entertainment HD;HD;Hogar Y Variedades;Si
Barbados;Pospago;HBO Gold;1223;Investigation Discovery (ID) HD;HD;Ciencia Y Cultura;Si
Barbados;Pospago;HBO Gold;1228;Lifetime LA HD;HD;Series Y Peliculas;Si
Barbados;Pospago;HBO Gold;1229;Discovery Home & Health HD;HD;Hogar Y Variedades;Si
Barbados;Pospago;HBO Gold;1264;MTV LA HD;HD;Musical;Si
Barbados;Pospago;HBO Gold;1304;Cartoon Network HD;HD;Infantil;Si
Barbados;Pospago;HBO Gold;1308;Nickelodeon LA HD;HD;Infantil;Si
Barbados;Pospago;HBO Gold;1309;Nick Jr. LA HD;HD;Infantil;Si
Barbados;Pospago;HBO Gold;1312;Disney Channel HD;HD;Infantil;Si
Barbados;Pospago;HBO Gold;1315;Disney Junior HD;HD;Infantil;Si
Barbados;Pospago;HBO Gold;1317;BabyTV HD;HD;Infantil;Si
Barbados;Pospago;HBO Gold;1330;Discovery Kids HD;HD;Infantil;Si
Barbados;Pospago;HBO Gold;1502;TNT HD;HD;Series Y Peliculas;Si
Barbados;Pospago;HBO Gold;1503;Golden HD;HD;Series Y Peliculas;Si
Barbados;Pospago;HBO Gold;1506;Sony Movies HD;HD;Series Y Peliculas;Si
Barbados;Pospago;HBO Gold;1507;Cinecanal HD;HD;Series Y Peliculas;Si
Barbados;Pospago;HBO Gold;1508;Studio Universal HD;HD;Series Y Peliculas;Si
Barbados;Pospago;HBO Gold;1509;Cinemax HD;HD;Series Y Peliculas;Si
Barbados;Pospago;HBO Gold;1510;Paramount Channel HD;HD;Series Y Peliculas;Si
Barbados;Pospago;HBO Gold;1513;DHE HD;HD;Series Y Peliculas;Si
Barbados;Pospago;HBO Gold;1515;Europa Europa HD;HD;Series Y Peliculas;Si
Barbados;Pospago;HBO Gold;1518;Space HD;HD;Series Y Peliculas;Si
Barbados;Pospago;HBO Gold;1521;TV Cortos HD;HD;Series Y Peliculas;Si
Barbados;Pospago;HBO Gold;1527;HBO Caribbean HD;HD;Series Y Peliculas;Si
Barbados;Pospago;HBO Gold;1528;HBO Signature HD;HD;Series Y Peliculas;Si
Barbados;Pospago;HBO Gold;1532;HBO Plus HD;HD;Series Y Peliculas;Si
Barbados;Pospago;HBO Gold;1534;HBO Family HD;HD;Series Y Peliculas;Si
Barbados;Pospago;HBO Gold;1610;DSports HD;HD;Deportes;Si
Barbados;Pospago;HBO Gold;1612;DSports 2 HD;HD;Deportes;Si
Barbados;Pospago;HBO Gold;1620;DSports Fight HD;HD;Deportes;Si
Barbados;Pospago;HBO Gold;1621;ESPN Caribbean HD;HD;Deportes;Si
Barbados;Pospago;HBO Gold;1628;The Golf Channel LA HD;HD;Deportes;Si
Barbados;Pospago;HBO Gold;1667;Flow Sports Network HD;HD;Deportes;Si
Barbados;Pospago;HBO Gold;1730;National Geographic HD;HD;Ciencia Y Cultura;Si
Barbados;Pospago;HBO Gold;1731;Discovery Theater HD;HD;Ciencia Y Cultura;Si
Barbados;Pospago;HBO Gold;1732;Discovery Channel HD;HD;Ciencia Y Cultura;Si
Barbados;Pospago;HBO Gold;1734;Animal Planet HD;HD;Ciencia Y Cultura;Si
Barbados;Pospago;HBO Gold;1738;Discovery World HD;HD;Ciencia Y Cultura;Si
Barbados;Pospago;HBO Gold;1740;Discovery Travel & Living Channel (TLC) HD;HD;Hogar Y Variedades;Si
Barbados;Pospago;HBO Gold;1742;History Channel LA HD;HD;Ciencia Y Cultura;Si
Barbados;Pospago;HBO Gold;1744;History 2 LA HD;HD;Ciencia Y Cultura;Si
Barbados;Pospago;HBO Mini;527;HBO Caribbean;SD;Series Y Peliculas;Si
Barbados;Pospago;HBO Mini;528;HBO Signature;SD;Series Y Peliculas;Si
Barbados;Pospago;HBO Mini;534;HBO Family;SD;Series Y Peliculas;Si
Barbados;Pospago;HBO Mini;1527;HBO Caribbean HD;HD;Series Y Peliculas;Si
Barbados;Pospago;HBO Mini;1528;HBO Signature HD;HD;Series Y Peliculas;Si
Barbados;Pospago;HBO Mini;1532;HBO Plus HD;HD;Series Y Peliculas;Si
Barbados;Pospago;HBO Mini;1534;HBO Family HD;HD;Series Y Peliculas;Si
Barbados;Pospago;HBO Pack;524;HBO;SD;Series Y Peliculas;Si
Barbados;Pospago;HBO Pack;525;HBO 2;SD;Series Y Peliculas;Si
Barbados;Pospago;HBO Pack;526;HBO Plus East;SD;Series Y Peliculas;Si
Barbados;Pospago;HBO Pack;527;HBO Caribbean;SD;Series Y Peliculas;Si
Barbados;Pospago;HBO Pack;528;HBO Signature;SD;Series Y Peliculas;Si
Barbados;Pospago;HBO Pack;534;HBO Family East;SD;Series Y Peliculas;Si
Barbados;Pospago;HBO Pack;540;HBO Mundi;SD;Series Y Peliculas;Si
Barbados;Pospago;HBO Pack;541;HBO Pop;SD;Series Y Peliculas;Si
Barbados;Pospago;HBO Pack;542;HBO Xtreme;SD;Series Y Peliculas;Si
Barbados;Pospago;HBO Pack;1524;HBO HD;HD;Series Y Peliculas;Si
Barbados;Pospago;HBO Pack;1525;HBO 2 HD;HD;Series Y Peliculas;Si
Barbados;Pospago;HBO Pack;1527;HBO Caribbean HD;HD;Series Y Peliculas;Si
Barbados;Pospago;HBO Pack;1528;HBO Signature HD;HD;Series Y Peliculas;Si
Barbados;Pospago;HBO Pack;1532;HBO Plus East HD;HD;Series Y Peliculas;Si
Barbados;Pospago;HBO Pack;1534;HBO Family HD;HD;Series Y Peliculas;Si
Barbados;Pospago;HBO Pack;1540;HBO Mundi Caribbean;HD;Series Y Peliculas;Si
Barbados;Pospago;HBO Pack;1542;HBO Xtreme HD;HD;Series Y Peliculas;Si
Barbados;Pospago;Hot Pack;464;Playboy TV;SD;Adultos;Si
Barbados;Pospago;Hot Pack;468;Venus;SD;Adultos;Si
Barbados;Pospago;Platinum;131;CNC3;SD;Noticias;Si
Barbados;Pospago;Platinum;134;Synergy;SD;Nacional;Si
Barbados;Pospago;Platinum;201;OnDIRECTV;SD;Hogar Y Variedades;Si
Barbados;Pospago;Platinum;202;Star Channel;SD;Series Y Peliculas;Si
Barbados;Pospago;Platinum;203;GSN;SD;Hogar Y Variedades;Si
Barbados;Pospago;Platinum;206;Warner Channel;SD;Series Y Peliculas;Si
Barbados;Pospago;Platinum;207;A&E LA;SD;Series Y Peliculas;Si
Barbados;Pospago;Platinum;208;Sony East;SD;Series Y Peliculas;Si
Barbados;Pospago;Platinum;209;AXN;SD;Series Y Peliculas;Si
Barbados;Pospago;Platinum;210;AMC LA;SD;Series Y Peliculas;Si
Barbados;Pospago;Platinum;213;TNT Series;SD;Series Y Peliculas;Si
Barbados;Pospago;Platinum;215;Comedy Central;SD;Series Y Peliculas;Si
Barbados;Pospago;Platinum;216;TeenNick;SD;Infantil;Si
Barbados;Pospago;Platinum;217;FX;SD;Series Y Peliculas;Si
Barbados;Pospago;Platinum;218;Universal TV;SD;Series Y Peliculas;Si
Barbados;Pospago;Platinum;219;USA Network;SD;Series Y Peliculas;Si
Barbados;Pospago;Platinum;220;Adult Swim;SD;Infantil;Si
Barbados;Pospago;Platinum;222;E! Entertainment;SD;Hogar Y Variedades;Si
Barbados;Pospago;Platinum;223;Investigation Discovery (ID);SD;Ciencia Y Cultura;Si
Barbados;Pospago;Platinum;228;Lifetime LA;SD;Series Y Peliculas;Si
Barbados;Pospago;Platinum;229;Discovery Home & Health;SD;Hogar Y Variedades;Si
Barbados;Pospago;Platinum;233;Food Network US;SD;Gastronómico;Si
Barbados;Pospago;Platinum;250;HGTV US;SD;Hogar Y Variedades;Si
Barbados;Pospago;Platinum;251;Lifetime USA;SD;Series Y Peliculas;Si
Barbados;Pospago;Platinum;253;BET;SD;Hogar Y Variedades;Si
Barbados;Pospago;Platinum;254;Paramount Channel;SD;Series Y Peliculas;Si
Barbados;Pospago;Platinum;256;A&E USA;SD;Series Y Peliculas;Si
Barbados;Pospago;Platinum;260;MTV USA HD;SD;Musical;Si
Barbados;Pospago;Platinum;262;VH1 USA;SD;Musical;Si
Barbados;Pospago;Platinum;264;MTV LA;SD;Musical;Si
Barbados;Pospago;Platinum;304;Cartoon Network;SD;Infantil;Si
Barbados;Pospago;Platinum;308;Nickelodeon LA;SD;Infantil;Si
Barbados;Pospago;Platinum;314;Disney Channel;SD;Infantil;Si
Barbados;Pospago;Platinum;315;Disney Junior;SD;Infantil;Si
Barbados;Pospago;Platinum;321;ZooMoo;SD;Infantil;Si
Barbados;Pospago;Platinum;322;Nickelodeon USA;SD;Infantil;Si
Barbados;Pospago;Platinum;330;Discovery Kids;SD;Infantil;Si
Barbados;Pospago;Platinum;334;Cartoonito;SD;Infantil;Si
Barbados;Pospago;Platinum;358;DayStar;SD;Religioso;Si
Barbados;Pospago;Platinum;501;LMN US;SD;Series Y Peliculas;Si
Barbados;Pospago;Platinum;502;TNT;SD;Series Y Peliculas;Si
Barbados;Pospago;Platinum;503;Golden;SD;Series Y Peliculas;Si
Barbados;Pospago;Platinum;506;Sony Movies;SD;Series Y Peliculas;Si
Barbados;Pospago;Platinum;507;Cinecanal;SD;Series Y Peliculas;Si
Barbados;Pospago;Platinum;508;Studio Universal;SD;Series Y Peliculas;Si
Barbados;Pospago;Platinum;509;Cinemax;SD;Series Y Peliculas;Si
Barbados;Pospago;Platinum;510;Paramount Channel;SD;Series Y Peliculas;Si
Barbados;Pospago;Platinum;513;DHE;SD;Series Y Peliculas;Si
Barbados;Pospago;Platinum;517;Golden Edge;SD;Series Y Peliculas;Si
Barbados;Pospago;Platinum;518;Space;SD;Series Y Peliculas;Si
Barbados;Pospago;Platinum;524;HBO;SD;Series Y Peliculas;Si
Barbados;Pospago;Platinum;525;HBO 2;SD;Series Y Peliculas;Si
Barbados;Pospago;Platinum;526;HBO Plus East;SD;Series Y Peliculas;Si
Barbados;Pospago;Platinum;527;HBO Caribbean;SD;Series Y Peliculas;Si
Barbados;Pospago;Platinum;528;HBO Signature;SD;Series Y Peliculas;Si
Barbados;Pospago;Platinum;534;HBO Family East;SD;Series Y Peliculas;Si
Barbados;Pospago;Platinum;540;HBO Mundi;SD;Series Y Peliculas;Si
Barbados;Pospago;Platinum;541;HBO Pop;SD;Series Y Peliculas;Si
Barbados;Pospago;Platinum;542;HBO Xtreme;SD;Series Y Peliculas;Si
Barbados;Pospago;Platinum;571;Universal Premiere East;SD;Series Y Peliculas;Si
Barbados;Pospago;Platinum;572;Universal Cinema;SD;Series Y Peliculas;Si
Barbados;Pospago;Platinum;573;Universal Comedy;SD;Series Y Peliculas;Si
Barbados;Pospago;Platinum;574;Universal Crime East;SD;Series Y Peliculas;Si
Barbados;Pospago;Platinum;575;Universal Reality;SD;Hogar Y Variedades;Si
Barbados;Pospago;Platinum;576;Universal Premiere West;SD;Series Y Peliculas;Si
Barbados;Pospago;Platinum;577;Universal Crime West;SD;Series Y Peliculas;Si
Barbados;Pospago;Platinum;600;DSports Portal;SD;Deportes;Si
Barbados;Pospago;Platinum;610;Dsports;SD;Deportes;Si
Barbados;Pospago;Platinum;612;DSports 2;SD;Deportes;Si
Barbados;Pospago;Platinum;620;DSports Fight;SD;Deportes;Si
Barbados;Pospago;Platinum;621;ESPN Caribbean;SD;Deportes;Si
Barbados;Pospago;Platinum;622;ESPN 2 Caribbean;SD;Deportes;Si
Barbados;Pospago;Platinum;628;The Golf Channel LA;SD;Deportes;Si
Barbados;Pospago;Platinum;667;Flow Sports Network;SD;Deportes;Si
Barbados;Pospago;Platinum;702;CNN;SD;Noticias;Si
Barbados;Pospago;Platinum;706;CNN International;SD;Noticias;Si
Barbados;Pospago;Platinum;710;Bloomberg;SD;Noticias;Si
Barbados;Pospago;Platinum;730;National Geographic;SD;Ciencia Y Cultura;Si
Barbados;Pospago;Platinum;732;Discovery Channel;SD;Ciencia Y Cultura;Si
Barbados;Pospago;Platinum;734;Animal Planet;SD;Ciencia Y Cultura;Si
Barbados;Pospago;Platinum;736;Discovery Turbo;SD;Hogar Y Variedades;Si
Barbados;Pospago;Platinum;740;Discovery Travel & Living Channel (TLC);SD;Hogar Y Variedades;Si
Barbados;Pospago;Platinum;742;History Channel LA;SD;Ciencia Y Cultura;Si
Barbados;Pospago;Platinum;744;History 2 LA;SD;Ciencia Y Cultura;Si
Barbados;Pospago;Platinum;746;Film & Arts;SD;Ciencia Y Cultura;Si
Barbados;Pospago;Platinum;756;History Channel US;SD;Ciencia Y Cultura;Si
Barbados;Pospago;Platinum;766;Rai Italia;SD;Nacional;Si
Barbados;Pospago;Platinum;768;BBC News;SD;Informativo;Si
Barbados;Pospago;Platinum;770;Deutsche Welle (DW);SD;Noticias;Si
Barbados;Pospago;Platinum;778;RTP Internacional;SD;Nacional;Si
Barbados;Pospago;Platinum;782;NHK World;SD;Informativo;Si
Barbados;Pospago;Platinum;1201;OnDIRECTV HD;HD;Hogar Y Variedades;Si
Barbados;Pospago;Platinum;1204;Star Channel HD;HD;Series Y Peliculas;Si
Barbados;Pospago;Platinum;1206;Warner Channel HD;HD;Series Y Peliculas;Si
Barbados;Pospago;Platinum;1207;A&E LA HD;HD;Series Y Peliculas;Si
Barbados;Pospago;Platinum;1208;Sony East HD;HD;Series Y Peliculas;Si
Barbados;Pospago;Platinum;1209;AXN HD;HD;Series Y Peliculas;Si
Barbados;Pospago;Platinum;1210;AMC LA HD;HD;Series Y Peliculas;Si
Barbados;Pospago;Platinum;1213;TNT Series HD;HD;Series Y Peliculas;Si
Barbados;Pospago;Platinum;1215;Comedy Central HD;HD;Series Y Peliculas;Si
Barbados;Pospago;Platinum;1217;FX HD;HD;Series Y Peliculas;Si
Barbados;Pospago;Platinum;1218;Universal TV HD;HD;Series Y Peliculas;Si
Barbados;Pospago;Platinum;1219;USA Network HD;HD;Series Y Peliculas;Si
Barbados;Pospago;Platinum;1222;E! Entertainment HD;HD;Hogar Y Variedades;Si
Barbados;Pospago;Platinum;1223;Investigation Discovery (ID) HD;HD;Ciencia Y Cultura;Si
Barbados;Pospago;Platinum;1228;Lifetime LA HD;HD;Series Y Peliculas;Si
Barbados;Pospago;Platinum;1229;Discovery Home & Health HD;HD;Hogar Y Variedades;Si
Barbados;Pospago;Platinum;1264;MTV LA HD;HD;Musical;Si
Barbados;Pospago;Platinum;1304;Cartoon Network HD;HD;Infantil;Si
Barbados;Pospago;Platinum;1308;Nickelodeon LA HD;HD;Infantil;Si
Barbados;Pospago;Platinum;1309;Nick Jr. LA HD;HD;Infantil;Si
Barbados;Pospago;Platinum;1312;Disney Channel HD;HD;Infantil;Si
Barbados;Pospago;Platinum;1315;Disney Junior HD;HD;Infantil;Si
Barbados;Pospago;Platinum;1317;BabyTV HD;HD;Infantil;Si
Barbados;Pospago;Platinum;1330;Discovery Kids HD;HD;Infantil;Si
Barbados;Pospago;Platinum;1502;TNT HD;HD;Series Y Peliculas;Si
Barbados;Pospago;Platinum;1503;Golden HD;HD;Series Y Peliculas;Si
Barbados;Pospago;Platinum;1506;Sony Movies HD;HD;Series Y Peliculas;Si
Barbados;Pospago;Platinum;1507;Cinecanal HD;HD;Series Y Peliculas;Si
Barbados;Pospago;Platinum;1508;Studio Universal HD;HD;Series Y Peliculas;Si
Barbados;Pospago;Platinum;1509;Cinemax HD;HD;Series Y Peliculas;Si
Barbados;Pospago;Platinum;1510;Paramount Channel HD;HD;Series Y Peliculas;Si
Barbados;Pospago;Platinum;1513;DHE HD;HD;Series Y Peliculas;Si
Barbados;Pospago;Platinum;1515;Europa Europa HD;HD;Series Y Peliculas;Si
Barbados;Pospago;Platinum;1518;Space HD;HD;Series Y Peliculas;Si
Barbados;Pospago;Platinum;1521;TV Cortos HD;HD;Series Y Peliculas;Si
Barbados;Pospago;Platinum;1524;HBO HD;HD;Series Y Peliculas;Si
Barbados;Pospago;Platinum;1525;HBO 2 HD;HD;Series Y Peliculas;Si
Barbados;Pospago;Platinum;1527;HBO Caribbean HD;HD;Series Y Peliculas;Si
Barbados;Pospago;Platinum;1528;HBO Signature HD;HD;Series Y Peliculas;Si
Barbados;Pospago;Platinum;1532;HBO Plus East HD;HD;Series Y Peliculas;Si
Barbados;Pospago;Platinum;1534;HBO Family HD;HD;Series Y Peliculas;Si
Barbados;Pospago;Platinum;1540;HBO Mundi Caribbean;HD;Series Y Peliculas;Si
Barbados;Pospago;Platinum;1542;HBO Xtreme HD;HD;Series Y Peliculas;Si
Barbados;Pospago;Platinum;1571;Universal Premiere HD;HD;Series Y Peliculas;Si
Barbados;Pospago;Platinum;1572;Universal Cinema HD;HD;Series Y Peliculas;Si
Barbados;Pospago;Platinum;1573;Universal Comedy HD;HD;Series Y Peliculas;Si
Barbados;Pospago;Platinum;1574;Universal Crime HD;HD;Series Y Peliculas;Si
Barbados;Pospago;Platinum;1575;Universal Reality HD;HD;Hogar Y Variedades;Si
Barbados;Pospago;Platinum;1576;Universal Premiere West HD;HD;Series Y Peliculas;Si
Barbados;Pospago;Platinum;1577;Universal Crime West HD;HD;Series Y Peliculas;Si
Barbados;Pospago;Platinum;1610;DSports HD;HD;Deportes;Si
Barbados;Pospago;Platinum;1612;DSports 2 HD;HD;Deportes;Si
Barbados;Pospago;Platinum;1620;DSports Fight HD;HD;Deportes;Si
Barbados;Pospago;Platinum;1621;ESPN Caribbean HD;HD;Deportes;Si
Barbados;Pospago;Platinum;1628;The Golf Channel LA HD;HD;Deportes;Si
Barbados;Pospago;Platinum;1667;Flow Sports Network HD;HD;Deportes;Si
Barbados;Pospago;Platinum;1730;National Geographic HD;HD;Ciencia Y Cultura;Si
Barbados;Pospago;Platinum;1731;Discovery Theater HD;HD;Ciencia Y Cultura;Si
Barbados;Pospago;Platinum;1732;Discovery Channel HD;HD;Ciencia Y Cultura;Si
Barbados;Pospago;Platinum;1734;Animal Planet HD;HD;Ciencia Y Cultura;Si
Barbados;Pospago;Platinum;1738;Discovery World HD;HD;Ciencia Y Cultura;Si
Barbados;Pospago;Platinum;1740;Discovery Travel & Living Channel (TLC) HD;HD;Hogar Y Variedades;Si
Barbados;Pospago;Platinum;1742;History Channel LA HD;HD;Ciencia Y Cultura;Si
Barbados;Pospago;Platinum;1744;History 2 LA HD;HD;Ciencia Y Cultura;Si
Barbados;Pospago;Silver / Silver +;131;CNC3;SD;Noticias;Si
Barbados;Pospago;Silver / Silver +;134;Synergy;SD;Nacional;Si
Barbados;Pospago;Silver / Silver +;201;OnDIRECTV;SD;Hogar Y Variedades;Si
Barbados;Pospago;Silver / Silver +;202;Star Channel;SD;Series Y Peliculas;Si
Barbados;Pospago;Silver / Silver +;203;GSN;SD;Hogar Y Variedades;Si
Barbados;Pospago;Silver / Silver +;206;Warner Channel;SD;Series Y Peliculas;Si
Barbados;Pospago;Silver / Silver +;207;A&E LA;SD;Series Y Peliculas;Si
Barbados;Pospago;Silver / Silver +;208;Sony East;SD;Series Y Peliculas;Si
Barbados;Pospago;Silver / Silver +;209;AXN;SD;Series Y Peliculas;Si
Barbados;Pospago;Silver / Silver +;210;AMC LA;SD;Series Y Peliculas;Si
Barbados;Pospago;Silver / Silver +;213;TNT Series;SD;Series Y Peliculas;Si
Barbados;Pospago;Silver / Silver +;215;Comedy Central;SD;Series Y Peliculas;Si
Barbados;Pospago;Silver / Silver +;216;TeenNick;SD;Infantil;Si
Barbados;Pospago;Silver / Silver +;217;FX;SD;Series Y Peliculas;Si
Barbados;Pospago;Silver / Silver +;218;Universal TV;SD;Series Y Peliculas;Si
Barbados;Pospago;Silver / Silver +;219;USA Network;SD;Series Y Peliculas;Si
Barbados;Pospago;Silver / Silver +;220;Adult Swim;SD;Infantil;Si
Barbados;Pospago;Silver / Silver +;222;E! Entertainment;SD;Hogar Y Variedades;Si
Barbados;Pospago;Silver / Silver +;223;Investigation Discovery (ID);SD;Ciencia Y Cultura;Si
Barbados;Pospago;Silver / Silver +;228;Lifetime LA;SD;Series Y Peliculas;Si
Barbados;Pospago;Silver / Silver +;229;Discovery Home & Health;SD;Hogar Y Variedades;Si
Barbados;Pospago;Silver / Silver +;233;Food Network US;SD;Gastronómico;Si
Barbados;Pospago;Silver / Silver +;250;HGTV US;SD;Hogar Y Variedades;Si
Barbados;Pospago;Silver / Silver +;251;Lifetime USA;SD;Series Y Peliculas;Si
Barbados;Pospago;Silver / Silver +;253;BET;SD;Hogar Y Variedades;Si
Barbados;Pospago;Silver / Silver +;254;Paramount Channel;SD;Series Y Peliculas;Si
Barbados;Pospago;Silver / Silver +;256;A&E USA;SD;Series Y Peliculas;Si
Barbados;Pospago;Silver / Silver +;260;MTV USA HD;SD;Musical;Si
Barbados;Pospago;Silver / Silver +;262;VH1 USA;SD;Musical;Si
Barbados;Pospago;Silver / Silver +;264;MTV LA;SD;Musical;Si
Barbados;Pospago;Silver / Silver +;304;Cartoon Network;SD;Infantil;Si
Barbados;Pospago;Silver / Silver +;308;Nickelodeon LA;SD;Infantil;Si
Barbados;Pospago;Silver / Silver +;314;Disney Channel;SD;Infantil;Si
Barbados;Pospago;Silver / Silver +;315;Disney Junior;SD;Infantil;Si
Barbados;Pospago;Silver / Silver +;321;ZooMoo;SD;Infantil;Si
Barbados;Pospago;Silver / Silver +;322;Nickelodeon USA;SD;Infantil;Si
Barbados;Pospago;Silver / Silver +;330;Discovery Kids;SD;Infantil;Si
Barbados;Pospago;Silver / Silver +;334;Cartoonito;SD;Infantil;Si
Barbados;Pospago;Silver / Silver +;358;DayStar;SD;Religioso;Si
Barbados;Pospago;Silver / Silver +;501;LMN US;SD;Series Y Peliculas;Si
Barbados;Pospago;Silver / Silver +;502;TNT;SD;Series Y Peliculas;Si
Barbados;Pospago;Silver / Silver +;503;Golden;SD;Series Y Peliculas;Si
Barbados;Pospago;Silver / Silver +;506;Sony Movies;SD;Series Y Peliculas;Si
Barbados;Pospago;Silver / Silver +;507;Cinecanal;SD;Series Y Peliculas;Si
Barbados;Pospago;Silver / Silver +;508;Studio Universal;SD;Series Y Peliculas;Si
Barbados;Pospago;Silver / Silver +;509;Cinemax;SD;Series Y Peliculas;Si
Barbados;Pospago;Silver / Silver +;510;Paramount Channel;SD;Series Y Peliculas;Si
Barbados;Pospago;Silver / Silver +;513;DHE;SD;Series Y Peliculas;Si
Barbados;Pospago;Silver / Silver +;517;Golden Edge;SD;Series Y Peliculas;Si
Barbados;Pospago;Silver / Silver +;518;Space;SD;Series Y Peliculas;Si
Barbados;Pospago;Silver / Silver +;600;DSports Portal;SD;Deportes;Si
Barbados;Pospago;Silver / Silver +;610;Dsports;SD;Deportes;Si
Barbados;Pospago;Silver / Silver +;612;DSports 2;SD;Deportes;Si
Barbados;Pospago;Silver / Silver +;620;DSports Fight;SD;Deportes;Si
Barbados;Pospago;Silver / Silver +;621;ESPN Caribbean;SD;Deportes;Si
Barbados;Pospago;Silver / Silver +;622;ESPN 2 Caribbean;SD;Deportes;Si
Barbados;Pospago;Silver / Silver +;628;The Golf Channel LA;SD;Deportes;Si
Barbados;Pospago;Silver / Silver +;667;Flow Sports Network;SD;Deportes;Si
Barbados;Pospago;Silver / Silver +;702;CNN;SD;Noticias;Si
Barbados;Pospago;Silver / Silver +;706;CNN International;SD;Noticias;Si
Barbados;Pospago;Silver / Silver +;710;Bloomberg;SD;Noticias;Si
Barbados;Pospago;Silver / Silver +;730;National Geographic;SD;Ciencia Y Cultura;Si
Barbados;Pospago;Silver / Silver +;732;Discovery Channel;SD;Ciencia Y Cultura;Si
Barbados;Pospago;Silver / Silver +;734;Animal Planet;SD;Ciencia Y Cultura;Si
Barbados;Pospago;Silver / Silver +;736;Discovery Turbo;SD;Hogar Y Variedades;Si
Barbados;Pospago;Silver / Silver +;740;Discovery Travel & Living Channel (TLC);SD;Hogar Y Variedades;Si
Barbados;Pospago;Silver / Silver +;742;History Channel LA;SD;Ciencia Y Cultura;Si
Barbados;Pospago;Silver / Silver +;744;History 2 LA;SD;Ciencia Y Cultura;Si
Barbados;Pospago;Silver / Silver +;746;Film & Arts;SD;Ciencia Y Cultura;Si
Barbados;Pospago;Silver / Silver +;756;History Channel US;SD;Ciencia Y Cultura;Si
Barbados;Pospago;Silver / Silver +;768;BBC News;SD;Informativo;Si
Barbados;Pospago;Universal Pack;571;Universal Premiere East;SD;Series Y Peliculas;Si
Barbados;Pospago;Universal Pack;572;Universal Cinema;SD;Series Y Peliculas;Si
Barbados;Pospago;Universal Pack;573;Universal Comedy;SD;Series Y Peliculas;Si
Barbados;Pospago;Universal Pack;574;Universal Crime East;SD;Series Y Peliculas;Si
Barbados;Pospago;Universal Pack;575;Universal Reality;SD;Hogar Y Variedades;Si
Barbados;Pospago;Universal Pack;576;Universal Premiere West;SD;Series Y Peliculas;Si
Barbados;Pospago;Universal Pack;577;Universal Crime West;SD;Series Y Peliculas;Si
Barbados;Pospago;Universal Pack;1571;Universal Premiere HD;HD;Series Y Peliculas;Si
Barbados;Pospago;Universal Pack;1572;Universal Cinema HD;HD;Series Y Peliculas;Si
Barbados;Pospago;Universal Pack;1573;Universal Comedy HD;HD;Series Y Peliculas;Si
Barbados;Pospago;Universal Pack;1574;Universal Crime HD;HD;Series Y Peliculas;Si
Barbados;Pospago;Universal Pack;1575;Universal Reality HD;HD;Hogar Y Variedades;Si
Barbados;Pospago;Universal Pack;1576;Universal Premiere West HD;HD;Series Y Peliculas;Si
Barbados;Pospago;Universal Pack;1577;Universal Crime West HD;HD;Series Y Peliculas;Si
Barbados;Prepago;HBO HD Mini Pack;527;HBO Caribbean;SD;Series Y Peliculas;Si
Barbados;Prepago;HBO HD Mini Pack;528;HBO Signature;SD;Series Y Peliculas;Si
Barbados;Prepago;HBO HD Mini Pack;534;HBO Family East;SD;Series Y Peliculas;Si
Barbados;Prepago;HBO HD Mini Pack;541;HBO Pop;SD;Series Y Peliculas;Si
Barbados;Prepago;HBO HD Mini Pack;1527;HBO Caribbean HD;HD;Series Y Peliculas;Si
Barbados;Prepago;HBO HD Mini Pack;1528;HBO Signature HD;HD;Series Y Peliculas;Si
Barbados;Prepago;HBO HD Mini Pack;1534;HBO Family HD;HD;Series Y Peliculas;Si
Barbados;Prepago;HBO HD Mini Pack;527;HBO Caribbean;SD;Series Y Peliculas;Si
Barbados;Prepago;HBO HD Mini Pack;528;HBO Signature;SD;Series Y Peliculas;Si
Barbados;Prepago;HBO HD Mini Pack;534;HBO Family East;SD;Series Y Peliculas;Si
Barbados;Prepago;HBO HD Mini Pack;541;HBO Pop;SD;Series Y Peliculas;Si
Barbados;Prepago;Prepaid Bling;131;CNC3;SD;Noticias;Si
Barbados;Prepago;Prepaid Bling;134;Synergy;SD;Nacional;Si
Barbados;Prepago;Prepaid Bling;201;OnDIRECTV;SD;Hogar Y Variedades;Si
Barbados;Prepago;Prepaid Bling;202;Star Channel;SD;Series Y Peliculas;Si
Barbados;Prepago;Prepaid Bling;203;GSN;SD;Hogar Y Variedades;Si
Barbados;Prepago;Prepaid Bling;206;Warner Channel;SD;Series Y Peliculas;Si
Barbados;Prepago;Prepaid Bling;207;A&E LA;SD;Series Y Peliculas;Si
Barbados;Prepago;Prepaid Bling;208;Sony East;SD;Series Y Peliculas;Si
Barbados;Prepago;Prepaid Bling;209;AXN;SD;Series Y Peliculas;Si
Barbados;Prepago;Prepaid Bling;216;TeenNick;SD;Infantil;Si
Barbados;Prepago;Prepaid Bling;217;FX;SD;Series Y Peliculas;Si
Barbados;Prepago;Prepaid Bling;218;Universal TV;SD;Series Y Peliculas;Si
Barbados;Prepago;Prepaid Bling;220;Adult Swim;SD;Infantil;Si
Barbados;Prepago;Prepaid Bling;222;E! Entertainment;SD;Hogar Y Variedades;Si
Barbados;Prepago;Prepaid Bling;223;Investigation Discovery (ID);SD;Ciencia Y Cultura;Si
Barbados;Prepago;Prepaid Bling;228;Lifetime LA;SD;Series Y Peliculas;Si
Barbados;Prepago;Prepaid Bling;229;Discovery Home & Health;SD;Hogar Y Variedades;Si
Barbados;Prepago;Prepaid Bling;233;Food Network US;SD;Gastronómico;Si
Barbados;Prepago;Prepaid Bling;250;HGTV US;SD;Hogar Y Variedades;Si
Barbados;Prepago;Prepaid Bling;253;BET;SD;Hogar Y Variedades;Si
Barbados;Prepago;Prepaid Bling;304;Cartoon Network;SD;Infantil;Si
Barbados;Prepago;Prepaid Bling;314;Disney Channel;SD;Infantil;Si
Barbados;Prepago;Prepaid Bling;315;Disney Junior;SD;Infantil;Si
Barbados;Prepago;Prepaid Bling;330;Discovery Kids;SD;Infantil;Si
Barbados;Prepago;Prepaid Bling;334;Cartoonito;SD;Infantil;Si
Barbados;Prepago;Prepaid Bling;358;DayStar;SD;Religioso;Si
Barbados;Prepago;Prepaid Bling;502;TNT;SD;Series Y Peliculas;Si
Barbados;Prepago;Prepaid Bling;507;Cinecanal;SD;Series Y Peliculas;Si
Barbados;Prepago;Prepaid Bling;508;Studio Universal;SD;Series Y Peliculas;Si
Barbados;Prepago;Prepaid Bling;518;Space;SD;Series Y Peliculas;Si
Barbados;Prepago;Prepaid Bling;600;DSports Portal;SD;Deportes;Si
Barbados;Prepago;Prepaid Bling;610;Dsports;SD;Deportes;Si
Barbados;Prepago;Prepaid Bling;620;DSports Fight;SD;Deportes;Si
Barbados;Prepago;Prepaid Bling;621;ESPN Caribbean;SD;Deportes;Si
Barbados;Prepago;Prepaid Bling;622;ESPN 2 Caribbean;SD;Deportes;Si
Barbados;Prepago;Prepaid Bling;702;CNN;SD;Noticias;Si
Barbados;Prepago;Prepaid Bling;706;CNN International;SD;Noticias;Si
Barbados;Prepago;Prepaid Bling;710;Bloomberg;SD;Noticias;Si
Barbados;Prepago;Prepaid Bling;730;National Geographic;SD;Ciencia Y Cultura;Si
Barbados;Prepago;Prepaid Bling;732;Discovery Channel;SD;Ciencia Y Cultura;Si
Barbados;Prepago;Prepaid Bling;734;Animal Planet;SD;Ciencia Y Cultura;Si
Barbados;Prepago;Prepaid Bling;740;Discovery Travel & Living Channel (TLC);SD;Hogar Y Variedades;Si
Barbados;Prepago;Prepaid Bling;742;History Channel LA;SD;Ciencia Y Cultura;Si
Barbados;Prepago;Prepaid Bling;744;History 2 LA;SD;Ciencia Y Cultura;Si
Barbados;Prepago;Prepaid Bling;768;BBC News;SD;Informativo;Si
Barbados;Prepago;Prepaid Bling;1201;OnDIRECTV HD;HD;Hogar Y Variedades;Si
Barbados;Prepago;Prepaid Bling;1204;Star Channel HD;HD;Series Y Peliculas;Si
Barbados;Prepago;Prepaid Bling;1206;Warner Channel HD;HD;Series Y Peliculas;Si
Barbados;Prepago;Prepaid Bling;1207;A&E LA HD;HD;Series Y Peliculas;Si
Barbados;Prepago;Prepaid Bling;1208;Sony East HD;HD;Series Y Peliculas;Si
Barbados;Prepago;Prepaid Bling;1209;AXN HD;HD;Series Y Peliculas;Si
Barbados;Prepago;Prepaid Bling;1217;FX HD;HD;Series Y Peliculas;Si
Barbados;Prepago;Prepaid Bling;1218;Universal TV HD;HD;Series Y Peliculas;Si
Barbados;Prepago;Prepaid Bling;1222;E! Entertainment HD;HD;Hogar Y Variedades;Si
Barbados;Prepago;Prepaid Bling;1223;Investigation Discovery (ID) HD;HD;Ciencia Y Cultura;Si
Barbados;Prepago;Prepaid Bling;1228;Lifetime LA HD;HD;Series Y Peliculas;Si
Barbados;Prepago;Prepaid Bling;1229;Discovery Home & Health HD;HD;Hogar Y Variedades;Si
Barbados;Prepago;Prepaid Bling;1304;Cartoon Network HD;HD;Infantil;Si
Barbados;Prepago;Prepaid Bling;1312;Disney Channel HD;HD;Infantil;Si
Barbados;Prepago;Prepaid Bling;1315;Disney Junior HD;HD;Infantil;Si
Barbados;Prepago;Prepaid Bling;1317;BabyTV HD;HD;Infantil;Si
Barbados;Prepago;Prepaid Bling;1330;Discovery Kids HD;HD;Infantil;Si
Barbados;Prepago;Prepaid Bling;1502;TNT HD;HD;Series Y Peliculas;Si
Barbados;Prepago;Prepaid Bling;1507;Cinecanal HD;HD;Series Y Peliculas;Si
Barbados;Prepago;Prepaid Bling;1508;Studio Universal HD;HD;Series Y Peliculas;Si
Barbados;Prepago;Prepaid Bling;1518;Space HD;HD;Series Y Peliculas;Si
Barbados;Prepago;Prepaid Bling;1610;DSports HD;HD;Deportes;Si
Barbados;Prepago;Prepaid Bling;1620;DSports Fight HD;HD;Deportes;Si
Barbados;Prepago;Prepaid Bling;1621;ESPN Caribbean HD;HD;Deportes;Si
Barbados;Prepago;Prepaid Bling;1730;National Geographic HD;HD;Ciencia Y Cultura;Si
Barbados;Prepago;Prepaid Bling;1732;Discovery Channel HD;HD;Ciencia Y Cultura;Si
Barbados;Prepago;Prepaid Bling;1734;Animal Planet HD;HD;Ciencia Y Cultura;Si
Barbados;Prepago;Prepaid Bling;1740;Discovery Travel & Living Channel (TLC) HD;HD;Hogar Y Variedades;Si
Barbados;Prepago;Prepaid Bling;1742;History Channel LA HD;HD;Ciencia Y Cultura;Si
Barbados;Prepago;Prepaid Bling;1744;History 2 LA HD;HD;Ciencia Y Cultura;Si
Barbados;Prepago;Prepaid Loaded;131;CNC3;SD;Noticias;Si
Barbados;Prepago;Prepaid Loaded;134;Synergy;SD;Nacional;Si
Barbados;Prepago;Prepaid Loaded;201;OnDIRECTV;SD;Hogar Y Variedades;Si
Barbados;Prepago;Prepaid Loaded;202;Star Channel;SD;Series Y Peliculas;Si
Barbados;Prepago;Prepaid Loaded;203;GSN;SD;Hogar Y Variedades;Si
Barbados;Prepago;Prepaid Loaded;206;Warner Channel;SD;Series Y Peliculas;Si
Barbados;Prepago;Prepaid Loaded;207;A&E LA;SD;Series Y Peliculas;Si
Barbados;Prepago;Prepaid Loaded;208;Sony East;SD;Series Y Peliculas;Si
Barbados;Prepago;Prepaid Loaded;209;AXN;SD;Series Y Peliculas;Si
Barbados;Prepago;Prepaid Loaded;210;AMC LA;SD;Series Y Peliculas;Si
Barbados;Prepago;Prepaid Loaded;215;Comedy Central;SD;Series Y Peliculas;Si
Barbados;Prepago;Prepaid Loaded;216;TeenNick;SD;Infantil;Si
Barbados;Prepago;Prepaid Loaded;217;FX;SD;Series Y Peliculas;Si
Barbados;Prepago;Prepaid Loaded;218;Universal TV;SD;Series Y Peliculas;Si
Barbados;Prepago;Prepaid Loaded;219;USA Network;SD;Series Y Peliculas;Si
Barbados;Prepago;Prepaid Loaded;220;Adult Swim;SD;Infantil;Si
Barbados;Prepago;Prepaid Loaded;222;E! Entertainment;SD;Hogar Y Variedades;Si
Barbados;Prepago;Prepaid Loaded;223;Investigation Discovery (ID);SD;Ciencia Y Cultura;Si
Barbados;Prepago;Prepaid Loaded;228;Lifetime LA;SD;Series Y Peliculas;Si
Barbados;Prepago;Prepaid Loaded;229;Discovery Home & Health;SD;Hogar Y Variedades;Si
Barbados;Prepago;Prepaid Loaded;233;Food Network US;SD;Gastronómico;Si
Barbados;Prepago;Prepaid Loaded;250;HGTV US;SD;Hogar Y Variedades;Si
Barbados;Prepago;Prepaid Loaded;253;BET;SD;Hogar Y Variedades;Si
Barbados;Prepago;Prepaid Loaded;264;MTV LA;SD;Musical;Si
Barbados;Prepago;Prepaid Loaded;304;Cartoon Network;SD;Infantil;Si
Barbados;Prepago;Prepaid Loaded;308;Nickelodeon LA;SD;Infantil;Si
Barbados;Prepago;Prepaid Loaded;314;Disney Channel;SD;Infantil;Si
Barbados;Prepago;Prepaid Loaded;315;Disney Junior;SD;Infantil;Si
Barbados;Prepago;Prepaid Loaded;321;ZooMoo;SD;Infantil;Si
Barbados;Prepago;Prepaid Loaded;330;Discovery Kids;SD;Infantil;Si
Barbados;Prepago;Prepaid Loaded;334;Cartoonito;SD;Infantil;Si
Barbados;Prepago;Prepaid Loaded;358;DayStar;SD;Religioso;Si
Barbados;Prepago;Prepaid Loaded;502;TNT;SD;Series Y Peliculas;Si
Barbados;Prepago;Prepaid Loaded;507;Cinecanal;SD;Series Y Peliculas;Si
Barbados;Prepago;Prepaid Loaded;508;Studio Universal;SD;Series Y Peliculas;Si
Barbados;Prepago;Prepaid Loaded;509;Cinemax;SD;Series Y Peliculas;Si
Barbados;Prepago;Prepaid Loaded;510;Paramount Channel;SD;Series Y Peliculas;Si
Barbados;Prepago;Prepaid Loaded;513;DHE;SD;Series Y Peliculas;Si
Barbados;Prepago;Prepaid Loaded;518;Space;SD;Series Y Peliculas;Si
Barbados;Prepago;Prepaid Loaded;600;DSports Portal;SD;Deportes;Si
Barbados;Prepago;Prepaid Loaded;610;Dsports;SD;Deportes;Si
Barbados;Prepago;Prepaid Loaded;612;DSports 2;SD;Deportes;Si
Barbados;Prepago;Prepaid Loaded;620;DSports Fight;SD;Deportes;Si
Barbados;Prepago;Prepaid Loaded;621;ESPN Caribbean;SD;Deportes;Si
Barbados;Prepago;Prepaid Loaded;622;ESPN 2 Caribbean;SD;Deportes;Si
Barbados;Prepago;Prepaid Loaded;628;The Golf Channel LA;SD;Deportes;Si
Barbados;Prepago;Prepaid Loaded;667;Flow Sports Network;SD;Deportes;Si
Barbados;Prepago;Prepaid Loaded;702;CNN;SD;Noticias;Si
Barbados;Prepago;Prepaid Loaded;706;CNN International;SD;Noticias;Si
Barbados;Prepago;Prepaid Loaded;710;Bloomberg;SD;Noticias;Si
Barbados;Prepago;Prepaid Loaded;730;National Geographic;SD;Ciencia Y Cultura;Si
Barbados;Prepago;Prepaid Loaded;732;Discovery Channel;SD;Ciencia Y Cultura;Si
Barbados;Prepago;Prepaid Loaded;734;Animal Planet;SD;Ciencia Y Cultura;Si
Barbados;Prepago;Prepaid Loaded;740;Discovery Travel & Living Channel (TLC);SD;Hogar Y Variedades;Si
Barbados;Prepago;Prepaid Loaded;742;History Channel LA;SD;Ciencia Y Cultura;Si
Barbados;Prepago;Prepaid Loaded;744;History 2 LA;SD;Ciencia Y Cultura;Si
Barbados;Prepago;Prepaid Loaded;746;Film & Arts;SD;Ciencia Y Cultura;Si
Barbados;Prepago;Prepaid Loaded;768;BBC News;SD;Informativo;Si
Barbados;Prepago;Prepaid Loaded;1201;OnDIRECTV HD;HD;Hogar Y Variedades;Si
Barbados;Prepago;Prepaid Loaded;1204;Star Channel HD;HD;Series Y Peliculas;Si
Barbados;Prepago;Prepaid Loaded;1206;Warner Channel HD;HD;Series Y Peliculas;Si
Barbados;Prepago;Prepaid Loaded;1207;A&E LA HD;HD;Series Y Peliculas;Si
Barbados;Prepago;Prepaid Loaded;1208;Sony East HD;HD;Series Y Peliculas;Si
Barbados;Prepago;Prepaid Loaded;1209;AXN HD;HD;Series Y Peliculas;Si
Barbados;Prepago;Prepaid Loaded;1210;AMC LA HD;HD;Series Y Peliculas;Si
Barbados;Prepago;Prepaid Loaded;1215;Comedy Central HD;HD;Series Y Peliculas;Si
Barbados;Prepago;Prepaid Loaded;1217;FX HD;HD;Series Y Peliculas;Si
Barbados;Prepago;Prepaid Loaded;1218;Universal TV HD;HD;Series Y Peliculas;Si
Barbados;Prepago;Prepaid Loaded;1219;USA Network HD;HD;Series Y Peliculas;Si
Barbados;Prepago;Prepaid Loaded;1222;E! Entertainment HD;HD;Hogar Y Variedades;Si
Barbados;Prepago;Prepaid Loaded;1223;Investigation Discovery (ID) HD;HD;Ciencia Y Cultura;Si
Barbados;Prepago;Prepaid Loaded;1228;Lifetime LA HD;HD;Series Y Peliculas;Si
Barbados;Prepago;Prepaid Loaded;1229;Discovery Home & Health HD;HD;Hogar Y Variedades;Si
Barbados;Prepago;Prepaid Loaded;1264;MTV LA HD;HD;Musical;Si
Barbados;Prepago;Prepaid Loaded;1304;Cartoon Network HD;HD;Infantil;Si
Barbados;Prepago;Prepaid Loaded;1308;Nickelodeon LA HD;HD;Infantil;Si
Barbados;Prepago;Prepaid Loaded;1312;Disney Channel HD;HD;Infantil;Si
Barbados;Prepago;Prepaid Loaded;1315;Disney Junior HD;HD;Infantil;Si
Barbados;Prepago;Prepaid Loaded;1317;BabyTV HD;HD;Infantil;Si
Barbados;Prepago;Prepaid Loaded;1330;Discovery Kids HD;HD;Infantil;Si
Barbados;Prepago;Prepaid Loaded;1502;TNT HD;HD;Series Y Peliculas;Si
Barbados;Prepago;Prepaid Loaded;1507;Cinecanal HD;HD;Series Y Peliculas;Si
Barbados;Prepago;Prepaid Loaded;1508;Studio Universal HD;HD;Series Y Peliculas;Si
Barbados;Prepago;Prepaid Loaded;1509;Cinemax HD;HD;Series Y Peliculas;Si
Barbados;Prepago;Prepaid Loaded;1510;Paramount Channel HD;HD;Series Y Peliculas;Si
Barbados;Prepago;Prepaid Loaded;1513;DHE HD;HD;Series Y Peliculas;Si
Barbados;Prepago;Prepaid Loaded;1518;Space HD;HD;Series Y Peliculas;Si
Barbados;Prepago;Prepaid Loaded;1610;DSports HD;HD;Deportes;Si
Barbados;Prepago;Prepaid Loaded;1612;DSports 2 HD;HD;Deportes;Si
Barbados;Prepago;Prepaid Loaded;1620;DSports Fight HD;HD;Deportes;Si
Barbados;Prepago;Prepaid Loaded;1621;ESPN Caribbean HD;HD;Deportes;Si
Barbados;Prepago;Prepaid Loaded;1628;The Golf Channel LA HD;HD;Deportes;Si
Barbados;Prepago;Prepaid Loaded;1667;Flow Sports Network HD;HD;Deportes;Si
Barbados;Prepago;Prepaid Loaded;1730;National Geographic HD;HD;Ciencia Y Cultura;Si
Barbados;Prepago;Prepaid Loaded;1732;Discovery Channel HD;HD;Ciencia Y Cultura;Si
Barbados;Prepago;Prepaid Loaded;1734;Animal Planet HD;HD;Ciencia Y Cultura;Si
Barbados;Prepago;Prepaid Loaded;1740;Discovery Travel & Living Channel (TLC) HD;HD;Hogar Y Variedades;Si
Barbados;Prepago;Prepaid Loaded;1742;History Channel LA HD;HD;Ciencia Y Cultura;Si
Barbados;Prepago;Prepaid Loaded;1744;History 2 LA HD;HD;Ciencia Y Cultura;Si
Barbados;Prepago;Prepaid Slim;131;CNC3;SD;Noticias;Si
Barbados;Prepago;Prepaid Slim;134;Synergy;SD;Nacional;Si
Barbados;Prepago;Prepaid Slim;201;OnDIRECTV;SD;Hogar Y Variedades;Si
Barbados;Prepago;Prepaid Slim;202;Star Channel;SD;Series Y Peliculas;Si
Barbados;Prepago;Prepaid Slim;203;GSN;SD;Hogar Y Variedades;Si
Barbados;Prepago;Prepaid Slim;206;Warner Channel;SD;Series Y Peliculas;Si
Barbados;Prepago;Prepaid Slim;207;A&E LA;SD;Series Y Peliculas;Si
Barbados;Prepago;Prepaid Slim;208;Sony East;SD;Series Y Peliculas;Si
Barbados;Prepago;Prepaid Slim;209;AXN;SD;Series Y Peliculas;Si
Barbados;Prepago;Prepaid Slim;216;TeenNick;SD;Infantil;Si
Barbados;Prepago;Prepaid Slim;217;FX;SD;Series Y Peliculas;Si
Barbados;Prepago;Prepaid Slim;218;Universal TV;SD;Series Y Peliculas;Si
Barbados;Prepago;Prepaid Slim;220;Adult Swim;SD;Infantil;Si
Barbados;Prepago;Prepaid Slim;222;E! Entertainment;SD;Hogar Y Variedades;Si
Barbados;Prepago;Prepaid Slim;223;Investigation Discovery (ID);SD;Ciencia Y Cultura;Si
Barbados;Prepago;Prepaid Slim;228;Lifetime LA;SD;Series Y Peliculas;Si
Barbados;Prepago;Prepaid Slim;229;Discovery Home & Health;SD;Hogar Y Variedades;Si
Barbados;Prepago;Prepaid Slim;233;Food Network US;SD;Gastronómico;Si
Barbados;Prepago;Prepaid Slim;250;HGTV US;SD;Hogar Y Variedades;Si
Barbados;Prepago;Prepaid Slim;253;BET;SD;Hogar Y Variedades;Si
Barbados;Prepago;Prepaid Slim;304;Cartoon Network;SD;Infantil;Si
Barbados;Prepago;Prepaid Slim;314;Disney Channel;SD;Infantil;Si
Barbados;Prepago;Prepaid Slim;315;Disney Junior;SD;Infantil;Si
Barbados;Prepago;Prepaid Slim;318;Nat Geo Kids;SD;Infantil;Si
Barbados;Prepago;Prepaid Slim;334;Cartoonito;SD;Infantil;Si
Barbados;Prepago;Prepaid Slim;358;DayStar;SD;Religioso;Si
Barbados;Prepago;Prepaid Slim;502;TNT;SD;Series Y Peliculas;Si
Barbados;Prepago;Prepaid Slim;507;Cinecanal;SD;Series Y Peliculas;Si
Barbados;Prepago;Prepaid Slim;508;Studio Universal;SD;Series Y Peliculas;Si
Barbados;Prepago;Prepaid Slim;518;Space;SD;Series Y Peliculas;Si
Barbados;Prepago;Prepaid Slim;600;DSports Portal;SD;Deportes;Si
Barbados;Prepago;Prepaid Slim;610;Dsports;SD;Deportes;Si
Barbados;Prepago;Prepaid Slim;620;DSports Fight;SD;Deportes;Si
Barbados;Prepago;Prepaid Slim;621;ESPN Caribbean;SD;Deportes;Si
Barbados;Prepago;Prepaid Slim;622;ESPN 2 Caribbean;SD;Deportes;Si
Barbados;Prepago;Prepaid Slim;702;CNN;SD;Noticias;Si
Barbados;Prepago;Prepaid Slim;706;CNN International;SD;Noticias;Si
Barbados;Prepago;Prepaid Slim;710;Bloomberg;SD;Noticias;Si
Barbados;Prepago;Prepaid Slim;730;National Geographic;SD;Ciencia Y Cultura;Si
Barbados;Prepago;Prepaid Slim;732;Discovery Channel;SD;Ciencia Y Cultura;Si
Barbados;Prepago;Prepaid Slim;734;Animal Planet;SD;Ciencia Y Cultura;Si
Barbados;Prepago;Prepaid Slim;740;Discovery Travel & Living Channel (TLC);SD;Hogar Y Variedades;Si
Barbados;Prepago;Prepaid Slim;742;History Channel LA;SD;Ciencia Y Cultura;Si
Barbados;Prepago;Prepaid Slim;744;History 2 LA;SD;Ciencia Y Cultura;Si
Barbados;Prepago;Prepaid Slim;768;BBC News;SD;Informativo;Si
Curazao;Pospago;A La Carta;776;Globo Internacional;SD;Nacional;Si
Curazao;Pospago;A La Carta;788;VTV;SD;Nacional;Si
Curazao;Pospago;Bronze;131;CNC3;SD;Noticias;Si
Curazao;Pospago;Bronze;201;OnDIRECTV;SD;Hogar Y Variedades;Si
Curazao;Pospago;Bronze;202;Star Channel;SD;Series Y Peliculas;Si
Curazao;Pospago;Bronze;203;GSN;SD;Hogar Y Variedades;Si
Curazao;Pospago;Bronze;206;Warner Channel;SD;Series Y Peliculas;Si
Curazao;Pospago;Bronze;207;A&E LA;SD;Series Y Peliculas;Si
Curazao;Pospago;Bronze;208;Sony East;SD;Series Y Peliculas;Si
Curazao;Pospago;Bronze;209;AXN;SD;Series Y Peliculas;Si
Curazao;Pospago;Bronze;210;AMC LA;SD;Series Y Peliculas;Si
Curazao;Pospago;Bronze;216;TeenNick;SD;Infantil;Si
Curazao;Pospago;Bronze;217;FX;SD;Series Y Peliculas;Si
Curazao;Pospago;Bronze;218;Universal TV;SD;Series Y Peliculas;Si
Curazao;Pospago;Bronze;219;USA Network;SD;Series Y Peliculas;Si
Curazao;Pospago;Bronze;220;Adult Swim;SD;Infantil;Si
Curazao;Pospago;Bronze;222;E! Entertainment;SD;Hogar Y Variedades;Si
Curazao;Pospago;Bronze;223;Investigation Discovery (ID);SD;Ciencia Y Cultura;Si
Curazao;Pospago;Bronze;228;Lifetime LA;SD;Series Y Peliculas;Si
Curazao;Pospago;Bronze;229;Discovery Home & Health;SD;Hogar Y Variedades;Si
Curazao;Pospago;Bronze;233;Food Network US;SD;Gastronómico;Si
Curazao;Pospago;Bronze;250;HGTV US;SD;Hogar Y Variedades;Si
Curazao;Pospago;Bronze;253;BET;SD;Hogar Y Variedades;Si
Curazao;Pospago;Bronze;264;MTV LA;SD;Musical;Si
Curazao;Pospago;Bronze;304;Cartoon Network;SD;Infantil;Si
Curazao;Pospago;Bronze;314;Disney Channel;SD;Infantil;Si
Curazao;Pospago;Bronze;315;Disney Junior;SD;Infantil;Si
Curazao;Pospago;Bronze;321;ZooMoo;SD;Infantil;Si
Curazao;Pospago;Bronze;330;Discovery Kids;SD;Infantil;Si
Curazao;Pospago;Bronze;334;Cartoonito;SD;Infantil;Si
Curazao;Pospago;Bronze;502;TNT;SD;Series Y Peliculas;Si
Curazao;Pospago;Bronze;507;Cinecanal;SD;Series Y Peliculas;Si
Curazao;Pospago;Bronze;508;Studio Universal;SD;Series Y Peliculas;Si
Curazao;Pospago;Bronze;510;Paramount Channel;SD;Series Y Peliculas;Si
Curazao;Pospago;Bronze;518;Space;SD;Series Y Peliculas;Si
Curazao;Pospago;Bronze;600;DSports Portal;SD;Deportes;Si
Curazao;Pospago;Bronze;610;Dsports;SD;Deportes;Si
Curazao;Pospago;Bronze;612;DSports 2;SD;Deportes;Si
Curazao;Pospago;Bronze;620;DSports Fight;SD;Deportes;Si
Curazao;Pospago;Bronze;621;ESPN Caribbean;SD;Deportes;Si
Curazao;Pospago;Bronze;622;ESPN 2 Caribbean;SD;Deportes;Si
Curazao;Pospago;Bronze;628;The Golf Channel LA;SD;Deportes;Si
Curazao;Pospago;Bronze;667;Flow Sports Network;SD;Deportes;Si
Curazao;Pospago;Bronze;702;CNN;SD;Noticias;Si
Curazao;Pospago;Bronze;706;CNN International;SD;Noticias;Si
Curazao;Pospago;Bronze;710;Bloomberg;SD;Noticias;Si
Curazao;Pospago;Bronze;730;National Geographic;SD;Ciencia Y Cultura;Si
Curazao;Pospago;Bronze;732;Discovery Channel;SD;Ciencia Y Cultura;Si
Curazao;Pospago;Bronze;734;Animal Planet;SD;Ciencia Y Cultura;Si
Curazao;Pospago;Bronze;740;Discovery Travel & Living Channel (TLC);SD;Hogar Y Variedades;Si
Curazao;Pospago;Bronze;742;History Channel LA;SD;Ciencia Y Cultura;Si
Curazao;Pospago;Bronze;744;History 2 LA;SD;Ciencia Y Cultura;Si
Curazao;Pospago;Bronze;746;Film & Arts;SD;Ciencia Y Cultura;Si
Curazao;Pospago;Bronze;768;BBC News;SD;Informativo;Si
Curazao;Pospago;Direct International;766;Rai Italia;SD;Nacional;Si
Curazao;Pospago;Direct International;770;Deutsche Welle (DW);SD;Noticias;Si
Curazao;Pospago;Direct International;778;RTP Internacional;SD;Nacional;Si
Curazao;Pospago;Direct International;782;NHK World;SD;Informativo;Si
Curazao;Pospago;Directv Latino (Premium);127;DShow;SD;Hogar Y Variedades;Si
Curazao;Pospago;Directv Latino (Premium);214;Atres Series;SD;Series Y Peliculas;Si
Curazao;Pospago;Directv Latino (Premium);221;¡Hola! TV;SD;Hogar Y Variedades;Si
Curazao;Pospago;Directv Latino (Premium);225;Pasiones;SD;Telenovelas;Si
Curazao;Pospago;Directv Latino (Premium);226;El Canal de las Estrellas;SD;Nacional;Si
Curazao;Pospago;Directv Latino (Premium);227;TLnovelas;SD;Telenovelas;Si
Curazao;Pospago;Directv Latino (Premium);231;Telemundo Internacional;SD;Telenovelas;Si
Curazao;Pospago;Directv Latino (Premium);232;El Gourmet;SD;Gastronómico;Si
Curazao;Pospago;Directv Latino (Premium);235;IVC;SD;Hogar Y Variedades;Si
Curazao;Pospago;Directv Latino (Premium);269;Quiero Música en Mi Idioma (QMusic);SD;Musical;Si
Curazao;Pospago;Directv Latino (Premium);352;Enlace;SD;Religioso;Si
Curazao;Pospago;Directv Latino (Premium);514;Cine Latino;SD;Series Y Peliculas;Si
Curazao;Pospago;Directv Latino (Premium);516;De Película;SD;Series Y Peliculas;Si
Curazao;Pospago;Directv Latino (Premium);624;ESPN 5;SD;Deportes;Si
Curazao;Pospago;Directv Latino (Premium);626;ESPN 6;SD;Deportes;Si
Curazao;Pospago;Directv Latino (Premium);627;ESPN 7;SD;Deportes;Si
Curazao;Pospago;Directv Latino (Premium);704;CNN en Español;SD;Noticias;Si
Curazao;Pospago;Directv Latino (Premium);707;CNN Chile;SD;Noticias;Si
Curazao;Pospago;Directv Latino (Premium);708;TVN 24 HORAS;SD;Noticias;Si
Curazao;Pospago;Directv Latino (Premium);716;Todo Noticias (TN);SD;Noticias;Si
Curazao;Pospago;Directv Latino (Premium);720;Canal 26;SD;Noticias;Si
Curazao;Pospago;Directv Latino (Premium);725;NTN 24;SD;Noticias;Si
Curazao;Pospago;Directv Latino (Premium);727;Cable Noticias;SD;Noticias;Si
Curazao;Pospago;Directv Latino (Premium);760;Univision;SD;Nacional;Si
Curazao;Pospago;Directv Latino (Premium);762;Antena 3;SD;Nacional;Si
Curazao;Pospago;Directv Latino (Premium);772;Caracol Internacional;SD;Nacional;Si
Curazao;Pospago;Directv Latino (Premium);775;RCN Nuestra Tele;SD;Nacional;Si
Curazao;Pospago;Directv Latino (Premium);784;El Trece Internacional;SD;Nacional;Si
Curazao;Pospago;Directv Latino (Premium);1127;DShow HD;HD;Hogar Y Variedades;Si
Curazao;Pospago;Directv Latino (Premium);1214;Atres Series HD;HD;Series Y Peliculas;Si
Curazao;Pospago;Directv Latino (Premium);1221;¡Hola! TV HD;HD;Hogar Y Variedades;Si
Curazao;Pospago;Directv Latino (Premium);1225;Pasiones HD;HD;Telenovelas;Si
Curazao;Pospago;Directv Latino (Premium);1232;El Gourmet HD;HD;Gastronómico;Si
Curazao;Pospago;Directv Latino (Premium);1235;IVC HD;HD;Hogar Y Variedades;Si
Curazao;Pospago;Directv Latino (Premium);1519;Atres Cinema HD;HD;Series Y Peliculas;Si
Curazao;Pospago;Directv Latino (Premium);1624;ESPN 5 HD;HD;Deportes;Si
Curazao;Pospago;Directv Latino (Premium);1626;ESPN 6 HD;HD;Deportes;Si
Curazao;Pospago;Directv Latino (Premium);1627;ESPN 7 HD;HD;Deportes;Si
Curazao;Pospago;Directv Latino (Premium);1639;PX Sports;HD;Deportes;Si
Curazao;Pospago;Directv Latino (Premium);1762;Antena 3 HD;HD;Nacional;Si
Curazao;Pospago;Exxotico;469;XTSY;SD;Hogar Y Variedades;Si
Curazao;Pospago;Exxotico;470;Hustler;SD;Adultos;Si
Curazao;Pospago;Gold / Gold +;131;CNC3;SD;Noticias;Si
Curazao;Pospago;Gold / Gold +;134;Synergy;SD;Nacional;Si
Curazao;Pospago;Gold / Gold +;201;OnDIRECTV;SD;Hogar Y Variedades;Si
Curazao;Pospago;Gold / Gold +;202;Star Channel;SD;Series Y Peliculas;Si
Curazao;Pospago;Gold / Gold +;203;GSN;SD;Hogar Y Variedades;Si
Curazao;Pospago;Gold / Gold +;206;Warner Channel;SD;Series Y Peliculas;Si
Curazao;Pospago;Gold / Gold +;207;A&E LA;SD;Series Y Peliculas;Si
Curazao;Pospago;Gold / Gold +;208;Sony East;SD;Series Y Peliculas;Si
Curazao;Pospago;Gold / Gold +;209;AXN;SD;Series Y Peliculas;Si
Curazao;Pospago;Gold / Gold +;210;AMC LA;SD;Series Y Peliculas;Si
Curazao;Pospago;Gold / Gold +;213;TNT Series;SD;Series Y Peliculas;Si
Curazao;Pospago;Gold / Gold +;215;Comedy Central;SD;Series Y Peliculas;Si
Curazao;Pospago;Gold / Gold +;216;TeenNick;SD;Infantil;Si
Curazao;Pospago;Gold / Gold +;217;FX;SD;Series Y Peliculas;Si
Curazao;Pospago;Gold / Gold +;218;Universal TV;SD;Series Y Peliculas;Si
Curazao;Pospago;Gold / Gold +;219;USA Network;SD;Series Y Peliculas;Si
Curazao;Pospago;Gold / Gold +;220;Adult Swim;SD;Infantil;Si
Curazao;Pospago;Gold / Gold +;222;E! Entertainment;SD;Hogar Y Variedades;Si
Curazao;Pospago;Gold / Gold +;223;Investigation Discovery (ID);SD;Ciencia Y Cultura;Si
Curazao;Pospago;Gold / Gold +;228;Lifetime LA;SD;Series Y Peliculas;Si
Curazao;Pospago;Gold / Gold +;229;Discovery Home & Health;SD;Hogar Y Variedades;Si
Curazao;Pospago;Gold / Gold +;233;Food Network US;SD;Gastronómico;Si
Curazao;Pospago;Gold / Gold +;250;HGTV US;SD;Hogar Y Variedades;Si
Curazao;Pospago;Gold / Gold +;251;Lifetime USA;SD;Series Y Peliculas;Si
Curazao;Pospago;Gold / Gold +;253;BET;SD;Hogar Y Variedades;Si
Curazao;Pospago;Gold / Gold +;254;Paramount Channel;SD;Series Y Peliculas;Si
Curazao;Pospago;Gold / Gold +;256;A&E USA;SD;Series Y Peliculas;Si
Curazao;Pospago;Gold / Gold +;260;MTV USA HD;SD;Musical;Si
Curazao;Pospago;Gold / Gold +;262;VH1 USA;SD;Musical;Si
Curazao;Pospago;Gold / Gold +;264;MTV LA;SD;Musical;Si
Curazao;Pospago;Gold / Gold +;304;Cartoon Network;SD;Infantil;Si
Curazao;Pospago;Gold / Gold +;308;Nickelodeon LA;SD;Infantil;Si
Curazao;Pospago;Gold / Gold +;314;Disney Channel;SD;Infantil;Si
Curazao;Pospago;Gold / Gold +;315;Disney Junior;SD;Infantil;Si
Curazao;Pospago;Gold / Gold +;321;ZooMoo;SD;Infantil;Si
Curazao;Pospago;Gold / Gold +;322;Nickelodeon USA;SD;Infantil;Si
Curazao;Pospago;Gold / Gold +;330;Discovery Kids;SD;Infantil;Si
Curazao;Pospago;Gold / Gold +;334;Cartoonito;SD;Infantil;Si
Curazao;Pospago;Gold / Gold +;358;DayStar;SD;Religioso;Si
Curazao;Pospago;Gold / Gold +;501;LMN US;SD;Series Y Peliculas;Si
Curazao;Pospago;Gold / Gold +;502;TNT;SD;Series Y Peliculas;Si
Curazao;Pospago;Gold / Gold +;503;Golden;SD;Series Y Peliculas;Si
Curazao;Pospago;Gold / Gold +;506;Sony Movies;SD;Series Y Peliculas;Si
Curazao;Pospago;Gold / Gold +;507;Cinecanal;SD;Series Y Peliculas;Si
Curazao;Pospago;Gold / Gold +;508;Studio Universal;SD;Series Y Peliculas;Si
Curazao;Pospago;Gold / Gold +;509;Cinemax;SD;Series Y Peliculas;Si
Curazao;Pospago;Gold / Gold +;510;Paramount Channel;SD;Series Y Peliculas;Si
Curazao;Pospago;Gold / Gold +;513;DHE;SD;Series Y Peliculas;Si
Curazao;Pospago;Gold / Gold +;517;Golden Edge;SD;Series Y Peliculas;Si
Curazao;Pospago;Gold / Gold +;518;Space;SD;Series Y Peliculas;Si
Curazao;Pospago;Gold / Gold +;600;DSports Portal;SD;Deportes;Si
Curazao;Pospago;Gold / Gold +;610;Dsports;SD;Deportes;Si
Curazao;Pospago;Gold / Gold +;612;DSports 2;SD;Deportes;Si
Curazao;Pospago;Gold / Gold +;620;DSports Fight;SD;Deportes;Si
Curazao;Pospago;Gold / Gold +;621;ESPN Caribbean;SD;Deportes;Si
Curazao;Pospago;Gold / Gold +;622;ESPN 2 Caribbean;SD;Deportes;Si
Curazao;Pospago;Gold / Gold +;628;The Golf Channel LA;SD;Deportes;Si
Curazao;Pospago;Gold / Gold +;667;Flow Sports Network;SD;Deportes;Si
Curazao;Pospago;Gold / Gold +;702;CNN;SD;Noticias;Si
Curazao;Pospago;Gold / Gold +;706;CNN International;SD;Noticias;Si
Curazao;Pospago;Gold / Gold +;710;Bloomberg;SD;Noticias;Si
Curazao;Pospago;Gold / Gold +;730;National Geographic;SD;Ciencia Y Cultura;Si
Curazao;Pospago;Gold / Gold +;732;Discovery Channel;SD;Ciencia Y Cultura;Si
Curazao;Pospago;Gold / Gold +;734;Animal Planet;SD;Ciencia Y Cultura;Si
Curazao;Pospago;Gold / Gold +;736;Discovery Turbo;SD;Hogar Y Variedades;Si
Curazao;Pospago;Gold / Gold +;740;Discovery Travel & Living Channel (TLC);SD;Hogar Y Variedades;Si
Curazao;Pospago;Gold / Gold +;742;History Channel LA;SD;Ciencia Y Cultura;Si
Curazao;Pospago;Gold / Gold +;744;History 2 LA;SD;Ciencia Y Cultura;Si
Curazao;Pospago;Gold / Gold +;746;Film & Arts;SD;Ciencia Y Cultura;Si
Curazao;Pospago;Gold / Gold +;756;History Channel US;SD;Ciencia Y Cultura;Si
Curazao;Pospago;Gold / Gold +;768;BBC News;SD;Informativo;Si
Curazao;Pospago;Gold / Gold +;1201;OnDIRECTV HD;HD;Hogar Y Variedades;Si
Curazao;Pospago;Gold / Gold +;1204;Star Channel HD;HD;Series Y Peliculas;Si
Curazao;Pospago;Gold / Gold +;1206;Warner Channel HD;HD;Series Y Peliculas;Si
Curazao;Pospago;Gold / Gold +;1207;A&E LA HD;HD;Series Y Peliculas;Si
Curazao;Pospago;Gold / Gold +;1208;Sony East HD;HD;Series Y Peliculas;Si
Curazao;Pospago;Gold / Gold +;1209;AXN HD;HD;Series Y Peliculas;Si
Curazao;Pospago;Gold / Gold +;1210;AMC LA HD;HD;Series Y Peliculas;Si
Curazao;Pospago;Gold / Gold +;1213;TNT Series HD;HD;Series Y Peliculas;Si
Curazao;Pospago;Gold / Gold +;1215;Comedy Central HD;HD;Series Y Peliculas;Si
Curazao;Pospago;Gold / Gold +;1217;FX HD;HD;Series Y Peliculas;Si
Curazao;Pospago;Gold / Gold +;1218;Universal TV HD;HD;Series Y Peliculas;Si
Curazao;Pospago;Gold / Gold +;1219;USA Network HD;HD;Series Y Peliculas;Si
Curazao;Pospago;Gold / Gold +;1222;E! Entertainment HD;HD;Hogar Y Variedades;Si
Curazao;Pospago;Gold / Gold +;1223;Investigation Discovery (ID) HD;HD;Ciencia Y Cultura;Si
Curazao;Pospago;Gold / Gold +;1228;Lifetime LA HD;HD;Series Y Peliculas;Si
Curazao;Pospago;Gold / Gold +;1229;Discovery Home & Health HD;HD;Hogar Y Variedades;Si
Curazao;Pospago;Gold / Gold +;1236;VePlus HD;HD;Hogar Y Variedades;Si
Curazao;Pospago;Gold / Gold +;1264;MTV LA HD;HD;Musical;Si
Curazao;Pospago;Gold / Gold +;1304;Cartoon Network HD;HD;Infantil;Si
Curazao;Pospago;Gold / Gold +;1308;Nickelodeon LA HD;HD;Infantil;Si
Curazao;Pospago;Gold / Gold +;1309;Nick Jr. LA HD;HD;Infantil;Si
Curazao;Pospago;Gold / Gold +;1312;Disney Channel HD;HD;Infantil;Si
Curazao;Pospago;Gold / Gold +;1315;Disney Junior HD;HD;Infantil;Si
Curazao;Pospago;Gold / Gold +;1317;BabyTV HD;HD;Infantil;Si
Curazao;Pospago;Gold / Gold +;1330;Discovery Kids HD;HD;Infantil;Si
Curazao;Pospago;Gold / Gold +;1502;TNT HD;HD;Series Y Peliculas;Si
Curazao;Pospago;Gold / Gold +;1503;Golden HD;HD;Series Y Peliculas;Si
Curazao;Pospago;Gold / Gold +;1506;Sony Movies HD;HD;Series Y Peliculas;Si
Curazao;Pospago;Gold / Gold +;1507;Cinecanal HD;HD;Series Y Peliculas;Si
Curazao;Pospago;Gold / Gold +;1508;Studio Universal HD;HD;Series Y Peliculas;Si
Curazao;Pospago;Gold / Gold +;1509;Cinemax HD;HD;Series Y Peliculas;Si
Curazao;Pospago;Gold / Gold +;1510;Paramount Channel HD;HD;Series Y Peliculas;Si
Curazao;Pospago;Gold / Gold +;1513;DHE HD;HD;Series Y Peliculas;Si
Curazao;Pospago;Gold / Gold +;1515;Europa Europa HD;HD;Series Y Peliculas;Si
Curazao;Pospago;Gold / Gold +;1518;Space HD;HD;Series Y Peliculas;Si
Curazao;Pospago;Gold / Gold +;1521;TV Cortos HD;HD;Series Y Peliculas;Si
Curazao;Pospago;Gold / Gold +;1610;DSports HD;HD;Deportes;Si
Curazao;Pospago;Gold / Gold +;1612;DSports 2 HD;HD;Deportes;Si
Curazao;Pospago;Gold / Gold +;1620;DSports Fight HD;HD;Deportes;Si
Curazao;Pospago;Gold / Gold +;1621;ESPN Caribbean HD;HD;Deportes;Si
Curazao;Pospago;Gold / Gold +;1628;The Golf Channel LA HD;HD;Deportes;Si
Curazao;Pospago;Gold / Gold +;1667;Flow Sports Network HD;HD;Deportes;Si
Curazao;Pospago;Gold / Gold +;1730;National Geographic HD;HD;Ciencia Y Cultura;Si
Curazao;Pospago;Gold / Gold +;1731;Discovery Theater HD;HD;Ciencia Y Cultura;Si
Curazao;Pospago;Gold / Gold +;1732;Discovery Channel HD;HD;Ciencia Y Cultura;Si
Curazao;Pospago;Gold / Gold +;1734;Animal Planet HD;HD;Ciencia Y Cultura;Si
Curazao;Pospago;Gold / Gold +;1738;Discovery World HD;HD;Ciencia Y Cultura;Si
Curazao;Pospago;Gold / Gold +;1740;Discovery Travel & Living Channel (TLC) HD;HD;Hogar Y Variedades;Si
Curazao;Pospago;Gold / Gold +;1742;History Channel LA HD;HD;Ciencia Y Cultura;Si
Curazao;Pospago;Gold / Gold +;1744;History 2 LA HD;HD;Ciencia Y Cultura;Si
Curazao;Pospago;HBO Mini;527;HBO Caribbean;SD;Series Y Peliculas;Si
Curazao;Pospago;HBO Mini;528;HBO Signature;SD;Series Y Peliculas;Si
Curazao;Pospago;HBO Mini;534;HBO Family;SD;Series Y Peliculas;Si
Curazao;Pospago;HBO Mini;1527;HBO Caribbean HD;HD;Series Y Peliculas;Si
Curazao;Pospago;HBO Mini;1528;HBO Signature HD;HD;Series Y Peliculas;Si
Curazao;Pospago;HBO Mini;1532;HBO Plus HD;HD;Series Y Peliculas;Si
Curazao;Pospago;HBO Mini;1534;HBO Family HD;HD;Series Y Peliculas;Si
Curazao;Pospago;HBO Pack;524;HBO;SD;Series Y Peliculas;Si
Curazao;Pospago;HBO Pack;525;HBO 2;SD;Series Y Peliculas;Si
Curazao;Pospago;HBO Pack;526;HBO Plus East;SD;Series Y Peliculas;Si
Curazao;Pospago;HBO Pack;527;HBO Caribbean;SD;Series Y Peliculas;Si
Curazao;Pospago;HBO Pack;528;HBO Signature;SD;Series Y Peliculas;Si
Curazao;Pospago;HBO Pack;534;HBO Family East;SD;Series Y Peliculas;Si
Curazao;Pospago;HBO Pack;540;HBO Mundi;SD;Series Y Peliculas;Si
Curazao;Pospago;HBO Pack;541;HBO Pop;SD;Series Y Peliculas;Si
Curazao;Pospago;HBO Pack;542;HBO Xtreme;SD;Series Y Peliculas;Si
Curazao;Pospago;HBO Pack;1524;HBO HD;HD;Series Y Peliculas;Si
Curazao;Pospago;HBO Pack;1525;HBO 2 HD;HD;Series Y Peliculas;Si
Curazao;Pospago;HBO Pack;1527;HBO Caribbean HD;HD;Series Y Peliculas;Si
Curazao;Pospago;HBO Pack;1528;HBO Signature HD;HD;Series Y Peliculas;Si
Curazao;Pospago;HBO Pack;1532;HBO Plus East HD;HD;Series Y Peliculas;Si
Curazao;Pospago;HBO Pack;1534;HBO Family HD;HD;Series Y Peliculas;Si
Curazao;Pospago;HBO Pack;1540;HBO Mundi Caribbean;HD;Series Y Peliculas;Si
Curazao;Pospago;HBO Pack;1542;HBO Xtreme HD;HD;Series Y Peliculas;Si
Curazao;Pospago;Hot Pack;464;Playboy TV;SD;Adultos;Si
Curazao;Pospago;Hot Pack;468;Venus;SD;Adultos;Si
Curazao;Pospago;Lite;131;CNC3;SD;Noticias;Si
Curazao;Pospago;Lite;134;Synergy;SD;Nacional;Si
Curazao;Pospago;Lite;202;Star Channel;SD;Series Y Peliculas;Si
Curazao;Pospago;Lite;203;GSN;SD;Hogar Y Variedades;Si
Curazao;Pospago;Lite;206;Warner Channel;SD;Series Y Peliculas;Si
Curazao;Pospago;Lite;207;A&E LA;SD;Series Y Peliculas;Si
Curazao;Pospago;Lite;208;Sony East;SD;Series Y Peliculas;Si
Curazao;Pospago;Lite;217;FX;SD;Series Y Peliculas;Si
Curazao;Pospago;Lite;218;Universal TV;SD;Series Y Peliculas;Si
Curazao;Pospago;Lite;222;E! Entertainment;SD;Hogar Y Variedades;Si
Curazao;Pospago;Lite;223;Investigation Discovery (ID);SD;Ciencia Y Cultura;Si
Curazao;Pospago;Lite;229;Discovery Home & Health;SD;Hogar Y Variedades;Si
Curazao;Pospago;Lite;233;Food Network US;SD;Gastronómico;Si
Curazao;Pospago;Lite;250;HGTV US;SD;Hogar Y Variedades;Si
Curazao;Pospago;Lite;264;MTV LA;SD;Musical;Si
Curazao;Pospago;Lite;308;Nickelodeon LA;SD;Infantil;Si
Curazao;Pospago;Lite;314;Disney Channel;SD;Infantil;Si
Curazao;Pospago;Lite;315;Disney Junior;SD;Infantil;Si
Curazao;Pospago;Lite;330;Discovery Kids;SD;Infantil;Si
Curazao;Pospago;Lite;358;DayStar;SD;Religioso;Si
Curazao;Pospago;Lite;507;Cinecanal;SD;Series Y Peliculas;Si
Curazao;Pospago;Lite;508;Studio Universal;SD;Series Y Peliculas;Si
Curazao;Pospago;Lite;621;ESPN Caribbean;SD;Deportes;Si
Curazao;Pospago;Lite;622;ESPN 2 Caribbean;SD;Deportes;Si
Curazao;Pospago;Lite;702;CNN;SD;Noticias;Si
Curazao;Pospago;Lite;730;National Geographic;SD;Ciencia Y Cultura;Si
Curazao;Pospago;Lite;732;Discovery Channel;SD;Ciencia Y Cultura;Si
Curazao;Pospago;Lite;734;Animal Planet;SD;Ciencia Y Cultura;Si
Curazao;Pospago;Lite;740;Discovery Travel & Living Channel (TLC);SD;Hogar Y Variedades;Si
Curazao;Pospago;Lite;1204;Star Channel HD;HD;Series Y Peliculas;Si
Curazao;Pospago;Lite;1206;Warner Channel HD;HD;Series Y Peliculas;Si
Curazao;Pospago;Lite;1207;A&E LA HD;HD;Series Y Peliculas;Si
Curazao;Pospago;Lite;1208;Sony East HD;HD;Series Y Peliculas;Si
Curazao;Pospago;Lite;1217;FX HD;HD;Series Y Peliculas;Si
Curazao;Pospago;Lite;1218;Universal TV HD;HD;Series Y Peliculas;Si
Curazao;Pospago;Lite;1222;E! Entertainment HD;HD;Hogar Y Variedades;Si
Curazao;Pospago;Lite;1223;Investigation Discovery (ID) HD;HD;Ciencia Y Cultura;Si
Curazao;Pospago;Lite;1229;Discovery Home & Health HD;HD;Hogar Y Variedades;Si
Curazao;Pospago;Lite;1264;MTV LA HD;HD;Musical;Si
Curazao;Pospago;Lite;1308;Nickelodeon LA HD;HD;Infantil;Si
Curazao;Pospago;Lite;1312;Disney Channel HD;HD;Infantil;Si
Curazao;Pospago;Lite;1315;Disney Junior HD;HD;Infantil;Si
Curazao;Pospago;Lite;1330;Discovery Kids HD;HD;Infantil;Si
Curazao;Pospago;Lite;1507;Cinecanal HD;HD;Series Y Peliculas;Si
Curazao;Pospago;Lite;1508;Studio Universal HD;HD;Series Y Peliculas;Si
Curazao;Pospago;Lite;1621;ESPN Caribbean HD;HD;Deportes;Si
Curazao;Pospago;Lite;1730;National Geographic HD;HD;Ciencia Y Cultura;Si
Curazao;Pospago;Lite;1732;Discovery Channel HD;HD;Ciencia Y Cultura;Si
Curazao;Pospago;Lite;1734;Animal Planet HD;HD;Ciencia Y Cultura;Si
Curazao;Pospago;Lite;1740;Discovery Travel & Living Channel (TLC) HD;HD;Hogar Y Variedades;Si
Curazao;Pospago;Platinum;127;DShow;SD;Hogar Y Variedades;Si
Curazao;Pospago;Platinum;131;CNC3;SD;Noticias;Si
Curazao;Pospago;Platinum;134;Synergy;SD;Nacional;Si
Curazao;Pospago;Platinum;201;OnDIRECTV;SD;Hogar Y Variedades;Si
Curazao;Pospago;Platinum;202;Star Channel;SD;Series Y Peliculas;Si
Curazao;Pospago;Platinum;203;GSN;SD;Hogar Y Variedades;Si
Curazao;Pospago;Platinum;206;Warner Channel;SD;Series Y Peliculas;Si
Curazao;Pospago;Platinum;207;A&E LA;SD;Series Y Peliculas;Si
Curazao;Pospago;Platinum;208;Sony East;SD;Series Y Peliculas;Si
Curazao;Pospago;Platinum;209;AXN;SD;Series Y Peliculas;Si
Curazao;Pospago;Platinum;210;AMC LA;SD;Series Y Peliculas;Si
Curazao;Pospago;Platinum;213;TNT Series;SD;Series Y Peliculas;Si
Curazao;Pospago;Platinum;214;Atres Series;SD;Series Y Peliculas;Si
Curazao;Pospago;Platinum;215;Comedy Central;SD;Series Y Peliculas;Si
Curazao;Pospago;Platinum;216;TeenNick;SD;Infantil;Si
Curazao;Pospago;Platinum;217;FX;SD;Series Y Peliculas;Si
Curazao;Pospago;Platinum;218;Universal TV;SD;Series Y Peliculas;Si
Curazao;Pospago;Platinum;219;USA Network;SD;Series Y Peliculas;Si
Curazao;Pospago;Platinum;220;Adult Swim;SD;Infantil;Si
Curazao;Pospago;Platinum;221;¡Hola! TV;SD;Hogar Y Variedades;Si
Curazao;Pospago;Platinum;222;E! Entertainment;SD;Hogar Y Variedades;Si
Curazao;Pospago;Platinum;223;Investigation Discovery (ID);SD;Ciencia Y Cultura;Si
Curazao;Pospago;Platinum;225;Pasiones;SD;Telenovelas;Si
Curazao;Pospago;Platinum;226;El Canal de las Estrellas;SD;Nacional;Si
Curazao;Pospago;Platinum;227;TLnovelas;SD;Telenovelas;Si
Curazao;Pospago;Platinum;228;Lifetime LA;SD;Series Y Peliculas;Si
Curazao;Pospago;Platinum;229;Discovery Home & Health;SD;Hogar Y Variedades;Si
Curazao;Pospago;Platinum;231;Telemundo Internacional;SD;Telenovelas;Si
Curazao;Pospago;Platinum;232;El Gourmet;SD;Gastronómico;Si
Curazao;Pospago;Platinum;233;Food Network US;SD;Gastronómico;Si
Curazao;Pospago;Platinum;235;IVC;SD;Hogar Y Variedades;Si
Curazao;Pospago;Platinum;250;HGTV US;SD;Hogar Y Variedades;Si
Curazao;Pospago;Platinum;251;Lifetime USA;SD;Series Y Peliculas;Si
Curazao;Pospago;Platinum;253;BET;SD;Hogar Y Variedades;Si
Curazao;Pospago;Platinum;254;Paramount Channel;SD;Series Y Peliculas;Si
Curazao;Pospago;Platinum;256;A&E USA;SD;Series Y Peliculas;Si
Curazao;Pospago;Platinum;260;MTV USA HD;SD;Musical;Si
Curazao;Pospago;Platinum;262;VH1 USA;SD;Musical;Si
Curazao;Pospago;Platinum;264;MTV LA;SD;Musical;Si
Curazao;Pospago;Platinum;269;Quiero Música en Mi Idioma (QMusic);SD;Musical;Si
Curazao;Pospago;Platinum;304;Cartoon Network;SD;Infantil;Si
Curazao;Pospago;Platinum;308;Nickelodeon LA;SD;Infantil;Si
Curazao;Pospago;Platinum;314;Disney Channel;SD;Infantil;Si
Curazao;Pospago;Platinum;315;Disney Junior;SD;Infantil;Si
Curazao;Pospago;Platinum;321;ZooMoo;SD;Infantil;Si
Curazao;Pospago;Platinum;322;Nickelodeon USA;SD;Infantil;Si
Curazao;Pospago;Platinum;330;Discovery Kids;SD;Infantil;Si
Curazao;Pospago;Platinum;334;Cartoonito;SD;Infantil;Si
Curazao;Pospago;Platinum;352;Enlace;SD;Religioso;Si
Curazao;Pospago;Platinum;358;DayStar;SD;Religioso;Si
Curazao;Pospago;Platinum;501;LMN US;SD;Series Y Peliculas;Si
Curazao;Pospago;Platinum;502;TNT;SD;Series Y Peliculas;Si
Curazao;Pospago;Platinum;503;Golden;SD;Series Y Peliculas;Si
Curazao;Pospago;Platinum;506;Sony Movies;SD;Series Y Peliculas;Si
Curazao;Pospago;Platinum;507;Cinecanal;SD;Series Y Peliculas;Si
Curazao;Pospago;Platinum;508;Studio Universal;SD;Series Y Peliculas;Si
Curazao;Pospago;Platinum;509;Cinemax;SD;Series Y Peliculas;Si
Curazao;Pospago;Platinum;510;Paramount Channel;SD;Series Y Peliculas;Si
Curazao;Pospago;Platinum;513;DHE;SD;Series Y Peliculas;Si
Curazao;Pospago;Platinum;514;Cine Latino;SD;Series Y Peliculas;Si
Curazao;Pospago;Platinum;516;De Película;SD;Series Y Peliculas;Si
Curazao;Pospago;Platinum;517;Golden Edge;SD;Series Y Peliculas;Si
Curazao;Pospago;Platinum;518;Space;SD;Series Y Peliculas;Si
Curazao;Pospago;Platinum;524;HBO;SD;Series Y Peliculas;Si
Curazao;Pospago;Platinum;525;HBO 2;SD;Series Y Peliculas;Si
Curazao;Pospago;Platinum;526;HBO Plus East;SD;Series Y Peliculas;Si
Curazao;Pospago;Platinum;527;HBO Caribbean;SD;Series Y Peliculas;Si
Curazao;Pospago;Platinum;528;HBO Signature;SD;Series Y Peliculas;Si
Curazao;Pospago;Platinum;534;HBO Family East;SD;Series Y Peliculas;Si
Curazao;Pospago;Platinum;540;HBO Mundi;SD;Series Y Peliculas;Si
Curazao;Pospago;Platinum;541;HBO Pop;SD;Series Y Peliculas;Si
Curazao;Pospago;Platinum;542;HBO Xtreme;SD;Series Y Peliculas;Si
Curazao;Pospago;Platinum;571;Universal Premiere East;SD;Series Y Peliculas;Si
Curazao;Pospago;Platinum;572;Universal Cinema;SD;Series Y Peliculas;Si
Curazao;Pospago;Platinum;573;Universal Comedy;SD;Series Y Peliculas;Si
Curazao;Pospago;Platinum;574;Universal Crime East;SD;Series Y Peliculas;Si
Curazao;Pospago;Platinum;575;Universal Reality;SD;Hogar Y Variedades;Si
Curazao;Pospago;Platinum;576;Universal Premiere West;SD;Series Y Peliculas;Si
Curazao;Pospago;Platinum;577;Universal Crime West;SD;Series Y Peliculas;Si
Curazao;Pospago;Platinum;600;DSports Portal;SD;Deportes;Si
Curazao;Pospago;Platinum;610;Dsports;SD;Deportes;Si
Curazao;Pospago;Platinum;612;DSports 2;SD;Deportes;Si
Curazao;Pospago;Platinum;620;DSports Fight;SD;Deportes;Si
Curazao;Pospago;Platinum;621;ESPN Caribbean;SD;Deportes;Si
Curazao;Pospago;Platinum;622;ESPN 2 Caribbean;SD;Deportes;Si
Curazao;Pospago;Platinum;624;ESPN 5;SD;Deportes;Si
Curazao;Pospago;Platinum;626;ESPN 6;SD;Deportes;Si
Curazao;Pospago;Platinum;627;ESPN 7;SD;Deportes;Si
Curazao;Pospago;Platinum;628;The Golf Channel LA;SD;Deportes;Si
Curazao;Pospago;Platinum;667;Flow Sports Network;SD;Deportes;Si
Curazao;Pospago;Platinum;702;CNN;SD;Noticias;Si
Curazao;Pospago;Platinum;704;CNN en Español;SD;Noticias;Si
Curazao;Pospago;Platinum;706;CNN International;SD;Noticias;Si
Curazao;Pospago;Platinum;707;CNN Chile;SD;Noticias;Si
Curazao;Pospago;Platinum;708;TVN 24 HORAS;SD;Noticias;Si
Curazao;Pospago;Platinum;710;Bloomberg;SD;Noticias;Si
Curazao;Pospago;Platinum;716;Todo Noticias (TN);SD;Noticias;Si
Curazao;Pospago;Platinum;720;Canal 26;SD;Noticias;Si
Curazao;Pospago;Platinum;725;NTN 24;SD;Noticias;Si
Curazao;Pospago;Platinum;727;Cable Noticias;SD;Noticias;Si
Curazao;Pospago;Platinum;730;National Geographic;SD;Ciencia Y Cultura;Si
Curazao;Pospago;Platinum;732;Discovery Channel;SD;Ciencia Y Cultura;Si
Curazao;Pospago;Platinum;734;Animal Planet;SD;Ciencia Y Cultura;Si
Curazao;Pospago;Platinum;736;Discovery Turbo;SD;Hogar Y Variedades;Si
Curazao;Pospago;Platinum;740;Discovery Travel & Living Channel (TLC);SD;Hogar Y Variedades;Si
Curazao;Pospago;Platinum;742;History Channel LA;SD;Ciencia Y Cultura;Si
Curazao;Pospago;Platinum;744;History 2 LA;SD;Ciencia Y Cultura;Si
Curazao;Pospago;Platinum;746;Film & Arts;SD;Ciencia Y Cultura;Si
Curazao;Pospago;Platinum;756;History Channel US;SD;Ciencia Y Cultura;Si
Curazao;Pospago;Platinum;760;Univision;SD;Nacional;Si
Curazao;Pospago;Platinum;762;Antena 3;SD;Nacional;Si
Curazao;Pospago;Platinum;766;Rai Italia;SD;Nacional;Si
Curazao;Pospago;Platinum;768;BBC News;SD;Informativo;Si
Curazao;Pospago;Platinum;770;Deutsche Welle (DW);SD;Noticias;Si
Curazao;Pospago;Platinum;772;Caracol Internacional;SD;Nacional;Si
Curazao;Pospago;Platinum;775;RCN Nuestra Tele;SD;Nacional;Si
Curazao;Pospago;Platinum;778;RTP Internacional;SD;Nacional;Si
Curazao;Pospago;Platinum;782;NHK World;SD;Informativo;Si
Curazao;Pospago;Platinum;784;El Trece Internacional;SD;Nacional;Si
Curazao;Pospago;Platinum;1127;DShow HD;HD;Hogar Y Variedades;Si
Curazao;Pospago;Platinum;1201;OnDIRECTV HD;HD;Hogar Y Variedades;Si
Curazao;Pospago;Platinum;1204;Star Channel HD;HD;Series Y Peliculas;Si
Curazao;Pospago;Platinum;1206;Warner Channel HD;HD;Series Y Peliculas;Si
Curazao;Pospago;Platinum;1207;A&E LA HD;HD;Series Y Peliculas;Si
Curazao;Pospago;Platinum;1208;Sony East HD;HD;Series Y Peliculas;Si
Curazao;Pospago;Platinum;1209;AXN HD;HD;Series Y Peliculas;Si
Curazao;Pospago;Platinum;1210;AMC LA HD;HD;Series Y Peliculas;Si
Curazao;Pospago;Platinum;1213;TNT Series HD;HD;Series Y Peliculas;Si
Curazao;Pospago;Platinum;1214;Atres Series HD;HD;Series Y Peliculas;Si
Curazao;Pospago;Platinum;1215;Comedy Central HD;HD;Series Y Peliculas;Si
Curazao;Pospago;Platinum;1217;FX HD;HD;Series Y Peliculas;Si
Curazao;Pospago;Platinum;1218;Universal TV HD;HD;Series Y Peliculas;Si
Curazao;Pospago;Platinum;1219;USA Network HD;HD;Series Y Peliculas;Si
Curazao;Pospago;Platinum;1221;¡Hola! TV HD;HD;Hogar Y Variedades;Si
Curazao;Pospago;Platinum;1222;E! Entertainment HD;HD;Hogar Y Variedades;Si
Curazao;Pospago;Platinum;1223;Investigation Discovery (ID) HD;HD;Ciencia Y Cultura;Si
Curazao;Pospago;Platinum;1225;Pasiones HD;HD;Telenovelas;Si
Curazao;Pospago;Platinum;1228;Lifetime LA HD;HD;Series Y Peliculas;Si
Curazao;Pospago;Platinum;1229;Discovery Home & Health HD;HD;Hogar Y Variedades;Si
Curazao;Pospago;Platinum;1232;El Gourmet HD;HD;Gastronómico;Si
Curazao;Pospago;Platinum;1235;IVC HD;HD;Hogar Y Variedades;Si
Curazao;Pospago;Platinum;1236;VePlus HD;HD;Hogar Y Variedades;Si
Curazao;Pospago;Platinum;1264;MTV LA HD;HD;Musical;Si
Curazao;Pospago;Platinum;1304;Cartoon Network HD;HD;Infantil;Si
Curazao;Pospago;Platinum;1308;Nickelodeon LA HD;HD;Infantil;Si
Curazao;Pospago;Platinum;1309;Nick Jr. LA HD;HD;Infantil;Si
Curazao;Pospago;Platinum;1312;Disney Channel HD;HD;Infantil;Si
Curazao;Pospago;Platinum;1315;Disney Junior HD;HD;Infantil;Si
Curazao;Pospago;Platinum;1317;BabyTV HD;HD;Infantil;Si
Curazao;Pospago;Platinum;1330;Discovery Kids HD;HD;Infantil;Si
Curazao;Pospago;Platinum;1502;TNT HD;HD;Series Y Peliculas;Si
Curazao;Pospago;Platinum;1503;Golden HD;HD;Series Y Peliculas;Si
Curazao;Pospago;Platinum;1506;Sony Movies HD;HD;Series Y Peliculas;Si
Curazao;Pospago;Platinum;1507;Cinecanal HD;HD;Series Y Peliculas;Si
Curazao;Pospago;Platinum;1508;Studio Universal HD;HD;Series Y Peliculas;Si
Curazao;Pospago;Platinum;1509;Cinemax HD;HD;Series Y Peliculas;Si
Curazao;Pospago;Platinum;1510;Paramount Channel HD;HD;Series Y Peliculas;Si
Curazao;Pospago;Platinum;1513;DHE HD;HD;Series Y Peliculas;Si
Curazao;Pospago;Platinum;1515;Europa Europa HD;HD;Series Y Peliculas;Si
Curazao;Pospago;Platinum;1518;Space HD;HD;Series Y Peliculas;Si
Curazao;Pospago;Platinum;1519;Atres Cinema HD;HD;Series Y Peliculas;Si
Curazao;Pospago;Platinum;1521;TV Cortos HD;HD;Series Y Peliculas;Si
Curazao;Pospago;Platinum;1524;HBO HD;HD;Series Y Peliculas;Si
Curazao;Pospago;Platinum;1525;HBO 2 HD;HD;Series Y Peliculas;Si
Curazao;Pospago;Platinum;1527;HBO Caribbean HD;HD;Series Y Peliculas;Si
Curazao;Pospago;Platinum;1528;HBO Signature HD;HD;Series Y Peliculas;Si
Curazao;Pospago;Platinum;1532;HBO Plus East HD;HD;Series Y Peliculas;Si
Curazao;Pospago;Platinum;1534;HBO Family HD;HD;Series Y Peliculas;Si
Curazao;Pospago;Platinum;1540;HBO Mundi Caribbean;HD;Series Y Peliculas;Si
Curazao;Pospago;Platinum;1542;HBO Xtreme HD;HD;Series Y Peliculas;Si
Curazao;Pospago;Platinum;1571;Universal Premiere HD;HD;Series Y Peliculas;Si
Curazao;Pospago;Platinum;1572;Universal Cinema HD;HD;Series Y Peliculas;Si
Curazao;Pospago;Platinum;1573;Universal Comedy HD;HD;Series Y Peliculas;Si
Curazao;Pospago;Platinum;1574;Universal Crime HD;HD;Series Y Peliculas;Si
Curazao;Pospago;Platinum;1575;Universal Reality HD;HD;Hogar Y Variedades;Si
Curazao;Pospago;Platinum;1576;Universal Premiere West HD;HD;Series Y Peliculas;Si
Curazao;Pospago;Platinum;1577;Universal Crime West HD;HD;Series Y Peliculas;Si
Curazao;Pospago;Platinum;1610;DSports HD;HD;Deportes;Si
Curazao;Pospago;Platinum;1612;DSports 2 HD;HD;Deportes;Si
Curazao;Pospago;Platinum;1620;DSports Fight HD;HD;Deportes;Si
Curazao;Pospago;Platinum;1621;ESPN Caribbean HD;HD;Deportes;Si
Curazao;Pospago;Platinum;1624;ESPN 5 HD;HD;Deportes;Si
Curazao;Pospago;Platinum;1626;ESPN 6 HD;HD;Deportes;Si
Curazao;Pospago;Platinum;1627;ESPN 7 HD;HD;Deportes;Si
Curazao;Pospago;Platinum;1628;The Golf Channel LA HD;HD;Deportes;Si
Curazao;Pospago;Platinum;1639;PX Sports;HD;Deportes;Si
Curazao;Pospago;Platinum;1667;Flow Sports Network HD;HD;Deportes;Si
Curazao;Pospago;Platinum;1730;National Geographic HD;HD;Ciencia Y Cultura;Si
Curazao;Pospago;Platinum;1731;Discovery Theater HD;HD;Ciencia Y Cultura;Si
Curazao;Pospago;Platinum;1732;Discovery Channel HD;HD;Ciencia Y Cultura;Si
Curazao;Pospago;Platinum;1734;Animal Planet HD;HD;Ciencia Y Cultura;Si
Curazao;Pospago;Platinum;1738;Discovery World HD;HD;Ciencia Y Cultura;Si
Curazao;Pospago;Platinum;1740;Discovery Travel & Living Channel (TLC) HD;HD;Hogar Y Variedades;Si
Curazao;Pospago;Platinum;1742;History Channel LA HD;HD;Ciencia Y Cultura;Si
Curazao;Pospago;Platinum;1744;History 2 LA HD;HD;Ciencia Y Cultura;Si
Curazao;Pospago;Platinum;1762;Antena 3 HD;HD;Nacional;Si
Curazao;Pospago;Silver / Silver +;131;CNC3;SD;Noticias;Si
Curazao;Pospago;Silver / Silver +;134;Synergy;SD;Nacional;Si
Curazao;Pospago;Silver / Silver +;201;OnDIRECTV;SD;Hogar Y Variedades;Si
Curazao;Pospago;Silver / Silver +;202;Star Channel;SD;Series Y Peliculas;Si
Curazao;Pospago;Silver / Silver +;203;GSN;SD;Hogar Y Variedades;Si
Curazao;Pospago;Silver / Silver +;206;Warner Channel;SD;Series Y Peliculas;Si
Curazao;Pospago;Silver / Silver +;207;A&E LA;SD;Series Y Peliculas;Si
Curazao;Pospago;Silver / Silver +;208;Sony East;SD;Series Y Peliculas;Si
Curazao;Pospago;Silver / Silver +;209;AXN;SD;Series Y Peliculas;Si
Curazao;Pospago;Silver / Silver +;210;AMC LA;SD;Series Y Peliculas;Si
Curazao;Pospago;Silver / Silver +;213;TNT Series;SD;Series Y Peliculas;Si
Curazao;Pospago;Silver / Silver +;215;Comedy Central;SD;Series Y Peliculas;Si
Curazao;Pospago;Silver / Silver +;216;TeenNick;SD;Infantil;Si
Curazao;Pospago;Silver / Silver +;217;FX;SD;Series Y Peliculas;Si
Curazao;Pospago;Silver / Silver +;218;Universal TV;SD;Series Y Peliculas;Si
Curazao;Pospago;Silver / Silver +;219;USA Network;SD;Series Y Peliculas;Si
Curazao;Pospago;Silver / Silver +;220;Adult Swim;SD;Infantil;Si
Curazao;Pospago;Silver / Silver +;222;E! Entertainment;SD;Hogar Y Variedades;Si
Curazao;Pospago;Silver / Silver +;223;Investigation Discovery (ID);SD;Ciencia Y Cultura;Si
Curazao;Pospago;Silver / Silver +;228;Lifetime LA;SD;Series Y Peliculas;Si
Curazao;Pospago;Silver / Silver +;229;Discovery Home & Health;SD;Hogar Y Variedades;Si
Curazao;Pospago;Silver / Silver +;233;Food Network US;SD;Gastronómico;Si
Curazao;Pospago;Silver / Silver +;250;HGTV US;SD;Hogar Y Variedades;Si
Curazao;Pospago;Silver / Silver +;251;Lifetime USA;SD;Series Y Peliculas;Si
Curazao;Pospago;Silver / Silver +;253;BET;SD;Hogar Y Variedades;Si
Curazao;Pospago;Silver / Silver +;254;Paramount Channel;SD;Series Y Peliculas;Si
Curazao;Pospago;Silver / Silver +;256;A&E USA;SD;Series Y Peliculas;Si
Curazao;Pospago;Silver / Silver +;260;MTV USA HD;SD;Musical;Si
Curazao;Pospago;Silver / Silver +;262;VH1 USA;SD;Musical;Si
Curazao;Pospago;Silver / Silver +;264;MTV LA;SD;Musical;Si
Curazao;Pospago;Silver / Silver +;304;Cartoon Network;SD;Infantil;Si
Curazao;Pospago;Silver / Silver +;308;Nickelodeon LA;SD;Infantil;Si
Curazao;Pospago;Silver / Silver +;314;Disney Channel;SD;Infantil;Si
Curazao;Pospago;Silver / Silver +;315;Disney Junior;SD;Infantil;Si
Curazao;Pospago;Silver / Silver +;321;ZooMoo;SD;Infantil;Si
Curazao;Pospago;Silver / Silver +;322;Nickelodeon USA;SD;Infantil;Si
Curazao;Pospago;Silver / Silver +;330;Discovery Kids;SD;Infantil;Si
Curazao;Pospago;Silver / Silver +;334;Cartoonito;SD;Infantil;Si
Curazao;Pospago;Silver / Silver +;358;DayStar;SD;Religioso;Si
Curazao;Pospago;Silver / Silver +;501;LMN US;SD;Series Y Peliculas;Si
Curazao;Pospago;Silver / Silver +;502;TNT;SD;Series Y Peliculas;Si
Curazao;Pospago;Silver / Silver +;503;Golden;SD;Series Y Peliculas;Si
Curazao;Pospago;Silver / Silver +;506;Sony Movies;SD;Series Y Peliculas;Si
Curazao;Pospago;Silver / Silver +;507;Cinecanal;SD;Series Y Peliculas;Si
Curazao;Pospago;Silver / Silver +;508;Studio Universal;SD;Series Y Peliculas;Si
Curazao;Pospago;Silver / Silver +;509;Cinemax;SD;Series Y Peliculas;Si
Curazao;Pospago;Silver / Silver +;510;Paramount Channel;SD;Series Y Peliculas;Si
Curazao;Pospago;Silver / Silver +;513;DHE;SD;Series Y Peliculas;Si
Curazao;Pospago;Silver / Silver +;517;Golden Edge;SD;Series Y Peliculas;Si
Curazao;Pospago;Silver / Silver +;518;Space;SD;Series Y Peliculas;Si
Curazao;Pospago;Silver / Silver +;600;DSports Portal;SD;Deportes;Si
Curazao;Pospago;Silver / Silver +;610;Dsports;SD;Deportes;Si
Curazao;Pospago;Silver / Silver +;612;DSports 2;SD;Deportes;Si
Curazao;Pospago;Silver / Silver +;620;DSports Fight;SD;Deportes;Si
Curazao;Pospago;Silver / Silver +;621;ESPN Caribbean;SD;Deportes;Si
Curazao;Pospago;Silver / Silver +;622;ESPN 2 Caribbean;SD;Deportes;Si
Curazao;Pospago;Silver / Silver +;628;The Golf Channel LA;SD;Deportes;Si
Curazao;Pospago;Silver / Silver +;667;Flow Sports Network;SD;Deportes;Si
Curazao;Pospago;Silver / Silver +;702;CNN;SD;Noticias;Si
Curazao;Pospago;Silver / Silver +;706;CNN International;SD;Noticias;Si
Curazao;Pospago;Silver / Silver +;710;Bloomberg;SD;Noticias;Si
Curazao;Pospago;Silver / Silver +;730;National Geographic;SD;Ciencia Y Cultura;Si
Curazao;Pospago;Silver / Silver +;732;Discovery Channel;SD;Ciencia Y Cultura;Si
Curazao;Pospago;Silver / Silver +;734;Animal Planet;SD;Ciencia Y Cultura;Si
Curazao;Pospago;Silver / Silver +;736;Discovery Turbo;SD;Hogar Y Variedades;Si
Curazao;Pospago;Silver / Silver +;740;Discovery Travel & Living Channel (TLC);SD;Hogar Y Variedades;Si
Curazao;Pospago;Silver / Silver +;742;History Channel LA;SD;Ciencia Y Cultura;Si
Curazao;Pospago;Silver / Silver +;744;History 2 LA;SD;Ciencia Y Cultura;Si
Curazao;Pospago;Silver / Silver +;746;Film & Arts;SD;Ciencia Y Cultura;Si
Curazao;Pospago;Silver / Silver +;756;History Channel US;SD;Ciencia Y Cultura;Si
Curazao;Pospago;Silver / Silver +;768;BBC News;SD;Informativo;Si
Curazao;Pospago;Universal Pack;571;Universal Premiere East;SD;Series Y Peliculas;Si
Curazao;Pospago;Universal Pack;572;Universal Cinema;SD;Series Y Peliculas;Si
Curazao;Pospago;Universal Pack;573;Universal Comedy;SD;Series Y Peliculas;Si
Curazao;Pospago;Universal Pack;574;Universal Crime East;SD;Series Y Peliculas;Si
Curazao;Pospago;Universal Pack;575;Universal Reality;SD;Hogar Y Variedades;Si
Curazao;Pospago;Universal Pack;576;Universal Premiere West;SD;Series Y Peliculas;Si
Curazao;Pospago;Universal Pack;577;Universal Crime West;SD;Series Y Peliculas;Si
Curazao;Pospago;Universal Pack;1571;Universal Premiere HD;HD;Series Y Peliculas;Si
Curazao;Pospago;Universal Pack;1572;Universal Cinema HD;HD;Series Y Peliculas;Si
Curazao;Pospago;Universal Pack;1573;Universal Comedy HD;HD;Series Y Peliculas;Si
Curazao;Pospago;Universal Pack;1574;Universal Crime HD;HD;Series Y Peliculas;Si
Curazao;Pospago;Universal Pack;1575;Universal Reality HD;HD;Hogar Y Variedades;Si
Curazao;Pospago;Universal Pack;1576;Universal Premiere West HD;HD;Series Y Peliculas;Si
Curazao;Pospago;Universal Pack;1577;Universal Crime West HD;HD;Series Y Peliculas;Si
Curazao;Prepago;HBO HD Mini Pack;527;HBO Caribbean;SD;Series Y Peliculas;Si
Curazao;Prepago;HBO HD Mini Pack;528;HBO Signature;SD;Series Y Peliculas;Si
Curazao;Prepago;HBO HD Mini Pack;534;HBO Family East;SD;Series Y Peliculas;Si
Curazao;Prepago;HBO HD Mini Pack;541;HBO Pop;SD;Series Y Peliculas;Si
Curazao;Prepago;HBO HD Mini Pack;1527;HBO Caribbean HD;HD;Series Y Peliculas;Si
Curazao;Prepago;HBO HD Mini Pack;1528;HBO Signature HD;HD;Series Y Peliculas;Si
Curazao;Prepago;HBO HD Mini Pack;1534;HBO Family HD;HD;Series Y Peliculas;Si
Curazao;Prepago;HBO HD Mini Pack;527;HBO Caribbean;SD;Series Y Peliculas;Si
Curazao;Prepago;HBO HD Mini Pack;528;HBO Signature;SD;Series Y Peliculas;Si
Curazao;Prepago;HBO HD Mini Pack;534;HBO Family East;SD;Series Y Peliculas;Si
Curazao;Prepago;HBO HD Mini Pack;541;HBO Pop;SD;Series Y Peliculas;Si
Curazao;Prepago;Prepaid Bling;127;DShow;SD;Hogar Y Variedades;Si
Curazao;Prepago;Prepaid Bling;131;CNC3;SD;Noticias;Si
Curazao;Prepago;Prepaid Bling;134;Synergy;SD;Nacional;Si
Curazao;Prepago;Prepaid Bling;201;OnDIRECTV;SD;Hogar Y Variedades;Si
Curazao;Prepago;Prepaid Bling;202;Star Channel;SD;Series Y Peliculas;Si
Curazao;Prepago;Prepaid Bling;203;GSN;SD;Hogar Y Variedades;Si
Curazao;Prepago;Prepaid Bling;206;Warner Channel;SD;Series Y Peliculas;Si
Curazao;Prepago;Prepaid Bling;207;A&E LA;SD;Series Y Peliculas;Si
Curazao;Prepago;Prepaid Bling;208;Sony East;SD;Series Y Peliculas;Si
Curazao;Prepago;Prepaid Bling;209;AXN;SD;Series Y Peliculas;Si
Curazao;Prepago;Prepaid Bling;216;TeenNick;SD;Infantil;Si
Curazao;Prepago;Prepaid Bling;217;FX;SD;Series Y Peliculas;Si
Curazao;Prepago;Prepaid Bling;218;Universal TV;SD;Series Y Peliculas;Si
Curazao;Prepago;Prepaid Bling;220;Adult Swim;SD;Infantil;Si
Curazao;Prepago;Prepaid Bling;222;E! Entertainment;SD;Hogar Y Variedades;Si
Curazao;Prepago;Prepaid Bling;223;Investigation Discovery (ID);SD;Ciencia Y Cultura;Si
Curazao;Prepago;Prepaid Bling;225;Pasiones;SD;Telenovelas;Si
Curazao;Prepago;Prepaid Bling;226;El Canal de las Estrellas;SD;Nacional;Si
Curazao;Prepago;Prepaid Bling;228;Lifetime LA;SD;Series Y Peliculas;Si
Curazao;Prepago;Prepaid Bling;229;Discovery Home & Health;SD;Hogar Y Variedades;Si
Curazao;Prepago;Prepaid Bling;232;El Gourmet;SD;Gastronómico;Si
Curazao;Prepago;Prepaid Bling;233;Food Network US;SD;Gastronómico;Si
Curazao;Prepago;Prepaid Bling;250;HGTV US;SD;Hogar Y Variedades;Si
Curazao;Prepago;Prepaid Bling;253;BET;SD;Hogar Y Variedades;Si
Curazao;Prepago;Prepaid Bling;267;DShow;SD;Hogar Y Variedades;Si
Curazao;Prepago;Prepaid Bling;304;Cartoon Network;SD;Infantil;Si
Curazao;Prepago;Prepaid Bling;314;Disney Channel;SD;Infantil;Si
Curazao;Prepago;Prepaid Bling;315;Disney Junior;SD;Infantil;Si
Curazao;Prepago;Prepaid Bling;330;Discovery Kids;SD;Infantil;Si
Curazao;Prepago;Prepaid Bling;334;Cartoonito;SD;Infantil;Si
Curazao;Prepago;Prepaid Bling;358;DayStar;SD;Religioso;Si
Curazao;Prepago;Prepaid Bling;502;TNT;SD;Series Y Peliculas;Si
Curazao;Prepago;Prepaid Bling;507;Cinecanal;SD;Series Y Peliculas;Si
Curazao;Prepago;Prepaid Bling;508;Studio Universal;SD;Series Y Peliculas;Si
Curazao;Prepago;Prepaid Bling;516;De Película;SD;Series Y Peliculas;Si
Curazao;Prepago;Prepaid Bling;518;Space;SD;Series Y Peliculas;Si
Curazao;Prepago;Prepaid Bling;600;DSports Portal;SD;Deportes;Si
Curazao;Prepago;Prepaid Bling;610;Dsports;SD;Deportes;Si
Curazao;Prepago;Prepaid Bling;620;DSports Fight;SD;Deportes;Si
Curazao;Prepago;Prepaid Bling;621;ESPN Caribbean;SD;Deportes;Si
Curazao;Prepago;Prepaid Bling;622;ESPN 2 Caribbean;SD;Deportes;Si
Curazao;Prepago;Prepaid Bling;702;CNN;SD;Noticias;Si
Curazao;Prepago;Prepaid Bling;706;CNN International;SD;Noticias;Si
Curazao;Prepago;Prepaid Bling;710;Bloomberg;SD;Noticias;Si
Curazao;Prepago;Prepaid Bling;730;National Geographic;SD;Ciencia Y Cultura;Si
Curazao;Prepago;Prepaid Bling;732;Discovery Channel;SD;Ciencia Y Cultura;Si
Curazao;Prepago;Prepaid Bling;734;Animal Planet;SD;Ciencia Y Cultura;Si
Curazao;Prepago;Prepaid Bling;740;Discovery Travel & Living Channel (TLC);SD;Hogar Y Variedades;Si
Curazao;Prepago;Prepaid Bling;742;History Channel LA;SD;Ciencia Y Cultura;Si
Curazao;Prepago;Prepaid Bling;744;History 2 LA;SD;Ciencia Y Cultura;Si
Curazao;Prepago;Prepaid Bling;768;BBC News;SD;Informativo;Si
Curazao;Prepago;Prepaid Bling;1127;DShow HD;HD;Hogar Y Variedades;Si
Curazao;Prepago;Prepaid Bling;1201;OnDIRECTV HD;HD;Hogar Y Variedades;Si
Curazao;Prepago;Prepaid Bling;1204;Star Channel HD;HD;Series Y Peliculas;Si
Curazao;Prepago;Prepaid Bling;1206;Warner Channel HD;HD;Series Y Peliculas;Si
Curazao;Prepago;Prepaid Bling;1207;A&E LA HD;HD;Series Y Peliculas;Si
Curazao;Prepago;Prepaid Bling;1208;Sony East HD;HD;Series Y Peliculas;Si
Curazao;Prepago;Prepaid Bling;1209;AXN HD;HD;Series Y Peliculas;Si
Curazao;Prepago;Prepaid Bling;1217;FX HD;HD;Series Y Peliculas;Si
Curazao;Prepago;Prepaid Bling;1218;Universal TV HD;HD;Series Y Peliculas;Si
Curazao;Prepago;Prepaid Bling;1222;E! Entertainment HD;HD;Hogar Y Variedades;Si
Curazao;Prepago;Prepaid Bling;1223;Investigation Discovery (ID) HD;HD;Ciencia Y Cultura;Si
Curazao;Prepago;Prepaid Bling;1225;Pasiones HD;HD;Telenovelas;Si
Curazao;Prepago;Prepaid Bling;1228;Lifetime LA HD;HD;Series Y Peliculas;Si
Curazao;Prepago;Prepaid Bling;1229;Discovery Home & Health HD;HD;Hogar Y Variedades;Si
Curazao;Prepago;Prepaid Bling;1232;El Gourmet HD;HD;Gastronómico;Si
Curazao;Prepago;Prepaid Bling;1236;VePlus HD;HD;Hogar Y Variedades;Si
Curazao;Prepago;Prepaid Bling;1267;DShow HD;HD;Hogar Y Variedades;Si
Curazao;Prepago;Prepaid Bling;1304;Cartoon Network HD;HD;Infantil;Si
Curazao;Prepago;Prepaid Bling;1312;Disney Channel HD;HD;Infantil;Si
Curazao;Prepago;Prepaid Bling;1315;Disney Junior HD;HD;Infantil;Si
Curazao;Prepago;Prepaid Bling;1317;BabyTV HD;HD;Infantil;Si
Curazao;Prepago;Prepaid Bling;1330;Discovery Kids HD;HD;Infantil;Si
Curazao;Prepago;Prepaid Bling;1502;TNT HD;HD;Series Y Peliculas;Si
Curazao;Prepago;Prepaid Bling;1507;Cinecanal HD;HD;Series Y Peliculas;Si
Curazao;Prepago;Prepaid Bling;1508;Studio Universal HD;HD;Series Y Peliculas;Si
Curazao;Prepago;Prepaid Bling;1518;Space HD;HD;Series Y Peliculas;Si
Curazao;Prepago;Prepaid Bling;1519;Atres Cinema HD;HD;Series Y Peliculas;Si
Curazao;Prepago;Prepaid Bling;1610;DSports HD;HD;Deportes;Si
Curazao;Prepago;Prepaid Bling;1620;DSports Fight HD;HD;Deportes;Si
Curazao;Prepago;Prepaid Bling;1621;ESPN Caribbean HD;HD;Deportes;Si
Curazao;Prepago;Prepaid Bling;1639;PX Sports;HD;Deportes;Si
Curazao;Prepago;Prepaid Bling;1730;National Geographic HD;HD;Ciencia Y Cultura;Si
Curazao;Prepago;Prepaid Bling;1732;Discovery Channel HD;HD;Ciencia Y Cultura;Si
Curazao;Prepago;Prepaid Bling;1734;Animal Planet HD;HD;Ciencia Y Cultura;Si
Curazao;Prepago;Prepaid Bling;1740;Discovery Travel & Living Channel (TLC) HD;HD;Hogar Y Variedades;Si
Curazao;Prepago;Prepaid Bling;1742;History Channel LA HD;HD;Ciencia Y Cultura;Si
Curazao;Prepago;Prepaid Bling;1744;History 2 LA HD;HD;Ciencia Y Cultura;Si
Curazao;Prepago;Prepaid Latino;127;DShow;SD;Hogar Y Variedades;Si
Curazao;Prepago;Prepaid Latino;131;CNC3;SD;Noticias;Si
Curazao;Prepago;Prepaid Latino;134;Synergy;SD;Nacional;Si
Curazao;Prepago;Prepaid Latino;201;OnDIRECTV;SD;Hogar Y Variedades;Si
Curazao;Prepago;Prepaid Latino;202;Star Channel;SD;Series Y Peliculas;Si
Curazao;Prepago;Prepaid Latino;203;GSN;SD;Hogar Y Variedades;Si
Curazao;Prepago;Prepaid Latino;206;Warner Channel;SD;Series Y Peliculas;Si
Curazao;Prepago;Prepaid Latino;207;A&E LA;SD;Series Y Peliculas;Si
Curazao;Prepago;Prepaid Latino;208;Sony East;SD;Series Y Peliculas;Si
Curazao;Prepago;Prepaid Latino;209;AXN;SD;Series Y Peliculas;Si
Curazao;Prepago;Prepaid Latino;214;Atres Series;SD;Series Y Peliculas;Si
Curazao;Prepago;Prepaid Latino;216;TeenNick;SD;Infantil;Si
Curazao;Prepago;Prepaid Latino;217;FX;SD;Series Y Peliculas;Si
Curazao;Prepago;Prepaid Latino;218;Universal TV;SD;Series Y Peliculas;Si
Curazao;Prepago;Prepaid Latino;220;Adult Swim;SD;Infantil;Si
Curazao;Prepago;Prepaid Latino;221;¡Hola! TV;SD;Hogar Y Variedades;Si
Curazao;Prepago;Prepaid Latino;222;E! Entertainment;SD;Hogar Y Variedades;Si
Curazao;Prepago;Prepaid Latino;223;Investigation Discovery (ID);SD;Ciencia Y Cultura;Si
Curazao;Prepago;Prepaid Latino;225;Pasiones;SD;Telenovelas;Si
Curazao;Prepago;Prepaid Latino;226;El Canal de las Estrellas;SD;Nacional;Si
Curazao;Prepago;Prepaid Latino;227;TLnovelas;SD;Telenovelas;Si
Curazao;Prepago;Prepaid Latino;228;Lifetime LA;SD;Series Y Peliculas;Si
Curazao;Prepago;Prepaid Latino;229;Discovery Home & Health;SD;Hogar Y Variedades;Si
Curazao;Prepago;Prepaid Latino;231;Telemundo Internacional;SD;Telenovelas;Si
Curazao;Prepago;Prepaid Latino;232;El Gourmet;SD;Gastronómico;Si
Curazao;Prepago;Prepaid Latino;233;Food Network US;SD;Gastronómico;Si
Curazao;Prepago;Prepaid Latino;235;IVC;SD;Hogar Y Variedades;Si
Curazao;Prepago;Prepaid Latino;250;HGTV US;SD;Hogar Y Variedades;Si
Curazao;Prepago;Prepaid Latino;253;BET;SD;Hogar Y Variedades;Si
Curazao;Prepago;Prepaid Latino;269;Quiero Música en Mi Idioma (QMusic);SD;Musical;Si
Curazao;Prepago;Prepaid Latino;304;Cartoon Network;SD;Infantil;Si
Curazao;Prepago;Prepaid Latino;314;Disney Channel;SD;Infantil;Si
Curazao;Prepago;Prepaid Latino;315;Disney Junior;SD;Infantil;Si
Curazao;Prepago;Prepaid Latino;330;Discovery Kids;SD;Infantil;Si
Curazao;Prepago;Prepaid Latino;334;Cartoonito;SD;Infantil;Si
Curazao;Prepago;Prepaid Latino;358;DayStar;SD;Religioso;Si
Curazao;Prepago;Prepaid Latino;502;TNT;SD;Series Y Peliculas;Si
Curazao;Prepago;Prepaid Latino;507;Cinecanal;SD;Series Y Peliculas;Si
Curazao;Prepago;Prepaid Latino;508;Studio Universal;SD;Series Y Peliculas;Si
Curazao;Prepago;Prepaid Latino;514;Cine Latino;SD;Series Y Peliculas;Si
Curazao;Prepago;Prepaid Latino;516;De Película;SD;Series Y Peliculas;Si
Curazao;Prepago;Prepaid Latino;518;Space;SD;Series Y Peliculas;Si
Curazao;Prepago;Prepaid Latino;600;DSports Portal;SD;Deportes;Si
Curazao;Prepago;Prepaid Latino;610;Dsports;SD;Deportes;Si
Curazao;Prepago;Prepaid Latino;612;DSports 2;SD;Deportes;Si
Curazao;Prepago;Prepaid Latino;620;DSports Fight;SD;Deportes;Si
Curazao;Prepago;Prepaid Latino;621;ESPN Caribbean;SD;Deportes;Si
Curazao;Prepago;Prepaid Latino;622;ESPN 2 Caribbean;SD;Deportes;Si
Curazao;Prepago;Prepaid Latino;624;ESPN 5;SD;Deportes;Si
Curazao;Prepago;Prepaid Latino;626;ESPN 6;SD;Deportes;Si
Curazao;Prepago;Prepaid Latino;627;ESPN 7;SD;Deportes;Si
Curazao;Prepago;Prepaid Latino;702;CNN;SD;Noticias;Si
Curazao;Prepago;Prepaid Latino;704;CNN en Español;SD;Noticias;Si
Curazao;Prepago;Prepaid Latino;706;CNN International;SD;Noticias;Si
Curazao;Prepago;Prepaid Latino;707;CNN Chile;SD;Noticias;Si
Curazao;Prepago;Prepaid Latino;708;TVN 24 HORAS;SD;Noticias;Si
Curazao;Prepago;Prepaid Latino;710;Bloomberg;SD;Noticias;Si
Curazao;Prepago;Prepaid Latino;716;Todo Noticias (TN);SD;Noticias;Si
Curazao;Prepago;Prepaid Latino;720;Canal 26;SD;Noticias;Si
Curazao;Prepago;Prepaid Latino;725;NTN 24;SD;Noticias;Si
Curazao;Prepago;Prepaid Latino;727;Cable Noticias;SD;Noticias;Si
Curazao;Prepago;Prepaid Latino;730;National Geographic;SD;Ciencia Y Cultura;Si
Curazao;Prepago;Prepaid Latino;732;Discovery Channel;SD;Ciencia Y Cultura;Si
Curazao;Prepago;Prepaid Latino;734;Animal Planet;SD;Ciencia Y Cultura;Si
Curazao;Prepago;Prepaid Latino;740;Discovery Travel & Living Channel (TLC);SD;Hogar Y Variedades;Si
Curazao;Prepago;Prepaid Latino;742;History Channel LA;SD;Ciencia Y Cultura;Si
Curazao;Prepago;Prepaid Latino;744;History 2 LA;SD;Ciencia Y Cultura;Si
Curazao;Prepago;Prepaid Latino;760;Univision;SD;Nacional;Si
Curazao;Prepago;Prepaid Latino;762;Antena 3 Internacional;SD;Nacional;Si
Curazao;Prepago;Prepaid Latino;768;BBC News;SD;Informativo;Si
Curazao;Prepago;Prepaid Latino;772;Caracol Internacional;SD;Nacional;Si
Curazao;Prepago;Prepaid Latino;775;RCN Nuestra Tele;SD;Nacional;Si
Curazao;Prepago;Prepaid Latino;784;El Trece Internacional;SD;Nacional;Si
Curazao;Prepago;Prepaid Latino;1127;DShow HD;HD;Hogar Y Variedades;Si
Curazao;Prepago;Prepaid Latino;1201;OnDIRECTV HD;HD;Hogar Y Variedades;Si
Curazao;Prepago;Prepaid Latino;1204;Star Channel HD;HD;Series Y Peliculas;Si
Curazao;Prepago;Prepaid Latino;1206;Warner Channel HD;HD;Series Y Peliculas;Si
Curazao;Prepago;Prepaid Latino;1207;A&E LA HD;HD;Series Y Peliculas;Si
Curazao;Prepago;Prepaid Latino;1208;Sony East HD;HD;Series Y Peliculas;Si
Curazao;Prepago;Prepaid Latino;1209;AXN HD;HD;Series Y Peliculas;Si
Curazao;Prepago;Prepaid Latino;1214;Atres Series HD;HD;Series Y Peliculas;Si
Curazao;Prepago;Prepaid Latino;1217;FX HD;HD;Series Y Peliculas;Si
Curazao;Prepago;Prepaid Latino;1218;Universal TV HD;HD;Series Y Peliculas;Si
Curazao;Prepago;Prepaid Latino;1221;¡Hola! TV HD;HD;Hogar Y Variedades;Si
Curazao;Prepago;Prepaid Latino;1222;E! Entertainment HD;HD;Hogar Y Variedades;Si
Curazao;Prepago;Prepaid Latino;1223;Investigation Discovery (ID) HD;HD;Ciencia Y Cultura;Si
Curazao;Prepago;Prepaid Latino;1225;Pasiones HD;HD;Telenovelas;Si
Curazao;Prepago;Prepaid Latino;1228;Lifetime LA HD;HD;Series Y Peliculas;Si
Curazao;Prepago;Prepaid Latino;1229;Discovery Home & Health HD;HD;Hogar Y Variedades;Si
Curazao;Prepago;Prepaid Latino;1232;El Gourmet HD;HD;Gastronómico;Si
Curazao;Prepago;Prepaid Latino;1235;IVC HD;HD;Hogar Y Variedades;Si
Curazao;Prepago;Prepaid Latino;1236;VePlus HD;HD;Hogar Y Variedades;Si
Curazao;Prepago;Prepaid Latino;1304;Cartoon Network HD;HD;Infantil;Si
Curazao;Prepago;Prepaid Latino;1312;Disney Channel HD;HD;Infantil;Si
Curazao;Prepago;Prepaid Latino;1315;Disney Junior HD;HD;Infantil;Si
Curazao;Prepago;Prepaid Latino;1317;BabyTV HD;HD;Infantil;Si
Curazao;Prepago;Prepaid Latino;1330;Discovery Kids HD;HD;Infantil;Si
Curazao;Prepago;Prepaid Latino;1502;TNT HD;HD;Series Y Peliculas;Si
Curazao;Prepago;Prepaid Latino;1507;Cinecanal HD;HD;Series Y Peliculas;Si
Curazao;Prepago;Prepaid Latino;1508;Studio Universal HD;HD;Series Y Peliculas;Si
Curazao;Prepago;Prepaid Latino;1518;Space HD;HD;Series Y Peliculas;Si
Curazao;Prepago;Prepaid Latino;1519;Atres Cinema HD;HD;Series Y Peliculas;Si
Curazao;Prepago;Prepaid Latino;1610;DSports HD;HD;Deportes;Si
Curazao;Prepago;Prepaid Latino;1612;DSports 2 HD;HD;Deportes;Si
Curazao;Prepago;Prepaid Latino;1620;DSports Fight HD;HD;Deportes;Si
Curazao;Prepago;Prepaid Latino;1621;ESPN Caribbean HD;HD;Deportes;Si
Curazao;Prepago;Prepaid Latino;1624;ESPN 5 HD;HD;Deportes;Si
Curazao;Prepago;Prepaid Latino;1626;ESPN 6 HD;HD;Deportes;Si
Curazao;Prepago;Prepaid Latino;1627;ESPN 7 HD;HD;Deportes;Si
Curazao;Prepago;Prepaid Latino;1639;PX Sports;HD;Deportes;Si
Curazao;Prepago;Prepaid Latino;1730;National Geographic HD;HD;Ciencia Y Cultura;Si
Curazao;Prepago;Prepaid Latino;1732;Discovery Channel HD;HD;Ciencia Y Cultura;Si
Curazao;Prepago;Prepaid Latino;1734;Animal Planet HD;HD;Ciencia Y Cultura;Si
Curazao;Prepago;Prepaid Latino;1740;Discovery Travel & Living Channel (TLC) HD;HD;Hogar Y Variedades;Si
Curazao;Prepago;Prepaid Latino;1742;History Channel LA HD;HD;Ciencia Y Cultura;Si
Curazao;Prepago;Prepaid Latino;1744;History 2 LA HD;HD;Ciencia Y Cultura;Si
Curazao;Prepago;Prepaid Latino;1762;Antena 3 Internacional HD;HD;Nacional;Si
Curazao;Prepago;Prepaid Slim;127;DShow;SD;Hogar Y Variedades;Si
Curazao;Prepago;Prepaid Slim;131;CNC3;SD;Noticias;Si
Curazao;Prepago;Prepaid Slim;134;Synergy;SD;Nacional;Si
Curazao;Prepago;Prepaid Slim;201;OnDIRECTV;SD;Hogar Y Variedades;Si
Curazao;Prepago;Prepaid Slim;202;Star Channel;SD;Series Y Peliculas;Si
Curazao;Prepago;Prepaid Slim;203;GSN;SD;Hogar Y Variedades;Si
Curazao;Prepago;Prepaid Slim;206;Warner Channel;SD;Series Y Peliculas;Si
Curazao;Prepago;Prepaid Slim;207;A&E LA;SD;Series Y Peliculas;Si
Curazao;Prepago;Prepaid Slim;208;Sony East;SD;Series Y Peliculas;Si
Curazao;Prepago;Prepaid Slim;209;AXN;SD;Series Y Peliculas;Si
Curazao;Prepago;Prepaid Slim;216;TeenNick;SD;Infantil;Si
Curazao;Prepago;Prepaid Slim;217;FX;SD;Series Y Peliculas;Si
Curazao;Prepago;Prepaid Slim;218;Universal TV;SD;Series Y Peliculas;Si
Curazao;Prepago;Prepaid Slim;220;Adult Swim;SD;Infantil;Si
Curazao;Prepago;Prepaid Slim;222;E! Entertainment;SD;Hogar Y Variedades;Si
Curazao;Prepago;Prepaid Slim;223;Investigation Discovery (ID);SD;Ciencia Y Cultura;Si
Curazao;Prepago;Prepaid Slim;225;Pasiones;SD;Telenovelas;Si
Curazao;Prepago;Prepaid Slim;226;El Canal de las Estrellas;SD;Nacional;Si
Curazao;Prepago;Prepaid Slim;228;Lifetime LA;SD;Series Y Peliculas;Si
Curazao;Prepago;Prepaid Slim;229;Discovery Home & Health;SD;Hogar Y Variedades;Si
Curazao;Prepago;Prepaid Slim;232;El Gourmet;SD;Gastronómico;Si
Curazao;Prepago;Prepaid Slim;233;Food Network US;SD;Gastronómico;Si
Curazao;Prepago;Prepaid Slim;250;HGTV US;SD;Hogar Y Variedades;Si
Curazao;Prepago;Prepaid Slim;253;BET;SD;Hogar Y Variedades;Si
Curazao;Prepago;Prepaid Slim;304;Cartoon Network;SD;Infantil;Si
Curazao;Prepago;Prepaid Slim;314;Disney Channel;SD;Infantil;Si
Curazao;Prepago;Prepaid Slim;315;Disney Junior;SD;Infantil;Si
Curazao;Prepago;Prepaid Slim;318;Nat Geo Kids;SD;Infantil;Si
Curazao;Prepago;Prepaid Slim;334;Cartoonito;SD;Infantil;Si
Curazao;Prepago;Prepaid Slim;352;Enlace;SD;Religioso;Si
Curazao;Prepago;Prepaid Slim;358;DayStar;SD;Religioso;Si
Curazao;Prepago;Prepaid Slim;502;TNT;SD;Series Y Peliculas;Si
Curazao;Prepago;Prepaid Slim;507;Cinecanal;SD;Series Y Peliculas;Si
Curazao;Prepago;Prepaid Slim;508;Studio Universal;SD;Series Y Peliculas;Si
Curazao;Prepago;Prepaid Slim;516;De Película;SD;Series Y Peliculas;Si
Curazao;Prepago;Prepaid Slim;518;Space;SD;Series Y Peliculas;Si
Curazao;Prepago;Prepaid Slim;600;DSports Portal;SD;Deportes;Si
Curazao;Prepago;Prepaid Slim;610;Dsports;SD;Deportes;Si
Curazao;Prepago;Prepaid Slim;620;DSports Fight;SD;Deportes;Si
Curazao;Prepago;Prepaid Slim;621;ESPN Caribbean;SD;Deportes;Si
Curazao;Prepago;Prepaid Slim;622;ESPN 2 Caribbean;SD;Deportes;Si
Curazao;Prepago;Prepaid Slim;702;CNN;SD;Noticias;Si
Curazao;Prepago;Prepaid Slim;706;CNN International;SD;Noticias;Si
Curazao;Prepago;Prepaid Slim;710;Bloomberg;SD;Noticias;Si
Curazao;Prepago;Prepaid Slim;730;National Geographic;SD;Ciencia Y Cultura;Si
Curazao;Prepago;Prepaid Slim;732;Discovery Channel;SD;Ciencia Y Cultura;Si
Curazao;Prepago;Prepaid Slim;734;Animal Planet;SD;Ciencia Y Cultura;Si
Curazao;Prepago;Prepaid Slim;740;Discovery Travel & Living Channel (TLC);SD;Hogar Y Variedades;Si
Curazao;Prepago;Prepaid Slim;742;History Channel LA;SD;Ciencia Y Cultura;Si
Curazao;Prepago;Prepaid Slim;744;History 2 LA;SD;Ciencia Y Cultura;Si
Curazao;Prepago;Prepaid Slim;768;BBC News;SD;Informativo;Si
Guyana;Pospago;Bronze;131;CNC3;SD;Noticias;Si
Guyana;Pospago;Bronze;201;OnDIRECTV;SD;Hogar Y Variedades;Si
Guyana;Pospago;Bronze;202;Star Channel;SD;Series Y Peliculas;Si
Guyana;Pospago;Bronze;206;Warner Channel;SD;Series Y Peliculas;Si
Guyana;Pospago;Bronze;207;A&E LA;SD;Series Y Peliculas;Si
Guyana;Pospago;Bronze;208;Sony East;SD;Series Y Peliculas;Si
Guyana;Pospago;Bronze;209;AXN;SD;Series Y Peliculas;Si
Guyana;Pospago;Bronze;210;AMC LA;SD;Series Y Peliculas;Si
Guyana;Pospago;Bronze;216;TeenNick;SD;Infantil;Si
Guyana;Pospago;Bronze;217;FX;SD;Series Y Peliculas;Si
Guyana;Pospago;Bronze;218;Universal TV;SD;Series Y Peliculas;Si
Guyana;Pospago;Bronze;219;USA Network;SD;Series Y Peliculas;Si
Guyana;Pospago;Bronze;220;Adult Swim;SD;Infantil;Si
Guyana;Pospago;Bronze;222;E! Entertainment;SD;Hogar Y Variedades;Si
Guyana;Pospago;Bronze;223;Investigation Discovery (ID);SD;Ciencia Y Cultura;Si
Guyana;Pospago;Bronze;228;Lifetime LA;SD;Series Y Peliculas;Si
Guyana;Pospago;Bronze;229;Discovery Home & Health;SD;Hogar Y Variedades;Si
Guyana;Pospago;Bronze;233;Food Network US;SD;Gastronómico;Si
Guyana;Pospago;Bronze;250;HGTV US;SD;Hogar Y Variedades;Si
Guyana;Pospago;Bronze;253;BET;SD;Hogar Y Variedades;Si
Guyana;Pospago;Bronze;264;MTV LA;SD;Musical;Si
Guyana;Pospago;Bronze;304;Cartoon Network;SD;Infantil;Si
Guyana;Pospago;Bronze;314;Disney Channel;SD;Infantil;Si
Guyana;Pospago;Bronze;315;Disney Junior;SD;Infantil;Si
Guyana;Pospago;Bronze;321;ZooMoo;SD;Infantil;Si
Guyana;Pospago;Bronze;330;Discovery Kids;SD;Infantil;Si
Guyana;Pospago;Bronze;334;Cartoonito;SD;Infantil;Si
Guyana;Pospago;Bronze;502;TNT;SD;Series Y Peliculas;Si
Guyana;Pospago;Bronze;507;Cinecanal;SD;Series Y Peliculas;Si
Guyana;Pospago;Bronze;508;Studio Universal;SD;Series Y Peliculas;Si
Guyana;Pospago;Bronze;510;Paramount Channel;SD;Series Y Peliculas;Si
Guyana;Pospago;Bronze;518;Space;SD;Series Y Peliculas;Si
Guyana;Pospago;Bronze;600;DSports Portal;SD;Deportes;Si
Guyana;Pospago;Bronze;610;Dsports;SD;Deportes;Si
Guyana;Pospago;Bronze;612;DSports 2;SD;Deportes;Si
Guyana;Pospago;Bronze;620;DSports Fight;SD;Deportes;Si
Guyana;Pospago;Bronze;621;ESPN Caribbean;SD;Deportes;Si
Guyana;Pospago;Bronze;622;ESPN 2 Caribbean;SD;Deportes;Si
Guyana;Pospago;Bronze;628;The Golf Channel LA;SD;Deportes;Si
Guyana;Pospago;Bronze;667;Flow Sports Network;SD;Deportes;Si
Guyana;Pospago;Bronze;702;CNN;SD;Noticias;Si
Guyana;Pospago;Bronze;706;CNN International;SD;Noticias;Si
Guyana;Pospago;Bronze;710;Bloomberg;SD;Noticias;Si
Guyana;Pospago;Bronze;730;National Geographic;SD;Ciencia Y Cultura;Si
Guyana;Pospago;Bronze;732;Discovery Channel;SD;Ciencia Y Cultura;Si
Guyana;Pospago;Bronze;734;Animal Planet;SD;Ciencia Y Cultura;Si
Guyana;Pospago;Bronze;740;Discovery Travel & Living Channel (TLC);SD;Hogar Y Variedades;Si
Guyana;Pospago;Bronze;742;History Channel LA;SD;Ciencia Y Cultura;Si
Guyana;Pospago;Bronze;744;History 2 LA;SD;Ciencia Y Cultura;Si
Guyana;Pospago;Bronze;746;Film & Arts;SD;Ciencia Y Cultura;Si
Guyana;Pospago;Bronze;768;BBC News;SD;Informativo;Si
Guyana;Pospago;Bronze;780;ZEE TV;SD;Series Y Peliculas;Si
Guyana;Pospago;Direct International;766;Rai Italia;SD;Nacional;Si
Guyana;Pospago;Direct International;770;Deutsche Welle (DW);SD;Noticias;Si
Guyana;Pospago;Direct International;778;RTP Internacional;SD;Nacional;Si
Guyana;Pospago;Direct International;782;NHK World;SD;Informativo;Si
Guyana;Pospago;Directv Latino (Premium);127;DShow;SD;Hogar Y Variedades;Si
Guyana;Pospago;Directv Latino (Premium);214;Atres Series;SD;Series Y Peliculas;Si
Guyana;Pospago;Directv Latino (Premium);221;¡Hola! TV;SD;Hogar Y Variedades;Si
Guyana;Pospago;Directv Latino (Premium);225;Pasiones;SD;Telenovelas;Si
Guyana;Pospago;Directv Latino (Premium);226;El Canal de las Estrellas;SD;Nacional;Si
Guyana;Pospago;Directv Latino (Premium);227;TLnovelas;SD;Telenovelas;Si
Guyana;Pospago;Directv Latino (Premium);231;Telemundo Internacional;SD;Telenovelas;Si
Guyana;Pospago;Directv Latino (Premium);235;IVC;SD;Hogar Y Variedades;Si
Guyana;Pospago;Directv Latino (Premium);269;Quiero Música en Mi Idioma (QMusic);SD;Musical;Si
Guyana;Pospago;Directv Latino (Premium);352;Enlace;SD;Religioso;Si
Guyana;Pospago;Directv Latino (Premium);514;Cine Latino;SD;Series Y Peliculas;Si
Guyana;Pospago;Directv Latino (Premium);516;De Película;SD;Series Y Peliculas;Si
Guyana;Pospago;Directv Latino (Premium);624;ESPN 5;SD;Deportes;Si
Guyana;Pospago;Directv Latino (Premium);626;ESPN 6;SD;Deportes;Si
Guyana;Pospago;Directv Latino (Premium);627;ESPN 7;SD;Deportes;Si
Guyana;Pospago;Directv Latino (Premium);704;CNN en Español;SD;Noticias;Si
Guyana;Pospago;Directv Latino (Premium);707;CNN Chile;SD;Noticias;Si
Guyana;Pospago;Directv Latino (Premium);708;TVN 24 HORAS;SD;Noticias;Si
Guyana;Pospago;Directv Latino (Premium);716;Todo Noticias (TN);SD;Noticias;Si
Guyana;Pospago;Directv Latino (Premium);720;Canal 26;SD;Noticias;Si
Guyana;Pospago;Directv Latino (Premium);725;NTN 24;SD;Noticias;Si
Guyana;Pospago;Directv Latino (Premium);727;Cable Noticias;SD;Noticias;Si
Guyana;Pospago;Directv Latino (Premium);760;Univision;SD;Nacional;Si
Guyana;Pospago;Directv Latino (Premium);762;Antena 3;SD;Nacional;Si
Guyana;Pospago;Directv Latino (Premium);772;Caracol Internacional;SD;Nacional;Si
Guyana;Pospago;Directv Latino (Premium);775;RCN Nuestra Tele;SD;Nacional;Si
Guyana;Pospago;Directv Latino (Premium);784;El Trece Internacional;SD;Nacional;Si
Guyana;Pospago;Directv Latino (Premium);1127;DShow HD;HD;Hogar Y Variedades;Si
Guyana;Pospago;Directv Latino (Premium);1214;Atres Series HD;HD;Series Y Peliculas;Si
Guyana;Pospago;Directv Latino (Premium);1221;¡Hola! TV HD;HD;Hogar Y Variedades;Si
Guyana;Pospago;Directv Latino (Premium);1225;Pasiones HD;HD;Telenovelas;Si
Guyana;Pospago;Directv Latino (Premium);1235;IVC HD;HD;Hogar Y Variedades;Si
Guyana;Pospago;Directv Latino (Premium);1236;VePlus HD;HD;Hogar Y Variedades;Si
Guyana;Pospago;Directv Latino (Premium);1519;Atres Cinema HD;HD;Series Y Peliculas;Si
Guyana;Pospago;Directv Latino (Premium);1624;ESPN 5 HD;HD;Deportes;Si
Guyana;Pospago;Directv Latino (Premium);1626;ESPN 6 HD;HD;Deportes;Si
Guyana;Pospago;Directv Latino (Premium);1627;ESPN 7 HD;HD;Deportes;Si
Guyana;Pospago;Directv Latino (Premium);1762;Antena 3 HD;HD;Nacional;Si
Guyana;Pospago;Exxotico;469;XTSY;SD;Hogar Y Variedades;Si
Guyana;Pospago;Exxotico;470;Hustler;SD;Adultos;Si
Guyana;Pospago;Gold / Gold +;131;CNC3;SD;Noticias;Si
Guyana;Pospago;Gold / Gold +;134;Synergy;SD;Nacional;Si
Guyana;Pospago;Gold / Gold +;201;OnDIRECTV;SD;Hogar Y Variedades;Si
Guyana;Pospago;Gold / Gold +;202;Star Channel;SD;Series Y Peliculas;Si
Guyana;Pospago;Gold / Gold +;206;Warner Channel;SD;Series Y Peliculas;Si
Guyana;Pospago;Gold / Gold +;207;A&E LA;SD;Series Y Peliculas;Si
Guyana;Pospago;Gold / Gold +;208;Sony East;SD;Series Y Peliculas;Si
Guyana;Pospago;Gold / Gold +;209;AXN;SD;Series Y Peliculas;Si
Guyana;Pospago;Gold / Gold +;210;AMC LA;SD;Series Y Peliculas;Si
Guyana;Pospago;Gold / Gold +;213;TNT Series;SD;Series Y Peliculas;Si
Guyana;Pospago;Gold / Gold +;215;Comedy Central;SD;Series Y Peliculas;Si
Guyana;Pospago;Gold / Gold +;216;TeenNick;SD;Infantil;Si
Guyana;Pospago;Gold / Gold +;217;FX;SD;Series Y Peliculas;Si
Guyana;Pospago;Gold / Gold +;218;Universal TV;SD;Series Y Peliculas;Si
Guyana;Pospago;Gold / Gold +;219;USA Network;SD;Series Y Peliculas;Si
Guyana;Pospago;Gold / Gold +;220;Adult Swim;SD;Infantil;Si
Guyana;Pospago;Gold / Gold +;222;E! Entertainment;SD;Hogar Y Variedades;Si
Guyana;Pospago;Gold / Gold +;223;Investigation Discovery (ID);SD;Ciencia Y Cultura;Si
Guyana;Pospago;Gold / Gold +;228;Lifetime LA;SD;Series Y Peliculas;Si
Guyana;Pospago;Gold / Gold +;229;Discovery Home & Health;SD;Hogar Y Variedades;Si
Guyana;Pospago;Gold / Gold +;233;Food Network US;SD;Gastronómico;Si
Guyana;Pospago;Gold / Gold +;250;HGTV US;SD;Hogar Y Variedades;Si
Guyana;Pospago;Gold / Gold +;251;Lifetime USA;SD;Series Y Peliculas;Si
Guyana;Pospago;Gold / Gold +;253;BET;SD;Hogar Y Variedades;Si
Guyana;Pospago;Gold / Gold +;254;Paramount Channel;SD;Series Y Peliculas;Si
Guyana;Pospago;Gold / Gold +;256;A&E USA;SD;Series Y Peliculas;Si
Guyana;Pospago;Gold / Gold +;260;MTV USA HD;SD;Musical;Si
Guyana;Pospago;Gold / Gold +;262;VH1 USA;SD;Musical;Si
Guyana;Pospago;Gold / Gold +;264;MTV LA;SD;Musical;Si
Guyana;Pospago;Gold / Gold +;304;Cartoon Network;SD;Infantil;Si
Guyana;Pospago;Gold / Gold +;308;Nickelodeon LA;SD;Infantil;Si
Guyana;Pospago;Gold / Gold +;314;Disney Channel;SD;Infantil;Si
Guyana;Pospago;Gold / Gold +;315;Disney Junior;SD;Infantil;Si
Guyana;Pospago;Gold / Gold +;321;ZooMoo;SD;Infantil;Si
Guyana;Pospago;Gold / Gold +;322;Nickelodeon USA;SD;Infantil;Si
Guyana;Pospago;Gold / Gold +;330;Discovery Kids;SD;Infantil;Si
Guyana;Pospago;Gold / Gold +;334;Cartoonito;SD;Infantil;Si
Guyana;Pospago;Gold / Gold +;358;DayStar;SD;Religioso;Si
Guyana;Pospago;Gold / Gold +;501;LMN US;SD;Series Y Peliculas;Si
Guyana;Pospago;Gold / Gold +;502;TNT;SD;Series Y Peliculas;Si
Guyana;Pospago;Gold / Gold +;503;Golden;SD;Series Y Peliculas;Si
Guyana;Pospago;Gold / Gold +;506;Sony Movies;SD;Series Y Peliculas;Si
Guyana;Pospago;Gold / Gold +;507;Cinecanal;SD;Series Y Peliculas;Si
Guyana;Pospago;Gold / Gold +;508;Studio Universal;SD;Series Y Peliculas;Si
Guyana;Pospago;Gold / Gold +;509;Cinemax;SD;Series Y Peliculas;Si
Guyana;Pospago;Gold / Gold +;510;Paramount Channel;SD;Series Y Peliculas;Si
Guyana;Pospago;Gold / Gold +;513;DHE;SD;Series Y Peliculas;Si
Guyana;Pospago;Gold / Gold +;517;Golden Edge;SD;Series Y Peliculas;Si
Guyana;Pospago;Gold / Gold +;518;Space;SD;Series Y Peliculas;Si
Guyana;Pospago;Gold / Gold +;600;DSports Portal;SD;Deportes;Si
Guyana;Pospago;Gold / Gold +;610;Dsports;SD;Deportes;Si
Guyana;Pospago;Gold / Gold +;612;DSports 2;SD;Deportes;Si
Guyana;Pospago;Gold / Gold +;620;DSports Fight;SD;Deportes;Si
Guyana;Pospago;Gold / Gold +;621;ESPN Caribbean;SD;Deportes;Si
Guyana;Pospago;Gold / Gold +;622;ESPN 2 Caribbean;SD;Deportes;Si
Guyana;Pospago;Gold / Gold +;628;The Golf Channel LA;SD;Deportes;Si
Guyana;Pospago;Gold / Gold +;667;Flow Sports Network;SD;Deportes;Si
Guyana;Pospago;Gold / Gold +;702;CNN;SD;Noticias;Si
Guyana;Pospago;Gold / Gold +;706;CNN International;SD;Noticias;Si
Guyana;Pospago;Gold / Gold +;710;Bloomberg;SD;Noticias;Si
Guyana;Pospago;Gold / Gold +;730;National Geographic;SD;Ciencia Y Cultura;Si
Guyana;Pospago;Gold / Gold +;732;Discovery Channel;SD;Ciencia Y Cultura;Si
Guyana;Pospago;Gold / Gold +;734;Animal Planet;SD;Ciencia Y Cultura;Si
Guyana;Pospago;Gold / Gold +;736;Discovery Turbo;SD;Hogar Y Variedades;Si
Guyana;Pospago;Gold / Gold +;740;Discovery Travel & Living Channel (TLC);SD;Hogar Y Variedades;Si
Guyana;Pospago;Gold / Gold +;742;History Channel LA;SD;Ciencia Y Cultura;Si
Guyana;Pospago;Gold / Gold +;744;History 2 LA;SD;Ciencia Y Cultura;Si
Guyana;Pospago;Gold / Gold +;746;Film & Arts;SD;Ciencia Y Cultura;Si
Guyana;Pospago;Gold / Gold +;756;History Channel US;SD;Ciencia Y Cultura;Si
Guyana;Pospago;Gold / Gold +;768;BBC News;SD;Informativo;Si
Guyana;Pospago;Gold / Gold +;779;Zee Cinema;SD;Series Y Peliculas;Si
Guyana;Pospago;Gold / Gold +;780;ZEE TV;SD;Series Y Peliculas;Si
Guyana;Pospago;Gold / Gold +;1201;OnDIRECTV HD;HD;Hogar Y Variedades;Si
Guyana;Pospago;Gold / Gold +;1204;Star Channel HD;HD;Series Y Peliculas;Si
Guyana;Pospago;Gold / Gold +;1206;Warner Channel HD;HD;Series Y Peliculas;Si
Guyana;Pospago;Gold / Gold +;1207;A&E LA HD;HD;Series Y Peliculas;Si
Guyana;Pospago;Gold / Gold +;1208;Sony East HD;HD;Series Y Peliculas;Si
Guyana;Pospago;Gold / Gold +;1209;AXN HD;HD;Series Y Peliculas;Si
Guyana;Pospago;Gold / Gold +;1210;AMC LA HD;HD;Series Y Peliculas;Si
Guyana;Pospago;Gold / Gold +;1213;TNT Series HD;HD;Series Y Peliculas;Si
Guyana;Pospago;Gold / Gold +;1215;Comedy Central HD;HD;Series Y Peliculas;Si
Guyana;Pospago;Gold / Gold +;1217;FX HD;HD;Series Y Peliculas;Si
Guyana;Pospago;Gold / Gold +;1218;Universal TV HD;HD;Series Y Peliculas;Si
Guyana;Pospago;Gold / Gold +;1219;USA Network HD;HD;Series Y Peliculas;Si
Guyana;Pospago;Gold / Gold +;1222;E! Entertainment HD;HD;Hogar Y Variedades;Si
Guyana;Pospago;Gold / Gold +;1223;Investigation Discovery (ID) HD;HD;Ciencia Y Cultura;Si
Guyana;Pospago;Gold / Gold +;1228;Lifetime LA HD;HD;Series Y Peliculas;Si
Guyana;Pospago;Gold / Gold +;1229;Discovery Home & Health HD;HD;Hogar Y Variedades;Si
Guyana;Pospago;Gold / Gold +;1264;MTV LA HD;HD;Musical;Si
Guyana;Pospago;Gold / Gold +;1304;Cartoon Network HD;HD;Infantil;Si
Guyana;Pospago;Gold / Gold +;1308;Nickelodeon LA HD;HD;Infantil;Si
Guyana;Pospago;Gold / Gold +;1309;Nick Jr. LA HD;HD;Infantil;Si
Guyana;Pospago;Gold / Gold +;1312;Disney Channel HD;HD;Infantil;Si
Guyana;Pospago;Gold / Gold +;1315;Disney Junior HD;HD;Infantil;Si
Guyana;Pospago;Gold / Gold +;1317;BabyTV HD;HD;Infantil;Si
Guyana;Pospago;Gold / Gold +;1330;Discovery Kids HD;HD;Infantil;Si
Guyana;Pospago;Gold / Gold +;1502;TNT HD;HD;Series Y Peliculas;Si
Guyana;Pospago;Gold / Gold +;1503;Golden HD;HD;Series Y Peliculas;Si
Guyana;Pospago;Gold / Gold +;1506;Sony Movies HD;HD;Series Y Peliculas;Si
Guyana;Pospago;Gold / Gold +;1507;Cinecanal HD;HD;Series Y Peliculas;Si
Guyana;Pospago;Gold / Gold +;1508;Studio Universal HD;HD;Series Y Peliculas;Si
Guyana;Pospago;Gold / Gold +;1509;Cinemax HD;HD;Series Y Peliculas;Si
Guyana;Pospago;Gold / Gold +;1510;Paramount Channel HD;HD;Series Y Peliculas;Si
Guyana;Pospago;Gold / Gold +;1513;DHE HD;HD;Series Y Peliculas;Si
Guyana;Pospago;Gold / Gold +;1515;Europa Europa HD;HD;Series Y Peliculas;Si
Guyana;Pospago;Gold / Gold +;1518;Space HD;HD;Series Y Peliculas;Si
Guyana;Pospago;Gold / Gold +;1521;TV Cortos HD;HD;Series Y Peliculas;Si
Guyana;Pospago;Gold / Gold +;1610;DSports HD;HD;Deportes;Si
Guyana;Pospago;Gold / Gold +;1612;DSports 2 HD;HD;Deportes;Si
Guyana;Pospago;Gold / Gold +;1620;DSports Fight HD;HD;Deportes;Si
Guyana;Pospago;Gold / Gold +;1621;ESPN Caribbean HD;HD;Deportes;Si
Guyana;Pospago;Gold / Gold +;1628;The Golf Channel LA HD;HD;Deportes;Si
Guyana;Pospago;Gold / Gold +;1667;Flow Sports Network HD;HD;Deportes;Si
Guyana;Pospago;Gold / Gold +;1730;National Geographic HD;HD;Ciencia Y Cultura;Si
Guyana;Pospago;Gold / Gold +;1731;Discovery Theater HD;HD;Ciencia Y Cultura;Si
Guyana;Pospago;Gold / Gold +;1732;Discovery Channel HD;HD;Ciencia Y Cultura;Si
Guyana;Pospago;Gold / Gold +;1734;Animal Planet HD;HD;Ciencia Y Cultura;Si
Guyana;Pospago;Gold / Gold +;1738;Discovery World HD;HD;Ciencia Y Cultura;Si
Guyana;Pospago;Gold / Gold +;1740;Discovery Travel & Living Channel (TLC) HD;HD;Hogar Y Variedades;Si
Guyana;Pospago;Gold / Gold +;1742;History Channel LA HD;HD;Ciencia Y Cultura;Si
Guyana;Pospago;Gold / Gold +;1744;History 2 LA HD;HD;Ciencia Y Cultura;Si
Guyana;Pospago;HBO Mini;527;HBO Caribbean;SD;Series Y Peliculas;Si
Guyana;Pospago;HBO Mini;528;HBO Signature;SD;Series Y Peliculas;Si
Guyana;Pospago;HBO Mini;534;HBO Family;SD;Series Y Peliculas;Si
Guyana;Pospago;HBO Mini;1527;HBO Caribbean HD;HD;Series Y Peliculas;Si
Guyana;Pospago;HBO Mini;1528;HBO Signature HD;HD;Series Y Peliculas;Si
Guyana;Pospago;HBO Mini;1532;HBO Plus HD;HD;Series Y Peliculas;Si
Guyana;Pospago;HBO Mini;1534;HBO Family HD;HD;Series Y Peliculas;Si
Guyana;Pospago;HBO Pack;524;HBO;SD;Series Y Peliculas;Si
Guyana;Pospago;HBO Pack;525;HBO 2;SD;Series Y Peliculas;Si
Guyana;Pospago;HBO Pack;526;HBO Plus East;SD;Series Y Peliculas;Si
Guyana;Pospago;HBO Pack;527;HBO Caribbean;SD;Series Y Peliculas;Si
Guyana;Pospago;HBO Pack;528;HBO Signature;SD;Series Y Peliculas;Si
Guyana;Pospago;HBO Pack;534;HBO Family East;SD;Series Y Peliculas;Si
Guyana;Pospago;HBO Pack;540;HBO Mundi;SD;Series Y Peliculas;Si
Guyana;Pospago;HBO Pack;541;HBO Pop;SD;Series Y Peliculas;Si
Guyana;Pospago;HBO Pack;542;HBO Xtreme;SD;Series Y Peliculas;Si
Guyana;Pospago;HBO Pack;1524;HBO HD;HD;Series Y Peliculas;Si
Guyana;Pospago;HBO Pack;1525;HBO 2 HD;HD;Series Y Peliculas;Si
Guyana;Pospago;HBO Pack;1527;HBO Caribbean HD;HD;Series Y Peliculas;Si
Guyana;Pospago;HBO Pack;1528;HBO Signature HD;HD;Series Y Peliculas;Si
Guyana;Pospago;HBO Pack;1532;HBO Plus East HD;HD;Series Y Peliculas;Si
Guyana;Pospago;HBO Pack;1534;HBO Family HD;HD;Series Y Peliculas;Si
Guyana;Pospago;HBO Pack;1540;HBO Mundi Caribbean;HD;Series Y Peliculas;Si
Guyana;Pospago;HBO Pack;1542;HBO Xtreme HD;HD;Series Y Peliculas;Si
Guyana;Pospago;Hot Pack;464;Playboy TV;SD;Adultos;Si
Guyana;Pospago;Hot Pack;468;Venus;SD;Adultos;Si
Guyana;Pospago;Platinum;131;CNC3;SD;Noticias;Si
Guyana;Pospago;Platinum;134;Synergy;SD;Nacional;Si
Guyana;Pospago;Platinum;201;OnDIRECTV;SD;Hogar Y Variedades;Si
Guyana;Pospago;Platinum;202;Star Channel;SD;Series Y Peliculas;Si
Guyana;Pospago;Platinum;206;Warner Channel;SD;Series Y Peliculas;Si
Guyana;Pospago;Platinum;207;A&E LA;SD;Series Y Peliculas;Si
Guyana;Pospago;Platinum;208;Sony East;SD;Series Y Peliculas;Si
Guyana;Pospago;Platinum;209;AXN;SD;Series Y Peliculas;Si
Guyana;Pospago;Platinum;210;AMC LA;SD;Series Y Peliculas;Si
Guyana;Pospago;Platinum;213;TNT Series;SD;Series Y Peliculas;Si
Guyana;Pospago;Platinum;215;Comedy Central;SD;Series Y Peliculas;Si
Guyana;Pospago;Platinum;216;TeenNick;SD;Infantil;Si
Guyana;Pospago;Platinum;217;FX;SD;Series Y Peliculas;Si
Guyana;Pospago;Platinum;218;Universal TV;SD;Series Y Peliculas;Si
Guyana;Pospago;Platinum;219;USA Network;SD;Series Y Peliculas;Si
Guyana;Pospago;Platinum;220;Adult Swim;SD;Infantil;Si
Guyana;Pospago;Platinum;222;E! Entertainment;SD;Hogar Y Variedades;Si
Guyana;Pospago;Platinum;223;Investigation Discovery (ID);SD;Ciencia Y Cultura;Si
Guyana;Pospago;Platinum;228;Lifetime LA;SD;Series Y Peliculas;Si
Guyana;Pospago;Platinum;229;Discovery Home & Health;SD;Hogar Y Variedades;Si
Guyana;Pospago;Platinum;233;Food Network US;SD;Gastronómico;Si
Guyana;Pospago;Platinum;250;HGTV US;SD;Hogar Y Variedades;Si
Guyana;Pospago;Platinum;251;Lifetime USA;SD;Series Y Peliculas;Si
Guyana;Pospago;Platinum;253;BET;SD;Hogar Y Variedades;Si
Guyana;Pospago;Platinum;254;Paramount Channel;SD;Series Y Peliculas;Si
Guyana;Pospago;Platinum;256;A&E USA;SD;Series Y Peliculas;Si
Guyana;Pospago;Platinum;260;MTV USA HD;SD;Musical;Si
Guyana;Pospago;Platinum;262;VH1 USA;SD;Musical;Si
Guyana;Pospago;Platinum;264;MTV LA;SD;Musical;Si
Guyana;Pospago;Platinum;304;Cartoon Network;SD;Infantil;Si
Guyana;Pospago;Platinum;308;Nickelodeon LA;SD;Infantil;Si
Guyana;Pospago;Platinum;314;Disney Channel;SD;Infantil;Si
Guyana;Pospago;Platinum;315;Disney Junior;SD;Infantil;Si
Guyana;Pospago;Platinum;321;ZooMoo;SD;Infantil;Si
Guyana;Pospago;Platinum;322;Nickelodeon USA;SD;Infantil;Si
Guyana;Pospago;Platinum;330;Discovery Kids;SD;Infantil;Si
Guyana;Pospago;Platinum;334;Cartoonito;SD;Infantil;Si
Guyana;Pospago;Platinum;358;DayStar;SD;Religioso;Si
Guyana;Pospago;Platinum;501;LMN US;SD;Series Y Peliculas;Si
Guyana;Pospago;Platinum;502;TNT;SD;Series Y Peliculas;Si
Guyana;Pospago;Platinum;503;Golden;SD;Series Y Peliculas;Si
Guyana;Pospago;Platinum;506;Sony Movies;SD;Series Y Peliculas;Si
Guyana;Pospago;Platinum;507;Cinecanal;SD;Series Y Peliculas;Si
Guyana;Pospago;Platinum;508;Studio Universal;SD;Series Y Peliculas;Si
Guyana;Pospago;Platinum;509;Cinemax;SD;Series Y Peliculas;Si
Guyana;Pospago;Platinum;510;Paramount Channel;SD;Series Y Peliculas;Si
Guyana;Pospago;Platinum;513;DHE;SD;Series Y Peliculas;Si
Guyana;Pospago;Platinum;517;Golden Edge;SD;Series Y Peliculas;Si
Guyana;Pospago;Platinum;518;Space;SD;Series Y Peliculas;Si
Guyana;Pospago;Platinum;524;HBO;SD;Series Y Peliculas;Si
Guyana;Pospago;Platinum;525;HBO 2;SD;Series Y Peliculas;Si
Guyana;Pospago;Platinum;526;HBO Plus East;SD;Series Y Peliculas;Si
Guyana;Pospago;Platinum;527;HBO Caribbean;SD;Series Y Peliculas;Si
Guyana;Pospago;Platinum;528;HBO Signature;SD;Series Y Peliculas;Si
Guyana;Pospago;Platinum;534;HBO Family East;SD;Series Y Peliculas;Si
Guyana;Pospago;Platinum;540;HBO Mundi;SD;Series Y Peliculas;Si
Guyana;Pospago;Platinum;541;HBO Pop;SD;Series Y Peliculas;Si
Guyana;Pospago;Platinum;542;HBO Xtreme;SD;Series Y Peliculas;Si
Guyana;Pospago;Platinum;571;Universal Premiere East;SD;Series Y Peliculas;Si
Guyana;Pospago;Platinum;572;Universal Cinema;SD;Series Y Peliculas;Si
Guyana;Pospago;Platinum;573;Universal Comedy;SD;Series Y Peliculas;Si
Guyana;Pospago;Platinum;574;Universal Crime East;SD;Series Y Peliculas;Si
Guyana;Pospago;Platinum;575;Universal Reality;SD;Hogar Y Variedades;Si
Guyana;Pospago;Platinum;576;Universal Premiere West;SD;Series Y Peliculas;Si
Guyana;Pospago;Platinum;577;Universal Crime West;SD;Series Y Peliculas;Si
Guyana;Pospago;Platinum;600;DSports Portal;SD;Deportes;Si
Guyana;Pospago;Platinum;610;Dsports;SD;Deportes;Si
Guyana;Pospago;Platinum;612;DSports 2;SD;Deportes;Si
Guyana;Pospago;Platinum;620;DSports Fight;SD;Deportes;Si
Guyana;Pospago;Platinum;621;ESPN Caribbean;SD;Deportes;Si
Guyana;Pospago;Platinum;622;ESPN 2 Caribbean;SD;Deportes;Si
Guyana;Pospago;Platinum;628;The Golf Channel LA;SD;Deportes;Si
Guyana;Pospago;Platinum;667;Flow Sports Network;SD;Deportes;Si
Guyana;Pospago;Platinum;702;CNN;SD;Noticias;Si
Guyana;Pospago;Platinum;706;CNN International;SD;Noticias;Si
Guyana;Pospago;Platinum;710;Bloomberg;SD;Noticias;Si
Guyana;Pospago;Platinum;730;National Geographic;SD;Ciencia Y Cultura;Si
Guyana;Pospago;Platinum;732;Discovery Channel;SD;Ciencia Y Cultura;Si
Guyana;Pospago;Platinum;734;Animal Planet;SD;Ciencia Y Cultura;Si
Guyana;Pospago;Platinum;736;Discovery Turbo;SD;Hogar Y Variedades;Si
Guyana;Pospago;Platinum;740;Discovery Travel & Living Channel (TLC);SD;Hogar Y Variedades;Si
Guyana;Pospago;Platinum;742;History Channel LA;SD;Ciencia Y Cultura;Si
Guyana;Pospago;Platinum;744;History 2 LA;SD;Ciencia Y Cultura;Si
Guyana;Pospago;Platinum;746;Film & Arts;SD;Ciencia Y Cultura;Si
Guyana;Pospago;Platinum;756;History Channel US;SD;Ciencia Y Cultura;Si
Guyana;Pospago;Platinum;766;Rai Italia;SD;Nacional;Si
Guyana;Pospago;Platinum;768;BBC News;SD;Informativo;Si
Guyana;Pospago;Platinum;770;Deutsche Welle (DW);SD;Noticias;Si
Guyana;Pospago;Platinum;778;RTP Internacional;SD;Nacional;Si
Guyana;Pospago;Platinum;779;Zee Cinema;SD;Series Y Peliculas;Si
Guyana;Pospago;Platinum;780;ZEE TV;SD;Series Y Peliculas;Si
Guyana;Pospago;Platinum;782;NHK World;SD;Informativo;Si
Guyana;Pospago;Platinum;1201;OnDIRECTV HD;HD;Hogar Y Variedades;Si
Guyana;Pospago;Platinum;1204;Star Channel HD;HD;Series Y Peliculas;Si
Guyana;Pospago;Platinum;1206;Warner Channel HD;HD;Series Y Peliculas;Si
Guyana;Pospago;Platinum;1207;A&E LA HD;HD;Series Y Peliculas;Si
Guyana;Pospago;Platinum;1208;Sony East HD;HD;Series Y Peliculas;Si
Guyana;Pospago;Platinum;1209;AXN HD;HD;Series Y Peliculas;Si
Guyana;Pospago;Platinum;1210;AMC LA HD;HD;Series Y Peliculas;Si
Guyana;Pospago;Platinum;1213;TNT Series HD;HD;Series Y Peliculas;Si
Guyana;Pospago;Platinum;1215;Comedy Central HD;HD;Series Y Peliculas;Si
Guyana;Pospago;Platinum;1217;FX HD;HD;Series Y Peliculas;Si
Guyana;Pospago;Platinum;1218;Universal TV HD;HD;Series Y Peliculas;Si
Guyana;Pospago;Platinum;1219;USA Network HD;HD;Series Y Peliculas;Si
Guyana;Pospago;Platinum;1222;E! Entertainment HD;HD;Hogar Y Variedades;Si
Guyana;Pospago;Platinum;1223;Investigation Discovery (ID) HD;HD;Ciencia Y Cultura;Si
Guyana;Pospago;Platinum;1228;Lifetime LA HD;HD;Series Y Peliculas;Si
Guyana;Pospago;Platinum;1229;Discovery Home & Health HD;HD;Hogar Y Variedades;Si
Guyana;Pospago;Platinum;1264;MTV LA HD;HD;Musical;Si
Guyana;Pospago;Platinum;1304;Cartoon Network HD;HD;Infantil;Si
Guyana;Pospago;Platinum;1308;Nickelodeon LA HD;HD;Infantil;Si
Guyana;Pospago;Platinum;1309;Nick Jr. LA HD;HD;Infantil;Si
Guyana;Pospago;Platinum;1312;Disney Channel HD;HD;Infantil;Si
Guyana;Pospago;Platinum;1315;Disney Junior HD;HD;Infantil;Si
Guyana;Pospago;Platinum;1317;BabyTV HD;HD;Infantil;Si
Guyana;Pospago;Platinum;1330;Discovery Kids HD;HD;Infantil;Si
Guyana;Pospago;Platinum;1502;TNT HD;HD;Series Y Peliculas;Si
Guyana;Pospago;Platinum;1503;Golden HD;HD;Series Y Peliculas;Si
Guyana;Pospago;Platinum;1506;Sony Movies HD;HD;Series Y Peliculas;Si
Guyana;Pospago;Platinum;1507;Cinecanal HD;HD;Series Y Peliculas;Si
Guyana;Pospago;Platinum;1508;Studio Universal HD;HD;Series Y Peliculas;Si
Guyana;Pospago;Platinum;1509;Cinemax HD;HD;Series Y Peliculas;Si
Guyana;Pospago;Platinum;1510;Paramount Channel HD;HD;Series Y Peliculas;Si
Guyana;Pospago;Platinum;1513;DHE HD;HD;Series Y Peliculas;Si
Guyana;Pospago;Platinum;1515;Europa Europa HD;HD;Series Y Peliculas;Si
Guyana;Pospago;Platinum;1518;Space HD;HD;Series Y Peliculas;Si
Guyana;Pospago;Platinum;1521;TV Cortos HD;HD;Series Y Peliculas;Si
Guyana;Pospago;Platinum;1524;HBO HD;HD;Series Y Peliculas;Si
Guyana;Pospago;Platinum;1525;HBO 2 HD;HD;Series Y Peliculas;Si
Guyana;Pospago;Platinum;1527;HBO Caribbean HD;HD;Series Y Peliculas;Si
Guyana;Pospago;Platinum;1528;HBO Signature HD;HD;Series Y Peliculas;Si
Guyana;Pospago;Platinum;1532;HBO Plus East HD;HD;Series Y Peliculas;Si
Guyana;Pospago;Platinum;1534;HBO Family HD;HD;Series Y Peliculas;Si
Guyana;Pospago;Platinum;1540;HBO Mundi Caribbean;HD;Series Y Peliculas;Si
Guyana;Pospago;Platinum;1542;HBO Xtreme HD;HD;Series Y Peliculas;Si
Guyana;Pospago;Platinum;1571;Universal Premiere HD;HD;Series Y Peliculas;Si
Guyana;Pospago;Platinum;1572;Universal Cinema HD;HD;Series Y Peliculas;Si
Guyana;Pospago;Platinum;1573;Universal Comedy HD;HD;Series Y Peliculas;Si
Guyana;Pospago;Platinum;1574;Universal Crime HD;HD;Series Y Peliculas;Si
Guyana;Pospago;Platinum;1575;Universal Reality HD;HD;Hogar Y Variedades;Si
Guyana;Pospago;Platinum;1576;Universal Premiere West HD;HD;Series Y Peliculas;Si
Guyana;Pospago;Platinum;1577;Universal Crime West HD;HD;Series Y Peliculas;Si
Guyana;Pospago;Platinum;1610;DSports HD;HD;Deportes;Si
Guyana;Pospago;Platinum;1612;DSports 2 HD;HD;Deportes;Si
Guyana;Pospago;Platinum;1620;DSports Fight HD;HD;Deportes;Si
Guyana;Pospago;Platinum;1621;ESPN Caribbean HD;HD;Deportes;Si
Guyana;Pospago;Platinum;1628;The Golf Channel LA HD;HD;Deportes;Si
Guyana;Pospago;Platinum;1667;Flow Sports Network HD;HD;Deportes;Si
Guyana;Pospago;Platinum;1730;National Geographic HD;HD;Ciencia Y Cultura;Si
Guyana;Pospago;Platinum;1731;Discovery Theater HD;HD;Ciencia Y Cultura;Si
Guyana;Pospago;Platinum;1732;Discovery Channel HD;HD;Ciencia Y Cultura;Si
Guyana;Pospago;Platinum;1734;Animal Planet HD;HD;Ciencia Y Cultura;Si
Guyana;Pospago;Platinum;1738;Discovery World HD;HD;Ciencia Y Cultura;Si
Guyana;Pospago;Platinum;1740;Discovery Travel & Living Channel (TLC) HD;HD;Hogar Y Variedades;Si
Guyana;Pospago;Platinum;1742;History Channel LA HD;HD;Ciencia Y Cultura;Si
Guyana;Pospago;Platinum;1744;History 2 LA HD;HD;Ciencia Y Cultura;Si
Guyana;Pospago;Silver / Silver +;131;CNC3;SD;Noticias;Si
Guyana;Pospago;Silver / Silver +;134;Synergy;SD;Nacional;Si
Guyana;Pospago;Silver / Silver +;201;OnDIRECTV;SD;Hogar Y Variedades;Si
Guyana;Pospago;Silver / Silver +;202;Star Channel;SD;Series Y Peliculas;Si
Guyana;Pospago;Silver / Silver +;206;Warner Channel;SD;Series Y Peliculas;Si
Guyana;Pospago;Silver / Silver +;207;A&E LA;SD;Series Y Peliculas;Si
Guyana;Pospago;Silver / Silver +;208;Sony East;SD;Series Y Peliculas;Si
Guyana;Pospago;Silver / Silver +;209;AXN;SD;Series Y Peliculas;Si
Guyana;Pospago;Silver / Silver +;210;AMC LA;SD;Series Y Peliculas;Si
Guyana;Pospago;Silver / Silver +;213;TNT Series;SD;Series Y Peliculas;Si
Guyana;Pospago;Silver / Silver +;215;Comedy Central;SD;Series Y Peliculas;Si
Guyana;Pospago;Silver / Silver +;216;TeenNick;SD;Infantil;Si
Guyana;Pospago;Silver / Silver +;217;FX;SD;Series Y Peliculas;Si
Guyana;Pospago;Silver / Silver +;218;Universal TV;SD;Series Y Peliculas;Si
Guyana;Pospago;Silver / Silver +;219;USA Network;SD;Series Y Peliculas;Si
Guyana;Pospago;Silver / Silver +;220;Adult Swim;SD;Infantil;Si
Guyana;Pospago;Silver / Silver +;222;E! Entertainment;SD;Hogar Y Variedades;Si
Guyana;Pospago;Silver / Silver +;223;Investigation Discovery (ID);SD;Ciencia Y Cultura;Si
Guyana;Pospago;Silver / Silver +;228;Lifetime LA;SD;Series Y Peliculas;Si
Guyana;Pospago;Silver / Silver +;229;Discovery Home & Health;SD;Hogar Y Variedades;Si
Guyana;Pospago;Silver / Silver +;233;Food Network US;SD;Gastronómico;Si
Guyana;Pospago;Silver / Silver +;250;HGTV US;SD;Hogar Y Variedades;Si
Guyana;Pospago;Silver / Silver +;251;Lifetime USA;SD;Series Y Peliculas;Si
Guyana;Pospago;Silver / Silver +;253;BET;SD;Hogar Y Variedades;Si
Guyana;Pospago;Silver / Silver +;254;Paramount Channel;SD;Series Y Peliculas;Si
Guyana;Pospago;Silver / Silver +;256;A&E USA;SD;Series Y Peliculas;Si
Guyana;Pospago;Silver / Silver +;260;MTV USA HD;SD;Musical;Si
Guyana;Pospago;Silver / Silver +;262;VH1 USA;SD;Musical;Si
Guyana;Pospago;Silver / Silver +;264;MTV LA;SD;Musical;Si
Guyana;Pospago;Silver / Silver +;304;Cartoon Network;SD;Infantil;Si
Guyana;Pospago;Silver / Silver +;308;Nickelodeon LA;SD;Infantil;Si
Guyana;Pospago;Silver / Silver +;314;Disney Channel;SD;Infantil;Si
Guyana;Pospago;Silver / Silver +;315;Disney Junior;SD;Infantil;Si
Guyana;Pospago;Silver / Silver +;321;ZooMoo;SD;Infantil;Si
Guyana;Pospago;Silver / Silver +;322;Nickelodeon USA;SD;Infantil;Si
Guyana;Pospago;Silver / Silver +;330;Discovery Kids;SD;Infantil;Si
Guyana;Pospago;Silver / Silver +;334;Cartoonito;SD;Infantil;Si
Guyana;Pospago;Silver / Silver +;358;DayStar;SD;Religioso;Si
Guyana;Pospago;Silver / Silver +;501;LMN US;SD;Series Y Peliculas;Si
Guyana;Pospago;Silver / Silver +;502;TNT;SD;Series Y Peliculas;Si
Guyana;Pospago;Silver / Silver +;503;Golden;SD;Series Y Peliculas;Si
Guyana;Pospago;Silver / Silver +;506;Sony Movies;SD;Series Y Peliculas;Si
Guyana;Pospago;Silver / Silver +;507;Cinecanal;SD;Series Y Peliculas;Si
Guyana;Pospago;Silver / Silver +;508;Studio Universal;SD;Series Y Peliculas;Si
Guyana;Pospago;Silver / Silver +;509;Cinemax;SD;Series Y Peliculas;Si
Guyana;Pospago;Silver / Silver +;510;Paramount Channel;SD;Series Y Peliculas;Si
Guyana;Pospago;Silver / Silver +;513;DHE;SD;Series Y Peliculas;Si
Guyana;Pospago;Silver / Silver +;517;Golden Edge;SD;Series Y Peliculas;Si
Guyana;Pospago;Silver / Silver +;518;Space;SD;Series Y Peliculas;Si
Guyana;Pospago;Silver / Silver +;600;DSports Portal;SD;Deportes;Si
Guyana;Pospago;Silver / Silver +;610;Dsports;SD;Deportes;Si
Guyana;Pospago;Silver / Silver +;612;DSports 2;SD;Deportes;Si
Guyana;Pospago;Silver / Silver +;620;DSports Fight;SD;Deportes;Si
Guyana;Pospago;Silver / Silver +;621;ESPN Caribbean;SD;Deportes;Si
Guyana;Pospago;Silver / Silver +;622;ESPN 2 Caribbean;SD;Deportes;Si
Guyana;Pospago;Silver / Silver +;628;The Golf Channel LA;SD;Deportes;Si
Guyana;Pospago;Silver / Silver +;667;Flow Sports Network;SD;Deportes;Si
Guyana;Pospago;Silver / Silver +;702;CNN;SD;Noticias;Si
Guyana;Pospago;Silver / Silver +;706;CNN International;SD;Noticias;Si
Guyana;Pospago;Silver / Silver +;710;Bloomberg;SD;Noticias;Si
Guyana;Pospago;Silver / Silver +;730;National Geographic;SD;Ciencia Y Cultura;Si
Guyana;Pospago;Silver / Silver +;732;Discovery Channel;SD;Ciencia Y Cultura;Si
Guyana;Pospago;Silver / Silver +;734;Animal Planet;SD;Ciencia Y Cultura;Si
Guyana;Pospago;Silver / Silver +;736;Discovery Turbo;SD;Hogar Y Variedades;Si
Guyana;Pospago;Silver / Silver +;740;Discovery Travel & Living Channel (TLC);SD;Hogar Y Variedades;Si
Guyana;Pospago;Silver / Silver +;742;History Channel LA;SD;Ciencia Y Cultura;Si
Guyana;Pospago;Silver / Silver +;744;History 2 LA;SD;Ciencia Y Cultura;Si
Guyana;Pospago;Silver / Silver +;746;Film & Arts;SD;Ciencia Y Cultura;Si
Guyana;Pospago;Silver / Silver +;756;History Channel US;SD;Ciencia Y Cultura;Si
Guyana;Pospago;Silver / Silver +;768;BBC News;SD;Informativo;Si
Guyana;Pospago;Silver / Silver +;779;Zee Cinema;SD;Series Y Peliculas;Si
Guyana;Pospago;Silver / Silver +;780;ZEE TV;SD;Series Y Peliculas;Si
Guyana;Pospago;Universal Pack;571;Universal Premiere East;SD;Series Y Peliculas;Si
Guyana;Pospago;Universal Pack;572;Universal Cinema;SD;Series Y Peliculas;Si
Guyana;Pospago;Universal Pack;573;Universal Comedy;SD;Series Y Peliculas;Si
Guyana;Pospago;Universal Pack;574;Universal Crime East;SD;Series Y Peliculas;Si
Guyana;Pospago;Universal Pack;575;Universal Reality;SD;Hogar Y Variedades;Si
Guyana;Pospago;Universal Pack;576;Universal Premiere West;SD;Series Y Peliculas;Si
Guyana;Pospago;Universal Pack;577;Universal Crime West;SD;Series Y Peliculas;Si
Guyana;Pospago;Universal Pack;1571;Universal Premiere HD;HD;Series Y Peliculas;Si
Guyana;Pospago;Universal Pack;1572;Universal Cinema HD;HD;Series Y Peliculas;Si
Guyana;Pospago;Universal Pack;1573;Universal Comedy HD;HD;Series Y Peliculas;Si
Guyana;Pospago;Universal Pack;1574;Universal Crime HD;HD;Series Y Peliculas;Si
Guyana;Pospago;Universal Pack;1575;Universal Reality HD;HD;Hogar Y Variedades;Si
Guyana;Pospago;Universal Pack;1576;Universal Premiere West HD;HD;Series Y Peliculas;Si
Guyana;Pospago;Universal Pack;1577;Universal Crime West HD;HD;Series Y Peliculas;Si
Other Islands;Pospago;Bronze;131;CNC3;SD;Noticias;Si
Other Islands;Pospago;Bronze;201;OnDIRECTV;SD;Hogar Y Variedades;Si
Other Islands;Pospago;Bronze;202;Star Channel;SD;Series Y Peliculas;Si
Other Islands;Pospago;Bronze;203;GSN;SD;Hogar Y Variedades;Si
Other Islands;Pospago;Bronze;206;Warner Channel;SD;Series Y Peliculas;Si
Other Islands;Pospago;Bronze;207;A&E LA;SD;Series Y Peliculas;Si
Other Islands;Pospago;Bronze;208;Sony East;SD;Series Y Peliculas;Si
Other Islands;Pospago;Bronze;209;AXN;SD;Series Y Peliculas;Si
Other Islands;Pospago;Bronze;210;AMC LA;SD;Series Y Peliculas;Si
Other Islands;Pospago;Bronze;216;TeenNick;SD;Infantil;Si
Other Islands;Pospago;Bronze;217;FX;SD;Series Y Peliculas;Si
Other Islands;Pospago;Bronze;218;Universal TV;SD;Series Y Peliculas;Si
Other Islands;Pospago;Bronze;219;USA Network;SD;Series Y Peliculas;Si
Other Islands;Pospago;Bronze;220;Adult Swim;SD;Infantil;Si
Other Islands;Pospago;Bronze;222;E! Entertainment;SD;Hogar Y Variedades;Si
Other Islands;Pospago;Bronze;223;Investigation Discovery (ID);SD;Ciencia Y Cultura;Si
Other Islands;Pospago;Bronze;228;Lifetime LA;SD;Series Y Peliculas;Si
Other Islands;Pospago;Bronze;229;Discovery Home & Health;SD;Hogar Y Variedades;Si
Other Islands;Pospago;Bronze;233;Food Network US;SD;Gastronómico;Si
Other Islands;Pospago;Bronze;250;HGTV US;SD;Hogar Y Variedades;Si
Other Islands;Pospago;Bronze;253;BET;SD;Hogar Y Variedades;Si
Other Islands;Pospago;Bronze;264;MTV LA;SD;Musical;Si
Other Islands;Pospago;Bronze;304;Cartoon Network;SD;Infantil;Si
Other Islands;Pospago;Bronze;314;Disney Channel;SD;Infantil;Si
Other Islands;Pospago;Bronze;315;Disney Junior;SD;Infantil;Si
Other Islands;Pospago;Bronze;321;ZooMoo;SD;Infantil;Si
Other Islands;Pospago;Bronze;330;Discovery Kids;SD;Infantil;Si
Other Islands;Pospago;Bronze;334;Cartoonito;SD;Infantil;Si
Other Islands;Pospago;Bronze;502;TNT;SD;Series Y Peliculas;Si
Other Islands;Pospago;Bronze;507;Cinecanal;SD;Series Y Peliculas;Si
Other Islands;Pospago;Bronze;508;Studio Universal;SD;Series Y Peliculas;Si
Other Islands;Pospago;Bronze;510;Paramount Channel;SD;Series Y Peliculas;Si
Other Islands;Pospago;Bronze;518;Space;SD;Series Y Peliculas;Si
Other Islands;Pospago;Bronze;600;DSports Portal;SD;Deportes;Si
Other Islands;Pospago;Bronze;610;Dsports;SD;Deportes;Si
Other Islands;Pospago;Bronze;612;DSports 2;SD;Deportes;Si
Other Islands;Pospago;Bronze;620;DSports Fight;SD;Deportes;Si
Other Islands;Pospago;Bronze;621;ESPN Caribbean;SD;Deportes;Si
Other Islands;Pospago;Bronze;622;ESPN 2 Caribbean;SD;Deportes;Si
Other Islands;Pospago;Bronze;628;The Golf Channel LA;SD;Deportes;Si
Other Islands;Pospago;Bronze;667;Flow Sports Network;SD;Deportes;Si
Other Islands;Pospago;Bronze;702;CNN;SD;Noticias;Si
Other Islands;Pospago;Bronze;706;CNN International;SD;Noticias;Si
Other Islands;Pospago;Bronze;710;Bloomberg;SD;Noticias;Si
Other Islands;Pospago;Bronze;730;National Geographic;SD;Ciencia Y Cultura;Si
Other Islands;Pospago;Bronze;732;Discovery Channel;SD;Ciencia Y Cultura;Si
Other Islands;Pospago;Bronze;734;Animal Planet;SD;Ciencia Y Cultura;Si
Other Islands;Pospago;Bronze;740;Discovery Travel & Living Channel (TLC);SD;Hogar Y Variedades;Si
Other Islands;Pospago;Bronze;742;History Channel LA;SD;Ciencia Y Cultura;Si
Other Islands;Pospago;Bronze;744;History 2 LA;SD;Ciencia Y Cultura;Si
Other Islands;Pospago;Bronze;746;Film & Arts;SD;Ciencia Y Cultura;Si
Other Islands;Pospago;Bronze;768;BBC News;SD;Informativo;Si
Other Islands;Pospago;Direct International;766;Rai Italia;SD;Nacional;Si
Other Islands;Pospago;Direct International;770;Deutsche Welle (DW);SD;Noticias;Si
Other Islands;Pospago;Direct International;778;RTP Internacional;SD;Nacional;Si
Other Islands;Pospago;Direct International;782;NHK World;SD;Informativo;Si
Other Islands;Pospago;Directv Latino (Premium);127;DShow;SD;Hogar Y Variedades;Si
Other Islands;Pospago;Directv Latino (Premium);214;Atres Series;SD;Series Y Peliculas;Si
Other Islands;Pospago;Directv Latino (Premium);221;¡Hola! TV;SD;Hogar Y Variedades;Si
Other Islands;Pospago;Directv Latino (Premium);226;El Canal de las Estrellas;SD;Nacional;Si
Other Islands;Pospago;Directv Latino (Premium);227;TLnovelas;SD;Telenovelas;Si
Other Islands;Pospago;Directv Latino (Premium);231;Telemundo Internacional;SD;Telenovelas;Si
Other Islands;Pospago;Directv Latino (Premium);235;IVC;SD;Hogar Y Variedades;Si
Other Islands;Pospago;Directv Latino (Premium);269;Quiero Música en Mi Idioma (QMusic);SD;Musical;Si
Other Islands;Pospago;Directv Latino (Premium);352;Enlace;SD;Religioso;Si
Other Islands;Pospago;Directv Latino (Premium);514;Cine Latino;SD;Series Y Peliculas;Si
Other Islands;Pospago;Directv Latino (Premium);516;De Película;SD;Series Y Peliculas;Si
Other Islands;Pospago;Directv Latino (Premium);624;ESPN 5;SD;Deportes;Si
Other Islands;Pospago;Directv Latino (Premium);626;ESPN 6;SD;Deportes;Si
Other Islands;Pospago;Directv Latino (Premium);627;ESPN 7;SD;Deportes;Si
Other Islands;Pospago;Directv Latino (Premium);704;CNN en Español;SD;Noticias;Si
Other Islands;Pospago;Directv Latino (Premium);707;CNN Chile;SD;Noticias;Si
Other Islands;Pospago;Directv Latino (Premium);708;TVN 24 HORAS;SD;Noticias;Si
Other Islands;Pospago;Directv Latino (Premium);716;Todo Noticias (TN);SD;Noticias;Si
Other Islands;Pospago;Directv Latino (Premium);720;Canal 26;SD;Noticias;Si
Other Islands;Pospago;Directv Latino (Premium);725;NTN 24;SD;Noticias;Si
Other Islands;Pospago;Directv Latino (Premium);727;Cable Noticias;SD;Noticias;Si
Other Islands;Pospago;Directv Latino (Premium);760;Univision;SD;Nacional;Si
Other Islands;Pospago;Directv Latino (Premium);762;Antena 3;SD;Nacional;Si
Other Islands;Pospago;Directv Latino (Premium);772;Caracol Internacional;SD;Nacional;Si
Other Islands;Pospago;Directv Latino (Premium);775;RCN Nuestra Tele;SD;Nacional;Si
Other Islands;Pospago;Directv Latino (Premium);784;El Trece Internacional;SD;Nacional;Si
Other Islands;Pospago;Directv Latino (Premium);1127;DShow HD;HD;Hogar Y Variedades;Si
Other Islands;Pospago;Directv Latino (Premium);1214;Atres Series HD;HD;Series Y Peliculas;Si
Other Islands;Pospago;Directv Latino (Premium);1221;¡Hola! TV HD;HD;Hogar Y Variedades;Si
Other Islands;Pospago;Directv Latino (Premium);1235;IVC HD;HD;Hogar Y Variedades;Si
Other Islands;Pospago;Directv Latino (Premium);1236;VePlus HD;HD;Hogar Y Variedades;Si
Other Islands;Pospago;Directv Latino (Premium);1519;Atres Cinema HD;HD;Series Y Peliculas;Si
Other Islands;Pospago;Directv Latino (Premium);1624;ESPN 5 HD;HD;Deportes;Si
Other Islands;Pospago;Directv Latino (Premium);1626;ESPN 6 HD;HD;Deportes;Si
Other Islands;Pospago;Directv Latino (Premium);1627;ESPN 7 HD;HD;Deportes;Si
Other Islands;Pospago;Directv Latino (Premium);1762;Antena 3 HD;HD;Nacional;Si
Other Islands;Pospago;Exxotico;469;XTSY;SD;Hogar Y Variedades;Si
Other Islands;Pospago;Exxotico;470;Hustler;SD;Adultos;Si
Other Islands;Pospago;Gold / Gold +;131;CNC3;SD;Noticias;Si
Other Islands;Pospago;Gold / Gold +;134;Synergy;SD;Nacional;Si
Other Islands;Pospago;Gold / Gold +;201;OnDIRECTV;SD;Hogar Y Variedades;Si
Other Islands;Pospago;Gold / Gold +;202;Star Channel;SD;Series Y Peliculas;Si
Other Islands;Pospago;Gold / Gold +;203;GSN;SD;Hogar Y Variedades;Si
Other Islands;Pospago;Gold / Gold +;206;Warner Channel;SD;Series Y Peliculas;Si
Other Islands;Pospago;Gold / Gold +;207;A&E LA;SD;Series Y Peliculas;Si
Other Islands;Pospago;Gold / Gold +;208;Sony East;SD;Series Y Peliculas;Si
Other Islands;Pospago;Gold / Gold +;209;AXN;SD;Series Y Peliculas;Si
Other Islands;Pospago;Gold / Gold +;210;AMC LA;SD;Series Y Peliculas;Si
Other Islands;Pospago;Gold / Gold +;213;TNT Series;SD;Series Y Peliculas;Si
Other Islands;Pospago;Gold / Gold +;215;Comedy Central;SD;Series Y Peliculas;Si
Other Islands;Pospago;Gold / Gold +;216;TeenNick;SD;Infantil;Si
Other Islands;Pospago;Gold / Gold +;217;FX;SD;Series Y Peliculas;Si
Other Islands;Pospago;Gold / Gold +;218;Universal TV;SD;Series Y Peliculas;Si
Other Islands;Pospago;Gold / Gold +;219;USA Network;SD;Series Y Peliculas;Si
Other Islands;Pospago;Gold / Gold +;220;Adult Swim;SD;Infantil;Si
Other Islands;Pospago;Gold / Gold +;222;E! Entertainment;SD;Hogar Y Variedades;Si
Other Islands;Pospago;Gold / Gold +;223;Investigation Discovery (ID);SD;Ciencia Y Cultura;Si
Other Islands;Pospago;Gold / Gold +;228;Lifetime LA;SD;Series Y Peliculas;Si
Other Islands;Pospago;Gold / Gold +;229;Discovery Home & Health;SD;Hogar Y Variedades;Si
Other Islands;Pospago;Gold / Gold +;233;Food Network US;SD;Gastronómico;Si
Other Islands;Pospago;Gold / Gold +;250;HGTV US;SD;Hogar Y Variedades;Si
Other Islands;Pospago;Gold / Gold +;251;Lifetime USA;SD;Series Y Peliculas;Si
Other Islands;Pospago;Gold / Gold +;253;BET;SD;Hogar Y Variedades;Si
Other Islands;Pospago;Gold / Gold +;254;Paramount Channel;SD;Series Y Peliculas;Si
Other Islands;Pospago;Gold / Gold +;256;A&E USA;SD;Series Y Peliculas;Si
Other Islands;Pospago;Gold / Gold +;260;MTV USA HD;SD;Musical;Si
Other Islands;Pospago;Gold / Gold +;262;VH1 USA;SD;Musical;Si
Other Islands;Pospago;Gold / Gold +;264;MTV LA;SD;Musical;Si
Other Islands;Pospago;Gold / Gold +;304;Cartoon Network;SD;Infantil;Si
Other Islands;Pospago;Gold / Gold +;308;Nickelodeon LA;SD;Infantil;Si
Other Islands;Pospago;Gold / Gold +;314;Disney Channel;SD;Infantil;Si
Other Islands;Pospago;Gold / Gold +;315;Disney Junior;SD;Infantil;Si
Other Islands;Pospago;Gold / Gold +;321;ZooMoo;SD;Infantil;Si
Other Islands;Pospago;Gold / Gold +;322;Nickelodeon USA;SD;Infantil;Si
Other Islands;Pospago;Gold / Gold +;330;Discovery Kids;SD;Infantil;Si
Other Islands;Pospago;Gold / Gold +;334;Cartoonito;SD;Infantil;Si
Other Islands;Pospago;Gold / Gold +;358;DayStar;SD;Religioso;Si
Other Islands;Pospago;Gold / Gold +;501;LMN US;SD;Series Y Peliculas;Si
Other Islands;Pospago;Gold / Gold +;502;TNT;SD;Series Y Peliculas;Si
Other Islands;Pospago;Gold / Gold +;503;Golden;SD;Series Y Peliculas;Si
Other Islands;Pospago;Gold / Gold +;506;Sony Movies;SD;Series Y Peliculas;Si
Other Islands;Pospago;Gold / Gold +;507;Cinecanal;SD;Series Y Peliculas;Si
Other Islands;Pospago;Gold / Gold +;508;Studio Universal;SD;Series Y Peliculas;Si
Other Islands;Pospago;Gold / Gold +;509;Cinemax;SD;Series Y Peliculas;Si
Other Islands;Pospago;Gold / Gold +;510;Paramount Channel;SD;Series Y Peliculas;Si
Other Islands;Pospago;Gold / Gold +;513;DHE;SD;Series Y Peliculas;Si
Other Islands;Pospago;Gold / Gold +;517;Golden Edge;SD;Series Y Peliculas;Si
Other Islands;Pospago;Gold / Gold +;518;Space;SD;Series Y Peliculas;Si
Other Islands;Pospago;Gold / Gold +;600;DSports Portal;SD;Deportes;Si
Other Islands;Pospago;Gold / Gold +;610;Dsports;SD;Deportes;Si
Other Islands;Pospago;Gold / Gold +;612;DSports 2;SD;Deportes;Si
Other Islands;Pospago;Gold / Gold +;620;DSports Fight;SD;Deportes;Si
Other Islands;Pospago;Gold / Gold +;621;ESPN Caribbean;SD;Deportes;Si
Other Islands;Pospago;Gold / Gold +;622;ESPN 2 Caribbean;SD;Deportes;Si
Other Islands;Pospago;Gold / Gold +;628;The Golf Channel LA;SD;Deportes;Si
Other Islands;Pospago;Gold / Gold +;667;Flow Sports Network;SD;Deportes;Si
Other Islands;Pospago;Gold / Gold +;702;CNN;SD;Noticias;Si
Other Islands;Pospago;Gold / Gold +;706;CNN International;SD;Noticias;Si
Other Islands;Pospago;Gold / Gold +;710;Bloomberg;SD;Noticias;Si
Other Islands;Pospago;Gold / Gold +;730;National Geographic;SD;Ciencia Y Cultura;Si
Other Islands;Pospago;Gold / Gold +;732;Discovery Channel;SD;Ciencia Y Cultura;Si
Other Islands;Pospago;Gold / Gold +;734;Animal Planet;SD;Ciencia Y Cultura;Si
Other Islands;Pospago;Gold / Gold +;736;Discovery Turbo;SD;Hogar Y Variedades;Si
Other Islands;Pospago;Gold / Gold +;740;Discovery Travel & Living Channel (TLC);SD;Hogar Y Variedades;Si
Other Islands;Pospago;Gold / Gold +;742;History Channel LA;SD;Ciencia Y Cultura;Si
Other Islands;Pospago;Gold / Gold +;744;History 2 LA;SD;Ciencia Y Cultura;Si
Other Islands;Pospago;Gold / Gold +;746;Film & Arts;SD;Ciencia Y Cultura;Si
Other Islands;Pospago;Gold / Gold +;756;History Channel US;SD;Ciencia Y Cultura;Si
Other Islands;Pospago;Gold / Gold +;768;BBC News;SD;Informativo;Si
Other Islands;Pospago;Gold / Gold +;1201;OnDIRECTV HD;HD;Hogar Y Variedades;Si
Other Islands;Pospago;Gold / Gold +;1204;Star Channel HD;HD;Series Y Peliculas;Si
Other Islands;Pospago;Gold / Gold +;1206;Warner Channel HD;HD;Series Y Peliculas;Si
Other Islands;Pospago;Gold / Gold +;1207;A&E LA HD;HD;Series Y Peliculas;Si
Other Islands;Pospago;Gold / Gold +;1208;Sony East HD;HD;Series Y Peliculas;Si
Other Islands;Pospago;Gold / Gold +;1209;AXN HD;HD;Series Y Peliculas;Si
Other Islands;Pospago;Gold / Gold +;1210;AMC LA HD;HD;Series Y Peliculas;Si
Other Islands;Pospago;Gold / Gold +;1213;TNT Series HD;HD;Series Y Peliculas;Si
Other Islands;Pospago;Gold / Gold +;1215;Comedy Central HD;HD;Series Y Peliculas;Si
Other Islands;Pospago;Gold / Gold +;1217;FX HD;HD;Series Y Peliculas;Si
Other Islands;Pospago;Gold / Gold +;1218;Universal TV HD;HD;Series Y Peliculas;Si
Other Islands;Pospago;Gold / Gold +;1219;USA Network HD;HD;Series Y Peliculas;Si
Other Islands;Pospago;Gold / Gold +;1222;E! Entertainment HD;HD;Hogar Y Variedades;Si
Other Islands;Pospago;Gold / Gold +;1223;Investigation Discovery (ID) HD;HD;Ciencia Y Cultura;Si
Other Islands;Pospago;Gold / Gold +;1228;Lifetime LA HD;HD;Series Y Peliculas;Si
Other Islands;Pospago;Gold / Gold +;1229;Discovery Home & Health HD;HD;Hogar Y Variedades;Si
Other Islands;Pospago;Gold / Gold +;1264;MTV LA HD;HD;Musical;Si
Other Islands;Pospago;Gold / Gold +;1304;Cartoon Network HD;HD;Infantil;Si
Other Islands;Pospago;Gold / Gold +;1308;Nickelodeon LA HD;HD;Infantil;Si
Other Islands;Pospago;Gold / Gold +;1309;Nick Jr. LA HD;HD;Infantil;Si
Other Islands;Pospago;Gold / Gold +;1312;Disney Channel HD;HD;Infantil;Si
Other Islands;Pospago;Gold / Gold +;1315;Disney Junior HD;HD;Infantil;Si
Other Islands;Pospago;Gold / Gold +;1317;BabyTV HD;HD;Infantil;Si
Other Islands;Pospago;Gold / Gold +;1330;Discovery Kids HD;HD;Infantil;Si
Other Islands;Pospago;Gold / Gold +;1502;TNT HD;HD;Series Y Peliculas;Si
Other Islands;Pospago;Gold / Gold +;1503;Golden HD;HD;Series Y Peliculas;Si
Other Islands;Pospago;Gold / Gold +;1506;Sony Movies HD;HD;Series Y Peliculas;Si
Other Islands;Pospago;Gold / Gold +;1507;Cinecanal HD;HD;Series Y Peliculas;Si
Other Islands;Pospago;Gold / Gold +;1508;Studio Universal HD;HD;Series Y Peliculas;Si
Other Islands;Pospago;Gold / Gold +;1509;Cinemax HD;HD;Series Y Peliculas;Si
Other Islands;Pospago;Gold / Gold +;1510;Paramount Channel HD;HD;Series Y Peliculas;Si
Other Islands;Pospago;Gold / Gold +;1513;DHE HD;HD;Series Y Peliculas;Si
Other Islands;Pospago;Gold / Gold +;1515;Europa Europa HD;HD;Series Y Peliculas;Si
Other Islands;Pospago;Gold / Gold +;1518;Space HD;HD;Series Y Peliculas;Si
Other Islands;Pospago;Gold / Gold +;1521;TV Cortos HD;HD;Series Y Peliculas;Si
Other Islands;Pospago;Gold / Gold +;1610;DSports HD;HD;Deportes;Si
Other Islands;Pospago;Gold / Gold +;1612;DSports 2 HD;HD;Deportes;Si
Other Islands;Pospago;Gold / Gold +;1620;DSports Fight HD;HD;Deportes;Si
Other Islands;Pospago;Gold / Gold +;1621;ESPN Caribbean HD;HD;Deportes;Si
Other Islands;Pospago;Gold / Gold +;1628;The Golf Channel LA HD;HD;Deportes;Si
Other Islands;Pospago;Gold / Gold +;1667;Flow Sports Network HD;HD;Deportes;Si
Other Islands;Pospago;Gold / Gold +;1730;National Geographic HD;HD;Ciencia Y Cultura;Si
Other Islands;Pospago;Gold / Gold +;1731;Discovery Theater HD;HD;Ciencia Y Cultura;Si
Other Islands;Pospago;Gold / Gold +;1732;Discovery Channel HD;HD;Ciencia Y Cultura;Si
Other Islands;Pospago;Gold / Gold +;1734;Animal Planet HD;HD;Ciencia Y Cultura;Si
Other Islands;Pospago;Gold / Gold +;1738;Discovery World HD;HD;Ciencia Y Cultura;Si
Other Islands;Pospago;Gold / Gold +;1740;Discovery Travel & Living Channel (TLC) HD;HD;Hogar Y Variedades;Si
Other Islands;Pospago;Gold / Gold +;1742;History Channel LA HD;HD;Ciencia Y Cultura;Si
Other Islands;Pospago;Gold / Gold +;1744;History 2 LA HD;HD;Ciencia Y Cultura;Si
Other Islands;Pospago;HBO Mini;527;HBO Caribbean;SD;Series Y Peliculas;Si
Other Islands;Pospago;HBO Mini;528;HBO Signature;SD;Series Y Peliculas;Si
Other Islands;Pospago;HBO Mini;534;HBO Family;SD;Series Y Peliculas;Si
Other Islands;Pospago;HBO Mini;1527;HBO Caribbean HD;HD;Series Y Peliculas;Si
Other Islands;Pospago;HBO Mini;1528;HBO Signature HD;HD;Series Y Peliculas;Si
Other Islands;Pospago;HBO Mini;1532;HBO Plus HD;HD;Series Y Peliculas;Si
Other Islands;Pospago;HBO Mini;1534;HBO Family HD;HD;Series Y Peliculas;Si
Other Islands;Pospago;HBO Pack;524;HBO;SD;Series Y Peliculas;Si
Other Islands;Pospago;HBO Pack;525;HBO 2;SD;Series Y Peliculas;Si
Other Islands;Pospago;HBO Pack;526;HBO Plus East;SD;Series Y Peliculas;Si
Other Islands;Pospago;HBO Pack;527;HBO Caribbean;SD;Series Y Peliculas;Si
Other Islands;Pospago;HBO Pack;528;HBO Signature;SD;Series Y Peliculas;Si
Other Islands;Pospago;HBO Pack;534;HBO Family East;SD;Series Y Peliculas;Si
Other Islands;Pospago;HBO Pack;540;HBO Mundi;SD;Series Y Peliculas;Si
Other Islands;Pospago;HBO Pack;541;HBO Pop;SD;Series Y Peliculas;Si
Other Islands;Pospago;HBO Pack;542;HBO Xtreme;SD;Series Y Peliculas;Si
Other Islands;Pospago;HBO Pack;1524;HBO HD;HD;Series Y Peliculas;Si
Other Islands;Pospago;HBO Pack;1525;HBO 2 HD;HD;Series Y Peliculas;Si
Other Islands;Pospago;HBO Pack;1527;HBO Caribbean HD;HD;Series Y Peliculas;Si
Other Islands;Pospago;HBO Pack;1528;HBO Signature HD;HD;Series Y Peliculas;Si
Other Islands;Pospago;HBO Pack;1532;HBO Plus East HD;HD;Series Y Peliculas;Si
Other Islands;Pospago;HBO Pack;1534;HBO Family HD;HD;Series Y Peliculas;Si
Other Islands;Pospago;HBO Pack;1540;HBO Mundi Caribbean;HD;Series Y Peliculas;Si
Other Islands;Pospago;HBO Pack;1542;HBO Xtreme HD;HD;Series Y Peliculas;Si
Other Islands;Pospago;Hot Pack;464;Playboy TV;SD;Adultos;Si
Other Islands;Pospago;Hot Pack;468;Venus;SD;Adultos;Si
Other Islands;Pospago;Platinum;131;CNC3;SD;Noticias;Si
Other Islands;Pospago;Platinum;134;Synergy;SD;Nacional;Si
Other Islands;Pospago;Platinum;201;OnDIRECTV;SD;Hogar Y Variedades;Si
Other Islands;Pospago;Platinum;202;Star Channel;SD;Series Y Peliculas;Si
Other Islands;Pospago;Platinum;203;GSN;SD;Hogar Y Variedades;Si
Other Islands;Pospago;Platinum;206;Warner Channel;SD;Series Y Peliculas;Si
Other Islands;Pospago;Platinum;207;A&E LA;SD;Series Y Peliculas;Si
Other Islands;Pospago;Platinum;208;Sony East;SD;Series Y Peliculas;Si
Other Islands;Pospago;Platinum;209;AXN;SD;Series Y Peliculas;Si
Other Islands;Pospago;Platinum;210;AMC LA;SD;Series Y Peliculas;Si
Other Islands;Pospago;Platinum;213;TNT Series;SD;Series Y Peliculas;Si
Other Islands;Pospago;Platinum;215;Comedy Central;SD;Series Y Peliculas;Si
Other Islands;Pospago;Platinum;216;TeenNick;SD;Infantil;Si
Other Islands;Pospago;Platinum;217;FX;SD;Series Y Peliculas;Si
Other Islands;Pospago;Platinum;218;Universal TV;SD;Series Y Peliculas;Si
Other Islands;Pospago;Platinum;219;USA Network;SD;Series Y Peliculas;Si
Other Islands;Pospago;Platinum;220;Adult Swim;SD;Infantil;Si
Other Islands;Pospago;Platinum;222;E! Entertainment;SD;Hogar Y Variedades;Si
Other Islands;Pospago;Platinum;223;Investigation Discovery (ID);SD;Ciencia Y Cultura;Si
Other Islands;Pospago;Platinum;228;Lifetime LA;SD;Series Y Peliculas;Si
Other Islands;Pospago;Platinum;229;Discovery Home & Health;SD;Hogar Y Variedades;Si
Other Islands;Pospago;Platinum;233;Food Network US;SD;Gastronómico;Si
Other Islands;Pospago;Platinum;250;HGTV US;SD;Hogar Y Variedades;Si
Other Islands;Pospago;Platinum;251;Lifetime USA;SD;Series Y Peliculas;Si
Other Islands;Pospago;Platinum;253;BET;SD;Hogar Y Variedades;Si
Other Islands;Pospago;Platinum;254;Paramount Channel;SD;Series Y Peliculas;Si
Other Islands;Pospago;Platinum;256;A&E USA;SD;Series Y Peliculas;Si
Other Islands;Pospago;Platinum;260;MTV USA HD;SD;Musical;Si
Other Islands;Pospago;Platinum;262;VH1 USA;SD;Musical;Si
Other Islands;Pospago;Platinum;264;MTV LA;SD;Musical;Si
Other Islands;Pospago;Platinum;304;Cartoon Network;SD;Infantil;Si
Other Islands;Pospago;Platinum;308;Nickelodeon LA;SD;Infantil;Si
Other Islands;Pospago;Platinum;314;Disney Channel;SD;Infantil;Si
Other Islands;Pospago;Platinum;315;Disney Junior;SD;Infantil;Si
Other Islands;Pospago;Platinum;321;ZooMoo;SD;Infantil;Si
Other Islands;Pospago;Platinum;322;Nickelodeon USA;SD;Infantil;Si
Other Islands;Pospago;Platinum;330;Discovery Kids;SD;Infantil;Si
Other Islands;Pospago;Platinum;334;Cartoonito;SD;Infantil;Si
Other Islands;Pospago;Platinum;358;DayStar;SD;Religioso;Si
Other Islands;Pospago;Platinum;501;LMN US;SD;Series Y Peliculas;Si
Other Islands;Pospago;Platinum;502;TNT;SD;Series Y Peliculas;Si
Other Islands;Pospago;Platinum;503;Golden;SD;Series Y Peliculas;Si
Other Islands;Pospago;Platinum;506;Sony Movies;SD;Series Y Peliculas;Si
Other Islands;Pospago;Platinum;507;Cinecanal;SD;Series Y Peliculas;Si
Other Islands;Pospago;Platinum;508;Studio Universal;SD;Series Y Peliculas;Si
Other Islands;Pospago;Platinum;509;Cinemax;SD;Series Y Peliculas;Si
Other Islands;Pospago;Platinum;510;Paramount Channel;SD;Series Y Peliculas;Si
Other Islands;Pospago;Platinum;513;DHE;SD;Series Y Peliculas;Si
Other Islands;Pospago;Platinum;517;Golden Edge;SD;Series Y Peliculas;Si
Other Islands;Pospago;Platinum;518;Space;SD;Series Y Peliculas;Si
Other Islands;Pospago;Platinum;524;HBO;SD;Series Y Peliculas;Si
Other Islands;Pospago;Platinum;525;HBO 2;SD;Series Y Peliculas;Si
Other Islands;Pospago;Platinum;526;HBO Plus East;SD;Series Y Peliculas;Si
Other Islands;Pospago;Platinum;527;HBO Caribbean;SD;Series Y Peliculas;Si
Other Islands;Pospago;Platinum;528;HBO Signature;SD;Series Y Peliculas;Si
Other Islands;Pospago;Platinum;534;HBO Family East;SD;Series Y Peliculas;Si
Other Islands;Pospago;Platinum;540;HBO Mundi;SD;Series Y Peliculas;Si
Other Islands;Pospago;Platinum;541;HBO Pop;SD;Series Y Peliculas;Si
Other Islands;Pospago;Platinum;542;HBO Xtreme;SD;Series Y Peliculas;Si
Other Islands;Pospago;Platinum;571;Universal Premiere East;SD;Series Y Peliculas;Si
Other Islands;Pospago;Platinum;572;Universal Cinema;SD;Series Y Peliculas;Si
Other Islands;Pospago;Platinum;573;Universal Comedy;SD;Series Y Peliculas;Si
Other Islands;Pospago;Platinum;574;Universal Crime East;SD;Series Y Peliculas;Si
Other Islands;Pospago;Platinum;575;Universal Reality;SD;Hogar Y Variedades;Si
Other Islands;Pospago;Platinum;576;Universal Premiere West;SD;Series Y Peliculas;Si
Other Islands;Pospago;Platinum;577;Universal Crime West;SD;Series Y Peliculas;Si
Other Islands;Pospago;Platinum;600;DSports Portal;SD;Deportes;Si
Other Islands;Pospago;Platinum;610;Dsports;SD;Deportes;Si
Other Islands;Pospago;Platinum;612;DSports 2;SD;Deportes;Si
Other Islands;Pospago;Platinum;620;DSports Fight;SD;Deportes;Si
Other Islands;Pospago;Platinum;621;ESPN Caribbean;SD;Deportes;Si
Other Islands;Pospago;Platinum;622;ESPN 2 Caribbean;SD;Deportes;Si
Other Islands;Pospago;Platinum;628;The Golf Channel LA;SD;Deportes;Si
Other Islands;Pospago;Platinum;667;Flow Sports Network;SD;Deportes;Si
Other Islands;Pospago;Platinum;702;CNN;SD;Noticias;Si
Other Islands;Pospago;Platinum;706;CNN International;SD;Noticias;Si
Other Islands;Pospago;Platinum;710;Bloomberg;SD;Noticias;Si
Other Islands;Pospago;Platinum;730;National Geographic;SD;Ciencia Y Cultura;Si
Other Islands;Pospago;Platinum;732;Discovery Channel;SD;Ciencia Y Cultura;Si
Other Islands;Pospago;Platinum;734;Animal Planet;SD;Ciencia Y Cultura;Si
Other Islands;Pospago;Platinum;736;Discovery Turbo;SD;Hogar Y Variedades;Si
Other Islands;Pospago;Platinum;740;Discovery Travel & Living Channel (TLC);SD;Hogar Y Variedades;Si
Other Islands;Pospago;Platinum;742;History Channel LA;SD;Ciencia Y Cultura;Si
Other Islands;Pospago;Platinum;744;History 2 LA;SD;Ciencia Y Cultura;Si
Other Islands;Pospago;Platinum;746;Film & Arts;SD;Ciencia Y Cultura;Si
Other Islands;Pospago;Platinum;756;History Channel US;SD;Ciencia Y Cultura;Si
Other Islands;Pospago;Platinum;766;Rai Italia;SD;Nacional;Si
Other Islands;Pospago;Platinum;768;BBC News;SD;Informativo;Si
Other Islands;Pospago;Platinum;770;Deutsche Welle (DW);SD;Noticias;Si
Other Islands;Pospago;Platinum;778;RTP Internacional;SD;Nacional;Si
Other Islands;Pospago;Platinum;782;NHK World;SD;Informativo;Si
Other Islands;Pospago;Platinum;1201;OnDIRECTV HD;HD;Hogar Y Variedades;Si
Other Islands;Pospago;Platinum;1204;Star Channel HD;HD;Series Y Peliculas;Si
Other Islands;Pospago;Platinum;1206;Warner Channel HD;HD;Series Y Peliculas;Si
Other Islands;Pospago;Platinum;1207;A&E LA HD;HD;Series Y Peliculas;Si
Other Islands;Pospago;Platinum;1208;Sony East HD;HD;Series Y Peliculas;Si
Other Islands;Pospago;Platinum;1209;AXN HD;HD;Series Y Peliculas;Si
Other Islands;Pospago;Platinum;1210;AMC LA HD;HD;Series Y Peliculas;Si
Other Islands;Pospago;Platinum;1213;TNT Series HD;HD;Series Y Peliculas;Si
Other Islands;Pospago;Platinum;1215;Comedy Central HD;HD;Series Y Peliculas;Si
Other Islands;Pospago;Platinum;1217;FX HD;HD;Series Y Peliculas;Si
Other Islands;Pospago;Platinum;1218;Universal TV HD;HD;Series Y Peliculas;Si
Other Islands;Pospago;Platinum;1219;USA Network HD;HD;Series Y Peliculas;Si
Other Islands;Pospago;Platinum;1222;E! Entertainment HD;HD;Hogar Y Variedades;Si
Other Islands;Pospago;Platinum;1223;Investigation Discovery (ID) HD;HD;Ciencia Y Cultura;Si
Other Islands;Pospago;Platinum;1228;Lifetime LA HD;HD;Series Y Peliculas;Si
Other Islands;Pospago;Platinum;1229;Discovery Home & Health HD;HD;Hogar Y Variedades;Si
Other Islands;Pospago;Platinum;1264;MTV LA HD;HD;Musical;Si
Other Islands;Pospago;Platinum;1304;Cartoon Network HD;HD;Infantil;Si
Other Islands;Pospago;Platinum;1308;Nickelodeon LA HD;HD;Infantil;Si
Other Islands;Pospago;Platinum;1309;Nick Jr. LA HD;HD;Infantil;Si
Other Islands;Pospago;Platinum;1312;Disney Channel HD;HD;Infantil;Si
Other Islands;Pospago;Platinum;1315;Disney Junior HD;HD;Infantil;Si
Other Islands;Pospago;Platinum;1317;BabyTV HD;HD;Infantil;Si
Other Islands;Pospago;Platinum;1330;Discovery Kids HD;HD;Infantil;Si
Other Islands;Pospago;Platinum;1502;TNT HD;HD;Series Y Peliculas;Si
Other Islands;Pospago;Platinum;1503;Golden HD;HD;Series Y Peliculas;Si
Other Islands;Pospago;Platinum;1506;Sony Movies HD;HD;Series Y Peliculas;Si
Other Islands;Pospago;Platinum;1507;Cinecanal HD;HD;Series Y Peliculas;Si
Other Islands;Pospago;Platinum;1508;Studio Universal HD;HD;Series Y Peliculas;Si
Other Islands;Pospago;Platinum;1509;Cinemax HD;HD;Series Y Peliculas;Si
Other Islands;Pospago;Platinum;1510;Paramount Channel HD;HD;Series Y Peliculas;Si
Other Islands;Pospago;Platinum;1513;DHE HD;HD;Series Y Peliculas;Si
Other Islands;Pospago;Platinum;1515;Europa Europa HD;HD;Series Y Peliculas;Si
Other Islands;Pospago;Platinum;1518;Space HD;HD;Series Y Peliculas;Si
Other Islands;Pospago;Platinum;1521;TV Cortos HD;HD;Series Y Peliculas;Si
Other Islands;Pospago;Platinum;1524;HBO HD;HD;Series Y Peliculas;Si
Other Islands;Pospago;Platinum;1525;HBO 2 HD;HD;Series Y Peliculas;Si
Other Islands;Pospago;Platinum;1527;HBO Caribbean HD;HD;Series Y Peliculas;Si
Other Islands;Pospago;Platinum;1528;HBO Signature HD;HD;Series Y Peliculas;Si
Other Islands;Pospago;Platinum;1532;HBO Plus East HD;HD;Series Y Peliculas;Si
Other Islands;Pospago;Platinum;1534;HBO Family HD;HD;Series Y Peliculas;Si
Other Islands;Pospago;Platinum;1540;HBO Mundi Caribbean;HD;Series Y Peliculas;Si
Other Islands;Pospago;Platinum;1542;HBO Xtreme HD;HD;Series Y Peliculas;Si
Other Islands;Pospago;Platinum;1571;Universal Premiere HD;HD;Series Y Peliculas;Si
Other Islands;Pospago;Platinum;1572;Universal Cinema HD;HD;Series Y Peliculas;Si
Other Islands;Pospago;Platinum;1573;Universal Comedy HD;HD;Series Y Peliculas;Si
Other Islands;Pospago;Platinum;1574;Universal Crime HD;HD;Series Y Peliculas;Si
Other Islands;Pospago;Platinum;1575;Universal Reality HD;HD;Hogar Y Variedades;Si
Other Islands;Pospago;Platinum;1576;Universal Premiere West HD;HD;Series Y Peliculas;Si
Other Islands;Pospago;Platinum;1577;Universal Crime West HD;HD;Series Y Peliculas;Si
Other Islands;Pospago;Platinum;1610;DSports HD;HD;Deportes;Si
Other Islands;Pospago;Platinum;1612;DSports 2 HD;HD;Deportes;Si
Other Islands;Pospago;Platinum;1620;DSports Fight HD;HD;Deportes;Si
Other Islands;Pospago;Platinum;1621;ESPN Caribbean HD;HD;Deportes;Si
Other Islands;Pospago;Platinum;1628;The Golf Channel LA HD;HD;Deportes;Si
Other Islands;Pospago;Platinum;1667;Flow Sports Network HD;HD;Deportes;Si
Other Islands;Pospago;Platinum;1730;National Geographic HD;HD;Ciencia Y Cultura;Si
Other Islands;Pospago;Platinum;1731;Discovery Theater HD;HD;Ciencia Y Cultura;Si
Other Islands;Pospago;Platinum;1732;Discovery Channel HD;HD;Ciencia Y Cultura;Si
Other Islands;Pospago;Platinum;1734;Animal Planet HD;HD;Ciencia Y Cultura;Si
Other Islands;Pospago;Platinum;1738;Discovery World HD;HD;Ciencia Y Cultura;Si
Other Islands;Pospago;Platinum;1740;Discovery Travel & Living Channel (TLC) HD;HD;Hogar Y Variedades;Si
Other Islands;Pospago;Platinum;1742;History Channel LA HD;HD;Ciencia Y Cultura;Si
Other Islands;Pospago;Platinum;1744;History 2 LA HD;HD;Ciencia Y Cultura;Si
Other Islands;Pospago;Silver / Silver +;131;CNC3;SD;Noticias;Si
Other Islands;Pospago;Silver / Silver +;134;Synergy;SD;Nacional;Si
Other Islands;Pospago;Silver / Silver +;201;OnDIRECTV;SD;Hogar Y Variedades;Si
Other Islands;Pospago;Silver / Silver +;202;Star Channel;SD;Series Y Peliculas;Si
Other Islands;Pospago;Silver / Silver +;203;GSN;SD;Hogar Y Variedades;Si
Other Islands;Pospago;Silver / Silver +;206;Warner Channel;SD;Series Y Peliculas;Si
Other Islands;Pospago;Silver / Silver +;207;A&E LA;SD;Series Y Peliculas;Si
Other Islands;Pospago;Silver / Silver +;208;Sony East;SD;Series Y Peliculas;Si
Other Islands;Pospago;Silver / Silver +;209;AXN;SD;Series Y Peliculas;Si
Other Islands;Pospago;Silver / Silver +;210;AMC LA;SD;Series Y Peliculas;Si
Other Islands;Pospago;Silver / Silver +;213;TNT Series;SD;Series Y Peliculas;Si
Other Islands;Pospago;Silver / Silver +;215;Comedy Central;SD;Series Y Peliculas;Si
Other Islands;Pospago;Silver / Silver +;216;TeenNick;SD;Infantil;Si
Other Islands;Pospago;Silver / Silver +;217;FX;SD;Series Y Peliculas;Si
Other Islands;Pospago;Silver / Silver +;218;Universal TV;SD;Series Y Peliculas;Si
Other Islands;Pospago;Silver / Silver +;219;USA Network;SD;Series Y Peliculas;Si
Other Islands;Pospago;Silver / Silver +;220;Adult Swim;SD;Infantil;Si
Other Islands;Pospago;Silver / Silver +;222;E! Entertainment;SD;Hogar Y Variedades;Si
Other Islands;Pospago;Silver / Silver +;223;Investigation Discovery (ID);SD;Ciencia Y Cultura;Si
Other Islands;Pospago;Silver / Silver +;228;Lifetime LA;SD;Series Y Peliculas;Si
Other Islands;Pospago;Silver / Silver +;229;Discovery Home & Health;SD;Hogar Y Variedades;Si
Other Islands;Pospago;Silver / Silver +;233;Food Network US;SD;Gastronómico;Si
Other Islands;Pospago;Silver / Silver +;250;HGTV US;SD;Hogar Y Variedades;Si
Other Islands;Pospago;Silver / Silver +;251;Lifetime USA;SD;Series Y Peliculas;Si
Other Islands;Pospago;Silver / Silver +;253;BET;SD;Hogar Y Variedades;Si
Other Islands;Pospago;Silver / Silver +;254;Paramount Channel;SD;Series Y Peliculas;Si
Other Islands;Pospago;Silver / Silver +;256;A&E USA;SD;Series Y Peliculas;Si
Other Islands;Pospago;Silver / Silver +;260;MTV USA HD;SD;Musical;Si
Other Islands;Pospago;Silver / Silver +;262;VH1 USA;SD;Musical;Si
Other Islands;Pospago;Silver / Silver +;264;MTV LA;SD;Musical;Si
Other Islands;Pospago;Silver / Silver +;304;Cartoon Network;SD;Infantil;Si
Other Islands;Pospago;Silver / Silver +;308;Nickelodeon LA;SD;Infantil;Si
Other Islands;Pospago;Silver / Silver +;314;Disney Channel;SD;Infantil;Si
Other Islands;Pospago;Silver / Silver +;315;Disney Junior;SD;Infantil;Si
Other Islands;Pospago;Silver / Silver +;321;ZooMoo;SD;Infantil;Si
Other Islands;Pospago;Silver / Silver +;322;Nickelodeon USA;SD;Infantil;Si
Other Islands;Pospago;Silver / Silver +;330;Discovery Kids;SD;Infantil;Si
Other Islands;Pospago;Silver / Silver +;334;Cartoonito;SD;Infantil;Si
Other Islands;Pospago;Silver / Silver +;358;DayStar;SD;Religioso;Si
Other Islands;Pospago;Silver / Silver +;501;LMN US;SD;Series Y Peliculas;Si
Other Islands;Pospago;Silver / Silver +;502;TNT;SD;Series Y Peliculas;Si
Other Islands;Pospago;Silver / Silver +;503;Golden;SD;Series Y Peliculas;Si
Other Islands;Pospago;Silver / Silver +;506;Sony Movies;SD;Series Y Peliculas;Si
Other Islands;Pospago;Silver / Silver +;507;Cinecanal;SD;Series Y Peliculas;Si
Other Islands;Pospago;Silver / Silver +;508;Studio Universal;SD;Series Y Peliculas;Si
Other Islands;Pospago;Silver / Silver +;509;Cinemax;SD;Series Y Peliculas;Si
Other Islands;Pospago;Silver / Silver +;510;Paramount Channel;SD;Series Y Peliculas;Si
Other Islands;Pospago;Silver / Silver +;513;DHE;SD;Series Y Peliculas;Si
Other Islands;Pospago;Silver / Silver +;517;Golden Edge;SD;Series Y Peliculas;Si
Other Islands;Pospago;Silver / Silver +;518;Space;SD;Series Y Peliculas;Si
Other Islands;Pospago;Silver / Silver +;600;DSports Portal;SD;Deportes;Si
Other Islands;Pospago;Silver / Silver +;610;Dsports;SD;Deportes;Si
Other Islands;Pospago;Silver / Silver +;612;DSports 2;SD;Deportes;Si
Other Islands;Pospago;Silver / Silver +;620;DSports Fight;SD;Deportes;Si
Other Islands;Pospago;Silver / Silver +;621;ESPN Caribbean;SD;Deportes;Si
Other Islands;Pospago;Silver / Silver +;622;ESPN 2 Caribbean;SD;Deportes;Si
Other Islands;Pospago;Silver / Silver +;628;The Golf Channel LA;SD;Deportes;Si
Other Islands;Pospago;Silver / Silver +;667;Flow Sports Network;SD;Deportes;Si
Other Islands;Pospago;Silver / Silver +;702;CNN;SD;Noticias;Si
Other Islands;Pospago;Silver / Silver +;706;CNN International;SD;Noticias;Si
Other Islands;Pospago;Silver / Silver +;710;Bloomberg;SD;Noticias;Si
Other Islands;Pospago;Silver / Silver +;730;National Geographic;SD;Ciencia Y Cultura;Si
Other Islands;Pospago;Silver / Silver +;732;Discovery Channel;SD;Ciencia Y Cultura;Si
Other Islands;Pospago;Silver / Silver +;734;Animal Planet;SD;Ciencia Y Cultura;Si
Other Islands;Pospago;Silver / Silver +;736;Discovery Turbo;SD;Hogar Y Variedades;Si
Other Islands;Pospago;Silver / Silver +;740;Discovery Travel & Living Channel (TLC);SD;Hogar Y Variedades;Si
Other Islands;Pospago;Silver / Silver +;742;History Channel LA;SD;Ciencia Y Cultura;Si
Other Islands;Pospago;Silver / Silver +;744;History 2 LA;SD;Ciencia Y Cultura;Si
Other Islands;Pospago;Silver / Silver +;746;Film & Arts;SD;Ciencia Y Cultura;Si
Other Islands;Pospago;Silver / Silver +;756;History Channel US;SD;Ciencia Y Cultura;Si
Other Islands;Pospago;Silver / Silver +;768;BBC News;SD;Informativo;Si
Other Islands;Pospago;Universal Pack;571;Universal Premiere East;SD;Series Y Peliculas;Si
Other Islands;Pospago;Universal Pack;572;Universal Cinema;SD;Series Y Peliculas;Si
Other Islands;Pospago;Universal Pack;573;Universal Comedy;SD;Series Y Peliculas;Si
Other Islands;Pospago;Universal Pack;574;Universal Crime East;SD;Series Y Peliculas;Si
Other Islands;Pospago;Universal Pack;575;Universal Reality;SD;Hogar Y Variedades;Si
Other Islands;Pospago;Universal Pack;576;Universal Premiere West;SD;Series Y Peliculas;Si
Other Islands;Pospago;Universal Pack;577;Universal Crime West;SD;Series Y Peliculas;Si
Other Islands;Pospago;Universal Pack;1571;Universal Premiere HD;HD;Series Y Peliculas;Si
Other Islands;Pospago;Universal Pack;1572;Universal Cinema HD;HD;Series Y Peliculas;Si
Other Islands;Pospago;Universal Pack;1573;Universal Comedy HD;HD;Series Y Peliculas;Si
Other Islands;Pospago;Universal Pack;1574;Universal Crime HD;HD;Series Y Peliculas;Si
Other Islands;Pospago;Universal Pack;1575;Universal Reality HD;HD;Hogar Y Variedades;Si
Other Islands;Pospago;Universal Pack;1576;Universal Premiere West HD;HD;Series Y Peliculas;Si
Other Islands;Pospago;Universal Pack;1577;Universal Crime West HD;HD;Series Y Peliculas;Si
Suriname;Pospago;Bronze;131;CNC3;SD;Noticias;Si
Suriname;Pospago;Bronze;201;OnDIRECTV;SD;Hogar Y Variedades;Si
Suriname;Pospago;Bronze;202;Star Channel;SD;Series Y Peliculas;Si
Suriname;Pospago;Bronze;206;Warner Channel;SD;Series Y Peliculas;Si
Suriname;Pospago;Bronze;207;A&E LA;SD;Series Y Peliculas;Si
Suriname;Pospago;Bronze;208;Sony East;SD;Series Y Peliculas;Si
Suriname;Pospago;Bronze;209;AXN;SD;Series Y Peliculas;Si
Suriname;Pospago;Bronze;210;AMC LA;SD;Series Y Peliculas;Si
Suriname;Pospago;Bronze;216;TeenNick;SD;Infantil;Si
Suriname;Pospago;Bronze;217;FX;SD;Series Y Peliculas;Si
Suriname;Pospago;Bronze;218;Universal TV;SD;Series Y Peliculas;Si
Suriname;Pospago;Bronze;219;USA Network;SD;Series Y Peliculas;Si
Suriname;Pospago;Bronze;220;Adult Swim;SD;Infantil;Si
Suriname;Pospago;Bronze;222;E! Entertainment;SD;Hogar Y Variedades;Si
Suriname;Pospago;Bronze;223;Investigation Discovery (ID);SD;Ciencia Y Cultura;Si
Suriname;Pospago;Bronze;228;Lifetime LA;SD;Series Y Peliculas;Si
Suriname;Pospago;Bronze;229;Discovery Home & Health;SD;Hogar Y Variedades;Si
Suriname;Pospago;Bronze;233;Food Network US;SD;Gastronómico;Si
Suriname;Pospago;Bronze;250;HGTV US;SD;Hogar Y Variedades;Si
Suriname;Pospago;Bronze;253;BET;SD;Hogar Y Variedades;Si
Suriname;Pospago;Bronze;264;MTV LA;SD;Musical;Si
Suriname;Pospago;Bronze;304;Cartoon Network;SD;Infantil;Si
Suriname;Pospago;Bronze;314;Disney Channel;SD;Infantil;Si
Suriname;Pospago;Bronze;315;Disney Junior;SD;Infantil;Si
Suriname;Pospago;Bronze;321;ZooMoo;SD;Infantil;Si
Suriname;Pospago;Bronze;330;Discovery Kids;SD;Infantil;Si
Suriname;Pospago;Bronze;334;Cartoonito;SD;Infantil;Si
Suriname;Pospago;Bronze;502;TNT;SD;Series Y Peliculas;Si
Suriname;Pospago;Bronze;507;Cinecanal;SD;Series Y Peliculas;Si
Suriname;Pospago;Bronze;508;Studio Universal;SD;Series Y Peliculas;Si
Suriname;Pospago;Bronze;510;Paramount Channel;SD;Series Y Peliculas;Si
Suriname;Pospago;Bronze;518;Space;SD;Series Y Peliculas;Si
Suriname;Pospago;Bronze;600;DSports Portal;SD;Deportes;Si
Suriname;Pospago;Bronze;610;Dsports;SD;Deportes;Si
Suriname;Pospago;Bronze;612;DSports 2;SD;Deportes;Si
Suriname;Pospago;Bronze;620;DSports Fight;SD;Deportes;Si
Suriname;Pospago;Bronze;621;ESPN Caribbean;SD;Deportes;Si
Suriname;Pospago;Bronze;622;ESPN 2 Caribbean;SD;Deportes;Si
Suriname;Pospago;Bronze;628;The Golf Channel LA;SD;Deportes;Si
Suriname;Pospago;Bronze;667;Flow Sports Network;SD;Deportes;Si
Suriname;Pospago;Bronze;702;CNN;SD;Noticias;Si
Suriname;Pospago;Bronze;706;CNN International;SD;Noticias;Si
Suriname;Pospago;Bronze;710;Bloomberg;SD;Noticias;Si
Suriname;Pospago;Bronze;730;National Geographic;SD;Ciencia Y Cultura;Si
Suriname;Pospago;Bronze;732;Discovery Channel;SD;Ciencia Y Cultura;Si
Suriname;Pospago;Bronze;734;Animal Planet;SD;Ciencia Y Cultura;Si
Suriname;Pospago;Bronze;740;Discovery Travel & Living Channel (TLC);SD;Hogar Y Variedades;Si
Suriname;Pospago;Bronze;742;History Channel LA;SD;Ciencia Y Cultura;Si
Suriname;Pospago;Bronze;744;History 2 LA;SD;Ciencia Y Cultura;Si
Suriname;Pospago;Bronze;746;Film & Arts;SD;Ciencia Y Cultura;Si
Suriname;Pospago;Bronze;768;BBC News;SD;Informativo;Si
Suriname;Pospago;Bronze;780;ZEE TV;SD;Series Y Peliculas;Si
Suriname;Pospago;Direct International;766;Rai Italia;SD;Nacional;Si
Suriname;Pospago;Direct International;770;Deutsche Welle (DW);SD;Noticias;Si
Suriname;Pospago;Direct International;778;RTP Internacional;SD;Nacional;Si
Suriname;Pospago;Direct International;782;NHK World;SD;Informativo;Si
Suriname;Pospago;Directv Latino (Premium);127;DShow;SD;Hogar Y Variedades;Si
Suriname;Pospago;Directv Latino (Premium);214;Atres Series;SD;Series Y Peliculas;Si
Suriname;Pospago;Directv Latino (Premium);221;¡Hola! TV;SD;Hogar Y Variedades;Si
Suriname;Pospago;Directv Latino (Premium);225;Pasiones;SD;Telenovelas;Si
Suriname;Pospago;Directv Latino (Premium);226;El Canal de las Estrellas;SD;Nacional;Si
Suriname;Pospago;Directv Latino (Premium);227;TLnovelas;SD;Telenovelas;Si
Suriname;Pospago;Directv Latino (Premium);231;Telemundo Internacional;SD;Telenovelas;Si
Suriname;Pospago;Directv Latino (Premium);235;IVC;SD;Hogar Y Variedades;Si
Suriname;Pospago;Directv Latino (Premium);269;Quiero Música en Mi Idioma (QMusic);SD;Musical;Si
Suriname;Pospago;Directv Latino (Premium);352;Enlace;SD;Religioso;Si
Suriname;Pospago;Directv Latino (Premium);514;Cine Latino;SD;Series Y Peliculas;Si
Suriname;Pospago;Directv Latino (Premium);516;De Película;SD;Series Y Peliculas;Si
Suriname;Pospago;Directv Latino (Premium);624;ESPN 5;SD;Deportes;Si
Suriname;Pospago;Directv Latino (Premium);626;ESPN 6;SD;Deportes;Si
Suriname;Pospago;Directv Latino (Premium);627;ESPN 7;SD;Deportes;Si
Suriname;Pospago;Directv Latino (Premium);704;CNN en Español;SD;Noticias;Si
Suriname;Pospago;Directv Latino (Premium);707;CNN Chile;SD;Noticias;Si
Suriname;Pospago;Directv Latino (Premium);708;TVN 24 HORAS;SD;Noticias;Si
Suriname;Pospago;Directv Latino (Premium);716;Todo Noticias (TN);SD;Noticias;Si
Suriname;Pospago;Directv Latino (Premium);720;Canal 26;SD;Noticias;Si
Suriname;Pospago;Directv Latino (Premium);725;NTN 24;SD;Noticias;Si
Suriname;Pospago;Directv Latino (Premium);727;Cable Noticias;SD;Noticias;Si
Suriname;Pospago;Directv Latino (Premium);760;Univision;SD;Nacional;Si
Suriname;Pospago;Directv Latino (Premium);762;Antena 3;SD;Nacional;Si
Suriname;Pospago;Directv Latino (Premium);772;Caracol Internacional;SD;Nacional;Si
Suriname;Pospago;Directv Latino (Premium);775;RCN Nuestra Tele;SD;Nacional;Si
Suriname;Pospago;Directv Latino (Premium);784;El Trece Internacional;SD;Nacional;Si
Suriname;Pospago;Directv Latino (Premium);1127;DShow HD;HD;Hogar Y Variedades;Si
Suriname;Pospago;Directv Latino (Premium);1214;Atres Series HD;HD;Series Y Peliculas;Si
Suriname;Pospago;Directv Latino (Premium);1221;¡Hola! TV HD;HD;Hogar Y Variedades;Si
Suriname;Pospago;Directv Latino (Premium);1225;Pasiones HD;HD;Telenovelas;Si
Suriname;Pospago;Directv Latino (Premium);1235;IVC HD;HD;Hogar Y Variedades;Si
Suriname;Pospago;Directv Latino (Premium);1236;VePlus HD;HD;Hogar Y Variedades;Si
Suriname;Pospago;Directv Latino (Premium);1519;Atres Cinema HD;HD;Series Y Peliculas;Si
Suriname;Pospago;Directv Latino (Premium);1624;ESPN 5 HD;HD;Deportes;Si
Suriname;Pospago;Directv Latino (Premium);1626;ESPN 6 HD;HD;Deportes;Si
Suriname;Pospago;Directv Latino (Premium);1627;ESPN 7 HD;HD;Deportes;Si
Suriname;Pospago;Directv Latino (Premium);1762;Antena 3 HD;HD;Nacional;Si
Suriname;Pospago;Exxotico;469;XTSY;SD;Hogar Y Variedades;Si
Suriname;Pospago;Exxotico;470;Hustler;SD;Adultos;Si
Suriname;Pospago;Gold / Gold +;131;CNC3;SD;Noticias;Si
Suriname;Pospago;Gold / Gold +;134;Synergy;SD;Nacional;Si
Suriname;Pospago;Gold / Gold +;201;OnDIRECTV;SD;Hogar Y Variedades;Si
Suriname;Pospago;Gold / Gold +;202;Star Channel;SD;Series Y Peliculas;Si
Suriname;Pospago;Gold / Gold +;206;Warner Channel;SD;Series Y Peliculas;Si
Suriname;Pospago;Gold / Gold +;207;A&E LA;SD;Series Y Peliculas;Si
Suriname;Pospago;Gold / Gold +;208;Sony East;SD;Series Y Peliculas;Si
Suriname;Pospago;Gold / Gold +;209;AXN;SD;Series Y Peliculas;Si
Suriname;Pospago;Gold / Gold +;210;AMC LA;SD;Series Y Peliculas;Si
Suriname;Pospago;Gold / Gold +;213;TNT Series;SD;Series Y Peliculas;Si
Suriname;Pospago;Gold / Gold +;215;Comedy Central;SD;Series Y Peliculas;Si
Suriname;Pospago;Gold / Gold +;216;TeenNick;SD;Infantil;Si
Suriname;Pospago;Gold / Gold +;217;FX;SD;Series Y Peliculas;Si
Suriname;Pospago;Gold / Gold +;218;Universal TV;SD;Series Y Peliculas;Si
Suriname;Pospago;Gold / Gold +;219;USA Network;SD;Series Y Peliculas;Si
Suriname;Pospago;Gold / Gold +;220;Adult Swim;SD;Infantil;Si
Suriname;Pospago;Gold / Gold +;222;E! Entertainment;SD;Hogar Y Variedades;Si
Suriname;Pospago;Gold / Gold +;223;Investigation Discovery (ID);SD;Ciencia Y Cultura;Si
Suriname;Pospago;Gold / Gold +;228;Lifetime LA;SD;Series Y Peliculas;Si
Suriname;Pospago;Gold / Gold +;229;Discovery Home & Health;SD;Hogar Y Variedades;Si
Suriname;Pospago;Gold / Gold +;233;Food Network US;SD;Gastronómico;Si
Suriname;Pospago;Gold / Gold +;250;HGTV US;SD;Hogar Y Variedades;Si
Suriname;Pospago;Gold / Gold +;251;Lifetime USA;SD;Series Y Peliculas;Si
Suriname;Pospago;Gold / Gold +;253;BET;SD;Hogar Y Variedades;Si
Suriname;Pospago;Gold / Gold +;254;Paramount Channel;SD;Series Y Peliculas;Si
Suriname;Pospago;Gold / Gold +;256;A&E USA;SD;Series Y Peliculas;Si
Suriname;Pospago;Gold / Gold +;260;MTV USA HD;SD;Musical;Si
Suriname;Pospago;Gold / Gold +;262;VH1 USA;SD;Musical;Si
Suriname;Pospago;Gold / Gold +;264;MTV LA;SD;Musical;Si
Suriname;Pospago;Gold / Gold +;304;Cartoon Network;SD;Infantil;Si
Suriname;Pospago;Gold / Gold +;308;Nickelodeon LA;SD;Infantil;Si
Suriname;Pospago;Gold / Gold +;314;Disney Channel;SD;Infantil;Si
Suriname;Pospago;Gold / Gold +;315;Disney Junior;SD;Infantil;Si
Suriname;Pospago;Gold / Gold +;321;ZooMoo;SD;Infantil;Si
Suriname;Pospago;Gold / Gold +;322;Nickelodeon USA;SD;Infantil;Si
Suriname;Pospago;Gold / Gold +;330;Discovery Kids;SD;Infantil;Si
Suriname;Pospago;Gold / Gold +;334;Cartoonito;SD;Infantil;Si
Suriname;Pospago;Gold / Gold +;358;DayStar;SD;Religioso;Si
Suriname;Pospago;Gold / Gold +;501;LMN US;SD;Series Y Peliculas;Si
Suriname;Pospago;Gold / Gold +;502;TNT;SD;Series Y Peliculas;Si
Suriname;Pospago;Gold / Gold +;503;Golden;SD;Series Y Peliculas;Si
Suriname;Pospago;Gold / Gold +;506;Sony Movies;SD;Series Y Peliculas;Si
Suriname;Pospago;Gold / Gold +;507;Cinecanal;SD;Series Y Peliculas;Si
Suriname;Pospago;Gold / Gold +;508;Studio Universal;SD;Series Y Peliculas;Si
Suriname;Pospago;Gold / Gold +;509;Cinemax;SD;Series Y Peliculas;Si
Suriname;Pospago;Gold / Gold +;510;Paramount Channel;SD;Series Y Peliculas;Si
Suriname;Pospago;Gold / Gold +;513;DHE;SD;Series Y Peliculas;Si
Suriname;Pospago;Gold / Gold +;517;Golden Edge;SD;Series Y Peliculas;Si
Suriname;Pospago;Gold / Gold +;518;Space;SD;Series Y Peliculas;Si
Suriname;Pospago;Gold / Gold +;600;DSports Portal;SD;Deportes;Si
Suriname;Pospago;Gold / Gold +;610;Dsports;SD;Deportes;Si
Suriname;Pospago;Gold / Gold +;612;DSports 2;SD;Deportes;Si
Suriname;Pospago;Gold / Gold +;620;DSports Fight;SD;Deportes;Si
Suriname;Pospago;Gold / Gold +;621;ESPN Caribbean;SD;Deportes;Si
Suriname;Pospago;Gold / Gold +;622;ESPN 2 Caribbean;SD;Deportes;Si
Suriname;Pospago;Gold / Gold +;628;The Golf Channel LA;SD;Deportes;Si
Suriname;Pospago;Gold / Gold +;667;Flow Sports Network;SD;Deportes;Si
Suriname;Pospago;Gold / Gold +;702;CNN;SD;Noticias;Si
Suriname;Pospago;Gold / Gold +;706;CNN International;SD;Noticias;Si
Suriname;Pospago;Gold / Gold +;710;Bloomberg;SD;Noticias;Si
Suriname;Pospago;Gold / Gold +;730;National Geographic;SD;Ciencia Y Cultura;Si
Suriname;Pospago;Gold / Gold +;732;Discovery Channel;SD;Ciencia Y Cultura;Si
Suriname;Pospago;Gold / Gold +;734;Animal Planet;SD;Ciencia Y Cultura;Si
Suriname;Pospago;Gold / Gold +;736;Discovery Turbo;SD;Hogar Y Variedades;Si
Suriname;Pospago;Gold / Gold +;740;Discovery Travel & Living Channel (TLC);SD;Hogar Y Variedades;Si
Suriname;Pospago;Gold / Gold +;742;History Channel LA;SD;Ciencia Y Cultura;Si
Suriname;Pospago;Gold / Gold +;744;History 2 LA;SD;Ciencia Y Cultura;Si
Suriname;Pospago;Gold / Gold +;746;Film & Arts;SD;Ciencia Y Cultura;Si
Suriname;Pospago;Gold / Gold +;756;History Channel US;SD;Ciencia Y Cultura;Si
Suriname;Pospago;Gold / Gold +;768;BBC News;SD;Informativo;Si
Suriname;Pospago;Gold / Gold +;779;Zee Cinema;SD;Series Y Peliculas;Si
Suriname;Pospago;Gold / Gold +;780;ZEE TV;SD;Series Y Peliculas;Si
Suriname;Pospago;Gold / Gold +;1201;OnDIRECTV HD;HD;Hogar Y Variedades;Si
Suriname;Pospago;Gold / Gold +;1204;Star Channel HD;HD;Series Y Peliculas;Si
Suriname;Pospago;Gold / Gold +;1206;Warner Channel HD;HD;Series Y Peliculas;Si
Suriname;Pospago;Gold / Gold +;1207;A&E LA HD;HD;Series Y Peliculas;Si
Suriname;Pospago;Gold / Gold +;1208;Sony East HD;HD;Series Y Peliculas;Si
Suriname;Pospago;Gold / Gold +;1209;AXN HD;HD;Series Y Peliculas;Si
Suriname;Pospago;Gold / Gold +;1210;AMC LA HD;HD;Series Y Peliculas;Si
Suriname;Pospago;Gold / Gold +;1213;TNT Series HD;HD;Series Y Peliculas;Si
Suriname;Pospago;Gold / Gold +;1215;Comedy Central HD;HD;Series Y Peliculas;Si
Suriname;Pospago;Gold / Gold +;1217;FX HD;HD;Series Y Peliculas;Si
Suriname;Pospago;Gold / Gold +;1218;Universal TV HD;HD;Series Y Peliculas;Si
Suriname;Pospago;Gold / Gold +;1219;USA Network HD;HD;Series Y Peliculas;Si
Suriname;Pospago;Gold / Gold +;1222;E! Entertainment HD;HD;Hogar Y Variedades;Si
Suriname;Pospago;Gold / Gold +;1223;Investigation Discovery (ID) HD;HD;Ciencia Y Cultura;Si
Suriname;Pospago;Gold / Gold +;1228;Lifetime LA HD;HD;Series Y Peliculas;Si
Suriname;Pospago;Gold / Gold +;1229;Discovery Home & Health HD;HD;Hogar Y Variedades;Si
Suriname;Pospago;Gold / Gold +;1264;MTV LA HD;HD;Musical;Si
Suriname;Pospago;Gold / Gold +;1304;Cartoon Network HD;HD;Infantil;Si
Suriname;Pospago;Gold / Gold +;1308;Nickelodeon LA HD;HD;Infantil;Si
Suriname;Pospago;Gold / Gold +;1309;Nick Jr. LA HD;HD;Infantil;Si
Suriname;Pospago;Gold / Gold +;1312;Disney Channel HD;HD;Infantil;Si
Suriname;Pospago;Gold / Gold +;1315;Disney Junior HD;HD;Infantil;Si
Suriname;Pospago;Gold / Gold +;1317;BabyTV HD;HD;Infantil;Si
Suriname;Pospago;Gold / Gold +;1330;Discovery Kids HD;HD;Infantil;Si
Suriname;Pospago;Gold / Gold +;1502;TNT HD;HD;Series Y Peliculas;Si
Suriname;Pospago;Gold / Gold +;1503;Golden HD;HD;Series Y Peliculas;Si
Suriname;Pospago;Gold / Gold +;1506;Sony Movies HD;HD;Series Y Peliculas;Si
Suriname;Pospago;Gold / Gold +;1507;Cinecanal HD;HD;Series Y Peliculas;Si
Suriname;Pospago;Gold / Gold +;1508;Studio Universal HD;HD;Series Y Peliculas;Si
Suriname;Pospago;Gold / Gold +;1509;Cinemax HD;HD;Series Y Peliculas;Si
Suriname;Pospago;Gold / Gold +;1510;Paramount Channel HD;HD;Series Y Peliculas;Si
Suriname;Pospago;Gold / Gold +;1513;DHE HD;HD;Series Y Peliculas;Si
Suriname;Pospago;Gold / Gold +;1515;Europa Europa HD;HD;Series Y Peliculas;Si
Suriname;Pospago;Gold / Gold +;1518;Space HD;HD;Series Y Peliculas;Si
Suriname;Pospago;Gold / Gold +;1521;TV Cortos HD;HD;Series Y Peliculas;Si
Suriname;Pospago;Gold / Gold +;1610;DSports HD;HD;Deportes;Si
Suriname;Pospago;Gold / Gold +;1612;DSports 2 HD;HD;Deportes;Si
Suriname;Pospago;Gold / Gold +;1620;DSports Fight HD;HD;Deportes;Si
Suriname;Pospago;Gold / Gold +;1621;ESPN Caribbean HD;HD;Deportes;Si
Suriname;Pospago;Gold / Gold +;1628;The Golf Channel LA HD;HD;Deportes;Si
Suriname;Pospago;Gold / Gold +;1667;Flow Sports Network HD;HD;Deportes;Si
Suriname;Pospago;Gold / Gold +;1730;National Geographic HD;HD;Ciencia Y Cultura;Si
Suriname;Pospago;Gold / Gold +;1731;Discovery Theater HD;HD;Ciencia Y Cultura;Si
Suriname;Pospago;Gold / Gold +;1732;Discovery Channel HD;HD;Ciencia Y Cultura;Si
Suriname;Pospago;Gold / Gold +;1734;Animal Planet HD;HD;Ciencia Y Cultura;Si
Suriname;Pospago;Gold / Gold +;1738;Discovery World HD;HD;Ciencia Y Cultura;Si
Suriname;Pospago;Gold / Gold +;1740;Discovery Travel & Living Channel (TLC) HD;HD;Hogar Y Variedades;Si
Suriname;Pospago;Gold / Gold +;1742;History Channel LA HD;HD;Ciencia Y Cultura;Si
Suriname;Pospago;Gold / Gold +;1744;History 2 LA HD;HD;Ciencia Y Cultura;Si
Suriname;Pospago;HBO Mini;527;HBO Caribbean;SD;Series Y Peliculas;Si
Suriname;Pospago;HBO Mini;528;HBO Signature;SD;Series Y Peliculas;Si
Suriname;Pospago;HBO Mini;534;HBO Family;SD;Series Y Peliculas;Si
Suriname;Pospago;HBO Mini;1527;HBO Caribbean HD;HD;Series Y Peliculas;Si
Suriname;Pospago;HBO Mini;1528;HBO Signature HD;HD;Series Y Peliculas;Si
Suriname;Pospago;HBO Mini;1532;HBO Plus HD;HD;Series Y Peliculas;Si
Suriname;Pospago;HBO Mini;1534;HBO Family HD;HD;Series Y Peliculas;Si
Suriname;Pospago;HBO Pack;524;HBO;SD;Series Y Peliculas;Si
Suriname;Pospago;HBO Pack;525;HBO 2;SD;Series Y Peliculas;Si
Suriname;Pospago;HBO Pack;526;HBO Plus East;SD;Series Y Peliculas;Si
Suriname;Pospago;HBO Pack;527;HBO Caribbean;SD;Series Y Peliculas;Si
Suriname;Pospago;HBO Pack;528;HBO Signature;SD;Series Y Peliculas;Si
Suriname;Pospago;HBO Pack;534;HBO Family East;SD;Series Y Peliculas;Si
Suriname;Pospago;HBO Pack;540;HBO Mundi;SD;Series Y Peliculas;Si
Suriname;Pospago;HBO Pack;541;HBO Pop;SD;Series Y Peliculas;Si
Suriname;Pospago;HBO Pack;542;HBO Xtreme;SD;Series Y Peliculas;Si
Suriname;Pospago;HBO Pack;1524;HBO HD;HD;Series Y Peliculas;Si
Suriname;Pospago;HBO Pack;1525;HBO 2 HD;HD;Series Y Peliculas;Si
Suriname;Pospago;HBO Pack;1527;HBO Caribbean HD;HD;Series Y Peliculas;Si
Suriname;Pospago;HBO Pack;1528;HBO Signature HD;HD;Series Y Peliculas;Si
Suriname;Pospago;HBO Pack;1532;HBO Plus East HD;HD;Series Y Peliculas;Si
Suriname;Pospago;HBO Pack;1534;HBO Family HD;HD;Series Y Peliculas;Si
Suriname;Pospago;HBO Pack;1540;HBO Mundi Caribbean;HD;Series Y Peliculas;Si
Suriname;Pospago;HBO Pack;1542;HBO Xtreme HD;HD;Series Y Peliculas;Si
Suriname;Pospago;Hot Pack;464;Playboy TV;SD;Adultos;Si
Suriname;Pospago;Hot Pack;468;Venus;SD;Adultos;Si
Suriname;Pospago;Platinum;131;CNC3;SD;Noticias;Si
Suriname;Pospago;Platinum;134;Synergy;SD;Nacional;Si
Suriname;Pospago;Platinum;201;OnDIRECTV;SD;Hogar Y Variedades;Si
Suriname;Pospago;Platinum;202;Star Channel;SD;Series Y Peliculas;Si
Suriname;Pospago;Platinum;206;Warner Channel;SD;Series Y Peliculas;Si
Suriname;Pospago;Platinum;207;A&E LA;SD;Series Y Peliculas;Si
Suriname;Pospago;Platinum;208;Sony East;SD;Series Y Peliculas;Si
Suriname;Pospago;Platinum;209;AXN;SD;Series Y Peliculas;Si
Suriname;Pospago;Platinum;210;AMC LA;SD;Series Y Peliculas;Si
Suriname;Pospago;Platinum;213;TNT Series;SD;Series Y Peliculas;Si
Suriname;Pospago;Platinum;215;Comedy Central;SD;Series Y Peliculas;Si
Suriname;Pospago;Platinum;216;TeenNick;SD;Infantil;Si
Suriname;Pospago;Platinum;217;FX;SD;Series Y Peliculas;Si
Suriname;Pospago;Platinum;218;Universal TV;SD;Series Y Peliculas;Si
Suriname;Pospago;Platinum;219;USA Network;SD;Series Y Peliculas;Si
Suriname;Pospago;Platinum;220;Adult Swim;SD;Infantil;Si
Suriname;Pospago;Platinum;222;E! Entertainment;SD;Hogar Y Variedades;Si
Suriname;Pospago;Platinum;223;Investigation Discovery (ID);SD;Ciencia Y Cultura;Si
Suriname;Pospago;Platinum;228;Lifetime LA;SD;Series Y Peliculas;Si
Suriname;Pospago;Platinum;229;Discovery Home & Health;SD;Hogar Y Variedades;Si
Suriname;Pospago;Platinum;233;Food Network US;SD;Gastronómico;Si
Suriname;Pospago;Platinum;250;HGTV US;SD;Hogar Y Variedades;Si
Suriname;Pospago;Platinum;251;Lifetime USA;SD;Series Y Peliculas;Si
Suriname;Pospago;Platinum;253;BET;SD;Hogar Y Variedades;Si
Suriname;Pospago;Platinum;254;Paramount Channel;SD;Series Y Peliculas;Si
Suriname;Pospago;Platinum;256;A&E USA;SD;Series Y Peliculas;Si
Suriname;Pospago;Platinum;260;MTV USA HD;SD;Musical;Si
Suriname;Pospago;Platinum;262;VH1 USA;SD;Musical;Si
Suriname;Pospago;Platinum;264;MTV LA;SD;Musical;Si
Suriname;Pospago;Platinum;304;Cartoon Network;SD;Infantil;Si
Suriname;Pospago;Platinum;308;Nickelodeon LA;SD;Infantil;Si
Suriname;Pospago;Platinum;314;Disney Channel;SD;Infantil;Si
Suriname;Pospago;Platinum;315;Disney Junior;SD;Infantil;Si
Suriname;Pospago;Platinum;321;ZooMoo;SD;Infantil;Si
Suriname;Pospago;Platinum;322;Nickelodeon USA;SD;Infantil;Si
Suriname;Pospago;Platinum;330;Discovery Kids;SD;Infantil;Si
Suriname;Pospago;Platinum;334;Cartoonito;SD;Infantil;Si
Suriname;Pospago;Platinum;358;DayStar;SD;Religioso;Si
Suriname;Pospago;Platinum;501;LMN US;SD;Series Y Peliculas;Si
Suriname;Pospago;Platinum;502;TNT;SD;Series Y Peliculas;Si
Suriname;Pospago;Platinum;503;Golden;SD;Series Y Peliculas;Si
Suriname;Pospago;Platinum;506;Sony Movies;SD;Series Y Peliculas;Si
Suriname;Pospago;Platinum;507;Cinecanal;SD;Series Y Peliculas;Si
Suriname;Pospago;Platinum;508;Studio Universal;SD;Series Y Peliculas;Si
Suriname;Pospago;Platinum;509;Cinemax;SD;Series Y Peliculas;Si
Suriname;Pospago;Platinum;510;Paramount Channel;SD;Series Y Peliculas;Si
Suriname;Pospago;Platinum;513;DHE;SD;Series Y Peliculas;Si
Suriname;Pospago;Platinum;517;Golden Edge;SD;Series Y Peliculas;Si
Suriname;Pospago;Platinum;518;Space;SD;Series Y Peliculas;Si
Suriname;Pospago;Platinum;524;HBO;SD;Series Y Peliculas;Si
Suriname;Pospago;Platinum;525;HBO 2;SD;Series Y Peliculas;Si
Suriname;Pospago;Platinum;526;HBO Plus East;SD;Series Y Peliculas;Si
Suriname;Pospago;Platinum;527;HBO Caribbean;SD;Series Y Peliculas;Si
Suriname;Pospago;Platinum;528;HBO Signature;SD;Series Y Peliculas;Si
Suriname;Pospago;Platinum;534;HBO Family East;SD;Series Y Peliculas;Si
Suriname;Pospago;Platinum;540;HBO Mundi;SD;Series Y Peliculas;Si
Suriname;Pospago;Platinum;541;HBO Pop;SD;Series Y Peliculas;Si
Suriname;Pospago;Platinum;542;HBO Xtreme;SD;Series Y Peliculas;Si
Suriname;Pospago;Platinum;571;Universal Premiere East;SD;Series Y Peliculas;Si
Suriname;Pospago;Platinum;572;Universal Cinema;SD;Series Y Peliculas;Si
Suriname;Pospago;Platinum;573;Universal Comedy;SD;Series Y Peliculas;Si
Suriname;Pospago;Platinum;574;Universal Crime East;SD;Series Y Peliculas;Si
Suriname;Pospago;Platinum;575;Universal Reality;SD;Hogar Y Variedades;Si
Suriname;Pospago;Platinum;576;Universal Premiere West;SD;Series Y Peliculas;Si
Suriname;Pospago;Platinum;577;Universal Crime West;SD;Series Y Peliculas;Si
Suriname;Pospago;Platinum;600;DSports Portal;SD;Deportes;Si
Suriname;Pospago;Platinum;610;Dsports;SD;Deportes;Si
Suriname;Pospago;Platinum;612;DSports 2;SD;Deportes;Si
Suriname;Pospago;Platinum;620;DSports Fight;SD;Deportes;Si
Suriname;Pospago;Platinum;621;ESPN Caribbean;SD;Deportes;Si
Suriname;Pospago;Platinum;622;ESPN 2 Caribbean;SD;Deportes;Si
Suriname;Pospago;Platinum;628;The Golf Channel LA;SD;Deportes;Si
Suriname;Pospago;Platinum;667;Flow Sports Network;SD;Deportes;Si
Suriname;Pospago;Platinum;702;CNN;SD;Noticias;Si
Suriname;Pospago;Platinum;706;CNN International;SD;Noticias;Si
Suriname;Pospago;Platinum;710;Bloomberg;SD;Noticias;Si
Suriname;Pospago;Platinum;730;National Geographic;SD;Ciencia Y Cultura;Si
Suriname;Pospago;Platinum;732;Discovery Channel;SD;Ciencia Y Cultura;Si
Suriname;Pospago;Platinum;734;Animal Planet;SD;Ciencia Y Cultura;Si
Suriname;Pospago;Platinum;736;Discovery Turbo;SD;Hogar Y Variedades;Si
Suriname;Pospago;Platinum;740;Discovery Travel & Living Channel (TLC);SD;Hogar Y Variedades;Si
Suriname;Pospago;Platinum;742;History Channel LA;SD;Ciencia Y Cultura;Si
Suriname;Pospago;Platinum;744;History 2 LA;SD;Ciencia Y Cultura;Si
Suriname;Pospago;Platinum;746;Film & Arts;SD;Ciencia Y Cultura;Si
Suriname;Pospago;Platinum;756;History Channel US;SD;Ciencia Y Cultura;Si
Suriname;Pospago;Platinum;766;Rai Italia;SD;Nacional;Si
Suriname;Pospago;Platinum;768;BBC News;SD;Informativo;Si
Suriname;Pospago;Platinum;770;Deutsche Welle (DW);SD;Noticias;Si
Suriname;Pospago;Platinum;778;RTP Internacional;SD;Nacional;Si
Suriname;Pospago;Platinum;779;Zee Cinema;SD;Series Y Peliculas;Si
Suriname;Pospago;Platinum;780;ZEE TV;SD;Series Y Peliculas;Si
Suriname;Pospago;Platinum;782;NHK World;SD;Informativo;Si
Suriname;Pospago;Platinum;1201;OnDIRECTV HD;HD;Hogar Y Variedades;Si
Suriname;Pospago;Platinum;1204;Star Channel HD;HD;Series Y Peliculas;Si
Suriname;Pospago;Platinum;1206;Warner Channel HD;HD;Series Y Peliculas;Si
Suriname;Pospago;Platinum;1207;A&E LA HD;HD;Series Y Peliculas;Si
Suriname;Pospago;Platinum;1208;Sony East HD;HD;Series Y Peliculas;Si
Suriname;Pospago;Platinum;1209;AXN HD;HD;Series Y Peliculas;Si
Suriname;Pospago;Platinum;1210;AMC LA HD;HD;Series Y Peliculas;Si
Suriname;Pospago;Platinum;1213;TNT Series HD;HD;Series Y Peliculas;Si
Suriname;Pospago;Platinum;1215;Comedy Central HD;HD;Series Y Peliculas;Si
Suriname;Pospago;Platinum;1217;FX HD;HD;Series Y Peliculas;Si
Suriname;Pospago;Platinum;1218;Universal TV HD;HD;Series Y Peliculas;Si
Suriname;Pospago;Platinum;1219;USA Network HD;HD;Series Y Peliculas;Si
Suriname;Pospago;Platinum;1222;E! Entertainment HD;HD;Hogar Y Variedades;Si
Suriname;Pospago;Platinum;1223;Investigation Discovery (ID) HD;HD;Ciencia Y Cultura;Si
Suriname;Pospago;Platinum;1228;Lifetime LA HD;HD;Series Y Peliculas;Si
Suriname;Pospago;Platinum;1229;Discovery Home & Health HD;HD;Hogar Y Variedades;Si
Suriname;Pospago;Platinum;1264;MTV LA HD;HD;Musical;Si
Suriname;Pospago;Platinum;1304;Cartoon Network HD;HD;Infantil;Si
Suriname;Pospago;Platinum;1308;Nickelodeon LA HD;HD;Infantil;Si
Suriname;Pospago;Platinum;1309;Nick Jr. LA HD;HD;Infantil;Si
Suriname;Pospago;Platinum;1312;Disney Channel HD;HD;Infantil;Si
Suriname;Pospago;Platinum;1315;Disney Junior HD;HD;Infantil;Si
Suriname;Pospago;Platinum;1317;BabyTV HD;HD;Infantil;Si
Suriname;Pospago;Platinum;1330;Discovery Kids HD;HD;Infantil;Si
Suriname;Pospago;Platinum;1502;TNT HD;HD;Series Y Peliculas;Si
Suriname;Pospago;Platinum;1503;Golden HD;HD;Series Y Peliculas;Si
Suriname;Pospago;Platinum;1506;Sony Movies HD;HD;Series Y Peliculas;Si
Suriname;Pospago;Platinum;1507;Cinecanal HD;HD;Series Y Peliculas;Si
Suriname;Pospago;Platinum;1508;Studio Universal HD;HD;Series Y Peliculas;Si
Suriname;Pospago;Platinum;1509;Cinemax HD;HD;Series Y Peliculas;Si
Suriname;Pospago;Platinum;1510;Paramount Channel HD;HD;Series Y Peliculas;Si
Suriname;Pospago;Platinum;1513;DHE HD;HD;Series Y Peliculas;Si
Suriname;Pospago;Platinum;1515;Europa Europa HD;HD;Series Y Peliculas;Si
Suriname;Pospago;Platinum;1518;Space HD;HD;Series Y Peliculas;Si
Suriname;Pospago;Platinum;1521;TV Cortos HD;HD;Series Y Peliculas;Si
Suriname;Pospago;Platinum;1524;HBO HD;HD;Series Y Peliculas;Si
Suriname;Pospago;Platinum;1525;HBO 2 HD;HD;Series Y Peliculas;Si
Suriname;Pospago;Platinum;1527;HBO Caribbean HD;HD;Series Y Peliculas;Si
Suriname;Pospago;Platinum;1528;HBO Signature HD;HD;Series Y Peliculas;Si
Suriname;Pospago;Platinum;1532;HBO Plus East HD;HD;Series Y Peliculas;Si
Suriname;Pospago;Platinum;1534;HBO Family HD;HD;Series Y Peliculas;Si
Suriname;Pospago;Platinum;1540;HBO Mundi Caribbean;HD;Series Y Peliculas;Si
Suriname;Pospago;Platinum;1542;HBO Xtreme HD;HD;Series Y Peliculas;Si
Suriname;Pospago;Platinum;1571;Universal Premiere HD;HD;Series Y Peliculas;Si
Suriname;Pospago;Platinum;1572;Universal Cinema HD;HD;Series Y Peliculas;Si
Suriname;Pospago;Platinum;1573;Universal Comedy HD;HD;Series Y Peliculas;Si
Suriname;Pospago;Platinum;1574;Universal Crime HD;HD;Series Y Peliculas;Si
Suriname;Pospago;Platinum;1575;Universal Reality HD;HD;Hogar Y Variedades;Si
Suriname;Pospago;Platinum;1576;Universal Premiere West HD;HD;Series Y Peliculas;Si
Suriname;Pospago;Platinum;1577;Universal Crime West HD;HD;Series Y Peliculas;Si
Suriname;Pospago;Platinum;1610;DSports HD;HD;Deportes;Si
Suriname;Pospago;Platinum;1612;DSports 2 HD;HD;Deportes;Si
Suriname;Pospago;Platinum;1620;DSports Fight HD;HD;Deportes;Si
Suriname;Pospago;Platinum;1621;ESPN Caribbean HD;HD;Deportes;Si
Suriname;Pospago;Platinum;1628;The Golf Channel LA HD;HD;Deportes;Si
Suriname;Pospago;Platinum;1667;Flow Sports Network HD;HD;Deportes;Si
Suriname;Pospago;Platinum;1730;National Geographic HD;HD;Ciencia Y Cultura;Si
Suriname;Pospago;Platinum;1731;Discovery Theater HD;HD;Ciencia Y Cultura;Si
Suriname;Pospago;Platinum;1732;Discovery Channel HD;HD;Ciencia Y Cultura;Si
Suriname;Pospago;Platinum;1734;Animal Planet HD;HD;Ciencia Y Cultura;Si
Suriname;Pospago;Platinum;1738;Discovery World HD;HD;Ciencia Y Cultura;Si
Suriname;Pospago;Platinum;1740;Discovery Travel & Living Channel (TLC) HD;HD;Hogar Y Variedades;Si
Suriname;Pospago;Platinum;1742;History Channel LA HD;HD;Ciencia Y Cultura;Si
Suriname;Pospago;Platinum;1744;History 2 LA HD;HD;Ciencia Y Cultura;Si
Suriname;Pospago;Silver / Silver +;131;CNC3;SD;Noticias;Si
Suriname;Pospago;Silver / Silver +;134;Synergy;SD;Nacional;Si
Suriname;Pospago;Silver / Silver +;201;OnDIRECTV;SD;Hogar Y Variedades;Si
Suriname;Pospago;Silver / Silver +;202;Star Channel;SD;Series Y Peliculas;Si
Suriname;Pospago;Silver / Silver +;206;Warner Channel;SD;Series Y Peliculas;Si
Suriname;Pospago;Silver / Silver +;207;A&E LA;SD;Series Y Peliculas;Si
Suriname;Pospago;Silver / Silver +;208;Sony East;SD;Series Y Peliculas;Si
Suriname;Pospago;Silver / Silver +;209;AXN;SD;Series Y Peliculas;Si
Suriname;Pospago;Silver / Silver +;210;AMC LA;SD;Series Y Peliculas;Si
Suriname;Pospago;Silver / Silver +;213;TNT Series;SD;Series Y Peliculas;Si
Suriname;Pospago;Silver / Silver +;215;Comedy Central;SD;Series Y Peliculas;Si
Suriname;Pospago;Silver / Silver +;216;TeenNick;SD;Infantil;Si
Suriname;Pospago;Silver / Silver +;217;FX;SD;Series Y Peliculas;Si
Suriname;Pospago;Silver / Silver +;218;Universal TV;SD;Series Y Peliculas;Si
Suriname;Pospago;Silver / Silver +;219;USA Network;SD;Series Y Peliculas;Si
Suriname;Pospago;Silver / Silver +;220;Adult Swim;SD;Infantil;Si
Suriname;Pospago;Silver / Silver +;222;E! Entertainment;SD;Hogar Y Variedades;Si
Suriname;Pospago;Silver / Silver +;223;Investigation Discovery (ID);SD;Ciencia Y Cultura;Si
Suriname;Pospago;Silver / Silver +;228;Lifetime LA;SD;Series Y Peliculas;Si
Suriname;Pospago;Silver / Silver +;229;Discovery Home & Health;SD;Hogar Y Variedades;Si
Suriname;Pospago;Silver / Silver +;233;Food Network US;SD;Gastronómico;Si
Suriname;Pospago;Silver / Silver +;250;HGTV US;SD;Hogar Y Variedades;Si
Suriname;Pospago;Silver / Silver +;251;Lifetime USA;SD;Series Y Peliculas;Si
Suriname;Pospago;Silver / Silver +;253;BET;SD;Hogar Y Variedades;Si
Suriname;Pospago;Silver / Silver +;254;Paramount Channel;SD;Series Y Peliculas;Si
Suriname;Pospago;Silver / Silver +;256;A&E USA;SD;Series Y Peliculas;Si
Suriname;Pospago;Silver / Silver +;260;MTV USA HD;SD;Musical;Si
Suriname;Pospago;Silver / Silver +;262;VH1 USA;SD;Musical;Si
Suriname;Pospago;Silver / Silver +;264;MTV LA;SD;Musical;Si
Suriname;Pospago;Silver / Silver +;304;Cartoon Network;SD;Infantil;Si
Suriname;Pospago;Silver / Silver +;308;Nickelodeon LA;SD;Infantil;Si
Suriname;Pospago;Silver / Silver +;314;Disney Channel;SD;Infantil;Si
Suriname;Pospago;Silver / Silver +;315;Disney Junior;SD;Infantil;Si
Suriname;Pospago;Silver / Silver +;321;ZooMoo;SD;Infantil;Si
Suriname;Pospago;Silver / Silver +;322;Nickelodeon USA;SD;Infantil;Si
Suriname;Pospago;Silver / Silver +;330;Discovery Kids;SD;Infantil;Si
Suriname;Pospago;Silver / Silver +;334;Cartoonito;SD;Infantil;Si
Suriname;Pospago;Silver / Silver +;358;DayStar;SD;Religioso;Si
Suriname;Pospago;Silver / Silver +;501;LMN US;SD;Series Y Peliculas;Si
Suriname;Pospago;Silver / Silver +;502;TNT;SD;Series Y Peliculas;Si
Suriname;Pospago;Silver / Silver +;503;Golden;SD;Series Y Peliculas;Si
Suriname;Pospago;Silver / Silver +;506;Sony Movies;SD;Series Y Peliculas;Si
Suriname;Pospago;Silver / Silver +;507;Cinecanal;SD;Series Y Peliculas;Si
Suriname;Pospago;Silver / Silver +;508;Studio Universal;SD;Series Y Peliculas;Si
Suriname;Pospago;Silver / Silver +;509;Cinemax;SD;Series Y Peliculas;Si
Suriname;Pospago;Silver / Silver +;510;Paramount Channel;SD;Series Y Peliculas;Si
Suriname;Pospago;Silver / Silver +;513;DHE;SD;Series Y Peliculas;Si
Suriname;Pospago;Silver / Silver +;517;Golden Edge;SD;Series Y Peliculas;Si
Suriname;Pospago;Silver / Silver +;518;Space;SD;Series Y Peliculas;Si
Suriname;Pospago;Silver / Silver +;600;DSports Portal;SD;Deportes;Si
Suriname;Pospago;Silver / Silver +;610;Dsports;SD;Deportes;Si
Suriname;Pospago;Silver / Silver +;612;DSports 2;SD;Deportes;Si
Suriname;Pospago;Silver / Silver +;620;DSports Fight;SD;Deportes;Si
Suriname;Pospago;Silver / Silver +;621;ESPN Caribbean;SD;Deportes;Si
Suriname;Pospago;Silver / Silver +;622;ESPN 2 Caribbean;SD;Deportes;Si
Suriname;Pospago;Silver / Silver +;628;The Golf Channel LA;SD;Deportes;Si
Suriname;Pospago;Silver / Silver +;667;Flow Sports Network;SD;Deportes;Si
Suriname;Pospago;Silver / Silver +;702;CNN;SD;Noticias;Si
Suriname;Pospago;Silver / Silver +;706;CNN International;SD;Noticias;Si
Suriname;Pospago;Silver / Silver +;710;Bloomberg;SD;Noticias;Si
Suriname;Pospago;Silver / Silver +;730;National Geographic;SD;Ciencia Y Cultura;Si
Suriname;Pospago;Silver / Silver +;732;Discovery Channel;SD;Ciencia Y Cultura;Si
Suriname;Pospago;Silver / Silver +;734;Animal Planet;SD;Ciencia Y Cultura;Si
Suriname;Pospago;Silver / Silver +;736;Discovery Turbo;SD;Hogar Y Variedades;Si
Suriname;Pospago;Silver / Silver +;740;Discovery Travel & Living Channel (TLC);SD;Hogar Y Variedades;Si
Suriname;Pospago;Silver / Silver +;742;History Channel LA;SD;Ciencia Y Cultura;Si
Suriname;Pospago;Silver / Silver +;744;History 2 LA;SD;Ciencia Y Cultura;Si
Suriname;Pospago;Silver / Silver +;746;Film & Arts;SD;Ciencia Y Cultura;Si
Suriname;Pospago;Silver / Silver +;756;History Channel US;SD;Ciencia Y Cultura;Si
Suriname;Pospago;Silver / Silver +;768;BBC News;SD;Informativo;Si
Suriname;Pospago;Silver / Silver +;779;Zee Cinema;SD;Series Y Peliculas;Si
Suriname;Pospago;Silver / Silver +;780;ZEE TV;SD;Series Y Peliculas;Si
Suriname;Pospago;Universal Pack;571;Universal Premiere East;SD;Series Y Peliculas;Si
Suriname;Pospago;Universal Pack;572;Universal Cinema;SD;Series Y Peliculas;Si
Suriname;Pospago;Universal Pack;573;Universal Comedy;SD;Series Y Peliculas;Si
Suriname;Pospago;Universal Pack;574;Universal Crime East;SD;Series Y Peliculas;Si
Suriname;Pospago;Universal Pack;575;Universal Reality;SD;Hogar Y Variedades;Si
Suriname;Pospago;Universal Pack;576;Universal Premiere West;SD;Series Y Peliculas;Si
Suriname;Pospago;Universal Pack;577;Universal Crime West;SD;Series Y Peliculas;Si
Suriname;Pospago;Universal Pack;1571;Universal Premiere HD;HD;Series Y Peliculas;Si
Suriname;Pospago;Universal Pack;1572;Universal Cinema HD;HD;Series Y Peliculas;Si
Suriname;Pospago;Universal Pack;1573;Universal Comedy HD;HD;Series Y Peliculas;Si
Suriname;Pospago;Universal Pack;1574;Universal Crime HD;HD;Series Y Peliculas;Si
Suriname;Pospago;Universal Pack;1575;Universal Reality HD;HD;Hogar Y Variedades;Si
Suriname;Pospago;Universal Pack;1576;Universal Premiere West HD;HD;Series Y Peliculas;Si
Suriname;Pospago;Universal Pack;1577;Universal Crime West HD;HD;Series Y Peliculas;Si
Trinidad Y Tobago;Pospago;A La Carta;776;Globo Internacional;SD;Nacional;Si
Trinidad Y Tobago;Pospago;A La Carta;788;VTV;SD;Nacional;Si
Trinidad Y Tobago;Pospago;Bronze;130;TV6;SD;Nacional;Si
Trinidad Y Tobago;Pospago;Bronze;131;CNC3;SD;Noticias;Si
Trinidad Y Tobago;Pospago;Bronze;201;OnDIRECTV;SD;Hogar Y Variedades;Si
Trinidad Y Tobago;Pospago;Bronze;202;Star Channel;SD;Series Y Peliculas;Si
Trinidad Y Tobago;Pospago;Bronze;203;GSN;SD;Hogar Y Variedades;Si
Trinidad Y Tobago;Pospago;Bronze;206;Warner Channel;SD;Series Y Peliculas;Si
Trinidad Y Tobago;Pospago;Bronze;207;A&E LA;SD;Series Y Peliculas;Si
Trinidad Y Tobago;Pospago;Bronze;208;Sony East;SD;Series Y Peliculas;Si
Trinidad Y Tobago;Pospago;Bronze;209;AXN;SD;Series Y Peliculas;Si
Trinidad Y Tobago;Pospago;Bronze;210;AMC LA;SD;Series Y Peliculas;Si
Trinidad Y Tobago;Pospago;Bronze;216;TeenNick;SD;Infantil;Si
Trinidad Y Tobago;Pospago;Bronze;217;FX;SD;Series Y Peliculas;Si
Trinidad Y Tobago;Pospago;Bronze;218;Universal TV;SD;Series Y Peliculas;Si
Trinidad Y Tobago;Pospago;Bronze;219;USA Network;SD;Series Y Peliculas;Si
Trinidad Y Tobago;Pospago;Bronze;220;Adult Swim;SD;Infantil;Si
Trinidad Y Tobago;Pospago;Bronze;222;E! Entertainment;SD;Hogar Y Variedades;Si
Trinidad Y Tobago;Pospago;Bronze;223;Investigation Discovery (ID);SD;Ciencia Y Cultura;Si
Trinidad Y Tobago;Pospago;Bronze;228;Lifetime LA;SD;Series Y Peliculas;Si
Trinidad Y Tobago;Pospago;Bronze;229;Discovery Home & Health;SD;Hogar Y Variedades;Si
Trinidad Y Tobago;Pospago;Bronze;233;Food Network US;SD;Gastronómico;Si
Trinidad Y Tobago;Pospago;Bronze;250;HGTV US;SD;Hogar Y Variedades;Si
Trinidad Y Tobago;Pospago;Bronze;253;BET;SD;Hogar Y Variedades;Si
Trinidad Y Tobago;Pospago;Bronze;264;MTV LA;SD;Musical;Si
Trinidad Y Tobago;Pospago;Bronze;304;Cartoon Network;SD;Infantil;Si
Trinidad Y Tobago;Pospago;Bronze;314;Disney Channel;SD;Infantil;Si
Trinidad Y Tobago;Pospago;Bronze;315;Disney Junior;SD;Infantil;Si
Trinidad Y Tobago;Pospago;Bronze;321;ZooMoo;SD;Infantil;Si
Trinidad Y Tobago;Pospago;Bronze;330;Discovery Kids;SD;Infantil;Si
Trinidad Y Tobago;Pospago;Bronze;334;Cartoonito;SD;Infantil;Si
Trinidad Y Tobago;Pospago;Bronze;502;TNT;SD;Series Y Peliculas;Si
Trinidad Y Tobago;Pospago;Bronze;507;Cinecanal;SD;Series Y Peliculas;Si
Trinidad Y Tobago;Pospago;Bronze;508;Studio Universal;SD;Series Y Peliculas;Si
Trinidad Y Tobago;Pospago;Bronze;510;Paramount Channel;SD;Series Y Peliculas;Si
Trinidad Y Tobago;Pospago;Bronze;518;Space;SD;Series Y Peliculas;Si
Trinidad Y Tobago;Pospago;Bronze;600;DSports Portal;SD;Deportes;Si
Trinidad Y Tobago;Pospago;Bronze;610;Dsports;SD;Deportes;Si
Trinidad Y Tobago;Pospago;Bronze;612;DSports 2;SD;Deportes;Si
Trinidad Y Tobago;Pospago;Bronze;620;DSports Fight;SD;Deportes;Si
Trinidad Y Tobago;Pospago;Bronze;621;ESPN Caribbean;SD;Deportes;Si
Trinidad Y Tobago;Pospago;Bronze;622;ESPN 2 Caribbean;SD;Deportes;Si
Trinidad Y Tobago;Pospago;Bronze;628;The Golf Channel LA;SD;Deportes;Si
Trinidad Y Tobago;Pospago;Bronze;667;Flow Sports Network;SD;Deportes;Si
Trinidad Y Tobago;Pospago;Bronze;702;CNN;SD;Noticias;Si
Trinidad Y Tobago;Pospago;Bronze;706;CNN International;SD;Noticias;Si
Trinidad Y Tobago;Pospago;Bronze;710;Bloomberg;SD;Noticias;Si
Trinidad Y Tobago;Pospago;Bronze;730;National Geographic;SD;Ciencia Y Cultura;Si
Trinidad Y Tobago;Pospago;Bronze;732;Discovery Channel;SD;Ciencia Y Cultura;Si
Trinidad Y Tobago;Pospago;Bronze;734;Animal Planet;SD;Ciencia Y Cultura;Si
Trinidad Y Tobago;Pospago;Bronze;740;Discovery Travel & Living Channel (TLC);SD;Hogar Y Variedades;Si
Trinidad Y Tobago;Pospago;Bronze;742;History Channel LA;SD;Ciencia Y Cultura;Si
Trinidad Y Tobago;Pospago;Bronze;744;History 2 LA;SD;Ciencia Y Cultura;Si
Trinidad Y Tobago;Pospago;Bronze;746;Film & Arts;SD;Ciencia Y Cultura;Si
Trinidad Y Tobago;Pospago;Bronze;768;BBC News;SD;Informativo;Si
Trinidad Y Tobago;Pospago;Bronze;780;ZEE TV;SD;Series Y Peliculas;Si
Trinidad Y Tobago;Pospago;Direct International;766;Rai Italia;SD;Nacional;Si
Trinidad Y Tobago;Pospago;Direct International;770;Deutsche Welle (DW);SD;Noticias;Si
Trinidad Y Tobago;Pospago;Direct International;778;RTP Internacional;SD;Nacional;Si
Trinidad Y Tobago;Pospago;Direct International;782;NHK World;SD;Informativo;Si
Trinidad Y Tobago;Pospago;Directv Latino (Premium);127;DShow;SD;Hogar Y Variedades;Si
Trinidad Y Tobago;Pospago;Directv Latino (Premium);214;Atres Series;SD;Series Y Peliculas;Si
Trinidad Y Tobago;Pospago;Directv Latino (Premium);221;¡Hola! TV;SD;Hogar Y Variedades;Si
Trinidad Y Tobago;Pospago;Directv Latino (Premium);226;El Canal de las Estrellas;SD;Nacional;Si
Trinidad Y Tobago;Pospago;Directv Latino (Premium);227;TLnovelas;SD;Telenovelas;Si
Trinidad Y Tobago;Pospago;Directv Latino (Premium);231;Telemundo Internacional;SD;Telenovelas;Si
Trinidad Y Tobago;Pospago;Directv Latino (Premium);235;IVC;SD;Hogar Y Variedades;Si
Trinidad Y Tobago;Pospago;Directv Latino (Premium);269;Quiero Música en Mi Idioma (QMusic);SD;Musical;Si
Trinidad Y Tobago;Pospago;Directv Latino (Premium);352;Enlace;SD;Religioso;Si
Trinidad Y Tobago;Pospago;Directv Latino (Premium);514;Cine Latino;SD;Series Y Peliculas;Si
Trinidad Y Tobago;Pospago;Directv Latino (Premium);516;De Película;SD;Series Y Peliculas;Si
Trinidad Y Tobago;Pospago;Directv Latino (Premium);624;ESPN 5;SD;Deportes;Si
Trinidad Y Tobago;Pospago;Directv Latino (Premium);626;ESPN 6;SD;Deportes;Si
Trinidad Y Tobago;Pospago;Directv Latino (Premium);627;ESPN 7;SD;Deportes;Si
Trinidad Y Tobago;Pospago;Directv Latino (Premium);704;CNN en Español;SD;Noticias;Si
Trinidad Y Tobago;Pospago;Directv Latino (Premium);707;CNN Chile;SD;Noticias;Si
Trinidad Y Tobago;Pospago;Directv Latino (Premium);708;TVN 24 HORAS;SD;Noticias;Si
Trinidad Y Tobago;Pospago;Directv Latino (Premium);716;Todo Noticias (TN);SD;Noticias;Si
Trinidad Y Tobago;Pospago;Directv Latino (Premium);720;Canal 26;SD;Noticias;Si
Trinidad Y Tobago;Pospago;Directv Latino (Premium);725;NTN 24;SD;Noticias;Si
Trinidad Y Tobago;Pospago;Directv Latino (Premium);727;Cable Noticias;SD;Noticias;Si
Trinidad Y Tobago;Pospago;Directv Latino (Premium);760;Univision;SD;Nacional;Si
Trinidad Y Tobago;Pospago;Directv Latino (Premium);762;Antena 3;SD;Nacional;Si
Trinidad Y Tobago;Pospago;Directv Latino (Premium);772;Caracol Internacional;SD;Nacional;Si
Trinidad Y Tobago;Pospago;Directv Latino (Premium);775;RCN Nuestra Tele;SD;Nacional;Si
Trinidad Y Tobago;Pospago;Directv Latino (Premium);784;El Trece Internacional;SD;Nacional;Si
Trinidad Y Tobago;Pospago;Directv Latino (Premium);1127;DShow HD;HD;Hogar Y Variedades;Si
Trinidad Y Tobago;Pospago;Directv Latino (Premium);1214;Atres Series HD;HD;Series Y Peliculas;Si
Trinidad Y Tobago;Pospago;Directv Latino (Premium);1221;¡Hola! TV HD;HD;Hogar Y Variedades;Si
Trinidad Y Tobago;Pospago;Directv Latino (Premium);1235;IVC HD;HD;Hogar Y Variedades;Si
Trinidad Y Tobago;Pospago;Directv Latino (Premium);1236;VePlus HD;HD;Hogar Y Variedades;Si
Trinidad Y Tobago;Pospago;Directv Latino (Premium);1519;Atres Cinema HD;HD;Series Y Peliculas;Si
Trinidad Y Tobago;Pospago;Directv Latino (Premium);1624;ESPN 5 HD;HD;Deportes;Si
Trinidad Y Tobago;Pospago;Directv Latino (Premium);1626;ESPN 6 HD;HD;Deportes;Si
Trinidad Y Tobago;Pospago;Directv Latino (Premium);1627;ESPN 7 HD;HD;Deportes;Si
Trinidad Y Tobago;Pospago;Directv Latino (Premium);1762;Antena 3 HD;HD;Nacional;Si
Trinidad Y Tobago;Pospago;Exxotico;469;XTSY;SD;Hogar Y Variedades;Si
Trinidad Y Tobago;Pospago;Exxotico;470;Hustler;SD;Adultos;Si
Trinidad Y Tobago;Pospago;Gold / Gold +;130;TV6;SD;Nacional;Si
Trinidad Y Tobago;Pospago;Gold / Gold +;131;CNC3;SD;Noticias;Si
Trinidad Y Tobago;Pospago;Gold / Gold +;134;Synergy;SD;Nacional;Si
Trinidad Y Tobago;Pospago;Gold / Gold +;201;OnDIRECTV;SD;Hogar Y Variedades;Si
Trinidad Y Tobago;Pospago;Gold / Gold +;202;Star Channel;SD;Series Y Peliculas;Si
Trinidad Y Tobago;Pospago;Gold / Gold +;203;GSN;SD;Hogar Y Variedades;Si
Trinidad Y Tobago;Pospago;Gold / Gold +;206;Warner Channel;SD;Series Y Peliculas;Si
Trinidad Y Tobago;Pospago;Gold / Gold +;207;A&E LA;SD;Series Y Peliculas;Si
Trinidad Y Tobago;Pospago;Gold / Gold +;208;Sony East;SD;Series Y Peliculas;Si
Trinidad Y Tobago;Pospago;Gold / Gold +;209;AXN;SD;Series Y Peliculas;Si
Trinidad Y Tobago;Pospago;Gold / Gold +;210;AMC LA;SD;Series Y Peliculas;Si
Trinidad Y Tobago;Pospago;Gold / Gold +;213;TNT Series;SD;Series Y Peliculas;Si
Trinidad Y Tobago;Pospago;Gold / Gold +;215;Comedy Central;SD;Series Y Peliculas;Si
Trinidad Y Tobago;Pospago;Gold / Gold +;216;TeenNick;SD;Infantil;Si
Trinidad Y Tobago;Pospago;Gold / Gold +;217;FX;SD;Series Y Peliculas;Si
Trinidad Y Tobago;Pospago;Gold / Gold +;218;Universal TV;SD;Series Y Peliculas;Si
Trinidad Y Tobago;Pospago;Gold / Gold +;219;USA Network;SD;Series Y Peliculas;Si
Trinidad Y Tobago;Pospago;Gold / Gold +;220;Adult Swim;SD;Infantil;Si
Trinidad Y Tobago;Pospago;Gold / Gold +;222;E! Entertainment;SD;Hogar Y Variedades;Si
Trinidad Y Tobago;Pospago;Gold / Gold +;223;Investigation Discovery (ID);SD;Ciencia Y Cultura;Si
Trinidad Y Tobago;Pospago;Gold / Gold +;228;Lifetime LA;SD;Series Y Peliculas;Si
Trinidad Y Tobago;Pospago;Gold / Gold +;229;Discovery Home & Health;SD;Hogar Y Variedades;Si
Trinidad Y Tobago;Pospago;Gold / Gold +;233;Food Network US;SD;Gastronómico;Si
Trinidad Y Tobago;Pospago;Gold / Gold +;250;HGTV US;SD;Hogar Y Variedades;Si
Trinidad Y Tobago;Pospago;Gold / Gold +;251;Lifetime USA;SD;Series Y Peliculas;Si
Trinidad Y Tobago;Pospago;Gold / Gold +;253;BET;SD;Hogar Y Variedades;Si
Trinidad Y Tobago;Pospago;Gold / Gold +;254;Paramount Channel;SD;Series Y Peliculas;Si
Trinidad Y Tobago;Pospago;Gold / Gold +;256;A&E USA;SD;Series Y Peliculas;Si
Trinidad Y Tobago;Pospago;Gold / Gold +;260;MTV USA HD;SD;Musical;Si
Trinidad Y Tobago;Pospago;Gold / Gold +;262;VH1 USA;SD;Musical;Si
Trinidad Y Tobago;Pospago;Gold / Gold +;264;MTV LA;SD;Musical;Si
Trinidad Y Tobago;Pospago;Gold / Gold +;304;Cartoon Network;SD;Infantil;Si
Trinidad Y Tobago;Pospago;Gold / Gold +;308;Nickelodeon LA;SD;Infantil;Si
Trinidad Y Tobago;Pospago;Gold / Gold +;314;Disney Channel;SD;Infantil;Si
Trinidad Y Tobago;Pospago;Gold / Gold +;315;Disney Junior;SD;Infantil;Si
Trinidad Y Tobago;Pospago;Gold / Gold +;321;ZooMoo;SD;Infantil;Si
Trinidad Y Tobago;Pospago;Gold / Gold +;322;Nickelodeon USA;SD;Infantil;Si
Trinidad Y Tobago;Pospago;Gold / Gold +;330;Discovery Kids;SD;Infantil;Si
Trinidad Y Tobago;Pospago;Gold / Gold +;334;Cartoonito;SD;Infantil;Si
Trinidad Y Tobago;Pospago;Gold / Gold +;358;DayStar;SD;Religioso;Si
Trinidad Y Tobago;Pospago;Gold / Gold +;501;LMN US;SD;Series Y Peliculas;Si
Trinidad Y Tobago;Pospago;Gold / Gold +;502;TNT;SD;Series Y Peliculas;Si
Trinidad Y Tobago;Pospago;Gold / Gold +;503;Golden;SD;Series Y Peliculas;Si
Trinidad Y Tobago;Pospago;Gold / Gold +;506;Sony Movies;SD;Series Y Peliculas;Si
Trinidad Y Tobago;Pospago;Gold / Gold +;507;Cinecanal;SD;Series Y Peliculas;Si
Trinidad Y Tobago;Pospago;Gold / Gold +;508;Studio Universal;SD;Series Y Peliculas;Si
Trinidad Y Tobago;Pospago;Gold / Gold +;509;Cinemax;SD;Series Y Peliculas;Si
Trinidad Y Tobago;Pospago;Gold / Gold +;510;Paramount Channel;SD;Series Y Peliculas;Si
Trinidad Y Tobago;Pospago;Gold / Gold +;513;DHE;SD;Series Y Peliculas;Si
Trinidad Y Tobago;Pospago;Gold / Gold +;517;Golden Edge;SD;Series Y Peliculas;Si
Trinidad Y Tobago;Pospago;Gold / Gold +;518;Space;SD;Series Y Peliculas;Si
Trinidad Y Tobago;Pospago;Gold / Gold +;600;DSports Portal;SD;Deportes;Si
Trinidad Y Tobago;Pospago;Gold / Gold +;610;Dsports;SD;Deportes;Si
Trinidad Y Tobago;Pospago;Gold / Gold +;612;DSports 2;SD;Deportes;Si
Trinidad Y Tobago;Pospago;Gold / Gold +;620;DSports Fight;SD;Deportes;Si
Trinidad Y Tobago;Pospago;Gold / Gold +;621;ESPN Caribbean;SD;Deportes;Si
Trinidad Y Tobago;Pospago;Gold / Gold +;622;ESPN 2 Caribbean;SD;Deportes;Si
Trinidad Y Tobago;Pospago;Gold / Gold +;628;The Golf Channel LA;SD;Deportes;Si
Trinidad Y Tobago;Pospago;Gold / Gold +;667;Flow Sports Network;SD;Deportes;Si
Trinidad Y Tobago;Pospago;Gold / Gold +;702;CNN;SD;Noticias;Si
Trinidad Y Tobago;Pospago;Gold / Gold +;706;CNN International;SD;Noticias;Si
Trinidad Y Tobago;Pospago;Gold / Gold +;710;Bloomberg;SD;Noticias;Si
Trinidad Y Tobago;Pospago;Gold / Gold +;730;National Geographic;SD;Ciencia Y Cultura;Si
Trinidad Y Tobago;Pospago;Gold / Gold +;732;Discovery Channel;SD;Ciencia Y Cultura;Si
Trinidad Y Tobago;Pospago;Gold / Gold +;734;Animal Planet;SD;Ciencia Y Cultura;Si
Trinidad Y Tobago;Pospago;Gold / Gold +;736;Discovery Turbo;SD;Hogar Y Variedades;Si
Trinidad Y Tobago;Pospago;Gold / Gold +;740;Discovery Travel & Living Channel (TLC);SD;Hogar Y Variedades;Si
Trinidad Y Tobago;Pospago;Gold / Gold +;742;History Channel LA;SD;Ciencia Y Cultura;Si
Trinidad Y Tobago;Pospago;Gold / Gold +;744;History 2 LA;SD;Ciencia Y Cultura;Si
Trinidad Y Tobago;Pospago;Gold / Gold +;746;Film & Arts;SD;Ciencia Y Cultura;Si
Trinidad Y Tobago;Pospago;Gold / Gold +;756;History Channel US;SD;Ciencia Y Cultura;Si
Trinidad Y Tobago;Pospago;Gold / Gold +;768;BBC News;SD;Informativo;Si
Trinidad Y Tobago;Pospago;Gold / Gold +;779;Zee Cinema;SD;Series Y Peliculas;Si
Trinidad Y Tobago;Pospago;Gold / Gold +;780;ZEE TV;SD;Series Y Peliculas;Si
Trinidad Y Tobago;Pospago;Gold / Gold +;1201;OnDIRECTV HD;HD;Hogar Y Variedades;Si
Trinidad Y Tobago;Pospago;Gold / Gold +;1204;Star Channel HD;HD;Series Y Peliculas;Si
Trinidad Y Tobago;Pospago;Gold / Gold +;1206;Warner Channel HD;HD;Series Y Peliculas;Si
Trinidad Y Tobago;Pospago;Gold / Gold +;1207;A&E LA HD;HD;Series Y Peliculas;Si
Trinidad Y Tobago;Pospago;Gold / Gold +;1208;Sony East HD;HD;Series Y Peliculas;Si
Trinidad Y Tobago;Pospago;Gold / Gold +;1209;AXN HD;HD;Series Y Peliculas;Si
Trinidad Y Tobago;Pospago;Gold / Gold +;1210;AMC LA HD;HD;Series Y Peliculas;Si
Trinidad Y Tobago;Pospago;Gold / Gold +;1213;TNT Series HD;HD;Series Y Peliculas;Si
Trinidad Y Tobago;Pospago;Gold / Gold +;1215;Comedy Central HD;HD;Series Y Peliculas;Si
Trinidad Y Tobago;Pospago;Gold / Gold +;1217;FX HD;HD;Series Y Peliculas;Si
Trinidad Y Tobago;Pospago;Gold / Gold +;1218;Universal TV HD;HD;Series Y Peliculas;Si
Trinidad Y Tobago;Pospago;Gold / Gold +;1219;USA Network HD;HD;Series Y Peliculas;Si
Trinidad Y Tobago;Pospago;Gold / Gold +;1222;E! Entertainment HD;HD;Hogar Y Variedades;Si
Trinidad Y Tobago;Pospago;Gold / Gold +;1223;Investigation Discovery (ID) HD;HD;Ciencia Y Cultura;Si
Trinidad Y Tobago;Pospago;Gold / Gold +;1228;Lifetime LA HD;HD;Series Y Peliculas;Si
Trinidad Y Tobago;Pospago;Gold / Gold +;1229;Discovery Home & Health HD;HD;Hogar Y Variedades;Si
Trinidad Y Tobago;Pospago;Gold / Gold +;1236;VePlus HD;HD;Hogar Y Variedades;Si
Trinidad Y Tobago;Pospago;Gold / Gold +;1264;MTV LA HD;HD;Musical;Si
Trinidad Y Tobago;Pospago;Gold / Gold +;1304;Cartoon Network HD;HD;Infantil;Si
Trinidad Y Tobago;Pospago;Gold / Gold +;1308;Nickelodeon LA HD;HD;Infantil;Si
Trinidad Y Tobago;Pospago;Gold / Gold +;1309;Nick Jr. LA HD;HD;Infantil;Si
Trinidad Y Tobago;Pospago;Gold / Gold +;1312;Disney Channel HD;HD;Infantil;Si
Trinidad Y Tobago;Pospago;Gold / Gold +;1315;Disney Junior HD;HD;Infantil;Si
Trinidad Y Tobago;Pospago;Gold / Gold +;1317;BabyTV HD;HD;Infantil;Si
Trinidad Y Tobago;Pospago;Gold / Gold +;1330;Discovery Kids HD;HD;Infantil;Si
Trinidad Y Tobago;Pospago;Gold / Gold +;1502;TNT HD;HD;Series Y Peliculas;Si
Trinidad Y Tobago;Pospago;Gold / Gold +;1503;Golden HD;HD;Series Y Peliculas;Si
Trinidad Y Tobago;Pospago;Gold / Gold +;1506;Sony Movies HD;HD;Series Y Peliculas;Si
Trinidad Y Tobago;Pospago;Gold / Gold +;1507;Cinecanal HD;HD;Series Y Peliculas;Si
Trinidad Y Tobago;Pospago;Gold / Gold +;1508;Studio Universal HD;HD;Series Y Peliculas;Si
Trinidad Y Tobago;Pospago;Gold / Gold +;1509;Cinemax HD;HD;Series Y Peliculas;Si
Trinidad Y Tobago;Pospago;Gold / Gold +;1510;Paramount Channel HD;HD;Series Y Peliculas;Si
Trinidad Y Tobago;Pospago;Gold / Gold +;1513;DHE HD;HD;Series Y Peliculas;Si
Trinidad Y Tobago;Pospago;Gold / Gold +;1515;Europa Europa HD;HD;Series Y Peliculas;Si
Trinidad Y Tobago;Pospago;Gold / Gold +;1518;Space HD;HD;Series Y Peliculas;Si
Trinidad Y Tobago;Pospago;Gold / Gold +;1521;TV Cortos HD;HD;Series Y Peliculas;Si
Trinidad Y Tobago;Pospago;Gold / Gold +;1610;DSports HD;HD;Deportes;Si
Trinidad Y Tobago;Pospago;Gold / Gold +;1612;DSports 2 HD;HD;Deportes;Si
Trinidad Y Tobago;Pospago;Gold / Gold +;1620;DSports Fight HD;HD;Deportes;Si
Trinidad Y Tobago;Pospago;Gold / Gold +;1621;ESPN Caribbean HD;HD;Deportes;Si
Trinidad Y Tobago;Pospago;Gold / Gold +;1628;The Golf Channel LA HD;HD;Deportes;Si
Trinidad Y Tobago;Pospago;Gold / Gold +;1667;Flow Sports Network HD;HD;Deportes;Si
Trinidad Y Tobago;Pospago;Gold / Gold +;1730;National Geographic HD;HD;Ciencia Y Cultura;Si
Trinidad Y Tobago;Pospago;Gold / Gold +;1731;Discovery Theater HD;HD;Ciencia Y Cultura;Si
Trinidad Y Tobago;Pospago;Gold / Gold +;1732;Discovery Channel HD;HD;Ciencia Y Cultura;Si
Trinidad Y Tobago;Pospago;Gold / Gold +;1734;Animal Planet HD;HD;Ciencia Y Cultura;Si
Trinidad Y Tobago;Pospago;Gold / Gold +;1738;Discovery World HD;HD;Ciencia Y Cultura;Si
Trinidad Y Tobago;Pospago;Gold / Gold +;1740;Discovery Travel & Living Channel (TLC) HD;HD;Hogar Y Variedades;Si
Trinidad Y Tobago;Pospago;Gold / Gold +;1742;History Channel LA HD;HD;Ciencia Y Cultura;Si
Trinidad Y Tobago;Pospago;Gold / Gold +;1744;History 2 LA HD;HD;Ciencia Y Cultura;Si
Trinidad Y Tobago;Pospago;HBO Gold;130;TV6;SD;Nacional;Si
Trinidad Y Tobago;Pospago;HBO Gold;131;CNC3;SD;Noticias;Si
Trinidad Y Tobago;Pospago;HBO Gold;134;Synergy;SD;Nacional;Si
Trinidad Y Tobago;Pospago;HBO Gold;201;OnDIRECTV;SD;Hogar Y Variedades;Si
Trinidad Y Tobago;Pospago;HBO Gold;202;Star Channel;SD;Series Y Peliculas;Si
Trinidad Y Tobago;Pospago;HBO Gold;206;Warner Channel;SD;Series Y Peliculas;Si
Trinidad Y Tobago;Pospago;HBO Gold;207;A&E LA;SD;Series Y Peliculas;Si
Trinidad Y Tobago;Pospago;HBO Gold;208;Sony East;SD;Series Y Peliculas;Si
Trinidad Y Tobago;Pospago;HBO Gold;209;AXN;SD;Series Y Peliculas;Si
Trinidad Y Tobago;Pospago;HBO Gold;210;AMC LA;SD;Series Y Peliculas;Si
Trinidad Y Tobago;Pospago;HBO Gold;213;TNT Series;SD;Series Y Peliculas;Si
Trinidad Y Tobago;Pospago;HBO Gold;215;Comedy Central;SD;Series Y Peliculas;Si
Trinidad Y Tobago;Pospago;HBO Gold;216;TeenNick;SD;Infantil;Si
Trinidad Y Tobago;Pospago;HBO Gold;217;FX;SD;Series Y Peliculas;Si
Trinidad Y Tobago;Pospago;HBO Gold;218;Universal TV;SD;Series Y Peliculas;Si
Trinidad Y Tobago;Pospago;HBO Gold;219;USA Network;SD;Series Y Peliculas;Si
Trinidad Y Tobago;Pospago;HBO Gold;220;Adult Swim;SD;Infantil;Si
Trinidad Y Tobago;Pospago;HBO Gold;222;E! Entertainment;SD;Hogar Y Variedades;Si
Trinidad Y Tobago;Pospago;HBO Gold;223;Investigation Discovery (ID);SD;Ciencia Y Cultura;Si
Trinidad Y Tobago;Pospago;HBO Gold;228;Lifetime LA;SD;Series Y Peliculas;Si
Trinidad Y Tobago;Pospago;HBO Gold;229;Discovery Home & Health;SD;Hogar Y Variedades;Si
Trinidad Y Tobago;Pospago;HBO Gold;233;Food Network US;SD;Gastronómico;Si
Trinidad Y Tobago;Pospago;HBO Gold;250;HGTV US;SD;Hogar Y Variedades;Si
Trinidad Y Tobago;Pospago;HBO Gold;253;BET;SD;Hogar Y Variedades;Si
Trinidad Y Tobago;Pospago;HBO Gold;254;Paramount Channel;SD;Series Y Peliculas;Si
Trinidad Y Tobago;Pospago;HBO Gold;260;MTV USA HD;SD;Musical;Si
Trinidad Y Tobago;Pospago;HBO Gold;262;VH1 USA;SD;Musical;Si
Trinidad Y Tobago;Pospago;HBO Gold;264;MTV LA;SD;Musical;Si
Trinidad Y Tobago;Pospago;HBO Gold;304;Cartoon Network;SD;Infantil;Si
Trinidad Y Tobago;Pospago;HBO Gold;308;Nickelodeon LA;SD;Infantil;Si
Trinidad Y Tobago;Pospago;HBO Gold;314;Disney Channel;SD;Infantil;Si
Trinidad Y Tobago;Pospago;HBO Gold;315;Disney Junior;SD;Infantil;Si
Trinidad Y Tobago;Pospago;HBO Gold;321;ZooMoo;SD;Infantil;Si
Trinidad Y Tobago;Pospago;HBO Gold;322;Nickelodeon USA;SD;Infantil;Si
Trinidad Y Tobago;Pospago;HBO Gold;330;Discovery Kids;SD;Infantil;Si
Trinidad Y Tobago;Pospago;HBO Gold;334;Cartoonito;SD;Infantil;Si
Trinidad Y Tobago;Pospago;HBO Gold;358;DayStar;SD;Religioso;Si
Trinidad Y Tobago;Pospago;HBO Gold;502;TNT;SD;Series Y Peliculas;Si
Trinidad Y Tobago;Pospago;HBO Gold;503;Golden;SD;Series Y Peliculas;Si
Trinidad Y Tobago;Pospago;HBO Gold;506;Sony Movies;SD;Series Y Peliculas;Si
Trinidad Y Tobago;Pospago;HBO Gold;507;Cinecanal;SD;Series Y Peliculas;Si
Trinidad Y Tobago;Pospago;HBO Gold;508;Studio Universal;SD;Series Y Peliculas;Si
Trinidad Y Tobago;Pospago;HBO Gold;509;Cinemax;SD;Series Y Peliculas;Si
Trinidad Y Tobago;Pospago;HBO Gold;510;Paramount Channel;SD;Series Y Peliculas;Si
Trinidad Y Tobago;Pospago;HBO Gold;513;DHE;SD;Series Y Peliculas;Si
Trinidad Y Tobago;Pospago;HBO Gold;517;Golden Edge;SD;Series Y Peliculas;Si
Trinidad Y Tobago;Pospago;HBO Gold;518;Space;SD;Series Y Peliculas;Si
Trinidad Y Tobago;Pospago;HBO Gold;527;HBO Caribbean;SD;Series Y Peliculas;Si
Trinidad Y Tobago;Pospago;HBO Gold;528;HBO Signature;SD;Series Y Peliculas;Si
Trinidad Y Tobago;Pospago;HBO Gold;534;HBO Family;SD;Series Y Peliculas;Si
Trinidad Y Tobago;Pospago;HBO Gold;600;DSports Portal;SD;Deportes;Si
Trinidad Y Tobago;Pospago;HBO Gold;610;Dsports;SD;Deportes;Si
Trinidad Y Tobago;Pospago;HBO Gold;612;DSports 2;SD;Deportes;Si
Trinidad Y Tobago;Pospago;HBO Gold;620;DSports Fight;SD;Deportes;Si
Trinidad Y Tobago;Pospago;HBO Gold;621;ESPN Caribbean;SD;Deportes;Si
Trinidad Y Tobago;Pospago;HBO Gold;622;ESPN 2 Caribbean;SD;Deportes;Si
Trinidad Y Tobago;Pospago;HBO Gold;628;The Golf Channel LA;SD;Deportes;Si
Trinidad Y Tobago;Pospago;HBO Gold;667;Flow Sports Network;SD;Deportes;Si
Trinidad Y Tobago;Pospago;HBO Gold;702;CNN;SD;Noticias;Si
Trinidad Y Tobago;Pospago;HBO Gold;706;CNN International;SD;Noticias;Si
Trinidad Y Tobago;Pospago;HBO Gold;710;Bloomberg;SD;Noticias;Si
Trinidad Y Tobago;Pospago;HBO Gold;730;National Geographic;SD;Ciencia Y Cultura;Si
Trinidad Y Tobago;Pospago;HBO Gold;732;Discovery Channel;SD;Ciencia Y Cultura;Si
Trinidad Y Tobago;Pospago;HBO Gold;734;Animal Planet;SD;Ciencia Y Cultura;Si
Trinidad Y Tobago;Pospago;HBO Gold;736;Discovery Turbo;SD;Hogar Y Variedades;Si
Trinidad Y Tobago;Pospago;HBO Gold;740;Discovery Travel & Living Channel (TLC);SD;Hogar Y Variedades;Si
Trinidad Y Tobago;Pospago;HBO Gold;742;History Channel LA;SD;Ciencia Y Cultura;Si
Trinidad Y Tobago;Pospago;HBO Gold;744;History 2 LA;SD;Ciencia Y Cultura;Si
Trinidad Y Tobago;Pospago;HBO Gold;746;Film & Arts;SD;Ciencia Y Cultura;Si
Trinidad Y Tobago;Pospago;HBO Gold;768;BBC News;SD;Informativo;Si
Trinidad Y Tobago;Pospago;HBO Gold;780;ZEE TV;SD;Series Y Peliculas;Si
Trinidad Y Tobago;Pospago;HBO Gold;1201;OnDIRECTV HD;HD;Hogar Y Variedades;Si
Trinidad Y Tobago;Pospago;HBO Gold;1204;Star Channel HD;HD;Series Y Peliculas;Si
Trinidad Y Tobago;Pospago;HBO Gold;1206;Warner Channel HD;HD;Series Y Peliculas;Si
Trinidad Y Tobago;Pospago;HBO Gold;1207;A&E LA HD;HD;Series Y Peliculas;Si
Trinidad Y Tobago;Pospago;HBO Gold;1208;Sony East HD;HD;Series Y Peliculas;Si
Trinidad Y Tobago;Pospago;HBO Gold;1209;AXN HD;HD;Series Y Peliculas;Si
Trinidad Y Tobago;Pospago;HBO Gold;1210;AMC LA HD;HD;Series Y Peliculas;Si
Trinidad Y Tobago;Pospago;HBO Gold;1213;TNT Series HD;HD;Series Y Peliculas;Si
Trinidad Y Tobago;Pospago;HBO Gold;1215;Comedy Central HD;HD;Series Y Peliculas;Si
Trinidad Y Tobago;Pospago;HBO Gold;1217;FX HD;HD;Series Y Peliculas;Si
Trinidad Y Tobago;Pospago;HBO Gold;1218;Universal TV HD;HD;Series Y Peliculas;Si
Trinidad Y Tobago;Pospago;HBO Gold;1219;USA Network HD;HD;Series Y Peliculas;Si
Trinidad Y Tobago;Pospago;HBO Gold;1222;E! Entertainment HD;HD;Hogar Y Variedades;Si
Trinidad Y Tobago;Pospago;HBO Gold;1223;Investigation Discovery (ID) HD;HD;Ciencia Y Cultura;Si
Trinidad Y Tobago;Pospago;HBO Gold;1228;Lifetime LA HD;HD;Series Y Peliculas;Si
Trinidad Y Tobago;Pospago;HBO Gold;1229;Discovery Home & Health HD;HD;Hogar Y Variedades;Si
Trinidad Y Tobago;Pospago;HBO Gold;1236;VePlus HD;HD;Hogar Y Variedades;Si
Trinidad Y Tobago;Pospago;HBO Gold;1264;MTV LA HD;HD;Musical;Si
Trinidad Y Tobago;Pospago;HBO Gold;1304;Cartoon Network HD;HD;Infantil;Si
Trinidad Y Tobago;Pospago;HBO Gold;1308;Nickelodeon LA HD;HD;Infantil;Si
Trinidad Y Tobago;Pospago;HBO Gold;1309;Nick Jr. LA HD;HD;Infantil;Si
Trinidad Y Tobago;Pospago;HBO Gold;1312;Disney Channel HD;HD;Infantil;Si
Trinidad Y Tobago;Pospago;HBO Gold;1315;Disney Junior HD;HD;Infantil;Si
Trinidad Y Tobago;Pospago;HBO Gold;1317;BabyTV HD;HD;Infantil;Si
Trinidad Y Tobago;Pospago;HBO Gold;1330;Discovery Kids HD;HD;Infantil;Si
Trinidad Y Tobago;Pospago;HBO Gold;1502;TNT HD;HD;Series Y Peliculas;Si
Trinidad Y Tobago;Pospago;HBO Gold;1503;Golden HD;HD;Series Y Peliculas;Si
Trinidad Y Tobago;Pospago;HBO Gold;1506;Sony Movies HD;HD;Series Y Peliculas;Si
Trinidad Y Tobago;Pospago;HBO Gold;1507;Cinecanal HD;HD;Series Y Peliculas;Si
Trinidad Y Tobago;Pospago;HBO Gold;1508;Studio Universal HD;HD;Series Y Peliculas;Si
Trinidad Y Tobago;Pospago;HBO Gold;1509;Cinemax HD;HD;Series Y Peliculas;Si
Trinidad Y Tobago;Pospago;HBO Gold;1510;Paramount Channel HD;HD;Series Y Peliculas;Si
Trinidad Y Tobago;Pospago;HBO Gold;1513;DHE HD;HD;Series Y Peliculas;Si
Trinidad Y Tobago;Pospago;HBO Gold;1515;Europa Europa HD;HD;Series Y Peliculas;Si
Trinidad Y Tobago;Pospago;HBO Gold;1518;Space HD;HD;Series Y Peliculas;Si
Trinidad Y Tobago;Pospago;HBO Gold;1521;TV Cortos HD;HD;Series Y Peliculas;Si
Trinidad Y Tobago;Pospago;HBO Gold;1527;HBO Caribbean HD;HD;Series Y Peliculas;Si
Trinidad Y Tobago;Pospago;HBO Gold;1528;HBO Signature HD;HD;Series Y Peliculas;Si
Trinidad Y Tobago;Pospago;HBO Gold;1532;HBO Plus HD;HD;Series Y Peliculas;Si
Trinidad Y Tobago;Pospago;HBO Gold;1534;HBO Family HD;HD;Series Y Peliculas;Si
Trinidad Y Tobago;Pospago;HBO Gold;1610;DSports HD;HD;Deportes;Si
Trinidad Y Tobago;Pospago;HBO Gold;1612;DSports 2 HD;HD;Deportes;Si
Trinidad Y Tobago;Pospago;HBO Gold;1620;DSports Fight HD;HD;Deportes;Si
Trinidad Y Tobago;Pospago;HBO Gold;1621;ESPN Caribbean HD;HD;Deportes;Si
Trinidad Y Tobago;Pospago;HBO Gold;1628;The Golf Channel LA HD;HD;Deportes;Si
Trinidad Y Tobago;Pospago;HBO Gold;1667;Flow Sports Network HD;HD;Deportes;Si
Trinidad Y Tobago;Pospago;HBO Gold;1730;National Geographic HD;HD;Ciencia Y Cultura;Si
Trinidad Y Tobago;Pospago;HBO Gold;1731;Discovery Theater HD;HD;Ciencia Y Cultura;Si
Trinidad Y Tobago;Pospago;HBO Gold;1732;Discovery Channel HD;HD;Ciencia Y Cultura;Si
Trinidad Y Tobago;Pospago;HBO Gold;1734;Animal Planet HD;HD;Ciencia Y Cultura;Si
Trinidad Y Tobago;Pospago;HBO Gold;1738;Discovery World HD;HD;Ciencia Y Cultura;Si
Trinidad Y Tobago;Pospago;HBO Gold;1740;Discovery Travel & Living Channel (TLC) HD;HD;Hogar Y Variedades;Si
Trinidad Y Tobago;Pospago;HBO Gold;1742;History Channel LA HD;HD;Ciencia Y Cultura;Si
Trinidad Y Tobago;Pospago;HBO Gold;1744;History 2 LA HD;HD;Ciencia Y Cultura;Si
Trinidad Y Tobago;Pospago;HBO Mini;527;HBO Caribbean;SD;Series Y Peliculas;Si
Trinidad Y Tobago;Pospago;HBO Mini;528;HBO Signature;SD;Series Y Peliculas;Si
Trinidad Y Tobago;Pospago;HBO Mini;534;HBO Family;SD;Series Y Peliculas;Si
Trinidad Y Tobago;Pospago;HBO Mini;1527;HBO Caribbean HD;HD;Series Y Peliculas;Si
Trinidad Y Tobago;Pospago;HBO Mini;1528;HBO Signature HD;HD;Series Y Peliculas;Si
Trinidad Y Tobago;Pospago;HBO Mini;1532;HBO Plus HD;HD;Series Y Peliculas;Si
Trinidad Y Tobago;Pospago;HBO Mini;1534;HBO Family HD;HD;Series Y Peliculas;Si
Trinidad Y Tobago;Pospago;HBO Pack;524;HBO;SD;Series Y Peliculas;Si
Trinidad Y Tobago;Pospago;HBO Pack;525;HBO 2;SD;Series Y Peliculas;Si
Trinidad Y Tobago;Pospago;HBO Pack;526;HBO Plus East;SD;Series Y Peliculas;Si
Trinidad Y Tobago;Pospago;HBO Pack;527;HBO Caribbean;SD;Series Y Peliculas;Si
Trinidad Y Tobago;Pospago;HBO Pack;528;HBO Signature;SD;Series Y Peliculas;Si
Trinidad Y Tobago;Pospago;HBO Pack;534;HBO Family East;SD;Series Y Peliculas;Si
Trinidad Y Tobago;Pospago;HBO Pack;540;HBO Mundi;SD;Series Y Peliculas;Si
Trinidad Y Tobago;Pospago;HBO Pack;541;HBO Pop;SD;Series Y Peliculas;Si
Trinidad Y Tobago;Pospago;HBO Pack;542;HBO Xtreme;SD;Series Y Peliculas;Si
Trinidad Y Tobago;Pospago;HBO Pack;1524;HBO HD;HD;Series Y Peliculas;Si
Trinidad Y Tobago;Pospago;HBO Pack;1525;HBO 2 HD;HD;Series Y Peliculas;Si
Trinidad Y Tobago;Pospago;HBO Pack;1527;HBO Caribbean HD;HD;Series Y Peliculas;Si
Trinidad Y Tobago;Pospago;HBO Pack;1528;HBO Signature HD;HD;Series Y Peliculas;Si
Trinidad Y Tobago;Pospago;HBO Pack;1532;HBO Plus East HD;HD;Series Y Peliculas;Si
Trinidad Y Tobago;Pospago;HBO Pack;1534;HBO Family HD;HD;Series Y Peliculas;Si
Trinidad Y Tobago;Pospago;HBO Pack;1540;HBO Mundi Caribbean;HD;Series Y Peliculas;Si
Trinidad Y Tobago;Pospago;HBO Pack;1542;HBO Xtreme HD;HD;Series Y Peliculas;Si
Trinidad Y Tobago;Pospago;Hot Pack;464;Playboy TV;SD;Adultos;Si
Trinidad Y Tobago;Pospago;Hot Pack;468;Venus;SD;Adultos;Si
Trinidad Y Tobago;Pospago;Lite;130;TV6;SD;Nacional;Si
Trinidad Y Tobago;Pospago;Lite;131;CNC3;SD;Noticias;Si
Trinidad Y Tobago;Pospago;Lite;134;Synergy;SD;Nacional;Si
Trinidad Y Tobago;Pospago;Lite;202;Star Channel;SD;Series Y Peliculas;Si
Trinidad Y Tobago;Pospago;Lite;203;GSN;SD;Hogar Y Variedades;Si
Trinidad Y Tobago;Pospago;Lite;206;Warner Channel;SD;Series Y Peliculas;Si
Trinidad Y Tobago;Pospago;Lite;207;A&E LA;SD;Series Y Peliculas;Si
Trinidad Y Tobago;Pospago;Lite;208;Sony East;SD;Series Y Peliculas;Si
Trinidad Y Tobago;Pospago;Lite;217;FX;SD;Series Y Peliculas;Si
Trinidad Y Tobago;Pospago;Lite;218;Universal TV;SD;Series Y Peliculas;Si
Trinidad Y Tobago;Pospago;Lite;222;E! Entertainment;SD;Hogar Y Variedades;Si
Trinidad Y Tobago;Pospago;Lite;223;Investigation Discovery (ID);SD;Ciencia Y Cultura;Si
Trinidad Y Tobago;Pospago;Lite;229;Discovery Home & Health;SD;Hogar Y Variedades;Si
Trinidad Y Tobago;Pospago;Lite;233;Food Network US;SD;Gastronómico;Si
Trinidad Y Tobago;Pospago;Lite;250;HGTV US;SD;Hogar Y Variedades;Si
Trinidad Y Tobago;Pospago;Lite;264;MTV LA;SD;Musical;Si
Trinidad Y Tobago;Pospago;Lite;308;Nickelodeon LA;SD;Infantil;Si
Trinidad Y Tobago;Pospago;Lite;314;Disney Channel;SD;Infantil;Si
Trinidad Y Tobago;Pospago;Lite;315;Disney Junior;SD;Infantil;Si
Trinidad Y Tobago;Pospago;Lite;330;Discovery Kids;SD;Infantil;Si
Trinidad Y Tobago;Pospago;Lite;358;DayStar;SD;Religioso;Si
Trinidad Y Tobago;Pospago;Lite;507;Cinecanal;SD;Series Y Peliculas;Si
Trinidad Y Tobago;Pospago;Lite;508;Studio Universal;SD;Series Y Peliculas;Si
Trinidad Y Tobago;Pospago;Lite;621;ESPN Caribbean;SD;Deportes;Si
Trinidad Y Tobago;Pospago;Lite;622;ESPN 2 Caribbean;SD;Deportes;Si
Trinidad Y Tobago;Pospago;Lite;702;CNN;SD;Noticias;Si
Trinidad Y Tobago;Pospago;Lite;730;National Geographic;SD;Ciencia Y Cultura;Si
Trinidad Y Tobago;Pospago;Lite;732;Discovery Channel;SD;Ciencia Y Cultura;Si
Trinidad Y Tobago;Pospago;Lite;734;Animal Planet;SD;Ciencia Y Cultura;Si
Trinidad Y Tobago;Pospago;Lite;740;Discovery Travel & Living Channel (TLC);SD;Hogar Y Variedades;Si
Trinidad Y Tobago;Pospago;Lite;1204;Star Channel HD;HD;Series Y Peliculas;Si
Trinidad Y Tobago;Pospago;Lite;1206;Warner Channel HD;HD;Series Y Peliculas;Si
Trinidad Y Tobago;Pospago;Lite;1207;A&E LA HD;HD;Series Y Peliculas;Si
Trinidad Y Tobago;Pospago;Lite;1208;Sony East HD;HD;Series Y Peliculas;Si
Trinidad Y Tobago;Pospago;Lite;1217;FX HD;HD;Series Y Peliculas;Si
Trinidad Y Tobago;Pospago;Lite;1218;Universal TV HD;HD;Series Y Peliculas;Si
Trinidad Y Tobago;Pospago;Lite;1222;E! Entertainment HD;HD;Hogar Y Variedades;Si
Trinidad Y Tobago;Pospago;Lite;1223;Investigation Discovery (ID) HD;HD;Ciencia Y Cultura;Si
Trinidad Y Tobago;Pospago;Lite;1229;Discovery Home & Health HD;HD;Hogar Y Variedades;Si
Trinidad Y Tobago;Pospago;Lite;1264;MTV LA HD;HD;Musical;Si
Trinidad Y Tobago;Pospago;Lite;1308;Nickelodeon LA HD;HD;Infantil;Si
Trinidad Y Tobago;Pospago;Lite;1312;Disney Channel HD;HD;Infantil;Si
Trinidad Y Tobago;Pospago;Lite;1315;Disney Junior HD;HD;Infantil;Si
Trinidad Y Tobago;Pospago;Lite;1330;Discovery Kids HD;HD;Infantil;Si
Trinidad Y Tobago;Pospago;Lite;1507;Cinecanal HD;HD;Series Y Peliculas;Si
Trinidad Y Tobago;Pospago;Lite;1508;Studio Universal HD;HD;Series Y Peliculas;Si
Trinidad Y Tobago;Pospago;Lite;1621;ESPN Caribbean HD;HD;Deportes;Si
Trinidad Y Tobago;Pospago;Lite;1730;National Geographic HD;HD;Ciencia Y Cultura;Si
Trinidad Y Tobago;Pospago;Lite;1732;Discovery Channel HD;HD;Ciencia Y Cultura;Si
Trinidad Y Tobago;Pospago;Lite;1734;Animal Planet HD;HD;Ciencia Y Cultura;Si
Trinidad Y Tobago;Pospago;Lite;1740;Discovery Travel & Living Channel (TLC) HD;HD;Hogar Y Variedades;Si
Trinidad Y Tobago;Pospago;Platinum;130;TV6;SD;Nacional;Si
Trinidad Y Tobago;Pospago;Platinum;131;CNC3;SD;Noticias;Si
Trinidad Y Tobago;Pospago;Platinum;134;Synergy;SD;Nacional;Si
Trinidad Y Tobago;Pospago;Platinum;201;OnDIRECTV;SD;Hogar Y Variedades;Si
Trinidad Y Tobago;Pospago;Platinum;202;Star Channel;SD;Series Y Peliculas;Si
Trinidad Y Tobago;Pospago;Platinum;203;GSN;SD;Hogar Y Variedades;Si
Trinidad Y Tobago;Pospago;Platinum;206;Warner Channel;SD;Series Y Peliculas;Si
Trinidad Y Tobago;Pospago;Platinum;207;A&E LA;SD;Series Y Peliculas;Si
Trinidad Y Tobago;Pospago;Platinum;208;Sony East;SD;Series Y Peliculas;Si
Trinidad Y Tobago;Pospago;Platinum;209;AXN;SD;Series Y Peliculas;Si
Trinidad Y Tobago;Pospago;Platinum;210;AMC LA;SD;Series Y Peliculas;Si
Trinidad Y Tobago;Pospago;Platinum;213;TNT Series;SD;Series Y Peliculas;Si
Trinidad Y Tobago;Pospago;Platinum;215;Comedy Central;SD;Series Y Peliculas;Si
Trinidad Y Tobago;Pospago;Platinum;216;TeenNick;SD;Infantil;Si
Trinidad Y Tobago;Pospago;Platinum;217;FX;SD;Series Y Peliculas;Si
Trinidad Y Tobago;Pospago;Platinum;218;Universal TV;SD;Series Y Peliculas;Si
Trinidad Y Tobago;Pospago;Platinum;219;USA Network;SD;Series Y Peliculas;Si
Trinidad Y Tobago;Pospago;Platinum;220;Adult Swim;SD;Infantil;Si
Trinidad Y Tobago;Pospago;Platinum;222;E! Entertainment;SD;Hogar Y Variedades;Si
Trinidad Y Tobago;Pospago;Platinum;223;Investigation Discovery (ID);SD;Ciencia Y Cultura;Si
Trinidad Y Tobago;Pospago;Platinum;228;Lifetime LA;SD;Series Y Peliculas;Si
Trinidad Y Tobago;Pospago;Platinum;229;Discovery Home & Health;SD;Hogar Y Variedades;Si
Trinidad Y Tobago;Pospago;Platinum;233;Food Network US;SD;Gastronómico;Si
Trinidad Y Tobago;Pospago;Platinum;250;HGTV US;SD;Hogar Y Variedades;Si
Trinidad Y Tobago;Pospago;Platinum;251;Lifetime USA;SD;Series Y Peliculas;Si
Trinidad Y Tobago;Pospago;Platinum;253;BET;SD;Hogar Y Variedades;Si
Trinidad Y Tobago;Pospago;Platinum;254;Paramount Channel;SD;Series Y Peliculas;Si
Trinidad Y Tobago;Pospago;Platinum;256;A&E USA;SD;Series Y Peliculas;Si
Trinidad Y Tobago;Pospago;Platinum;260;MTV USA HD;SD;Musical;Si
Trinidad Y Tobago;Pospago;Platinum;262;VH1 USA;SD;Musical;Si
Trinidad Y Tobago;Pospago;Platinum;264;MTV LA;SD;Musical;Si
Trinidad Y Tobago;Pospago;Platinum;304;Cartoon Network;SD;Infantil;Si
Trinidad Y Tobago;Pospago;Platinum;308;Nickelodeon LA;SD;Infantil;Si
Trinidad Y Tobago;Pospago;Platinum;314;Disney Channel;SD;Infantil;Si
Trinidad Y Tobago;Pospago;Platinum;315;Disney Junior;SD;Infantil;Si
Trinidad Y Tobago;Pospago;Platinum;321;ZooMoo;SD;Infantil;Si
Trinidad Y Tobago;Pospago;Platinum;322;Nickelodeon USA;SD;Infantil;Si
Trinidad Y Tobago;Pospago;Platinum;330;Discovery Kids;SD;Infantil;Si
Trinidad Y Tobago;Pospago;Platinum;334;Cartoonito;SD;Infantil;Si
Trinidad Y Tobago;Pospago;Platinum;358;DayStar;SD;Religioso;Si
Trinidad Y Tobago;Pospago;Platinum;501;LMN US;SD;Series Y Peliculas;Si
Trinidad Y Tobago;Pospago;Platinum;502;TNT;SD;Series Y Peliculas;Si
Trinidad Y Tobago;Pospago;Platinum;503;Golden;SD;Series Y Peliculas;Si
Trinidad Y Tobago;Pospago;Platinum;506;Sony Movies;SD;Series Y Peliculas;Si
Trinidad Y Tobago;Pospago;Platinum;507;Cinecanal;SD;Series Y Peliculas;Si
Trinidad Y Tobago;Pospago;Platinum;508;Studio Universal;SD;Series Y Peliculas;Si
Trinidad Y Tobago;Pospago;Platinum;509;Cinemax;SD;Series Y Peliculas;Si
Trinidad Y Tobago;Pospago;Platinum;510;Paramount Channel;SD;Series Y Peliculas;Si
Trinidad Y Tobago;Pospago;Platinum;513;DHE;SD;Series Y Peliculas;Si
Trinidad Y Tobago;Pospago;Platinum;517;Golden Edge;SD;Series Y Peliculas;Si
Trinidad Y Tobago;Pospago;Platinum;518;Space;SD;Series Y Peliculas;Si
Trinidad Y Tobago;Pospago;Platinum;524;HBO;SD;Series Y Peliculas;Si
Trinidad Y Tobago;Pospago;Platinum;525;HBO 2;SD;Series Y Peliculas;Si
Trinidad Y Tobago;Pospago;Platinum;526;HBO Plus East;SD;Series Y Peliculas;Si
Trinidad Y Tobago;Pospago;Platinum;527;HBO Caribbean;SD;Series Y Peliculas;Si
Trinidad Y Tobago;Pospago;Platinum;528;HBO Signature;SD;Series Y Peliculas;Si
Trinidad Y Tobago;Pospago;Platinum;534;HBO Family East;SD;Series Y Peliculas;Si
Trinidad Y Tobago;Pospago;Platinum;540;HBO Mundi;SD;Series Y Peliculas;Si
Trinidad Y Tobago;Pospago;Platinum;541;HBO Pop;SD;Series Y Peliculas;Si
Trinidad Y Tobago;Pospago;Platinum;542;HBO Xtreme;SD;Series Y Peliculas;Si
Trinidad Y Tobago;Pospago;Platinum;571;Universal Premiere East;SD;Series Y Peliculas;Si
Trinidad Y Tobago;Pospago;Platinum;572;Universal Cinema;SD;Series Y Peliculas;Si
Trinidad Y Tobago;Pospago;Platinum;573;Universal Comedy;SD;Series Y Peliculas;Si
Trinidad Y Tobago;Pospago;Platinum;574;Universal Crime East;SD;Series Y Peliculas;Si
Trinidad Y Tobago;Pospago;Platinum;575;Universal Reality;SD;Hogar Y Variedades;Si
Trinidad Y Tobago;Pospago;Platinum;576;Universal Premiere West;SD;Series Y Peliculas;Si
Trinidad Y Tobago;Pospago;Platinum;577;Universal Crime West;SD;Series Y Peliculas;Si
Trinidad Y Tobago;Pospago;Platinum;600;DSports Portal;SD;Deportes;Si
Trinidad Y Tobago;Pospago;Platinum;610;Dsports;SD;Deportes;Si
Trinidad Y Tobago;Pospago;Platinum;612;DSports 2;SD;Deportes;Si
Trinidad Y Tobago;Pospago;Platinum;620;DSports Fight;SD;Deportes;Si
Trinidad Y Tobago;Pospago;Platinum;621;ESPN Caribbean;SD;Deportes;Si
Trinidad Y Tobago;Pospago;Platinum;622;ESPN 2 Caribbean;SD;Deportes;Si
Trinidad Y Tobago;Pospago;Platinum;628;The Golf Channel LA;SD;Deportes;Si
Trinidad Y Tobago;Pospago;Platinum;667;Flow Sports Network;SD;Deportes;Si
Trinidad Y Tobago;Pospago;Platinum;702;CNN;SD;Noticias;Si
Trinidad Y Tobago;Pospago;Platinum;706;CNN International;SD;Noticias;Si
Trinidad Y Tobago;Pospago;Platinum;710;Bloomberg;SD;Noticias;Si
Trinidad Y Tobago;Pospago;Platinum;730;National Geographic;SD;Ciencia Y Cultura;Si
Trinidad Y Tobago;Pospago;Platinum;732;Discovery Channel;SD;Ciencia Y Cultura;Si
Trinidad Y Tobago;Pospago;Platinum;734;Animal Planet;SD;Ciencia Y Cultura;Si
Trinidad Y Tobago;Pospago;Platinum;736;Discovery Turbo;SD;Hogar Y Variedades;Si
Trinidad Y Tobago;Pospago;Platinum;740;Discovery Travel & Living Channel (TLC);SD;Hogar Y Variedades;Si
Trinidad Y Tobago;Pospago;Platinum;742;History Channel LA;SD;Ciencia Y Cultura;Si
Trinidad Y Tobago;Pospago;Platinum;744;History 2 LA;SD;Ciencia Y Cultura;Si
Trinidad Y Tobago;Pospago;Platinum;746;Film & Arts;SD;Ciencia Y Cultura;Si
Trinidad Y Tobago;Pospago;Platinum;756;History Channel US;SD;Ciencia Y Cultura;Si
Trinidad Y Tobago;Pospago;Platinum;766;Rai Italia;SD;Nacional;Si
Trinidad Y Tobago;Pospago;Platinum;768;BBC News;SD;Informativo;Si
Trinidad Y Tobago;Pospago;Platinum;770;Deutsche Welle (DW);SD;Noticias;Si
Trinidad Y Tobago;Pospago;Platinum;778;RTP Internacional;SD;Nacional;Si
Trinidad Y Tobago;Pospago;Platinum;779;Zee Cinema;SD;Series Y Peliculas;Si
Trinidad Y Tobago;Pospago;Platinum;780;ZEE TV;SD;Series Y Peliculas;Si
Trinidad Y Tobago;Pospago;Platinum;782;NHK World;SD;Informativo;Si
Trinidad Y Tobago;Pospago;Platinum;1201;OnDIRECTV HD;HD;Hogar Y Variedades;Si
Trinidad Y Tobago;Pospago;Platinum;1204;Star Channel HD;HD;Series Y Peliculas;Si
Trinidad Y Tobago;Pospago;Platinum;1206;Warner Channel HD;HD;Series Y Peliculas;Si
Trinidad Y Tobago;Pospago;Platinum;1207;A&E LA HD;HD;Series Y Peliculas;Si
Trinidad Y Tobago;Pospago;Platinum;1208;Sony East HD;HD;Series Y Peliculas;Si
Trinidad Y Tobago;Pospago;Platinum;1209;AXN HD;HD;Series Y Peliculas;Si
Trinidad Y Tobago;Pospago;Platinum;1210;AMC LA HD;HD;Series Y Peliculas;Si
Trinidad Y Tobago;Pospago;Platinum;1213;TNT Series HD;HD;Series Y Peliculas;Si
Trinidad Y Tobago;Pospago;Platinum;1215;Comedy Central HD;HD;Series Y Peliculas;Si
Trinidad Y Tobago;Pospago;Platinum;1217;FX HD;HD;Series Y Peliculas;Si
Trinidad Y Tobago;Pospago;Platinum;1218;Universal TV HD;HD;Series Y Peliculas;Si
Trinidad Y Tobago;Pospago;Platinum;1219;USA Network HD;HD;Series Y Peliculas;Si
Trinidad Y Tobago;Pospago;Platinum;1222;E! Entertainment HD;HD;Hogar Y Variedades;Si
Trinidad Y Tobago;Pospago;Platinum;1223;Investigation Discovery (ID) HD;HD;Ciencia Y Cultura;Si
Trinidad Y Tobago;Pospago;Platinum;1228;Lifetime LA HD;HD;Series Y Peliculas;Si
Trinidad Y Tobago;Pospago;Platinum;1229;Discovery Home & Health HD;HD;Hogar Y Variedades;Si
Trinidad Y Tobago;Pospago;Platinum;1236;VePlus HD;HD;Hogar Y Variedades;Si
Trinidad Y Tobago;Pospago;Platinum;1264;MTV LA HD;HD;Musical;Si
Trinidad Y Tobago;Pospago;Platinum;1304;Cartoon Network HD;HD;Infantil;Si
Trinidad Y Tobago;Pospago;Platinum;1308;Nickelodeon LA HD;HD;Infantil;Si
Trinidad Y Tobago;Pospago;Platinum;1309;Nick Jr. LA HD;HD;Infantil;Si
Trinidad Y Tobago;Pospago;Platinum;1312;Disney Channel HD;HD;Infantil;Si
Trinidad Y Tobago;Pospago;Platinum;1315;Disney Junior HD;HD;Infantil;Si
Trinidad Y Tobago;Pospago;Platinum;1317;BabyTV HD;HD;Infantil;Si
Trinidad Y Tobago;Pospago;Platinum;1330;Discovery Kids HD;HD;Infantil;Si
Trinidad Y Tobago;Pospago;Platinum;1502;TNT HD;HD;Series Y Peliculas;Si
Trinidad Y Tobago;Pospago;Platinum;1503;Golden HD;HD;Series Y Peliculas;Si
Trinidad Y Tobago;Pospago;Platinum;1506;Sony Movies HD;HD;Series Y Peliculas;Si
Trinidad Y Tobago;Pospago;Platinum;1507;Cinecanal HD;HD;Series Y Peliculas;Si
Trinidad Y Tobago;Pospago;Platinum;1508;Studio Universal HD;HD;Series Y Peliculas;Si
Trinidad Y Tobago;Pospago;Platinum;1509;Cinemax HD;HD;Series Y Peliculas;Si
Trinidad Y Tobago;Pospago;Platinum;1510;Paramount Channel HD;HD;Series Y Peliculas;Si
Trinidad Y Tobago;Pospago;Platinum;1513;DHE HD;HD;Series Y Peliculas;Si
Trinidad Y Tobago;Pospago;Platinum;1515;Europa Europa HD;HD;Series Y Peliculas;Si
Trinidad Y Tobago;Pospago;Platinum;1518;Space HD;HD;Series Y Peliculas;Si
Trinidad Y Tobago;Pospago;Platinum;1521;TV Cortos HD;HD;Series Y Peliculas;Si
Trinidad Y Tobago;Pospago;Platinum;1524;HBO HD;HD;Series Y Peliculas;Si
Trinidad Y Tobago;Pospago;Platinum;1525;HBO 2 HD;HD;Series Y Peliculas;Si
Trinidad Y Tobago;Pospago;Platinum;1527;HBO Caribbean HD;HD;Series Y Peliculas;Si
Trinidad Y Tobago;Pospago;Platinum;1528;HBO Signature HD;HD;Series Y Peliculas;Si
Trinidad Y Tobago;Pospago;Platinum;1532;HBO Plus East HD;HD;Series Y Peliculas;Si
Trinidad Y Tobago;Pospago;Platinum;1534;HBO Family HD;HD;Series Y Peliculas;Si
Trinidad Y Tobago;Pospago;Platinum;1540;HBO Mundi Caribbean;HD;Series Y Peliculas;Si
Trinidad Y Tobago;Pospago;Platinum;1542;HBO Xtreme HD;HD;Series Y Peliculas;Si
Trinidad Y Tobago;Pospago;Platinum;1571;Universal Premiere HD;HD;Series Y Peliculas;Si
Trinidad Y Tobago;Pospago;Platinum;1572;Universal Cinema HD;HD;Series Y Peliculas;Si
Trinidad Y Tobago;Pospago;Platinum;1573;Universal Comedy HD;HD;Series Y Peliculas;Si
Trinidad Y Tobago;Pospago;Platinum;1574;Universal Crime HD;HD;Series Y Peliculas;Si
Trinidad Y Tobago;Pospago;Platinum;1575;Universal Reality HD;HD;Hogar Y Variedades;Si
Trinidad Y Tobago;Pospago;Platinum;1576;Universal Premiere West HD;HD;Series Y Peliculas;Si
Trinidad Y Tobago;Pospago;Platinum;1577;Universal Crime West HD;HD;Series Y Peliculas;Si
Trinidad Y Tobago;Pospago;Platinum;1610;DSports HD;HD;Deportes;Si
Trinidad Y Tobago;Pospago;Platinum;1612;DSports 2 HD;HD;Deportes;Si
Trinidad Y Tobago;Pospago;Platinum;1620;DSports Fight HD;HD;Deportes;Si
Trinidad Y Tobago;Pospago;Platinum;1621;ESPN Caribbean HD;HD;Deportes;Si
Trinidad Y Tobago;Pospago;Platinum;1628;The Golf Channel LA HD;HD;Deportes;Si
Trinidad Y Tobago;Pospago;Platinum;1667;Flow Sports Network HD;HD;Deportes;Si
Trinidad Y Tobago;Pospago;Platinum;1730;National Geographic HD;HD;Ciencia Y Cultura;Si
Trinidad Y Tobago;Pospago;Platinum;1731;Discovery Theater HD;HD;Ciencia Y Cultura;Si
Trinidad Y Tobago;Pospago;Platinum;1732;Discovery Channel HD;HD;Ciencia Y Cultura;Si
Trinidad Y Tobago;Pospago;Platinum;1734;Animal Planet HD;HD;Ciencia Y Cultura;Si
Trinidad Y Tobago;Pospago;Platinum;1738;Discovery World HD;HD;Ciencia Y Cultura;Si
Trinidad Y Tobago;Pospago;Platinum;1740;Discovery Travel & Living Channel (TLC) HD;HD;Hogar Y Variedades;Si
Trinidad Y Tobago;Pospago;Platinum;1742;History Channel LA HD;HD;Ciencia Y Cultura;Si
Trinidad Y Tobago;Pospago;Platinum;1744;History 2 LA HD;HD;Ciencia Y Cultura;Si
Trinidad Y Tobago;Pospago;Silver / Silver +;130;TV6;SD;Nacional;Si
Trinidad Y Tobago;Pospago;Silver / Silver +;131;CNC3;SD;Noticias;Si
Trinidad Y Tobago;Pospago;Silver / Silver +;134;Synergy;SD;Nacional;Si
Trinidad Y Tobago;Pospago;Silver / Silver +;201;OnDIRECTV;SD;Hogar Y Variedades;Si
Trinidad Y Tobago;Pospago;Silver / Silver +;202;Star Channel;SD;Series Y Peliculas;Si
Trinidad Y Tobago;Pospago;Silver / Silver +;203;GSN;SD;Hogar Y Variedades;Si
Trinidad Y Tobago;Pospago;Silver / Silver +;206;Warner Channel;SD;Series Y Peliculas;Si
Trinidad Y Tobago;Pospago;Silver / Silver +;207;A&E LA;SD;Series Y Peliculas;Si
Trinidad Y Tobago;Pospago;Silver / Silver +;208;Sony East;SD;Series Y Peliculas;Si
Trinidad Y Tobago;Pospago;Silver / Silver +;209;AXN;SD;Series Y Peliculas;Si
Trinidad Y Tobago;Pospago;Silver / Silver +;210;AMC LA;SD;Series Y Peliculas;Si
Trinidad Y Tobago;Pospago;Silver / Silver +;213;TNT Series;SD;Series Y Peliculas;Si
Trinidad Y Tobago;Pospago;Silver / Silver +;215;Comedy Central;SD;Series Y Peliculas;Si
Trinidad Y Tobago;Pospago;Silver / Silver +;216;TeenNick;SD;Infantil;Si
Trinidad Y Tobago;Pospago;Silver / Silver +;217;FX;SD;Series Y Peliculas;Si
Trinidad Y Tobago;Pospago;Silver / Silver +;218;Universal TV;SD;Series Y Peliculas;Si
Trinidad Y Tobago;Pospago;Silver / Silver +;219;USA Network;SD;Series Y Peliculas;Si
Trinidad Y Tobago;Pospago;Silver / Silver +;220;Adult Swim;SD;Infantil;Si
Trinidad Y Tobago;Pospago;Silver / Silver +;222;E! Entertainment;SD;Hogar Y Variedades;Si
Trinidad Y Tobago;Pospago;Silver / Silver +;223;Investigation Discovery (ID);SD;Ciencia Y Cultura;Si
Trinidad Y Tobago;Pospago;Silver / Silver +;228;Lifetime LA;SD;Series Y Peliculas;Si
Trinidad Y Tobago;Pospago;Silver / Silver +;229;Discovery Home & Health;SD;Hogar Y Variedades;Si
Trinidad Y Tobago;Pospago;Silver / Silver +;233;Food Network US;SD;Gastronómico;Si
Trinidad Y Tobago;Pospago;Silver / Silver +;250;HGTV US;SD;Hogar Y Variedades;Si
Trinidad Y Tobago;Pospago;Silver / Silver +;251;Lifetime USA;SD;Series Y Peliculas;Si
Trinidad Y Tobago;Pospago;Silver / Silver +;253;BET;SD;Hogar Y Variedades;Si
Trinidad Y Tobago;Pospago;Silver / Silver +;254;Paramount Channel;SD;Series Y Peliculas;Si
Trinidad Y Tobago;Pospago;Silver / Silver +;256;A&E USA;SD;Series Y Peliculas;Si
Trinidad Y Tobago;Pospago;Silver / Silver +;260;MTV USA HD;SD;Musical;Si
Trinidad Y Tobago;Pospago;Silver / Silver +;262;VH1 USA;SD;Musical;Si
Trinidad Y Tobago;Pospago;Silver / Silver +;264;MTV LA;SD;Musical;Si
Trinidad Y Tobago;Pospago;Silver / Silver +;304;Cartoon Network;SD;Infantil;Si
Trinidad Y Tobago;Pospago;Silver / Silver +;308;Nickelodeon LA;SD;Infantil;Si
Trinidad Y Tobago;Pospago;Silver / Silver +;314;Disney Channel;SD;Infantil;Si
Trinidad Y Tobago;Pospago;Silver / Silver +;315;Disney Junior;SD;Infantil;Si
Trinidad Y Tobago;Pospago;Silver / Silver +;321;ZooMoo;SD;Infantil;Si
Trinidad Y Tobago;Pospago;Silver / Silver +;322;Nickelodeon USA;SD;Infantil;Si
Trinidad Y Tobago;Pospago;Silver / Silver +;330;Discovery Kids;SD;Infantil;Si
Trinidad Y Tobago;Pospago;Silver / Silver +;334;Cartoonito;SD;Infantil;Si
Trinidad Y Tobago;Pospago;Silver / Silver +;358;DayStar;SD;Religioso;Si
Trinidad Y Tobago;Pospago;Silver / Silver +;501;LMN US;SD;Series Y Peliculas;Si
Trinidad Y Tobago;Pospago;Silver / Silver +;502;TNT;SD;Series Y Peliculas;Si
Trinidad Y Tobago;Pospago;Silver / Silver +;503;Golden;SD;Series Y Peliculas;Si
Trinidad Y Tobago;Pospago;Silver / Silver +;506;Sony Movies;SD;Series Y Peliculas;Si
Trinidad Y Tobago;Pospago;Silver / Silver +;507;Cinecanal;SD;Series Y Peliculas;Si
Trinidad Y Tobago;Pospago;Silver / Silver +;508;Studio Universal;SD;Series Y Peliculas;Si
Trinidad Y Tobago;Pospago;Silver / Silver +;509;Cinemax;SD;Series Y Peliculas;Si
Trinidad Y Tobago;Pospago;Silver / Silver +;510;Paramount Channel;SD;Series Y Peliculas;Si
Trinidad Y Tobago;Pospago;Silver / Silver +;513;DHE;SD;Series Y Peliculas;Si
Trinidad Y Tobago;Pospago;Silver / Silver +;517;Golden Edge;SD;Series Y Peliculas;Si
Trinidad Y Tobago;Pospago;Silver / Silver +;518;Space;SD;Series Y Peliculas;Si
Trinidad Y Tobago;Pospago;Silver / Silver +;600;DSports Portal;SD;Deportes;Si
Trinidad Y Tobago;Pospago;Silver / Silver +;610;Dsports;SD;Deportes;Si
Trinidad Y Tobago;Pospago;Silver / Silver +;612;DSports 2;SD;Deportes;Si
Trinidad Y Tobago;Pospago;Silver / Silver +;620;DSports Fight;SD;Deportes;Si
Trinidad Y Tobago;Pospago;Silver / Silver +;621;ESPN Caribbean;SD;Deportes;Si
Trinidad Y Tobago;Pospago;Silver / Silver +;622;ESPN 2 Caribbean;SD;Deportes;Si
Trinidad Y Tobago;Pospago;Silver / Silver +;628;The Golf Channel LA;SD;Deportes;Si
Trinidad Y Tobago;Pospago;Silver / Silver +;667;Flow Sports Network;SD;Deportes;Si
Trinidad Y Tobago;Pospago;Silver / Silver +;702;CNN;SD;Noticias;Si
Trinidad Y Tobago;Pospago;Silver / Silver +;706;CNN International;SD;Noticias;Si
Trinidad Y Tobago;Pospago;Silver / Silver +;710;Bloomberg;SD;Noticias;Si
Trinidad Y Tobago;Pospago;Silver / Silver +;730;National Geographic;SD;Ciencia Y Cultura;Si
Trinidad Y Tobago;Pospago;Silver / Silver +;732;Discovery Channel;SD;Ciencia Y Cultura;Si
Trinidad Y Tobago;Pospago;Silver / Silver +;734;Animal Planet;SD;Ciencia Y Cultura;Si
Trinidad Y Tobago;Pospago;Silver / Silver +;736;Discovery Turbo;SD;Hogar Y Variedades;Si
Trinidad Y Tobago;Pospago;Silver / Silver +;740;Discovery Travel & Living Channel (TLC);SD;Hogar Y Variedades;Si
Trinidad Y Tobago;Pospago;Silver / Silver +;742;History Channel LA;SD;Ciencia Y Cultura;Si
Trinidad Y Tobago;Pospago;Silver / Silver +;744;History 2 LA;SD;Ciencia Y Cultura;Si
Trinidad Y Tobago;Pospago;Silver / Silver +;746;Film & Arts;SD;Ciencia Y Cultura;Si
Trinidad Y Tobago;Pospago;Silver / Silver +;756;History Channel US;SD;Ciencia Y Cultura;Si
Trinidad Y Tobago;Pospago;Silver / Silver +;768;BBC News;SD;Informativo;Si
Trinidad Y Tobago;Pospago;Silver / Silver +;779;Zee Cinema;SD;Series Y Peliculas;Si
Trinidad Y Tobago;Pospago;Silver / Silver +;780;ZEE TV;SD;Series Y Peliculas;Si
Trinidad Y Tobago;Pospago;Universal Pack;571;Universal Premiere East;SD;Series Y Peliculas;Si
Trinidad Y Tobago;Pospago;Universal Pack;572;Universal Cinema;SD;Series Y Peliculas;Si
Trinidad Y Tobago;Pospago;Universal Pack;573;Universal Comedy;SD;Series Y Peliculas;Si
Trinidad Y Tobago;Pospago;Universal Pack;574;Universal Crime East;SD;Series Y Peliculas;Si
Trinidad Y Tobago;Pospago;Universal Pack;575;Universal Reality;SD;Hogar Y Variedades;Si
Trinidad Y Tobago;Pospago;Universal Pack;576;Universal Premiere West;SD;Series Y Peliculas;Si
Trinidad Y Tobago;Pospago;Universal Pack;577;Universal Crime West;SD;Series Y Peliculas;Si
Trinidad Y Tobago;Pospago;Universal Pack;1571;Universal Premiere HD;HD;Series Y Peliculas;Si
Trinidad Y Tobago;Pospago;Universal Pack;1572;Universal Cinema HD;HD;Series Y Peliculas;Si
Trinidad Y Tobago;Pospago;Universal Pack;1573;Universal Comedy HD;HD;Series Y Peliculas;Si
Trinidad Y Tobago;Pospago;Universal Pack;1574;Universal Crime HD;HD;Series Y Peliculas;Si
Trinidad Y Tobago;Pospago;Universal Pack;1575;Universal Reality HD;HD;Hogar Y Variedades;Si
Trinidad Y Tobago;Pospago;Universal Pack;1576;Universal Premiere West HD;HD;Series Y Peliculas;Si
Trinidad Y Tobago;Pospago;Universal Pack;1577;Universal Crime West HD;HD;Series Y Peliculas;Si
Trinidad Y Tobago;Prepago;HBO HD Mini Pack;527;HBO Caribbean;SD;Series Y Peliculas;Si
Trinidad Y Tobago;Prepago;HBO HD Mini Pack;528;HBO Signature;SD;Series Y Peliculas;Si
Trinidad Y Tobago;Prepago;HBO HD Mini Pack;534;HBO Family East;SD;Series Y Peliculas;Si
Trinidad Y Tobago;Prepago;HBO HD Mini Pack;541;HBO Pop;SD;Series Y Peliculas;Si
Trinidad Y Tobago;Prepago;HBO HD Mini Pack;1527;HBO Caribbean HD;HD;Series Y Peliculas;Si
Trinidad Y Tobago;Prepago;HBO HD Mini Pack;1528;HBO Signature HD;HD;Series Y Peliculas;Si
Trinidad Y Tobago;Prepago;HBO HD Mini Pack;1534;HBO Family HD;HD;Series Y Peliculas;Si
Trinidad Y Tobago;Prepago;HBO HD Mini Pack;527;HBO Caribbean;SD;Series Y Peliculas;Si
Trinidad Y Tobago;Prepago;HBO HD Mini Pack;528;HBO Signature;SD;Series Y Peliculas;Si
Trinidad Y Tobago;Prepago;HBO HD Mini Pack;534;HBO Family East;SD;Series Y Peliculas;Si
Trinidad Y Tobago;Prepago;HBO HD Mini Pack;541;HBO Pop;SD;Series Y Peliculas;Si
Trinidad Y Tobago;Prepago;Prepaid Bling;130;TV6;SD;Nacional;Si
Trinidad Y Tobago;Prepago;Prepaid Bling;131;CNC3;SD;Noticias;Si
Trinidad Y Tobago;Prepago;Prepaid Bling;134;Synergy;SD;Nacional;Si
Trinidad Y Tobago;Prepago;Prepaid Bling;201;OnDIRECTV;SD;Hogar Y Variedades;Si
Trinidad Y Tobago;Prepago;Prepaid Bling;202;Star Channel;SD;Series Y Peliculas;Si
Trinidad Y Tobago;Prepago;Prepaid Bling;203;GSN;SD;Hogar Y Variedades;Si
Trinidad Y Tobago;Prepago;Prepaid Bling;206;Warner Channel;SD;Series Y Peliculas;Si
Trinidad Y Tobago;Prepago;Prepaid Bling;207;A&E LA;SD;Series Y Peliculas;Si
Trinidad Y Tobago;Prepago;Prepaid Bling;208;Sony East;SD;Series Y Peliculas;Si
Trinidad Y Tobago;Prepago;Prepaid Bling;209;AXN;SD;Series Y Peliculas;Si
Trinidad Y Tobago;Prepago;Prepaid Bling;216;TeenNick;SD;Infantil;Si
Trinidad Y Tobago;Prepago;Prepaid Bling;217;FX;SD;Series Y Peliculas;Si
Trinidad Y Tobago;Prepago;Prepaid Bling;218;Universal TV;SD;Series Y Peliculas;Si
Trinidad Y Tobago;Prepago;Prepaid Bling;220;Adult Swim;SD;Infantil;Si
Trinidad Y Tobago;Prepago;Prepaid Bling;222;E! Entertainment;SD;Hogar Y Variedades;Si
Trinidad Y Tobago;Prepago;Prepaid Bling;223;Investigation Discovery (ID);SD;Ciencia Y Cultura;Si
Trinidad Y Tobago;Prepago;Prepaid Bling;228;Lifetime LA;SD;Series Y Peliculas;Si
Trinidad Y Tobago;Prepago;Prepaid Bling;229;Discovery Home & Health;SD;Hogar Y Variedades;Si
Trinidad Y Tobago;Prepago;Prepaid Bling;233;Food Network US;SD;Gastronómico;Si
Trinidad Y Tobago;Prepago;Prepaid Bling;250;HGTV US;SD;Hogar Y Variedades;Si
Trinidad Y Tobago;Prepago;Prepaid Bling;253;BET;SD;Hogar Y Variedades;Si
Trinidad Y Tobago;Prepago;Prepaid Bling;304;Cartoon Network;SD;Infantil;Si
Trinidad Y Tobago;Prepago;Prepaid Bling;314;Disney Channel;SD;Infantil;Si
Trinidad Y Tobago;Prepago;Prepaid Bling;315;Disney Junior;SD;Infantil;Si
Trinidad Y Tobago;Prepago;Prepaid Bling;330;Discovery Kids;SD;Infantil;Si
Trinidad Y Tobago;Prepago;Prepaid Bling;334;Cartoonito;SD;Infantil;Si
Trinidad Y Tobago;Prepago;Prepaid Bling;358;DayStar;SD;Religioso;Si
Trinidad Y Tobago;Prepago;Prepaid Bling;502;TNT;SD;Series Y Peliculas;Si
Trinidad Y Tobago;Prepago;Prepaid Bling;507;Cinecanal;SD;Series Y Peliculas;Si
Trinidad Y Tobago;Prepago;Prepaid Bling;508;Studio Universal;SD;Series Y Peliculas;Si
Trinidad Y Tobago;Prepago;Prepaid Bling;518;Space;SD;Series Y Peliculas;Si
Trinidad Y Tobago;Prepago;Prepaid Bling;600;DSports Portal;SD;Deportes;Si
Trinidad Y Tobago;Prepago;Prepaid Bling;610;Dsports;SD;Deportes;Si
Trinidad Y Tobago;Prepago;Prepaid Bling;612;DSports 2;SD;Deportes;Si
Trinidad Y Tobago;Prepago;Prepaid Bling;620;DSports Fight;SD;Deportes;Si
Trinidad Y Tobago;Prepago;Prepaid Bling;621;ESPN Caribbean;SD;Deportes;Si
Trinidad Y Tobago;Prepago;Prepaid Bling;622;ESPN 2 Caribbean;SD;Deportes;Si
Trinidad Y Tobago;Prepago;Prepaid Bling;637;SportsMax 1;SD;Deportes;Si
Trinidad Y Tobago;Prepago;Prepaid Bling;702;CNN;SD;Noticias;Si
Trinidad Y Tobago;Prepago;Prepaid Bling;706;CNN International;SD;Noticias;Si
Trinidad Y Tobago;Prepago;Prepaid Bling;710;Bloomberg;SD;Noticias;Si
Trinidad Y Tobago;Prepago;Prepaid Bling;730;National Geographic;SD;Ciencia Y Cultura;Si
Trinidad Y Tobago;Prepago;Prepaid Bling;732;Discovery Channel;SD;Ciencia Y Cultura;Si
Trinidad Y Tobago;Prepago;Prepaid Bling;734;Animal Planet;SD;Ciencia Y Cultura;Si
Trinidad Y Tobago;Prepago;Prepaid Bling;740;Discovery Travel & Living Channel (TLC);SD;Hogar Y Variedades;Si
Trinidad Y Tobago;Prepago;Prepaid Bling;742;History Channel LA;SD;Ciencia Y Cultura;Si
Trinidad Y Tobago;Prepago;Prepaid Bling;744;History 2 LA;SD;Ciencia Y Cultura;Si
Trinidad Y Tobago;Prepago;Prepaid Bling;768;BBC News;SD;Informativo;Si
Trinidad Y Tobago;Prepago;Prepaid Bling;779;Zee Cinema;SD;Series Y Peliculas;Si
Trinidad Y Tobago;Prepago;Prepaid Bling;780;ZEE TV;SD;Series Y Peliculas;Si
Trinidad Y Tobago;Prepago;Prepaid Bling;1201;OnDIRECTV HD;HD;Hogar Y Variedades;Si
Trinidad Y Tobago;Prepago;Prepaid Bling;1204;Star Channel HD;HD;Series Y Peliculas;Si
Trinidad Y Tobago;Prepago;Prepaid Bling;1206;Warner Channel HD;HD;Series Y Peliculas;Si
Trinidad Y Tobago;Prepago;Prepaid Bling;1207;A&E LA HD;HD;Series Y Peliculas;Si
Trinidad Y Tobago;Prepago;Prepaid Bling;1208;Sony East HD;HD;Series Y Peliculas;Si
Trinidad Y Tobago;Prepago;Prepaid Bling;1209;AXN HD;HD;Series Y Peliculas;Si
Trinidad Y Tobago;Prepago;Prepaid Bling;1217;FX HD;HD;Series Y Peliculas;Si
Trinidad Y Tobago;Prepago;Prepaid Bling;1218;Universal TV HD;HD;Series Y Peliculas;Si
Trinidad Y Tobago;Prepago;Prepaid Bling;1222;E! Entertainment HD;HD;Hogar Y Variedades;Si
Trinidad Y Tobago;Prepago;Prepaid Bling;1223;Investigation Discovery (ID) HD;HD;Ciencia Y Cultura;Si
Trinidad Y Tobago;Prepago;Prepaid Bling;1228;Lifetime LA HD;HD;Series Y Peliculas;Si
Trinidad Y Tobago;Prepago;Prepaid Bling;1229;Discovery Home & Health HD;HD;Hogar Y Variedades;Si
Trinidad Y Tobago;Prepago;Prepaid Bling;1236;VePlus HD;HD;Hogar Y Variedades;Si
Trinidad Y Tobago;Prepago;Prepaid Bling;1304;Cartoon Network HD;HD;Infantil;Si
Trinidad Y Tobago;Prepago;Prepaid Bling;1312;Disney Channel HD;HD;Infantil;Si
Trinidad Y Tobago;Prepago;Prepaid Bling;1315;Disney Junior HD;HD;Infantil;Si
Trinidad Y Tobago;Prepago;Prepaid Bling;1317;BabyTV HD;HD;Infantil;Si
Trinidad Y Tobago;Prepago;Prepaid Bling;1330;Discovery Kids HD;HD;Infantil;Si
Trinidad Y Tobago;Prepago;Prepaid Bling;1502;TNT HD;HD;Series Y Peliculas;Si
Trinidad Y Tobago;Prepago;Prepaid Bling;1507;Cinecanal HD;HD;Series Y Peliculas;Si
Trinidad Y Tobago;Prepago;Prepaid Bling;1508;Studio Universal HD;HD;Series Y Peliculas;Si
Trinidad Y Tobago;Prepago;Prepaid Bling;1518;Space HD;HD;Series Y Peliculas;Si
Trinidad Y Tobago;Prepago;Prepaid Bling;1610;DSports HD;HD;Deportes;Si
Trinidad Y Tobago;Prepago;Prepaid Bling;1612;DSports 2 HD;HD;Deportes;Si
Trinidad Y Tobago;Prepago;Prepaid Bling;1620;DSports Fight HD;HD;Deportes;Si
Trinidad Y Tobago;Prepago;Prepaid Bling;1621;ESPN Caribbean HD;HD;Deportes;Si
Trinidad Y Tobago;Prepago;Prepaid Bling;1637;SportsMax 1 HD;HD;Deportes;Si
Trinidad Y Tobago;Prepago;Prepaid Bling;1730;National Geographic HD;HD;Ciencia Y Cultura;Si
Trinidad Y Tobago;Prepago;Prepaid Bling;1732;Discovery Channel HD;HD;Ciencia Y Cultura;Si
Trinidad Y Tobago;Prepago;Prepaid Bling;1734;Animal Planet HD;HD;Ciencia Y Cultura;Si
Trinidad Y Tobago;Prepago;Prepaid Bling;1740;Discovery Travel & Living Channel (TLC) HD;HD;Hogar Y Variedades;Si
Trinidad Y Tobago;Prepago;Prepaid Bling;1742;History Channel LA HD;HD;Ciencia Y Cultura;Si
Trinidad Y Tobago;Prepago;Prepaid Bling;1744;History 2 LA HD;HD;Ciencia Y Cultura;Si
Trinidad Y Tobago;Prepago;Prepaid Latino;127;DShow;SD;Hogar Y Variedades;Si
Trinidad Y Tobago;Prepago;Prepaid Latino;131;CNC3;SD;Noticias;Si
Trinidad Y Tobago;Prepago;Prepaid Latino;134;Synergy;SD;Nacional;Si
Trinidad Y Tobago;Prepago;Prepaid Latino;201;OnDIRECTV;SD;Hogar Y Variedades;Si
Trinidad Y Tobago;Prepago;Prepaid Latino;202;Star Channel;SD;Series Y Peliculas;Si
Trinidad Y Tobago;Prepago;Prepaid Latino;203;GSN;SD;Hogar Y Variedades;Si
Trinidad Y Tobago;Prepago;Prepaid Latino;206;Warner Channel;SD;Series Y Peliculas;Si
Trinidad Y Tobago;Prepago;Prepaid Latino;207;A&E LA;SD;Series Y Peliculas;Si
Trinidad Y Tobago;Prepago;Prepaid Latino;208;Sony East;SD;Series Y Peliculas;Si
Trinidad Y Tobago;Prepago;Prepaid Latino;209;AXN;SD;Series Y Peliculas;Si
Trinidad Y Tobago;Prepago;Prepaid Latino;214;Atres Series;SD;Series Y Peliculas;Si
Trinidad Y Tobago;Prepago;Prepaid Latino;216;TeenNick;SD;Infantil;Si
Trinidad Y Tobago;Prepago;Prepaid Latino;217;FX;SD;Series Y Peliculas;Si
Trinidad Y Tobago;Prepago;Prepaid Latino;218;Universal TV;SD;Series Y Peliculas;Si
Trinidad Y Tobago;Prepago;Prepaid Latino;220;Adult Swim;SD;Infantil;Si
Trinidad Y Tobago;Prepago;Prepaid Latino;221;¡Hola! TV;SD;Hogar Y Variedades;Si
Trinidad Y Tobago;Prepago;Prepaid Latino;222;E! Entertainment;SD;Hogar Y Variedades;Si
Trinidad Y Tobago;Prepago;Prepaid Latino;223;Investigation Discovery (ID);SD;Ciencia Y Cultura;Si
Trinidad Y Tobago;Prepago;Prepaid Latino;225;Pasiones;SD;Telenovelas;Si
Trinidad Y Tobago;Prepago;Prepaid Latino;226;El Canal de las Estrellas;SD;Nacional;Si
Trinidad Y Tobago;Prepago;Prepaid Latino;227;TLnovelas;SD;Telenovelas;Si
Trinidad Y Tobago;Prepago;Prepaid Latino;228;Lifetime LA;SD;Series Y Peliculas;Si
Trinidad Y Tobago;Prepago;Prepaid Latino;229;Discovery Home & Health;SD;Hogar Y Variedades;Si
Trinidad Y Tobago;Prepago;Prepaid Latino;231;Telemundo Internacional;SD;Telenovelas;Si
Trinidad Y Tobago;Prepago;Prepaid Latino;232;El Gourmet;SD;Gastronómico;Si
Trinidad Y Tobago;Prepago;Prepaid Latino;233;Food Network US;SD;Gastronómico;Si
Trinidad Y Tobago;Prepago;Prepaid Latino;235;IVC;SD;Hogar Y Variedades;Si
Trinidad Y Tobago;Prepago;Prepaid Latino;250;HGTV US;SD;Hogar Y Variedades;Si
Trinidad Y Tobago;Prepago;Prepaid Latino;253;BET;SD;Hogar Y Variedades;Si
Trinidad Y Tobago;Prepago;Prepaid Latino;269;Quiero Música en Mi Idioma (QMusic);SD;Musical;Si
Trinidad Y Tobago;Prepago;Prepaid Latino;304;Cartoon Network;SD;Infantil;Si
Trinidad Y Tobago;Prepago;Prepaid Latino;314;Disney Channel;SD;Infantil;Si
Trinidad Y Tobago;Prepago;Prepaid Latino;315;Disney Junior;SD;Infantil;Si
Trinidad Y Tobago;Prepago;Prepaid Latino;330;Discovery Kids;SD;Infantil;Si
Trinidad Y Tobago;Prepago;Prepaid Latino;334;Cartoonito;SD;Infantil;Si
Trinidad Y Tobago;Prepago;Prepaid Latino;358;DayStar;SD;Religioso;Si
Trinidad Y Tobago;Prepago;Prepaid Latino;502;TNT;SD;Series Y Peliculas;Si
Trinidad Y Tobago;Prepago;Prepaid Latino;507;Cinecanal;SD;Series Y Peliculas;Si
Trinidad Y Tobago;Prepago;Prepaid Latino;508;Studio Universal;SD;Series Y Peliculas;Si
Trinidad Y Tobago;Prepago;Prepaid Latino;514;Cine Latino;SD;Series Y Peliculas;Si
Trinidad Y Tobago;Prepago;Prepaid Latino;516;De Película;SD;Series Y Peliculas;Si
Trinidad Y Tobago;Prepago;Prepaid Latino;518;Space;SD;Series Y Peliculas;Si
Trinidad Y Tobago;Prepago;Prepaid Latino;600;DSports Portal;SD;Deportes;Si
Trinidad Y Tobago;Prepago;Prepaid Latino;610;Dsports;SD;Deportes;Si
Trinidad Y Tobago;Prepago;Prepaid Latino;612;DSports 2;SD;Deportes;Si
Trinidad Y Tobago;Prepago;Prepaid Latino;620;DSports Fight;SD;Deportes;Si
Trinidad Y Tobago;Prepago;Prepaid Latino;621;ESPN Caribbean;SD;Deportes;Si
Trinidad Y Tobago;Prepago;Prepaid Latino;622;ESPN 2 Caribbean;SD;Deportes;Si
Trinidad Y Tobago;Prepago;Prepaid Latino;624;ESPN 5;SD;Deportes;Si
Trinidad Y Tobago;Prepago;Prepaid Latino;626;ESPN 6;SD;Deportes;Si
Trinidad Y Tobago;Prepago;Prepaid Latino;627;ESPN 7;SD;Deportes;Si
Trinidad Y Tobago;Prepago;Prepaid Latino;702;CNN;SD;Noticias;Si
Trinidad Y Tobago;Prepago;Prepaid Latino;704;CNN en Español;SD;Noticias;Si
Trinidad Y Tobago;Prepago;Prepaid Latino;706;CNN International;SD;Noticias;Si
Trinidad Y Tobago;Prepago;Prepaid Latino;707;CNN Chile;SD;Noticias;Si
Trinidad Y Tobago;Prepago;Prepaid Latino;708;TVN 24 HORAS;SD;Noticias;Si
Trinidad Y Tobago;Prepago;Prepaid Latino;710;Bloomberg;SD;Noticias;Si
Trinidad Y Tobago;Prepago;Prepaid Latino;716;Todo Noticias (TN);SD;Noticias;Si
Trinidad Y Tobago;Prepago;Prepaid Latino;720;Canal 26;SD;Noticias;Si
Trinidad Y Tobago;Prepago;Prepaid Latino;725;NTN 24;SD;Noticias;Si
Trinidad Y Tobago;Prepago;Prepaid Latino;727;Cable Noticias;SD;Noticias;Si
Trinidad Y Tobago;Prepago;Prepaid Latino;730;National Geographic;SD;Ciencia Y Cultura;Si
Trinidad Y Tobago;Prepago;Prepaid Latino;732;Discovery Channel;SD;Ciencia Y Cultura;Si
Trinidad Y Tobago;Prepago;Prepaid Latino;734;Animal Planet;SD;Ciencia Y Cultura;Si
Trinidad Y Tobago;Prepago;Prepaid Latino;740;Discovery Travel & Living Channel (TLC);SD;Hogar Y Variedades;Si
Trinidad Y Tobago;Prepago;Prepaid Latino;742;History Channel LA;SD;Ciencia Y Cultura;Si
Trinidad Y Tobago;Prepago;Prepaid Latino;744;History 2 LA;SD;Ciencia Y Cultura;Si
Trinidad Y Tobago;Prepago;Prepaid Latino;760;Univision;SD;Nacional;Si
Trinidad Y Tobago;Prepago;Prepaid Latino;762;Antena 3 Internacional;SD;Nacional;Si
Trinidad Y Tobago;Prepago;Prepaid Latino;768;BBC News;SD;Informativo;Si
Trinidad Y Tobago;Prepago;Prepaid Latino;772;Caracol Internacional;SD;Nacional;Si
Trinidad Y Tobago;Prepago;Prepaid Latino;775;RCN Nuestra Tele;SD;Nacional;Si
Trinidad Y Tobago;Prepago;Prepaid Latino;784;El Trece Internacional;SD;Nacional;Si
Trinidad Y Tobago;Prepago;Prepaid Latino;1127;DShow HD;HD;Hogar Y Variedades;Si
Trinidad Y Tobago;Prepago;Prepaid Latino;1201;OnDIRECTV HD;HD;Hogar Y Variedades;Si
Trinidad Y Tobago;Prepago;Prepaid Latino;1204;Star Channel HD;HD;Series Y Peliculas;Si
Trinidad Y Tobago;Prepago;Prepaid Latino;1206;Warner Channel HD;HD;Series Y Peliculas;Si
Trinidad Y Tobago;Prepago;Prepaid Latino;1207;A&E LA HD;HD;Series Y Peliculas;Si
Trinidad Y Tobago;Prepago;Prepaid Latino;1208;Sony East HD;HD;Series Y Peliculas;Si
Trinidad Y Tobago;Prepago;Prepaid Latino;1209;AXN HD;HD;Series Y Peliculas;Si
Trinidad Y Tobago;Prepago;Prepaid Latino;1214;Atres Series HD;HD;Series Y Peliculas;Si
Trinidad Y Tobago;Prepago;Prepaid Latino;1217;FX HD;HD;Series Y Peliculas;Si
Trinidad Y Tobago;Prepago;Prepaid Latino;1218;Universal TV HD;HD;Series Y Peliculas;Si
Trinidad Y Tobago;Prepago;Prepaid Latino;1221;¡Hola! TV HD;HD;Hogar Y Variedades;Si
Trinidad Y Tobago;Prepago;Prepaid Latino;1222;E! Entertainment HD;HD;Hogar Y Variedades;Si
Trinidad Y Tobago;Prepago;Prepaid Latino;1223;Investigation Discovery (ID) HD;HD;Ciencia Y Cultura;Si
Trinidad Y Tobago;Prepago;Prepaid Latino;1225;Pasiones HD;HD;Telenovelas;Si
Trinidad Y Tobago;Prepago;Prepaid Latino;1228;Lifetime LA HD;HD;Series Y Peliculas;Si
Trinidad Y Tobago;Prepago;Prepaid Latino;1229;Discovery Home & Health HD;HD;Hogar Y Variedades;Si
Trinidad Y Tobago;Prepago;Prepaid Latino;1232;El Gourmet HD;HD;Gastronómico;Si
Trinidad Y Tobago;Prepago;Prepaid Latino;1235;IVC HD;HD;Hogar Y Variedades;Si
Trinidad Y Tobago;Prepago;Prepaid Latino;1236;VePlus HD;HD;Hogar Y Variedades;Si
Trinidad Y Tobago;Prepago;Prepaid Latino;1304;Cartoon Network HD;HD;Infantil;Si
Trinidad Y Tobago;Prepago;Prepaid Latino;1312;Disney Channel HD;HD;Infantil;Si
Trinidad Y Tobago;Prepago;Prepaid Latino;1315;Disney Junior HD;HD;Infantil;Si
Trinidad Y Tobago;Prepago;Prepaid Latino;1317;BabyTV HD;HD;Infantil;Si
Trinidad Y Tobago;Prepago;Prepaid Latino;1330;Discovery Kids HD;HD;Infantil;Si
Trinidad Y Tobago;Prepago;Prepaid Latino;1502;TNT HD;HD;Series Y Peliculas;Si
Trinidad Y Tobago;Prepago;Prepaid Latino;1507;Cinecanal HD;HD;Series Y Peliculas;Si
Trinidad Y Tobago;Prepago;Prepaid Latino;1508;Studio Universal HD;HD;Series Y Peliculas;Si
Trinidad Y Tobago;Prepago;Prepaid Latino;1518;Space HD;HD;Series Y Peliculas;Si
Trinidad Y Tobago;Prepago;Prepaid Latino;1519;Atres Cinema HD;HD;Series Y Peliculas;Si
Trinidad Y Tobago;Prepago;Prepaid Latino;1610;DSports HD;HD;Deportes;Si
Trinidad Y Tobago;Prepago;Prepaid Latino;1612;DSports 2 HD;HD;Deportes;Si
Trinidad Y Tobago;Prepago;Prepaid Latino;1620;DSports Fight HD;HD;Deportes;Si
Trinidad Y Tobago;Prepago;Prepaid Latino;1621;ESPN Caribbean HD;HD;Deportes;Si
Trinidad Y Tobago;Prepago;Prepaid Latino;1624;ESPN 5 HD;HD;Deportes;Si
Trinidad Y Tobago;Prepago;Prepaid Latino;1626;ESPN 6 HD;HD;Deportes;Si
Trinidad Y Tobago;Prepago;Prepaid Latino;1627;ESPN 7 HD;HD;Deportes;Si
Trinidad Y Tobago;Prepago;Prepaid Latino;1639;PX Sports;HD;Deportes;Si
Trinidad Y Tobago;Prepago;Prepaid Latino;1730;National Geographic HD;HD;Ciencia Y Cultura;Si
Trinidad Y Tobago;Prepago;Prepaid Latino;1732;Discovery Channel HD;HD;Ciencia Y Cultura;Si
Trinidad Y Tobago;Prepago;Prepaid Latino;1734;Animal Planet HD;HD;Ciencia Y Cultura;Si
Trinidad Y Tobago;Prepago;Prepaid Latino;1740;Discovery Travel & Living Channel (TLC) HD;HD;Hogar Y Variedades;Si
Trinidad Y Tobago;Prepago;Prepaid Latino;1742;History Channel LA HD;HD;Ciencia Y Cultura;Si
Trinidad Y Tobago;Prepago;Prepaid Latino;1744;History 2 LA HD;HD;Ciencia Y Cultura;Si
Trinidad Y Tobago;Prepago;Prepaid Latino;1762;Antena 3 Internacional HD;HD;Nacional;Si
Trinidad Y Tobago;Prepago;Prepaid Loaded;130;TV6;SD;Nacional;Si
Trinidad Y Tobago;Prepago;Prepaid Loaded;131;CNC3;SD;Noticias;Si
Trinidad Y Tobago;Prepago;Prepaid Loaded;134;Synergy;SD;Nacional;Si
Trinidad Y Tobago;Prepago;Prepaid Loaded;201;OnDIRECTV;SD;Hogar Y Variedades;Si
Trinidad Y Tobago;Prepago;Prepaid Loaded;202;Star Channel;SD;Series Y Peliculas;Si
Trinidad Y Tobago;Prepago;Prepaid Loaded;203;GSN;SD;Hogar Y Variedades;Si
Trinidad Y Tobago;Prepago;Prepaid Loaded;206;Warner Channel;SD;Series Y Peliculas;Si
Trinidad Y Tobago;Prepago;Prepaid Loaded;207;A&E LA;SD;Series Y Peliculas;Si
Trinidad Y Tobago;Prepago;Prepaid Loaded;208;Sony East;SD;Series Y Peliculas;Si
Trinidad Y Tobago;Prepago;Prepaid Loaded;209;AXN;SD;Series Y Peliculas;Si
Trinidad Y Tobago;Prepago;Prepaid Loaded;210;AMC LA;SD;Series Y Peliculas;Si
Trinidad Y Tobago;Prepago;Prepaid Loaded;215;Comedy Central;SD;Series Y Peliculas;Si
Trinidad Y Tobago;Prepago;Prepaid Loaded;216;TeenNick;SD;Infantil;Si
Trinidad Y Tobago;Prepago;Prepaid Loaded;217;FX;SD;Series Y Peliculas;Si
Trinidad Y Tobago;Prepago;Prepaid Loaded;218;Universal TV;SD;Series Y Peliculas;Si
Trinidad Y Tobago;Prepago;Prepaid Loaded;219;USA Network;SD;Series Y Peliculas;Si
Trinidad Y Tobago;Prepago;Prepaid Loaded;220;Adult Swim;SD;Infantil;Si
Trinidad Y Tobago;Prepago;Prepaid Loaded;222;E! Entertainment;SD;Hogar Y Variedades;Si
Trinidad Y Tobago;Prepago;Prepaid Loaded;223;Investigation Discovery (ID);SD;Ciencia Y Cultura;Si
Trinidad Y Tobago;Prepago;Prepaid Loaded;228;Lifetime LA;SD;Series Y Peliculas;Si
Trinidad Y Tobago;Prepago;Prepaid Loaded;229;Discovery Home & Health;SD;Hogar Y Variedades;Si
Trinidad Y Tobago;Prepago;Prepaid Loaded;233;Food Network US;SD;Gastronómico;Si
Trinidad Y Tobago;Prepago;Prepaid Loaded;250;HGTV US;SD;Hogar Y Variedades;Si
Trinidad Y Tobago;Prepago;Prepaid Loaded;253;BET;SD;Hogar Y Variedades;Si
Trinidad Y Tobago;Prepago;Prepaid Loaded;264;MTV LA;SD;Musical;Si
Trinidad Y Tobago;Prepago;Prepaid Loaded;304;Cartoon Network;SD;Infantil;Si
Trinidad Y Tobago;Prepago;Prepaid Loaded;308;Nickelodeon LA;SD;Infantil;Si
Trinidad Y Tobago;Prepago;Prepaid Loaded;314;Disney Channel;SD;Infantil;Si
Trinidad Y Tobago;Prepago;Prepaid Loaded;315;Disney Junior;SD;Infantil;Si
Trinidad Y Tobago;Prepago;Prepaid Loaded;321;ZooMoo;SD;Infantil;Si
Trinidad Y Tobago;Prepago;Prepaid Loaded;330;Discovery Kids;SD;Infantil;Si
Trinidad Y Tobago;Prepago;Prepaid Loaded;334;Cartoonito;SD;Infantil;Si
Trinidad Y Tobago;Prepago;Prepaid Loaded;358;DayStar;SD;Religioso;Si
Trinidad Y Tobago;Prepago;Prepaid Loaded;502;TNT;SD;Series Y Peliculas;Si
Trinidad Y Tobago;Prepago;Prepaid Loaded;507;Cinecanal;SD;Series Y Peliculas;Si
Trinidad Y Tobago;Prepago;Prepaid Loaded;508;Studio Universal;SD;Series Y Peliculas;Si
Trinidad Y Tobago;Prepago;Prepaid Loaded;509;Cinemax;SD;Series Y Peliculas;Si
Trinidad Y Tobago;Prepago;Prepaid Loaded;510;Paramount Channel;SD;Series Y Peliculas;Si
Trinidad Y Tobago;Prepago;Prepaid Loaded;513;DHE;SD;Series Y Peliculas;Si
Trinidad Y Tobago;Prepago;Prepaid Loaded;518;Space;SD;Series Y Peliculas;Si
Trinidad Y Tobago;Prepago;Prepaid Loaded;600;DSports Portal;SD;Deportes;Si
Trinidad Y Tobago;Prepago;Prepaid Loaded;610;Dsports;SD;Deportes;Si
Trinidad Y Tobago;Prepago;Prepaid Loaded;612;DSports 2;SD;Deportes;Si
Trinidad Y Tobago;Prepago;Prepaid Loaded;620;DSports Fight;SD;Deportes;Si
Trinidad Y Tobago;Prepago;Prepaid Loaded;621;ESPN Caribbean;SD;Deportes;Si
Trinidad Y Tobago;Prepago;Prepaid Loaded;622;ESPN 2 Caribbean;SD;Deportes;Si
Trinidad Y Tobago;Prepago;Prepaid Loaded;628;The Golf Channel LA;SD;Deportes;Si
Trinidad Y Tobago;Prepago;Prepaid Loaded;667;Flow Sports Network;SD;Deportes;Si
Trinidad Y Tobago;Prepago;Prepaid Loaded;702;CNN;SD;Noticias;Si
Trinidad Y Tobago;Prepago;Prepaid Loaded;706;CNN International;SD;Noticias;Si
Trinidad Y Tobago;Prepago;Prepaid Loaded;710;Bloomberg;SD;Noticias;Si
Trinidad Y Tobago;Prepago;Prepaid Loaded;730;National Geographic;SD;Ciencia Y Cultura;Si
Trinidad Y Tobago;Prepago;Prepaid Loaded;732;Discovery Channel;SD;Ciencia Y Cultura;Si
Trinidad Y Tobago;Prepago;Prepaid Loaded;734;Animal Planet;SD;Ciencia Y Cultura;Si
Trinidad Y Tobago;Prepago;Prepaid Loaded;740;Discovery Travel & Living Channel (TLC);SD;Hogar Y Variedades;Si
Trinidad Y Tobago;Prepago;Prepaid Loaded;742;History Channel LA;SD;Ciencia Y Cultura;Si
Trinidad Y Tobago;Prepago;Prepaid Loaded;744;History 2 LA;SD;Ciencia Y Cultura;Si
Trinidad Y Tobago;Prepago;Prepaid Loaded;746;Film & Arts;SD;Ciencia Y Cultura;Si
Trinidad Y Tobago;Prepago;Prepaid Loaded;768;BBC News;SD;Informativo;Si
Trinidad Y Tobago;Prepago;Prepaid Loaded;779;Zee Cinema;SD;Series Y Peliculas;Si
Trinidad Y Tobago;Prepago;Prepaid Loaded;780;ZEE TV;SD;Series Y Peliculas;Si
Trinidad Y Tobago;Prepago;Prepaid Loaded;1201;OnDIRECTV HD;HD;Hogar Y Variedades;Si
Trinidad Y Tobago;Prepago;Prepaid Loaded;1204;Star Channel HD;HD;Series Y Peliculas;Si
Trinidad Y Tobago;Prepago;Prepaid Loaded;1206;Warner Channel HD;HD;Series Y Peliculas;Si
Trinidad Y Tobago;Prepago;Prepaid Loaded;1207;A&E LA HD;HD;Series Y Peliculas;Si
Trinidad Y Tobago;Prepago;Prepaid Loaded;1208;Sony East HD;HD;Series Y Peliculas;Si
Trinidad Y Tobago;Prepago;Prepaid Loaded;1209;AXN HD;HD;Series Y Peliculas;Si
Trinidad Y Tobago;Prepago;Prepaid Loaded;1210;AMC LA HD;HD;Series Y Peliculas;Si
Trinidad Y Tobago;Prepago;Prepaid Loaded;1215;Comedy Central HD;HD;Series Y Peliculas;Si
Trinidad Y Tobago;Prepago;Prepaid Loaded;1217;FX HD;HD;Series Y Peliculas;Si
Trinidad Y Tobago;Prepago;Prepaid Loaded;1218;Universal TV HD;HD;Series Y Peliculas;Si
Trinidad Y Tobago;Prepago;Prepaid Loaded;1219;USA Network HD;HD;Series Y Peliculas;Si
Trinidad Y Tobago;Prepago;Prepaid Loaded;1222;E! Entertainment HD;HD;Hogar Y Variedades;Si
Trinidad Y Tobago;Prepago;Prepaid Loaded;1223;Investigation Discovery (ID) HD;HD;Ciencia Y Cultura;Si
Trinidad Y Tobago;Prepago;Prepaid Loaded;1228;Lifetime LA HD;HD;Series Y Peliculas;Si
Trinidad Y Tobago;Prepago;Prepaid Loaded;1229;Discovery Home & Health HD;HD;Hogar Y Variedades;Si
Trinidad Y Tobago;Prepago;Prepaid Loaded;1236;VePlus HD;HD;Hogar Y Variedades;Si
Trinidad Y Tobago;Prepago;Prepaid Loaded;1264;MTV LA HD;HD;Musical;Si
Trinidad Y Tobago;Prepago;Prepaid Loaded;1304;Cartoon Network HD;HD;Infantil;Si
Trinidad Y Tobago;Prepago;Prepaid Loaded;1308;Nickelodeon LA HD;HD;Infantil;Si
Trinidad Y Tobago;Prepago;Prepaid Loaded;1312;Disney Channel HD;HD;Infantil;Si
Trinidad Y Tobago;Prepago;Prepaid Loaded;1315;Disney Junior HD;HD;Infantil;Si
Trinidad Y Tobago;Prepago;Prepaid Loaded;1317;BabyTV HD;HD;Infantil;Si
Trinidad Y Tobago;Prepago;Prepaid Loaded;1330;Discovery Kids HD;HD;Infantil;Si
Trinidad Y Tobago;Prepago;Prepaid Loaded;1502;TNT HD;HD;Series Y Peliculas;Si
Trinidad Y Tobago;Prepago;Prepaid Loaded;1507;Cinecanal HD;HD;Series Y Peliculas;Si
Trinidad Y Tobago;Prepago;Prepaid Loaded;1508;Studio Universal HD;HD;Series Y Peliculas;Si
Trinidad Y Tobago;Prepago;Prepaid Loaded;1509;Cinemax HD;HD;Series Y Peliculas;Si
Trinidad Y Tobago;Prepago;Prepaid Loaded;1510;Paramount Channel HD;HD;Series Y Peliculas;Si
Trinidad Y Tobago;Prepago;Prepaid Loaded;1513;DHE HD;HD;Series Y Peliculas;Si
Trinidad Y Tobago;Prepago;Prepaid Loaded;1518;Space HD;HD;Series Y Peliculas;Si
Trinidad Y Tobago;Prepago;Prepaid Loaded;1610;DSports HD;HD;Deportes;Si
Trinidad Y Tobago;Prepago;Prepaid Loaded;1612;DSports 2 HD;HD;Deportes;Si
Trinidad Y Tobago;Prepago;Prepaid Loaded;1620;DSports Fight HD;HD;Deportes;Si
Trinidad Y Tobago;Prepago;Prepaid Loaded;1621;ESPN Caribbean HD;HD;Deportes;Si
Trinidad Y Tobago;Prepago;Prepaid Loaded;1628;The Golf Channel LA HD;HD;Deportes;Si
Trinidad Y Tobago;Prepago;Prepaid Loaded;1667;Flow Sports Network HD;HD;Deportes;Si
Trinidad Y Tobago;Prepago;Prepaid Loaded;1730;National Geographic HD;HD;Ciencia Y Cultura;Si
Trinidad Y Tobago;Prepago;Prepaid Loaded;1732;Discovery Channel HD;HD;Ciencia Y Cultura;Si
Trinidad Y Tobago;Prepago;Prepaid Loaded;1734;Animal Planet HD;HD;Ciencia Y Cultura;Si
Trinidad Y Tobago;Prepago;Prepaid Loaded;1740;Discovery Travel & Living Channel (TLC) HD;HD;Hogar Y Variedades;Si
Trinidad Y Tobago;Prepago;Prepaid Loaded;1742;History Channel LA HD;HD;Ciencia Y Cultura;Si
Trinidad Y Tobago;Prepago;Prepaid Loaded;1744;History 2 LA HD;HD;Ciencia Y Cultura;Si
Trinidad Y Tobago;Prepago;Prepaid Slim;130;TV6;SD;Nacional;Si
Trinidad Y Tobago;Prepago;Prepaid Slim;131;CNC3;SD;Noticias;Si
Trinidad Y Tobago;Prepago;Prepaid Slim;134;Synergy;SD;Nacional;Si
Trinidad Y Tobago;Prepago;Prepaid Slim;201;OnDIRECTV;SD;Hogar Y Variedades;Si
Trinidad Y Tobago;Prepago;Prepaid Slim;202;Star Channel;SD;Series Y Peliculas;Si
Trinidad Y Tobago;Prepago;Prepaid Slim;203;GSN;SD;Hogar Y Variedades;Si
Trinidad Y Tobago;Prepago;Prepaid Slim;206;Warner Channel;SD;Series Y Peliculas;Si
Trinidad Y Tobago;Prepago;Prepaid Slim;207;A&E LA;SD;Series Y Peliculas;Si
Trinidad Y Tobago;Prepago;Prepaid Slim;208;Sony East;SD;Series Y Peliculas;Si
Trinidad Y Tobago;Prepago;Prepaid Slim;209;AXN;SD;Series Y Peliculas;Si
Trinidad Y Tobago;Prepago;Prepaid Slim;216;TeenNick;SD;Infantil;Si
Trinidad Y Tobago;Prepago;Prepaid Slim;217;FX;SD;Series Y Peliculas;Si
Trinidad Y Tobago;Prepago;Prepaid Slim;218;Universal TV;SD;Series Y Peliculas;Si
Trinidad Y Tobago;Prepago;Prepaid Slim;220;Adult Swim;SD;Infantil;Si
Trinidad Y Tobago;Prepago;Prepaid Slim;222;E! Entertainment;SD;Hogar Y Variedades;Si
Trinidad Y Tobago;Prepago;Prepaid Slim;223;Investigation Discovery (ID);SD;Ciencia Y Cultura;Si
Trinidad Y Tobago;Prepago;Prepaid Slim;228;Lifetime LA;SD;Series Y Peliculas;Si
Trinidad Y Tobago;Prepago;Prepaid Slim;229;Discovery Home & Health;SD;Hogar Y Variedades;Si
Trinidad Y Tobago;Prepago;Prepaid Slim;233;Food Network US;SD;Gastronómico;Si
Trinidad Y Tobago;Prepago;Prepaid Slim;250;HGTV US;SD;Hogar Y Variedades;Si
Trinidad Y Tobago;Prepago;Prepaid Slim;253;BET;SD;Hogar Y Variedades;Si
Trinidad Y Tobago;Prepago;Prepaid Slim;304;Cartoon Network;SD;Infantil;Si
Trinidad Y Tobago;Prepago;Prepaid Slim;314;Disney Channel;SD;Infantil;Si
Trinidad Y Tobago;Prepago;Prepaid Slim;315;Disney Junior;SD;Infantil;Si
Trinidad Y Tobago;Prepago;Prepaid Slim;318;Nat Geo Kids;SD;Infantil;Si
Trinidad Y Tobago;Prepago;Prepaid Slim;334;Cartoonito;SD;Infantil;Si
Trinidad Y Tobago;Prepago;Prepaid Slim;358;DayStar;SD;Religioso;Si
Trinidad Y Tobago;Prepago;Prepaid Slim;502;TNT;SD;Series Y Peliculas;Si
Trinidad Y Tobago;Prepago;Prepaid Slim;507;Cinecanal;SD;Series Y Peliculas;Si
Trinidad Y Tobago;Prepago;Prepaid Slim;508;Studio Universal;SD;Series Y Peliculas;Si
Trinidad Y Tobago;Prepago;Prepaid Slim;518;Space;SD;Series Y Peliculas;Si
Trinidad Y Tobago;Prepago;Prepaid Slim;600;DSports Portal;SD;Deportes;Si
Trinidad Y Tobago;Prepago;Prepaid Slim;610;Dsports;SD;Deportes;Si
Trinidad Y Tobago;Prepago;Prepaid Slim;612;DSports 2;SD;Deportes;Si
Trinidad Y Tobago;Prepago;Prepaid Slim;620;DSports Fight;SD;Deportes;Si
Trinidad Y Tobago;Prepago;Prepaid Slim;621;ESPN Caribbean;SD;Deportes;Si
Trinidad Y Tobago;Prepago;Prepaid Slim;622;ESPN 2 Caribbean;SD;Deportes;Si
Trinidad Y Tobago;Prepago;Prepaid Slim;702;CNN;SD;Noticias;Si
Trinidad Y Tobago;Prepago;Prepaid Slim;706;CNN International;SD;Noticias;Si
Trinidad Y Tobago;Prepago;Prepaid Slim;710;Bloomberg;SD;Noticias;Si
Trinidad Y Tobago;Prepago;Prepaid Slim;730;National Geographic;SD;Ciencia Y Cultura;Si
Trinidad Y Tobago;Prepago;Prepaid Slim;732;Discovery Channel;SD;Ciencia Y Cultura;Si
Trinidad Y Tobago;Prepago;Prepaid Slim;734;Animal Planet;SD;Ciencia Y Cultura;Si
Trinidad Y Tobago;Prepago;Prepaid Slim;740;Discovery Travel & Living Channel (TLC);SD;Hogar Y Variedades;Si
Trinidad Y Tobago;Prepago;Prepaid Slim;742;History Channel LA;SD;Ciencia Y Cultura;Si
Trinidad Y Tobago;Prepago;Prepaid Slim;744;History 2 LA;SD;Ciencia Y Cultura;Si
Trinidad Y Tobago;Prepago;Prepaid Slim;768;BBC News;SD;Informativo;Si
Trinidad Y Tobago;Prepago;Prepaid Slim;780;ZEE TV;SD;Series Y Peliculas;Si
