Pais;Cliente;Pacote;VC;Canal;Tecnología;Categoría;Disponibilidad
Puerto Rico;POS_PR;Demo;162;Telemundo;HD;Nacional;Si
Puerto Rico;POS_PR;Demo;164;WAPA TV;HD;Nacional;Si
Puerto Rico;POS_PR;Demo;166;WIPR;SD;Nacional;Si
Puerto Rico;POS_PR;Demo;167;Teleislas;SD;Nacional;Si
Puerto Rico;POS_PR;Demo;168;TeleOnce HD;HD;Nacional;Si
Puerto Rico;POS_PR;Demo;169;Daystar Español;SD;Nacional;Si
Puerto Rico;POS_PR;Demo;170;Fox News;HD;Nacional;Si
Puerto Rico;POS_PR;Demo;172;ABC5;HD;Nacional;Si
Puerto Rico;POS_PR;Demo;174;CBS;HD;Nacional;Si
Puerto Rico;POS_PR;Demo;176;NBC PR;HD;Nacional;Si
Puerto Rico;POS_PR;Demo;179;Punto 2;HD;Nacional;Si
Puerto Rico;POS_PR;Demo;181;TV Dominicana;SD;Nacional;Si
Puerto Rico;POS_PR;Demo;182;TV Chile;SD;Nacional;Si
Puerto Rico;POS_PR;Demo;183;TeleOro;SD;Nacional;Si
Puerto Rico;POS_PR;Demo;185;Telecinco;SD;Local;Si
Puerto Rico;POS_PR;Demo;186;UniMás;SD;Local;Si
Puerto Rico;POS_PR;Demo;188;QVC;SD;Variedades;Si
Puerto Rico;POS_PR;Demo;189;QVC 2;SD;Variedades;Si
Puerto Rico;POS_PR;Demo;190;Home Shopping Network (HSN);SD;Variedades;Si
Puerto Rico;POS_PR;Demo;191;Home Shopping Network (HSN) 2;SD;Variedades;Si
Puerto Rico;POS_PR;Demo;220;Bravo;HD;Variedades;Si
Puerto Rico;POS_PR;Demo;221;¡Hola! TV;SD;Variedades;Si
Puerto Rico;POS_PR;Demo;222;E! Entertainment HD;HD;Variedades;Si
Puerto Rico;POS_PR;Demo;225;Pasiones;SD;Variedades;Si
Puerto Rico;POS_PR;Demo;226;QVC;SD;Variedades;Si
Puerto Rico;POS_PR;Demo;227;Home Shopping Network (HSN);SD;Variedades;Si
Puerto Rico;POS_PR;Demo;228;Food Network;HD;Variedades;Si
Puerto Rico;POS_PR;Demo;229;Blossom;SD;Variedades;Si
Puerto Rico;POS_PR;Demo;230;BET;SD;Variedades;Si
Puerto Rico;POS_PR;Demo;242;FX HD;HD;Variedades;Si
Puerto Rico;POS_PR;Demo;244;TNT;HD;Variedades;Si
Puerto Rico;POS_PR;Demo;246;USA Network;HD;Variedades;Si
Puerto Rico;POS_PR;Demo;248;TBS;HD;Variedades;Si
Puerto Rico;POS_PR;Demo;249;TLnovelas;SD;Variedades;Si
Puerto Rico;POS_PR;Demo;250;HGTV;HD;Variedades;Si
Puerto Rico;POS_PR;Demo;252;Freeform;HD;Variedades;Si
Puerto Rico;POS_PR;Demo;254;Paramount Network;HD;Variedades;Si
Puerto Rico;POS_PR;Demo;256;A&E;HD;Variedades;Si
Puerto Rico;POS_PR;Demo;260;MTV;HD;Variedades;Si
Puerto Rico;POS_PR;Demo;261;MTV 2;HD;Variedades;Si
Puerto Rico;POS_PR;Demo;262;VH1;HD;Variedades;Si
Puerto Rico;POS_PR;Demo;263;Comedy Central;HD;Variedades;Si
Puerto Rico;POS_PR;Demo;264;VICE;SD;Variedades;Si
Puerto Rico;POS_PR;Demo;267;Cooking Channel;HD;Variedades;Si
Puerto Rico;POS_PR;Demo;268;So Yummy;SD;Variedades;Si
Puerto Rico;POS_PR;Demo;320;Cartoon Network;HD;Infantil;Si
Puerto Rico;POS_PR;Demo;322;Nickelodeon;HD;Infantil;Si
Puerto Rico;POS_PR;Demo;324;Disney Channel;HD;Infantil;Si
Puerto Rico;POS_PR;Demo;326;Disney XD;HD;Infantil;Si
Puerto Rico;POS_PR;Demo;330;Discovery Kids LA;SD;Infantil;Si
Puerto Rico;POS_PR;Demo;332;LooLoo Kids;SD;Infantil;Si
Puerto Rico;POS_PR;Demo;336;Boomerang;SD;Infantil;Si
Puerto Rico;POS_PR;Demo;337;Nick Jr.;HD;Infantil;Si
Puerto Rico;POS_PR;Demo;338;Vme;SD;Infantil;Si
Puerto Rico;POS_PR;Demo;339;Baby First TV;SD;Infantil;Si
Puerto Rico;POS_PR;Demo;350;EWTN;SD;Religioso;Si
Puerto Rico;POS_PR;Demo;352;Enlace;SD;Religioso;Si
Puerto Rico;POS_PR;Demo;354;Christian Television Network (CTN);SD;Religioso;Si
Puerto Rico;POS_PR;Demo;462;Playboy TV;SD;Adultos;No
Puerto Rico;POS_PR;Demo;465;Brazzers TV;SD;Adultos;No
Puerto Rico;POS_PR;Demo;468;Hustler;SD;Adultos;No
Puerto Rico;POS_PR;Demo;511;AMC;HD;Cine;Si
Puerto Rico;POS_PR;Demo;514;Cine Latino;SD;Cine;Si
Puerto Rico;POS_PR;Demo;516;De Película;SD;Cine;Si
Puerto Rico;POS_PR;Demo;517;Lifetime;HD;Cine;Si
Puerto Rico;POS_PR;Demo;518;Lifetime Moivie Network;HD;Cine;Si
Puerto Rico;POS_PR;Demo;520;Hallmark Channel;HD;Cine;Si
Puerto Rico;POS_PR;Demo;521;Hallmark Family;HD;Cine;Si
Puerto Rico;POS_PR;Demo;522;Hallmark Mistery;SD;Cine;Si
Puerto Rico;POS_PR;Demo;550;MGM Mas;HD;Cine;Si
Puerto Rico;POS_PR;Demo;551;MGM Mas Hits;HD;Cine;Si
Puerto Rico;POS_PR;Demo;552;MGM Mas Marquee;HD;Cine;Si
Puerto Rico;POS_PR;Demo;564;HBO;HD;Cine;Si
Puerto Rico;POS_PR;Demo;565;HBO Hits;HD;Cine;Si
Puerto Rico;POS_PR;Demo;566;HBO Movie;HD;Cine;Si
Puerto Rico;POS_PR;Demo;567;HBO Drama;HD;Cine;Si
Puerto Rico;POS_PR;Demo;569;HBO Comedy;HD;Cine;Si
Puerto Rico;POS_PR;Demo;570;HBO Latino;HD;Cine;Si
Puerto Rico;POS_PR;Demo;571;Cinemax;HD;Cine;Si
Puerto Rico;POS_PR;Demo;572;Cinemax Hits;HD;Cine;Si
Puerto Rico;POS_PR;Demo;574;Cinemax Action;HD;Cine;Si
Puerto Rico;POS_PR;Demo;577;Paramount+ with Showtime;HD;Cine;Si
Puerto Rico;POS_PR;Demo;578;Showtime 2;HD;Cine;Si
Puerto Rico;POS_PR;Demo;579;Showtime Beyond;HD;Cine;Si
Puerto Rico;POS_PR;Demo;580;Showcase;HD;Cine;Si
Puerto Rico;POS_PR;Demo;581;Showtime Extreme;HD;Cine;Si
Puerto Rico;POS_PR;Demo;582;The Movie Channel;SD;Cine;Si
Puerto Rico;POS_PR;Demo;585;Starz;HD;Cine;Si
Puerto Rico;POS_PR;Demo;586;Starz Kids & Family;HD;Cine;Si
Puerto Rico;POS_PR;Demo;587;Starz Cinema;HD;Cine;Si
Puerto Rico;POS_PR;Demo;588;Encore Action;SD;Cine;Si
Puerto Rico;POS_PR;Demo;589;Encore;HD;Cine;Si
Puerto Rico;POS_PR;Demo;590;Encore Family;SD;Cine;Si
Puerto Rico;POS_PR;Demo;601;NBA League Pass;HD;Deportes;No
Puerto Rico;POS_PR;Demo;619;NBA League Pass;HD;Deportes;No
Puerto Rico;POS_PR;Demo;620;NFL Sunday Ticket;HD;Deportes;No
Puerto Rico;POS_PR;Demo;639;NFL Sunday Ticket;HD;Deportes;No
Puerto Rico;POS_PR;Demo;640;Thursday Night Football;HD;Deportes;No
Puerto Rico;POS_PR;Demo;645;ESPN;HD;Deportes;Si
Puerto Rico;POS_PR;Demo;646;ESPN News;HD;Deportes;Si
Puerto Rico;POS_PR;Demo;648;ESPN 2;HD;Deportes;Si
Puerto Rico;POS_PR;Demo;649;ESPN Deportes;HD;Deportes;Si
Puerto Rico;POS_PR;Demo;651;Fox Deportes;SD;Deportes;Si
Puerto Rico;POS_PR;Demo;652;The Tennis Channel;HD;Deportes;Si
Puerto Rico;POS_PR;Demo;653;NBA TV;HD;Deportes;Si
Puerto Rico;POS_PR;Demo;654;The Golf Channel;HD;Deportes;Si
Puerto Rico;POS_PR;Demo;655;Fox Sports;HD;Deportes;Si
Puerto Rico;POS_PR;Demo;656;MLB Network;HD;Deportes;Si
Puerto Rico;POS_PR;Demo;657;WAPA Deportes;HD;Deportes;Si
Puerto Rico;POS_PR;Demo;659;Racer Network;HD;Deportes;Si
Puerto Rico;POS_PR;Demo;702;CNN;HD;Mundo;Si
Puerto Rico;POS_PR;Demo;704;CNN en Español;SD;Mundo;Si
Puerto Rico;POS_PR;Demo;708;Headline News;HD;Mundo;Si
Puerto Rico;POS_PR;Demo;710;Bloomberg;HD;Mundo;Si
Puerto Rico;POS_PR;Demo;712;AccuWeather;HD;Mundo;Si
Puerto Rico;POS_PR;Demo;714;Estrella TV;SD;Mundo;Si
Puerto Rico;POS_PR;Demo;720;CSPAN2;SD;Mundo;Si
Puerto Rico;POS_PR;Demo;730;Nat Geo Mundo;SD;Mundo;Si
Puerto Rico;POS_PR;Demo;732;Discovery em Español;SD;Mundo;Si
Puerto Rico;POS_PR;Demo;734;Animal Planet LA;SD;Mundo;Si
Puerto Rico;POS_PR;Demo;735;Animal Planet US;HD;Mundo;Si
Puerto Rico;POS_PR;Demo;742;History Andes;SD;Mundo;Si
Puerto Rico;POS_PR;Demo;744;FYI;HD;Mundo;Si
Puerto Rico;POS_PR;Demo;745;SyFy;HD;Mundo;Si
Puerto Rico;POS_PR;Demo;746;Discovery Turbo;HD;Mundo;Si
Puerto Rico;POS_PR;Demo;752;Discovery US;HD;Mundo;Si
Puerto Rico;POS_PR;Demo;754;The Learning Channel;HD;Mundo;Si
Puerto Rico;POS_PR;Demo;756;History Channel;HD;Mundo;Si
Puerto Rico;POS_PR;Demo;760;TVE;SD;Variedades;Si
Puerto Rico;POS_PR;Demo;762;Antena 3;SD;Mundo;Si
Puerto Rico;POS_PR;Demo;764;HITN;SD;Variedades;Si
Puerto Rico;POS_PR;Demo;768;BBC América;HD;Mundo;Si
Puerto Rico;POS_PR;Demo;901;Music Choice Rock Hits;Audio;Audio;Si
Puerto Rico;POS_PR;Demo;902;Music Choice 80s Rock;Audio;Audio;Si
Puerto Rico;POS_PR;Demo;903;Music Choice Jazz Vocal Hits;Audio;Audio;Si
Puerto Rico;POS_PR;Demo;904;Music Choice Country Hits;Audio;Audio;Si
Puerto Rico;POS_PR;Demo;905;Music Choice New Age;Audio;Audio;Si
Puerto Rico;POS_PR;Demo;906;Music Choice Funk;Audio;Audio;Si
Puerto Rico;POS_PR;Demo;907;Music Choice 90s;Audio;Audio;Si
Puerto Rico;POS_PR;Demo;908;Music Choice Blues;Audio;Audio;Si
Puerto Rico;POS_PR;Demo;909;Music Choice Love Songs;Audio;Audio;Si
Puerto Rico;POS_PR;Demo;910;Music Choice Musica Urbana;Audio;Audio;Si
Puerto Rico;POS_PR;Demo;911;Music Choice R&B Classics;Audio;Audio;Si
Puerto Rico;POS_PR;Demo;912;Music Choice Latin Jazz;Audio;Audio;Si
Puerto Rico;POS_PR;Demo;913;Music Choice Soft Rock;Audio;Audio;Si
Puerto Rico;POS_PR;Demo;914;Music Choice Rap;Audio;Audio;Si
Puerto Rico;POS_PR;Demo;915;Music Choice All Xmas;Audio;Audio;Si
Puerto Rico;POS_PR;Demo;916;Music Choice Workout;Audio;Audio;Si
Puerto Rico;POS_PR;Demo;917;Music Choice Broadway;Audio;Audio;Si
Puerto Rico;POS_PR;Demo;918;Music Choice Adult Alternative;Audio;Audio;Si
Puerto Rico;POS_PR;Demo;919;Music Choice Pop Hits;Audio;Audio;Si
Puerto Rico;POS_PR;Demo;920;Music Choice New Wave;Audio;Audio;Si
Puerto Rico;POS_PR;Demo;921;Music Choice 70s;Audio;Audio;Si
Puerto Rico;POS_PR;Demo;922;Music Choice Kidz Only!;Audio;Audio;Si
Puerto Rico;POS_PR;Demo;923;Music Choice 80s;Audio;Audio;Si
Puerto Rico;POS_PR;Demo;924;Music Choice Rock Latino;Audio;Audio;Si
Puerto Rico;POS_PR;Demo;925;Music Choice Retro Workout;Audio;Audio;Si
Puerto Rico;POS_PR;Demo;926;Music Choice Contemporary Christian;Audio;Audio;Si
Puerto Rico;POS_PR;Demo;927;Music Choice Reggae;Audio;Audio;Si
Puerto Rico;POS_PR;Demo;928;Music Choice Alternative;Audio;Audio;Si
Puerto Rico;POS_PR;Demo;929;Music Choice Pop & Country;Audio;Audio;Si
Puerto Rico;POS_PR;Demo;930;Music Choice Pop Latino;Audio;Audio;Si
Puerto Rico;POS_PR;Demo;931;Music Choice Classic Country;Audio;Audio;Si
Puerto Rico;POS_PR;Demo;932;Music Choice Big Band;Audio;Audio;Si
Puerto Rico;POS_PR;Demo;933;Music Choice Todays Country;Audio;Audio;Si
Puerto Rico;POS_PR;Demo;934;Music Choice Hit List;Audio;Audio;Si
Puerto Rico;POS_PR;Demo;935;Music Choice Hip-Hop And R&B;Audio;Audio;Si
Puerto Rico;POS_PR;Demo;936;Music Choice Teen Beats;Audio;Audio;Si
Puerto Rico;POS_PR;Demo;937;Music Choice Coffee Shop Cuts;Audio;Audio;Si
Puerto Rico;POS_PR;Demo;938;Music Choice Honky Tonk;Audio;Audio;Si
Puerto Rico;POS_PR;Demo;939;Music Choice Soundscapes;Audio;Audio;Si
Puerto Rico;POS_PR;Demo;940;Music Choice Light Classical;Audio;Audio;Si
Puerto Rico;POS_PR;Demo;941;Music Choice Classic Alternative;Audio;Audio;Si
Puerto Rico;POS_PR;Demo;942;Music Choice Indie;Audio;Audio;Si
Puerto Rico;POS_PR;Demo;943;Music Choice Malt Shop Favorites;Audio;Audio;Si
Puerto Rico;POS_PR;Demo;944;Music Choice Smooth Jazz;Audio;Audio;Si
Puerto Rico;POS_PR;Demo;945;Music Choice Contemporary Instrumentals;Audio;Audio;Si
Puerto Rico;POS_PR;Demo;946;Music Choice Hard Rock;Audio;Audio;Si
Puerto Rico;POS_PR;Demo;947;Music Choice Throwback Jamz;Audio;Audio;Si
Puerto Rico;POS_PR;Demo;948;Music Choice Classic Rock;Audio;Audio;Si
Puerto Rico;POS_PR;Demo;949;Music Choice Movie Scores;Audio;Audio;Si
Puerto Rico;POS_PR;Demo;950;Music Choice Max;Audio;Audio;Si
Puerto Rico;POS_PR;Demo;951;Music Choice Mainstream Rap;Audio;Audio;Si
Puerto Rico;POS_PR;Demo;952;Music Choice Americana;Audio;Audio;Si
Puerto Rico;POS_PR;Demo;953;Music Choice Symphony;Audio;Audio;Si
Puerto Rico;POS_PR;Demo;954;Music Choice Dance/EDM;Audio;Audio;Si
Puerto Rico;POS_PR;Demo;955;Music Choice Folk;Audio;Audio;Si
Puerto Rico;POS_PR;Demo;956;Music Choice Classic Dance;Audio;Audio;Si
Puerto Rico;POS_PR;Demo;957;Music Choice Gospel Hallelujah;Audio;Audio;Si
Puerto Rico;POS_PR;Demo;958;Music Choice Tropicales;Audio;Audio;Si
Puerto Rico;POS_PR;Demo;959;Music Choice Metal;Audio;Audio;Si
Puerto Rico;POS_PR;Demo;960;Music Choice Toddler Tunes;Audio;Audio;Si
Puerto Rico;POS_PR;Demo;961;Music Choice Y2k;Audio;Audio;Si
Puerto Rico;POS_PR;Demo;962;Music Choice Bluegrass;Audio;Audio;Si
Puerto Rico;POS_PR;Demo;963;Music Choice Vietnamese;Audio;Audio;Si
Puerto Rico;POS_PR;Demo;964;Music Choice Gospel;Audio;Audio;Si
Puerto Rico;POS_PR;Demo;965;Music Choice 60s Movement;Audio;Audio;Si
Puerto Rico;POS_PR;Demo;966;Music Choice Filipino;Audio;Audio;Si
Puerto Rico;POS_PR;Demo;967;Music Choice Sounds of the Season;Audio;Audio;Si
Puerto Rico;POS_PR;Demo 2;162;Telemundo;HD;Nacional;Si
Puerto Rico;POS_PR;Demo 2;164;WAPA TV;HD;Nacional;Si
Puerto Rico;POS_PR;Demo 2;166;WIPR;SD;Nacional;Si
Puerto Rico;POS_PR;Demo 2;167;Teleislas;SD;Nacional;Si
Puerto Rico;POS_PR;Demo 2;168;TeleOnce HD;HD;Nacional;Si
Puerto Rico;POS_PR;Demo 2;169;Daystar Español;SD;Nacional;Si
Puerto Rico;POS_PR;Demo 2;170;Fox News;HD;Nacional;Si
Puerto Rico;POS_PR;Demo 2;172;ABC5;HD;Nacional;Si
Puerto Rico;POS_PR;Demo 2;174;CBS;HD;Nacional;Si
Puerto Rico;POS_PR;Demo 2;176;NBC PR;HD;Nacional;Si
Puerto Rico;POS_PR;Demo 2;179;Punto 2;HD;Nacional;Si
Puerto Rico;POS_PR;Demo 2;181;TV Dominicana;SD;Nacional;Si
Puerto Rico;POS_PR;Demo 2;182;TV Chile;SD;Nacional;Si
Puerto Rico;POS_PR;Demo 2;183;TeleOro;SD;Nacional;Si
Puerto Rico;POS_PR;Demo 2;185;Telecinco;SD;Local;Si
Puerto Rico;POS_PR;Demo 2;186;UniMás;SD;Local;Si
Puerto Rico;POS_PR;Demo 2;188;QVC;SD;Variedades;Si
Puerto Rico;POS_PR;Demo 2;189;QVC 2;SD;Variedades;Si
Puerto Rico;POS_PR;Demo 2;190;Home Shopping Network (HSN);SD;Variedades;Si
Puerto Rico;POS_PR;Demo 2;191;Home Shopping Network (HSN) 2;SD;Variedades;Si
Puerto Rico;POS_PR;Demo 2;220;Bravo;HD;Variedades;Si
Puerto Rico;POS_PR;Demo 2;221;¡Hola! TV;SD;Variedades;Si
Puerto Rico;POS_PR;Demo 2;222;E! Entertainment HD;HD;Variedades;Si
Puerto Rico;POS_PR;Demo 2;225;Pasiones;SD;Variedades;Si
Puerto Rico;POS_PR;Demo 2;226;QVC;SD;Variedades;Si
Puerto Rico;POS_PR;Demo 2;227;Home Shopping Network (HSN);SD;Variedades;Si
Puerto Rico;POS_PR;Demo 2;228;Food Network;HD;Variedades;Si
Puerto Rico;POS_PR;Demo 2;229;Blossom;SD;Variedades;Si
Puerto Rico;POS_PR;Demo 2;230;BET;SD;Variedades;Si
Puerto Rico;POS_PR;Demo 2;242;FX HD;HD;Variedades;Si
Puerto Rico;POS_PR;Demo 2;244;TNT;HD;Variedades;Si
Puerto Rico;POS_PR;Demo 2;246;USA Network;HD;Variedades;Si
Puerto Rico;POS_PR;Demo 2;248;TBS;HD;Variedades;Si
Puerto Rico;POS_PR;Demo 2;249;TLnovelas;SD;Variedades;Si
Puerto Rico;POS_PR;Demo 2;250;HGTV;HD;Variedades;Si
Puerto Rico;POS_PR;Demo 2;252;Freeform;HD;Variedades;Si
Puerto Rico;POS_PR;Demo 2;254;Paramount Network;HD;Variedades;Si
Puerto Rico;POS_PR;Demo 2;256;A&E;HD;Variedades;Si
Puerto Rico;POS_PR;Demo 2;260;MTV;HD;Variedades;Si
Puerto Rico;POS_PR;Demo 2;261;MTV 2;HD;Variedades;Si
Puerto Rico;POS_PR;Demo 2;262;VH1;HD;Variedades;Si
Puerto Rico;POS_PR;Demo 2;263;Comedy Central;HD;Variedades;Si
Puerto Rico;POS_PR;Demo 2;264;VICE;SD;Variedades;Si
Puerto Rico;POS_PR;Demo 2;267;Cooking Channel;HD;Variedades;Si
Puerto Rico;POS_PR;Demo 2;268;So Yummy;SD;Variedades;Si
Puerto Rico;POS_PR;Demo 2;320;Cartoon Network;HD;Infantil;Si
Puerto Rico;POS_PR;Demo 2;322;Nickelodeon;HD;Infantil;Si
Puerto Rico;POS_PR;Demo 2;324;Disney Channel;HD;Infantil;Si
Puerto Rico;POS_PR;Demo 2;326;Disney XD;HD;Infantil;Si
Puerto Rico;POS_PR;Demo 2;330;Discovery Kids LA;SD;Infantil;Si
Puerto Rico;POS_PR;Demo 2;332;LooLoo Kids;SD;Infantil;Si
Puerto Rico;POS_PR;Demo 2;336;Boomerang;SD;Infantil;Si
Puerto Rico;POS_PR;Demo 2;337;Nick Jr.;HD;Infantil;Si
Puerto Rico;POS_PR;Demo 2;338;Vme;SD;Infantil;Si
Puerto Rico;POS_PR;Demo 2;339;Baby First TV;SD;Infantil;Si
Puerto Rico;POS_PR;Demo 2;350;EWTN;SD;Religioso;Si
Puerto Rico;POS_PR;Demo 2;352;Enlace;SD;Religioso;Si
Puerto Rico;POS_PR;Demo 2;354;Christian Television Network (CTN);SD;Religioso;Si
Puerto Rico;POS_PR;Demo 2;462;Playboy TV;SD;Adultos;No
Puerto Rico;POS_PR;Demo 2;465;Brazzers TV;SD;Adultos;No
Puerto Rico;POS_PR;Demo 2;468;Hustler;SD;Adultos;No
Puerto Rico;POS_PR;Demo 2;511;AMC;HD;Cine;Si
Puerto Rico;POS_PR;Demo 2;514;Cine Latino;SD;Cine;Si
Puerto Rico;POS_PR;Demo 2;516;De Película;SD;Cine;Si
Puerto Rico;POS_PR;Demo 2;517;Lifetime;HD;Cine;Si
Puerto Rico;POS_PR;Demo 2;518;Lifetime Moivie Network;HD;Cine;Si
Puerto Rico;POS_PR;Demo 2;520;Hallmark Channel;HD;Cine;Si
Puerto Rico;POS_PR;Demo 2;521;Hallmark Family;HD;Cine;Si
Puerto Rico;POS_PR;Demo 2;522;Hallmark Mistery;SD;Cine;Si
Puerto Rico;POS_PR;Demo 2;550;MGM Mas;HD;Cine;No
Puerto Rico;POS_PR;Demo 2;551;MGM Mas Hits;HD;Cine;No
Puerto Rico;POS_PR;Demo 2;552;MGM Mas Marquee;HD;Cine;No
Puerto Rico;POS_PR;Demo 2;564;HBO;HD;Cine;No
Puerto Rico;POS_PR;Demo 2;565;HBO Hits;HD;Cine;No
Puerto Rico;POS_PR;Demo 2;566;HBO Movie;HD;Cine;No
Puerto Rico;POS_PR;Demo 2;567;HBO Drama;HD;Cine;No
Puerto Rico;POS_PR;Demo 2;569;HBO Comedy;HD;Cine;No
Puerto Rico;POS_PR;Demo 2;570;HBO Latino;HD;Cine;No
Puerto Rico;POS_PR;Demo 2;571;Cinemax;HD;Cine;No
Puerto Rico;POS_PR;Demo 2;572;Cinemax Hits;HD;Cine;No
Puerto Rico;POS_PR;Demo 2;574;Cinemax Action;HD;Cine;No
Puerto Rico;POS_PR;Demo 2;577;Paramount+ with Showtime;HD;Cine;No
Puerto Rico;POS_PR;Demo 2;578;Showtime 2;HD;Cine;No
Puerto Rico;POS_PR;Demo 2;579;Showtime Beyond;HD;Cine;No
Puerto Rico;POS_PR;Demo 2;580;Showcase;HD;Cine;No
Puerto Rico;POS_PR;Demo 2;581;Showtime Extreme;HD;Cine;No
Puerto Rico;POS_PR;Demo 2;582;The Movie Channel;SD;Cine;No
Puerto Rico;POS_PR;Demo 2;585;Starz;HD;Cine;No
Puerto Rico;POS_PR;Demo 2;586;Starz Kids & Family;HD;Cine;No
Puerto Rico;POS_PR;Demo 2;587;Starz Cinema;HD;Cine;No
Puerto Rico;POS_PR;Demo 2;588;Encore Action;SD;Cine;No
Puerto Rico;POS_PR;Demo 2;589;Encore;HD;Cine;No
Puerto Rico;POS_PR;Demo 2;590;Encore Family;SD;Cine;No
Puerto Rico;POS_PR;Demo 2;601;NBA League Pass;HD;Deportes;No
Puerto Rico;POS_PR;Demo 2;619;NBA League Pass;HD;Deportes;No
Puerto Rico;POS_PR;Demo 2;620;NFL Sunday Ticket;HD;Deportes;No
Puerto Rico;POS_PR;Demo 2;639;NFL Sunday Ticket;HD;Deportes;No
Puerto Rico;POS_PR;Demo 2;640;Thursday Night Football;HD;Deportes;No
Puerto Rico;POS_PR;Demo 2;645;ESPN;HD;Deportes;Si
Puerto Rico;POS_PR;Demo 2;646;ESPN News;HD;Deportes;Si
Puerto Rico;POS_PR;Demo 2;648;ESPN 2;HD;Deportes;Si
Puerto Rico;POS_PR;Demo 2;649;ESPN Deportes;HD;Deportes;Si
Puerto Rico;POS_PR;Demo 2;651;Fox Deportes;SD;Deportes;Si
Puerto Rico;POS_PR;Demo 2;652;The Tennis Channel;HD;Deportes;Si
Puerto Rico;POS_PR;Demo 2;653;NBA TV;HD;Deportes;Si
Puerto Rico;POS_PR;Demo 2;654;The Golf Channel;HD;Deportes;Si
Puerto Rico;POS_PR;Demo 2;655;Fox Sports;HD;Deportes;Si
Puerto Rico;POS_PR;Demo 2;656;MLB Network;HD;Deportes;Si
Puerto Rico;POS_PR;Demo 2;657;WAPA Deportes;HD;Deportes;Si
Puerto Rico;POS_PR;Demo 2;659;Racer Network;HD;Deportes;Si
Puerto Rico;POS_PR;Demo 2;702;CNN;HD;Mundo;Si
Puerto Rico;POS_PR;Demo 2;704;CNN en Español;SD;Mundo;Si
Puerto Rico;POS_PR;Demo 2;708;Headline News;HD;Mundo;Si
Puerto Rico;POS_PR;Demo 2;710;Bloomberg;HD;Mundo;Si
Puerto Rico;POS_PR;Demo 2;712;AccuWeather;HD;Mundo;Si
Puerto Rico;POS_PR;Demo 2;714;Estrella TV;SD;Mundo;Si
Puerto Rico;POS_PR;Demo 2;720;CSPAN2;SD;Mundo;Si
Puerto Rico;POS_PR;Demo 2;730;Nat Geo Mundo;SD;Mundo;Si
Puerto Rico;POS_PR;Demo 2;732;Discovery em Español;SD;Mundo;Si
Puerto Rico;POS_PR;Demo 2;734;Animal Planet LA;SD;Mundo;Si
Puerto Rico;POS_PR;Demo 2;735;Animal Planet US;HD;Mundo;Si
Puerto Rico;POS_PR;Demo 2;742;History Andes;SD;Mundo;Si
Puerto Rico;POS_PR;Demo 2;744;FYI;HD;Mundo;Si
Puerto Rico;POS_PR;Demo 2;745;SyFy;HD;Mundo;Si
Puerto Rico;POS_PR;Demo 2;746;Discovery Turbo;HD;Mundo;Si
Puerto Rico;POS_PR;Demo 2;752;Discovery US;HD;Mundo;Si
Puerto Rico;POS_PR;Demo 2;754;The Learning Channel;HD;Mundo;Si
Puerto Rico;POS_PR;Demo 2;756;History Channel;HD;Mundo;Si
Puerto Rico;POS_PR;Demo 2;760;TVE;SD;Variedades;Si
Puerto Rico;POS_PR;Demo 2;762;Antena 3;SD;Mundo;Si
Puerto Rico;POS_PR;Demo 2;764;HITN;SD;Variedades;Si
Puerto Rico;POS_PR;Demo 2;768;BBC América;HD;Mundo;Si
Puerto Rico;POS_PR;Demo 2;901;Music Choice Rock Hits;Audio;Audio;Si
Puerto Rico;POS_PR;Demo 2;902;Music Choice 80s Rock;Audio;Audio;Si
Puerto Rico;POS_PR;Demo 2;903;Music Choice Jazz Vocal Hits;Audio;Audio;Si
Puerto Rico;POS_PR;Demo 2;904;Music Choice Country Hits;Audio;Audio;Si
Puerto Rico;POS_PR;Demo 2;905;Music Choice New Age;Audio;Audio;Si
Puerto Rico;POS_PR;Demo 2;906;Music Choice Funk;Audio;Audio;Si
Puerto Rico;POS_PR;Demo 2;907;Music Choice 90s;Audio;Audio;Si
Puerto Rico;POS_PR;Demo 2;908;Music Choice Blues;Audio;Audio;Si
Puerto Rico;POS_PR;Demo 2;909;Music Choice Love Songs;Audio;Audio;Si
Puerto Rico;POS_PR;Demo 2;910;Music Choice Musica Urbana;Audio;Audio;Si
Puerto Rico;POS_PR;Demo 2;911;Music Choice R&B Classics;Audio;Audio;Si
Puerto Rico;POS_PR;Demo 2;912;Music Choice Latin Jazz;Audio;Audio;Si
Puerto Rico;POS_PR;Demo 2;913;Music Choice Soft Rock;Audio;Audio;Si
Puerto Rico;POS_PR;Demo 2;914;Music Choice Rap;Audio;Audio;Si
Puerto Rico;POS_PR;Demo 2;915;Music Choice All Xmas;Audio;Audio;Si
Puerto Rico;POS_PR;Demo 2;916;Music Choice Workout;Audio;Audio;Si
Puerto Rico;POS_PR;Demo 2;917;Music Choice Broadway;Audio;Audio;Si
Puerto Rico;POS_PR;Demo 2;918;Music Choice Adult Alternative;Audio;Audio;Si
Puerto Rico;POS_PR;Demo 2;919;Music Choice Pop Hits;Audio;Audio;Si
Puerto Rico;POS_PR;Demo 2;920;Music Choice New Wave;Audio;Audio;Si
Puerto Rico;POS_PR;Demo 2;921;Music Choice 70s;Audio;Audio;Si
Puerto Rico;POS_PR;Demo 2;922;Music Choice Kidz Only!;Audio;Audio;Si
Puerto Rico;POS_PR;Demo 2;923;Music Choice 80s;Audio;Audio;Si
Puerto Rico;POS_PR;Demo 2;924;Music Choice Rock Latino;Audio;Audio;Si
Puerto Rico;POS_PR;Demo 2;925;Music Choice Retro Workout;Audio;Audio;Si
Puerto Rico;POS_PR;Demo 2;926;Music Choice Contemporary Christian;Audio;Audio;Si
Puerto Rico;POS_PR;Demo 2;927;Music Choice Reggae;Audio;Audio;Si
Puerto Rico;POS_PR;Demo 2;928;Music Choice Alternative;Audio;Audio;Si
Puerto Rico;POS_PR;Demo 2;929;Music Choice Pop & Country;Audio;Audio;Si
Puerto Rico;POS_PR;Demo 2;930;Music Choice Pop Latino;Audio;Audio;Si
Puerto Rico;POS_PR;Demo 2;931;Music Choice Classic Country;Audio;Audio;Si
Puerto Rico;POS_PR;Demo 2;932;Music Choice Big Band;Audio;Audio;Si
Puerto Rico;POS_PR;Demo 2;933;Music Choice Todays Country;Audio;Audio;Si
Puerto Rico;POS_PR;Demo 2;934;Music Choice Hit List;Audio;Audio;Si
Puerto Rico;POS_PR;Demo 2;935;Music Choice Hip-Hop And R&B;Audio;Audio;Si
Puerto Rico;POS_PR;Demo 2;936;Music Choice Teen Beats;Audio;Audio;Si
Puerto Rico;POS_PR;Demo 2;937;Music Choice Coffee Shop Cuts;Audio;Audio;Si
Puerto Rico;POS_PR;Demo 2;938;Music Choice Honky Tonk;Audio;Audio;Si
Puerto Rico;POS_PR;Demo 2;939;Music Choice Soundscapes;Audio;Audio;Si
Puerto Rico;POS_PR;Demo 2;940;Music Choice Light Classical;Audio;Audio;Si
Puerto Rico;POS_PR;Demo 2;941;Music Choice Classic Alternative;Audio;Audio;Si
Puerto Rico;POS_PR;Demo 2;942;Music Choice Indie;Audio;Audio;Si
Puerto Rico;POS_PR;Demo 2;943;Music Choice Malt Shop Favorites;Audio;Audio;Si
Puerto Rico;POS_PR;Demo 2;944;Music Choice Smooth Jazz;Audio;Audio;Si
Puerto Rico;POS_PR;Demo 2;945;Music Choice Contemporary Instrumentals;Audio;Audio;Si
Puerto Rico;POS_PR;Demo 2;946;Music Choice Hard Rock;Audio;Audio;Si
Puerto Rico;POS_PR;Demo 2;947;Music Choice Throwback Jamz;Audio;Audio;Si
Puerto Rico;POS_PR;Demo 2;948;Music Choice Classic Rock;Audio;Audio;Si
Puerto Rico;POS_PR;Demo 2;949;Music Choice Movie Scores;Audio;Audio;Si
Puerto Rico;POS_PR;Demo 2;950;Music Choice Max;Audio;Audio;Si
Puerto Rico;POS_PR;Demo 2;951;Music Choice Mainstream Rap;Audio;Audio;Si
Puerto Rico;POS_PR;Demo 2;952;Music Choice Americana;Audio;Audio;Si
Puerto Rico;POS_PR;Demo 2;953;Music Choice Symphony;Audio;Audio;Si
Puerto Rico;POS_PR;Demo 2;954;Music Choice Dance/EDM;Audio;Audio;Si
Puerto Rico;POS_PR;Demo 2;955;Music Choice Folk;Audio;Audio;Si
Puerto Rico;POS_PR;Demo 2;956;Music Choice Classic Dance;Audio;Audio;Si
Puerto Rico;POS_PR;Demo 2;957;Music Choice Gospel Hallelujah;Audio;Audio;Si
Puerto Rico;POS_PR;Demo 2;958;Music Choice Tropicales;Audio;Audio;Si
Puerto Rico;POS_PR;Demo 2;959;Music Choice Metal;Audio;Audio;Si
Puerto Rico;POS_PR;Demo 2;960;Music Choice Toddler Tunes;Audio;Audio;Si
Puerto Rico;POS_PR;Demo 2;961;Music Choice Y2k;Audio;Audio;Si
Puerto Rico;POS_PR;Demo 2;962;Music Choice Bluegrass;Audio;Audio;Si
Puerto Rico;POS_PR;Demo 2;963;Music Choice Vietnamese;Audio;Audio;Si
Puerto Rico;POS_PR;Demo 2;964;Music Choice Gospel;Audio;Audio;Si
Puerto Rico;POS_PR;Demo 2;965;Music Choice 60s Movement;Audio;Audio;Si
Puerto Rico;POS_PR;Demo 2;966;Music Choice Filipino;Audio;Audio;Si
Puerto Rico;POS_PR;Demo 2;967;Music Choice Sounds of the Season;Audio;Audio;Si
Puerto Rico;POS_PR;Select;162;Telemundo;HD;Nacional;Si
Puerto Rico;POS_PR;Select;164;WAPA TV;HD;Nacional;Si
Puerto Rico;POS_PR;Select;166;WIPR;SD;Nacional;Si
Puerto Rico;POS_PR;Select;167;Teleislas;SD;Nacional;Si
Puerto Rico;POS_PR;Select;168;TeleOnce HD;HD;Nacional;Si
Puerto Rico;POS_PR;Select;169;Daystar Español;SD;Nacional;Si
Puerto Rico;POS_PR;Select;170;Fox News;HD;Nacional;Si
Puerto Rico;POS_PR;Select;172;ABC5;HD;Nacional;Si
Puerto Rico;POS_PR;Select;174;CBS;HD;Nacional;Si
Puerto Rico;POS_PR;Select;176;NBC PR;HD;Nacional;Si
Puerto Rico;POS_PR;Select;179;Punto 2;HD;Nacional;Si
Puerto Rico;POS_PR;Select;181;TV Dominicana;SD;Nacional;Si
Puerto Rico;POS_PR;Select;182;TV Chile;SD;Nacional;Si
Puerto Rico;POS_PR;Select;183;TeleOro;SD;Nacional;Si
Puerto Rico;POS_PR;Select;185;Telecinco;SD;Local;Si
Puerto Rico;POS_PR;Select;186;UniMás;SD;Local;Si
Puerto Rico;POS_PR;Select;188;QVC;SD;Variedades;Si
Puerto Rico;POS_PR;Select;189;QVC 2;SD;Variedades;Si
Puerto Rico;POS_PR;Select;190;Home Shopping Network (HSN);SD;Variedades;Si
Puerto Rico;POS_PR;Select;191;Home Shopping Network (HSN) 2;SD;Variedades;Si
Puerto Rico;POS_PR;Select;220;Bravo;HD;Variedades;No
Puerto Rico;POS_PR;Select;221;¡Hola! TV;SD;Variedades;No
Puerto Rico;POS_PR;Select;222;E! Entertainment HD;HD;Variedades;No
Puerto Rico;POS_PR;Select;225;Pasiones;SD;Variedades;Si
Puerto Rico;POS_PR;Select;226;QVC;SD;Variedades;Si
Puerto Rico;POS_PR;Select;227;Home Shopping Network (HSN);SD;Variedades;Si
Puerto Rico;POS_PR;Select;228;Food Network;HD;Variedades;No
Puerto Rico;POS_PR;Select;229;Blossom;SD;Variedades;Si
Puerto Rico;POS_PR;Select;230;BET;SD;Variedades;No
Puerto Rico;POS_PR;Select;242;FX HD;HD;Variedades;No
Puerto Rico;POS_PR;Select;244;TNT;HD;Variedades;No
Puerto Rico;POS_PR;Select;246;USA Network;HD;Variedades;No
Puerto Rico;POS_PR;Select;248;TBS;HD;Variedades;No
Puerto Rico;POS_PR;Select;249;TLnovelas;SD;Variedades;Si
Puerto Rico;POS_PR;Select;250;HGTV;HD;Variedades;No
Puerto Rico;POS_PR;Select;252;Freeform;HD;Variedades;No
Puerto Rico;POS_PR;Select;254;Paramount Network;HD;Variedades;No
Puerto Rico;POS_PR;Select;256;A&E;HD;Variedades;No
Puerto Rico;POS_PR;Select;260;MTV;HD;Variedades;No
Puerto Rico;POS_PR;Select;261;MTV 2;HD;Variedades;No
Puerto Rico;POS_PR;Select;262;VH1;HD;Variedades;No
Puerto Rico;POS_PR;Select;263;Comedy Central;HD;Variedades;No
Puerto Rico;POS_PR;Select;264;VICE;SD;Variedades;No
Puerto Rico;POS_PR;Select;267;Cooking Channel;HD;Variedades;No
Puerto Rico;POS_PR;Select;268;So Yummy;SD;Variedades;Si
Puerto Rico;POS_PR;Select;320;Cartoon Network;HD;Infantil;No
Puerto Rico;POS_PR;Select;322;Nickelodeon;HD;Infantil;No
Puerto Rico;POS_PR;Select;324;Disney Channel;HD;Infantil;No
Puerto Rico;POS_PR;Select;326;Disney XD;HD;Infantil;No
Puerto Rico;POS_PR;Select;330;Discovery Kids LA;SD;Infantil;Si
Puerto Rico;POS_PR;Select;332;LooLoo Kids;SD;Infantil;Si
Puerto Rico;POS_PR;Select;336;Boomerang;SD;Infantil;No
Puerto Rico;POS_PR;Select;337;Nick Jr.;HD;Infantil;No
Puerto Rico;POS_PR;Select;338;Vme;SD;Infantil;Si
Puerto Rico;POS_PR;Select;339;Baby First TV;SD;Infantil;Si
Puerto Rico;POS_PR;Select;350;EWTN;SD;Religioso;Si
Puerto Rico;POS_PR;Select;352;Enlace;SD;Religioso;Si
Puerto Rico;POS_PR;Select;354;Christian Television Network (CTN);SD;Religioso;Si
Puerto Rico;POS_PR;Select;462;Playboy TV;SD;Adultos;No
Puerto Rico;POS_PR;Select;465;Brazzers TV;SD;Adultos;No
Puerto Rico;POS_PR;Select;468;Hustler;SD;Adultos;No
Puerto Rico;POS_PR;Select;511;AMC;HD;Cine;No
Puerto Rico;POS_PR;Select;514;Cine Latino;SD;Cine;Si
Puerto Rico;POS_PR;Select;516;De Película;SD;Cine;Si
Puerto Rico;POS_PR;Select;517;Lifetime;HD;Cine;No
Puerto Rico;POS_PR;Select;518;Lifetime Moivie Network;HD;Cine;No
Puerto Rico;POS_PR;Select;520;Hallmark Channel;HD;Cine;No
Puerto Rico;POS_PR;Select;521;Hallmark Family;HD;Cine;No
Puerto Rico;POS_PR;Select;522;Hallmark Mistery;SD;Cine;No
Puerto Rico;POS_PR;Select;550;MGM Mas;HD;Cine;No
Puerto Rico;POS_PR;Select;551;MGM Mas Hits;HD;Cine;No
Puerto Rico;POS_PR;Select;552;MGM Mas Marquee;HD;Cine;No
Puerto Rico;POS_PR;Select;564;HBO;HD;Cine;No
Puerto Rico;POS_PR;Select;565;HBO Hits;HD;Cine;No
Puerto Rico;POS_PR;Select;566;HBO Movie;HD;Cine;No
Puerto Rico;POS_PR;Select;567;HBO Drama;HD;Cine;No
Puerto Rico;POS_PR;Select;569;HBO Comedy;HD;Cine;No
Puerto Rico;POS_PR;Select;570;HBO Latino;HD;Cine;No
Puerto Rico;POS_PR;Select;571;Cinemax;HD;Cine;No
Puerto Rico;POS_PR;Select;572;Cinemax Hits;HD;Cine;No
Puerto Rico;POS_PR;Select;574;Cinemax Action;HD;Cine;No
Puerto Rico;POS_PR;Select;577;Paramount+ with Showtime;HD;Cine;No
Puerto Rico;POS_PR;Select;578;Showtime 2;HD;Cine;No
Puerto Rico;POS_PR;Select;579;Showtime Beyond;HD;Cine;No
Puerto Rico;POS_PR;Select;580;Showcase;HD;Cine;No
Puerto Rico;POS_PR;Select;581;Showtime Extreme;HD;Cine;No
Puerto Rico;POS_PR;Select;582;The Movie Channel;SD;Cine;No
Puerto Rico;POS_PR;Select;585;Starz;HD;Cine;No
Puerto Rico;POS_PR;Select;586;Starz Kids & Family;HD;Cine;No
Puerto Rico;POS_PR;Select;587;Starz Cinema;HD;Cine;No
Puerto Rico;POS_PR;Select;588;Encore Action;SD;Cine;No
Puerto Rico;POS_PR;Select;589;Encore;HD;Cine;No
Puerto Rico;POS_PR;Select;590;Encore Family;SD;Cine;No
Puerto Rico;POS_PR;Select;601;NBA League Pass;HD;Deportes;No
Puerto Rico;POS_PR;Select;619;NBA League Pass;HD;Deportes;No
Puerto Rico;POS_PR;Select;620;NFL Sunday Ticket;HD;Deportes;No
Puerto Rico;POS_PR;Select;639;NFL Sunday Ticket;HD;Deportes;No
Puerto Rico;POS_PR;Select;640;Thursday Night Football;HD;Deportes;No
Puerto Rico;POS_PR;Select;645;ESPN;HD;Deportes;No
Puerto Rico;POS_PR;Select;646;ESPN News;HD;Deportes;No
Puerto Rico;POS_PR;Select;648;ESPN 2;HD;Deportes;No
Puerto Rico;POS_PR;Select;649;ESPN Deportes;HD;Deportes;Si
Puerto Rico;POS_PR;Select;651;Fox Deportes;SD;Deportes;Si
Puerto Rico;POS_PR;Select;652;The Tennis Channel;HD;Deportes;No
Puerto Rico;POS_PR;Select;653;NBA TV;HD;Deportes;No
Puerto Rico;POS_PR;Select;654;The Golf Channel;HD;Deportes;No
Puerto Rico;POS_PR;Select;655;Fox Sports;HD;Deportes;No
Puerto Rico;POS_PR;Select;656;MLB Network;HD;Deportes;No
Puerto Rico;POS_PR;Select;657;WAPA Deportes;HD;Deportes;Si
Puerto Rico;POS_PR;Select;659;Racer Network;HD;Deportes;No
Puerto Rico;POS_PR;Select;702;CNN;HD;Mundo;No
Puerto Rico;POS_PR;Select;704;CNN en Español;SD;Mundo;Si
Puerto Rico;POS_PR;Select;708;Headline News;HD;Mundo;No
Puerto Rico;POS_PR;Select;710;Bloomberg;HD;Mundo;No
Puerto Rico;POS_PR;Select;712;AccuWeather;HD;Mundo;Si
Puerto Rico;POS_PR;Select;714;Estrella TV;SD;Mundo;No
Puerto Rico;POS_PR;Select;720;CSPAN2;SD;Mundo;Si
Puerto Rico;POS_PR;Select;730;Nat Geo Mundo;SD;Mundo;Si
Puerto Rico;POS_PR;Select;732;Discovery em Español;SD;Mundo;Si
Puerto Rico;POS_PR;Select;734;Animal Planet LA;SD;Mundo;Si
Puerto Rico;POS_PR;Select;735;Animal Planet US;HD;Mundo;No
Puerto Rico;POS_PR;Select;742;History Andes;SD;Mundo;Si
Puerto Rico;POS_PR;Select;744;FYI;HD;Mundo;No
Puerto Rico;POS_PR;Select;745;SyFy;HD;Mundo;No
Puerto Rico;POS_PR;Select;746;Discovery Turbo;HD;Mundo;No
Puerto Rico;POS_PR;Select;752;Discovery US;HD;Mundo;No
Puerto Rico;POS_PR;Select;754;The Learning Channel;HD;Mundo;No
Puerto Rico;POS_PR;Select;756;History Channel;HD;Mundo;No
Puerto Rico;POS_PR;Select;760;TVE;SD;Variedades;Si
Puerto Rico;POS_PR;Select;762;Antena 3;SD;Mundo;Si
Puerto Rico;POS_PR;Select;764;HITN;SD;Variedades;Si
Puerto Rico;POS_PR;Select;768;BBC América;HD;Mundo;No
Puerto Rico;POS_PR;Select;901;Music Choice Rock Hits;Audio;Audio;Si
Puerto Rico;POS_PR;Select;902;Music Choice 80s Rock;Audio;Audio;Si
Puerto Rico;POS_PR;Select;903;Music Choice Jazz Vocal Hits;Audio;Audio;Si
Puerto Rico;POS_PR;Select;904;Music Choice Country Hits;Audio;Audio;Si
Puerto Rico;POS_PR;Select;905;Music Choice New Age;Audio;Audio;Si
Puerto Rico;POS_PR;Select;906;Music Choice Funk;Audio;Audio;Si
Puerto Rico;POS_PR;Select;907;Music Choice 90s;Audio;Audio;Si
Puerto Rico;POS_PR;Select;908;Music Choice Blues;Audio;Audio;Si
Puerto Rico;POS_PR;Select;909;Music Choice Love Songs;Audio;Audio;Si
Puerto Rico;POS_PR;Select;910;Music Choice Musica Urbana;Audio;Audio;Si
Puerto Rico;POS_PR;Select;911;Music Choice R&B Classics;Audio;Audio;Si
Puerto Rico;POS_PR;Select;912;Music Choice Latin Jazz;Audio;Audio;Si
Puerto Rico;POS_PR;Select;913;Music Choice Soft Rock;Audio;Audio;Si
Puerto Rico;POS_PR;Select;914;Music Choice Rap;Audio;Audio;Si
Puerto Rico;POS_PR;Select;915;Music Choice All Xmas;Audio;Audio;Si
Puerto Rico;POS_PR;Select;916;Music Choice Workout;Audio;Audio;Si
Puerto Rico;POS_PR;Select;917;Music Choice Broadway;Audio;Audio;Si
Puerto Rico;POS_PR;Select;918;Music Choice Adult Alternative;Audio;Audio;Si
Puerto Rico;POS_PR;Select;919;Music Choice Pop Hits;Audio;Audio;Si
Puerto Rico;POS_PR;Select;920;Music Choice New Wave;Audio;Audio;Si
Puerto Rico;POS_PR;Select;921;Music Choice 70s;Audio;Audio;Si
Puerto Rico;POS_PR;Select;922;Music Choice Kidz Only!;Audio;Audio;Si
Puerto Rico;POS_PR;Select;923;Music Choice 80s;Audio;Audio;Si
Puerto Rico;POS_PR;Select;924;Music Choice Rock Latino;Audio;Audio;Si
Puerto Rico;POS_PR;Select;925;Music Choice Retro Workout;Audio;Audio;Si
Puerto Rico;POS_PR;Select;926;Music Choice Contemporary Christian;Audio;Audio;Si
Puerto Rico;POS_PR;Select;927;Music Choice Reggae;Audio;Audio;Si
Puerto Rico;POS_PR;Select;928;Music Choice Alternative;Audio;Audio;Si
Puerto Rico;POS_PR;Select;929;Music Choice Pop & Country;Audio;Audio;Si
Puerto Rico;POS_PR;Select;930;Music Choice Pop Latino;Audio;Audio;Si
Puerto Rico;POS_PR;Select;931;Music Choice Classic Country;Audio;Audio;Si
Puerto Rico;POS_PR;Select;932;Music Choice Big Band;Audio;Audio;Si
Puerto Rico;POS_PR;Select;933;Music Choice Todays Country;Audio;Audio;Si
Puerto Rico;POS_PR;Select;934;Music Choice Hit List;Audio;Audio;Si
Puerto Rico;POS_PR;Select;935;Music Choice Hip-Hop And R&B;Audio;Audio;Si
Puerto Rico;POS_PR;Select;936;Music Choice Teen Beats;Audio;Audio;Si
Puerto Rico;POS_PR;Select;937;Music Choice Coffee Shop Cuts;Audio;Audio;Si
Puerto Rico;POS_PR;Select;938;Music Choice Honky Tonk;Audio;Audio;Si
Puerto Rico;POS_PR;Select;939;Music Choice Soundscapes;Audio;Audio;Si
Puerto Rico;POS_PR;Select;940;Music Choice Light Classical;Audio;Audio;Si
Puerto Rico;POS_PR;Select;941;Music Choice Classic Alternative;Audio;Audio;Si
Puerto Rico;POS_PR;Select;942;Music Choice Indie;Audio;Audio;Si
Puerto Rico;POS_PR;Select;943;Music Choice Malt Shop Favorites;Audio;Audio;Si
Puerto Rico;POS_PR;Select;944;Music Choice Smooth Jazz;Audio;Audio;Si
Puerto Rico;POS_PR;Select;945;Music Choice Contemporary Instrumentals;Audio;Audio;Si
Puerto Rico;POS_PR;Select;946;Music Choice Hard Rock;Audio;Audio;Si
Puerto Rico;POS_PR;Select;947;Music Choice Throwback Jamz;Audio;Audio;Si
Puerto Rico;POS_PR;Select;948;Music Choice Classic Rock;Audio;Audio;Si
Puerto Rico;POS_PR;Select;949;Music Choice Movie Scores;Audio;Audio;Si
Puerto Rico;POS_PR;Select;950;Music Choice Max;Audio;Audio;Si
Puerto Rico;POS_PR;Select;951;Music Choice Mainstream Rap;Audio;Audio;Si
Puerto Rico;POS_PR;Select;952;Music Choice Americana;Audio;Audio;Si
Puerto Rico;POS_PR;Select;953;Music Choice Symphony;Audio;Audio;Si
Puerto Rico;POS_PR;Select;954;Music Choice Dance/EDM;Audio;Audio;Si
Puerto Rico;POS_PR;Select;955;Music Choice Folk;Audio;Audio;Si
Puerto Rico;POS_PR;Select;956;Music Choice Classic Dance;Audio;Audio;Si
Puerto Rico;POS_PR;Select;957;Music Choice Gospel Hallelujah;Audio;Audio;Si
Puerto Rico;POS_PR;Select;958;Music Choice Tropicales;Audio;Audio;Si
Puerto Rico;POS_PR;Select;959;Music Choice Metal;Audio;Audio;Si
Puerto Rico;POS_PR;Select;960;Music Choice Toddler Tunes;Audio;Audio;Si
Puerto Rico;POS_PR;Select;961;Music Choice Y2k;Audio;Audio;Si
Puerto Rico;POS_PR;Select;962;Music Choice Bluegrass;Audio;Audio;Si
Puerto Rico;POS_PR;Select;963;Music Choice Vietnamese;Audio;Audio;Si
Puerto Rico;POS_PR;Select;964;Music Choice Gospel;Audio;Audio;Si
Puerto Rico;POS_PR;Select;965;Music Choice 60s Movement;Audio;Audio;Si
Puerto Rico;POS_PR;Select;966;Music Choice Filipino;Audio;Audio;Si
Puerto Rico;POS_PR;Select;967;Music Choice Sounds of the Season;Audio;Audio;Si
Puerto Rico;POS_PR;Entertainment Pr;162;Telemundo;HD;Nacional;Si
Puerto Rico;POS_PR;Entertainment Pr;164;WAPA TV;HD;Nacional;Si
Puerto Rico;POS_PR;Entertainment Pr;166;WIPR;SD;Nacional;Si
Puerto Rico;POS_PR;Entertainment Pr;167;Teleislas;SD;Nacional;Si
Puerto Rico;POS_PR;Entertainment Pr;168;TeleOnce HD;HD;Nacional;Si
Puerto Rico;POS_PR;Entertainment Pr;169;Daystar Español;SD;Nacional;Si
Puerto Rico;POS_PR;Entertainment Pr;170;Fox News;HD;Nacional;Si
Puerto Rico;POS_PR;Entertainment Pr;172;ABC5;HD;Nacional;Si
Puerto Rico;POS_PR;Entertainment Pr;174;CBS;HD;Nacional;Si
Puerto Rico;POS_PR;Entertainment Pr;176;NBC PR;HD;Nacional;Si
Puerto Rico;POS_PR;Entertainment Pr;179;Punto 2;HD;Nacional;Si
Puerto Rico;POS_PR;Entertainment Pr;181;TV Dominicana;SD;Nacional;Si
Puerto Rico;POS_PR;Entertainment Pr;182;TV Chile;SD;Nacional;Si
Puerto Rico;POS_PR;Entertainment Pr;183;TeleOro;SD;Nacional;Si
Puerto Rico;POS_PR;Entertainment Pr;185;Telecinco;SD;Local;Si
Puerto Rico;POS_PR;Entertainment Pr;186;UniMás;SD;Local;Si
Puerto Rico;POS_PR;Entertainment Pr;188;QVC;SD;Variedades;Si
Puerto Rico;POS_PR;Entertainment Pr;189;QVC 2;SD;Variedades;Si
Puerto Rico;POS_PR;Entertainment Pr;190;Home Shopping Network (HSN);SD;Variedades;Si
Puerto Rico;POS_PR;Entertainment Pr;191;Home Shopping Network (HSN) 2;SD;Variedades;Si
Puerto Rico;POS_PR;Entertainment Pr;220;Bravo;HD;Variedades;No
Puerto Rico;POS_PR;Entertainment Pr;221;¡Hola! TV;SD;Variedades;No
Puerto Rico;POS_PR;Entertainment Pr;222;E! Entertainment HD;HD;Variedades;No
Puerto Rico;POS_PR;Entertainment Pr;225;Pasiones;SD;Variedades;Si
Puerto Rico;POS_PR;Entertainment Pr;226;QVC;SD;Variedades;Si
Puerto Rico;POS_PR;Entertainment Pr;227;Home Shopping Network (HSN);SD;Variedades;Si
Puerto Rico;POS_PR;Entertainment Pr;228;Food Network;HD;Variedades;No
Puerto Rico;POS_PR;Entertainment Pr;229;Blossom;SD;Variedades;Si
Puerto Rico;POS_PR;Entertainment Pr;230;BET;SD;Variedades;No
Puerto Rico;POS_PR;Entertainment Pr;242;FX HD;HD;Variedades;Si
Puerto Rico;POS_PR;Entertainment Pr;244;TNT;HD;Variedades;No
Puerto Rico;POS_PR;Entertainment Pr;246;USA Network;HD;Variedades;Si
Puerto Rico;POS_PR;Entertainment Pr;248;TBS;HD;Variedades;Si
Puerto Rico;POS_PR;Entertainment Pr;249;TLnovelas;SD;Variedades;Si
Puerto Rico;POS_PR;Entertainment Pr;250;HGTV;HD;Variedades;No
Puerto Rico;POS_PR;Entertainment Pr;252;Freeform;HD;Variedades;No
Puerto Rico;POS_PR;Entertainment Pr;254;Paramount Network;HD;Variedades;Si
Puerto Rico;POS_PR;Entertainment Pr;256;A&E;HD;Variedades;No
Puerto Rico;POS_PR;Entertainment Pr;260;MTV;HD;Variedades;Si
Puerto Rico;POS_PR;Entertainment Pr;261;MTV 2;HD;Variedades;No
Puerto Rico;POS_PR;Entertainment Pr;262;VH1;HD;Variedades;Si
Puerto Rico;POS_PR;Entertainment Pr;263;Comedy Central;HD;Variedades;No
Puerto Rico;POS_PR;Entertainment Pr;264;VICE;SD;Variedades;No
Puerto Rico;POS_PR;Entertainment Pr;267;Cooking Channel;HD;Variedades;No
Puerto Rico;POS_PR;Entertainment Pr;268;So Yummy;SD;Variedades;Si
Puerto Rico;POS_PR;Entertainment Pr;320;Cartoon Network;HD;Infantil;No
Puerto Rico;POS_PR;Entertainment Pr;322;Nickelodeon;HD;Infantil;Si
Puerto Rico;POS_PR;Entertainment Pr;324;Disney Channel;HD;Infantil;No
Puerto Rico;POS_PR;Entertainment Pr;326;Disney XD;HD;Infantil;Si
Puerto Rico;POS_PR;Entertainment Pr;330;Discovery Kids LA;SD;Infantil;Si
Puerto Rico;POS_PR;Entertainment Pr;332;LooLoo Kids;SD;Infantil;Si
Puerto Rico;POS_PR;Entertainment Pr;336;Boomerang;SD;Infantil;Si
Puerto Rico;POS_PR;Entertainment Pr;337;Nick Jr.;HD;Infantil;No
Puerto Rico;POS_PR;Entertainment Pr;338;Vme;SD;Infantil;Si
Puerto Rico;POS_PR;Entertainment Pr;339;Baby First TV;SD;Infantil;Si
Puerto Rico;POS_PR;Entertainment Pr;350;EWTN;SD;Religioso;Si
Puerto Rico;POS_PR;Entertainment Pr;352;Enlace;SD;Religioso;Si
Puerto Rico;POS_PR;Entertainment Pr;354;Christian Television Network (CTN);SD;Religioso;Si
Puerto Rico;POS_PR;Entertainment Pr;462;Playboy TV;SD;Adultos;No
Puerto Rico;POS_PR;Entertainment Pr;465;Brazzers TV;SD;Adultos;No
Puerto Rico;POS_PR;Entertainment Pr;468;Hustler;SD;Adultos;No
Puerto Rico;POS_PR;Entertainment Pr;511;AMC;HD;Cine;No
Puerto Rico;POS_PR;Entertainment Pr;514;Cine Latino;SD;Cine;Si
Puerto Rico;POS_PR;Entertainment Pr;516;De Película;SD;Cine;Si
Puerto Rico;POS_PR;Entertainment Pr;517;Lifetime;HD;Cine;No
Puerto Rico;POS_PR;Entertainment Pr;518;Lifetime Moivie Network;HD;Cine;No
Puerto Rico;POS_PR;Entertainment Pr;520;Hallmark Channel;HD;Cine;Si
Puerto Rico;POS_PR;Entertainment Pr;521;Hallmark Family;HD;Cine;Si
Puerto Rico;POS_PR;Entertainment Pr;522;Hallmark Mistery;SD;Cine;Si
Puerto Rico;POS_PR;Entertainment Pr;550;MGM Mas;HD;Cine;No
Puerto Rico;POS_PR;Entertainment Pr;551;MGM Mas Hits;HD;Cine;No
Puerto Rico;POS_PR;Entertainment Pr;552;MGM Mas Marquee;HD;Cine;No
Puerto Rico;POS_PR;Entertainment Pr;564;HBO;HD;Cine;No
Puerto Rico;POS_PR;Entertainment Pr;565;HBO Hits;HD;Cine;No
Puerto Rico;POS_PR;Entertainment Pr;566;HBO Movie;HD;Cine;No
Puerto Rico;POS_PR;Entertainment Pr;567;HBO Drama;HD;Cine;No
Puerto Rico;POS_PR;Entertainment Pr;569;HBO Comedy;HD;Cine;No
Puerto Rico;POS_PR;Entertainment Pr;570;HBO Latino;HD;Cine;No
Puerto Rico;POS_PR;Entertainment Pr;571;Cinemax;HD;Cine;No
Puerto Rico;POS_PR;Entertainment Pr;572;Cinemax Hits;HD;Cine;No
Puerto Rico;POS_PR;Entertainment Pr;574;Cinemax Action;HD;Cine;No
Puerto Rico;POS_PR;Entertainment Pr;577;Paramount+ with Showtime;HD;Cine;No
Puerto Rico;POS_PR;Entertainment Pr;578;Showtime 2;HD;Cine;No
Puerto Rico;POS_PR;Entertainment Pr;579;Showtime Beyond;HD;Cine;No
Puerto Rico;POS_PR;Entertainment Pr;580;Showcase;HD;Cine;No
Puerto Rico;POS_PR;Entertainment Pr;581;Showtime Extreme;HD;Cine;No
Puerto Rico;POS_PR;Entertainment Pr;582;The Movie Channel;SD;Cine;No
Puerto Rico;POS_PR;Entertainment Pr;585;Starz;HD;Cine;No
Puerto Rico;POS_PR;Entertainment Pr;586;Starz Kids & Family;HD;Cine;No
Puerto Rico;POS_PR;Entertainment Pr;587;Starz Cinema;HD;Cine;No
Puerto Rico;POS_PR;Entertainment Pr;588;Encore Action;SD;Cine;No
Puerto Rico;POS_PR;Entertainment Pr;589;Encore;HD;Cine;No
Puerto Rico;POS_PR;Entertainment Pr;590;Encore Family;SD;Cine;No
Puerto Rico;POS_PR;Entertainment Pr;601;NBA League Pass;HD;Deportes;No
Puerto Rico;POS_PR;Entertainment Pr;619;NBA League Pass;HD;Deportes;No
Puerto Rico;POS_PR;Entertainment Pr;620;NFL Sunday Ticket;HD;Deportes;No
Puerto Rico;POS_PR;Entertainment Pr;639;NFL Sunday Ticket;HD;Deportes;No
Puerto Rico;POS_PR;Entertainment Pr;640;Thursday Night Football;HD;Deportes;No
Puerto Rico;POS_PR;Entertainment Pr;645;ESPN;HD;Deportes;No
Puerto Rico;POS_PR;Entertainment Pr;646;ESPN News;HD;Deportes;No
Puerto Rico;POS_PR;Entertainment Pr;648;ESPN 2;HD;Deportes;No
Puerto Rico;POS_PR;Entertainment Pr;649;ESPN Deportes;HD;Deportes;Si
Puerto Rico;POS_PR;Entertainment Pr;651;Fox Deportes;SD;Deportes;No
Puerto Rico;POS_PR;Entertainment Pr;652;The Tennis Channel;HD;Deportes;No
Puerto Rico;POS_PR;Entertainment Pr;653;NBA TV;HD;Deportes;No
Puerto Rico;POS_PR;Entertainment Pr;654;The Golf Channel;HD;Deportes;No
Puerto Rico;POS_PR;Entertainment Pr;655;Fox Sports;HD;Deportes;Si
Puerto Rico;POS_PR;Entertainment Pr;656;MLB Network;HD;Deportes;No
Puerto Rico;POS_PR;Entertainment Pr;657;WAPA Deportes;HD;Deportes;Si
Puerto Rico;POS_PR;Entertainment Pr;659;Racer Network;HD;Deportes;Si
Puerto Rico;POS_PR;Entertainment Pr;702;CNN;HD;Mundo;No
Puerto Rico;POS_PR;Entertainment Pr;704;CNN en Español;SD;Mundo;Si
Puerto Rico;POS_PR;Entertainment Pr;708;Headline News;HD;Mundo;No
Puerto Rico;POS_PR;Entertainment Pr;710;Bloomberg;HD;Mundo;No
Puerto Rico;POS_PR;Entertainment Pr;712;AccuWeather;HD;Mundo;Si
Puerto Rico;POS_PR;Entertainment Pr;714;Estrella TV;SD;Mundo;Si
Puerto Rico;POS_PR;Entertainment Pr;720;CSPAN2;SD;Mundo;Si
Puerto Rico;POS_PR;Entertainment Pr;730;Nat Geo Mundo;SD;Mundo;Si
Puerto Rico;POS_PR;Entertainment Pr;732;Discovery em Español;SD;Mundo;Si
Puerto Rico;POS_PR;Entertainment Pr;734;Animal Planet LA;SD;Mundo;Si
Puerto Rico;POS_PR;Entertainment Pr;735;Animal Planet US;HD;Mundo;No
Puerto Rico;POS_PR;Entertainment Pr;742;History Andes;SD;Mundo;No
Puerto Rico;POS_PR;Entertainment Pr;744;FYI;HD;Mundo;No
Puerto Rico;POS_PR;Entertainment Pr;745;SyFy;HD;Mundo;No
Puerto Rico;POS_PR;Entertainment Pr;746;Discovery Turbo;HD;Mundo;Si
Puerto Rico;POS_PR;Entertainment Pr;752;Discovery US;HD;Mundo;No
Puerto Rico;POS_PR;Entertainment Pr;754;The Learning Channel;HD;Mundo;No
Puerto Rico;POS_PR;Entertainment Pr;756;History Channel;HD;Mundo;No
Puerto Rico;POS_PR;Entertainment Pr;760;TVE;SD;Variedades;Si
Puerto Rico;POS_PR;Entertainment Pr;762;Antena 3;SD;Mundo;Si
Puerto Rico;POS_PR;Entertainment Pr;764;HITN;SD;Variedades;Si
Puerto Rico;POS_PR;Entertainment Pr;768;BBC América;HD;Mundo;No
Puerto Rico;POS_PR;Entertainment Pr;901;Music Choice Rock Hits;Audio;Audio;Si
Puerto Rico;POS_PR;Entertainment Pr;902;Music Choice 80s Rock;Audio;Audio;Si
Puerto Rico;POS_PR;Entertainment Pr;903;Music Choice Jazz Vocal Hits;Audio;Audio;Si
Puerto Rico;POS_PR;Entertainment Pr;904;Music Choice Country Hits;Audio;Audio;Si
Puerto Rico;POS_PR;Entertainment Pr;905;Music Choice New Age;Audio;Audio;Si
Puerto Rico;POS_PR;Entertainment Pr;906;Music Choice Funk;Audio;Audio;Si
Puerto Rico;POS_PR;Entertainment Pr;907;Music Choice 90s;Audio;Audio;Si
Puerto Rico;POS_PR;Entertainment Pr;908;Music Choice Blues;Audio;Audio;Si
Puerto Rico;POS_PR;Entertainment Pr;909;Music Choice Love Songs;Audio;Audio;Si
Puerto Rico;POS_PR;Entertainment Pr;910;Music Choice Musica Urbana;Audio;Audio;Si
Puerto Rico;POS_PR;Entertainment Pr;911;Music Choice R&B Classics;Audio;Audio;Si
Puerto Rico;POS_PR;Entertainment Pr;912;Music Choice Latin Jazz;Audio;Audio;Si
Puerto Rico;POS_PR;Entertainment Pr;913;Music Choice Soft Rock;Audio;Audio;Si
Puerto Rico;POS_PR;Entertainment Pr;914;Music Choice Rap;Audio;Audio;Si
Puerto Rico;POS_PR;Entertainment Pr;915;Music Choice All Xmas;Audio;Audio;Si
Puerto Rico;POS_PR;Entertainment Pr;916;Music Choice Workout;Audio;Audio;Si
Puerto Rico;POS_PR;Entertainment Pr;917;Music Choice Broadway;Audio;Audio;Si
Puerto Rico;POS_PR;Entertainment Pr;918;Music Choice Adult Alternative;Audio;Audio;Si
Puerto Rico;POS_PR;Entertainment Pr;919;Music Choice Pop Hits;Audio;Audio;Si
Puerto Rico;POS_PR;Entertainment Pr;920;Music Choice New Wave;Audio;Audio;Si
Puerto Rico;POS_PR;Entertainment Pr;921;Music Choice 70s;Audio;Audio;Si
Puerto Rico;POS_PR;Entertainment Pr;922;Music Choice Kidz Only!;Audio;Audio;Si
Puerto Rico;POS_PR;Entertainment Pr;923;Music Choice 80s;Audio;Audio;Si
Puerto Rico;POS_PR;Entertainment Pr;924;Music Choice Rock Latino;Audio;Audio;Si
Puerto Rico;POS_PR;Entertainment Pr;925;Music Choice Retro Workout;Audio;Audio;Si
Puerto Rico;POS_PR;Entertainment Pr;926;Music Choice Contemporary Christian;Audio;Audio;Si
Puerto Rico;POS_PR;Entertainment Pr;927;Music Choice Reggae;Audio;Audio;Si
Puerto Rico;POS_PR;Entertainment Pr;928;Music Choice Alternative;Audio;Audio;Si
Puerto Rico;POS_PR;Entertainment Pr;929;Music Choice Pop & Country;Audio;Audio;Si
Puerto Rico;POS_PR;Entertainment Pr;930;Music Choice Pop Latino;Audio;Audio;Si
Puerto Rico;POS_PR;Entertainment Pr;931;Music Choice Classic Country;Audio;Audio;Si
Puerto Rico;POS_PR;Entertainment Pr;932;Music Choice Big Band;Audio;Audio;Si
Puerto Rico;POS_PR;Entertainment Pr;933;Music Choice Todays Country;Audio;Audio;Si
Puerto Rico;POS_PR;Entertainment Pr;934;Music Choice Hit List;Audio;Audio;Si
Puerto Rico;POS_PR;Entertainment Pr;935;Music Choice Hip-Hop And R&B;Audio;Audio;Si
Puerto Rico;POS_PR;Entertainment Pr;936;Music Choice Teen Beats;Audio;Audio;Si
Puerto Rico;POS_PR;Entertainment Pr;937;Music Choice Coffee Shop Cuts;Audio;Audio;Si
Puerto Rico;POS_PR;Entertainment Pr;938;Music Choice Honky Tonk;Audio;Audio;Si
Puerto Rico;POS_PR;Entertainment Pr;939;Music Choice Soundscapes;Audio;Audio;Si
Puerto Rico;POS_PR;Entertainment Pr;940;Music Choice Light Classical;Audio;Audio;Si
Puerto Rico;POS_PR;Entertainment Pr;941;Music Choice Classic Alternative;Audio;Audio;Si
Puerto Rico;POS_PR;Entertainment Pr;942;Music Choice Indie;Audio;Audio;Si
Puerto Rico;POS_PR;Entertainment Pr;943;Music Choice Malt Shop Favorites;Audio;Audio;Si
Puerto Rico;POS_PR;Entertainment Pr;944;Music Choice Smooth Jazz;Audio;Audio;Si
Puerto Rico;POS_PR;Entertainment Pr;945;Music Choice Contemporary Instrumentals;Audio;Audio;Si
Puerto Rico;POS_PR;Entertainment Pr;946;Music Choice Hard Rock;Audio;Audio;Si
Puerto Rico;POS_PR;Entertainment Pr;947;Music Choice Throwback Jamz;Audio;Audio;Si
Puerto Rico;POS_PR;Entertainment Pr;948;Music Choice Classic Rock;Audio;Audio;Si
Puerto Rico;POS_PR;Entertainment Pr;949;Music Choice Movie Scores;Audio;Audio;Si
Puerto Rico;POS_PR;Entertainment Pr;950;Music Choice Max;Audio;Audio;Si
Puerto Rico;POS_PR;Entertainment Pr;951;Music Choice Mainstream Rap;Audio;Audio;Si
Puerto Rico;POS_PR;Entertainment Pr;952;Music Choice Americana;Audio;Audio;Si
Puerto Rico;POS_PR;Entertainment Pr;953;Music Choice Symphony;Audio;Audio;Si
Puerto Rico;POS_PR;Entertainment Pr;954;Music Choice Dance/EDM;Audio;Audio;Si
Puerto Rico;POS_PR;Entertainment Pr;955;Music Choice Folk;Audio;Audio;Si
Puerto Rico;POS_PR;Entertainment Pr;956;Music Choice Classic Dance;Audio;Audio;Si
Puerto Rico;POS_PR;Entertainment Pr;957;Music Choice Gospel Hallelujah;Audio;Audio;Si
Puerto Rico;POS_PR;Entertainment Pr;958;Music Choice Tropicales;Audio;Audio;Si
Puerto Rico;POS_PR;Entertainment Pr;959;Music Choice Metal;Audio;Audio;Si
Puerto Rico;POS_PR;Entertainment Pr;960;Music Choice Toddler Tunes;Audio;Audio;Si
Puerto Rico;POS_PR;Entertainment Pr;961;Music Choice Y2k;Audio;Audio;Si
Puerto Rico;POS_PR;Entertainment Pr;962;Music Choice Bluegrass;Audio;Audio;Si
Puerto Rico;POS_PR;Entertainment Pr;963;Music Choice Vietnamese;Audio;Audio;Si
Puerto Rico;POS_PR;Entertainment Pr;964;Music Choice Gospel;Audio;Audio;Si
Puerto Rico;POS_PR;Entertainment Pr;965;Music Choice 60s Movement;Audio;Audio;Si
Puerto Rico;POS_PR;Entertainment Pr;966;Music Choice Filipino;Audio;Audio;Si
Puerto Rico;POS_PR;Entertainment Pr;967;Music Choice Sounds of the Season;Audio;Audio;Si
Puerto Rico;POS_PR;Choice;162;Telemundo;HD;Nacional;Si
Puerto Rico;POS_PR;Choice;164;WAPA TV;HD;Nacional;Si
Puerto Rico;POS_PR;Choice;166;WIPR;SD;Nacional;Si
Puerto Rico;POS_PR;Choice;167;Teleislas;SD;Nacional;Si
Puerto Rico;POS_PR;Choice;168;TeleOnce HD;HD;Nacional;Si
Puerto Rico;POS_PR;Choice;169;Daystar Español;SD;Nacional;Si
Puerto Rico;POS_PR;Choice;170;Fox News;HD;Nacional;Si
Puerto Rico;POS_PR;Choice;172;ABC5;HD;Nacional;Si
Puerto Rico;POS_PR;Choice;174;CBS;HD;Nacional;Si
Puerto Rico;POS_PR;Choice;176;NBC PR;HD;Nacional;Si
Puerto Rico;POS_PR;Choice;179;Punto 2;HD;Nacional;Si
Puerto Rico;POS_PR;Choice;181;TV Dominicana;SD;Nacional;Si
Puerto Rico;POS_PR;Choice;182;TV Chile;SD;Nacional;Si
Puerto Rico;POS_PR;Choice;183;TeleOro;SD;Nacional;Si
Puerto Rico;POS_PR;Choice;185;Telecinco;SD;Local;Si
Puerto Rico;POS_PR;Choice;186;UniMás;SD;Local;Si
Puerto Rico;POS_PR;Choice;188;QVC;SD;Variedades;Si
Puerto Rico;POS_PR;Choice;189;QVC 2;SD;Variedades;Si
Puerto Rico;POS_PR;Choice;190;Home Shopping Network (HSN);SD;Variedades;Si
Puerto Rico;POS_PR;Choice;191;Home Shopping Network (HSN) 2;SD;Variedades;Si
Puerto Rico;POS_PR;Choice;220;Bravo;HD;Variedades;Si
Puerto Rico;POS_PR;Choice;221;¡Hola! TV;SD;Variedades;No
Puerto Rico;POS_PR;Choice;222;E! Entertainment HD;HD;Variedades;Si
Puerto Rico;POS_PR;Choice;225;Pasiones;SD;Variedades;Si
Puerto Rico;POS_PR;Choice;226;QVC;SD;Variedades;Si
Puerto Rico;POS_PR;Choice;227;Home Shopping Network (HSN);SD;Variedades;Si
Puerto Rico;POS_PR;Choice;228;Food Network;HD;Variedades;Si
Puerto Rico;POS_PR;Choice;229;Blossom;SD;Variedades;Si
Puerto Rico;POS_PR;Choice;230;BET;SD;Variedades;Si
Puerto Rico;POS_PR;Choice;242;FX HD;HD;Variedades;Si
Puerto Rico;POS_PR;Choice;244;TNT;HD;Variedades;Si
Puerto Rico;POS_PR;Choice;246;USA Network;HD;Variedades;Si
Puerto Rico;POS_PR;Choice;248;TBS;HD;Variedades;Si
Puerto Rico;POS_PR;Choice;249;TLnovelas;SD;Variedades;Si
Puerto Rico;POS_PR;Choice;250;HGTV;HD;Variedades;Si
Puerto Rico;POS_PR;Choice;252;Freeform;HD;Variedades;Si
Puerto Rico;POS_PR;Choice;254;Paramount Network;HD;Variedades;Si
Puerto Rico;POS_PR;Choice;256;A&E;HD;Variedades;Si
Puerto Rico;POS_PR;Choice;260;MTV;HD;Variedades;Si
Puerto Rico;POS_PR;Choice;261;MTV 2;HD;Variedades;Si
Puerto Rico;POS_PR;Choice;262;VH1;HD;Variedades;Si
Puerto Rico;POS_PR;Choice;263;Comedy Central;HD;Variedades;Si
Puerto Rico;POS_PR;Choice;264;VICE;SD;Variedades;Si
Puerto Rico;POS_PR;Choice;267;Cooking Channel;HD;Variedades;No
Puerto Rico;POS_PR;Choice;268;So Yummy;SD;Variedades;Si
Puerto Rico;POS_PR;Choice;320;Cartoon Network;HD;Infantil;Si
Puerto Rico;POS_PR;Choice;322;Nickelodeon;HD;Infantil;Si
Puerto Rico;POS_PR;Choice;324;Disney Channel;HD;Infantil;Si
Puerto Rico;POS_PR;Choice;326;Disney XD;HD;Infantil;Si
Puerto Rico;POS_PR;Choice;330;Discovery Kids LA;SD;Infantil;Si
Puerto Rico;POS_PR;Choice;332;LooLoo Kids;SD;Infantil;Si
Puerto Rico;POS_PR;Choice;336;Boomerang;SD;Infantil;Si
Puerto Rico;POS_PR;Choice;337;Nick Jr.;HD;Infantil;Si
Puerto Rico;POS_PR;Choice;338;Vme;SD;Infantil;Si
Puerto Rico;POS_PR;Choice;339;Baby First TV;SD;Infantil;Si
Puerto Rico;POS_PR;Choice;350;EWTN;SD;Religioso;Si
Puerto Rico;POS_PR;Choice;352;Enlace;SD;Religioso;Si
Puerto Rico;POS_PR;Choice;354;Christian Television Network (CTN);SD;Religioso;Si
Puerto Rico;POS_PR;Choice;462;Playboy TV;SD;Adultos;No
Puerto Rico;POS_PR;Choice;465;Brazzers TV;SD;Adultos;No
Puerto Rico;POS_PR;Choice;468;Hustler;SD;Adultos;No
Puerto Rico;POS_PR;Choice;511;AMC;HD;Cine;Si
Puerto Rico;POS_PR;Choice;514;Cine Latino;SD;Cine;No
Puerto Rico;POS_PR;Choice;516;De Película;SD;Cine;Si
Puerto Rico;POS_PR;Choice;517;Lifetime;HD;Cine;Si
Puerto Rico;POS_PR;Choice;518;Lifetime Moivie Network;HD;Cine;No
Puerto Rico;POS_PR;Choice;520;Hallmark Channel;HD;Cine;Si
Puerto Rico;POS_PR;Choice;521;Hallmark Family;HD;Cine;Si
Puerto Rico;POS_PR;Choice;522;Hallmark Mistery;SD;Cine;Si
Puerto Rico;POS_PR;Choice;550;MGM Mas;HD;Cine;No
Puerto Rico;POS_PR;Choice;551;MGM Mas Hits;HD;Cine;No
Puerto Rico;POS_PR;Choice;552;MGM Mas Marquee;HD;Cine;No
Puerto Rico;POS_PR;Choice;564;HBO;HD;Cine;No
Puerto Rico;POS_PR;Choice;565;HBO Hits;HD;Cine;No
Puerto Rico;POS_PR;Choice;566;HBO Movie;HD;Cine;No
Puerto Rico;POS_PR;Choice;567;HBO Drama;HD;Cine;No
Puerto Rico;POS_PR;Choice;569;HBO Comedy;HD;Cine;No
Puerto Rico;POS_PR;Choice;570;HBO Latino;HD;Cine;No
Puerto Rico;POS_PR;Choice;571;Cinemax;HD;Cine;No
Puerto Rico;POS_PR;Choice;572;Cinemax Hits;HD;Cine;No
Puerto Rico;POS_PR;Choice;574;Cinemax Action;HD;Cine;No
Puerto Rico;POS_PR;Choice;577;Paramount+ with Showtime;HD;Cine;No
Puerto Rico;POS_PR;Choice;578;Showtime 2;HD;Cine;No
Puerto Rico;POS_PR;Choice;579;Showtime Beyond;HD;Cine;No
Puerto Rico;POS_PR;Choice;580;Showcase;HD;Cine;No
Puerto Rico;POS_PR;Choice;581;Showtime Extreme;HD;Cine;No
Puerto Rico;POS_PR;Choice;582;The Movie Channel;SD;Cine;No
Puerto Rico;POS_PR;Choice;585;Starz;HD;Cine;No
Puerto Rico;POS_PR;Choice;586;Starz Kids & Family;HD;Cine;No
Puerto Rico;POS_PR;Choice;587;Starz Cinema;HD;Cine;No
Puerto Rico;POS_PR;Choice;588;Encore Action;SD;Cine;No
Puerto Rico;POS_PR;Choice;589;Encore;HD;Cine;No
Puerto Rico;POS_PR;Choice;590;Encore Family;SD;Cine;No
Puerto Rico;POS_PR;Choice;601;NBA League Pass;HD;Deportes;No
Puerto Rico;POS_PR;Choice;619;NBA League Pass;HD;Deportes;No
Puerto Rico;POS_PR;Choice;620;NFL Sunday Ticket;HD;Deportes;No
Puerto Rico;POS_PR;Choice;639;NFL Sunday Ticket;HD;Deportes;No
Puerto Rico;POS_PR;Choice;640;Thursday Night Football;HD;Deportes;No
Puerto Rico;POS_PR;Choice;645;ESPN;HD;Deportes;Si
Puerto Rico;POS_PR;Choice;646;ESPN News;HD;Deportes;Si
Puerto Rico;POS_PR;Choice;648;ESPN 2;HD;Deportes;Si
Puerto Rico;POS_PR;Choice;649;ESPN Deportes;HD;Deportes;Si
Puerto Rico;POS_PR;Choice;651;Fox Deportes;SD;Deportes;Si
Puerto Rico;POS_PR;Choice;652;The Tennis Channel;HD;Deportes;No
Puerto Rico;POS_PR;Choice;653;NBA TV;HD;Deportes;Si
Puerto Rico;POS_PR;Choice;654;The Golf Channel;HD;Deportes;No
Puerto Rico;POS_PR;Choice;655;Fox Sports;HD;Deportes;Si
Puerto Rico;POS_PR;Choice;656;MLB Network;HD;Deportes;Si
Puerto Rico;POS_PR;Choice;657;WAPA Deportes;HD;Deportes;Si
Puerto Rico;POS_PR;Choice;659;Racer Network;HD;Deportes;Si
Puerto Rico;POS_PR;Choice;702;CNN;HD;Mundo;Si
Puerto Rico;POS_PR;Choice;704;CNN en Español;SD;Mundo;Si
Puerto Rico;POS_PR;Choice;708;Headline News;HD;Mundo;Si
Puerto Rico;POS_PR;Choice;710;Bloomberg;HD;Mundo;No
Puerto Rico;POS_PR;Choice;712;AccuWeather;HD;Mundo;Si
Puerto Rico;POS_PR;Choice;714;Estrella TV;SD;Mundo;Si
Puerto Rico;POS_PR;Choice;720;CSPAN2;SD;Mundo;Si
Puerto Rico;POS_PR;Choice;730;Nat Geo Mundo;SD;Mundo;Si
Puerto Rico;POS_PR;Choice;732;Discovery em Español;SD;Mundo;Si
Puerto Rico;POS_PR;Choice;734;Animal Planet LA;SD;Mundo;Si
Puerto Rico;POS_PR;Choice;735;Animal Planet US;HD;Mundo;Si
Puerto Rico;POS_PR;Choice;742;History Andes;SD;Mundo;Si
Puerto Rico;POS_PR;Choice;744;FYI;HD;Mundo;Si
Puerto Rico;POS_PR;Choice;745;SyFy;HD;Mundo;Si
Puerto Rico;POS_PR;Choice;746;Discovery Turbo;HD;Mundo;Si
Puerto Rico;POS_PR;Choice;752;Discovery US;HD;Mundo;Si
Puerto Rico;POS_PR;Choice;754;The Learning Channel;HD;Mundo;Si
Puerto Rico;POS_PR;Choice;756;History Channel;HD;Mundo;Si
Puerto Rico;POS_PR;Choice;760;TVE;SD;Variedades;Si
Puerto Rico;POS_PR;Choice;762;Antena 3;SD;Mundo;No
Puerto Rico;POS_PR;Choice;764;HITN;SD;Variedades;Si
Puerto Rico;POS_PR;Choice;768;BBC América;HD;Mundo;No
Puerto Rico;POS_PR;Choice;901;Music Choice Rock Hits;Audio;Audio;Si
Puerto Rico;POS_PR;Choice;902;Music Choice 80s Rock;Audio;Audio;Si
Puerto Rico;POS_PR;Choice;903;Music Choice Jazz Vocal Hits;Audio;Audio;Si
Puerto Rico;POS_PR;Choice;904;Music Choice Country Hits;Audio;Audio;Si
Puerto Rico;POS_PR;Choice;905;Music Choice New Age;Audio;Audio;Si
Puerto Rico;POS_PR;Choice;906;Music Choice Funk;Audio;Audio;Si
Puerto Rico;POS_PR;Choice;907;Music Choice 90s;Audio;Audio;Si
Puerto Rico;POS_PR;Choice;908;Music Choice Blues;Audio;Audio;Si
Puerto Rico;POS_PR;Choice;909;Music Choice Love Songs;Audio;Audio;Si
Puerto Rico;POS_PR;Choice;910;Music Choice Musica Urbana;Audio;Audio;Si
Puerto Rico;POS_PR;Choice;911;Music Choice R&B Classics;Audio;Audio;Si
Puerto Rico;POS_PR;Choice;912;Music Choice Latin Jazz;Audio;Audio;Si
Puerto Rico;POS_PR;Choice;913;Music Choice Soft Rock;Audio;Audio;Si
Puerto Rico;POS_PR;Choice;914;Music Choice Rap;Audio;Audio;Si
Puerto Rico;POS_PR;Choice;915;Music Choice All Xmas;Audio;Audio;Si
Puerto Rico;POS_PR;Choice;916;Music Choice Workout;Audio;Audio;Si
Puerto Rico;POS_PR;Choice;917;Music Choice Broadway;Audio;Audio;Si
Puerto Rico;POS_PR;Choice;918;Music Choice Adult Alternative;Audio;Audio;Si
Puerto Rico;POS_PR;Choice;919;Music Choice Pop Hits;Audio;Audio;Si
Puerto Rico;POS_PR;Choice;920;Music Choice New Wave;Audio;Audio;Si
Puerto Rico;POS_PR;Choice;921;Music Choice 70s;Audio;Audio;Si
Puerto Rico;POS_PR;Choice;922;Music Choice Kidz Only!;Audio;Audio;Si
Puerto Rico;POS_PR;Choice;923;Music Choice 80s;Audio;Audio;Si
Puerto Rico;POS_PR;Choice;924;Music Choice Rock Latino;Audio;Audio;Si
Puerto Rico;POS_PR;Choice;925;Music Choice Retro Workout;Audio;Audio;Si
Puerto Rico;POS_PR;Choice;926;Music Choice Contemporary Christian;Audio;Audio;Si
Puerto Rico;POS_PR;Choice;927;Music Choice Reggae;Audio;Audio;Si
Puerto Rico;POS_PR;Choice;928;Music Choice Alternative;Audio;Audio;Si
Puerto Rico;POS_PR;Choice;929;Music Choice Pop & Country;Audio;Audio;Si
Puerto Rico;POS_PR;Choice;930;Music Choice Pop Latino;Audio;Audio;Si
Puerto Rico;POS_PR;Choice;931;Music Choice Classic Country;Audio;Audio;Si
Puerto Rico;POS_PR;Choice;932;Music Choice Big Band;Audio;Audio;Si
Puerto Rico;POS_PR;Choice;933;Music Choice Todays Country;Audio;Audio;Si
Puerto Rico;POS_PR;Choice;934;Music Choice Hit List;Audio;Audio;Si
Puerto Rico;POS_PR;Choice;935;Music Choice Hip-Hop And R&B;Audio;Audio;Si
Puerto Rico;POS_PR;Choice;936;Music Choice Teen Beats;Audio;Audio;Si
Puerto Rico;POS_PR;Choice;937;Music Choice Coffee Shop Cuts;Audio;Audio;Si
Puerto Rico;POS_PR;Choice;938;Music Choice Honky Tonk;Audio;Audio;Si
Puerto Rico;POS_PR;Choice;939;Music Choice Soundscapes;Audio;Audio;Si
Puerto Rico;POS_PR;Choice;940;Music Choice Light Classical;Audio;Audio;Si
Puerto Rico;POS_PR;Choice;941;Music Choice Classic Alternative;Audio;Audio;Si
Puerto Rico;POS_PR;Choice;942;Music Choice Indie;Audio;Audio;Si
Puerto Rico;POS_PR;Choice;943;Music Choice Malt Shop Favorites;Audio;Audio;Si
Puerto Rico;POS_PR;Choice;944;Music Choice Smooth Jazz;Audio;Audio;Si
Puerto Rico;POS_PR;Choice;945;Music Choice Contemporary Instrumentals;Audio;Audio;Si
Puerto Rico;POS_PR;Choice;946;Music Choice Hard Rock;Audio;Audio;Si
Puerto Rico;POS_PR;Choice;947;Music Choice Throwback Jamz;Audio;Audio;Si
Puerto Rico;POS_PR;Choice;948;Music Choice Classic Rock;Audio;Audio;Si
Puerto Rico;POS_PR;Choice;949;Music Choice Movie Scores;Audio;Audio;Si
Puerto Rico;POS_PR;Choice;950;Music Choice Max;Audio;Audio;Si
Puerto Rico;POS_PR;Choice;951;Music Choice Mainstream Rap;Audio;Audio;Si
Puerto Rico;POS_PR;Choice;952;Music Choice Americana;Audio;Audio;Si
Puerto Rico;POS_PR;Choice;953;Music Choice Symphony;Audio;Audio;Si
Puerto Rico;POS_PR;Choice;954;Music Choice Dance/EDM;Audio;Audio;Si
Puerto Rico;POS_PR;Choice;955;Music Choice Folk;Audio;Audio;Si
Puerto Rico;POS_PR;Choice;956;Music Choice Classic Dance;Audio;Audio;Si
Puerto Rico;POS_PR;Choice;957;Music Choice Gospel Hallelujah;Audio;Audio;Si
Puerto Rico;POS_PR;Choice;958;Music Choice Tropicales;Audio;Audio;Si
Puerto Rico;POS_PR;Choice;959;Music Choice Metal;Audio;Audio;Si
Puerto Rico;POS_PR;Choice;960;Music Choice Toddler Tunes;Audio;Audio;Si
Puerto Rico;POS_PR;Choice;961;Music Choice Y2k;Audio;Audio;Si
Puerto Rico;POS_PR;Choice;962;Music Choice Bluegrass;Audio;Audio;Si
Puerto Rico;POS_PR;Choice;963;Music Choice Vietnamese;Audio;Audio;Si
Puerto Rico;POS_PR;Choice;964;Music Choice Gospel;Audio;Audio;Si
Puerto Rico;POS_PR;Choice;965;Music Choice 60s Movement;Audio;Audio;Si
Puerto Rico;POS_PR;Choice;966;Music Choice Filipino;Audio;Audio;Si
Puerto Rico;POS_PR;Choice;967;Music Choice Sounds of the Season;Audio;Audio;Si
Puerto Rico;POS_PR;Extra Pr;162;Telemundo;HD;Nacional;Si
Puerto Rico;POS_PR;Extra Pr;164;WAPA TV;HD;Nacional;Si
Puerto Rico;POS_PR;Extra Pr;166;WIPR;SD;Nacional;Si
Puerto Rico;POS_PR;Extra Pr;167;Teleislas;SD;Nacional;Si
Puerto Rico;POS_PR;Extra Pr;168;TeleOnce HD;HD;Nacional;Si
Puerto Rico;POS_PR;Extra Pr;169;Daystar Español;SD;Nacional;Si
Puerto Rico;POS_PR;Extra Pr;170;Fox News;HD;Nacional;Si
Puerto Rico;POS_PR;Extra Pr;172;ABC5;HD;Nacional;Si
Puerto Rico;POS_PR;Extra Pr;174;CBS;HD;Nacional;Si
Puerto Rico;POS_PR;Extra Pr;176;NBC PR;HD;Nacional;Si
Puerto Rico;POS_PR;Extra Pr;179;Punto 2;HD;Nacional;Si
Puerto Rico;POS_PR;Extra Pr;181;TV Dominicana;SD;Nacional;Si
Puerto Rico;POS_PR;Extra Pr;182;TV Chile;SD;Nacional;Si
Puerto Rico;POS_PR;Extra Pr;183;TeleOro;SD;Nacional;Si
Puerto Rico;POS_PR;Extra Pr;185;Telecinco;SD;Local;Si
Puerto Rico;POS_PR;Extra Pr;186;UniMás;SD;Local;Si
Puerto Rico;POS_PR;Extra Pr;188;QVC;SD;Variedades;Si
Puerto Rico;POS_PR;Extra Pr;189;QVC 2;SD;Variedades;Si
Puerto Rico;POS_PR;Extra Pr;190;Home Shopping Network (HSN);SD;Variedades;Si
Puerto Rico;POS_PR;Extra Pr;191;Home Shopping Network (HSN) 2;SD;Variedades;Si
Puerto Rico;POS_PR;Extra Pr;220;Bravo;HD;Variedades;Si
Puerto Rico;POS_PR;Extra Pr;221;¡Hola! TV;SD;Variedades;Si
Puerto Rico;POS_PR;Extra Pr;222;E! Entertainment HD;HD;Variedades;Si
Puerto Rico;POS_PR;Extra Pr;225;Pasiones;SD;Variedades;Si
Puerto Rico;POS_PR;Extra Pr;226;QVC;SD;Variedades;Si
Puerto Rico;POS_PR;Extra Pr;227;Home Shopping Network (HSN);SD;Variedades;Si
Puerto Rico;POS_PR;Extra Pr;228;Food Network;HD;Variedades;Si
Puerto Rico;POS_PR;Extra Pr;229;Blossom;SD;Variedades;Si
Puerto Rico;POS_PR;Extra Pr;230;BET;SD;Variedades;Si
Puerto Rico;POS_PR;Extra Pr;242;FX HD;HD;Variedades;Si
Puerto Rico;POS_PR;Extra Pr;244;TNT;HD;Variedades;Si
Puerto Rico;POS_PR;Extra Pr;246;USA Network;HD;Variedades;Si
Puerto Rico;POS_PR;Extra Pr;248;TBS;HD;Variedades;Si
Puerto Rico;POS_PR;Extra Pr;249;TLnovelas;SD;Variedades;Si
Puerto Rico;POS_PR;Extra Pr;250;HGTV;HD;Variedades;Si
Puerto Rico;POS_PR;Extra Pr;252;Freeform;HD;Variedades;Si
Puerto Rico;POS_PR;Extra Pr;254;Paramount Network;HD;Variedades;Si
Puerto Rico;POS_PR;Extra Pr;256;A&E;HD;Variedades;Si
Puerto Rico;POS_PR;Extra Pr;260;MTV;HD;Variedades;Si
Puerto Rico;POS_PR;Extra Pr;261;MTV 2;HD;Variedades;Si
Puerto Rico;POS_PR;Extra Pr;262;VH1;HD;Variedades;Si
Puerto Rico;POS_PR;Extra Pr;263;Comedy Central;HD;Variedades;Si
Puerto Rico;POS_PR;Extra Pr;264;VICE;SD;Variedades;Si
Puerto Rico;POS_PR;Extra Pr;267;Cooking Channel;HD;Variedades;Si
Puerto Rico;POS_PR;Extra Pr;268;So Yummy;SD;Variedades;Si
Puerto Rico;POS_PR;Extra Pr;320;Cartoon Network;HD;Infantil;Si
Puerto Rico;POS_PR;Extra Pr;322;Nickelodeon;HD;Infantil;Si
Puerto Rico;POS_PR;Extra Pr;324;Disney Channel;HD;Infantil;Si
Puerto Rico;POS_PR;Extra Pr;326;Disney XD;HD;Infantil;Si
Puerto Rico;POS_PR;Extra Pr;330;Discovery Kids LA;SD;Infantil;Si
Puerto Rico;POS_PR;Extra Pr;332;LooLoo Kids;SD;Infantil;Si
Puerto Rico;POS_PR;Extra Pr;336;Boomerang;SD;Infantil;Si
Puerto Rico;POS_PR;Extra Pr;337;Nick Jr.;HD;Infantil;Si
Puerto Rico;POS_PR;Extra Pr;338;Vme;SD;Infantil;Si
Puerto Rico;POS_PR;Extra Pr;339;Baby First TV;SD;Infantil;Si
Puerto Rico;POS_PR;Extra Pr;350;EWTN;SD;Religioso;Si
Puerto Rico;POS_PR;Extra Pr;352;Enlace;SD;Religioso;Si
Puerto Rico;POS_PR;Extra Pr;354;Christian Television Network (CTN);SD;Religioso;Si
Puerto Rico;POS_PR;Extra Pr;462;Playboy TV;SD;Adultos;No
Puerto Rico;POS_PR;Extra Pr;465;Brazzers TV;SD;Adultos;No
Puerto Rico;POS_PR;Extra Pr;468;Hustler;SD;Adultos;No
Puerto Rico;POS_PR;Extra Pr;511;AMC;HD;Cine;Si
Puerto Rico;POS_PR;Extra Pr;514;Cine Latino;SD;Cine;Si
Puerto Rico;POS_PR;Extra Pr;516;De Película;SD;Cine;Si
Puerto Rico;POS_PR;Extra Pr;517;Lifetime;HD;Cine;Si
Puerto Rico;POS_PR;Extra Pr;518;Lifetime Moivie Network;HD;Cine;Si
Puerto Rico;POS_PR;Extra Pr;520;Hallmark Channel;HD;Cine;Si
Puerto Rico;POS_PR;Extra Pr;521;Hallmark Family;HD;Cine;Si
Puerto Rico;POS_PR;Extra Pr;522;Hallmark Mistery;SD;Cine;Si
Puerto Rico;POS_PR;Extra Pr;550;MGM Mas;HD;Cine;No
Puerto Rico;POS_PR;Extra Pr;551;MGM Mas Hits;HD;Cine;No
Puerto Rico;POS_PR;Extra Pr;552;MGM Mas Marquee;HD;Cine;No
Puerto Rico;POS_PR;Extra Pr;564;HBO;HD;Cine;No
Puerto Rico;POS_PR;Extra Pr;565;HBO Hits;HD;Cine;No
Puerto Rico;POS_PR;Extra Pr;566;HBO Movie;HD;Cine;No
Puerto Rico;POS_PR;Extra Pr;567;HBO Drama;HD;Cine;No
Puerto Rico;POS_PR;Extra Pr;569;HBO Comedy;HD;Cine;No
Puerto Rico;POS_PR;Extra Pr;570;HBO Latino;HD;Cine;No
Puerto Rico;POS_PR;Extra Pr;571;Cinemax;HD;Cine;No
Puerto Rico;POS_PR;Extra Pr;572;Cinemax Hits;HD;Cine;No
Puerto Rico;POS_PR;Extra Pr;574;Cinemax Action;HD;Cine;No
Puerto Rico;POS_PR;Extra Pr;577;Paramount+ with Showtime;HD;Cine;No
Puerto Rico;POS_PR;Extra Pr;578;Showtime 2;HD;Cine;No
Puerto Rico;POS_PR;Extra Pr;579;Showtime Beyond;HD;Cine;No
Puerto Rico;POS_PR;Extra Pr;580;Showcase;HD;Cine;No
Puerto Rico;POS_PR;Extra Pr;581;Showtime Extreme;HD;Cine;No
Puerto Rico;POS_PR;Extra Pr;582;The Movie Channel;SD;Cine;No
Puerto Rico;POS_PR;Extra Pr;585;Starz;HD;Cine;No
Puerto Rico;POS_PR;Extra Pr;586;Starz Kids & Family;HD;Cine;No
Puerto Rico;POS_PR;Extra Pr;587;Starz Cinema;HD;Cine;No
Puerto Rico;POS_PR;Extra Pr;588;Encore Action;SD;Cine;No
Puerto Rico;POS_PR;Extra Pr;589;Encore;HD;Cine;No
Puerto Rico;POS_PR;Extra Pr;590;Encore Family;SD;Cine;No
Puerto Rico;POS_PR;Extra Pr;601;NBA League Pass;HD;Deportes;No
Puerto Rico;POS_PR;Extra Pr;619;NBA League Pass;HD;Deportes;No
Puerto Rico;POS_PR;Extra Pr;620;NFL Sunday Ticket;HD;Deportes;No
Puerto Rico;POS_PR;Extra Pr;639;NFL Sunday Ticket;HD;Deportes;No
Puerto Rico;POS_PR;Extra Pr;640;Thursday Night Football;HD;Deportes;No
Puerto Rico;POS_PR;Extra Pr;645;ESPN;HD;Deportes;Si
Puerto Rico;POS_PR;Extra Pr;646;ESPN News;HD;Deportes;Si
Puerto Rico;POS_PR;Extra Pr;648;ESPN 2;HD;Deportes;Si
Puerto Rico;POS_PR;Extra Pr;649;ESPN Deportes;HD;Deportes;Si
Puerto Rico;POS_PR;Extra Pr;651;Fox Deportes;SD;Deportes;Si
Puerto Rico;POS_PR;Extra Pr;652;The Tennis Channel;HD;Deportes;Si
Puerto Rico;POS_PR;Extra Pr;653;NBA TV;HD;Deportes;Si
Puerto Rico;POS_PR;Extra Pr;654;The Golf Channel;HD;Deportes;Si
Puerto Rico;POS_PR;Extra Pr;655;Fox Sports;HD;Deportes;Si
Puerto Rico;POS_PR;Extra Pr;656;MLB Network;HD;Deportes;Si
Puerto Rico;POS_PR;Extra Pr;657;WAPA Deportes;HD;Deportes;Si
Puerto Rico;POS_PR;Extra Pr;659;Racer Network;HD;Deportes;Si
Puerto Rico;POS_PR;Extra Pr;702;CNN;HD;Mundo;Si
Puerto Rico;POS_PR;Extra Pr;704;CNN en Español;SD;Mundo;Si
Puerto Rico;POS_PR;Extra Pr;708;Headline News;HD;Mundo;Si
Puerto Rico;POS_PR;Extra Pr;710;Bloomberg;HD;Mundo;Si
Puerto Rico;POS_PR;Extra Pr;712;AccuWeather;HD;Mundo;Si
Puerto Rico;POS_PR;Extra Pr;714;Estrella TV;SD;Mundo;Si
Puerto Rico;POS_PR;Extra Pr;720;CSPAN2;SD;Mundo;Si
Puerto Rico;POS_PR;Extra Pr;730;Nat Geo Mundo;SD;Mundo;Si
Puerto Rico;POS_PR;Extra Pr;732;Discovery em Español;SD;Mundo;Si
Puerto Rico;POS_PR;Extra Pr;734;Animal Planet LA;SD;Mundo;Si
Puerto Rico;POS_PR;Extra Pr;735;Animal Planet US;HD;Mundo;Si
Puerto Rico;POS_PR;Extra Pr;742;History Andes;SD;Mundo;Si
Puerto Rico;POS_PR;Extra Pr;744;FYI;HD;Mundo;Si
Puerto Rico;POS_PR;Extra Pr;745;SyFy;HD;Mundo;Si
Puerto Rico;POS_PR;Extra Pr;746;Discovery Turbo;HD;Mundo;Si
Puerto Rico;POS_PR;Extra Pr;752;Discovery US;HD;Mundo;Si
Puerto Rico;POS_PR;Extra Pr;754;The Learning Channel;HD;Mundo;Si
Puerto Rico;POS_PR;Extra Pr;756;History Channel;HD;Mundo;Si
Puerto Rico;POS_PR;Extra Pr;760;TVE;SD;Variedades;Si
Puerto Rico;POS_PR;Extra Pr;762;Antena 3;SD;Mundo;Si
Puerto Rico;POS_PR;Extra Pr;764;HITN;SD;Variedades;Si
Puerto Rico;POS_PR;Extra Pr;768;BBC América;HD;Mundo;Si
Puerto Rico;POS_PR;Extra Pr;901;Music Choice Rock Hits;Audio;Audio;Si
Puerto Rico;POS_PR;Extra Pr;902;Music Choice 80s Rock;Audio;Audio;Si
Puerto Rico;POS_PR;Extra Pr;903;Music Choice Jazz Vocal Hits;Audio;Audio;Si
Puerto Rico;POS_PR;Extra Pr;904;Music Choice Country Hits;Audio;Audio;Si
Puerto Rico;POS_PR;Extra Pr;905;Music Choice New Age;Audio;Audio;Si
Puerto Rico;POS_PR;Extra Pr;906;Music Choice Funk;Audio;Audio;Si
Puerto Rico;POS_PR;Extra Pr;907;Music Choice 90s;Audio;Audio;Si
Puerto Rico;POS_PR;Extra Pr;908;Music Choice Blues;Audio;Audio;Si
Puerto Rico;POS_PR;Extra Pr;909;Music Choice Love Songs;Audio;Audio;Si
Puerto Rico;POS_PR;Extra Pr;910;Music Choice Musica Urbana;Audio;Audio;Si
Puerto Rico;POS_PR;Extra Pr;911;Music Choice R&B Classics;Audio;Audio;Si
Puerto Rico;POS_PR;Extra Pr;912;Music Choice Latin Jazz;Audio;Audio;Si
Puerto Rico;POS_PR;Extra Pr;913;Music Choice Soft Rock;Audio;Audio;Si
Puerto Rico;POS_PR;Extra Pr;914;Music Choice Rap;Audio;Audio;Si
Puerto Rico;POS_PR;Extra Pr;915;Music Choice All Xmas;Audio;Audio;Si
Puerto Rico;POS_PR;Extra Pr;916;Music Choice Workout;Audio;Audio;Si
Puerto Rico;POS_PR;Extra Pr;917;Music Choice Broadway;Audio;Audio;Si
Puerto Rico;POS_PR;Extra Pr;918;Music Choice Adult Alternative;Audio;Audio;Si
Puerto Rico;POS_PR;Extra Pr;919;Music Choice Pop Hits;Audio;Audio;Si
Puerto Rico;POS_PR;Extra Pr;920;Music Choice New Wave;Audio;Audio;Si
Puerto Rico;POS_PR;Extra Pr;921;Music Choice 70s;Audio;Audio;Si
Puerto Rico;POS_PR;Extra Pr;922;Music Choice Kidz Only!;Audio;Audio;Si
Puerto Rico;POS_PR;Extra Pr;923;Music Choice 80s;Audio;Audio;Si
Puerto Rico;POS_PR;Extra Pr;924;Music Choice Rock Latino;Audio;Audio;Si
Puerto Rico;POS_PR;Extra Pr;925;Music Choice Retro Workout;Audio;Audio;Si
Puerto Rico;POS_PR;Extra Pr;926;Music Choice Contemporary Christian;Audio;Audio;Si
Puerto Rico;POS_PR;Extra Pr;927;Music Choice Reggae;Audio;Audio;Si
Puerto Rico;POS_PR;Extra Pr;928;Music Choice Alternative;Audio;Audio;Si
Puerto Rico;POS_PR;Extra Pr;929;Music Choice Pop & Country;Audio;Audio;Si
Puerto Rico;POS_PR;Extra Pr;930;Music Choice Pop Latino;Audio;Audio;Si
Puerto Rico;POS_PR;Extra Pr;931;Music Choice Classic Country;Audio;Audio;Si
Puerto Rico;POS_PR;Extra Pr;932;Music Choice Big Band;Audio;Audio;Si
Puerto Rico;POS_PR;Extra Pr;933;Music Choice Todays Country;Audio;Audio;Si
Puerto Rico;POS_PR;Extra Pr;934;Music Choice Hit List;Audio;Audio;Si
Puerto Rico;POS_PR;Extra Pr;935;Music Choice Hip-Hop And R&B;Audio;Audio;Si
Puerto Rico;POS_PR;Extra Pr;936;Music Choice Teen Beats;Audio;Audio;Si
Puerto Rico;POS_PR;Extra Pr;937;Music Choice Coffee Shop Cuts;Audio;Audio;Si
Puerto Rico;POS_PR;Extra Pr;938;Music Choice Honky Tonk;Audio;Audio;Si
Puerto Rico;POS_PR;Extra Pr;939;Music Choice Soundscapes;Audio;Audio;Si
Puerto Rico;POS_PR;Extra Pr;940;Music Choice Light Classical;Audio;Audio;Si
Puerto Rico;POS_PR;Extra Pr;941;Music Choice Classic Alternative;Audio;Audio;Si
Puerto Rico;POS_PR;Extra Pr;942;Music Choice Indie;Audio;Audio;Si
Puerto Rico;POS_PR;Extra Pr;943;Music Choice Malt Shop Favorites;Audio;Audio;Si
Puerto Rico;POS_PR;Extra Pr;944;Music Choice Smooth Jazz;Audio;Audio;Si
Puerto Rico;POS_PR;Extra Pr;945;Music Choice Contemporary Instrumentals;Audio;Audio;Si
Puerto Rico;POS_PR;Extra Pr;946;Music Choice Hard Rock;Audio;Audio;Si
Puerto Rico;POS_PR;Extra Pr;947;Music Choice Throwback Jamz;Audio;Audio;Si
Puerto Rico;POS_PR;Extra Pr;948;Music Choice Classic Rock;Audio;Audio;Si
Puerto Rico;POS_PR;Extra Pr;949;Music Choice Movie Scores;Audio;Audio;Si
Puerto Rico;POS_PR;Extra Pr;950;Music Choice Max;Audio;Audio;Si
Puerto Rico;POS_PR;Extra Pr;951;Music Choice Mainstream Rap;Audio;Audio;Si
Puerto Rico;POS_PR;Extra Pr;952;Music Choice Americana;Audio;Audio;Si
Puerto Rico;POS_PR;Extra Pr;953;Music Choice Symphony;Audio;Audio;Si
Puerto Rico;POS_PR;Extra Pr;954;Music Choice Dance/EDM;Audio;Audio;Si
Puerto Rico;POS_PR;Extra Pr;955;Music Choice Folk;Audio;Audio;Si
Puerto Rico;POS_PR;Extra Pr;956;Music Choice Classic Dance;Audio;Audio;Si
Puerto Rico;POS_PR;Extra Pr;957;Music Choice Gospel Hallelujah;Audio;Audio;Si
Puerto Rico;POS_PR;Extra Pr;958;Music Choice Tropicales;Audio;Audio;Si
Puerto Rico;POS_PR;Extra Pr;959;Music Choice Metal;Audio;Audio;Si
Puerto Rico;POS_PR;Extra Pr;960;Music Choice Toddler Tunes;Audio;Audio;Si
Puerto Rico;POS_PR;Extra Pr;961;Music Choice Y2k;Audio;Audio;Si
Puerto Rico;POS_PR;Extra Pr;962;Music Choice Bluegrass;Audio;Audio;Si
Puerto Rico;POS_PR;Extra Pr;963;Music Choice Vietnamese;Audio;Audio;Si
Puerto Rico;POS_PR;Extra Pr;964;Music Choice Gospel;Audio;Audio;Si
Puerto Rico;POS_PR;Extra Pr;965;Music Choice 60s Movement;Audio;Audio;Si
Puerto Rico;POS_PR;Extra Pr;966;Music Choice Filipino;Audio;Audio;Si
Puerto Rico;POS_PR;Extra Pr;967;Music Choice Sounds of the Season;Audio;Audio;Si
Puerto Rico;POS_PR;Escuela Plus;162;Telemundo;HD;Nacional;Si
Puerto Rico;POS_PR;Escuela Plus;164;WAPA TV;HD;Nacional;Si
Puerto Rico;POS_PR;Escuela Plus;166;WIPR;SD;Nacional;Si
Puerto Rico;POS_PR;Escuela Plus;167;Teleislas;SD;Nacional;Si
Puerto Rico;POS_PR;Escuela Plus;168;TeleOnce HD;HD;Nacional;Si
Puerto Rico;POS_PR;Escuela Plus;169;Daystar Español;SD;Nacional;No
Puerto Rico;POS_PR;Escuela Plus;170;Fox News;HD;Nacional;Si
Puerto Rico;POS_PR;Escuela Plus;172;ABC5;HD;Nacional;Si
Puerto Rico;POS_PR;Escuela Plus;174;CBS;HD;Nacional;Si
Puerto Rico;POS_PR;Escuela Plus;176;NBC PR;HD;Nacional;Si
Puerto Rico;POS_PR;Escuela Plus;179;Punto 2;HD;Nacional;Si
Puerto Rico;POS_PR;Escuela Plus;181;TV Dominicana;SD;Nacional;Si
Puerto Rico;POS_PR;Escuela Plus;182;TV Chile;SD;Nacional;No
Puerto Rico;POS_PR;Escuela Plus;183;TeleOro;SD;Nacional;No
Puerto Rico;POS_PR;Escuela Plus;185;Telecinco;SD;Local;Si
Puerto Rico;POS_PR;Escuela Plus;186;UniMás;SD;Local;Si
Puerto Rico;POS_PR;Escuela Plus;188;QVC;SD;Variedades;Si
Puerto Rico;POS_PR;Escuela Plus;189;QVC 2;SD;Variedades;Si
Puerto Rico;POS_PR;Escuela Plus;190;Home Shopping Network (HSN);SD;Variedades;Si
Puerto Rico;POS_PR;Escuela Plus;191;Home Shopping Network (HSN) 2;SD;Variedades;Si
Puerto Rico;POS_PR;Escuela Plus;220;Bravo;HD;Variedades;No
Puerto Rico;POS_PR;Escuela Plus;221;¡Hola! TV;SD;Variedades;No
Puerto Rico;POS_PR;Escuela Plus;222;E! Entertainment HD;HD;Variedades;No
Puerto Rico;POS_PR;Escuela Plus;225;Pasiones;SD;Variedades;No
Puerto Rico;POS_PR;Escuela Plus;226;QVC;SD;Variedades;Si
Puerto Rico;POS_PR;Escuela Plus;227;Home Shopping Network (HSN);SD;Variedades;Si
Puerto Rico;POS_PR;Escuela Plus;228;Food Network;HD;Variedades;No
Puerto Rico;POS_PR;Escuela Plus;229;Blossom;SD;Variedades;Si
Puerto Rico;POS_PR;Escuela Plus;230;BET;SD;Variedades;No
Puerto Rico;POS_PR;Escuela Plus;242;FX HD;HD;Variedades;No
Puerto Rico;POS_PR;Escuela Plus;244;TNT;HD;Variedades;No
Puerto Rico;POS_PR;Escuela Plus;246;USA Network;HD;Variedades;No
Puerto Rico;POS_PR;Escuela Plus;248;TBS;HD;Variedades;No
Puerto Rico;POS_PR;Escuela Plus;249;TLnovelas;SD;Variedades;No
Puerto Rico;POS_PR;Escuela Plus;250;HGTV;HD;Variedades;No
Puerto Rico;POS_PR;Escuela Plus;252;Freeform;HD;Variedades;Si
Puerto Rico;POS_PR;Escuela Plus;254;Paramount Network;HD;Variedades;No
Puerto Rico;POS_PR;Escuela Plus;256;A&E;HD;Variedades;Si
Puerto Rico;POS_PR;Escuela Plus;260;MTV;HD;Variedades;No
Puerto Rico;POS_PR;Escuela Plus;261;MTV 2;HD;Variedades;No
Puerto Rico;POS_PR;Escuela Plus;262;VH1;HD;Variedades;No
Puerto Rico;POS_PR;Escuela Plus;263;Comedy Central;HD;Variedades;No
Puerto Rico;POS_PR;Escuela Plus;264;VICE;SD;Variedades;No
Puerto Rico;POS_PR;Escuela Plus;267;Cooking Channel;HD;Variedades;No
Puerto Rico;POS_PR;Escuela Plus;268;So Yummy;SD;Variedades;Si
Puerto Rico;POS_PR;Escuela Plus;320;Cartoon Network;HD;Infantil;No
Puerto Rico;POS_PR;Escuela Plus;322;Nickelodeon;HD;Infantil;No
Puerto Rico;POS_PR;Escuela Plus;324;Disney Channel;HD;Infantil;Si
Puerto Rico;POS_PR;Escuela Plus;326;Disney XD;HD;Infantil;Si
Puerto Rico;POS_PR;Escuela Plus;330;Discovery Kids LA;SD;Infantil;Si
Puerto Rico;POS_PR;Escuela Plus;332;LooLoo Kids;SD;Infantil;Si
Puerto Rico;POS_PR;Escuela Plus;336;Boomerang;SD;Infantil;No
Puerto Rico;POS_PR;Escuela Plus;337;Nick Jr.;HD;Infantil;No
Puerto Rico;POS_PR;Escuela Plus;338;Vme;SD;Infantil;Si
Puerto Rico;POS_PR;Escuela Plus;339;Baby First TV;SD;Infantil;Si
Puerto Rico;POS_PR;Escuela Plus;350;EWTN;SD;Religioso;Si
Puerto Rico;POS_PR;Escuela Plus;352;Enlace;SD;Religioso;Si
Puerto Rico;POS_PR;Escuela Plus;354;Christian Television Network (CTN);SD;Religioso;No
Puerto Rico;POS_PR;Escuela Plus;462;Playboy TV;SD;Adultos;No
Puerto Rico;POS_PR;Escuela Plus;465;Brazzers TV;SD;Adultos;No
Puerto Rico;POS_PR;Escuela Plus;468;Hustler;SD;Adultos;No
Puerto Rico;POS_PR;Escuela Plus;511;AMC;HD;Cine;No
Puerto Rico;POS_PR;Escuela Plus;514;Cine Latino;SD;Cine;No
Puerto Rico;POS_PR;Escuela Plus;516;De Película;SD;Cine;No
Puerto Rico;POS_PR;Escuela Plus;517;Lifetime;HD;Cine;No
Puerto Rico;POS_PR;Escuela Plus;518;Lifetime Moivie Network;HD;Cine;No
Puerto Rico;POS_PR;Escuela Plus;520;Hallmark Channel;HD;Cine;No
Puerto Rico;POS_PR;Escuela Plus;521;Hallmark Family;HD;Cine;No
Puerto Rico;POS_PR;Escuela Plus;522;Hallmark Mistery;SD;Cine;No
Puerto Rico;POS_PR;Escuela Plus;550;MGM Mas;HD;Cine;No
Puerto Rico;POS_PR;Escuela Plus;551;MGM Mas Hits;HD;Cine;No
Puerto Rico;POS_PR;Escuela Plus;552;MGM Mas Marquee;HD;Cine;No
Puerto Rico;POS_PR;Escuela Plus;564;HBO;HD;Cine;No
Puerto Rico;POS_PR;Escuela Plus;565;HBO Hits;HD;Cine;No
Puerto Rico;POS_PR;Escuela Plus;566;HBO Movie;HD;Cine;No
Puerto Rico;POS_PR;Escuela Plus;567;HBO Drama;HD;Cine;No
Puerto Rico;POS_PR;Escuela Plus;569;HBO Comedy;HD;Cine;No
Puerto Rico;POS_PR;Escuela Plus;570;HBO Latino;HD;Cine;No
Puerto Rico;POS_PR;Escuela Plus;571;Cinemax;HD;Cine;No
Puerto Rico;POS_PR;Escuela Plus;572;Cinemax Hits;HD;Cine;No
Puerto Rico;POS_PR;Escuela Plus;574;Cinemax Action;HD;Cine;No
Puerto Rico;POS_PR;Escuela Plus;577;Paramount+ with Showtime;HD;Cine;No
Puerto Rico;POS_PR;Escuela Plus;578;Showtime 2;HD;Cine;No
Puerto Rico;POS_PR;Escuela Plus;579;Showtime Beyond;HD;Cine;No
Puerto Rico;POS_PR;Escuela Plus;580;Showcase;HD;Cine;No
Puerto Rico;POS_PR;Escuela Plus;581;Showtime Extreme;HD;Cine;No
Puerto Rico;POS_PR;Escuela Plus;582;The Movie Channel;SD;Cine;No
Puerto Rico;POS_PR;Escuela Plus;585;Starz;HD;Cine;No
Puerto Rico;POS_PR;Escuela Plus;586;Starz Kids & Family;HD;Cine;No
Puerto Rico;POS_PR;Escuela Plus;587;Starz Cinema;HD;Cine;No
Puerto Rico;POS_PR;Escuela Plus;588;Encore Action;SD;Cine;No
Puerto Rico;POS_PR;Escuela Plus;589;Encore;HD;Cine;No
Puerto Rico;POS_PR;Escuela Plus;590;Encore Family;SD;Cine;No
Puerto Rico;POS_PR;Escuela Plus;601;NBA League Pass;HD;Deportes;No
Puerto Rico;POS_PR;Escuela Plus;619;NBA League Pass;HD;Deportes;No
Puerto Rico;POS_PR;Escuela Plus;620;NFL Sunday Ticket;HD;Deportes;No
Puerto Rico;POS_PR;Escuela Plus;639;NFL Sunday Ticket;HD;Deportes;No
Puerto Rico;POS_PR;Escuela Plus;640;Thursday Night Football;HD;Deportes;No
Puerto Rico;POS_PR;Escuela Plus;645;ESPN;HD;Deportes;No
Puerto Rico;POS_PR;Escuela Plus;646;ESPN News;HD;Deportes;No
Puerto Rico;POS_PR;Escuela Plus;648;ESPN 2;HD;Deportes;No
Puerto Rico;POS_PR;Escuela Plus;649;ESPN Deportes;HD;Deportes;No
Puerto Rico;POS_PR;Escuela Plus;651;Fox Deportes;SD;Deportes;No
Puerto Rico;POS_PR;Escuela Plus;652;The Tennis Channel;HD;Deportes;No
Puerto Rico;POS_PR;Escuela Plus;653;NBA TV;HD;Deportes;No
Puerto Rico;POS_PR;Escuela Plus;654;The Golf Channel;HD;Deportes;No
Puerto Rico;POS_PR;Escuela Plus;655;Fox Sports;HD;Deportes;No
Puerto Rico;POS_PR;Escuela Plus;656;MLB Network;HD;Deportes;No
Puerto Rico;POS_PR;Escuela Plus;657;WAPA Deportes;HD;Deportes;Si
Puerto Rico;POS_PR;Escuela Plus;659;Racer Network;HD;Deportes;No
Puerto Rico;POS_PR;Escuela Plus;702;CNN;HD;Mundo;Si
Puerto Rico;POS_PR;Escuela Plus;704;CNN en Español;SD;Mundo;Si
Puerto Rico;POS_PR;Escuela Plus;708;Headline News;HD;Mundo;No
Puerto Rico;POS_PR;Escuela Plus;710;Bloomberg;HD;Mundo;Si
Puerto Rico;POS_PR;Escuela Plus;712;AccuWeather;HD;Mundo;Si
Puerto Rico;POS_PR;Escuela Plus;714;Estrella TV;SD;Mundo;Si
Puerto Rico;POS_PR;Escuela Plus;720;CSPAN2;SD;Mundo;Si
Puerto Rico;POS_PR;Escuela Plus;730;Nat Geo Mundo;SD;Mundo;Si
Puerto Rico;POS_PR;Escuela Plus;732;Discovery em Español;SD;Mundo;Si
Puerto Rico;POS_PR;Escuela Plus;734;Animal Planet LA;SD;Mundo;Si
Puerto Rico;POS_PR;Escuela Plus;735;Animal Planet US;HD;Mundo;No
Puerto Rico;POS_PR;Escuela Plus;742;History Andes;SD;Mundo;Si
Puerto Rico;POS_PR;Escuela Plus;744;FYI;HD;Mundo;Si
Puerto Rico;POS_PR;Escuela Plus;745;SyFy;HD;Mundo;No
Puerto Rico;POS_PR;Escuela Plus;746;Discovery Turbo;HD;Mundo;No
Puerto Rico;POS_PR;Escuela Plus;752;Discovery US;HD;Mundo;Si
Puerto Rico;POS_PR;Escuela Plus;754;The Learning Channel;HD;Mundo;Si
Puerto Rico;POS_PR;Escuela Plus;756;History Channel;HD;Mundo;Si
Puerto Rico;POS_PR;Escuela Plus;760;TVE;SD;Variedades;Si
Puerto Rico;POS_PR;Escuela Plus;762;Antena 3;SD;Mundo;No
Puerto Rico;POS_PR;Escuela Plus;764;HITN;SD;Variedades;Si
Puerto Rico;POS_PR;Escuela Plus;768;BBC América;HD;Mundo;Si
Puerto Rico;POS_PR;Escuela Plus;901;Music Choice Rock Hits;Audio;Audio;Si
Puerto Rico;POS_PR;Escuela Plus;902;Music Choice 80s Rock;Audio;Audio;Si
Puerto Rico;POS_PR;Escuela Plus;903;Music Choice Jazz Vocal Hits;Audio;Audio;Si
Puerto Rico;POS_PR;Escuela Plus;904;Music Choice Country Hits;Audio;Audio;Si
Puerto Rico;POS_PR;Escuela Plus;905;Music Choice New Age;Audio;Audio;Si
Puerto Rico;POS_PR;Escuela Plus;906;Music Choice Funk;Audio;Audio;Si
Puerto Rico;POS_PR;Escuela Plus;907;Music Choice 90s;Audio;Audio;Si
Puerto Rico;POS_PR;Escuela Plus;908;Music Choice Blues;Audio;Audio;Si
Puerto Rico;POS_PR;Escuela Plus;909;Music Choice Love Songs;Audio;Audio;Si
Puerto Rico;POS_PR;Escuela Plus;910;Music Choice Musica Urbana;Audio;Audio;Si
Puerto Rico;POS_PR;Escuela Plus;911;Music Choice R&B Classics;Audio;Audio;Si
Puerto Rico;POS_PR;Escuela Plus;912;Music Choice Latin Jazz;Audio;Audio;Si
Puerto Rico;POS_PR;Escuela Plus;913;Music Choice Soft Rock;Audio;Audio;Si
Puerto Rico;POS_PR;Escuela Plus;914;Music Choice Rap;Audio;Audio;Si
Puerto Rico;POS_PR;Escuela Plus;915;Music Choice All Xmas;Audio;Audio;Si
Puerto Rico;POS_PR;Escuela Plus;916;Music Choice Workout;Audio;Audio;Si
Puerto Rico;POS_PR;Escuela Plus;917;Music Choice Broadway;Audio;Audio;Si
Puerto Rico;POS_PR;Escuela Plus;918;Music Choice Adult Alternative;Audio;Audio;Si
Puerto Rico;POS_PR;Escuela Plus;919;Music Choice Pop Hits;Audio;Audio;Si
Puerto Rico;POS_PR;Escuela Plus;920;Music Choice New Wave;Audio;Audio;Si
Puerto Rico;POS_PR;Escuela Plus;921;Music Choice 70s;Audio;Audio;Si
Puerto Rico;POS_PR;Escuela Plus;922;Music Choice Kidz Only!;Audio;Audio;Si
Puerto Rico;POS_PR;Escuela Plus;923;Music Choice 80s;Audio;Audio;Si
Puerto Rico;POS_PR;Escuela Plus;924;Music Choice Rock Latino;Audio;Audio;Si
Puerto Rico;POS_PR;Escuela Plus;925;Music Choice Retro Workout;Audio;Audio;Si
Puerto Rico;POS_PR;Escuela Plus;926;Music Choice Contemporary Christian;Audio;Audio;Si
Puerto Rico;POS_PR;Escuela Plus;927;Music Choice Reggae;Audio;Audio;Si
Puerto Rico;POS_PR;Escuela Plus;928;Music Choice Alternative;Audio;Audio;Si
Puerto Rico;POS_PR;Escuela Plus;929;Music Choice Pop & Country;Audio;Audio;Si
Puerto Rico;POS_PR;Escuela Plus;930;Music Choice Pop Latino;Audio;Audio;Si
Puerto Rico;POS_PR;Escuela Plus;931;Music Choice Classic Country;Audio;Audio;Si
Puerto Rico;POS_PR;Escuela Plus;932;Music Choice Big Band;Audio;Audio;Si
Puerto Rico;POS_PR;Escuela Plus;933;Music Choice Todays Country;Audio;Audio;Si
Puerto Rico;POS_PR;Escuela Plus;934;Music Choice Hit List;Audio;Audio;Si
Puerto Rico;POS_PR;Escuela Plus;935;Music Choice Hip-Hop And R&B;Audio;Audio;Si
Puerto Rico;POS_PR;Escuela Plus;936;Music Choice Teen Beats;Audio;Audio;Si
Puerto Rico;POS_PR;Escuela Plus;937;Music Choice Coffee Shop Cuts;Audio;Audio;Si
Puerto Rico;POS_PR;Escuela Plus;938;Music Choice Honky Tonk;Audio;Audio;Si
Puerto Rico;POS_PR;Escuela Plus;939;Music Choice Soundscapes;Audio;Audio;Si
Puerto Rico;POS_PR;Escuela Plus;940;Music Choice Light Classical;Audio;Audio;Si
Puerto Rico;POS_PR;Escuela Plus;941;Music Choice Classic Alternative;Audio;Audio;Si
Puerto Rico;POS_PR;Escuela Plus;942;Music Choice Indie;Audio;Audio;Si
Puerto Rico;POS_PR;Escuela Plus;943;Music Choice Malt Shop Favorites;Audio;Audio;Si
Puerto Rico;POS_PR;Escuela Plus;944;Music Choice Smooth Jazz;Audio;Audio;Si
Puerto Rico;POS_PR;Escuela Plus;945;Music Choice Contemporary Instrumentals;Audio;Audio;Si
Puerto Rico;POS_PR;Escuela Plus;946;Music Choice Hard Rock;Audio;Audio;Si
Puerto Rico;POS_PR;Escuela Plus;947;Music Choice Throwback Jamz;Audio;Audio;Si
Puerto Rico;POS_PR;Escuela Plus;948;Music Choice Classic Rock;Audio;Audio;Si
Puerto Rico;POS_PR;Escuela Plus;949;Music Choice Movie Scores;Audio;Audio;Si
Puerto Rico;POS_PR;Escuela Plus;950;Music Choice Max;Audio;Audio;Si
Puerto Rico;POS_PR;Escuela Plus;951;Music Choice Mainstream Rap;Audio;Audio;Si
Puerto Rico;POS_PR;Escuela Plus;952;Music Choice Americana;Audio;Audio;Si
Puerto Rico;POS_PR;Escuela Plus;953;Music Choice Symphony;Audio;Audio;Si
Puerto Rico;POS_PR;Escuela Plus;954;Music Choice Dance/EDM;Audio;Audio;Si
Puerto Rico;POS_PR;Escuela Plus;955;Music Choice Folk;Audio;Audio;Si
Puerto Rico;POS_PR;Escuela Plus;956;Music Choice Classic Dance;Audio;Audio;Si
Puerto Rico;POS_PR;Escuela Plus;957;Music Choice Gospel Hallelujah;Audio;Audio;Si
Puerto Rico;POS_PR;Escuela Plus;958;Music Choice Tropicales;Audio;Audio;Si
Puerto Rico;POS_PR;Escuela Plus;959;Music Choice Metal;Audio;Audio;Si
Puerto Rico;POS_PR;Escuela Plus;960;Music Choice Toddler Tunes;Audio;Audio;Si
Puerto Rico;POS_PR;Escuela Plus;961;Music Choice Y2k;Audio;Audio;Si
Puerto Rico;POS_PR;Escuela Plus;962;Music Choice Bluegrass;Audio;Audio;Si
Puerto Rico;POS_PR;Escuela Plus;963;Music Choice Vietnamese;Audio;Audio;Si
Puerto Rico;POS_PR;Escuela Plus;964;Music Choice Gospel;Audio;Audio;Si
Puerto Rico;POS_PR;Escuela Plus;965;Music Choice 60s Movement;Audio;Audio;Si
Puerto Rico;POS_PR;Escuela Plus;966;Music Choice Filipino;Audio;Audio;Si
Puerto Rico;POS_PR;Escuela Plus;967;Music Choice Sounds of the Season;Audio;Audio;Si
Puerto Rico;POS_PR;HBO Pack St;162;Telemundo;HD;Nacional;No
Puerto Rico;POS_PR;HBO Pack St;164;WAPA TV;HD;Nacional;No
Puerto Rico;POS_PR;HBO Pack St;166;WIPR;SD;Nacional;No
Puerto Rico;POS_PR;HBO Pack St;167;Teleislas;SD;Nacional;No
Puerto Rico;POS_PR;HBO Pack St;168;TeleOnce HD;HD;Nacional;No
Puerto Rico;POS_PR;HBO Pack St;169;Daystar Español;SD;Nacional;No
Puerto Rico;POS_PR;HBO Pack St;170;Fox News;HD;Nacional;No
Puerto Rico;POS_PR;HBO Pack St;172;ABC5;HD;Nacional;No
Puerto Rico;POS_PR;HBO Pack St;174;CBS;HD;Nacional;No
Puerto Rico;POS_PR;HBO Pack St;176;NBC PR;HD;Nacional;No
Puerto Rico;POS_PR;HBO Pack St;179;Punto 2;HD;Nacional;No
Puerto Rico;POS_PR;HBO Pack St;181;TV Dominicana;SD;Nacional;No
Puerto Rico;POS_PR;HBO Pack St;182;TV Chile;SD;Nacional;No
Puerto Rico;POS_PR;HBO Pack St;183;TeleOro;SD;Nacional;No
Puerto Rico;POS_PR;HBO Pack St;185;Telecinco;SD;Local;No
Puerto Rico;POS_PR;HBO Pack St;186;UniMás;SD;Local;No
Puerto Rico;POS_PR;HBO Pack St;188;QVC;SD;Variedades;No
Puerto Rico;POS_PR;HBO Pack St;189;QVC 2;SD;Variedades;No
Puerto Rico;POS_PR;HBO Pack St;190;Home Shopping Network (HSN);SD;Variedades;No
Puerto Rico;POS_PR;HBO Pack St;191;Home Shopping Network (HSN) 2;SD;Variedades;No
Puerto Rico;POS_PR;HBO Pack St;220;Bravo;HD;Variedades;No
Puerto Rico;POS_PR;HBO Pack St;221;¡Hola! TV;SD;Variedades;No
Puerto Rico;POS_PR;HBO Pack St;222;E! Entertainment HD;HD;Variedades;No
Puerto Rico;POS_PR;HBO Pack St;225;Pasiones;SD;Variedades;No
Puerto Rico;POS_PR;HBO Pack St;226;QVC;SD;Variedades;No
Puerto Rico;POS_PR;HBO Pack St;227;Home Shopping Network (HSN);SD;Variedades;No
Puerto Rico;POS_PR;HBO Pack St;228;Food Network;HD;Variedades;No
Puerto Rico;POS_PR;HBO Pack St;229;Blossom;SD;Variedades;Si
Puerto Rico;POS_PR;HBO Pack St;230;BET;SD;Variedades;No
Puerto Rico;POS_PR;HBO Pack St;242;FX HD;HD;Variedades;No
Puerto Rico;POS_PR;HBO Pack St;244;TNT;HD;Variedades;No
Puerto Rico;POS_PR;HBO Pack St;246;USA Network;HD;Variedades;No
Puerto Rico;POS_PR;HBO Pack St;248;TBS;HD;Variedades;No
Puerto Rico;POS_PR;HBO Pack St;249;TLnovelas;SD;Variedades;No
Puerto Rico;POS_PR;HBO Pack St;250;HGTV;HD;Variedades;No
Puerto Rico;POS_PR;HBO Pack St;252;Freeform;HD;Variedades;No
Puerto Rico;POS_PR;HBO Pack St;254;Paramount Network;HD;Variedades;No
Puerto Rico;POS_PR;HBO Pack St;256;A&E;HD;Variedades;No
Puerto Rico;POS_PR;HBO Pack St;260;MTV;HD;Variedades;No
Puerto Rico;POS_PR;HBO Pack St;261;MTV 2;HD;Variedades;No
Puerto Rico;POS_PR;HBO Pack St;262;VH1;HD;Variedades;No
Puerto Rico;POS_PR;HBO Pack St;263;Comedy Central;HD;Variedades;No
Puerto Rico;POS_PR;HBO Pack St;264;VICE;SD;Variedades;No
Puerto Rico;POS_PR;HBO Pack St;267;Cooking Channel;HD;Variedades;No
Puerto Rico;POS_PR;HBO Pack St;268;So Yummy;SD;Variedades;Si
Puerto Rico;POS_PR;HBO Pack St;320;Cartoon Network;HD;Infantil;No
Puerto Rico;POS_PR;HBO Pack St;322;Nickelodeon;HD;Infantil;No
Puerto Rico;POS_PR;HBO Pack St;324;Disney Channel;HD;Infantil;No
Puerto Rico;POS_PR;HBO Pack St;326;Disney XD;HD;Infantil;No
Puerto Rico;POS_PR;HBO Pack St;330;Discovery Kids LA;SD;Infantil;No
Puerto Rico;POS_PR;HBO Pack St;332;LooLoo Kids;SD;Infantil;Si
Puerto Rico;POS_PR;HBO Pack St;336;Boomerang;SD;Infantil;No
Puerto Rico;POS_PR;HBO Pack St;337;Nick Jr.;HD;Infantil;No
Puerto Rico;POS_PR;HBO Pack St;338;Vme;SD;Infantil;No
Puerto Rico;POS_PR;HBO Pack St;339;Baby First TV;SD;Infantil;No
Puerto Rico;POS_PR;HBO Pack St;350;EWTN;SD;Religioso;No
Puerto Rico;POS_PR;HBO Pack St;352;Enlace;SD;Religioso;No
Puerto Rico;POS_PR;HBO Pack St;354;Christian Television Network (CTN);SD;Religioso;No
Puerto Rico;POS_PR;HBO Pack St;462;Playboy TV;SD;Adultos;No
Puerto Rico;POS_PR;HBO Pack St;465;Brazzers TV;SD;Adultos;No
Puerto Rico;POS_PR;HBO Pack St;468;Hustler;SD;Adultos;No
Puerto Rico;POS_PR;HBO Pack St;511;AMC;HD;Cine;No
Puerto Rico;POS_PR;HBO Pack St;514;Cine Latino;SD;Cine;No
Puerto Rico;POS_PR;HBO Pack St;516;De Película;SD;Cine;No
Puerto Rico;POS_PR;HBO Pack St;517;Lifetime;HD;Cine;No
Puerto Rico;POS_PR;HBO Pack St;518;Lifetime Moivie Network;HD;Cine;No
Puerto Rico;POS_PR;HBO Pack St;520;Hallmark Channel;HD;Cine;No
Puerto Rico;POS_PR;HBO Pack St;521;Hallmark Family;HD;Cine;No
Puerto Rico;POS_PR;HBO Pack St;522;Hallmark Mistery;SD;Cine;No
Puerto Rico;POS_PR;HBO Pack St;550;MGM Mas;HD;Cine;No
Puerto Rico;POS_PR;HBO Pack St;551;MGM Mas Hits;HD;Cine;No
Puerto Rico;POS_PR;HBO Pack St;552;MGM Mas Marquee;HD;Cine;No
Puerto Rico;POS_PR;HBO Pack St;564;HBO;HD;Cine;Si
Puerto Rico;POS_PR;HBO Pack St;565;HBO Hits;HD;Cine;Si
Puerto Rico;POS_PR;HBO Pack St;566;HBO Movie;HD;Cine;Si
Puerto Rico;POS_PR;HBO Pack St;567;HBO Drama;HD;Cine;Si
Puerto Rico;POS_PR;HBO Pack St;569;HBO Comedy;HD;Cine;Si
Puerto Rico;POS_PR;HBO Pack St;570;HBO Latino;HD;Cine;Si
Puerto Rico;POS_PR;HBO Pack St;571;Cinemax;HD;Cine;No
Puerto Rico;POS_PR;HBO Pack St;572;Cinemax Hits;HD;Cine;No
Puerto Rico;POS_PR;HBO Pack St;574;Cinemax Action;HD;Cine;No
Puerto Rico;POS_PR;HBO Pack St;577;Paramount+ with Showtime;HD;Cine;No
Puerto Rico;POS_PR;HBO Pack St;578;Showtime 2;HD;Cine;No
Puerto Rico;POS_PR;HBO Pack St;579;Showtime Beyond;HD;Cine;No
Puerto Rico;POS_PR;HBO Pack St;580;Showcase;HD;Cine;No
Puerto Rico;POS_PR;HBO Pack St;581;Showtime Extreme;HD;Cine;No
Puerto Rico;POS_PR;HBO Pack St;582;The Movie Channel;SD;Cine;No
Puerto Rico;POS_PR;HBO Pack St;585;Starz;HD;Cine;No
Puerto Rico;POS_PR;HBO Pack St;586;Starz Kids & Family;HD;Cine;No
Puerto Rico;POS_PR;HBO Pack St;587;Starz Cinema;HD;Cine;No
Puerto Rico;POS_PR;HBO Pack St;588;Encore Action;SD;Cine;No
Puerto Rico;POS_PR;HBO Pack St;589;Encore;HD;Cine;No
Puerto Rico;POS_PR;HBO Pack St;590;Encore Family;SD;Cine;No
Puerto Rico;POS_PR;HBO Pack St;601;NBA League Pass;HD;Deportes;No
Puerto Rico;POS_PR;HBO Pack St;619;NBA League Pass;HD;Deportes;No
Puerto Rico;POS_PR;HBO Pack St;620;NFL Sunday Ticket;HD;Deportes;No
Puerto Rico;POS_PR;HBO Pack St;639;NFL Sunday Ticket;HD;Deportes;No
Puerto Rico;POS_PR;HBO Pack St;640;Thursday Night Football;HD;Deportes;No
Puerto Rico;POS_PR;HBO Pack St;645;ESPN;HD;Deportes;No
Puerto Rico;POS_PR;HBO Pack St;646;ESPN News;HD;Deportes;No
Puerto Rico;POS_PR;HBO Pack St;648;ESPN 2;HD;Deportes;No
Puerto Rico;POS_PR;HBO Pack St;649;ESPN Deportes;HD;Deportes;No
Puerto Rico;POS_PR;HBO Pack St;651;Fox Deportes;SD;Deportes;No
Puerto Rico;POS_PR;HBO Pack St;652;The Tennis Channel;HD;Deportes;No
Puerto Rico;POS_PR;HBO Pack St;653;NBA TV;HD;Deportes;No
Puerto Rico;POS_PR;HBO Pack St;654;The Golf Channel;HD;Deportes;No
Puerto Rico;POS_PR;HBO Pack St;655;Fox Sports;HD;Deportes;No
Puerto Rico;POS_PR;HBO Pack St;656;MLB Network;HD;Deportes;No
Puerto Rico;POS_PR;HBO Pack St;657;WAPA Deportes;HD;Deportes;No
Puerto Rico;POS_PR;HBO Pack St;659;Racer Network;HD;Deportes;No
Puerto Rico;POS_PR;HBO Pack St;702;CNN;HD;Mundo;No
Puerto Rico;POS_PR;HBO Pack St;704;CNN en Español;SD;Mundo;No
Puerto Rico;POS_PR;HBO Pack St;708;Headline News;HD;Mundo;No
Puerto Rico;POS_PR;HBO Pack St;710;Bloomberg;HD;Mundo;No
Puerto Rico;POS_PR;HBO Pack St;712;AccuWeather;HD;Mundo;No
Puerto Rico;POS_PR;HBO Pack St;714;Estrella TV;SD;Mundo;No
Puerto Rico;POS_PR;HBO Pack St;720;CSPAN2;SD;Mundo;Si
Puerto Rico;POS_PR;HBO Pack St;730;Nat Geo Mundo;SD;Mundo;No
Puerto Rico;POS_PR;HBO Pack St;732;Discovery em Español;SD;Mundo;No
Puerto Rico;POS_PR;HBO Pack St;734;Animal Planet LA;SD;Mundo;No
Puerto Rico;POS_PR;HBO Pack St;735;Animal Planet US;HD;Mundo;No
Puerto Rico;POS_PR;HBO Pack St;742;History Andes;SD;Mundo;No
Puerto Rico;POS_PR;HBO Pack St;744;FYI;HD;Mundo;No
Puerto Rico;POS_PR;HBO Pack St;745;SyFy;HD;Mundo;No
Puerto Rico;POS_PR;HBO Pack St;746;Discovery Turbo;HD;Mundo;No
Puerto Rico;POS_PR;HBO Pack St;752;Discovery US;HD;Mundo;No
Puerto Rico;POS_PR;HBO Pack St;754;The Learning Channel;HD;Mundo;No
Puerto Rico;POS_PR;HBO Pack St;756;History Channel;HD;Mundo;No
Puerto Rico;POS_PR;HBO Pack St;760;TVE;SD;Variedades;No
Puerto Rico;POS_PR;HBO Pack St;762;Antena 3;SD;Mundo;No
Puerto Rico;POS_PR;HBO Pack St;764;HITN;SD;Variedades;No
Puerto Rico;POS_PR;HBO Pack St;768;BBC América;HD;Mundo;No
Puerto Rico;POS_PR;HBO Pack St;901;Music Choice Rock Hits;Audio;Audio;No
Puerto Rico;POS_PR;HBO Pack St;902;Music Choice 80s Rock;Audio;Audio;No
Puerto Rico;POS_PR;HBO Pack St;903;Music Choice Jazz Vocal Hits;Audio;Audio;No
Puerto Rico;POS_PR;HBO Pack St;904;Music Choice Country Hits;Audio;Audio;No
Puerto Rico;POS_PR;HBO Pack St;905;Music Choice New Age;Audio;Audio;No
Puerto Rico;POS_PR;HBO Pack St;906;Music Choice Funk;Audio;Audio;No
Puerto Rico;POS_PR;HBO Pack St;907;Music Choice 90s;Audio;Audio;No
Puerto Rico;POS_PR;HBO Pack St;908;Music Choice Blues;Audio;Audio;No
Puerto Rico;POS_PR;HBO Pack St;909;Music Choice Love Songs;Audio;Audio;No
Puerto Rico;POS_PR;HBO Pack St;910;Music Choice Musica Urbana;Audio;Audio;No
Puerto Rico;POS_PR;HBO Pack St;911;Music Choice R&B Classics;Audio;Audio;No
Puerto Rico;POS_PR;HBO Pack St;912;Music Choice Latin Jazz;Audio;Audio;No
Puerto Rico;POS_PR;HBO Pack St;913;Music Choice Soft Rock;Audio;Audio;No
Puerto Rico;POS_PR;HBO Pack St;914;Music Choice Rap;Audio;Audio;No
Puerto Rico;POS_PR;HBO Pack St;915;Music Choice All Xmas;Audio;Audio;No
Puerto Rico;POS_PR;HBO Pack St;916;Music Choice Workout;Audio;Audio;No
Puerto Rico;POS_PR;HBO Pack St;917;Music Choice Broadway;Audio;Audio;No
Puerto Rico;POS_PR;HBO Pack St;918;Music Choice Adult Alternative;Audio;Audio;No
Puerto Rico;POS_PR;HBO Pack St;919;Music Choice Pop Hits;Audio;Audio;No
Puerto Rico;POS_PR;HBO Pack St;920;Music Choice New Wave;Audio;Audio;No
Puerto Rico;POS_PR;HBO Pack St;921;Music Choice 70s;Audio;Audio;No
Puerto Rico;POS_PR;HBO Pack St;922;Music Choice Kidz Only!;Audio;Audio;No
Puerto Rico;POS_PR;HBO Pack St;923;Music Choice 80s;Audio;Audio;No
Puerto Rico;POS_PR;HBO Pack St;924;Music Choice Rock Latino;Audio;Audio;No
Puerto Rico;POS_PR;HBO Pack St;925;Music Choice Retro Workout;Audio;Audio;No
Puerto Rico;POS_PR;HBO Pack St;926;Music Choice Contemporary Christian;Audio;Audio;No
Puerto Rico;POS_PR;HBO Pack St;927;Music Choice Reggae;Audio;Audio;No
Puerto Rico;POS_PR;HBO Pack St;928;Music Choice Alternative;Audio;Audio;No
Puerto Rico;POS_PR;HBO Pack St;929;Music Choice Pop & Country;Audio;Audio;No
Puerto Rico;POS_PR;HBO Pack St;930;Music Choice Pop Latino;Audio;Audio;No
Puerto Rico;POS_PR;HBO Pack St;931;Music Choice Classic Country;Audio;Audio;No
Puerto Rico;POS_PR;HBO Pack St;932;Music Choice Big Band;Audio;Audio;No
Puerto Rico;POS_PR;HBO Pack St;933;Music Choice Todays Country;Audio;Audio;No
Puerto Rico;POS_PR;HBO Pack St;934;Music Choice Hit List;Audio;Audio;No
Puerto Rico;POS_PR;HBO Pack St;935;Music Choice Hip-Hop And R&B;Audio;Audio;No
Puerto Rico;POS_PR;HBO Pack St;936;Music Choice Teen Beats;Audio;Audio;No
Puerto Rico;POS_PR;HBO Pack St;937;Music Choice Coffee Shop Cuts;Audio;Audio;No
Puerto Rico;POS_PR;HBO Pack St;938;Music Choice Honky Tonk;Audio;Audio;No
Puerto Rico;POS_PR;HBO Pack St;939;Music Choice Soundscapes;Audio;Audio;No
Puerto Rico;POS_PR;HBO Pack St;940;Music Choice Light Classical;Audio;Audio;No
Puerto Rico;POS_PR;HBO Pack St;941;Music Choice Classic Alternative;Audio;Audio;No
Puerto Rico;POS_PR;HBO Pack St;942;Music Choice Indie;Audio;Audio;No
Puerto Rico;POS_PR;HBO Pack St;943;Music Choice Malt Shop Favorites;Audio;Audio;No
Puerto Rico;POS_PR;HBO Pack St;944;Music Choice Smooth Jazz;Audio;Audio;No
Puerto Rico;POS_PR;HBO Pack St;945;Music Choice Contemporary Instrumentals;Audio;Audio;No
Puerto Rico;POS_PR;HBO Pack St;946;Music Choice Hard Rock;Audio;Audio;No
Puerto Rico;POS_PR;HBO Pack St;947;Music Choice Throwback Jamz;Audio;Audio;No
Puerto Rico;POS_PR;HBO Pack St;948;Music Choice Classic Rock;Audio;Audio;No
Puerto Rico;POS_PR;HBO Pack St;949;Music Choice Movie Scores;Audio;Audio;No
Puerto Rico;POS_PR;HBO Pack St;950;Music Choice Max;Audio;Audio;No
Puerto Rico;POS_PR;HBO Pack St;951;Music Choice Mainstream Rap;Audio;Audio;No
Puerto Rico;POS_PR;HBO Pack St;952;Music Choice Americana;Audio;Audio;No
Puerto Rico;POS_PR;HBO Pack St;953;Music Choice Symphony;Audio;Audio;No
Puerto Rico;POS_PR;HBO Pack St;954;Music Choice Dance/EDM;Audio;Audio;No
Puerto Rico;POS_PR;HBO Pack St;955;Music Choice Folk;Audio;Audio;No
Puerto Rico;POS_PR;HBO Pack St;956;Music Choice Classic Dance;Audio;Audio;No
Puerto Rico;POS_PR;HBO Pack St;957;Music Choice Gospel Hallelujah;Audio;Audio;No
Puerto Rico;POS_PR;HBO Pack St;958;Music Choice Tropicales;Audio;Audio;No
Puerto Rico;POS_PR;HBO Pack St;959;Music Choice Metal;Audio;Audio;No
Puerto Rico;POS_PR;HBO Pack St;960;Music Choice Toddler Tunes;Audio;Audio;No
Puerto Rico;POS_PR;HBO Pack St;961;Music Choice Y2k;Audio;Audio;No
Puerto Rico;POS_PR;HBO Pack St;962;Music Choice Bluegrass;Audio;Audio;No
Puerto Rico;POS_PR;HBO Pack St;963;Music Choice Vietnamese;Audio;Audio;No
Puerto Rico;POS_PR;HBO Pack St;964;Music Choice Gospel;Audio;Audio;No
Puerto Rico;POS_PR;HBO Pack St;965;Music Choice 60s Movement;Audio;Audio;No
Puerto Rico;POS_PR;HBO Pack St;966;Music Choice Filipino;Audio;Audio;No
Puerto Rico;POS_PR;HBO Pack St;967;Music Choice Sounds of the Season;Audio;Audio;No
Puerto Rico;POS_PR;Cinemax Pack St;162;Telemundo;HD;Nacional;No
Puerto Rico;POS_PR;Cinemax Pack St;164;WAPA TV;HD;Nacional;No
Puerto Rico;POS_PR;Cinemax Pack St;166;WIPR;SD;Nacional;No
Puerto Rico;POS_PR;Cinemax Pack St;167;Teleislas;SD;Nacional;No
Puerto Rico;POS_PR;Cinemax Pack St;168;TeleOnce HD;HD;Nacional;No
Puerto Rico;POS_PR;Cinemax Pack St;169;Daystar Español;SD;Nacional;No
Puerto Rico;POS_PR;Cinemax Pack St;170;Fox News;HD;Nacional;No
Puerto Rico;POS_PR;Cinemax Pack St;172;ABC5;HD;Nacional;No
Puerto Rico;POS_PR;Cinemax Pack St;174;CBS;HD;Nacional;No
Puerto Rico;POS_PR;Cinemax Pack St;176;NBC PR;HD;Nacional;No
Puerto Rico;POS_PR;Cinemax Pack St;179;Punto 2;HD;Nacional;No
Puerto Rico;POS_PR;Cinemax Pack St;181;TV Dominicana;SD;Nacional;No
Puerto Rico;POS_PR;Cinemax Pack St;182;TV Chile;SD;Nacional;No
Puerto Rico;POS_PR;Cinemax Pack St;183;TeleOro;SD;Nacional;No
Puerto Rico;POS_PR;Cinemax Pack St;185;Telecinco;SD;Local;No
Puerto Rico;POS_PR;Cinemax Pack St;186;UniMás;SD;Local;No
Puerto Rico;POS_PR;Cinemax Pack St;188;QVC;SD;Variedades;No
Puerto Rico;POS_PR;Cinemax Pack St;189;QVC 2;SD;Variedades;No
Puerto Rico;POS_PR;Cinemax Pack St;190;Home Shopping Network (HSN);SD;Variedades;No
Puerto Rico;POS_PR;Cinemax Pack St;191;Home Shopping Network (HSN) 2;SD;Variedades;No
Puerto Rico;POS_PR;Cinemax Pack St;220;Bravo;HD;Variedades;No
Puerto Rico;POS_PR;Cinemax Pack St;221;¡Hola! TV;SD;Variedades;No
Puerto Rico;POS_PR;Cinemax Pack St;222;E! Entertainment HD;HD;Variedades;No
Puerto Rico;POS_PR;Cinemax Pack St;225;Pasiones;SD;Variedades;No
Puerto Rico;POS_PR;Cinemax Pack St;226;QVC;SD;Variedades;No
Puerto Rico;POS_PR;Cinemax Pack St;227;Home Shopping Network (HSN);SD;Variedades;No
Puerto Rico;POS_PR;Cinemax Pack St;228;Food Network;HD;Variedades;No
Puerto Rico;POS_PR;Cinemax Pack St;229;Blossom;SD;Variedades;Si
Puerto Rico;POS_PR;Cinemax Pack St;230;BET;SD;Variedades;No
Puerto Rico;POS_PR;Cinemax Pack St;242;FX HD;HD;Variedades;No
Puerto Rico;POS_PR;Cinemax Pack St;244;TNT;HD;Variedades;No
Puerto Rico;POS_PR;Cinemax Pack St;246;USA Network;HD;Variedades;No
Puerto Rico;POS_PR;Cinemax Pack St;248;TBS;HD;Variedades;No
Puerto Rico;POS_PR;Cinemax Pack St;249;TLnovelas;SD;Variedades;No
Puerto Rico;POS_PR;Cinemax Pack St;250;HGTV;HD;Variedades;No
Puerto Rico;POS_PR;Cinemax Pack St;252;Freeform;HD;Variedades;No
Puerto Rico;POS_PR;Cinemax Pack St;254;Paramount Network;HD;Variedades;No
Puerto Rico;POS_PR;Cinemax Pack St;256;A&E;HD;Variedades;No
Puerto Rico;POS_PR;Cinemax Pack St;260;MTV;HD;Variedades;No
Puerto Rico;POS_PR;Cinemax Pack St;261;MTV 2;HD;Variedades;No
Puerto Rico;POS_PR;Cinemax Pack St;262;VH1;HD;Variedades;No
Puerto Rico;POS_PR;Cinemax Pack St;263;Comedy Central;HD;Variedades;No
Puerto Rico;POS_PR;Cinemax Pack St;264;VICE;SD;Variedades;No
Puerto Rico;POS_PR;Cinemax Pack St;267;Cooking Channel;HD;Variedades;No
Puerto Rico;POS_PR;Cinemax Pack St;268;So Yummy;SD;Variedades;Si
Puerto Rico;POS_PR;Cinemax Pack St;320;Cartoon Network;HD;Infantil;No
Puerto Rico;POS_PR;Cinemax Pack St;322;Nickelodeon;HD;Infantil;No
Puerto Rico;POS_PR;Cinemax Pack St;324;Disney Channel;HD;Infantil;No
Puerto Rico;POS_PR;Cinemax Pack St;326;Disney XD;HD;Infantil;No
Puerto Rico;POS_PR;Cinemax Pack St;330;Discovery Kids LA;SD;Infantil;No
Puerto Rico;POS_PR;Cinemax Pack St;332;LooLoo Kids;SD;Infantil;Si
Puerto Rico;POS_PR;Cinemax Pack St;336;Boomerang;SD;Infantil;No
Puerto Rico;POS_PR;Cinemax Pack St;337;Nick Jr.;HD;Infantil;No
Puerto Rico;POS_PR;Cinemax Pack St;338;Vme;SD;Infantil;No
Puerto Rico;POS_PR;Cinemax Pack St;339;Baby First TV;SD;Infantil;No
Puerto Rico;POS_PR;Cinemax Pack St;350;EWTN;SD;Religioso;No
Puerto Rico;POS_PR;Cinemax Pack St;352;Enlace;SD;Religioso;No
Puerto Rico;POS_PR;Cinemax Pack St;354;Christian Television Network (CTN);SD;Religioso;No
Puerto Rico;POS_PR;Cinemax Pack St;462;Playboy TV;SD;Adultos;No
Puerto Rico;POS_PR;Cinemax Pack St;465;Brazzers TV;SD;Adultos;No
Puerto Rico;POS_PR;Cinemax Pack St;468;Hustler;SD;Adultos;No
Puerto Rico;POS_PR;Cinemax Pack St;511;AMC;HD;Cine;No
Puerto Rico;POS_PR;Cinemax Pack St;514;Cine Latino;SD;Cine;No
Puerto Rico;POS_PR;Cinemax Pack St;516;De Película;SD;Cine;No
Puerto Rico;POS_PR;Cinemax Pack St;517;Lifetime;HD;Cine;No
Puerto Rico;POS_PR;Cinemax Pack St;518;Lifetime Moivie Network;HD;Cine;No
Puerto Rico;POS_PR;Cinemax Pack St;520;Hallmark Channel;HD;Cine;No
Puerto Rico;POS_PR;Cinemax Pack St;521;Hallmark Family;HD;Cine;No
Puerto Rico;POS_PR;Cinemax Pack St;522;Hallmark Mistery;SD;Cine;No
Puerto Rico;POS_PR;Cinemax Pack St;550;MGM Mas;HD;Cine;No
Puerto Rico;POS_PR;Cinemax Pack St;551;MGM Mas Hits;HD;Cine;No
Puerto Rico;POS_PR;Cinemax Pack St;552;MGM Mas Marquee;HD;Cine;No
Puerto Rico;POS_PR;Cinemax Pack St;564;HBO;HD;Cine;No
Puerto Rico;POS_PR;Cinemax Pack St;565;HBO Hits;HD;Cine;No
Puerto Rico;POS_PR;Cinemax Pack St;566;HBO Movie;HD;Cine;No
Puerto Rico;POS_PR;Cinemax Pack St;567;HBO Drama;HD;Cine;No
Puerto Rico;POS_PR;Cinemax Pack St;569;HBO Comedy;HD;Cine;No
Puerto Rico;POS_PR;Cinemax Pack St;570;HBO Latino;HD;Cine;No
Puerto Rico;POS_PR;Cinemax Pack St;571;Cinemax;HD;Cine;Si
Puerto Rico;POS_PR;Cinemax Pack St;572;Cinemax Hits;HD;Cine;Si
Puerto Rico;POS_PR;Cinemax Pack St;574;Cinemax Action;HD;Cine;Si
Puerto Rico;POS_PR;Cinemax Pack St;577;Paramount+ with Showtime;HD;Cine;No
Puerto Rico;POS_PR;Cinemax Pack St;578;Showtime 2;HD;Cine;No
Puerto Rico;POS_PR;Cinemax Pack St;579;Showtime Beyond;HD;Cine;No
Puerto Rico;POS_PR;Cinemax Pack St;580;Showcase;HD;Cine;No
Puerto Rico;POS_PR;Cinemax Pack St;581;Showtime Extreme;HD;Cine;No
Puerto Rico;POS_PR;Cinemax Pack St;582;The Movie Channel;SD;Cine;No
Puerto Rico;POS_PR;Cinemax Pack St;585;Starz;HD;Cine;No
Puerto Rico;POS_PR;Cinemax Pack St;586;Starz Kids & Family;HD;Cine;No
Puerto Rico;POS_PR;Cinemax Pack St;587;Starz Cinema;HD;Cine;No
Puerto Rico;POS_PR;Cinemax Pack St;588;Encore Action;SD;Cine;No
Puerto Rico;POS_PR;Cinemax Pack St;589;Encore;HD;Cine;No
Puerto Rico;POS_PR;Cinemax Pack St;590;Encore Family;SD;Cine;No
Puerto Rico;POS_PR;Cinemax Pack St;601;NBA League Pass;HD;Deportes;No
Puerto Rico;POS_PR;Cinemax Pack St;619;NBA League Pass;HD;Deportes;No
Puerto Rico;POS_PR;Cinemax Pack St;620;NFL Sunday Ticket;HD;Deportes;No
Puerto Rico;POS_PR;Cinemax Pack St;639;NFL Sunday Ticket;HD;Deportes;No
Puerto Rico;POS_PR;Cinemax Pack St;640;Thursday Night Football;HD;Deportes;No
Puerto Rico;POS_PR;Cinemax Pack St;645;ESPN;HD;Deportes;No
Puerto Rico;POS_PR;Cinemax Pack St;646;ESPN News;HD;Deportes;No
Puerto Rico;POS_PR;Cinemax Pack St;648;ESPN 2;HD;Deportes;No
Puerto Rico;POS_PR;Cinemax Pack St;649;ESPN Deportes;HD;Deportes;No
Puerto Rico;POS_PR;Cinemax Pack St;651;Fox Deportes;SD;Deportes;No
Puerto Rico;POS_PR;Cinemax Pack St;652;The Tennis Channel;HD;Deportes;No
Puerto Rico;POS_PR;Cinemax Pack St;653;NBA TV;HD;Deportes;No
Puerto Rico;POS_PR;Cinemax Pack St;654;The Golf Channel;HD;Deportes;No
Puerto Rico;POS_PR;Cinemax Pack St;655;Fox Sports;HD;Deportes;No
Puerto Rico;POS_PR;Cinemax Pack St;656;MLB Network;HD;Deportes;No
Puerto Rico;POS_PR;Cinemax Pack St;657;WAPA Deportes;HD;Deportes;No
Puerto Rico;POS_PR;Cinemax Pack St;659;Racer Network;HD;Deportes;No
Puerto Rico;POS_PR;Cinemax Pack St;702;CNN;HD;Mundo;No
Puerto Rico;POS_PR;Cinemax Pack St;704;CNN en Español;SD;Mundo;No
Puerto Rico;POS_PR;Cinemax Pack St;708;Headline News;HD;Mundo;No
Puerto Rico;POS_PR;Cinemax Pack St;710;Bloomberg;HD;Mundo;No
Puerto Rico;POS_PR;Cinemax Pack St;712;AccuWeather;HD;Mundo;No
Puerto Rico;POS_PR;Cinemax Pack St;714;Estrella TV;SD;Mundo;No
Puerto Rico;POS_PR;Cinemax Pack St;720;CSPAN2;SD;Mundo;Si
Puerto Rico;POS_PR;Cinemax Pack St;730;Nat Geo Mundo;SD;Mundo;No
Puerto Rico;POS_PR;Cinemax Pack St;732;Discovery em Español;SD;Mundo;No
Puerto Rico;POS_PR;Cinemax Pack St;734;Animal Planet LA;SD;Mundo;No
Puerto Rico;POS_PR;Cinemax Pack St;735;Animal Planet US;HD;Mundo;No
Puerto Rico;POS_PR;Cinemax Pack St;742;History Andes;SD;Mundo;No
Puerto Rico;POS_PR;Cinemax Pack St;744;FYI;HD;Mundo;No
Puerto Rico;POS_PR;Cinemax Pack St;745;SyFy;HD;Mundo;No
Puerto Rico;POS_PR;Cinemax Pack St;746;Discovery Turbo;HD;Mundo;No
Puerto Rico;POS_PR;Cinemax Pack St;752;Discovery US;HD;Mundo;No
Puerto Rico;POS_PR;Cinemax Pack St;754;The Learning Channel;HD;Mundo;No
Puerto Rico;POS_PR;Cinemax Pack St;756;History Channel;HD;Mundo;No
Puerto Rico;POS_PR;Cinemax Pack St;760;TVE;SD;Variedades;No
Puerto Rico;POS_PR;Cinemax Pack St;762;Antena 3;SD;Mundo;No
Puerto Rico;POS_PR;Cinemax Pack St;764;HITN;SD;Variedades;No
Puerto Rico;POS_PR;Cinemax Pack St;768;BBC América;HD;Mundo;No
Puerto Rico;POS_PR;Cinemax Pack St;901;Music Choice Rock Hits;Audio;Audio;No
Puerto Rico;POS_PR;Cinemax Pack St;902;Music Choice 80s Rock;Audio;Audio;No
Puerto Rico;POS_PR;Cinemax Pack St;903;Music Choice Jazz Vocal Hits;Audio;Audio;No
Puerto Rico;POS_PR;Cinemax Pack St;904;Music Choice Country Hits;Audio;Audio;No
Puerto Rico;POS_PR;Cinemax Pack St;905;Music Choice New Age;Audio;Audio;No
Puerto Rico;POS_PR;Cinemax Pack St;906;Music Choice Funk;Audio;Audio;No
Puerto Rico;POS_PR;Cinemax Pack St;907;Music Choice 90s;Audio;Audio;No
Puerto Rico;POS_PR;Cinemax Pack St;908;Music Choice Blues;Audio;Audio;No
Puerto Rico;POS_PR;Cinemax Pack St;909;Music Choice Love Songs;Audio;Audio;No
Puerto Rico;POS_PR;Cinemax Pack St;910;Music Choice Musica Urbana;Audio;Audio;No
Puerto Rico;POS_PR;Cinemax Pack St;911;Music Choice R&B Classics;Audio;Audio;No
Puerto Rico;POS_PR;Cinemax Pack St;912;Music Choice Latin Jazz;Audio;Audio;No
Puerto Rico;POS_PR;Cinemax Pack St;913;Music Choice Soft Rock;Audio;Audio;No
Puerto Rico;POS_PR;Cinemax Pack St;914;Music Choice Rap;Audio;Audio;No
Puerto Rico;POS_PR;Cinemax Pack St;915;Music Choice All Xmas;Audio;Audio;No
Puerto Rico;POS_PR;Cinemax Pack St;916;Music Choice Workout;Audio;Audio;No
Puerto Rico;POS_PR;Cinemax Pack St;917;Music Choice Broadway;Audio;Audio;No
Puerto Rico;POS_PR;Cinemax Pack St;918;Music Choice Adult Alternative;Audio;Audio;No
Puerto Rico;POS_PR;Cinemax Pack St;919;Music Choice Pop Hits;Audio;Audio;No
Puerto Rico;POS_PR;Cinemax Pack St;920;Music Choice New Wave;Audio;Audio;No
Puerto Rico;POS_PR;Cinemax Pack St;921;Music Choice 70s;Audio;Audio;No
Puerto Rico;POS_PR;Cinemax Pack St;922;Music Choice Kidz Only!;Audio;Audio;No
Puerto Rico;POS_PR;Cinemax Pack St;923;Music Choice 80s;Audio;Audio;No
Puerto Rico;POS_PR;Cinemax Pack St;924;Music Choice Rock Latino;Audio;Audio;No
Puerto Rico;POS_PR;Cinemax Pack St;925;Music Choice Retro Workout;Audio;Audio;No
Puerto Rico;POS_PR;Cinemax Pack St;926;Music Choice Contemporary Christian;Audio;Audio;No
Puerto Rico;POS_PR;Cinemax Pack St;927;Music Choice Reggae;Audio;Audio;No
Puerto Rico;POS_PR;Cinemax Pack St;928;Music Choice Alternative;Audio;Audio;No
Puerto Rico;POS_PR;Cinemax Pack St;929;Music Choice Pop & Country;Audio;Audio;No
Puerto Rico;POS_PR;Cinemax Pack St;930;Music Choice Pop Latino;Audio;Audio;No
Puerto Rico;POS_PR;Cinemax Pack St;931;Music Choice Classic Country;Audio;Audio;No
Puerto Rico;POS_PR;Cinemax Pack St;932;Music Choice Big Band;Audio;Audio;No
Puerto Rico;POS_PR;Cinemax Pack St;933;Music Choice Todays Country;Audio;Audio;No
Puerto Rico;POS_PR;Cinemax Pack St;934;Music Choice Hit List;Audio;Audio;No
Puerto Rico;POS_PR;Cinemax Pack St;935;Music Choice Hip-Hop And R&B;Audio;Audio;No
Puerto Rico;POS_PR;Cinemax Pack St;936;Music Choice Teen Beats;Audio;Audio;No
Puerto Rico;POS_PR;Cinemax Pack St;937;Music Choice Coffee Shop Cuts;Audio;Audio;No
Puerto Rico;POS_PR;Cinemax Pack St;938;Music Choice Honky Tonk;Audio;Audio;No
Puerto Rico;POS_PR;Cinemax Pack St;939;Music Choice Soundscapes;Audio;Audio;No
Puerto Rico;POS_PR;Cinemax Pack St;940;Music Choice Light Classical;Audio;Audio;No
Puerto Rico;POS_PR;Cinemax Pack St;941;Music Choice Classic Alternative;Audio;Audio;No
Puerto Rico;POS_PR;Cinemax Pack St;942;Music Choice Indie;Audio;Audio;No
Puerto Rico;POS_PR;Cinemax Pack St;943;Music Choice Malt Shop Favorites;Audio;Audio;No
Puerto Rico;POS_PR;Cinemax Pack St;944;Music Choice Smooth Jazz;Audio;Audio;No
Puerto Rico;POS_PR;Cinemax Pack St;945;Music Choice Contemporary Instrumentals;Audio;Audio;No
Puerto Rico;POS_PR;Cinemax Pack St;946;Music Choice Hard Rock;Audio;Audio;No
Puerto Rico;POS_PR;Cinemax Pack St;947;Music Choice Throwback Jamz;Audio;Audio;No
Puerto Rico;POS_PR;Cinemax Pack St;948;Music Choice Classic Rock;Audio;Audio;No
Puerto Rico;POS_PR;Cinemax Pack St;949;Music Choice Movie Scores;Audio;Audio;No
Puerto Rico;POS_PR;Cinemax Pack St;950;Music Choice Max;Audio;Audio;No
Puerto Rico;POS_PR;Cinemax Pack St;951;Music Choice Mainstream Rap;Audio;Audio;No
Puerto Rico;POS_PR;Cinemax Pack St;952;Music Choice Americana;Audio;Audio;No
Puerto Rico;POS_PR;Cinemax Pack St;953;Music Choice Symphony;Audio;Audio;No
Puerto Rico;POS_PR;Cinemax Pack St;954;Music Choice Dance/EDM;Audio;Audio;No
Puerto Rico;POS_PR;Cinemax Pack St;955;Music Choice Folk;Audio;Audio;No
Puerto Rico;POS_PR;Cinemax Pack St;956;Music Choice Classic Dance;Audio;Audio;No
Puerto Rico;POS_PR;Cinemax Pack St;957;Music Choice Gospel Hallelujah;Audio;Audio;No
Puerto Rico;POS_PR;Cinemax Pack St;958;Music Choice Tropicales;Audio;Audio;No
Puerto Rico;POS_PR;Cinemax Pack St;959;Music Choice Metal;Audio;Audio;No
Puerto Rico;POS_PR;Cinemax Pack St;960;Music Choice Toddler Tunes;Audio;Audio;No
Puerto Rico;POS_PR;Cinemax Pack St;961;Music Choice Y2k;Audio;Audio;No
Puerto Rico;POS_PR;Cinemax Pack St;962;Music Choice Bluegrass;Audio;Audio;No
Puerto Rico;POS_PR;Cinemax Pack St;963;Music Choice Vietnamese;Audio;Audio;No
Puerto Rico;POS_PR;Cinemax Pack St;964;Music Choice Gospel;Audio;Audio;No
Puerto Rico;POS_PR;Cinemax Pack St;965;Music Choice 60s Movement;Audio;Audio;No
Puerto Rico;POS_PR;Cinemax Pack St;966;Music Choice Filipino;Audio;Audio;No
Puerto Rico;POS_PR;Cinemax Pack St;967;Music Choice Sounds of the Season;Audio;Audio;No
Puerto Rico;POS_PR;Showtime Pack St;162;Telemundo;HD;Nacional;No
Puerto Rico;POS_PR;Showtime Pack St;164;WAPA TV;HD;Nacional;No
Puerto Rico;POS_PR;Showtime Pack St;166;WIPR;SD;Nacional;No
Puerto Rico;POS_PR;Showtime Pack St;167;Teleislas;SD;Nacional;No
Puerto Rico;POS_PR;Showtime Pack St;168;TeleOnce HD;HD;Nacional;No
Puerto Rico;POS_PR;Showtime Pack St;169;Daystar Español;SD;Nacional;No
Puerto Rico;POS_PR;Showtime Pack St;170;Fox News;HD;Nacional;No
Puerto Rico;POS_PR;Showtime Pack St;172;ABC5;HD;Nacional;No
Puerto Rico;POS_PR;Showtime Pack St;174;CBS;HD;Nacional;No
Puerto Rico;POS_PR;Showtime Pack St;176;NBC PR;HD;Nacional;No
Puerto Rico;POS_PR;Showtime Pack St;179;Punto 2;HD;Nacional;No
Puerto Rico;POS_PR;Showtime Pack St;181;TV Dominicana;SD;Nacional;No
Puerto Rico;POS_PR;Showtime Pack St;182;TV Chile;SD;Nacional;No
Puerto Rico;POS_PR;Showtime Pack St;183;TeleOro;SD;Nacional;No
Puerto Rico;POS_PR;Showtime Pack St;185;Telecinco;SD;Local;No
Puerto Rico;POS_PR;Showtime Pack St;186;UniMás;SD;Local;No
Puerto Rico;POS_PR;Showtime Pack St;188;QVC;SD;Variedades;No
Puerto Rico;POS_PR;Showtime Pack St;189;QVC 2;SD;Variedades;No
Puerto Rico;POS_PR;Showtime Pack St;190;Home Shopping Network (HSN);SD;Variedades;No
Puerto Rico;POS_PR;Showtime Pack St;191;Home Shopping Network (HSN) 2;SD;Variedades;No
Puerto Rico;POS_PR;Showtime Pack St;220;Bravo;HD;Variedades;No
Puerto Rico;POS_PR;Showtime Pack St;221;¡Hola! TV;SD;Variedades;No
Puerto Rico;POS_PR;Showtime Pack St;222;E! Entertainment HD;HD;Variedades;No
Puerto Rico;POS_PR;Showtime Pack St;225;Pasiones;SD;Variedades;No
Puerto Rico;POS_PR;Showtime Pack St;226;QVC;SD;Variedades;No
Puerto Rico;POS_PR;Showtime Pack St;227;Home Shopping Network (HSN);SD;Variedades;No
Puerto Rico;POS_PR;Showtime Pack St;228;Food Network;HD;Variedades;No
Puerto Rico;POS_PR;Showtime Pack St;229;Blossom;SD;Variedades;Si
Puerto Rico;POS_PR;Showtime Pack St;230;BET;SD;Variedades;No
Puerto Rico;POS_PR;Showtime Pack St;242;FX HD;HD;Variedades;No
Puerto Rico;POS_PR;Showtime Pack St;244;TNT;HD;Variedades;No
Puerto Rico;POS_PR;Showtime Pack St;246;USA Network;HD;Variedades;No
Puerto Rico;POS_PR;Showtime Pack St;248;TBS;HD;Variedades;No
Puerto Rico;POS_PR;Showtime Pack St;249;TLnovelas;SD;Variedades;No
Puerto Rico;POS_PR;Showtime Pack St;250;HGTV;HD;Variedades;No
Puerto Rico;POS_PR;Showtime Pack St;252;Freeform;HD;Variedades;No
Puerto Rico;POS_PR;Showtime Pack St;254;Paramount Network;HD;Variedades;No
Puerto Rico;POS_PR;Showtime Pack St;256;A&E;HD;Variedades;No
Puerto Rico;POS_PR;Showtime Pack St;260;MTV;HD;Variedades;No
Puerto Rico;POS_PR;Showtime Pack St;261;MTV 2;HD;Variedades;No
Puerto Rico;POS_PR;Showtime Pack St;262;VH1;HD;Variedades;No
Puerto Rico;POS_PR;Showtime Pack St;263;Comedy Central;HD;Variedades;No
Puerto Rico;POS_PR;Showtime Pack St;264;VICE;SD;Variedades;No
Puerto Rico;POS_PR;Showtime Pack St;267;Cooking Channel;HD;Variedades;No
Puerto Rico;POS_PR;Showtime Pack St;268;So Yummy;SD;Variedades;Si
Puerto Rico;POS_PR;Showtime Pack St;320;Cartoon Network;HD;Infantil;No
Puerto Rico;POS_PR;Showtime Pack St;322;Nickelodeon;HD;Infantil;No
Puerto Rico;POS_PR;Showtime Pack St;324;Disney Channel;HD;Infantil;No
Puerto Rico;POS_PR;Showtime Pack St;326;Disney XD;HD;Infantil;No
Puerto Rico;POS_PR;Showtime Pack St;330;Discovery Kids LA;SD;Infantil;No
Puerto Rico;POS_PR;Showtime Pack St;332;LooLoo Kids;SD;Infantil;Si
Puerto Rico;POS_PR;Showtime Pack St;336;Boomerang;SD;Infantil;No
Puerto Rico;POS_PR;Showtime Pack St;337;Nick Jr.;HD;Infantil;No
Puerto Rico;POS_PR;Showtime Pack St;338;Vme;SD;Infantil;No
Puerto Rico;POS_PR;Showtime Pack St;339;Baby First TV;SD;Infantil;No
Puerto Rico;POS_PR;Showtime Pack St;350;EWTN;SD;Religioso;No
Puerto Rico;POS_PR;Showtime Pack St;352;Enlace;SD;Religioso;No
Puerto Rico;POS_PR;Showtime Pack St;354;Christian Television Network (CTN);SD;Religioso;No
Puerto Rico;POS_PR;Showtime Pack St;462;Playboy TV;SD;Adultos;No
Puerto Rico;POS_PR;Showtime Pack St;465;Brazzers TV;SD;Adultos;No
Puerto Rico;POS_PR;Showtime Pack St;468;Hustler;SD;Adultos;No
Puerto Rico;POS_PR;Showtime Pack St;511;AMC;HD;Cine;No
Puerto Rico;POS_PR;Showtime Pack St;514;Cine Latino;SD;Cine;No
Puerto Rico;POS_PR;Showtime Pack St;516;De Película;SD;Cine;No
Puerto Rico;POS_PR;Showtime Pack St;517;Lifetime;HD;Cine;No
Puerto Rico;POS_PR;Showtime Pack St;518;Lifetime Moivie Network;HD;Cine;No
Puerto Rico;POS_PR;Showtime Pack St;520;Hallmark Channel;HD;Cine;No
Puerto Rico;POS_PR;Showtime Pack St;521;Hallmark Family;HD;Cine;No
Puerto Rico;POS_PR;Showtime Pack St;522;Hallmark Mistery;SD;Cine;No
Puerto Rico;POS_PR;Showtime Pack St;550;MGM Mas;HD;Cine;No
Puerto Rico;POS_PR;Showtime Pack St;551;MGM Mas Hits;HD;Cine;No
Puerto Rico;POS_PR;Showtime Pack St;552;MGM Mas Marquee;HD;Cine;No
Puerto Rico;POS_PR;Showtime Pack St;564;HBO;HD;Cine;No
Puerto Rico;POS_PR;Showtime Pack St;565;HBO Hits;HD;Cine;No
Puerto Rico;POS_PR;Showtime Pack St;566;HBO Movie;HD;Cine;No
Puerto Rico;POS_PR;Showtime Pack St;567;HBO Drama;HD;Cine;No
Puerto Rico;POS_PR;Showtime Pack St;569;HBO Comedy;HD;Cine;No
Puerto Rico;POS_PR;Showtime Pack St;570;HBO Latino;HD;Cine;No
Puerto Rico;POS_PR;Showtime Pack St;571;Cinemax;HD;Cine;No
Puerto Rico;POS_PR;Showtime Pack St;572;Cinemax Hits;HD;Cine;No
Puerto Rico;POS_PR;Showtime Pack St;574;Cinemax Action;HD;Cine;No
Puerto Rico;POS_PR;Showtime Pack St;577;Paramount+ with Showtime;HD;Cine;Si
Puerto Rico;POS_PR;Showtime Pack St;578;Showtime 2;HD;Cine;Si
Puerto Rico;POS_PR;Showtime Pack St;579;Showtime Beyond;HD;Cine;Si
Puerto Rico;POS_PR;Showtime Pack St;580;Showcase;HD;Cine;Si
Puerto Rico;POS_PR;Showtime Pack St;581;Showtime Extreme;HD;Cine;Si
Puerto Rico;POS_PR;Showtime Pack St;582;The Movie Channel;SD;Cine;Si
Puerto Rico;POS_PR;Showtime Pack St;585;Starz;HD;Cine;No
Puerto Rico;POS_PR;Showtime Pack St;586;Starz Kids & Family;HD;Cine;No
Puerto Rico;POS_PR;Showtime Pack St;587;Starz Cinema;HD;Cine;No
Puerto Rico;POS_PR;Showtime Pack St;588;Encore Action;SD;Cine;No
Puerto Rico;POS_PR;Showtime Pack St;589;Encore;HD;Cine;No
Puerto Rico;POS_PR;Showtime Pack St;590;Encore Family;SD;Cine;No
Puerto Rico;POS_PR;Showtime Pack St;601;NBA League Pass;HD;Deportes;No
Puerto Rico;POS_PR;Showtime Pack St;619;NBA League Pass;HD;Deportes;No
Puerto Rico;POS_PR;Showtime Pack St;620;NFL Sunday Ticket;HD;Deportes;No
Puerto Rico;POS_PR;Showtime Pack St;639;NFL Sunday Ticket;HD;Deportes;No
Puerto Rico;POS_PR;Showtime Pack St;640;Thursday Night Football;HD;Deportes;No
Puerto Rico;POS_PR;Showtime Pack St;645;ESPN;HD;Deportes;No
Puerto Rico;POS_PR;Showtime Pack St;646;ESPN News;HD;Deportes;No
Puerto Rico;POS_PR;Showtime Pack St;648;ESPN 2;HD;Deportes;No
Puerto Rico;POS_PR;Showtime Pack St;649;ESPN Deportes;HD;Deportes;No
Puerto Rico;POS_PR;Showtime Pack St;651;Fox Deportes;SD;Deportes;No
Puerto Rico;POS_PR;Showtime Pack St;652;The Tennis Channel;HD;Deportes;No
Puerto Rico;POS_PR;Showtime Pack St;653;NBA TV;HD;Deportes;No
Puerto Rico;POS_PR;Showtime Pack St;654;The Golf Channel;HD;Deportes;No
Puerto Rico;POS_PR;Showtime Pack St;655;Fox Sports;HD;Deportes;No
Puerto Rico;POS_PR;Showtime Pack St;656;MLB Network;HD;Deportes;No
Puerto Rico;POS_PR;Showtime Pack St;657;WAPA Deportes;HD;Deportes;No
Puerto Rico;POS_PR;Showtime Pack St;659;Racer Network;HD;Deportes;No
Puerto Rico;POS_PR;Showtime Pack St;702;CNN;HD;Mundo;No
Puerto Rico;POS_PR;Showtime Pack St;704;CNN en Español;SD;Mundo;No
Puerto Rico;POS_PR;Showtime Pack St;708;Headline News;HD;Mundo;No
Puerto Rico;POS_PR;Showtime Pack St;710;Bloomberg;HD;Mundo;No
Puerto Rico;POS_PR;Showtime Pack St;712;AccuWeather;HD;Mundo;No
Puerto Rico;POS_PR;Showtime Pack St;714;Estrella TV;SD;Mundo;No
Puerto Rico;POS_PR;Showtime Pack St;720;CSPAN2;SD;Mundo;Si
Puerto Rico;POS_PR;Showtime Pack St;730;Nat Geo Mundo;SD;Mundo;No
Puerto Rico;POS_PR;Showtime Pack St;732;Discovery em Español;SD;Mundo;No
Puerto Rico;POS_PR;Showtime Pack St;734;Animal Planet LA;SD;Mundo;No
Puerto Rico;POS_PR;Showtime Pack St;735;Animal Planet US;HD;Mundo;No
Puerto Rico;POS_PR;Showtime Pack St;742;History Andes;SD;Mundo;No
Puerto Rico;POS_PR;Showtime Pack St;744;FYI;HD;Mundo;No
Puerto Rico;POS_PR;Showtime Pack St;745;SyFy;HD;Mundo;No
Puerto Rico;POS_PR;Showtime Pack St;746;Discovery Turbo;HD;Mundo;No
Puerto Rico;POS_PR;Showtime Pack St;752;Discovery US;HD;Mundo;No
Puerto Rico;POS_PR;Showtime Pack St;754;The Learning Channel;HD;Mundo;No
Puerto Rico;POS_PR;Showtime Pack St;756;History Channel;HD;Mundo;No
Puerto Rico;POS_PR;Showtime Pack St;760;TVE;SD;Variedades;No
Puerto Rico;POS_PR;Showtime Pack St;762;Antena 3;SD;Mundo;No
Puerto Rico;POS_PR;Showtime Pack St;764;HITN;SD;Variedades;No
Puerto Rico;POS_PR;Showtime Pack St;768;BBC América;HD;Mundo;No
Puerto Rico;POS_PR;Showtime Pack St;901;Music Choice Rock Hits;Audio;Audio;No
Puerto Rico;POS_PR;Showtime Pack St;902;Music Choice 80s Rock;Audio;Audio;No
Puerto Rico;POS_PR;Showtime Pack St;903;Music Choice Jazz Vocal Hits;Audio;Audio;No
Puerto Rico;POS_PR;Showtime Pack St;904;Music Choice Country Hits;Audio;Audio;No
Puerto Rico;POS_PR;Showtime Pack St;905;Music Choice New Age;Audio;Audio;No
Puerto Rico;POS_PR;Showtime Pack St;906;Music Choice Funk;Audio;Audio;No
Puerto Rico;POS_PR;Showtime Pack St;907;Music Choice 90s;Audio;Audio;No
Puerto Rico;POS_PR;Showtime Pack St;908;Music Choice Blues;Audio;Audio;No
Puerto Rico;POS_PR;Showtime Pack St;909;Music Choice Love Songs;Audio;Audio;No
Puerto Rico;POS_PR;Showtime Pack St;910;Music Choice Musica Urbana;Audio;Audio;No
Puerto Rico;POS_PR;Showtime Pack St;911;Music Choice R&B Classics;Audio;Audio;No
Puerto Rico;POS_PR;Showtime Pack St;912;Music Choice Latin Jazz;Audio;Audio;No
Puerto Rico;POS_PR;Showtime Pack St;913;Music Choice Soft Rock;Audio;Audio;No
Puerto Rico;POS_PR;Showtime Pack St;914;Music Choice Rap;Audio;Audio;No
Puerto Rico;POS_PR;Showtime Pack St;915;Music Choice All Xmas;Audio;Audio;No
Puerto Rico;POS_PR;Showtime Pack St;916;Music Choice Workout;Audio;Audio;No
Puerto Rico;POS_PR;Showtime Pack St;917;Music Choice Broadway;Audio;Audio;No
Puerto Rico;POS_PR;Showtime Pack St;918;Music Choice Adult Alternative;Audio;Audio;No
Puerto Rico;POS_PR;Showtime Pack St;919;Music Choice Pop Hits;Audio;Audio;No
Puerto Rico;POS_PR;Showtime Pack St;920;Music Choice New Wave;Audio;Audio;No
Puerto Rico;POS_PR;Showtime Pack St;921;Music Choice 70s;Audio;Audio;No
Puerto Rico;POS_PR;Showtime Pack St;922;Music Choice Kidz Only!;Audio;Audio;No
Puerto Rico;POS_PR;Showtime Pack St;923;Music Choice 80s;Audio;Audio;No
Puerto Rico;POS_PR;Showtime Pack St;924;Music Choice Rock Latino;Audio;Audio;No
Puerto Rico;POS_PR;Showtime Pack St;925;Music Choice Retro Workout;Audio;Audio;No
Puerto Rico;POS_PR;Showtime Pack St;926;Music Choice Contemporary Christian;Audio;Audio;No
Puerto Rico;POS_PR;Showtime Pack St;927;Music Choice Reggae;Audio;Audio;No
Puerto Rico;POS_PR;Showtime Pack St;928;Music Choice Alternative;Audio;Audio;No
Puerto Rico;POS_PR;Showtime Pack St;929;Music Choice Pop & Country;Audio;Audio;No
Puerto Rico;POS_PR;Showtime Pack St;930;Music Choice Pop Latino;Audio;Audio;No
Puerto Rico;POS_PR;Showtime Pack St;931;Music Choice Classic Country;Audio;Audio;No
Puerto Rico;POS_PR;Showtime Pack St;932;Music Choice Big Band;Audio;Audio;No
Puerto Rico;POS_PR;Showtime Pack St;933;Music Choice Todays Country;Audio;Audio;No
Puerto Rico;POS_PR;Showtime Pack St;934;Music Choice Hit List;Audio;Audio;No
Puerto Rico;POS_PR;Showtime Pack St;935;Music Choice Hip-Hop And R&B;Audio;Audio;No
Puerto Rico;POS_PR;Showtime Pack St;936;Music Choice Teen Beats;Audio;Audio;No
Puerto Rico;POS_PR;Showtime Pack St;937;Music Choice Coffee Shop Cuts;Audio;Audio;No
Puerto Rico;POS_PR;Showtime Pack St;938;Music Choice Honky Tonk;Audio;Audio;No
Puerto Rico;POS_PR;Showtime Pack St;939;Music Choice Soundscapes;Audio;Audio;No
Puerto Rico;POS_PR;Showtime Pack St;940;Music Choice Light Classical;Audio;Audio;No
Puerto Rico;POS_PR;Showtime Pack St;941;Music Choice Classic Alternative;Audio;Audio;No
Puerto Rico;POS_PR;Showtime Pack St;942;Music Choice Indie;Audio;Audio;No
Puerto Rico;POS_PR;Showtime Pack St;943;Music Choice Malt Shop Favorites;Audio;Audio;No
Puerto Rico;POS_PR;Showtime Pack St;944;Music Choice Smooth Jazz;Audio;Audio;No
Puerto Rico;POS_PR;Showtime Pack St;945;Music Choice Contemporary Instrumentals;Audio;Audio;No
Puerto Rico;POS_PR;Showtime Pack St;946;Music Choice Hard Rock;Audio;Audio;No
Puerto Rico;POS_PR;Showtime Pack St;947;Music Choice Throwback Jamz;Audio;Audio;No
Puerto Rico;POS_PR;Showtime Pack St;948;Music Choice Classic Rock;Audio;Audio;No
Puerto Rico;POS_PR;Showtime Pack St;949;Music Choice Movie Scores;Audio;Audio;No
Puerto Rico;POS_PR;Showtime Pack St;950;Music Choice Max;Audio;Audio;No
Puerto Rico;POS_PR;Showtime Pack St;951;Music Choice Mainstream Rap;Audio;Audio;No
Puerto Rico;POS_PR;Showtime Pack St;952;Music Choice Americana;Audio;Audio;No
Puerto Rico;POS_PR;Showtime Pack St;953;Music Choice Symphony;Audio;Audio;No
Puerto Rico;POS_PR;Showtime Pack St;954;Music Choice Dance/EDM;Audio;Audio;No
Puerto Rico;POS_PR;Showtime Pack St;955;Music Choice Folk;Audio;Audio;No
Puerto Rico;POS_PR;Showtime Pack St;956;Music Choice Classic Dance;Audio;Audio;No
Puerto Rico;POS_PR;Showtime Pack St;957;Music Choice Gospel Hallelujah;Audio;Audio;No
Puerto Rico;POS_PR;Showtime Pack St;958;Music Choice Tropicales;Audio;Audio;No
Puerto Rico;POS_PR;Showtime Pack St;959;Music Choice Metal;Audio;Audio;No
Puerto Rico;POS_PR;Showtime Pack St;960;Music Choice Toddler Tunes;Audio;Audio;No
Puerto Rico;POS_PR;Showtime Pack St;961;Music Choice Y2k;Audio;Audio;No
Puerto Rico;POS_PR;Showtime Pack St;962;Music Choice Bluegrass;Audio;Audio;No
Puerto Rico;POS_PR;Showtime Pack St;963;Music Choice Vietnamese;Audio;Audio;No
Puerto Rico;POS_PR;Showtime Pack St;964;Music Choice Gospel;Audio;Audio;No
Puerto Rico;POS_PR;Showtime Pack St;965;Music Choice 60s Movement;Audio;Audio;No
Puerto Rico;POS_PR;Showtime Pack St;966;Music Choice Filipino;Audio;Audio;No
Puerto Rico;POS_PR;Showtime Pack St;967;Music Choice Sounds of the Season;Audio;Audio;No
Puerto Rico;POS_PR;Starz Pack St;162;Telemundo;HD;Nacional;No
Puerto Rico;POS_PR;Starz Pack St;164;WAPA TV;HD;Nacional;No
Puerto Rico;POS_PR;Starz Pack St;166;WIPR;SD;Nacional;No
Puerto Rico;POS_PR;Starz Pack St;167;Teleislas;SD;Nacional;No
Puerto Rico;POS_PR;Starz Pack St;168;TeleOnce HD;HD;Nacional;No
Puerto Rico;POS_PR;Starz Pack St;169;Daystar Español;SD;Nacional;No
Puerto Rico;POS_PR;Starz Pack St;170;Fox News;HD;Nacional;No
Puerto Rico;POS_PR;Starz Pack St;172;ABC5;HD;Nacional;No
Puerto Rico;POS_PR;Starz Pack St;174;CBS;HD;Nacional;No
Puerto Rico;POS_PR;Starz Pack St;176;NBC PR;HD;Nacional;No
Puerto Rico;POS_PR;Starz Pack St;179;Punto 2;HD;Nacional;No
Puerto Rico;POS_PR;Starz Pack St;181;TV Dominicana;SD;Nacional;No
Puerto Rico;POS_PR;Starz Pack St;182;TV Chile;SD;Nacional;No
Puerto Rico;POS_PR;Starz Pack St;183;TeleOro;SD;Nacional;No
Puerto Rico;POS_PR;Starz Pack St;185;Telecinco;SD;Local;No
Puerto Rico;POS_PR;Starz Pack St;186;UniMás;SD;Local;No
Puerto Rico;POS_PR;Starz Pack St;188;QVC;SD;Variedades;No
Puerto Rico;POS_PR;Starz Pack St;189;QVC 2;SD;Variedades;No
Puerto Rico;POS_PR;Starz Pack St;190;Home Shopping Network (HSN);SD;Variedades;No
Puerto Rico;POS_PR;Starz Pack St;191;Home Shopping Network (HSN) 2;SD;Variedades;No
Puerto Rico;POS_PR;Starz Pack St;220;Bravo;HD;Variedades;No
Puerto Rico;POS_PR;Starz Pack St;221;¡Hola! TV;SD;Variedades;No
Puerto Rico;POS_PR;Starz Pack St;222;E! Entertainment HD;HD;Variedades;No
Puerto Rico;POS_PR;Starz Pack St;225;Pasiones;SD;Variedades;No
Puerto Rico;POS_PR;Starz Pack St;226;QVC;SD;Variedades;No
Puerto Rico;POS_PR;Starz Pack St;227;Home Shopping Network (HSN);SD;Variedades;No
Puerto Rico;POS_PR;Starz Pack St;228;Food Network;HD;Variedades;No
Puerto Rico;POS_PR;Starz Pack St;229;Blossom;SD;Variedades;Si
Puerto Rico;POS_PR;Starz Pack St;230;BET;SD;Variedades;No
Puerto Rico;POS_PR;Starz Pack St;242;FX HD;HD;Variedades;No
Puerto Rico;POS_PR;Starz Pack St;244;TNT;HD;Variedades;No
Puerto Rico;POS_PR;Starz Pack St;246;USA Network;HD;Variedades;No
Puerto Rico;POS_PR;Starz Pack St;248;TBS;HD;Variedades;No
Puerto Rico;POS_PR;Starz Pack St;249;TLnovelas;SD;Variedades;No
Puerto Rico;POS_PR;Starz Pack St;250;HGTV;HD;Variedades;No
Puerto Rico;POS_PR;Starz Pack St;252;Freeform;HD;Variedades;No
Puerto Rico;POS_PR;Starz Pack St;254;Paramount Network;HD;Variedades;No
Puerto Rico;POS_PR;Starz Pack St;256;A&E;HD;Variedades;No
Puerto Rico;POS_PR;Starz Pack St;260;MTV;HD;Variedades;No
Puerto Rico;POS_PR;Starz Pack St;261;MTV 2;HD;Variedades;No
Puerto Rico;POS_PR;Starz Pack St;262;VH1;HD;Variedades;No
Puerto Rico;POS_PR;Starz Pack St;263;Comedy Central;HD;Variedades;No
Puerto Rico;POS_PR;Starz Pack St;264;VICE;SD;Variedades;No
Puerto Rico;POS_PR;Starz Pack St;267;Cooking Channel;HD;Variedades;No
Puerto Rico;POS_PR;Starz Pack St;268;So Yummy;SD;Variedades;Si
Puerto Rico;POS_PR;Starz Pack St;320;Cartoon Network;HD;Infantil;No
Puerto Rico;POS_PR;Starz Pack St;322;Nickelodeon;HD;Infantil;No
Puerto Rico;POS_PR;Starz Pack St;324;Disney Channel;HD;Infantil;No
Puerto Rico;POS_PR;Starz Pack St;326;Disney XD;HD;Infantil;No
Puerto Rico;POS_PR;Starz Pack St;330;Discovery Kids LA;SD;Infantil;No
Puerto Rico;POS_PR;Starz Pack St;332;LooLoo Kids;SD;Infantil;Si
Puerto Rico;POS_PR;Starz Pack St;336;Boomerang;SD;Infantil;No
Puerto Rico;POS_PR;Starz Pack St;337;Nick Jr.;HD;Infantil;No
Puerto Rico;POS_PR;Starz Pack St;338;Vme;SD;Infantil;No
Puerto Rico;POS_PR;Starz Pack St;339;Baby First TV;SD;Infantil;No
Puerto Rico;POS_PR;Starz Pack St;350;EWTN;SD;Religioso;No
Puerto Rico;POS_PR;Starz Pack St;352;Enlace;SD;Religioso;No
Puerto Rico;POS_PR;Starz Pack St;354;Christian Television Network (CTN);SD;Religioso;No
Puerto Rico;POS_PR;Starz Pack St;462;Playboy TV;SD;Adultos;No
Puerto Rico;POS_PR;Starz Pack St;465;Brazzers TV;SD;Adultos;No
Puerto Rico;POS_PR;Starz Pack St;468;Hustler;SD;Adultos;No
Puerto Rico;POS_PR;Starz Pack St;511;AMC;HD;Cine;No
Puerto Rico;POS_PR;Starz Pack St;514;Cine Latino;SD;Cine;No
Puerto Rico;POS_PR;Starz Pack St;516;De Película;SD;Cine;No
Puerto Rico;POS_PR;Starz Pack St;517;Lifetime;HD;Cine;No
Puerto Rico;POS_PR;Starz Pack St;518;Lifetime Moivie Network;HD;Cine;No
Puerto Rico;POS_PR;Starz Pack St;520;Hallmark Channel;HD;Cine;No
Puerto Rico;POS_PR;Starz Pack St;521;Hallmark Family;HD;Cine;No
Puerto Rico;POS_PR;Starz Pack St;522;Hallmark Mistery;SD;Cine;No
Puerto Rico;POS_PR;Starz Pack St;550;MGM Mas;HD;Cine;No
Puerto Rico;POS_PR;Starz Pack St;551;MGM Mas Hits;HD;Cine;No
Puerto Rico;POS_PR;Starz Pack St;552;MGM Mas Marquee;HD;Cine;No
Puerto Rico;POS_PR;Starz Pack St;564;HBO;HD;Cine;No
Puerto Rico;POS_PR;Starz Pack St;565;HBO Hits;HD;Cine;No
Puerto Rico;POS_PR;Starz Pack St;566;HBO Movie;HD;Cine;No
Puerto Rico;POS_PR;Starz Pack St;567;HBO Drama;HD;Cine;No
Puerto Rico;POS_PR;Starz Pack St;569;HBO Comedy;HD;Cine;No
Puerto Rico;POS_PR;Starz Pack St;570;HBO Latino;HD;Cine;No
Puerto Rico;POS_PR;Starz Pack St;571;Cinemax;HD;Cine;No
Puerto Rico;POS_PR;Starz Pack St;572;Cinemax Hits;HD;Cine;No
Puerto Rico;POS_PR;Starz Pack St;574;Cinemax Action;HD;Cine;No
Puerto Rico;POS_PR;Starz Pack St;577;Paramount+ with Showtime;HD;Cine;No
Puerto Rico;POS_PR;Starz Pack St;578;Showtime 2;HD;Cine;No
Puerto Rico;POS_PR;Starz Pack St;579;Showtime Beyond;HD;Cine;No
Puerto Rico;POS_PR;Starz Pack St;580;Showcase;HD;Cine;No
Puerto Rico;POS_PR;Starz Pack St;581;Showtime Extreme;HD;Cine;No
Puerto Rico;POS_PR;Starz Pack St;582;The Movie Channel;SD;Cine;No
Puerto Rico;POS_PR;Starz Pack St;585;Starz;HD;Cine;Si
Puerto Rico;POS_PR;Starz Pack St;586;Starz Kids & Family;HD;Cine;Si
Puerto Rico;POS_PR;Starz Pack St;587;Starz Cinema;HD;Cine;Si
Puerto Rico;POS_PR;Starz Pack St;588;Encore Action;SD;Cine;Si
Puerto Rico;POS_PR;Starz Pack St;589;Encore;HD;Cine;Si
Puerto Rico;POS_PR;Starz Pack St;590;Encore Family;SD;Cine;Si
Puerto Rico;POS_PR;Starz Pack St;601;NBA League Pass;HD;Deportes;No
Puerto Rico;POS_PR;Starz Pack St;619;NBA League Pass;HD;Deportes;No
Puerto Rico;POS_PR;Starz Pack St;620;NFL Sunday Ticket;HD;Deportes;No
Puerto Rico;POS_PR;Starz Pack St;639;NFL Sunday Ticket;HD;Deportes;No
Puerto Rico;POS_PR;Starz Pack St;640;Thursday Night Football;HD;Deportes;No
Puerto Rico;POS_PR;Starz Pack St;645;ESPN;HD;Deportes;No
Puerto Rico;POS_PR;Starz Pack St;646;ESPN News;HD;Deportes;No
Puerto Rico;POS_PR;Starz Pack St;648;ESPN 2;HD;Deportes;No
Puerto Rico;POS_PR;Starz Pack St;649;ESPN Deportes;HD;Deportes;No
Puerto Rico;POS_PR;Starz Pack St;651;Fox Deportes;SD;Deportes;No
Puerto Rico;POS_PR;Starz Pack St;652;The Tennis Channel;HD;Deportes;No
Puerto Rico;POS_PR;Starz Pack St;653;NBA TV;HD;Deportes;No
Puerto Rico;POS_PR;Starz Pack St;654;The Golf Channel;HD;Deportes;No
Puerto Rico;POS_PR;Starz Pack St;655;Fox Sports;HD;Deportes;No
Puerto Rico;POS_PR;Starz Pack St;656;MLB Network;HD;Deportes;No
Puerto Rico;POS_PR;Starz Pack St;657;WAPA Deportes;HD;Deportes;No
Puerto Rico;POS_PR;Starz Pack St;659;Racer Network;HD;Deportes;No
Puerto Rico;POS_PR;Starz Pack St;702;CNN;HD;Mundo;No
Puerto Rico;POS_PR;Starz Pack St;704;CNN en Español;SD;Mundo;No
Puerto Rico;POS_PR;Starz Pack St;708;Headline News;HD;Mundo;No
Puerto Rico;POS_PR;Starz Pack St;710;Bloomberg;HD;Mundo;No
Puerto Rico;POS_PR;Starz Pack St;712;AccuWeather;HD;Mundo;No
Puerto Rico;POS_PR;Starz Pack St;714;Estrella TV;SD;Mundo;No
Puerto Rico;POS_PR;Starz Pack St;720;CSPAN2;SD;Mundo;Si
Puerto Rico;POS_PR;Starz Pack St;730;Nat Geo Mundo;SD;Mundo;No
Puerto Rico;POS_PR;Starz Pack St;732;Discovery em Español;SD;Mundo;No
Puerto Rico;POS_PR;Starz Pack St;734;Animal Planet LA;SD;Mundo;No
Puerto Rico;POS_PR;Starz Pack St;735;Animal Planet US;HD;Mundo;No
Puerto Rico;POS_PR;Starz Pack St;742;History Andes;SD;Mundo;No
Puerto Rico;POS_PR;Starz Pack St;744;FYI;HD;Mundo;No
Puerto Rico;POS_PR;Starz Pack St;745;SyFy;HD;Mundo;No
Puerto Rico;POS_PR;Starz Pack St;746;Discovery Turbo;HD;Mundo;No
Puerto Rico;POS_PR;Starz Pack St;752;Discovery US;HD;Mundo;No
Puerto Rico;POS_PR;Starz Pack St;754;The Learning Channel;HD;Mundo;No
Puerto Rico;POS_PR;Starz Pack St;756;History Channel;HD;Mundo;No
Puerto Rico;POS_PR;Starz Pack St;760;TVE;SD;Variedades;No
Puerto Rico;POS_PR;Starz Pack St;762;Antena 3;SD;Mundo;No
Puerto Rico;POS_PR;Starz Pack St;764;HITN;SD;Variedades;No
Puerto Rico;POS_PR;Starz Pack St;768;BBC América;HD;Mundo;No
Puerto Rico;POS_PR;Starz Pack St;901;Music Choice Rock Hits;Audio;Audio;No
Puerto Rico;POS_PR;Starz Pack St;902;Music Choice 80s Rock;Audio;Audio;No
Puerto Rico;POS_PR;Starz Pack St;903;Music Choice Jazz Vocal Hits;Audio;Audio;No
Puerto Rico;POS_PR;Starz Pack St;904;Music Choice Country Hits;Audio;Audio;No
Puerto Rico;POS_PR;Starz Pack St;905;Music Choice New Age;Audio;Audio;No
Puerto Rico;POS_PR;Starz Pack St;906;Music Choice Funk;Audio;Audio;No
Puerto Rico;POS_PR;Starz Pack St;907;Music Choice 90s;Audio;Audio;No
Puerto Rico;POS_PR;Starz Pack St;908;Music Choice Blues;Audio;Audio;No
Puerto Rico;POS_PR;Starz Pack St;909;Music Choice Love Songs;Audio;Audio;No
Puerto Rico;POS_PR;Starz Pack St;910;Music Choice Musica Urbana;Audio;Audio;No
Puerto Rico;POS_PR;Starz Pack St;911;Music Choice R&B Classics;Audio;Audio;No
Puerto Rico;POS_PR;Starz Pack St;912;Music Choice Latin Jazz;Audio;Audio;No
Puerto Rico;POS_PR;Starz Pack St;913;Music Choice Soft Rock;Audio;Audio;No
Puerto Rico;POS_PR;Starz Pack St;914;Music Choice Rap;Audio;Audio;No
Puerto Rico;POS_PR;Starz Pack St;915;Music Choice All Xmas;Audio;Audio;No
Puerto Rico;POS_PR;Starz Pack St;916;Music Choice Workout;Audio;Audio;No
Puerto Rico;POS_PR;Starz Pack St;917;Music Choice Broadway;Audio;Audio;No
Puerto Rico;POS_PR;Starz Pack St;918;Music Choice Adult Alternative;Audio;Audio;No
Puerto Rico;POS_PR;Starz Pack St;919;Music Choice Pop Hits;Audio;Audio;No
Puerto Rico;POS_PR;Starz Pack St;920;Music Choice New Wave;Audio;Audio;No
Puerto Rico;POS_PR;Starz Pack St;921;Music Choice 70s;Audio;Audio;No
Puerto Rico;POS_PR;Starz Pack St;922;Music Choice Kidz Only!;Audio;Audio;No
Puerto Rico;POS_PR;Starz Pack St;923;Music Choice 80s;Audio;Audio;No
Puerto Rico;POS_PR;Starz Pack St;924;Music Choice Rock Latino;Audio;Audio;No
Puerto Rico;POS_PR;Starz Pack St;925;Music Choice Retro Workout;Audio;Audio;No
Puerto Rico;POS_PR;Starz Pack St;926;Music Choice Contemporary Christian;Audio;Audio;No
Puerto Rico;POS_PR;Starz Pack St;927;Music Choice Reggae;Audio;Audio;No
Puerto Rico;POS_PR;Starz Pack St;928;Music Choice Alternative;Audio;Audio;No
Puerto Rico;POS_PR;Starz Pack St;929;Music Choice Pop & Country;Audio;Audio;No
Puerto Rico;POS_PR;Starz Pack St;930;Music Choice Pop Latino;Audio;Audio;No
Puerto Rico;POS_PR;Starz Pack St;931;Music Choice Classic Country;Audio;Audio;No
Puerto Rico;POS_PR;Starz Pack St;932;Music Choice Big Band;Audio;Audio;No
Puerto Rico;POS_PR;Starz Pack St;933;Music Choice Todays Country;Audio;Audio;No
Puerto Rico;POS_PR;Starz Pack St;934;Music Choice Hit List;Audio;Audio;No
Puerto Rico;POS_PR;Starz Pack St;935;Music Choice Hip-Hop And R&B;Audio;Audio;No
Puerto Rico;POS_PR;Starz Pack St;936;Music Choice Teen Beats;Audio;Audio;No
Puerto Rico;POS_PR;Starz Pack St;937;Music Choice Coffee Shop Cuts;Audio;Audio;No
Puerto Rico;POS_PR;Starz Pack St;938;Music Choice Honky Tonk;Audio;Audio;No
Puerto Rico;POS_PR;Starz Pack St;939;Music Choice Soundscapes;Audio;Audio;No
Puerto Rico;POS_PR;Starz Pack St;940;Music Choice Light Classical;Audio;Audio;No
Puerto Rico;POS_PR;Starz Pack St;941;Music Choice Classic Alternative;Audio;Audio;No
Puerto Rico;POS_PR;Starz Pack St;942;Music Choice Indie;Audio;Audio;No
Puerto Rico;POS_PR;Starz Pack St;943;Music Choice Malt Shop Favorites;Audio;Audio;No
Puerto Rico;POS_PR;Starz Pack St;944;Music Choice Smooth Jazz;Audio;Audio;No
Puerto Rico;POS_PR;Starz Pack St;945;Music Choice Contemporary Instrumentals;Audio;Audio;No
Puerto Rico;POS_PR;Starz Pack St;946;Music Choice Hard Rock;Audio;Audio;No
Puerto Rico;POS_PR;Starz Pack St;947;Music Choice Throwback Jamz;Audio;Audio;No
Puerto Rico;POS_PR;Starz Pack St;948;Music Choice Classic Rock;Audio;Audio;No
Puerto Rico;POS_PR;Starz Pack St;949;Music Choice Movie Scores;Audio;Audio;No
Puerto Rico;POS_PR;Starz Pack St;950;Music Choice Max;Audio;Audio;No
Puerto Rico;POS_PR;Starz Pack St;951;Music Choice Mainstream Rap;Audio;Audio;No
Puerto Rico;POS_PR;Starz Pack St;952;Music Choice Americana;Audio;Audio;No
Puerto Rico;POS_PR;Starz Pack St;953;Music Choice Symphony;Audio;Audio;No
Puerto Rico;POS_PR;Starz Pack St;954;Music Choice Dance/EDM;Audio;Audio;No
Puerto Rico;POS_PR;Starz Pack St;955;Music Choice Folk;Audio;Audio;No
Puerto Rico;POS_PR;Starz Pack St;956;Music Choice Classic Dance;Audio;Audio;No
Puerto Rico;POS_PR;Starz Pack St;957;Music Choice Gospel Hallelujah;Audio;Audio;No
Puerto Rico;POS_PR;Starz Pack St;958;Music Choice Tropicales;Audio;Audio;No
Puerto Rico;POS_PR;Starz Pack St;959;Music Choice Metal;Audio;Audio;No
Puerto Rico;POS_PR;Starz Pack St;960;Music Choice Toddler Tunes;Audio;Audio;No
Puerto Rico;POS_PR;Starz Pack St;961;Music Choice Y2k;Audio;Audio;No
Puerto Rico;POS_PR;Starz Pack St;962;Music Choice Bluegrass;Audio;Audio;No
Puerto Rico;POS_PR;Starz Pack St;963;Music Choice Vietnamese;Audio;Audio;No
Puerto Rico;POS_PR;Starz Pack St;964;Music Choice Gospel;Audio;Audio;No
Puerto Rico;POS_PR;Starz Pack St;965;Music Choice 60s Movement;Audio;Audio;No
Puerto Rico;POS_PR;Starz Pack St;966;Music Choice Filipino;Audio;Audio;No
Puerto Rico;POS_PR;Starz Pack St;967;Music Choice Sounds of the Season;Audio;Audio;No
Puerto Rico;POS_PR;Plan Auxiliar Plus;162;Telemundo;HD;Nacional;Si
Puerto Rico;POS_PR;Plan Auxiliar Plus;164;WAPA TV;HD;Nacional;Si
Puerto Rico;POS_PR;Plan Auxiliar Plus;166;WIPR;SD;Nacional;Si
Puerto Rico;POS_PR;Plan Auxiliar Plus;167;Teleislas;SD;Nacional;Si
Puerto Rico;POS_PR;Plan Auxiliar Plus;168;TeleOnce HD;HD;Nacional;Si
Puerto Rico;POS_PR;Plan Auxiliar Plus;169;Daystar Español;SD;Nacional;Si
Puerto Rico;POS_PR;Plan Auxiliar Plus;170;Fox News;HD;Nacional;Si
Puerto Rico;POS_PR;Plan Auxiliar Plus;172;ABC5;HD;Nacional;Si
Puerto Rico;POS_PR;Plan Auxiliar Plus;174;CBS;HD;Nacional;Si
Puerto Rico;POS_PR;Plan Auxiliar Plus;176;NBC PR;HD;Nacional;Si
Puerto Rico;POS_PR;Plan Auxiliar Plus;179;Punto 2;HD;Nacional;Si
Puerto Rico;POS_PR;Plan Auxiliar Plus;181;TV Dominicana;SD;Nacional;No
Puerto Rico;POS_PR;Plan Auxiliar Plus;182;TV Chile;SD;Nacional;No
Puerto Rico;POS_PR;Plan Auxiliar Plus;183;TeleOro;SD;Nacional;Si
Puerto Rico;POS_PR;Plan Auxiliar Plus;185;Telecinco;SD;Local;Si
Puerto Rico;POS_PR;Plan Auxiliar Plus;186;UniMás;SD;Local;No
Puerto Rico;POS_PR;Plan Auxiliar Plus;188;QVC;SD;Variedades;No
Puerto Rico;POS_PR;Plan Auxiliar Plus;189;QVC 2;SD;Variedades;No
Puerto Rico;POS_PR;Plan Auxiliar Plus;190;Home Shopping Network (HSN);SD;Variedades;No
Puerto Rico;POS_PR;Plan Auxiliar Plus;191;Home Shopping Network (HSN) 2;SD;Variedades;No
Puerto Rico;POS_PR;Plan Auxiliar Plus;220;Bravo;HD;Variedades;No
Puerto Rico;POS_PR;Plan Auxiliar Plus;221;¡Hola! TV;SD;Variedades;No
Puerto Rico;POS_PR;Plan Auxiliar Plus;222;E! Entertainment HD;HD;Variedades;No
Puerto Rico;POS_PR;Plan Auxiliar Plus;225;Pasiones;SD;Variedades;No
Puerto Rico;POS_PR;Plan Auxiliar Plus;226;QVC;SD;Variedades;No
Puerto Rico;POS_PR;Plan Auxiliar Plus;227;Home Shopping Network (HSN);SD;Variedades;No
Puerto Rico;POS_PR;Plan Auxiliar Plus;228;Food Network;HD;Variedades;No
Puerto Rico;POS_PR;Plan Auxiliar Plus;229;Blossom;SD;Variedades;Si
Puerto Rico;POS_PR;Plan Auxiliar Plus;230;BET;SD;Variedades;No
Puerto Rico;POS_PR;Plan Auxiliar Plus;242;FX HD;HD;Variedades;No
Puerto Rico;POS_PR;Plan Auxiliar Plus;244;TNT;HD;Variedades;No
Puerto Rico;POS_PR;Plan Auxiliar Plus;246;USA Network;HD;Variedades;No
Puerto Rico;POS_PR;Plan Auxiliar Plus;248;TBS;HD;Variedades;No
Puerto Rico;POS_PR;Plan Auxiliar Plus;249;TLnovelas;SD;Variedades;No
Puerto Rico;POS_PR;Plan Auxiliar Plus;250;HGTV;HD;Variedades;No
Puerto Rico;POS_PR;Plan Auxiliar Plus;252;Freeform;HD;Variedades;No
Puerto Rico;POS_PR;Plan Auxiliar Plus;254;Paramount Network;HD;Variedades;No
Puerto Rico;POS_PR;Plan Auxiliar Plus;256;A&E;HD;Variedades;No
Puerto Rico;POS_PR;Plan Auxiliar Plus;260;MTV;HD;Variedades;No
Puerto Rico;POS_PR;Plan Auxiliar Plus;261;MTV 2;HD;Variedades;No
Puerto Rico;POS_PR;Plan Auxiliar Plus;262;VH1;HD;Variedades;No
Puerto Rico;POS_PR;Plan Auxiliar Plus;263;Comedy Central;HD;Variedades;No
Puerto Rico;POS_PR;Plan Auxiliar Plus;264;VICE;SD;Variedades;No
Puerto Rico;POS_PR;Plan Auxiliar Plus;267;Cooking Channel;HD;Variedades;No
Puerto Rico;POS_PR;Plan Auxiliar Plus;268;So Yummy;SD;Variedades;Si
Puerto Rico;POS_PR;Plan Auxiliar Plus;320;Cartoon Network;HD;Infantil;No
Puerto Rico;POS_PR;Plan Auxiliar Plus;322;Nickelodeon;HD;Infantil;No
Puerto Rico;POS_PR;Plan Auxiliar Plus;324;Disney Channel;HD;Infantil;No
Puerto Rico;POS_PR;Plan Auxiliar Plus;326;Disney XD;HD;Infantil;No
Puerto Rico;POS_PR;Plan Auxiliar Plus;330;Discovery Kids LA;SD;Infantil;No
Puerto Rico;POS_PR;Plan Auxiliar Plus;332;LooLoo Kids;SD;Infantil;Si
Puerto Rico;POS_PR;Plan Auxiliar Plus;336;Boomerang;SD;Infantil;No
Puerto Rico;POS_PR;Plan Auxiliar Plus;337;Nick Jr.;HD;Infantil;No
Puerto Rico;POS_PR;Plan Auxiliar Plus;338;Vme;SD;Infantil;No
Puerto Rico;POS_PR;Plan Auxiliar Plus;339;Baby First TV;SD;Infantil;No
Puerto Rico;POS_PR;Plan Auxiliar Plus;350;EWTN;SD;Religioso;No
Puerto Rico;POS_PR;Plan Auxiliar Plus;352;Enlace;SD;Religioso;No
Puerto Rico;POS_PR;Plan Auxiliar Plus;354;Christian Television Network (CTN);SD;Religioso;No
Puerto Rico;POS_PR;Plan Auxiliar Plus;462;Playboy TV;SD;Adultos;No
Puerto Rico;POS_PR;Plan Auxiliar Plus;465;Brazzers TV;SD;Adultos;No
Puerto Rico;POS_PR;Plan Auxiliar Plus;468;Hustler;SD;Adultos;No
Puerto Rico;POS_PR;Plan Auxiliar Plus;511;AMC;HD;Cine;No
Puerto Rico;POS_PR;Plan Auxiliar Plus;514;Cine Latino;SD;Cine;No
Puerto Rico;POS_PR;Plan Auxiliar Plus;516;De Película;SD;Cine;No
Puerto Rico;POS_PR;Plan Auxiliar Plus;517;Lifetime;HD;Cine;No
Puerto Rico;POS_PR;Plan Auxiliar Plus;518;Lifetime Moivie Network;HD;Cine;No
Puerto Rico;POS_PR;Plan Auxiliar Plus;520;Hallmark Channel;HD;Cine;No
Puerto Rico;POS_PR;Plan Auxiliar Plus;521;Hallmark Family;HD;Cine;No
Puerto Rico;POS_PR;Plan Auxiliar Plus;522;Hallmark Mistery;SD;Cine;No
Puerto Rico;POS_PR;Plan Auxiliar Plus;550;MGM Mas;HD;Cine;No
Puerto Rico;POS_PR;Plan Auxiliar Plus;551;MGM Mas Hits;HD;Cine;No
Puerto Rico;POS_PR;Plan Auxiliar Plus;552;MGM Mas Marquee;HD;Cine;No
Puerto Rico;POS_PR;Plan Auxiliar Plus;564;HBO;HD;Cine;No
Puerto Rico;POS_PR;Plan Auxiliar Plus;565;HBO Hits;HD;Cine;No
Puerto Rico;POS_PR;Plan Auxiliar Plus;566;HBO Movie;HD;Cine;No
Puerto Rico;POS_PR;Plan Auxiliar Plus;567;HBO Drama;HD;Cine;No
Puerto Rico;POS_PR;Plan Auxiliar Plus;569;HBO Comedy;HD;Cine;No
Puerto Rico;POS_PR;Plan Auxiliar Plus;570;HBO Latino;HD;Cine;No
Puerto Rico;POS_PR;Plan Auxiliar Plus;571;Cinemax;HD;Cine;No
Puerto Rico;POS_PR;Plan Auxiliar Plus;572;Cinemax Hits;HD;Cine;No
Puerto Rico;POS_PR;Plan Auxiliar Plus;574;Cinemax Action;HD;Cine;No
Puerto Rico;POS_PR;Plan Auxiliar Plus;577;Paramount+ with Showtime;HD;Cine;No
Puerto Rico;POS_PR;Plan Auxiliar Plus;578;Showtime 2;HD;Cine;No
Puerto Rico;POS_PR;Plan Auxiliar Plus;579;Showtime Beyond;HD;Cine;No
Puerto Rico;POS_PR;Plan Auxiliar Plus;580;Showcase;HD;Cine;No
Puerto Rico;POS_PR;Plan Auxiliar Plus;581;Showtime Extreme;HD;Cine;No
Puerto Rico;POS_PR;Plan Auxiliar Plus;582;The Movie Channel;SD;Cine;No
Puerto Rico;POS_PR;Plan Auxiliar Plus;585;Starz;HD;Cine;No
Puerto Rico;POS_PR;Plan Auxiliar Plus;586;Starz Kids & Family;HD;Cine;No
Puerto Rico;POS_PR;Plan Auxiliar Plus;587;Starz Cinema;HD;Cine;No
Puerto Rico;POS_PR;Plan Auxiliar Plus;588;Encore Action;SD;Cine;No
Puerto Rico;POS_PR;Plan Auxiliar Plus;589;Encore;HD;Cine;No
Puerto Rico;POS_PR;Plan Auxiliar Plus;590;Encore Family;SD;Cine;No
Puerto Rico;POS_PR;Plan Auxiliar Plus;601;NBA League Pass;HD;Deportes;No
Puerto Rico;POS_PR;Plan Auxiliar Plus;619;NBA League Pass;HD;Deportes;No
Puerto Rico;POS_PR;Plan Auxiliar Plus;620;NFL Sunday Ticket;HD;Deportes;No
Puerto Rico;POS_PR;Plan Auxiliar Plus;639;NFL Sunday Ticket;HD;Deportes;No
Puerto Rico;POS_PR;Plan Auxiliar Plus;640;Thursday Night Football;HD;Deportes;No
Puerto Rico;POS_PR;Plan Auxiliar Plus;645;ESPN;HD;Deportes;No
Puerto Rico;POS_PR;Plan Auxiliar Plus;646;ESPN News;HD;Deportes;No
Puerto Rico;POS_PR;Plan Auxiliar Plus;648;ESPN 2;HD;Deportes;No
Puerto Rico;POS_PR;Plan Auxiliar Plus;649;ESPN Deportes;HD;Deportes;No
Puerto Rico;POS_PR;Plan Auxiliar Plus;651;Fox Deportes;SD;Deportes;No
Puerto Rico;POS_PR;Plan Auxiliar Plus;652;The Tennis Channel;HD;Deportes;No
Puerto Rico;POS_PR;Plan Auxiliar Plus;653;NBA TV;HD;Deportes;No
Puerto Rico;POS_PR;Plan Auxiliar Plus;654;The Golf Channel;HD;Deportes;No
Puerto Rico;POS_PR;Plan Auxiliar Plus;655;Fox Sports;HD;Deportes;No
Puerto Rico;POS_PR;Plan Auxiliar Plus;656;MLB Network;HD;Deportes;No
Puerto Rico;POS_PR;Plan Auxiliar Plus;657;WAPA Deportes;HD;Deportes;Si
Puerto Rico;POS_PR;Plan Auxiliar Plus;659;Racer Network;HD;Deportes;No
Puerto Rico;POS_PR;Plan Auxiliar Plus;702;CNN;HD;Mundo;No
Puerto Rico;POS_PR;Plan Auxiliar Plus;704;CNN en Español;SD;Mundo;No
Puerto Rico;POS_PR;Plan Auxiliar Plus;708;Headline News;HD;Mundo;No
Puerto Rico;POS_PR;Plan Auxiliar Plus;710;Bloomberg;HD;Mundo;No
Puerto Rico;POS_PR;Plan Auxiliar Plus;712;AccuWeather;HD;Mundo;No
Puerto Rico;POS_PR;Plan Auxiliar Plus;714;Estrella TV;SD;Mundo;No
Puerto Rico;POS_PR;Plan Auxiliar Plus;720;CSPAN2;SD;Mundo;Si
Puerto Rico;POS_PR;Plan Auxiliar Plus;730;Nat Geo Mundo;SD;Mundo;No
Puerto Rico;POS_PR;Plan Auxiliar Plus;732;Discovery em Español;SD;Mundo;No
Puerto Rico;POS_PR;Plan Auxiliar Plus;734;Animal Planet LA;SD;Mundo;No
Puerto Rico;POS_PR;Plan Auxiliar Plus;735;Animal Planet US;HD;Mundo;No
Puerto Rico;POS_PR;Plan Auxiliar Plus;742;History Andes;SD;Mundo;No
Puerto Rico;POS_PR;Plan Auxiliar Plus;744;FYI;HD;Mundo;No
Puerto Rico;POS_PR;Plan Auxiliar Plus;745;SyFy;HD;Mundo;No
Puerto Rico;POS_PR;Plan Auxiliar Plus;746;Discovery Turbo;HD;Mundo;No
Puerto Rico;POS_PR;Plan Auxiliar Plus;752;Discovery US;HD;Mundo;No
Puerto Rico;POS_PR;Plan Auxiliar Plus;754;The Learning Channel;HD;Mundo;No
Puerto Rico;POS_PR;Plan Auxiliar Plus;756;History Channel;HD;Mundo;No
Puerto Rico;POS_PR;Plan Auxiliar Plus;760;TVE;SD;Variedades;No
Puerto Rico;POS_PR;Plan Auxiliar Plus;762;Antena 3;SD;Mundo;No
Puerto Rico;POS_PR;Plan Auxiliar Plus;764;HITN;SD;Variedades;No
Puerto Rico;POS_PR;Plan Auxiliar Plus;768;BBC América;HD;Mundo;No
Puerto Rico;POS_PR;Plan Auxiliar Plus;901;Music Choice Rock Hits;Audio;Audio;No
Puerto Rico;POS_PR;Plan Auxiliar Plus;902;Music Choice 80s Rock;Audio;Audio;No
Puerto Rico;POS_PR;Plan Auxiliar Plus;903;Music Choice Jazz Vocal Hits;Audio;Audio;No
Puerto Rico;POS_PR;Plan Auxiliar Plus;904;Music Choice Country Hits;Audio;Audio;No
Puerto Rico;POS_PR;Plan Auxiliar Plus;905;Music Choice New Age;Audio;Audio;No
Puerto Rico;POS_PR;Plan Auxiliar Plus;906;Music Choice Funk;Audio;Audio;No
Puerto Rico;POS_PR;Plan Auxiliar Plus;907;Music Choice 90s;Audio;Audio;No
Puerto Rico;POS_PR;Plan Auxiliar Plus;908;Music Choice Blues;Audio;Audio;No
Puerto Rico;POS_PR;Plan Auxiliar Plus;909;Music Choice Love Songs;Audio;Audio;No
Puerto Rico;POS_PR;Plan Auxiliar Plus;910;Music Choice Musica Urbana;Audio;Audio;No
Puerto Rico;POS_PR;Plan Auxiliar Plus;911;Music Choice R&B Classics;Audio;Audio;No
Puerto Rico;POS_PR;Plan Auxiliar Plus;912;Music Choice Latin Jazz;Audio;Audio;No
Puerto Rico;POS_PR;Plan Auxiliar Plus;913;Music Choice Soft Rock;Audio;Audio;No
Puerto Rico;POS_PR;Plan Auxiliar Plus;914;Music Choice Rap;Audio;Audio;No
Puerto Rico;POS_PR;Plan Auxiliar Plus;915;Music Choice All Xmas;Audio;Audio;No
Puerto Rico;POS_PR;Plan Auxiliar Plus;916;Music Choice Workout;Audio;Audio;No
Puerto Rico;POS_PR;Plan Auxiliar Plus;917;Music Choice Broadway;Audio;Audio;No
Puerto Rico;POS_PR;Plan Auxiliar Plus;918;Music Choice Adult Alternative;Audio;Audio;No
Puerto Rico;POS_PR;Plan Auxiliar Plus;919;Music Choice Pop Hits;Audio;Audio;No
Puerto Rico;POS_PR;Plan Auxiliar Plus;920;Music Choice New Wave;Audio;Audio;No
Puerto Rico;POS_PR;Plan Auxiliar Plus;921;Music Choice 70s;Audio;Audio;No
Puerto Rico;POS_PR;Plan Auxiliar Plus;922;Music Choice Kidz Only!;Audio;Audio;No
Puerto Rico;POS_PR;Plan Auxiliar Plus;923;Music Choice 80s;Audio;Audio;No
Puerto Rico;POS_PR;Plan Auxiliar Plus;924;Music Choice Rock Latino;Audio;Audio;No
Puerto Rico;POS_PR;Plan Auxiliar Plus;925;Music Choice Retro Workout;Audio;Audio;No
Puerto Rico;POS_PR;Plan Auxiliar Plus;926;Music Choice Contemporary Christian;Audio;Audio;No
Puerto Rico;POS_PR;Plan Auxiliar Plus;927;Music Choice Reggae;Audio;Audio;No
Puerto Rico;POS_PR;Plan Auxiliar Plus;928;Music Choice Alternative;Audio;Audio;No
Puerto Rico;POS_PR;Plan Auxiliar Plus;929;Music Choice Pop & Country;Audio;Audio;No
Puerto Rico;POS_PR;Plan Auxiliar Plus;930;Music Choice Pop Latino;Audio;Audio;No
Puerto Rico;POS_PR;Plan Auxiliar Plus;931;Music Choice Classic Country;Audio;Audio;No
Puerto Rico;POS_PR;Plan Auxiliar Plus;932;Music Choice Big Band;Audio;Audio;No
Puerto Rico;POS_PR;Plan Auxiliar Plus;933;Music Choice Todays Country;Audio;Audio;No
Puerto Rico;POS_PR;Plan Auxiliar Plus;934;Music Choice Hit List;Audio;Audio;No
Puerto Rico;POS_PR;Plan Auxiliar Plus;935;Music Choice Hip-Hop And R&B;Audio;Audio;No
Puerto Rico;POS_PR;Plan Auxiliar Plus;936;Music Choice Teen Beats;Audio;Audio;No
Puerto Rico;POS_PR;Plan Auxiliar Plus;937;Music Choice Coffee Shop Cuts;Audio;Audio;No
Puerto Rico;POS_PR;Plan Auxiliar Plus;938;Music Choice Honky Tonk;Audio;Audio;No
Puerto Rico;POS_PR;Plan Auxiliar Plus;939;Music Choice Soundscapes;Audio;Audio;No
Puerto Rico;POS_PR;Plan Auxiliar Plus;940;Music Choice Light Classical;Audio;Audio;No
Puerto Rico;POS_PR;Plan Auxiliar Plus;941;Music Choice Classic Alternative;Audio;Audio;No
Puerto Rico;POS_PR;Plan Auxiliar Plus;942;Music Choice Indie;Audio;Audio;No
Puerto Rico;POS_PR;Plan Auxiliar Plus;943;Music Choice Malt Shop Favorites;Audio;Audio;No
Puerto Rico;POS_PR;Plan Auxiliar Plus;944;Music Choice Smooth Jazz;Audio;Audio;No
Puerto Rico;POS_PR;Plan Auxiliar Plus;945;Music Choice Contemporary Instrumentals;Audio;Audio;No
Puerto Rico;POS_PR;Plan Auxiliar Plus;946;Music Choice Hard Rock;Audio;Audio;No
Puerto Rico;POS_PR;Plan Auxiliar Plus;947;Music Choice Throwback Jamz;Audio;Audio;No
Puerto Rico;POS_PR;Plan Auxiliar Plus;948;Music Choice Classic Rock;Audio;Audio;No
Puerto Rico;POS_PR;Plan Auxiliar Plus;949;Music Choice Movie Scores;Audio;Audio;No
Puerto Rico;POS_PR;Plan Auxiliar Plus;950;Music Choice Max;Audio;Audio;No
Puerto Rico;POS_PR;Plan Auxiliar Plus;951;Music Choice Mainstream Rap;Audio;Audio;No
Puerto Rico;POS_PR;Plan Auxiliar Plus;952;Music Choice Americana;Audio;Audio;No
Puerto Rico;POS_PR;Plan Auxiliar Plus;953;Music Choice Symphony;Audio;Audio;No
Puerto Rico;POS_PR;Plan Auxiliar Plus;954;Music Choice Dance/EDM;Audio;Audio;No
Puerto Rico;POS_PR;Plan Auxiliar Plus;955;Music Choice Folk;Audio;Audio;No
Puerto Rico;POS_PR;Plan Auxiliar Plus;956;Music Choice Classic Dance;Audio;Audio;No
Puerto Rico;POS_PR;Plan Auxiliar Plus;957;Music Choice Gospel Hallelujah;Audio;Audio;No
Puerto Rico;POS_PR;Plan Auxiliar Plus;958;Music Choice Tropicales;Audio;Audio;No
Puerto Rico;POS_PR;Plan Auxiliar Plus;959;Music Choice Metal;Audio;Audio;No
Puerto Rico;POS_PR;Plan Auxiliar Plus;960;Music Choice Toddler Tunes;Audio;Audio;No
Puerto Rico;POS_PR;Plan Auxiliar Plus;961;Music Choice Y2k;Audio;Audio;No
Puerto Rico;POS_PR;Plan Auxiliar Plus;962;Music Choice Bluegrass;Audio;Audio;No
Puerto Rico;POS_PR;Plan Auxiliar Plus;963;Music Choice Vietnamese;Audio;Audio;No
Puerto Rico;POS_PR;Plan Auxiliar Plus;964;Music Choice Gospel;Audio;Audio;No
Puerto Rico;POS_PR;Plan Auxiliar Plus;965;Music Choice 60s Movement;Audio;Audio;No
Puerto Rico;POS_PR;Plan Auxiliar Plus;966;Music Choice Filipino;Audio;Audio;No
Puerto Rico;POS_PR;Plan Auxiliar Plus;967;Music Choice Sounds of the Season;Audio;Audio;No
Puerto Rico;POS_PR;Plan Essential;162;Telemundo;HD;Nacional;Si
Puerto Rico;POS_PR;Plan Essential;164;WAPA TV;HD;Nacional;Si
Puerto Rico;POS_PR;Plan Essential;166;WIPR;SD;Nacional;Si
Puerto Rico;POS_PR;Plan Essential;167;Teleislas;SD;Nacional;Si
Puerto Rico;POS_PR;Plan Essential;168;TeleOnce HD;HD;Nacional;Si
Puerto Rico;POS_PR;Plan Essential;169;Daystar Español;SD;Nacional;Si
Puerto Rico;POS_PR;Plan Essential;170;Fox News;HD;Nacional;Si
Puerto Rico;POS_PR;Plan Essential;172;ABC5;HD;Nacional;Si
Puerto Rico;POS_PR;Plan Essential;174;CBS;HD;Nacional;Si
Puerto Rico;POS_PR;Plan Essential;176;NBC PR;HD;Nacional;Si
Puerto Rico;POS_PR;Plan Essential;179;Punto 2;HD;Nacional;Si
Puerto Rico;POS_PR;Plan Essential;181;TV Dominicana;SD;Nacional;No
Puerto Rico;POS_PR;Plan Essential;182;TV Chile;SD;Nacional;No
Puerto Rico;POS_PR;Plan Essential;183;TeleOro;SD;Nacional;Si
Puerto Rico;POS_PR;Plan Essential;185;Telecinco;SD;Local;Si
Puerto Rico;POS_PR;Plan Essential;186;UniMás;SD;Local;Si
Puerto Rico;POS_PR;Plan Essential;188;QVC;SD;Variedades;Si
Puerto Rico;POS_PR;Plan Essential;189;QVC 2;SD;Variedades;Si
Puerto Rico;POS_PR;Plan Essential;190;Home Shopping Network (HSN);SD;Variedades;Si
Puerto Rico;POS_PR;Plan Essential;191;Home Shopping Network (HSN) 2;SD;Variedades;Si
Puerto Rico;POS_PR;Plan Essential;220;Bravo;HD;Variedades;No
Puerto Rico;POS_PR;Plan Essential;221;¡Hola! TV;SD;Variedades;Si
Puerto Rico;POS_PR;Plan Essential;222;E! Entertainment HD;HD;Variedades;No
Puerto Rico;POS_PR;Plan Essential;225;Pasiones;SD;Variedades;No
Puerto Rico;POS_PR;Plan Essential;226;QVC;SD;Variedades;Si
Puerto Rico;POS_PR;Plan Essential;227;Home Shopping Network (HSN);SD;Variedades;Si
Puerto Rico;POS_PR;Plan Essential;228;Food Network;HD;Variedades;No
Puerto Rico;POS_PR;Plan Essential;229;Blossom;SD;Variedades;Si
Puerto Rico;POS_PR;Plan Essential;230;BET;SD;Variedades;No
Puerto Rico;POS_PR;Plan Essential;242;FX HD;HD;Variedades;No
Puerto Rico;POS_PR;Plan Essential;244;TNT;HD;Variedades;No
Puerto Rico;POS_PR;Plan Essential;246;USA Network;HD;Variedades;No
Puerto Rico;POS_PR;Plan Essential;248;TBS;HD;Variedades;No
Puerto Rico;POS_PR;Plan Essential;249;TLnovelas;SD;Variedades;Si
Puerto Rico;POS_PR;Plan Essential;250;HGTV;HD;Variedades;No
Puerto Rico;POS_PR;Plan Essential;252;Freeform;HD;Variedades;No
Puerto Rico;POS_PR;Plan Essential;254;Paramount Network;HD;Variedades;No
Puerto Rico;POS_PR;Plan Essential;256;A&E;HD;Variedades;No
Puerto Rico;POS_PR;Plan Essential;260;MTV;HD;Variedades;No
Puerto Rico;POS_PR;Plan Essential;261;MTV 2;HD;Variedades;No
Puerto Rico;POS_PR;Plan Essential;262;VH1;HD;Variedades;No
Puerto Rico;POS_PR;Plan Essential;263;Comedy Central;HD;Variedades;No
Puerto Rico;POS_PR;Plan Essential;264;VICE;SD;Variedades;No
Puerto Rico;POS_PR;Plan Essential;267;Cooking Channel;HD;Variedades;No
Puerto Rico;POS_PR;Plan Essential;268;So Yummy;SD;Variedades;Si
Puerto Rico;POS_PR;Plan Essential;320;Cartoon Network;HD;Infantil;No
Puerto Rico;POS_PR;Plan Essential;322;Nickelodeon;HD;Infantil;No
Puerto Rico;POS_PR;Plan Essential;324;Disney Channel;HD;Infantil;No
Puerto Rico;POS_PR;Plan Essential;326;Disney XD;HD;Infantil;No
Puerto Rico;POS_PR;Plan Essential;330;Discovery Kids LA;SD;Infantil;Si
Puerto Rico;POS_PR;Plan Essential;332;LooLoo Kids;SD;Infantil;Si
Puerto Rico;POS_PR;Plan Essential;336;Boomerang;SD;Infantil;No
Puerto Rico;POS_PR;Plan Essential;337;Nick Jr.;HD;Infantil;No
Puerto Rico;POS_PR;Plan Essential;338;Vme;SD;Infantil;No
Puerto Rico;POS_PR;Plan Essential;339;Baby First TV;SD;Infantil;Si
Puerto Rico;POS_PR;Plan Essential;350;EWTN;SD;Religioso;Si
Puerto Rico;POS_PR;Plan Essential;352;Enlace;SD;Religioso;Si
Puerto Rico;POS_PR;Plan Essential;354;Christian Television Network (CTN);SD;Religioso;Si
Puerto Rico;POS_PR;Plan Essential;462;Playboy TV;SD;Adultos;No
Puerto Rico;POS_PR;Plan Essential;465;Brazzers TV;SD;Adultos;No
Puerto Rico;POS_PR;Plan Essential;468;Hustler;SD;Adultos;No
Puerto Rico;POS_PR;Plan Essential;511;AMC;HD;Cine;No
Puerto Rico;POS_PR;Plan Essential;514;Cine Latino;SD;Cine;No
Puerto Rico;POS_PR;Plan Essential;516;De Película;SD;Cine;Si
Puerto Rico;POS_PR;Plan Essential;517;Lifetime;HD;Cine;No
Puerto Rico;POS_PR;Plan Essential;518;Lifetime Moivie Network;HD;Cine;No
Puerto Rico;POS_PR;Plan Essential;520;Hallmark Channel;HD;Cine;No
Puerto Rico;POS_PR;Plan Essential;521;Hallmark Family;HD;Cine;No
Puerto Rico;POS_PR;Plan Essential;522;Hallmark Mistery;SD;Cine;No
Puerto Rico;POS_PR;Plan Essential;550;MGM Mas;HD;Cine;No
Puerto Rico;POS_PR;Plan Essential;551;MGM Mas Hits;HD;Cine;No
Puerto Rico;POS_PR;Plan Essential;552;MGM Mas Marquee;HD;Cine;No
Puerto Rico;POS_PR;Plan Essential;564;HBO;HD;Cine;No
Puerto Rico;POS_PR;Plan Essential;565;HBO Hits;HD;Cine;No
Puerto Rico;POS_PR;Plan Essential;566;HBO Movie;HD;Cine;No
Puerto Rico;POS_PR;Plan Essential;567;HBO Drama;HD;Cine;No
Puerto Rico;POS_PR;Plan Essential;569;HBO Comedy;HD;Cine;No
Puerto Rico;POS_PR;Plan Essential;570;HBO Latino;HD;Cine;No
Puerto Rico;POS_PR;Plan Essential;571;Cinemax;HD;Cine;No
Puerto Rico;POS_PR;Plan Essential;572;Cinemax Hits;HD;Cine;No
Puerto Rico;POS_PR;Plan Essential;574;Cinemax Action;HD;Cine;No
Puerto Rico;POS_PR;Plan Essential;577;Paramount+ with Showtime;HD;Cine;No
Puerto Rico;POS_PR;Plan Essential;578;Showtime 2;HD;Cine;No
Puerto Rico;POS_PR;Plan Essential;579;Showtime Beyond;HD;Cine;No
Puerto Rico;POS_PR;Plan Essential;580;Showcase;HD;Cine;No
Puerto Rico;POS_PR;Plan Essential;581;Showtime Extreme;HD;Cine;No
Puerto Rico;POS_PR;Plan Essential;582;The Movie Channel;SD;Cine;No
Puerto Rico;POS_PR;Plan Essential;585;Starz;HD;Cine;No
Puerto Rico;POS_PR;Plan Essential;586;Starz Kids & Family;HD;Cine;No
Puerto Rico;POS_PR;Plan Essential;587;Starz Cinema;HD;Cine;No
Puerto Rico;POS_PR;Plan Essential;588;Encore Action;SD;Cine;No
Puerto Rico;POS_PR;Plan Essential;589;Encore;HD;Cine;No
Puerto Rico;POS_PR;Plan Essential;590;Encore Family;SD;Cine;No
Puerto Rico;POS_PR;Plan Essential;601;NBA League Pass;HD;Deportes;No
Puerto Rico;POS_PR;Plan Essential;619;NBA League Pass;HD;Deportes;No
Puerto Rico;POS_PR;Plan Essential;620;NFL Sunday Ticket;HD;Deportes;No
Puerto Rico;POS_PR;Plan Essential;639;NFL Sunday Ticket;HD;Deportes;No
Puerto Rico;POS_PR;Plan Essential;640;Thursday Night Football;HD;Deportes;No
Puerto Rico;POS_PR;Plan Essential;645;ESPN;HD;Deportes;No
Puerto Rico;POS_PR;Plan Essential;646;ESPN News;HD;Deportes;No
Puerto Rico;POS_PR;Plan Essential;648;ESPN 2;HD;Deportes;No
Puerto Rico;POS_PR;Plan Essential;649;ESPN Deportes;HD;Deportes;Si
Puerto Rico;POS_PR;Plan Essential;651;Fox Deportes;SD;Deportes;Si
Puerto Rico;POS_PR;Plan Essential;652;The Tennis Channel;HD;Deportes;No
Puerto Rico;POS_PR;Plan Essential;653;NBA TV;HD;Deportes;No
Puerto Rico;POS_PR;Plan Essential;654;The Golf Channel;HD;Deportes;No
Puerto Rico;POS_PR;Plan Essential;655;Fox Sports;HD;Deportes;No
Puerto Rico;POS_PR;Plan Essential;656;MLB Network;HD;Deportes;No
Puerto Rico;POS_PR;Plan Essential;657;WAPA Deportes;HD;Deportes;Si
Puerto Rico;POS_PR;Plan Essential;659;Racer Network;HD;Deportes;No
Puerto Rico;POS_PR;Plan Essential;702;CNN;HD;Mundo;No
Puerto Rico;POS_PR;Plan Essential;704;CNN en Español;SD;Mundo;No
Puerto Rico;POS_PR;Plan Essential;708;Headline News;HD;Mundo;No
Puerto Rico;POS_PR;Plan Essential;710;Bloomberg;HD;Mundo;No
Puerto Rico;POS_PR;Plan Essential;712;AccuWeather;HD;Mundo;Si
Puerto Rico;POS_PR;Plan Essential;714;Estrella TV;SD;Mundo;No
Puerto Rico;POS_PR;Plan Essential;720;CSPAN2;SD;Mundo;Si
Puerto Rico;POS_PR;Plan Essential;730;Nat Geo Mundo;SD;Mundo;Si
Puerto Rico;POS_PR;Plan Essential;732;Discovery em Español;SD;Mundo;No
Puerto Rico;POS_PR;Plan Essential;734;Animal Planet LA;SD;Mundo;Si
Puerto Rico;POS_PR;Plan Essential;735;Animal Planet US;HD;Mundo;No
Puerto Rico;POS_PR;Plan Essential;742;History Andes;SD;Mundo;No
Puerto Rico;POS_PR;Plan Essential;744;FYI;HD;Mundo;No
Puerto Rico;POS_PR;Plan Essential;745;SyFy;HD;Mundo;No
Puerto Rico;POS_PR;Plan Essential;746;Discovery Turbo;HD;Mundo;No
Puerto Rico;POS_PR;Plan Essential;752;Discovery US;HD;Mundo;No
Puerto Rico;POS_PR;Plan Essential;754;The Learning Channel;HD;Mundo;No
Puerto Rico;POS_PR;Plan Essential;756;History Channel;HD;Mundo;No
Puerto Rico;POS_PR;Plan Essential;760;TVE;SD;Variedades;Si
Puerto Rico;POS_PR;Plan Essential;762;Antena 3;SD;Mundo;Si
Puerto Rico;POS_PR;Plan Essential;764;HITN;SD;Variedades;Si
Puerto Rico;POS_PR;Plan Essential;768;BBC América;HD;Mundo;No
Puerto Rico;POS_PR;Plan Essential;901;Music Choice Rock Hits;Audio;Audio;Si
Puerto Rico;POS_PR;Plan Essential;902;Music Choice 80s Rock;Audio;Audio;Si
Puerto Rico;POS_PR;Plan Essential;903;Music Choice Jazz Vocal Hits;Audio;Audio;Si
Puerto Rico;POS_PR;Plan Essential;904;Music Choice Country Hits;Audio;Audio;Si
Puerto Rico;POS_PR;Plan Essential;905;Music Choice New Age;Audio;Audio;Si
Puerto Rico;POS_PR;Plan Essential;906;Music Choice Funk;Audio;Audio;Si
Puerto Rico;POS_PR;Plan Essential;907;Music Choice 90s;Audio;Audio;Si
Puerto Rico;POS_PR;Plan Essential;908;Music Choice Blues;Audio;Audio;Si
Puerto Rico;POS_PR;Plan Essential;909;Music Choice Love Songs;Audio;Audio;Si
Puerto Rico;POS_PR;Plan Essential;910;Music Choice Musica Urbana;Audio;Audio;Si
Puerto Rico;POS_PR;Plan Essential;911;Music Choice R&B Classics;Audio;Audio;Si
Puerto Rico;POS_PR;Plan Essential;912;Music Choice Latin Jazz;Audio;Audio;Si
Puerto Rico;POS_PR;Plan Essential;913;Music Choice Soft Rock;Audio;Audio;Si
Puerto Rico;POS_PR;Plan Essential;914;Music Choice Rap;Audio;Audio;Si
Puerto Rico;POS_PR;Plan Essential;915;Music Choice All Xmas;Audio;Audio;Si
Puerto Rico;POS_PR;Plan Essential;916;Music Choice Workout;Audio;Audio;Si
Puerto Rico;POS_PR;Plan Essential;917;Music Choice Broadway;Audio;Audio;Si
Puerto Rico;POS_PR;Plan Essential;918;Music Choice Adult Alternative;Audio;Audio;Si
Puerto Rico;POS_PR;Plan Essential;919;Music Choice Pop Hits;Audio;Audio;Si
Puerto Rico;POS_PR;Plan Essential;920;Music Choice New Wave;Audio;Audio;Si
Puerto Rico;POS_PR;Plan Essential;921;Music Choice 70s;Audio;Audio;Si
Puerto Rico;POS_PR;Plan Essential;922;Music Choice Kidz Only!;Audio;Audio;Si
Puerto Rico;POS_PR;Plan Essential;923;Music Choice 80s;Audio;Audio;Si
Puerto Rico;POS_PR;Plan Essential;924;Music Choice Rock Latino;Audio;Audio;Si
Puerto Rico;POS_PR;Plan Essential;925;Music Choice Retro Workout;Audio;Audio;Si
Puerto Rico;POS_PR;Plan Essential;926;Music Choice Contemporary Christian;Audio;Audio;Si
Puerto Rico;POS_PR;Plan Essential;927;Music Choice Reggae;Audio;Audio;Si
Puerto Rico;POS_PR;Plan Essential;928;Music Choice Alternative;Audio;Audio;Si
Puerto Rico;POS_PR;Plan Essential;929;Music Choice Pop & Country;Audio;Audio;Si
Puerto Rico;POS_PR;Plan Essential;930;Music Choice Pop Latino;Audio;Audio;Si
Puerto Rico;POS_PR;Plan Essential;931;Music Choice Classic Country;Audio;Audio;Si
Puerto Rico;POS_PR;Plan Essential;932;Music Choice Big Band;Audio;Audio;Si
Puerto Rico;POS_PR;Plan Essential;933;Music Choice Todays Country;Audio;Audio;Si
Puerto Rico;POS_PR;Plan Essential;934;Music Choice Hit List;Audio;Audio;Si
Puerto Rico;POS_PR;Plan Essential;935;Music Choice Hip-Hop And R&B;Audio;Audio;Si
Puerto Rico;POS_PR;Plan Essential;936;Music Choice Teen Beats;Audio;Audio;Si
Puerto Rico;POS_PR;Plan Essential;937;Music Choice Coffee Shop Cuts;Audio;Audio;Si
Puerto Rico;POS_PR;Plan Essential;938;Music Choice Honky Tonk;Audio;Audio;Si
Puerto Rico;POS_PR;Plan Essential;939;Music Choice Soundscapes;Audio;Audio;Si
Puerto Rico;POS_PR;Plan Essential;940;Music Choice Light Classical;Audio;Audio;Si
Puerto Rico;POS_PR;Plan Essential;941;Music Choice Classic Alternative;Audio;Audio;Si
Puerto Rico;POS_PR;Plan Essential;942;Music Choice Indie;Audio;Audio;Si
Puerto Rico;POS_PR;Plan Essential;943;Music Choice Malt Shop Favorites;Audio;Audio;Si
Puerto Rico;POS_PR;Plan Essential;944;Music Choice Smooth Jazz;Audio;Audio;Si
Puerto Rico;POS_PR;Plan Essential;945;Music Choice Contemporary Instrumentals;Audio;Audio;Si
Puerto Rico;POS_PR;Plan Essential;946;Music Choice Hard Rock;Audio;Audio;Si
Puerto Rico;POS_PR;Plan Essential;947;Music Choice Throwback Jamz;Audio;Audio;Si
Puerto Rico;POS_PR;Plan Essential;948;Music Choice Classic Rock;Audio;Audio;Si
Puerto Rico;POS_PR;Plan Essential;949;Music Choice Movie Scores;Audio;Audio;Si
Puerto Rico;POS_PR;Plan Essential;950;Music Choice Max;Audio;Audio;Si
Puerto Rico;POS_PR;Plan Essential;951;Music Choice Mainstream Rap;Audio;Audio;Si
Puerto Rico;POS_PR;Plan Essential;952;Music Choice Americana;Audio;Audio;Si
Puerto Rico;POS_PR;Plan Essential;953;Music Choice Symphony;Audio;Audio;Si
Puerto Rico;POS_PR;Plan Essential;954;Music Choice Dance/EDM;Audio;Audio;Si
Puerto Rico;POS_PR;Plan Essential;955;Music Choice Folk;Audio;Audio;Si
Puerto Rico;POS_PR;Plan Essential;956;Music Choice Classic Dance;Audio;Audio;Si
Puerto Rico;POS_PR;Plan Essential;957;Music Choice Gospel Hallelujah;Audio;Audio;Si
Puerto Rico;POS_PR;Plan Essential;958;Music Choice Tropicales;Audio;Audio;Si
Puerto Rico;POS_PR;Plan Essential;959;Music Choice Metal;Audio;Audio;Si
Puerto Rico;POS_PR;Plan Essential;960;Music Choice Toddler Tunes;Audio;Audio;Si
Puerto Rico;POS_PR;Plan Essential;961;Music Choice Y2k;Audio;Audio;Si
Puerto Rico;POS_PR;Plan Essential;962;Music Choice Bluegrass;Audio;Audio;Si
Puerto Rico;POS_PR;Plan Essential;963;Music Choice Vietnamese;Audio;Audio;Si
Puerto Rico;POS_PR;Plan Essential;964;Music Choice Gospel;Audio;Audio;Si
Puerto Rico;POS_PR;Plan Essential;965;Music Choice 60s Movement;Audio;Audio;Si
Puerto Rico;POS_PR;Plan Essential;966;Music Choice Filipino;Audio;Audio;Si
Puerto Rico;POS_PR;Plan Essential;967;Music Choice Sounds of the Season;Audio;Audio;Si
Puerto Rico;COMERCIAL_PR;CMOFF St;62;Telemundo;HD;Nacional;Si
Puerto Rico;COMERCIAL_PR;CMOFF St;164;WAPA TV;HD;Nacional;Si
Puerto Rico;COMERCIAL_PR;CMOFF St;166;WIPR;SD;Nacional;Si
Puerto Rico;COMERCIAL_PR;CMOFF St;167;Teleislas;SD;Nacional;Si
Puerto Rico;COMERCIAL_PR;CMOFF St;168;TeleOnce HD;HD;Nacional;Si
Puerto Rico;COMERCIAL_PR;CMOFF St;169;Daystar Español;SD;Nacional;Si
Puerto Rico;COMERCIAL_PR;CMOFF St;170;Fox News;HD;Nacional;Si
Puerto Rico;COMERCIAL_PR;CMOFF St;172;ABC5;HD;Nacional;Si
Puerto Rico;COMERCIAL_PR;CMOFF St;174;CBS;HD;Nacional;Si
Puerto Rico;COMERCIAL_PR;CMOFF St;176;NBC PR;HD;Nacional;Si
Puerto Rico;COMERCIAL_PR;CMOFF St;179;Punto 2;HD;Nacional;Si
Puerto Rico;COMERCIAL_PR;CMOFF St;181;TV Dominicana;SD;Nacional;Si
Puerto Rico;COMERCIAL_PR;CMOFF St;182;TV Chile;SD;Nacional;No
Puerto Rico;COMERCIAL_PR;CMOFF St;183;TeleOro;SD;Nacional;No
Puerto Rico;COMERCIAL_PR;CMOFF St;185;Telecinco;SD;Local;Si
Puerto Rico;COMERCIAL_PR;CMOFF St;186;UniMás;SD;Local;Si
Puerto Rico;COMERCIAL_PR;CMOFF St;188;QVC;SD;Variedades;Si
Puerto Rico;COMERCIAL_PR;CMOFF St;189;QVC 2;SD;Variedades;Si
Puerto Rico;COMERCIAL_PR;CMOFF St;190;Home Shopping Network (HSN);SD;Variedades;Si
Puerto Rico;COMERCIAL_PR;CMOFF St;191;Home Shopping Network (HSN) 2;SD;Variedades;Si
Puerto Rico;COMERCIAL_PR;CMOFF St;220;Bravo;HD;Variedades;Si
Puerto Rico;COMERCIAL_PR;CMOFF St;221;¡Hola! TV;SD;Variedades;No
Puerto Rico;COMERCIAL_PR;CMOFF St;222;E! Entertainment HD;HD;Variedades;No
Puerto Rico;COMERCIAL_PR;CMOFF St;225;Pasiones;SD;Variedades;Si
Puerto Rico;COMERCIAL_PR;CMOFF St;226;QVC;SD;Variedades;Si
Puerto Rico;COMERCIAL_PR;CMOFF St;227;Home Shopping Network (HSN);SD;Variedades;Si
Puerto Rico;COMERCIAL_PR;CMOFF St;228;Food Network;HD;Variedades;Si
Puerto Rico;COMERCIAL_PR;CMOFF St;229;Blossom;SD;Variedades;Si
Puerto Rico;COMERCIAL_PR;CMOFF St;230;BET;SD;Variedades;No
Puerto Rico;COMERCIAL_PR;CMOFF St;242;FX HD;HD;Variedades;No
Puerto Rico;COMERCIAL_PR;CMOFF St;244;TNT;HD;Variedades;Si
Puerto Rico;COMERCIAL_PR;CMOFF St;246;USA Network;HD;Variedades;Si
Puerto Rico;COMERCIAL_PR;CMOFF St;248;TBS;HD;Variedades;Si
Puerto Rico;COMERCIAL_PR;CMOFF St;249;TLnovelas;SD;Variedades;Si
Puerto Rico;COMERCIAL_PR;CMOFF St;250;HGTV;HD;Variedades;Si
Puerto Rico;COMERCIAL_PR;CMOFF St;252;Freeform;HD;Variedades;Si
Puerto Rico;COMERCIAL_PR;CMOFF St;254;Paramount Network;HD;Variedades;Si
Puerto Rico;COMERCIAL_PR;CMOFF St;256;A&E;HD;Variedades;Si
Puerto Rico;COMERCIAL_PR;CMOFF St;260;MTV;HD;Variedades;Si
Puerto Rico;COMERCIAL_PR;CMOFF St;261;MTV 2;HD;Variedades;No
Puerto Rico;COMERCIAL_PR;CMOFF St;262;VH1;HD;Variedades;Si
Puerto Rico;COMERCIAL_PR;CMOFF St;263;Comedy Central;HD;Variedades;Si
Puerto Rico;COMERCIAL_PR;CMOFF St;264;VICE;SD;Variedades;No
Puerto Rico;COMERCIAL_PR;CMOFF St;267;Cooking Channel;HD;Variedades;No
Puerto Rico;COMERCIAL_PR;CMOFF St;268;So Yummy;SD;Variedades;Si
Puerto Rico;COMERCIAL_PR;CMOFF St;320;Cartoon Network;HD;Infantil;Si
Puerto Rico;COMERCIAL_PR;CMOFF St;322;Nickelodeon;HD;Infantil;Si
Puerto Rico;COMERCIAL_PR;CMOFF St;324;Disney Channel;HD;Infantil;Si
Puerto Rico;COMERCIAL_PR;CMOFF St;326;Disney XD;HD;Infantil;Si
Puerto Rico;COMERCIAL_PR;CMOFF St;330;Discovery Kids LA;SD;Infantil;Si
Puerto Rico;COMERCIAL_PR;CMOFF St;332;LooLoo Kids;SD;Infantil;No
Puerto Rico;COMERCIAL_PR;CMOFF St;336;Boomerang;SD;Infantil;Si
Puerto Rico;COMERCIAL_PR;CMOFF St;337;Nick Jr.;HD;Infantil;No
Puerto Rico;COMERCIAL_PR;CMOFF St;338;Vme;SD;Infantil;Si
Puerto Rico;COMERCIAL_PR;CMOFF St;339;Baby First TV;SD;Infantil;Si
Puerto Rico;COMERCIAL_PR;CMOFF St;350;EWTN;SD;Religioso;Si
Puerto Rico;COMERCIAL_PR;CMOFF St;352;Enlace;SD;Religioso;Si
Puerto Rico;COMERCIAL_PR;CMOFF St;354;Christian Television Network (CTN);SD;Religioso;No
Puerto Rico;COMERCIAL_PR;CMOFF St;462;Playboy TV;SD;Adultos;No
Puerto Rico;COMERCIAL_PR;CMOFF St;465;Brazzers TV;SD;Adultos;No
Puerto Rico;COMERCIAL_PR;CMOFF St;468;Hustler;SD;Adultos;No
Puerto Rico;COMERCIAL_PR;CMOFF St;511;AMC;HD;Cine;Si
Puerto Rico;COMERCIAL_PR;CMOFF St;514;Cine Latino;SD;Cine;Si
Puerto Rico;COMERCIAL_PR;CMOFF St;516;De Película;SD;Cine;Si
Puerto Rico;COMERCIAL_PR;CMOFF St;517;Lifetime;HD;Cine;No
Puerto Rico;COMERCIAL_PR;CMOFF St;518;Lifetime Moivie Network;HD;Cine;No
Puerto Rico;COMERCIAL_PR;CMOFF St;520;Hallmark Channel;HD;Cine;No
Puerto Rico;COMERCIAL_PR;CMOFF St;521;Hallmark Family;HD;Cine;No
Puerto Rico;COMERCIAL_PR;CMOFF St;522;Hallmark Mistery;SD;Cine;No
Puerto Rico;COMERCIAL_PR;CMOFF St;550;MGM Mas;HD;Cine;No
Puerto Rico;COMERCIAL_PR;CMOFF St;551;MGM Mas Hits;HD;Cine;No
Puerto Rico;COMERCIAL_PR;CMOFF St;552;MGM Mas Marquee;HD;Cine;No
Puerto Rico;COMERCIAL_PR;CMOFF St;564;HBO;HD;Cine;No
Puerto Rico;COMERCIAL_PR;CMOFF St;565;HBO Hits;HD;Cine;No
Puerto Rico;COMERCIAL_PR;CMOFF St;566;HBO Movie;HD;Cine;No
Puerto Rico;COMERCIAL_PR;CMOFF St;567;HBO Drama;HD;Cine;No
Puerto Rico;COMERCIAL_PR;CMOFF St;569;HBO Comedy;HD;Cine;No
Puerto Rico;COMERCIAL_PR;CMOFF St;570;HBO Latino;HD;Cine;No
Puerto Rico;COMERCIAL_PR;CMOFF St;571;Cinemax;HD;Cine;No
Puerto Rico;COMERCIAL_PR;CMOFF St;572;Cinemax Hits;HD;Cine;No
Puerto Rico;COMERCIAL_PR;CMOFF St;574;Cinemax Action;HD;Cine;No
Puerto Rico;COMERCIAL_PR;CMOFF St;577;Paramount+ with Showtime;HD;Cine;No
Puerto Rico;COMERCIAL_PR;CMOFF St;578;Showtime 2;HD;Cine;No
Puerto Rico;COMERCIAL_PR;CMOFF St;579;Showtime Beyond;HD;Cine;No
Puerto Rico;COMERCIAL_PR;CMOFF St;580;Showcase;HD;Cine;No
Puerto Rico;COMERCIAL_PR;CMOFF St;581;Showtime Extreme;HD;Cine;No
Puerto Rico;COMERCIAL_PR;CMOFF St;582;The Movie Channel;SD;Cine;No
Puerto Rico;COMERCIAL_PR;CMOFF St;585;Starz;HD;Cine;No
Puerto Rico;COMERCIAL_PR;CMOFF St;586;Starz Kids & Family;HD;Cine;No
Puerto Rico;COMERCIAL_PR;CMOFF St;587;Starz Cinema;HD;Cine;No
Puerto Rico;COMERCIAL_PR;CMOFF St;588;Encore Action;SD;Cine;No
Puerto Rico;COMERCIAL_PR;CMOFF St;589;Encore;HD;Cine;No
Puerto Rico;COMERCIAL_PR;CMOFF St;590;Encore Family;SD;Cine;No
Puerto Rico;COMERCIAL_PR;CMOFF St;601;NBA League Pass;HD;Deportes;No
Puerto Rico;COMERCIAL_PR;CMOFF St;619;NBA League Pass;HD;Deportes;No
Puerto Rico;COMERCIAL_PR;CMOFF St;620;NFL Sunday Ticket;HD;Deportes;No
Puerto Rico;COMERCIAL_PR;CMOFF St;639;NFL Sunday Ticket;HD;Deportes;No
Puerto Rico;COMERCIAL_PR;CMOFF St;640;Thursday Night Football;HD;Deportes;No
Puerto Rico;COMERCIAL_PR;CMOFF St;645;ESPN;HD;Deportes;No
Puerto Rico;COMERCIAL_PR;CMOFF St;646;ESPN News;HD;Deportes;No
Puerto Rico;COMERCIAL_PR;CMOFF St;648;ESPN 2;HD;Deportes;No
Puerto Rico;COMERCIAL_PR;CMOFF St;649;ESPN Deportes;HD;Deportes;No
Puerto Rico;COMERCIAL_PR;CMOFF St;651;Fox Deportes;SD;Deportes;No
Puerto Rico;COMERCIAL_PR;CMOFF St;652;The Tennis Channel;HD;Deportes;No
Puerto Rico;COMERCIAL_PR;CMOFF St;653;NBA TV;HD;Deportes;No
Puerto Rico;COMERCIAL_PR;CMOFF St;654;The Golf Channel;HD;Deportes;No
Puerto Rico;COMERCIAL_PR;CMOFF St;655;Fox Sports;HD;Deportes;No
Puerto Rico;COMERCIAL_PR;CMOFF St;656;MLB Network;HD;Deportes;No
Puerto Rico;COMERCIAL_PR;CMOFF St;657;WAPA Deportes;HD;Deportes;No
Puerto Rico;COMERCIAL_PR;CMOFF St;659;Racer Network;HD;Deportes;No
Puerto Rico;COMERCIAL_PR;CMOFF St;702;CNN;HD;Mundo;Si
Puerto Rico;COMERCIAL_PR;CMOFF St;704;CNN en Español;SD;Mundo;Si
Puerto Rico;COMERCIAL_PR;CMOFF St;708;Headline News;HD;Mundo;Si
Puerto Rico;COMERCIAL_PR;CMOFF St;710;Bloomberg;HD;Mundo;Si
Puerto Rico;COMERCIAL_PR;CMOFF St;712;AccuWeather;HD;Mundo;Si
Puerto Rico;COMERCIAL_PR;CMOFF St;714;Estrella TV;SD;Mundo;No
Puerto Rico;COMERCIAL_PR;CMOFF St;720;CSPAN2;SD;Mundo;No
Puerto Rico;COMERCIAL_PR;CMOFF St;730;Nat Geo Mundo;SD;Mundo;Si
Puerto Rico;COMERCIAL_PR;CMOFF St;732;Discovery em Español;SD;Mundo;Si
Puerto Rico;COMERCIAL_PR;CMOFF St;734;Animal Planet LA;SD;Mundo;Si
Puerto Rico;COMERCIAL_PR;CMOFF St;735;Animal Planet US;HD;Mundo;No
Puerto Rico;COMERCIAL_PR;CMOFF St;742;History Andes;SD;Mundo;Si
Puerto Rico;COMERCIAL_PR;CMOFF St;744;FYI;HD;Mundo;Si
Puerto Rico;COMERCIAL_PR;CMOFF St;745;SyFy;HD;Mundo;Si
Puerto Rico;COMERCIAL_PR;CMOFF St;746;Discovery Turbo;HD;Mundo;No
Puerto Rico;COMERCIAL_PR;CMOFF St;752;Discovery US;HD;Mundo;Si
Puerto Rico;COMERCIAL_PR;CMOFF St;754;The Learning Channel;HD;Mundo;Si
Puerto Rico;COMERCIAL_PR;CMOFF St;756;History Channel;HD;Mundo;Si
Puerto Rico;COMERCIAL_PR;CMOFF St;760;TVE;SD;Variedades;Si
Puerto Rico;COMERCIAL_PR;CMOFF St;762;Antena 3;SD;Mundo;No
Puerto Rico;COMERCIAL_PR;CMOFF St;764;HITN;SD;Variedades;Si
Puerto Rico;COMERCIAL_PR;CMOFF St;768;BBC América;HD;Mundo;No
Puerto Rico;COMERCIAL_PR;CMOFF St;901;Music Choice Rock Hits;Audio;Audio;No
Puerto Rico;COMERCIAL_PR;CMOFF St;902;Music Choice 80s Rock;Audio;Audio;No
Puerto Rico;COMERCIAL_PR;CMOFF St;903;Music Choice Jazz Vocal Hits;Audio;Audio;No
Puerto Rico;COMERCIAL_PR;CMOFF St;904;Music Choice Country Hits;Audio;Audio;No
Puerto Rico;COMERCIAL_PR;CMOFF St;905;Music Choice New Age;Audio;Audio;No
Puerto Rico;COMERCIAL_PR;CMOFF St;906;Music Choice Funk;Audio;Audio;No
Puerto Rico;COMERCIAL_PR;CMOFF St;907;Music Choice 90s;Audio;Audio;No
Puerto Rico;COMERCIAL_PR;CMOFF St;908;Music Choice Blues;Audio;Audio;No
Puerto Rico;COMERCIAL_PR;CMOFF St;909;Music Choice Love Songs;Audio;Audio;No
Puerto Rico;COMERCIAL_PR;CMOFF St;910;Music Choice Musica Urbana;Audio;Audio;No
Puerto Rico;COMERCIAL_PR;CMOFF St;911;Music Choice R&B Classics;Audio;Audio;No
Puerto Rico;COMERCIAL_PR;CMOFF St;912;Music Choice Latin Jazz;Audio;Audio;No
Puerto Rico;COMERCIAL_PR;CMOFF St;913;Music Choice Soft Rock;Audio;Audio;No
Puerto Rico;COMERCIAL_PR;CMOFF St;914;Music Choice Rap;Audio;Audio;No
Puerto Rico;COMERCIAL_PR;CMOFF St;915;Music Choice All Xmas;Audio;Audio;No
Puerto Rico;COMERCIAL_PR;CMOFF St;916;Music Choice Workout;Audio;Audio;No
Puerto Rico;COMERCIAL_PR;CMOFF St;917;Music Choice Broadway;Audio;Audio;No
Puerto Rico;COMERCIAL_PR;CMOFF St;918;Music Choice Adult Alternative;Audio;Audio;No
Puerto Rico;COMERCIAL_PR;CMOFF St;919;Music Choice Pop Hits;Audio;Audio;No
Puerto Rico;COMERCIAL_PR;CMOFF St;920;Music Choice New Wave;Audio;Audio;No
Puerto Rico;COMERCIAL_PR;CMOFF St;921;Music Choice 70s;Audio;Audio;No
Puerto Rico;COMERCIAL_PR;CMOFF St;922;Music Choice Kidz Only!;Audio;Audio;No
Puerto Rico;COMERCIAL_PR;CMOFF St;923;Music Choice 80s;Audio;Audio;No
Puerto Rico;COMERCIAL_PR;CMOFF St;924;Music Choice Rock Latino;Audio;Audio;No
Puerto Rico;COMERCIAL_PR;CMOFF St;925;Music Choice Retro Workout;Audio;Audio;No
Puerto Rico;COMERCIAL_PR;CMOFF St;926;Music Choice Contemporary Christian;Audio;Audio;No
Puerto Rico;COMERCIAL_PR;CMOFF St;927;Music Choice Reggae;Audio;Audio;No
Puerto Rico;COMERCIAL_PR;CMOFF St;928;Music Choice Alternative;Audio;Audio;No
Puerto Rico;COMERCIAL_PR;CMOFF St;929;Music Choice Pop & Country;Audio;Audio;No
Puerto Rico;COMERCIAL_PR;CMOFF St;930;Music Choice Pop Latino;Audio;Audio;No
Puerto Rico;COMERCIAL_PR;CMOFF St;931;Music Choice Classic Country;Audio;Audio;No
Puerto Rico;COMERCIAL_PR;CMOFF St;932;Music Choice Big Band;Audio;Audio;No
Puerto Rico;COMERCIAL_PR;CMOFF St;933;Music Choice Todays Country;Audio;Audio;No
Puerto Rico;COMERCIAL_PR;CMOFF St;934;Music Choice Hit List;Audio;Audio;No
Puerto Rico;COMERCIAL_PR;CMOFF St;935;Music Choice Hip-Hop And R&B;Audio;Audio;No
Puerto Rico;COMERCIAL_PR;CMOFF St;936;Music Choice Teen Beats;Audio;Audio;No
Puerto Rico;COMERCIAL_PR;CMOFF St;937;Music Choice Coffee Shop Cuts;Audio;Audio;No
Puerto Rico;COMERCIAL_PR;CMOFF St;938;Music Choice Honky Tonk;Audio;Audio;No
Puerto Rico;COMERCIAL_PR;CMOFF St;939;Music Choice Soundscapes;Audio;Audio;No
Puerto Rico;COMERCIAL_PR;CMOFF St;940;Music Choice Light Classical;Audio;Audio;No
Puerto Rico;COMERCIAL_PR;CMOFF St;941;Music Choice Classic Alternative;Audio;Audio;No
Puerto Rico;COMERCIAL_PR;CMOFF St;942;Music Choice Indie;Audio;Audio;No
Puerto Rico;COMERCIAL_PR;CMOFF St;943;Music Choice Malt Shop Favorites;Audio;Audio;No
Puerto Rico;COMERCIAL_PR;CMOFF St;944;Music Choice Smooth Jazz;Audio;Audio;No
Puerto Rico;COMERCIAL_PR;CMOFF St;945;Music Choice Contemporary Instrumentals;Audio;Audio;No
Puerto Rico;COMERCIAL_PR;CMOFF St;946;Music Choice Hard Rock;Audio;Audio;No
Puerto Rico;COMERCIAL_PR;CMOFF St;947;Music Choice Throwback Jamz;Audio;Audio;No
Puerto Rico;COMERCIAL_PR;CMOFF St;948;Music Choice Classic Rock;Audio;Audio;No
Puerto Rico;COMERCIAL_PR;CMOFF St;949;Music Choice Movie Scores;Audio;Audio;No
Puerto Rico;COMERCIAL_PR;CMOFF St;950;Music Choice Max;Audio;Audio;No
Puerto Rico;COMERCIAL_PR;CMOFF St;951;Music Choice Mainstream Rap;Audio;Audio;No
Puerto Rico;COMERCIAL_PR;CMOFF St;952;Music Choice Americana;Audio;Audio;No
Puerto Rico;COMERCIAL_PR;CMOFF St;953;Music Choice Symphony;Audio;Audio;No
Puerto Rico;COMERCIAL_PR;CMOFF St;954;Music Choice Dance/EDM;Audio;Audio;No
Puerto Rico;COMERCIAL_PR;CMOFF St;955;Music Choice Folk;Audio;Audio;No
Puerto Rico;COMERCIAL_PR;CMOFF St;956;Music Choice Classic Dance;Audio;Audio;No
Puerto Rico;COMERCIAL_PR;CMOFF St;957;Music Choice Gospel Hallelujah;Audio;Audio;No
Puerto Rico;COMERCIAL_PR;CMOFF St;958;Music Choice Tropicales;Audio;Audio;No
Puerto Rico;COMERCIAL_PR;CMOFF St;959;Music Choice Metal;Audio;Audio;No
Puerto Rico;COMERCIAL_PR;CMOFF St;960;Music Choice Toddler Tunes;Audio;Audio;No
Puerto Rico;COMERCIAL_PR;CMOFF St;961;Music Choice Y2k;Audio;Audio;No
Puerto Rico;COMERCIAL_PR;CMOFF St;962;Music Choice Bluegrass;Audio;Audio;No
Puerto Rico;COMERCIAL_PR;CMOFF St;963;Music Choice Vietnamese;Audio;Audio;No
Puerto Rico;COMERCIAL_PR;CMOFF St;964;Music Choice Gospel;Audio;Audio;No
Puerto Rico;COMERCIAL_PR;CMOFF St;965;Music Choice 60s Movement;Audio;Audio;No
Puerto Rico;COMERCIAL_PR;CMOFF St;966;Music Choice Filipino;Audio;Audio;No
Puerto Rico;COMERCIAL_PR;CMOFF St;967;Music Choice Sounds of the Season;Audio;Audio;No
Puerto Rico;COMERCIAL_PR;CMBAR St;162;Telemundo;HD;Nacional;Si
Puerto Rico;COMERCIAL_PR;CMBAR St;164;WAPA TV;HD;Nacional;Si
Puerto Rico;COMERCIAL_PR;CMBAR St;166;WIPR;SD;Nacional;Si
Puerto Rico;COMERCIAL_PR;CMBAR St;167;Teleislas;SD;Nacional;Si
Puerto Rico;COMERCIAL_PR;CMBAR St;168;TeleOnce HD;HD;Nacional;Si
Puerto Rico;COMERCIAL_PR;CMBAR St;169;Daystar Español;SD;Nacional;Si
Puerto Rico;COMERCIAL_PR;CMBAR St;170;Fox News;HD;Nacional;Si
Puerto Rico;COMERCIAL_PR;CMBAR St;172;ABC5;HD;Nacional;Si
Puerto Rico;COMERCIAL_PR;CMBAR St;174;CBS;HD;Nacional;Si
Puerto Rico;COMERCIAL_PR;CMBAR St;176;NBC PR;HD;Nacional;Si
Puerto Rico;COMERCIAL_PR;CMBAR St;179;Punto 2;HD;Nacional;Si
Puerto Rico;COMERCIAL_PR;CMBAR St;181;TV Dominicana;SD;Nacional;Si
Puerto Rico;COMERCIAL_PR;CMBAR St;182;TV Chile;SD;Nacional;No
Puerto Rico;COMERCIAL_PR;CMBAR St;183;TeleOro;SD;Nacional;No
Puerto Rico;COMERCIAL_PR;CMBAR St;185;Telecinco;SD;Local;Si
Puerto Rico;COMERCIAL_PR;CMBAR St;186;UniMás;SD;Local;Si
Puerto Rico;COMERCIAL_PR;CMBAR St;188;QVC;SD;Variedades;Si
Puerto Rico;COMERCIAL_PR;CMBAR St;189;QVC 2;SD;Variedades;Si
Puerto Rico;COMERCIAL_PR;CMBAR St;190;Home Shopping Network (HSN);SD;Variedades;Si
Puerto Rico;COMERCIAL_PR;CMBAR St;191;Home Shopping Network (HSN) 2;SD;Variedades;Si
Puerto Rico;COMERCIAL_PR;CMBAR St;220;Bravo;HD;Variedades;Si
Puerto Rico;COMERCIAL_PR;CMBAR St;221;¡Hola! TV;SD;Variedades;No
Puerto Rico;COMERCIAL_PR;CMBAR St;222;E! Entertainment HD;HD;Variedades;No
Puerto Rico;COMERCIAL_PR;CMBAR St;225;Pasiones;SD;Variedades;Si
Puerto Rico;COMERCIAL_PR;CMBAR St;226;QVC;SD;Variedades;Si
Puerto Rico;COMERCIAL_PR;CMBAR St;227;Home Shopping Network (HSN);SD;Variedades;Si
Puerto Rico;COMERCIAL_PR;CMBAR St;228;Food Network;HD;Variedades;Si
Puerto Rico;COMERCIAL_PR;CMBAR St;229;Blossom;SD;Variedades;Si
Puerto Rico;COMERCIAL_PR;CMBAR St;230;BET;SD;Variedades;No
Puerto Rico;COMERCIAL_PR;CMBAR St;242;FX HD;HD;Variedades;No
Puerto Rico;COMERCIAL_PR;CMBAR St;244;TNT;HD;Variedades;Si
Puerto Rico;COMERCIAL_PR;CMBAR St;246;USA Network;HD;Variedades;Si
Puerto Rico;COMERCIAL_PR;CMBAR St;248;TBS;HD;Variedades;Si
Puerto Rico;COMERCIAL_PR;CMBAR St;249;TLnovelas;SD;Variedades;Si
Puerto Rico;COMERCIAL_PR;CMBAR St;250;HGTV;HD;Variedades;Si
Puerto Rico;COMERCIAL_PR;CMBAR St;252;Freeform;HD;Variedades;Si
Puerto Rico;COMERCIAL_PR;CMBAR St;254;Paramount Network;HD;Variedades;Si
Puerto Rico;COMERCIAL_PR;CMBAR St;256;A&E;HD;Variedades;Si
Puerto Rico;COMERCIAL_PR;CMBAR St;260;MTV;HD;Variedades;Si
Puerto Rico;COMERCIAL_PR;CMBAR St;261;MTV 2;HD;Variedades;No
Puerto Rico;COMERCIAL_PR;CMBAR St;262;VH1;HD;Variedades;Si
Puerto Rico;COMERCIAL_PR;CMBAR St;263;Comedy Central;HD;Variedades;Si
Puerto Rico;COMERCIAL_PR;CMBAR St;264;VICE;SD;Variedades;No
Puerto Rico;COMERCIAL_PR;CMBAR St;267;Cooking Channel;HD;Variedades;No
Puerto Rico;COMERCIAL_PR;CMBAR St;268;So Yummy;SD;Variedades;Si
Puerto Rico;COMERCIAL_PR;CMBAR St;320;Cartoon Network;HD;Infantil;Si
Puerto Rico;COMERCIAL_PR;CMBAR St;322;Nickelodeon;HD;Infantil;Si
Puerto Rico;COMERCIAL_PR;CMBAR St;324;Disney Channel;HD;Infantil;Si
Puerto Rico;COMERCIAL_PR;CMBAR St;326;Disney XD;HD;Infantil;Si
Puerto Rico;COMERCIAL_PR;CMBAR St;330;Discovery Kids LA;SD;Infantil;Si
Puerto Rico;COMERCIAL_PR;CMBAR St;332;LooLoo Kids;SD;Infantil;No
Puerto Rico;COMERCIAL_PR;CMBAR St;336;Boomerang;SD;Infantil;Si
Puerto Rico;COMERCIAL_PR;CMBAR St;337;Nick Jr.;HD;Infantil;No
Puerto Rico;COMERCIAL_PR;CMBAR St;338;Vme;SD;Infantil;Si
Puerto Rico;COMERCIAL_PR;CMBAR St;339;Baby First TV;SD;Infantil;Si
Puerto Rico;COMERCIAL_PR;CMBAR St;350;EWTN;SD;Religioso;Si
Puerto Rico;COMERCIAL_PR;CMBAR St;352;Enlace;SD;Religioso;Si
Puerto Rico;COMERCIAL_PR;CMBAR St;354;Christian Television Network (CTN);SD;Religioso;No
Puerto Rico;COMERCIAL_PR;CMBAR St;462;Playboy TV;SD;Adultos;No
Puerto Rico;COMERCIAL_PR;CMBAR St;465;Brazzers TV;SD;Adultos;No
Puerto Rico;COMERCIAL_PR;CMBAR St;468;Hustler;SD;Adultos;No
Puerto Rico;COMERCIAL_PR;CMBAR St;511;AMC;HD;Cine;Si
Puerto Rico;COMERCIAL_PR;CMBAR St;514;Cine Latino;SD;Cine;Si
Puerto Rico;COMERCIAL_PR;CMBAR St;516;De Película;SD;Cine;Si
Puerto Rico;COMERCIAL_PR;CMBAR St;517;Lifetime;HD;Cine;No
Puerto Rico;COMERCIAL_PR;CMBAR St;518;Lifetime Moivie Network;HD;Cine;No
Puerto Rico;COMERCIAL_PR;CMBAR St;520;Hallmark Channel;HD;Cine;No
Puerto Rico;COMERCIAL_PR;CMBAR St;521;Hallmark Family;HD;Cine;No
Puerto Rico;COMERCIAL_PR;CMBAR St;522;Hallmark Mistery;SD;Cine;No
Puerto Rico;COMERCIAL_PR;CMBAR St;550;MGM Mas;HD;Cine;No
Puerto Rico;COMERCIAL_PR;CMBAR St;551;MGM Mas Hits;HD;Cine;No
Puerto Rico;COMERCIAL_PR;CMBAR St;552;MGM Mas Marquee;HD;Cine;No
Puerto Rico;COMERCIAL_PR;CMBAR St;564;HBO;HD;Cine;No
Puerto Rico;COMERCIAL_PR;CMBAR St;565;HBO Hits;HD;Cine;No
Puerto Rico;COMERCIAL_PR;CMBAR St;566;HBO Movie;HD;Cine;No
Puerto Rico;COMERCIAL_PR;CMBAR St;567;HBO Drama;HD;Cine;No
Puerto Rico;COMERCIAL_PR;CMBAR St;569;HBO Comedy;HD;Cine;No
Puerto Rico;COMERCIAL_PR;CMBAR St;570;HBO Latino;HD;Cine;No
Puerto Rico;COMERCIAL_PR;CMBAR St;571;Cinemax;HD;Cine;No
Puerto Rico;COMERCIAL_PR;CMBAR St;572;Cinemax Hits;HD;Cine;No
Puerto Rico;COMERCIAL_PR;CMBAR St;574;Cinemax Action;HD;Cine;No
Puerto Rico;COMERCIAL_PR;CMBAR St;577;Paramount+ with Showtime;HD;Cine;No
Puerto Rico;COMERCIAL_PR;CMBAR St;578;Showtime 2;HD;Cine;No
Puerto Rico;COMERCIAL_PR;CMBAR St;579;Showtime Beyond;HD;Cine;No
Puerto Rico;COMERCIAL_PR;CMBAR St;580;Showcase;HD;Cine;No
Puerto Rico;COMERCIAL_PR;CMBAR St;581;Showtime Extreme;HD;Cine;No
Puerto Rico;COMERCIAL_PR;CMBAR St;582;The Movie Channel;SD;Cine;No
Puerto Rico;COMERCIAL_PR;CMBAR St;585;Starz;HD;Cine;No
Puerto Rico;COMERCIAL_PR;CMBAR St;586;Starz Kids & Family;HD;Cine;No
Puerto Rico;COMERCIAL_PR;CMBAR St;587;Starz Cinema;HD;Cine;No
Puerto Rico;COMERCIAL_PR;CMBAR St;588;Encore Action;SD;Cine;No
Puerto Rico;COMERCIAL_PR;CMBAR St;589;Encore;HD;Cine;No
Puerto Rico;COMERCIAL_PR;CMBAR St;590;Encore Family;SD;Cine;No
Puerto Rico;COMERCIAL_PR;CMBAR St;601;NBA League Pass;HD;Deportes;No
Puerto Rico;COMERCIAL_PR;CMBAR St;619;NBA League Pass;HD;Deportes;No
Puerto Rico;COMERCIAL_PR;CMBAR St;620;NFL Sunday Ticket;HD;Deportes;No
Puerto Rico;COMERCIAL_PR;CMBAR St;639;NFL Sunday Ticket;HD;Deportes;No
Puerto Rico;COMERCIAL_PR;CMBAR St;640;Thursday Night Football;HD;Deportes;No
Puerto Rico;COMERCIAL_PR;CMBAR St;645;ESPN;HD;Deportes;No
Puerto Rico;COMERCIAL_PR;CMBAR St;646;ESPN News;HD;Deportes;No
Puerto Rico;COMERCIAL_PR;CMBAR St;648;ESPN 2;HD;Deportes;No
Puerto Rico;COMERCIAL_PR;CMBAR St;649;ESPN Deportes;HD;Deportes;No
Puerto Rico;COMERCIAL_PR;CMBAR St;651;Fox Deportes;SD;Deportes;No
Puerto Rico;COMERCIAL_PR;CMBAR St;652;The Tennis Channel;HD;Deportes;No
Puerto Rico;COMERCIAL_PR;CMBAR St;653;NBA TV;HD;Deportes;No
Puerto Rico;COMERCIAL_PR;CMBAR St;654;The Golf Channel;HD;Deportes;No
Puerto Rico;COMERCIAL_PR;CMBAR St;655;Fox Sports;HD;Deportes;No
Puerto Rico;COMERCIAL_PR;CMBAR St;656;MLB Network;HD;Deportes;No
Puerto Rico;COMERCIAL_PR;CMBAR St;657;WAPA Deportes;HD;Deportes;No
Puerto Rico;COMERCIAL_PR;CMBAR St;659;Racer Network;HD;Deportes;No
Puerto Rico;COMERCIAL_PR;CMBAR St;702;CNN;HD;Mundo;Si
Puerto Rico;COMERCIAL_PR;CMBAR St;704;CNN en Español;SD;Mundo;Si
Puerto Rico;COMERCIAL_PR;CMBAR St;708;Headline News;HD;Mundo;Si
Puerto Rico;COMERCIAL_PR;CMBAR St;710;Bloomberg;HD;Mundo;Si
Puerto Rico;COMERCIAL_PR;CMBAR St;712;AccuWeather;HD;Mundo;Si
Puerto Rico;COMERCIAL_PR;CMBAR St;714;Estrella TV;SD;Mundo;No
Puerto Rico;COMERCIAL_PR;CMBAR St;720;CSPAN2;SD;Mundo;No
Puerto Rico;COMERCIAL_PR;CMBAR St;730;Nat Geo Mundo;SD;Mundo;Si
Puerto Rico;COMERCIAL_PR;CMBAR St;732;Discovery em Español;SD;Mundo;Si
Puerto Rico;COMERCIAL_PR;CMBAR St;734;Animal Planet LA;SD;Mundo;Si
Puerto Rico;COMERCIAL_PR;CMBAR St;735;Animal Planet US;HD;Mundo;No
Puerto Rico;COMERCIAL_PR;CMBAR St;742;History Andes;SD;Mundo;Si
Puerto Rico;COMERCIAL_PR;CMBAR St;744;FYI;HD;Mundo;Si
Puerto Rico;COMERCIAL_PR;CMBAR St;745;SyFy;HD;Mundo;Si
Puerto Rico;COMERCIAL_PR;CMBAR St;746;Discovery Turbo;HD;Mundo;No
Puerto Rico;COMERCIAL_PR;CMBAR St;752;Discovery US;HD;Mundo;Si
Puerto Rico;COMERCIAL_PR;CMBAR St;754;The Learning Channel;HD;Mundo;Si
Puerto Rico;COMERCIAL_PR;CMBAR St;756;History Channel;HD;Mundo;Si
Puerto Rico;COMERCIAL_PR;CMBAR St;760;TVE;SD;Variedades;Si
Puerto Rico;COMERCIAL_PR;CMBAR St;762;Antena 3;SD;Mundo;Si
Puerto Rico;COMERCIAL_PR;CMBAR St;764;HITN;SD;Variedades;Si
Puerto Rico;COMERCIAL_PR;CMBAR St;768;BBC América;HD;Mundo;No
Puerto Rico;COMERCIAL_PR;CMBAR St;901;Music Choice Rock Hits;Audio;Audio;No
Puerto Rico;COMERCIAL_PR;CMBAR St;902;Music Choice 80s Rock;Audio;Audio;No
Puerto Rico;COMERCIAL_PR;CMBAR St;903;Music Choice Jazz Vocal Hits;Audio;Audio;No
Puerto Rico;COMERCIAL_PR;CMBAR St;904;Music Choice Country Hits;Audio;Audio;No
Puerto Rico;COMERCIAL_PR;CMBAR St;905;Music Choice New Age;Audio;Audio;No
Puerto Rico;COMERCIAL_PR;CMBAR St;906;Music Choice Funk;Audio;Audio;No
Puerto Rico;COMERCIAL_PR;CMBAR St;907;Music Choice 90s;Audio;Audio;No
Puerto Rico;COMERCIAL_PR;CMBAR St;908;Music Choice Blues;Audio;Audio;No
Puerto Rico;COMERCIAL_PR;CMBAR St;909;Music Choice Love Songs;Audio;Audio;No
Puerto Rico;COMERCIAL_PR;CMBAR St;910;Music Choice Musica Urbana;Audio;Audio;No
Puerto Rico;COMERCIAL_PR;CMBAR St;911;Music Choice R&B Classics;Audio;Audio;No
Puerto Rico;COMERCIAL_PR;CMBAR St;912;Music Choice Latin Jazz;Audio;Audio;No
Puerto Rico;COMERCIAL_PR;CMBAR St;913;Music Choice Soft Rock;Audio;Audio;No
Puerto Rico;COMERCIAL_PR;CMBAR St;914;Music Choice Rap;Audio;Audio;No
Puerto Rico;COMERCIAL_PR;CMBAR St;915;Music Choice All Xmas;Audio;Audio;No
Puerto Rico;COMERCIAL_PR;CMBAR St;916;Music Choice Workout;Audio;Audio;No
Puerto Rico;COMERCIAL_PR;CMBAR St;917;Music Choice Broadway;Audio;Audio;No
Puerto Rico;COMERCIAL_PR;CMBAR St;918;Music Choice Adult Alternative;Audio;Audio;No
Puerto Rico;COMERCIAL_PR;CMBAR St;919;Music Choice Pop Hits;Audio;Audio;No
Puerto Rico;COMERCIAL_PR;CMBAR St;920;Music Choice New Wave;Audio;Audio;No
Puerto Rico;COMERCIAL_PR;CMBAR St;921;Music Choice 70s;Audio;Audio;No
Puerto Rico;COMERCIAL_PR;CMBAR St;922;Music Choice Kidz Only!;Audio;Audio;No
Puerto Rico;COMERCIAL_PR;CMBAR St;923;Music Choice 80s;Audio;Audio;No
Puerto Rico;COMERCIAL_PR;CMBAR St;924;Music Choice Rock Latino;Audio;Audio;No
Puerto Rico;COMERCIAL_PR;CMBAR St;925;Music Choice Retro Workout;Audio;Audio;No
Puerto Rico;COMERCIAL_PR;CMBAR St;926;Music Choice Contemporary Christian;Audio;Audio;No
Puerto Rico;COMERCIAL_PR;CMBAR St;927;Music Choice Reggae;Audio;Audio;No
Puerto Rico;COMERCIAL_PR;CMBAR St;928;Music Choice Alternative;Audio;Audio;No
Puerto Rico;COMERCIAL_PR;CMBAR St;929;Music Choice Pop & Country;Audio;Audio;No
Puerto Rico;COMERCIAL_PR;CMBAR St;930;Music Choice Pop Latino;Audio;Audio;No
Puerto Rico;COMERCIAL_PR;CMBAR St;931;Music Choice Classic Country;Audio;Audio;No
Puerto Rico;COMERCIAL_PR;CMBAR St;932;Music Choice Big Band;Audio;Audio;No
Puerto Rico;COMERCIAL_PR;CMBAR St;933;Music Choice Todays Country;Audio;Audio;No
Puerto Rico;COMERCIAL_PR;CMBAR St;934;Music Choice Hit List;Audio;Audio;No
Puerto Rico;COMERCIAL_PR;CMBAR St;935;Music Choice Hip-Hop And R&B;Audio;Audio;No
Puerto Rico;COMERCIAL_PR;CMBAR St;936;Music Choice Teen Beats;Audio;Audio;No
Puerto Rico;COMERCIAL_PR;CMBAR St;937;Music Choice Coffee Shop Cuts;Audio;Audio;No
Puerto Rico;COMERCIAL_PR;CMBAR St;938;Music Choice Honky Tonk;Audio;Audio;No
Puerto Rico;COMERCIAL_PR;CMBAR St;939;Music Choice Soundscapes;Audio;Audio;No
Puerto Rico;COMERCIAL_PR;CMBAR St;940;Music Choice Light Classical;Audio;Audio;No
Puerto Rico;COMERCIAL_PR;CMBAR St;941;Music Choice Classic Alternative;Audio;Audio;No
Puerto Rico;COMERCIAL_PR;CMBAR St;942;Music Choice Indie;Audio;Audio;No
Puerto Rico;COMERCIAL_PR;CMBAR St;943;Music Choice Malt Shop Favorites;Audio;Audio;No
Puerto Rico;COMERCIAL_PR;CMBAR St;944;Music Choice Smooth Jazz;Audio;Audio;No
Puerto Rico;COMERCIAL_PR;CMBAR St;945;Music Choice Contemporary Instrumentals;Audio;Audio;No
Puerto Rico;COMERCIAL_PR;CMBAR St;946;Music Choice Hard Rock;Audio;Audio;No
Puerto Rico;COMERCIAL_PR;CMBAR St;947;Music Choice Throwback Jamz;Audio;Audio;No
Puerto Rico;COMERCIAL_PR;CMBAR St;948;Music Choice Classic Rock;Audio;Audio;No
Puerto Rico;COMERCIAL_PR;CMBAR St;949;Music Choice Movie Scores;Audio;Audio;No
Puerto Rico;COMERCIAL_PR;CMBAR St;950;Music Choice Max;Audio;Audio;No
Puerto Rico;COMERCIAL_PR;CMBAR St;951;Music Choice Mainstream Rap;Audio;Audio;No
Puerto Rico;COMERCIAL_PR;CMBAR St;952;Music Choice Americana;Audio;Audio;No
Puerto Rico;COMERCIAL_PR;CMBAR St;953;Music Choice Symphony;Audio;Audio;No
Puerto Rico;COMERCIAL_PR;CMBAR St;954;Music Choice Dance/EDM;Audio;Audio;No
Puerto Rico;COMERCIAL_PR;CMBAR St;955;Music Choice Folk;Audio;Audio;No
Puerto Rico;COMERCIAL_PR;CMBAR St;956;Music Choice Classic Dance;Audio;Audio;No
Puerto Rico;COMERCIAL_PR;CMBAR St;957;Music Choice Gospel Hallelujah;Audio;Audio;No
Puerto Rico;COMERCIAL_PR;CMBAR St;958;Music Choice Tropicales;Audio;Audio;No
Puerto Rico;COMERCIAL_PR;CMBAR St;959;Music Choice Metal;Audio;Audio;No
Puerto Rico;COMERCIAL_PR;CMBAR St;960;Music Choice Toddler Tunes;Audio;Audio;No
Puerto Rico;COMERCIAL_PR;CMBAR St;961;Music Choice Y2k;Audio;Audio;No
Puerto Rico;COMERCIAL_PR;CMBAR St;962;Music Choice Bluegrass;Audio;Audio;No
Puerto Rico;COMERCIAL_PR;CMBAR St;963;Music Choice Vietnamese;Audio;Audio;No
Puerto Rico;COMERCIAL_PR;CMBAR St;964;Music Choice Gospel;Audio;Audio;No
Puerto Rico;COMERCIAL_PR;CMBAR St;965;Music Choice 60s Movement;Audio;Audio;No
Puerto Rico;COMERCIAL_PR;CMBAR St;966;Music Choice Filipino;Audio;Audio;No
Puerto Rico;COMERCIAL_PR;CMBAR St;967;Music Choice Sounds of the Season;Audio;Audio;No
Puerto Rico;COMERCIAL_PR;Basic Bars;162;Telemundo;HD;Nacional;Si
Puerto Rico;COMERCIAL_PR;Basic Bars;164;WAPA TV;HD;Nacional;Si
Puerto Rico;COMERCIAL_PR;Basic Bars;166;WIPR;SD;Nacional;Si
Puerto Rico;COMERCIAL_PR;Basic Bars;167;Teleislas;SD;Nacional;Si
Puerto Rico;COMERCIAL_PR;Basic Bars;168;TeleOnce HD;HD;Nacional;Si
Puerto Rico;COMERCIAL_PR;Basic Bars;169;Daystar Español;SD;Nacional;Si
Puerto Rico;COMERCIAL_PR;Basic Bars;170;Fox News;HD;Nacional;Si
Puerto Rico;COMERCIAL_PR;Basic Bars;172;ABC5;HD;Nacional;Si
Puerto Rico;COMERCIAL_PR;Basic Bars;174;CBS;HD;Nacional;Si
Puerto Rico;COMERCIAL_PR;Basic Bars;176;NBC PR;HD;Nacional;Si
Puerto Rico;COMERCIAL_PR;Basic Bars;179;Punto 2;HD;Nacional;Si
Puerto Rico;COMERCIAL_PR;Basic Bars;181;TV Dominicana;SD;Nacional;Si
Puerto Rico;COMERCIAL_PR;Basic Bars;182;TV Chile;SD;Nacional;Si
Puerto Rico;COMERCIAL_PR;Basic Bars;183;TeleOro;SD;Nacional;Si
Puerto Rico;COMERCIAL_PR;Basic Bars;185;Telecinco;SD;Local;Si
Puerto Rico;COMERCIAL_PR;Basic Bars;186;UniMás;SD;Local;Si
Puerto Rico;COMERCIAL_PR;Basic Bars;188;QVC;SD;Variedades;Si
Puerto Rico;COMERCIAL_PR;Basic Bars;189;QVC 2;SD;Variedades;Si
Puerto Rico;COMERCIAL_PR;Basic Bars;190;Home Shopping Network (HSN);SD;Variedades;Si
Puerto Rico;COMERCIAL_PR;Basic Bars;191;Home Shopping Network (HSN) 2;SD;Variedades;Si
Puerto Rico;COMERCIAL_PR;Basic Bars;220;Bravo;HD;Variedades;No
Puerto Rico;COMERCIAL_PR;Basic Bars;221;¡Hola! TV;SD;Variedades;No
Puerto Rico;COMERCIAL_PR;Basic Bars;222;E! Entertainment HD;HD;Variedades;No
Puerto Rico;COMERCIAL_PR;Basic Bars;225;Pasiones;SD;Variedades;Si
Puerto Rico;COMERCIAL_PR;Basic Bars;226;QVC;SD;Variedades;Si
Puerto Rico;COMERCIAL_PR;Basic Bars;227;Home Shopping Network (HSN);SD;Variedades;Si
Puerto Rico;COMERCIAL_PR;Basic Bars;228;Food Network;HD;Variedades;No
Puerto Rico;COMERCIAL_PR;Basic Bars;229;Blossom;SD;Variedades;Si
Puerto Rico;COMERCIAL_PR;Basic Bars;230;BET;SD;Variedades;Si
Puerto Rico;COMERCIAL_PR;Basic Bars;242;FX HD;HD;Variedades;No
Puerto Rico;COMERCIAL_PR;Basic Bars;244;TNT;HD;Variedades;No
Puerto Rico;COMERCIAL_PR;Basic Bars;246;USA Network;HD;Variedades;No
Puerto Rico;COMERCIAL_PR;Basic Bars;248;TBS;HD;Variedades;No
Puerto Rico;COMERCIAL_PR;Basic Bars;249;TLnovelas;SD;Variedades;Si
Puerto Rico;COMERCIAL_PR;Basic Bars;250;HGTV;HD;Variedades;No
Puerto Rico;COMERCIAL_PR;Basic Bars;252;Freeform;HD;Variedades;No
Puerto Rico;COMERCIAL_PR;Basic Bars;254;Paramount Network;HD;Variedades;No
Puerto Rico;COMERCIAL_PR;Basic Bars;256;A&E;HD;Variedades;No
Puerto Rico;COMERCIAL_PR;Basic Bars;260;MTV;HD;Variedades;No
Puerto Rico;COMERCIAL_PR;Basic Bars;261;MTV 2;HD;Variedades;No
Puerto Rico;COMERCIAL_PR;Basic Bars;262;VH1;HD;Variedades;No
Puerto Rico;COMERCIAL_PR;Basic Bars;263;Comedy Central;HD;Variedades;No
Puerto Rico;COMERCIAL_PR;Basic Bars;264;VICE;SD;Variedades;Si
Puerto Rico;COMERCIAL_PR;Basic Bars;267;Cooking Channel;HD;Variedades;No
Puerto Rico;COMERCIAL_PR;Basic Bars;268;So Yummy;SD;Variedades;Si
Puerto Rico;COMERCIAL_PR;Basic Bars;320;Cartoon Network;HD;Infantil;No
Puerto Rico;COMERCIAL_PR;Basic Bars;322;Nickelodeon;HD;Infantil;No
Puerto Rico;COMERCIAL_PR;Basic Bars;324;Disney Channel;HD;Infantil;No
Puerto Rico;COMERCIAL_PR;Basic Bars;326;Disney XD;HD;Infantil;No
Puerto Rico;COMERCIAL_PR;Basic Bars;330;Discovery Kids LA;SD;Infantil;Si
Puerto Rico;COMERCIAL_PR;Basic Bars;332;LooLoo Kids;SD;Infantil;No
Puerto Rico;COMERCIAL_PR;Basic Bars;336;Boomerang;SD;Infantil;No
Puerto Rico;COMERCIAL_PR;Basic Bars;337;Nick Jr.;HD;Infantil;No
Puerto Rico;COMERCIAL_PR;Basic Bars;338;Vme;SD;Infantil;Si
Puerto Rico;COMERCIAL_PR;Basic Bars;339;Baby First TV;SD;Infantil;Si
Puerto Rico;COMERCIAL_PR;Basic Bars;350;EWTN;SD;Religioso;Si
Puerto Rico;COMERCIAL_PR;Basic Bars;352;Enlace;SD;Religioso;Si
Puerto Rico;COMERCIAL_PR;Basic Bars;354;Christian Television Network (CTN);SD;Religioso;Si
Puerto Rico;COMERCIAL_PR;Basic Bars;462;Playboy TV;SD;Adultos;No
Puerto Rico;COMERCIAL_PR;Basic Bars;465;Brazzers TV;SD;Adultos;No
Puerto Rico;COMERCIAL_PR;Basic Bars;468;Hustler;SD;Adultos;No
Puerto Rico;COMERCIAL_PR;Basic Bars;511;AMC;HD;Cine;No
Puerto Rico;COMERCIAL_PR;Basic Bars;514;Cine Latino;SD;Cine;No
Puerto Rico;COMERCIAL_PR;Basic Bars;516;De Película;SD;Cine;Si
Puerto Rico;COMERCIAL_PR;Basic Bars;517;Lifetime;HD;Cine;No
Puerto Rico;COMERCIAL_PR;Basic Bars;518;Lifetime Moivie Network;HD;Cine;No
Puerto Rico;COMERCIAL_PR;Basic Bars;520;Hallmark Channel;HD;Cine;No
Puerto Rico;COMERCIAL_PR;Basic Bars;521;Hallmark Family;HD;Cine;No
Puerto Rico;COMERCIAL_PR;Basic Bars;522;Hallmark Mistery;SD;Cine;No
Puerto Rico;COMERCIAL_PR;Basic Bars;550;MGM Mas;HD;Cine;No
Puerto Rico;COMERCIAL_PR;Basic Bars;551;MGM Mas Hits;HD;Cine;No
Puerto Rico;COMERCIAL_PR;Basic Bars;552;MGM Mas Marquee;HD;Cine;No
Puerto Rico;COMERCIAL_PR;Basic Bars;564;HBO;HD;Cine;No
Puerto Rico;COMERCIAL_PR;Basic Bars;565;HBO Hits;HD;Cine;No
Puerto Rico;COMERCIAL_PR;Basic Bars;566;HBO Movie;HD;Cine;No
Puerto Rico;COMERCIAL_PR;Basic Bars;567;HBO Drama;HD;Cine;No
Puerto Rico;COMERCIAL_PR;Basic Bars;569;HBO Comedy;HD;Cine;No
Puerto Rico;COMERCIAL_PR;Basic Bars;570;HBO Latino;HD;Cine;No
Puerto Rico;COMERCIAL_PR;Basic Bars;571;Cinemax;HD;Cine;No
Puerto Rico;COMERCIAL_PR;Basic Bars;572;Cinemax Hits;HD;Cine;No
Puerto Rico;COMERCIAL_PR;Basic Bars;574;Cinemax Action;HD;Cine;No
Puerto Rico;COMERCIAL_PR;Basic Bars;577;Paramount+ with Showtime;HD;Cine;No
Puerto Rico;COMERCIAL_PR;Basic Bars;578;Showtime 2;HD;Cine;No
Puerto Rico;COMERCIAL_PR;Basic Bars;579;Showtime Beyond;HD;Cine;No
Puerto Rico;COMERCIAL_PR;Basic Bars;580;Showcase;HD;Cine;No
Puerto Rico;COMERCIAL_PR;Basic Bars;581;Showtime Extreme;HD;Cine;No
Puerto Rico;COMERCIAL_PR;Basic Bars;582;The Movie Channel;SD;Cine;No
Puerto Rico;COMERCIAL_PR;Basic Bars;585;Starz;HD;Cine;No
Puerto Rico;COMERCIAL_PR;Basic Bars;586;Starz Kids & Family;HD;Cine;No
Puerto Rico;COMERCIAL_PR;Basic Bars;587;Starz Cinema;HD;Cine;No
Puerto Rico;COMERCIAL_PR;Basic Bars;588;Encore Action;SD;Cine;No
Puerto Rico;COMERCIAL_PR;Basic Bars;589;Encore;HD;Cine;No
Puerto Rico;COMERCIAL_PR;Basic Bars;590;Encore Family;SD;Cine;No
Puerto Rico;COMERCIAL_PR;Basic Bars;601;NBA League Pass;HD;Deportes;No
Puerto Rico;COMERCIAL_PR;Basic Bars;619;NBA League Pass;HD;Deportes;No
Puerto Rico;COMERCIAL_PR;Basic Bars;620;NFL Sunday Ticket;HD;Deportes;No
Puerto Rico;COMERCIAL_PR;Basic Bars;639;NFL Sunday Ticket;HD;Deportes;No
Puerto Rico;COMERCIAL_PR;Basic Bars;640;Thursday Night Football;HD;Deportes;No
Puerto Rico;COMERCIAL_PR;Basic Bars;645;ESPN;HD;Deportes;No
Puerto Rico;COMERCIAL_PR;Basic Bars;646;ESPN News;HD;Deportes;No
Puerto Rico;COMERCIAL_PR;Basic Bars;648;ESPN 2;HD;Deportes;No
Puerto Rico;COMERCIAL_PR;Basic Bars;649;ESPN Deportes;HD;Deportes;Si
Puerto Rico;COMERCIAL_PR;Basic Bars;651;Fox Deportes;SD;Deportes;No
Puerto Rico;COMERCIAL_PR;Basic Bars;652;The Tennis Channel;HD;Deportes;No
Puerto Rico;COMERCIAL_PR;Basic Bars;653;NBA TV;HD;Deportes;No
Puerto Rico;COMERCIAL_PR;Basic Bars;654;The Golf Channel;HD;Deportes;No
Puerto Rico;COMERCIAL_PR;Basic Bars;655;Fox Sports;HD;Deportes;No
Puerto Rico;COMERCIAL_PR;Basic Bars;656;MLB Network;HD;Deportes;No
Puerto Rico;COMERCIAL_PR;Basic Bars;657;WAPA Deportes;HD;Deportes;Si
Puerto Rico;COMERCIAL_PR;Basic Bars;659;Racer Network;HD;Deportes;No
Puerto Rico;COMERCIAL_PR;Basic Bars;702;CNN;HD;Mundo;No
Puerto Rico;COMERCIAL_PR;Basic Bars;704;CNN en Español;SD;Mundo;Si
Puerto Rico;COMERCIAL_PR;Basic Bars;708;Headline News;HD;Mundo;No
Puerto Rico;COMERCIAL_PR;Basic Bars;710;Bloomberg;HD;Mundo;No
Puerto Rico;COMERCIAL_PR;Basic Bars;712;AccuWeather;HD;Mundo;Si
Puerto Rico;COMERCIAL_PR;Basic Bars;714;Estrella TV;SD;Mundo;No
Puerto Rico;COMERCIAL_PR;Basic Bars;720;CSPAN2;SD;Mundo;No
Puerto Rico;COMERCIAL_PR;Basic Bars;730;Nat Geo Mundo;SD;Mundo;Si
Puerto Rico;COMERCIAL_PR;Basic Bars;732;Discovery em Español;SD;Mundo;Si
Puerto Rico;COMERCIAL_PR;Basic Bars;734;Animal Planet LA;SD;Mundo;No
Puerto Rico;COMERCIAL_PR;Basic Bars;735;Animal Planet US;HD;Mundo;Si
Puerto Rico;COMERCIAL_PR;Basic Bars;742;History Andes;SD;Mundo;Si
Puerto Rico;COMERCIAL_PR;Basic Bars;744;FYI;HD;Mundo;No
Puerto Rico;COMERCIAL_PR;Basic Bars;745;SyFy;HD;Mundo;No
Puerto Rico;COMERCIAL_PR;Basic Bars;746;Discovery Turbo;HD;Mundo;No
Puerto Rico;COMERCIAL_PR;Basic Bars;752;Discovery US;HD;Mundo;No
Puerto Rico;COMERCIAL_PR;Basic Bars;754;The Learning Channel;HD;Mundo;No
Puerto Rico;COMERCIAL_PR;Basic Bars;756;History Channel;HD;Mundo;No
Puerto Rico;COMERCIAL_PR;Basic Bars;760;TVE;SD;Variedades;Si
Puerto Rico;COMERCIAL_PR;Basic Bars;762;Antena 3;SD;Mundo;No
Puerto Rico;COMERCIAL_PR;Basic Bars;764;HITN;SD;Variedades;Si
Puerto Rico;COMERCIAL_PR;Basic Bars;768;BBC América;HD;Mundo;No
Puerto Rico;COMERCIAL_PR;Basic Bars;901;Music Choice Rock Hits;Audio;Audio;No
Puerto Rico;COMERCIAL_PR;Basic Bars;902;Music Choice 80s Rock;Audio;Audio;No
Puerto Rico;COMERCIAL_PR;Basic Bars;903;Music Choice Jazz Vocal Hits;Audio;Audio;No
Puerto Rico;COMERCIAL_PR;Basic Bars;904;Music Choice Country Hits;Audio;Audio;No
Puerto Rico;COMERCIAL_PR;Basic Bars;905;Music Choice New Age;Audio;Audio;No
Puerto Rico;COMERCIAL_PR;Basic Bars;906;Music Choice Funk;Audio;Audio;No
Puerto Rico;COMERCIAL_PR;Basic Bars;907;Music Choice 90s;Audio;Audio;No
Puerto Rico;COMERCIAL_PR;Basic Bars;908;Music Choice Blues;Audio;Audio;No
Puerto Rico;COMERCIAL_PR;Basic Bars;909;Music Choice Love Songs;Audio;Audio;No
Puerto Rico;COMERCIAL_PR;Basic Bars;910;Music Choice Musica Urbana;Audio;Audio;No
Puerto Rico;COMERCIAL_PR;Basic Bars;911;Music Choice R&B Classics;Audio;Audio;No
Puerto Rico;COMERCIAL_PR;Basic Bars;912;Music Choice Latin Jazz;Audio;Audio;No
Puerto Rico;COMERCIAL_PR;Basic Bars;913;Music Choice Soft Rock;Audio;Audio;No
Puerto Rico;COMERCIAL_PR;Basic Bars;914;Music Choice Rap;Audio;Audio;No
Puerto Rico;COMERCIAL_PR;Basic Bars;915;Music Choice All Xmas;Audio;Audio;No
Puerto Rico;COMERCIAL_PR;Basic Bars;916;Music Choice Workout;Audio;Audio;No
Puerto Rico;COMERCIAL_PR;Basic Bars;917;Music Choice Broadway;Audio;Audio;No
Puerto Rico;COMERCIAL_PR;Basic Bars;918;Music Choice Adult Alternative;Audio;Audio;No
Puerto Rico;COMERCIAL_PR;Basic Bars;919;Music Choice Pop Hits;Audio;Audio;No
Puerto Rico;COMERCIAL_PR;Basic Bars;920;Music Choice New Wave;Audio;Audio;No
Puerto Rico;COMERCIAL_PR;Basic Bars;921;Music Choice 70s;Audio;Audio;No
Puerto Rico;COMERCIAL_PR;Basic Bars;922;Music Choice Kidz Only!;Audio;Audio;No
Puerto Rico;COMERCIAL_PR;Basic Bars;923;Music Choice 80s;Audio;Audio;No
Puerto Rico;COMERCIAL_PR;Basic Bars;924;Music Choice Rock Latino;Audio;Audio;No
Puerto Rico;COMERCIAL_PR;Basic Bars;925;Music Choice Retro Workout;Audio;Audio;No
Puerto Rico;COMERCIAL_PR;Basic Bars;926;Music Choice Contemporary Christian;Audio;Audio;No
Puerto Rico;COMERCIAL_PR;Basic Bars;927;Music Choice Reggae;Audio;Audio;No
Puerto Rico;COMERCIAL_PR;Basic Bars;928;Music Choice Alternative;Audio;Audio;No
Puerto Rico;COMERCIAL_PR;Basic Bars;929;Music Choice Pop & Country;Audio;Audio;No
Puerto Rico;COMERCIAL_PR;Basic Bars;930;Music Choice Pop Latino;Audio;Audio;No
Puerto Rico;COMERCIAL_PR;Basic Bars;931;Music Choice Classic Country;Audio;Audio;No
Puerto Rico;COMERCIAL_PR;Basic Bars;932;Music Choice Big Band;Audio;Audio;No
Puerto Rico;COMERCIAL_PR;Basic Bars;933;Music Choice Todays Country;Audio;Audio;No
Puerto Rico;COMERCIAL_PR;Basic Bars;934;Music Choice Hit List;Audio;Audio;No
Puerto Rico;COMERCIAL_PR;Basic Bars;935;Music Choice Hip-Hop And R&B;Audio;Audio;No
Puerto Rico;COMERCIAL_PR;Basic Bars;936;Music Choice Teen Beats;Audio;Audio;No
Puerto Rico;COMERCIAL_PR;Basic Bars;937;Music Choice Coffee Shop Cuts;Audio;Audio;No
Puerto Rico;COMERCIAL_PR;Basic Bars;938;Music Choice Honky Tonk;Audio;Audio;No
Puerto Rico;COMERCIAL_PR;Basic Bars;939;Music Choice Soundscapes;Audio;Audio;No
Puerto Rico;COMERCIAL_PR;Basic Bars;940;Music Choice Light Classical;Audio;Audio;No
Puerto Rico;COMERCIAL_PR;Basic Bars;941;Music Choice Classic Alternative;Audio;Audio;No
Puerto Rico;COMERCIAL_PR;Basic Bars;942;Music Choice Indie;Audio;Audio;No
Puerto Rico;COMERCIAL_PR;Basic Bars;943;Music Choice Malt Shop Favorites;Audio;Audio;No
Puerto Rico;COMERCIAL_PR;Basic Bars;944;Music Choice Smooth Jazz;Audio;Audio;No
Puerto Rico;COMERCIAL_PR;Basic Bars;945;Music Choice Contemporary Instrumentals;Audio;Audio;No
Puerto Rico;COMERCIAL_PR;Basic Bars;946;Music Choice Hard Rock;Audio;Audio;No
Puerto Rico;COMERCIAL_PR;Basic Bars;947;Music Choice Throwback Jamz;Audio;Audio;No
Puerto Rico;COMERCIAL_PR;Basic Bars;948;Music Choice Classic Rock;Audio;Audio;No
Puerto Rico;COMERCIAL_PR;Basic Bars;949;Music Choice Movie Scores;Audio;Audio;No
Puerto Rico;COMERCIAL_PR;Basic Bars;950;Music Choice Max;Audio;Audio;No
Puerto Rico;COMERCIAL_PR;Basic Bars;951;Music Choice Mainstream Rap;Audio;Audio;No
Puerto Rico;COMERCIAL_PR;Basic Bars;952;Music Choice Americana;Audio;Audio;No
Puerto Rico;COMERCIAL_PR;Basic Bars;953;Music Choice Symphony;Audio;Audio;No
Puerto Rico;COMERCIAL_PR;Basic Bars;954;Music Choice Dance/EDM;Audio;Audio;No
Puerto Rico;COMERCIAL_PR;Basic Bars;955;Music Choice Folk;Audio;Audio;No
Puerto Rico;COMERCIAL_PR;Basic Bars;956;Music Choice Classic Dance;Audio;Audio;No
Puerto Rico;COMERCIAL_PR;Basic Bars;957;Music Choice Gospel Hallelujah;Audio;Audio;No
Puerto Rico;COMERCIAL_PR;Basic Bars;958;Music Choice Tropicales;Audio;Audio;No
Puerto Rico;COMERCIAL_PR;Basic Bars;959;Music Choice Metal;Audio;Audio;No
Puerto Rico;COMERCIAL_PR;Basic Bars;960;Music Choice Toddler Tunes;Audio;Audio;No
Puerto Rico;COMERCIAL_PR;Basic Bars;961;Music Choice Y2k;Audio;Audio;No
Puerto Rico;COMERCIAL_PR;Basic Bars;962;Music Choice Bluegrass;Audio;Audio;No
Puerto Rico;COMERCIAL_PR;Basic Bars;963;Music Choice Vietnamese;Audio;Audio;No
Puerto Rico;COMERCIAL_PR;Basic Bars;964;Music Choice Gospel;Audio;Audio;No
Puerto Rico;COMERCIAL_PR;Basic Bars;965;Music Choice 60s Movement;Audio;Audio;No
Puerto Rico;COMERCIAL_PR;Basic Bars;966;Music Choice Filipino;Audio;Audio;No
Puerto Rico;COMERCIAL_PR;Basic Bars;967;Music Choice Sounds of the Season;Audio;Audio;No
Puerto Rico;COMERCIAL_PR;Basic Bars Plus;162;Telemundo;HD;Nacional;Si
Puerto Rico;COMERCIAL_PR;Basic Bars Plus;164;WAPA TV;HD;Nacional;Si
Puerto Rico;COMERCIAL_PR;Basic Bars Plus;166;WIPR;SD;Nacional;Si
Puerto Rico;COMERCIAL_PR;Basic Bars Plus;167;Teleislas;SD;Nacional;Si
Puerto Rico;COMERCIAL_PR;Basic Bars Plus;168;TeleOnce HD;HD;Nacional;Si
Puerto Rico;COMERCIAL_PR;Basic Bars Plus;169;Daystar Español;SD;Nacional;Si
Puerto Rico;COMERCIAL_PR;Basic Bars Plus;170;Fox News;HD;Nacional;Si
Puerto Rico;COMERCIAL_PR;Basic Bars Plus;172;ABC5;HD;Nacional;Si
Puerto Rico;COMERCIAL_PR;Basic Bars Plus;174;CBS;HD;Nacional;Si
Puerto Rico;COMERCIAL_PR;Basic Bars Plus;176;NBC PR;HD;Nacional;Si
Puerto Rico;COMERCIAL_PR;Basic Bars Plus;179;Punto 2;HD;Nacional;Si
Puerto Rico;COMERCIAL_PR;Basic Bars Plus;181;TV Dominicana;SD;Nacional;Si
Puerto Rico;COMERCIAL_PR;Basic Bars Plus;182;TV Chile;SD;Nacional;No
Puerto Rico;COMERCIAL_PR;Basic Bars Plus;183;TeleOro;SD;Nacional;Si
Puerto Rico;COMERCIAL_PR;Basic Bars Plus;185;Telecinco;SD;Local;Si
Puerto Rico;COMERCIAL_PR;Basic Bars Plus;186;UniMás;SD;Local;Si
Puerto Rico;COMERCIAL_PR;Basic Bars Plus;188;QVC;SD;Variedades;Si
Puerto Rico;COMERCIAL_PR;Basic Bars Plus;189;QVC 2;SD;Variedades;Si
Puerto Rico;COMERCIAL_PR;Basic Bars Plus;190;Home Shopping Network (HSN);SD;Variedades;Si
Puerto Rico;COMERCIAL_PR;Basic Bars Plus;191;Home Shopping Network (HSN) 2;SD;Variedades;Si
Puerto Rico;COMERCIAL_PR;Basic Bars Plus;220;Bravo;HD;Variedades;No
Puerto Rico;COMERCIAL_PR;Basic Bars Plus;221;¡Hola! TV;SD;Variedades;No
Puerto Rico;COMERCIAL_PR;Basic Bars Plus;222;E! Entertainment HD;HD;Variedades;No
Puerto Rico;COMERCIAL_PR;Basic Bars Plus;225;Pasiones;SD;Variedades;No
Puerto Rico;COMERCIAL_PR;Basic Bars Plus;226;QVC;SD;Variedades;Si
Puerto Rico;COMERCIAL_PR;Basic Bars Plus;227;Home Shopping Network (HSN);SD;Variedades;Si
Puerto Rico;COMERCIAL_PR;Basic Bars Plus;228;Food Network;HD;Variedades;Si
Puerto Rico;COMERCIAL_PR;Basic Bars Plus;229;Blossom;SD;Variedades;Si
Puerto Rico;COMERCIAL_PR;Basic Bars Plus;230;BET;SD;Variedades;Si
Puerto Rico;COMERCIAL_PR;Basic Bars Plus;242;FX HD;HD;Variedades;No
Puerto Rico;COMERCIAL_PR;Basic Bars Plus;244;TNT;HD;Variedades;Si
Puerto Rico;COMERCIAL_PR;Basic Bars Plus;246;USA Network;HD;Variedades;No
Puerto Rico;COMERCIAL_PR;Basic Bars Plus;248;TBS;HD;Variedades;Si
Puerto Rico;COMERCIAL_PR;Basic Bars Plus;249;TLnovelas;SD;Variedades;Si
Puerto Rico;COMERCIAL_PR;Basic Bars Plus;250;HGTV;HD;Variedades;No
Puerto Rico;COMERCIAL_PR;Basic Bars Plus;252;Freeform;HD;Variedades;No
Puerto Rico;COMERCIAL_PR;Basic Bars Plus;254;Paramount Network;HD;Variedades;Si
Puerto Rico;COMERCIAL_PR;Basic Bars Plus;256;A&E;HD;Variedades;No
Puerto Rico;COMERCIAL_PR;Basic Bars Plus;260;MTV;HD;Variedades;Si
Puerto Rico;COMERCIAL_PR;Basic Bars Plus;261;MTV 2;HD;Variedades;Si
Puerto Rico;COMERCIAL_PR;Basic Bars Plus;262;VH1;HD;Variedades;Si
Puerto Rico;COMERCIAL_PR;Basic Bars Plus;263;Comedy Central;HD;Variedades;No
Puerto Rico;COMERCIAL_PR;Basic Bars Plus;264;VICE;SD;Variedades;Si
Puerto Rico;COMERCIAL_PR;Basic Bars Plus;267;Cooking Channel;HD;Variedades;No
Puerto Rico;COMERCIAL_PR;Basic Bars Plus;268;So Yummy;SD;Variedades;Si
Puerto Rico;COMERCIAL_PR;Basic Bars Plus;320;Cartoon Network;HD;Infantil;Si
Puerto Rico;COMERCIAL_PR;Basic Bars Plus;322;Nickelodeon;HD;Infantil;Si
Puerto Rico;COMERCIAL_PR;Basic Bars Plus;324;Disney Channel;HD;Infantil;No
Puerto Rico;COMERCIAL_PR;Basic Bars Plus;326;Disney XD;HD;Infantil;No
Puerto Rico;COMERCIAL_PR;Basic Bars Plus;330;Discovery Kids LA;SD;Infantil;Si
Puerto Rico;COMERCIAL_PR;Basic Bars Plus;332;LooLoo Kids;SD;Infantil;No
Puerto Rico;COMERCIAL_PR;Basic Bars Plus;336;Boomerang;SD;Infantil;Si
Puerto Rico;COMERCIAL_PR;Basic Bars Plus;337;Nick Jr.;HD;Infantil;No
Puerto Rico;COMERCIAL_PR;Basic Bars Plus;338;Vme;SD;Infantil;Si
Puerto Rico;COMERCIAL_PR;Basic Bars Plus;339;Baby First TV;SD;Infantil;Si
Puerto Rico;COMERCIAL_PR;Basic Bars Plus;350;EWTN;SD;Religioso;Si
Puerto Rico;COMERCIAL_PR;Basic Bars Plus;352;Enlace;SD;Religioso;Si
Puerto Rico;COMERCIAL_PR;Basic Bars Plus;354;Christian Television Network (CTN);SD;Religioso;Si
Puerto Rico;COMERCIAL_PR;Basic Bars Plus;462;Playboy TV;SD;Adultos;No
Puerto Rico;COMERCIAL_PR;Basic Bars Plus;465;Brazzers TV;SD;Adultos;No
Puerto Rico;COMERCIAL_PR;Basic Bars Plus;468;Hustler;SD;Adultos;No
Puerto Rico;COMERCIAL_PR;Basic Bars Plus;511;AMC;HD;Cine;No
Puerto Rico;COMERCIAL_PR;Basic Bars Plus;514;Cine Latino;SD;Cine;No
Puerto Rico;COMERCIAL_PR;Basic Bars Plus;516;De Película;SD;Cine;Si
Puerto Rico;COMERCIAL_PR;Basic Bars Plus;517;Lifetime;HD;Cine;No
Puerto Rico;COMERCIAL_PR;Basic Bars Plus;518;Lifetime Moivie Network;HD;Cine;No
Puerto Rico;COMERCIAL_PR;Basic Bars Plus;520;Hallmark Channel;HD;Cine;Si
Puerto Rico;COMERCIAL_PR;Basic Bars Plus;521;Hallmark Family;HD;Cine;Si
Puerto Rico;COMERCIAL_PR;Basic Bars Plus;522;Hallmark Mistery;SD;Cine;Si
Puerto Rico;COMERCIAL_PR;Basic Bars Plus;550;MGM Mas;HD;Cine;No
Puerto Rico;COMERCIAL_PR;Basic Bars Plus;551;MGM Mas Hits;HD;Cine;No
Puerto Rico;COMERCIAL_PR;Basic Bars Plus;552;MGM Mas Marquee;HD;Cine;No
Puerto Rico;COMERCIAL_PR;Basic Bars Plus;564;HBO;HD;Cine;No
Puerto Rico;COMERCIAL_PR;Basic Bars Plus;565;HBO Hits;HD;Cine;No
Puerto Rico;COMERCIAL_PR;Basic Bars Plus;566;HBO Movie;HD;Cine;No
Puerto Rico;COMERCIAL_PR;Basic Bars Plus;567;HBO Drama;HD;Cine;No
Puerto Rico;COMERCIAL_PR;Basic Bars Plus;569;HBO Comedy;HD;Cine;No
Puerto Rico;COMERCIAL_PR;Basic Bars Plus;570;HBO Latino;HD;Cine;No
Puerto Rico;COMERCIAL_PR;Basic Bars Plus;571;Cinemax;HD;Cine;No
Puerto Rico;COMERCIAL_PR;Basic Bars Plus;572;Cinemax Hits;HD;Cine;No
Puerto Rico;COMERCIAL_PR;Basic Bars Plus;574;Cinemax Action;HD;Cine;No
Puerto Rico;COMERCIAL_PR;Basic Bars Plus;577;Paramount+ with Showtime;HD;Cine;No
Puerto Rico;COMERCIAL_PR;Basic Bars Plus;578;Showtime 2;HD;Cine;No
Puerto Rico;COMERCIAL_PR;Basic Bars Plus;579;Showtime Beyond;HD;Cine;No
Puerto Rico;COMERCIAL_PR;Basic Bars Plus;580;Showcase;HD;Cine;No
Puerto Rico;COMERCIAL_PR;Basic Bars Plus;581;Showtime Extreme;HD;Cine;No
Puerto Rico;COMERCIAL_PR;Basic Bars Plus;582;The Movie Channel;SD;Cine;No
Puerto Rico;COMERCIAL_PR;Basic Bars Plus;585;Starz;HD;Cine;No
Puerto Rico;COMERCIAL_PR;Basic Bars Plus;586;Starz Kids & Family;HD;Cine;No
Puerto Rico;COMERCIAL_PR;Basic Bars Plus;587;Starz Cinema;HD;Cine;No
Puerto Rico;COMERCIAL_PR;Basic Bars Plus;588;Encore Action;SD;Cine;No
Puerto Rico;COMERCIAL_PR;Basic Bars Plus;589;Encore;HD;Cine;No
Puerto Rico;COMERCIAL_PR;Basic Bars Plus;590;Encore Family;SD;Cine;No
Puerto Rico;COMERCIAL_PR;Basic Bars Plus;601;NBA League Pass;HD;Deportes;No
Puerto Rico;COMERCIAL_PR;Basic Bars Plus;619;NBA League Pass;HD;Deportes;No
Puerto Rico;COMERCIAL_PR;Basic Bars Plus;620;NFL Sunday Ticket;HD;Deportes;No
Puerto Rico;COMERCIAL_PR;Basic Bars Plus;639;NFL Sunday Ticket;HD;Deportes;No
Puerto Rico;COMERCIAL_PR;Basic Bars Plus;640;Thursday Night Football;HD;Deportes;No
Puerto Rico;COMERCIAL_PR;Basic Bars Plus;645;ESPN;HD;Deportes;No
Puerto Rico;COMERCIAL_PR;Basic Bars Plus;646;ESPN News;HD;Deportes;No
Puerto Rico;COMERCIAL_PR;Basic Bars Plus;648;ESPN 2;HD;Deportes;No
Puerto Rico;COMERCIAL_PR;Basic Bars Plus;649;ESPN Deportes;HD;Deportes;Si
Puerto Rico;COMERCIAL_PR;Basic Bars Plus;651;Fox Deportes;SD;Deportes;No
Puerto Rico;COMERCIAL_PR;Basic Bars Plus;652;The Tennis Channel;HD;Deportes;No
Puerto Rico;COMERCIAL_PR;Basic Bars Plus;653;NBA TV;HD;Deportes;No
Puerto Rico;COMERCIAL_PR;Basic Bars Plus;654;The Golf Channel;HD;Deportes;No
Puerto Rico;COMERCIAL_PR;Basic Bars Plus;655;Fox Sports;HD;Deportes;No
Puerto Rico;COMERCIAL_PR;Basic Bars Plus;656;MLB Network;HD;Deportes;No
Puerto Rico;COMERCIAL_PR;Basic Bars Plus;657;WAPA Deportes;HD;Deportes;Si
Puerto Rico;COMERCIAL_PR;Basic Bars Plus;659;Racer Network;HD;Deportes;Si
Puerto Rico;COMERCIAL_PR;Basic Bars Plus;702;CNN;HD;Mundo;Si
Puerto Rico;COMERCIAL_PR;Basic Bars Plus;704;CNN en Español;SD;Mundo;Si
Puerto Rico;COMERCIAL_PR;Basic Bars Plus;708;Headline News;HD;Mundo;Si
Puerto Rico;COMERCIAL_PR;Basic Bars Plus;710;Bloomberg;HD;Mundo;Si
Puerto Rico;COMERCIAL_PR;Basic Bars Plus;712;AccuWeather;HD;Mundo;Si
Puerto Rico;COMERCIAL_PR;Basic Bars Plus;714;Estrella TV;SD;Mundo;Si
Puerto Rico;COMERCIAL_PR;Basic Bars Plus;720;CSPAN2;SD;Mundo;No
Puerto Rico;COMERCIAL_PR;Basic Bars Plus;730;Nat Geo Mundo;SD;Mundo;Si
Puerto Rico;COMERCIAL_PR;Basic Bars Plus;732;Discovery em Español;SD;Mundo;Si
Puerto Rico;COMERCIAL_PR;Basic Bars Plus;734;Animal Planet LA;SD;Mundo;Si
Puerto Rico;COMERCIAL_PR;Basic Bars Plus;735;Animal Planet US;HD;Mundo;Si
Puerto Rico;COMERCIAL_PR;Basic Bars Plus;742;History Andes;SD;Mundo;Si
Puerto Rico;COMERCIAL_PR;Basic Bars Plus;744;FYI;HD;Mundo;Si
Puerto Rico;COMERCIAL_PR;Basic Bars Plus;745;SyFy;HD;Mundo;No
Puerto Rico;COMERCIAL_PR;Basic Bars Plus;746;Discovery Turbo;HD;Mundo;No
Puerto Rico;COMERCIAL_PR;Basic Bars Plus;752;Discovery US;HD;Mundo;No
Puerto Rico;COMERCIAL_PR;Basic Bars Plus;754;The Learning Channel;HD;Mundo;Si
Puerto Rico;COMERCIAL_PR;Basic Bars Plus;756;History Channel;HD;Mundo;Si
Puerto Rico;COMERCIAL_PR;Basic Bars Plus;760;TVE;SD;Variedades;Si
Puerto Rico;COMERCIAL_PR;Basic Bars Plus;762;Antena 3;SD;Mundo;No
Puerto Rico;COMERCIAL_PR;Basic Bars Plus;764;HITN;SD;Variedades;Si
Puerto Rico;COMERCIAL_PR;Basic Bars Plus;768;BBC América;HD;Mundo;No
Puerto Rico;COMERCIAL_PR;Basic Bars Plus;901;Music Choice Rock Hits;Audio;Audio;No
Puerto Rico;COMERCIAL_PR;Basic Bars Plus;902;Music Choice 80s Rock;Audio;Audio;No
Puerto Rico;COMERCIAL_PR;Basic Bars Plus;903;Music Choice Jazz Vocal Hits;Audio;Audio;No
Puerto Rico;COMERCIAL_PR;Basic Bars Plus;904;Music Choice Country Hits;Audio;Audio;No
Puerto Rico;COMERCIAL_PR;Basic Bars Plus;905;Music Choice New Age;Audio;Audio;No
Puerto Rico;COMERCIAL_PR;Basic Bars Plus;906;Music Choice Funk;Audio;Audio;No
Puerto Rico;COMERCIAL_PR;Basic Bars Plus;907;Music Choice 90s;Audio;Audio;No
Puerto Rico;COMERCIAL_PR;Basic Bars Plus;908;Music Choice Blues;Audio;Audio;No
Puerto Rico;COMERCIAL_PR;Basic Bars Plus;909;Music Choice Love Songs;Audio;Audio;No
Puerto Rico;COMERCIAL_PR;Basic Bars Plus;910;Music Choice Musica Urbana;Audio;Audio;No
Puerto Rico;COMERCIAL_PR;Basic Bars Plus;911;Music Choice R&B Classics;Audio;Audio;No
Puerto Rico;COMERCIAL_PR;Basic Bars Plus;912;Music Choice Latin Jazz;Audio;Audio;No
Puerto Rico;COMERCIAL_PR;Basic Bars Plus;913;Music Choice Soft Rock;Audio;Audio;No
Puerto Rico;COMERCIAL_PR;Basic Bars Plus;914;Music Choice Rap;Audio;Audio;No
Puerto Rico;COMERCIAL_PR;Basic Bars Plus;915;Music Choice All Xmas;Audio;Audio;No
Puerto Rico;COMERCIAL_PR;Basic Bars Plus;916;Music Choice Workout;Audio;Audio;No
Puerto Rico;COMERCIAL_PR;Basic Bars Plus;917;Music Choice Broadway;Audio;Audio;No
Puerto Rico;COMERCIAL_PR;Basic Bars Plus;918;Music Choice Adult Alternative;Audio;Audio;No
Puerto Rico;COMERCIAL_PR;Basic Bars Plus;919;Music Choice Pop Hits;Audio;Audio;No
Puerto Rico;COMERCIAL_PR;Basic Bars Plus;920;Music Choice New Wave;Audio;Audio;No
Puerto Rico;COMERCIAL_PR;Basic Bars Plus;921;Music Choice 70s;Audio;Audio;No
Puerto Rico;COMERCIAL_PR;Basic Bars Plus;922;Music Choice Kidz Only!;Audio;Audio;No
Puerto Rico;COMERCIAL_PR;Basic Bars Plus;923;Music Choice 80s;Audio;Audio;No
Puerto Rico;COMERCIAL_PR;Basic Bars Plus;924;Music Choice Rock Latino;Audio;Audio;No
Puerto Rico;COMERCIAL_PR;Basic Bars Plus;925;Music Choice Retro Workout;Audio;Audio;No
Puerto Rico;COMERCIAL_PR;Basic Bars Plus;926;Music Choice Contemporary Christian;Audio;Audio;No
Puerto Rico;COMERCIAL_PR;Basic Bars Plus;927;Music Choice Reggae;Audio;Audio;No
Puerto Rico;COMERCIAL_PR;Basic Bars Plus;928;Music Choice Alternative;Audio;Audio;No
Puerto Rico;COMERCIAL_PR;Basic Bars Plus;929;Music Choice Pop & Country;Audio;Audio;No
Puerto Rico;COMERCIAL_PR;Basic Bars Plus;930;Music Choice Pop Latino;Audio;Audio;No
Puerto Rico;COMERCIAL_PR;Basic Bars Plus;931;Music Choice Classic Country;Audio;Audio;No
Puerto Rico;COMERCIAL_PR;Basic Bars Plus;932;Music Choice Big Band;Audio;Audio;No
Puerto Rico;COMERCIAL_PR;Basic Bars Plus;933;Music Choice Todays Country;Audio;Audio;No
Puerto Rico;COMERCIAL_PR;Basic Bars Plus;934;Music Choice Hit List;Audio;Audio;No
Puerto Rico;COMERCIAL_PR;Basic Bars Plus;935;Music Choice Hip-Hop And R&B;Audio;Audio;No
Puerto Rico;COMERCIAL_PR;Basic Bars Plus;936;Music Choice Teen Beats;Audio;Audio;No
Puerto Rico;COMERCIAL_PR;Basic Bars Plus;937;Music Choice Coffee Shop Cuts;Audio;Audio;No
Puerto Rico;COMERCIAL_PR;Basic Bars Plus;938;Music Choice Honky Tonk;Audio;Audio;No
Puerto Rico;COMERCIAL_PR;Basic Bars Plus;939;Music Choice Soundscapes;Audio;Audio;No
Puerto Rico;COMERCIAL_PR;Basic Bars Plus;940;Music Choice Light Classical;Audio;Audio;No
Puerto Rico;COMERCIAL_PR;Basic Bars Plus;941;Music Choice Classic Alternative;Audio;Audio;No
Puerto Rico;COMERCIAL_PR;Basic Bars Plus;942;Music Choice Indie;Audio;Audio;No
Puerto Rico;COMERCIAL_PR;Basic Bars Plus;943;Music Choice Malt Shop Favorites;Audio;Audio;No
Puerto Rico;COMERCIAL_PR;Basic Bars Plus;944;Music Choice Smooth Jazz;Audio;Audio;No
Puerto Rico;COMERCIAL_PR;Basic Bars Plus;945;Music Choice Contemporary Instrumentals;Audio;Audio;No
Puerto Rico;COMERCIAL_PR;Basic Bars Plus;946;Music Choice Hard Rock;Audio;Audio;No
Puerto Rico;COMERCIAL_PR;Basic Bars Plus;947;Music Choice Throwback Jamz;Audio;Audio;No
Puerto Rico;COMERCIAL_PR;Basic Bars Plus;948;Music Choice Classic Rock;Audio;Audio;No
Puerto Rico;COMERCIAL_PR;Basic Bars Plus;949;Music Choice Movie Scores;Audio;Audio;No
Puerto Rico;COMERCIAL_PR;Basic Bars Plus;950;Music Choice Max;Audio;Audio;No
Puerto Rico;COMERCIAL_PR;Basic Bars Plus;951;Music Choice Mainstream Rap;Audio;Audio;No
Puerto Rico;COMERCIAL_PR;Basic Bars Plus;952;Music Choice Americana;Audio;Audio;No
Puerto Rico;COMERCIAL_PR;Basic Bars Plus;953;Music Choice Symphony;Audio;Audio;No
Puerto Rico;COMERCIAL_PR;Basic Bars Plus;954;Music Choice Dance/EDM;Audio;Audio;No
Puerto Rico;COMERCIAL_PR;Basic Bars Plus;955;Music Choice Folk;Audio;Audio;No
Puerto Rico;COMERCIAL_PR;Basic Bars Plus;956;Music Choice Classic Dance;Audio;Audio;No
Puerto Rico;COMERCIAL_PR;Basic Bars Plus;957;Music Choice Gospel Hallelujah;Audio;Audio;No
Puerto Rico;COMERCIAL_PR;Basic Bars Plus;958;Music Choice Tropicales;Audio;Audio;No
Puerto Rico;COMERCIAL_PR;Basic Bars Plus;959;Music Choice Metal;Audio;Audio;No
Puerto Rico;COMERCIAL_PR;Basic Bars Plus;960;Music Choice Toddler Tunes;Audio;Audio;No
Puerto Rico;COMERCIAL_PR;Basic Bars Plus;961;Music Choice Y2k;Audio;Audio;No
Puerto Rico;COMERCIAL_PR;Basic Bars Plus;962;Music Choice Bluegrass;Audio;Audio;No
Puerto Rico;COMERCIAL_PR;Basic Bars Plus;963;Music Choice Vietnamese;Audio;Audio;No
Puerto Rico;COMERCIAL_PR;Basic Bars Plus;964;Music Choice Gospel;Audio;Audio;No
Puerto Rico;COMERCIAL_PR;Basic Bars Plus;965;Music Choice 60s Movement;Audio;Audio;No
Puerto Rico;COMERCIAL_PR;Basic Bars Plus;966;Music Choice Filipino;Audio;Audio;No
Puerto Rico;COMERCIAL_PR;Basic Bars Plus;967;Music Choice Sounds of the Season;Audio;Audio;No
Puerto Rico;COMERCIAL_PR;Basic Office;162;Telemundo;HD;Nacional;Si
Puerto Rico;COMERCIAL_PR;Basic Office;164;WAPA TV;HD;Nacional;Si
Puerto Rico;COMERCIAL_PR;Basic Office;166;WIPR;SD;Nacional;Si
Puerto Rico;COMERCIAL_PR;Basic Office;167;Teleislas;SD;Nacional;Si
Puerto Rico;COMERCIAL_PR;Basic Office;168;TeleOnce HD;HD;Nacional;Si
Puerto Rico;COMERCIAL_PR;Basic Office;169;Daystar Español;SD;Nacional;Si
Puerto Rico;COMERCIAL_PR;Basic Office;170;Fox News;HD;Nacional;Si
Puerto Rico;COMERCIAL_PR;Basic Office;172;ABC5;HD;Nacional;Si
Puerto Rico;COMERCIAL_PR;Basic Office;174;CBS;HD;Nacional;Si
Puerto Rico;COMERCIAL_PR;Basic Office;176;NBC PR;HD;Nacional;Si
Puerto Rico;COMERCIAL_PR;Basic Office;179;Punto 2;HD;Nacional;Si
Puerto Rico;COMERCIAL_PR;Basic Office;181;TV Dominicana;SD;Nacional;Si
Puerto Rico;COMERCIAL_PR;Basic Office;182;TV Chile;SD;Nacional;Si
Puerto Rico;COMERCIAL_PR;Basic Office;183;TeleOro;SD;Nacional;Si
Puerto Rico;COMERCIAL_PR;Basic Office;185;Telecinco;SD;Local;Si
Puerto Rico;COMERCIAL_PR;Basic Office;186;UniMás;SD;Local;Si
Puerto Rico;COMERCIAL_PR;Basic Office;188;QVC;SD;Variedades;Si
Puerto Rico;COMERCIAL_PR;Basic Office;189;QVC 2;SD;Variedades;Si
Puerto Rico;COMERCIAL_PR;Basic Office;190;Home Shopping Network (HSN);SD;Variedades;Si
Puerto Rico;COMERCIAL_PR;Basic Office;191;Home Shopping Network (HSN) 2;SD;Variedades;Si
Puerto Rico;COMERCIAL_PR;Basic Office;220;Bravo;HD;Variedades;No
Puerto Rico;COMERCIAL_PR;Basic Office;221;¡Hola! TV;SD;Variedades;No
Puerto Rico;COMERCIAL_PR;Basic Office;222;E! Entertainment HD;HD;Variedades;No
Puerto Rico;COMERCIAL_PR;Basic Office;225;Pasiones;SD;Variedades;Si
Puerto Rico;COMERCIAL_PR;Basic Office;226;QVC;SD;Variedades;Si
Puerto Rico;COMERCIAL_PR;Basic Office;227;Home Shopping Network (HSN);SD;Variedades;Si
Puerto Rico;COMERCIAL_PR;Basic Office;228;Food Network;HD;Variedades;No
Puerto Rico;COMERCIAL_PR;Basic Office;229;Blossom;SD;Variedades;Si
Puerto Rico;COMERCIAL_PR;Basic Office;230;BET;SD;Variedades;Si
Puerto Rico;COMERCIAL_PR;Basic Office;242;FX HD;HD;Variedades;No
Puerto Rico;COMERCIAL_PR;Basic Office;244;TNT;HD;Variedades;No
Puerto Rico;COMERCIAL_PR;Basic Office;246;USA Network;HD;Variedades;No
Puerto Rico;COMERCIAL_PR;Basic Office;248;TBS;HD;Variedades;No
Puerto Rico;COMERCIAL_PR;Basic Office;249;TLnovelas;SD;Variedades;Si
Puerto Rico;COMERCIAL_PR;Basic Office;250;HGTV;HD;Variedades;No
Puerto Rico;COMERCIAL_PR;Basic Office;252;Freeform;HD;Variedades;No
Puerto Rico;COMERCIAL_PR;Basic Office;254;Paramount Network;HD;Variedades;No
Puerto Rico;COMERCIAL_PR;Basic Office;256;A&E;HD;Variedades;No
Puerto Rico;COMERCIAL_PR;Basic Office;260;MTV;HD;Variedades;No
Puerto Rico;COMERCIAL_PR;Basic Office;261;MTV 2;HD;Variedades;No
Puerto Rico;COMERCIAL_PR;Basic Office;262;VH1;HD;Variedades;No
Puerto Rico;COMERCIAL_PR;Basic Office;263;Comedy Central;HD;Variedades;No
Puerto Rico;COMERCIAL_PR;Basic Office;264;VICE;SD;Variedades;Si
Puerto Rico;COMERCIAL_PR;Basic Office;267;Cooking Channel;HD;Variedades;No
Puerto Rico;COMERCIAL_PR;Basic Office;268;So Yummy;SD;Variedades;Si
Puerto Rico;COMERCIAL_PR;Basic Office;320;Cartoon Network;HD;Infantil;No
Puerto Rico;COMERCIAL_PR;Basic Office;322;Nickelodeon;HD;Infantil;No
Puerto Rico;COMERCIAL_PR;Basic Office;324;Disney Channel;HD;Infantil;No
Puerto Rico;COMERCIAL_PR;Basic Office;326;Disney XD;HD;Infantil;No
Puerto Rico;COMERCIAL_PR;Basic Office;330;Discovery Kids LA;SD;Infantil;Si
Puerto Rico;COMERCIAL_PR;Basic Office;332;LooLoo Kids;SD;Infantil;No
Puerto Rico;COMERCIAL_PR;Basic Office;336;Boomerang;SD;Infantil;No
Puerto Rico;COMERCIAL_PR;Basic Office;337;Nick Jr.;HD;Infantil;No
Puerto Rico;COMERCIAL_PR;Basic Office;338;Vme;SD;Infantil;Si
Puerto Rico;COMERCIAL_PR;Basic Office;339;Baby First TV;SD;Infantil;Si
Puerto Rico;COMERCIAL_PR;Basic Office;350;EWTN;SD;Religioso;Si
Puerto Rico;COMERCIAL_PR;Basic Office;352;Enlace;SD;Religioso;Si
Puerto Rico;COMERCIAL_PR;Basic Office;354;Christian Television Network (CTN);SD;Religioso;Si
Puerto Rico;COMERCIAL_PR;Basic Office;462;Playboy TV;SD;Adultos;No
Puerto Rico;COMERCIAL_PR;Basic Office;465;Brazzers TV;SD;Adultos;No
Puerto Rico;COMERCIAL_PR;Basic Office;468;Hustler;SD;Adultos;No
Puerto Rico;COMERCIAL_PR;Basic Office;511;AMC;HD;Cine;No
Puerto Rico;COMERCIAL_PR;Basic Office;514;Cine Latino;SD;Cine;No
Puerto Rico;COMERCIAL_PR;Basic Office;516;De Película;SD;Cine;Si
Puerto Rico;COMERCIAL_PR;Basic Office;517;Lifetime;HD;Cine;No
Puerto Rico;COMERCIAL_PR;Basic Office;518;Lifetime Moivie Network;HD;Cine;No
Puerto Rico;COMERCIAL_PR;Basic Office;520;Hallmark Channel;HD;Cine;No
Puerto Rico;COMERCIAL_PR;Basic Office;521;Hallmark Family;HD;Cine;No
Puerto Rico;COMERCIAL_PR;Basic Office;522;Hallmark Mistery;SD;Cine;No
Puerto Rico;COMERCIAL_PR;Basic Office;550;MGM Mas;HD;Cine;No
Puerto Rico;COMERCIAL_PR;Basic Office;551;MGM Mas Hits;HD;Cine;No
Puerto Rico;COMERCIAL_PR;Basic Office;552;MGM Mas Marquee;HD;Cine;No
Puerto Rico;COMERCIAL_PR;Basic Office;564;HBO;HD;Cine;No
Puerto Rico;COMERCIAL_PR;Basic Office;565;HBO Hits;HD;Cine;No
Puerto Rico;COMERCIAL_PR;Basic Office;566;HBO Movie;HD;Cine;No
Puerto Rico;COMERCIAL_PR;Basic Office;567;HBO Drama;HD;Cine;No
Puerto Rico;COMERCIAL_PR;Basic Office;569;HBO Comedy;HD;Cine;No
Puerto Rico;COMERCIAL_PR;Basic Office;570;HBO Latino;HD;Cine;No
Puerto Rico;COMERCIAL_PR;Basic Office;571;Cinemax;HD;Cine;No
Puerto Rico;COMERCIAL_PR;Basic Office;572;Cinemax Hits;HD;Cine;No
Puerto Rico;COMERCIAL_PR;Basic Office;574;Cinemax Action;HD;Cine;No
Puerto Rico;COMERCIAL_PR;Basic Office;577;Paramount+ with Showtime;HD;Cine;No
Puerto Rico;COMERCIAL_PR;Basic Office;578;Showtime 2;HD;Cine;No
Puerto Rico;COMERCIAL_PR;Basic Office;579;Showtime Beyond;HD;Cine;No
Puerto Rico;COMERCIAL_PR;Basic Office;580;Showcase;HD;Cine;No
Puerto Rico;COMERCIAL_PR;Basic Office;581;Showtime Extreme;HD;Cine;No
Puerto Rico;COMERCIAL_PR;Basic Office;582;The Movie Channel;SD;Cine;No
Puerto Rico;COMERCIAL_PR;Basic Office;585;Starz;HD;Cine;No
Puerto Rico;COMERCIAL_PR;Basic Office;586;Starz Kids & Family;HD;Cine;No
Puerto Rico;COMERCIAL_PR;Basic Office;587;Starz Cinema;HD;Cine;No
Puerto Rico;COMERCIAL_PR;Basic Office;588;Encore Action;SD;Cine;No
Puerto Rico;COMERCIAL_PR;Basic Office;589;Encore;HD;Cine;No
Puerto Rico;COMERCIAL_PR;Basic Office;590;Encore Family;SD;Cine;No
Puerto Rico;COMERCIAL_PR;Basic Office;601;NBA League Pass;HD;Deportes;No
Puerto Rico;COMERCIAL_PR;Basic Office;619;NBA League Pass;HD;Deportes;No
Puerto Rico;COMERCIAL_PR;Basic Office;620;NFL Sunday Ticket;HD;Deportes;No
Puerto Rico;COMERCIAL_PR;Basic Office;639;NFL Sunday Ticket;HD;Deportes;No
Puerto Rico;COMERCIAL_PR;Basic Office;640;Thursday Night Football;HD;Deportes;No
Puerto Rico;COMERCIAL_PR;Basic Office;645;ESPN;HD;Deportes;No
Puerto Rico;COMERCIAL_PR;Basic Office;646;ESPN News;HD;Deportes;No
Puerto Rico;COMERCIAL_PR;Basic Office;648;ESPN 2;HD;Deportes;No
Puerto Rico;COMERCIAL_PR;Basic Office;649;ESPN Deportes;HD;Deportes;Si
Puerto Rico;COMERCIAL_PR;Basic Office;651;Fox Deportes;SD;Deportes;No
Puerto Rico;COMERCIAL_PR;Basic Office;652;The Tennis Channel;HD;Deportes;No
Puerto Rico;COMERCIAL_PR;Basic Office;653;NBA TV;HD;Deportes;No
Puerto Rico;COMERCIAL_PR;Basic Office;654;The Golf Channel;HD;Deportes;No
Puerto Rico;COMERCIAL_PR;Basic Office;655;Fox Sports;HD;Deportes;No
Puerto Rico;COMERCIAL_PR;Basic Office;656;MLB Network;HD;Deportes;No
Puerto Rico;COMERCIAL_PR;Basic Office;657;WAPA Deportes;HD;Deportes;Si
Puerto Rico;COMERCIAL_PR;Basic Office;659;Racer Network;HD;Deportes;No
Puerto Rico;COMERCIAL_PR;Basic Office;702;CNN;HD;Mundo;No
Puerto Rico;COMERCIAL_PR;Basic Office;704;CNN en Español;SD;Mundo;Si
Puerto Rico;COMERCIAL_PR;Basic Office;708;Headline News;HD;Mundo;No
Puerto Rico;COMERCIAL_PR;Basic Office;710;Bloomberg;HD;Mundo;No
Puerto Rico;COMERCIAL_PR;Basic Office;712;AccuWeather;HD;Mundo;Si
Puerto Rico;COMERCIAL_PR;Basic Office;714;Estrella TV;SD;Mundo;No
Puerto Rico;COMERCIAL_PR;Basic Office;720;CSPAN2;SD;Mundo;No
Puerto Rico;COMERCIAL_PR;Basic Office;730;Nat Geo Mundo;SD;Mundo;Si
Puerto Rico;COMERCIAL_PR;Basic Office;732;Discovery em Español;SD;Mundo;Si
Puerto Rico;COMERCIAL_PR;Basic Office;734;Animal Planet LA;SD;Mundo;No
Puerto Rico;COMERCIAL_PR;Basic Office;735;Animal Planet US;HD;Mundo;Si
Puerto Rico;COMERCIAL_PR;Basic Office;742;History Andes;SD;Mundo;Si
Puerto Rico;COMERCIAL_PR;Basic Office;744;FYI;HD;Mundo;No
Puerto Rico;COMERCIAL_PR;Basic Office;745;SyFy;HD;Mundo;No
Puerto Rico;COMERCIAL_PR;Basic Office;746;Discovery Turbo;HD;Mundo;No
Puerto Rico;COMERCIAL_PR;Basic Office;752;Discovery US;HD;Mundo;No
Puerto Rico;COMERCIAL_PR;Basic Office;754;The Learning Channel;HD;Mundo;No
Puerto Rico;COMERCIAL_PR;Basic Office;756;History Channel;HD;Mundo;No
Puerto Rico;COMERCIAL_PR;Basic Office;760;TVE;SD;Variedades;Si
Puerto Rico;COMERCIAL_PR;Basic Office;762;Antena 3;SD;Mundo;No
Puerto Rico;COMERCIAL_PR;Basic Office;764;HITN;SD;Variedades;Si
Puerto Rico;COMERCIAL_PR;Basic Office;768;BBC América;HD;Mundo;No
Puerto Rico;COMERCIAL_PR;Basic Office;901;Music Choice Rock Hits;Audio;Audio;No
Puerto Rico;COMERCIAL_PR;Basic Office;902;Music Choice 80s Rock;Audio;Audio;No
Puerto Rico;COMERCIAL_PR;Basic Office;903;Music Choice Jazz Vocal Hits;Audio;Audio;No
Puerto Rico;COMERCIAL_PR;Basic Office;904;Music Choice Country Hits;Audio;Audio;No
Puerto Rico;COMERCIAL_PR;Basic Office;905;Music Choice New Age;Audio;Audio;No
Puerto Rico;COMERCIAL_PR;Basic Office;906;Music Choice Funk;Audio;Audio;No
Puerto Rico;COMERCIAL_PR;Basic Office;907;Music Choice 90s;Audio;Audio;No
Puerto Rico;COMERCIAL_PR;Basic Office;908;Music Choice Blues;Audio;Audio;No
Puerto Rico;COMERCIAL_PR;Basic Office;909;Music Choice Love Songs;Audio;Audio;No
Puerto Rico;COMERCIAL_PR;Basic Office;910;Music Choice Musica Urbana;Audio;Audio;No
Puerto Rico;COMERCIAL_PR;Basic Office;911;Music Choice R&B Classics;Audio;Audio;No
Puerto Rico;COMERCIAL_PR;Basic Office;912;Music Choice Latin Jazz;Audio;Audio;No
Puerto Rico;COMERCIAL_PR;Basic Office;913;Music Choice Soft Rock;Audio;Audio;No
Puerto Rico;COMERCIAL_PR;Basic Office;914;Music Choice Rap;Audio;Audio;No
Puerto Rico;COMERCIAL_PR;Basic Office;915;Music Choice All Xmas;Audio;Audio;No
Puerto Rico;COMERCIAL_PR;Basic Office;916;Music Choice Workout;Audio;Audio;No
Puerto Rico;COMERCIAL_PR;Basic Office;917;Music Choice Broadway;Audio;Audio;No
Puerto Rico;COMERCIAL_PR;Basic Office;918;Music Choice Adult Alternative;Audio;Audio;No
Puerto Rico;COMERCIAL_PR;Basic Office;919;Music Choice Pop Hits;Audio;Audio;No
Puerto Rico;COMERCIAL_PR;Basic Office;920;Music Choice New Wave;Audio;Audio;No
Puerto Rico;COMERCIAL_PR;Basic Office;921;Music Choice 70s;Audio;Audio;No
Puerto Rico;COMERCIAL_PR;Basic Office;922;Music Choice Kidz Only!;Audio;Audio;No
Puerto Rico;COMERCIAL_PR;Basic Office;923;Music Choice 80s;Audio;Audio;No
Puerto Rico;COMERCIAL_PR;Basic Office;924;Music Choice Rock Latino;Audio;Audio;No
Puerto Rico;COMERCIAL_PR;Basic Office;925;Music Choice Retro Workout;Audio;Audio;No
Puerto Rico;COMERCIAL_PR;Basic Office;926;Music Choice Contemporary Christian;Audio;Audio;No
Puerto Rico;COMERCIAL_PR;Basic Office;927;Music Choice Reggae;Audio;Audio;No
Puerto Rico;COMERCIAL_PR;Basic Office;928;Music Choice Alternative;Audio;Audio;No
Puerto Rico;COMERCIAL_PR;Basic Office;929;Music Choice Pop & Country;Audio;Audio;No
Puerto Rico;COMERCIAL_PR;Basic Office;930;Music Choice Pop Latino;Audio;Audio;No
Puerto Rico;COMERCIAL_PR;Basic Office;931;Music Choice Classic Country;Audio;Audio;No
Puerto Rico;COMERCIAL_PR;Basic Office;932;Music Choice Big Band;Audio;Audio;No
Puerto Rico;COMERCIAL_PR;Basic Office;933;Music Choice Todays Country;Audio;Audio;No
Puerto Rico;COMERCIAL_PR;Basic Office;934;Music Choice Hit List;Audio;Audio;No
Puerto Rico;COMERCIAL_PR;Basic Office;935;Music Choice Hip-Hop And R&B;Audio;Audio;No
Puerto Rico;COMERCIAL_PR;Basic Office;936;Music Choice Teen Beats;Audio;Audio;No
Puerto Rico;COMERCIAL_PR;Basic Office;937;Music Choice Coffee Shop Cuts;Audio;Audio;No
Puerto Rico;COMERCIAL_PR;Basic Office;938;Music Choice Honky Tonk;Audio;Audio;No
Puerto Rico;COMERCIAL_PR;Basic Office;939;Music Choice Soundscapes;Audio;Audio;No
Puerto Rico;COMERCIAL_PR;Basic Office;940;Music Choice Light Classical;Audio;Audio;No
Puerto Rico;COMERCIAL_PR;Basic Office;941;Music Choice Classic Alternative;Audio;Audio;No
Puerto Rico;COMERCIAL_PR;Basic Office;942;Music Choice Indie;Audio;Audio;No
Puerto Rico;COMERCIAL_PR;Basic Office;943;Music Choice Malt Shop Favorites;Audio;Audio;No
Puerto Rico;COMERCIAL_PR;Basic Office;944;Music Choice Smooth Jazz;Audio;Audio;No
Puerto Rico;COMERCIAL_PR;Basic Office;945;Music Choice Contemporary Instrumentals;Audio;Audio;No
Puerto Rico;COMERCIAL_PR;Basic Office;946;Music Choice Hard Rock;Audio;Audio;No
Puerto Rico;COMERCIAL_PR;Basic Office;947;Music Choice Throwback Jamz;Audio;Audio;No
Puerto Rico;COMERCIAL_PR;Basic Office;948;Music Choice Classic Rock;Audio;Audio;No
Puerto Rico;COMERCIAL_PR;Basic Office;949;Music Choice Movie Scores;Audio;Audio;No
Puerto Rico;COMERCIAL_PR;Basic Office;950;Music Choice Max;Audio;Audio;No
Puerto Rico;COMERCIAL_PR;Basic Office;951;Music Choice Mainstream Rap;Audio;Audio;No
Puerto Rico;COMERCIAL_PR;Basic Office;952;Music Choice Americana;Audio;Audio;No
Puerto Rico;COMERCIAL_PR;Basic Office;953;Music Choice Symphony;Audio;Audio;No
Puerto Rico;COMERCIAL_PR;Basic Office;954;Music Choice Dance/EDM;Audio;Audio;No
Puerto Rico;COMERCIAL_PR;Basic Office;955;Music Choice Folk;Audio;Audio;No
Puerto Rico;COMERCIAL_PR;Basic Office;956;Music Choice Classic Dance;Audio;Audio;No
Puerto Rico;COMERCIAL_PR;Basic Office;957;Music Choice Gospel Hallelujah;Audio;Audio;No
Puerto Rico;COMERCIAL_PR;Basic Office;958;Music Choice Tropicales;Audio;Audio;No
Puerto Rico;COMERCIAL_PR;Basic Office;959;Music Choice Metal;Audio;Audio;No
Puerto Rico;COMERCIAL_PR;Basic Office;960;Music Choice Toddler Tunes;Audio;Audio;No
Puerto Rico;COMERCIAL_PR;Basic Office;961;Music Choice Y2k;Audio;Audio;No
Puerto Rico;COMERCIAL_PR;Basic Office;962;Music Choice Bluegrass;Audio;Audio;No
Puerto Rico;COMERCIAL_PR;Basic Office;963;Music Choice Vietnamese;Audio;Audio;No
Puerto Rico;COMERCIAL_PR;Basic Office;964;Music Choice Gospel;Audio;Audio;No
Puerto Rico;COMERCIAL_PR;Basic Office;965;Music Choice 60s Movement;Audio;Audio;No
Puerto Rico;COMERCIAL_PR;Basic Office;966;Music Choice Filipino;Audio;Audio;No
Puerto Rico;COMERCIAL_PR;Basic Office;967;Music Choice Sounds of the Season;Audio;Audio;No
Puerto Rico;COMERCIAL_PR;Basic Bars Plus;162;Telemundo;HD;Nacional;Si
Puerto Rico;COMERCIAL_PR;Basic Bars Plus;164;WAPA TV;HD;Nacional;Si
Puerto Rico;COMERCIAL_PR;Basic Bars Plus;166;WIPR;SD;Nacional;Si
Puerto Rico;COMERCIAL_PR;Basic Bars Plus;167;Teleislas;SD;Nacional;Si
Puerto Rico;COMERCIAL_PR;Basic Bars Plus;168;TeleOnce HD;HD;Nacional;Si
Puerto Rico;COMERCIAL_PR;Basic Bars Plus;169;Daystar Español;SD;Nacional;Si
Puerto Rico;COMERCIAL_PR;Basic Bars Plus;170;Fox News;HD;Nacional;Si
Puerto Rico;COMERCIAL_PR;Basic Bars Plus;172;ABC5;HD;Nacional;Si
Puerto Rico;COMERCIAL_PR;Basic Bars Plus;174;CBS;HD;Nacional;Si
Puerto Rico;COMERCIAL_PR;Basic Bars Plus;176;NBC PR;HD;Nacional;Si
Puerto Rico;COMERCIAL_PR;Basic Bars Plus;179;Punto 2;HD;Nacional;Si
Puerto Rico;COMERCIAL_PR;Basic Bars Plus;181;TV Dominicana;SD;Nacional;Si
Puerto Rico;COMERCIAL_PR;Basic Bars Plus;182;TV Chile;SD;Nacional;No
Puerto Rico;COMERCIAL_PR;Basic Bars Plus;183;TeleOro;SD;Nacional;Si
Puerto Rico;COMERCIAL_PR;Basic Bars Plus;185;Telecinco;SD;Local;Si
Puerto Rico;COMERCIAL_PR;Basic Bars Plus;186;UniMás;SD;Local;Si
Puerto Rico;COMERCIAL_PR;Basic Bars Plus;188;QVC;SD;Variedades;Si
Puerto Rico;COMERCIAL_PR;Basic Bars Plus;189;QVC 2;SD;Variedades;Si
Puerto Rico;COMERCIAL_PR;Basic Bars Plus;190;Home Shopping Network (HSN);SD;Variedades;Si
Puerto Rico;COMERCIAL_PR;Basic Bars Plus;191;Home Shopping Network (HSN) 2;SD;Variedades;Si
Puerto Rico;COMERCIAL_PR;Basic Bars Plus;220;Bravo;HD;Variedades;No
Puerto Rico;COMERCIAL_PR;Basic Bars Plus;221;¡Hola! TV;SD;Variedades;No
Puerto Rico;COMERCIAL_PR;Basic Bars Plus;222;E! Entertainment HD;HD;Variedades;No
Puerto Rico;COMERCIAL_PR;Basic Bars Plus;225;Pasiones;SD;Variedades;No
Puerto Rico;COMERCIAL_PR;Basic Bars Plus;226;QVC;SD;Variedades;Si
Puerto Rico;COMERCIAL_PR;Basic Bars Plus;227;Home Shopping Network (HSN);SD;Variedades;Si
Puerto Rico;COMERCIAL_PR;Basic Bars Plus;228;Food Network;HD;Variedades;Si
Puerto Rico;COMERCIAL_PR;Basic Bars Plus;229;Blossom;SD;Variedades;Si
Puerto Rico;COMERCIAL_PR;Basic Bars Plus;230;BET;SD;Variedades;Si
Puerto Rico;COMERCIAL_PR;Basic Bars Plus;242;FX HD;HD;Variedades;No
Puerto Rico;COMERCIAL_PR;Basic Bars Plus;244;TNT;HD;Variedades;Si
Puerto Rico;COMERCIAL_PR;Basic Bars Plus;246;USA Network;HD;Variedades;No
Puerto Rico;COMERCIAL_PR;Basic Bars Plus;248;TBS;HD;Variedades;Si
Puerto Rico;COMERCIAL_PR;Basic Bars Plus;249;TLnovelas;SD;Variedades;Si
Puerto Rico;COMERCIAL_PR;Basic Bars Plus;250;HGTV;HD;Variedades;No
Puerto Rico;COMERCIAL_PR;Basic Bars Plus;252;Freeform;HD;Variedades;No
Puerto Rico;COMERCIAL_PR;Basic Bars Plus;254;Paramount Network;HD;Variedades;Si
Puerto Rico;COMERCIAL_PR;Basic Bars Plus;256;A&E;HD;Variedades;No
Puerto Rico;COMERCIAL_PR;Basic Bars Plus;260;MTV;HD;Variedades;Si
Puerto Rico;COMERCIAL_PR;Basic Bars Plus;261;MTV 2;HD;Variedades;Si
Puerto Rico;COMERCIAL_PR;Basic Bars Plus;262;VH1;HD;Variedades;Si
Puerto Rico;COMERCIAL_PR;Basic Bars Plus;263;Comedy Central;HD;Variedades;No
Puerto Rico;COMERCIAL_PR;Basic Bars Plus;264;VICE;SD;Variedades;Si
Puerto Rico;COMERCIAL_PR;Basic Bars Plus;267;Cooking Channel;HD;Variedades;No
Puerto Rico;COMERCIAL_PR;Basic Bars Plus;268;So Yummy;SD;Variedades;Si
Puerto Rico;COMERCIAL_PR;Basic Bars Plus;320;Cartoon Network;HD;Infantil;Si
Puerto Rico;COMERCIAL_PR;Basic Bars Plus;322;Nickelodeon;HD;Infantil;Si
Puerto Rico;COMERCIAL_PR;Basic Bars Plus;324;Disney Channel;HD;Infantil;No
Puerto Rico;COMERCIAL_PR;Basic Bars Plus;326;Disney XD;HD;Infantil;No
Puerto Rico;COMERCIAL_PR;Basic Bars Plus;330;Discovery Kids LA;SD;Infantil;Si
Puerto Rico;COMERCIAL_PR;Basic Bars Plus;332;LooLoo Kids;SD;Infantil;No
Puerto Rico;COMERCIAL_PR;Basic Bars Plus;336;Boomerang;SD;Infantil;Si
Puerto Rico;COMERCIAL_PR;Basic Bars Plus;337;Nick Jr.;HD;Infantil;No
Puerto Rico;COMERCIAL_PR;Basic Bars Plus;338;Vme;SD;Infantil;Si
Puerto Rico;COMERCIAL_PR;Basic Bars Plus;339;Baby First TV;SD;Infantil;Si
Puerto Rico;COMERCIAL_PR;Basic Bars Plus;350;EWTN;SD;Religioso;Si
Puerto Rico;COMERCIAL_PR;Basic Bars Plus;352;Enlace;SD;Religioso;Si
Puerto Rico;COMERCIAL_PR;Basic Bars Plus;354;Christian Television Network (CTN);SD;Religioso;Si
Puerto Rico;COMERCIAL_PR;Basic Bars Plus;462;Playboy TV;SD;Adultos;No
Puerto Rico;COMERCIAL_PR;Basic Bars Plus;465;Brazzers TV;SD;Adultos;No
Puerto Rico;COMERCIAL_PR;Basic Bars Plus;468;Hustler;SD;Adultos;No
Puerto Rico;COMERCIAL_PR;Basic Bars Plus;511;AMC;HD;Cine;No
Puerto Rico;COMERCIAL_PR;Basic Bars Plus;514;Cine Latino;SD;Cine;No
Puerto Rico;COMERCIAL_PR;Basic Bars Plus;516;De Película;SD;Cine;Si
Puerto Rico;COMERCIAL_PR;Basic Bars Plus;517;Lifetime;HD;Cine;No
Puerto Rico;COMERCIAL_PR;Basic Bars Plus;518;Lifetime Moivie Network;HD;Cine;No
Puerto Rico;COMERCIAL_PR;Basic Bars Plus;520;Hallmark Channel;HD;Cine;Si
Puerto Rico;COMERCIAL_PR;Basic Bars Plus;521;Hallmark Family;HD;Cine;Si
Puerto Rico;COMERCIAL_PR;Basic Bars Plus;522;Hallmark Mistery;SD;Cine;Si
Puerto Rico;COMERCIAL_PR;Basic Bars Plus;550;MGM Mas;HD;Cine;No
Puerto Rico;COMERCIAL_PR;Basic Bars Plus;551;MGM Mas Hits;HD;Cine;No
Puerto Rico;COMERCIAL_PR;Basic Bars Plus;552;MGM Mas Marquee;HD;Cine;No
Puerto Rico;COMERCIAL_PR;Basic Bars Plus;564;HBO;HD;Cine;No
Puerto Rico;COMERCIAL_PR;Basic Bars Plus;565;HBO Hits;HD;Cine;No
Puerto Rico;COMERCIAL_PR;Basic Bars Plus;566;HBO Movie;HD;Cine;No
Puerto Rico;COMERCIAL_PR;Basic Bars Plus;567;HBO Drama;HD;Cine;No
Puerto Rico;COMERCIAL_PR;Basic Bars Plus;569;HBO Comedy;HD;Cine;No
Puerto Rico;COMERCIAL_PR;Basic Bars Plus;570;HBO Latino;HD;Cine;No
Puerto Rico;COMERCIAL_PR;Basic Bars Plus;571;Cinemax;HD;Cine;No
Puerto Rico;COMERCIAL_PR;Basic Bars Plus;572;Cinemax Hits;HD;Cine;No
Puerto Rico;COMERCIAL_PR;Basic Bars Plus;574;Cinemax Action;HD;Cine;No
Puerto Rico;COMERCIAL_PR;Basic Bars Plus;577;Paramount+ with Showtime;HD;Cine;No
Puerto Rico;COMERCIAL_PR;Basic Bars Plus;578;Showtime 2;HD;Cine;No
Puerto Rico;COMERCIAL_PR;Basic Bars Plus;579;Showtime Beyond;HD;Cine;No
Puerto Rico;COMERCIAL_PR;Basic Bars Plus;580;Showcase;HD;Cine;No
Puerto Rico;COMERCIAL_PR;Basic Bars Plus;581;Showtime Extreme;HD;Cine;No
Puerto Rico;COMERCIAL_PR;Basic Bars Plus;582;The Movie Channel;SD;Cine;No
Puerto Rico;COMERCIAL_PR;Basic Bars Plus;585;Starz;HD;Cine;No
Puerto Rico;COMERCIAL_PR;Basic Bars Plus;586;Starz Kids & Family;HD;Cine;No
Puerto Rico;COMERCIAL_PR;Basic Bars Plus;587;Starz Cinema;HD;Cine;No
Puerto Rico;COMERCIAL_PR;Basic Bars Plus;588;Encore Action;SD;Cine;No
Puerto Rico;COMERCIAL_PR;Basic Bars Plus;589;Encore;HD;Cine;No
Puerto Rico;COMERCIAL_PR;Basic Bars Plus;590;Encore Family;SD;Cine;No
Puerto Rico;COMERCIAL_PR;Basic Bars Plus;601;NBA League Pass;HD;Deportes;No
Puerto Rico;COMERCIAL_PR;Basic Bars Plus;619;NBA League Pass;HD;Deportes;No
Puerto Rico;COMERCIAL_PR;Basic Bars Plus;620;NFL Sunday Ticket;HD;Deportes;No
Puerto Rico;COMERCIAL_PR;Basic Bars Plus;639;NFL Sunday Ticket;HD;Deportes;No
Puerto Rico;COMERCIAL_PR;Basic Bars Plus;640;Thursday Night Football;HD;Deportes;No
Puerto Rico;COMERCIAL_PR;Basic Bars Plus;645;ESPN;HD;Deportes;No
Puerto Rico;COMERCIAL_PR;Basic Bars Plus;646;ESPN News;HD;Deportes;No
Puerto Rico;COMERCIAL_PR;Basic Bars Plus;648;ESPN 2;HD;Deportes;No
Puerto Rico;COMERCIAL_PR;Basic Bars Plus;649;ESPN Deportes;HD;Deportes;Si
Puerto Rico;COMERCIAL_PR;Basic Bars Plus;651;Fox Deportes;SD;Deportes;No
Puerto Rico;COMERCIAL_PR;Basic Bars Plus;652;The Tennis Channel;HD;Deportes;No
Puerto Rico;COMERCIAL_PR;Basic Bars Plus;653;NBA TV;HD;Deportes;No
Puerto Rico;COMERCIAL_PR;Basic Bars Plus;654;The Golf Channel;HD;Deportes;No
Puerto Rico;COMERCIAL_PR;Basic Bars Plus;655;Fox Sports;HD;Deportes;No
Puerto Rico;COMERCIAL_PR;Basic Bars Plus;656;MLB Network;HD;Deportes;No
Puerto Rico;COMERCIAL_PR;Basic Bars Plus;657;WAPA Deportes;HD;Deportes;Si
Puerto Rico;COMERCIAL_PR;Basic Bars Plus;659;Racer Network;HD;Deportes;Si
Puerto Rico;COMERCIAL_PR;Basic Bars Plus;702;CNN;HD;Mundo;Si
Puerto Rico;COMERCIAL_PR;Basic Bars Plus;704;CNN en Español;SD;Mundo;Si
Puerto Rico;COMERCIAL_PR;Basic Bars Plus;708;Headline News;HD;Mundo;Si
Puerto Rico;COMERCIAL_PR;Basic Bars Plus;710;Bloomberg;HD;Mundo;Si
Puerto Rico;COMERCIAL_PR;Basic Bars Plus;712;AccuWeather;HD;Mundo;Si
Puerto Rico;COMERCIAL_PR;Basic Bars Plus;714;Estrella TV;SD;Mundo;Si
Puerto Rico;COMERCIAL_PR;Basic Bars Plus;720;CSPAN2;SD;Mundo;No
Puerto Rico;COMERCIAL_PR;Basic Bars Plus;730;Nat Geo Mundo;SD;Mundo;Si
Puerto Rico;COMERCIAL_PR;Basic Bars Plus;732;Discovery em Español;SD;Mundo;Si
Puerto Rico;COMERCIAL_PR;Basic Bars Plus;734;Animal Planet LA;SD;Mundo;Si
Puerto Rico;COMERCIAL_PR;Basic Bars Plus;735;Animal Planet US;HD;Mundo;Si
Puerto Rico;COMERCIAL_PR;Basic Bars Plus;742;History Andes;SD;Mundo;Si
Puerto Rico;COMERCIAL_PR;Basic Bars Plus;744;FYI;HD;Mundo;Si
Puerto Rico;COMERCIAL_PR;Basic Bars Plus;745;SyFy;HD;Mundo;No
Puerto Rico;COMERCIAL_PR;Basic Bars Plus;746;Discovery Turbo;HD;Mundo;No
Puerto Rico;COMERCIAL_PR;Basic Bars Plus;752;Discovery US;HD;Mundo;No
Puerto Rico;COMERCIAL_PR;Basic Bars Plus;754;The Learning Channel;HD;Mundo;Si
Puerto Rico;COMERCIAL_PR;Basic Bars Plus;756;History Channel;HD;Mundo;Si
Puerto Rico;COMERCIAL_PR;Basic Bars Plus;760;TVE;SD;Variedades;Si
Puerto Rico;COMERCIAL_PR;Basic Bars Plus;762;Antena 3;SD;Mundo;No
Puerto Rico;COMERCIAL_PR;Basic Bars Plus;764;HITN;SD;Variedades;Si
Puerto Rico;COMERCIAL_PR;Basic Bars Plus;768;BBC América;HD;Mundo;No
Puerto Rico;COMERCIAL_PR;Basic Bars Plus;901;Music Choice Rock Hits;Audio;Audio;No
Puerto Rico;COMERCIAL_PR;Basic Bars Plus;902;Music Choice 80s Rock;Audio;Audio;No
Puerto Rico;COMERCIAL_PR;Basic Bars Plus;903;Music Choice Jazz Vocal Hits;Audio;Audio;No
Puerto Rico;COMERCIAL_PR;Basic Bars Plus;904;Music Choice Country Hits;Audio;Audio;No
Puerto Rico;COMERCIAL_PR;Basic Bars Plus;905;Music Choice New Age;Audio;Audio;No
Puerto Rico;COMERCIAL_PR;Basic Bars Plus;906;Music Choice Funk;Audio;Audio;No
Puerto Rico;COMERCIAL_PR;Basic Bars Plus;907;Music Choice 90s;Audio;Audio;No
Puerto Rico;COMERCIAL_PR;Basic Bars Plus;908;Music Choice Blues;Audio;Audio;No
Puerto Rico;COMERCIAL_PR;Basic Bars Plus;909;Music Choice Love Songs;Audio;Audio;No
Puerto Rico;COMERCIAL_PR;Basic Bars Plus;910;Music Choice Musica Urbana;Audio;Audio;No
Puerto Rico;COMERCIAL_PR;Basic Bars Plus;911;Music Choice R&B Classics;Audio;Audio;No
Puerto Rico;COMERCIAL_PR;Basic Bars Plus;912;Music Choice Latin Jazz;Audio;Audio;No
Puerto Rico;COMERCIAL_PR;Basic Bars Plus;913;Music Choice Soft Rock;Audio;Audio;No
Puerto Rico;COMERCIAL_PR;Basic Bars Plus;914;Music Choice Rap;Audio;Audio;No
Puerto Rico;COMERCIAL_PR;Basic Bars Plus;915;Music Choice All Xmas;Audio;Audio;No
Puerto Rico;COMERCIAL_PR;Basic Bars Plus;916;Music Choice Workout;Audio;Audio;No
Puerto Rico;COMERCIAL_PR;Basic Bars Plus;917;Music Choice Broadway;Audio;Audio;No
Puerto Rico;COMERCIAL_PR;Basic Bars Plus;918;Music Choice Adult Alternative;Audio;Audio;No
Puerto Rico;COMERCIAL_PR;Basic Bars Plus;919;Music Choice Pop Hits;Audio;Audio;No
Puerto Rico;COMERCIAL_PR;Basic Bars Plus;920;Music Choice New Wave;Audio;Audio;No
Puerto Rico;COMERCIAL_PR;Basic Bars Plus;921;Music Choice 70s;Audio;Audio;No
Puerto Rico;COMERCIAL_PR;Basic Bars Plus;922;Music Choice Kidz Only!;Audio;Audio;No
Puerto Rico;COMERCIAL_PR;Basic Bars Plus;923;Music Choice 80s;Audio;Audio;No
Puerto Rico;COMERCIAL_PR;Basic Bars Plus;924;Music Choice Rock Latino;Audio;Audio;No
Puerto Rico;COMERCIAL_PR;Basic Bars Plus;925;Music Choice Retro Workout;Audio;Audio;No
Puerto Rico;COMERCIAL_PR;Basic Bars Plus;926;Music Choice Contemporary Christian;Audio;Audio;No
Puerto Rico;COMERCIAL_PR;Basic Bars Plus;927;Music Choice Reggae;Audio;Audio;No
Puerto Rico;COMERCIAL_PR;Basic Bars Plus;928;Music Choice Alternative;Audio;Audio;No
Puerto Rico;COMERCIAL_PR;Basic Bars Plus;929;Music Choice Pop & Country;Audio;Audio;No
Puerto Rico;COMERCIAL_PR;Basic Bars Plus;930;Music Choice Pop Latino;Audio;Audio;No
Puerto Rico;COMERCIAL_PR;Basic Bars Plus;931;Music Choice Classic Country;Audio;Audio;No
Puerto Rico;COMERCIAL_PR;Basic Bars Plus;932;Music Choice Big Band;Audio;Audio;No
Puerto Rico;COMERCIAL_PR;Basic Bars Plus;933;Music Choice Todays Country;Audio;Audio;No
Puerto Rico;COMERCIAL_PR;Basic Bars Plus;934;Music Choice Hit List;Audio;Audio;No
Puerto Rico;COMERCIAL_PR;Basic Bars Plus;935;Music Choice Hip-Hop And R&B;Audio;Audio;No
Puerto Rico;COMERCIAL_PR;Basic Bars Plus;936;Music Choice Teen Beats;Audio;Audio;No
Puerto Rico;COMERCIAL_PR;Basic Bars Plus;937;Music Choice Coffee Shop Cuts;Audio;Audio;No
Puerto Rico;COMERCIAL_PR;Basic Bars Plus;938;Music Choice Honky Tonk;Audio;Audio;No
Puerto Rico;COMERCIAL_PR;Basic Bars Plus;939;Music Choice Soundscapes;Audio;Audio;No
Puerto Rico;COMERCIAL_PR;Basic Bars Plus;940;Music Choice Light Classical;Audio;Audio;No
Puerto Rico;COMERCIAL_PR;Basic Bars Plus;941;Music Choice Classic Alternative;Audio;Audio;No
Puerto Rico;COMERCIAL_PR;Basic Bars Plus;942;Music Choice Indie;Audio;Audio;No
Puerto Rico;COMERCIAL_PR;Basic Bars Plus;943;Music Choice Malt Shop Favorites;Audio;Audio;No
Puerto Rico;COMERCIAL_PR;Basic Bars Plus;944;Music Choice Smooth Jazz;Audio;Audio;No
Puerto Rico;COMERCIAL_PR;Basic Bars Plus;945;Music Choice Contemporary Instrumentals;Audio;Audio;No
Puerto Rico;COMERCIAL_PR;Basic Bars Plus;946;Music Choice Hard Rock;Audio;Audio;No
Puerto Rico;COMERCIAL_PR;Basic Bars Plus;947;Music Choice Throwback Jamz;Audio;Audio;No
Puerto Rico;COMERCIAL_PR;Basic Bars Plus;948;Music Choice Classic Rock;Audio;Audio;No
Puerto Rico;COMERCIAL_PR;Basic Bars Plus;949;Music Choice Movie Scores;Audio;Audio;No
Puerto Rico;COMERCIAL_PR;Basic Bars Plus;950;Music Choice Max;Audio;Audio;No
Puerto Rico;COMERCIAL_PR;Basic Bars Plus;951;Music Choice Mainstream Rap;Audio;Audio;No
Puerto Rico;COMERCIAL_PR;Basic Bars Plus;952;Music Choice Americana;Audio;Audio;No
Puerto Rico;COMERCIAL_PR;Basic Bars Plus;953;Music Choice Symphony;Audio;Audio;No
Puerto Rico;COMERCIAL_PR;Basic Bars Plus;954;Music Choice Dance/EDM;Audio;Audio;No
Puerto Rico;COMERCIAL_PR;Basic Bars Plus;955;Music Choice Folk;Audio;Audio;No
Puerto Rico;COMERCIAL_PR;Basic Bars Plus;956;Music Choice Classic Dance;Audio;Audio;No
Puerto Rico;COMERCIAL_PR;Basic Bars Plus;957;Music Choice Gospel Hallelujah;Audio;Audio;No
Puerto Rico;COMERCIAL_PR;Basic Bars Plus;958;Music Choice Tropicales;Audio;Audio;No
Puerto Rico;COMERCIAL_PR;Basic Bars Plus;959;Music Choice Metal;Audio;Audio;No
Puerto Rico;COMERCIAL_PR;Basic Bars Plus;960;Music Choice Toddler Tunes;Audio;Audio;No
Puerto Rico;COMERCIAL_PR;Basic Bars Plus;961;Music Choice Y2k;Audio;Audio;No
Puerto Rico;COMERCIAL_PR;Basic Bars Plus;962;Music Choice Bluegrass;Audio;Audio;No
Puerto Rico;COMERCIAL_PR;Basic Bars Plus;963;Music Choice Vietnamese;Audio;Audio;No
Puerto Rico;COMERCIAL_PR;Basic Bars Plus;964;Music Choice Gospel;Audio;Audio;No
Puerto Rico;COMERCIAL_PR;Basic Bars Plus;965;Music Choice 60s Movement;Audio;Audio;No
Puerto Rico;COMERCIAL_PR;Basic Bars Plus;966;Music Choice Filipino;Audio;Audio;No
Puerto Rico;COMERCIAL_PR;Basic Bars Plus;967;Music Choice Sounds of the Season;Audio;Audio;No
Puerto Rico;COMERCIAL_PR;Comm Espn Pack;162;Telemundo;HD;Nacional;No
Puerto Rico;COMERCIAL_PR;Comm Espn Pack;164;WAPA TV;HD;Nacional;No
Puerto Rico;COMERCIAL_PR;Comm Espn Pack;166;WIPR;SD;Nacional;No
Puerto Rico;COMERCIAL_PR;Comm Espn Pack;167;Teleislas;SD;Nacional;No
Puerto Rico;COMERCIAL_PR;Comm Espn Pack;168;TeleOnce HD;HD;Nacional;No
Puerto Rico;COMERCIAL_PR;Comm Espn Pack;169;Daystar Español;SD;Nacional;No
Puerto Rico;COMERCIAL_PR;Comm Espn Pack;170;Fox News;HD;Nacional;No
Puerto Rico;COMERCIAL_PR;Comm Espn Pack;172;ABC5;HD;Nacional;No
Puerto Rico;COMERCIAL_PR;Comm Espn Pack;174;CBS;HD;Nacional;No
Puerto Rico;COMERCIAL_PR;Comm Espn Pack;176;NBC PR;HD;Nacional;No
Puerto Rico;COMERCIAL_PR;Comm Espn Pack;179;Punto 2;HD;Nacional;No
Puerto Rico;COMERCIAL_PR;Comm Espn Pack;181;TV Dominicana;SD;Nacional;No
Puerto Rico;COMERCIAL_PR;Comm Espn Pack;182;TV Chile;SD;Nacional;No
Puerto Rico;COMERCIAL_PR;Comm Espn Pack;183;TeleOro;SD;Nacional;No
Puerto Rico;COMERCIAL_PR;Comm Espn Pack;185;Telecinco;SD;Local;No
Puerto Rico;COMERCIAL_PR;Comm Espn Pack;186;UniMás;SD;Local;No
Puerto Rico;COMERCIAL_PR;Comm Espn Pack;188;QVC;SD;Variedades;No
Puerto Rico;COMERCIAL_PR;Comm Espn Pack;189;QVC 2;SD;Variedades;No
Puerto Rico;COMERCIAL_PR;Comm Espn Pack;190;Home Shopping Network (HSN);SD;Variedades;No
Puerto Rico;COMERCIAL_PR;Comm Espn Pack;191;Home Shopping Network (HSN) 2;SD;Variedades;No
Puerto Rico;COMERCIAL_PR;Comm Espn Pack;220;Bravo;HD;Variedades;No
Puerto Rico;COMERCIAL_PR;Comm Espn Pack;221;¡Hola! TV;SD;Variedades;No
Puerto Rico;COMERCIAL_PR;Comm Espn Pack;222;E! Entertainment HD;HD;Variedades;No
Puerto Rico;COMERCIAL_PR;Comm Espn Pack;225;Pasiones;SD;Variedades;No
Puerto Rico;COMERCIAL_PR;Comm Espn Pack;226;QVC;SD;Variedades;No
Puerto Rico;COMERCIAL_PR;Comm Espn Pack;227;Home Shopping Network (HSN);SD;Variedades;No
Puerto Rico;COMERCIAL_PR;Comm Espn Pack;228;Food Network;HD;Variedades;No
Puerto Rico;COMERCIAL_PR;Comm Espn Pack;229;Blossom;SD;Variedades;Si
Puerto Rico;COMERCIAL_PR;Comm Espn Pack;230;BET;SD;Variedades;No
Puerto Rico;COMERCIAL_PR;Comm Espn Pack;242;FX HD;HD;Variedades;No
Puerto Rico;COMERCIAL_PR;Comm Espn Pack;244;TNT;HD;Variedades;No
Puerto Rico;COMERCIAL_PR;Comm Espn Pack;246;USA Network;HD;Variedades;No
Puerto Rico;COMERCIAL_PR;Comm Espn Pack;248;TBS;HD;Variedades;No
Puerto Rico;COMERCIAL_PR;Comm Espn Pack;249;TLnovelas;SD;Variedades;No
Puerto Rico;COMERCIAL_PR;Comm Espn Pack;250;HGTV;HD;Variedades;No
Puerto Rico;COMERCIAL_PR;Comm Espn Pack;252;Freeform;HD;Variedades;No
Puerto Rico;COMERCIAL_PR;Comm Espn Pack;254;Paramount Network;HD;Variedades;No
Puerto Rico;COMERCIAL_PR;Comm Espn Pack;256;A&E;HD;Variedades;No
Puerto Rico;COMERCIAL_PR;Comm Espn Pack;260;MTV;HD;Variedades;No
Puerto Rico;COMERCIAL_PR;Comm Espn Pack;261;MTV 2;HD;Variedades;No
Puerto Rico;COMERCIAL_PR;Comm Espn Pack;262;VH1;HD;Variedades;No
Puerto Rico;COMERCIAL_PR;Comm Espn Pack;263;Comedy Central;HD;Variedades;No
Puerto Rico;COMERCIAL_PR;Comm Espn Pack;264;VICE;SD;Variedades;No
Puerto Rico;COMERCIAL_PR;Comm Espn Pack;267;Cooking Channel;HD;Variedades;No
Puerto Rico;COMERCIAL_PR;Comm Espn Pack;268;So Yummy;SD;Variedades;Si
Puerto Rico;COMERCIAL_PR;Comm Espn Pack;320;Cartoon Network;HD;Infantil;No
Puerto Rico;COMERCIAL_PR;Comm Espn Pack;322;Nickelodeon;HD;Infantil;No
Puerto Rico;COMERCIAL_PR;Comm Espn Pack;324;Disney Channel;HD;Infantil;No
Puerto Rico;COMERCIAL_PR;Comm Espn Pack;326;Disney XD;HD;Infantil;No
Puerto Rico;COMERCIAL_PR;Comm Espn Pack;330;Discovery Kids LA;SD;Infantil;No
Puerto Rico;COMERCIAL_PR;Comm Espn Pack;332;LooLoo Kids;SD;Infantil;No
Puerto Rico;COMERCIAL_PR;Comm Espn Pack;336;Boomerang;SD;Infantil;No
Puerto Rico;COMERCIAL_PR;Comm Espn Pack;337;Nick Jr.;HD;Infantil;No
Puerto Rico;COMERCIAL_PR;Comm Espn Pack;338;Vme;SD;Infantil;No
Puerto Rico;COMERCIAL_PR;Comm Espn Pack;339;Baby First TV;SD;Infantil;No
Puerto Rico;COMERCIAL_PR;Comm Espn Pack;350;EWTN;SD;Religioso;No
Puerto Rico;COMERCIAL_PR;Comm Espn Pack;352;Enlace;SD;Religioso;No
Puerto Rico;COMERCIAL_PR;Comm Espn Pack;354;Christian Television Network (CTN);SD;Religioso;No
Puerto Rico;COMERCIAL_PR;Comm Espn Pack;462;Playboy TV;SD;Adultos;No
Puerto Rico;COMERCIAL_PR;Comm Espn Pack;465;Brazzers TV;SD;Adultos;No
Puerto Rico;COMERCIAL_PR;Comm Espn Pack;468;Hustler;SD;Adultos;No
Puerto Rico;COMERCIAL_PR;Comm Espn Pack;511;AMC;HD;Cine;No
Puerto Rico;COMERCIAL_PR;Comm Espn Pack;514;Cine Latino;SD;Cine;No
Puerto Rico;COMERCIAL_PR;Comm Espn Pack;516;De Película;SD;Cine;No
Puerto Rico;COMERCIAL_PR;Comm Espn Pack;517;Lifetime;HD;Cine;No
Puerto Rico;COMERCIAL_PR;Comm Espn Pack;518;Lifetime Moivie Network;HD;Cine;No
Puerto Rico;COMERCIAL_PR;Comm Espn Pack;520;Hallmark Channel;HD;Cine;No
Puerto Rico;COMERCIAL_PR;Comm Espn Pack;521;Hallmark Family;HD;Cine;No
Puerto Rico;COMERCIAL_PR;Comm Espn Pack;522;Hallmark Mistery;SD;Cine;No
Puerto Rico;COMERCIAL_PR;Comm Espn Pack;550;MGM Mas;HD;Cine;No
Puerto Rico;COMERCIAL_PR;Comm Espn Pack;551;MGM Mas Hits;HD;Cine;No
Puerto Rico;COMERCIAL_PR;Comm Espn Pack;552;MGM Mas Marquee;HD;Cine;No
Puerto Rico;COMERCIAL_PR;Comm Espn Pack;564;HBO;HD;Cine;No
Puerto Rico;COMERCIAL_PR;Comm Espn Pack;565;HBO Hits;HD;Cine;No
Puerto Rico;COMERCIAL_PR;Comm Espn Pack;566;HBO Movie;HD;Cine;No
Puerto Rico;COMERCIAL_PR;Comm Espn Pack;567;HBO Drama;HD;Cine;No
Puerto Rico;COMERCIAL_PR;Comm Espn Pack;569;HBO Comedy;HD;Cine;No
Puerto Rico;COMERCIAL_PR;Comm Espn Pack;570;HBO Latino;HD;Cine;No
Puerto Rico;COMERCIAL_PR;Comm Espn Pack;571;Cinemax;HD;Cine;No
Puerto Rico;COMERCIAL_PR;Comm Espn Pack;572;Cinemax Hits;HD;Cine;No
Puerto Rico;COMERCIAL_PR;Comm Espn Pack;574;Cinemax Action;HD;Cine;No
Puerto Rico;COMERCIAL_PR;Comm Espn Pack;577;Paramount+ with Showtime;HD;Cine;No
Puerto Rico;COMERCIAL_PR;Comm Espn Pack;578;Showtime 2;HD;Cine;No
Puerto Rico;COMERCIAL_PR;Comm Espn Pack;579;Showtime Beyond;HD;Cine;No
Puerto Rico;COMERCIAL_PR;Comm Espn Pack;580;Showcase;HD;Cine;No
Puerto Rico;COMERCIAL_PR;Comm Espn Pack;581;Showtime Extreme;HD;Cine;No
Puerto Rico;COMERCIAL_PR;Comm Espn Pack;582;The Movie Channel;SD;Cine;No
Puerto Rico;COMERCIAL_PR;Comm Espn Pack;585;Starz;HD;Cine;No
Puerto Rico;COMERCIAL_PR;Comm Espn Pack;586;Starz Kids & Family;HD;Cine;No
Puerto Rico;COMERCIAL_PR;Comm Espn Pack;587;Starz Cinema;HD;Cine;No
Puerto Rico;COMERCIAL_PR;Comm Espn Pack;588;Encore Action;SD;Cine;No
Puerto Rico;COMERCIAL_PR;Comm Espn Pack;589;Encore;HD;Cine;No
Puerto Rico;COMERCIAL_PR;Comm Espn Pack;590;Encore Family;SD;Cine;No
Puerto Rico;COMERCIAL_PR;Comm Espn Pack;601;NBA League Pass;HD;Deportes;No
Puerto Rico;COMERCIAL_PR;Comm Espn Pack;619;NBA League Pass;HD;Deportes;No
Puerto Rico;COMERCIAL_PR;Comm Espn Pack;620;NFL Sunday Ticket;HD;Deportes;No
Puerto Rico;COMERCIAL_PR;Comm Espn Pack;639;NFL Sunday Ticket;HD;Deportes;No
Puerto Rico;COMERCIAL_PR;Comm Espn Pack;640;Thursday Night Football;HD;Deportes;No
Puerto Rico;COMERCIAL_PR;Comm Espn Pack;645;ESPN;HD;Deportes;Si
Puerto Rico;COMERCIAL_PR;Comm Espn Pack;646;ESPN News;HD;Deportes;Si
Puerto Rico;COMERCIAL_PR;Comm Espn Pack;648;ESPN 2;HD;Deportes;Si
Puerto Rico;COMERCIAL_PR;Comm Espn Pack;649;ESPN Deportes;HD;Deportes;Si
Puerto Rico;COMERCIAL_PR;Comm Espn Pack;651;Fox Deportes;SD;Deportes;No
Puerto Rico;COMERCIAL_PR;Comm Espn Pack;652;The Tennis Channel;HD;Deportes;No
Puerto Rico;COMERCIAL_PR;Comm Espn Pack;653;NBA TV;HD;Deportes;No
Puerto Rico;COMERCIAL_PR;Comm Espn Pack;654;The Golf Channel;HD;Deportes;No
Puerto Rico;COMERCIAL_PR;Comm Espn Pack;655;Fox Sports;HD;Deportes;No
Puerto Rico;COMERCIAL_PR;Comm Espn Pack;656;MLB Network;HD;Deportes;No
Puerto Rico;COMERCIAL_PR;Comm Espn Pack;657;WAPA Deportes;HD;Deportes;No
Puerto Rico;COMERCIAL_PR;Comm Espn Pack;659;Racer Network;HD;Deportes;No
Puerto Rico;COMERCIAL_PR;Comm Espn Pack;702;CNN;HD;Mundo;No
Puerto Rico;COMERCIAL_PR;Comm Espn Pack;704;CNN en Español;SD;Mundo;No
Puerto Rico;COMERCIAL_PR;Comm Espn Pack;708;Headline News;HD;Mundo;No
Puerto Rico;COMERCIAL_PR;Comm Espn Pack;710;Bloomberg;HD;Mundo;No
Puerto Rico;COMERCIAL_PR;Comm Espn Pack;712;AccuWeather;HD;Mundo;No
Puerto Rico;COMERCIAL_PR;Comm Espn Pack;714;Estrella TV;SD;Mundo;No
Puerto Rico;COMERCIAL_PR;Comm Espn Pack;720;CSPAN2;SD;Mundo;No
Puerto Rico;COMERCIAL_PR;Comm Espn Pack;730;Nat Geo Mundo;SD;Mundo;No
Puerto Rico;COMERCIAL_PR;Comm Espn Pack;732;Discovery em Español;SD;Mundo;No
Puerto Rico;COMERCIAL_PR;Comm Espn Pack;734;Animal Planet LA;SD;Mundo;No
Puerto Rico;COMERCIAL_PR;Comm Espn Pack;735;Animal Planet US;HD;Mundo;No
Puerto Rico;COMERCIAL_PR;Comm Espn Pack;742;History Andes;SD;Mundo;No
Puerto Rico;COMERCIAL_PR;Comm Espn Pack;744;FYI;HD;Mundo;No
Puerto Rico;COMERCIAL_PR;Comm Espn Pack;745;SyFy;HD;Mundo;No
Puerto Rico;COMERCIAL_PR;Comm Espn Pack;746;Discovery Turbo;HD;Mundo;No
Puerto Rico;COMERCIAL_PR;Comm Espn Pack;752;Discovery US;HD;Mundo;No
Puerto Rico;COMERCIAL_PR;Comm Espn Pack;754;The Learning Channel;HD;Mundo;No
Puerto Rico;COMERCIAL_PR;Comm Espn Pack;756;History Channel;HD;Mundo;No
Puerto Rico;COMERCIAL_PR;Comm Espn Pack;760;TVE;SD;Variedades;No
Puerto Rico;COMERCIAL_PR;Comm Espn Pack;762;Antena 3;SD;Mundo;No
Puerto Rico;COMERCIAL_PR;Comm Espn Pack;764;HITN;SD;Variedades;No
Puerto Rico;COMERCIAL_PR;Comm Espn Pack;768;BBC América;HD;Mundo;No
Puerto Rico;COMERCIAL_PR;Comm Espn Pack;901;Music Choice Rock Hits;Audio;Audio;No
Puerto Rico;COMERCIAL_PR;Comm Espn Pack;902;Music Choice 80s Rock;Audio;Audio;No
Puerto Rico;COMERCIAL_PR;Comm Espn Pack;903;Music Choice Jazz Vocal Hits;Audio;Audio;No
Puerto Rico;COMERCIAL_PR;Comm Espn Pack;904;Music Choice Country Hits;Audio;Audio;No
Puerto Rico;COMERCIAL_PR;Comm Espn Pack;905;Music Choice New Age;Audio;Audio;No
Puerto Rico;COMERCIAL_PR;Comm Espn Pack;906;Music Choice Funk;Audio;Audio;No
Puerto Rico;COMERCIAL_PR;Comm Espn Pack;907;Music Choice 90s;Audio;Audio;No
Puerto Rico;COMERCIAL_PR;Comm Espn Pack;908;Music Choice Blues;Audio;Audio;No
Puerto Rico;COMERCIAL_PR;Comm Espn Pack;909;Music Choice Love Songs;Audio;Audio;No
Puerto Rico;COMERCIAL_PR;Comm Espn Pack;910;Music Choice Musica Urbana;Audio;Audio;No
Puerto Rico;COMERCIAL_PR;Comm Espn Pack;911;Music Choice R&B Classics;Audio;Audio;No
Puerto Rico;COMERCIAL_PR;Comm Espn Pack;912;Music Choice Latin Jazz;Audio;Audio;No
Puerto Rico;COMERCIAL_PR;Comm Espn Pack;913;Music Choice Soft Rock;Audio;Audio;No
Puerto Rico;COMERCIAL_PR;Comm Espn Pack;914;Music Choice Rap;Audio;Audio;No
Puerto Rico;COMERCIAL_PR;Comm Espn Pack;915;Music Choice All Xmas;Audio;Audio;No
Puerto Rico;COMERCIAL_PR;Comm Espn Pack;916;Music Choice Workout;Audio;Audio;No
Puerto Rico;COMERCIAL_PR;Comm Espn Pack;917;Music Choice Broadway;Audio;Audio;No
Puerto Rico;COMERCIAL_PR;Comm Espn Pack;918;Music Choice Adult Alternative;Audio;Audio;No
Puerto Rico;COMERCIAL_PR;Comm Espn Pack;919;Music Choice Pop Hits;Audio;Audio;No
Puerto Rico;COMERCIAL_PR;Comm Espn Pack;920;Music Choice New Wave;Audio;Audio;No
Puerto Rico;COMERCIAL_PR;Comm Espn Pack;921;Music Choice 70s;Audio;Audio;No
Puerto Rico;COMERCIAL_PR;Comm Espn Pack;922;Music Choice Kidz Only!;Audio;Audio;No
Puerto Rico;COMERCIAL_PR;Comm Espn Pack;923;Music Choice 80s;Audio;Audio;No
Puerto Rico;COMERCIAL_PR;Comm Espn Pack;924;Music Choice Rock Latino;Audio;Audio;No
Puerto Rico;COMERCIAL_PR;Comm Espn Pack;925;Music Choice Retro Workout;Audio;Audio;No
Puerto Rico;COMERCIAL_PR;Comm Espn Pack;926;Music Choice Contemporary Christian;Audio;Audio;No
Puerto Rico;COMERCIAL_PR;Comm Espn Pack;927;Music Choice Reggae;Audio;Audio;No
Puerto Rico;COMERCIAL_PR;Comm Espn Pack;928;Music Choice Alternative;Audio;Audio;No
Puerto Rico;COMERCIAL_PR;Comm Espn Pack;929;Music Choice Pop & Country;Audio;Audio;No
Puerto Rico;COMERCIAL_PR;Comm Espn Pack;930;Music Choice Pop Latino;Audio;Audio;No
Puerto Rico;COMERCIAL_PR;Comm Espn Pack;931;Music Choice Classic Country;Audio;Audio;No
Puerto Rico;COMERCIAL_PR;Comm Espn Pack;932;Music Choice Big Band;Audio;Audio;No
Puerto Rico;COMERCIAL_PR;Comm Espn Pack;933;Music Choice Todays Country;Audio;Audio;No
Puerto Rico;COMERCIAL_PR;Comm Espn Pack;934;Music Choice Hit List;Audio;Audio;No
Puerto Rico;COMERCIAL_PR;Comm Espn Pack;935;Music Choice Hip-Hop And R&B;Audio;Audio;No
Puerto Rico;COMERCIAL_PR;Comm Espn Pack;936;Music Choice Teen Beats;Audio;Audio;No
Puerto Rico;COMERCIAL_PR;Comm Espn Pack;937;Music Choice Coffee Shop Cuts;Audio;Audio;No
Puerto Rico;COMERCIAL_PR;Comm Espn Pack;938;Music Choice Honky Tonk;Audio;Audio;No
Puerto Rico;COMERCIAL_PR;Comm Espn Pack;939;Music Choice Soundscapes;Audio;Audio;No
Puerto Rico;COMERCIAL_PR;Comm Espn Pack;940;Music Choice Light Classical;Audio;Audio;No
Puerto Rico;COMERCIAL_PR;Comm Espn Pack;941;Music Choice Classic Alternative;Audio;Audio;No
Puerto Rico;COMERCIAL_PR;Comm Espn Pack;942;Music Choice Indie;Audio;Audio;No
Puerto Rico;COMERCIAL_PR;Comm Espn Pack;943;Music Choice Malt Shop Favorites;Audio;Audio;No
Puerto Rico;COMERCIAL_PR;Comm Espn Pack;944;Music Choice Smooth Jazz;Audio;Audio;No
Puerto Rico;COMERCIAL_PR;Comm Espn Pack;945;Music Choice Contemporary Instrumentals;Audio;Audio;No
Puerto Rico;COMERCIAL_PR;Comm Espn Pack;946;Music Choice Hard Rock;Audio;Audio;No
Puerto Rico;COMERCIAL_PR;Comm Espn Pack;947;Music Choice Throwback Jamz;Audio;Audio;No
Puerto Rico;COMERCIAL_PR;Comm Espn Pack;948;Music Choice Classic Rock;Audio;Audio;No
Puerto Rico;COMERCIAL_PR;Comm Espn Pack;949;Music Choice Movie Scores;Audio;Audio;No
Puerto Rico;COMERCIAL_PR;Comm Espn Pack;950;Music Choice Max;Audio;Audio;No
Puerto Rico;COMERCIAL_PR;Comm Espn Pack;951;Music Choice Mainstream Rap;Audio;Audio;No
Puerto Rico;COMERCIAL_PR;Comm Espn Pack;952;Music Choice Americana;Audio;Audio;No
Puerto Rico;COMERCIAL_PR;Comm Espn Pack;953;Music Choice Symphony;Audio;Audio;No
Puerto Rico;COMERCIAL_PR;Comm Espn Pack;954;Music Choice Dance/EDM;Audio;Audio;No
Puerto Rico;COMERCIAL_PR;Comm Espn Pack;955;Music Choice Folk;Audio;Audio;No
Puerto Rico;COMERCIAL_PR;Comm Espn Pack;956;Music Choice Classic Dance;Audio;Audio;No
Puerto Rico;COMERCIAL_PR;Comm Espn Pack;957;Music Choice Gospel Hallelujah;Audio;Audio;No
Puerto Rico;COMERCIAL_PR;Comm Espn Pack;958;Music Choice Tropicales;Audio;Audio;No
Puerto Rico;COMERCIAL_PR;Comm Espn Pack;959;Music Choice Metal;Audio;Audio;No
Puerto Rico;COMERCIAL_PR;Comm Espn Pack;960;Music Choice Toddler Tunes;Audio;Audio;No
Puerto Rico;COMERCIAL_PR;Comm Espn Pack;961;Music Choice Y2k;Audio;Audio;No
Puerto Rico;COMERCIAL_PR;Comm Espn Pack;962;Music Choice Bluegrass;Audio;Audio;No
Puerto Rico;COMERCIAL_PR;Comm Espn Pack;963;Music Choice Vietnamese;Audio;Audio;No
Puerto Rico;COMERCIAL_PR;Comm Espn Pack;964;Music Choice Gospel;Audio;Audio;No
Puerto Rico;COMERCIAL_PR;Comm Espn Pack;965;Music Choice 60s Movement;Audio;Audio;No
Puerto Rico;COMERCIAL_PR;Comm Espn Pack;966;Music Choice Filipino;Audio;Audio;No
Puerto Rico;COMERCIAL_PR;Comm Espn Pack;967;Music Choice Sounds of the Season;Audio;Audio;No
Puerto Rico;COMERCIAL_PR;Comm Fox Sports;162;Telemundo;HD;Nacional;No
Puerto Rico;COMERCIAL_PR;Comm Fox Sports;164;WAPA TV;HD;Nacional;No
Puerto Rico;COMERCIAL_PR;Comm Fox Sports;166;WIPR;SD;Nacional;No
Puerto Rico;COMERCIAL_PR;Comm Fox Sports;167;Teleislas;SD;Nacional;No
Puerto Rico;COMERCIAL_PR;Comm Fox Sports;168;TeleOnce HD;HD;Nacional;No
Puerto Rico;COMERCIAL_PR;Comm Fox Sports;169;Daystar Español;SD;Nacional;No
Puerto Rico;COMERCIAL_PR;Comm Fox Sports;170;Fox News;HD;Nacional;No
Puerto Rico;COMERCIAL_PR;Comm Fox Sports;172;ABC5;HD;Nacional;No
Puerto Rico;COMERCIAL_PR;Comm Fox Sports;174;CBS;HD;Nacional;No
Puerto Rico;COMERCIAL_PR;Comm Fox Sports;176;NBC PR;HD;Nacional;No
Puerto Rico;COMERCIAL_PR;Comm Fox Sports;179;Punto 2;HD;Nacional;No
Puerto Rico;COMERCIAL_PR;Comm Fox Sports;181;TV Dominicana;SD;Nacional;No
Puerto Rico;COMERCIAL_PR;Comm Fox Sports;182;TV Chile;SD;Nacional;No
Puerto Rico;COMERCIAL_PR;Comm Fox Sports;183;TeleOro;SD;Nacional;No
Puerto Rico;COMERCIAL_PR;Comm Fox Sports;185;Telecinco;SD;Local;No
Puerto Rico;COMERCIAL_PR;Comm Fox Sports;186;UniMás;SD;Local;No
Puerto Rico;COMERCIAL_PR;Comm Fox Sports;188;QVC;SD;Variedades;No
Puerto Rico;COMERCIAL_PR;Comm Fox Sports;189;QVC 2;SD;Variedades;No
Puerto Rico;COMERCIAL_PR;Comm Fox Sports;190;Home Shopping Network (HSN);SD;Variedades;No
Puerto Rico;COMERCIAL_PR;Comm Fox Sports;191;Home Shopping Network (HSN) 2;SD;Variedades;No
Puerto Rico;COMERCIAL_PR;Comm Fox Sports;220;Bravo;HD;Variedades;No
Puerto Rico;COMERCIAL_PR;Comm Fox Sports;221;¡Hola! TV;SD;Variedades;No
Puerto Rico;COMERCIAL_PR;Comm Fox Sports;222;E! Entertainment HD;HD;Variedades;No
Puerto Rico;COMERCIAL_PR;Comm Fox Sports;225;Pasiones;SD;Variedades;No
Puerto Rico;COMERCIAL_PR;Comm Fox Sports;226;QVC;SD;Variedades;No
Puerto Rico;COMERCIAL_PR;Comm Fox Sports;227;Home Shopping Network (HSN);SD;Variedades;No
Puerto Rico;COMERCIAL_PR;Comm Fox Sports;228;Food Network;HD;Variedades;No
Puerto Rico;COMERCIAL_PR;Comm Fox Sports;229;Blossom;SD;Variedades;Si
Puerto Rico;COMERCIAL_PR;Comm Fox Sports;230;BET;SD;Variedades;No
Puerto Rico;COMERCIAL_PR;Comm Fox Sports;242;FX HD;HD;Variedades;No
Puerto Rico;COMERCIAL_PR;Comm Fox Sports;244;TNT;HD;Variedades;No
Puerto Rico;COMERCIAL_PR;Comm Fox Sports;246;USA Network;HD;Variedades;No
Puerto Rico;COMERCIAL_PR;Comm Fox Sports;248;TBS;HD;Variedades;No
Puerto Rico;COMERCIAL_PR;Comm Fox Sports;249;TLnovelas;SD;Variedades;No
Puerto Rico;COMERCIAL_PR;Comm Fox Sports;250;HGTV;HD;Variedades;No
Puerto Rico;COMERCIAL_PR;Comm Fox Sports;252;Freeform;HD;Variedades;No
Puerto Rico;COMERCIAL_PR;Comm Fox Sports;254;Paramount Network;HD;Variedades;No
Puerto Rico;COMERCIAL_PR;Comm Fox Sports;256;A&E;HD;Variedades;No
Puerto Rico;COMERCIAL_PR;Comm Fox Sports;260;MTV;HD;Variedades;No
Puerto Rico;COMERCIAL_PR;Comm Fox Sports;261;MTV 2;HD;Variedades;No
Puerto Rico;COMERCIAL_PR;Comm Fox Sports;262;VH1;HD;Variedades;No
Puerto Rico;COMERCIAL_PR;Comm Fox Sports;263;Comedy Central;HD;Variedades;No
Puerto Rico;COMERCIAL_PR;Comm Fox Sports;264;VICE;SD;Variedades;No
Puerto Rico;COMERCIAL_PR;Comm Fox Sports;267;Cooking Channel;HD;Variedades;No
Puerto Rico;COMERCIAL_PR;Comm Fox Sports;268;So Yummy;SD;Variedades;Si
Puerto Rico;COMERCIAL_PR;Comm Fox Sports;320;Cartoon Network;HD;Infantil;No
Puerto Rico;COMERCIAL_PR;Comm Fox Sports;322;Nickelodeon;HD;Infantil;No
Puerto Rico;COMERCIAL_PR;Comm Fox Sports;324;Disney Channel;HD;Infantil;No
Puerto Rico;COMERCIAL_PR;Comm Fox Sports;326;Disney XD;HD;Infantil;No
Puerto Rico;COMERCIAL_PR;Comm Fox Sports;330;Discovery Kids LA;SD;Infantil;No
Puerto Rico;COMERCIAL_PR;Comm Fox Sports;332;LooLoo Kids;SD;Infantil;No
Puerto Rico;COMERCIAL_PR;Comm Fox Sports;336;Boomerang;SD;Infantil;No
Puerto Rico;COMERCIAL_PR;Comm Fox Sports;337;Nick Jr.;HD;Infantil;No
Puerto Rico;COMERCIAL_PR;Comm Fox Sports;338;Vme;SD;Infantil;No
Puerto Rico;COMERCIAL_PR;Comm Fox Sports;339;Baby First TV;SD;Infantil;No
Puerto Rico;COMERCIAL_PR;Comm Fox Sports;350;EWTN;SD;Religioso;No
Puerto Rico;COMERCIAL_PR;Comm Fox Sports;352;Enlace;SD;Religioso;No
Puerto Rico;COMERCIAL_PR;Comm Fox Sports;354;Christian Television Network (CTN);SD;Religioso;No
Puerto Rico;COMERCIAL_PR;Comm Fox Sports;462;Playboy TV;SD;Adultos;No
Puerto Rico;COMERCIAL_PR;Comm Fox Sports;465;Brazzers TV;SD;Adultos;No
Puerto Rico;COMERCIAL_PR;Comm Fox Sports;468;Hustler;SD;Adultos;No
Puerto Rico;COMERCIAL_PR;Comm Fox Sports;511;AMC;HD;Cine;No
Puerto Rico;COMERCIAL_PR;Comm Fox Sports;514;Cine Latino;SD;Cine;No
Puerto Rico;COMERCIAL_PR;Comm Fox Sports;516;De Película;SD;Cine;No
Puerto Rico;COMERCIAL_PR;Comm Fox Sports;517;Lifetime;HD;Cine;No
Puerto Rico;COMERCIAL_PR;Comm Fox Sports;518;Lifetime Moivie Network;HD;Cine;No
Puerto Rico;COMERCIAL_PR;Comm Fox Sports;520;Hallmark Channel;HD;Cine;No
Puerto Rico;COMERCIAL_PR;Comm Fox Sports;521;Hallmark Family;HD;Cine;No
Puerto Rico;COMERCIAL_PR;Comm Fox Sports;522;Hallmark Mistery;SD;Cine;No
Puerto Rico;COMERCIAL_PR;Comm Fox Sports;550;MGM Mas;HD;Cine;No
Puerto Rico;COMERCIAL_PR;Comm Fox Sports;551;MGM Mas Hits;HD;Cine;No
Puerto Rico;COMERCIAL_PR;Comm Fox Sports;552;MGM Mas Marquee;HD;Cine;No
Puerto Rico;COMERCIAL_PR;Comm Fox Sports;564;HBO;HD;Cine;No
Puerto Rico;COMERCIAL_PR;Comm Fox Sports;565;HBO Hits;HD;Cine;No
Puerto Rico;COMERCIAL_PR;Comm Fox Sports;566;HBO Movie;HD;Cine;No
Puerto Rico;COMERCIAL_PR;Comm Fox Sports;567;HBO Drama;HD;Cine;No
Puerto Rico;COMERCIAL_PR;Comm Fox Sports;569;HBO Comedy;HD;Cine;No
Puerto Rico;COMERCIAL_PR;Comm Fox Sports;570;HBO Latino;HD;Cine;No
Puerto Rico;COMERCIAL_PR;Comm Fox Sports;571;Cinemax;HD;Cine;No
Puerto Rico;COMERCIAL_PR;Comm Fox Sports;572;Cinemax Hits;HD;Cine;No
Puerto Rico;COMERCIAL_PR;Comm Fox Sports;574;Cinemax Action;HD;Cine;No
Puerto Rico;COMERCIAL_PR;Comm Fox Sports;577;Paramount+ with Showtime;HD;Cine;No
Puerto Rico;COMERCIAL_PR;Comm Fox Sports;578;Showtime 2;HD;Cine;No
Puerto Rico;COMERCIAL_PR;Comm Fox Sports;579;Showtime Beyond;HD;Cine;No
Puerto Rico;COMERCIAL_PR;Comm Fox Sports;580;Showcase;HD;Cine;No
Puerto Rico;COMERCIAL_PR;Comm Fox Sports;581;Showtime Extreme;HD;Cine;No
Puerto Rico;COMERCIAL_PR;Comm Fox Sports;582;The Movie Channel;SD;Cine;No
Puerto Rico;COMERCIAL_PR;Comm Fox Sports;585;Starz;HD;Cine;No
Puerto Rico;COMERCIAL_PR;Comm Fox Sports;586;Starz Kids & Family;HD;Cine;No
Puerto Rico;COMERCIAL_PR;Comm Fox Sports;587;Starz Cinema;HD;Cine;No
Puerto Rico;COMERCIAL_PR;Comm Fox Sports;588;Encore Action;SD;Cine;No
Puerto Rico;COMERCIAL_PR;Comm Fox Sports;589;Encore;HD;Cine;No
Puerto Rico;COMERCIAL_PR;Comm Fox Sports;590;Encore Family;SD;Cine;No
Puerto Rico;COMERCIAL_PR;Comm Fox Sports;601;NBA League Pass;HD;Deportes;No
Puerto Rico;COMERCIAL_PR;Comm Fox Sports;619;NBA League Pass;HD;Deportes;No
Puerto Rico;COMERCIAL_PR;Comm Fox Sports;620;NFL Sunday Ticket;HD;Deportes;No
Puerto Rico;COMERCIAL_PR;Comm Fox Sports;639;NFL Sunday Ticket;HD;Deportes;No
Puerto Rico;COMERCIAL_PR;Comm Fox Sports;640;Thursday Night Football;HD;Deportes;No
Puerto Rico;COMERCIAL_PR;Comm Fox Sports;645;ESPN;HD;Deportes;No
Puerto Rico;COMERCIAL_PR;Comm Fox Sports;646;ESPN News;HD;Deportes;No
Puerto Rico;COMERCIAL_PR;Comm Fox Sports;648;ESPN 2;HD;Deportes;No
Puerto Rico;COMERCIAL_PR;Comm Fox Sports;649;ESPN Deportes;HD;Deportes;No
Puerto Rico;COMERCIAL_PR;Comm Fox Sports;651;Fox Deportes;SD;Deportes;No
Puerto Rico;COMERCIAL_PR;Comm Fox Sports;652;The Tennis Channel;HD;Deportes;No
Puerto Rico;COMERCIAL_PR;Comm Fox Sports;653;NBA TV;HD;Deportes;No
Puerto Rico;COMERCIAL_PR;Comm Fox Sports;654;The Golf Channel;HD;Deportes;No
Puerto Rico;COMERCIAL_PR;Comm Fox Sports;655;Fox Sports;HD;Deportes;Si
Puerto Rico;COMERCIAL_PR;Comm Fox Sports;656;MLB Network;HD;Deportes;No
Puerto Rico;COMERCIAL_PR;Comm Fox Sports;657;WAPA Deportes;HD;Deportes;No
Puerto Rico;COMERCIAL_PR;Comm Fox Sports;659;Racer Network;HD;Deportes;No
Puerto Rico;COMERCIAL_PR;Comm Fox Sports;702;CNN;HD;Mundo;No
Puerto Rico;COMERCIAL_PR;Comm Fox Sports;704;CNN en Español;SD;Mundo;No
Puerto Rico;COMERCIAL_PR;Comm Fox Sports;708;Headline News;HD;Mundo;No
Puerto Rico;COMERCIAL_PR;Comm Fox Sports;710;Bloomberg;HD;Mundo;No
Puerto Rico;COMERCIAL_PR;Comm Fox Sports;712;AccuWeather;HD;Mundo;No
Puerto Rico;COMERCIAL_PR;Comm Fox Sports;714;Estrella TV;SD;Mundo;No
Puerto Rico;COMERCIAL_PR;Comm Fox Sports;720;CSPAN2;SD;Mundo;No
Puerto Rico;COMERCIAL_PR;Comm Fox Sports;730;Nat Geo Mundo;SD;Mundo;No
Puerto Rico;COMERCIAL_PR;Comm Fox Sports;732;Discovery em Español;SD;Mundo;No
Puerto Rico;COMERCIAL_PR;Comm Fox Sports;734;Animal Planet LA;SD;Mundo;No
Puerto Rico;COMERCIAL_PR;Comm Fox Sports;735;Animal Planet US;HD;Mundo;No
Puerto Rico;COMERCIAL_PR;Comm Fox Sports;742;History Andes;SD;Mundo;No
Puerto Rico;COMERCIAL_PR;Comm Fox Sports;744;FYI;HD;Mundo;No
Puerto Rico;COMERCIAL_PR;Comm Fox Sports;745;SyFy;HD;Mundo;No
Puerto Rico;COMERCIAL_PR;Comm Fox Sports;746;Discovery Turbo;HD;Mundo;No
Puerto Rico;COMERCIAL_PR;Comm Fox Sports;752;Discovery US;HD;Mundo;No
Puerto Rico;COMERCIAL_PR;Comm Fox Sports;754;The Learning Channel;HD;Mundo;No
Puerto Rico;COMERCIAL_PR;Comm Fox Sports;756;History Channel;HD;Mundo;No
Puerto Rico;COMERCIAL_PR;Comm Fox Sports;760;TVE;SD;Variedades;No
Puerto Rico;COMERCIAL_PR;Comm Fox Sports;762;Antena 3;SD;Mundo;No
Puerto Rico;COMERCIAL_PR;Comm Fox Sports;764;HITN;SD;Variedades;No
Puerto Rico;COMERCIAL_PR;Comm Fox Sports;768;BBC América;HD;Mundo;No
Puerto Rico;COMERCIAL_PR;Comm Fox Sports;901;Music Choice Rock Hits;Audio;Audio;No
Puerto Rico;COMERCIAL_PR;Comm Fox Sports;902;Music Choice 80s Rock;Audio;Audio;No
Puerto Rico;COMERCIAL_PR;Comm Fox Sports;903;Music Choice Jazz Vocal Hits;Audio;Audio;No
Puerto Rico;COMERCIAL_PR;Comm Fox Sports;904;Music Choice Country Hits;Audio;Audio;No
Puerto Rico;COMERCIAL_PR;Comm Fox Sports;905;Music Choice New Age;Audio;Audio;No
Puerto Rico;COMERCIAL_PR;Comm Fox Sports;906;Music Choice Funk;Audio;Audio;No
Puerto Rico;COMERCIAL_PR;Comm Fox Sports;907;Music Choice 90s;Audio;Audio;No
Puerto Rico;COMERCIAL_PR;Comm Fox Sports;908;Music Choice Blues;Audio;Audio;No
Puerto Rico;COMERCIAL_PR;Comm Fox Sports;909;Music Choice Love Songs;Audio;Audio;No
Puerto Rico;COMERCIAL_PR;Comm Fox Sports;910;Music Choice Musica Urbana;Audio;Audio;No
Puerto Rico;COMERCIAL_PR;Comm Fox Sports;911;Music Choice R&B Classics;Audio;Audio;No
Puerto Rico;COMERCIAL_PR;Comm Fox Sports;912;Music Choice Latin Jazz;Audio;Audio;No
Puerto Rico;COMERCIAL_PR;Comm Fox Sports;913;Music Choice Soft Rock;Audio;Audio;No
Puerto Rico;COMERCIAL_PR;Comm Fox Sports;914;Music Choice Rap;Audio;Audio;No
Puerto Rico;COMERCIAL_PR;Comm Fox Sports;915;Music Choice All Xmas;Audio;Audio;No
Puerto Rico;COMERCIAL_PR;Comm Fox Sports;916;Music Choice Workout;Audio;Audio;No
Puerto Rico;COMERCIAL_PR;Comm Fox Sports;917;Music Choice Broadway;Audio;Audio;No
Puerto Rico;COMERCIAL_PR;Comm Fox Sports;918;Music Choice Adult Alternative;Audio;Audio;No
Puerto Rico;COMERCIAL_PR;Comm Fox Sports;919;Music Choice Pop Hits;Audio;Audio;No
Puerto Rico;COMERCIAL_PR;Comm Fox Sports;920;Music Choice New Wave;Audio;Audio;No
Puerto Rico;COMERCIAL_PR;Comm Fox Sports;921;Music Choice 70s;Audio;Audio;No
Puerto Rico;COMERCIAL_PR;Comm Fox Sports;922;Music Choice Kidz Only!;Audio;Audio;No
Puerto Rico;COMERCIAL_PR;Comm Fox Sports;923;Music Choice 80s;Audio;Audio;No
Puerto Rico;COMERCIAL_PR;Comm Fox Sports;924;Music Choice Rock Latino;Audio;Audio;No
Puerto Rico;COMERCIAL_PR;Comm Fox Sports;925;Music Choice Retro Workout;Audio;Audio;No
Puerto Rico;COMERCIAL_PR;Comm Fox Sports;926;Music Choice Contemporary Christian;Audio;Audio;No
Puerto Rico;COMERCIAL_PR;Comm Fox Sports;927;Music Choice Reggae;Audio;Audio;No
Puerto Rico;COMERCIAL_PR;Comm Fox Sports;928;Music Choice Alternative;Audio;Audio;No
Puerto Rico;COMERCIAL_PR;Comm Fox Sports;929;Music Choice Pop & Country;Audio;Audio;No
Puerto Rico;COMERCIAL_PR;Comm Fox Sports;930;Music Choice Pop Latino;Audio;Audio;No
Puerto Rico;COMERCIAL_PR;Comm Fox Sports;931;Music Choice Classic Country;Audio;Audio;No
Puerto Rico;COMERCIAL_PR;Comm Fox Sports;932;Music Choice Big Band;Audio;Audio;No
Puerto Rico;COMERCIAL_PR;Comm Fox Sports;933;Music Choice Todays Country;Audio;Audio;No
Puerto Rico;COMERCIAL_PR;Comm Fox Sports;934;Music Choice Hit List;Audio;Audio;No
Puerto Rico;COMERCIAL_PR;Comm Fox Sports;935;Music Choice Hip-Hop And R&B;Audio;Audio;No
Puerto Rico;COMERCIAL_PR;Comm Fox Sports;936;Music Choice Teen Beats;Audio;Audio;No
Puerto Rico;COMERCIAL_PR;Comm Fox Sports;937;Music Choice Coffee Shop Cuts;Audio;Audio;No
Puerto Rico;COMERCIAL_PR;Comm Fox Sports;938;Music Choice Honky Tonk;Audio;Audio;No
Puerto Rico;COMERCIAL_PR;Comm Fox Sports;939;Music Choice Soundscapes;Audio;Audio;No
Puerto Rico;COMERCIAL_PR;Comm Fox Sports;940;Music Choice Light Classical;Audio;Audio;No
Puerto Rico;COMERCIAL_PR;Comm Fox Sports;941;Music Choice Classic Alternative;Audio;Audio;No
Puerto Rico;COMERCIAL_PR;Comm Fox Sports;942;Music Choice Indie;Audio;Audio;No
Puerto Rico;COMERCIAL_PR;Comm Fox Sports;943;Music Choice Malt Shop Favorites;Audio;Audio;No
Puerto Rico;COMERCIAL_PR;Comm Fox Sports;944;Music Choice Smooth Jazz;Audio;Audio;No
Puerto Rico;COMERCIAL_PR;Comm Fox Sports;945;Music Choice Contemporary Instrumentals;Audio;Audio;No
Puerto Rico;COMERCIAL_PR;Comm Fox Sports;946;Music Choice Hard Rock;Audio;Audio;No
Puerto Rico;COMERCIAL_PR;Comm Fox Sports;947;Music Choice Throwback Jamz;Audio;Audio;No
Puerto Rico;COMERCIAL_PR;Comm Fox Sports;948;Music Choice Classic Rock;Audio;Audio;No
Puerto Rico;COMERCIAL_PR;Comm Fox Sports;949;Music Choice Movie Scores;Audio;Audio;No
Puerto Rico;COMERCIAL_PR;Comm Fox Sports;950;Music Choice Max;Audio;Audio;No
Puerto Rico;COMERCIAL_PR;Comm Fox Sports;951;Music Choice Mainstream Rap;Audio;Audio;No
Puerto Rico;COMERCIAL_PR;Comm Fox Sports;952;Music Choice Americana;Audio;Audio;No
Puerto Rico;COMERCIAL_PR;Comm Fox Sports;953;Music Choice Symphony;Audio;Audio;No
Puerto Rico;COMERCIAL_PR;Comm Fox Sports;954;Music Choice Dance/EDM;Audio;Audio;No
Puerto Rico;COMERCIAL_PR;Comm Fox Sports;955;Music Choice Folk;Audio;Audio;No
Puerto Rico;COMERCIAL_PR;Comm Fox Sports;956;Music Choice Classic Dance;Audio;Audio;No
Puerto Rico;COMERCIAL_PR;Comm Fox Sports;957;Music Choice Gospel Hallelujah;Audio;Audio;No
Puerto Rico;COMERCIAL_PR;Comm Fox Sports;958;Music Choice Tropicales;Audio;Audio;No
Puerto Rico;COMERCIAL_PR;Comm Fox Sports;959;Music Choice Metal;Audio;Audio;No
Puerto Rico;COMERCIAL_PR;Comm Fox Sports;960;Music Choice Toddler Tunes;Audio;Audio;No
Puerto Rico;COMERCIAL_PR;Comm Fox Sports;961;Music Choice Y2k;Audio;Audio;No
Puerto Rico;COMERCIAL_PR;Comm Fox Sports;962;Music Choice Bluegrass;Audio;Audio;No
Puerto Rico;COMERCIAL_PR;Comm Fox Sports;963;Music Choice Vietnamese;Audio;Audio;No
Puerto Rico;COMERCIAL_PR;Comm Fox Sports;964;Music Choice Gospel;Audio;Audio;No
Puerto Rico;COMERCIAL_PR;Comm Fox Sports;965;Music Choice 60s Movement;Audio;Audio;No
Puerto Rico;COMERCIAL_PR;Comm Fox Sports;966;Music Choice Filipino;Audio;Audio;No
Puerto Rico;COMERCIAL_PR;Comm Fox Sports;967;Music Choice Sounds of the Season;Audio;Audio;No
Puerto Rico;COMERCIAL_PR;Comm Music Pack;162;Telemundo;HD;Nacional;No
Puerto Rico;COMERCIAL_PR;Comm Music Pack;164;WAPA TV;HD;Nacional;No
Puerto Rico;COMERCIAL_PR;Comm Music Pack;166;WIPR;SD;Nacional;No
Puerto Rico;COMERCIAL_PR;Comm Music Pack;167;Teleislas;SD;Nacional;No
Puerto Rico;COMERCIAL_PR;Comm Music Pack;168;TeleOnce HD;HD;Nacional;No
Puerto Rico;COMERCIAL_PR;Comm Music Pack;169;Daystar Español;SD;Nacional;No
Puerto Rico;COMERCIAL_PR;Comm Music Pack;170;Fox News;HD;Nacional;No
Puerto Rico;COMERCIAL_PR;Comm Music Pack;172;ABC5;HD;Nacional;No
Puerto Rico;COMERCIAL_PR;Comm Music Pack;174;CBS;HD;Nacional;No
Puerto Rico;COMERCIAL_PR;Comm Music Pack;176;NBC PR;HD;Nacional;No
Puerto Rico;COMERCIAL_PR;Comm Music Pack;179;Punto 2;HD;Nacional;No
Puerto Rico;COMERCIAL_PR;Comm Music Pack;181;TV Dominicana;SD;Nacional;No
Puerto Rico;COMERCIAL_PR;Comm Music Pack;182;TV Chile;SD;Nacional;No
Puerto Rico;COMERCIAL_PR;Comm Music Pack;183;TeleOro;SD;Nacional;No
Puerto Rico;COMERCIAL_PR;Comm Music Pack;185;Telecinco;SD;Local;No
Puerto Rico;COMERCIAL_PR;Comm Music Pack;186;UniMás;SD;Local;No
Puerto Rico;COMERCIAL_PR;Comm Music Pack;188;QVC;SD;Variedades;No
Puerto Rico;COMERCIAL_PR;Comm Music Pack;189;QVC 2;SD;Variedades;No
Puerto Rico;COMERCIAL_PR;Comm Music Pack;190;Home Shopping Network (HSN);SD;Variedades;No
Puerto Rico;COMERCIAL_PR;Comm Music Pack;191;Home Shopping Network (HSN) 2;SD;Variedades;No
Puerto Rico;COMERCIAL_PR;Comm Music Pack;220;Bravo;HD;Variedades;No
Puerto Rico;COMERCIAL_PR;Comm Music Pack;221;¡Hola! TV;SD;Variedades;No
Puerto Rico;COMERCIAL_PR;Comm Music Pack;222;E! Entertainment HD;HD;Variedades;No
Puerto Rico;COMERCIAL_PR;Comm Music Pack;225;Pasiones;SD;Variedades;No
Puerto Rico;COMERCIAL_PR;Comm Music Pack;226;QVC;SD;Variedades;No
Puerto Rico;COMERCIAL_PR;Comm Music Pack;227;Home Shopping Network (HSN);SD;Variedades;No
Puerto Rico;COMERCIAL_PR;Comm Music Pack;228;Food Network;HD;Variedades;No
Puerto Rico;COMERCIAL_PR;Comm Music Pack;229;Blossom;SD;Variedades;Si
Puerto Rico;COMERCIAL_PR;Comm Music Pack;230;BET;SD;Variedades;No
Puerto Rico;COMERCIAL_PR;Comm Music Pack;242;FX HD;HD;Variedades;No
Puerto Rico;COMERCIAL_PR;Comm Music Pack;244;TNT;HD;Variedades;No
Puerto Rico;COMERCIAL_PR;Comm Music Pack;246;USA Network;HD;Variedades;No
Puerto Rico;COMERCIAL_PR;Comm Music Pack;248;TBS;HD;Variedades;No
Puerto Rico;COMERCIAL_PR;Comm Music Pack;249;TLnovelas;SD;Variedades;No
Puerto Rico;COMERCIAL_PR;Comm Music Pack;250;HGTV;HD;Variedades;No
Puerto Rico;COMERCIAL_PR;Comm Music Pack;252;Freeform;HD;Variedades;No
Puerto Rico;COMERCIAL_PR;Comm Music Pack;254;Paramount Network;HD;Variedades;No
Puerto Rico;COMERCIAL_PR;Comm Music Pack;256;A&E;HD;Variedades;No
Puerto Rico;COMERCIAL_PR;Comm Music Pack;260;MTV;HD;Variedades;No
Puerto Rico;COMERCIAL_PR;Comm Music Pack;261;MTV 2;HD;Variedades;No
Puerto Rico;COMERCIAL_PR;Comm Music Pack;262;VH1;HD;Variedades;No
Puerto Rico;COMERCIAL_PR;Comm Music Pack;263;Comedy Central;HD;Variedades;No
Puerto Rico;COMERCIAL_PR;Comm Music Pack;264;VICE;SD;Variedades;No
Puerto Rico;COMERCIAL_PR;Comm Music Pack;267;Cooking Channel;HD;Variedades;No
Puerto Rico;COMERCIAL_PR;Comm Music Pack;268;So Yummy;SD;Variedades;Si
Puerto Rico;COMERCIAL_PR;Comm Music Pack;320;Cartoon Network;HD;Infantil;No
Puerto Rico;COMERCIAL_PR;Comm Music Pack;322;Nickelodeon;HD;Infantil;No
Puerto Rico;COMERCIAL_PR;Comm Music Pack;324;Disney Channel;HD;Infantil;No
Puerto Rico;COMERCIAL_PR;Comm Music Pack;326;Disney XD;HD;Infantil;No
Puerto Rico;COMERCIAL_PR;Comm Music Pack;330;Discovery Kids LA;SD;Infantil;No
Puerto Rico;COMERCIAL_PR;Comm Music Pack;332;LooLoo Kids;SD;Infantil;No
Puerto Rico;COMERCIAL_PR;Comm Music Pack;336;Boomerang;SD;Infantil;No
Puerto Rico;COMERCIAL_PR;Comm Music Pack;337;Nick Jr.;HD;Infantil;No
Puerto Rico;COMERCIAL_PR;Comm Music Pack;338;Vme;SD;Infantil;No
Puerto Rico;COMERCIAL_PR;Comm Music Pack;339;Baby First TV;SD;Infantil;No
Puerto Rico;COMERCIAL_PR;Comm Music Pack;350;EWTN;SD;Religioso;No
Puerto Rico;COMERCIAL_PR;Comm Music Pack;352;Enlace;SD;Religioso;No
Puerto Rico;COMERCIAL_PR;Comm Music Pack;354;Christian Television Network (CTN);SD;Religioso;No
Puerto Rico;COMERCIAL_PR;Comm Music Pack;462;Playboy TV;SD;Adultos;No
Puerto Rico;COMERCIAL_PR;Comm Music Pack;465;Brazzers TV;SD;Adultos;No
Puerto Rico;COMERCIAL_PR;Comm Music Pack;468;Hustler;SD;Adultos;No
Puerto Rico;COMERCIAL_PR;Comm Music Pack;511;AMC;HD;Cine;No
Puerto Rico;COMERCIAL_PR;Comm Music Pack;514;Cine Latino;SD;Cine;No
Puerto Rico;COMERCIAL_PR;Comm Music Pack;516;De Película;SD;Cine;No
Puerto Rico;COMERCIAL_PR;Comm Music Pack;517;Lifetime;HD;Cine;No
Puerto Rico;COMERCIAL_PR;Comm Music Pack;518;Lifetime Moivie Network;HD;Cine;No
Puerto Rico;COMERCIAL_PR;Comm Music Pack;520;Hallmark Channel;HD;Cine;No
Puerto Rico;COMERCIAL_PR;Comm Music Pack;521;Hallmark Family;HD;Cine;No
Puerto Rico;COMERCIAL_PR;Comm Music Pack;522;Hallmark Mistery;SD;Cine;No
Puerto Rico;COMERCIAL_PR;Comm Music Pack;550;MGM Mas;HD;Cine;No
Puerto Rico;COMERCIAL_PR;Comm Music Pack;551;MGM Mas Hits;HD;Cine;No
Puerto Rico;COMERCIAL_PR;Comm Music Pack;552;MGM Mas Marquee;HD;Cine;No
Puerto Rico;COMERCIAL_PR;Comm Music Pack;564;HBO;HD;Cine;No
Puerto Rico;COMERCIAL_PR;Comm Music Pack;565;HBO Hits;HD;Cine;No
Puerto Rico;COMERCIAL_PR;Comm Music Pack;566;HBO Movie;HD;Cine;No
Puerto Rico;COMERCIAL_PR;Comm Music Pack;567;HBO Drama;HD;Cine;No
Puerto Rico;COMERCIAL_PR;Comm Music Pack;569;HBO Comedy;HD;Cine;No
Puerto Rico;COMERCIAL_PR;Comm Music Pack;570;HBO Latino;HD;Cine;No
Puerto Rico;COMERCIAL_PR;Comm Music Pack;571;Cinemax;HD;Cine;No
Puerto Rico;COMERCIAL_PR;Comm Music Pack;572;Cinemax Hits;HD;Cine;No
Puerto Rico;COMERCIAL_PR;Comm Music Pack;574;Cinemax Action;HD;Cine;No
Puerto Rico;COMERCIAL_PR;Comm Music Pack;577;Paramount+ with Showtime;HD;Cine;No
Puerto Rico;COMERCIAL_PR;Comm Music Pack;578;Showtime 2;HD;Cine;No
Puerto Rico;COMERCIAL_PR;Comm Music Pack;579;Showtime Beyond;HD;Cine;No
Puerto Rico;COMERCIAL_PR;Comm Music Pack;580;Showcase;HD;Cine;No
Puerto Rico;COMERCIAL_PR;Comm Music Pack;581;Showtime Extreme;HD;Cine;No
Puerto Rico;COMERCIAL_PR;Comm Music Pack;582;The Movie Channel;SD;Cine;No
Puerto Rico;COMERCIAL_PR;Comm Music Pack;585;Starz;HD;Cine;No
Puerto Rico;COMERCIAL_PR;Comm Music Pack;586;Starz Kids & Family;HD;Cine;No
Puerto Rico;COMERCIAL_PR;Comm Music Pack;587;Starz Cinema;HD;Cine;No
Puerto Rico;COMERCIAL_PR;Comm Music Pack;588;Encore Action;SD;Cine;No
Puerto Rico;COMERCIAL_PR;Comm Music Pack;589;Encore;HD;Cine;No
Puerto Rico;COMERCIAL_PR;Comm Music Pack;590;Encore Family;SD;Cine;No
Puerto Rico;COMERCIAL_PR;Comm Music Pack;601;NBA League Pass;HD;Deportes;No
Puerto Rico;COMERCIAL_PR;Comm Music Pack;619;NBA League Pass;HD;Deportes;No
Puerto Rico;COMERCIAL_PR;Comm Music Pack;620;NFL Sunday Ticket;HD;Deportes;No
Puerto Rico;COMERCIAL_PR;Comm Music Pack;639;NFL Sunday Ticket;HD;Deportes;No
Puerto Rico;COMERCIAL_PR;Comm Music Pack;640;Thursday Night Football;HD;Deportes;No
Puerto Rico;COMERCIAL_PR;Comm Music Pack;645;ESPN;HD;Deportes;No
Puerto Rico;COMERCIAL_PR;Comm Music Pack;646;ESPN News;HD;Deportes;No
Puerto Rico;COMERCIAL_PR;Comm Music Pack;648;ESPN 2;HD;Deportes;No
Puerto Rico;COMERCIAL_PR;Comm Music Pack;649;ESPN Deportes;HD;Deportes;No
Puerto Rico;COMERCIAL_PR;Comm Music Pack;651;Fox Deportes;SD;Deportes;No
Puerto Rico;COMERCIAL_PR;Comm Music Pack;652;The Tennis Channel;HD;Deportes;No
Puerto Rico;COMERCIAL_PR;Comm Music Pack;653;NBA TV;HD;Deportes;No
Puerto Rico;COMERCIAL_PR;Comm Music Pack;654;The Golf Channel;HD;Deportes;No
Puerto Rico;COMERCIAL_PR;Comm Music Pack;655;Fox Sports;HD;Deportes;No
Puerto Rico;COMERCIAL_PR;Comm Music Pack;656;MLB Network;HD;Deportes;No
Puerto Rico;COMERCIAL_PR;Comm Music Pack;657;WAPA Deportes;HD;Deportes;No
Puerto Rico;COMERCIAL_PR;Comm Music Pack;659;Racer Network;HD;Deportes;No
Puerto Rico;COMERCIAL_PR;Comm Music Pack;702;CNN;HD;Mundo;No
Puerto Rico;COMERCIAL_PR;Comm Music Pack;704;CNN en Español;SD;Mundo;No
Puerto Rico;COMERCIAL_PR;Comm Music Pack;708;Headline News;HD;Mundo;No
Puerto Rico;COMERCIAL_PR;Comm Music Pack;710;Bloomberg;HD;Mundo;No
Puerto Rico;COMERCIAL_PR;Comm Music Pack;712;AccuWeather;HD;Mundo;No
Puerto Rico;COMERCIAL_PR;Comm Music Pack;714;Estrella TV;SD;Mundo;No
Puerto Rico;COMERCIAL_PR;Comm Music Pack;720;CSPAN2;SD;Mundo;No
Puerto Rico;COMERCIAL_PR;Comm Music Pack;730;Nat Geo Mundo;SD;Mundo;No
Puerto Rico;COMERCIAL_PR;Comm Music Pack;732;Discovery em Español;SD;Mundo;No
Puerto Rico;COMERCIAL_PR;Comm Music Pack;734;Animal Planet LA;SD;Mundo;No
Puerto Rico;COMERCIAL_PR;Comm Music Pack;735;Animal Planet US;HD;Mundo;No
Puerto Rico;COMERCIAL_PR;Comm Music Pack;742;History Andes;SD;Mundo;No
Puerto Rico;COMERCIAL_PR;Comm Music Pack;744;FYI;HD;Mundo;No
Puerto Rico;COMERCIAL_PR;Comm Music Pack;745;SyFy;HD;Mundo;No
Puerto Rico;COMERCIAL_PR;Comm Music Pack;746;Discovery Turbo;HD;Mundo;No
Puerto Rico;COMERCIAL_PR;Comm Music Pack;752;Discovery US;HD;Mundo;No
Puerto Rico;COMERCIAL_PR;Comm Music Pack;754;The Learning Channel;HD;Mundo;No
Puerto Rico;COMERCIAL_PR;Comm Music Pack;756;History Channel;HD;Mundo;No
Puerto Rico;COMERCIAL_PR;Comm Music Pack;760;TVE;SD;Variedades;No
Puerto Rico;COMERCIAL_PR;Comm Music Pack;762;Antena 3;SD;Mundo;No
Puerto Rico;COMERCIAL_PR;Comm Music Pack;764;HITN;SD;Variedades;No
Puerto Rico;COMERCIAL_PR;Comm Music Pack;768;BBC América;HD;Mundo;No
Puerto Rico;COMERCIAL_PR;Comm Music Pack;901;Music Choice Rock Hits;Audio;Audio;Si
Puerto Rico;COMERCIAL_PR;Comm Music Pack;902;Music Choice 80s Rock;Audio;Audio;Si
Puerto Rico;COMERCIAL_PR;Comm Music Pack;903;Music Choice Jazz Vocal Hits;Audio;Audio;Si
Puerto Rico;COMERCIAL_PR;Comm Music Pack;904;Music Choice Country Hits;Audio;Audio;Si
Puerto Rico;COMERCIAL_PR;Comm Music Pack;905;Music Choice New Age;Audio;Audio;Si
Puerto Rico;COMERCIAL_PR;Comm Music Pack;906;Music Choice Funk;Audio;Audio;Si
Puerto Rico;COMERCIAL_PR;Comm Music Pack;907;Music Choice 90s;Audio;Audio;Si
Puerto Rico;COMERCIAL_PR;Comm Music Pack;908;Music Choice Blues;Audio;Audio;Si
Puerto Rico;COMERCIAL_PR;Comm Music Pack;909;Music Choice Love Songs;Audio;Audio;Si
Puerto Rico;COMERCIAL_PR;Comm Music Pack;910;Music Choice Musica Urbana;Audio;Audio;Si
Puerto Rico;COMERCIAL_PR;Comm Music Pack;911;Music Choice R&B Classics;Audio;Audio;Si
Puerto Rico;COMERCIAL_PR;Comm Music Pack;912;Music Choice Latin Jazz;Audio;Audio;Si
Puerto Rico;COMERCIAL_PR;Comm Music Pack;913;Music Choice Soft Rock;Audio;Audio;Si
Puerto Rico;COMERCIAL_PR;Comm Music Pack;914;Music Choice Rap;Audio;Audio;Si
Puerto Rico;COMERCIAL_PR;Comm Music Pack;915;Music Choice All Xmas;Audio;Audio;Si
Puerto Rico;COMERCIAL_PR;Comm Music Pack;916;Music Choice Workout;Audio;Audio;Si
Puerto Rico;COMERCIAL_PR;Comm Music Pack;917;Music Choice Broadway;Audio;Audio;Si
Puerto Rico;COMERCIAL_PR;Comm Music Pack;918;Music Choice Adult Alternative;Audio;Audio;Si
Puerto Rico;COMERCIAL_PR;Comm Music Pack;919;Music Choice Pop Hits;Audio;Audio;Si
Puerto Rico;COMERCIAL_PR;Comm Music Pack;920;Music Choice New Wave;Audio;Audio;Si
Puerto Rico;COMERCIAL_PR;Comm Music Pack;921;Music Choice 70s;Audio;Audio;Si
Puerto Rico;COMERCIAL_PR;Comm Music Pack;922;Music Choice Kidz Only!;Audio;Audio;Si
Puerto Rico;COMERCIAL_PR;Comm Music Pack;923;Music Choice 80s;Audio;Audio;Si
Puerto Rico;COMERCIAL_PR;Comm Music Pack;924;Music Choice Rock Latino;Audio;Audio;Si
Puerto Rico;COMERCIAL_PR;Comm Music Pack;925;Music Choice Retro Workout;Audio;Audio;Si
Puerto Rico;COMERCIAL_PR;Comm Music Pack;926;Music Choice Contemporary Christian;Audio;Audio;Si
Puerto Rico;COMERCIAL_PR;Comm Music Pack;927;Music Choice Reggae;Audio;Audio;Si
Puerto Rico;COMERCIAL_PR;Comm Music Pack;928;Music Choice Alternative;Audio;Audio;Si
Puerto Rico;COMERCIAL_PR;Comm Music Pack;929;Music Choice Pop & Country;Audio;Audio;Si
Puerto Rico;COMERCIAL_PR;Comm Music Pack;930;Music Choice Pop Latino;Audio;Audio;Si
Puerto Rico;COMERCIAL_PR;Comm Music Pack;931;Music Choice Classic Country;Audio;Audio;Si
Puerto Rico;COMERCIAL_PR;Comm Music Pack;932;Music Choice Big Band;Audio;Audio;Si
Puerto Rico;COMERCIAL_PR;Comm Music Pack;933;Music Choice Todays Country;Audio;Audio;Si
Puerto Rico;COMERCIAL_PR;Comm Music Pack;934;Music Choice Hit List;Audio;Audio;Si
Puerto Rico;COMERCIAL_PR;Comm Music Pack;935;Music Choice Hip-Hop And R&B;Audio;Audio;Si
Puerto Rico;COMERCIAL_PR;Comm Music Pack;936;Music Choice Teen Beats;Audio;Audio;Si
Puerto Rico;COMERCIAL_PR;Comm Music Pack;937;Music Choice Coffee Shop Cuts;Audio;Audio;Si
Puerto Rico;COMERCIAL_PR;Comm Music Pack;938;Music Choice Honky Tonk;Audio;Audio;Si
Puerto Rico;COMERCIAL_PR;Comm Music Pack;939;Music Choice Soundscapes;Audio;Audio;Si
Puerto Rico;COMERCIAL_PR;Comm Music Pack;940;Music Choice Light Classical;Audio;Audio;Si
Puerto Rico;COMERCIAL_PR;Comm Music Pack;941;Music Choice Classic Alternative;Audio;Audio;Si
Puerto Rico;COMERCIAL_PR;Comm Music Pack;942;Music Choice Indie;Audio;Audio;Si
Puerto Rico;COMERCIAL_PR;Comm Music Pack;943;Music Choice Malt Shop Favorites;Audio;Audio;Si
Puerto Rico;COMERCIAL_PR;Comm Music Pack;944;Music Choice Smooth Jazz;Audio;Audio;Si
Puerto Rico;COMERCIAL_PR;Comm Music Pack;945;Music Choice Contemporary Instrumentals;Audio;Audio;Si
Puerto Rico;COMERCIAL_PR;Comm Music Pack;946;Music Choice Hard Rock;Audio;Audio;Si
Puerto Rico;COMERCIAL_PR;Comm Music Pack;947;Music Choice Throwback Jamz;Audio;Audio;Si
Puerto Rico;COMERCIAL_PR;Comm Music Pack;948;Music Choice Classic Rock;Audio;Audio;Si
Puerto Rico;COMERCIAL_PR;Comm Music Pack;949;Music Choice Movie Scores;Audio;Audio;Si
Puerto Rico;COMERCIAL_PR;Comm Music Pack;950;Music Choice Max;Audio;Audio;Si
Puerto Rico;COMERCIAL_PR;Comm Music Pack;951;Music Choice Mainstream Rap;Audio;Audio;Si
Puerto Rico;COMERCIAL_PR;Comm Music Pack;952;Music Choice Americana;Audio;Audio;Si
Puerto Rico;COMERCIAL_PR;Comm Music Pack;953;Music Choice Symphony;Audio;Audio;Si
Puerto Rico;COMERCIAL_PR;Comm Music Pack;954;Music Choice Dance/EDM;Audio;Audio;Si
Puerto Rico;COMERCIAL_PR;Comm Music Pack;955;Music Choice Folk;Audio;Audio;Si
Puerto Rico;COMERCIAL_PR;Comm Music Pack;956;Music Choice Classic Dance;Audio;Audio;Si
Puerto Rico;COMERCIAL_PR;Comm Music Pack;957;Music Choice Gospel Hallelujah;Audio;Audio;Si
Puerto Rico;COMERCIAL_PR;Comm Music Pack;958;Music Choice Tropicales;Audio;Audio;Si
Puerto Rico;COMERCIAL_PR;Comm Music Pack;959;Music Choice Metal;Audio;Audio;Si
Puerto Rico;COMERCIAL_PR;Comm Music Pack;960;Music Choice Toddler Tunes;Audio;Audio;Si
Puerto Rico;COMERCIAL_PR;Comm Music Pack;961;Music Choice Y2k;Audio;Audio;Si
Puerto Rico;COMERCIAL_PR;Comm Music Pack;962;Music Choice Bluegrass;Audio;Audio;Si
Puerto Rico;COMERCIAL_PR;Comm Music Pack;963;Music Choice Vietnamese;Audio;Audio;Si
Puerto Rico;COMERCIAL_PR;Comm Music Pack;964;Music Choice Gospel;Audio;Audio;Si
Puerto Rico;COMERCIAL_PR;Comm Music Pack;965;Music Choice 60s Movement;Audio;Audio;Si
Puerto Rico;COMERCIAL_PR;Comm Music Pack;966;Music Choice Filipino;Audio;Audio;Si
Puerto Rico;COMERCIAL_PR;Comm Music Pack;967;Music Choice Sounds of the Season;Audio;Audio;Si
Puerto Rico;COMERCIAL_PR;Comm Bein Sports;162;Telemundo;HD;Nacional;No
Puerto Rico;COMERCIAL_PR;Comm Bein Sports;164;WAPA TV;HD;Nacional;No
Puerto Rico;COMERCIAL_PR;Comm Bein Sports;166;WIPR;SD;Nacional;No
Puerto Rico;COMERCIAL_PR;Comm Bein Sports;167;Teleislas;SD;Nacional;No
Puerto Rico;COMERCIAL_PR;Comm Bein Sports;168;TeleOnce HD;HD;Nacional;No
Puerto Rico;COMERCIAL_PR;Comm Bein Sports;169;Daystar Español;SD;Nacional;No
Puerto Rico;COMERCIAL_PR;Comm Bein Sports;170;Fox News;HD;Nacional;No
Puerto Rico;COMERCIAL_PR;Comm Bein Sports;172;ABC5;HD;Nacional;No
Puerto Rico;COMERCIAL_PR;Comm Bein Sports;174;CBS;HD;Nacional;No
Puerto Rico;COMERCIAL_PR;Comm Bein Sports;176;NBC PR;HD;Nacional;No
Puerto Rico;COMERCIAL_PR;Comm Bein Sports;179;Punto 2;HD;Nacional;No
Puerto Rico;COMERCIAL_PR;Comm Bein Sports;181;TV Dominicana;SD;Nacional;No
Puerto Rico;COMERCIAL_PR;Comm Bein Sports;182;TV Chile;SD;Nacional;No
Puerto Rico;COMERCIAL_PR;Comm Bein Sports;183;TeleOro;SD;Nacional;No
Puerto Rico;COMERCIAL_PR;Comm Bein Sports;185;Telecinco;SD;Local;No
Puerto Rico;COMERCIAL_PR;Comm Bein Sports;186;UniMás;SD;Local;No
Puerto Rico;COMERCIAL_PR;Comm Bein Sports;188;QVC;SD;Variedades;No
Puerto Rico;COMERCIAL_PR;Comm Bein Sports;189;QVC 2;SD;Variedades;No
Puerto Rico;COMERCIAL_PR;Comm Bein Sports;190;Home Shopping Network (HSN);SD;Variedades;No
Puerto Rico;COMERCIAL_PR;Comm Bein Sports;191;Home Shopping Network (HSN) 2;SD;Variedades;No
Puerto Rico;COMERCIAL_PR;Comm Bein Sports;220;Bravo;HD;Variedades;No
Puerto Rico;COMERCIAL_PR;Comm Bein Sports;221;¡Hola! TV;SD;Variedades;No
Puerto Rico;COMERCIAL_PR;Comm Bein Sports;222;E! Entertainment HD;HD;Variedades;No
Puerto Rico;COMERCIAL_PR;Comm Bein Sports;225;Pasiones;SD;Variedades;No
Puerto Rico;COMERCIAL_PR;Comm Bein Sports;226;QVC;SD;Variedades;No
Puerto Rico;COMERCIAL_PR;Comm Bein Sports;227;Home Shopping Network (HSN);SD;Variedades;No
Puerto Rico;COMERCIAL_PR;Comm Bein Sports;228;Food Network;HD;Variedades;No
Puerto Rico;COMERCIAL_PR;Comm Bein Sports;229;Blossom;SD;Variedades;Si
Puerto Rico;COMERCIAL_PR;Comm Bein Sports;230;BET;SD;Variedades;No
Puerto Rico;COMERCIAL_PR;Comm Bein Sports;242;FX HD;HD;Variedades;No
Puerto Rico;COMERCIAL_PR;Comm Bein Sports;244;TNT;HD;Variedades;No
Puerto Rico;COMERCIAL_PR;Comm Bein Sports;246;USA Network;HD;Variedades;No
Puerto Rico;COMERCIAL_PR;Comm Bein Sports;248;TBS;HD;Variedades;No
Puerto Rico;COMERCIAL_PR;Comm Bein Sports;249;TLnovelas;SD;Variedades;No
Puerto Rico;COMERCIAL_PR;Comm Bein Sports;250;HGTV;HD;Variedades;No
Puerto Rico;COMERCIAL_PR;Comm Bein Sports;252;Freeform;HD;Variedades;No
Puerto Rico;COMERCIAL_PR;Comm Bein Sports;254;Paramount Network;HD;Variedades;No
Puerto Rico;COMERCIAL_PR;Comm Bein Sports;256;A&E;HD;Variedades;No
Puerto Rico;COMERCIAL_PR;Comm Bein Sports;260;MTV;HD;Variedades;No
Puerto Rico;COMERCIAL_PR;Comm Bein Sports;261;MTV 2;HD;Variedades;No
Puerto Rico;COMERCIAL_PR;Comm Bein Sports;262;VH1;HD;Variedades;No
Puerto Rico;COMERCIAL_PR;Comm Bein Sports;263;Comedy Central;HD;Variedades;No
Puerto Rico;COMERCIAL_PR;Comm Bein Sports;264;VICE;SD;Variedades;No
Puerto Rico;COMERCIAL_PR;Comm Bein Sports;267;Cooking Channel;HD;Variedades;No
Puerto Rico;COMERCIAL_PR;Comm Bein Sports;268;So Yummy;SD;Variedades;Si
Puerto Rico;COMERCIAL_PR;Comm Bein Sports;320;Cartoon Network;HD;Infantil;No
Puerto Rico;COMERCIAL_PR;Comm Bein Sports;322;Nickelodeon;HD;Infantil;No
Puerto Rico;COMERCIAL_PR;Comm Bein Sports;324;Disney Channel;HD;Infantil;No
Puerto Rico;COMERCIAL_PR;Comm Bein Sports;326;Disney XD;HD;Infantil;No
Puerto Rico;COMERCIAL_PR;Comm Bein Sports;330;Discovery Kids LA;SD;Infantil;No
Puerto Rico;COMERCIAL_PR;Comm Bein Sports;332;LooLoo Kids;SD;Infantil;No
Puerto Rico;COMERCIAL_PR;Comm Bein Sports;336;Boomerang;SD;Infantil;No
Puerto Rico;COMERCIAL_PR;Comm Bein Sports;337;Nick Jr.;HD;Infantil;No
Puerto Rico;COMERCIAL_PR;Comm Bein Sports;338;Vme;SD;Infantil;No
Puerto Rico;COMERCIAL_PR;Comm Bein Sports;339;Baby First TV;SD;Infantil;No
Puerto Rico;COMERCIAL_PR;Comm Bein Sports;350;EWTN;SD;Religioso;No
Puerto Rico;COMERCIAL_PR;Comm Bein Sports;352;Enlace;SD;Religioso;No
Puerto Rico;COMERCIAL_PR;Comm Bein Sports;354;Christian Television Network (CTN);SD;Religioso;No
Puerto Rico;COMERCIAL_PR;Comm Bein Sports;462;Playboy TV;SD;Adultos;No
Puerto Rico;COMERCIAL_PR;Comm Bein Sports;465;Brazzers TV;SD;Adultos;No
Puerto Rico;COMERCIAL_PR;Comm Bein Sports;468;Hustler;SD;Adultos;No
Puerto Rico;COMERCIAL_PR;Comm Bein Sports;511;AMC;HD;Cine;No
Puerto Rico;COMERCIAL_PR;Comm Bein Sports;514;Cine Latino;SD;Cine;No
Puerto Rico;COMERCIAL_PR;Comm Bein Sports;516;De Película;SD;Cine;No
Puerto Rico;COMERCIAL_PR;Comm Bein Sports;517;Lifetime;HD;Cine;No
Puerto Rico;COMERCIAL_PR;Comm Bein Sports;518;Lifetime Moivie Network;HD;Cine;No
Puerto Rico;COMERCIAL_PR;Comm Bein Sports;520;Hallmark Channel;HD;Cine;No
Puerto Rico;COMERCIAL_PR;Comm Bein Sports;521;Hallmark Family;HD;Cine;No
Puerto Rico;COMERCIAL_PR;Comm Bein Sports;522;Hallmark Mistery;SD;Cine;No
Puerto Rico;COMERCIAL_PR;Comm Bein Sports;550;MGM Mas;HD;Cine;No
Puerto Rico;COMERCIAL_PR;Comm Bein Sports;551;MGM Mas Hits;HD;Cine;No
Puerto Rico;COMERCIAL_PR;Comm Bein Sports;552;MGM Mas Marquee;HD;Cine;No
Puerto Rico;COMERCIAL_PR;Comm Bein Sports;564;HBO;HD;Cine;No
Puerto Rico;COMERCIAL_PR;Comm Bein Sports;565;HBO Hits;HD;Cine;No
Puerto Rico;COMERCIAL_PR;Comm Bein Sports;566;HBO Movie;HD;Cine;No
Puerto Rico;COMERCIAL_PR;Comm Bein Sports;567;HBO Drama;HD;Cine;No
Puerto Rico;COMERCIAL_PR;Comm Bein Sports;569;HBO Comedy;HD;Cine;No
Puerto Rico;COMERCIAL_PR;Comm Bein Sports;570;HBO Latino;HD;Cine;No
Puerto Rico;COMERCIAL_PR;Comm Bein Sports;571;Cinemax;HD;Cine;No
Puerto Rico;COMERCIAL_PR;Comm Bein Sports;572;Cinemax Hits;HD;Cine;No
Puerto Rico;COMERCIAL_PR;Comm Bein Sports;574;Cinemax Action;HD;Cine;No
Puerto Rico;COMERCIAL_PR;Comm Bein Sports;577;Paramount+ with Showtime;HD;Cine;No
Puerto Rico;COMERCIAL_PR;Comm Bein Sports;578;Showtime 2;HD;Cine;No
Puerto Rico;COMERCIAL_PR;Comm Bein Sports;579;Showtime Beyond;HD;Cine;No
Puerto Rico;COMERCIAL_PR;Comm Bein Sports;580;Showcase;HD;Cine;No
Puerto Rico;COMERCIAL_PR;Comm Bein Sports;581;Showtime Extreme;HD;Cine;No
Puerto Rico;COMERCIAL_PR;Comm Bein Sports;582;The Movie Channel;SD;Cine;No
Puerto Rico;COMERCIAL_PR;Comm Bein Sports;585;Starz;HD;Cine;No
Puerto Rico;COMERCIAL_PR;Comm Bein Sports;586;Starz Kids & Family;HD;Cine;No
Puerto Rico;COMERCIAL_PR;Comm Bein Sports;587;Starz Cinema;HD;Cine;No
Puerto Rico;COMERCIAL_PR;Comm Bein Sports;588;Encore Action;SD;Cine;No
Puerto Rico;COMERCIAL_PR;Comm Bein Sports;589;Encore;HD;Cine;No
Puerto Rico;COMERCIAL_PR;Comm Bein Sports;590;Encore Family;SD;Cine;No
Puerto Rico;COMERCIAL_PR;Comm Bein Sports;601;NBA League Pass;HD;Deportes;No
Puerto Rico;COMERCIAL_PR;Comm Bein Sports;619;NBA League Pass;HD;Deportes;No
Puerto Rico;COMERCIAL_PR;Comm Bein Sports;620;NFL Sunday Ticket;HD;Deportes;No
Puerto Rico;COMERCIAL_PR;Comm Bein Sports;639;NFL Sunday Ticket;HD;Deportes;No
Puerto Rico;COMERCIAL_PR;Comm Bein Sports;640;Thursday Night Football;HD;Deportes;No
Puerto Rico;COMERCIAL_PR;Comm Bein Sports;645;ESPN;HD;Deportes;No
Puerto Rico;COMERCIAL_PR;Comm Bein Sports;646;ESPN News;HD;Deportes;No
Puerto Rico;COMERCIAL_PR;Comm Bein Sports;648;ESPN 2;HD;Deportes;No
Puerto Rico;COMERCIAL_PR;Comm Bein Sports;649;ESPN Deportes;HD;Deportes;No
Puerto Rico;COMERCIAL_PR;Comm Bein Sports;651;Fox Deportes;SD;Deportes;No
Puerto Rico;COMERCIAL_PR;Comm Bein Sports;652;The Tennis Channel;HD;Deportes;No
Puerto Rico;COMERCIAL_PR;Comm Bein Sports;653;NBA TV;HD;Deportes;No
Puerto Rico;COMERCIAL_PR;Comm Bein Sports;654;The Golf Channel;HD;Deportes;No
Puerto Rico;COMERCIAL_PR;Comm Bein Sports;655;Fox Sports;HD;Deportes;No
Puerto Rico;COMERCIAL_PR;Comm Bein Sports;656;MLB Network;HD;Deportes;No
Puerto Rico;COMERCIAL_PR;Comm Bein Sports;657;WAPA Deportes;HD;Deportes;No
Puerto Rico;COMERCIAL_PR;Comm Bein Sports;659;Racer Network;HD;Deportes;No
Puerto Rico;COMERCIAL_PR;Comm Bein Sports;702;CNN;HD;Mundo;No
Puerto Rico;COMERCIAL_PR;Comm Bein Sports;704;CNN en Español;SD;Mundo;No
Puerto Rico;COMERCIAL_PR;Comm Bein Sports;708;Headline News;HD;Mundo;No
Puerto Rico;COMERCIAL_PR;Comm Bein Sports;710;Bloomberg;HD;Mundo;No
Puerto Rico;COMERCIAL_PR;Comm Bein Sports;712;AccuWeather;HD;Mundo;No
Puerto Rico;COMERCIAL_PR;Comm Bein Sports;714;Estrella TV;SD;Mundo;No
Puerto Rico;COMERCIAL_PR;Comm Bein Sports;720;CSPAN2;SD;Mundo;No
Puerto Rico;COMERCIAL_PR;Comm Bein Sports;730;Nat Geo Mundo;SD;Mundo;No
Puerto Rico;COMERCIAL_PR;Comm Bein Sports;732;Discovery em Español;SD;Mundo;No
Puerto Rico;COMERCIAL_PR;Comm Bein Sports;734;Animal Planet LA;SD;Mundo;No
Puerto Rico;COMERCIAL_PR;Comm Bein Sports;735;Animal Planet US;HD;Mundo;No
Puerto Rico;COMERCIAL_PR;Comm Bein Sports;742;History Andes;SD;Mundo;No
Puerto Rico;COMERCIAL_PR;Comm Bein Sports;744;FYI;HD;Mundo;No
Puerto Rico;COMERCIAL_PR;Comm Bein Sports;745;SyFy;HD;Mundo;No
Puerto Rico;COMERCIAL_PR;Comm Bein Sports;746;Discovery Turbo;HD;Mundo;No
Puerto Rico;COMERCIAL_PR;Comm Bein Sports;752;Discovery US;HD;Mundo;No
Puerto Rico;COMERCIAL_PR;Comm Bein Sports;754;The Learning Channel;HD;Mundo;No
Puerto Rico;COMERCIAL_PR;Comm Bein Sports;756;History Channel;HD;Mundo;No
Puerto Rico;COMERCIAL_PR;Comm Bein Sports;760;TVE;SD;Variedades;No
Puerto Rico;COMERCIAL_PR;Comm Bein Sports;762;Antena 3;SD;Mundo;No
Puerto Rico;COMERCIAL_PR;Comm Bein Sports;764;HITN;SD;Variedades;No
Puerto Rico;COMERCIAL_PR;Comm Bein Sports;768;BBC América;HD;Mundo;No
Puerto Rico;COMERCIAL_PR;Comm Bein Sports;901;Music Choice Rock Hits;Audio;Audio;No
Puerto Rico;COMERCIAL_PR;Comm Bein Sports;902;Music Choice 80s Rock;Audio;Audio;No
Puerto Rico;COMERCIAL_PR;Comm Bein Sports;903;Music Choice Jazz Vocal Hits;Audio;Audio;No
Puerto Rico;COMERCIAL_PR;Comm Bein Sports;904;Music Choice Country Hits;Audio;Audio;No
Puerto Rico;COMERCIAL_PR;Comm Bein Sports;905;Music Choice New Age;Audio;Audio;No
Puerto Rico;COMERCIAL_PR;Comm Bein Sports;906;Music Choice Funk;Audio;Audio;No
Puerto Rico;COMERCIAL_PR;Comm Bein Sports;907;Music Choice 90s;Audio;Audio;No
Puerto Rico;COMERCIAL_PR;Comm Bein Sports;908;Music Choice Blues;Audio;Audio;No
Puerto Rico;COMERCIAL_PR;Comm Bein Sports;909;Music Choice Love Songs;Audio;Audio;No
Puerto Rico;COMERCIAL_PR;Comm Bein Sports;910;Music Choice Musica Urbana;Audio;Audio;No
Puerto Rico;COMERCIAL_PR;Comm Bein Sports;911;Music Choice R&B Classics;Audio;Audio;No
Puerto Rico;COMERCIAL_PR;Comm Bein Sports;912;Music Choice Latin Jazz;Audio;Audio;No
Puerto Rico;COMERCIAL_PR;Comm Bein Sports;913;Music Choice Soft Rock;Audio;Audio;No
Puerto Rico;COMERCIAL_PR;Comm Bein Sports;914;Music Choice Rap;Audio;Audio;No
Puerto Rico;COMERCIAL_PR;Comm Bein Sports;915;Music Choice All Xmas;Audio;Audio;No
Puerto Rico;COMERCIAL_PR;Comm Bein Sports;916;Music Choice Workout;Audio;Audio;No
Puerto Rico;COMERCIAL_PR;Comm Bein Sports;917;Music Choice Broadway;Audio;Audio;No
Puerto Rico;COMERCIAL_PR;Comm Bein Sports;918;Music Choice Adult Alternative;Audio;Audio;No
Puerto Rico;COMERCIAL_PR;Comm Bein Sports;919;Music Choice Pop Hits;Audio;Audio;No
Puerto Rico;COMERCIAL_PR;Comm Bein Sports;920;Music Choice New Wave;Audio;Audio;No
Puerto Rico;COMERCIAL_PR;Comm Bein Sports;921;Music Choice 70s;Audio;Audio;No
Puerto Rico;COMERCIAL_PR;Comm Bein Sports;922;Music Choice Kidz Only!;Audio;Audio;No
Puerto Rico;COMERCIAL_PR;Comm Bein Sports;923;Music Choice 80s;Audio;Audio;No
Puerto Rico;COMERCIAL_PR;Comm Bein Sports;924;Music Choice Rock Latino;Audio;Audio;No
Puerto Rico;COMERCIAL_PR;Comm Bein Sports;925;Music Choice Retro Workout;Audio;Audio;No
Puerto Rico;COMERCIAL_PR;Comm Bein Sports;926;Music Choice Contemporary Christian;Audio;Audio;No
Puerto Rico;COMERCIAL_PR;Comm Bein Sports;927;Music Choice Reggae;Audio;Audio;No
Puerto Rico;COMERCIAL_PR;Comm Bein Sports;928;Music Choice Alternative;Audio;Audio;No
Puerto Rico;COMERCIAL_PR;Comm Bein Sports;929;Music Choice Pop & Country;Audio;Audio;No
Puerto Rico;COMERCIAL_PR;Comm Bein Sports;930;Music Choice Pop Latino;Audio;Audio;No
Puerto Rico;COMERCIAL_PR;Comm Bein Sports;931;Music Choice Classic Country;Audio;Audio;No
Puerto Rico;COMERCIAL_PR;Comm Bein Sports;932;Music Choice Big Band;Audio;Audio;No
Puerto Rico;COMERCIAL_PR;Comm Bein Sports;933;Music Choice Todays Country;Audio;Audio;No
Puerto Rico;COMERCIAL_PR;Comm Bein Sports;934;Music Choice Hit List;Audio;Audio;No
Puerto Rico;COMERCIAL_PR;Comm Bein Sports;935;Music Choice Hip-Hop And R&B;Audio;Audio;No
Puerto Rico;COMERCIAL_PR;Comm Bein Sports;936;Music Choice Teen Beats;Audio;Audio;No
Puerto Rico;COMERCIAL_PR;Comm Bein Sports;937;Music Choice Coffee Shop Cuts;Audio;Audio;No
Puerto Rico;COMERCIAL_PR;Comm Bein Sports;938;Music Choice Honky Tonk;Audio;Audio;No
Puerto Rico;COMERCIAL_PR;Comm Bein Sports;939;Music Choice Soundscapes;Audio;Audio;No
Puerto Rico;COMERCIAL_PR;Comm Bein Sports;940;Music Choice Light Classical;Audio;Audio;No
Puerto Rico;COMERCIAL_PR;Comm Bein Sports;941;Music Choice Classic Alternative;Audio;Audio;No
Puerto Rico;COMERCIAL_PR;Comm Bein Sports;942;Music Choice Indie;Audio;Audio;No
Puerto Rico;COMERCIAL_PR;Comm Bein Sports;943;Music Choice Malt Shop Favorites;Audio;Audio;No
Puerto Rico;COMERCIAL_PR;Comm Bein Sports;944;Music Choice Smooth Jazz;Audio;Audio;No
Puerto Rico;COMERCIAL_PR;Comm Bein Sports;945;Music Choice Contemporary Instrumentals;Audio;Audio;No
Puerto Rico;COMERCIAL_PR;Comm Bein Sports;946;Music Choice Hard Rock;Audio;Audio;No
Puerto Rico;COMERCIAL_PR;Comm Bein Sports;947;Music Choice Throwback Jamz;Audio;Audio;No
Puerto Rico;COMERCIAL_PR;Comm Bein Sports;948;Music Choice Classic Rock;Audio;Audio;No
Puerto Rico;COMERCIAL_PR;Comm Bein Sports;949;Music Choice Movie Scores;Audio;Audio;No
Puerto Rico;COMERCIAL_PR;Comm Bein Sports;950;Music Choice Max;Audio;Audio;No
Puerto Rico;COMERCIAL_PR;Comm Bein Sports;951;Music Choice Mainstream Rap;Audio;Audio;No
Puerto Rico;COMERCIAL_PR;Comm Bein Sports;952;Music Choice Americana;Audio;Audio;No
Puerto Rico;COMERCIAL_PR;Comm Bein Sports;953;Music Choice Symphony;Audio;Audio;No
Puerto Rico;COMERCIAL_PR;Comm Bein Sports;954;Music Choice Dance/EDM;Audio;Audio;No
Puerto Rico;COMERCIAL_PR;Comm Bein Sports;955;Music Choice Folk;Audio;Audio;No
Puerto Rico;COMERCIAL_PR;Comm Bein Sports;956;Music Choice Classic Dance;Audio;Audio;No
Puerto Rico;COMERCIAL_PR;Comm Bein Sports;957;Music Choice Gospel Hallelujah;Audio;Audio;No
Puerto Rico;COMERCIAL_PR;Comm Bein Sports;958;Music Choice Tropicales;Audio;Audio;No
Puerto Rico;COMERCIAL_PR;Comm Bein Sports;959;Music Choice Metal;Audio;Audio;No
Puerto Rico;COMERCIAL_PR;Comm Bein Sports;960;Music Choice Toddler Tunes;Audio;Audio;No
Puerto Rico;COMERCIAL_PR;Comm Bein Sports;961;Music Choice Y2k;Audio;Audio;No
Puerto Rico;COMERCIAL_PR;Comm Bein Sports;962;Music Choice Bluegrass;Audio;Audio;No
Puerto Rico;COMERCIAL_PR;Comm Bein Sports;963;Music Choice Vietnamese;Audio;Audio;No
Puerto Rico;COMERCIAL_PR;Comm Bein Sports;964;Music Choice Gospel;Audio;Audio;No
Puerto Rico;COMERCIAL_PR;Comm Bein Sports;965;Music Choice 60s Movement;Audio;Audio;No
Puerto Rico;COMERCIAL_PR;Comm Bein Sports;966;Music Choice Filipino;Audio;Audio;No
Puerto Rico;COMERCIAL_PR;Comm Bein Sports;967;Music Choice Sounds of the Season;Audio;Audio;No
Puerto Rico;COMERCIAL_PR;Comm Sports Pack;162;Telemundo;HD;Nacional;No
Puerto Rico;COMERCIAL_PR;Comm Sports Pack;164;WAPA TV;HD;Nacional;No
Puerto Rico;COMERCIAL_PR;Comm Sports Pack;166;WIPR;SD;Nacional;No
Puerto Rico;COMERCIAL_PR;Comm Sports Pack;167;Teleislas;SD;Nacional;No
Puerto Rico;COMERCIAL_PR;Comm Sports Pack;168;TeleOnce HD;HD;Nacional;No
Puerto Rico;COMERCIAL_PR;Comm Sports Pack;169;Daystar Español;SD;Nacional;No
Puerto Rico;COMERCIAL_PR;Comm Sports Pack;170;Fox News;HD;Nacional;No
Puerto Rico;COMERCIAL_PR;Comm Sports Pack;172;ABC5;HD;Nacional;No
Puerto Rico;COMERCIAL_PR;Comm Sports Pack;174;CBS;HD;Nacional;No
Puerto Rico;COMERCIAL_PR;Comm Sports Pack;176;NBC PR;HD;Nacional;No
Puerto Rico;COMERCIAL_PR;Comm Sports Pack;179;Punto 2;HD;Nacional;No
Puerto Rico;COMERCIAL_PR;Comm Sports Pack;181;TV Dominicana;SD;Nacional;No
Puerto Rico;COMERCIAL_PR;Comm Sports Pack;182;TV Chile;SD;Nacional;No
Puerto Rico;COMERCIAL_PR;Comm Sports Pack;183;TeleOro;SD;Nacional;No
Puerto Rico;COMERCIAL_PR;Comm Sports Pack;185;Telecinco;SD;Local;No
Puerto Rico;COMERCIAL_PR;Comm Sports Pack;186;UniMás;SD;Local;No
Puerto Rico;COMERCIAL_PR;Comm Sports Pack;188;QVC;SD;Variedades;No
Puerto Rico;COMERCIAL_PR;Comm Sports Pack;189;QVC 2;SD;Variedades;No
Puerto Rico;COMERCIAL_PR;Comm Sports Pack;190;Home Shopping Network (HSN);SD;Variedades;No
Puerto Rico;COMERCIAL_PR;Comm Sports Pack;191;Home Shopping Network (HSN) 2;SD;Variedades;No
Puerto Rico;COMERCIAL_PR;Comm Sports Pack;220;Bravo;HD;Variedades;No
Puerto Rico;COMERCIAL_PR;Comm Sports Pack;221;¡Hola! TV;SD;Variedades;No
Puerto Rico;COMERCIAL_PR;Comm Sports Pack;222;E! Entertainment HD;HD;Variedades;No
Puerto Rico;COMERCIAL_PR;Comm Sports Pack;225;Pasiones;SD;Variedades;No
Puerto Rico;COMERCIAL_PR;Comm Sports Pack;226;QVC;SD;Variedades;No
Puerto Rico;COMERCIAL_PR;Comm Sports Pack;227;Home Shopping Network (HSN);SD;Variedades;No
Puerto Rico;COMERCIAL_PR;Comm Sports Pack;228;Food Network;HD;Variedades;No
Puerto Rico;COMERCIAL_PR;Comm Sports Pack;229;Blossom;SD;Variedades;Si
Puerto Rico;COMERCIAL_PR;Comm Sports Pack;230;BET;SD;Variedades;No
Puerto Rico;COMERCIAL_PR;Comm Sports Pack;242;FX HD;HD;Variedades;No
Puerto Rico;COMERCIAL_PR;Comm Sports Pack;244;TNT;HD;Variedades;No
Puerto Rico;COMERCIAL_PR;Comm Sports Pack;246;USA Network;HD;Variedades;No
Puerto Rico;COMERCIAL_PR;Comm Sports Pack;248;TBS;HD;Variedades;No
Puerto Rico;COMERCIAL_PR;Comm Sports Pack;249;TLnovelas;SD;Variedades;No
Puerto Rico;COMERCIAL_PR;Comm Sports Pack;250;HGTV;HD;Variedades;No
Puerto Rico;COMERCIAL_PR;Comm Sports Pack;252;Freeform;HD;Variedades;No
Puerto Rico;COMERCIAL_PR;Comm Sports Pack;254;Paramount Network;HD;Variedades;No
Puerto Rico;COMERCIAL_PR;Comm Sports Pack;256;A&E;HD;Variedades;No
Puerto Rico;COMERCIAL_PR;Comm Sports Pack;260;MTV;HD;Variedades;No
Puerto Rico;COMERCIAL_PR;Comm Sports Pack;261;MTV 2;HD;Variedades;No
Puerto Rico;COMERCIAL_PR;Comm Sports Pack;262;VH1;HD;Variedades;No
Puerto Rico;COMERCIAL_PR;Comm Sports Pack;263;Comedy Central;HD;Variedades;No
Puerto Rico;COMERCIAL_PR;Comm Sports Pack;264;VICE;SD;Variedades;No
Puerto Rico;COMERCIAL_PR;Comm Sports Pack;267;Cooking Channel;HD;Variedades;No
Puerto Rico;COMERCIAL_PR;Comm Sports Pack;268;So Yummy;SD;Variedades;Si
Puerto Rico;COMERCIAL_PR;Comm Sports Pack;320;Cartoon Network;HD;Infantil;No
Puerto Rico;COMERCIAL_PR;Comm Sports Pack;322;Nickelodeon;HD;Infantil;No
Puerto Rico;COMERCIAL_PR;Comm Sports Pack;324;Disney Channel;HD;Infantil;No
Puerto Rico;COMERCIAL_PR;Comm Sports Pack;326;Disney XD;HD;Infantil;No
Puerto Rico;COMERCIAL_PR;Comm Sports Pack;330;Discovery Kids LA;SD;Infantil;No
Puerto Rico;COMERCIAL_PR;Comm Sports Pack;332;LooLoo Kids;SD;Infantil;No
Puerto Rico;COMERCIAL_PR;Comm Sports Pack;336;Boomerang;SD;Infantil;No
Puerto Rico;COMERCIAL_PR;Comm Sports Pack;337;Nick Jr.;HD;Infantil;No
Puerto Rico;COMERCIAL_PR;Comm Sports Pack;338;Vme;SD;Infantil;No
Puerto Rico;COMERCIAL_PR;Comm Sports Pack;339;Baby First TV;SD;Infantil;No
Puerto Rico;COMERCIAL_PR;Comm Sports Pack;350;EWTN;SD;Religioso;No
Puerto Rico;COMERCIAL_PR;Comm Sports Pack;352;Enlace;SD;Religioso;No
Puerto Rico;COMERCIAL_PR;Comm Sports Pack;354;Christian Television Network (CTN);SD;Religioso;No
Puerto Rico;COMERCIAL_PR;Comm Sports Pack;462;Playboy TV;SD;Adultos;No
Puerto Rico;COMERCIAL_PR;Comm Sports Pack;465;Brazzers TV;SD;Adultos;No
Puerto Rico;COMERCIAL_PR;Comm Sports Pack;468;Hustler;SD;Adultos;No
Puerto Rico;COMERCIAL_PR;Comm Sports Pack;511;AMC;HD;Cine;No
Puerto Rico;COMERCIAL_PR;Comm Sports Pack;514;Cine Latino;SD;Cine;No
Puerto Rico;COMERCIAL_PR;Comm Sports Pack;516;De Película;SD;Cine;No
Puerto Rico;COMERCIAL_PR;Comm Sports Pack;517;Lifetime;HD;Cine;No
Puerto Rico;COMERCIAL_PR;Comm Sports Pack;518;Lifetime Moivie Network;HD;Cine;No
Puerto Rico;COMERCIAL_PR;Comm Sports Pack;520;Hallmark Channel;HD;Cine;No
Puerto Rico;COMERCIAL_PR;Comm Sports Pack;521;Hallmark Family;HD;Cine;No
Puerto Rico;COMERCIAL_PR;Comm Sports Pack;522;Hallmark Mistery;SD;Cine;No
Puerto Rico;COMERCIAL_PR;Comm Sports Pack;550;MGM Mas;HD;Cine;No
Puerto Rico;COMERCIAL_PR;Comm Sports Pack;551;MGM Mas Hits;HD;Cine;No
Puerto Rico;COMERCIAL_PR;Comm Sports Pack;552;MGM Mas Marquee;HD;Cine;No
Puerto Rico;COMERCIAL_PR;Comm Sports Pack;564;HBO;HD;Cine;No
Puerto Rico;COMERCIAL_PR;Comm Sports Pack;565;HBO Hits;HD;Cine;No
Puerto Rico;COMERCIAL_PR;Comm Sports Pack;566;HBO Movie;HD;Cine;No
Puerto Rico;COMERCIAL_PR;Comm Sports Pack;567;HBO Drama;HD;Cine;No
Puerto Rico;COMERCIAL_PR;Comm Sports Pack;569;HBO Comedy;HD;Cine;No
Puerto Rico;COMERCIAL_PR;Comm Sports Pack;570;HBO Latino;HD;Cine;No
Puerto Rico;COMERCIAL_PR;Comm Sports Pack;571;Cinemax;HD;Cine;No
Puerto Rico;COMERCIAL_PR;Comm Sports Pack;572;Cinemax Hits;HD;Cine;No
Puerto Rico;COMERCIAL_PR;Comm Sports Pack;574;Cinemax Action;HD;Cine;No
Puerto Rico;COMERCIAL_PR;Comm Sports Pack;577;Paramount+ with Showtime;HD;Cine;No
Puerto Rico;COMERCIAL_PR;Comm Sports Pack;578;Showtime 2;HD;Cine;No
Puerto Rico;COMERCIAL_PR;Comm Sports Pack;579;Showtime Beyond;HD;Cine;No
Puerto Rico;COMERCIAL_PR;Comm Sports Pack;580;Showcase;HD;Cine;No
Puerto Rico;COMERCIAL_PR;Comm Sports Pack;581;Showtime Extreme;HD;Cine;No
Puerto Rico;COMERCIAL_PR;Comm Sports Pack;582;The Movie Channel;SD;Cine;No
Puerto Rico;COMERCIAL_PR;Comm Sports Pack;585;Starz;HD;Cine;No
Puerto Rico;COMERCIAL_PR;Comm Sports Pack;586;Starz Kids & Family;HD;Cine;No
Puerto Rico;COMERCIAL_PR;Comm Sports Pack;587;Starz Cinema;HD;Cine;No
Puerto Rico;COMERCIAL_PR;Comm Sports Pack;588;Encore Action;SD;Cine;No
Puerto Rico;COMERCIAL_PR;Comm Sports Pack;589;Encore;HD;Cine;No
Puerto Rico;COMERCIAL_PR;Comm Sports Pack;590;Encore Family;SD;Cine;No
Puerto Rico;COMERCIAL_PR;Comm Sports Pack;601;NBA League Pass;HD;Deportes;No
Puerto Rico;COMERCIAL_PR;Comm Sports Pack;619;NBA League Pass;HD;Deportes;No
Puerto Rico;COMERCIAL_PR;Comm Sports Pack;620;NFL Sunday Ticket;HD;Deportes;No
Puerto Rico;COMERCIAL_PR;Comm Sports Pack;639;NFL Sunday Ticket;HD;Deportes;No
Puerto Rico;COMERCIAL_PR;Comm Sports Pack;640;Thursday Night Football;HD;Deportes;No
Puerto Rico;COMERCIAL_PR;Comm Sports Pack;645;ESPN;HD;Deportes;Si
Puerto Rico;COMERCIAL_PR;Comm Sports Pack;646;ESPN News;HD;Deportes;Si
Puerto Rico;COMERCIAL_PR;Comm Sports Pack;648;ESPN 2;HD;Deportes;Si
Puerto Rico;COMERCIAL_PR;Comm Sports Pack;649;ESPN Deportes;HD;Deportes;Si
Puerto Rico;COMERCIAL_PR;Comm Sports Pack;651;Fox Deportes;SD;Deportes;No
Puerto Rico;COMERCIAL_PR;Comm Sports Pack;652;The Tennis Channel;HD;Deportes;Si
Puerto Rico;COMERCIAL_PR;Comm Sports Pack;653;NBA TV;HD;Deportes;Si
Puerto Rico;COMERCIAL_PR;Comm Sports Pack;654;The Golf Channel;HD;Deportes;Si
Puerto Rico;COMERCIAL_PR;Comm Sports Pack;655;Fox Sports;HD;Deportes;Si
Puerto Rico;COMERCIAL_PR;Comm Sports Pack;656;MLB Network;HD;Deportes;Si
Puerto Rico;COMERCIAL_PR;Comm Sports Pack;657;WAPA Deportes;HD;Deportes;Si
Puerto Rico;COMERCIAL_PR;Comm Sports Pack;659;Racer Network;HD;Deportes;No
Puerto Rico;COMERCIAL_PR;Comm Sports Pack;702;CNN;HD;Mundo;No
Puerto Rico;COMERCIAL_PR;Comm Sports Pack;704;CNN en Español;SD;Mundo;No
Puerto Rico;COMERCIAL_PR;Comm Sports Pack;708;Headline News;HD;Mundo;No
Puerto Rico;COMERCIAL_PR;Comm Sports Pack;710;Bloomberg;HD;Mundo;No
Puerto Rico;COMERCIAL_PR;Comm Sports Pack;712;AccuWeather;HD;Mundo;No
Puerto Rico;COMERCIAL_PR;Comm Sports Pack;714;Estrella TV;SD;Mundo;No
Puerto Rico;COMERCIAL_PR;Comm Sports Pack;720;CSPAN2;SD;Mundo;No
Puerto Rico;COMERCIAL_PR;Comm Sports Pack;730;Nat Geo Mundo;SD;Mundo;No
Puerto Rico;COMERCIAL_PR;Comm Sports Pack;732;Discovery em Español;SD;Mundo;No
Puerto Rico;COMERCIAL_PR;Comm Sports Pack;734;Animal Planet LA;SD;Mundo;No
Puerto Rico;COMERCIAL_PR;Comm Sports Pack;735;Animal Planet US;HD;Mundo;No
Puerto Rico;COMERCIAL_PR;Comm Sports Pack;742;History Andes;SD;Mundo;No
Puerto Rico;COMERCIAL_PR;Comm Sports Pack;744;FYI;HD;Mundo;No
Puerto Rico;COMERCIAL_PR;Comm Sports Pack;745;SyFy;HD;Mundo;No
Puerto Rico;COMERCIAL_PR;Comm Sports Pack;746;Discovery Turbo;HD;Mundo;No
Puerto Rico;COMERCIAL_PR;Comm Sports Pack;752;Discovery US;HD;Mundo;No
Puerto Rico;COMERCIAL_PR;Comm Sports Pack;754;The Learning Channel;HD;Mundo;No
Puerto Rico;COMERCIAL_PR;Comm Sports Pack;756;History Channel;HD;Mundo;No
Puerto Rico;COMERCIAL_PR;Comm Sports Pack;760;TVE;SD;Variedades;No
Puerto Rico;COMERCIAL_PR;Comm Sports Pack;762;Antena 3;SD;Mundo;No
Puerto Rico;COMERCIAL_PR;Comm Sports Pack;764;HITN;SD;Variedades;No
Puerto Rico;COMERCIAL_PR;Comm Sports Pack;768;BBC América;HD;Mundo;No
Puerto Rico;COMERCIAL_PR;Comm Sports Pack;901;Music Choice Rock Hits;Audio;Audio;No
Puerto Rico;COMERCIAL_PR;Comm Sports Pack;902;Music Choice 80s Rock;Audio;Audio;No
Puerto Rico;COMERCIAL_PR;Comm Sports Pack;903;Music Choice Jazz Vocal Hits;Audio;Audio;No
Puerto Rico;COMERCIAL_PR;Comm Sports Pack;904;Music Choice Country Hits;Audio;Audio;No
Puerto Rico;COMERCIAL_PR;Comm Sports Pack;905;Music Choice New Age;Audio;Audio;No
Puerto Rico;COMERCIAL_PR;Comm Sports Pack;906;Music Choice Funk;Audio;Audio;No
Puerto Rico;COMERCIAL_PR;Comm Sports Pack;907;Music Choice 90s;Audio;Audio;No
Puerto Rico;COMERCIAL_PR;Comm Sports Pack;908;Music Choice Blues;Audio;Audio;No
Puerto Rico;COMERCIAL_PR;Comm Sports Pack;909;Music Choice Love Songs;Audio;Audio;No
Puerto Rico;COMERCIAL_PR;Comm Sports Pack;910;Music Choice Musica Urbana;Audio;Audio;No
Puerto Rico;COMERCIAL_PR;Comm Sports Pack;911;Music Choice R&B Classics;Audio;Audio;No
Puerto Rico;COMERCIAL_PR;Comm Sports Pack;912;Music Choice Latin Jazz;Audio;Audio;No
Puerto Rico;COMERCIAL_PR;Comm Sports Pack;913;Music Choice Soft Rock;Audio;Audio;No
Puerto Rico;COMERCIAL_PR;Comm Sports Pack;914;Music Choice Rap;Audio;Audio;No
Puerto Rico;COMERCIAL_PR;Comm Sports Pack;915;Music Choice All Xmas;Audio;Audio;No
Puerto Rico;COMERCIAL_PR;Comm Sports Pack;916;Music Choice Workout;Audio;Audio;No
Puerto Rico;COMERCIAL_PR;Comm Sports Pack;917;Music Choice Broadway;Audio;Audio;No
Puerto Rico;COMERCIAL_PR;Comm Sports Pack;918;Music Choice Adult Alternative;Audio;Audio;No
Puerto Rico;COMERCIAL_PR;Comm Sports Pack;919;Music Choice Pop Hits;Audio;Audio;No
Puerto Rico;COMERCIAL_PR;Comm Sports Pack;920;Music Choice New Wave;Audio;Audio;No
Puerto Rico;COMERCIAL_PR;Comm Sports Pack;921;Music Choice 70s;Audio;Audio;No
Puerto Rico;COMERCIAL_PR;Comm Sports Pack;922;Music Choice Kidz Only!;Audio;Audio;No
Puerto Rico;COMERCIAL_PR;Comm Sports Pack;923;Music Choice 80s;Audio;Audio;No
Puerto Rico;COMERCIAL_PR;Comm Sports Pack;924;Music Choice Rock Latino;Audio;Audio;No
Puerto Rico;COMERCIAL_PR;Comm Sports Pack;925;Music Choice Retro Workout;Audio;Audio;No
Puerto Rico;COMERCIAL_PR;Comm Sports Pack;926;Music Choice Contemporary Christian;Audio;Audio;No
Puerto Rico;COMERCIAL_PR;Comm Sports Pack;927;Music Choice Reggae;Audio;Audio;No
Puerto Rico;COMERCIAL_PR;Comm Sports Pack;928;Music Choice Alternative;Audio;Audio;No
Puerto Rico;COMERCIAL_PR;Comm Sports Pack;929;Music Choice Pop & Country;Audio;Audio;No
Puerto Rico;COMERCIAL_PR;Comm Sports Pack;930;Music Choice Pop Latino;Audio;Audio;No
Puerto Rico;COMERCIAL_PR;Comm Sports Pack;931;Music Choice Classic Country;Audio;Audio;No
Puerto Rico;COMERCIAL_PR;Comm Sports Pack;932;Music Choice Big Band;Audio;Audio;No
Puerto Rico;COMERCIAL_PR;Comm Sports Pack;933;Music Choice Todays Country;Audio;Audio;No
Puerto Rico;COMERCIAL_PR;Comm Sports Pack;934;Music Choice Hit List;Audio;Audio;No
Puerto Rico;COMERCIAL_PR;Comm Sports Pack;935;Music Choice Hip-Hop And R&B;Audio;Audio;No
Puerto Rico;COMERCIAL_PR;Comm Sports Pack;936;Music Choice Teen Beats;Audio;Audio;No
Puerto Rico;COMERCIAL_PR;Comm Sports Pack;937;Music Choice Coffee Shop Cuts;Audio;Audio;No
Puerto Rico;COMERCIAL_PR;Comm Sports Pack;938;Music Choice Honky Tonk;Audio;Audio;No
Puerto Rico;COMERCIAL_PR;Comm Sports Pack;939;Music Choice Soundscapes;Audio;Audio;No
Puerto Rico;COMERCIAL_PR;Comm Sports Pack;940;Music Choice Light Classical;Audio;Audio;No
Puerto Rico;COMERCIAL_PR;Comm Sports Pack;941;Music Choice Classic Alternative;Audio;Audio;No
Puerto Rico;COMERCIAL_PR;Comm Sports Pack;942;Music Choice Indie;Audio;Audio;No
Puerto Rico;COMERCIAL_PR;Comm Sports Pack;943;Music Choice Malt Shop Favorites;Audio;Audio;No
Puerto Rico;COMERCIAL_PR;Comm Sports Pack;944;Music Choice Smooth Jazz;Audio;Audio;No
Puerto Rico;COMERCIAL_PR;Comm Sports Pack;945;Music Choice Contemporary Instrumentals;Audio;Audio;No
Puerto Rico;COMERCIAL_PR;Comm Sports Pack;946;Music Choice Hard Rock;Audio;Audio;No
Puerto Rico;COMERCIAL_PR;Comm Sports Pack;947;Music Choice Throwback Jamz;Audio;Audio;No
Puerto Rico;COMERCIAL_PR;Comm Sports Pack;948;Music Choice Classic Rock;Audio;Audio;No
Puerto Rico;COMERCIAL_PR;Comm Sports Pack;949;Music Choice Movie Scores;Audio;Audio;No
Puerto Rico;COMERCIAL_PR;Comm Sports Pack;950;Music Choice Max;Audio;Audio;No
Puerto Rico;COMERCIAL_PR;Comm Sports Pack;951;Music Choice Mainstream Rap;Audio;Audio;No
Puerto Rico;COMERCIAL_PR;Comm Sports Pack;952;Music Choice Americana;Audio;Audio;No
Puerto Rico;COMERCIAL_PR;Comm Sports Pack;953;Music Choice Symphony;Audio;Audio;No
Puerto Rico;COMERCIAL_PR;Comm Sports Pack;954;Music Choice Dance/EDM;Audio;Audio;No
Puerto Rico;COMERCIAL_PR;Comm Sports Pack;955;Music Choice Folk;Audio;Audio;No
Puerto Rico;COMERCIAL_PR;Comm Sports Pack;956;Music Choice Classic Dance;Audio;Audio;No
Puerto Rico;COMERCIAL_PR;Comm Sports Pack;957;Music Choice Gospel Hallelujah;Audio;Audio;No
Puerto Rico;COMERCIAL_PR;Comm Sports Pack;958;Music Choice Tropicales;Audio;Audio;No
Puerto Rico;COMERCIAL_PR;Comm Sports Pack;959;Music Choice Metal;Audio;Audio;No
Puerto Rico;COMERCIAL_PR;Comm Sports Pack;960;Music Choice Toddler Tunes;Audio;Audio;No
Puerto Rico;COMERCIAL_PR;Comm Sports Pack;961;Music Choice Y2k;Audio;Audio;No
Puerto Rico;COMERCIAL_PR;Comm Sports Pack;962;Music Choice Bluegrass;Audio;Audio;No
Puerto Rico;COMERCIAL_PR;Comm Sports Pack;963;Music Choice Vietnamese;Audio;Audio;No
Puerto Rico;COMERCIAL_PR;Comm Sports Pack;964;Music Choice Gospel;Audio;Audio;No
Puerto Rico;COMERCIAL_PR;Comm Sports Pack;965;Music Choice 60s Movement;Audio;Audio;No
Puerto Rico;COMERCIAL_PR;Comm Sports Pack;966;Music Choice Filipino;Audio;Audio;No
Puerto Rico;COMERCIAL_PR;Comm Sports Pack;967;Music Choice Sounds of the Season;Audio;Audio;No
Puerto Rico;COMERCIAL_PR;Hotel Room Pack St;162;Telemundo;HD;Nacional;Si
Puerto Rico;COMERCIAL_PR;Hotel Room Pack St;164;WAPA TV;HD;Nacional;Si
Puerto Rico;COMERCIAL_PR;Hotel Room Pack St;166;WIPR;SD;Nacional;Si
Puerto Rico;COMERCIAL_PR;Hotel Room Pack St;167;Teleislas;SD;Nacional;No
Puerto Rico;COMERCIAL_PR;Hotel Room Pack St;168;TeleOnce HD;HD;Nacional;Si
Puerto Rico;COMERCIAL_PR;Hotel Room Pack St;169;Daystar Español;SD;Nacional;Si
Puerto Rico;COMERCIAL_PR;Hotel Room Pack St;170;Fox News;HD;Nacional;Si
Puerto Rico;COMERCIAL_PR;Hotel Room Pack St;172;ABC5;HD;Nacional;Si
Puerto Rico;COMERCIAL_PR;Hotel Room Pack St;174;CBS;HD;Nacional;Si
Puerto Rico;COMERCIAL_PR;Hotel Room Pack St;176;NBC PR;HD;Nacional;Si
Puerto Rico;COMERCIAL_PR;Hotel Room Pack St;179;Punto 2;HD;Nacional;Si
Puerto Rico;COMERCIAL_PR;Hotel Room Pack St;181;TV Dominicana;SD;Nacional;Si
Puerto Rico;COMERCIAL_PR;Hotel Room Pack St;182;TV Chile;SD;Nacional;No
Puerto Rico;COMERCIAL_PR;Hotel Room Pack St;183;TeleOro;SD;Nacional;Si
Puerto Rico;COMERCIAL_PR;Hotel Room Pack St;185;Telecinco;SD;Local;No
Puerto Rico;COMERCIAL_PR;Hotel Room Pack St;186;UniMás;SD;Local;Si
Puerto Rico;COMERCIAL_PR;Hotel Room Pack St;188;QVC;SD;Variedades;Si
Puerto Rico;COMERCIAL_PR;Hotel Room Pack St;189;QVC 2;SD;Variedades;Si
Puerto Rico;COMERCIAL_PR;Hotel Room Pack St;190;Home Shopping Network (HSN);SD;Variedades;Si
Puerto Rico;COMERCIAL_PR;Hotel Room Pack St;191;Home Shopping Network (HSN) 2;SD;Variedades;Si
Puerto Rico;COMERCIAL_PR;Hotel Room Pack St;220;Bravo;HD;Variedades;No
Puerto Rico;COMERCIAL_PR;Hotel Room Pack St;221;¡Hola! TV;SD;Variedades;No
Puerto Rico;COMERCIAL_PR;Hotel Room Pack St;222;E! Entertainment HD;HD;Variedades;Si
Puerto Rico;COMERCIAL_PR;Hotel Room Pack St;225;Pasiones;SD;Variedades;No
Puerto Rico;COMERCIAL_PR;Hotel Room Pack St;226;QVC;SD;Variedades;Si
Puerto Rico;COMERCIAL_PR;Hotel Room Pack St;227;Home Shopping Network (HSN);SD;Variedades;Si
Puerto Rico;COMERCIAL_PR;Hotel Room Pack St;228;Food Network;HD;Variedades;No
Puerto Rico;COMERCIAL_PR;Hotel Room Pack St;229;Blossom;SD;Variedades;Si
Puerto Rico;COMERCIAL_PR;Hotel Room Pack St;230;BET;SD;Variedades;No
Puerto Rico;COMERCIAL_PR;Hotel Room Pack St;242;FX HD;HD;Variedades;No
Puerto Rico;COMERCIAL_PR;Hotel Room Pack St;244;TNT;HD;Variedades;Si
Puerto Rico;COMERCIAL_PR;Hotel Room Pack St;246;USA Network;HD;Variedades;Si
Puerto Rico;COMERCIAL_PR;Hotel Room Pack St;248;TBS;HD;Variedades;Si
Puerto Rico;COMERCIAL_PR;Hotel Room Pack St;249;TLnovelas;SD;Variedades;No
Puerto Rico;COMERCIAL_PR;Hotel Room Pack St;250;HGTV;HD;Variedades;No
Puerto Rico;COMERCIAL_PR;Hotel Room Pack St;252;Freeform;HD;Variedades;No
Puerto Rico;COMERCIAL_PR;Hotel Room Pack St;254;Paramount Network;HD;Variedades;No
Puerto Rico;COMERCIAL_PR;Hotel Room Pack St;256;A&E;HD;Variedades;No
Puerto Rico;COMERCIAL_PR;Hotel Room Pack St;260;MTV;HD;Variedades;Si
Puerto Rico;COMERCIAL_PR;Hotel Room Pack St;261;MTV 2;HD;Variedades;No
Puerto Rico;COMERCIAL_PR;Hotel Room Pack St;262;VH1;HD;Variedades;Si
Puerto Rico;COMERCIAL_PR;Hotel Room Pack St;263;Comedy Central;HD;Variedades;No
Puerto Rico;COMERCIAL_PR;Hotel Room Pack St;264;VICE;SD;Variedades;No
Puerto Rico;COMERCIAL_PR;Hotel Room Pack St;267;Cooking Channel;HD;Variedades;Si
Puerto Rico;COMERCIAL_PR;Hotel Room Pack St;268;So Yummy;SD;Variedades;Si
Puerto Rico;COMERCIAL_PR;Hotel Room Pack St;320;Cartoon Network;HD;Infantil;Si
Puerto Rico;COMERCIAL_PR;Hotel Room Pack St;322;Nickelodeon;HD;Infantil;Si
Puerto Rico;COMERCIAL_PR;Hotel Room Pack St;324;Disney Channel;HD;Infantil;No
Puerto Rico;COMERCIAL_PR;Hotel Room Pack St;326;Disney XD;HD;Infantil;No
Puerto Rico;COMERCIAL_PR;Hotel Room Pack St;330;Discovery Kids LA;SD;Infantil;No
Puerto Rico;COMERCIAL_PR;Hotel Room Pack St;332;LooLoo Kids;SD;Infantil;No
Puerto Rico;COMERCIAL_PR;Hotel Room Pack St;336;Boomerang;SD;Infantil;Si
Puerto Rico;COMERCIAL_PR;Hotel Room Pack St;337;Nick Jr.;HD;Infantil;No
Puerto Rico;COMERCIAL_PR;Hotel Room Pack St;338;Vme;SD;Infantil;No
Puerto Rico;COMERCIAL_PR;Hotel Room Pack St;339;Baby First TV;SD;Infantil;No
Puerto Rico;COMERCIAL_PR;Hotel Room Pack St;350;EWTN;SD;Religioso;Si
Puerto Rico;COMERCIAL_PR;Hotel Room Pack St;352;Enlace;SD;Religioso;Si
Puerto Rico;COMERCIAL_PR;Hotel Room Pack St;354;Christian Television Network (CTN);SD;Religioso;Si
Puerto Rico;COMERCIAL_PR;Hotel Room Pack St;462;Playboy TV;SD;Adultos;No
Puerto Rico;COMERCIAL_PR;Hotel Room Pack St;465;Brazzers TV;SD;Adultos;No
Puerto Rico;COMERCIAL_PR;Hotel Room Pack St;468;Hustler;SD;Adultos;No
Puerto Rico;COMERCIAL_PR;Hotel Room Pack St;511;AMC;HD;Cine;No
Puerto Rico;COMERCIAL_PR;Hotel Room Pack St;514;Cine Latino;SD;Cine;No
Puerto Rico;COMERCIAL_PR;Hotel Room Pack St;516;De Película;SD;Cine;No
Puerto Rico;COMERCIAL_PR;Hotel Room Pack St;517;Lifetime;HD;Cine;No
Puerto Rico;COMERCIAL_PR;Hotel Room Pack St;518;Lifetime Moivie Network;HD;Cine;No
Puerto Rico;COMERCIAL_PR;Hotel Room Pack St;520;Hallmark Channel;HD;Cine;No
Puerto Rico;COMERCIAL_PR;Hotel Room Pack St;521;Hallmark Family;HD;Cine;No
Puerto Rico;COMERCIAL_PR;Hotel Room Pack St;522;Hallmark Mistery;SD;Cine;Si
Puerto Rico;COMERCIAL_PR;Hotel Room Pack St;550;MGM Mas;HD;Cine;No
Puerto Rico;COMERCIAL_PR;Hotel Room Pack St;551;MGM Mas Hits;HD;Cine;No
Puerto Rico;COMERCIAL_PR;Hotel Room Pack St;552;MGM Mas Marquee;HD;Cine;No
Puerto Rico;COMERCIAL_PR;Hotel Room Pack St;564;HBO;HD;Cine;No
Puerto Rico;COMERCIAL_PR;Hotel Room Pack St;565;HBO Hits;HD;Cine;No
Puerto Rico;COMERCIAL_PR;Hotel Room Pack St;566;HBO Movie;HD;Cine;No
Puerto Rico;COMERCIAL_PR;Hotel Room Pack St;567;HBO Drama;HD;Cine;No
Puerto Rico;COMERCIAL_PR;Hotel Room Pack St;569;HBO Comedy;HD;Cine;No
Puerto Rico;COMERCIAL_PR;Hotel Room Pack St;570;HBO Latino;HD;Cine;No
Puerto Rico;COMERCIAL_PR;Hotel Room Pack St;571;Cinemax;HD;Cine;No
Puerto Rico;COMERCIAL_PR;Hotel Room Pack St;572;Cinemax Hits;HD;Cine;No
Puerto Rico;COMERCIAL_PR;Hotel Room Pack St;574;Cinemax Action;HD;Cine;No
Puerto Rico;COMERCIAL_PR;Hotel Room Pack St;577;Paramount+ with Showtime;HD;Cine;No
Puerto Rico;COMERCIAL_PR;Hotel Room Pack St;578;Showtime 2;HD;Cine;No
Puerto Rico;COMERCIAL_PR;Hotel Room Pack St;579;Showtime Beyond;HD;Cine;No
Puerto Rico;COMERCIAL_PR;Hotel Room Pack St;580;Showcase;HD;Cine;No
Puerto Rico;COMERCIAL_PR;Hotel Room Pack St;581;Showtime Extreme;HD;Cine;No
Puerto Rico;COMERCIAL_PR;Hotel Room Pack St;582;The Movie Channel;SD;Cine;No
Puerto Rico;COMERCIAL_PR;Hotel Room Pack St;585;Starz;HD;Cine;No
Puerto Rico;COMERCIAL_PR;Hotel Room Pack St;586;Starz Kids & Family;HD;Cine;No
Puerto Rico;COMERCIAL_PR;Hotel Room Pack St;587;Starz Cinema;HD;Cine;No
Puerto Rico;COMERCIAL_PR;Hotel Room Pack St;588;Encore Action;SD;Cine;No
Puerto Rico;COMERCIAL_PR;Hotel Room Pack St;589;Encore;HD;Cine;No
Puerto Rico;COMERCIAL_PR;Hotel Room Pack St;590;Encore Family;SD;Cine;No
Puerto Rico;COMERCIAL_PR;Hotel Room Pack St;601;NBA League Pass;HD;Deportes;No
Puerto Rico;COMERCIAL_PR;Hotel Room Pack St;619;NBA League Pass;HD;Deportes;No
Puerto Rico;COMERCIAL_PR;Hotel Room Pack St;620;NFL Sunday Ticket;HD;Deportes;No
Puerto Rico;COMERCIAL_PR;Hotel Room Pack St;639;NFL Sunday Ticket;HD;Deportes;No
Puerto Rico;COMERCIAL_PR;Hotel Room Pack St;640;Thursday Night Football;HD;Deportes;No
Puerto Rico;COMERCIAL_PR;Hotel Room Pack St;645;ESPN;HD;Deportes;Si
Puerto Rico;COMERCIAL_PR;Hotel Room Pack St;646;ESPN News;HD;Deportes;No
Puerto Rico;COMERCIAL_PR;Hotel Room Pack St;648;ESPN 2;HD;Deportes;No
Puerto Rico;COMERCIAL_PR;Hotel Room Pack St;649;ESPN Deportes;HD;Deportes;No
Puerto Rico;COMERCIAL_PR;Hotel Room Pack St;651;Fox Deportes;SD;Deportes;No
Puerto Rico;COMERCIAL_PR;Hotel Room Pack St;652;The Tennis Channel;HD;Deportes;No
Puerto Rico;COMERCIAL_PR;Hotel Room Pack St;653;NBA TV;HD;Deportes;No
Puerto Rico;COMERCIAL_PR;Hotel Room Pack St;654;The Golf Channel;HD;Deportes;No
Puerto Rico;COMERCIAL_PR;Hotel Room Pack St;655;Fox Sports;HD;Deportes;No
Puerto Rico;COMERCIAL_PR;Hotel Room Pack St;656;MLB Network;HD;Deportes;No
Puerto Rico;COMERCIAL_PR;Hotel Room Pack St;657;WAPA Deportes;HD;Deportes;Si
Puerto Rico;COMERCIAL_PR;Hotel Room Pack St;659;Racer Network;HD;Deportes;Si
Puerto Rico;COMERCIAL_PR;Hotel Room Pack St;702;CNN;HD;Mundo;Si
Puerto Rico;COMERCIAL_PR;Hotel Room Pack St;704;CNN en Español;SD;Mundo;No
Puerto Rico;COMERCIAL_PR;Hotel Room Pack St;708;Headline News;HD;Mundo;No
Puerto Rico;COMERCIAL_PR;Hotel Room Pack St;710;Bloomberg;HD;Mundo;No
Puerto Rico;COMERCIAL_PR;Hotel Room Pack St;712;AccuWeather;HD;Mundo;Si
Puerto Rico;COMERCIAL_PR;Hotel Room Pack St;714;Estrella TV;SD;Mundo;Si
Puerto Rico;COMERCIAL_PR;Hotel Room Pack St;720;CSPAN2;SD;Mundo;No
Puerto Rico;COMERCIAL_PR;Hotel Room Pack St;730;Nat Geo Mundo;SD;Mundo;Si
Puerto Rico;COMERCIAL_PR;Hotel Room Pack St;732;Discovery em Español;SD;Mundo;No
Puerto Rico;COMERCIAL_PR;Hotel Room Pack St;734;Animal Planet LA;SD;Mundo;No
Puerto Rico;COMERCIAL_PR;Hotel Room Pack St;735;Animal Planet US;HD;Mundo;No
Puerto Rico;COMERCIAL_PR;Hotel Room Pack St;742;History Andes;SD;Mundo;No
Puerto Rico;COMERCIAL_PR;Hotel Room Pack St;744;FYI;HD;Mundo;Si
Puerto Rico;COMERCIAL_PR;Hotel Room Pack St;745;SyFy;HD;Mundo;No
Puerto Rico;COMERCIAL_PR;Hotel Room Pack St;746;Discovery Turbo;HD;Mundo;No
Puerto Rico;COMERCIAL_PR;Hotel Room Pack St;752;Discovery US;HD;Mundo;No
Puerto Rico;COMERCIAL_PR;Hotel Room Pack St;754;The Learning Channel;HD;Mundo;No
Puerto Rico;COMERCIAL_PR;Hotel Room Pack St;756;History Channel;HD;Mundo;No
Puerto Rico;COMERCIAL_PR;Hotel Room Pack St;760;TVE;SD;Variedades;No
Puerto Rico;COMERCIAL_PR;Hotel Room Pack St;762;Antena 3;SD;Mundo;No
Puerto Rico;COMERCIAL_PR;Hotel Room Pack St;764;HITN;SD;Variedades;Si
Puerto Rico;COMERCIAL_PR;Hotel Room Pack St;768;BBC América;HD;Mundo;No
Puerto Rico;COMERCIAL_PR;Hotel Room Pack St;901;Music Choice Rock Hits;Audio;Audio;No
Puerto Rico;COMERCIAL_PR;Hotel Room Pack St;902;Music Choice 80s Rock;Audio;Audio;No
Puerto Rico;COMERCIAL_PR;Hotel Room Pack St;903;Music Choice Jazz Vocal Hits;Audio;Audio;No
Puerto Rico;COMERCIAL_PR;Hotel Room Pack St;904;Music Choice Country Hits;Audio;Audio;No
Puerto Rico;COMERCIAL_PR;Hotel Room Pack St;905;Music Choice New Age;Audio;Audio;No
Puerto Rico;COMERCIAL_PR;Hotel Room Pack St;906;Music Choice Funk;Audio;Audio;No
Puerto Rico;COMERCIAL_PR;Hotel Room Pack St;907;Music Choice 90s;Audio;Audio;No
Puerto Rico;COMERCIAL_PR;Hotel Room Pack St;908;Music Choice Blues;Audio;Audio;No
Puerto Rico;COMERCIAL_PR;Hotel Room Pack St;909;Music Choice Love Songs;Audio;Audio;No
Puerto Rico;COMERCIAL_PR;Hotel Room Pack St;910;Music Choice Musica Urbana;Audio;Audio;No
Puerto Rico;COMERCIAL_PR;Hotel Room Pack St;911;Music Choice R&B Classics;Audio;Audio;No
Puerto Rico;COMERCIAL_PR;Hotel Room Pack St;912;Music Choice Latin Jazz;Audio;Audio;No
Puerto Rico;COMERCIAL_PR;Hotel Room Pack St;913;Music Choice Soft Rock;Audio;Audio;No
Puerto Rico;COMERCIAL_PR;Hotel Room Pack St;914;Music Choice Rap;Audio;Audio;No
Puerto Rico;COMERCIAL_PR;Hotel Room Pack St;915;Music Choice All Xmas;Audio;Audio;No
Puerto Rico;COMERCIAL_PR;Hotel Room Pack St;916;Music Choice Workout;Audio;Audio;No
Puerto Rico;COMERCIAL_PR;Hotel Room Pack St;917;Music Choice Broadway;Audio;Audio;No
Puerto Rico;COMERCIAL_PR;Hotel Room Pack St;918;Music Choice Adult Alternative;Audio;Audio;No
Puerto Rico;COMERCIAL_PR;Hotel Room Pack St;919;Music Choice Pop Hits;Audio;Audio;No
Puerto Rico;COMERCIAL_PR;Hotel Room Pack St;920;Music Choice New Wave;Audio;Audio;No
Puerto Rico;COMERCIAL_PR;Hotel Room Pack St;921;Music Choice 70s;Audio;Audio;No
Puerto Rico;COMERCIAL_PR;Hotel Room Pack St;922;Music Choice Kidz Only!;Audio;Audio;No
Puerto Rico;COMERCIAL_PR;Hotel Room Pack St;923;Music Choice 80s;Audio;Audio;No
Puerto Rico;COMERCIAL_PR;Hotel Room Pack St;924;Music Choice Rock Latino;Audio;Audio;No
Puerto Rico;COMERCIAL_PR;Hotel Room Pack St;925;Music Choice Retro Workout;Audio;Audio;No
Puerto Rico;COMERCIAL_PR;Hotel Room Pack St;926;Music Choice Contemporary Christian;Audio;Audio;No
Puerto Rico;COMERCIAL_PR;Hotel Room Pack St;927;Music Choice Reggae;Audio;Audio;No
Puerto Rico;COMERCIAL_PR;Hotel Room Pack St;928;Music Choice Alternative;Audio;Audio;No
Puerto Rico;COMERCIAL_PR;Hotel Room Pack St;929;Music Choice Pop & Country;Audio;Audio;No
Puerto Rico;COMERCIAL_PR;Hotel Room Pack St;930;Music Choice Pop Latino;Audio;Audio;No
Puerto Rico;COMERCIAL_PR;Hotel Room Pack St;931;Music Choice Classic Country;Audio;Audio;No
Puerto Rico;COMERCIAL_PR;Hotel Room Pack St;932;Music Choice Big Band;Audio;Audio;No
Puerto Rico;COMERCIAL_PR;Hotel Room Pack St;933;Music Choice Todays Country;Audio;Audio;No
Puerto Rico;COMERCIAL_PR;Hotel Room Pack St;934;Music Choice Hit List;Audio;Audio;No
Puerto Rico;COMERCIAL_PR;Hotel Room Pack St;935;Music Choice Hip-Hop And R&B;Audio;Audio;No
Puerto Rico;COMERCIAL_PR;Hotel Room Pack St;936;Music Choice Teen Beats;Audio;Audio;No
Puerto Rico;COMERCIAL_PR;Hotel Room Pack St;937;Music Choice Coffee Shop Cuts;Audio;Audio;No
Puerto Rico;COMERCIAL_PR;Hotel Room Pack St;938;Music Choice Honky Tonk;Audio;Audio;No
Puerto Rico;COMERCIAL_PR;Hotel Room Pack St;939;Music Choice Soundscapes;Audio;Audio;No
Puerto Rico;COMERCIAL_PR;Hotel Room Pack St;940;Music Choice Light Classical;Audio;Audio;No
Puerto Rico;COMERCIAL_PR;Hotel Room Pack St;941;Music Choice Classic Alternative;Audio;Audio;No
Puerto Rico;COMERCIAL_PR;Hotel Room Pack St;942;Music Choice Indie;Audio;Audio;No
Puerto Rico;COMERCIAL_PR;Hotel Room Pack St;943;Music Choice Malt Shop Favorites;Audio;Audio;No
Puerto Rico;COMERCIAL_PR;Hotel Room Pack St;944;Music Choice Smooth Jazz;Audio;Audio;No
Puerto Rico;COMERCIAL_PR;Hotel Room Pack St;945;Music Choice Contemporary Instrumentals;Audio;Audio;No
Puerto Rico;COMERCIAL_PR;Hotel Room Pack St;946;Music Choice Hard Rock;Audio;Audio;No
Puerto Rico;COMERCIAL_PR;Hotel Room Pack St;947;Music Choice Throwback Jamz;Audio;Audio;No
Puerto Rico;COMERCIAL_PR;Hotel Room Pack St;948;Music Choice Classic Rock;Audio;Audio;No
Puerto Rico;COMERCIAL_PR;Hotel Room Pack St;949;Music Choice Movie Scores;Audio;Audio;No
Puerto Rico;COMERCIAL_PR;Hotel Room Pack St;950;Music Choice Max;Audio;Audio;No
Puerto Rico;COMERCIAL_PR;Hotel Room Pack St;951;Music Choice Mainstream Rap;Audio;Audio;No
Puerto Rico;COMERCIAL_PR;Hotel Room Pack St;952;Music Choice Americana;Audio;Audio;No
Puerto Rico;COMERCIAL_PR;Hotel Room Pack St;953;Music Choice Symphony;Audio;Audio;No
Puerto Rico;COMERCIAL_PR;Hotel Room Pack St;954;Music Choice Dance/EDM;Audio;Audio;No
Puerto Rico;COMERCIAL_PR;Hotel Room Pack St;955;Music Choice Folk;Audio;Audio;No
Puerto Rico;COMERCIAL_PR;Hotel Room Pack St;956;Music Choice Classic Dance;Audio;Audio;No
Puerto Rico;COMERCIAL_PR;Hotel Room Pack St;957;Music Choice Gospel Hallelujah;Audio;Audio;No
Puerto Rico;COMERCIAL_PR;Hotel Room Pack St;958;Music Choice Tropicales;Audio;Audio;No
Puerto Rico;COMERCIAL_PR;Hotel Room Pack St;959;Music Choice Metal;Audio;Audio;No
Puerto Rico;COMERCIAL_PR;Hotel Room Pack St;960;Music Choice Toddler Tunes;Audio;Audio;No
Puerto Rico;COMERCIAL_PR;Hotel Room Pack St;961;Music Choice Y2k;Audio;Audio;No
Puerto Rico;COMERCIAL_PR;Hotel Room Pack St;962;Music Choice Bluegrass;Audio;Audio;No
Puerto Rico;COMERCIAL_PR;Hotel Room Pack St;963;Music Choice Vietnamese;Audio;Audio;No
Puerto Rico;COMERCIAL_PR;Hotel Room Pack St;964;Music Choice Gospel;Audio;Audio;No
Puerto Rico;COMERCIAL_PR;Hotel Room Pack St;965;Music Choice 60s Movement;Audio;Audio;No
Puerto Rico;COMERCIAL_PR;Hotel Room Pack St;966;Music Choice Filipino;Audio;Audio;No
Puerto Rico;COMERCIAL_PR;Hotel Room Pack St;967;Music Choice Sounds of the Season;Audio;Audio;No
Puerto Rico;COMERCIAL_PR;Hotel Suite Pack St;162;Telemundo;HD;Nacional;Si
Puerto Rico;COMERCIAL_PR;Hotel Suite Pack St;164;WAPA TV;HD;Nacional;Si
Puerto Rico;COMERCIAL_PR;Hotel Suite Pack St;166;WIPR;SD;Nacional;Si
Puerto Rico;COMERCIAL_PR;Hotel Suite Pack St;167;Teleislas;SD;Nacional;No
Puerto Rico;COMERCIAL_PR;Hotel Suite Pack St;168;TeleOnce HD;HD;Nacional;Si
Puerto Rico;COMERCIAL_PR;Hotel Suite Pack St;169;Daystar Español;SD;Nacional;Si
Puerto Rico;COMERCIAL_PR;Hotel Suite Pack St;170;Fox News;HD;Nacional;Si
Puerto Rico;COMERCIAL_PR;Hotel Suite Pack St;172;ABC5;HD;Nacional;Si
Puerto Rico;COMERCIAL_PR;Hotel Suite Pack St;174;CBS;HD;Nacional;Si
Puerto Rico;COMERCIAL_PR;Hotel Suite Pack St;176;NBC PR;HD;Nacional;Si
Puerto Rico;COMERCIAL_PR;Hotel Suite Pack St;179;Punto 2;HD;Nacional;Si
Puerto Rico;COMERCIAL_PR;Hotel Suite Pack St;181;TV Dominicana;SD;Nacional;Si
Puerto Rico;COMERCIAL_PR;Hotel Suite Pack St;182;TV Chile;SD;Nacional;No
Puerto Rico;COMERCIAL_PR;Hotel Suite Pack St;183;TeleOro;SD;Nacional;Si
Puerto Rico;COMERCIAL_PR;Hotel Suite Pack St;185;Telecinco;SD;Local;No
Puerto Rico;COMERCIAL_PR;Hotel Suite Pack St;186;UniMás;SD;Local;Si
Puerto Rico;COMERCIAL_PR;Hotel Suite Pack St;188;QVC;SD;Variedades;Si
Puerto Rico;COMERCIAL_PR;Hotel Suite Pack St;189;QVC 2;SD;Variedades;Si
Puerto Rico;COMERCIAL_PR;Hotel Suite Pack St;190;Home Shopping Network (HSN);SD;Variedades;Si
Puerto Rico;COMERCIAL_PR;Hotel Suite Pack St;191;Home Shopping Network (HSN) 2;SD;Variedades;Si
Puerto Rico;COMERCIAL_PR;Hotel Suite Pack St;220;Bravo;HD;Variedades;Si
Puerto Rico;COMERCIAL_PR;Hotel Suite Pack St;221;¡Hola! TV;SD;Variedades;No
Puerto Rico;COMERCIAL_PR;Hotel Suite Pack St;222;E! Entertainment HD;HD;Variedades;Si
Puerto Rico;COMERCIAL_PR;Hotel Suite Pack St;225;Pasiones;SD;Variedades;Si
Puerto Rico;COMERCIAL_PR;Hotel Suite Pack St;226;QVC;SD;Variedades;Si
Puerto Rico;COMERCIAL_PR;Hotel Suite Pack St;227;Home Shopping Network (HSN);SD;Variedades;Si
Puerto Rico;COMERCIAL_PR;Hotel Suite Pack St;228;Food Network;HD;Variedades;Si
Puerto Rico;COMERCIAL_PR;Hotel Suite Pack St;229;Blossom;SD;Variedades;Si
Puerto Rico;COMERCIAL_PR;Hotel Suite Pack St;230;BET;SD;Variedades;No
Puerto Rico;COMERCIAL_PR;Hotel Suite Pack St;242;FX HD;HD;Variedades;Si
Puerto Rico;COMERCIAL_PR;Hotel Suite Pack St;244;TNT;HD;Variedades;Si
Puerto Rico;COMERCIAL_PR;Hotel Suite Pack St;246;USA Network;HD;Variedades;Si
Puerto Rico;COMERCIAL_PR;Hotel Suite Pack St;248;TBS;HD;Variedades;Si
Puerto Rico;COMERCIAL_PR;Hotel Suite Pack St;249;TLnovelas;SD;Variedades;No
Puerto Rico;COMERCIAL_PR;Hotel Suite Pack St;250;HGTV;HD;Variedades;Si
Puerto Rico;COMERCIAL_PR;Hotel Suite Pack St;252;Freeform;HD;Variedades;No
Puerto Rico;COMERCIAL_PR;Hotel Suite Pack St;254;Paramount Network;HD;Variedades;No
Puerto Rico;COMERCIAL_PR;Hotel Suite Pack St;256;A&E;HD;Variedades;No
Puerto Rico;COMERCIAL_PR;Hotel Suite Pack St;260;MTV;HD;Variedades;Si
Puerto Rico;COMERCIAL_PR;Hotel Suite Pack St;261;MTV 2;HD;Variedades;Si
Puerto Rico;COMERCIAL_PR;Hotel Suite Pack St;262;VH1;HD;Variedades;Si
Puerto Rico;COMERCIAL_PR;Hotel Suite Pack St;263;Comedy Central;HD;Variedades;No
Puerto Rico;COMERCIAL_PR;Hotel Suite Pack St;264;VICE;SD;Variedades;No
Puerto Rico;COMERCIAL_PR;Hotel Suite Pack St;267;Cooking Channel;HD;Variedades;Si
Puerto Rico;COMERCIAL_PR;Hotel Suite Pack St;268;So Yummy;SD;Variedades;Si
Puerto Rico;COMERCIAL_PR;Hotel Suite Pack St;320;Cartoon Network;HD;Infantil;Si
Puerto Rico;COMERCIAL_PR;Hotel Suite Pack St;322;Nickelodeon;HD;Infantil;Si
Puerto Rico;COMERCIAL_PR;Hotel Suite Pack St;324;Disney Channel;HD;Infantil;No
Puerto Rico;COMERCIAL_PR;Hotel Suite Pack St;326;Disney XD;HD;Infantil;No
Puerto Rico;COMERCIAL_PR;Hotel Suite Pack St;330;Discovery Kids LA;SD;Infantil;No
Puerto Rico;COMERCIAL_PR;Hotel Suite Pack St;332;LooLoo Kids;SD;Infantil;No
Puerto Rico;COMERCIAL_PR;Hotel Suite Pack St;336;Boomerang;SD;Infantil;Si
Puerto Rico;COMERCIAL_PR;Hotel Suite Pack St;337;Nick Jr.;HD;Infantil;No
Puerto Rico;COMERCIAL_PR;Hotel Suite Pack St;338;Vme;SD;Infantil;No
Puerto Rico;COMERCIAL_PR;Hotel Suite Pack St;339;Baby First TV;SD;Infantil;No
Puerto Rico;COMERCIAL_PR;Hotel Suite Pack St;350;EWTN;SD;Religioso;Si
Puerto Rico;COMERCIAL_PR;Hotel Suite Pack St;352;Enlace;SD;Religioso;Si
Puerto Rico;COMERCIAL_PR;Hotel Suite Pack St;354;Christian Television Network (CTN);SD;Religioso;Si
Puerto Rico;COMERCIAL_PR;Hotel Suite Pack St;462;Playboy TV;SD;Adultos;No
Puerto Rico;COMERCIAL_PR;Hotel Suite Pack St;465;Brazzers TV;SD;Adultos;No
Puerto Rico;COMERCIAL_PR;Hotel Suite Pack St;468;Hustler;SD;Adultos;No
Puerto Rico;COMERCIAL_PR;Hotel Suite Pack St;511;AMC;HD;Cine;No
Puerto Rico;COMERCIAL_PR;Hotel Suite Pack St;514;Cine Latino;SD;Cine;Si
Puerto Rico;COMERCIAL_PR;Hotel Suite Pack St;516;De Película;SD;Cine;No
Puerto Rico;COMERCIAL_PR;Hotel Suite Pack St;517;Lifetime;HD;Cine;No
Puerto Rico;COMERCIAL_PR;Hotel Suite Pack St;518;Lifetime Moivie Network;HD;Cine;No
Puerto Rico;COMERCIAL_PR;Hotel Suite Pack St;520;Hallmark Channel;HD;Cine;Si
Puerto Rico;COMERCIAL_PR;Hotel Suite Pack St;521;Hallmark Family;HD;Cine;Si
Puerto Rico;COMERCIAL_PR;Hotel Suite Pack St;522;Hallmark Mistery;SD;Cine;Si
Puerto Rico;COMERCIAL_PR;Hotel Suite Pack St;550;MGM Mas;HD;Cine;No
Puerto Rico;COMERCIAL_PR;Hotel Suite Pack St;551;MGM Mas Hits;HD;Cine;No
Puerto Rico;COMERCIAL_PR;Hotel Suite Pack St;552;MGM Mas Marquee;HD;Cine;No
Puerto Rico;COMERCIAL_PR;Hotel Suite Pack St;564;HBO;HD;Cine;No
Puerto Rico;COMERCIAL_PR;Hotel Suite Pack St;565;HBO Hits;HD;Cine;No
Puerto Rico;COMERCIAL_PR;Hotel Suite Pack St;566;HBO Movie;HD;Cine;No
Puerto Rico;COMERCIAL_PR;Hotel Suite Pack St;567;HBO Drama;HD;Cine;No
Puerto Rico;COMERCIAL_PR;Hotel Suite Pack St;569;HBO Comedy;HD;Cine;No
Puerto Rico;COMERCIAL_PR;Hotel Suite Pack St;570;HBO Latino;HD;Cine;No
Puerto Rico;COMERCIAL_PR;Hotel Suite Pack St;571;Cinemax;HD;Cine;No
Puerto Rico;COMERCIAL_PR;Hotel Suite Pack St;572;Cinemax Hits;HD;Cine;No
Puerto Rico;COMERCIAL_PR;Hotel Suite Pack St;574;Cinemax Action;HD;Cine;No
Puerto Rico;COMERCIAL_PR;Hotel Suite Pack St;577;Paramount+ with Showtime;HD;Cine;No
Puerto Rico;COMERCIAL_PR;Hotel Suite Pack St;578;Showtime 2;HD;Cine;No
Puerto Rico;COMERCIAL_PR;Hotel Suite Pack St;579;Showtime Beyond;HD;Cine;No
Puerto Rico;COMERCIAL_PR;Hotel Suite Pack St;580;Showcase;HD;Cine;No
Puerto Rico;COMERCIAL_PR;Hotel Suite Pack St;581;Showtime Extreme;HD;Cine;No
Puerto Rico;COMERCIAL_PR;Hotel Suite Pack St;582;The Movie Channel;SD;Cine;No
Puerto Rico;COMERCIAL_PR;Hotel Suite Pack St;585;Starz;HD;Cine;No
Puerto Rico;COMERCIAL_PR;Hotel Suite Pack St;586;Starz Kids & Family;HD;Cine;No
Puerto Rico;COMERCIAL_PR;Hotel Suite Pack St;587;Starz Cinema;HD;Cine;No
Puerto Rico;COMERCIAL_PR;Hotel Suite Pack St;588;Encore Action;SD;Cine;No
Puerto Rico;COMERCIAL_PR;Hotel Suite Pack St;589;Encore;HD;Cine;No
Puerto Rico;COMERCIAL_PR;Hotel Suite Pack St;590;Encore Family;SD;Cine;No
Puerto Rico;COMERCIAL_PR;Hotel Suite Pack St;601;NBA League Pass;HD;Deportes;No
Puerto Rico;COMERCIAL_PR;Hotel Suite Pack St;619;NBA League Pass;HD;Deportes;No
Puerto Rico;COMERCIAL_PR;Hotel Suite Pack St;620;NFL Sunday Ticket;HD;Deportes;No
Puerto Rico;COMERCIAL_PR;Hotel Suite Pack St;639;NFL Sunday Ticket;HD;Deportes;No
Puerto Rico;COMERCIAL_PR;Hotel Suite Pack St;640;Thursday Night Football;HD;Deportes;No
Puerto Rico;COMERCIAL_PR;Hotel Suite Pack St;645;ESPN;HD;Deportes;Si
Puerto Rico;COMERCIAL_PR;Hotel Suite Pack St;646;ESPN News;HD;Deportes;No
Puerto Rico;COMERCIAL_PR;Hotel Suite Pack St;648;ESPN 2;HD;Deportes;No
Puerto Rico;COMERCIAL_PR;Hotel Suite Pack St;649;ESPN Deportes;HD;Deportes;No
Puerto Rico;COMERCIAL_PR;Hotel Suite Pack St;651;Fox Deportes;SD;Deportes;No
Puerto Rico;COMERCIAL_PR;Hotel Suite Pack St;652;The Tennis Channel;HD;Deportes;No
Puerto Rico;COMERCIAL_PR;Hotel Suite Pack St;653;NBA TV;HD;Deportes;No
Puerto Rico;COMERCIAL_PR;Hotel Suite Pack St;654;The Golf Channel;HD;Deportes;No
Puerto Rico;COMERCIAL_PR;Hotel Suite Pack St;655;Fox Sports;HD;Deportes;No
Puerto Rico;COMERCIAL_PR;Hotel Suite Pack St;656;MLB Network;HD;Deportes;No
Puerto Rico;COMERCIAL_PR;Hotel Suite Pack St;657;WAPA Deportes;HD;Deportes;Si
Puerto Rico;COMERCIAL_PR;Hotel Suite Pack St;659;Racer Network;HD;Deportes;Si
Puerto Rico;COMERCIAL_PR;Hotel Suite Pack St;702;CNN;HD;Mundo;Si
Puerto Rico;COMERCIAL_PR;Hotel Suite Pack St;704;CNN en Español;SD;Mundo;No
Puerto Rico;COMERCIAL_PR;Hotel Suite Pack St;708;Headline News;HD;Mundo;Si
Puerto Rico;COMERCIAL_PR;Hotel Suite Pack St;710;Bloomberg;HD;Mundo;No
Puerto Rico;COMERCIAL_PR;Hotel Suite Pack St;712;AccuWeather;HD;Mundo;Si
Puerto Rico;COMERCIAL_PR;Hotel Suite Pack St;714;Estrella TV;SD;Mundo;Si
Puerto Rico;COMERCIAL_PR;Hotel Suite Pack St;720;CSPAN2;SD;Mundo;No
Puerto Rico;COMERCIAL_PR;Hotel Suite Pack St;730;Nat Geo Mundo;SD;Mundo;Si
Puerto Rico;COMERCIAL_PR;Hotel Suite Pack St;732;Discovery em Español;SD;Mundo;Si
Puerto Rico;COMERCIAL_PR;Hotel Suite Pack St;734;Animal Planet LA;SD;Mundo;Si
Puerto Rico;COMERCIAL_PR;Hotel Suite Pack St;735;Animal Planet US;HD;Mundo;No
Puerto Rico;COMERCIAL_PR;Hotel Suite Pack St;742;History Andes;SD;Mundo;No
Puerto Rico;COMERCIAL_PR;Hotel Suite Pack St;744;FYI;HD;Mundo;Si
Puerto Rico;COMERCIAL_PR;Hotel Suite Pack St;745;SyFy;HD;Mundo;No
Puerto Rico;COMERCIAL_PR;Hotel Suite Pack St;746;Discovery Turbo;HD;Mundo;No
Puerto Rico;COMERCIAL_PR;Hotel Suite Pack St;752;Discovery US;HD;Mundo;No
Puerto Rico;COMERCIAL_PR;Hotel Suite Pack St;754;The Learning Channel;HD;Mundo;No
Puerto Rico;COMERCIAL_PR;Hotel Suite Pack St;756;History Channel;HD;Mundo;No
Puerto Rico;COMERCIAL_PR;Hotel Suite Pack St;760;TVE;SD;Variedades;No
Puerto Rico;COMERCIAL_PR;Hotel Suite Pack St;762;Antena 3;SD;Mundo;No
Puerto Rico;COMERCIAL_PR;Hotel Suite Pack St;764;HITN;SD;Variedades;Si
Puerto Rico;COMERCIAL_PR;Hotel Suite Pack St;768;BBC América;HD;Mundo;No
Puerto Rico;COMERCIAL_PR;Hotel Suite Pack St;901;Music Choice Rock Hits;Audio;Audio;No
Puerto Rico;COMERCIAL_PR;Hotel Suite Pack St;902;Music Choice 80s Rock;Audio;Audio;No
Puerto Rico;COMERCIAL_PR;Hotel Suite Pack St;903;Music Choice Jazz Vocal Hits;Audio;Audio;No
Puerto Rico;COMERCIAL_PR;Hotel Suite Pack St;904;Music Choice Country Hits;Audio;Audio;No
Puerto Rico;COMERCIAL_PR;Hotel Suite Pack St;905;Music Choice New Age;Audio;Audio;No
Puerto Rico;COMERCIAL_PR;Hotel Suite Pack St;906;Music Choice Funk;Audio;Audio;No
Puerto Rico;COMERCIAL_PR;Hotel Suite Pack St;907;Music Choice 90s;Audio;Audio;No
Puerto Rico;COMERCIAL_PR;Hotel Suite Pack St;908;Music Choice Blues;Audio;Audio;No
Puerto Rico;COMERCIAL_PR;Hotel Suite Pack St;909;Music Choice Love Songs;Audio;Audio;No
Puerto Rico;COMERCIAL_PR;Hotel Suite Pack St;910;Music Choice Musica Urbana;Audio;Audio;No
Puerto Rico;COMERCIAL_PR;Hotel Suite Pack St;911;Music Choice R&B Classics;Audio;Audio;No
Puerto Rico;COMERCIAL_PR;Hotel Suite Pack St;912;Music Choice Latin Jazz;Audio;Audio;No
Puerto Rico;COMERCIAL_PR;Hotel Suite Pack St;913;Music Choice Soft Rock;Audio;Audio;No
Puerto Rico;COMERCIAL_PR;Hotel Suite Pack St;914;Music Choice Rap;Audio;Audio;No
Puerto Rico;COMERCIAL_PR;Hotel Suite Pack St;915;Music Choice All Xmas;Audio;Audio;No
Puerto Rico;COMERCIAL_PR;Hotel Suite Pack St;916;Music Choice Workout;Audio;Audio;No
Puerto Rico;COMERCIAL_PR;Hotel Suite Pack St;917;Music Choice Broadway;Audio;Audio;No
Puerto Rico;COMERCIAL_PR;Hotel Suite Pack St;918;Music Choice Adult Alternative;Audio;Audio;No
Puerto Rico;COMERCIAL_PR;Hotel Suite Pack St;919;Music Choice Pop Hits;Audio;Audio;No
Puerto Rico;COMERCIAL_PR;Hotel Suite Pack St;920;Music Choice New Wave;Audio;Audio;No
Puerto Rico;COMERCIAL_PR;Hotel Suite Pack St;921;Music Choice 70s;Audio;Audio;No
Puerto Rico;COMERCIAL_PR;Hotel Suite Pack St;922;Music Choice Kidz Only!;Audio;Audio;No
Puerto Rico;COMERCIAL_PR;Hotel Suite Pack St;923;Music Choice 80s;Audio;Audio;No
Puerto Rico;COMERCIAL_PR;Hotel Suite Pack St;924;Music Choice Rock Latino;Audio;Audio;No
Puerto Rico;COMERCIAL_PR;Hotel Suite Pack St;925;Music Choice Retro Workout;Audio;Audio;No
Puerto Rico;COMERCIAL_PR;Hotel Suite Pack St;926;Music Choice Contemporary Christian;Audio;Audio;No
Puerto Rico;COMERCIAL_PR;Hotel Suite Pack St;927;Music Choice Reggae;Audio;Audio;No
Puerto Rico;COMERCIAL_PR;Hotel Suite Pack St;928;Music Choice Alternative;Audio;Audio;No
Puerto Rico;COMERCIAL_PR;Hotel Suite Pack St;929;Music Choice Pop & Country;Audio;Audio;No
Puerto Rico;COMERCIAL_PR;Hotel Suite Pack St;930;Music Choice Pop Latino;Audio;Audio;No
Puerto Rico;COMERCIAL_PR;Hotel Suite Pack St;931;Music Choice Classic Country;Audio;Audio;No
Puerto Rico;COMERCIAL_PR;Hotel Suite Pack St;932;Music Choice Big Band;Audio;Audio;No
Puerto Rico;COMERCIAL_PR;Hotel Suite Pack St;933;Music Choice Todays Country;Audio;Audio;No
Puerto Rico;COMERCIAL_PR;Hotel Suite Pack St;934;Music Choice Hit List;Audio;Audio;No
Puerto Rico;COMERCIAL_PR;Hotel Suite Pack St;935;Music Choice Hip-Hop And R&B;Audio;Audio;No
Puerto Rico;COMERCIAL_PR;Hotel Suite Pack St;936;Music Choice Teen Beats;Audio;Audio;No
Puerto Rico;COMERCIAL_PR;Hotel Suite Pack St;937;Music Choice Coffee Shop Cuts;Audio;Audio;No
Puerto Rico;COMERCIAL_PR;Hotel Suite Pack St;938;Music Choice Honky Tonk;Audio;Audio;No
Puerto Rico;COMERCIAL_PR;Hotel Suite Pack St;939;Music Choice Soundscapes;Audio;Audio;No
Puerto Rico;COMERCIAL_PR;Hotel Suite Pack St;940;Music Choice Light Classical;Audio;Audio;No
Puerto Rico;COMERCIAL_PR;Hotel Suite Pack St;941;Music Choice Classic Alternative;Audio;Audio;No
Puerto Rico;COMERCIAL_PR;Hotel Suite Pack St;942;Music Choice Indie;Audio;Audio;No
Puerto Rico;COMERCIAL_PR;Hotel Suite Pack St;943;Music Choice Malt Shop Favorites;Audio;Audio;No
Puerto Rico;COMERCIAL_PR;Hotel Suite Pack St;944;Music Choice Smooth Jazz;Audio;Audio;No
Puerto Rico;COMERCIAL_PR;Hotel Suite Pack St;945;Music Choice Contemporary Instrumentals;Audio;Audio;No
Puerto Rico;COMERCIAL_PR;Hotel Suite Pack St;946;Music Choice Hard Rock;Audio;Audio;No
Puerto Rico;COMERCIAL_PR;Hotel Suite Pack St;947;Music Choice Throwback Jamz;Audio;Audio;No
Puerto Rico;COMERCIAL_PR;Hotel Suite Pack St;948;Music Choice Classic Rock;Audio;Audio;No
Puerto Rico;COMERCIAL_PR;Hotel Suite Pack St;949;Music Choice Movie Scores;Audio;Audio;No
Puerto Rico;COMERCIAL_PR;Hotel Suite Pack St;950;Music Choice Max;Audio;Audio;No
Puerto Rico;COMERCIAL_PR;Hotel Suite Pack St;951;Music Choice Mainstream Rap;Audio;Audio;No
Puerto Rico;COMERCIAL_PR;Hotel Suite Pack St;952;Music Choice Americana;Audio;Audio;No
Puerto Rico;COMERCIAL_PR;Hotel Suite Pack St;953;Music Choice Symphony;Audio;Audio;No
Puerto Rico;COMERCIAL_PR;Hotel Suite Pack St;954;Music Choice Dance/EDM;Audio;Audio;No
Puerto Rico;COMERCIAL_PR;Hotel Suite Pack St;955;Music Choice Folk;Audio;Audio;No
Puerto Rico;COMERCIAL_PR;Hotel Suite Pack St;956;Music Choice Classic Dance;Audio;Audio;No
Puerto Rico;COMERCIAL_PR;Hotel Suite Pack St;957;Music Choice Gospel Hallelujah;Audio;Audio;No
Puerto Rico;COMERCIAL_PR;Hotel Suite Pack St;958;Music Choice Tropicales;Audio;Audio;No
Puerto Rico;COMERCIAL_PR;Hotel Suite Pack St;959;Music Choice Metal;Audio;Audio;No
Puerto Rico;COMERCIAL_PR;Hotel Suite Pack St;960;Music Choice Toddler Tunes;Audio;Audio;No
Puerto Rico;COMERCIAL_PR;Hotel Suite Pack St;961;Music Choice Y2k;Audio;Audio;No
Puerto Rico;COMERCIAL_PR;Hotel Suite Pack St;962;Music Choice Bluegrass;Audio;Audio;No
Puerto Rico;COMERCIAL_PR;Hotel Suite Pack St;963;Music Choice Vietnamese;Audio;Audio;No
Puerto Rico;COMERCIAL_PR;Hotel Suite Pack St;964;Music Choice Gospel;Audio;Audio;No
Puerto Rico;COMERCIAL_PR;Hotel Suite Pack St;965;Music Choice 60s Movement;Audio;Audio;No
Puerto Rico;COMERCIAL_PR;Hotel Suite Pack St;966;Music Choice Filipino;Audio;Audio;No
Puerto Rico;COMERCIAL_PR;Hotel Suite Pack St;967;Music Choice Sounds of the Season;Audio;Audio;No
Puerto Rico;COMERCIAL_PR;Hotel Room Suite Pack 1;162;Telemundo;HD;Nacional;Si
Puerto Rico;COMERCIAL_PR;Hotel Room Suite Pack 1;164;WAPA TV;HD;Nacional;Si
Puerto Rico;COMERCIAL_PR;Hotel Room Suite Pack 1;166;WIPR;SD;Nacional;Si
Puerto Rico;COMERCIAL_PR;Hotel Room Suite Pack 1;167;Teleislas;SD;Nacional;No
Puerto Rico;COMERCIAL_PR;Hotel Room Suite Pack 1;168;TeleOnce HD;HD;Nacional;Si
Puerto Rico;COMERCIAL_PR;Hotel Room Suite Pack 1;169;Daystar Español;SD;Nacional;Si
Puerto Rico;COMERCIAL_PR;Hotel Room Suite Pack 1;170;Fox News;HD;Nacional;Si
Puerto Rico;COMERCIAL_PR;Hotel Room Suite Pack 1;172;ABC5;HD;Nacional;Si
Puerto Rico;COMERCIAL_PR;Hotel Room Suite Pack 1;174;CBS;HD;Nacional;Si
Puerto Rico;COMERCIAL_PR;Hotel Room Suite Pack 1;176;NBC PR;HD;Nacional;Si
Puerto Rico;COMERCIAL_PR;Hotel Room Suite Pack 1;179;Punto 2;HD;Nacional;Si
Puerto Rico;COMERCIAL_PR;Hotel Room Suite Pack 1;181;TV Dominicana;SD;Nacional;Si
Puerto Rico;COMERCIAL_PR;Hotel Room Suite Pack 1;182;TV Chile;SD;Nacional;No
Puerto Rico;COMERCIAL_PR;Hotel Room Suite Pack 1;183;TeleOro;SD;Nacional;Si
Puerto Rico;COMERCIAL_PR;Hotel Room Suite Pack 1;185;Telecinco;SD;Local;No
Puerto Rico;COMERCIAL_PR;Hotel Room Suite Pack 1;186;UniMás;SD;Local;Si
Puerto Rico;COMERCIAL_PR;Hotel Room Suite Pack 1;188;QVC;SD;Variedades;Si
Puerto Rico;COMERCIAL_PR;Hotel Room Suite Pack 1;189;QVC 2;SD;Variedades;Si
Puerto Rico;COMERCIAL_PR;Hotel Room Suite Pack 1;190;Home Shopping Network (HSN);SD;Variedades;Si
Puerto Rico;COMERCIAL_PR;Hotel Room Suite Pack 1;191;Home Shopping Network (HSN) 2;SD;Variedades;Si
Puerto Rico;COMERCIAL_PR;Hotel Room Suite Pack 1;220;Bravo;HD;Variedades;Si
Puerto Rico;COMERCIAL_PR;Hotel Room Suite Pack 1;221;¡Hola! TV;SD;Variedades;No
Puerto Rico;COMERCIAL_PR;Hotel Room Suite Pack 1;222;E! Entertainment HD;HD;Variedades;Si
Puerto Rico;COMERCIAL_PR;Hotel Room Suite Pack 1;225;Pasiones;SD;Variedades;Si
Puerto Rico;COMERCIAL_PR;Hotel Room Suite Pack 1;226;QVC;SD;Variedades;Si
Puerto Rico;COMERCIAL_PR;Hotel Room Suite Pack 1;227;Home Shopping Network (HSN);SD;Variedades;Si
Puerto Rico;COMERCIAL_PR;Hotel Room Suite Pack 1;228;Food Network;HD;Variedades;Si
Puerto Rico;COMERCIAL_PR;Hotel Room Suite Pack 1;229;Blossom;SD;Variedades;Si
Puerto Rico;COMERCIAL_PR;Hotel Room Suite Pack 1;230;BET;SD;Variedades;Si
Puerto Rico;COMERCIAL_PR;Hotel Room Suite Pack 1;242;FX HD;HD;Variedades;Si
Puerto Rico;COMERCIAL_PR;Hotel Room Suite Pack 1;244;TNT;HD;Variedades;Si
Puerto Rico;COMERCIAL_PR;Hotel Room Suite Pack 1;246;USA Network;HD;Variedades;Si
Puerto Rico;COMERCIAL_PR;Hotel Room Suite Pack 1;248;TBS;HD;Variedades;Si
Puerto Rico;COMERCIAL_PR;Hotel Room Suite Pack 1;249;TLnovelas;SD;Variedades;No
Puerto Rico;COMERCIAL_PR;Hotel Room Suite Pack 1;250;HGTV;HD;Variedades;Si
Puerto Rico;COMERCIAL_PR;Hotel Room Suite Pack 1;252;Freeform;HD;Variedades;No
Puerto Rico;COMERCIAL_PR;Hotel Room Suite Pack 1;254;Paramount Network;HD;Variedades;Si
Puerto Rico;COMERCIAL_PR;Hotel Room Suite Pack 1;256;A&E;HD;Variedades;No
Puerto Rico;COMERCIAL_PR;Hotel Room Suite Pack 1;260;MTV;HD;Variedades;Si
Puerto Rico;COMERCIAL_PR;Hotel Room Suite Pack 1;261;MTV 2;HD;Variedades;Si
Puerto Rico;COMERCIAL_PR;Hotel Room Suite Pack 1;262;VH1;HD;Variedades;Si
Puerto Rico;COMERCIAL_PR;Hotel Room Suite Pack 1;263;Comedy Central;HD;Variedades;Si
Puerto Rico;COMERCIAL_PR;Hotel Room Suite Pack 1;264;VICE;SD;Variedades;Si
Puerto Rico;COMERCIAL_PR;Hotel Room Suite Pack 1;267;Cooking Channel;HD;Variedades;Si
Puerto Rico;COMERCIAL_PR;Hotel Room Suite Pack 1;268;So Yummy;SD;Variedades;Si
Puerto Rico;COMERCIAL_PR;Hotel Room Suite Pack 1;320;Cartoon Network;HD;Infantil;Si
Puerto Rico;COMERCIAL_PR;Hotel Room Suite Pack 1;322;Nickelodeon;HD;Infantil;Si
Puerto Rico;COMERCIAL_PR;Hotel Room Suite Pack 1;324;Disney Channel;HD;Infantil;No
Puerto Rico;COMERCIAL_PR;Hotel Room Suite Pack 1;326;Disney XD;HD;Infantil;No
Puerto Rico;COMERCIAL_PR;Hotel Room Suite Pack 1;330;Discovery Kids LA;SD;Infantil;No
Puerto Rico;COMERCIAL_PR;Hotel Room Suite Pack 1;332;LooLoo Kids;SD;Infantil;No
Puerto Rico;COMERCIAL_PR;Hotel Room Suite Pack 1;336;Boomerang;SD;Infantil;Si
Puerto Rico;COMERCIAL_PR;Hotel Room Suite Pack 1;337;Nick Jr.;HD;Infantil;No
Puerto Rico;COMERCIAL_PR;Hotel Room Suite Pack 1;338;Vme;SD;Infantil;No
Puerto Rico;COMERCIAL_PR;Hotel Room Suite Pack 1;339;Baby First TV;SD;Infantil;No
Puerto Rico;COMERCIAL_PR;Hotel Room Suite Pack 1;350;EWTN;SD;Religioso;Si
Puerto Rico;COMERCIAL_PR;Hotel Room Suite Pack 1;352;Enlace;SD;Religioso;Si
Puerto Rico;COMERCIAL_PR;Hotel Room Suite Pack 1;354;Christian Television Network (CTN);SD;Religioso;Si
Puerto Rico;COMERCIAL_PR;Hotel Room Suite Pack 1;462;Playboy TV;SD;Adultos;No
Puerto Rico;COMERCIAL_PR;Hotel Room Suite Pack 1;465;Brazzers TV;SD;Adultos;No
Puerto Rico;COMERCIAL_PR;Hotel Room Suite Pack 1;468;Hustler;SD;Adultos;No
Puerto Rico;COMERCIAL_PR;Hotel Room Suite Pack 1;511;AMC;HD;Cine;No
Puerto Rico;COMERCIAL_PR;Hotel Room Suite Pack 1;514;Cine Latino;SD;Cine;Si
Puerto Rico;COMERCIAL_PR;Hotel Room Suite Pack 1;516;De Película;SD;Cine;No
Puerto Rico;COMERCIAL_PR;Hotel Room Suite Pack 1;517;Lifetime;HD;Cine;Si
Puerto Rico;COMERCIAL_PR;Hotel Room Suite Pack 1;518;Lifetime Moivie Network;HD;Cine;No
Puerto Rico;COMERCIAL_PR;Hotel Room Suite Pack 1;520;Hallmark Channel;HD;Cine;Si
Puerto Rico;COMERCIAL_PR;Hotel Room Suite Pack 1;521;Hallmark Family;HD;Cine;Si
Puerto Rico;COMERCIAL_PR;Hotel Room Suite Pack 1;522;Hallmark Mistery;SD;Cine;Si
Puerto Rico;COMERCIAL_PR;Hotel Room Suite Pack 1;550;MGM Mas;HD;Cine;No
Puerto Rico;COMERCIAL_PR;Hotel Room Suite Pack 1;551;MGM Mas Hits;HD;Cine;No
Puerto Rico;COMERCIAL_PR;Hotel Room Suite Pack 1;552;MGM Mas Marquee;HD;Cine;No
Puerto Rico;COMERCIAL_PR;Hotel Room Suite Pack 1;564;HBO;HD;Cine;No
Puerto Rico;COMERCIAL_PR;Hotel Room Suite Pack 1;565;HBO Hits;HD;Cine;No
Puerto Rico;COMERCIAL_PR;Hotel Room Suite Pack 1;566;HBO Movie;HD;Cine;No
Puerto Rico;COMERCIAL_PR;Hotel Room Suite Pack 1;567;HBO Drama;HD;Cine;No
Puerto Rico;COMERCIAL_PR;Hotel Room Suite Pack 1;569;HBO Comedy;HD;Cine;No
Puerto Rico;COMERCIAL_PR;Hotel Room Suite Pack 1;570;HBO Latino;HD;Cine;No
Puerto Rico;COMERCIAL_PR;Hotel Room Suite Pack 1;571;Cinemax;HD;Cine;No
Puerto Rico;COMERCIAL_PR;Hotel Room Suite Pack 1;572;Cinemax Hits;HD;Cine;No
Puerto Rico;COMERCIAL_PR;Hotel Room Suite Pack 1;574;Cinemax Action;HD;Cine;No
Puerto Rico;COMERCIAL_PR;Hotel Room Suite Pack 1;577;Paramount+ with Showtime;HD;Cine;No
Puerto Rico;COMERCIAL_PR;Hotel Room Suite Pack 1;578;Showtime 2;HD;Cine;No
Puerto Rico;COMERCIAL_PR;Hotel Room Suite Pack 1;579;Showtime Beyond;HD;Cine;No
Puerto Rico;COMERCIAL_PR;Hotel Room Suite Pack 1;580;Showcase;HD;Cine;No
Puerto Rico;COMERCIAL_PR;Hotel Room Suite Pack 1;581;Showtime Extreme;HD;Cine;No
Puerto Rico;COMERCIAL_PR;Hotel Room Suite Pack 1;582;The Movie Channel;SD;Cine;No
Puerto Rico;COMERCIAL_PR;Hotel Room Suite Pack 1;585;Starz;HD;Cine;No
Puerto Rico;COMERCIAL_PR;Hotel Room Suite Pack 1;586;Starz Kids & Family;HD;Cine;No
Puerto Rico;COMERCIAL_PR;Hotel Room Suite Pack 1;587;Starz Cinema;HD;Cine;No
Puerto Rico;COMERCIAL_PR;Hotel Room Suite Pack 1;588;Encore Action;SD;Cine;No
Puerto Rico;COMERCIAL_PR;Hotel Room Suite Pack 1;589;Encore;HD;Cine;No
Puerto Rico;COMERCIAL_PR;Hotel Room Suite Pack 1;590;Encore Family;SD;Cine;No
Puerto Rico;COMERCIAL_PR;Hotel Room Suite Pack 1;601;NBA League Pass;HD;Deportes;No
Puerto Rico;COMERCIAL_PR;Hotel Room Suite Pack 1;619;NBA League Pass;HD;Deportes;No
Puerto Rico;COMERCIAL_PR;Hotel Room Suite Pack 1;620;NFL Sunday Ticket;HD;Deportes;No
Puerto Rico;COMERCIAL_PR;Hotel Room Suite Pack 1;639;NFL Sunday Ticket;HD;Deportes;No
Puerto Rico;COMERCIAL_PR;Hotel Room Suite Pack 1;640;Thursday Night Football;HD;Deportes;No
Puerto Rico;COMERCIAL_PR;Hotel Room Suite Pack 1;645;ESPN;HD;Deportes;Si
Puerto Rico;COMERCIAL_PR;Hotel Room Suite Pack 1;646;ESPN News;HD;Deportes;No
Puerto Rico;COMERCIAL_PR;Hotel Room Suite Pack 1;648;ESPN 2;HD;Deportes;No
Puerto Rico;COMERCIAL_PR;Hotel Room Suite Pack 1;649;ESPN Deportes;HD;Deportes;No
Puerto Rico;COMERCIAL_PR;Hotel Room Suite Pack 1;651;Fox Deportes;SD;Deportes;No
Puerto Rico;COMERCIAL_PR;Hotel Room Suite Pack 1;652;The Tennis Channel;HD;Deportes;No
Puerto Rico;COMERCIAL_PR;Hotel Room Suite Pack 1;653;NBA TV;HD;Deportes;No
Puerto Rico;COMERCIAL_PR;Hotel Room Suite Pack 1;654;The Golf Channel;HD;Deportes;No
Puerto Rico;COMERCIAL_PR;Hotel Room Suite Pack 1;655;Fox Sports;HD;Deportes;No
Puerto Rico;COMERCIAL_PR;Hotel Room Suite Pack 1;656;MLB Network;HD;Deportes;No
Puerto Rico;COMERCIAL_PR;Hotel Room Suite Pack 1;657;WAPA Deportes;HD;Deportes;Si
Puerto Rico;COMERCIAL_PR;Hotel Room Suite Pack 1;659;Racer Network;HD;Deportes;Si
Puerto Rico;COMERCIAL_PR;Hotel Room Suite Pack 1;702;CNN;HD;Mundo;Si
Puerto Rico;COMERCIAL_PR;Hotel Room Suite Pack 1;704;CNN en Español;SD;Mundo;No
Puerto Rico;COMERCIAL_PR;Hotel Room Suite Pack 1;708;Headline News;HD;Mundo;Si
Puerto Rico;COMERCIAL_PR;Hotel Room Suite Pack 1;710;Bloomberg;HD;Mundo;No
Puerto Rico;COMERCIAL_PR;Hotel Room Suite Pack 1;712;AccuWeather;HD;Mundo;Si
Puerto Rico;COMERCIAL_PR;Hotel Room Suite Pack 1;714;Estrella TV;SD;Mundo;Si
Puerto Rico;COMERCIAL_PR;Hotel Room Suite Pack 1;720;CSPAN2;SD;Mundo;No
Puerto Rico;COMERCIAL_PR;Hotel Room Suite Pack 1;730;Nat Geo Mundo;SD;Mundo;Si
Puerto Rico;COMERCIAL_PR;Hotel Room Suite Pack 1;732;Discovery em Español;SD;Mundo;No
Puerto Rico;COMERCIAL_PR;Hotel Room Suite Pack 1;734;Animal Planet LA;SD;Mundo;Si
Puerto Rico;COMERCIAL_PR;Hotel Room Suite Pack 1;735;Animal Planet US;HD;Mundo;Si
Puerto Rico;COMERCIAL_PR;Hotel Room Suite Pack 1;742;History Andes;SD;Mundo;No
Puerto Rico;COMERCIAL_PR;Hotel Room Suite Pack 1;744;FYI;HD;Mundo;Si
Puerto Rico;COMERCIAL_PR;Hotel Room Suite Pack 1;745;SyFy;HD;Mundo;No
Puerto Rico;COMERCIAL_PR;Hotel Room Suite Pack 1;746;Discovery Turbo;HD;Mundo;No
Puerto Rico;COMERCIAL_PR;Hotel Room Suite Pack 1;752;Discovery US;HD;Mundo;Si
Puerto Rico;COMERCIAL_PR;Hotel Room Suite Pack 1;754;The Learning Channel;HD;Mundo;No
Puerto Rico;COMERCIAL_PR;Hotel Room Suite Pack 1;756;History Channel;HD;Mundo;No
Puerto Rico;COMERCIAL_PR;Hotel Room Suite Pack 1;760;TVE;SD;Variedades;No
Puerto Rico;COMERCIAL_PR;Hotel Room Suite Pack 1;762;Antena 3;SD;Mundo;No
Puerto Rico;COMERCIAL_PR;Hotel Room Suite Pack 1;764;HITN;SD;Variedades;Si
Puerto Rico;COMERCIAL_PR;Hotel Room Suite Pack 1;768;BBC América;HD;Mundo;No
Puerto Rico;COMERCIAL_PR;Hotel Room Suite Pack 1;901;Music Choice Rock Hits;Audio;Audio;No
Puerto Rico;COMERCIAL_PR;Hotel Room Suite Pack 1;902;Music Choice 80s Rock;Audio;Audio;No
Puerto Rico;COMERCIAL_PR;Hotel Room Suite Pack 1;903;Music Choice Jazz Vocal Hits;Audio;Audio;No
Puerto Rico;COMERCIAL_PR;Hotel Room Suite Pack 1;904;Music Choice Country Hits;Audio;Audio;No
Puerto Rico;COMERCIAL_PR;Hotel Room Suite Pack 1;905;Music Choice New Age;Audio;Audio;No
Puerto Rico;COMERCIAL_PR;Hotel Room Suite Pack 1;906;Music Choice Funk;Audio;Audio;No
Puerto Rico;COMERCIAL_PR;Hotel Room Suite Pack 1;907;Music Choice 90s;Audio;Audio;No
Puerto Rico;COMERCIAL_PR;Hotel Room Suite Pack 1;908;Music Choice Blues;Audio;Audio;No
Puerto Rico;COMERCIAL_PR;Hotel Room Suite Pack 1;909;Music Choice Love Songs;Audio;Audio;No
Puerto Rico;COMERCIAL_PR;Hotel Room Suite Pack 1;910;Music Choice Musica Urbana;Audio;Audio;No
Puerto Rico;COMERCIAL_PR;Hotel Room Suite Pack 1;911;Music Choice R&B Classics;Audio;Audio;No
Puerto Rico;COMERCIAL_PR;Hotel Room Suite Pack 1;912;Music Choice Latin Jazz;Audio;Audio;No
Puerto Rico;COMERCIAL_PR;Hotel Room Suite Pack 1;913;Music Choice Soft Rock;Audio;Audio;No
Puerto Rico;COMERCIAL_PR;Hotel Room Suite Pack 1;914;Music Choice Rap;Audio;Audio;No
Puerto Rico;COMERCIAL_PR;Hotel Room Suite Pack 1;915;Music Choice All Xmas;Audio;Audio;No
Puerto Rico;COMERCIAL_PR;Hotel Room Suite Pack 1;916;Music Choice Workout;Audio;Audio;No
Puerto Rico;COMERCIAL_PR;Hotel Room Suite Pack 1;917;Music Choice Broadway;Audio;Audio;No
Puerto Rico;COMERCIAL_PR;Hotel Room Suite Pack 1;918;Music Choice Adult Alternative;Audio;Audio;No
Puerto Rico;COMERCIAL_PR;Hotel Room Suite Pack 1;919;Music Choice Pop Hits;Audio;Audio;No
Puerto Rico;COMERCIAL_PR;Hotel Room Suite Pack 1;920;Music Choice New Wave;Audio;Audio;No
Puerto Rico;COMERCIAL_PR;Hotel Room Suite Pack 1;921;Music Choice 70s;Audio;Audio;No
Puerto Rico;COMERCIAL_PR;Hotel Room Suite Pack 1;922;Music Choice Kidz Only!;Audio;Audio;No
Puerto Rico;COMERCIAL_PR;Hotel Room Suite Pack 1;923;Music Choice 80s;Audio;Audio;No
Puerto Rico;COMERCIAL_PR;Hotel Room Suite Pack 1;924;Music Choice Rock Latino;Audio;Audio;No
Puerto Rico;COMERCIAL_PR;Hotel Room Suite Pack 1;925;Music Choice Retro Workout;Audio;Audio;No
Puerto Rico;COMERCIAL_PR;Hotel Room Suite Pack 1;926;Music Choice Contemporary Christian;Audio;Audio;No
Puerto Rico;COMERCIAL_PR;Hotel Room Suite Pack 1;927;Music Choice Reggae;Audio;Audio;No
Puerto Rico;COMERCIAL_PR;Hotel Room Suite Pack 1;928;Music Choice Alternative;Audio;Audio;No
Puerto Rico;COMERCIAL_PR;Hotel Room Suite Pack 1;929;Music Choice Pop & Country;Audio;Audio;No
Puerto Rico;COMERCIAL_PR;Hotel Room Suite Pack 1;930;Music Choice Pop Latino;Audio;Audio;No
Puerto Rico;COMERCIAL_PR;Hotel Room Suite Pack 1;931;Music Choice Classic Country;Audio;Audio;No
Puerto Rico;COMERCIAL_PR;Hotel Room Suite Pack 1;932;Music Choice Big Band;Audio;Audio;No
Puerto Rico;COMERCIAL_PR;Hotel Room Suite Pack 1;933;Music Choice Todays Country;Audio;Audio;No
Puerto Rico;COMERCIAL_PR;Hotel Room Suite Pack 1;934;Music Choice Hit List;Audio;Audio;No
Puerto Rico;COMERCIAL_PR;Hotel Room Suite Pack 1;935;Music Choice Hip-Hop And R&B;Audio;Audio;No
Puerto Rico;COMERCIAL_PR;Hotel Room Suite Pack 1;936;Music Choice Teen Beats;Audio;Audio;No
Puerto Rico;COMERCIAL_PR;Hotel Room Suite Pack 1;937;Music Choice Coffee Shop Cuts;Audio;Audio;No
Puerto Rico;COMERCIAL_PR;Hotel Room Suite Pack 1;938;Music Choice Honky Tonk;Audio;Audio;No
Puerto Rico;COMERCIAL_PR;Hotel Room Suite Pack 1;939;Music Choice Soundscapes;Audio;Audio;No
Puerto Rico;COMERCIAL_PR;Hotel Room Suite Pack 1;940;Music Choice Light Classical;Audio;Audio;No
Puerto Rico;COMERCIAL_PR;Hotel Room Suite Pack 1;941;Music Choice Classic Alternative;Audio;Audio;No
Puerto Rico;COMERCIAL_PR;Hotel Room Suite Pack 1;942;Music Choice Indie;Audio;Audio;No
Puerto Rico;COMERCIAL_PR;Hotel Room Suite Pack 1;943;Music Choice Malt Shop Favorites;Audio;Audio;No
Puerto Rico;COMERCIAL_PR;Hotel Room Suite Pack 1;944;Music Choice Smooth Jazz;Audio;Audio;No
Puerto Rico;COMERCIAL_PR;Hotel Room Suite Pack 1;945;Music Choice Contemporary Instrumentals;Audio;Audio;No
Puerto Rico;COMERCIAL_PR;Hotel Room Suite Pack 1;946;Music Choice Hard Rock;Audio;Audio;No
Puerto Rico;COMERCIAL_PR;Hotel Room Suite Pack 1;947;Music Choice Throwback Jamz;Audio;Audio;No
Puerto Rico;COMERCIAL_PR;Hotel Room Suite Pack 1;948;Music Choice Classic Rock;Audio;Audio;No
Puerto Rico;COMERCIAL_PR;Hotel Room Suite Pack 1;949;Music Choice Movie Scores;Audio;Audio;No
Puerto Rico;COMERCIAL_PR;Hotel Room Suite Pack 1;950;Music Choice Max;Audio;Audio;No
Puerto Rico;COMERCIAL_PR;Hotel Room Suite Pack 1;951;Music Choice Mainstream Rap;Audio;Audio;No
Puerto Rico;COMERCIAL_PR;Hotel Room Suite Pack 1;952;Music Choice Americana;Audio;Audio;No
Puerto Rico;COMERCIAL_PR;Hotel Room Suite Pack 1;953;Music Choice Symphony;Audio;Audio;No
Puerto Rico;COMERCIAL_PR;Hotel Room Suite Pack 1;954;Music Choice Dance/EDM;Audio;Audio;No
Puerto Rico;COMERCIAL_PR;Hotel Room Suite Pack 1;955;Music Choice Folk;Audio;Audio;No
Puerto Rico;COMERCIAL_PR;Hotel Room Suite Pack 1;956;Music Choice Classic Dance;Audio;Audio;No
Puerto Rico;COMERCIAL_PR;Hotel Room Suite Pack 1;957;Music Choice Gospel Hallelujah;Audio;Audio;No
Puerto Rico;COMERCIAL_PR;Hotel Room Suite Pack 1;958;Music Choice Tropicales;Audio;Audio;No
Puerto Rico;COMERCIAL_PR;Hotel Room Suite Pack 1;959;Music Choice Metal;Audio;Audio;No
Puerto Rico;COMERCIAL_PR;Hotel Room Suite Pack 1;960;Music Choice Toddler Tunes;Audio;Audio;No
Puerto Rico;COMERCIAL_PR;Hotel Room Suite Pack 1;961;Music Choice Y2k;Audio;Audio;No
Puerto Rico;COMERCIAL_PR;Hotel Room Suite Pack 1;962;Music Choice Bluegrass;Audio;Audio;No
Puerto Rico;COMERCIAL_PR;Hotel Room Suite Pack 1;963;Music Choice Vietnamese;Audio;Audio;No
Puerto Rico;COMERCIAL_PR;Hotel Room Suite Pack 1;964;Music Choice Gospel;Audio;Audio;No
Puerto Rico;COMERCIAL_PR;Hotel Room Suite Pack 1;965;Music Choice 60s Movement;Audio;Audio;No
Puerto Rico;COMERCIAL_PR;Hotel Room Suite Pack 1;966;Music Choice Filipino;Audio;Audio;No
Puerto Rico;COMERCIAL_PR;Hotel Room Suite Pack 1;967;Music Choice Sounds of the Season;Audio;Audio;No
Puerto Rico;COMERCIAL_PR;Hotel Room Presidencial;162;Telemundo;HD;Nacional;Si
Puerto Rico;COMERCIAL_PR;Hotel Room Presidencial;164;WAPA TV;HD;Nacional;Si
Puerto Rico;COMERCIAL_PR;Hotel Room Presidencial;166;WIPR;SD;Nacional;Si
Puerto Rico;COMERCIAL_PR;Hotel Room Presidencial;167;Teleislas;SD;Nacional;No
Puerto Rico;COMERCIAL_PR;Hotel Room Presidencial;168;TeleOnce HD;HD;Nacional;Si
Puerto Rico;COMERCIAL_PR;Hotel Room Presidencial;169;Daystar Español;SD;Nacional;Si
Puerto Rico;COMERCIAL_PR;Hotel Room Presidencial;170;Fox News;HD;Nacional;Si
Puerto Rico;COMERCIAL_PR;Hotel Room Presidencial;172;ABC5;HD;Nacional;Si
Puerto Rico;COMERCIAL_PR;Hotel Room Presidencial;174;CBS;HD;Nacional;Si
Puerto Rico;COMERCIAL_PR;Hotel Room Presidencial;176;NBC PR;HD;Nacional;Si
Puerto Rico;COMERCIAL_PR;Hotel Room Presidencial;179;Punto 2;HD;Nacional;Si
Puerto Rico;COMERCIAL_PR;Hotel Room Presidencial;181;TV Dominicana;SD;Nacional;Si
Puerto Rico;COMERCIAL_PR;Hotel Room Presidencial;182;TV Chile;SD;Nacional;Si
Puerto Rico;COMERCIAL_PR;Hotel Room Presidencial;183;TeleOro;SD;Nacional;Si
Puerto Rico;COMERCIAL_PR;Hotel Room Presidencial;185;Telecinco;SD;Local;No
Puerto Rico;COMERCIAL_PR;Hotel Room Presidencial;186;UniMás;SD;Local;Si
Puerto Rico;COMERCIAL_PR;Hotel Room Presidencial;188;QVC;SD;Variedades;Si
Puerto Rico;COMERCIAL_PR;Hotel Room Presidencial;189;QVC 2;SD;Variedades;Si
Puerto Rico;COMERCIAL_PR;Hotel Room Presidencial;190;Home Shopping Network (HSN);SD;Variedades;Si
Puerto Rico;COMERCIAL_PR;Hotel Room Presidencial;191;Home Shopping Network (HSN) 2;SD;Variedades;Si
Puerto Rico;COMERCIAL_PR;Hotel Room Presidencial;220;Bravo;HD;Variedades;Si
Puerto Rico;COMERCIAL_PR;Hotel Room Presidencial;221;¡Hola! TV;SD;Variedades;Si
Puerto Rico;COMERCIAL_PR;Hotel Room Presidencial;222;E! Entertainment HD;HD;Variedades;Si
Puerto Rico;COMERCIAL_PR;Hotel Room Presidencial;225;Pasiones;SD;Variedades;Si
Puerto Rico;COMERCIAL_PR;Hotel Room Presidencial;226;QVC;SD;Variedades;Si
Puerto Rico;COMERCIAL_PR;Hotel Room Presidencial;227;Home Shopping Network (HSN);SD;Variedades;Si
Puerto Rico;COMERCIAL_PR;Hotel Room Presidencial;228;Food Network;HD;Variedades;Si
Puerto Rico;COMERCIAL_PR;Hotel Room Presidencial;229;Blossom;SD;Variedades;Si
Puerto Rico;COMERCIAL_PR;Hotel Room Presidencial;230;BET;SD;Variedades;Si
Puerto Rico;COMERCIAL_PR;Hotel Room Presidencial;242;FX HD;HD;Variedades;Si
Puerto Rico;COMERCIAL_PR;Hotel Room Presidencial;244;TNT;HD;Variedades;Si
Puerto Rico;COMERCIAL_PR;Hotel Room Presidencial;246;USA Network;HD;Variedades;Si
Puerto Rico;COMERCIAL_PR;Hotel Room Presidencial;248;TBS;HD;Variedades;Si
Puerto Rico;COMERCIAL_PR;Hotel Room Presidencial;249;TLnovelas;SD;Variedades;No
Puerto Rico;COMERCIAL_PR;Hotel Room Presidencial;250;HGTV;HD;Variedades;Si
Puerto Rico;COMERCIAL_PR;Hotel Room Presidencial;252;Freeform;HD;Variedades;Si
Puerto Rico;COMERCIAL_PR;Hotel Room Presidencial;254;Paramount Network;HD;Variedades;Si
Puerto Rico;COMERCIAL_PR;Hotel Room Presidencial;256;A&E;HD;Variedades;Si
Puerto Rico;COMERCIAL_PR;Hotel Room Presidencial;260;MTV;HD;Variedades;Si
Puerto Rico;COMERCIAL_PR;Hotel Room Presidencial;261;MTV 2;HD;Variedades;Si
Puerto Rico;COMERCIAL_PR;Hotel Room Presidencial;262;VH1;HD;Variedades;Si
Puerto Rico;COMERCIAL_PR;Hotel Room Presidencial;263;Comedy Central;HD;Variedades;No
Puerto Rico;COMERCIAL_PR;Hotel Room Presidencial;264;VICE;SD;Variedades;Si
Puerto Rico;COMERCIAL_PR;Hotel Room Presidencial;267;Cooking Channel;HD;Variedades;Si
Puerto Rico;COMERCIAL_PR;Hotel Room Presidencial;268;So Yummy;SD;Variedades;Si
Puerto Rico;COMERCIAL_PR;Hotel Room Presidencial;320;Cartoon Network;HD;Infantil;Si
Puerto Rico;COMERCIAL_PR;Hotel Room Presidencial;322;Nickelodeon;HD;Infantil;Si
Puerto Rico;COMERCIAL_PR;Hotel Room Presidencial;324;Disney Channel;HD;Infantil;Si
Puerto Rico;COMERCIAL_PR;Hotel Room Presidencial;326;Disney XD;HD;Infantil;Si
Puerto Rico;COMERCIAL_PR;Hotel Room Presidencial;330;Discovery Kids LA;SD;Infantil;Si
Puerto Rico;COMERCIAL_PR;Hotel Room Presidencial;332;LooLoo Kids;SD;Infantil;No
Puerto Rico;COMERCIAL_PR;Hotel Room Presidencial;336;Boomerang;SD;Infantil;Si
Puerto Rico;COMERCIAL_PR;Hotel Room Presidencial;337;Nick Jr.;HD;Infantil;No
Puerto Rico;COMERCIAL_PR;Hotel Room Presidencial;338;Vme;SD;Infantil;Si
Puerto Rico;COMERCIAL_PR;Hotel Room Presidencial;339;Baby First TV;SD;Infantil;Si
Puerto Rico;COMERCIAL_PR;Hotel Room Presidencial;350;EWTN;SD;Religioso;Si
Puerto Rico;COMERCIAL_PR;Hotel Room Presidencial;352;Enlace;SD;Religioso;Si
Puerto Rico;COMERCIAL_PR;Hotel Room Presidencial;354;Christian Television Network (CTN);SD;Religioso;Si
Puerto Rico;COMERCIAL_PR;Hotel Room Presidencial;462;Playboy TV;SD;Adultos;No
Puerto Rico;COMERCIAL_PR;Hotel Room Presidencial;465;Brazzers TV;SD;Adultos;No
Puerto Rico;COMERCIAL_PR;Hotel Room Presidencial;468;Hustler;SD;Adultos;No
Puerto Rico;COMERCIAL_PR;Hotel Room Presidencial;511;AMC;HD;Cine;Si
Puerto Rico;COMERCIAL_PR;Hotel Room Presidencial;514;Cine Latino;SD;Cine;Si
Puerto Rico;COMERCIAL_PR;Hotel Room Presidencial;516;De Película;SD;Cine;No
Puerto Rico;COMERCIAL_PR;Hotel Room Presidencial;517;Lifetime;HD;Cine;No
Puerto Rico;COMERCIAL_PR;Hotel Room Presidencial;518;Lifetime Moivie Network;HD;Cine;No
Puerto Rico;COMERCIAL_PR;Hotel Room Presidencial;520;Hallmark Channel;HD;Cine;Si
Puerto Rico;COMERCIAL_PR;Hotel Room Presidencial;521;Hallmark Family;HD;Cine;Si
Puerto Rico;COMERCIAL_PR;Hotel Room Presidencial;522;Hallmark Mistery;SD;Cine;Si
Puerto Rico;COMERCIAL_PR;Hotel Room Presidencial;550;MGM Mas;HD;Cine;No
Puerto Rico;COMERCIAL_PR;Hotel Room Presidencial;551;MGM Mas Hits;HD;Cine;No
Puerto Rico;COMERCIAL_PR;Hotel Room Presidencial;552;MGM Mas Marquee;HD;Cine;No
Puerto Rico;COMERCIAL_PR;Hotel Room Presidencial;564;HBO;HD;Cine;No
Puerto Rico;COMERCIAL_PR;Hotel Room Presidencial;565;HBO Hits;HD;Cine;No
Puerto Rico;COMERCIAL_PR;Hotel Room Presidencial;566;HBO Movie;HD;Cine;No
Puerto Rico;COMERCIAL_PR;Hotel Room Presidencial;567;HBO Drama;HD;Cine;No
Puerto Rico;COMERCIAL_PR;Hotel Room Presidencial;569;HBO Comedy;HD;Cine;No
Puerto Rico;COMERCIAL_PR;Hotel Room Presidencial;570;HBO Latino;HD;Cine;No
Puerto Rico;COMERCIAL_PR;Hotel Room Presidencial;571;Cinemax;HD;Cine;No
Puerto Rico;COMERCIAL_PR;Hotel Room Presidencial;572;Cinemax Hits;HD;Cine;No
Puerto Rico;COMERCIAL_PR;Hotel Room Presidencial;574;Cinemax Action;HD;Cine;No
Puerto Rico;COMERCIAL_PR;Hotel Room Presidencial;577;Paramount+ with Showtime;HD;Cine;No
Puerto Rico;COMERCIAL_PR;Hotel Room Presidencial;578;Showtime 2;HD;Cine;No
Puerto Rico;COMERCIAL_PR;Hotel Room Presidencial;579;Showtime Beyond;HD;Cine;No
Puerto Rico;COMERCIAL_PR;Hotel Room Presidencial;580;Showcase;HD;Cine;No
Puerto Rico;COMERCIAL_PR;Hotel Room Presidencial;581;Showtime Extreme;HD;Cine;No
Puerto Rico;COMERCIAL_PR;Hotel Room Presidencial;582;The Movie Channel;SD;Cine;No
Puerto Rico;COMERCIAL_PR;Hotel Room Presidencial;585;Starz;HD;Cine;No
Puerto Rico;COMERCIAL_PR;Hotel Room Presidencial;586;Starz Kids & Family;HD;Cine;No
Puerto Rico;COMERCIAL_PR;Hotel Room Presidencial;587;Starz Cinema;HD;Cine;No
Puerto Rico;COMERCIAL_PR;Hotel Room Presidencial;588;Encore Action;SD;Cine;No
Puerto Rico;COMERCIAL_PR;Hotel Room Presidencial;589;Encore;HD;Cine;No
Puerto Rico;COMERCIAL_PR;Hotel Room Presidencial;590;Encore Family;SD;Cine;No
Puerto Rico;COMERCIAL_PR;Hotel Room Presidencial;601;NBA League Pass;HD;Deportes;No
Puerto Rico;COMERCIAL_PR;Hotel Room Presidencial;619;NBA League Pass;HD;Deportes;No
Puerto Rico;COMERCIAL_PR;Hotel Room Presidencial;620;NFL Sunday Ticket;HD;Deportes;No
Puerto Rico;COMERCIAL_PR;Hotel Room Presidencial;639;NFL Sunday Ticket;HD;Deportes;No
Puerto Rico;COMERCIAL_PR;Hotel Room Presidencial;640;Thursday Night Football;HD;Deportes;No
Puerto Rico;COMERCIAL_PR;Hotel Room Presidencial;645;ESPN;HD;Deportes;Si
Puerto Rico;COMERCIAL_PR;Hotel Room Presidencial;646;ESPN News;HD;Deportes;Si
Puerto Rico;COMERCIAL_PR;Hotel Room Presidencial;648;ESPN 2;HD;Deportes;Si
Puerto Rico;COMERCIAL_PR;Hotel Room Presidencial;649;ESPN Deportes;HD;Deportes;Si
Puerto Rico;COMERCIAL_PR;Hotel Room Presidencial;651;Fox Deportes;SD;Deportes;No
Puerto Rico;COMERCIAL_PR;Hotel Room Presidencial;652;The Tennis Channel;HD;Deportes;No
Puerto Rico;COMERCIAL_PR;Hotel Room Presidencial;653;NBA TV;HD;Deportes;Si
Puerto Rico;COMERCIAL_PR;Hotel Room Presidencial;654;The Golf Channel;HD;Deportes;No
Puerto Rico;COMERCIAL_PR;Hotel Room Presidencial;655;Fox Sports;HD;Deportes;No
Puerto Rico;COMERCIAL_PR;Hotel Room Presidencial;656;MLB Network;HD;Deportes;Si
Puerto Rico;COMERCIAL_PR;Hotel Room Presidencial;657;WAPA Deportes;HD;Deportes;Si
Puerto Rico;COMERCIAL_PR;Hotel Room Presidencial;659;Racer Network;HD;Deportes;Si
Puerto Rico;COMERCIAL_PR;Hotel Room Presidencial;702;CNN;HD;Mundo;Si
Puerto Rico;COMERCIAL_PR;Hotel Room Presidencial;704;CNN en Español;SD;Mundo;Si
Puerto Rico;COMERCIAL_PR;Hotel Room Presidencial;708;Headline News;HD;Mundo;Si
Puerto Rico;COMERCIAL_PR;Hotel Room Presidencial;710;Bloomberg;HD;Mundo;Si
Puerto Rico;COMERCIAL_PR;Hotel Room Presidencial;712;AccuWeather;HD;Mundo;Si
Puerto Rico;COMERCIAL_PR;Hotel Room Presidencial;714;Estrella TV;SD;Mundo;Si
Puerto Rico;COMERCIAL_PR;Hotel Room Presidencial;720;CSPAN2;SD;Mundo;No
Puerto Rico;COMERCIAL_PR;Hotel Room Presidencial;730;Nat Geo Mundo;SD;Mundo;Si
Puerto Rico;COMERCIAL_PR;Hotel Room Presidencial;732;Discovery em Español;SD;Mundo;Si
Puerto Rico;COMERCIAL_PR;Hotel Room Presidencial;734;Animal Planet LA;SD;Mundo;No
Puerto Rico;COMERCIAL_PR;Hotel Room Presidencial;735;Animal Planet US;HD;Mundo;No
Puerto Rico;COMERCIAL_PR;Hotel Room Presidencial;742;History Andes;SD;Mundo;No
Puerto Rico;COMERCIAL_PR;Hotel Room Presidencial;744;FYI;HD;Mundo;Si
Puerto Rico;COMERCIAL_PR;Hotel Room Presidencial;745;SyFy;HD;Mundo;No
Puerto Rico;COMERCIAL_PR;Hotel Room Presidencial;746;Discovery Turbo;HD;Mundo;No
Puerto Rico;COMERCIAL_PR;Hotel Room Presidencial;752;Discovery US;HD;Mundo;Si
Puerto Rico;COMERCIAL_PR;Hotel Room Presidencial;754;The Learning Channel;HD;Mundo;Si
Puerto Rico;COMERCIAL_PR;Hotel Room Presidencial;756;History Channel;HD;Mundo;Si
Puerto Rico;COMERCIAL_PR;Hotel Room Presidencial;760;TVE;SD;Variedades;Si
Puerto Rico;COMERCIAL_PR;Hotel Room Presidencial;762;Antena 3;SD;Mundo;Si
Puerto Rico;COMERCIAL_PR;Hotel Room Presidencial;764;HITN;SD;Variedades;Si
Puerto Rico;COMERCIAL_PR;Hotel Room Presidencial;768;BBC América;HD;Mundo;Si
Puerto Rico;COMERCIAL_PR;Hotel Room Presidencial;901;Music Choice Rock Hits;Audio;Audio;Si
Puerto Rico;COMERCIAL_PR;Hotel Room Presidencial;902;Music Choice 80s Rock;Audio;Audio;Si
Puerto Rico;COMERCIAL_PR;Hotel Room Presidencial;903;Music Choice Jazz Vocal Hits;Audio;Audio;Si
Puerto Rico;COMERCIAL_PR;Hotel Room Presidencial;904;Music Choice Country Hits;Audio;Audio;Si
Puerto Rico;COMERCIAL_PR;Hotel Room Presidencial;905;Music Choice New Age;Audio;Audio;Si
Puerto Rico;COMERCIAL_PR;Hotel Room Presidencial;906;Music Choice Funk;Audio;Audio;Si
Puerto Rico;COMERCIAL_PR;Hotel Room Presidencial;907;Music Choice 90s;Audio;Audio;Si
Puerto Rico;COMERCIAL_PR;Hotel Room Presidencial;908;Music Choice Blues;Audio;Audio;Si
Puerto Rico;COMERCIAL_PR;Hotel Room Presidencial;909;Music Choice Love Songs;Audio;Audio;Si
Puerto Rico;COMERCIAL_PR;Hotel Room Presidencial;910;Music Choice Musica Urbana;Audio;Audio;Si
Puerto Rico;COMERCIAL_PR;Hotel Room Presidencial;911;Music Choice R&B Classics;Audio;Audio;Si
Puerto Rico;COMERCIAL_PR;Hotel Room Presidencial;912;Music Choice Latin Jazz;Audio;Audio;Si
Puerto Rico;COMERCIAL_PR;Hotel Room Presidencial;913;Music Choice Soft Rock;Audio;Audio;Si
Puerto Rico;COMERCIAL_PR;Hotel Room Presidencial;914;Music Choice Rap;Audio;Audio;Si
Puerto Rico;COMERCIAL_PR;Hotel Room Presidencial;915;Music Choice All Xmas;Audio;Audio;Si
Puerto Rico;COMERCIAL_PR;Hotel Room Presidencial;916;Music Choice Workout;Audio;Audio;Si
Puerto Rico;COMERCIAL_PR;Hotel Room Presidencial;917;Music Choice Broadway;Audio;Audio;Si
Puerto Rico;COMERCIAL_PR;Hotel Room Presidencial;918;Music Choice Adult Alternative;Audio;Audio;Si
Puerto Rico;COMERCIAL_PR;Hotel Room Presidencial;919;Music Choice Pop Hits;Audio;Audio;Si
Puerto Rico;COMERCIAL_PR;Hotel Room Presidencial;920;Music Choice New Wave;Audio;Audio;Si
Puerto Rico;COMERCIAL_PR;Hotel Room Presidencial;921;Music Choice 70s;Audio;Audio;Si
Puerto Rico;COMERCIAL_PR;Hotel Room Presidencial;922;Music Choice Kidz Only!;Audio;Audio;Si
Puerto Rico;COMERCIAL_PR;Hotel Room Presidencial;923;Music Choice 80s;Audio;Audio;Si
Puerto Rico;COMERCIAL_PR;Hotel Room Presidencial;924;Music Choice Rock Latino;Audio;Audio;Si
Puerto Rico;COMERCIAL_PR;Hotel Room Presidencial;925;Music Choice Retro Workout;Audio;Audio;Si
Puerto Rico;COMERCIAL_PR;Hotel Room Presidencial;926;Music Choice Contemporary Christian;Audio;Audio;Si
Puerto Rico;COMERCIAL_PR;Hotel Room Presidencial;927;Music Choice Reggae;Audio;Audio;Si
Puerto Rico;COMERCIAL_PR;Hotel Room Presidencial;928;Music Choice Alternative;Audio;Audio;Si
Puerto Rico;COMERCIAL_PR;Hotel Room Presidencial;929;Music Choice Pop & Country;Audio;Audio;Si
Puerto Rico;COMERCIAL_PR;Hotel Room Presidencial;930;Music Choice Pop Latino;Audio;Audio;Si
Puerto Rico;COMERCIAL_PR;Hotel Room Presidencial;931;Music Choice Classic Country;Audio;Audio;Si
Puerto Rico;COMERCIAL_PR;Hotel Room Presidencial;932;Music Choice Big Band;Audio;Audio;Si
Puerto Rico;COMERCIAL_PR;Hotel Room Presidencial;933;Music Choice Todays Country;Audio;Audio;Si
Puerto Rico;COMERCIAL_PR;Hotel Room Presidencial;934;Music Choice Hit List;Audio;Audio;Si
Puerto Rico;COMERCIAL_PR;Hotel Room Presidencial;935;Music Choice Hip-Hop And R&B;Audio;Audio;Si
Puerto Rico;COMERCIAL_PR;Hotel Room Presidencial;936;Music Choice Teen Beats;Audio;Audio;Si
Puerto Rico;COMERCIAL_PR;Hotel Room Presidencial;937;Music Choice Coffee Shop Cuts;Audio;Audio;Si
Puerto Rico;COMERCIAL_PR;Hotel Room Presidencial;938;Music Choice Honky Tonk;Audio;Audio;Si
Puerto Rico;COMERCIAL_PR;Hotel Room Presidencial;939;Music Choice Soundscapes;Audio;Audio;Si
Puerto Rico;COMERCIAL_PR;Hotel Room Presidencial;940;Music Choice Light Classical;Audio;Audio;Si
Puerto Rico;COMERCIAL_PR;Hotel Room Presidencial;941;Music Choice Classic Alternative;Audio;Audio;Si
Puerto Rico;COMERCIAL_PR;Hotel Room Presidencial;942;Music Choice Indie;Audio;Audio;Si
Puerto Rico;COMERCIAL_PR;Hotel Room Presidencial;943;Music Choice Malt Shop Favorites;Audio;Audio;Si
Puerto Rico;COMERCIAL_PR;Hotel Room Presidencial;944;Music Choice Smooth Jazz;Audio;Audio;Si
Puerto Rico;COMERCIAL_PR;Hotel Room Presidencial;945;Music Choice Contemporary Instrumentals;Audio;Audio;Si
Puerto Rico;COMERCIAL_PR;Hotel Room Presidencial;946;Music Choice Hard Rock;Audio;Audio;Si
Puerto Rico;COMERCIAL_PR;Hotel Room Presidencial;947;Music Choice Throwback Jamz;Audio;Audio;Si
Puerto Rico;COMERCIAL_PR;Hotel Room Presidencial;948;Music Choice Classic Rock;Audio;Audio;Si
Puerto Rico;COMERCIAL_PR;Hotel Room Presidencial;949;Music Choice Movie Scores;Audio;Audio;Si
Puerto Rico;COMERCIAL_PR;Hotel Room Presidencial;950;Music Choice Max;Audio;Audio;Si
Puerto Rico;COMERCIAL_PR;Hotel Room Presidencial;951;Music Choice Mainstream Rap;Audio;Audio;Si
Puerto Rico;COMERCIAL_PR;Hotel Room Presidencial;952;Music Choice Americana;Audio;Audio;Si
Puerto Rico;COMERCIAL_PR;Hotel Room Presidencial;953;Music Choice Symphony;Audio;Audio;Si
Puerto Rico;COMERCIAL_PR;Hotel Room Presidencial;954;Music Choice Dance/EDM;Audio;Audio;Si
Puerto Rico;COMERCIAL_PR;Hotel Room Presidencial;955;Music Choice Folk;Audio;Audio;Si
Puerto Rico;COMERCIAL_PR;Hotel Room Presidencial;956;Music Choice Classic Dance;Audio;Audio;Si
Puerto Rico;COMERCIAL_PR;Hotel Room Presidencial;957;Music Choice Gospel Hallelujah;Audio;Audio;Si
Puerto Rico;COMERCIAL_PR;Hotel Room Presidencial;958;Music Choice Tropicales;Audio;Audio;Si
Puerto Rico;COMERCIAL_PR;Hotel Room Presidencial;959;Music Choice Metal;Audio;Audio;Si
Puerto Rico;COMERCIAL_PR;Hotel Room Presidencial;960;Music Choice Toddler Tunes;Audio;Audio;Si
Puerto Rico;COMERCIAL_PR;Hotel Room Presidencial;961;Music Choice Y2k;Audio;Audio;Si
Puerto Rico;COMERCIAL_PR;Hotel Room Presidencial;962;Music Choice Bluegrass;Audio;Audio;Si
Puerto Rico;COMERCIAL_PR;Hotel Room Presidencial;963;Music Choice Vietnamese;Audio;Audio;Si
Puerto Rico;COMERCIAL_PR;Hotel Room Presidencial;964;Music Choice Gospel;Audio;Audio;Si
Puerto Rico;COMERCIAL_PR;Hotel Room Presidencial;965;Music Choice 60s Movement;Audio;Audio;Si
Puerto Rico;COMERCIAL_PR;Hotel Room Presidencial;966;Music Choice Filipino;Audio;Audio;Si
Puerto Rico;COMERCIAL_PR;Hotel Room Presidencial;967;Music Choice Sounds of the Season;Audio;Audio;Si
Puerto Rico;COMERCIAL_PR;St Hotel HBO;162;Telemundo;HD;Nacional;No
Puerto Rico;COMERCIAL_PR;St Hotel HBO;164;WAPA TV;HD;Nacional;No
Puerto Rico;COMERCIAL_PR;St Hotel HBO;166;WIPR;SD;Nacional;No
Puerto Rico;COMERCIAL_PR;St Hotel HBO;167;Teleislas;SD;Nacional;No
Puerto Rico;COMERCIAL_PR;St Hotel HBO;168;TeleOnce HD;HD;Nacional;No
Puerto Rico;COMERCIAL_PR;St Hotel HBO;169;Daystar Español;SD;Nacional;No
Puerto Rico;COMERCIAL_PR;St Hotel HBO;170;Fox News;HD;Nacional;No
Puerto Rico;COMERCIAL_PR;St Hotel HBO;172;ABC5;HD;Nacional;No
Puerto Rico;COMERCIAL_PR;St Hotel HBO;174;CBS;HD;Nacional;No
Puerto Rico;COMERCIAL_PR;St Hotel HBO;176;NBC PR;HD;Nacional;No
Puerto Rico;COMERCIAL_PR;St Hotel HBO;179;Punto 2;HD;Nacional;No
Puerto Rico;COMERCIAL_PR;St Hotel HBO;181;TV Dominicana;SD;Nacional;No
Puerto Rico;COMERCIAL_PR;St Hotel HBO;182;TV Chile;SD;Nacional;No
Puerto Rico;COMERCIAL_PR;St Hotel HBO;183;TeleOro;SD;Nacional;No
Puerto Rico;COMERCIAL_PR;St Hotel HBO;185;Telecinco;SD;Local;No
Puerto Rico;COMERCIAL_PR;St Hotel HBO;186;UniMás;SD;Local;No
Puerto Rico;COMERCIAL_PR;St Hotel HBO;188;QVC;SD;Variedades;No
Puerto Rico;COMERCIAL_PR;St Hotel HBO;189;QVC 2;SD;Variedades;No
Puerto Rico;COMERCIAL_PR;St Hotel HBO;190;Home Shopping Network (HSN);SD;Variedades;No
Puerto Rico;COMERCIAL_PR;St Hotel HBO;191;Home Shopping Network (HSN) 2;SD;Variedades;No
Puerto Rico;COMERCIAL_PR;St Hotel HBO;220;Bravo;HD;Variedades;No
Puerto Rico;COMERCIAL_PR;St Hotel HBO;221;¡Hola! TV;SD;Variedades;No
Puerto Rico;COMERCIAL_PR;St Hotel HBO;222;E! Entertainment HD;HD;Variedades;No
Puerto Rico;COMERCIAL_PR;St Hotel HBO;225;Pasiones;SD;Variedades;No
Puerto Rico;COMERCIAL_PR;St Hotel HBO;226;QVC;SD;Variedades;No
Puerto Rico;COMERCIAL_PR;St Hotel HBO;227;Home Shopping Network (HSN);SD;Variedades;No
Puerto Rico;COMERCIAL_PR;St Hotel HBO;228;Food Network;HD;Variedades;No
Puerto Rico;COMERCIAL_PR;St Hotel HBO;229;Blossom;SD;Variedades;Si
Puerto Rico;COMERCIAL_PR;St Hotel HBO;230;BET;SD;Variedades;No
Puerto Rico;COMERCIAL_PR;St Hotel HBO;242;FX HD;HD;Variedades;No
Puerto Rico;COMERCIAL_PR;St Hotel HBO;244;TNT;HD;Variedades;No
Puerto Rico;COMERCIAL_PR;St Hotel HBO;246;USA Network;HD;Variedades;No
Puerto Rico;COMERCIAL_PR;St Hotel HBO;248;TBS;HD;Variedades;No
Puerto Rico;COMERCIAL_PR;St Hotel HBO;249;TLnovelas;SD;Variedades;No
Puerto Rico;COMERCIAL_PR;St Hotel HBO;250;HGTV;HD;Variedades;No
Puerto Rico;COMERCIAL_PR;St Hotel HBO;252;Freeform;HD;Variedades;No
Puerto Rico;COMERCIAL_PR;St Hotel HBO;254;Paramount Network;HD;Variedades;No
Puerto Rico;COMERCIAL_PR;St Hotel HBO;256;A&E;HD;Variedades;No
Puerto Rico;COMERCIAL_PR;St Hotel HBO;260;MTV;HD;Variedades;No
Puerto Rico;COMERCIAL_PR;St Hotel HBO;261;MTV 2;HD;Variedades;No
Puerto Rico;COMERCIAL_PR;St Hotel HBO;262;VH1;HD;Variedades;No
Puerto Rico;COMERCIAL_PR;St Hotel HBO;263;Comedy Central;HD;Variedades;No
Puerto Rico;COMERCIAL_PR;St Hotel HBO;264;VICE;SD;Variedades;No
Puerto Rico;COMERCIAL_PR;St Hotel HBO;267;Cooking Channel;HD;Variedades;No
Puerto Rico;COMERCIAL_PR;St Hotel HBO;268;So Yummy;SD;Variedades;Si
Puerto Rico;COMERCIAL_PR;St Hotel HBO;320;Cartoon Network;HD;Infantil;No
Puerto Rico;COMERCIAL_PR;St Hotel HBO;322;Nickelodeon;HD;Infantil;No
Puerto Rico;COMERCIAL_PR;St Hotel HBO;324;Disney Channel;HD;Infantil;No
Puerto Rico;COMERCIAL_PR;St Hotel HBO;326;Disney XD;HD;Infantil;No
Puerto Rico;COMERCIAL_PR;St Hotel HBO;330;Discovery Kids LA;SD;Infantil;No
Puerto Rico;COMERCIAL_PR;St Hotel HBO;332;LooLoo Kids;SD;Infantil;No
Puerto Rico;COMERCIAL_PR;St Hotel HBO;336;Boomerang;SD;Infantil;No
Puerto Rico;COMERCIAL_PR;St Hotel HBO;337;Nick Jr.;HD;Infantil;No
Puerto Rico;COMERCIAL_PR;St Hotel HBO;338;Vme;SD;Infantil;No
Puerto Rico;COMERCIAL_PR;St Hotel HBO;339;Baby First TV;SD;Infantil;No
Puerto Rico;COMERCIAL_PR;St Hotel HBO;350;EWTN;SD;Religioso;No
Puerto Rico;COMERCIAL_PR;St Hotel HBO;352;Enlace;SD;Religioso;No
Puerto Rico;COMERCIAL_PR;St Hotel HBO;354;Christian Television Network (CTN);SD;Religioso;No
Puerto Rico;COMERCIAL_PR;St Hotel HBO;462;Playboy TV;SD;Adultos;No
Puerto Rico;COMERCIAL_PR;St Hotel HBO;465;Brazzers TV;SD;Adultos;No
Puerto Rico;COMERCIAL_PR;St Hotel HBO;468;Hustler;SD;Adultos;No
Puerto Rico;COMERCIAL_PR;St Hotel HBO;511;AMC;HD;Cine;No
Puerto Rico;COMERCIAL_PR;St Hotel HBO;514;Cine Latino;SD;Cine;No
Puerto Rico;COMERCIAL_PR;St Hotel HBO;516;De Película;SD;Cine;No
Puerto Rico;COMERCIAL_PR;St Hotel HBO;517;Lifetime;HD;Cine;No
Puerto Rico;COMERCIAL_PR;St Hotel HBO;518;Lifetime Moivie Network;HD;Cine;No
Puerto Rico;COMERCIAL_PR;St Hotel HBO;520;Hallmark Channel;HD;Cine;No
Puerto Rico;COMERCIAL_PR;St Hotel HBO;521;Hallmark Family;HD;Cine;No
Puerto Rico;COMERCIAL_PR;St Hotel HBO;522;Hallmark Mistery;SD;Cine;No
Puerto Rico;COMERCIAL_PR;St Hotel HBO;550;MGM Mas;HD;Cine;No
Puerto Rico;COMERCIAL_PR;St Hotel HBO;551;MGM Mas Hits;HD;Cine;No
Puerto Rico;COMERCIAL_PR;St Hotel HBO;552;MGM Mas Marquee;HD;Cine;No
Puerto Rico;COMERCIAL_PR;St Hotel HBO;564;HBO;HD;Cine;Si
Puerto Rico;COMERCIAL_PR;St Hotel HBO;565;HBO Hits;HD;Cine;Si
Puerto Rico;COMERCIAL_PR;St Hotel HBO;566;HBO Movie;HD;Cine;Si
Puerto Rico;COMERCIAL_PR;St Hotel HBO;567;HBO Drama;HD;Cine;Si
Puerto Rico;COMERCIAL_PR;St Hotel HBO;569;HBO Comedy;HD;Cine;Si
Puerto Rico;COMERCIAL_PR;St Hotel HBO;570;HBO Latino;HD;Cine;Si
Puerto Rico;COMERCIAL_PR;St Hotel HBO;571;Cinemax;HD;Cine;No
Puerto Rico;COMERCIAL_PR;St Hotel HBO;572;Cinemax Hits;HD;Cine;No
Puerto Rico;COMERCIAL_PR;St Hotel HBO;574;Cinemax Action;HD;Cine;No
Puerto Rico;COMERCIAL_PR;St Hotel HBO;577;Paramount+ with Showtime;HD;Cine;No
Puerto Rico;COMERCIAL_PR;St Hotel HBO;578;Showtime 2;HD;Cine;No
Puerto Rico;COMERCIAL_PR;St Hotel HBO;579;Showtime Beyond;HD;Cine;No
Puerto Rico;COMERCIAL_PR;St Hotel HBO;580;Showcase;HD;Cine;No
Puerto Rico;COMERCIAL_PR;St Hotel HBO;581;Showtime Extreme;HD;Cine;No
Puerto Rico;COMERCIAL_PR;St Hotel HBO;582;The Movie Channel;SD;Cine;No
Puerto Rico;COMERCIAL_PR;St Hotel HBO;585;Starz;HD;Cine;No
Puerto Rico;COMERCIAL_PR;St Hotel HBO;586;Starz Kids & Family;HD;Cine;No
Puerto Rico;COMERCIAL_PR;St Hotel HBO;587;Starz Cinema;HD;Cine;No
Puerto Rico;COMERCIAL_PR;St Hotel HBO;588;Encore Action;SD;Cine;No
Puerto Rico;COMERCIAL_PR;St Hotel HBO;589;Encore;HD;Cine;No
Puerto Rico;COMERCIAL_PR;St Hotel HBO;590;Encore Family;SD;Cine;No
Puerto Rico;COMERCIAL_PR;St Hotel HBO;601;NBA League Pass;HD;Deportes;No
Puerto Rico;COMERCIAL_PR;St Hotel HBO;619;NBA League Pass;HD;Deportes;No
Puerto Rico;COMERCIAL_PR;St Hotel HBO;620;NFL Sunday Ticket;HD;Deportes;No
Puerto Rico;COMERCIAL_PR;St Hotel HBO;639;NFL Sunday Ticket;HD;Deportes;No
Puerto Rico;COMERCIAL_PR;St Hotel HBO;640;Thursday Night Football;HD;Deportes;No
Puerto Rico;COMERCIAL_PR;St Hotel HBO;645;ESPN;HD;Deportes;No
Puerto Rico;COMERCIAL_PR;St Hotel HBO;646;ESPN News;HD;Deportes;No
Puerto Rico;COMERCIAL_PR;St Hotel HBO;648;ESPN 2;HD;Deportes;No
Puerto Rico;COMERCIAL_PR;St Hotel HBO;649;ESPN Deportes;HD;Deportes;No
Puerto Rico;COMERCIAL_PR;St Hotel HBO;651;Fox Deportes;SD;Deportes;No
Puerto Rico;COMERCIAL_PR;St Hotel HBO;652;The Tennis Channel;HD;Deportes;No
Puerto Rico;COMERCIAL_PR;St Hotel HBO;653;NBA TV;HD;Deportes;No
Puerto Rico;COMERCIAL_PR;St Hotel HBO;654;The Golf Channel;HD;Deportes;No
Puerto Rico;COMERCIAL_PR;St Hotel HBO;655;Fox Sports;HD;Deportes;No
Puerto Rico;COMERCIAL_PR;St Hotel HBO;656;MLB Network;HD;Deportes;No
Puerto Rico;COMERCIAL_PR;St Hotel HBO;657;WAPA Deportes;HD;Deportes;No
Puerto Rico;COMERCIAL_PR;St Hotel HBO;659;Racer Network;HD;Deportes;No
Puerto Rico;COMERCIAL_PR;St Hotel HBO;702;CNN;HD;Mundo;No
Puerto Rico;COMERCIAL_PR;St Hotel HBO;704;CNN en Español;SD;Mundo;No
Puerto Rico;COMERCIAL_PR;St Hotel HBO;708;Headline News;HD;Mundo;No
Puerto Rico;COMERCIAL_PR;St Hotel HBO;710;Bloomberg;HD;Mundo;No
Puerto Rico;COMERCIAL_PR;St Hotel HBO;712;AccuWeather;HD;Mundo;No
Puerto Rico;COMERCIAL_PR;St Hotel HBO;714;Estrella TV;SD;Mundo;No
Puerto Rico;COMERCIAL_PR;St Hotel HBO;720;CSPAN2;SD;Mundo;No
Puerto Rico;COMERCIAL_PR;St Hotel HBO;730;Nat Geo Mundo;SD;Mundo;No
Puerto Rico;COMERCIAL_PR;St Hotel HBO;732;Discovery em Español;SD;Mundo;No
Puerto Rico;COMERCIAL_PR;St Hotel HBO;734;Animal Planet LA;SD;Mundo;No
Puerto Rico;COMERCIAL_PR;St Hotel HBO;735;Animal Planet US;HD;Mundo;No
Puerto Rico;COMERCIAL_PR;St Hotel HBO;742;History Andes;SD;Mundo;No
Puerto Rico;COMERCIAL_PR;St Hotel HBO;744;FYI;HD;Mundo;No
Puerto Rico;COMERCIAL_PR;St Hotel HBO;745;SyFy;HD;Mundo;No
Puerto Rico;COMERCIAL_PR;St Hotel HBO;746;Discovery Turbo;HD;Mundo;No
Puerto Rico;COMERCIAL_PR;St Hotel HBO;752;Discovery US;HD;Mundo;No
Puerto Rico;COMERCIAL_PR;St Hotel HBO;754;The Learning Channel;HD;Mundo;No
Puerto Rico;COMERCIAL_PR;St Hotel HBO;756;History Channel;HD;Mundo;No
Puerto Rico;COMERCIAL_PR;St Hotel HBO;760;TVE;SD;Variedades;No
Puerto Rico;COMERCIAL_PR;St Hotel HBO;762;Antena 3;SD;Mundo;No
Puerto Rico;COMERCIAL_PR;St Hotel HBO;764;HITN;SD;Variedades;No
Puerto Rico;COMERCIAL_PR;St Hotel HBO;768;BBC América;HD;Mundo;No
Puerto Rico;COMERCIAL_PR;St Hotel HBO;901;Music Choice Rock Hits;Audio;Audio;No
Puerto Rico;COMERCIAL_PR;St Hotel HBO;902;Music Choice 80s Rock;Audio;Audio;No
Puerto Rico;COMERCIAL_PR;St Hotel HBO;903;Music Choice Jazz Vocal Hits;Audio;Audio;No
Puerto Rico;COMERCIAL_PR;St Hotel HBO;904;Music Choice Country Hits;Audio;Audio;No
Puerto Rico;COMERCIAL_PR;St Hotel HBO;905;Music Choice New Age;Audio;Audio;No
Puerto Rico;COMERCIAL_PR;St Hotel HBO;906;Music Choice Funk;Audio;Audio;No
Puerto Rico;COMERCIAL_PR;St Hotel HBO;907;Music Choice 90s;Audio;Audio;No
Puerto Rico;COMERCIAL_PR;St Hotel HBO;908;Music Choice Blues;Audio;Audio;No
Puerto Rico;COMERCIAL_PR;St Hotel HBO;909;Music Choice Love Songs;Audio;Audio;No
Puerto Rico;COMERCIAL_PR;St Hotel HBO;910;Music Choice Musica Urbana;Audio;Audio;No
Puerto Rico;COMERCIAL_PR;St Hotel HBO;911;Music Choice R&B Classics;Audio;Audio;No
Puerto Rico;COMERCIAL_PR;St Hotel HBO;912;Music Choice Latin Jazz;Audio;Audio;No
Puerto Rico;COMERCIAL_PR;St Hotel HBO;913;Music Choice Soft Rock;Audio;Audio;No
Puerto Rico;COMERCIAL_PR;St Hotel HBO;914;Music Choice Rap;Audio;Audio;No
Puerto Rico;COMERCIAL_PR;St Hotel HBO;915;Music Choice All Xmas;Audio;Audio;No
Puerto Rico;COMERCIAL_PR;St Hotel HBO;916;Music Choice Workout;Audio;Audio;No
Puerto Rico;COMERCIAL_PR;St Hotel HBO;917;Music Choice Broadway;Audio;Audio;No
Puerto Rico;COMERCIAL_PR;St Hotel HBO;918;Music Choice Adult Alternative;Audio;Audio;No
Puerto Rico;COMERCIAL_PR;St Hotel HBO;919;Music Choice Pop Hits;Audio;Audio;No
Puerto Rico;COMERCIAL_PR;St Hotel HBO;920;Music Choice New Wave;Audio;Audio;No
Puerto Rico;COMERCIAL_PR;St Hotel HBO;921;Music Choice 70s;Audio;Audio;No
Puerto Rico;COMERCIAL_PR;St Hotel HBO;922;Music Choice Kidz Only!;Audio;Audio;No
Puerto Rico;COMERCIAL_PR;St Hotel HBO;923;Music Choice 80s;Audio;Audio;No
Puerto Rico;COMERCIAL_PR;St Hotel HBO;924;Music Choice Rock Latino;Audio;Audio;No
Puerto Rico;COMERCIAL_PR;St Hotel HBO;925;Music Choice Retro Workout;Audio;Audio;No
Puerto Rico;COMERCIAL_PR;St Hotel HBO;926;Music Choice Contemporary Christian;Audio;Audio;No
Puerto Rico;COMERCIAL_PR;St Hotel HBO;927;Music Choice Reggae;Audio;Audio;No
Puerto Rico;COMERCIAL_PR;St Hotel HBO;928;Music Choice Alternative;Audio;Audio;No
Puerto Rico;COMERCIAL_PR;St Hotel HBO;929;Music Choice Pop & Country;Audio;Audio;No
Puerto Rico;COMERCIAL_PR;St Hotel HBO;930;Music Choice Pop Latino;Audio;Audio;No
Puerto Rico;COMERCIAL_PR;St Hotel HBO;931;Music Choice Classic Country;Audio;Audio;No
Puerto Rico;COMERCIAL_PR;St Hotel HBO;932;Music Choice Big Band;Audio;Audio;No
Puerto Rico;COMERCIAL_PR;St Hotel HBO;933;Music Choice Todays Country;Audio;Audio;No
Puerto Rico;COMERCIAL_PR;St Hotel HBO;934;Music Choice Hit List;Audio;Audio;No
Puerto Rico;COMERCIAL_PR;St Hotel HBO;935;Music Choice Hip-Hop And R&B;Audio;Audio;No
Puerto Rico;COMERCIAL_PR;St Hotel HBO;936;Music Choice Teen Beats;Audio;Audio;No
Puerto Rico;COMERCIAL_PR;St Hotel HBO;937;Music Choice Coffee Shop Cuts;Audio;Audio;No
Puerto Rico;COMERCIAL_PR;St Hotel HBO;938;Music Choice Honky Tonk;Audio;Audio;No
Puerto Rico;COMERCIAL_PR;St Hotel HBO;939;Music Choice Soundscapes;Audio;Audio;No
Puerto Rico;COMERCIAL_PR;St Hotel HBO;940;Music Choice Light Classical;Audio;Audio;No
Puerto Rico;COMERCIAL_PR;St Hotel HBO;941;Music Choice Classic Alternative;Audio;Audio;No
Puerto Rico;COMERCIAL_PR;St Hotel HBO;942;Music Choice Indie;Audio;Audio;No
Puerto Rico;COMERCIAL_PR;St Hotel HBO;943;Music Choice Malt Shop Favorites;Audio;Audio;No
Puerto Rico;COMERCIAL_PR;St Hotel HBO;944;Music Choice Smooth Jazz;Audio;Audio;No
Puerto Rico;COMERCIAL_PR;St Hotel HBO;945;Music Choice Contemporary Instrumentals;Audio;Audio;No
Puerto Rico;COMERCIAL_PR;St Hotel HBO;946;Music Choice Hard Rock;Audio;Audio;No
Puerto Rico;COMERCIAL_PR;St Hotel HBO;947;Music Choice Throwback Jamz;Audio;Audio;No
Puerto Rico;COMERCIAL_PR;St Hotel HBO;948;Music Choice Classic Rock;Audio;Audio;No
Puerto Rico;COMERCIAL_PR;St Hotel HBO;949;Music Choice Movie Scores;Audio;Audio;No
Puerto Rico;COMERCIAL_PR;St Hotel HBO;950;Music Choice Max;Audio;Audio;No
Puerto Rico;COMERCIAL_PR;St Hotel HBO;951;Music Choice Mainstream Rap;Audio;Audio;No
Puerto Rico;COMERCIAL_PR;St Hotel HBO;952;Music Choice Americana;Audio;Audio;No
Puerto Rico;COMERCIAL_PR;St Hotel HBO;953;Music Choice Symphony;Audio;Audio;No
Puerto Rico;COMERCIAL_PR;St Hotel HBO;954;Music Choice Dance/EDM;Audio;Audio;No
Puerto Rico;COMERCIAL_PR;St Hotel HBO;955;Music Choice Folk;Audio;Audio;No
Puerto Rico;COMERCIAL_PR;St Hotel HBO;956;Music Choice Classic Dance;Audio;Audio;No
Puerto Rico;COMERCIAL_PR;St Hotel HBO;957;Music Choice Gospel Hallelujah;Audio;Audio;No
Puerto Rico;COMERCIAL_PR;St Hotel HBO;958;Music Choice Tropicales;Audio;Audio;No
Puerto Rico;COMERCIAL_PR;St Hotel HBO;959;Music Choice Metal;Audio;Audio;No
Puerto Rico;COMERCIAL_PR;St Hotel HBO;960;Music Choice Toddler Tunes;Audio;Audio;No
Puerto Rico;COMERCIAL_PR;St Hotel HBO;961;Music Choice Y2k;Audio;Audio;No
Puerto Rico;COMERCIAL_PR;St Hotel HBO;962;Music Choice Bluegrass;Audio;Audio;No
Puerto Rico;COMERCIAL_PR;St Hotel HBO;963;Music Choice Vietnamese;Audio;Audio;No
Puerto Rico;COMERCIAL_PR;St Hotel HBO;964;Music Choice Gospel;Audio;Audio;No
Puerto Rico;COMERCIAL_PR;St Hotel HBO;965;Music Choice 60s Movement;Audio;Audio;No
Puerto Rico;COMERCIAL_PR;St Hotel HBO;966;Music Choice Filipino;Audio;Audio;No
Puerto Rico;COMERCIAL_PR;St Hotel HBO;967;Music Choice Sounds of the Season;Audio;Audio;No
Puerto Rico;COMERCIAL_PR;Hotel Cinemax;162;Telemundo;HD;Nacional;No
Puerto Rico;COMERCIAL_PR;Hotel Cinemax;164;WAPA TV;HD;Nacional;No
Puerto Rico;COMERCIAL_PR;Hotel Cinemax;166;WIPR;SD;Nacional;No
Puerto Rico;COMERCIAL_PR;Hotel Cinemax;167;Teleislas;SD;Nacional;No
Puerto Rico;COMERCIAL_PR;Hotel Cinemax;168;TeleOnce HD;HD;Nacional;No
Puerto Rico;COMERCIAL_PR;Hotel Cinemax;169;Daystar Español;SD;Nacional;No
Puerto Rico;COMERCIAL_PR;Hotel Cinemax;170;Fox News;HD;Nacional;No
Puerto Rico;COMERCIAL_PR;Hotel Cinemax;172;ABC5;HD;Nacional;No
Puerto Rico;COMERCIAL_PR;Hotel Cinemax;174;CBS;HD;Nacional;No
Puerto Rico;COMERCIAL_PR;Hotel Cinemax;176;NBC PR;HD;Nacional;No
Puerto Rico;COMERCIAL_PR;Hotel Cinemax;179;Punto 2;HD;Nacional;No
Puerto Rico;COMERCIAL_PR;Hotel Cinemax;181;TV Dominicana;SD;Nacional;No
Puerto Rico;COMERCIAL_PR;Hotel Cinemax;182;TV Chile;SD;Nacional;No
Puerto Rico;COMERCIAL_PR;Hotel Cinemax;183;TeleOro;SD;Nacional;No
Puerto Rico;COMERCIAL_PR;Hotel Cinemax;185;Telecinco;SD;Local;No
Puerto Rico;COMERCIAL_PR;Hotel Cinemax;186;UniMás;SD;Local;No
Puerto Rico;COMERCIAL_PR;Hotel Cinemax;188;QVC;SD;Variedades;No
Puerto Rico;COMERCIAL_PR;Hotel Cinemax;189;QVC 2;SD;Variedades;No
Puerto Rico;COMERCIAL_PR;Hotel Cinemax;190;Home Shopping Network (HSN);SD;Variedades;No
Puerto Rico;COMERCIAL_PR;Hotel Cinemax;191;Home Shopping Network (HSN) 2;SD;Variedades;No
Puerto Rico;COMERCIAL_PR;Hotel Cinemax;220;Bravo;HD;Variedades;No
Puerto Rico;COMERCIAL_PR;Hotel Cinemax;221;¡Hola! TV;SD;Variedades;No
Puerto Rico;COMERCIAL_PR;Hotel Cinemax;222;E! Entertainment HD;HD;Variedades;No
Puerto Rico;COMERCIAL_PR;Hotel Cinemax;225;Pasiones;SD;Variedades;No
Puerto Rico;COMERCIAL_PR;Hotel Cinemax;226;QVC;SD;Variedades;No
Puerto Rico;COMERCIAL_PR;Hotel Cinemax;227;Home Shopping Network (HSN);SD;Variedades;No
Puerto Rico;COMERCIAL_PR;Hotel Cinemax;228;Food Network;HD;Variedades;No
Puerto Rico;COMERCIAL_PR;Hotel Cinemax;229;Blossom;SD;Variedades;Si
Puerto Rico;COMERCIAL_PR;Hotel Cinemax;230;BET;SD;Variedades;No
Puerto Rico;COMERCIAL_PR;Hotel Cinemax;242;FX HD;HD;Variedades;No
Puerto Rico;COMERCIAL_PR;Hotel Cinemax;244;TNT;HD;Variedades;No
Puerto Rico;COMERCIAL_PR;Hotel Cinemax;246;USA Network;HD;Variedades;No
Puerto Rico;COMERCIAL_PR;Hotel Cinemax;248;TBS;HD;Variedades;No
Puerto Rico;COMERCIAL_PR;Hotel Cinemax;249;TLnovelas;SD;Variedades;No
Puerto Rico;COMERCIAL_PR;Hotel Cinemax;250;HGTV;HD;Variedades;No
Puerto Rico;COMERCIAL_PR;Hotel Cinemax;252;Freeform;HD;Variedades;No
Puerto Rico;COMERCIAL_PR;Hotel Cinemax;254;Paramount Network;HD;Variedades;No
Puerto Rico;COMERCIAL_PR;Hotel Cinemax;256;A&E;HD;Variedades;No
Puerto Rico;COMERCIAL_PR;Hotel Cinemax;260;MTV;HD;Variedades;No
Puerto Rico;COMERCIAL_PR;Hotel Cinemax;261;MTV 2;HD;Variedades;No
Puerto Rico;COMERCIAL_PR;Hotel Cinemax;262;VH1;HD;Variedades;No
Puerto Rico;COMERCIAL_PR;Hotel Cinemax;263;Comedy Central;HD;Variedades;No
Puerto Rico;COMERCIAL_PR;Hotel Cinemax;264;VICE;SD;Variedades;No
Puerto Rico;COMERCIAL_PR;Hotel Cinemax;267;Cooking Channel;HD;Variedades;No
Puerto Rico;COMERCIAL_PR;Hotel Cinemax;268;So Yummy;SD;Variedades;Si
Puerto Rico;COMERCIAL_PR;Hotel Cinemax;320;Cartoon Network;HD;Infantil;No
Puerto Rico;COMERCIAL_PR;Hotel Cinemax;322;Nickelodeon;HD;Infantil;No
Puerto Rico;COMERCIAL_PR;Hotel Cinemax;324;Disney Channel;HD;Infantil;No
Puerto Rico;COMERCIAL_PR;Hotel Cinemax;326;Disney XD;HD;Infantil;No
Puerto Rico;COMERCIAL_PR;Hotel Cinemax;330;Discovery Kids LA;SD;Infantil;No
Puerto Rico;COMERCIAL_PR;Hotel Cinemax;332;LooLoo Kids;SD;Infantil;No
Puerto Rico;COMERCIAL_PR;Hotel Cinemax;336;Boomerang;SD;Infantil;No
Puerto Rico;COMERCIAL_PR;Hotel Cinemax;337;Nick Jr.;HD;Infantil;No
Puerto Rico;COMERCIAL_PR;Hotel Cinemax;338;Vme;SD;Infantil;No
Puerto Rico;COMERCIAL_PR;Hotel Cinemax;339;Baby First TV;SD;Infantil;No
Puerto Rico;COMERCIAL_PR;Hotel Cinemax;350;EWTN;SD;Religioso;No
Puerto Rico;COMERCIAL_PR;Hotel Cinemax;352;Enlace;SD;Religioso;No
Puerto Rico;COMERCIAL_PR;Hotel Cinemax;354;Christian Television Network (CTN);SD;Religioso;No
Puerto Rico;COMERCIAL_PR;Hotel Cinemax;462;Playboy TV;SD;Adultos;No
Puerto Rico;COMERCIAL_PR;Hotel Cinemax;465;Brazzers TV;SD;Adultos;No
Puerto Rico;COMERCIAL_PR;Hotel Cinemax;468;Hustler;SD;Adultos;No
Puerto Rico;COMERCIAL_PR;Hotel Cinemax;511;AMC;HD;Cine;No
Puerto Rico;COMERCIAL_PR;Hotel Cinemax;514;Cine Latino;SD;Cine;No
Puerto Rico;COMERCIAL_PR;Hotel Cinemax;516;De Película;SD;Cine;No
Puerto Rico;COMERCIAL_PR;Hotel Cinemax;517;Lifetime;HD;Cine;No
Puerto Rico;COMERCIAL_PR;Hotel Cinemax;518;Lifetime Moivie Network;HD;Cine;No
Puerto Rico;COMERCIAL_PR;Hotel Cinemax;520;Hallmark Channel;HD;Cine;No
Puerto Rico;COMERCIAL_PR;Hotel Cinemax;521;Hallmark Family;HD;Cine;No
Puerto Rico;COMERCIAL_PR;Hotel Cinemax;522;Hallmark Mistery;SD;Cine;No
Puerto Rico;COMERCIAL_PR;Hotel Cinemax;550;MGM Mas;HD;Cine;No
Puerto Rico;COMERCIAL_PR;Hotel Cinemax;551;MGM Mas Hits;HD;Cine;No
Puerto Rico;COMERCIAL_PR;Hotel Cinemax;552;MGM Mas Marquee;HD;Cine;No
Puerto Rico;COMERCIAL_PR;Hotel Cinemax;564;HBO;HD;Cine;No
Puerto Rico;COMERCIAL_PR;Hotel Cinemax;565;HBO Hits;HD;Cine;No
Puerto Rico;COMERCIAL_PR;Hotel Cinemax;566;HBO Movie;HD;Cine;No
Puerto Rico;COMERCIAL_PR;Hotel Cinemax;567;HBO Drama;HD;Cine;No
Puerto Rico;COMERCIAL_PR;Hotel Cinemax;569;HBO Comedy;HD;Cine;No
Puerto Rico;COMERCIAL_PR;Hotel Cinemax;570;HBO Latino;HD;Cine;No
Puerto Rico;COMERCIAL_PR;Hotel Cinemax;571;Cinemax;HD;Cine;Si
Puerto Rico;COMERCIAL_PR;Hotel Cinemax;572;Cinemax Hits;HD;Cine;Si
Puerto Rico;COMERCIAL_PR;Hotel Cinemax;574;Cinemax Action;HD;Cine;Si
Puerto Rico;COMERCIAL_PR;Hotel Cinemax;577;Paramount+ with Showtime;HD;Cine;No
Puerto Rico;COMERCIAL_PR;Hotel Cinemax;578;Showtime 2;HD;Cine;No
Puerto Rico;COMERCIAL_PR;Hotel Cinemax;579;Showtime Beyond;HD;Cine;No
Puerto Rico;COMERCIAL_PR;Hotel Cinemax;580;Showcase;HD;Cine;No
Puerto Rico;COMERCIAL_PR;Hotel Cinemax;581;Showtime Extreme;HD;Cine;No
Puerto Rico;COMERCIAL_PR;Hotel Cinemax;582;The Movie Channel;SD;Cine;No
Puerto Rico;COMERCIAL_PR;Hotel Cinemax;585;Starz;HD;Cine;No
Puerto Rico;COMERCIAL_PR;Hotel Cinemax;586;Starz Kids & Family;HD;Cine;No
Puerto Rico;COMERCIAL_PR;Hotel Cinemax;587;Starz Cinema;HD;Cine;No
Puerto Rico;COMERCIAL_PR;Hotel Cinemax;588;Encore Action;SD;Cine;No
Puerto Rico;COMERCIAL_PR;Hotel Cinemax;589;Encore;HD;Cine;No
Puerto Rico;COMERCIAL_PR;Hotel Cinemax;590;Encore Family;SD;Cine;No
Puerto Rico;COMERCIAL_PR;Hotel Cinemax;601;NBA League Pass;HD;Deportes;No
Puerto Rico;COMERCIAL_PR;Hotel Cinemax;619;NBA League Pass;HD;Deportes;No
Puerto Rico;COMERCIAL_PR;Hotel Cinemax;620;NFL Sunday Ticket;HD;Deportes;No
Puerto Rico;COMERCIAL_PR;Hotel Cinemax;639;NFL Sunday Ticket;HD;Deportes;No
Puerto Rico;COMERCIAL_PR;Hotel Cinemax;640;Thursday Night Football;HD;Deportes;No
Puerto Rico;COMERCIAL_PR;Hotel Cinemax;645;ESPN;HD;Deportes;No
Puerto Rico;COMERCIAL_PR;Hotel Cinemax;646;ESPN News;HD;Deportes;No
Puerto Rico;COMERCIAL_PR;Hotel Cinemax;648;ESPN 2;HD;Deportes;No
Puerto Rico;COMERCIAL_PR;Hotel Cinemax;649;ESPN Deportes;HD;Deportes;No
Puerto Rico;COMERCIAL_PR;Hotel Cinemax;651;Fox Deportes;SD;Deportes;No
Puerto Rico;COMERCIAL_PR;Hotel Cinemax;652;The Tennis Channel;HD;Deportes;No
Puerto Rico;COMERCIAL_PR;Hotel Cinemax;653;NBA TV;HD;Deportes;No
Puerto Rico;COMERCIAL_PR;Hotel Cinemax;654;The Golf Channel;HD;Deportes;No
Puerto Rico;COMERCIAL_PR;Hotel Cinemax;655;Fox Sports;HD;Deportes;No
Puerto Rico;COMERCIAL_PR;Hotel Cinemax;656;MLB Network;HD;Deportes;No
Puerto Rico;COMERCIAL_PR;Hotel Cinemax;657;WAPA Deportes;HD;Deportes;No
Puerto Rico;COMERCIAL_PR;Hotel Cinemax;659;Racer Network;HD;Deportes;No
Puerto Rico;COMERCIAL_PR;Hotel Cinemax;702;CNN;HD;Mundo;No
Puerto Rico;COMERCIAL_PR;Hotel Cinemax;704;CNN en Español;SD;Mundo;No
Puerto Rico;COMERCIAL_PR;Hotel Cinemax;708;Headline News;HD;Mundo;No
Puerto Rico;COMERCIAL_PR;Hotel Cinemax;710;Bloomberg;HD;Mundo;No
Puerto Rico;COMERCIAL_PR;Hotel Cinemax;712;AccuWeather;HD;Mundo;No
Puerto Rico;COMERCIAL_PR;Hotel Cinemax;714;Estrella TV;SD;Mundo;No
Puerto Rico;COMERCIAL_PR;Hotel Cinemax;720;CSPAN2;SD;Mundo;No
Puerto Rico;COMERCIAL_PR;Hotel Cinemax;730;Nat Geo Mundo;SD;Mundo;No
Puerto Rico;COMERCIAL_PR;Hotel Cinemax;732;Discovery em Español;SD;Mundo;No
Puerto Rico;COMERCIAL_PR;Hotel Cinemax;734;Animal Planet LA;SD;Mundo;No
Puerto Rico;COMERCIAL_PR;Hotel Cinemax;735;Animal Planet US;HD;Mundo;No
Puerto Rico;COMERCIAL_PR;Hotel Cinemax;742;History Andes;SD;Mundo;No
Puerto Rico;COMERCIAL_PR;Hotel Cinemax;744;FYI;HD;Mundo;No
Puerto Rico;COMERCIAL_PR;Hotel Cinemax;745;SyFy;HD;Mundo;No
Puerto Rico;COMERCIAL_PR;Hotel Cinemax;746;Discovery Turbo;HD;Mundo;No
Puerto Rico;COMERCIAL_PR;Hotel Cinemax;752;Discovery US;HD;Mundo;No
Puerto Rico;COMERCIAL_PR;Hotel Cinemax;754;The Learning Channel;HD;Mundo;No
Puerto Rico;COMERCIAL_PR;Hotel Cinemax;756;History Channel;HD;Mundo;No
Puerto Rico;COMERCIAL_PR;Hotel Cinemax;760;TVE;SD;Variedades;No
Puerto Rico;COMERCIAL_PR;Hotel Cinemax;762;Antena 3;SD;Mundo;No
Puerto Rico;COMERCIAL_PR;Hotel Cinemax;764;HITN;SD;Variedades;No
Puerto Rico;COMERCIAL_PR;Hotel Cinemax;768;BBC América;HD;Mundo;No
Puerto Rico;COMERCIAL_PR;Hotel Cinemax;901;Music Choice Rock Hits;Audio;Audio;No
Puerto Rico;COMERCIAL_PR;Hotel Cinemax;902;Music Choice 80s Rock;Audio;Audio;No
Puerto Rico;COMERCIAL_PR;Hotel Cinemax;903;Music Choice Jazz Vocal Hits;Audio;Audio;No
Puerto Rico;COMERCIAL_PR;Hotel Cinemax;904;Music Choice Country Hits;Audio;Audio;No
Puerto Rico;COMERCIAL_PR;Hotel Cinemax;905;Music Choice New Age;Audio;Audio;No
Puerto Rico;COMERCIAL_PR;Hotel Cinemax;906;Music Choice Funk;Audio;Audio;No
Puerto Rico;COMERCIAL_PR;Hotel Cinemax;907;Music Choice 90s;Audio;Audio;No
Puerto Rico;COMERCIAL_PR;Hotel Cinemax;908;Music Choice Blues;Audio;Audio;No
Puerto Rico;COMERCIAL_PR;Hotel Cinemax;909;Music Choice Love Songs;Audio;Audio;No
Puerto Rico;COMERCIAL_PR;Hotel Cinemax;910;Music Choice Musica Urbana;Audio;Audio;No
Puerto Rico;COMERCIAL_PR;Hotel Cinemax;911;Music Choice R&B Classics;Audio;Audio;No
Puerto Rico;COMERCIAL_PR;Hotel Cinemax;912;Music Choice Latin Jazz;Audio;Audio;No
Puerto Rico;COMERCIAL_PR;Hotel Cinemax;913;Music Choice Soft Rock;Audio;Audio;No
Puerto Rico;COMERCIAL_PR;Hotel Cinemax;914;Music Choice Rap;Audio;Audio;No
Puerto Rico;COMERCIAL_PR;Hotel Cinemax;915;Music Choice All Xmas;Audio;Audio;No
Puerto Rico;COMERCIAL_PR;Hotel Cinemax;916;Music Choice Workout;Audio;Audio;No
Puerto Rico;COMERCIAL_PR;Hotel Cinemax;917;Music Choice Broadway;Audio;Audio;No
Puerto Rico;COMERCIAL_PR;Hotel Cinemax;918;Music Choice Adult Alternative;Audio;Audio;No
Puerto Rico;COMERCIAL_PR;Hotel Cinemax;919;Music Choice Pop Hits;Audio;Audio;No
Puerto Rico;COMERCIAL_PR;Hotel Cinemax;920;Music Choice New Wave;Audio;Audio;No
Puerto Rico;COMERCIAL_PR;Hotel Cinemax;921;Music Choice 70s;Audio;Audio;No
Puerto Rico;COMERCIAL_PR;Hotel Cinemax;922;Music Choice Kidz Only!;Audio;Audio;No
Puerto Rico;COMERCIAL_PR;Hotel Cinemax;923;Music Choice 80s;Audio;Audio;No
Puerto Rico;COMERCIAL_PR;Hotel Cinemax;924;Music Choice Rock Latino;Audio;Audio;No
Puerto Rico;COMERCIAL_PR;Hotel Cinemax;925;Music Choice Retro Workout;Audio;Audio;No
Puerto Rico;COMERCIAL_PR;Hotel Cinemax;926;Music Choice Contemporary Christian;Audio;Audio;No
Puerto Rico;COMERCIAL_PR;Hotel Cinemax;927;Music Choice Reggae;Audio;Audio;No
Puerto Rico;COMERCIAL_PR;Hotel Cinemax;928;Music Choice Alternative;Audio;Audio;No
Puerto Rico;COMERCIAL_PR;Hotel Cinemax;929;Music Choice Pop & Country;Audio;Audio;No
Puerto Rico;COMERCIAL_PR;Hotel Cinemax;930;Music Choice Pop Latino;Audio;Audio;No
Puerto Rico;COMERCIAL_PR;Hotel Cinemax;931;Music Choice Classic Country;Audio;Audio;No
Puerto Rico;COMERCIAL_PR;Hotel Cinemax;932;Music Choice Big Band;Audio;Audio;No
Puerto Rico;COMERCIAL_PR;Hotel Cinemax;933;Music Choice Todays Country;Audio;Audio;No
Puerto Rico;COMERCIAL_PR;Hotel Cinemax;934;Music Choice Hit List;Audio;Audio;No
Puerto Rico;COMERCIAL_PR;Hotel Cinemax;935;Music Choice Hip-Hop And R&B;Audio;Audio;No
Puerto Rico;COMERCIAL_PR;Hotel Cinemax;936;Music Choice Teen Beats;Audio;Audio;No
Puerto Rico;COMERCIAL_PR;Hotel Cinemax;937;Music Choice Coffee Shop Cuts;Audio;Audio;No
Puerto Rico;COMERCIAL_PR;Hotel Cinemax;938;Music Choice Honky Tonk;Audio;Audio;No
Puerto Rico;COMERCIAL_PR;Hotel Cinemax;939;Music Choice Soundscapes;Audio;Audio;No
Puerto Rico;COMERCIAL_PR;Hotel Cinemax;940;Music Choice Light Classical;Audio;Audio;No
Puerto Rico;COMERCIAL_PR;Hotel Cinemax;941;Music Choice Classic Alternative;Audio;Audio;No
Puerto Rico;COMERCIAL_PR;Hotel Cinemax;942;Music Choice Indie;Audio;Audio;No
Puerto Rico;COMERCIAL_PR;Hotel Cinemax;943;Music Choice Malt Shop Favorites;Audio;Audio;No
Puerto Rico;COMERCIAL_PR;Hotel Cinemax;944;Music Choice Smooth Jazz;Audio;Audio;No
Puerto Rico;COMERCIAL_PR;Hotel Cinemax;945;Music Choice Contemporary Instrumentals;Audio;Audio;No
Puerto Rico;COMERCIAL_PR;Hotel Cinemax;946;Music Choice Hard Rock;Audio;Audio;No
Puerto Rico;COMERCIAL_PR;Hotel Cinemax;947;Music Choice Throwback Jamz;Audio;Audio;No
Puerto Rico;COMERCIAL_PR;Hotel Cinemax;948;Music Choice Classic Rock;Audio;Audio;No
Puerto Rico;COMERCIAL_PR;Hotel Cinemax;949;Music Choice Movie Scores;Audio;Audio;No
Puerto Rico;COMERCIAL_PR;Hotel Cinemax;950;Music Choice Max;Audio;Audio;No
Puerto Rico;COMERCIAL_PR;Hotel Cinemax;951;Music Choice Mainstream Rap;Audio;Audio;No
Puerto Rico;COMERCIAL_PR;Hotel Cinemax;952;Music Choice Americana;Audio;Audio;No
Puerto Rico;COMERCIAL_PR;Hotel Cinemax;953;Music Choice Symphony;Audio;Audio;No
Puerto Rico;COMERCIAL_PR;Hotel Cinemax;954;Music Choice Dance/EDM;Audio;Audio;No
Puerto Rico;COMERCIAL_PR;Hotel Cinemax;955;Music Choice Folk;Audio;Audio;No
Puerto Rico;COMERCIAL_PR;Hotel Cinemax;956;Music Choice Classic Dance;Audio;Audio;No
Puerto Rico;COMERCIAL_PR;Hotel Cinemax;957;Music Choice Gospel Hallelujah;Audio;Audio;No
Puerto Rico;COMERCIAL_PR;Hotel Cinemax;958;Music Choice Tropicales;Audio;Audio;No
Puerto Rico;COMERCIAL_PR;Hotel Cinemax;959;Music Choice Metal;Audio;Audio;No
Puerto Rico;COMERCIAL_PR;Hotel Cinemax;960;Music Choice Toddler Tunes;Audio;Audio;No
Puerto Rico;COMERCIAL_PR;Hotel Cinemax;961;Music Choice Y2k;Audio;Audio;No
Puerto Rico;COMERCIAL_PR;Hotel Cinemax;962;Music Choice Bluegrass;Audio;Audio;No
Puerto Rico;COMERCIAL_PR;Hotel Cinemax;963;Music Choice Vietnamese;Audio;Audio;No
Puerto Rico;COMERCIAL_PR;Hotel Cinemax;964;Music Choice Gospel;Audio;Audio;No
Puerto Rico;COMERCIAL_PR;Hotel Cinemax;965;Music Choice 60s Movement;Audio;Audio;No
Puerto Rico;COMERCIAL_PR;Hotel Cinemax;966;Music Choice Filipino;Audio;Audio;No
Puerto Rico;COMERCIAL_PR;Hotel Cinemax;967;Music Choice Sounds of the Season;Audio;Audio;No
Puerto Rico;COMERCIAL_PR;St Hotel Showtime;162;Telemundo;HD;Nacional;No
Puerto Rico;COMERCIAL_PR;St Hotel Showtime;164;WAPA TV;HD;Nacional;No
Puerto Rico;COMERCIAL_PR;St Hotel Showtime;166;WIPR;SD;Nacional;No
Puerto Rico;COMERCIAL_PR;St Hotel Showtime;167;Teleislas;SD;Nacional;No
Puerto Rico;COMERCIAL_PR;St Hotel Showtime;168;TeleOnce HD;HD;Nacional;No
Puerto Rico;COMERCIAL_PR;St Hotel Showtime;169;Daystar Español;SD;Nacional;No
Puerto Rico;COMERCIAL_PR;St Hotel Showtime;170;Fox News;HD;Nacional;No
Puerto Rico;COMERCIAL_PR;St Hotel Showtime;172;ABC5;HD;Nacional;No
Puerto Rico;COMERCIAL_PR;St Hotel Showtime;174;CBS;HD;Nacional;No
Puerto Rico;COMERCIAL_PR;St Hotel Showtime;176;NBC PR;HD;Nacional;No
Puerto Rico;COMERCIAL_PR;St Hotel Showtime;179;Punto 2;HD;Nacional;No
Puerto Rico;COMERCIAL_PR;St Hotel Showtime;181;TV Dominicana;SD;Nacional;No
Puerto Rico;COMERCIAL_PR;St Hotel Showtime;182;TV Chile;SD;Nacional;No
Puerto Rico;COMERCIAL_PR;St Hotel Showtime;183;TeleOro;SD;Nacional;No
Puerto Rico;COMERCIAL_PR;St Hotel Showtime;185;Telecinco;SD;Local;No
Puerto Rico;COMERCIAL_PR;St Hotel Showtime;186;UniMás;SD;Local;No
Puerto Rico;COMERCIAL_PR;St Hotel Showtime;188;QVC;SD;Variedades;No
Puerto Rico;COMERCIAL_PR;St Hotel Showtime;189;QVC 2;SD;Variedades;No
Puerto Rico;COMERCIAL_PR;St Hotel Showtime;190;Home Shopping Network (HSN);SD;Variedades;No
Puerto Rico;COMERCIAL_PR;St Hotel Showtime;191;Home Shopping Network (HSN) 2;SD;Variedades;No
Puerto Rico;COMERCIAL_PR;St Hotel Showtime;220;Bravo;HD;Variedades;No
Puerto Rico;COMERCIAL_PR;St Hotel Showtime;221;¡Hola! TV;SD;Variedades;No
Puerto Rico;COMERCIAL_PR;St Hotel Showtime;222;E! Entertainment HD;HD;Variedades;No
Puerto Rico;COMERCIAL_PR;St Hotel Showtime;225;Pasiones;SD;Variedades;No
Puerto Rico;COMERCIAL_PR;St Hotel Showtime;226;QVC;SD;Variedades;No
Puerto Rico;COMERCIAL_PR;St Hotel Showtime;227;Home Shopping Network (HSN);SD;Variedades;No
Puerto Rico;COMERCIAL_PR;St Hotel Showtime;228;Food Network;HD;Variedades;No
Puerto Rico;COMERCIAL_PR;St Hotel Showtime;229;Blossom;SD;Variedades;Si
Puerto Rico;COMERCIAL_PR;St Hotel Showtime;230;BET;SD;Variedades;No
Puerto Rico;COMERCIAL_PR;St Hotel Showtime;242;FX HD;HD;Variedades;No
Puerto Rico;COMERCIAL_PR;St Hotel Showtime;244;TNT;HD;Variedades;No
Puerto Rico;COMERCIAL_PR;St Hotel Showtime;246;USA Network;HD;Variedades;No
Puerto Rico;COMERCIAL_PR;St Hotel Showtime;248;TBS;HD;Variedades;No
Puerto Rico;COMERCIAL_PR;St Hotel Showtime;249;TLnovelas;SD;Variedades;No
Puerto Rico;COMERCIAL_PR;St Hotel Showtime;250;HGTV;HD;Variedades;No
Puerto Rico;COMERCIAL_PR;St Hotel Showtime;252;Freeform;HD;Variedades;No
Puerto Rico;COMERCIAL_PR;St Hotel Showtime;254;Paramount Network;HD;Variedades;No
Puerto Rico;COMERCIAL_PR;St Hotel Showtime;256;A&E;HD;Variedades;No
Puerto Rico;COMERCIAL_PR;St Hotel Showtime;260;MTV;HD;Variedades;No
Puerto Rico;COMERCIAL_PR;St Hotel Showtime;261;MTV 2;HD;Variedades;No
Puerto Rico;COMERCIAL_PR;St Hotel Showtime;262;VH1;HD;Variedades;No
Puerto Rico;COMERCIAL_PR;St Hotel Showtime;263;Comedy Central;HD;Variedades;No
Puerto Rico;COMERCIAL_PR;St Hotel Showtime;264;VICE;SD;Variedades;No
Puerto Rico;COMERCIAL_PR;St Hotel Showtime;267;Cooking Channel;HD;Variedades;No
Puerto Rico;COMERCIAL_PR;St Hotel Showtime;268;So Yummy;SD;Variedades;Si
Puerto Rico;COMERCIAL_PR;St Hotel Showtime;320;Cartoon Network;HD;Infantil;No
Puerto Rico;COMERCIAL_PR;St Hotel Showtime;322;Nickelodeon;HD;Infantil;No
Puerto Rico;COMERCIAL_PR;St Hotel Showtime;324;Disney Channel;HD;Infantil;No
Puerto Rico;COMERCIAL_PR;St Hotel Showtime;326;Disney XD;HD;Infantil;No
Puerto Rico;COMERCIAL_PR;St Hotel Showtime;330;Discovery Kids LA;SD;Infantil;No
Puerto Rico;COMERCIAL_PR;St Hotel Showtime;332;LooLoo Kids;SD;Infantil;No
Puerto Rico;COMERCIAL_PR;St Hotel Showtime;336;Boomerang;SD;Infantil;No
Puerto Rico;COMERCIAL_PR;St Hotel Showtime;337;Nick Jr.;HD;Infantil;No
Puerto Rico;COMERCIAL_PR;St Hotel Showtime;338;Vme;SD;Infantil;No
Puerto Rico;COMERCIAL_PR;St Hotel Showtime;339;Baby First TV;SD;Infantil;No
Puerto Rico;COMERCIAL_PR;St Hotel Showtime;350;EWTN;SD;Religioso;No
Puerto Rico;COMERCIAL_PR;St Hotel Showtime;352;Enlace;SD;Religioso;No
Puerto Rico;COMERCIAL_PR;St Hotel Showtime;354;Christian Television Network (CTN);SD;Religioso;No
Puerto Rico;COMERCIAL_PR;St Hotel Showtime;462;Playboy TV;SD;Adultos;No
Puerto Rico;COMERCIAL_PR;St Hotel Showtime;465;Brazzers TV;SD;Adultos;No
Puerto Rico;COMERCIAL_PR;St Hotel Showtime;468;Hustler;SD;Adultos;No
Puerto Rico;COMERCIAL_PR;St Hotel Showtime;511;AMC;HD;Cine;No
Puerto Rico;COMERCIAL_PR;St Hotel Showtime;514;Cine Latino;SD;Cine;No
Puerto Rico;COMERCIAL_PR;St Hotel Showtime;516;De Película;SD;Cine;No
Puerto Rico;COMERCIAL_PR;St Hotel Showtime;517;Lifetime;HD;Cine;No
Puerto Rico;COMERCIAL_PR;St Hotel Showtime;518;Lifetime Moivie Network;HD;Cine;No
Puerto Rico;COMERCIAL_PR;St Hotel Showtime;520;Hallmark Channel;HD;Cine;No
Puerto Rico;COMERCIAL_PR;St Hotel Showtime;521;Hallmark Family;HD;Cine;No
Puerto Rico;COMERCIAL_PR;St Hotel Showtime;522;Hallmark Mistery;SD;Cine;No
Puerto Rico;COMERCIAL_PR;St Hotel Showtime;550;MGM Mas;HD;Cine;No
Puerto Rico;COMERCIAL_PR;St Hotel Showtime;551;MGM Mas Hits;HD;Cine;No
Puerto Rico;COMERCIAL_PR;St Hotel Showtime;552;MGM Mas Marquee;HD;Cine;No
Puerto Rico;COMERCIAL_PR;St Hotel Showtime;564;HBO;HD;Cine;No
Puerto Rico;COMERCIAL_PR;St Hotel Showtime;565;HBO Hits;HD;Cine;No
Puerto Rico;COMERCIAL_PR;St Hotel Showtime;566;HBO Movie;HD;Cine;No
Puerto Rico;COMERCIAL_PR;St Hotel Showtime;567;HBO Drama;HD;Cine;No
Puerto Rico;COMERCIAL_PR;St Hotel Showtime;569;HBO Comedy;HD;Cine;No
Puerto Rico;COMERCIAL_PR;St Hotel Showtime;570;HBO Latino;HD;Cine;No
Puerto Rico;COMERCIAL_PR;St Hotel Showtime;571;Cinemax;HD;Cine;No
Puerto Rico;COMERCIAL_PR;St Hotel Showtime;572;Cinemax Hits;HD;Cine;No
Puerto Rico;COMERCIAL_PR;St Hotel Showtime;574;Cinemax Action;HD;Cine;No
Puerto Rico;COMERCIAL_PR;St Hotel Showtime;577;Paramount+ with Showtime;HD;Cine;Si
Puerto Rico;COMERCIAL_PR;St Hotel Showtime;578;Showtime 2;HD;Cine;Si
Puerto Rico;COMERCIAL_PR;St Hotel Showtime;579;Showtime Beyond;HD;Cine;Si
Puerto Rico;COMERCIAL_PR;St Hotel Showtime;580;Showcase;HD;Cine;Si
Puerto Rico;COMERCIAL_PR;St Hotel Showtime;581;Showtime Extreme;HD;Cine;Si
Puerto Rico;COMERCIAL_PR;St Hotel Showtime;582;The Movie Channel;SD;Cine;Si
Puerto Rico;COMERCIAL_PR;St Hotel Showtime;585;Starz;HD;Cine;No
Puerto Rico;COMERCIAL_PR;St Hotel Showtime;586;Starz Kids & Family;HD;Cine;No
Puerto Rico;COMERCIAL_PR;St Hotel Showtime;587;Starz Cinema;HD;Cine;No
Puerto Rico;COMERCIAL_PR;St Hotel Showtime;588;Encore Action;SD;Cine;No
Puerto Rico;COMERCIAL_PR;St Hotel Showtime;589;Encore;HD;Cine;No
Puerto Rico;COMERCIAL_PR;St Hotel Showtime;590;Encore Family;SD;Cine;No
Puerto Rico;COMERCIAL_PR;St Hotel Showtime;601;NBA League Pass;HD;Deportes;No
Puerto Rico;COMERCIAL_PR;St Hotel Showtime;619;NBA League Pass;HD;Deportes;No
Puerto Rico;COMERCIAL_PR;St Hotel Showtime;620;NFL Sunday Ticket;HD;Deportes;No
Puerto Rico;COMERCIAL_PR;St Hotel Showtime;639;NFL Sunday Ticket;HD;Deportes;No
Puerto Rico;COMERCIAL_PR;St Hotel Showtime;640;Thursday Night Football;HD;Deportes;No
Puerto Rico;COMERCIAL_PR;St Hotel Showtime;645;ESPN;HD;Deportes;No
Puerto Rico;COMERCIAL_PR;St Hotel Showtime;646;ESPN News;HD;Deportes;No
Puerto Rico;COMERCIAL_PR;St Hotel Showtime;648;ESPN 2;HD;Deportes;No
Puerto Rico;COMERCIAL_PR;St Hotel Showtime;649;ESPN Deportes;HD;Deportes;No
Puerto Rico;COMERCIAL_PR;St Hotel Showtime;651;Fox Deportes;SD;Deportes;No
Puerto Rico;COMERCIAL_PR;St Hotel Showtime;652;The Tennis Channel;HD;Deportes;No
Puerto Rico;COMERCIAL_PR;St Hotel Showtime;653;NBA TV;HD;Deportes;No
Puerto Rico;COMERCIAL_PR;St Hotel Showtime;654;The Golf Channel;HD;Deportes;No
Puerto Rico;COMERCIAL_PR;St Hotel Showtime;655;Fox Sports;HD;Deportes;No
Puerto Rico;COMERCIAL_PR;St Hotel Showtime;656;MLB Network;HD;Deportes;No
Puerto Rico;COMERCIAL_PR;St Hotel Showtime;657;WAPA Deportes;HD;Deportes;No
Puerto Rico;COMERCIAL_PR;St Hotel Showtime;659;Racer Network;HD;Deportes;No
Puerto Rico;COMERCIAL_PR;St Hotel Showtime;702;CNN;HD;Mundo;No
Puerto Rico;COMERCIAL_PR;St Hotel Showtime;704;CNN en Español;SD;Mundo;No
Puerto Rico;COMERCIAL_PR;St Hotel Showtime;708;Headline News;HD;Mundo;No
Puerto Rico;COMERCIAL_PR;St Hotel Showtime;710;Bloomberg;HD;Mundo;No
Puerto Rico;COMERCIAL_PR;St Hotel Showtime;712;AccuWeather;HD;Mundo;No
Puerto Rico;COMERCIAL_PR;St Hotel Showtime;714;Estrella TV;SD;Mundo;No
Puerto Rico;COMERCIAL_PR;St Hotel Showtime;720;CSPAN2;SD;Mundo;No
Puerto Rico;COMERCIAL_PR;St Hotel Showtime;730;Nat Geo Mundo;SD;Mundo;No
Puerto Rico;COMERCIAL_PR;St Hotel Showtime;732;Discovery em Español;SD;Mundo;No
Puerto Rico;COMERCIAL_PR;St Hotel Showtime;734;Animal Planet LA;SD;Mundo;No
Puerto Rico;COMERCIAL_PR;St Hotel Showtime;735;Animal Planet US;HD;Mundo;No
Puerto Rico;COMERCIAL_PR;St Hotel Showtime;742;History Andes;SD;Mundo;No
Puerto Rico;COMERCIAL_PR;St Hotel Showtime;744;FYI;HD;Mundo;No
Puerto Rico;COMERCIAL_PR;St Hotel Showtime;745;SyFy;HD;Mundo;No
Puerto Rico;COMERCIAL_PR;St Hotel Showtime;746;Discovery Turbo;HD;Mundo;No
Puerto Rico;COMERCIAL_PR;St Hotel Showtime;752;Discovery US;HD;Mundo;No
Puerto Rico;COMERCIAL_PR;St Hotel Showtime;754;The Learning Channel;HD;Mundo;No
Puerto Rico;COMERCIAL_PR;St Hotel Showtime;756;History Channel;HD;Mundo;No
Puerto Rico;COMERCIAL_PR;St Hotel Showtime;760;TVE;SD;Variedades;No
Puerto Rico;COMERCIAL_PR;St Hotel Showtime;762;Antena 3;SD;Mundo;No
Puerto Rico;COMERCIAL_PR;St Hotel Showtime;764;HITN;SD;Variedades;No
Puerto Rico;COMERCIAL_PR;St Hotel Showtime;768;BBC América;HD;Mundo;No
Puerto Rico;COMERCIAL_PR;St Hotel Showtime;901;Music Choice Rock Hits;Audio;Audio;No
Puerto Rico;COMERCIAL_PR;St Hotel Showtime;902;Music Choice 80s Rock;Audio;Audio;No
Puerto Rico;COMERCIAL_PR;St Hotel Showtime;903;Music Choice Jazz Vocal Hits;Audio;Audio;No
Puerto Rico;COMERCIAL_PR;St Hotel Showtime;904;Music Choice Country Hits;Audio;Audio;No
Puerto Rico;COMERCIAL_PR;St Hotel Showtime;905;Music Choice New Age;Audio;Audio;No
Puerto Rico;COMERCIAL_PR;St Hotel Showtime;906;Music Choice Funk;Audio;Audio;No
Puerto Rico;COMERCIAL_PR;St Hotel Showtime;907;Music Choice 90s;Audio;Audio;No
Puerto Rico;COMERCIAL_PR;St Hotel Showtime;908;Music Choice Blues;Audio;Audio;No
Puerto Rico;COMERCIAL_PR;St Hotel Showtime;909;Music Choice Love Songs;Audio;Audio;No
Puerto Rico;COMERCIAL_PR;St Hotel Showtime;910;Music Choice Musica Urbana;Audio;Audio;No
Puerto Rico;COMERCIAL_PR;St Hotel Showtime;911;Music Choice R&B Classics;Audio;Audio;No
Puerto Rico;COMERCIAL_PR;St Hotel Showtime;912;Music Choice Latin Jazz;Audio;Audio;No
Puerto Rico;COMERCIAL_PR;St Hotel Showtime;913;Music Choice Soft Rock;Audio;Audio;No
Puerto Rico;COMERCIAL_PR;St Hotel Showtime;914;Music Choice Rap;Audio;Audio;No
Puerto Rico;COMERCIAL_PR;St Hotel Showtime;915;Music Choice All Xmas;Audio;Audio;No
Puerto Rico;COMERCIAL_PR;St Hotel Showtime;916;Music Choice Workout;Audio;Audio;No
Puerto Rico;COMERCIAL_PR;St Hotel Showtime;917;Music Choice Broadway;Audio;Audio;No
Puerto Rico;COMERCIAL_PR;St Hotel Showtime;918;Music Choice Adult Alternative;Audio;Audio;No
Puerto Rico;COMERCIAL_PR;St Hotel Showtime;919;Music Choice Pop Hits;Audio;Audio;No
Puerto Rico;COMERCIAL_PR;St Hotel Showtime;920;Music Choice New Wave;Audio;Audio;No
Puerto Rico;COMERCIAL_PR;St Hotel Showtime;921;Music Choice 70s;Audio;Audio;No
Puerto Rico;COMERCIAL_PR;St Hotel Showtime;922;Music Choice Kidz Only!;Audio;Audio;No
Puerto Rico;COMERCIAL_PR;St Hotel Showtime;923;Music Choice 80s;Audio;Audio;No
Puerto Rico;COMERCIAL_PR;St Hotel Showtime;924;Music Choice Rock Latino;Audio;Audio;No
Puerto Rico;COMERCIAL_PR;St Hotel Showtime;925;Music Choice Retro Workout;Audio;Audio;No
Puerto Rico;COMERCIAL_PR;St Hotel Showtime;926;Music Choice Contemporary Christian;Audio;Audio;No
Puerto Rico;COMERCIAL_PR;St Hotel Showtime;927;Music Choice Reggae;Audio;Audio;No
Puerto Rico;COMERCIAL_PR;St Hotel Showtime;928;Music Choice Alternative;Audio;Audio;No
Puerto Rico;COMERCIAL_PR;St Hotel Showtime;929;Music Choice Pop & Country;Audio;Audio;No
Puerto Rico;COMERCIAL_PR;St Hotel Showtime;930;Music Choice Pop Latino;Audio;Audio;No
Puerto Rico;COMERCIAL_PR;St Hotel Showtime;931;Music Choice Classic Country;Audio;Audio;No
Puerto Rico;COMERCIAL_PR;St Hotel Showtime;932;Music Choice Big Band;Audio;Audio;No
Puerto Rico;COMERCIAL_PR;St Hotel Showtime;933;Music Choice Todays Country;Audio;Audio;No
Puerto Rico;COMERCIAL_PR;St Hotel Showtime;934;Music Choice Hit List;Audio;Audio;No
Puerto Rico;COMERCIAL_PR;St Hotel Showtime;935;Music Choice Hip-Hop And R&B;Audio;Audio;No
Puerto Rico;COMERCIAL_PR;St Hotel Showtime;936;Music Choice Teen Beats;Audio;Audio;No
Puerto Rico;COMERCIAL_PR;St Hotel Showtime;937;Music Choice Coffee Shop Cuts;Audio;Audio;No
Puerto Rico;COMERCIAL_PR;St Hotel Showtime;938;Music Choice Honky Tonk;Audio;Audio;No
Puerto Rico;COMERCIAL_PR;St Hotel Showtime;939;Music Choice Soundscapes;Audio;Audio;No
Puerto Rico;COMERCIAL_PR;St Hotel Showtime;940;Music Choice Light Classical;Audio;Audio;No
Puerto Rico;COMERCIAL_PR;St Hotel Showtime;941;Music Choice Classic Alternative;Audio;Audio;No
Puerto Rico;COMERCIAL_PR;St Hotel Showtime;942;Music Choice Indie;Audio;Audio;No
Puerto Rico;COMERCIAL_PR;St Hotel Showtime;943;Music Choice Malt Shop Favorites;Audio;Audio;No
Puerto Rico;COMERCIAL_PR;St Hotel Showtime;944;Music Choice Smooth Jazz;Audio;Audio;No
Puerto Rico;COMERCIAL_PR;St Hotel Showtime;945;Music Choice Contemporary Instrumentals;Audio;Audio;No
Puerto Rico;COMERCIAL_PR;St Hotel Showtime;946;Music Choice Hard Rock;Audio;Audio;No
Puerto Rico;COMERCIAL_PR;St Hotel Showtime;947;Music Choice Throwback Jamz;Audio;Audio;No
Puerto Rico;COMERCIAL_PR;St Hotel Showtime;948;Music Choice Classic Rock;Audio;Audio;No
Puerto Rico;COMERCIAL_PR;St Hotel Showtime;949;Music Choice Movie Scores;Audio;Audio;No
Puerto Rico;COMERCIAL_PR;St Hotel Showtime;950;Music Choice Max;Audio;Audio;No
Puerto Rico;COMERCIAL_PR;St Hotel Showtime;951;Music Choice Mainstream Rap;Audio;Audio;No
Puerto Rico;COMERCIAL_PR;St Hotel Showtime;952;Music Choice Americana;Audio;Audio;No
Puerto Rico;COMERCIAL_PR;St Hotel Showtime;953;Music Choice Symphony;Audio;Audio;No
Puerto Rico;COMERCIAL_PR;St Hotel Showtime;954;Music Choice Dance/EDM;Audio;Audio;No
Puerto Rico;COMERCIAL_PR;St Hotel Showtime;955;Music Choice Folk;Audio;Audio;No
Puerto Rico;COMERCIAL_PR;St Hotel Showtime;956;Music Choice Classic Dance;Audio;Audio;No
Puerto Rico;COMERCIAL_PR;St Hotel Showtime;957;Music Choice Gospel Hallelujah;Audio;Audio;No
Puerto Rico;COMERCIAL_PR;St Hotel Showtime;958;Music Choice Tropicales;Audio;Audio;No
Puerto Rico;COMERCIAL_PR;St Hotel Showtime;959;Music Choice Metal;Audio;Audio;No
Puerto Rico;COMERCIAL_PR;St Hotel Showtime;960;Music Choice Toddler Tunes;Audio;Audio;No
Puerto Rico;COMERCIAL_PR;St Hotel Showtime;961;Music Choice Y2k;Audio;Audio;No
Puerto Rico;COMERCIAL_PR;St Hotel Showtime;962;Music Choice Bluegrass;Audio;Audio;No
Puerto Rico;COMERCIAL_PR;St Hotel Showtime;963;Music Choice Vietnamese;Audio;Audio;No
Puerto Rico;COMERCIAL_PR;St Hotel Showtime;964;Music Choice Gospel;Audio;Audio;No
Puerto Rico;COMERCIAL_PR;St Hotel Showtime;965;Music Choice 60s Movement;Audio;Audio;No
Puerto Rico;COMERCIAL_PR;St Hotel Showtime;966;Music Choice Filipino;Audio;Audio;No
Puerto Rico;COMERCIAL_PR;St Hotel Showtime;967;Music Choice Sounds of the Season;Audio;Audio;No
Puerto Rico;COMERCIAL_PR;St Hotel Starz;162;Telemundo;HD;Nacional;No
Puerto Rico;COMERCIAL_PR;St Hotel Starz;164;WAPA TV;HD;Nacional;No
Puerto Rico;COMERCIAL_PR;St Hotel Starz;166;WIPR;SD;Nacional;No
Puerto Rico;COMERCIAL_PR;St Hotel Starz;167;Teleislas;SD;Nacional;No
Puerto Rico;COMERCIAL_PR;St Hotel Starz;168;TeleOnce HD;HD;Nacional;No
Puerto Rico;COMERCIAL_PR;St Hotel Starz;169;Daystar Español;SD;Nacional;No
Puerto Rico;COMERCIAL_PR;St Hotel Starz;170;Fox News;HD;Nacional;No
Puerto Rico;COMERCIAL_PR;St Hotel Starz;172;ABC5;HD;Nacional;No
Puerto Rico;COMERCIAL_PR;St Hotel Starz;174;CBS;HD;Nacional;No
Puerto Rico;COMERCIAL_PR;St Hotel Starz;176;NBC PR;HD;Nacional;No
Puerto Rico;COMERCIAL_PR;St Hotel Starz;179;Punto 2;HD;Nacional;No
Puerto Rico;COMERCIAL_PR;St Hotel Starz;181;TV Dominicana;SD;Nacional;No
Puerto Rico;COMERCIAL_PR;St Hotel Starz;182;TV Chile;SD;Nacional;No
Puerto Rico;COMERCIAL_PR;St Hotel Starz;183;TeleOro;SD;Nacional;No
Puerto Rico;COMERCIAL_PR;St Hotel Starz;185;Telecinco;SD;Local;No
Puerto Rico;COMERCIAL_PR;St Hotel Starz;186;UniMás;SD;Local;No
Puerto Rico;COMERCIAL_PR;St Hotel Starz;188;QVC;SD;Variedades;No
Puerto Rico;COMERCIAL_PR;St Hotel Starz;189;QVC 2;SD;Variedades;No
Puerto Rico;COMERCIAL_PR;St Hotel Starz;190;Home Shopping Network (HSN);SD;Variedades;No
Puerto Rico;COMERCIAL_PR;St Hotel Starz;191;Home Shopping Network (HSN) 2;SD;Variedades;No
Puerto Rico;COMERCIAL_PR;St Hotel Starz;220;Bravo;HD;Variedades;No
Puerto Rico;COMERCIAL_PR;St Hotel Starz;221;¡Hola! TV;SD;Variedades;No
Puerto Rico;COMERCIAL_PR;St Hotel Starz;222;E! Entertainment HD;HD;Variedades;No
Puerto Rico;COMERCIAL_PR;St Hotel Starz;225;Pasiones;SD;Variedades;No
Puerto Rico;COMERCIAL_PR;St Hotel Starz;226;QVC;SD;Variedades;No
Puerto Rico;COMERCIAL_PR;St Hotel Starz;227;Home Shopping Network (HSN);SD;Variedades;No
Puerto Rico;COMERCIAL_PR;St Hotel Starz;228;Food Network;HD;Variedades;No
Puerto Rico;COMERCIAL_PR;St Hotel Starz;229;Blossom;SD;Variedades;Si
Puerto Rico;COMERCIAL_PR;St Hotel Starz;230;BET;SD;Variedades;No
Puerto Rico;COMERCIAL_PR;St Hotel Starz;242;FX HD;HD;Variedades;No
Puerto Rico;COMERCIAL_PR;St Hotel Starz;244;TNT;HD;Variedades;No
Puerto Rico;COMERCIAL_PR;St Hotel Starz;246;USA Network;HD;Variedades;No
Puerto Rico;COMERCIAL_PR;St Hotel Starz;248;TBS;HD;Variedades;No
Puerto Rico;COMERCIAL_PR;St Hotel Starz;249;TLnovelas;SD;Variedades;No
Puerto Rico;COMERCIAL_PR;St Hotel Starz;250;HGTV;HD;Variedades;No
Puerto Rico;COMERCIAL_PR;St Hotel Starz;252;Freeform;HD;Variedades;No
Puerto Rico;COMERCIAL_PR;St Hotel Starz;254;Paramount Network;HD;Variedades;No
Puerto Rico;COMERCIAL_PR;St Hotel Starz;256;A&E;HD;Variedades;No
Puerto Rico;COMERCIAL_PR;St Hotel Starz;260;MTV;HD;Variedades;No
Puerto Rico;COMERCIAL_PR;St Hotel Starz;261;MTV 2;HD;Variedades;No
Puerto Rico;COMERCIAL_PR;St Hotel Starz;262;VH1;HD;Variedades;No
Puerto Rico;COMERCIAL_PR;St Hotel Starz;263;Comedy Central;HD;Variedades;No
Puerto Rico;COMERCIAL_PR;St Hotel Starz;264;VICE;SD;Variedades;No
Puerto Rico;COMERCIAL_PR;St Hotel Starz;267;Cooking Channel;HD;Variedades;No
Puerto Rico;COMERCIAL_PR;St Hotel Starz;268;So Yummy;SD;Variedades;Si
Puerto Rico;COMERCIAL_PR;St Hotel Starz;320;Cartoon Network;HD;Infantil;No
Puerto Rico;COMERCIAL_PR;St Hotel Starz;322;Nickelodeon;HD;Infantil;No
Puerto Rico;COMERCIAL_PR;St Hotel Starz;324;Disney Channel;HD;Infantil;No
Puerto Rico;COMERCIAL_PR;St Hotel Starz;326;Disney XD;HD;Infantil;No
Puerto Rico;COMERCIAL_PR;St Hotel Starz;330;Discovery Kids LA;SD;Infantil;No
Puerto Rico;COMERCIAL_PR;St Hotel Starz;332;LooLoo Kids;SD;Infantil;No
Puerto Rico;COMERCIAL_PR;St Hotel Starz;336;Boomerang;SD;Infantil;No
Puerto Rico;COMERCIAL_PR;St Hotel Starz;337;Nick Jr.;HD;Infantil;No
Puerto Rico;COMERCIAL_PR;St Hotel Starz;338;Vme;SD;Infantil;No
Puerto Rico;COMERCIAL_PR;St Hotel Starz;339;Baby First TV;SD;Infantil;No
Puerto Rico;COMERCIAL_PR;St Hotel Starz;350;EWTN;SD;Religioso;No
Puerto Rico;COMERCIAL_PR;St Hotel Starz;352;Enlace;SD;Religioso;No
Puerto Rico;COMERCIAL_PR;St Hotel Starz;354;Christian Television Network (CTN);SD;Religioso;No
Puerto Rico;COMERCIAL_PR;St Hotel Starz;462;Playboy TV;SD;Adultos;No
Puerto Rico;COMERCIAL_PR;St Hotel Starz;465;Brazzers TV;SD;Adultos;No
Puerto Rico;COMERCIAL_PR;St Hotel Starz;468;Hustler;SD;Adultos;No
Puerto Rico;COMERCIAL_PR;St Hotel Starz;511;AMC;HD;Cine;No
Puerto Rico;COMERCIAL_PR;St Hotel Starz;514;Cine Latino;SD;Cine;No
Puerto Rico;COMERCIAL_PR;St Hotel Starz;516;De Película;SD;Cine;No
Puerto Rico;COMERCIAL_PR;St Hotel Starz;517;Lifetime;HD;Cine;No
Puerto Rico;COMERCIAL_PR;St Hotel Starz;518;Lifetime Moivie Network;HD;Cine;No
Puerto Rico;COMERCIAL_PR;St Hotel Starz;520;Hallmark Channel;HD;Cine;No
Puerto Rico;COMERCIAL_PR;St Hotel Starz;521;Hallmark Family;HD;Cine;No
Puerto Rico;COMERCIAL_PR;St Hotel Starz;522;Hallmark Mistery;SD;Cine;No
Puerto Rico;COMERCIAL_PR;St Hotel Starz;550;MGM Mas;HD;Cine;No
Puerto Rico;COMERCIAL_PR;St Hotel Starz;551;MGM Mas Hits;HD;Cine;No
Puerto Rico;COMERCIAL_PR;St Hotel Starz;552;MGM Mas Marquee;HD;Cine;No
Puerto Rico;COMERCIAL_PR;St Hotel Starz;564;HBO;HD;Cine;No
Puerto Rico;COMERCIAL_PR;St Hotel Starz;565;HBO Hits;HD;Cine;No
Puerto Rico;COMERCIAL_PR;St Hotel Starz;566;HBO Movie;HD;Cine;No
Puerto Rico;COMERCIAL_PR;St Hotel Starz;567;HBO Drama;HD;Cine;No
Puerto Rico;COMERCIAL_PR;St Hotel Starz;569;HBO Comedy;HD;Cine;No
Puerto Rico;COMERCIAL_PR;St Hotel Starz;570;HBO Latino;HD;Cine;No
Puerto Rico;COMERCIAL_PR;St Hotel Starz;571;Cinemax;HD;Cine;No
Puerto Rico;COMERCIAL_PR;St Hotel Starz;572;Cinemax Hits;HD;Cine;No
Puerto Rico;COMERCIAL_PR;St Hotel Starz;574;Cinemax Action;HD;Cine;No
Puerto Rico;COMERCIAL_PR;St Hotel Starz;577;Paramount+ with Showtime;HD;Cine;No
Puerto Rico;COMERCIAL_PR;St Hotel Starz;578;Showtime 2;HD;Cine;No
Puerto Rico;COMERCIAL_PR;St Hotel Starz;579;Showtime Beyond;HD;Cine;No
Puerto Rico;COMERCIAL_PR;St Hotel Starz;580;Showcase;HD;Cine;No
Puerto Rico;COMERCIAL_PR;St Hotel Starz;581;Showtime Extreme;HD;Cine;No
Puerto Rico;COMERCIAL_PR;St Hotel Starz;582;The Movie Channel;SD;Cine;No
Puerto Rico;COMERCIAL_PR;St Hotel Starz;585;Starz;HD;Cine;Si
Puerto Rico;COMERCIAL_PR;St Hotel Starz;586;Starz Kids & Family;HD;Cine;Si
Puerto Rico;COMERCIAL_PR;St Hotel Starz;587;Starz Cinema;HD;Cine;Si
Puerto Rico;COMERCIAL_PR;St Hotel Starz;588;Encore Action;SD;Cine;Si
Puerto Rico;COMERCIAL_PR;St Hotel Starz;589;Encore;HD;Cine;Si
Puerto Rico;COMERCIAL_PR;St Hotel Starz;590;Encore Family;SD;Cine;Si
Puerto Rico;COMERCIAL_PR;St Hotel Starz;601;NBA League Pass;HD;Deportes;No
Puerto Rico;COMERCIAL_PR;St Hotel Starz;619;NBA League Pass;HD;Deportes;No
Puerto Rico;COMERCIAL_PR;St Hotel Starz;620;NFL Sunday Ticket;HD;Deportes;No
Puerto Rico;COMERCIAL_PR;St Hotel Starz;639;NFL Sunday Ticket;HD;Deportes;No
Puerto Rico;COMERCIAL_PR;St Hotel Starz;640;Thursday Night Football;HD;Deportes;No
Puerto Rico;COMERCIAL_PR;St Hotel Starz;645;ESPN;HD;Deportes;No
Puerto Rico;COMERCIAL_PR;St Hotel Starz;646;ESPN News;HD;Deportes;No
Puerto Rico;COMERCIAL_PR;St Hotel Starz;648;ESPN 2;HD;Deportes;No
Puerto Rico;COMERCIAL_PR;St Hotel Starz;649;ESPN Deportes;HD;Deportes;No
Puerto Rico;COMERCIAL_PR;St Hotel Starz;651;Fox Deportes;SD;Deportes;No
Puerto Rico;COMERCIAL_PR;St Hotel Starz;652;The Tennis Channel;HD;Deportes;No
Puerto Rico;COMERCIAL_PR;St Hotel Starz;653;NBA TV;HD;Deportes;No
Puerto Rico;COMERCIAL_PR;St Hotel Starz;654;The Golf Channel;HD;Deportes;No
Puerto Rico;COMERCIAL_PR;St Hotel Starz;655;Fox Sports;HD;Deportes;No
Puerto Rico;COMERCIAL_PR;St Hotel Starz;656;MLB Network;HD;Deportes;No
Puerto Rico;COMERCIAL_PR;St Hotel Starz;657;WAPA Deportes;HD;Deportes;No
Puerto Rico;COMERCIAL_PR;St Hotel Starz;659;Racer Network;HD;Deportes;No
Puerto Rico;COMERCIAL_PR;St Hotel Starz;702;CNN;HD;Mundo;No
Puerto Rico;COMERCIAL_PR;St Hotel Starz;704;CNN en Español;SD;Mundo;No
Puerto Rico;COMERCIAL_PR;St Hotel Starz;708;Headline News;HD;Mundo;No
Puerto Rico;COMERCIAL_PR;St Hotel Starz;710;Bloomberg;HD;Mundo;No
Puerto Rico;COMERCIAL_PR;St Hotel Starz;712;AccuWeather;HD;Mundo;No
Puerto Rico;COMERCIAL_PR;St Hotel Starz;714;Estrella TV;SD;Mundo;No
Puerto Rico;COMERCIAL_PR;St Hotel Starz;720;CSPAN2;SD;Mundo;No
Puerto Rico;COMERCIAL_PR;St Hotel Starz;730;Nat Geo Mundo;SD;Mundo;No
Puerto Rico;COMERCIAL_PR;St Hotel Starz;732;Discovery em Español;SD;Mundo;No
Puerto Rico;COMERCIAL_PR;St Hotel Starz;734;Animal Planet LA;SD;Mundo;No
Puerto Rico;COMERCIAL_PR;St Hotel Starz;735;Animal Planet US;HD;Mundo;No
Puerto Rico;COMERCIAL_PR;St Hotel Starz;742;History Andes;SD;Mundo;No
Puerto Rico;COMERCIAL_PR;St Hotel Starz;744;FYI;HD;Mundo;No
Puerto Rico;COMERCIAL_PR;St Hotel Starz;745;SyFy;HD;Mundo;No
Puerto Rico;COMERCIAL_PR;St Hotel Starz;746;Discovery Turbo;HD;Mundo;No
Puerto Rico;COMERCIAL_PR;St Hotel Starz;752;Discovery US;HD;Mundo;No
Puerto Rico;COMERCIAL_PR;St Hotel Starz;754;The Learning Channel;HD;Mundo;No
Puerto Rico;COMERCIAL_PR;St Hotel Starz;756;History Channel;HD;Mundo;No
Puerto Rico;COMERCIAL_PR;St Hotel Starz;760;TVE;SD;Variedades;No
Puerto Rico;COMERCIAL_PR;St Hotel Starz;762;Antena 3;SD;Mundo;No
Puerto Rico;COMERCIAL_PR;St Hotel Starz;764;HITN;SD;Variedades;No
Puerto Rico;COMERCIAL_PR;St Hotel Starz;768;BBC América;HD;Mundo;No
Puerto Rico;COMERCIAL_PR;St Hotel Starz;901;Music Choice Rock Hits;Audio;Audio;No
Puerto Rico;COMERCIAL_PR;St Hotel Starz;902;Music Choice 80s Rock;Audio;Audio;No
Puerto Rico;COMERCIAL_PR;St Hotel Starz;903;Music Choice Jazz Vocal Hits;Audio;Audio;No
Puerto Rico;COMERCIAL_PR;St Hotel Starz;904;Music Choice Country Hits;Audio;Audio;No
Puerto Rico;COMERCIAL_PR;St Hotel Starz;905;Music Choice New Age;Audio;Audio;No
Puerto Rico;COMERCIAL_PR;St Hotel Starz;906;Music Choice Funk;Audio;Audio;No
Puerto Rico;COMERCIAL_PR;St Hotel Starz;907;Music Choice 90s;Audio;Audio;No
Puerto Rico;COMERCIAL_PR;St Hotel Starz;908;Music Choice Blues;Audio;Audio;No
Puerto Rico;COMERCIAL_PR;St Hotel Starz;909;Music Choice Love Songs;Audio;Audio;No
Puerto Rico;COMERCIAL_PR;St Hotel Starz;910;Music Choice Musica Urbana;Audio;Audio;No
Puerto Rico;COMERCIAL_PR;St Hotel Starz;911;Music Choice R&B Classics;Audio;Audio;No
Puerto Rico;COMERCIAL_PR;St Hotel Starz;912;Music Choice Latin Jazz;Audio;Audio;No
Puerto Rico;COMERCIAL_PR;St Hotel Starz;913;Music Choice Soft Rock;Audio;Audio;No
Puerto Rico;COMERCIAL_PR;St Hotel Starz;914;Music Choice Rap;Audio;Audio;No
Puerto Rico;COMERCIAL_PR;St Hotel Starz;915;Music Choice All Xmas;Audio;Audio;No
Puerto Rico;COMERCIAL_PR;St Hotel Starz;916;Music Choice Workout;Audio;Audio;No
Puerto Rico;COMERCIAL_PR;St Hotel Starz;917;Music Choice Broadway;Audio;Audio;No
Puerto Rico;COMERCIAL_PR;St Hotel Starz;918;Music Choice Adult Alternative;Audio;Audio;No
Puerto Rico;COMERCIAL_PR;St Hotel Starz;919;Music Choice Pop Hits;Audio;Audio;No
Puerto Rico;COMERCIAL_PR;St Hotel Starz;920;Music Choice New Wave;Audio;Audio;No
Puerto Rico;COMERCIAL_PR;St Hotel Starz;921;Music Choice 70s;Audio;Audio;No
Puerto Rico;COMERCIAL_PR;St Hotel Starz;922;Music Choice Kidz Only!;Audio;Audio;No
Puerto Rico;COMERCIAL_PR;St Hotel Starz;923;Music Choice 80s;Audio;Audio;No
Puerto Rico;COMERCIAL_PR;St Hotel Starz;924;Music Choice Rock Latino;Audio;Audio;No
Puerto Rico;COMERCIAL_PR;St Hotel Starz;925;Music Choice Retro Workout;Audio;Audio;No
Puerto Rico;COMERCIAL_PR;St Hotel Starz;926;Music Choice Contemporary Christian;Audio;Audio;No
Puerto Rico;COMERCIAL_PR;St Hotel Starz;927;Music Choice Reggae;Audio;Audio;No
Puerto Rico;COMERCIAL_PR;St Hotel Starz;928;Music Choice Alternative;Audio;Audio;No
Puerto Rico;COMERCIAL_PR;St Hotel Starz;929;Music Choice Pop & Country;Audio;Audio;No
Puerto Rico;COMERCIAL_PR;St Hotel Starz;930;Music Choice Pop Latino;Audio;Audio;No
Puerto Rico;COMERCIAL_PR;St Hotel Starz;931;Music Choice Classic Country;Audio;Audio;No
Puerto Rico;COMERCIAL_PR;St Hotel Starz;932;Music Choice Big Band;Audio;Audio;No
Puerto Rico;COMERCIAL_PR;St Hotel Starz;933;Music Choice Todays Country;Audio;Audio;No
Puerto Rico;COMERCIAL_PR;St Hotel Starz;934;Music Choice Hit List;Audio;Audio;No
Puerto Rico;COMERCIAL_PR;St Hotel Starz;935;Music Choice Hip-Hop And R&B;Audio;Audio;No
Puerto Rico;COMERCIAL_PR;St Hotel Starz;936;Music Choice Teen Beats;Audio;Audio;No
Puerto Rico;COMERCIAL_PR;St Hotel Starz;937;Music Choice Coffee Shop Cuts;Audio;Audio;No
Puerto Rico;COMERCIAL_PR;St Hotel Starz;938;Music Choice Honky Tonk;Audio;Audio;No
Puerto Rico;COMERCIAL_PR;St Hotel Starz;939;Music Choice Soundscapes;Audio;Audio;No
Puerto Rico;COMERCIAL_PR;St Hotel Starz;940;Music Choice Light Classical;Audio;Audio;No
Puerto Rico;COMERCIAL_PR;St Hotel Starz;941;Music Choice Classic Alternative;Audio;Audio;No
Puerto Rico;COMERCIAL_PR;St Hotel Starz;942;Music Choice Indie;Audio;Audio;No
Puerto Rico;COMERCIAL_PR;St Hotel Starz;943;Music Choice Malt Shop Favorites;Audio;Audio;No
Puerto Rico;COMERCIAL_PR;St Hotel Starz;944;Music Choice Smooth Jazz;Audio;Audio;No
Puerto Rico;COMERCIAL_PR;St Hotel Starz;945;Music Choice Contemporary Instrumentals;Audio;Audio;No
Puerto Rico;COMERCIAL_PR;St Hotel Starz;946;Music Choice Hard Rock;Audio;Audio;No
Puerto Rico;COMERCIAL_PR;St Hotel Starz;947;Music Choice Throwback Jamz;Audio;Audio;No
Puerto Rico;COMERCIAL_PR;St Hotel Starz;948;Music Choice Classic Rock;Audio;Audio;No
Puerto Rico;COMERCIAL_PR;St Hotel Starz;949;Music Choice Movie Scores;Audio;Audio;No
Puerto Rico;COMERCIAL_PR;St Hotel Starz;950;Music Choice Max;Audio;Audio;No
Puerto Rico;COMERCIAL_PR;St Hotel Starz;951;Music Choice Mainstream Rap;Audio;Audio;No
Puerto Rico;COMERCIAL_PR;St Hotel Starz;952;Music Choice Americana;Audio;Audio;No
Puerto Rico;COMERCIAL_PR;St Hotel Starz;953;Music Choice Symphony;Audio;Audio;No
Puerto Rico;COMERCIAL_PR;St Hotel Starz;954;Music Choice Dance/EDM;Audio;Audio;No
Puerto Rico;COMERCIAL_PR;St Hotel Starz;955;Music Choice Folk;Audio;Audio;No
Puerto Rico;COMERCIAL_PR;St Hotel Starz;956;Music Choice Classic Dance;Audio;Audio;No
Puerto Rico;COMERCIAL_PR;St Hotel Starz;957;Music Choice Gospel Hallelujah;Audio;Audio;No
Puerto Rico;COMERCIAL_PR;St Hotel Starz;958;Music Choice Tropicales;Audio;Audio;No
Puerto Rico;COMERCIAL_PR;St Hotel Starz;959;Music Choice Metal;Audio;Audio;No
Puerto Rico;COMERCIAL_PR;St Hotel Starz;960;Music Choice Toddler Tunes;Audio;Audio;No
Puerto Rico;COMERCIAL_PR;St Hotel Starz;961;Music Choice Y2k;Audio;Audio;No
Puerto Rico;COMERCIAL_PR;St Hotel Starz;962;Music Choice Bluegrass;Audio;Audio;No
Puerto Rico;COMERCIAL_PR;St Hotel Starz;963;Music Choice Vietnamese;Audio;Audio;No
Puerto Rico;COMERCIAL_PR;St Hotel Starz;964;Music Choice Gospel;Audio;Audio;No
Puerto Rico;COMERCIAL_PR;St Hotel Starz;965;Music Choice 60s Movement;Audio;Audio;No
Puerto Rico;COMERCIAL_PR;St Hotel Starz;966;Music Choice Filipino;Audio;Audio;No
Puerto Rico;COMERCIAL_PR;St Hotel Starz;967;Music Choice Sounds of the Season;Audio;Audio;No
Puerto Rico;COMERCIAL_PR;Hotel Select;162;Telemundo;HD;Nacional;Si
Puerto Rico;COMERCIAL_PR;Hotel Select;164;WAPA TV;HD;Nacional;Si
Puerto Rico;COMERCIAL_PR;Hotel Select;166;WIPR;SD;Nacional;Si
Puerto Rico;COMERCIAL_PR;Hotel Select;167;Teleislas;SD;Nacional;Si
Puerto Rico;COMERCIAL_PR;Hotel Select;168;TeleOnce HD;HD;Nacional;Si
Puerto Rico;COMERCIAL_PR;Hotel Select;169;Daystar Español;SD;Nacional;Si
Puerto Rico;COMERCIAL_PR;Hotel Select;170;Fox News;HD;Nacional;Si
Puerto Rico;COMERCIAL_PR;Hotel Select;172;ABC5;HD;Nacional;Si
Puerto Rico;COMERCIAL_PR;Hotel Select;174;CBS;HD;Nacional;Si
Puerto Rico;COMERCIAL_PR;Hotel Select;176;NBC PR;HD;Nacional;Si
Puerto Rico;COMERCIAL_PR;Hotel Select;179;Punto 2;HD;Nacional;Si
Puerto Rico;COMERCIAL_PR;Hotel Select;181;TV Dominicana;SD;Nacional;Si
Puerto Rico;COMERCIAL_PR;Hotel Select;182;TV Chile;SD;Nacional;Si
Puerto Rico;COMERCIAL_PR;Hotel Select;183;TeleOro;SD;Nacional;Si
Puerto Rico;COMERCIAL_PR;Hotel Select;185;Telecinco;SD;Local;Si
Puerto Rico;COMERCIAL_PR;Hotel Select;186;UniMás;SD;Local;Si
Puerto Rico;COMERCIAL_PR;Hotel Select;188;QVC;SD;Variedades;Si
Puerto Rico;COMERCIAL_PR;Hotel Select;189;QVC 2;SD;Variedades;Si
Puerto Rico;COMERCIAL_PR;Hotel Select;190;Home Shopping Network (HSN);SD;Variedades;Si
Puerto Rico;COMERCIAL_PR;Hotel Select;191;Home Shopping Network (HSN) 2;SD;Variedades;Si
Puerto Rico;COMERCIAL_PR;Hotel Select;220;Bravo;HD;Variedades;No
Puerto Rico;COMERCIAL_PR;Hotel Select;221;¡Hola! TV;SD;Variedades;No
Puerto Rico;COMERCIAL_PR;Hotel Select;222;E! Entertainment HD;HD;Variedades;No
Puerto Rico;COMERCIAL_PR;Hotel Select;225;Pasiones;SD;Variedades;Si
Puerto Rico;COMERCIAL_PR;Hotel Select;226;QVC;SD;Variedades;Si
Puerto Rico;COMERCIAL_PR;Hotel Select;227;Home Shopping Network (HSN);SD;Variedades;Si
Puerto Rico;COMERCIAL_PR;Hotel Select;228;Food Network;HD;Variedades;No
Puerto Rico;COMERCIAL_PR;Hotel Select;229;Blossom;SD;Variedades;Si
Puerto Rico;COMERCIAL_PR;Hotel Select;230;BET;SD;Variedades;No
Puerto Rico;COMERCIAL_PR;Hotel Select;242;FX HD;HD;Variedades;No
Puerto Rico;COMERCIAL_PR;Hotel Select;244;TNT;HD;Variedades;No
Puerto Rico;COMERCIAL_PR;Hotel Select;246;USA Network;HD;Variedades;No
Puerto Rico;COMERCIAL_PR;Hotel Select;248;TBS;HD;Variedades;No
Puerto Rico;COMERCIAL_PR;Hotel Select;249;TLnovelas;SD;Variedades;Si
Puerto Rico;COMERCIAL_PR;Hotel Select;250;HGTV;HD;Variedades;No
Puerto Rico;COMERCIAL_PR;Hotel Select;252;Freeform;HD;Variedades;No
Puerto Rico;COMERCIAL_PR;Hotel Select;254;Paramount Network;HD;Variedades;No
Puerto Rico;COMERCIAL_PR;Hotel Select;256;A&E;HD;Variedades;No
Puerto Rico;COMERCIAL_PR;Hotel Select;260;MTV;HD;Variedades;No
Puerto Rico;COMERCIAL_PR;Hotel Select;261;MTV 2;HD;Variedades;No
Puerto Rico;COMERCIAL_PR;Hotel Select;262;VH1;HD;Variedades;No
Puerto Rico;COMERCIAL_PR;Hotel Select;263;Comedy Central;HD;Variedades;No
Puerto Rico;COMERCIAL_PR;Hotel Select;264;VICE;SD;Variedades;No
Puerto Rico;COMERCIAL_PR;Hotel Select;267;Cooking Channel;HD;Variedades;No
Puerto Rico;COMERCIAL_PR;Hotel Select;268;So Yummy;SD;Variedades;Si
Puerto Rico;COMERCIAL_PR;Hotel Select;320;Cartoon Network;HD;Infantil;No
Puerto Rico;COMERCIAL_PR;Hotel Select;322;Nickelodeon;HD;Infantil;No
Puerto Rico;COMERCIAL_PR;Hotel Select;324;Disney Channel;HD;Infantil;No
Puerto Rico;COMERCIAL_PR;Hotel Select;326;Disney XD;HD;Infantil;No
Puerto Rico;COMERCIAL_PR;Hotel Select;330;Discovery Kids LA;SD;Infantil;Si
Puerto Rico;COMERCIAL_PR;Hotel Select;332;LooLoo Kids;SD;Infantil;No
Puerto Rico;COMERCIAL_PR;Hotel Select;336;Boomerang;SD;Infantil;No
Puerto Rico;COMERCIAL_PR;Hotel Select;337;Nick Jr.;HD;Infantil;No
Puerto Rico;COMERCIAL_PR;Hotel Select;338;Vme;SD;Infantil;Si
Puerto Rico;COMERCIAL_PR;Hotel Select;339;Baby First TV;SD;Infantil;Si
Puerto Rico;COMERCIAL_PR;Hotel Select;350;EWTN;SD;Religioso;Si
Puerto Rico;COMERCIAL_PR;Hotel Select;352;Enlace;SD;Religioso;Si
Puerto Rico;COMERCIAL_PR;Hotel Select;354;Christian Television Network (CTN);SD;Religioso;Si
Puerto Rico;COMERCIAL_PR;Hotel Select;462;Playboy TV;SD;Adultos;No
Puerto Rico;COMERCIAL_PR;Hotel Select;465;Brazzers TV;SD;Adultos;No
Puerto Rico;COMERCIAL_PR;Hotel Select;468;Hustler;SD;Adultos;No
Puerto Rico;COMERCIAL_PR;Hotel Select;511;AMC;HD;Cine;No
Puerto Rico;COMERCIAL_PR;Hotel Select;514;Cine Latino;SD;Cine;Si
Puerto Rico;COMERCIAL_PR;Hotel Select;516;De Película;SD;Cine;Si
Puerto Rico;COMERCIAL_PR;Hotel Select;517;Lifetime;HD;Cine;No
Puerto Rico;COMERCIAL_PR;Hotel Select;518;Lifetime Moivie Network;HD;Cine;No
Puerto Rico;COMERCIAL_PR;Hotel Select;520;Hallmark Channel;HD;Cine;No
Puerto Rico;COMERCIAL_PR;Hotel Select;521;Hallmark Family;HD;Cine;No
Puerto Rico;COMERCIAL_PR;Hotel Select;522;Hallmark Mistery;SD;Cine;No
Puerto Rico;COMERCIAL_PR;Hotel Select;550;MGM Mas;HD;Cine;No
Puerto Rico;COMERCIAL_PR;Hotel Select;551;MGM Mas Hits;HD;Cine;No
Puerto Rico;COMERCIAL_PR;Hotel Select;552;MGM Mas Marquee;HD;Cine;No
Puerto Rico;COMERCIAL_PR;Hotel Select;564;HBO;HD;Cine;No
Puerto Rico;COMERCIAL_PR;Hotel Select;565;HBO Hits;HD;Cine;No
Puerto Rico;COMERCIAL_PR;Hotel Select;566;HBO Movie;HD;Cine;No
Puerto Rico;COMERCIAL_PR;Hotel Select;567;HBO Drama;HD;Cine;No
Puerto Rico;COMERCIAL_PR;Hotel Select;569;HBO Comedy;HD;Cine;No
Puerto Rico;COMERCIAL_PR;Hotel Select;570;HBO Latino;HD;Cine;No
Puerto Rico;COMERCIAL_PR;Hotel Select;571;Cinemax;HD;Cine;No
Puerto Rico;COMERCIAL_PR;Hotel Select;572;Cinemax Hits;HD;Cine;No
Puerto Rico;COMERCIAL_PR;Hotel Select;574;Cinemax Action;HD;Cine;No
Puerto Rico;COMERCIAL_PR;Hotel Select;577;Paramount+ with Showtime;HD;Cine;No
Puerto Rico;COMERCIAL_PR;Hotel Select;578;Showtime 2;HD;Cine;No
Puerto Rico;COMERCIAL_PR;Hotel Select;579;Showtime Beyond;HD;Cine;No
Puerto Rico;COMERCIAL_PR;Hotel Select;580;Showcase;HD;Cine;No
Puerto Rico;COMERCIAL_PR;Hotel Select;581;Showtime Extreme;HD;Cine;No
Puerto Rico;COMERCIAL_PR;Hotel Select;582;The Movie Channel;SD;Cine;No
Puerto Rico;COMERCIAL_PR;Hotel Select;585;Starz;HD;Cine;No
Puerto Rico;COMERCIAL_PR;Hotel Select;586;Starz Kids & Family;HD;Cine;No
Puerto Rico;COMERCIAL_PR;Hotel Select;587;Starz Cinema;HD;Cine;No
Puerto Rico;COMERCIAL_PR;Hotel Select;588;Encore Action;SD;Cine;No
Puerto Rico;COMERCIAL_PR;Hotel Select;589;Encore;HD;Cine;No
Puerto Rico;COMERCIAL_PR;Hotel Select;590;Encore Family;SD;Cine;No
Puerto Rico;COMERCIAL_PR;Hotel Select;601;NBA League Pass;HD;Deportes;No
Puerto Rico;COMERCIAL_PR;Hotel Select;619;NBA League Pass;HD;Deportes;No
Puerto Rico;COMERCIAL_PR;Hotel Select;620;NFL Sunday Ticket;HD;Deportes;No
Puerto Rico;COMERCIAL_PR;Hotel Select;639;NFL Sunday Ticket;HD;Deportes;No
Puerto Rico;COMERCIAL_PR;Hotel Select;640;Thursday Night Football;HD;Deportes;No
Puerto Rico;COMERCIAL_PR;Hotel Select;645;ESPN;HD;Deportes;No
Puerto Rico;COMERCIAL_PR;Hotel Select;646;ESPN News;HD;Deportes;No
Puerto Rico;COMERCIAL_PR;Hotel Select;648;ESPN 2;HD;Deportes;No
Puerto Rico;COMERCIAL_PR;Hotel Select;649;ESPN Deportes;HD;Deportes;Si
Puerto Rico;COMERCIAL_PR;Hotel Select;651;Fox Deportes;SD;Deportes;Si
Puerto Rico;COMERCIAL_PR;Hotel Select;652;The Tennis Channel;HD;Deportes;No
Puerto Rico;COMERCIAL_PR;Hotel Select;653;NBA TV;HD;Deportes;No
Puerto Rico;COMERCIAL_PR;Hotel Select;654;The Golf Channel;HD;Deportes;No
Puerto Rico;COMERCIAL_PR;Hotel Select;655;Fox Sports;HD;Deportes;No
Puerto Rico;COMERCIAL_PR;Hotel Select;656;MLB Network;HD;Deportes;No
Puerto Rico;COMERCIAL_PR;Hotel Select;657;WAPA Deportes;HD;Deportes;Si
Puerto Rico;COMERCIAL_PR;Hotel Select;659;Racer Network;HD;Deportes;No
Puerto Rico;COMERCIAL_PR;Hotel Select;702;CNN;HD;Mundo;No
Puerto Rico;COMERCIAL_PR;Hotel Select;704;CNN en Español;SD;Mundo;Si
Puerto Rico;COMERCIAL_PR;Hotel Select;708;Headline News;HD;Mundo;No
Puerto Rico;COMERCIAL_PR;Hotel Select;710;Bloomberg;HD;Mundo;No
Puerto Rico;COMERCIAL_PR;Hotel Select;712;AccuWeather;HD;Mundo;Si
Puerto Rico;COMERCIAL_PR;Hotel Select;714;Estrella TV;SD;Mundo;No
Puerto Rico;COMERCIAL_PR;Hotel Select;720;CSPAN2;SD;Mundo;No
Puerto Rico;COMERCIAL_PR;Hotel Select;730;Nat Geo Mundo;SD;Mundo;Si
Puerto Rico;COMERCIAL_PR;Hotel Select;732;Discovery em Español;SD;Mundo;Si
Puerto Rico;COMERCIAL_PR;Hotel Select;734;Animal Planet LA;SD;Mundo;Si
Puerto Rico;COMERCIAL_PR;Hotel Select;735;Animal Planet US;HD;Mundo;No
Puerto Rico;COMERCIAL_PR;Hotel Select;742;History Andes;SD;Mundo;Si
Puerto Rico;COMERCIAL_PR;Hotel Select;744;FYI;HD;Mundo;No
Puerto Rico;COMERCIAL_PR;Hotel Select;745;SyFy;HD;Mundo;No
Puerto Rico;COMERCIAL_PR;Hotel Select;746;Discovery Turbo;HD;Mundo;No
Puerto Rico;COMERCIAL_PR;Hotel Select;752;Discovery US;HD;Mundo;No
Puerto Rico;COMERCIAL_PR;Hotel Select;754;The Learning Channel;HD;Mundo;No
Puerto Rico;COMERCIAL_PR;Hotel Select;756;History Channel;HD;Mundo;No
Puerto Rico;COMERCIAL_PR;Hotel Select;760;TVE;SD;Variedades;Si
Puerto Rico;COMERCIAL_PR;Hotel Select;762;Antena 3;SD;Mundo;Si
Puerto Rico;COMERCIAL_PR;Hotel Select;764;HITN;SD;Variedades;Si
Puerto Rico;COMERCIAL_PR;Hotel Select;768;BBC América;HD;Mundo;No
Puerto Rico;COMERCIAL_PR;Hotel Select;901;Music Choice Rock Hits;Audio;Audio;Si
Puerto Rico;COMERCIAL_PR;Hotel Select;902;Music Choice 80s Rock;Audio;Audio;Si
Puerto Rico;COMERCIAL_PR;Hotel Select;903;Music Choice Jazz Vocal Hits;Audio;Audio;Si
Puerto Rico;COMERCIAL_PR;Hotel Select;904;Music Choice Country Hits;Audio;Audio;Si
Puerto Rico;COMERCIAL_PR;Hotel Select;905;Music Choice New Age;Audio;Audio;Si
Puerto Rico;COMERCIAL_PR;Hotel Select;906;Music Choice Funk;Audio;Audio;Si
Puerto Rico;COMERCIAL_PR;Hotel Select;907;Music Choice 90s;Audio;Audio;Si
Puerto Rico;COMERCIAL_PR;Hotel Select;908;Music Choice Blues;Audio;Audio;Si
Puerto Rico;COMERCIAL_PR;Hotel Select;909;Music Choice Love Songs;Audio;Audio;Si
Puerto Rico;COMERCIAL_PR;Hotel Select;910;Music Choice Musica Urbana;Audio;Audio;Si
Puerto Rico;COMERCIAL_PR;Hotel Select;911;Music Choice R&B Classics;Audio;Audio;Si
Puerto Rico;COMERCIAL_PR;Hotel Select;912;Music Choice Latin Jazz;Audio;Audio;Si
Puerto Rico;COMERCIAL_PR;Hotel Select;913;Music Choice Soft Rock;Audio;Audio;Si
Puerto Rico;COMERCIAL_PR;Hotel Select;914;Music Choice Rap;Audio;Audio;Si
Puerto Rico;COMERCIAL_PR;Hotel Select;915;Music Choice All Xmas;Audio;Audio;Si
Puerto Rico;COMERCIAL_PR;Hotel Select;916;Music Choice Workout;Audio;Audio;Si
Puerto Rico;COMERCIAL_PR;Hotel Select;917;Music Choice Broadway;Audio;Audio;Si
Puerto Rico;COMERCIAL_PR;Hotel Select;918;Music Choice Adult Alternative;Audio;Audio;Si
Puerto Rico;COMERCIAL_PR;Hotel Select;919;Music Choice Pop Hits;Audio;Audio;Si
Puerto Rico;COMERCIAL_PR;Hotel Select;920;Music Choice New Wave;Audio;Audio;Si
Puerto Rico;COMERCIAL_PR;Hotel Select;921;Music Choice 70s;Audio;Audio;Si
Puerto Rico;COMERCIAL_PR;Hotel Select;922;Music Choice Kidz Only!;Audio;Audio;Si
Puerto Rico;COMERCIAL_PR;Hotel Select;923;Music Choice 80s;Audio;Audio;Si
Puerto Rico;COMERCIAL_PR;Hotel Select;924;Music Choice Rock Latino;Audio;Audio;Si
Puerto Rico;COMERCIAL_PR;Hotel Select;925;Music Choice Retro Workout;Audio;Audio;Si
Puerto Rico;COMERCIAL_PR;Hotel Select;926;Music Choice Contemporary Christian;Audio;Audio;Si
Puerto Rico;COMERCIAL_PR;Hotel Select;927;Music Choice Reggae;Audio;Audio;Si
Puerto Rico;COMERCIAL_PR;Hotel Select;928;Music Choice Alternative;Audio;Audio;Si
Puerto Rico;COMERCIAL_PR;Hotel Select;929;Music Choice Pop & Country;Audio;Audio;Si
Puerto Rico;COMERCIAL_PR;Hotel Select;930;Music Choice Pop Latino;Audio;Audio;Si
Puerto Rico;COMERCIAL_PR;Hotel Select;931;Music Choice Classic Country;Audio;Audio;Si
Puerto Rico;COMERCIAL_PR;Hotel Select;932;Music Choice Big Band;Audio;Audio;Si
Puerto Rico;COMERCIAL_PR;Hotel Select;933;Music Choice Todays Country;Audio;Audio;Si
Puerto Rico;COMERCIAL_PR;Hotel Select;934;Music Choice Hit List;Audio;Audio;Si
Puerto Rico;COMERCIAL_PR;Hotel Select;935;Music Choice Hip-Hop And R&B;Audio;Audio;Si
Puerto Rico;COMERCIAL_PR;Hotel Select;936;Music Choice Teen Beats;Audio;Audio;Si
Puerto Rico;COMERCIAL_PR;Hotel Select;937;Music Choice Coffee Shop Cuts;Audio;Audio;Si
Puerto Rico;COMERCIAL_PR;Hotel Select;938;Music Choice Honky Tonk;Audio;Audio;Si
Puerto Rico;COMERCIAL_PR;Hotel Select;939;Music Choice Soundscapes;Audio;Audio;Si
Puerto Rico;COMERCIAL_PR;Hotel Select;940;Music Choice Light Classical;Audio;Audio;Si
Puerto Rico;COMERCIAL_PR;Hotel Select;941;Music Choice Classic Alternative;Audio;Audio;Si
Puerto Rico;COMERCIAL_PR;Hotel Select;942;Music Choice Indie;Audio;Audio;Si
Puerto Rico;COMERCIAL_PR;Hotel Select;943;Music Choice Malt Shop Favorites;Audio;Audio;Si
Puerto Rico;COMERCIAL_PR;Hotel Select;944;Music Choice Smooth Jazz;Audio;Audio;Si
Puerto Rico;COMERCIAL_PR;Hotel Select;945;Music Choice Contemporary Instrumentals;Audio;Audio;Si
Puerto Rico;COMERCIAL_PR;Hotel Select;946;Music Choice Hard Rock;Audio;Audio;Si
Puerto Rico;COMERCIAL_PR;Hotel Select;947;Music Choice Throwback Jamz;Audio;Audio;Si
Puerto Rico;COMERCIAL_PR;Hotel Select;948;Music Choice Classic Rock;Audio;Audio;Si
Puerto Rico;COMERCIAL_PR;Hotel Select;949;Music Choice Movie Scores;Audio;Audio;Si
Puerto Rico;COMERCIAL_PR;Hotel Select;950;Music Choice Max;Audio;Audio;Si
Puerto Rico;COMERCIAL_PR;Hotel Select;951;Music Choice Mainstream Rap;Audio;Audio;Si
Puerto Rico;COMERCIAL_PR;Hotel Select;952;Music Choice Americana;Audio;Audio;Si
Puerto Rico;COMERCIAL_PR;Hotel Select;953;Music Choice Symphony;Audio;Audio;Si
Puerto Rico;COMERCIAL_PR;Hotel Select;954;Music Choice Dance/EDM;Audio;Audio;Si
Puerto Rico;COMERCIAL_PR;Hotel Select;955;Music Choice Folk;Audio;Audio;Si
Puerto Rico;COMERCIAL_PR;Hotel Select;956;Music Choice Classic Dance;Audio;Audio;Si
Puerto Rico;COMERCIAL_PR;Hotel Select;957;Music Choice Gospel Hallelujah;Audio;Audio;Si
Puerto Rico;COMERCIAL_PR;Hotel Select;958;Music Choice Tropicales;Audio;Audio;Si
Puerto Rico;COMERCIAL_PR;Hotel Select;959;Music Choice Metal;Audio;Audio;Si
Puerto Rico;COMERCIAL_PR;Hotel Select;960;Music Choice Toddler Tunes;Audio;Audio;Si
Puerto Rico;COMERCIAL_PR;Hotel Select;961;Music Choice Y2k;Audio;Audio;Si
Puerto Rico;COMERCIAL_PR;Hotel Select;962;Music Choice Bluegrass;Audio;Audio;Si
Puerto Rico;COMERCIAL_PR;Hotel Select;963;Music Choice Vietnamese;Audio;Audio;Si
Puerto Rico;COMERCIAL_PR;Hotel Select;964;Music Choice Gospel;Audio;Audio;Si
Puerto Rico;COMERCIAL_PR;Hotel Select;965;Music Choice 60s Movement;Audio;Audio;Si
Puerto Rico;COMERCIAL_PR;Hotel Select;966;Music Choice Filipino;Audio;Audio;Si
Puerto Rico;COMERCIAL_PR;Hotel Select;967;Music Choice Sounds of the Season;Audio;Audio;Si
Puerto Rico;COMERCIAL_PR;Hotel Entertainment;162;Telemundo;HD;Nacional;Si
Puerto Rico;COMERCIAL_PR;Hotel Entertainment;164;WAPA TV;HD;Nacional;Si
Puerto Rico;COMERCIAL_PR;Hotel Entertainment;166;WIPR;SD;Nacional;Si
Puerto Rico;COMERCIAL_PR;Hotel Entertainment;167;Teleislas;SD;Nacional;Si
Puerto Rico;COMERCIAL_PR;Hotel Entertainment;168;TeleOnce HD;HD;Nacional;Si
Puerto Rico;COMERCIAL_PR;Hotel Entertainment;169;Daystar Español;SD;Nacional;Si
Puerto Rico;COMERCIAL_PR;Hotel Entertainment;170;Fox News;HD;Nacional;Si
Puerto Rico;COMERCIAL_PR;Hotel Entertainment;172;ABC5;HD;Nacional;Si
Puerto Rico;COMERCIAL_PR;Hotel Entertainment;174;CBS;HD;Nacional;Si
Puerto Rico;COMERCIAL_PR;Hotel Entertainment;176;NBC PR;HD;Nacional;Si
Puerto Rico;COMERCIAL_PR;Hotel Entertainment;179;Punto 2;HD;Nacional;Si
Puerto Rico;COMERCIAL_PR;Hotel Entertainment;181;TV Dominicana;SD;Nacional;Si
Puerto Rico;COMERCIAL_PR;Hotel Entertainment;182;TV Chile;SD;Nacional;Si
Puerto Rico;COMERCIAL_PR;Hotel Entertainment;183;TeleOro;SD;Nacional;Si
Puerto Rico;COMERCIAL_PR;Hotel Entertainment;185;Telecinco;SD;Local;Si
Puerto Rico;COMERCIAL_PR;Hotel Entertainment;186;UniMás;SD;Local;Si
Puerto Rico;COMERCIAL_PR;Hotel Entertainment;188;QVC;SD;Variedades;Si
Puerto Rico;COMERCIAL_PR;Hotel Entertainment;189;QVC 2;SD;Variedades;Si
Puerto Rico;COMERCIAL_PR;Hotel Entertainment;190;Home Shopping Network (HSN);SD;Variedades;Si
Puerto Rico;COMERCIAL_PR;Hotel Entertainment;191;Home Shopping Network (HSN) 2;SD;Variedades;Si
Puerto Rico;COMERCIAL_PR;Hotel Entertainment;220;Bravo;HD;Variedades;No
Puerto Rico;COMERCIAL_PR;Hotel Entertainment;221;¡Hola! TV;SD;Variedades;No
Puerto Rico;COMERCIAL_PR;Hotel Entertainment;222;E! Entertainment HD;HD;Variedades;No
Puerto Rico;COMERCIAL_PR;Hotel Entertainment;225;Pasiones;SD;Variedades;Si
Puerto Rico;COMERCIAL_PR;Hotel Entertainment;226;QVC;SD;Variedades;Si
Puerto Rico;COMERCIAL_PR;Hotel Entertainment;227;Home Shopping Network (HSN);SD;Variedades;Si
Puerto Rico;COMERCIAL_PR;Hotel Entertainment;228;Food Network;HD;Variedades;No
Puerto Rico;COMERCIAL_PR;Hotel Entertainment;229;Blossom;SD;Variedades;Si
Puerto Rico;COMERCIAL_PR;Hotel Entertainment;230;BET;SD;Variedades;No
Puerto Rico;COMERCIAL_PR;Hotel Entertainment;242;FX HD;HD;Variedades;Si
Puerto Rico;COMERCIAL_PR;Hotel Entertainment;244;TNT;HD;Variedades;No
Puerto Rico;COMERCIAL_PR;Hotel Entertainment;246;USA Network;HD;Variedades;Si
Puerto Rico;COMERCIAL_PR;Hotel Entertainment;248;TBS;HD;Variedades;Si
Puerto Rico;COMERCIAL_PR;Hotel Entertainment;249;TLnovelas;SD;Variedades;Si
Puerto Rico;COMERCIAL_PR;Hotel Entertainment;250;HGTV;HD;Variedades;No
Puerto Rico;COMERCIAL_PR;Hotel Entertainment;252;Freeform;HD;Variedades;No
Puerto Rico;COMERCIAL_PR;Hotel Entertainment;254;Paramount Network;HD;Variedades;Si
Puerto Rico;COMERCIAL_PR;Hotel Entertainment;256;A&E;HD;Variedades;No
Puerto Rico;COMERCIAL_PR;Hotel Entertainment;260;MTV;HD;Variedades;Si
Puerto Rico;COMERCIAL_PR;Hotel Entertainment;261;MTV 2;HD;Variedades;No
Puerto Rico;COMERCIAL_PR;Hotel Entertainment;262;VH1;HD;Variedades;Si
Puerto Rico;COMERCIAL_PR;Hotel Entertainment;263;Comedy Central;HD;Variedades;No
Puerto Rico;COMERCIAL_PR;Hotel Entertainment;264;VICE;SD;Variedades;No
Puerto Rico;COMERCIAL_PR;Hotel Entertainment;267;Cooking Channel;HD;Variedades;No
Puerto Rico;COMERCIAL_PR;Hotel Entertainment;268;So Yummy;SD;Variedades;Si
Puerto Rico;COMERCIAL_PR;Hotel Entertainment;320;Cartoon Network;HD;Infantil;No
Puerto Rico;COMERCIAL_PR;Hotel Entertainment;322;Nickelodeon;HD;Infantil;Si
Puerto Rico;COMERCIAL_PR;Hotel Entertainment;324;Disney Channel;HD;Infantil;No
Puerto Rico;COMERCIAL_PR;Hotel Entertainment;326;Disney XD;HD;Infantil;Si
Puerto Rico;COMERCIAL_PR;Hotel Entertainment;330;Discovery Kids LA;SD;Infantil;Si
Puerto Rico;COMERCIAL_PR;Hotel Entertainment;332;LooLoo Kids;SD;Infantil;No
Puerto Rico;COMERCIAL_PR;Hotel Entertainment;336;Boomerang;SD;Infantil;Si
Puerto Rico;COMERCIAL_PR;Hotel Entertainment;337;Nick Jr.;HD;Infantil;No
Puerto Rico;COMERCIAL_PR;Hotel Entertainment;338;Vme;SD;Infantil;Si
Puerto Rico;COMERCIAL_PR;Hotel Entertainment;339;Baby First TV;SD;Infantil;Si
Puerto Rico;COMERCIAL_PR;Hotel Entertainment;350;EWTN;SD;Religioso;Si
Puerto Rico;COMERCIAL_PR;Hotel Entertainment;352;Enlace;SD;Religioso;Si
Puerto Rico;COMERCIAL_PR;Hotel Entertainment;354;Christian Television Network (CTN);SD;Religioso;Si
Puerto Rico;COMERCIAL_PR;Hotel Entertainment;462;Playboy TV;SD;Adultos;No
Puerto Rico;COMERCIAL_PR;Hotel Entertainment;465;Brazzers TV;SD;Adultos;No
Puerto Rico;COMERCIAL_PR;Hotel Entertainment;468;Hustler;SD;Adultos;No
Puerto Rico;COMERCIAL_PR;Hotel Entertainment;511;AMC;HD;Cine;No
Puerto Rico;COMERCIAL_PR;Hotel Entertainment;514;Cine Latino;SD;Cine;Si
Puerto Rico;COMERCIAL_PR;Hotel Entertainment;516;De Película;SD;Cine;Si
Puerto Rico;COMERCIAL_PR;Hotel Entertainment;517;Lifetime;HD;Cine;No
Puerto Rico;COMERCIAL_PR;Hotel Entertainment;518;Lifetime Moivie Network;HD;Cine;No
Puerto Rico;COMERCIAL_PR;Hotel Entertainment;520;Hallmark Channel;HD;Cine;Si
Puerto Rico;COMERCIAL_PR;Hotel Entertainment;521;Hallmark Family;HD;Cine;Si
Puerto Rico;COMERCIAL_PR;Hotel Entertainment;522;Hallmark Mistery;SD;Cine;Si
Puerto Rico;COMERCIAL_PR;Hotel Entertainment;550;MGM Mas;HD;Cine;No
Puerto Rico;COMERCIAL_PR;Hotel Entertainment;551;MGM Mas Hits;HD;Cine;No
Puerto Rico;COMERCIAL_PR;Hotel Entertainment;552;MGM Mas Marquee;HD;Cine;No
Puerto Rico;COMERCIAL_PR;Hotel Entertainment;564;HBO;HD;Cine;No
Puerto Rico;COMERCIAL_PR;Hotel Entertainment;565;HBO Hits;HD;Cine;No
Puerto Rico;COMERCIAL_PR;Hotel Entertainment;566;HBO Movie;HD;Cine;No
Puerto Rico;COMERCIAL_PR;Hotel Entertainment;567;HBO Drama;HD;Cine;No
Puerto Rico;COMERCIAL_PR;Hotel Entertainment;569;HBO Comedy;HD;Cine;No
Puerto Rico;COMERCIAL_PR;Hotel Entertainment;570;HBO Latino;HD;Cine;No
Puerto Rico;COMERCIAL_PR;Hotel Entertainment;571;Cinemax;HD;Cine;No
Puerto Rico;COMERCIAL_PR;Hotel Entertainment;572;Cinemax Hits;HD;Cine;No
Puerto Rico;COMERCIAL_PR;Hotel Entertainment;574;Cinemax Action;HD;Cine;No
Puerto Rico;COMERCIAL_PR;Hotel Entertainment;577;Paramount+ with Showtime;HD;Cine;No
Puerto Rico;COMERCIAL_PR;Hotel Entertainment;578;Showtime 2;HD;Cine;No
Puerto Rico;COMERCIAL_PR;Hotel Entertainment;579;Showtime Beyond;HD;Cine;No
Puerto Rico;COMERCIAL_PR;Hotel Entertainment;580;Showcase;HD;Cine;No
Puerto Rico;COMERCIAL_PR;Hotel Entertainment;581;Showtime Extreme;HD;Cine;No
Puerto Rico;COMERCIAL_PR;Hotel Entertainment;582;The Movie Channel;SD;Cine;No
Puerto Rico;COMERCIAL_PR;Hotel Entertainment;585;Starz;HD;Cine;No
Puerto Rico;COMERCIAL_PR;Hotel Entertainment;586;Starz Kids & Family;HD;Cine;No
Puerto Rico;COMERCIAL_PR;Hotel Entertainment;587;Starz Cinema;HD;Cine;No
Puerto Rico;COMERCIAL_PR;Hotel Entertainment;588;Encore Action;SD;Cine;No
Puerto Rico;COMERCIAL_PR;Hotel Entertainment;589;Encore;HD;Cine;No
Puerto Rico;COMERCIAL_PR;Hotel Entertainment;590;Encore Family;SD;Cine;No
Puerto Rico;COMERCIAL_PR;Hotel Entertainment;601;NBA League Pass;HD;Deportes;No
Puerto Rico;COMERCIAL_PR;Hotel Entertainment;619;NBA League Pass;HD;Deportes;No
Puerto Rico;COMERCIAL_PR;Hotel Entertainment;620;NFL Sunday Ticket;HD;Deportes;No
Puerto Rico;COMERCIAL_PR;Hotel Entertainment;639;NFL Sunday Ticket;HD;Deportes;No
Puerto Rico;COMERCIAL_PR;Hotel Entertainment;640;Thursday Night Football;HD;Deportes;No
Puerto Rico;COMERCIAL_PR;Hotel Entertainment;645;ESPN;HD;Deportes;No
Puerto Rico;COMERCIAL_PR;Hotel Entertainment;646;ESPN News;HD;Deportes;No
Puerto Rico;COMERCIAL_PR;Hotel Entertainment;648;ESPN 2;HD;Deportes;No
Puerto Rico;COMERCIAL_PR;Hotel Entertainment;649;ESPN Deportes;HD;Deportes;Si
Puerto Rico;COMERCIAL_PR;Hotel Entertainment;651;Fox Deportes;SD;Deportes;No
Puerto Rico;COMERCIAL_PR;Hotel Entertainment;652;The Tennis Channel;HD;Deportes;No
Puerto Rico;COMERCIAL_PR;Hotel Entertainment;653;NBA TV;HD;Deportes;No
Puerto Rico;COMERCIAL_PR;Hotel Entertainment;654;The Golf Channel;HD;Deportes;No
Puerto Rico;COMERCIAL_PR;Hotel Entertainment;655;Fox Sports;HD;Deportes;Si
Puerto Rico;COMERCIAL_PR;Hotel Entertainment;656;MLB Network;HD;Deportes;No
Puerto Rico;COMERCIAL_PR;Hotel Entertainment;657;WAPA Deportes;HD;Deportes;Si
Puerto Rico;COMERCIAL_PR;Hotel Entertainment;659;Racer Network;HD;Deportes;Si
Puerto Rico;COMERCIAL_PR;Hotel Entertainment;702;CNN;HD;Mundo;No
Puerto Rico;COMERCIAL_PR;Hotel Entertainment;704;CNN en Español;SD;Mundo;Si
Puerto Rico;COMERCIAL_PR;Hotel Entertainment;708;Headline News;HD;Mundo;No
Puerto Rico;COMERCIAL_PR;Hotel Entertainment;710;Bloomberg;HD;Mundo;No
Puerto Rico;COMERCIAL_PR;Hotel Entertainment;712;AccuWeather;HD;Mundo;Si
Puerto Rico;COMERCIAL_PR;Hotel Entertainment;714;Estrella TV;SD;Mundo;Si
Puerto Rico;COMERCIAL_PR;Hotel Entertainment;720;CSPAN2;SD;Mundo;No
Puerto Rico;COMERCIAL_PR;Hotel Entertainment;730;Nat Geo Mundo;SD;Mundo;Si
Puerto Rico;COMERCIAL_PR;Hotel Entertainment;732;Discovery em Español;SD;Mundo;Si
Puerto Rico;COMERCIAL_PR;Hotel Entertainment;734;Animal Planet LA;SD;Mundo;Si
Puerto Rico;COMERCIAL_PR;Hotel Entertainment;735;Animal Planet US;HD;Mundo;No
Puerto Rico;COMERCIAL_PR;Hotel Entertainment;742;History Andes;SD;Mundo;No
Puerto Rico;COMERCIAL_PR;Hotel Entertainment;744;FYI;HD;Mundo;No
Puerto Rico;COMERCIAL_PR;Hotel Entertainment;745;SyFy;HD;Mundo;No
Puerto Rico;COMERCIAL_PR;Hotel Entertainment;746;Discovery Turbo;HD;Mundo;Si
Puerto Rico;COMERCIAL_PR;Hotel Entertainment;752;Discovery US;HD;Mundo;No
Puerto Rico;COMERCIAL_PR;Hotel Entertainment;754;The Learning Channel;HD;Mundo;No
Puerto Rico;COMERCIAL_PR;Hotel Entertainment;756;History Channel;HD;Mundo;No
Puerto Rico;COMERCIAL_PR;Hotel Entertainment;760;TVE;SD;Variedades;Si
Puerto Rico;COMERCIAL_PR;Hotel Entertainment;762;Antena 3;SD;Mundo;Si
Puerto Rico;COMERCIAL_PR;Hotel Entertainment;764;HITN;SD;Variedades;Si
Puerto Rico;COMERCIAL_PR;Hotel Entertainment;768;BBC América;HD;Mundo;No
Puerto Rico;COMERCIAL_PR;Hotel Entertainment;901;Music Choice Rock Hits;Audio;Audio;Si
Puerto Rico;COMERCIAL_PR;Hotel Entertainment;902;Music Choice 80s Rock;Audio;Audio;Si
Puerto Rico;COMERCIAL_PR;Hotel Entertainment;903;Music Choice Jazz Vocal Hits;Audio;Audio;Si
Puerto Rico;COMERCIAL_PR;Hotel Entertainment;904;Music Choice Country Hits;Audio;Audio;Si
Puerto Rico;COMERCIAL_PR;Hotel Entertainment;905;Music Choice New Age;Audio;Audio;Si
Puerto Rico;COMERCIAL_PR;Hotel Entertainment;906;Music Choice Funk;Audio;Audio;Si
Puerto Rico;COMERCIAL_PR;Hotel Entertainment;907;Music Choice 90s;Audio;Audio;Si
Puerto Rico;COMERCIAL_PR;Hotel Entertainment;908;Music Choice Blues;Audio;Audio;Si
Puerto Rico;COMERCIAL_PR;Hotel Entertainment;909;Music Choice Love Songs;Audio;Audio;Si
Puerto Rico;COMERCIAL_PR;Hotel Entertainment;910;Music Choice Musica Urbana;Audio;Audio;Si
Puerto Rico;COMERCIAL_PR;Hotel Entertainment;911;Music Choice R&B Classics;Audio;Audio;Si
Puerto Rico;COMERCIAL_PR;Hotel Entertainment;912;Music Choice Latin Jazz;Audio;Audio;Si
Puerto Rico;COMERCIAL_PR;Hotel Entertainment;913;Music Choice Soft Rock;Audio;Audio;Si
Puerto Rico;COMERCIAL_PR;Hotel Entertainment;914;Music Choice Rap;Audio;Audio;Si
Puerto Rico;COMERCIAL_PR;Hotel Entertainment;915;Music Choice All Xmas;Audio;Audio;Si
Puerto Rico;COMERCIAL_PR;Hotel Entertainment;916;Music Choice Workout;Audio;Audio;Si
Puerto Rico;COMERCIAL_PR;Hotel Entertainment;917;Music Choice Broadway;Audio;Audio;Si
Puerto Rico;COMERCIAL_PR;Hotel Entertainment;918;Music Choice Adult Alternative;Audio;Audio;Si
Puerto Rico;COMERCIAL_PR;Hotel Entertainment;919;Music Choice Pop Hits;Audio;Audio;Si
Puerto Rico;COMERCIAL_PR;Hotel Entertainment;920;Music Choice New Wave;Audio;Audio;Si
Puerto Rico;COMERCIAL_PR;Hotel Entertainment;921;Music Choice 70s;Audio;Audio;Si
Puerto Rico;COMERCIAL_PR;Hotel Entertainment;922;Music Choice Kidz Only!;Audio;Audio;Si
Puerto Rico;COMERCIAL_PR;Hotel Entertainment;923;Music Choice 80s;Audio;Audio;Si
Puerto Rico;COMERCIAL_PR;Hotel Entertainment;924;Music Choice Rock Latino;Audio;Audio;Si
Puerto Rico;COMERCIAL_PR;Hotel Entertainment;925;Music Choice Retro Workout;Audio;Audio;Si
Puerto Rico;COMERCIAL_PR;Hotel Entertainment;926;Music Choice Contemporary Christian;Audio;Audio;Si
Puerto Rico;COMERCIAL_PR;Hotel Entertainment;927;Music Choice Reggae;Audio;Audio;Si
Puerto Rico;COMERCIAL_PR;Hotel Entertainment;928;Music Choice Alternative;Audio;Audio;Si
Puerto Rico;COMERCIAL_PR;Hotel Entertainment;929;Music Choice Pop & Country;Audio;Audio;Si
Puerto Rico;COMERCIAL_PR;Hotel Entertainment;930;Music Choice Pop Latino;Audio;Audio;Si
Puerto Rico;COMERCIAL_PR;Hotel Entertainment;931;Music Choice Classic Country;Audio;Audio;Si
Puerto Rico;COMERCIAL_PR;Hotel Entertainment;932;Music Choice Big Band;Audio;Audio;Si
Puerto Rico;COMERCIAL_PR;Hotel Entertainment;933;Music Choice Todays Country;Audio;Audio;Si
Puerto Rico;COMERCIAL_PR;Hotel Entertainment;934;Music Choice Hit List;Audio;Audio;Si
Puerto Rico;COMERCIAL_PR;Hotel Entertainment;935;Music Choice Hip-Hop And R&B;Audio;Audio;Si
Puerto Rico;COMERCIAL_PR;Hotel Entertainment;936;Music Choice Teen Beats;Audio;Audio;Si
Puerto Rico;COMERCIAL_PR;Hotel Entertainment;937;Music Choice Coffee Shop Cuts;Audio;Audio;Si
Puerto Rico;COMERCIAL_PR;Hotel Entertainment;938;Music Choice Honky Tonk;Audio;Audio;Si
Puerto Rico;COMERCIAL_PR;Hotel Entertainment;939;Music Choice Soundscapes;Audio;Audio;Si
Puerto Rico;COMERCIAL_PR;Hotel Entertainment;940;Music Choice Light Classical;Audio;Audio;Si
Puerto Rico;COMERCIAL_PR;Hotel Entertainment;941;Music Choice Classic Alternative;Audio;Audio;Si
Puerto Rico;COMERCIAL_PR;Hotel Entertainment;942;Music Choice Indie;Audio;Audio;Si
Puerto Rico;COMERCIAL_PR;Hotel Entertainment;943;Music Choice Malt Shop Favorites;Audio;Audio;Si
Puerto Rico;COMERCIAL_PR;Hotel Entertainment;944;Music Choice Smooth Jazz;Audio;Audio;Si
Puerto Rico;COMERCIAL_PR;Hotel Entertainment;945;Music Choice Contemporary Instrumentals;Audio;Audio;Si
Puerto Rico;COMERCIAL_PR;Hotel Entertainment;946;Music Choice Hard Rock;Audio;Audio;Si
Puerto Rico;COMERCIAL_PR;Hotel Entertainment;947;Music Choice Throwback Jamz;Audio;Audio;Si
Puerto Rico;COMERCIAL_PR;Hotel Entertainment;948;Music Choice Classic Rock;Audio;Audio;Si
Puerto Rico;COMERCIAL_PR;Hotel Entertainment;949;Music Choice Movie Scores;Audio;Audio;Si
Puerto Rico;COMERCIAL_PR;Hotel Entertainment;950;Music Choice Max;Audio;Audio;Si
Puerto Rico;COMERCIAL_PR;Hotel Entertainment;951;Music Choice Mainstream Rap;Audio;Audio;Si
Puerto Rico;COMERCIAL_PR;Hotel Entertainment;952;Music Choice Americana;Audio;Audio;Si
Puerto Rico;COMERCIAL_PR;Hotel Entertainment;953;Music Choice Symphony;Audio;Audio;Si
Puerto Rico;COMERCIAL_PR;Hotel Entertainment;954;Music Choice Dance/EDM;Audio;Audio;Si
Puerto Rico;COMERCIAL_PR;Hotel Entertainment;955;Music Choice Folk;Audio;Audio;Si
Puerto Rico;COMERCIAL_PR;Hotel Entertainment;956;Music Choice Classic Dance;Audio;Audio;Si
Puerto Rico;COMERCIAL_PR;Hotel Entertainment;957;Music Choice Gospel Hallelujah;Audio;Audio;Si
Puerto Rico;COMERCIAL_PR;Hotel Entertainment;958;Music Choice Tropicales;Audio;Audio;Si
Puerto Rico;COMERCIAL_PR;Hotel Entertainment;959;Music Choice Metal;Audio;Audio;Si
Puerto Rico;COMERCIAL_PR;Hotel Entertainment;960;Music Choice Toddler Tunes;Audio;Audio;Si
Puerto Rico;COMERCIAL_PR;Hotel Entertainment;961;Music Choice Y2k;Audio;Audio;Si
Puerto Rico;COMERCIAL_PR;Hotel Entertainment;962;Music Choice Bluegrass;Audio;Audio;Si
Puerto Rico;COMERCIAL_PR;Hotel Entertainment;963;Music Choice Vietnamese;Audio;Audio;Si
Puerto Rico;COMERCIAL_PR;Hotel Entertainment;964;Music Choice Gospel;Audio;Audio;Si
Puerto Rico;COMERCIAL_PR;Hotel Entertainment;965;Music Choice 60s Movement;Audio;Audio;Si
Puerto Rico;COMERCIAL_PR;Hotel Entertainment;966;Music Choice Filipino;Audio;Audio;Si
Puerto Rico;COMERCIAL_PR;Hotel Entertainment;967;Music Choice Sounds of the Season;Audio;Audio;Si
Puerto Rico;COMERCIAL_PR;Hotel Choice;162;Telemundo;HD;Nacional;Si
Puerto Rico;COMERCIAL_PR;Hotel Choice;164;WAPA TV;HD;Nacional;Si
Puerto Rico;COMERCIAL_PR;Hotel Choice;166;WIPR;SD;Nacional;Si
Puerto Rico;COMERCIAL_PR;Hotel Choice;167;Teleislas;SD;Nacional;Si
Puerto Rico;COMERCIAL_PR;Hotel Choice;168;TeleOnce HD;HD;Nacional;Si
Puerto Rico;COMERCIAL_PR;Hotel Choice;169;Daystar Español;SD;Nacional;Si
Puerto Rico;COMERCIAL_PR;Hotel Choice;170;Fox News;HD;Nacional;Si
Puerto Rico;COMERCIAL_PR;Hotel Choice;172;ABC5;HD;Nacional;Si
Puerto Rico;COMERCIAL_PR;Hotel Choice;174;CBS;HD;Nacional;Si
Puerto Rico;COMERCIAL_PR;Hotel Choice;176;NBC PR;HD;Nacional;Si
Puerto Rico;COMERCIAL_PR;Hotel Choice;179;Punto 2;HD;Nacional;Si
Puerto Rico;COMERCIAL_PR;Hotel Choice;181;TV Dominicana;SD;Nacional;Si
Puerto Rico;COMERCIAL_PR;Hotel Choice;182;TV Chile;SD;Nacional;Si
Puerto Rico;COMERCIAL_PR;Hotel Choice;183;TeleOro;SD;Nacional;Si
Puerto Rico;COMERCIAL_PR;Hotel Choice;185;Telecinco;SD;Local;Si
Puerto Rico;COMERCIAL_PR;Hotel Choice;186;UniMás;SD;Local;Si
Puerto Rico;COMERCIAL_PR;Hotel Choice;188;QVC;SD;Variedades;Si
Puerto Rico;COMERCIAL_PR;Hotel Choice;189;QVC 2;SD;Variedades;Si
Puerto Rico;COMERCIAL_PR;Hotel Choice;190;Home Shopping Network (HSN);SD;Variedades;Si
Puerto Rico;COMERCIAL_PR;Hotel Choice;191;Home Shopping Network (HSN) 2;SD;Variedades;Si
Puerto Rico;COMERCIAL_PR;Hotel Choice;220;Bravo;HD;Variedades;Si
Puerto Rico;COMERCIAL_PR;Hotel Choice;221;¡Hola! TV;SD;Variedades;No
Puerto Rico;COMERCIAL_PR;Hotel Choice;222;E! Entertainment HD;HD;Variedades;Si
Puerto Rico;COMERCIAL_PR;Hotel Choice;225;Pasiones;SD;Variedades;Si
Puerto Rico;COMERCIAL_PR;Hotel Choice;226;QVC;SD;Variedades;Si
Puerto Rico;COMERCIAL_PR;Hotel Choice;227;Home Shopping Network (HSN);SD;Variedades;Si
Puerto Rico;COMERCIAL_PR;Hotel Choice;228;Food Network;HD;Variedades;Si
Puerto Rico;COMERCIAL_PR;Hotel Choice;229;Blossom;SD;Variedades;Si
Puerto Rico;COMERCIAL_PR;Hotel Choice;230;BET;SD;Variedades;Si
Puerto Rico;COMERCIAL_PR;Hotel Choice;242;FX HD;HD;Variedades;Si
Puerto Rico;COMERCIAL_PR;Hotel Choice;244;TNT;HD;Variedades;Si
Puerto Rico;COMERCIAL_PR;Hotel Choice;246;USA Network;HD;Variedades;Si
Puerto Rico;COMERCIAL_PR;Hotel Choice;248;TBS;HD;Variedades;Si
Puerto Rico;COMERCIAL_PR;Hotel Choice;249;TLnovelas;SD;Variedades;Si
Puerto Rico;COMERCIAL_PR;Hotel Choice;250;HGTV;HD;Variedades;Si
Puerto Rico;COMERCIAL_PR;Hotel Choice;252;Freeform;HD;Variedades;Si
Puerto Rico;COMERCIAL_PR;Hotel Choice;254;Paramount Network;HD;Variedades;Si
Puerto Rico;COMERCIAL_PR;Hotel Choice;256;A&E;HD;Variedades;Si
Puerto Rico;COMERCIAL_PR;Hotel Choice;260;MTV;HD;Variedades;Si
Puerto Rico;COMERCIAL_PR;Hotel Choice;261;MTV 2;HD;Variedades;Si
Puerto Rico;COMERCIAL_PR;Hotel Choice;262;VH1;HD;Variedades;Si
Puerto Rico;COMERCIAL_PR;Hotel Choice;263;Comedy Central;HD;Variedades;Si
Puerto Rico;COMERCIAL_PR;Hotel Choice;264;VICE;SD;Variedades;Si
Puerto Rico;COMERCIAL_PR;Hotel Choice;267;Cooking Channel;HD;Variedades;No
Puerto Rico;COMERCIAL_PR;Hotel Choice;268;So Yummy;SD;Variedades;Si
Puerto Rico;COMERCIAL_PR;Hotel Choice;320;Cartoon Network;HD;Infantil;Si
Puerto Rico;COMERCIAL_PR;Hotel Choice;322;Nickelodeon;HD;Infantil;Si
Puerto Rico;COMERCIAL_PR;Hotel Choice;324;Disney Channel;HD;Infantil;Si
Puerto Rico;COMERCIAL_PR;Hotel Choice;326;Disney XD;HD;Infantil;Si
Puerto Rico;COMERCIAL_PR;Hotel Choice;330;Discovery Kids LA;SD;Infantil;Si
Puerto Rico;COMERCIAL_PR;Hotel Choice;332;LooLoo Kids;SD;Infantil;No
Puerto Rico;COMERCIAL_PR;Hotel Choice;336;Boomerang;SD;Infantil;Si
Puerto Rico;COMERCIAL_PR;Hotel Choice;337;Nick Jr.;HD;Infantil;Si
Puerto Rico;COMERCIAL_PR;Hotel Choice;338;Vme;SD;Infantil;Si
Puerto Rico;COMERCIAL_PR;Hotel Choice;339;Baby First TV;SD;Infantil;Si
Puerto Rico;COMERCIAL_PR;Hotel Choice;350;EWTN;SD;Religioso;Si
Puerto Rico;COMERCIAL_PR;Hotel Choice;352;Enlace;SD;Religioso;Si
Puerto Rico;COMERCIAL_PR;Hotel Choice;354;Christian Television Network (CTN);SD;Religioso;Si
Puerto Rico;COMERCIAL_PR;Hotel Choice;462;Playboy TV;SD;Adultos;No
Puerto Rico;COMERCIAL_PR;Hotel Choice;465;Brazzers TV;SD;Adultos;No
Puerto Rico;COMERCIAL_PR;Hotel Choice;468;Hustler;SD;Adultos;No
Puerto Rico;COMERCIAL_PR;Hotel Choice;511;AMC;HD;Cine;Si
Puerto Rico;COMERCIAL_PR;Hotel Choice;514;Cine Latino;SD;Cine;No
Puerto Rico;COMERCIAL_PR;Hotel Choice;516;De Película;SD;Cine;Si
Puerto Rico;COMERCIAL_PR;Hotel Choice;517;Lifetime;HD;Cine;Si
Puerto Rico;COMERCIAL_PR;Hotel Choice;518;Lifetime Moivie Network;HD;Cine;No
Puerto Rico;COMERCIAL_PR;Hotel Choice;520;Hallmark Channel;HD;Cine;Si
Puerto Rico;COMERCIAL_PR;Hotel Choice;521;Hallmark Family;HD;Cine;Si
Puerto Rico;COMERCIAL_PR;Hotel Choice;522;Hallmark Mistery;SD;Cine;Si
Puerto Rico;COMERCIAL_PR;Hotel Choice;550;MGM Mas;HD;Cine;No
Puerto Rico;COMERCIAL_PR;Hotel Choice;551;MGM Mas Hits;HD;Cine;No
Puerto Rico;COMERCIAL_PR;Hotel Choice;552;MGM Mas Marquee;HD;Cine;No
Puerto Rico;COMERCIAL_PR;Hotel Choice;564;HBO;HD;Cine;No
Puerto Rico;COMERCIAL_PR;Hotel Choice;565;HBO Hits;HD;Cine;No
Puerto Rico;COMERCIAL_PR;Hotel Choice;566;HBO Movie;HD;Cine;No
Puerto Rico;COMERCIAL_PR;Hotel Choice;567;HBO Drama;HD;Cine;No
Puerto Rico;COMERCIAL_PR;Hotel Choice;569;HBO Comedy;HD;Cine;No
Puerto Rico;COMERCIAL_PR;Hotel Choice;570;HBO Latino;HD;Cine;No
Puerto Rico;COMERCIAL_PR;Hotel Choice;571;Cinemax;HD;Cine;No
Puerto Rico;COMERCIAL_PR;Hotel Choice;572;Cinemax Hits;HD;Cine;No
Puerto Rico;COMERCIAL_PR;Hotel Choice;574;Cinemax Action;HD;Cine;No
Puerto Rico;COMERCIAL_PR;Hotel Choice;577;Paramount+ with Showtime;HD;Cine;No
Puerto Rico;COMERCIAL_PR;Hotel Choice;578;Showtime 2;HD;Cine;No
Puerto Rico;COMERCIAL_PR;Hotel Choice;579;Showtime Beyond;HD;Cine;No
Puerto Rico;COMERCIAL_PR;Hotel Choice;580;Showcase;HD;Cine;No
Puerto Rico;COMERCIAL_PR;Hotel Choice;581;Showtime Extreme;HD;Cine;No
Puerto Rico;COMERCIAL_PR;Hotel Choice;582;The Movie Channel;SD;Cine;No
Puerto Rico;COMERCIAL_PR;Hotel Choice;585;Starz;HD;Cine;No
Puerto Rico;COMERCIAL_PR;Hotel Choice;586;Starz Kids & Family;HD;Cine;No
Puerto Rico;COMERCIAL_PR;Hotel Choice;587;Starz Cinema;HD;Cine;No
Puerto Rico;COMERCIAL_PR;Hotel Choice;588;Encore Action;SD;Cine;No
Puerto Rico;COMERCIAL_PR;Hotel Choice;589;Encore;HD;Cine;No
Puerto Rico;COMERCIAL_PR;Hotel Choice;590;Encore Family;SD;Cine;No
Puerto Rico;COMERCIAL_PR;Hotel Choice;601;NBA League Pass;HD;Deportes;No
Puerto Rico;COMERCIAL_PR;Hotel Choice;619;NBA League Pass;HD;Deportes;No
Puerto Rico;COMERCIAL_PR;Hotel Choice;620;NFL Sunday Ticket;HD;Deportes;No
Puerto Rico;COMERCIAL_PR;Hotel Choice;639;NFL Sunday Ticket;HD;Deportes;No
Puerto Rico;COMERCIAL_PR;Hotel Choice;640;Thursday Night Football;HD;Deportes;No
Puerto Rico;COMERCIAL_PR;Hotel Choice;645;ESPN;HD;Deportes;Si
Puerto Rico;COMERCIAL_PR;Hotel Choice;646;ESPN News;HD;Deportes;Si
Puerto Rico;COMERCIAL_PR;Hotel Choice;648;ESPN 2;HD;Deportes;Si
Puerto Rico;COMERCIAL_PR;Hotel Choice;649;ESPN Deportes;HD;Deportes;Si
Puerto Rico;COMERCIAL_PR;Hotel Choice;651;Fox Deportes;SD;Deportes;Si
Puerto Rico;COMERCIAL_PR;Hotel Choice;652;The Tennis Channel;HD;Deportes;No
Puerto Rico;COMERCIAL_PR;Hotel Choice;653;NBA TV;HD;Deportes;Si
Puerto Rico;COMERCIAL_PR;Hotel Choice;654;The Golf Channel;HD;Deportes;No
Puerto Rico;COMERCIAL_PR;Hotel Choice;655;Fox Sports;HD;Deportes;Si
Puerto Rico;COMERCIAL_PR;Hotel Choice;656;MLB Network;HD;Deportes;Si
Puerto Rico;COMERCIAL_PR;Hotel Choice;657;WAPA Deportes;HD;Deportes;Si
Puerto Rico;COMERCIAL_PR;Hotel Choice;659;Racer Network;HD;Deportes;Si
Puerto Rico;COMERCIAL_PR;Hotel Choice;702;CNN;HD;Mundo;Si
Puerto Rico;COMERCIAL_PR;Hotel Choice;704;CNN en Español;SD;Mundo;Si
Puerto Rico;COMERCIAL_PR;Hotel Choice;708;Headline News;HD;Mundo;Si
Puerto Rico;COMERCIAL_PR;Hotel Choice;710;Bloomberg;HD;Mundo;No
Puerto Rico;COMERCIAL_PR;Hotel Choice;712;AccuWeather;HD;Mundo;Si
Puerto Rico;COMERCIAL_PR;Hotel Choice;714;Estrella TV;SD;Mundo;Si
Puerto Rico;COMERCIAL_PR;Hotel Choice;720;CSPAN2;SD;Mundo;No
Puerto Rico;COMERCIAL_PR;Hotel Choice;730;Nat Geo Mundo;SD;Mundo;Si
Puerto Rico;COMERCIAL_PR;Hotel Choice;732;Discovery em Español;SD;Mundo;Si
Puerto Rico;COMERCIAL_PR;Hotel Choice;734;Animal Planet LA;SD;Mundo;Si
Puerto Rico;COMERCIAL_PR;Hotel Choice;735;Animal Planet US;HD;Mundo;Si
Puerto Rico;COMERCIAL_PR;Hotel Choice;742;History Andes;SD;Mundo;Si
Puerto Rico;COMERCIAL_PR;Hotel Choice;744;FYI;HD;Mundo;Si
Puerto Rico;COMERCIAL_PR;Hotel Choice;745;SyFy;HD;Mundo;Si
Puerto Rico;COMERCIAL_PR;Hotel Choice;746;Discovery Turbo;HD;Mundo;Si
Puerto Rico;COMERCIAL_PR;Hotel Choice;752;Discovery US;HD;Mundo;Si
Puerto Rico;COMERCIAL_PR;Hotel Choice;754;The Learning Channel;HD;Mundo;Si
Puerto Rico;COMERCIAL_PR;Hotel Choice;756;History Channel;HD;Mundo;Si
Puerto Rico;COMERCIAL_PR;Hotel Choice;760;TVE;SD;Variedades;Si
Puerto Rico;COMERCIAL_PR;Hotel Choice;762;Antena 3;SD;Mundo;No
Puerto Rico;COMERCIAL_PR;Hotel Choice;764;HITN;SD;Variedades;Si
Puerto Rico;COMERCIAL_PR;Hotel Choice;768;BBC América;HD;Mundo;No
Puerto Rico;COMERCIAL_PR;Hotel Choice;901;Music Choice Rock Hits;Audio;Audio;Si
Puerto Rico;COMERCIAL_PR;Hotel Choice;902;Music Choice 80s Rock;Audio;Audio;Si
Puerto Rico;COMERCIAL_PR;Hotel Choice;903;Music Choice Jazz Vocal Hits;Audio;Audio;Si
Puerto Rico;COMERCIAL_PR;Hotel Choice;904;Music Choice Country Hits;Audio;Audio;Si
Puerto Rico;COMERCIAL_PR;Hotel Choice;905;Music Choice New Age;Audio;Audio;Si
Puerto Rico;COMERCIAL_PR;Hotel Choice;906;Music Choice Funk;Audio;Audio;Si
Puerto Rico;COMERCIAL_PR;Hotel Choice;907;Music Choice 90s;Audio;Audio;Si
Puerto Rico;COMERCIAL_PR;Hotel Choice;908;Music Choice Blues;Audio;Audio;Si
Puerto Rico;COMERCIAL_PR;Hotel Choice;909;Music Choice Love Songs;Audio;Audio;Si
Puerto Rico;COMERCIAL_PR;Hotel Choice;910;Music Choice Musica Urbana;Audio;Audio;Si
Puerto Rico;COMERCIAL_PR;Hotel Choice;911;Music Choice R&B Classics;Audio;Audio;Si
Puerto Rico;COMERCIAL_PR;Hotel Choice;912;Music Choice Latin Jazz;Audio;Audio;Si
Puerto Rico;COMERCIAL_PR;Hotel Choice;913;Music Choice Soft Rock;Audio;Audio;Si
Puerto Rico;COMERCIAL_PR;Hotel Choice;914;Music Choice Rap;Audio;Audio;Si
Puerto Rico;COMERCIAL_PR;Hotel Choice;915;Music Choice All Xmas;Audio;Audio;Si
Puerto Rico;COMERCIAL_PR;Hotel Choice;916;Music Choice Workout;Audio;Audio;Si
Puerto Rico;COMERCIAL_PR;Hotel Choice;917;Music Choice Broadway;Audio;Audio;Si
Puerto Rico;COMERCIAL_PR;Hotel Choice;918;Music Choice Adult Alternative;Audio;Audio;Si
Puerto Rico;COMERCIAL_PR;Hotel Choice;919;Music Choice Pop Hits;Audio;Audio;Si
Puerto Rico;COMERCIAL_PR;Hotel Choice;920;Music Choice New Wave;Audio;Audio;Si
Puerto Rico;COMERCIAL_PR;Hotel Choice;921;Music Choice 70s;Audio;Audio;Si
Puerto Rico;COMERCIAL_PR;Hotel Choice;922;Music Choice Kidz Only!;Audio;Audio;Si
Puerto Rico;COMERCIAL_PR;Hotel Choice;923;Music Choice 80s;Audio;Audio;Si
Puerto Rico;COMERCIAL_PR;Hotel Choice;924;Music Choice Rock Latino;Audio;Audio;Si
Puerto Rico;COMERCIAL_PR;Hotel Choice;925;Music Choice Retro Workout;Audio;Audio;Si
Puerto Rico;COMERCIAL_PR;Hotel Choice;926;Music Choice Contemporary Christian;Audio;Audio;Si
Puerto Rico;COMERCIAL_PR;Hotel Choice;927;Music Choice Reggae;Audio;Audio;Si
Puerto Rico;COMERCIAL_PR;Hotel Choice;928;Music Choice Alternative;Audio;Audio;Si
Puerto Rico;COMERCIAL_PR;Hotel Choice;929;Music Choice Pop & Country;Audio;Audio;Si
Puerto Rico;COMERCIAL_PR;Hotel Choice;930;Music Choice Pop Latino;Audio;Audio;Si
Puerto Rico;COMERCIAL_PR;Hotel Choice;931;Music Choice Classic Country;Audio;Audio;Si
Puerto Rico;COMERCIAL_PR;Hotel Choice;932;Music Choice Big Band;Audio;Audio;Si
Puerto Rico;COMERCIAL_PR;Hotel Choice;933;Music Choice Todays Country;Audio;Audio;Si
Puerto Rico;COMERCIAL_PR;Hotel Choice;934;Music Choice Hit List;Audio;Audio;Si
Puerto Rico;COMERCIAL_PR;Hotel Choice;935;Music Choice Hip-Hop And R&B;Audio;Audio;Si
Puerto Rico;COMERCIAL_PR;Hotel Choice;936;Music Choice Teen Beats;Audio;Audio;Si
Puerto Rico;COMERCIAL_PR;Hotel Choice;937;Music Choice Coffee Shop Cuts;Audio;Audio;Si
Puerto Rico;COMERCIAL_PR;Hotel Choice;938;Music Choice Honky Tonk;Audio;Audio;Si
Puerto Rico;COMERCIAL_PR;Hotel Choice;939;Music Choice Soundscapes;Audio;Audio;Si
Puerto Rico;COMERCIAL_PR;Hotel Choice;940;Music Choice Light Classical;Audio;Audio;Si
Puerto Rico;COMERCIAL_PR;Hotel Choice;941;Music Choice Classic Alternative;Audio;Audio;Si
Puerto Rico;COMERCIAL_PR;Hotel Choice;942;Music Choice Indie;Audio;Audio;Si
Puerto Rico;COMERCIAL_PR;Hotel Choice;943;Music Choice Malt Shop Favorites;Audio;Audio;Si
Puerto Rico;COMERCIAL_PR;Hotel Choice;944;Music Choice Smooth Jazz;Audio;Audio;Si
Puerto Rico;COMERCIAL_PR;Hotel Choice;945;Music Choice Contemporary Instrumentals;Audio;Audio;Si
Puerto Rico;COMERCIAL_PR;Hotel Choice;946;Music Choice Hard Rock;Audio;Audio;Si
Puerto Rico;COMERCIAL_PR;Hotel Choice;947;Music Choice Throwback Jamz;Audio;Audio;Si
Puerto Rico;COMERCIAL_PR;Hotel Choice;948;Music Choice Classic Rock;Audio;Audio;Si
Puerto Rico;COMERCIAL_PR;Hotel Choice;949;Music Choice Movie Scores;Audio;Audio;Si
Puerto Rico;COMERCIAL_PR;Hotel Choice;950;Music Choice Max;Audio;Audio;Si
Puerto Rico;COMERCIAL_PR;Hotel Choice;951;Music Choice Mainstream Rap;Audio;Audio;Si
Puerto Rico;COMERCIAL_PR;Hotel Choice;952;Music Choice Americana;Audio;Audio;Si
Puerto Rico;COMERCIAL_PR;Hotel Choice;953;Music Choice Symphony;Audio;Audio;Si
Puerto Rico;COMERCIAL_PR;Hotel Choice;954;Music Choice Dance/EDM;Audio;Audio;Si
Puerto Rico;COMERCIAL_PR;Hotel Choice;955;Music Choice Folk;Audio;Audio;Si
Puerto Rico;COMERCIAL_PR;Hotel Choice;956;Music Choice Classic Dance;Audio;Audio;Si
Puerto Rico;COMERCIAL_PR;Hotel Choice;957;Music Choice Gospel Hallelujah;Audio;Audio;Si
Puerto Rico;COMERCIAL_PR;Hotel Choice;958;Music Choice Tropicales;Audio;Audio;Si
Puerto Rico;COMERCIAL_PR;Hotel Choice;959;Music Choice Metal;Audio;Audio;Si
Puerto Rico;COMERCIAL_PR;Hotel Choice;960;Music Choice Toddler Tunes;Audio;Audio;Si
Puerto Rico;COMERCIAL_PR;Hotel Choice;961;Music Choice Y2k;Audio;Audio;Si
Puerto Rico;COMERCIAL_PR;Hotel Choice;962;Music Choice Bluegrass;Audio;Audio;Si
Puerto Rico;COMERCIAL_PR;Hotel Choice;963;Music Choice Vietnamese;Audio;Audio;Si
Puerto Rico;COMERCIAL_PR;Hotel Choice;964;Music Choice Gospel;Audio;Audio;Si
Puerto Rico;COMERCIAL_PR;Hotel Choice;965;Music Choice 60s Movement;Audio;Audio;Si
Puerto Rico;COMERCIAL_PR;Hotel Choice;966;Music Choice Filipino;Audio;Audio;Si
Puerto Rico;COMERCIAL_PR;Hotel Choice;967;Music Choice Sounds of the Season;Audio;Audio;Si
Puerto Rico;COMERCIAL_PR;Hotel Xtra;162;Telemundo;HD;Nacional;Si
Puerto Rico;COMERCIAL_PR;Hotel Xtra;164;WAPA TV;HD;Nacional;Si
Puerto Rico;COMERCIAL_PR;Hotel Xtra;166;WIPR;SD;Nacional;Si
Puerto Rico;COMERCIAL_PR;Hotel Xtra;167;Teleislas;SD;Nacional;Si
Puerto Rico;COMERCIAL_PR;Hotel Xtra;168;TeleOnce HD;HD;Nacional;Si
Puerto Rico;COMERCIAL_PR;Hotel Xtra;169;Daystar Español;SD;Nacional;Si
Puerto Rico;COMERCIAL_PR;Hotel Xtra;170;Fox News;HD;Nacional;Si
Puerto Rico;COMERCIAL_PR;Hotel Xtra;172;ABC5;HD;Nacional;Si
Puerto Rico;COMERCIAL_PR;Hotel Xtra;174;CBS;HD;Nacional;Si
Puerto Rico;COMERCIAL_PR;Hotel Xtra;176;NBC PR;HD;Nacional;Si
Puerto Rico;COMERCIAL_PR;Hotel Xtra;179;Punto 2;HD;Nacional;Si
Puerto Rico;COMERCIAL_PR;Hotel Xtra;181;TV Dominicana;SD;Nacional;Si
Puerto Rico;COMERCIAL_PR;Hotel Xtra;182;TV Chile;SD;Nacional;Si
Puerto Rico;COMERCIAL_PR;Hotel Xtra;183;TeleOro;SD;Nacional;Si
Puerto Rico;COMERCIAL_PR;Hotel Xtra;185;Telecinco;SD;Local;Si
Puerto Rico;COMERCIAL_PR;Hotel Xtra;186;UniMás;SD;Local;Si
Puerto Rico;COMERCIAL_PR;Hotel Xtra;188;QVC;SD;Variedades;Si
Puerto Rico;COMERCIAL_PR;Hotel Xtra;189;QVC 2;SD;Variedades;Si
Puerto Rico;COMERCIAL_PR;Hotel Xtra;190;Home Shopping Network (HSN);SD;Variedades;Si
Puerto Rico;COMERCIAL_PR;Hotel Xtra;191;Home Shopping Network (HSN) 2;SD;Variedades;Si
Puerto Rico;COMERCIAL_PR;Hotel Xtra;220;Bravo;HD;Variedades;Si
Puerto Rico;COMERCIAL_PR;Hotel Xtra;221;¡Hola! TV;SD;Variedades;Si
Puerto Rico;COMERCIAL_PR;Hotel Xtra;222;E! Entertainment HD;HD;Variedades;Si
Puerto Rico;COMERCIAL_PR;Hotel Xtra;225;Pasiones;SD;Variedades;Si
Puerto Rico;COMERCIAL_PR;Hotel Xtra;226;QVC;SD;Variedades;Si
Puerto Rico;COMERCIAL_PR;Hotel Xtra;227;Home Shopping Network (HSN);SD;Variedades;Si
Puerto Rico;COMERCIAL_PR;Hotel Xtra;228;Food Network;HD;Variedades;Si
Puerto Rico;COMERCIAL_PR;Hotel Xtra;229;Blossom;SD;Variedades;Si
Puerto Rico;COMERCIAL_PR;Hotel Xtra;230;BET;SD;Variedades;Si
Puerto Rico;COMERCIAL_PR;Hotel Xtra;242;FX HD;HD;Variedades;Si
Puerto Rico;COMERCIAL_PR;Hotel Xtra;244;TNT;HD;Variedades;Si
Puerto Rico;COMERCIAL_PR;Hotel Xtra;246;USA Network;HD;Variedades;Si
Puerto Rico;COMERCIAL_PR;Hotel Xtra;248;TBS;HD;Variedades;Si
Puerto Rico;COMERCIAL_PR;Hotel Xtra;249;TLnovelas;SD;Variedades;Si
Puerto Rico;COMERCIAL_PR;Hotel Xtra;250;HGTV;HD;Variedades;Si
Puerto Rico;COMERCIAL_PR;Hotel Xtra;252;Freeform;HD;Variedades;Si
Puerto Rico;COMERCIAL_PR;Hotel Xtra;254;Paramount Network;HD;Variedades;Si
Puerto Rico;COMERCIAL_PR;Hotel Xtra;256;A&E;HD;Variedades;Si
Puerto Rico;COMERCIAL_PR;Hotel Xtra;260;MTV;HD;Variedades;Si
Puerto Rico;COMERCIAL_PR;Hotel Xtra;261;MTV 2;HD;Variedades;Si
Puerto Rico;COMERCIAL_PR;Hotel Xtra;262;VH1;HD;Variedades;Si
Puerto Rico;COMERCIAL_PR;Hotel Xtra;263;Comedy Central;HD;Variedades;Si
Puerto Rico;COMERCIAL_PR;Hotel Xtra;264;VICE;SD;Variedades;Si
Puerto Rico;COMERCIAL_PR;Hotel Xtra;267;Cooking Channel;HD;Variedades;Si
Puerto Rico;COMERCIAL_PR;Hotel Xtra;268;So Yummy;SD;Variedades;Si
Puerto Rico;COMERCIAL_PR;Hotel Xtra;320;Cartoon Network;HD;Infantil;Si
Puerto Rico;COMERCIAL_PR;Hotel Xtra;322;Nickelodeon;HD;Infantil;Si
Puerto Rico;COMERCIAL_PR;Hotel Xtra;324;Disney Channel;HD;Infantil;Si
Puerto Rico;COMERCIAL_PR;Hotel Xtra;326;Disney XD;HD;Infantil;Si
Puerto Rico;COMERCIAL_PR;Hotel Xtra;330;Discovery Kids LA;SD;Infantil;Si
Puerto Rico;COMERCIAL_PR;Hotel Xtra;332;LooLoo Kids;SD;Infantil;No
Puerto Rico;COMERCIAL_PR;Hotel Xtra;336;Boomerang;SD;Infantil;Si
Puerto Rico;COMERCIAL_PR;Hotel Xtra;337;Nick Jr.;HD;Infantil;Si
Puerto Rico;COMERCIAL_PR;Hotel Xtra;338;Vme;SD;Infantil;Si
Puerto Rico;COMERCIAL_PR;Hotel Xtra;339;Baby First TV;SD;Infantil;Si
Puerto Rico;COMERCIAL_PR;Hotel Xtra;350;EWTN;SD;Religioso;Si
Puerto Rico;COMERCIAL_PR;Hotel Xtra;352;Enlace;SD;Religioso;Si
Puerto Rico;COMERCIAL_PR;Hotel Xtra;354;Christian Television Network (CTN);SD;Religioso;Si
Puerto Rico;COMERCIAL_PR;Hotel Xtra;462;Playboy TV;SD;Adultos;No
Puerto Rico;COMERCIAL_PR;Hotel Xtra;465;Brazzers TV;SD;Adultos;No
Puerto Rico;COMERCIAL_PR;Hotel Xtra;468;Hustler;SD;Adultos;No
Puerto Rico;COMERCIAL_PR;Hotel Xtra;511;AMC;HD;Cine;Si
Puerto Rico;COMERCIAL_PR;Hotel Xtra;514;Cine Latino;SD;Cine;Si
Puerto Rico;COMERCIAL_PR;Hotel Xtra;516;De Película;SD;Cine;Si
Puerto Rico;COMERCIAL_PR;Hotel Xtra;517;Lifetime;HD;Cine;Si
Puerto Rico;COMERCIAL_PR;Hotel Xtra;518;Lifetime Moivie Network;HD;Cine;Si
Puerto Rico;COMERCIAL_PR;Hotel Xtra;520;Hallmark Channel;HD;Cine;Si
Puerto Rico;COMERCIAL_PR;Hotel Xtra;521;Hallmark Family;HD;Cine;Si
Puerto Rico;COMERCIAL_PR;Hotel Xtra;522;Hallmark Mistery;SD;Cine;Si
Puerto Rico;COMERCIAL_PR;Hotel Xtra;550;MGM Mas;HD;Cine;No
Puerto Rico;COMERCIAL_PR;Hotel Xtra;551;MGM Mas Hits;HD;Cine;No
Puerto Rico;COMERCIAL_PR;Hotel Xtra;552;MGM Mas Marquee;HD;Cine;No
Puerto Rico;COMERCIAL_PR;Hotel Xtra;564;HBO;HD;Cine;No
Puerto Rico;COMERCIAL_PR;Hotel Xtra;565;HBO Hits;HD;Cine;No
Puerto Rico;COMERCIAL_PR;Hotel Xtra;566;HBO Movie;HD;Cine;No
Puerto Rico;COMERCIAL_PR;Hotel Xtra;567;HBO Drama;HD;Cine;No
Puerto Rico;COMERCIAL_PR;Hotel Xtra;569;HBO Comedy;HD;Cine;No
Puerto Rico;COMERCIAL_PR;Hotel Xtra;570;HBO Latino;HD;Cine;No
Puerto Rico;COMERCIAL_PR;Hotel Xtra;571;Cinemax;HD;Cine;No
Puerto Rico;COMERCIAL_PR;Hotel Xtra;572;Cinemax Hits;HD;Cine;No
Puerto Rico;COMERCIAL_PR;Hotel Xtra;574;Cinemax Action;HD;Cine;No
Puerto Rico;COMERCIAL_PR;Hotel Xtra;577;Paramount+ with Showtime;HD;Cine;No
Puerto Rico;COMERCIAL_PR;Hotel Xtra;578;Showtime 2;HD;Cine;No
Puerto Rico;COMERCIAL_PR;Hotel Xtra;579;Showtime Beyond;HD;Cine;No
Puerto Rico;COMERCIAL_PR;Hotel Xtra;580;Showcase;HD;Cine;No
Puerto Rico;COMERCIAL_PR;Hotel Xtra;581;Showtime Extreme;HD;Cine;No
Puerto Rico;COMERCIAL_PR;Hotel Xtra;582;The Movie Channel;SD;Cine;No
Puerto Rico;COMERCIAL_PR;Hotel Xtra;585;Starz;HD;Cine;No
Puerto Rico;COMERCIAL_PR;Hotel Xtra;586;Starz Kids & Family;HD;Cine;No
Puerto Rico;COMERCIAL_PR;Hotel Xtra;587;Starz Cinema;HD;Cine;No
Puerto Rico;COMERCIAL_PR;Hotel Xtra;588;Encore Action;SD;Cine;No
Puerto Rico;COMERCIAL_PR;Hotel Xtra;589;Encore;HD;Cine;No
Puerto Rico;COMERCIAL_PR;Hotel Xtra;590;Encore Family;SD;Cine;No
Puerto Rico;COMERCIAL_PR;Hotel Xtra;601;NBA League Pass;HD;Deportes;No
Puerto Rico;COMERCIAL_PR;Hotel Xtra;619;NBA League Pass;HD;Deportes;No
Puerto Rico;COMERCIAL_PR;Hotel Xtra;620;NFL Sunday Ticket;HD;Deportes;No
Puerto Rico;COMERCIAL_PR;Hotel Xtra;639;NFL Sunday Ticket;HD;Deportes;No
Puerto Rico;COMERCIAL_PR;Hotel Xtra;640;Thursday Night Football;HD;Deportes;No
Puerto Rico;COMERCIAL_PR;Hotel Xtra;645;ESPN;HD;Deportes;Si
Puerto Rico;COMERCIAL_PR;Hotel Xtra;646;ESPN News;HD;Deportes;Si
Puerto Rico;COMERCIAL_PR;Hotel Xtra;648;ESPN 2;HD;Deportes;Si
Puerto Rico;COMERCIAL_PR;Hotel Xtra;649;ESPN Deportes;HD;Deportes;Si
Puerto Rico;COMERCIAL_PR;Hotel Xtra;651;Fox Deportes;SD;Deportes;Si
Puerto Rico;COMERCIAL_PR;Hotel Xtra;652;The Tennis Channel;HD;Deportes;Si
Puerto Rico;COMERCIAL_PR;Hotel Xtra;653;NBA TV;HD;Deportes;Si
Puerto Rico;COMERCIAL_PR;Hotel Xtra;654;The Golf Channel;HD;Deportes;Si
Puerto Rico;COMERCIAL_PR;Hotel Xtra;655;Fox Sports;HD;Deportes;Si
Puerto Rico;COMERCIAL_PR;Hotel Xtra;656;MLB Network;HD;Deportes;Si
Puerto Rico;COMERCIAL_PR;Hotel Xtra;657;WAPA Deportes;HD;Deportes;Si
Puerto Rico;COMERCIAL_PR;Hotel Xtra;659;Racer Network;HD;Deportes;Si
Puerto Rico;COMERCIAL_PR;Hotel Xtra;702;CNN;HD;Mundo;Si
Puerto Rico;COMERCIAL_PR;Hotel Xtra;704;CNN en Español;SD;Mundo;Si
Puerto Rico;COMERCIAL_PR;Hotel Xtra;708;Headline News;HD;Mundo;Si
Puerto Rico;COMERCIAL_PR;Hotel Xtra;710;Bloomberg;HD;Mundo;Si
Puerto Rico;COMERCIAL_PR;Hotel Xtra;712;AccuWeather;HD;Mundo;Si
Puerto Rico;COMERCIAL_PR;Hotel Xtra;714;Estrella TV;SD;Mundo;Si
Puerto Rico;COMERCIAL_PR;Hotel Xtra;720;CSPAN2;SD;Mundo;No
Puerto Rico;COMERCIAL_PR;Hotel Xtra;730;Nat Geo Mundo;SD;Mundo;Si
Puerto Rico;COMERCIAL_PR;Hotel Xtra;732;Discovery em Español;SD;Mundo;Si
Puerto Rico;COMERCIAL_PR;Hotel Xtra;734;Animal Planet LA;SD;Mundo;Si
Puerto Rico;COMERCIAL_PR;Hotel Xtra;735;Animal Planet US;HD;Mundo;Si
Puerto Rico;COMERCIAL_PR;Hotel Xtra;742;History Andes;SD;Mundo;Si
Puerto Rico;COMERCIAL_PR;Hotel Xtra;744;FYI;HD;Mundo;Si
Puerto Rico;COMERCIAL_PR;Hotel Xtra;745;SyFy;HD;Mundo;Si
Puerto Rico;COMERCIAL_PR;Hotel Xtra;746;Discovery Turbo;HD;Mundo;Si
Puerto Rico;COMERCIAL_PR;Hotel Xtra;752;Discovery US;HD;Mundo;Si
Puerto Rico;COMERCIAL_PR;Hotel Xtra;754;The Learning Channel;HD;Mundo;Si
Puerto Rico;COMERCIAL_PR;Hotel Xtra;756;History Channel;HD;Mundo;Si
Puerto Rico;COMERCIAL_PR;Hotel Xtra;760;TVE;SD;Variedades;Si
Puerto Rico;COMERCIAL_PR;Hotel Xtra;762;Antena 3;SD;Mundo;Si
Puerto Rico;COMERCIAL_PR;Hotel Xtra;764;HITN;SD;Variedades;Si
Puerto Rico;COMERCIAL_PR;Hotel Xtra;768;BBC América;HD;Mundo;Si
Puerto Rico;COMERCIAL_PR;Hotel Xtra;901;Music Choice Rock Hits;Audio;Audio;Si
Puerto Rico;COMERCIAL_PR;Hotel Xtra;902;Music Choice 80s Rock;Audio;Audio;Si
Puerto Rico;COMERCIAL_PR;Hotel Xtra;903;Music Choice Jazz Vocal Hits;Audio;Audio;Si
Puerto Rico;COMERCIAL_PR;Hotel Xtra;904;Music Choice Country Hits;Audio;Audio;Si
Puerto Rico;COMERCIAL_PR;Hotel Xtra;905;Music Choice New Age;Audio;Audio;Si
Puerto Rico;COMERCIAL_PR;Hotel Xtra;906;Music Choice Funk;Audio;Audio;Si
Puerto Rico;COMERCIAL_PR;Hotel Xtra;907;Music Choice 90s;Audio;Audio;Si
Puerto Rico;COMERCIAL_PR;Hotel Xtra;908;Music Choice Blues;Audio;Audio;Si
Puerto Rico;COMERCIAL_PR;Hotel Xtra;909;Music Choice Love Songs;Audio;Audio;Si
Puerto Rico;COMERCIAL_PR;Hotel Xtra;910;Music Choice Musica Urbana;Audio;Audio;Si
Puerto Rico;COMERCIAL_PR;Hotel Xtra;911;Music Choice R&B Classics;Audio;Audio;Si
Puerto Rico;COMERCIAL_PR;Hotel Xtra;912;Music Choice Latin Jazz;Audio;Audio;Si
Puerto Rico;COMERCIAL_PR;Hotel Xtra;913;Music Choice Soft Rock;Audio;Audio;Si
Puerto Rico;COMERCIAL_PR;Hotel Xtra;914;Music Choice Rap;Audio;Audio;Si
Puerto Rico;COMERCIAL_PR;Hotel Xtra;915;Music Choice All Xmas;Audio;Audio;Si
Puerto Rico;COMERCIAL_PR;Hotel Xtra;916;Music Choice Workout;Audio;Audio;Si
Puerto Rico;COMERCIAL_PR;Hotel Xtra;917;Music Choice Broadway;Audio;Audio;Si
Puerto Rico;COMERCIAL_PR;Hotel Xtra;918;Music Choice Adult Alternative;Audio;Audio;Si
Puerto Rico;COMERCIAL_PR;Hotel Xtra;919;Music Choice Pop Hits;Audio;Audio;Si
Puerto Rico;COMERCIAL_PR;Hotel Xtra;920;Music Choice New Wave;Audio;Audio;Si
Puerto Rico;COMERCIAL_PR;Hotel Xtra;921;Music Choice 70s;Audio;Audio;Si
Puerto Rico;COMERCIAL_PR;Hotel Xtra;922;Music Choice Kidz Only!;Audio;Audio;Si
Puerto Rico;COMERCIAL_PR;Hotel Xtra;923;Music Choice 80s;Audio;Audio;Si
Puerto Rico;COMERCIAL_PR;Hotel Xtra;924;Music Choice Rock Latino;Audio;Audio;Si
Puerto Rico;COMERCIAL_PR;Hotel Xtra;925;Music Choice Retro Workout;Audio;Audio;Si
Puerto Rico;COMERCIAL_PR;Hotel Xtra;926;Music Choice Contemporary Christian;Audio;Audio;Si
Puerto Rico;COMERCIAL_PR;Hotel Xtra;927;Music Choice Reggae;Audio;Audio;Si
Puerto Rico;COMERCIAL_PR;Hotel Xtra;928;Music Choice Alternative;Audio;Audio;Si
Puerto Rico;COMERCIAL_PR;Hotel Xtra;929;Music Choice Pop & Country;Audio;Audio;Si
Puerto Rico;COMERCIAL_PR;Hotel Xtra;930;Music Choice Pop Latino;Audio;Audio;Si
Puerto Rico;COMERCIAL_PR;Hotel Xtra;931;Music Choice Classic Country;Audio;Audio;Si
Puerto Rico;COMERCIAL_PR;Hotel Xtra;932;Music Choice Big Band;Audio;Audio;Si
Puerto Rico;COMERCIAL_PR;Hotel Xtra;933;Music Choice Todays Country;Audio;Audio;Si
Puerto Rico;COMERCIAL_PR;Hotel Xtra;934;Music Choice Hit List;Audio;Audio;Si
Puerto Rico;COMERCIAL_PR;Hotel Xtra;935;Music Choice Hip-Hop And R&B;Audio;Audio;Si
Puerto Rico;COMERCIAL_PR;Hotel Xtra;936;Music Choice Teen Beats;Audio;Audio;Si
Puerto Rico;COMERCIAL_PR;Hotel Xtra;937;Music Choice Coffee Shop Cuts;Audio;Audio;Si
Puerto Rico;COMERCIAL_PR;Hotel Xtra;938;Music Choice Honky Tonk;Audio;Audio;Si
Puerto Rico;COMERCIAL_PR;Hotel Xtra;939;Music Choice Soundscapes;Audio;Audio;Si
Puerto Rico;COMERCIAL_PR;Hotel Xtra;940;Music Choice Light Classical;Audio;Audio;Si
Puerto Rico;COMERCIAL_PR;Hotel Xtra;941;Music Choice Classic Alternative;Audio;Audio;Si
Puerto Rico;COMERCIAL_PR;Hotel Xtra;942;Music Choice Indie;Audio;Audio;Si
Puerto Rico;COMERCIAL_PR;Hotel Xtra;943;Music Choice Malt Shop Favorites;Audio;Audio;Si
Puerto Rico;COMERCIAL_PR;Hotel Xtra;944;Music Choice Smooth Jazz;Audio;Audio;Si
Puerto Rico;COMERCIAL_PR;Hotel Xtra;945;Music Choice Contemporary Instrumentals;Audio;Audio;Si
Puerto Rico;COMERCIAL_PR;Hotel Xtra;946;Music Choice Hard Rock;Audio;Audio;Si
Puerto Rico;COMERCIAL_PR;Hotel Xtra;947;Music Choice Throwback Jamz;Audio;Audio;Si
Puerto Rico;COMERCIAL_PR;Hotel Xtra;948;Music Choice Classic Rock;Audio;Audio;Si
Puerto Rico;COMERCIAL_PR;Hotel Xtra;949;Music Choice Movie Scores;Audio;Audio;Si
Puerto Rico;COMERCIAL_PR;Hotel Xtra;950;Music Choice Max;Audio;Audio;Si
Puerto Rico;COMERCIAL_PR;Hotel Xtra;951;Music Choice Mainstream Rap;Audio;Audio;Si
Puerto Rico;COMERCIAL_PR;Hotel Xtra;952;Music Choice Americana;Audio;Audio;Si
Puerto Rico;COMERCIAL_PR;Hotel Xtra;953;Music Choice Symphony;Audio;Audio;Si
Puerto Rico;COMERCIAL_PR;Hotel Xtra;954;Music Choice Dance/EDM;Audio;Audio;Si
Puerto Rico;COMERCIAL_PR;Hotel Xtra;955;Music Choice Folk;Audio;Audio;Si
Puerto Rico;COMERCIAL_PR;Hotel Xtra;956;Music Choice Classic Dance;Audio;Audio;Si
Puerto Rico;COMERCIAL_PR;Hotel Xtra;957;Music Choice Gospel Hallelujah;Audio;Audio;Si
Puerto Rico;COMERCIAL_PR;Hotel Xtra;958;Music Choice Tropicales;Audio;Audio;Si
Puerto Rico;COMERCIAL_PR;Hotel Xtra;959;Music Choice Metal;Audio;Audio;Si
Puerto Rico;COMERCIAL_PR;Hotel Xtra;960;Music Choice Toddler Tunes;Audio;Audio;Si
Puerto Rico;COMERCIAL_PR;Hotel Xtra;961;Music Choice Y2k;Audio;Audio;Si
Puerto Rico;COMERCIAL_PR;Hotel Xtra;962;Music Choice Bluegrass;Audio;Audio;Si
Puerto Rico;COMERCIAL_PR;Hotel Xtra;963;Music Choice Vietnamese;Audio;Audio;Si
Puerto Rico;COMERCIAL_PR;Hotel Xtra;964;Music Choice Gospel;Audio;Audio;Si
Puerto Rico;COMERCIAL_PR;Hotel Xtra;965;Music Choice 60s Movement;Audio;Audio;Si
Puerto Rico;COMERCIAL_PR;Hotel Xtra;966;Music Choice Filipino;Audio;Audio;Si
Puerto Rico;COMERCIAL_PR;Hotel Xtra;967;Music Choice Sounds of the Season;Audio;Audio;Si
Puerto Rico;POS_USVI;Select VI;162;Telemundo;HD;Nacional;No
Puerto Rico;POS_USVI;Select VI;164;WAPA TV;HD;Nacional;No
Puerto Rico;POS_USVI;Select VI;166;WIPR;SD;Nacional;Si
Puerto Rico;POS_USVI;Select VI;167;Teleislas;SD;Nacional;No
Puerto Rico;POS_USVI;Select VI;168;TeleOnce HD;HD;Nacional;No
Puerto Rico;POS_USVI;Select VI;169;Daystar Español;SD;Nacional;No
Puerto Rico;POS_USVI;Select VI;170;Fox News;HD;Nacional;No
Puerto Rico;POS_USVI;Select VI;172;ABC5;HD;Nacional;No
Puerto Rico;POS_USVI;Select VI;174;CBS;HD;Nacional;No
Puerto Rico;POS_USVI;Select VI;176;NBC PR;HD;Nacional;No
Puerto Rico;POS_USVI;Select VI;179;Punto 2;HD;Nacional;No
Puerto Rico;POS_USVI;Select VI;181;TV Dominicana;SD;Nacional;No
Puerto Rico;POS_USVI;Select VI;182;TV Chile;SD;Nacional;Si
Puerto Rico;POS_USVI;Select VI;183;TeleOro;SD;Nacional;Si
Puerto Rico;POS_USVI;Select VI;185;Telecinco;SD;Local;No
Puerto Rico;POS_USVI;Select VI;186;UniMás;SD;Local;No
Puerto Rico;POS_USVI;Select VI;220;Bravo;HD;Variedades;No
Puerto Rico;POS_USVI;Select VI;221;¡Hola! TV;SD;Variedades;No
Puerto Rico;POS_USVI;Select VI;222;E! Entertainment HD;HD;Variedades;No
Puerto Rico;POS_USVI;Select VI;225;Pasiones;SD;Variedades;No
Puerto Rico;POS_USVI;Select VI;228;Food Network;HD;Variedades;No
Puerto Rico;POS_USVI;Select VI;229;Blossom;SD;Variedades;Si
Puerto Rico;POS_USVI;Select VI;230;BET;SD;Variedades;No
Puerto Rico;POS_USVI;Select VI;242;FX HD;HD;Variedades;No
Puerto Rico;POS_USVI;Select VI;244;TNT;HD;Variedades;No
Puerto Rico;POS_USVI;Select VI;246;USA Network;HD;Variedades;No
Puerto Rico;POS_USVI;Select VI;248;TBS;HD;Variedades;No
Puerto Rico;POS_USVI;Select VI;249;TLnovelas;SD;Variedades;Si
Puerto Rico;POS_USVI;Select VI;250;HGTV;HD;Variedades;No
Puerto Rico;POS_USVI;Select VI;252;Freeform;HD;Variedades;No
Puerto Rico;POS_USVI;Select VI;254;Paramount Network;HD;Variedades;No
Puerto Rico;POS_USVI;Select VI;256;A&E;HD;Variedades;No
Puerto Rico;POS_USVI;Select VI;260;MTV;HD;Variedades;No
Puerto Rico;POS_USVI;Select VI;261;MTV 2;HD;Variedades;No
Puerto Rico;POS_USVI;Select VI;262;VH1;HD;Variedades;No
Puerto Rico;POS_USVI;Select VI;263;Comedy Central;HD;Variedades;No
Puerto Rico;POS_USVI;Select VI;264;VICE;SD;Variedades;No
Puerto Rico;POS_USVI;Select VI;267;Cooking Channel;HD;Variedades;No
Puerto Rico;POS_USVI;Select VI;268;So Yummy;SD;Variedades;Si
Puerto Rico;POS_USVI;Select VI;320;Cartoon Network;HD;Infantil;No
Puerto Rico;POS_USVI;Select VI;322;Nickelodeon;HD;Infantil;No
Puerto Rico;POS_USVI;Select VI;324;Disney Channel;HD;Infantil;No
Puerto Rico;POS_USVI;Select VI;326;Disney XD;HD;Infantil;No
Puerto Rico;POS_USVI;Select VI;330;Discovery Kids LA;SD;Infantil;Si
Puerto Rico;POS_USVI;Select VI;332;LooLoo Kids;SD;Infantil;No
Puerto Rico;POS_USVI;Select VI;336;Boomerang;SD;Infantil;No
Puerto Rico;POS_USVI;Select VI;337;Nick Jr.;HD;Infantil;No
Puerto Rico;POS_USVI;Select VI;338;Vme;SD;Infantil;Si
Puerto Rico;POS_USVI;Select VI;339;Baby First TV;SD;Infantil;Si
Puerto Rico;POS_USVI;Select VI;350;EWTN;SD;Religioso;Si
Puerto Rico;POS_USVI;Select VI;352;Enlace;SD;Religioso;Si
Puerto Rico;POS_USVI;Select VI;354;Christian Television Network (CTN);SD;Religioso;Si
Puerto Rico;POS_USVI;Select VI;462;Playboy TV;SD;Adultos;No
Puerto Rico;POS_USVI;Select VI;465;Brazzers TV;SD;Adultos;No
Puerto Rico;POS_USVI;Select VI;468;Hustler;SD;Adultos;No
Puerto Rico;POS_USVI;Select VI;511;AMC;HD;Cine;No
Puerto Rico;POS_USVI;Select VI;514;Cine Latino;SD;Cine;Si
Puerto Rico;POS_USVI;Select VI;516;De Película;SD;Cine;Si
Puerto Rico;POS_USVI;Select VI;517;Lifetime;HD;Cine;No
Puerto Rico;POS_USVI;Select VI;518;Lifetime Moivie Network;HD;Cine;No
Puerto Rico;POS_USVI;Select VI;520;Hallmark Channel;HD;Cine;No
Puerto Rico;POS_USVI;Select VI;521;Hallmark Family;HD;Cine;No
Puerto Rico;POS_USVI;Select VI;550;MGM Mas;HD;Cine;No
Puerto Rico;POS_USVI;Select VI;551;MGM Mas Hits;HD;Cine;No
Puerto Rico;POS_USVI;Select VI;552;MGM Mas Marquee;HD;Cine;No
Puerto Rico;POS_USVI;Select VI;564;HBO;HD;Cine;No
Puerto Rico;POS_USVI;Select VI;565;HBO Hits;HD;Cine;No
Puerto Rico;POS_USVI;Select VI;566;HBO Movie;HD;Cine;No
Puerto Rico;POS_USVI;Select VI;567;HBO Drama;HD;Cine;No
Puerto Rico;POS_USVI;Select VI;569;HBO Comedy;HD;Cine;No
Puerto Rico;POS_USVI;Select VI;570;HBO Latino;HD;Cine;No
Puerto Rico;POS_USVI;Select VI;571;Cinemax;HD;Cine;No
Puerto Rico;POS_USVI;Select VI;572;Cinemax Hits;HD;Cine;No
Puerto Rico;POS_USVI;Select VI;574;Cinemax Action;HD;Cine;No
Puerto Rico;POS_USVI;Select VI;577;Paramount+ with Showtime;HD;Cine;No
Puerto Rico;POS_USVI;Select VI;578;Showtime 2;HD;Cine;No
Puerto Rico;POS_USVI;Select VI;579;Showtime Beyond;HD;Cine;No
Puerto Rico;POS_USVI;Select VI;580;Showcase;HD;Cine;No
Puerto Rico;POS_USVI;Select VI;581;Showtime Extreme;HD;Cine;No
Puerto Rico;POS_USVI;Select VI;582;The Movie Channel;SD;Cine;No
Puerto Rico;POS_USVI;Select VI;585;Starz;HD;Cine;No
Puerto Rico;POS_USVI;Select VI;586;Starz Kids & Family;HD;Cine;No
Puerto Rico;POS_USVI;Select VI;587;Starz Cinema;HD;Cine;No
Puerto Rico;POS_USVI;Select VI;588;Encore Action;SD;Cine;No
Puerto Rico;POS_USVI;Select VI;589;Encore;HD;Cine;No
Puerto Rico;POS_USVI;Select VI;590;Encore Family;SD;Cine;No
Puerto Rico;POS_USVI;Select VI;601;NBA League Pass;HD;Deportes;No
Puerto Rico;POS_USVI;Select VI;619;NBA League Pass;HD;Deportes;No
Puerto Rico;POS_USVI;Select VI;620;NFL Sunday Ticket;HD;Deportes;No
Puerto Rico;POS_USVI;Select VI;639;NFL Sunday Ticket;HD;Deportes;No
Puerto Rico;POS_USVI;Select VI;640;Thursday Night Football;HD;Deportes;No
Puerto Rico;POS_USVI;Select VI;645;ESPN;HD;Deportes;No
Puerto Rico;POS_USVI;Select VI;646;ESPN News;HD;Deportes;No
Puerto Rico;POS_USVI;Select VI;648;ESPN 2;HD;Deportes;No
Puerto Rico;POS_USVI;Select VI;649;ESPN Deportes;HD;Deportes;Si
Puerto Rico;POS_USVI;Select VI;651;Fox Deportes;SD;Deportes;Si
Puerto Rico;POS_USVI;Select VI;652;The Tennis Channel;HD;Deportes;No
Puerto Rico;POS_USVI;Select VI;653;NBA TV;HD;Deportes;No
Puerto Rico;POS_USVI;Select VI;654;The Golf Channel;HD;Deportes;No
Puerto Rico;POS_USVI;Select VI;655;Fox Sports;HD;Deportes;No
Puerto Rico;POS_USVI;Select VI;656;MLB Network;HD;Deportes;No
Puerto Rico;POS_USVI;Select VI;657;WAPA Deportes;HD;Deportes;No
Puerto Rico;POS_USVI;Select VI;702;CNN;HD;Mundo;No
Puerto Rico;POS_USVI;Select VI;704;CNN en Español;SD;Mundo;Si
Puerto Rico;POS_USVI;Select VI;708;Headline News;HD;Mundo;No
Puerto Rico;POS_USVI;Select VI;710;Bloomberg;HD;Mundo;No
Puerto Rico;POS_USVI;Select VI;712;AccuWeather;HD;Mundo;Si
Puerto Rico;POS_USVI;Select VI;714;Estrella TV;SD;Mundo;No
Puerto Rico;POS_USVI;Select VI;720;CSPAN2;SD;Mundo;No
Puerto Rico;POS_USVI;Select VI;730;Nat Geo Mundo;SD;Mundo;Si
Puerto Rico;POS_USVI;Select VI;732;Discovery em Español;SD;Mundo;Si
Puerto Rico;POS_USVI;Select VI;734;Animal Planet LA;SD;Mundo;Si
Puerto Rico;POS_USVI;Select VI;735;Animal Planet US;HD;Mundo;No
Puerto Rico;POS_USVI;Select VI;742;History Andes;SD;Mundo;Si
Puerto Rico;POS_USVI;Select VI;744;FYI;HD;Mundo;No
Puerto Rico;POS_USVI;Select VI;745;SyFy;HD;Mundo;No
Puerto Rico;POS_USVI;Select VI;746;Discovery Turbo;HD;Mundo;No
Puerto Rico;POS_USVI;Select VI;752;Discovery US;HD;Mundo;No
Puerto Rico;POS_USVI;Select VI;754;The Learning Channel;HD;Mundo;No
Puerto Rico;POS_USVI;Select VI;756;History Channel;HD;Mundo;No
Puerto Rico;POS_USVI;Select VI;760;TVE;SD;Variedades;Si
Puerto Rico;POS_USVI;Select VI;762;Antena 3;SD;Mundo;Si
Puerto Rico;POS_USVI;Select VI;764;HITN;SD;Variedades;No
Puerto Rico;POS_USVI;Select VI;768;BBC América;HD;Mundo;No
Puerto Rico;POS_USVI;Select VI;901;Music Choice Rock Hits;Audio;Audio;Si
Puerto Rico;POS_USVI;Select VI;902;Music Choice 80s Rock;Audio;Audio;Si
Puerto Rico;POS_USVI;Select VI;903;Music Choice Jazz Vocal Hits;Audio;Audio;Si
Puerto Rico;POS_USVI;Select VI;904;Music Choice Country Hits;Audio;Audio;Si
Puerto Rico;POS_USVI;Select VI;905;Music Choice New Age;Audio;Audio;Si
Puerto Rico;POS_USVI;Select VI;906;Music Choice Funk;Audio;Audio;Si
Puerto Rico;POS_USVI;Select VI;907;Music Choice 90s;Audio;Audio;Si
Puerto Rico;POS_USVI;Select VI;908;Music Choice Blues;Audio;Audio;Si
Puerto Rico;POS_USVI;Select VI;909;Music Choice Love Songs;Audio;Audio;Si
Puerto Rico;POS_USVI;Select VI;910;Music Choice Musica Urbana;Audio;Audio;Si
Puerto Rico;POS_USVI;Select VI;911;Music Choice R&B Classics;Audio;Audio;Si
Puerto Rico;POS_USVI;Select VI;912;Music Choice Latin Jazz;Audio;Audio;Si
Puerto Rico;POS_USVI;Select VI;913;Music Choice Soft Rock;Audio;Audio;Si
Puerto Rico;POS_USVI;Select VI;914;Music Choice Rap;Audio;Audio;Si
Puerto Rico;POS_USVI;Select VI;915;Music Choice All Xmas;Audio;Audio;Si
Puerto Rico;POS_USVI;Select VI;916;Music Choice Workout;Audio;Audio;Si
Puerto Rico;POS_USVI;Select VI;917;Music Choice Broadway;Audio;Audio;Si
Puerto Rico;POS_USVI;Select VI;918;Music Choice Adult Alternative;Audio;Audio;Si
Puerto Rico;POS_USVI;Select VI;919;Music Choice Pop Hits;Audio;Audio;Si
Puerto Rico;POS_USVI;Select VI;920;Music Choice New Wave;Audio;Audio;Si
Puerto Rico;POS_USVI;Select VI;921;Music Choice 70s;Audio;Audio;Si
Puerto Rico;POS_USVI;Select VI;922;Music Choice Kidz Only!;Audio;Audio;Si
Puerto Rico;POS_USVI;Select VI;923;Music Choice 80s;Audio;Audio;Si
Puerto Rico;POS_USVI;Select VI;924;Music Choice Rock Latino;Audio;Audio;Si
Puerto Rico;POS_USVI;Select VI;925;Music Choice Retro Workout;Audio;Audio;Si
Puerto Rico;POS_USVI;Select VI;926;Music Choice Contemporary Christian;Audio;Audio;Si
Puerto Rico;POS_USVI;Select VI;927;Music Choice Reggae;Audio;Audio;Si
Puerto Rico;POS_USVI;Select VI;928;Music Choice Alternative;Audio;Audio;Si
Puerto Rico;POS_USVI;Select VI;929;Music Choice Pop & Country;Audio;Audio;Si
Puerto Rico;POS_USVI;Select VI;930;Music Choice Pop Latino;Audio;Audio;Si
Puerto Rico;POS_USVI;Select VI;931;Music Choice Classic Country;Audio;Audio;Si
Puerto Rico;POS_USVI;Select VI;932;Music Choice Big Band;Audio;Audio;Si
Puerto Rico;POS_USVI;Select VI;933;Music Choice Todays Country;Audio;Audio;Si
Puerto Rico;POS_USVI;Select VI;934;Music Choice Hit List;Audio;Audio;Si
Puerto Rico;POS_USVI;Select VI;935;Music Choice Hip-Hop And R&B;Audio;Audio;Si
Puerto Rico;POS_USVI;Select VI;936;Music Choice Teen Beats;Audio;Audio;Si
Puerto Rico;POS_USVI;Select VI;937;Music Choice Coffee Shop Cuts;Audio;Audio;Si
Puerto Rico;POS_USVI;Select VI;938;Music Choice Honky Tonk;Audio;Audio;Si
Puerto Rico;POS_USVI;Select VI;939;Music Choice Soundscapes;Audio;Audio;Si
Puerto Rico;POS_USVI;Select VI;940;Music Choice Light Classical;Audio;Audio;Si
Puerto Rico;POS_USVI;Select VI;941;Music Choice Classic Alternative;Audio;Audio;Si
Puerto Rico;POS_USVI;Select VI;942;Music Choice Indie;Audio;Audio;Si
Puerto Rico;POS_USVI;Select VI;943;Music Choice Malt Shop Favorites;Audio;Audio;Si
Puerto Rico;POS_USVI;Select VI;944;Music Choice Smooth Jazz;Audio;Audio;Si
Puerto Rico;POS_USVI;Select VI;945;Music Choice Contemporary Instrumentals;Audio;Audio;Si
Puerto Rico;POS_USVI;Select VI;946;Music Choice Hard Rock;Audio;Audio;Si
Puerto Rico;POS_USVI;Select VI;947;Music Choice Throwback Jamz;Audio;Audio;Si
Puerto Rico;POS_USVI;Select VI;948;Music Choice Classic Rock;Audio;Audio;Si
Puerto Rico;POS_USVI;Select VI;949;Music Choice Movie Scores;Audio;Audio;Si
Puerto Rico;POS_USVI;Select VI;950;Music Choice Max;Audio;Audio;Si
Puerto Rico;POS_USVI;Select VI;951;Music Choice Mainstream Rap;Audio;Audio;Si
Puerto Rico;POS_USVI;Select VI;952;Music Choice Americana;Audio;Audio;Si
Puerto Rico;POS_USVI;Select VI;953;Music Choice Symphony;Audio;Audio;Si
Puerto Rico;POS_USVI;Select VI;954;Music Choice Dance/EDM;Audio;Audio;Si
Puerto Rico;POS_USVI;Select VI;955;Music Choice Folk;Audio;Audio;Si
Puerto Rico;POS_USVI;Select VI;956;Music Choice Classic Dance;Audio;Audio;Si
Puerto Rico;POS_USVI;Select VI;957;Music Choice Gospel Hallelujah;Audio;Audio;Si
Puerto Rico;POS_USVI;Select VI;958;Music Choice Tropicales;Audio;Audio;Si
Puerto Rico;POS_USVI;Select VI;959;Music Choice Metal;Audio;Audio;Si
Puerto Rico;POS_USVI;Select VI;960;Music Choice Toddler Tunes;Audio;Audio;Si
Puerto Rico;POS_USVI;Select VI;961;Music Choice Y2k;Audio;Audio;Si
Puerto Rico;POS_USVI;Select VI;962;Music Choice Bluegrass;Audio;Audio;Si
Puerto Rico;POS_USVI;Select VI;963;Music Choice Vietnamese;Audio;Audio;Si
Puerto Rico;POS_USVI;Select VI;964;Music Choice Gospel;Audio;Audio;Si
Puerto Rico;POS_USVI;Select VI;965;Music Choice 60s Movement;Audio;Audio;Si
Puerto Rico;POS_USVI;Select VI;966;Music Choice Filipino;Audio;Audio;Si
Puerto Rico;POS_USVI;Select VI;967;Music Choice Sounds of the Season;Audio;Audio;Si
Puerto Rico;POS_USVI;Entertainment Vi;162;Telemundo;HD;Nacional;No
Puerto Rico;POS_USVI;Entertainment Vi;164;WAPA TV;HD;Nacional;No
Puerto Rico;POS_USVI;Entertainment Vi;166;WIPR;SD;Nacional;Si
Puerto Rico;POS_USVI;Entertainment Vi;167;Teleislas;SD;Nacional;No
Puerto Rico;POS_USVI;Entertainment Vi;168;TeleOnce HD;HD;Nacional;No
Puerto Rico;POS_USVI;Entertainment Vi;169;Daystar Español;SD;Nacional;No
Puerto Rico;POS_USVI;Entertainment Vi;170;Fox News;HD;Nacional;No
Puerto Rico;POS_USVI;Entertainment Vi;172;ABC5;HD;Nacional;No
Puerto Rico;POS_USVI;Entertainment Vi;174;CBS;HD;Nacional;No
Puerto Rico;POS_USVI;Entertainment Vi;176;NBC PR;HD;Nacional;No
Puerto Rico;POS_USVI;Entertainment Vi;179;Punto 2;HD;Nacional;No
Puerto Rico;POS_USVI;Entertainment Vi;181;TV Dominicana;SD;Nacional;No
Puerto Rico;POS_USVI;Entertainment Vi;182;TV Chile;SD;Nacional;Si
Puerto Rico;POS_USVI;Entertainment Vi;183;TeleOro;SD;Nacional;Si
Puerto Rico;POS_USVI;Entertainment Vi;185;Telecinco;SD;Local;No
Puerto Rico;POS_USVI;Entertainment Vi;186;UniMás;SD;Local;No
Puerto Rico;POS_USVI;Entertainment Vi;220;Bravo;HD;Variedades;No
Puerto Rico;POS_USVI;Entertainment Vi;221;¡Hola! TV;SD;Variedades;No
Puerto Rico;POS_USVI;Entertainment Vi;222;E! Entertainment HD;HD;Variedades;No
Puerto Rico;POS_USVI;Entertainment Vi;225;Pasiones;SD;Variedades;No
Puerto Rico;POS_USVI;Entertainment Vi;228;Food Network;HD;Variedades;No
Puerto Rico;POS_USVI;Entertainment Vi;229;Blossom;SD;Variedades;Si
Puerto Rico;POS_USVI;Entertainment Vi;230;BET;SD;Variedades;No
Puerto Rico;POS_USVI;Entertainment Vi;242;FX HD;HD;Variedades;Si
Puerto Rico;POS_USVI;Entertainment Vi;244;TNT;HD;Variedades;No
Puerto Rico;POS_USVI;Entertainment Vi;246;USA Network;HD;Variedades;Si
Puerto Rico;POS_USVI;Entertainment Vi;248;TBS;HD;Variedades;Si
Puerto Rico;POS_USVI;Entertainment Vi;249;TLnovelas;SD;Variedades;Si
Puerto Rico;POS_USVI;Entertainment Vi;250;HGTV;HD;Variedades;No
Puerto Rico;POS_USVI;Entertainment Vi;252;Freeform;HD;Variedades;No
Puerto Rico;POS_USVI;Entertainment Vi;254;Paramount Network;HD;Variedades;Si
Puerto Rico;POS_USVI;Entertainment Vi;256;A&E;HD;Variedades;No
Puerto Rico;POS_USVI;Entertainment Vi;260;MTV;HD;Variedades;Si
Puerto Rico;POS_USVI;Entertainment Vi;261;MTV 2;HD;Variedades;No
Puerto Rico;POS_USVI;Entertainment Vi;262;VH1;HD;Variedades;Si
Puerto Rico;POS_USVI;Entertainment Vi;263;Comedy Central;HD;Variedades;No
Puerto Rico;POS_USVI;Entertainment Vi;264;VICE;SD;Variedades;No
Puerto Rico;POS_USVI;Entertainment Vi;267;Cooking Channel;HD;Variedades;No
Puerto Rico;POS_USVI;Entertainment Vi;268;So Yummy;SD;Variedades;Si
Puerto Rico;POS_USVI;Entertainment Vi;320;Cartoon Network;HD;Infantil;No
Puerto Rico;POS_USVI;Entertainment Vi;322;Nickelodeon;HD;Infantil;Si
Puerto Rico;POS_USVI;Entertainment Vi;324;Disney Channel;HD;Infantil;No
Puerto Rico;POS_USVI;Entertainment Vi;326;Disney XD;HD;Infantil;Si
Puerto Rico;POS_USVI;Entertainment Vi;330;Discovery Kids LA;SD;Infantil;Si
Puerto Rico;POS_USVI;Entertainment Vi;332;LooLoo Kids;SD;Infantil;No
Puerto Rico;POS_USVI;Entertainment Vi;336;Boomerang;SD;Infantil;Si
Puerto Rico;POS_USVI;Entertainment Vi;337;Nick Jr.;HD;Infantil;No
Puerto Rico;POS_USVI;Entertainment Vi;338;Vme;SD;Infantil;Si
Puerto Rico;POS_USVI;Entertainment Vi;339;Baby First TV;SD;Infantil;Si
Puerto Rico;POS_USVI;Entertainment Vi;350;EWTN;SD;Religioso;Si
Puerto Rico;POS_USVI;Entertainment Vi;352;Enlace;SD;Religioso;Si
Puerto Rico;POS_USVI;Entertainment Vi;354;Christian Television Network (CTN);SD;Religioso;Si
Puerto Rico;POS_USVI;Entertainment Vi;462;Playboy TV;SD;Adultos;No
Puerto Rico;POS_USVI;Entertainment Vi;465;Brazzers TV;SD;Adultos;No
Puerto Rico;POS_USVI;Entertainment Vi;468;Hustler;SD;Adultos;No
Puerto Rico;POS_USVI;Entertainment Vi;511;AMC;HD;Cine;No
Puerto Rico;POS_USVI;Entertainment Vi;514;Cine Latino;SD;Cine;Si
Puerto Rico;POS_USVI;Entertainment Vi;516;De Película;SD;Cine;Si
Puerto Rico;POS_USVI;Entertainment Vi;517;Lifetime;HD;Cine;No
Puerto Rico;POS_USVI;Entertainment Vi;518;Lifetime Moivie Network;HD;Cine;No
Puerto Rico;POS_USVI;Entertainment Vi;520;Hallmark Channel;HD;Cine;Si
Puerto Rico;POS_USVI;Entertainment Vi;521;Hallmark Family;HD;Cine;Si
Puerto Rico;POS_USVI;Entertainment Vi;550;MGM Mas;HD;Cine;No
Puerto Rico;POS_USVI;Entertainment Vi;551;MGM Mas Hits;HD;Cine;No
Puerto Rico;POS_USVI;Entertainment Vi;552;MGM Mas Marquee;HD;Cine;No
Puerto Rico;POS_USVI;Entertainment Vi;564;HBO;HD;Cine;No
Puerto Rico;POS_USVI;Entertainment Vi;565;HBO Hits;HD;Cine;No
Puerto Rico;POS_USVI;Entertainment Vi;566;HBO Movie;HD;Cine;No
Puerto Rico;POS_USVI;Entertainment Vi;567;HBO Drama;HD;Cine;No
Puerto Rico;POS_USVI;Entertainment Vi;569;HBO Comedy;HD;Cine;No
Puerto Rico;POS_USVI;Entertainment Vi;570;HBO Latino;HD;Cine;No
Puerto Rico;POS_USVI;Entertainment Vi;571;Cinemax;HD;Cine;No
Puerto Rico;POS_USVI;Entertainment Vi;572;Cinemax Hits;HD;Cine;No
Puerto Rico;POS_USVI;Entertainment Vi;574;Cinemax Action;HD;Cine;No
Puerto Rico;POS_USVI;Entertainment Vi;577;Paramount+ with Showtime;HD;Cine;No
Puerto Rico;POS_USVI;Entertainment Vi;578;Showtime 2;HD;Cine;No
Puerto Rico;POS_USVI;Entertainment Vi;579;Showtime Beyond;HD;Cine;No
Puerto Rico;POS_USVI;Entertainment Vi;580;Showcase;HD;Cine;No
Puerto Rico;POS_USVI;Entertainment Vi;581;Showtime Extreme;HD;Cine;No
Puerto Rico;POS_USVI;Entertainment Vi;582;The Movie Channel;SD;Cine;No
Puerto Rico;POS_USVI;Entertainment Vi;585;Starz;HD;Cine;No
Puerto Rico;POS_USVI;Entertainment Vi;586;Starz Kids & Family;HD;Cine;No
Puerto Rico;POS_USVI;Entertainment Vi;587;Starz Cinema;HD;Cine;No
Puerto Rico;POS_USVI;Entertainment Vi;588;Encore Action;SD;Cine;No
Puerto Rico;POS_USVI;Entertainment Vi;589;Encore;HD;Cine;No
Puerto Rico;POS_USVI;Entertainment Vi;590;Encore Family;SD;Cine;No
Puerto Rico;POS_USVI;Entertainment Vi;601;NBA League Pass;HD;Deportes;No
Puerto Rico;POS_USVI;Entertainment Vi;619;NBA League Pass;HD;Deportes;No
Puerto Rico;POS_USVI;Entertainment Vi;620;NFL Sunday Ticket;HD;Deportes;No
Puerto Rico;POS_USVI;Entertainment Vi;639;NFL Sunday Ticket;HD;Deportes;No
Puerto Rico;POS_USVI;Entertainment Vi;640;Thursday Night Football;HD;Deportes;No
Puerto Rico;POS_USVI;Entertainment Vi;645;ESPN;HD;Deportes;No
Puerto Rico;POS_USVI;Entertainment Vi;646;ESPN News;HD;Deportes;No
Puerto Rico;POS_USVI;Entertainment Vi;648;ESPN 2;HD;Deportes;No
Puerto Rico;POS_USVI;Entertainment Vi;649;ESPN Deportes;HD;Deportes;Si
Puerto Rico;POS_USVI;Entertainment Vi;651;Fox Deportes;SD;Deportes;No
Puerto Rico;POS_USVI;Entertainment Vi;652;The Tennis Channel;HD;Deportes;No
Puerto Rico;POS_USVI;Entertainment Vi;653;NBA TV;HD;Deportes;No
Puerto Rico;POS_USVI;Entertainment Vi;654;The Golf Channel;HD;Deportes;No
Puerto Rico;POS_USVI;Entertainment Vi;655;Fox Sports;HD;Deportes;Si
Puerto Rico;POS_USVI;Entertainment Vi;656;MLB Network;HD;Deportes;No
Puerto Rico;POS_USVI;Entertainment Vi;657;WAPA Deportes;HD;Deportes;No
Puerto Rico;POS_USVI;Entertainment Vi;702;CNN;HD;Mundo;No
Puerto Rico;POS_USVI;Entertainment Vi;704;CNN en Español;SD;Mundo;Si
Puerto Rico;POS_USVI;Entertainment Vi;708;Headline News;HD;Mundo;No
Puerto Rico;POS_USVI;Entertainment Vi;710;Bloomberg;HD;Mundo;No
Puerto Rico;POS_USVI;Entertainment Vi;712;AccuWeather;HD;Mundo;Si
Puerto Rico;POS_USVI;Entertainment Vi;714;Estrella TV;SD;Mundo;No
Puerto Rico;POS_USVI;Entertainment Vi;720;CSPAN2;SD;Mundo;No
Puerto Rico;POS_USVI;Entertainment Vi;730;Nat Geo Mundo;SD;Mundo;Si
Puerto Rico;POS_USVI;Entertainment Vi;732;Discovery em Español;SD;Mundo;Si
Puerto Rico;POS_USVI;Entertainment Vi;734;Animal Planet LA;SD;Mundo;No
Puerto Rico;POS_USVI;Entertainment Vi;735;Animal Planet US;HD;Mundo;No
Puerto Rico;POS_USVI;Entertainment Vi;742;History Andes;SD;Mundo;No
Puerto Rico;POS_USVI;Entertainment Vi;744;FYI;HD;Mundo;No
Puerto Rico;POS_USVI;Entertainment Vi;745;SyFy;HD;Mundo;No
Puerto Rico;POS_USVI;Entertainment Vi;746;Discovery Turbo;HD;Mundo;Si
Puerto Rico;POS_USVI;Entertainment Vi;752;Discovery US;HD;Mundo;No
Puerto Rico;POS_USVI;Entertainment Vi;754;The Learning Channel;HD;Mundo;No
Puerto Rico;POS_USVI;Entertainment Vi;756;History Channel;HD;Mundo;No
Puerto Rico;POS_USVI;Entertainment Vi;760;TVE;SD;Variedades;Si
Puerto Rico;POS_USVI;Entertainment Vi;762;Antena 3;SD;Mundo;Si
Puerto Rico;POS_USVI;Entertainment Vi;764;HITN;SD;Variedades;No
Puerto Rico;POS_USVI;Entertainment Vi;768;BBC América;HD;Mundo;No
Puerto Rico;POS_USVI;Entertainment Vi;901;Music Choice Rock Hits;Audio;Audio;Si
Puerto Rico;POS_USVI;Entertainment Vi;902;Music Choice 80s Rock;Audio;Audio;Si
Puerto Rico;POS_USVI;Entertainment Vi;903;Music Choice Jazz Vocal Hits;Audio;Audio;Si
Puerto Rico;POS_USVI;Entertainment Vi;904;Music Choice Country Hits;Audio;Audio;Si
Puerto Rico;POS_USVI;Entertainment Vi;905;Music Choice New Age;Audio;Audio;Si
Puerto Rico;POS_USVI;Entertainment Vi;906;Music Choice Funk;Audio;Audio;Si
Puerto Rico;POS_USVI;Entertainment Vi;907;Music Choice 90s;Audio;Audio;Si
Puerto Rico;POS_USVI;Entertainment Vi;908;Music Choice Blues;Audio;Audio;Si
Puerto Rico;POS_USVI;Entertainment Vi;909;Music Choice Love Songs;Audio;Audio;Si
Puerto Rico;POS_USVI;Entertainment Vi;910;Music Choice Musica Urbana;Audio;Audio;Si
Puerto Rico;POS_USVI;Entertainment Vi;911;Music Choice R&B Classics;Audio;Audio;Si
Puerto Rico;POS_USVI;Entertainment Vi;912;Music Choice Latin Jazz;Audio;Audio;Si
Puerto Rico;POS_USVI;Entertainment Vi;913;Music Choice Soft Rock;Audio;Audio;Si
Puerto Rico;POS_USVI;Entertainment Vi;914;Music Choice Rap;Audio;Audio;Si
Puerto Rico;POS_USVI;Entertainment Vi;915;Music Choice All Xmas;Audio;Audio;Si
Puerto Rico;POS_USVI;Entertainment Vi;916;Music Choice Workout;Audio;Audio;Si
Puerto Rico;POS_USVI;Entertainment Vi;917;Music Choice Broadway;Audio;Audio;Si
Puerto Rico;POS_USVI;Entertainment Vi;918;Music Choice Adult Alternative;Audio;Audio;Si
Puerto Rico;POS_USVI;Entertainment Vi;919;Music Choice Pop Hits;Audio;Audio;Si
Puerto Rico;POS_USVI;Entertainment Vi;920;Music Choice New Wave;Audio;Audio;Si
Puerto Rico;POS_USVI;Entertainment Vi;921;Music Choice 70s;Audio;Audio;Si
Puerto Rico;POS_USVI;Entertainment Vi;922;Music Choice Kidz Only!;Audio;Audio;Si
Puerto Rico;POS_USVI;Entertainment Vi;923;Music Choice 80s;Audio;Audio;Si
Puerto Rico;POS_USVI;Entertainment Vi;924;Music Choice Rock Latino;Audio;Audio;Si
Puerto Rico;POS_USVI;Entertainment Vi;925;Music Choice Retro Workout;Audio;Audio;Si
Puerto Rico;POS_USVI;Entertainment Vi;926;Music Choice Contemporary Christian;Audio;Audio;Si
Puerto Rico;POS_USVI;Entertainment Vi;927;Music Choice Reggae;Audio;Audio;Si
Puerto Rico;POS_USVI;Entertainment Vi;928;Music Choice Alternative;Audio;Audio;Si
Puerto Rico;POS_USVI;Entertainment Vi;929;Music Choice Pop & Country;Audio;Audio;Si
Puerto Rico;POS_USVI;Entertainment Vi;930;Music Choice Pop Latino;Audio;Audio;Si
Puerto Rico;POS_USVI;Entertainment Vi;931;Music Choice Classic Country;Audio;Audio;Si
Puerto Rico;POS_USVI;Entertainment Vi;932;Music Choice Big Band;Audio;Audio;Si
Puerto Rico;POS_USVI;Entertainment Vi;933;Music Choice Todays Country;Audio;Audio;Si
Puerto Rico;POS_USVI;Entertainment Vi;934;Music Choice Hit List;Audio;Audio;Si
Puerto Rico;POS_USVI;Entertainment Vi;935;Music Choice Hip-Hop And R&B;Audio;Audio;Si
Puerto Rico;POS_USVI;Entertainment Vi;936;Music Choice Teen Beats;Audio;Audio;Si
Puerto Rico;POS_USVI;Entertainment Vi;937;Music Choice Coffee Shop Cuts;Audio;Audio;Si
Puerto Rico;POS_USVI;Entertainment Vi;938;Music Choice Honky Tonk;Audio;Audio;Si
Puerto Rico;POS_USVI;Entertainment Vi;939;Music Choice Soundscapes;Audio;Audio;Si
Puerto Rico;POS_USVI;Entertainment Vi;940;Music Choice Light Classical;Audio;Audio;Si
Puerto Rico;POS_USVI;Entertainment Vi;941;Music Choice Classic Alternative;Audio;Audio;Si
Puerto Rico;POS_USVI;Entertainment Vi;942;Music Choice Indie;Audio;Audio;Si
Puerto Rico;POS_USVI;Entertainment Vi;943;Music Choice Malt Shop Favorites;Audio;Audio;Si
Puerto Rico;POS_USVI;Entertainment Vi;944;Music Choice Smooth Jazz;Audio;Audio;Si
Puerto Rico;POS_USVI;Entertainment Vi;945;Music Choice Contemporary Instrumentals;Audio;Audio;Si
Puerto Rico;POS_USVI;Entertainment Vi;946;Music Choice Hard Rock;Audio;Audio;Si
Puerto Rico;POS_USVI;Entertainment Vi;947;Music Choice Throwback Jamz;Audio;Audio;Si
Puerto Rico;POS_USVI;Entertainment Vi;948;Music Choice Classic Rock;Audio;Audio;Si
Puerto Rico;POS_USVI;Entertainment Vi;949;Music Choice Movie Scores;Audio;Audio;Si
Puerto Rico;POS_USVI;Entertainment Vi;950;Music Choice Max;Audio;Audio;Si
Puerto Rico;POS_USVI;Entertainment Vi;951;Music Choice Mainstream Rap;Audio;Audio;Si
Puerto Rico;POS_USVI;Entertainment Vi;952;Music Choice Americana;Audio;Audio;Si
Puerto Rico;POS_USVI;Entertainment Vi;953;Music Choice Symphony;Audio;Audio;Si
Puerto Rico;POS_USVI;Entertainment Vi;954;Music Choice Dance/EDM;Audio;Audio;Si
Puerto Rico;POS_USVI;Entertainment Vi;955;Music Choice Folk;Audio;Audio;Si
Puerto Rico;POS_USVI;Entertainment Vi;956;Music Choice Classic Dance;Audio;Audio;Si
Puerto Rico;POS_USVI;Entertainment Vi;957;Music Choice Gospel Hallelujah;Audio;Audio;Si
Puerto Rico;POS_USVI;Entertainment Vi;958;Music Choice Tropicales;Audio;Audio;Si
Puerto Rico;POS_USVI;Entertainment Vi;959;Music Choice Metal;Audio;Audio;Si
Puerto Rico;POS_USVI;Entertainment Vi;960;Music Choice Toddler Tunes;Audio;Audio;Si
Puerto Rico;POS_USVI;Entertainment Vi;961;Music Choice Y2k;Audio;Audio;Si
Puerto Rico;POS_USVI;Entertainment Vi;962;Music Choice Bluegrass;Audio;Audio;Si
Puerto Rico;POS_USVI;Entertainment Vi;963;Music Choice Vietnamese;Audio;Audio;Si
Puerto Rico;POS_USVI;Entertainment Vi;964;Music Choice Gospel;Audio;Audio;Si
Puerto Rico;POS_USVI;Entertainment Vi;965;Music Choice 60s Movement;Audio;Audio;Si
Puerto Rico;POS_USVI;Entertainment Vi;966;Music Choice Filipino;Audio;Audio;Si
Puerto Rico;POS_USVI;Entertainment Vi;967;Music Choice Sounds of the Season;Audio;Audio;Si
Puerto Rico;POS_USVI;Choice VI;162;Telemundo;HD;Nacional;No
Puerto Rico;POS_USVI;Choice VI;164;WAPA TV;HD;Nacional;No
Puerto Rico;POS_USVI;Choice VI;166;WIPR;SD;Nacional;Si
Puerto Rico;POS_USVI;Choice VI;167;Teleislas;SD;Nacional;No
Puerto Rico;POS_USVI;Choice VI;168;TeleOnce HD;HD;Nacional;No
Puerto Rico;POS_USVI;Choice VI;169;Daystar Español;SD;Nacional;No
Puerto Rico;POS_USVI;Choice VI;170;Fox News;HD;Nacional;No
Puerto Rico;POS_USVI;Choice VI;172;ABC5;HD;Nacional;No
Puerto Rico;POS_USVI;Choice VI;174;CBS;HD;Nacional;No
Puerto Rico;POS_USVI;Choice VI;176;NBC PR;HD;Nacional;No
Puerto Rico;POS_USVI;Choice VI;179;Punto 2;HD;Nacional;No
Puerto Rico;POS_USVI;Choice VI;181;TV Dominicana;SD;Nacional;No
Puerto Rico;POS_USVI;Choice VI;182;TV Chile;SD;Nacional;Si
Puerto Rico;POS_USVI;Choice VI;183;TeleOro;SD;Nacional;Si
Puerto Rico;POS_USVI;Choice VI;185;Telecinco;SD;Local;No
Puerto Rico;POS_USVI;Choice VI;186;UniMás;SD;Local;No
Puerto Rico;POS_USVI;Choice VI;220;Bravo;HD;Variedades;Si
Puerto Rico;POS_USVI;Choice VI;221;¡Hola! TV;SD;Variedades;No
Puerto Rico;POS_USVI;Choice VI;222;E! Entertainment HD;HD;Variedades;Si
Puerto Rico;POS_USVI;Choice VI;225;Pasiones;SD;Variedades;No
Puerto Rico;POS_USVI;Choice VI;228;Food Network;HD;Variedades;Si
Puerto Rico;POS_USVI;Choice VI;229;Blossom;SD;Variedades;Si
Puerto Rico;POS_USVI;Choice VI;230;BET;SD;Variedades;Si
Puerto Rico;POS_USVI;Choice VI;242;FX HD;HD;Variedades;Si
Puerto Rico;POS_USVI;Choice VI;244;TNT;HD;Variedades;Si
Puerto Rico;POS_USVI;Choice VI;246;USA Network;HD;Variedades;Si
Puerto Rico;POS_USVI;Choice VI;248;TBS;HD;Variedades;Si
Puerto Rico;POS_USVI;Choice VI;249;TLnovelas;SD;Variedades;Si
Puerto Rico;POS_USVI;Choice VI;250;HGTV;HD;Variedades;Si
Puerto Rico;POS_USVI;Choice VI;252;Freeform;HD;Variedades;Si
Puerto Rico;POS_USVI;Choice VI;254;Paramount Network;HD;Variedades;Si
Puerto Rico;POS_USVI;Choice VI;256;A&E;HD;Variedades;Si
Puerto Rico;POS_USVI;Choice VI;260;MTV;HD;Variedades;Si
Puerto Rico;POS_USVI;Choice VI;261;MTV 2;HD;Variedades;Si
Puerto Rico;POS_USVI;Choice VI;262;VH1;HD;Variedades;Si
Puerto Rico;POS_USVI;Choice VI;263;Comedy Central;HD;Variedades;Si
Puerto Rico;POS_USVI;Choice VI;264;VICE;SD;Variedades;Si
Puerto Rico;POS_USVI;Choice VI;267;Cooking Channel;HD;Variedades;No
Puerto Rico;POS_USVI;Choice VI;268;So Yummy;SD;Variedades;Si
Puerto Rico;POS_USVI;Choice VI;320;Cartoon Network;HD;Infantil;Si
Puerto Rico;POS_USVI;Choice VI;322;Nickelodeon;HD;Infantil;Si
Puerto Rico;POS_USVI;Choice VI;324;Disney Channel;HD;Infantil;Si
Puerto Rico;POS_USVI;Choice VI;326;Disney XD;HD;Infantil;Si
Puerto Rico;POS_USVI;Choice VI;330;Discovery Kids LA;SD;Infantil;Si
Puerto Rico;POS_USVI;Choice VI;332;LooLoo Kids;SD;Infantil;No
Puerto Rico;POS_USVI;Choice VI;336;Boomerang;SD;Infantil;Si
Puerto Rico;POS_USVI;Choice VI;337;Nick Jr.;HD;Infantil;Si
Puerto Rico;POS_USVI;Choice VI;338;Vme;SD;Infantil;Si
Puerto Rico;POS_USVI;Choice VI;339;Baby First TV;SD;Infantil;Si
Puerto Rico;POS_USVI;Choice VI;350;EWTN;SD;Religioso;Si
Puerto Rico;POS_USVI;Choice VI;352;Enlace;SD;Religioso;Si
Puerto Rico;POS_USVI;Choice VI;354;Christian Television Network (CTN);SD;Religioso;Si
Puerto Rico;POS_USVI;Choice VI;462;Playboy TV;SD;Adultos;No
Puerto Rico;POS_USVI;Choice VI;465;Brazzers TV;SD;Adultos;No
Puerto Rico;POS_USVI;Choice VI;468;Hustler;SD;Adultos;No
Puerto Rico;POS_USVI;Choice VI;511;AMC;HD;Cine;Si
Puerto Rico;POS_USVI;Choice VI;514;Cine Latino;SD;Cine;No
Puerto Rico;POS_USVI;Choice VI;516;De Película;SD;Cine;Si
Puerto Rico;POS_USVI;Choice VI;517;Lifetime;HD;Cine;Si
Puerto Rico;POS_USVI;Choice VI;518;Lifetime Moivie Network;HD;Cine;No
Puerto Rico;POS_USVI;Choice VI;520;Hallmark Channel;HD;Cine;Si
Puerto Rico;POS_USVI;Choice VI;521;Hallmark Family;HD;Cine;Si
Puerto Rico;POS_USVI;Choice VI;550;MGM Mas;HD;Cine;No
Puerto Rico;POS_USVI;Choice VI;551;MGM Mas Hits;HD;Cine;No
Puerto Rico;POS_USVI;Choice VI;552;MGM Mas Marquee;HD;Cine;No
Puerto Rico;POS_USVI;Choice VI;564;HBO;HD;Cine;No
Puerto Rico;POS_USVI;Choice VI;565;HBO Hits;HD;Cine;No
Puerto Rico;POS_USVI;Choice VI;566;HBO Movie;HD;Cine;No
Puerto Rico;POS_USVI;Choice VI;567;HBO Drama;HD;Cine;No
Puerto Rico;POS_USVI;Choice VI;569;HBO Comedy;HD;Cine;No
Puerto Rico;POS_USVI;Choice VI;570;HBO Latino;HD;Cine;No
Puerto Rico;POS_USVI;Choice VI;571;Cinemax;HD;Cine;No
Puerto Rico;POS_USVI;Choice VI;572;Cinemax Hits;HD;Cine;No
Puerto Rico;POS_USVI;Choice VI;574;Cinemax Action;HD;Cine;No
Puerto Rico;POS_USVI;Choice VI;577;Paramount+ with Showtime;HD;Cine;No
Puerto Rico;POS_USVI;Choice VI;578;Showtime 2;HD;Cine;No
Puerto Rico;POS_USVI;Choice VI;579;Showtime Beyond;HD;Cine;No
Puerto Rico;POS_USVI;Choice VI;580;Showcase;HD;Cine;No
Puerto Rico;POS_USVI;Choice VI;581;Showtime Extreme;HD;Cine;No
Puerto Rico;POS_USVI;Choice VI;582;The Movie Channel;SD;Cine;No
Puerto Rico;POS_USVI;Choice VI;585;Starz;HD;Cine;No
Puerto Rico;POS_USVI;Choice VI;586;Starz Kids & Family;HD;Cine;No
Puerto Rico;POS_USVI;Choice VI;587;Starz Cinema;HD;Cine;No
Puerto Rico;POS_USVI;Choice VI;588;Encore Action;SD;Cine;No
Puerto Rico;POS_USVI;Choice VI;589;Encore;HD;Cine;No
Puerto Rico;POS_USVI;Choice VI;590;Encore Family;SD;Cine;No
Puerto Rico;POS_USVI;Choice VI;601;NBA League Pass;HD;Deportes;No
Puerto Rico;POS_USVI;Choice VI;619;NBA League Pass;HD;Deportes;No
Puerto Rico;POS_USVI;Choice VI;620;NFL Sunday Ticket;HD;Deportes;No
Puerto Rico;POS_USVI;Choice VI;639;NFL Sunday Ticket;HD;Deportes;No
Puerto Rico;POS_USVI;Choice VI;640;Thursday Night Football;HD;Deportes;No
Puerto Rico;POS_USVI;Choice VI;645;ESPN;HD;Deportes;Si
Puerto Rico;POS_USVI;Choice VI;646;ESPN News;HD;Deportes;Si
Puerto Rico;POS_USVI;Choice VI;648;ESPN 2;HD;Deportes;Si
Puerto Rico;POS_USVI;Choice VI;649;ESPN Deportes;HD;Deportes;Si
Puerto Rico;POS_USVI;Choice VI;651;Fox Deportes;SD;Deportes;Si
Puerto Rico;POS_USVI;Choice VI;652;The Tennis Channel;HD;Deportes;No
Puerto Rico;POS_USVI;Choice VI;653;NBA TV;HD;Deportes;Si
Puerto Rico;POS_USVI;Choice VI;654;The Golf Channel;HD;Deportes;No
Puerto Rico;POS_USVI;Choice VI;655;Fox Sports;HD;Deportes;Si
Puerto Rico;POS_USVI;Choice VI;656;MLB Network;HD;Deportes;Si
Puerto Rico;POS_USVI;Choice VI;657;WAPA Deportes;HD;Deportes;No
Puerto Rico;POS_USVI;Choice VI;702;CNN;HD;Mundo;Si
Puerto Rico;POS_USVI;Choice VI;704;CNN en Español;SD;Mundo;Si
Puerto Rico;POS_USVI;Choice VI;708;Headline News;HD;Mundo;Si
Puerto Rico;POS_USVI;Choice VI;710;Bloomberg;HD;Mundo;No
Puerto Rico;POS_USVI;Choice VI;712;AccuWeather;HD;Mundo;Si
Puerto Rico;POS_USVI;Choice VI;714;Estrella TV;SD;Mundo;No
Puerto Rico;POS_USVI;Choice VI;720;CSPAN2;SD;Mundo;No
Puerto Rico;POS_USVI;Choice VI;730;Nat Geo Mundo;SD;Mundo;Si
Puerto Rico;POS_USVI;Choice VI;732;Discovery em Español;SD;Mundo;Si
Puerto Rico;POS_USVI;Choice VI;734;Animal Planet LA;SD;Mundo;Si
Puerto Rico;POS_USVI;Choice VI;735;Animal Planet US;HD;Mundo;Si
Puerto Rico;POS_USVI;Choice VI;742;History Andes;SD;Mundo;Si
Puerto Rico;POS_USVI;Choice VI;744;FYI;HD;Mundo;Si
Puerto Rico;POS_USVI;Choice VI;745;SyFy;HD;Mundo;Si
Puerto Rico;POS_USVI;Choice VI;746;Discovery Turbo;HD;Mundo;Si
Puerto Rico;POS_USVI;Choice VI;752;Discovery US;HD;Mundo;Si
Puerto Rico;POS_USVI;Choice VI;754;The Learning Channel;HD;Mundo;Si
Puerto Rico;POS_USVI;Choice VI;756;History Channel;HD;Mundo;Si
Puerto Rico;POS_USVI;Choice VI;760;TVE;SD;Variedades;Si
Puerto Rico;POS_USVI;Choice VI;762;Antena 3;SD;Mundo;No
Puerto Rico;POS_USVI;Choice VI;764;HITN;SD;Variedades;No
Puerto Rico;POS_USVI;Choice VI;768;BBC América;HD;Mundo;No
Puerto Rico;POS_USVI;Choice VI;901;Music Choice Rock Hits;Audio;Audio;Si
Puerto Rico;POS_USVI;Choice VI;902;Music Choice 80s Rock;Audio;Audio;Si
Puerto Rico;POS_USVI;Choice VI;903;Music Choice Jazz Vocal Hits;Audio;Audio;Si
Puerto Rico;POS_USVI;Choice VI;904;Music Choice Country Hits;Audio;Audio;Si
Puerto Rico;POS_USVI;Choice VI;905;Music Choice New Age;Audio;Audio;Si
Puerto Rico;POS_USVI;Choice VI;906;Music Choice Funk;Audio;Audio;Si
Puerto Rico;POS_USVI;Choice VI;907;Music Choice 90s;Audio;Audio;Si
Puerto Rico;POS_USVI;Choice VI;908;Music Choice Blues;Audio;Audio;Si
Puerto Rico;POS_USVI;Choice VI;909;Music Choice Love Songs;Audio;Audio;Si
Puerto Rico;POS_USVI;Choice VI;910;Music Choice Musica Urbana;Audio;Audio;Si
Puerto Rico;POS_USVI;Choice VI;911;Music Choice R&B Classics;Audio;Audio;Si
Puerto Rico;POS_USVI;Choice VI;912;Music Choice Latin Jazz;Audio;Audio;Si
Puerto Rico;POS_USVI;Choice VI;913;Music Choice Soft Rock;Audio;Audio;Si
Puerto Rico;POS_USVI;Choice VI;914;Music Choice Rap;Audio;Audio;Si
Puerto Rico;POS_USVI;Choice VI;915;Music Choice All Xmas;Audio;Audio;Si
Puerto Rico;POS_USVI;Choice VI;916;Music Choice Workout;Audio;Audio;Si
Puerto Rico;POS_USVI;Choice VI;917;Music Choice Broadway;Audio;Audio;Si
Puerto Rico;POS_USVI;Choice VI;918;Music Choice Adult Alternative;Audio;Audio;Si
Puerto Rico;POS_USVI;Choice VI;919;Music Choice Pop Hits;Audio;Audio;Si
Puerto Rico;POS_USVI;Choice VI;920;Music Choice New Wave;Audio;Audio;Si
Puerto Rico;POS_USVI;Choice VI;921;Music Choice 70s;Audio;Audio;Si
Puerto Rico;POS_USVI;Choice VI;922;Music Choice Kidz Only!;Audio;Audio;Si
Puerto Rico;POS_USVI;Choice VI;923;Music Choice 80s;Audio;Audio;Si
Puerto Rico;POS_USVI;Choice VI;924;Music Choice Rock Latino;Audio;Audio;Si
Puerto Rico;POS_USVI;Choice VI;925;Music Choice Retro Workout;Audio;Audio;Si
Puerto Rico;POS_USVI;Choice VI;926;Music Choice Contemporary Christian;Audio;Audio;Si
Puerto Rico;POS_USVI;Choice VI;927;Music Choice Reggae;Audio;Audio;Si
Puerto Rico;POS_USVI;Choice VI;928;Music Choice Alternative;Audio;Audio;Si
Puerto Rico;POS_USVI;Choice VI;929;Music Choice Pop & Country;Audio;Audio;Si
Puerto Rico;POS_USVI;Choice VI;930;Music Choice Pop Latino;Audio;Audio;Si
Puerto Rico;POS_USVI;Choice VI;931;Music Choice Classic Country;Audio;Audio;Si
Puerto Rico;POS_USVI;Choice VI;932;Music Choice Big Band;Audio;Audio;Si
Puerto Rico;POS_USVI;Choice VI;933;Music Choice Todays Country;Audio;Audio;Si
Puerto Rico;POS_USVI;Choice VI;934;Music Choice Hit List;Audio;Audio;Si
Puerto Rico;POS_USVI;Choice VI;935;Music Choice Hip-Hop And R&B;Audio;Audio;Si
Puerto Rico;POS_USVI;Choice VI;936;Music Choice Teen Beats;Audio;Audio;Si
Puerto Rico;POS_USVI;Choice VI;937;Music Choice Coffee Shop Cuts;Audio;Audio;Si
Puerto Rico;POS_USVI;Choice VI;938;Music Choice Honky Tonk;Audio;Audio;Si
Puerto Rico;POS_USVI;Choice VI;939;Music Choice Soundscapes;Audio;Audio;Si
Puerto Rico;POS_USVI;Choice VI;940;Music Choice Light Classical;Audio;Audio;Si
Puerto Rico;POS_USVI;Choice VI;941;Music Choice Classic Alternative;Audio;Audio;Si
Puerto Rico;POS_USVI;Choice VI;942;Music Choice Indie;Audio;Audio;Si
Puerto Rico;POS_USVI;Choice VI;943;Music Choice Malt Shop Favorites;Audio;Audio;Si
Puerto Rico;POS_USVI;Choice VI;944;Music Choice Smooth Jazz;Audio;Audio;Si
Puerto Rico;POS_USVI;Choice VI;945;Music Choice Contemporary Instrumentals;Audio;Audio;Si
Puerto Rico;POS_USVI;Choice VI;946;Music Choice Hard Rock;Audio;Audio;Si
Puerto Rico;POS_USVI;Choice VI;947;Music Choice Throwback Jamz;Audio;Audio;Si
Puerto Rico;POS_USVI;Choice VI;948;Music Choice Classic Rock;Audio;Audio;Si
Puerto Rico;POS_USVI;Choice VI;949;Music Choice Movie Scores;Audio;Audio;Si
Puerto Rico;POS_USVI;Choice VI;950;Music Choice Max;Audio;Audio;Si
Puerto Rico;POS_USVI;Choice VI;951;Music Choice Mainstream Rap;Audio;Audio;Si
Puerto Rico;POS_USVI;Choice VI;952;Music Choice Americana;Audio;Audio;Si
Puerto Rico;POS_USVI;Choice VI;953;Music Choice Symphony;Audio;Audio;Si
Puerto Rico;POS_USVI;Choice VI;954;Music Choice Dance/EDM;Audio;Audio;Si
Puerto Rico;POS_USVI;Choice VI;955;Music Choice Folk;Audio;Audio;Si
Puerto Rico;POS_USVI;Choice VI;956;Music Choice Classic Dance;Audio;Audio;Si
Puerto Rico;POS_USVI;Choice VI;957;Music Choice Gospel Hallelujah;Audio;Audio;Si
Puerto Rico;POS_USVI;Choice VI;958;Music Choice Tropicales;Audio;Audio;Si
Puerto Rico;POS_USVI;Choice VI;959;Music Choice Metal;Audio;Audio;Si
Puerto Rico;POS_USVI;Choice VI;960;Music Choice Toddler Tunes;Audio;Audio;Si
Puerto Rico;POS_USVI;Choice VI;961;Music Choice Y2k;Audio;Audio;Si
Puerto Rico;POS_USVI;Choice VI;962;Music Choice Bluegrass;Audio;Audio;Si
Puerto Rico;POS_USVI;Choice VI;963;Music Choice Vietnamese;Audio;Audio;Si
Puerto Rico;POS_USVI;Choice VI;964;Music Choice Gospel;Audio;Audio;Si
Puerto Rico;POS_USVI;Choice VI;965;Music Choice 60s Movement;Audio;Audio;Si
Puerto Rico;POS_USVI;Choice VI;966;Music Choice Filipino;Audio;Audio;Si
Puerto Rico;POS_USVI;Choice VI;967;Music Choice Sounds of the Season;Audio;Audio;Si
Puerto Rico;POS_USVI;Extra Vi;162;Telemundo;HD;Nacional;No
Puerto Rico;POS_USVI;Extra Vi;164;WAPA TV;HD;Nacional;No
Puerto Rico;POS_USVI;Extra Vi;166;WIPR;SD;Nacional;Si
Puerto Rico;POS_USVI;Extra Vi;167;Teleislas;SD;Nacional;No
Puerto Rico;POS_USVI;Extra Vi;168;TeleOnce HD;HD;Nacional;No
Puerto Rico;POS_USVI;Extra Vi;169;Daystar Español;SD;Nacional;No
Puerto Rico;POS_USVI;Extra Vi;170;Fox News;HD;Nacional;No
Puerto Rico;POS_USVI;Extra Vi;172;ABC5;HD;Nacional;No
Puerto Rico;POS_USVI;Extra Vi;174;CBS;HD;Nacional;No
Puerto Rico;POS_USVI;Extra Vi;176;NBC PR;HD;Nacional;No
Puerto Rico;POS_USVI;Extra Vi;179;Punto 2;HD;Nacional;No
Puerto Rico;POS_USVI;Extra Vi;181;TV Dominicana;SD;Nacional;No
Puerto Rico;POS_USVI;Extra Vi;182;TV Chile;SD;Nacional;Si
Puerto Rico;POS_USVI;Extra Vi;183;TeleOro;SD;Nacional;Si
Puerto Rico;POS_USVI;Extra Vi;185;Telecinco;SD;Local;No
Puerto Rico;POS_USVI;Extra Vi;186;UniMás;SD;Local;No
Puerto Rico;POS_USVI;Extra Vi;220;Bravo;HD;Variedades;Si
Puerto Rico;POS_USVI;Extra Vi;221;¡Hola! TV;SD;Variedades;Si
Puerto Rico;POS_USVI;Extra Vi;222;E! Entertainment HD;HD;Variedades;Si
Puerto Rico;POS_USVI;Extra Vi;225;Pasiones;SD;Variedades;No
Puerto Rico;POS_USVI;Extra Vi;228;Food Network;HD;Variedades;Si
Puerto Rico;POS_USVI;Extra Vi;229;Blossom;SD;Variedades;Si
Puerto Rico;POS_USVI;Extra Vi;230;BET;SD;Variedades;Si
Puerto Rico;POS_USVI;Extra Vi;242;FX HD;HD;Variedades;Si
Puerto Rico;POS_USVI;Extra Vi;244;TNT;HD;Variedades;Si
Puerto Rico;POS_USVI;Extra Vi;246;USA Network;HD;Variedades;Si
Puerto Rico;POS_USVI;Extra Vi;248;TBS;HD;Variedades;Si
Puerto Rico;POS_USVI;Extra Vi;249;TLnovelas;SD;Variedades;Si
Puerto Rico;POS_USVI;Extra Vi;250;HGTV;HD;Variedades;Si
Puerto Rico;POS_USVI;Extra Vi;252;Freeform;HD;Variedades;Si
Puerto Rico;POS_USVI;Extra Vi;254;Paramount Network;HD;Variedades;Si
Puerto Rico;POS_USVI;Extra Vi;256;A&E;HD;Variedades;Si
Puerto Rico;POS_USVI;Extra Vi;260;MTV;HD;Variedades;Si
Puerto Rico;POS_USVI;Extra Vi;261;MTV 2;HD;Variedades;Si
Puerto Rico;POS_USVI;Extra Vi;262;VH1;HD;Variedades;Si
Puerto Rico;POS_USVI;Extra Vi;263;Comedy Central;HD;Variedades;Si
Puerto Rico;POS_USVI;Extra Vi;264;VICE;SD;Variedades;Si
Puerto Rico;POS_USVI;Extra Vi;267;Cooking Channel;HD;Variedades;Si
Puerto Rico;POS_USVI;Extra Vi;268;So Yummy;SD;Variedades;Si
Puerto Rico;POS_USVI;Extra Vi;320;Cartoon Network;HD;Infantil;Si
Puerto Rico;POS_USVI;Extra Vi;322;Nickelodeon;HD;Infantil;Si
Puerto Rico;POS_USVI;Extra Vi;324;Disney Channel;HD;Infantil;Si
Puerto Rico;POS_USVI;Extra Vi;326;Disney XD;HD;Infantil;Si
Puerto Rico;POS_USVI;Extra Vi;330;Discovery Kids LA;SD;Infantil;Si
Puerto Rico;POS_USVI;Extra Vi;332;LooLoo Kids;SD;Infantil;No
Puerto Rico;POS_USVI;Extra Vi;336;Boomerang;SD;Infantil;Si
Puerto Rico;POS_USVI;Extra Vi;337;Nick Jr.;HD;Infantil;Si
Puerto Rico;POS_USVI;Extra Vi;338;Vme;SD;Infantil;Si
Puerto Rico;POS_USVI;Extra Vi;339;Baby First TV;SD;Infantil;Si
Puerto Rico;POS_USVI;Extra Vi;350;EWTN;SD;Religioso;Si
Puerto Rico;POS_USVI;Extra Vi;352;Enlace;SD;Religioso;Si
Puerto Rico;POS_USVI;Extra Vi;354;Christian Television Network (CTN);SD;Religioso;Si
Puerto Rico;POS_USVI;Extra Vi;462;Playboy TV;SD;Adultos;No
Puerto Rico;POS_USVI;Extra Vi;465;Brazzers TV;SD;Adultos;No
Puerto Rico;POS_USVI;Extra Vi;468;Hustler;SD;Adultos;No
Puerto Rico;POS_USVI;Extra Vi;511;AMC;HD;Cine;Si
Puerto Rico;POS_USVI;Extra Vi;514;Cine Latino;SD;Cine;Si
Puerto Rico;POS_USVI;Extra Vi;516;De Película;SD;Cine;Si
Puerto Rico;POS_USVI;Extra Vi;517;Lifetime;HD;Cine;Si
Puerto Rico;POS_USVI;Extra Vi;518;Lifetime Moivie Network;HD;Cine;Si
Puerto Rico;POS_USVI;Extra Vi;520;Hallmark Channel;HD;Cine;Si
Puerto Rico;POS_USVI;Extra Vi;521;Hallmark Family;HD;Cine;Si
Puerto Rico;POS_USVI;Extra Vi;550;MGM Mas;HD;Cine;No
Puerto Rico;POS_USVI;Extra Vi;551;MGM Mas Hits;HD;Cine;No
Puerto Rico;POS_USVI;Extra Vi;552;MGM Mas Marquee;HD;Cine;No
Puerto Rico;POS_USVI;Extra Vi;564;HBO;HD;Cine;No
Puerto Rico;POS_USVI;Extra Vi;565;HBO Hits;HD;Cine;No
Puerto Rico;POS_USVI;Extra Vi;566;HBO Movie;HD;Cine;No
Puerto Rico;POS_USVI;Extra Vi;567;HBO Drama;HD;Cine;No
Puerto Rico;POS_USVI;Extra Vi;569;HBO Comedy;HD;Cine;No
Puerto Rico;POS_USVI;Extra Vi;570;HBO Latino;HD;Cine;No
Puerto Rico;POS_USVI;Extra Vi;571;Cinemax;HD;Cine;No
Puerto Rico;POS_USVI;Extra Vi;572;Cinemax Hits;HD;Cine;No
Puerto Rico;POS_USVI;Extra Vi;574;Cinemax Action;HD;Cine;No
Puerto Rico;POS_USVI;Extra Vi;577;Paramount+ with Showtime;HD;Cine;No
Puerto Rico;POS_USVI;Extra Vi;578;Showtime 2;HD;Cine;No
Puerto Rico;POS_USVI;Extra Vi;579;Showtime Beyond;HD;Cine;No
Puerto Rico;POS_USVI;Extra Vi;580;Showcase;HD;Cine;No
Puerto Rico;POS_USVI;Extra Vi;581;Showtime Extreme;HD;Cine;No
Puerto Rico;POS_USVI;Extra Vi;582;The Movie Channel;SD;Cine;No
Puerto Rico;POS_USVI;Extra Vi;585;Starz;HD;Cine;No
Puerto Rico;POS_USVI;Extra Vi;586;Starz Kids & Family;HD;Cine;No
Puerto Rico;POS_USVI;Extra Vi;587;Starz Cinema;HD;Cine;No
Puerto Rico;POS_USVI;Extra Vi;588;Encore Action;SD;Cine;No
Puerto Rico;POS_USVI;Extra Vi;589;Encore;HD;Cine;No
Puerto Rico;POS_USVI;Extra Vi;590;Encore Family;SD;Cine;No
Puerto Rico;POS_USVI;Extra Vi;601;NBA League Pass;HD;Deportes;No
Puerto Rico;POS_USVI;Extra Vi;619;NBA League Pass;HD;Deportes;No
Puerto Rico;POS_USVI;Extra Vi;620;NFL Sunday Ticket;HD;Deportes;No
Puerto Rico;POS_USVI;Extra Vi;639;NFL Sunday Ticket;HD;Deportes;No
Puerto Rico;POS_USVI;Extra Vi;640;Thursday Night Football;HD;Deportes;No
Puerto Rico;POS_USVI;Extra Vi;645;ESPN;HD;Deportes;Si
Puerto Rico;POS_USVI;Extra Vi;646;ESPN News;HD;Deportes;Si
Puerto Rico;POS_USVI;Extra Vi;648;ESPN 2;HD;Deportes;Si
Puerto Rico;POS_USVI;Extra Vi;649;ESPN Deportes;HD;Deportes;Si
Puerto Rico;POS_USVI;Extra Vi;651;Fox Deportes;SD;Deportes;Si
Puerto Rico;POS_USVI;Extra Vi;652;The Tennis Channel;HD;Deportes;Si
Puerto Rico;POS_USVI;Extra Vi;653;NBA TV;HD;Deportes;Si
Puerto Rico;POS_USVI;Extra Vi;654;The Golf Channel;HD;Deportes;Si
Puerto Rico;POS_USVI;Extra Vi;655;Fox Sports;HD;Deportes;Si
Puerto Rico;POS_USVI;Extra Vi;656;MLB Network;HD;Deportes;Si
Puerto Rico;POS_USVI;Extra Vi;657;WAPA Deportes;HD;Deportes;No
Puerto Rico;POS_USVI;Extra Vi;702;CNN;HD;Mundo;Si
Puerto Rico;POS_USVI;Extra Vi;704;CNN en Español;SD;Mundo;Si
Puerto Rico;POS_USVI;Extra Vi;708;Headline News;HD;Mundo;Si
Puerto Rico;POS_USVI;Extra Vi;710;Bloomberg;HD;Mundo;Si
Puerto Rico;POS_USVI;Extra Vi;712;AccuWeather;HD;Mundo;Si
Puerto Rico;POS_USVI;Extra Vi;714;Estrella TV;SD;Mundo;No
Puerto Rico;POS_USVI;Extra Vi;720;CSPAN2;SD;Mundo;No
Puerto Rico;POS_USVI;Extra Vi;730;Nat Geo Mundo;SD;Mundo;Si
Puerto Rico;POS_USVI;Extra Vi;732;Discovery em Español;SD;Mundo;Si
Puerto Rico;POS_USVI;Extra Vi;734;Animal Planet LA;SD;Mundo;Si
Puerto Rico;POS_USVI;Extra Vi;735;Animal Planet US;HD;Mundo;Si
Puerto Rico;POS_USVI;Extra Vi;742;History Andes;SD;Mundo;Si
Puerto Rico;POS_USVI;Extra Vi;744;FYI;HD;Mundo;Si
Puerto Rico;POS_USVI;Extra Vi;745;SyFy;HD;Mundo;Si
Puerto Rico;POS_USVI;Extra Vi;746;Discovery Turbo;HD;Mundo;Si
Puerto Rico;POS_USVI;Extra Vi;752;Discovery US;HD;Mundo;Si
Puerto Rico;POS_USVI;Extra Vi;754;The Learning Channel;HD;Mundo;Si
Puerto Rico;POS_USVI;Extra Vi;756;History Channel;HD;Mundo;Si
Puerto Rico;POS_USVI;Extra Vi;760;TVE;SD;Variedades;Si
Puerto Rico;POS_USVI;Extra Vi;762;Antena 3;SD;Mundo;Si
Puerto Rico;POS_USVI;Extra Vi;764;HITN;SD;Variedades;No
Puerto Rico;POS_USVI;Extra Vi;768;BBC América;HD;Mundo;Si
Puerto Rico;POS_USVI;Extra Vi;901;Music Choice Rock Hits;Audio;Audio;Si
Puerto Rico;POS_USVI;Extra Vi;902;Music Choice 80s Rock;Audio;Audio;Si
Puerto Rico;POS_USVI;Extra Vi;903;Music Choice Jazz Vocal Hits;Audio;Audio;Si
Puerto Rico;POS_USVI;Extra Vi;904;Music Choice Country Hits;Audio;Audio;Si
Puerto Rico;POS_USVI;Extra Vi;905;Music Choice New Age;Audio;Audio;Si
Puerto Rico;POS_USVI;Extra Vi;906;Music Choice Funk;Audio;Audio;Si
Puerto Rico;POS_USVI;Extra Vi;907;Music Choice 90s;Audio;Audio;Si
Puerto Rico;POS_USVI;Extra Vi;908;Music Choice Blues;Audio;Audio;Si
Puerto Rico;POS_USVI;Extra Vi;909;Music Choice Love Songs;Audio;Audio;Si
Puerto Rico;POS_USVI;Extra Vi;910;Music Choice Musica Urbana;Audio;Audio;Si
Puerto Rico;POS_USVI;Extra Vi;911;Music Choice R&B Classics;Audio;Audio;Si
Puerto Rico;POS_USVI;Extra Vi;912;Music Choice Latin Jazz;Audio;Audio;Si
Puerto Rico;POS_USVI;Extra Vi;913;Music Choice Soft Rock;Audio;Audio;Si
Puerto Rico;POS_USVI;Extra Vi;914;Music Choice Rap;Audio;Audio;Si
Puerto Rico;POS_USVI;Extra Vi;915;Music Choice All Xmas;Audio;Audio;Si
Puerto Rico;POS_USVI;Extra Vi;916;Music Choice Workout;Audio;Audio;Si
Puerto Rico;POS_USVI;Extra Vi;917;Music Choice Broadway;Audio;Audio;Si
Puerto Rico;POS_USVI;Extra Vi;918;Music Choice Adult Alternative;Audio;Audio;Si
Puerto Rico;POS_USVI;Extra Vi;919;Music Choice Pop Hits;Audio;Audio;Si
Puerto Rico;POS_USVI;Extra Vi;920;Music Choice New Wave;Audio;Audio;Si
Puerto Rico;POS_USVI;Extra Vi;921;Music Choice 70s;Audio;Audio;Si
Puerto Rico;POS_USVI;Extra Vi;922;Music Choice Kidz Only!;Audio;Audio;Si
Puerto Rico;POS_USVI;Extra Vi;923;Music Choice 80s;Audio;Audio;Si
Puerto Rico;POS_USVI;Extra Vi;924;Music Choice Rock Latino;Audio;Audio;Si
Puerto Rico;POS_USVI;Extra Vi;925;Music Choice Retro Workout;Audio;Audio;Si
Puerto Rico;POS_USVI;Extra Vi;926;Music Choice Contemporary Christian;Audio;Audio;Si
Puerto Rico;POS_USVI;Extra Vi;927;Music Choice Reggae;Audio;Audio;Si
Puerto Rico;POS_USVI;Extra Vi;928;Music Choice Alternative;Audio;Audio;Si
Puerto Rico;POS_USVI;Extra Vi;929;Music Choice Pop & Country;Audio;Audio;Si
Puerto Rico;POS_USVI;Extra Vi;930;Music Choice Pop Latino;Audio;Audio;Si
Puerto Rico;POS_USVI;Extra Vi;931;Music Choice Classic Country;Audio;Audio;Si
Puerto Rico;POS_USVI;Extra Vi;932;Music Choice Big Band;Audio;Audio;Si
Puerto Rico;POS_USVI;Extra Vi;933;Music Choice Todays Country;Audio;Audio;Si
Puerto Rico;POS_USVI;Extra Vi;934;Music Choice Hit List;Audio;Audio;Si
Puerto Rico;POS_USVI;Extra Vi;935;Music Choice Hip-Hop And R&B;Audio;Audio;Si
Puerto Rico;POS_USVI;Extra Vi;936;Music Choice Teen Beats;Audio;Audio;Si
Puerto Rico;POS_USVI;Extra Vi;937;Music Choice Coffee Shop Cuts;Audio;Audio;Si
Puerto Rico;POS_USVI;Extra Vi;938;Music Choice Honky Tonk;Audio;Audio;Si
Puerto Rico;POS_USVI;Extra Vi;939;Music Choice Soundscapes;Audio;Audio;Si
Puerto Rico;POS_USVI;Extra Vi;940;Music Choice Light Classical;Audio;Audio;Si
Puerto Rico;POS_USVI;Extra Vi;941;Music Choice Classic Alternative;Audio;Audio;Si
Puerto Rico;POS_USVI;Extra Vi;942;Music Choice Indie;Audio;Audio;Si
Puerto Rico;POS_USVI;Extra Vi;943;Music Choice Malt Shop Favorites;Audio;Audio;Si
Puerto Rico;POS_USVI;Extra Vi;944;Music Choice Smooth Jazz;Audio;Audio;Si
Puerto Rico;POS_USVI;Extra Vi;945;Music Choice Contemporary Instrumentals;Audio;Audio;Si
Puerto Rico;POS_USVI;Extra Vi;946;Music Choice Hard Rock;Audio;Audio;Si
Puerto Rico;POS_USVI;Extra Vi;947;Music Choice Throwback Jamz;Audio;Audio;Si
Puerto Rico;POS_USVI;Extra Vi;948;Music Choice Classic Rock;Audio;Audio;Si
Puerto Rico;POS_USVI;Extra Vi;949;Music Choice Movie Scores;Audio;Audio;Si
Puerto Rico;POS_USVI;Extra Vi;950;Music Choice Max;Audio;Audio;Si
Puerto Rico;POS_USVI;Extra Vi;951;Music Choice Mainstream Rap;Audio;Audio;Si
Puerto Rico;POS_USVI;Extra Vi;952;Music Choice Americana;Audio;Audio;Si
Puerto Rico;POS_USVI;Extra Vi;953;Music Choice Symphony;Audio;Audio;Si
Puerto Rico;POS_USVI;Extra Vi;954;Music Choice Dance/EDM;Audio;Audio;Si
Puerto Rico;POS_USVI;Extra Vi;955;Music Choice Folk;Audio;Audio;Si
Puerto Rico;POS_USVI;Extra Vi;956;Music Choice Classic Dance;Audio;Audio;Si
Puerto Rico;POS_USVI;Extra Vi;957;Music Choice Gospel Hallelujah;Audio;Audio;Si
Puerto Rico;POS_USVI;Extra Vi;958;Music Choice Tropicales;Audio;Audio;Si
Puerto Rico;POS_USVI;Extra Vi;959;Music Choice Metal;Audio;Audio;Si
Puerto Rico;POS_USVI;Extra Vi;960;Music Choice Toddler Tunes;Audio;Audio;Si
Puerto Rico;POS_USVI;Extra Vi;961;Music Choice Y2k;Audio;Audio;Si
Puerto Rico;POS_USVI;Extra Vi;962;Music Choice Bluegrass;Audio;Audio;Si
Puerto Rico;POS_USVI;Extra Vi;963;Music Choice Vietnamese;Audio;Audio;Si
Puerto Rico;POS_USVI;Extra Vi;964;Music Choice Gospel;Audio;Audio;Si
Puerto Rico;POS_USVI;Extra Vi;965;Music Choice 60s Movement;Audio;Audio;Si
Puerto Rico;POS_USVI;Extra Vi;966;Music Choice Filipino;Audio;Audio;Si
Puerto Rico;POS_USVI;Extra Vi;967;Music Choice Sounds of the Season;Audio;Audio;Si
Puerto Rico;COMERCIAL_USVI;Usvi Basic Bars;162;Telemundo;HD;Nacional;No
Puerto Rico;COMERCIAL_USVI;Usvi Basic Bars;164;WAPA TV;HD;Nacional;No
Puerto Rico;COMERCIAL_USVI;Usvi Basic Bars;166;WIPR;SD;Nacional;Si
Puerto Rico;COMERCIAL_USVI;Usvi Basic Bars;167;Teleislas;SD;Nacional;No
Puerto Rico;COMERCIAL_USVI;Usvi Basic Bars;168;TeleOnce HD;HD;Nacional;No
Puerto Rico;COMERCIAL_USVI;Usvi Basic Bars;169;Daystar Español;SD;Nacional;No
Puerto Rico;COMERCIAL_USVI;Usvi Basic Bars;170;Fox News;HD;Nacional;No
Puerto Rico;COMERCIAL_USVI;Usvi Basic Bars;172;ABC5;HD;Nacional;No
Puerto Rico;COMERCIAL_USVI;Usvi Basic Bars;174;CBS;HD;Nacional;No
Puerto Rico;COMERCIAL_USVI;Usvi Basic Bars;176;NBC PR;HD;Nacional;No
Puerto Rico;COMERCIAL_USVI;Usvi Basic Bars;179;Punto 2;HD;Nacional;No
Puerto Rico;COMERCIAL_USVI;Usvi Basic Bars;181;TV Dominicana;SD;Nacional;No
Puerto Rico;COMERCIAL_USVI;Usvi Basic Bars;182;TV Chile;SD;Nacional;Si
Puerto Rico;COMERCIAL_USVI;Usvi Basic Bars;183;TeleOro;SD;Nacional;Si
Puerto Rico;COMERCIAL_USVI;Usvi Basic Bars;185;Telecinco;SD;Local;No
Puerto Rico;COMERCIAL_USVI;Usvi Basic Bars;186;UniMás;SD;Local;No
Puerto Rico;COMERCIAL_USVI;Usvi Basic Bars;220;Bravo;HD;Variedades;No
Puerto Rico;COMERCIAL_USVI;Usvi Basic Bars;221;¡Hola! TV;SD;Variedades;No
Puerto Rico;COMERCIAL_USVI;Usvi Basic Bars;222;E! Entertainment HD;HD;Variedades;No
Puerto Rico;COMERCIAL_USVI;Usvi Basic Bars;225;Pasiones;SD;Variedades;No
Puerto Rico;COMERCIAL_USVI;Usvi Basic Bars;228;Food Network;HD;Variedades;No
Puerto Rico;COMERCIAL_USVI;Usvi Basic Bars;229;Blossom;SD;Variedades;Si
Puerto Rico;COMERCIAL_USVI;Usvi Basic Bars;230;BET;SD;Variedades;Si
Puerto Rico;COMERCIAL_USVI;Usvi Basic Bars;242;FX HD;HD;Variedades;No
Puerto Rico;COMERCIAL_USVI;Usvi Basic Bars;244;TNT;HD;Variedades;No
Puerto Rico;COMERCIAL_USVI;Usvi Basic Bars;246;USA Network;HD;Variedades;No
Puerto Rico;COMERCIAL_USVI;Usvi Basic Bars;248;TBS;HD;Variedades;No
Puerto Rico;COMERCIAL_USVI;Usvi Basic Bars;249;TLnovelas;SD;Variedades;Si
Puerto Rico;COMERCIAL_USVI;Usvi Basic Bars;250;HGTV;HD;Variedades;No
Puerto Rico;COMERCIAL_USVI;Usvi Basic Bars;252;Freeform;HD;Variedades;No
Puerto Rico;COMERCIAL_USVI;Usvi Basic Bars;254;Paramount Network;HD;Variedades;No
Puerto Rico;COMERCIAL_USVI;Usvi Basic Bars;256;A&E;HD;Variedades;No
Puerto Rico;COMERCIAL_USVI;Usvi Basic Bars;260;MTV;HD;Variedades;No
Puerto Rico;COMERCIAL_USVI;Usvi Basic Bars;261;MTV 2;HD;Variedades;No
Puerto Rico;COMERCIAL_USVI;Usvi Basic Bars;262;VH1;HD;Variedades;No
Puerto Rico;COMERCIAL_USVI;Usvi Basic Bars;263;Comedy Central;HD;Variedades;No
Puerto Rico;COMERCIAL_USVI;Usvi Basic Bars;264;VICE;SD;Variedades;Si
Puerto Rico;COMERCIAL_USVI;Usvi Basic Bars;267;Cooking Channel;HD;Variedades;No
Puerto Rico;COMERCIAL_USVI;Usvi Basic Bars;268;So Yummy;SD;Variedades;Si
Puerto Rico;COMERCIAL_USVI;Usvi Basic Bars;320;Cartoon Network;HD;Infantil;No
Puerto Rico;COMERCIAL_USVI;Usvi Basic Bars;322;Nickelodeon;HD;Infantil;No
Puerto Rico;COMERCIAL_USVI;Usvi Basic Bars;324;Disney Channel;HD;Infantil;No
Puerto Rico;COMERCIAL_USVI;Usvi Basic Bars;326;Disney XD;HD;Infantil;No
Puerto Rico;COMERCIAL_USVI;Usvi Basic Bars;330;Discovery Kids LA;SD;Infantil;Si
Puerto Rico;COMERCIAL_USVI;Usvi Basic Bars;332;LooLoo Kids;SD;Infantil;No
Puerto Rico;COMERCIAL_USVI;Usvi Basic Bars;336;Boomerang;SD;Infantil;No
Puerto Rico;COMERCIAL_USVI;Usvi Basic Bars;337;Nick Jr.;HD;Infantil;No
Puerto Rico;COMERCIAL_USVI;Usvi Basic Bars;338;Vme;SD;Infantil;Si
Puerto Rico;COMERCIAL_USVI;Usvi Basic Bars;339;Baby First TV;SD;Infantil;Si
Puerto Rico;COMERCIAL_USVI;Usvi Basic Bars;350;EWTN;SD;Religioso;Si
Puerto Rico;COMERCIAL_USVI;Usvi Basic Bars;352;Enlace;SD;Religioso;Si
Puerto Rico;COMERCIAL_USVI;Usvi Basic Bars;354;Christian Television Network (CTN);SD;Religioso;Si
Puerto Rico;COMERCIAL_USVI;Usvi Basic Bars;462;Playboy TV;SD;Adultos;No
Puerto Rico;COMERCIAL_USVI;Usvi Basic Bars;465;Brazzers TV;SD;Adultos;No
Puerto Rico;COMERCIAL_USVI;Usvi Basic Bars;468;Hustler;SD;Adultos;No
Puerto Rico;COMERCIAL_USVI;Usvi Basic Bars;511;AMC;HD;Cine;No
Puerto Rico;COMERCIAL_USVI;Usvi Basic Bars;514;Cine Latino;SD;Cine;No
Puerto Rico;COMERCIAL_USVI;Usvi Basic Bars;516;De Película;SD;Cine;Si
Puerto Rico;COMERCIAL_USVI;Usvi Basic Bars;517;Lifetime;HD;Cine;No
Puerto Rico;COMERCIAL_USVI;Usvi Basic Bars;518;Lifetime Moivie Network;HD;Cine;No
Puerto Rico;COMERCIAL_USVI;Usvi Basic Bars;520;Hallmark Channel;HD;Cine;No
Puerto Rico;COMERCIAL_USVI;Usvi Basic Bars;521;Hallmark Family;HD;Cine;No
Puerto Rico;COMERCIAL_USVI;Usvi Basic Bars;550;MGM Mas;HD;Cine;No
Puerto Rico;COMERCIAL_USVI;Usvi Basic Bars;551;MGM Mas Hits;HD;Cine;No
Puerto Rico;COMERCIAL_USVI;Usvi Basic Bars;552;MGM Mas Marquee;HD;Cine;No
Puerto Rico;COMERCIAL_USVI;Usvi Basic Bars;564;HBO;HD;Cine;No
Puerto Rico;COMERCIAL_USVI;Usvi Basic Bars;565;HBO Hits;HD;Cine;No
Puerto Rico;COMERCIAL_USVI;Usvi Basic Bars;566;HBO Movie;HD;Cine;No
Puerto Rico;COMERCIAL_USVI;Usvi Basic Bars;567;HBO Drama;HD;Cine;No
Puerto Rico;COMERCIAL_USVI;Usvi Basic Bars;569;HBO Comedy;HD;Cine;No
Puerto Rico;COMERCIAL_USVI;Usvi Basic Bars;570;HBO Latino;HD;Cine;No
Puerto Rico;COMERCIAL_USVI;Usvi Basic Bars;571;Cinemax;HD;Cine;No
Puerto Rico;COMERCIAL_USVI;Usvi Basic Bars;572;Cinemax Hits;HD;Cine;No
Puerto Rico;COMERCIAL_USVI;Usvi Basic Bars;574;Cinemax Action;HD;Cine;No
Puerto Rico;COMERCIAL_USVI;Usvi Basic Bars;577;Paramount+ with Showtime;HD;Cine;No
Puerto Rico;COMERCIAL_USVI;Usvi Basic Bars;578;Showtime 2;HD;Cine;No
Puerto Rico;COMERCIAL_USVI;Usvi Basic Bars;579;Showtime Beyond;HD;Cine;No
Puerto Rico;COMERCIAL_USVI;Usvi Basic Bars;580;Showcase;HD;Cine;No
Puerto Rico;COMERCIAL_USVI;Usvi Basic Bars;581;Showtime Extreme;HD;Cine;No
Puerto Rico;COMERCIAL_USVI;Usvi Basic Bars;582;The Movie Channel;SD;Cine;No
Puerto Rico;COMERCIAL_USVI;Usvi Basic Bars;585;Starz;HD;Cine;No
Puerto Rico;COMERCIAL_USVI;Usvi Basic Bars;586;Starz Kids & Family;HD;Cine;No
Puerto Rico;COMERCIAL_USVI;Usvi Basic Bars;587;Starz Cinema;HD;Cine;No
Puerto Rico;COMERCIAL_USVI;Usvi Basic Bars;588;Encore Action;SD;Cine;No
Puerto Rico;COMERCIAL_USVI;Usvi Basic Bars;589;Encore;HD;Cine;No
Puerto Rico;COMERCIAL_USVI;Usvi Basic Bars;590;Encore Family;SD;Cine;No
Puerto Rico;COMERCIAL_USVI;Usvi Basic Bars;601;NBA League Pass;HD;Deportes;No
Puerto Rico;COMERCIAL_USVI;Usvi Basic Bars;619;NBA League Pass;HD;Deportes;No
Puerto Rico;COMERCIAL_USVI;Usvi Basic Bars;620;NFL Sunday Ticket;HD;Deportes;No
Puerto Rico;COMERCIAL_USVI;Usvi Basic Bars;639;NFL Sunday Ticket;HD;Deportes;No
Puerto Rico;COMERCIAL_USVI;Usvi Basic Bars;640;Thursday Night Football;HD;Deportes;No
Puerto Rico;COMERCIAL_USVI;Usvi Basic Bars;645;ESPN;HD;Deportes;No
Puerto Rico;COMERCIAL_USVI;Usvi Basic Bars;646;ESPN News;HD;Deportes;No
Puerto Rico;COMERCIAL_USVI;Usvi Basic Bars;648;ESPN 2;HD;Deportes;No
Puerto Rico;COMERCIAL_USVI;Usvi Basic Bars;649;ESPN Deportes;HD;Deportes;Si
Puerto Rico;COMERCIAL_USVI;Usvi Basic Bars;651;Fox Deportes;SD;Deportes;No
Puerto Rico;COMERCIAL_USVI;Usvi Basic Bars;652;The Tennis Channel;HD;Deportes;No
Puerto Rico;COMERCIAL_USVI;Usvi Basic Bars;653;NBA TV;HD;Deportes;No
Puerto Rico;COMERCIAL_USVI;Usvi Basic Bars;654;The Golf Channel;HD;Deportes;No
Puerto Rico;COMERCIAL_USVI;Usvi Basic Bars;655;Fox Sports;HD;Deportes;No
Puerto Rico;COMERCIAL_USVI;Usvi Basic Bars;656;MLB Network;HD;Deportes;No
Puerto Rico;COMERCIAL_USVI;Usvi Basic Bars;657;WAPA Deportes;HD;Deportes;No
Puerto Rico;COMERCIAL_USVI;Usvi Basic Bars;702;CNN;HD;Mundo;No
Puerto Rico;COMERCIAL_USVI;Usvi Basic Bars;704;CNN en Español;SD;Mundo;Si
Puerto Rico;COMERCIAL_USVI;Usvi Basic Bars;708;Headline News;HD;Mundo;No
Puerto Rico;COMERCIAL_USVI;Usvi Basic Bars;710;Bloomberg;HD;Mundo;No
Puerto Rico;COMERCIAL_USVI;Usvi Basic Bars;712;AccuWeather;HD;Mundo;Si
Puerto Rico;COMERCIAL_USVI;Usvi Basic Bars;714;Estrella TV;SD;Mundo;No
Puerto Rico;COMERCIAL_USVI;Usvi Basic Bars;720;CSPAN2;SD;Mundo;No
Puerto Rico;COMERCIAL_USVI;Usvi Basic Bars;730;Nat Geo Mundo;SD;Mundo;Si
Puerto Rico;COMERCIAL_USVI;Usvi Basic Bars;732;Discovery em Español;SD;Mundo;Si
Puerto Rico;COMERCIAL_USVI;Usvi Basic Bars;734;Animal Planet LA;SD;Mundo;No
Puerto Rico;COMERCIAL_USVI;Usvi Basic Bars;735;Animal Planet US;HD;Mundo;Si
Puerto Rico;COMERCIAL_USVI;Usvi Basic Bars;742;History Andes;SD;Mundo;Si
Puerto Rico;COMERCIAL_USVI;Usvi Basic Bars;744;FYI;HD;Mundo;No
Puerto Rico;COMERCIAL_USVI;Usvi Basic Bars;745;SyFy;HD;Mundo;No
Puerto Rico;COMERCIAL_USVI;Usvi Basic Bars;746;Discovery Turbo;HD;Mundo;Si
Puerto Rico;COMERCIAL_USVI;Usvi Basic Bars;752;Discovery US;HD;Mundo;No
Puerto Rico;COMERCIAL_USVI;Usvi Basic Bars;754;The Learning Channel;HD;Mundo;No
Puerto Rico;COMERCIAL_USVI;Usvi Basic Bars;756;History Channel;HD;Mundo;No
Puerto Rico;COMERCIAL_USVI;Usvi Basic Bars;760;TVE;SD;Variedades;Si
Puerto Rico;COMERCIAL_USVI;Usvi Basic Bars;762;Antena 3;SD;Mundo;No
Puerto Rico;COMERCIAL_USVI;Usvi Basic Bars;764;HITN;SD;Variedades;No
Puerto Rico;COMERCIAL_USVI;Usvi Basic Bars;768;BBC América;HD;Mundo;No
Puerto Rico;COMERCIAL_USVI;Usvi Basic Bars;901;Music Choice Rock Hits;Audio;Audio;No
Puerto Rico;COMERCIAL_USVI;Usvi Basic Bars;902;Music Choice 80s Rock;Audio;Audio;No
Puerto Rico;COMERCIAL_USVI;Usvi Basic Bars;903;Music Choice Jazz Vocal Hits;Audio;Audio;No
Puerto Rico;COMERCIAL_USVI;Usvi Basic Bars;904;Music Choice Country Hits;Audio;Audio;No
Puerto Rico;COMERCIAL_USVI;Usvi Basic Bars;905;Music Choice New Age;Audio;Audio;No
Puerto Rico;COMERCIAL_USVI;Usvi Basic Bars;906;Music Choice Funk;Audio;Audio;No
Puerto Rico;COMERCIAL_USVI;Usvi Basic Bars;907;Music Choice 90s;Audio;Audio;No
Puerto Rico;COMERCIAL_USVI;Usvi Basic Bars;908;Music Choice Blues;Audio;Audio;No
Puerto Rico;COMERCIAL_USVI;Usvi Basic Bars;909;Music Choice Love Songs;Audio;Audio;No
Puerto Rico;COMERCIAL_USVI;Usvi Basic Bars;910;Music Choice Musica Urbana;Audio;Audio;No
Puerto Rico;COMERCIAL_USVI;Usvi Basic Bars;911;Music Choice R&B Classics;Audio;Audio;No
Puerto Rico;COMERCIAL_USVI;Usvi Basic Bars;912;Music Choice Latin Jazz;Audio;Audio;No
Puerto Rico;COMERCIAL_USVI;Usvi Basic Bars;913;Music Choice Soft Rock;Audio;Audio;No
Puerto Rico;COMERCIAL_USVI;Usvi Basic Bars;914;Music Choice Rap;Audio;Audio;No
Puerto Rico;COMERCIAL_USVI;Usvi Basic Bars;915;Music Choice All Xmas;Audio;Audio;No
Puerto Rico;COMERCIAL_USVI;Usvi Basic Bars;916;Music Choice Workout;Audio;Audio;No
Puerto Rico;COMERCIAL_USVI;Usvi Basic Bars;917;Music Choice Broadway;Audio;Audio;No
Puerto Rico;COMERCIAL_USVI;Usvi Basic Bars;918;Music Choice Adult Alternative;Audio;Audio;No
Puerto Rico;COMERCIAL_USVI;Usvi Basic Bars;919;Music Choice Pop Hits;Audio;Audio;No
Puerto Rico;COMERCIAL_USVI;Usvi Basic Bars;920;Music Choice New Wave;Audio;Audio;No
Puerto Rico;COMERCIAL_USVI;Usvi Basic Bars;921;Music Choice 70s;Audio;Audio;No
Puerto Rico;COMERCIAL_USVI;Usvi Basic Bars;922;Music Choice Kidz Only!;Audio;Audio;No
Puerto Rico;COMERCIAL_USVI;Usvi Basic Bars;923;Music Choice 80s;Audio;Audio;No
Puerto Rico;COMERCIAL_USVI;Usvi Basic Bars;924;Music Choice Rock Latino;Audio;Audio;No
Puerto Rico;COMERCIAL_USVI;Usvi Basic Bars;925;Music Choice Retro Workout;Audio;Audio;No
Puerto Rico;COMERCIAL_USVI;Usvi Basic Bars;926;Music Choice Contemporary Christian;Audio;Audio;No
Puerto Rico;COMERCIAL_USVI;Usvi Basic Bars;927;Music Choice Reggae;Audio;Audio;No
Puerto Rico;COMERCIAL_USVI;Usvi Basic Bars;928;Music Choice Alternative;Audio;Audio;No
Puerto Rico;COMERCIAL_USVI;Usvi Basic Bars;929;Music Choice Pop & Country;Audio;Audio;No
Puerto Rico;COMERCIAL_USVI;Usvi Basic Bars;930;Music Choice Pop Latino;Audio;Audio;No
Puerto Rico;COMERCIAL_USVI;Usvi Basic Bars;931;Music Choice Classic Country;Audio;Audio;No
Puerto Rico;COMERCIAL_USVI;Usvi Basic Bars;932;Music Choice Big Band;Audio;Audio;No
Puerto Rico;COMERCIAL_USVI;Usvi Basic Bars;933;Music Choice Todays Country;Audio;Audio;No
Puerto Rico;COMERCIAL_USVI;Usvi Basic Bars;934;Music Choice Hit List;Audio;Audio;No
Puerto Rico;COMERCIAL_USVI;Usvi Basic Bars;935;Music Choice Hip-Hop And R&B;Audio;Audio;No
Puerto Rico;COMERCIAL_USVI;Usvi Basic Bars;936;Music Choice Teen Beats;Audio;Audio;No
Puerto Rico;COMERCIAL_USVI;Usvi Basic Bars;937;Music Choice Coffee Shop Cuts;Audio;Audio;No
Puerto Rico;COMERCIAL_USVI;Usvi Basic Bars;938;Music Choice Honky Tonk;Audio;Audio;No
Puerto Rico;COMERCIAL_USVI;Usvi Basic Bars;939;Music Choice Soundscapes;Audio;Audio;No
Puerto Rico;COMERCIAL_USVI;Usvi Basic Bars;940;Music Choice Light Classical;Audio;Audio;No
Puerto Rico;COMERCIAL_USVI;Usvi Basic Bars;941;Music Choice Classic Alternative;Audio;Audio;No
Puerto Rico;COMERCIAL_USVI;Usvi Basic Bars;942;Music Choice Indie;Audio;Audio;No
Puerto Rico;COMERCIAL_USVI;Usvi Basic Bars;943;Music Choice Malt Shop Favorites;Audio;Audio;No
Puerto Rico;COMERCIAL_USVI;Usvi Basic Bars;944;Music Choice Smooth Jazz;Audio;Audio;No
Puerto Rico;COMERCIAL_USVI;Usvi Basic Bars;945;Music Choice Contemporary Instrumentals;Audio;Audio;No
Puerto Rico;COMERCIAL_USVI;Usvi Basic Bars;946;Music Choice Hard Rock;Audio;Audio;No
Puerto Rico;COMERCIAL_USVI;Usvi Basic Bars;947;Music Choice Throwback Jamz;Audio;Audio;No
Puerto Rico;COMERCIAL_USVI;Usvi Basic Bars;948;Music Choice Classic Rock;Audio;Audio;No
Puerto Rico;COMERCIAL_USVI;Usvi Basic Bars;949;Music Choice Movie Scores;Audio;Audio;No
Puerto Rico;COMERCIAL_USVI;Usvi Basic Bars;950;Music Choice Max;Audio;Audio;No
Puerto Rico;COMERCIAL_USVI;Usvi Basic Bars;951;Music Choice Mainstream Rap;Audio;Audio;No
Puerto Rico;COMERCIAL_USVI;Usvi Basic Bars;952;Music Choice Americana;Audio;Audio;No
Puerto Rico;COMERCIAL_USVI;Usvi Basic Bars;953;Music Choice Symphony;Audio;Audio;No
Puerto Rico;COMERCIAL_USVI;Usvi Basic Bars;954;Music Choice Dance/EDM;Audio;Audio;No
Puerto Rico;COMERCIAL_USVI;Usvi Basic Bars;955;Music Choice Folk;Audio;Audio;No
Puerto Rico;COMERCIAL_USVI;Usvi Basic Bars;956;Music Choice Classic Dance;Audio;Audio;No
Puerto Rico;COMERCIAL_USVI;Usvi Basic Bars;957;Music Choice Gospel Hallelujah;Audio;Audio;No
Puerto Rico;COMERCIAL_USVI;Usvi Basic Bars;958;Music Choice Tropicales;Audio;Audio;No
Puerto Rico;COMERCIAL_USVI;Usvi Basic Bars;959;Music Choice Metal;Audio;Audio;No
Puerto Rico;COMERCIAL_USVI;Usvi Basic Bars;960;Music Choice Toddler Tunes;Audio;Audio;No
Puerto Rico;COMERCIAL_USVI;Usvi Basic Bars;961;Music Choice Y2k;Audio;Audio;No
Puerto Rico;COMERCIAL_USVI;Usvi Basic Bars;962;Music Choice Bluegrass;Audio;Audio;No
Puerto Rico;COMERCIAL_USVI;Usvi Basic Bars;963;Music Choice Vietnamese;Audio;Audio;No
Puerto Rico;COMERCIAL_USVI;Usvi Basic Bars;964;Music Choice Gospel;Audio;Audio;No
Puerto Rico;COMERCIAL_USVI;Usvi Basic Bars;965;Music Choice 60s Movement;Audio;Audio;No
Puerto Rico;COMERCIAL_USVI;Usvi Basic Bars;966;Music Choice Filipino;Audio;Audio;No
Puerto Rico;COMERCIAL_USVI;Usvi Basic Bars;967;Music Choice Sounds of the Season;Audio;Audio;No
Puerto Rico;COMERCIAL_USVI;Usvi Basic Bars Plus;162;Telemundo;HD;Nacional;No
Puerto Rico;COMERCIAL_USVI;Usvi Basic Bars Plus;164;WAPA TV;HD;Nacional;No
Puerto Rico;COMERCIAL_USVI;Usvi Basic Bars Plus;166;WIPR;SD;Nacional;Si
Puerto Rico;COMERCIAL_USVI;Usvi Basic Bars Plus;167;Teleislas;SD;Nacional;No
Puerto Rico;COMERCIAL_USVI;Usvi Basic Bars Plus;168;TeleOnce HD;HD;Nacional;No
Puerto Rico;COMERCIAL_USVI;Usvi Basic Bars Plus;169;Daystar Español;SD;Nacional;No
Puerto Rico;COMERCIAL_USVI;Usvi Basic Bars Plus;170;Fox News;HD;Nacional;No
Puerto Rico;COMERCIAL_USVI;Usvi Basic Bars Plus;172;ABC5;HD;Nacional;No
Puerto Rico;COMERCIAL_USVI;Usvi Basic Bars Plus;174;CBS;HD;Nacional;No
Puerto Rico;COMERCIAL_USVI;Usvi Basic Bars Plus;176;NBC PR;HD;Nacional;No
Puerto Rico;COMERCIAL_USVI;Usvi Basic Bars Plus;179;Punto 2;HD;Nacional;No
Puerto Rico;COMERCIAL_USVI;Usvi Basic Bars Plus;181;TV Dominicana;SD;Nacional;No
Puerto Rico;COMERCIAL_USVI;Usvi Basic Bars Plus;182;TV Chile;SD;Nacional;No
Puerto Rico;COMERCIAL_USVI;Usvi Basic Bars Plus;183;TeleOro;SD;Nacional;Si
Puerto Rico;COMERCIAL_USVI;Usvi Basic Bars Plus;185;Telecinco;SD;Local;No
Puerto Rico;COMERCIAL_USVI;Usvi Basic Bars Plus;186;UniMás;SD;Local;No
Puerto Rico;COMERCIAL_USVI;Usvi Basic Bars Plus;220;Bravo;HD;Variedades;No
Puerto Rico;COMERCIAL_USVI;Usvi Basic Bars Plus;221;¡Hola! TV;SD;Variedades;No
Puerto Rico;COMERCIAL_USVI;Usvi Basic Bars Plus;222;E! Entertainment HD;HD;Variedades;No
Puerto Rico;COMERCIAL_USVI;Usvi Basic Bars Plus;225;Pasiones;SD;Variedades;No
Puerto Rico;COMERCIAL_USVI;Usvi Basic Bars Plus;228;Food Network;HD;Variedades;Si
Puerto Rico;COMERCIAL_USVI;Usvi Basic Bars Plus;229;Blossom;SD;Variedades;Si
Puerto Rico;COMERCIAL_USVI;Usvi Basic Bars Plus;230;BET;SD;Variedades;Si
Puerto Rico;COMERCIAL_USVI;Usvi Basic Bars Plus;242;FX HD;HD;Variedades;No
Puerto Rico;COMERCIAL_USVI;Usvi Basic Bars Plus;244;TNT;HD;Variedades;Si
Puerto Rico;COMERCIAL_USVI;Usvi Basic Bars Plus;246;USA Network;HD;Variedades;No
Puerto Rico;COMERCIAL_USVI;Usvi Basic Bars Plus;248;TBS;HD;Variedades;Si
Puerto Rico;COMERCIAL_USVI;Usvi Basic Bars Plus;249;TLnovelas;SD;Variedades;Si
Puerto Rico;COMERCIAL_USVI;Usvi Basic Bars Plus;250;HGTV;HD;Variedades;No
Puerto Rico;COMERCIAL_USVI;Usvi Basic Bars Plus;252;Freeform;HD;Variedades;No
Puerto Rico;COMERCIAL_USVI;Usvi Basic Bars Plus;254;Paramount Network;HD;Variedades;Si
Puerto Rico;COMERCIAL_USVI;Usvi Basic Bars Plus;256;A&E;HD;Variedades;No
Puerto Rico;COMERCIAL_USVI;Usvi Basic Bars Plus;260;MTV;HD;Variedades;Si
Puerto Rico;COMERCIAL_USVI;Usvi Basic Bars Plus;261;MTV 2;HD;Variedades;Si
Puerto Rico;COMERCIAL_USVI;Usvi Basic Bars Plus;262;VH1;HD;Variedades;Si
Puerto Rico;COMERCIAL_USVI;Usvi Basic Bars Plus;263;Comedy Central;HD;Variedades;No
Puerto Rico;COMERCIAL_USVI;Usvi Basic Bars Plus;264;VICE;SD;Variedades;Si
Puerto Rico;COMERCIAL_USVI;Usvi Basic Bars Plus;267;Cooking Channel;HD;Variedades;No
Puerto Rico;COMERCIAL_USVI;Usvi Basic Bars Plus;268;So Yummy;SD;Variedades;Si
Puerto Rico;COMERCIAL_USVI;Usvi Basic Bars Plus;320;Cartoon Network;HD;Infantil;Si
Puerto Rico;COMERCIAL_USVI;Usvi Basic Bars Plus;322;Nickelodeon;HD;Infantil;Si
Puerto Rico;COMERCIAL_USVI;Usvi Basic Bars Plus;324;Disney Channel;HD;Infantil;No
Puerto Rico;COMERCIAL_USVI;Usvi Basic Bars Plus;326;Disney XD;HD;Infantil;No
Puerto Rico;COMERCIAL_USVI;Usvi Basic Bars Plus;330;Discovery Kids LA;SD;Infantil;Si
Puerto Rico;COMERCIAL_USVI;Usvi Basic Bars Plus;332;LooLoo Kids;SD;Infantil;No
Puerto Rico;COMERCIAL_USVI;Usvi Basic Bars Plus;336;Boomerang;SD;Infantil;Si
Puerto Rico;COMERCIAL_USVI;Usvi Basic Bars Plus;337;Nick Jr.;HD;Infantil;No
Puerto Rico;COMERCIAL_USVI;Usvi Basic Bars Plus;338;Vme;SD;Infantil;Si
Puerto Rico;COMERCIAL_USVI;Usvi Basic Bars Plus;339;Baby First TV;SD;Infantil;Si
Puerto Rico;COMERCIAL_USVI;Usvi Basic Bars Plus;350;EWTN;SD;Religioso;Si
Puerto Rico;COMERCIAL_USVI;Usvi Basic Bars Plus;352;Enlace;SD;Religioso;Si
Puerto Rico;COMERCIAL_USVI;Usvi Basic Bars Plus;354;Christian Television Network (CTN);SD;Religioso;Si
Puerto Rico;COMERCIAL_USVI;Usvi Basic Bars Plus;462;Playboy TV;SD;Adultos;No
Puerto Rico;COMERCIAL_USVI;Usvi Basic Bars Plus;465;Brazzers TV;SD;Adultos;No
Puerto Rico;COMERCIAL_USVI;Usvi Basic Bars Plus;468;Hustler;SD;Adultos;No
Puerto Rico;COMERCIAL_USVI;Usvi Basic Bars Plus;511;AMC;HD;Cine;No
Puerto Rico;COMERCIAL_USVI;Usvi Basic Bars Plus;514;Cine Latino;SD;Cine;No
Puerto Rico;COMERCIAL_USVI;Usvi Basic Bars Plus;516;De Película;SD;Cine;Si
Puerto Rico;COMERCIAL_USVI;Usvi Basic Bars Plus;517;Lifetime;HD;Cine;No
Puerto Rico;COMERCIAL_USVI;Usvi Basic Bars Plus;518;Lifetime Moivie Network;HD;Cine;No
Puerto Rico;COMERCIAL_USVI;Usvi Basic Bars Plus;520;Hallmark Channel;HD;Cine;Si
Puerto Rico;COMERCIAL_USVI;Usvi Basic Bars Plus;521;Hallmark Family;HD;Cine;Si
Puerto Rico;COMERCIAL_USVI;Usvi Basic Bars Plus;550;MGM Mas;HD;Cine;No
Puerto Rico;COMERCIAL_USVI;Usvi Basic Bars Plus;551;MGM Mas Hits;HD;Cine;No
Puerto Rico;COMERCIAL_USVI;Usvi Basic Bars Plus;552;MGM Mas Marquee;HD;Cine;No
Puerto Rico;COMERCIAL_USVI;Usvi Basic Bars Plus;564;HBO;HD;Cine;No
Puerto Rico;COMERCIAL_USVI;Usvi Basic Bars Plus;565;HBO Hits;HD;Cine;No
Puerto Rico;COMERCIAL_USVI;Usvi Basic Bars Plus;566;HBO Movie;HD;Cine;No
Puerto Rico;COMERCIAL_USVI;Usvi Basic Bars Plus;567;HBO Drama;HD;Cine;No
Puerto Rico;COMERCIAL_USVI;Usvi Basic Bars Plus;569;HBO Comedy;HD;Cine;No
Puerto Rico;COMERCIAL_USVI;Usvi Basic Bars Plus;570;HBO Latino;HD;Cine;No
Puerto Rico;COMERCIAL_USVI;Usvi Basic Bars Plus;571;Cinemax;HD;Cine;No
Puerto Rico;COMERCIAL_USVI;Usvi Basic Bars Plus;572;Cinemax Hits;HD;Cine;No
Puerto Rico;COMERCIAL_USVI;Usvi Basic Bars Plus;574;Cinemax Action;HD;Cine;No
Puerto Rico;COMERCIAL_USVI;Usvi Basic Bars Plus;577;Paramount+ with Showtime;HD;Cine;No
Puerto Rico;COMERCIAL_USVI;Usvi Basic Bars Plus;578;Showtime 2;HD;Cine;No
Puerto Rico;COMERCIAL_USVI;Usvi Basic Bars Plus;579;Showtime Beyond;HD;Cine;No
Puerto Rico;COMERCIAL_USVI;Usvi Basic Bars Plus;580;Showcase;HD;Cine;No
Puerto Rico;COMERCIAL_USVI;Usvi Basic Bars Plus;581;Showtime Extreme;HD;Cine;No
Puerto Rico;COMERCIAL_USVI;Usvi Basic Bars Plus;582;The Movie Channel;SD;Cine;No
Puerto Rico;COMERCIAL_USVI;Usvi Basic Bars Plus;585;Starz;HD;Cine;No
Puerto Rico;COMERCIAL_USVI;Usvi Basic Bars Plus;586;Starz Kids & Family;HD;Cine;No
Puerto Rico;COMERCIAL_USVI;Usvi Basic Bars Plus;587;Starz Cinema;HD;Cine;No
Puerto Rico;COMERCIAL_USVI;Usvi Basic Bars Plus;588;Encore Action;SD;Cine;No
Puerto Rico;COMERCIAL_USVI;Usvi Basic Bars Plus;589;Encore;HD;Cine;No
Puerto Rico;COMERCIAL_USVI;Usvi Basic Bars Plus;590;Encore Family;SD;Cine;No
Puerto Rico;COMERCIAL_USVI;Usvi Basic Bars Plus;601;NBA League Pass;HD;Deportes;No
Puerto Rico;COMERCIAL_USVI;Usvi Basic Bars Plus;619;NBA League Pass;HD;Deportes;No
Puerto Rico;COMERCIAL_USVI;Usvi Basic Bars Plus;620;NFL Sunday Ticket;HD;Deportes;No
Puerto Rico;COMERCIAL_USVI;Usvi Basic Bars Plus;639;NFL Sunday Ticket;HD;Deportes;No
Puerto Rico;COMERCIAL_USVI;Usvi Basic Bars Plus;640;Thursday Night Football;HD;Deportes;No
Puerto Rico;COMERCIAL_USVI;Usvi Basic Bars Plus;645;ESPN;HD;Deportes;No
Puerto Rico;COMERCIAL_USVI;Usvi Basic Bars Plus;646;ESPN News;HD;Deportes;No
Puerto Rico;COMERCIAL_USVI;Usvi Basic Bars Plus;648;ESPN 2;HD;Deportes;No
Puerto Rico;COMERCIAL_USVI;Usvi Basic Bars Plus;649;ESPN Deportes;HD;Deportes;Si
Puerto Rico;COMERCIAL_USVI;Usvi Basic Bars Plus;651;Fox Deportes;SD;Deportes;No
Puerto Rico;COMERCIAL_USVI;Usvi Basic Bars Plus;652;The Tennis Channel;HD;Deportes;No
Puerto Rico;COMERCIAL_USVI;Usvi Basic Bars Plus;653;NBA TV;HD;Deportes;No
Puerto Rico;COMERCIAL_USVI;Usvi Basic Bars Plus;654;The Golf Channel;HD;Deportes;No
Puerto Rico;COMERCIAL_USVI;Usvi Basic Bars Plus;655;Fox Sports;HD;Deportes;No
Puerto Rico;COMERCIAL_USVI;Usvi Basic Bars Plus;656;MLB Network;HD;Deportes;No
Puerto Rico;COMERCIAL_USVI;Usvi Basic Bars Plus;657;WAPA Deportes;HD;Deportes;No
Puerto Rico;COMERCIAL_USVI;Usvi Basic Bars Plus;702;CNN;HD;Mundo;Si
Puerto Rico;COMERCIAL_USVI;Usvi Basic Bars Plus;704;CNN en Español;SD;Mundo;Si
Puerto Rico;COMERCIAL_USVI;Usvi Basic Bars Plus;708;Headline News;HD;Mundo;Si
Puerto Rico;COMERCIAL_USVI;Usvi Basic Bars Plus;710;Bloomberg;HD;Mundo;Si
Puerto Rico;COMERCIAL_USVI;Usvi Basic Bars Plus;712;AccuWeather;HD;Mundo;Si
Puerto Rico;COMERCIAL_USVI;Usvi Basic Bars Plus;714;Estrella TV;SD;Mundo;No
Puerto Rico;COMERCIAL_USVI;Usvi Basic Bars Plus;720;CSPAN2;SD;Mundo;No
Puerto Rico;COMERCIAL_USVI;Usvi Basic Bars Plus;730;Nat Geo Mundo;SD;Mundo;Si
Puerto Rico;COMERCIAL_USVI;Usvi Basic Bars Plus;732;Discovery em Español;SD;Mundo;Si
Puerto Rico;COMERCIAL_USVI;Usvi Basic Bars Plus;734;Animal Planet LA;SD;Mundo;No
Puerto Rico;COMERCIAL_USVI;Usvi Basic Bars Plus;735;Animal Planet US;HD;Mundo;Si
Puerto Rico;COMERCIAL_USVI;Usvi Basic Bars Plus;742;History Andes;SD;Mundo;Si
Puerto Rico;COMERCIAL_USVI;Usvi Basic Bars Plus;744;FYI;HD;Mundo;Si
Puerto Rico;COMERCIAL_USVI;Usvi Basic Bars Plus;745;SyFy;HD;Mundo;No
Puerto Rico;COMERCIAL_USVI;Usvi Basic Bars Plus;746;Discovery Turbo;HD;Mundo;Si
Puerto Rico;COMERCIAL_USVI;Usvi Basic Bars Plus;752;Discovery US;HD;Mundo;No
Puerto Rico;COMERCIAL_USVI;Usvi Basic Bars Plus;754;The Learning Channel;HD;Mundo;Si
Puerto Rico;COMERCIAL_USVI;Usvi Basic Bars Plus;756;History Channel;HD;Mundo;Si
Puerto Rico;COMERCIAL_USVI;Usvi Basic Bars Plus;760;TVE;SD;Variedades;Si
Puerto Rico;COMERCIAL_USVI;Usvi Basic Bars Plus;762;Antena 3;SD;Mundo;No
Puerto Rico;COMERCIAL_USVI;Usvi Basic Bars Plus;764;HITN;SD;Variedades;No
Puerto Rico;COMERCIAL_USVI;Usvi Basic Bars Plus;768;BBC América;HD;Mundo;No
Puerto Rico;COMERCIAL_USVI;Usvi Basic Bars Plus;901;Music Choice Rock Hits;Audio;Audio;No
Puerto Rico;COMERCIAL_USVI;Usvi Basic Bars Plus;902;Music Choice 80s Rock;Audio;Audio;No
Puerto Rico;COMERCIAL_USVI;Usvi Basic Bars Plus;903;Music Choice Jazz Vocal Hits;Audio;Audio;No
Puerto Rico;COMERCIAL_USVI;Usvi Basic Bars Plus;904;Music Choice Country Hits;Audio;Audio;No
Puerto Rico;COMERCIAL_USVI;Usvi Basic Bars Plus;905;Music Choice New Age;Audio;Audio;No
Puerto Rico;COMERCIAL_USVI;Usvi Basic Bars Plus;906;Music Choice Funk;Audio;Audio;No
Puerto Rico;COMERCIAL_USVI;Usvi Basic Bars Plus;907;Music Choice 90s;Audio;Audio;No
Puerto Rico;COMERCIAL_USVI;Usvi Basic Bars Plus;908;Music Choice Blues;Audio;Audio;No
Puerto Rico;COMERCIAL_USVI;Usvi Basic Bars Plus;909;Music Choice Love Songs;Audio;Audio;No
Puerto Rico;COMERCIAL_USVI;Usvi Basic Bars Plus;910;Music Choice Musica Urbana;Audio;Audio;No
Puerto Rico;COMERCIAL_USVI;Usvi Basic Bars Plus;911;Music Choice R&B Classics;Audio;Audio;No
Puerto Rico;COMERCIAL_USVI;Usvi Basic Bars Plus;912;Music Choice Latin Jazz;Audio;Audio;No
Puerto Rico;COMERCIAL_USVI;Usvi Basic Bars Plus;913;Music Choice Soft Rock;Audio;Audio;No
Puerto Rico;COMERCIAL_USVI;Usvi Basic Bars Plus;914;Music Choice Rap;Audio;Audio;No
Puerto Rico;COMERCIAL_USVI;Usvi Basic Bars Plus;915;Music Choice All Xmas;Audio;Audio;No
Puerto Rico;COMERCIAL_USVI;Usvi Basic Bars Plus;916;Music Choice Workout;Audio;Audio;No
Puerto Rico;COMERCIAL_USVI;Usvi Basic Bars Plus;917;Music Choice Broadway;Audio;Audio;No
Puerto Rico;COMERCIAL_USVI;Usvi Basic Bars Plus;918;Music Choice Adult Alternative;Audio;Audio;No
Puerto Rico;COMERCIAL_USVI;Usvi Basic Bars Plus;919;Music Choice Pop Hits;Audio;Audio;No
Puerto Rico;COMERCIAL_USVI;Usvi Basic Bars Plus;920;Music Choice New Wave;Audio;Audio;No
Puerto Rico;COMERCIAL_USVI;Usvi Basic Bars Plus;921;Music Choice 70s;Audio;Audio;No
Puerto Rico;COMERCIAL_USVI;Usvi Basic Bars Plus;922;Music Choice Kidz Only!;Audio;Audio;No
Puerto Rico;COMERCIAL_USVI;Usvi Basic Bars Plus;923;Music Choice 80s;Audio;Audio;No
Puerto Rico;COMERCIAL_USVI;Usvi Basic Bars Plus;924;Music Choice Rock Latino;Audio;Audio;No
Puerto Rico;COMERCIAL_USVI;Usvi Basic Bars Plus;925;Music Choice Retro Workout;Audio;Audio;No
Puerto Rico;COMERCIAL_USVI;Usvi Basic Bars Plus;926;Music Choice Contemporary Christian;Audio;Audio;No
Puerto Rico;COMERCIAL_USVI;Usvi Basic Bars Plus;927;Music Choice Reggae;Audio;Audio;No
Puerto Rico;COMERCIAL_USVI;Usvi Basic Bars Plus;928;Music Choice Alternative;Audio;Audio;No
Puerto Rico;COMERCIAL_USVI;Usvi Basic Bars Plus;929;Music Choice Pop & Country;Audio;Audio;No
Puerto Rico;COMERCIAL_USVI;Usvi Basic Bars Plus;930;Music Choice Pop Latino;Audio;Audio;No
Puerto Rico;COMERCIAL_USVI;Usvi Basic Bars Plus;931;Music Choice Classic Country;Audio;Audio;No
Puerto Rico;COMERCIAL_USVI;Usvi Basic Bars Plus;932;Music Choice Big Band;Audio;Audio;No
Puerto Rico;COMERCIAL_USVI;Usvi Basic Bars Plus;933;Music Choice Todays Country;Audio;Audio;No
Puerto Rico;COMERCIAL_USVI;Usvi Basic Bars Plus;934;Music Choice Hit List;Audio;Audio;No
Puerto Rico;COMERCIAL_USVI;Usvi Basic Bars Plus;935;Music Choice Hip-Hop And R&B;Audio;Audio;No
Puerto Rico;COMERCIAL_USVI;Usvi Basic Bars Plus;936;Music Choice Teen Beats;Audio;Audio;No
Puerto Rico;COMERCIAL_USVI;Usvi Basic Bars Plus;937;Music Choice Coffee Shop Cuts;Audio;Audio;No
Puerto Rico;COMERCIAL_USVI;Usvi Basic Bars Plus;938;Music Choice Honky Tonk;Audio;Audio;No
Puerto Rico;COMERCIAL_USVI;Usvi Basic Bars Plus;939;Music Choice Soundscapes;Audio;Audio;No
Puerto Rico;COMERCIAL_USVI;Usvi Basic Bars Plus;940;Music Choice Light Classical;Audio;Audio;No
Puerto Rico;COMERCIAL_USVI;Usvi Basic Bars Plus;941;Music Choice Classic Alternative;Audio;Audio;No
Puerto Rico;COMERCIAL_USVI;Usvi Basic Bars Plus;942;Music Choice Indie;Audio;Audio;No
Puerto Rico;COMERCIAL_USVI;Usvi Basic Bars Plus;943;Music Choice Malt Shop Favorites;Audio;Audio;No
Puerto Rico;COMERCIAL_USVI;Usvi Basic Bars Plus;944;Music Choice Smooth Jazz;Audio;Audio;No
Puerto Rico;COMERCIAL_USVI;Usvi Basic Bars Plus;945;Music Choice Contemporary Instrumentals;Audio;Audio;No
Puerto Rico;COMERCIAL_USVI;Usvi Basic Bars Plus;946;Music Choice Hard Rock;Audio;Audio;No
Puerto Rico;COMERCIAL_USVI;Usvi Basic Bars Plus;947;Music Choice Throwback Jamz;Audio;Audio;No
Puerto Rico;COMERCIAL_USVI;Usvi Basic Bars Plus;948;Music Choice Classic Rock;Audio;Audio;No
Puerto Rico;COMERCIAL_USVI;Usvi Basic Bars Plus;949;Music Choice Movie Scores;Audio;Audio;No
Puerto Rico;COMERCIAL_USVI;Usvi Basic Bars Plus;950;Music Choice Max;Audio;Audio;No
Puerto Rico;COMERCIAL_USVI;Usvi Basic Bars Plus;951;Music Choice Mainstream Rap;Audio;Audio;No
Puerto Rico;COMERCIAL_USVI;Usvi Basic Bars Plus;952;Music Choice Americana;Audio;Audio;No
Puerto Rico;COMERCIAL_USVI;Usvi Basic Bars Plus;953;Music Choice Symphony;Audio;Audio;No
Puerto Rico;COMERCIAL_USVI;Usvi Basic Bars Plus;954;Music Choice Dance/EDM;Audio;Audio;No
Puerto Rico;COMERCIAL_USVI;Usvi Basic Bars Plus;955;Music Choice Folk;Audio;Audio;No
Puerto Rico;COMERCIAL_USVI;Usvi Basic Bars Plus;956;Music Choice Classic Dance;Audio;Audio;No
Puerto Rico;COMERCIAL_USVI;Usvi Basic Bars Plus;957;Music Choice Gospel Hallelujah;Audio;Audio;No
Puerto Rico;COMERCIAL_USVI;Usvi Basic Bars Plus;958;Music Choice Tropicales;Audio;Audio;No
Puerto Rico;COMERCIAL_USVI;Usvi Basic Bars Plus;959;Music Choice Metal;Audio;Audio;No
Puerto Rico;COMERCIAL_USVI;Usvi Basic Bars Plus;960;Music Choice Toddler Tunes;Audio;Audio;No
Puerto Rico;COMERCIAL_USVI;Usvi Basic Bars Plus;961;Music Choice Y2k;Audio;Audio;No
Puerto Rico;COMERCIAL_USVI;Usvi Basic Bars Plus;962;Music Choice Bluegrass;Audio;Audio;No
Puerto Rico;COMERCIAL_USVI;Usvi Basic Bars Plus;963;Music Choice Vietnamese;Audio;Audio;No
Puerto Rico;COMERCIAL_USVI;Usvi Basic Bars Plus;964;Music Choice Gospel;Audio;Audio;No
Puerto Rico;COMERCIAL_USVI;Usvi Basic Bars Plus;965;Music Choice 60s Movement;Audio;Audio;No
Puerto Rico;COMERCIAL_USVI;Usvi Basic Bars Plus;966;Music Choice Filipino;Audio;Audio;No
Puerto Rico;COMERCIAL_USVI;Usvi Basic Bars Plus;967;Music Choice Sounds of the Season;Audio;Audio;No
Puerto Rico;COMERCIAL_USVI;Usvi Basic Bars Extended;162;Telemundo;HD;Nacional;No
Puerto Rico;COMERCIAL_USVI;Usvi Basic Bars Extended;164;WAPA TV;HD;Nacional;No
Puerto Rico;COMERCIAL_USVI;Usvi Basic Bars Extended;166;WIPR;SD;Nacional;Si
Puerto Rico;COMERCIAL_USVI;Usvi Basic Bars Extended;167;Teleislas;SD;Nacional;No
Puerto Rico;COMERCIAL_USVI;Usvi Basic Bars Extended;168;TeleOnce HD;HD;Nacional;No
Puerto Rico;COMERCIAL_USVI;Usvi Basic Bars Extended;169;Daystar Español;SD;Nacional;No
Puerto Rico;COMERCIAL_USVI;Usvi Basic Bars Extended;170;Fox News;HD;Nacional;No
Puerto Rico;COMERCIAL_USVI;Usvi Basic Bars Extended;172;ABC5;HD;Nacional;No
Puerto Rico;COMERCIAL_USVI;Usvi Basic Bars Extended;174;CBS;HD;Nacional;No
Puerto Rico;COMERCIAL_USVI;Usvi Basic Bars Extended;176;NBC PR;HD;Nacional;No
Puerto Rico;COMERCIAL_USVI;Usvi Basic Bars Extended;179;Punto 2;HD;Nacional;No
Puerto Rico;COMERCIAL_USVI;Usvi Basic Bars Extended;181;TV Dominicana;SD;Nacional;No
Puerto Rico;COMERCIAL_USVI;Usvi Basic Bars Extended;182;TV Chile;SD;Nacional;Si
Puerto Rico;COMERCIAL_USVI;Usvi Basic Bars Extended;183;TeleOro;SD;Nacional;Si
Puerto Rico;COMERCIAL_USVI;Usvi Basic Bars Extended;185;Telecinco;SD;Local;No
Puerto Rico;COMERCIAL_USVI;Usvi Basic Bars Extended;186;UniMás;SD;Local;No
Puerto Rico;COMERCIAL_USVI;Usvi Basic Bars Extended;220;Bravo;HD;Variedades;Si
Puerto Rico;COMERCIAL_USVI;Usvi Basic Bars Extended;221;¡Hola! TV;SD;Variedades;Si
Puerto Rico;COMERCIAL_USVI;Usvi Basic Bars Extended;222;E! Entertainment HD;HD;Variedades;Si
Puerto Rico;COMERCIAL_USVI;Usvi Basic Bars Extended;225;Pasiones;SD;Variedades;No
Puerto Rico;COMERCIAL_USVI;Usvi Basic Bars Extended;228;Food Network;HD;Variedades;Si
Puerto Rico;COMERCIAL_USVI;Usvi Basic Bars Extended;229;Blossom;SD;Variedades;Si
Puerto Rico;COMERCIAL_USVI;Usvi Basic Bars Extended;230;BET;SD;Variedades;Si
Puerto Rico;COMERCIAL_USVI;Usvi Basic Bars Extended;242;FX HD;HD;Variedades;Si
Puerto Rico;COMERCIAL_USVI;Usvi Basic Bars Extended;244;TNT;HD;Variedades;Si
Puerto Rico;COMERCIAL_USVI;Usvi Basic Bars Extended;246;USA Network;HD;Variedades;Si
Puerto Rico;COMERCIAL_USVI;Usvi Basic Bars Extended;248;TBS;HD;Variedades;Si
Puerto Rico;COMERCIAL_USVI;Usvi Basic Bars Extended;249;TLnovelas;SD;Variedades;Si
Puerto Rico;COMERCIAL_USVI;Usvi Basic Bars Extended;250;HGTV;HD;Variedades;Si
Puerto Rico;COMERCIAL_USVI;Usvi Basic Bars Extended;252;Freeform;HD;Variedades;Si
Puerto Rico;COMERCIAL_USVI;Usvi Basic Bars Extended;254;Paramount Network;HD;Variedades;Si
Puerto Rico;COMERCIAL_USVI;Usvi Basic Bars Extended;256;A&E;HD;Variedades;Si
Puerto Rico;COMERCIAL_USVI;Usvi Basic Bars Extended;260;MTV;HD;Variedades;Si
Puerto Rico;COMERCIAL_USVI;Usvi Basic Bars Extended;261;MTV 2;HD;Variedades;Si
Puerto Rico;COMERCIAL_USVI;Usvi Basic Bars Extended;262;VH1;HD;Variedades;Si
Puerto Rico;COMERCIAL_USVI;Usvi Basic Bars Extended;263;Comedy Central;HD;Variedades;Si
Puerto Rico;COMERCIAL_USVI;Usvi Basic Bars Extended;264;VICE;SD;Variedades;Si
Puerto Rico;COMERCIAL_USVI;Usvi Basic Bars Extended;267;Cooking Channel;HD;Variedades;Si
Puerto Rico;COMERCIAL_USVI;Usvi Basic Bars Extended;268;So Yummy;SD;Variedades;Si
Puerto Rico;COMERCIAL_USVI;Usvi Basic Bars Extended;320;Cartoon Network;HD;Infantil;Si
Puerto Rico;COMERCIAL_USVI;Usvi Basic Bars Extended;322;Nickelodeon;HD;Infantil;Si
Puerto Rico;COMERCIAL_USVI;Usvi Basic Bars Extended;324;Disney Channel;HD;Infantil;Si
Puerto Rico;COMERCIAL_USVI;Usvi Basic Bars Extended;326;Disney XD;HD;Infantil;Si
Puerto Rico;COMERCIAL_USVI;Usvi Basic Bars Extended;330;Discovery Kids LA;SD;Infantil;Si
Puerto Rico;COMERCIAL_USVI;Usvi Basic Bars Extended;332;LooLoo Kids;SD;Infantil;No
Puerto Rico;COMERCIAL_USVI;Usvi Basic Bars Extended;336;Boomerang;SD;Infantil;Si
Puerto Rico;COMERCIAL_USVI;Usvi Basic Bars Extended;337;Nick Jr.;HD;Infantil;Si
Puerto Rico;COMERCIAL_USVI;Usvi Basic Bars Extended;338;Vme;SD;Infantil;Si
Puerto Rico;COMERCIAL_USVI;Usvi Basic Bars Extended;339;Baby First TV;SD;Infantil;Si
Puerto Rico;COMERCIAL_USVI;Usvi Basic Bars Extended;350;EWTN;SD;Religioso;Si
Puerto Rico;COMERCIAL_USVI;Usvi Basic Bars Extended;352;Enlace;SD;Religioso;Si
Puerto Rico;COMERCIAL_USVI;Usvi Basic Bars Extended;354;Christian Television Network (CTN);SD;Religioso;Si
Puerto Rico;COMERCIAL_USVI;Usvi Basic Bars Extended;462;Playboy TV;SD;Adultos;No
Puerto Rico;COMERCIAL_USVI;Usvi Basic Bars Extended;465;Brazzers TV;SD;Adultos;No
Puerto Rico;COMERCIAL_USVI;Usvi Basic Bars Extended;468;Hustler;SD;Adultos;No
Puerto Rico;COMERCIAL_USVI;Usvi Basic Bars Extended;511;AMC;HD;Cine;Si
Puerto Rico;COMERCIAL_USVI;Usvi Basic Bars Extended;514;Cine Latino;SD;Cine;Si
Puerto Rico;COMERCIAL_USVI;Usvi Basic Bars Extended;516;De Película;SD;Cine;Si
Puerto Rico;COMERCIAL_USVI;Usvi Basic Bars Extended;517;Lifetime;HD;Cine;Si
Puerto Rico;COMERCIAL_USVI;Usvi Basic Bars Extended;518;Lifetime Moivie Network;HD;Cine;Si
Puerto Rico;COMERCIAL_USVI;Usvi Basic Bars Extended;520;Hallmark Channel;HD;Cine;Si
Puerto Rico;COMERCIAL_USVI;Usvi Basic Bars Extended;521;Hallmark Family;HD;Cine;Si
Puerto Rico;COMERCIAL_USVI;Usvi Basic Bars Extended;550;MGM Mas;HD;Cine;No
Puerto Rico;COMERCIAL_USVI;Usvi Basic Bars Extended;551;MGM Mas Hits;HD;Cine;No
Puerto Rico;COMERCIAL_USVI;Usvi Basic Bars Extended;552;MGM Mas Marquee;HD;Cine;No
Puerto Rico;COMERCIAL_USVI;Usvi Basic Bars Extended;564;HBO;HD;Cine;No
Puerto Rico;COMERCIAL_USVI;Usvi Basic Bars Extended;565;HBO Hits;HD;Cine;No
Puerto Rico;COMERCIAL_USVI;Usvi Basic Bars Extended;566;HBO Movie;HD;Cine;No
Puerto Rico;COMERCIAL_USVI;Usvi Basic Bars Extended;567;HBO Drama;HD;Cine;No
Puerto Rico;COMERCIAL_USVI;Usvi Basic Bars Extended;569;HBO Comedy;HD;Cine;No
Puerto Rico;COMERCIAL_USVI;Usvi Basic Bars Extended;570;HBO Latino;HD;Cine;No
Puerto Rico;COMERCIAL_USVI;Usvi Basic Bars Extended;571;Cinemax;HD;Cine;No
Puerto Rico;COMERCIAL_USVI;Usvi Basic Bars Extended;572;Cinemax Hits;HD;Cine;No
Puerto Rico;COMERCIAL_USVI;Usvi Basic Bars Extended;574;Cinemax Action;HD;Cine;No
Puerto Rico;COMERCIAL_USVI;Usvi Basic Bars Extended;577;Paramount+ with Showtime;HD;Cine;No
Puerto Rico;COMERCIAL_USVI;Usvi Basic Bars Extended;578;Showtime 2;HD;Cine;No
Puerto Rico;COMERCIAL_USVI;Usvi Basic Bars Extended;579;Showtime Beyond;HD;Cine;No
Puerto Rico;COMERCIAL_USVI;Usvi Basic Bars Extended;580;Showcase;HD;Cine;No
Puerto Rico;COMERCIAL_USVI;Usvi Basic Bars Extended;581;Showtime Extreme;HD;Cine;No
Puerto Rico;COMERCIAL_USVI;Usvi Basic Bars Extended;582;The Movie Channel;SD;Cine;No
Puerto Rico;COMERCIAL_USVI;Usvi Basic Bars Extended;585;Starz;HD;Cine;No
Puerto Rico;COMERCIAL_USVI;Usvi Basic Bars Extended;586;Starz Kids & Family;HD;Cine;No
Puerto Rico;COMERCIAL_USVI;Usvi Basic Bars Extended;587;Starz Cinema;HD;Cine;No
Puerto Rico;COMERCIAL_USVI;Usvi Basic Bars Extended;588;Encore Action;SD;Cine;No
Puerto Rico;COMERCIAL_USVI;Usvi Basic Bars Extended;589;Encore;HD;Cine;No
Puerto Rico;COMERCIAL_USVI;Usvi Basic Bars Extended;590;Encore Family;SD;Cine;No
Puerto Rico;COMERCIAL_USVI;Usvi Basic Bars Extended;601;NBA League Pass;HD;Deportes;No
Puerto Rico;COMERCIAL_USVI;Usvi Basic Bars Extended;619;NBA League Pass;HD;Deportes;No
Puerto Rico;COMERCIAL_USVI;Usvi Basic Bars Extended;620;NFL Sunday Ticket;HD;Deportes;No
Puerto Rico;COMERCIAL_USVI;Usvi Basic Bars Extended;639;NFL Sunday Ticket;HD;Deportes;No
Puerto Rico;COMERCIAL_USVI;Usvi Basic Bars Extended;640;Thursday Night Football;HD;Deportes;No
Puerto Rico;COMERCIAL_USVI;Usvi Basic Bars Extended;645;ESPN;HD;Deportes;Si
Puerto Rico;COMERCIAL_USVI;Usvi Basic Bars Extended;646;ESPN News;HD;Deportes;Si
Puerto Rico;COMERCIAL_USVI;Usvi Basic Bars Extended;648;ESPN 2;HD;Deportes;Si
Puerto Rico;COMERCIAL_USVI;Usvi Basic Bars Extended;649;ESPN Deportes;HD;Deportes;Si
Puerto Rico;COMERCIAL_USVI;Usvi Basic Bars Extended;651;Fox Deportes;SD;Deportes;No
Puerto Rico;COMERCIAL_USVI;Usvi Basic Bars Extended;652;The Tennis Channel;HD;Deportes;Si
Puerto Rico;COMERCIAL_USVI;Usvi Basic Bars Extended;653;NBA TV;HD;Deportes;Si
Puerto Rico;COMERCIAL_USVI;Usvi Basic Bars Extended;654;The Golf Channel;HD;Deportes;Si
Puerto Rico;COMERCIAL_USVI;Usvi Basic Bars Extended;655;Fox Sports;HD;Deportes;Si
Puerto Rico;COMERCIAL_USVI;Usvi Basic Bars Extended;656;MLB Network;HD;Deportes;Si
Puerto Rico;COMERCIAL_USVI;Usvi Basic Bars Extended;657;WAPA Deportes;HD;Deportes;No
Puerto Rico;COMERCIAL_USVI;Usvi Basic Bars Extended;702;CNN;HD;Mundo;Si
Puerto Rico;COMERCIAL_USVI;Usvi Basic Bars Extended;704;CNN en Español;SD;Mundo;Si
Puerto Rico;COMERCIAL_USVI;Usvi Basic Bars Extended;708;Headline News;HD;Mundo;Si
Puerto Rico;COMERCIAL_USVI;Usvi Basic Bars Extended;710;Bloomberg;HD;Mundo;Si
Puerto Rico;COMERCIAL_USVI;Usvi Basic Bars Extended;712;AccuWeather;HD;Mundo;Si
Puerto Rico;COMERCIAL_USVI;Usvi Basic Bars Extended;714;Estrella TV;SD;Mundo;No
Puerto Rico;COMERCIAL_USVI;Usvi Basic Bars Extended;720;CSPAN2;SD;Mundo;No
Puerto Rico;COMERCIAL_USVI;Usvi Basic Bars Extended;730;Nat Geo Mundo;SD;Mundo;Si
Puerto Rico;COMERCIAL_USVI;Usvi Basic Bars Extended;732;Discovery em Español;SD;Mundo;Si
Puerto Rico;COMERCIAL_USVI;Usvi Basic Bars Extended;734;Animal Planet LA;SD;Mundo;Si
Puerto Rico;COMERCIAL_USVI;Usvi Basic Bars Extended;735;Animal Planet US;HD;Mundo;Si
Puerto Rico;COMERCIAL_USVI;Usvi Basic Bars Extended;742;History Andes;SD;Mundo;Si
Puerto Rico;COMERCIAL_USVI;Usvi Basic Bars Extended;744;FYI;HD;Mundo;Si
Puerto Rico;COMERCIAL_USVI;Usvi Basic Bars Extended;745;SyFy;HD;Mundo;Si
Puerto Rico;COMERCIAL_USVI;Usvi Basic Bars Extended;746;Discovery Turbo;HD;Mundo;Si
Puerto Rico;COMERCIAL_USVI;Usvi Basic Bars Extended;752;Discovery US;HD;Mundo;Si
Puerto Rico;COMERCIAL_USVI;Usvi Basic Bars Extended;754;The Learning Channel;HD;Mundo;Si
Puerto Rico;COMERCIAL_USVI;Usvi Basic Bars Extended;756;History Channel;HD;Mundo;Si
Puerto Rico;COMERCIAL_USVI;Usvi Basic Bars Extended;760;TVE;SD;Variedades;Si
Puerto Rico;COMERCIAL_USVI;Usvi Basic Bars Extended;762;Antena 3;SD;Mundo;Si
Puerto Rico;COMERCIAL_USVI;Usvi Basic Bars Extended;764;HITN;SD;Variedades;No
Puerto Rico;COMERCIAL_USVI;Usvi Basic Bars Extended;768;BBC América;HD;Mundo;Si
Puerto Rico;COMERCIAL_USVI;Usvi Basic Bars Extended;901;Music Choice Rock Hits;Audio;Audio;No
Puerto Rico;COMERCIAL_USVI;Usvi Basic Bars Extended;902;Music Choice 80s Rock;Audio;Audio;No
Puerto Rico;COMERCIAL_USVI;Usvi Basic Bars Extended;903;Music Choice Jazz Vocal Hits;Audio;Audio;No
Puerto Rico;COMERCIAL_USVI;Usvi Basic Bars Extended;904;Music Choice Country Hits;Audio;Audio;No
Puerto Rico;COMERCIAL_USVI;Usvi Basic Bars Extended;905;Music Choice New Age;Audio;Audio;No
Puerto Rico;COMERCIAL_USVI;Usvi Basic Bars Extended;906;Music Choice Funk;Audio;Audio;No
Puerto Rico;COMERCIAL_USVI;Usvi Basic Bars Extended;907;Music Choice 90s;Audio;Audio;No
Puerto Rico;COMERCIAL_USVI;Usvi Basic Bars Extended;908;Music Choice Blues;Audio;Audio;No
Puerto Rico;COMERCIAL_USVI;Usvi Basic Bars Extended;909;Music Choice Love Songs;Audio;Audio;No
Puerto Rico;COMERCIAL_USVI;Usvi Basic Bars Extended;910;Music Choice Musica Urbana;Audio;Audio;No
Puerto Rico;COMERCIAL_USVI;Usvi Basic Bars Extended;911;Music Choice R&B Classics;Audio;Audio;No
Puerto Rico;COMERCIAL_USVI;Usvi Basic Bars Extended;912;Music Choice Latin Jazz;Audio;Audio;No
Puerto Rico;COMERCIAL_USVI;Usvi Basic Bars Extended;913;Music Choice Soft Rock;Audio;Audio;No
Puerto Rico;COMERCIAL_USVI;Usvi Basic Bars Extended;914;Music Choice Rap;Audio;Audio;No
Puerto Rico;COMERCIAL_USVI;Usvi Basic Bars Extended;915;Music Choice All Xmas;Audio;Audio;No
Puerto Rico;COMERCIAL_USVI;Usvi Basic Bars Extended;916;Music Choice Workout;Audio;Audio;No
Puerto Rico;COMERCIAL_USVI;Usvi Basic Bars Extended;917;Music Choice Broadway;Audio;Audio;No
Puerto Rico;COMERCIAL_USVI;Usvi Basic Bars Extended;918;Music Choice Adult Alternative;Audio;Audio;No
Puerto Rico;COMERCIAL_USVI;Usvi Basic Bars Extended;919;Music Choice Pop Hits;Audio;Audio;No
Puerto Rico;COMERCIAL_USVI;Usvi Basic Bars Extended;920;Music Choice New Wave;Audio;Audio;No
Puerto Rico;COMERCIAL_USVI;Usvi Basic Bars Extended;921;Music Choice 70s;Audio;Audio;No
Puerto Rico;COMERCIAL_USVI;Usvi Basic Bars Extended;922;Music Choice Kidz Only!;Audio;Audio;No
Puerto Rico;COMERCIAL_USVI;Usvi Basic Bars Extended;923;Music Choice 80s;Audio;Audio;No
Puerto Rico;COMERCIAL_USVI;Usvi Basic Bars Extended;924;Music Choice Rock Latino;Audio;Audio;No
Puerto Rico;COMERCIAL_USVI;Usvi Basic Bars Extended;925;Music Choice Retro Workout;Audio;Audio;No
Puerto Rico;COMERCIAL_USVI;Usvi Basic Bars Extended;926;Music Choice Contemporary Christian;Audio;Audio;No
Puerto Rico;COMERCIAL_USVI;Usvi Basic Bars Extended;927;Music Choice Reggae;Audio;Audio;No
Puerto Rico;COMERCIAL_USVI;Usvi Basic Bars Extended;928;Music Choice Alternative;Audio;Audio;No
Puerto Rico;COMERCIAL_USVI;Usvi Basic Bars Extended;929;Music Choice Pop & Country;Audio;Audio;No
Puerto Rico;COMERCIAL_USVI;Usvi Basic Bars Extended;930;Music Choice Pop Latino;Audio;Audio;No
Puerto Rico;COMERCIAL_USVI;Usvi Basic Bars Extended;931;Music Choice Classic Country;Audio;Audio;No
Puerto Rico;COMERCIAL_USVI;Usvi Basic Bars Extended;932;Music Choice Big Band;Audio;Audio;No
Puerto Rico;COMERCIAL_USVI;Usvi Basic Bars Extended;933;Music Choice Todays Country;Audio;Audio;No
Puerto Rico;COMERCIAL_USVI;Usvi Basic Bars Extended;934;Music Choice Hit List;Audio;Audio;No
Puerto Rico;COMERCIAL_USVI;Usvi Basic Bars Extended;935;Music Choice Hip-Hop And R&B;Audio;Audio;No
Puerto Rico;COMERCIAL_USVI;Usvi Basic Bars Extended;936;Music Choice Teen Beats;Audio;Audio;No
Puerto Rico;COMERCIAL_USVI;Usvi Basic Bars Extended;937;Music Choice Coffee Shop Cuts;Audio;Audio;No
Puerto Rico;COMERCIAL_USVI;Usvi Basic Bars Extended;938;Music Choice Honky Tonk;Audio;Audio;No
Puerto Rico;COMERCIAL_USVI;Usvi Basic Bars Extended;939;Music Choice Soundscapes;Audio;Audio;No
Puerto Rico;COMERCIAL_USVI;Usvi Basic Bars Extended;940;Music Choice Light Classical;Audio;Audio;No
Puerto Rico;COMERCIAL_USVI;Usvi Basic Bars Extended;941;Music Choice Classic Alternative;Audio;Audio;No
Puerto Rico;COMERCIAL_USVI;Usvi Basic Bars Extended;942;Music Choice Indie;Audio;Audio;No
Puerto Rico;COMERCIAL_USVI;Usvi Basic Bars Extended;943;Music Choice Malt Shop Favorites;Audio;Audio;No
Puerto Rico;COMERCIAL_USVI;Usvi Basic Bars Extended;944;Music Choice Smooth Jazz;Audio;Audio;No
Puerto Rico;COMERCIAL_USVI;Usvi Basic Bars Extended;945;Music Choice Contemporary Instrumentals;Audio;Audio;No
Puerto Rico;COMERCIAL_USVI;Usvi Basic Bars Extended;946;Music Choice Hard Rock;Audio;Audio;No
Puerto Rico;COMERCIAL_USVI;Usvi Basic Bars Extended;947;Music Choice Throwback Jamz;Audio;Audio;No
Puerto Rico;COMERCIAL_USVI;Usvi Basic Bars Extended;948;Music Choice Classic Rock;Audio;Audio;No
Puerto Rico;COMERCIAL_USVI;Usvi Basic Bars Extended;949;Music Choice Movie Scores;Audio;Audio;No
Puerto Rico;COMERCIAL_USVI;Usvi Basic Bars Extended;950;Music Choice Max;Audio;Audio;No
Puerto Rico;COMERCIAL_USVI;Usvi Basic Bars Extended;951;Music Choice Mainstream Rap;Audio;Audio;No
Puerto Rico;COMERCIAL_USVI;Usvi Basic Bars Extended;952;Music Choice Americana;Audio;Audio;No
Puerto Rico;COMERCIAL_USVI;Usvi Basic Bars Extended;953;Music Choice Symphony;Audio;Audio;No
Puerto Rico;COMERCIAL_USVI;Usvi Basic Bars Extended;954;Music Choice Dance/EDM;Audio;Audio;No
Puerto Rico;COMERCIAL_USVI;Usvi Basic Bars Extended;955;Music Choice Folk;Audio;Audio;No
Puerto Rico;COMERCIAL_USVI;Usvi Basic Bars Extended;956;Music Choice Classic Dance;Audio;Audio;No
Puerto Rico;COMERCIAL_USVI;Usvi Basic Bars Extended;957;Music Choice Gospel Hallelujah;Audio;Audio;No
Puerto Rico;COMERCIAL_USVI;Usvi Basic Bars Extended;958;Music Choice Tropicales;Audio;Audio;No
Puerto Rico;COMERCIAL_USVI;Usvi Basic Bars Extended;959;Music Choice Metal;Audio;Audio;No
Puerto Rico;COMERCIAL_USVI;Usvi Basic Bars Extended;960;Music Choice Toddler Tunes;Audio;Audio;No
Puerto Rico;COMERCIAL_USVI;Usvi Basic Bars Extended;961;Music Choice Y2k;Audio;Audio;No
Puerto Rico;COMERCIAL_USVI;Usvi Basic Bars Extended;962;Music Choice Bluegrass;Audio;Audio;No
Puerto Rico;COMERCIAL_USVI;Usvi Basic Bars Extended;963;Music Choice Vietnamese;Audio;Audio;No
Puerto Rico;COMERCIAL_USVI;Usvi Basic Bars Extended;964;Music Choice Gospel;Audio;Audio;No
Puerto Rico;COMERCIAL_USVI;Usvi Basic Bars Extended;965;Music Choice 60s Movement;Audio;Audio;No
Puerto Rico;COMERCIAL_USVI;Usvi Basic Bars Extended;966;Music Choice Filipino;Audio;Audio;No
Puerto Rico;COMERCIAL_USVI;Usvi Basic Bars Extended;967;Music Choice Sounds of the Season;Audio;Audio;No
Puerto Rico;COMERCIAL_USVI;Usvi Hotel Room Pack St;162;Telemundo;HD;Nacional;No
Puerto Rico;COMERCIAL_USVI;Usvi Hotel Room Pack St;164;WAPA TV;HD;Nacional;No
Puerto Rico;COMERCIAL_USVI;Usvi Hotel Room Pack St;166;WIPR;SD;Nacional;Si
Puerto Rico;COMERCIAL_USVI;Usvi Hotel Room Pack St;167;Teleislas;SD;Nacional;No
Puerto Rico;COMERCIAL_USVI;Usvi Hotel Room Pack St;168;TeleOnce HD;HD;Nacional;No
Puerto Rico;COMERCIAL_USVI;Usvi Hotel Room Pack St;169;Daystar Español;SD;Nacional;No
Puerto Rico;COMERCIAL_USVI;Usvi Hotel Room Pack St;170;Fox News;HD;Nacional;No
Puerto Rico;COMERCIAL_USVI;Usvi Hotel Room Pack St;172;ABC5;HD;Nacional;No
Puerto Rico;COMERCIAL_USVI;Usvi Hotel Room Pack St;174;CBS;HD;Nacional;No
Puerto Rico;COMERCIAL_USVI;Usvi Hotel Room Pack St;176;NBC PR;HD;Nacional;No
Puerto Rico;COMERCIAL_USVI;Usvi Hotel Room Pack St;179;Punto 2;HD;Nacional;No
Puerto Rico;COMERCIAL_USVI;Usvi Hotel Room Pack St;181;TV Dominicana;SD;Nacional;No
Puerto Rico;COMERCIAL_USVI;Usvi Hotel Room Pack St;182;TV Chile;SD;Nacional;No
Puerto Rico;COMERCIAL_USVI;Usvi Hotel Room Pack St;183;TeleOro;SD;Nacional;Si
Puerto Rico;COMERCIAL_USVI;Usvi Hotel Room Pack St;185;Telecinco;SD;Local;No
Puerto Rico;COMERCIAL_USVI;Usvi Hotel Room Pack St;186;UniMás;SD;Local;No
Puerto Rico;COMERCIAL_USVI;Usvi Hotel Room Pack St;220;Bravo;HD;Variedades;No
Puerto Rico;COMERCIAL_USVI;Usvi Hotel Room Pack St;221;¡Hola! TV;SD;Variedades;No
Puerto Rico;COMERCIAL_USVI;Usvi Hotel Room Pack St;222;E! Entertainment HD;HD;Variedades;Si
Puerto Rico;COMERCIAL_USVI;Usvi Hotel Room Pack St;225;Pasiones;SD;Variedades;No
Puerto Rico;COMERCIAL_USVI;Usvi Hotel Room Pack St;228;Food Network;HD;Variedades;No
Puerto Rico;COMERCIAL_USVI;Usvi Hotel Room Pack St;229;Blossom;SD;Variedades;Si
Puerto Rico;COMERCIAL_USVI;Usvi Hotel Room Pack St;230;BET;SD;Variedades;No
Puerto Rico;COMERCIAL_USVI;Usvi Hotel Room Pack St;242;FX HD;HD;Variedades;No
Puerto Rico;COMERCIAL_USVI;Usvi Hotel Room Pack St;244;TNT;HD;Variedades;Si
Puerto Rico;COMERCIAL_USVI;Usvi Hotel Room Pack St;246;USA Network;HD;Variedades;Si
Puerto Rico;COMERCIAL_USVI;Usvi Hotel Room Pack St;248;TBS;HD;Variedades;Si
Puerto Rico;COMERCIAL_USVI;Usvi Hotel Room Pack St;249;TLnovelas;SD;Variedades;No
Puerto Rico;COMERCIAL_USVI;Usvi Hotel Room Pack St;250;HGTV;HD;Variedades;No
Puerto Rico;COMERCIAL_USVI;Usvi Hotel Room Pack St;252;Freeform;HD;Variedades;No
Puerto Rico;COMERCIAL_USVI;Usvi Hotel Room Pack St;254;Paramount Network;HD;Variedades;No
Puerto Rico;COMERCIAL_USVI;Usvi Hotel Room Pack St;256;A&E;HD;Variedades;No
Puerto Rico;COMERCIAL_USVI;Usvi Hotel Room Pack St;260;MTV;HD;Variedades;Si
Puerto Rico;COMERCIAL_USVI;Usvi Hotel Room Pack St;261;MTV 2;HD;Variedades;No
Puerto Rico;COMERCIAL_USVI;Usvi Hotel Room Pack St;262;VH1;HD;Variedades;Si
Puerto Rico;COMERCIAL_USVI;Usvi Hotel Room Pack St;263;Comedy Central;HD;Variedades;No
Puerto Rico;COMERCIAL_USVI;Usvi Hotel Room Pack St;264;VICE;SD;Variedades;No
Puerto Rico;COMERCIAL_USVI;Usvi Hotel Room Pack St;267;Cooking Channel;HD;Variedades;Si
Puerto Rico;COMERCIAL_USVI;Usvi Hotel Room Pack St;268;So Yummy;SD;Variedades;Si
Puerto Rico;COMERCIAL_USVI;Usvi Hotel Room Pack St;320;Cartoon Network;HD;Infantil;Si
Puerto Rico;COMERCIAL_USVI;Usvi Hotel Room Pack St;322;Nickelodeon;HD;Infantil;Si
Puerto Rico;COMERCIAL_USVI;Usvi Hotel Room Pack St;324;Disney Channel;HD;Infantil;No
Puerto Rico;COMERCIAL_USVI;Usvi Hotel Room Pack St;326;Disney XD;HD;Infantil;No
Puerto Rico;COMERCIAL_USVI;Usvi Hotel Room Pack St;330;Discovery Kids LA;SD;Infantil;No
Puerto Rico;COMERCIAL_USVI;Usvi Hotel Room Pack St;332;LooLoo Kids;SD;Infantil;No
Puerto Rico;COMERCIAL_USVI;Usvi Hotel Room Pack St;336;Boomerang;SD;Infantil;Si
Puerto Rico;COMERCIAL_USVI;Usvi Hotel Room Pack St;337;Nick Jr.;HD;Infantil;No
Puerto Rico;COMERCIAL_USVI;Usvi Hotel Room Pack St;338;Vme;SD;Infantil;Si
Puerto Rico;COMERCIAL_USVI;Usvi Hotel Room Pack St;339;Baby First TV;SD;Infantil;No
Puerto Rico;COMERCIAL_USVI;Usvi Hotel Room Pack St;350;EWTN;SD;Religioso;Si
Puerto Rico;COMERCIAL_USVI;Usvi Hotel Room Pack St;352;Enlace;SD;Religioso;Si
Puerto Rico;COMERCIAL_USVI;Usvi Hotel Room Pack St;354;Christian Television Network (CTN);SD;Religioso;Si
Puerto Rico;COMERCIAL_USVI;Usvi Hotel Room Pack St;462;Playboy TV;SD;Adultos;No
Puerto Rico;COMERCIAL_USVI;Usvi Hotel Room Pack St;465;Brazzers TV;SD;Adultos;No
Puerto Rico;COMERCIAL_USVI;Usvi Hotel Room Pack St;468;Hustler;SD;Adultos;No
Puerto Rico;COMERCIAL_USVI;Usvi Hotel Room Pack St;511;AMC;HD;Cine;No
Puerto Rico;COMERCIAL_USVI;Usvi Hotel Room Pack St;514;Cine Latino;SD;Cine;No
Puerto Rico;COMERCIAL_USVI;Usvi Hotel Room Pack St;516;De Película;SD;Cine;No
Puerto Rico;COMERCIAL_USVI;Usvi Hotel Room Pack St;517;Lifetime;HD;Cine;No
Puerto Rico;COMERCIAL_USVI;Usvi Hotel Room Pack St;518;Lifetime Moivie Network;HD;Cine;No
Puerto Rico;COMERCIAL_USVI;Usvi Hotel Room Pack St;520;Hallmark Channel;HD;Cine;No
Puerto Rico;COMERCIAL_USVI;Usvi Hotel Room Pack St;521;Hallmark Family;HD;Cine;No
Puerto Rico;COMERCIAL_USVI;Usvi Hotel Room Pack St;550;MGM Mas;HD;Cine;No
Puerto Rico;COMERCIAL_USVI;Usvi Hotel Room Pack St;551;MGM Mas Hits;HD;Cine;No
Puerto Rico;COMERCIAL_USVI;Usvi Hotel Room Pack St;552;MGM Mas Marquee;HD;Cine;No
Puerto Rico;COMERCIAL_USVI;Usvi Hotel Room Pack St;564;HBO;HD;Cine;No
Puerto Rico;COMERCIAL_USVI;Usvi Hotel Room Pack St;565;HBO Hits;HD;Cine;No
Puerto Rico;COMERCIAL_USVI;Usvi Hotel Room Pack St;566;HBO Movie;HD;Cine;No
Puerto Rico;COMERCIAL_USVI;Usvi Hotel Room Pack St;567;HBO Drama;HD;Cine;No
Puerto Rico;COMERCIAL_USVI;Usvi Hotel Room Pack St;569;HBO Comedy;HD;Cine;No
Puerto Rico;COMERCIAL_USVI;Usvi Hotel Room Pack St;570;HBO Latino;HD;Cine;No
Puerto Rico;COMERCIAL_USVI;Usvi Hotel Room Pack St;571;Cinemax;HD;Cine;No
Puerto Rico;COMERCIAL_USVI;Usvi Hotel Room Pack St;572;Cinemax Hits;HD;Cine;No
Puerto Rico;COMERCIAL_USVI;Usvi Hotel Room Pack St;574;Cinemax Action;HD;Cine;No
Puerto Rico;COMERCIAL_USVI;Usvi Hotel Room Pack St;577;Paramount+ with Showtime;HD;Cine;No
Puerto Rico;COMERCIAL_USVI;Usvi Hotel Room Pack St;578;Showtime 2;HD;Cine;No
Puerto Rico;COMERCIAL_USVI;Usvi Hotel Room Pack St;579;Showtime Beyond;HD;Cine;No
Puerto Rico;COMERCIAL_USVI;Usvi Hotel Room Pack St;580;Showcase;HD;Cine;No
Puerto Rico;COMERCIAL_USVI;Usvi Hotel Room Pack St;581;Showtime Extreme;HD;Cine;No
Puerto Rico;COMERCIAL_USVI;Usvi Hotel Room Pack St;582;The Movie Channel;SD;Cine;No
Puerto Rico;COMERCIAL_USVI;Usvi Hotel Room Pack St;585;Starz;HD;Cine;No
Puerto Rico;COMERCIAL_USVI;Usvi Hotel Room Pack St;586;Starz Kids & Family;HD;Cine;No
Puerto Rico;COMERCIAL_USVI;Usvi Hotel Room Pack St;587;Starz Cinema;HD;Cine;No
Puerto Rico;COMERCIAL_USVI;Usvi Hotel Room Pack St;588;Encore Action;SD;Cine;No
Puerto Rico;COMERCIAL_USVI;Usvi Hotel Room Pack St;589;Encore;HD;Cine;No
Puerto Rico;COMERCIAL_USVI;Usvi Hotel Room Pack St;590;Encore Family;SD;Cine;No
Puerto Rico;COMERCIAL_USVI;Usvi Hotel Room Pack St;601;NBA League Pass;HD;Deportes;No
Puerto Rico;COMERCIAL_USVI;Usvi Hotel Room Pack St;619;NBA League Pass;HD;Deportes;No
Puerto Rico;COMERCIAL_USVI;Usvi Hotel Room Pack St;620;NFL Sunday Ticket;HD;Deportes;No
Puerto Rico;COMERCIAL_USVI;Usvi Hotel Room Pack St;639;NFL Sunday Ticket;HD;Deportes;No
Puerto Rico;COMERCIAL_USVI;Usvi Hotel Room Pack St;640;Thursday Night Football;HD;Deportes;No
Puerto Rico;COMERCIAL_USVI;Usvi Hotel Room Pack St;645;ESPN;HD;Deportes;Si
Puerto Rico;COMERCIAL_USVI;Usvi Hotel Room Pack St;646;ESPN News;HD;Deportes;No
Puerto Rico;COMERCIAL_USVI;Usvi Hotel Room Pack St;648;ESPN 2;HD;Deportes;No
Puerto Rico;COMERCIAL_USVI;Usvi Hotel Room Pack St;649;ESPN Deportes;HD;Deportes;No
Puerto Rico;COMERCIAL_USVI;Usvi Hotel Room Pack St;651;Fox Deportes;SD;Deportes;No
Puerto Rico;COMERCIAL_USVI;Usvi Hotel Room Pack St;652;The Tennis Channel;HD;Deportes;No
Puerto Rico;COMERCIAL_USVI;Usvi Hotel Room Pack St;653;NBA TV;HD;Deportes;No
Puerto Rico;COMERCIAL_USVI;Usvi Hotel Room Pack St;654;The Golf Channel;HD;Deportes;No
Puerto Rico;COMERCIAL_USVI;Usvi Hotel Room Pack St;655;Fox Sports;HD;Deportes;No
Puerto Rico;COMERCIAL_USVI;Usvi Hotel Room Pack St;656;MLB Network;HD;Deportes;No
Puerto Rico;COMERCIAL_USVI;Usvi Hotel Room Pack St;657;WAPA Deportes;HD;Deportes;No
Puerto Rico;COMERCIAL_USVI;Usvi Hotel Room Pack St;702;CNN;HD;Mundo;Si
Puerto Rico;COMERCIAL_USVI;Usvi Hotel Room Pack St;704;CNN en Español;SD;Mundo;No
Puerto Rico;COMERCIAL_USVI;Usvi Hotel Room Pack St;708;Headline News;HD;Mundo;No
Puerto Rico;COMERCIAL_USVI;Usvi Hotel Room Pack St;710;Bloomberg;HD;Mundo;No
Puerto Rico;COMERCIAL_USVI;Usvi Hotel Room Pack St;712;AccuWeather;HD;Mundo;Si
Puerto Rico;COMERCIAL_USVI;Usvi Hotel Room Pack St;714;Estrella TV;SD;Mundo;No
Puerto Rico;COMERCIAL_USVI;Usvi Hotel Room Pack St;720;CSPAN2;SD;Mundo;No
Puerto Rico;COMERCIAL_USVI;Usvi Hotel Room Pack St;730;Nat Geo Mundo;SD;Mundo;Si
Puerto Rico;COMERCIAL_USVI;Usvi Hotel Room Pack St;732;Discovery em Español;SD;Mundo;No
Puerto Rico;COMERCIAL_USVI;Usvi Hotel Room Pack St;734;Animal Planet LA;SD;Mundo;No
Puerto Rico;COMERCIAL_USVI;Usvi Hotel Room Pack St;735;Animal Planet US;HD;Mundo;No
Puerto Rico;COMERCIAL_USVI;Usvi Hotel Room Pack St;742;History Andes;SD;Mundo;No
Puerto Rico;COMERCIAL_USVI;Usvi Hotel Room Pack St;744;FYI;HD;Mundo;Si
Puerto Rico;COMERCIAL_USVI;Usvi Hotel Room Pack St;745;SyFy;HD;Mundo;No
Puerto Rico;COMERCIAL_USVI;Usvi Hotel Room Pack St;746;Discovery Turbo;HD;Mundo;No
Puerto Rico;COMERCIAL_USVI;Usvi Hotel Room Pack St;752;Discovery US;HD;Mundo;No
Puerto Rico;COMERCIAL_USVI;Usvi Hotel Room Pack St;754;The Learning Channel;HD;Mundo;No
Puerto Rico;COMERCIAL_USVI;Usvi Hotel Room Pack St;756;History Channel;HD;Mundo;No
Puerto Rico;COMERCIAL_USVI;Usvi Hotel Room Pack St;760;TVE;SD;Variedades;No
Puerto Rico;COMERCIAL_USVI;Usvi Hotel Room Pack St;762;Antena 3;SD;Mundo;No
Puerto Rico;COMERCIAL_USVI;Usvi Hotel Room Pack St;764;HITN;SD;Variedades;No
Puerto Rico;COMERCIAL_USVI;Usvi Hotel Room Pack St;768;BBC América;HD;Mundo;No
Puerto Rico;COMERCIAL_USVI;Usvi Hotel Room Pack St;901;Music Choice Rock Hits;Audio;Audio;No
Puerto Rico;COMERCIAL_USVI;Usvi Hotel Room Pack St;902;Music Choice 80s Rock;Audio;Audio;No
Puerto Rico;COMERCIAL_USVI;Usvi Hotel Room Pack St;903;Music Choice Jazz Vocal Hits;Audio;Audio;No
Puerto Rico;COMERCIAL_USVI;Usvi Hotel Room Pack St;904;Music Choice Country Hits;Audio;Audio;No
Puerto Rico;COMERCIAL_USVI;Usvi Hotel Room Pack St;905;Music Choice New Age;Audio;Audio;No
Puerto Rico;COMERCIAL_USVI;Usvi Hotel Room Pack St;906;Music Choice Funk;Audio;Audio;No
Puerto Rico;COMERCIAL_USVI;Usvi Hotel Room Pack St;907;Music Choice 90s;Audio;Audio;No
Puerto Rico;COMERCIAL_USVI;Usvi Hotel Room Pack St;908;Music Choice Blues;Audio;Audio;No
Puerto Rico;COMERCIAL_USVI;Usvi Hotel Room Pack St;909;Music Choice Love Songs;Audio;Audio;No
Puerto Rico;COMERCIAL_USVI;Usvi Hotel Room Pack St;910;Music Choice Musica Urbana;Audio;Audio;No
Puerto Rico;COMERCIAL_USVI;Usvi Hotel Room Pack St;911;Music Choice R&B Classics;Audio;Audio;No
Puerto Rico;COMERCIAL_USVI;Usvi Hotel Room Pack St;912;Music Choice Latin Jazz;Audio;Audio;No
Puerto Rico;COMERCIAL_USVI;Usvi Hotel Room Pack St;913;Music Choice Soft Rock;Audio;Audio;No
Puerto Rico;COMERCIAL_USVI;Usvi Hotel Room Pack St;914;Music Choice Rap;Audio;Audio;No
Puerto Rico;COMERCIAL_USVI;Usvi Hotel Room Pack St;915;Music Choice All Xmas;Audio;Audio;No
Puerto Rico;COMERCIAL_USVI;Usvi Hotel Room Pack St;916;Music Choice Workout;Audio;Audio;No
Puerto Rico;COMERCIAL_USVI;Usvi Hotel Room Pack St;917;Music Choice Broadway;Audio;Audio;No
Puerto Rico;COMERCIAL_USVI;Usvi Hotel Room Pack St;918;Music Choice Adult Alternative;Audio;Audio;No
Puerto Rico;COMERCIAL_USVI;Usvi Hotel Room Pack St;919;Music Choice Pop Hits;Audio;Audio;No
Puerto Rico;COMERCIAL_USVI;Usvi Hotel Room Pack St;920;Music Choice New Wave;Audio;Audio;No
Puerto Rico;COMERCIAL_USVI;Usvi Hotel Room Pack St;921;Music Choice 70s;Audio;Audio;No
Puerto Rico;COMERCIAL_USVI;Usvi Hotel Room Pack St;922;Music Choice Kidz Only!;Audio;Audio;No
Puerto Rico;COMERCIAL_USVI;Usvi Hotel Room Pack St;923;Music Choice 80s;Audio;Audio;No
Puerto Rico;COMERCIAL_USVI;Usvi Hotel Room Pack St;924;Music Choice Rock Latino;Audio;Audio;No
Puerto Rico;COMERCIAL_USVI;Usvi Hotel Room Pack St;925;Music Choice Retro Workout;Audio;Audio;No
Puerto Rico;COMERCIAL_USVI;Usvi Hotel Room Pack St;926;Music Choice Contemporary Christian;Audio;Audio;No
Puerto Rico;COMERCIAL_USVI;Usvi Hotel Room Pack St;927;Music Choice Reggae;Audio;Audio;No
Puerto Rico;COMERCIAL_USVI;Usvi Hotel Room Pack St;928;Music Choice Alternative;Audio;Audio;No
Puerto Rico;COMERCIAL_USVI;Usvi Hotel Room Pack St;929;Music Choice Pop & Country;Audio;Audio;No
Puerto Rico;COMERCIAL_USVI;Usvi Hotel Room Pack St;930;Music Choice Pop Latino;Audio;Audio;No
Puerto Rico;COMERCIAL_USVI;Usvi Hotel Room Pack St;931;Music Choice Classic Country;Audio;Audio;No
Puerto Rico;COMERCIAL_USVI;Usvi Hotel Room Pack St;932;Music Choice Big Band;Audio;Audio;No
Puerto Rico;COMERCIAL_USVI;Usvi Hotel Room Pack St;933;Music Choice Todays Country;Audio;Audio;No
Puerto Rico;COMERCIAL_USVI;Usvi Hotel Room Pack St;934;Music Choice Hit List;Audio;Audio;No
Puerto Rico;COMERCIAL_USVI;Usvi Hotel Room Pack St;935;Music Choice Hip-Hop And R&B;Audio;Audio;No
Puerto Rico;COMERCIAL_USVI;Usvi Hotel Room Pack St;936;Music Choice Teen Beats;Audio;Audio;No
Puerto Rico;COMERCIAL_USVI;Usvi Hotel Room Pack St;937;Music Choice Coffee Shop Cuts;Audio;Audio;No
Puerto Rico;COMERCIAL_USVI;Usvi Hotel Room Pack St;938;Music Choice Honky Tonk;Audio;Audio;No
Puerto Rico;COMERCIAL_USVI;Usvi Hotel Room Pack St;939;Music Choice Soundscapes;Audio;Audio;No
Puerto Rico;COMERCIAL_USVI;Usvi Hotel Room Pack St;940;Music Choice Light Classical;Audio;Audio;No
Puerto Rico;COMERCIAL_USVI;Usvi Hotel Room Pack St;941;Music Choice Classic Alternative;Audio;Audio;No
Puerto Rico;COMERCIAL_USVI;Usvi Hotel Room Pack St;942;Music Choice Indie;Audio;Audio;No
Puerto Rico;COMERCIAL_USVI;Usvi Hotel Room Pack St;943;Music Choice Malt Shop Favorites;Audio;Audio;No
Puerto Rico;COMERCIAL_USVI;Usvi Hotel Room Pack St;944;Music Choice Smooth Jazz;Audio;Audio;No
Puerto Rico;COMERCIAL_USVI;Usvi Hotel Room Pack St;945;Music Choice Contemporary Instrumentals;Audio;Audio;No
Puerto Rico;COMERCIAL_USVI;Usvi Hotel Room Pack St;946;Music Choice Hard Rock;Audio;Audio;No
Puerto Rico;COMERCIAL_USVI;Usvi Hotel Room Pack St;947;Music Choice Throwback Jamz;Audio;Audio;No
Puerto Rico;COMERCIAL_USVI;Usvi Hotel Room Pack St;948;Music Choice Classic Rock;Audio;Audio;No
Puerto Rico;COMERCIAL_USVI;Usvi Hotel Room Pack St;949;Music Choice Movie Scores;Audio;Audio;No
Puerto Rico;COMERCIAL_USVI;Usvi Hotel Room Pack St;950;Music Choice Max;Audio;Audio;No
Puerto Rico;COMERCIAL_USVI;Usvi Hotel Room Pack St;951;Music Choice Mainstream Rap;Audio;Audio;No
Puerto Rico;COMERCIAL_USVI;Usvi Hotel Room Pack St;952;Music Choice Americana;Audio;Audio;No
Puerto Rico;COMERCIAL_USVI;Usvi Hotel Room Pack St;953;Music Choice Symphony;Audio;Audio;No
Puerto Rico;COMERCIAL_USVI;Usvi Hotel Room Pack St;954;Music Choice Dance/EDM;Audio;Audio;No
Puerto Rico;COMERCIAL_USVI;Usvi Hotel Room Pack St;955;Music Choice Folk;Audio;Audio;No
Puerto Rico;COMERCIAL_USVI;Usvi Hotel Room Pack St;956;Music Choice Classic Dance;Audio;Audio;No
Puerto Rico;COMERCIAL_USVI;Usvi Hotel Room Pack St;957;Music Choice Gospel Hallelujah;Audio;Audio;No
Puerto Rico;COMERCIAL_USVI;Usvi Hotel Room Pack St;958;Music Choice Tropicales;Audio;Audio;No
Puerto Rico;COMERCIAL_USVI;Usvi Hotel Room Pack St;959;Music Choice Metal;Audio;Audio;No
Puerto Rico;COMERCIAL_USVI;Usvi Hotel Room Pack St;960;Music Choice Toddler Tunes;Audio;Audio;No
Puerto Rico;COMERCIAL_USVI;Usvi Hotel Room Pack St;961;Music Choice Y2k;Audio;Audio;No
Puerto Rico;COMERCIAL_USVI;Usvi Hotel Room Pack St;962;Music Choice Bluegrass;Audio;Audio;No
Puerto Rico;COMERCIAL_USVI;Usvi Hotel Room Pack St;963;Music Choice Vietnamese;Audio;Audio;No
Puerto Rico;COMERCIAL_USVI;Usvi Hotel Room Pack St;964;Music Choice Gospel;Audio;Audio;No
Puerto Rico;COMERCIAL_USVI;Usvi Hotel Room Pack St;965;Music Choice 60s Movement;Audio;Audio;No
Puerto Rico;COMERCIAL_USVI;Usvi Hotel Room Pack St;966;Music Choice Filipino;Audio;Audio;No
Puerto Rico;COMERCIAL_USVI;Usvi Hotel Room Pack St;967;Music Choice Sounds of the Season;Audio;Audio;No
Puerto Rico;COMERCIAL_USVI;Usvi H. Suite Pack St;162;Telemundo;HD;Nacional;No
Puerto Rico;COMERCIAL_USVI;Usvi H. Suite Pack St;164;WAPA TV;HD;Nacional;No
Puerto Rico;COMERCIAL_USVI;Usvi H. Suite Pack St;166;WIPR;SD;Nacional;Si
Puerto Rico;COMERCIAL_USVI;Usvi H. Suite Pack St;167;Teleislas;SD;Nacional;No
Puerto Rico;COMERCIAL_USVI;Usvi H. Suite Pack St;168;TeleOnce HD;HD;Nacional;No
Puerto Rico;COMERCIAL_USVI;Usvi H. Suite Pack St;169;Daystar Español;SD;Nacional;No
Puerto Rico;COMERCIAL_USVI;Usvi H. Suite Pack St;170;Fox News;HD;Nacional;No
Puerto Rico;COMERCIAL_USVI;Usvi H. Suite Pack St;172;ABC5;HD;Nacional;No
Puerto Rico;COMERCIAL_USVI;Usvi H. Suite Pack St;174;CBS;HD;Nacional;No
Puerto Rico;COMERCIAL_USVI;Usvi H. Suite Pack St;176;NBC PR;HD;Nacional;No
Puerto Rico;COMERCIAL_USVI;Usvi H. Suite Pack St;179;Punto 2;HD;Nacional;No
Puerto Rico;COMERCIAL_USVI;Usvi H. Suite Pack St;181;TV Dominicana;SD;Nacional;No
Puerto Rico;COMERCIAL_USVI;Usvi H. Suite Pack St;182;TV Chile;SD;Nacional;No
Puerto Rico;COMERCIAL_USVI;Usvi H. Suite Pack St;183;TeleOro;SD;Nacional;Si
Puerto Rico;COMERCIAL_USVI;Usvi H. Suite Pack St;185;Telecinco;SD;Local;No
Puerto Rico;COMERCIAL_USVI;Usvi H. Suite Pack St;186;UniMás;SD;Local;No
Puerto Rico;COMERCIAL_USVI;Usvi H. Suite Pack St;220;Bravo;HD;Variedades;No
Puerto Rico;COMERCIAL_USVI;Usvi H. Suite Pack St;221;¡Hola! TV;SD;Variedades;No
Puerto Rico;COMERCIAL_USVI;Usvi H. Suite Pack St;222;E! Entertainment HD;HD;Variedades;Si
Puerto Rico;COMERCIAL_USVI;Usvi H. Suite Pack St;225;Pasiones;SD;Variedades;No
Puerto Rico;COMERCIAL_USVI;Usvi H. Suite Pack St;228;Food Network;HD;Variedades;No
Puerto Rico;COMERCIAL_USVI;Usvi H. Suite Pack St;229;Blossom;SD;Variedades;Si
Puerto Rico;COMERCIAL_USVI;Usvi H. Suite Pack St;230;BET;SD;Variedades;No
Puerto Rico;COMERCIAL_USVI;Usvi H. Suite Pack St;242;FX HD;HD;Variedades;No
Puerto Rico;COMERCIAL_USVI;Usvi H. Suite Pack St;244;TNT;HD;Variedades;Si
Puerto Rico;COMERCIAL_USVI;Usvi H. Suite Pack St;246;USA Network;HD;Variedades;Si
Puerto Rico;COMERCIAL_USVI;Usvi H. Suite Pack St;248;TBS;HD;Variedades;Si
Puerto Rico;COMERCIAL_USVI;Usvi H. Suite Pack St;249;TLnovelas;SD;Variedades;No
Puerto Rico;COMERCIAL_USVI;Usvi H. Suite Pack St;250;HGTV;HD;Variedades;Si
Puerto Rico;COMERCIAL_USVI;Usvi H. Suite Pack St;252;Freeform;HD;Variedades;No
Puerto Rico;COMERCIAL_USVI;Usvi H. Suite Pack St;254;Paramount Network;HD;Variedades;No
Puerto Rico;COMERCIAL_USVI;Usvi H. Suite Pack St;256;A&E;HD;Variedades;No
Puerto Rico;COMERCIAL_USVI;Usvi H. Suite Pack St;260;MTV;HD;Variedades;Si
Puerto Rico;COMERCIAL_USVI;Usvi H. Suite Pack St;261;MTV 2;HD;Variedades;Si
Puerto Rico;COMERCIAL_USVI;Usvi H. Suite Pack St;262;VH1;HD;Variedades;Si
Puerto Rico;COMERCIAL_USVI;Usvi H. Suite Pack St;263;Comedy Central;HD;Variedades;No
Puerto Rico;COMERCIAL_USVI;Usvi H. Suite Pack St;264;VICE;SD;Variedades;No
Puerto Rico;COMERCIAL_USVI;Usvi H. Suite Pack St;267;Cooking Channel;HD;Variedades;Si
Puerto Rico;COMERCIAL_USVI;Usvi H. Suite Pack St;268;So Yummy;SD;Variedades;Si
Puerto Rico;COMERCIAL_USVI;Usvi H. Suite Pack St;320;Cartoon Network;HD;Infantil;Si
Puerto Rico;COMERCIAL_USVI;Usvi H. Suite Pack St;322;Nickelodeon;HD;Infantil;Si
Puerto Rico;COMERCIAL_USVI;Usvi H. Suite Pack St;324;Disney Channel;HD;Infantil;No
Puerto Rico;COMERCIAL_USVI;Usvi H. Suite Pack St;326;Disney XD;HD;Infantil;No
Puerto Rico;COMERCIAL_USVI;Usvi H. Suite Pack St;330;Discovery Kids LA;SD;Infantil;No
Puerto Rico;COMERCIAL_USVI;Usvi H. Suite Pack St;332;LooLoo Kids;SD;Infantil;No
Puerto Rico;COMERCIAL_USVI;Usvi H. Suite Pack St;336;Boomerang;SD;Infantil;Si
Puerto Rico;COMERCIAL_USVI;Usvi H. Suite Pack St;337;Nick Jr.;HD;Infantil;No
Puerto Rico;COMERCIAL_USVI;Usvi H. Suite Pack St;338;Vme;SD;Infantil;Si
Puerto Rico;COMERCIAL_USVI;Usvi H. Suite Pack St;339;Baby First TV;SD;Infantil;No
Puerto Rico;COMERCIAL_USVI;Usvi H. Suite Pack St;350;EWTN;SD;Religioso;Si
Puerto Rico;COMERCIAL_USVI;Usvi H. Suite Pack St;352;Enlace;SD;Religioso;Si
Puerto Rico;COMERCIAL_USVI;Usvi H. Suite Pack St;354;Christian Television Network (CTN);SD;Religioso;Si
Puerto Rico;COMERCIAL_USVI;Usvi H. Suite Pack St;462;Playboy TV;SD;Adultos;No
Puerto Rico;COMERCIAL_USVI;Usvi H. Suite Pack St;465;Brazzers TV;SD;Adultos;No
Puerto Rico;COMERCIAL_USVI;Usvi H. Suite Pack St;468;Hustler;SD;Adultos;No
Puerto Rico;COMERCIAL_USVI;Usvi H. Suite Pack St;511;AMC;HD;Cine;No
Puerto Rico;COMERCIAL_USVI;Usvi H. Suite Pack St;514;Cine Latino;SD;Cine;Si
Puerto Rico;COMERCIAL_USVI;Usvi H. Suite Pack St;516;De Película;SD;Cine;No
Puerto Rico;COMERCIAL_USVI;Usvi H. Suite Pack St;517;Lifetime;HD;Cine;No
Puerto Rico;COMERCIAL_USVI;Usvi H. Suite Pack St;518;Lifetime Moivie Network;HD;Cine;No
Puerto Rico;COMERCIAL_USVI;Usvi H. Suite Pack St;520;Hallmark Channel;HD;Cine;Si
Puerto Rico;COMERCIAL_USVI;Usvi H. Suite Pack St;521;Hallmark Family;HD;Cine;Si
Puerto Rico;COMERCIAL_USVI;Usvi H. Suite Pack St;550;MGM Mas;HD;Cine;No
Puerto Rico;COMERCIAL_USVI;Usvi H. Suite Pack St;551;MGM Mas Hits;HD;Cine;No
Puerto Rico;COMERCIAL_USVI;Usvi H. Suite Pack St;552;MGM Mas Marquee;HD;Cine;No
Puerto Rico;COMERCIAL_USVI;Usvi H. Suite Pack St;564;HBO;HD;Cine;No
Puerto Rico;COMERCIAL_USVI;Usvi H. Suite Pack St;565;HBO Hits;HD;Cine;No
Puerto Rico;COMERCIAL_USVI;Usvi H. Suite Pack St;566;HBO Movie;HD;Cine;No
Puerto Rico;COMERCIAL_USVI;Usvi H. Suite Pack St;567;HBO Drama;HD;Cine;No
Puerto Rico;COMERCIAL_USVI;Usvi H. Suite Pack St;569;HBO Comedy;HD;Cine;No
Puerto Rico;COMERCIAL_USVI;Usvi H. Suite Pack St;570;HBO Latino;HD;Cine;No
Puerto Rico;COMERCIAL_USVI;Usvi H. Suite Pack St;571;Cinemax;HD;Cine;No
Puerto Rico;COMERCIAL_USVI;Usvi H. Suite Pack St;572;Cinemax Hits;HD;Cine;No
Puerto Rico;COMERCIAL_USVI;Usvi H. Suite Pack St;574;Cinemax Action;HD;Cine;No
Puerto Rico;COMERCIAL_USVI;Usvi H. Suite Pack St;577;Paramount+ with Showtime;HD;Cine;No
Puerto Rico;COMERCIAL_USVI;Usvi H. Suite Pack St;578;Showtime 2;HD;Cine;No
Puerto Rico;COMERCIAL_USVI;Usvi H. Suite Pack St;579;Showtime Beyond;HD;Cine;No
Puerto Rico;COMERCIAL_USVI;Usvi H. Suite Pack St;580;Showcase;HD;Cine;No
Puerto Rico;COMERCIAL_USVI;Usvi H. Suite Pack St;581;Showtime Extreme;HD;Cine;No
Puerto Rico;COMERCIAL_USVI;Usvi H. Suite Pack St;582;The Movie Channel;SD;Cine;No
Puerto Rico;COMERCIAL_USVI;Usvi H. Suite Pack St;585;Starz;HD;Cine;No
Puerto Rico;COMERCIAL_USVI;Usvi H. Suite Pack St;586;Starz Kids & Family;HD;Cine;No
Puerto Rico;COMERCIAL_USVI;Usvi H. Suite Pack St;587;Starz Cinema;HD;Cine;No
Puerto Rico;COMERCIAL_USVI;Usvi H. Suite Pack St;588;Encore Action;SD;Cine;No
Puerto Rico;COMERCIAL_USVI;Usvi H. Suite Pack St;589;Encore;HD;Cine;No
Puerto Rico;COMERCIAL_USVI;Usvi H. Suite Pack St;590;Encore Family;SD;Cine;No
Puerto Rico;COMERCIAL_USVI;Usvi H. Suite Pack St;601;NBA League Pass;HD;Deportes;No
Puerto Rico;COMERCIAL_USVI;Usvi H. Suite Pack St;619;NBA League Pass;HD;Deportes;No
Puerto Rico;COMERCIAL_USVI;Usvi H. Suite Pack St;620;NFL Sunday Ticket;HD;Deportes;No
Puerto Rico;COMERCIAL_USVI;Usvi H. Suite Pack St;639;NFL Sunday Ticket;HD;Deportes;No
Puerto Rico;COMERCIAL_USVI;Usvi H. Suite Pack St;640;Thursday Night Football;HD;Deportes;No
Puerto Rico;COMERCIAL_USVI;Usvi H. Suite Pack St;645;ESPN;HD;Deportes;Si
Puerto Rico;COMERCIAL_USVI;Usvi H. Suite Pack St;646;ESPN News;HD;Deportes;No
Puerto Rico;COMERCIAL_USVI;Usvi H. Suite Pack St;648;ESPN 2;HD;Deportes;No
Puerto Rico;COMERCIAL_USVI;Usvi H. Suite Pack St;649;ESPN Deportes;HD;Deportes;No
Puerto Rico;COMERCIAL_USVI;Usvi H. Suite Pack St;651;Fox Deportes;SD;Deportes;No
Puerto Rico;COMERCIAL_USVI;Usvi H. Suite Pack St;652;The Tennis Channel;HD;Deportes;No
Puerto Rico;COMERCIAL_USVI;Usvi H. Suite Pack St;653;NBA TV;HD;Deportes;No
Puerto Rico;COMERCIAL_USVI;Usvi H. Suite Pack St;654;The Golf Channel;HD;Deportes;No
Puerto Rico;COMERCIAL_USVI;Usvi H. Suite Pack St;655;Fox Sports;HD;Deportes;No
Puerto Rico;COMERCIAL_USVI;Usvi H. Suite Pack St;656;MLB Network;HD;Deportes;No
Puerto Rico;COMERCIAL_USVI;Usvi H. Suite Pack St;657;WAPA Deportes;HD;Deportes;No
Puerto Rico;COMERCIAL_USVI;Usvi H. Suite Pack St;702;CNN;HD;Mundo;Si
Puerto Rico;COMERCIAL_USVI;Usvi H. Suite Pack St;704;CNN en Español;SD;Mundo;No
Puerto Rico;COMERCIAL_USVI;Usvi H. Suite Pack St;708;Headline News;HD;Mundo;No
Puerto Rico;COMERCIAL_USVI;Usvi H. Suite Pack St;710;Bloomberg;HD;Mundo;No
Puerto Rico;COMERCIAL_USVI;Usvi H. Suite Pack St;712;AccuWeather;HD;Mundo;Si
Puerto Rico;COMERCIAL_USVI;Usvi H. Suite Pack St;714;Estrella TV;SD;Mundo;No
Puerto Rico;COMERCIAL_USVI;Usvi H. Suite Pack St;720;CSPAN2;SD;Mundo;No
Puerto Rico;COMERCIAL_USVI;Usvi H. Suite Pack St;730;Nat Geo Mundo;SD;Mundo;Si
Puerto Rico;COMERCIAL_USVI;Usvi H. Suite Pack St;732;Discovery em Español;SD;Mundo;No
Puerto Rico;COMERCIAL_USVI;Usvi H. Suite Pack St;734;Animal Planet LA;SD;Mundo;No
Puerto Rico;COMERCIAL_USVI;Usvi H. Suite Pack St;735;Animal Planet US;HD;Mundo;No
Puerto Rico;COMERCIAL_USVI;Usvi H. Suite Pack St;742;History Andes;SD;Mundo;No
Puerto Rico;COMERCIAL_USVI;Usvi H. Suite Pack St;744;FYI;HD;Mundo;Si
Puerto Rico;COMERCIAL_USVI;Usvi H. Suite Pack St;745;SyFy;HD;Mundo;No
Puerto Rico;COMERCIAL_USVI;Usvi H. Suite Pack St;746;Discovery Turbo;HD;Mundo;No
Puerto Rico;COMERCIAL_USVI;Usvi H. Suite Pack St;752;Discovery US;HD;Mundo;Si
Puerto Rico;COMERCIAL_USVI;Usvi H. Suite Pack St;754;The Learning Channel;HD;Mundo;No
Puerto Rico;COMERCIAL_USVI;Usvi H. Suite Pack St;756;History Channel;HD;Mundo;No
Puerto Rico;COMERCIAL_USVI;Usvi H. Suite Pack St;760;TVE;SD;Variedades;No
Puerto Rico;COMERCIAL_USVI;Usvi H. Suite Pack St;762;Antena 3;SD;Mundo;No
Puerto Rico;COMERCIAL_USVI;Usvi H. Suite Pack St;764;HITN;SD;Variedades;No
Puerto Rico;COMERCIAL_USVI;Usvi H. Suite Pack St;768;BBC América;HD;Mundo;No
Puerto Rico;COMERCIAL_USVI;Usvi H. Suite Pack St;901;Music Choice Rock Hits;Audio;Audio;No
Puerto Rico;COMERCIAL_USVI;Usvi H. Suite Pack St;902;Music Choice 80s Rock;Audio;Audio;No
Puerto Rico;COMERCIAL_USVI;Usvi H. Suite Pack St;903;Music Choice Jazz Vocal Hits;Audio;Audio;No
Puerto Rico;COMERCIAL_USVI;Usvi H. Suite Pack St;904;Music Choice Country Hits;Audio;Audio;No
Puerto Rico;COMERCIAL_USVI;Usvi H. Suite Pack St;905;Music Choice New Age;Audio;Audio;No
Puerto Rico;COMERCIAL_USVI;Usvi H. Suite Pack St;906;Music Choice Funk;Audio;Audio;No
Puerto Rico;COMERCIAL_USVI;Usvi H. Suite Pack St;907;Music Choice 90s;Audio;Audio;No
Puerto Rico;COMERCIAL_USVI;Usvi H. Suite Pack St;908;Music Choice Blues;Audio;Audio;No
Puerto Rico;COMERCIAL_USVI;Usvi H. Suite Pack St;909;Music Choice Love Songs;Audio;Audio;No
Puerto Rico;COMERCIAL_USVI;Usvi H. Suite Pack St;910;Music Choice Musica Urbana;Audio;Audio;No
Puerto Rico;COMERCIAL_USVI;Usvi H. Suite Pack St;911;Music Choice R&B Classics;Audio;Audio;No
Puerto Rico;COMERCIAL_USVI;Usvi H. Suite Pack St;912;Music Choice Latin Jazz;Audio;Audio;No
Puerto Rico;COMERCIAL_USVI;Usvi H. Suite Pack St;913;Music Choice Soft Rock;Audio;Audio;No
Puerto Rico;COMERCIAL_USVI;Usvi H. Suite Pack St;914;Music Choice Rap;Audio;Audio;No
Puerto Rico;COMERCIAL_USVI;Usvi H. Suite Pack St;915;Music Choice All Xmas;Audio;Audio;No
Puerto Rico;COMERCIAL_USVI;Usvi H. Suite Pack St;916;Music Choice Workout;Audio;Audio;No
Puerto Rico;COMERCIAL_USVI;Usvi H. Suite Pack St;917;Music Choice Broadway;Audio;Audio;No
Puerto Rico;COMERCIAL_USVI;Usvi H. Suite Pack St;918;Music Choice Adult Alternative;Audio;Audio;No
Puerto Rico;COMERCIAL_USVI;Usvi H. Suite Pack St;919;Music Choice Pop Hits;Audio;Audio;No
Puerto Rico;COMERCIAL_USVI;Usvi H. Suite Pack St;920;Music Choice New Wave;Audio;Audio;No
Puerto Rico;COMERCIAL_USVI;Usvi H. Suite Pack St;921;Music Choice 70s;Audio;Audio;No
Puerto Rico;COMERCIAL_USVI;Usvi H. Suite Pack St;922;Music Choice Kidz Only!;Audio;Audio;No
Puerto Rico;COMERCIAL_USVI;Usvi H. Suite Pack St;923;Music Choice 80s;Audio;Audio;No
Puerto Rico;COMERCIAL_USVI;Usvi H. Suite Pack St;924;Music Choice Rock Latino;Audio;Audio;No
Puerto Rico;COMERCIAL_USVI;Usvi H. Suite Pack St;925;Music Choice Retro Workout;Audio;Audio;No
Puerto Rico;COMERCIAL_USVI;Usvi H. Suite Pack St;926;Music Choice Contemporary Christian;Audio;Audio;No
Puerto Rico;COMERCIAL_USVI;Usvi H. Suite Pack St;927;Music Choice Reggae;Audio;Audio;No
Puerto Rico;COMERCIAL_USVI;Usvi H. Suite Pack St;928;Music Choice Alternative;Audio;Audio;No
Puerto Rico;COMERCIAL_USVI;Usvi H. Suite Pack St;929;Music Choice Pop & Country;Audio;Audio;No
Puerto Rico;COMERCIAL_USVI;Usvi H. Suite Pack St;930;Music Choice Pop Latino;Audio;Audio;No
Puerto Rico;COMERCIAL_USVI;Usvi H. Suite Pack St;931;Music Choice Classic Country;Audio;Audio;No
Puerto Rico;COMERCIAL_USVI;Usvi H. Suite Pack St;932;Music Choice Big Band;Audio;Audio;No
Puerto Rico;COMERCIAL_USVI;Usvi H. Suite Pack St;933;Music Choice Todays Country;Audio;Audio;No
Puerto Rico;COMERCIAL_USVI;Usvi H. Suite Pack St;934;Music Choice Hit List;Audio;Audio;No
Puerto Rico;COMERCIAL_USVI;Usvi H. Suite Pack St;935;Music Choice Hip-Hop And R&B;Audio;Audio;No
Puerto Rico;COMERCIAL_USVI;Usvi H. Suite Pack St;936;Music Choice Teen Beats;Audio;Audio;No
Puerto Rico;COMERCIAL_USVI;Usvi H. Suite Pack St;937;Music Choice Coffee Shop Cuts;Audio;Audio;No
Puerto Rico;COMERCIAL_USVI;Usvi H. Suite Pack St;938;Music Choice Honky Tonk;Audio;Audio;No
Puerto Rico;COMERCIAL_USVI;Usvi H. Suite Pack St;939;Music Choice Soundscapes;Audio;Audio;No
Puerto Rico;COMERCIAL_USVI;Usvi H. Suite Pack St;940;Music Choice Light Classical;Audio;Audio;No
Puerto Rico;COMERCIAL_USVI;Usvi H. Suite Pack St;941;Music Choice Classic Alternative;Audio;Audio;No
Puerto Rico;COMERCIAL_USVI;Usvi H. Suite Pack St;942;Music Choice Indie;Audio;Audio;No
Puerto Rico;COMERCIAL_USVI;Usvi H. Suite Pack St;943;Music Choice Malt Shop Favorites;Audio;Audio;No
Puerto Rico;COMERCIAL_USVI;Usvi H. Suite Pack St;944;Music Choice Smooth Jazz;Audio;Audio;No
Puerto Rico;COMERCIAL_USVI;Usvi H. Suite Pack St;945;Music Choice Contemporary Instrumentals;Audio;Audio;No
Puerto Rico;COMERCIAL_USVI;Usvi H. Suite Pack St;946;Music Choice Hard Rock;Audio;Audio;No
Puerto Rico;COMERCIAL_USVI;Usvi H. Suite Pack St;947;Music Choice Throwback Jamz;Audio;Audio;No
Puerto Rico;COMERCIAL_USVI;Usvi H. Suite Pack St;948;Music Choice Classic Rock;Audio;Audio;No
Puerto Rico;COMERCIAL_USVI;Usvi H. Suite Pack St;949;Music Choice Movie Scores;Audio;Audio;No
Puerto Rico;COMERCIAL_USVI;Usvi H. Suite Pack St;950;Music Choice Max;Audio;Audio;No
Puerto Rico;COMERCIAL_USVI;Usvi H. Suite Pack St;951;Music Choice Mainstream Rap;Audio;Audio;No
Puerto Rico;COMERCIAL_USVI;Usvi H. Suite Pack St;952;Music Choice Americana;Audio;Audio;No
Puerto Rico;COMERCIAL_USVI;Usvi H. Suite Pack St;953;Music Choice Symphony;Audio;Audio;No
Puerto Rico;COMERCIAL_USVI;Usvi H. Suite Pack St;954;Music Choice Dance/EDM;Audio;Audio;No
Puerto Rico;COMERCIAL_USVI;Usvi H. Suite Pack St;955;Music Choice Folk;Audio;Audio;No
Puerto Rico;COMERCIAL_USVI;Usvi H. Suite Pack St;956;Music Choice Classic Dance;Audio;Audio;No
Puerto Rico;COMERCIAL_USVI;Usvi H. Suite Pack St;957;Music Choice Gospel Hallelujah;Audio;Audio;No
Puerto Rico;COMERCIAL_USVI;Usvi H. Suite Pack St;958;Music Choice Tropicales;Audio;Audio;No
Puerto Rico;COMERCIAL_USVI;Usvi H. Suite Pack St;959;Music Choice Metal;Audio;Audio;No
Puerto Rico;COMERCIAL_USVI;Usvi H. Suite Pack St;960;Music Choice Toddler Tunes;Audio;Audio;No
Puerto Rico;COMERCIAL_USVI;Usvi H. Suite Pack St;961;Music Choice Y2k;Audio;Audio;No
Puerto Rico;COMERCIAL_USVI;Usvi H. Suite Pack St;962;Music Choice Bluegrass;Audio;Audio;No
Puerto Rico;COMERCIAL_USVI;Usvi H. Suite Pack St;963;Music Choice Vietnamese;Audio;Audio;No
Puerto Rico;COMERCIAL_USVI;Usvi H. Suite Pack St;964;Music Choice Gospel;Audio;Audio;No
Puerto Rico;COMERCIAL_USVI;Usvi H. Suite Pack St;965;Music Choice 60s Movement;Audio;Audio;No
Puerto Rico;COMERCIAL_USVI;Usvi H. Suite Pack St;966;Music Choice Filipino;Audio;Audio;No
Puerto Rico;COMERCIAL_USVI;Usvi H. Suite Pack St;967;Music Choice Sounds of the Season;Audio;Audio;No
Puerto Rico;COMERCIAL_USVI;Usvi H. Room Suite Pack 1;162;Telemundo;HD;Nacional;No
Puerto Rico;COMERCIAL_USVI;Usvi H. Room Suite Pack 1;164;WAPA TV;HD;Nacional;No
Puerto Rico;COMERCIAL_USVI;Usvi H. Room Suite Pack 1;166;WIPR;SD;Nacional;Si
Puerto Rico;COMERCIAL_USVI;Usvi H. Room Suite Pack 1;167;Teleislas;SD;Nacional;No
Puerto Rico;COMERCIAL_USVI;Usvi H. Room Suite Pack 1;168;TeleOnce HD;HD;Nacional;No
Puerto Rico;COMERCIAL_USVI;Usvi H. Room Suite Pack 1;169;Daystar Español;SD;Nacional;No
Puerto Rico;COMERCIAL_USVI;Usvi H. Room Suite Pack 1;170;Fox News;HD;Nacional;No
Puerto Rico;COMERCIAL_USVI;Usvi H. Room Suite Pack 1;172;ABC5;HD;Nacional;No
Puerto Rico;COMERCIAL_USVI;Usvi H. Room Suite Pack 1;174;CBS;HD;Nacional;No
Puerto Rico;COMERCIAL_USVI;Usvi H. Room Suite Pack 1;176;NBC PR;HD;Nacional;No
Puerto Rico;COMERCIAL_USVI;Usvi H. Room Suite Pack 1;179;Punto 2;HD;Nacional;No
Puerto Rico;COMERCIAL_USVI;Usvi H. Room Suite Pack 1;181;TV Dominicana;SD;Nacional;No
Puerto Rico;COMERCIAL_USVI;Usvi H. Room Suite Pack 1;182;TV Chile;SD;Nacional;No
Puerto Rico;COMERCIAL_USVI;Usvi H. Room Suite Pack 1;183;TeleOro;SD;Nacional;Si
Puerto Rico;COMERCIAL_USVI;Usvi H. Room Suite Pack 1;185;Telecinco;SD;Local;No
Puerto Rico;COMERCIAL_USVI;Usvi H. Room Suite Pack 1;186;UniMás;SD;Local;No
Puerto Rico;COMERCIAL_USVI;Usvi H. Room Suite Pack 1;220;Bravo;HD;Variedades;Si
Puerto Rico;COMERCIAL_USVI;Usvi H. Room Suite Pack 1;221;¡Hola! TV;SD;Variedades;No
Puerto Rico;COMERCIAL_USVI;Usvi H. Room Suite Pack 1;222;E! Entertainment HD;HD;Variedades;Si
Puerto Rico;COMERCIAL_USVI;Usvi H. Room Suite Pack 1;225;Pasiones;SD;Variedades;No
Puerto Rico;COMERCIAL_USVI;Usvi H. Room Suite Pack 1;228;Food Network;HD;Variedades;Si
Puerto Rico;COMERCIAL_USVI;Usvi H. Room Suite Pack 1;229;Blossom;SD;Variedades;Si
Puerto Rico;COMERCIAL_USVI;Usvi H. Room Suite Pack 1;230;BET;SD;Variedades;Si
Puerto Rico;COMERCIAL_USVI;Usvi H. Room Suite Pack 1;242;FX HD;HD;Variedades;Si
Puerto Rico;COMERCIAL_USVI;Usvi H. Room Suite Pack 1;244;TNT;HD;Variedades;Si
Puerto Rico;COMERCIAL_USVI;Usvi H. Room Suite Pack 1;246;USA Network;HD;Variedades;Si
Puerto Rico;COMERCIAL_USVI;Usvi H. Room Suite Pack 1;248;TBS;HD;Variedades;Si
Puerto Rico;COMERCIAL_USVI;Usvi H. Room Suite Pack 1;249;TLnovelas;SD;Variedades;No
Puerto Rico;COMERCIAL_USVI;Usvi H. Room Suite Pack 1;250;HGTV;HD;Variedades;Si
Puerto Rico;COMERCIAL_USVI;Usvi H. Room Suite Pack 1;252;Freeform;HD;Variedades;No
Puerto Rico;COMERCIAL_USVI;Usvi H. Room Suite Pack 1;254;Paramount Network;HD;Variedades;Si
Puerto Rico;COMERCIAL_USVI;Usvi H. Room Suite Pack 1;256;A&E;HD;Variedades;No
Puerto Rico;COMERCIAL_USVI;Usvi H. Room Suite Pack 1;260;MTV;HD;Variedades;Si
Puerto Rico;COMERCIAL_USVI;Usvi H. Room Suite Pack 1;261;MTV 2;HD;Variedades;Si
Puerto Rico;COMERCIAL_USVI;Usvi H. Room Suite Pack 1;262;VH1;HD;Variedades;Si
Puerto Rico;COMERCIAL_USVI;Usvi H. Room Suite Pack 1;263;Comedy Central;HD;Variedades;Si
Puerto Rico;COMERCIAL_USVI;Usvi H. Room Suite Pack 1;264;VICE;SD;Variedades;Si
Puerto Rico;COMERCIAL_USVI;Usvi H. Room Suite Pack 1;267;Cooking Channel;HD;Variedades;Si
Puerto Rico;COMERCIAL_USVI;Usvi H. Room Suite Pack 1;268;So Yummy;SD;Variedades;Si
Puerto Rico;COMERCIAL_USVI;Usvi H. Room Suite Pack 1;320;Cartoon Network;HD;Infantil;Si
Puerto Rico;COMERCIAL_USVI;Usvi H. Room Suite Pack 1;322;Nickelodeon;HD;Infantil;Si
Puerto Rico;COMERCIAL_USVI;Usvi H. Room Suite Pack 1;324;Disney Channel;HD;Infantil;No
Puerto Rico;COMERCIAL_USVI;Usvi H. Room Suite Pack 1;326;Disney XD;HD;Infantil;No
Puerto Rico;COMERCIAL_USVI;Usvi H. Room Suite Pack 1;330;Discovery Kids LA;SD;Infantil;No
Puerto Rico;COMERCIAL_USVI;Usvi H. Room Suite Pack 1;332;LooLoo Kids;SD;Infantil;No
Puerto Rico;COMERCIAL_USVI;Usvi H. Room Suite Pack 1;336;Boomerang;SD;Infantil;Si
Puerto Rico;COMERCIAL_USVI;Usvi H. Room Suite Pack 1;337;Nick Jr.;HD;Infantil;No
Puerto Rico;COMERCIAL_USVI;Usvi H. Room Suite Pack 1;338;Vme;SD;Infantil;Si
Puerto Rico;COMERCIAL_USVI;Usvi H. Room Suite Pack 1;339;Baby First TV;SD;Infantil;Si
Puerto Rico;COMERCIAL_USVI;Usvi H. Room Suite Pack 1;350;EWTN;SD;Religioso;Si
Puerto Rico;COMERCIAL_USVI;Usvi H. Room Suite Pack 1;352;Enlace;SD;Religioso;Si
Puerto Rico;COMERCIAL_USVI;Usvi H. Room Suite Pack 1;354;Christian Television Network (CTN);SD;Religioso;Si
Puerto Rico;COMERCIAL_USVI;Usvi H. Room Suite Pack 1;462;Playboy TV;SD;Adultos;No
Puerto Rico;COMERCIAL_USVI;Usvi H. Room Suite Pack 1;465;Brazzers TV;SD;Adultos;No
Puerto Rico;COMERCIAL_USVI;Usvi H. Room Suite Pack 1;468;Hustler;SD;Adultos;No
Puerto Rico;COMERCIAL_USVI;Usvi H. Room Suite Pack 1;511;AMC;HD;Cine;No
Puerto Rico;COMERCIAL_USVI;Usvi H. Room Suite Pack 1;514;Cine Latino;SD;Cine;Si
Puerto Rico;COMERCIAL_USVI;Usvi H. Room Suite Pack 1;516;De Película;SD;Cine;No
Puerto Rico;COMERCIAL_USVI;Usvi H. Room Suite Pack 1;517;Lifetime;HD;Cine;Si
Puerto Rico;COMERCIAL_USVI;Usvi H. Room Suite Pack 1;518;Lifetime Moivie Network;HD;Cine;No
Puerto Rico;COMERCIAL_USVI;Usvi H. Room Suite Pack 1;520;Hallmark Channel;HD;Cine;Si
Puerto Rico;COMERCIAL_USVI;Usvi H. Room Suite Pack 1;521;Hallmark Family;HD;Cine;Si
Puerto Rico;COMERCIAL_USVI;Usvi H. Room Suite Pack 1;550;MGM Mas;HD;Cine;No
Puerto Rico;COMERCIAL_USVI;Usvi H. Room Suite Pack 1;551;MGM Mas Hits;HD;Cine;No
Puerto Rico;COMERCIAL_USVI;Usvi H. Room Suite Pack 1;552;MGM Mas Marquee;HD;Cine;No
Puerto Rico;COMERCIAL_USVI;Usvi H. Room Suite Pack 1;564;HBO;HD;Cine;No
Puerto Rico;COMERCIAL_USVI;Usvi H. Room Suite Pack 1;565;HBO Hits;HD;Cine;No
Puerto Rico;COMERCIAL_USVI;Usvi H. Room Suite Pack 1;566;HBO Movie;HD;Cine;No
Puerto Rico;COMERCIAL_USVI;Usvi H. Room Suite Pack 1;567;HBO Drama;HD;Cine;No
Puerto Rico;COMERCIAL_USVI;Usvi H. Room Suite Pack 1;569;HBO Comedy;HD;Cine;No
Puerto Rico;COMERCIAL_USVI;Usvi H. Room Suite Pack 1;570;HBO Latino;HD;Cine;No
Puerto Rico;COMERCIAL_USVI;Usvi H. Room Suite Pack 1;571;Cinemax;HD;Cine;No
Puerto Rico;COMERCIAL_USVI;Usvi H. Room Suite Pack 1;572;Cinemax Hits;HD;Cine;No
Puerto Rico;COMERCIAL_USVI;Usvi H. Room Suite Pack 1;574;Cinemax Action;HD;Cine;No
Puerto Rico;COMERCIAL_USVI;Usvi H. Room Suite Pack 1;577;Paramount+ with Showtime;HD;Cine;No
Puerto Rico;COMERCIAL_USVI;Usvi H. Room Suite Pack 1;578;Showtime 2;HD;Cine;No
Puerto Rico;COMERCIAL_USVI;Usvi H. Room Suite Pack 1;579;Showtime Beyond;HD;Cine;No
Puerto Rico;COMERCIAL_USVI;Usvi H. Room Suite Pack 1;580;Showcase;HD;Cine;No
Puerto Rico;COMERCIAL_USVI;Usvi H. Room Suite Pack 1;581;Showtime Extreme;HD;Cine;No
Puerto Rico;COMERCIAL_USVI;Usvi H. Room Suite Pack 1;582;The Movie Channel;SD;Cine;No
Puerto Rico;COMERCIAL_USVI;Usvi H. Room Suite Pack 1;585;Starz;HD;Cine;No
Puerto Rico;COMERCIAL_USVI;Usvi H. Room Suite Pack 1;586;Starz Kids & Family;HD;Cine;No
Puerto Rico;COMERCIAL_USVI;Usvi H. Room Suite Pack 1;587;Starz Cinema;HD;Cine;No
Puerto Rico;COMERCIAL_USVI;Usvi H. Room Suite Pack 1;588;Encore Action;SD;Cine;No
Puerto Rico;COMERCIAL_USVI;Usvi H. Room Suite Pack 1;589;Encore;HD;Cine;No
Puerto Rico;COMERCIAL_USVI;Usvi H. Room Suite Pack 1;590;Encore Family;SD;Cine;No
Puerto Rico;COMERCIAL_USVI;Usvi H. Room Suite Pack 1;601;NBA League Pass;HD;Deportes;No
Puerto Rico;COMERCIAL_USVI;Usvi H. Room Suite Pack 1;619;NBA League Pass;HD;Deportes;No
Puerto Rico;COMERCIAL_USVI;Usvi H. Room Suite Pack 1;620;NFL Sunday Ticket;HD;Deportes;No
Puerto Rico;COMERCIAL_USVI;Usvi H. Room Suite Pack 1;639;NFL Sunday Ticket;HD;Deportes;No
Puerto Rico;COMERCIAL_USVI;Usvi H. Room Suite Pack 1;640;Thursday Night Football;HD;Deportes;No
Puerto Rico;COMERCIAL_USVI;Usvi H. Room Suite Pack 1;645;ESPN;HD;Deportes;Si
Puerto Rico;COMERCIAL_USVI;Usvi H. Room Suite Pack 1;646;ESPN News;HD;Deportes;No
Puerto Rico;COMERCIAL_USVI;Usvi H. Room Suite Pack 1;648;ESPN 2;HD;Deportes;No
Puerto Rico;COMERCIAL_USVI;Usvi H. Room Suite Pack 1;649;ESPN Deportes;HD;Deportes;No
Puerto Rico;COMERCIAL_USVI;Usvi H. Room Suite Pack 1;651;Fox Deportes;SD;Deportes;No
Puerto Rico;COMERCIAL_USVI;Usvi H. Room Suite Pack 1;652;The Tennis Channel;HD;Deportes;No
Puerto Rico;COMERCIAL_USVI;Usvi H. Room Suite Pack 1;653;NBA TV;HD;Deportes;No
Puerto Rico;COMERCIAL_USVI;Usvi H. Room Suite Pack 1;654;The Golf Channel;HD;Deportes;No
Puerto Rico;COMERCIAL_USVI;Usvi H. Room Suite Pack 1;655;Fox Sports;HD;Deportes;No
Puerto Rico;COMERCIAL_USVI;Usvi H. Room Suite Pack 1;656;MLB Network;HD;Deportes;Si
Puerto Rico;COMERCIAL_USVI;Usvi H. Room Suite Pack 1;657;WAPA Deportes;HD;Deportes;No
Puerto Rico;COMERCIAL_USVI;Usvi H. Room Suite Pack 1;702;CNN;HD;Mundo;Si
Puerto Rico;COMERCIAL_USVI;Usvi H. Room Suite Pack 1;704;CNN en Español;SD;Mundo;No
Puerto Rico;COMERCIAL_USVI;Usvi H. Room Suite Pack 1;708;Headline News;HD;Mundo;Si
Puerto Rico;COMERCIAL_USVI;Usvi H. Room Suite Pack 1;710;Bloomberg;HD;Mundo;No
Puerto Rico;COMERCIAL_USVI;Usvi H. Room Suite Pack 1;712;AccuWeather;HD;Mundo;Si
Puerto Rico;COMERCIAL_USVI;Usvi H. Room Suite Pack 1;714;Estrella TV;SD;Mundo;No
Puerto Rico;COMERCIAL_USVI;Usvi H. Room Suite Pack 1;720;CSPAN2;SD;Mundo;No
Puerto Rico;COMERCIAL_USVI;Usvi H. Room Suite Pack 1;730;Nat Geo Mundo;SD;Mundo;Si
Puerto Rico;COMERCIAL_USVI;Usvi H. Room Suite Pack 1;732;Discovery em Español;SD;Mundo;No
Puerto Rico;COMERCIAL_USVI;Usvi H. Room Suite Pack 1;734;Animal Planet LA;SD;Mundo;No
Puerto Rico;COMERCIAL_USVI;Usvi H. Room Suite Pack 1;735;Animal Planet US;HD;Mundo;Si
Puerto Rico;COMERCIAL_USVI;Usvi H. Room Suite Pack 1;742;History Andes;SD;Mundo;No
Puerto Rico;COMERCIAL_USVI;Usvi H. Room Suite Pack 1;744;FYI;HD;Mundo;Si
Puerto Rico;COMERCIAL_USVI;Usvi H. Room Suite Pack 1;745;SyFy;HD;Mundo;No
Puerto Rico;COMERCIAL_USVI;Usvi H. Room Suite Pack 1;746;Discovery Turbo;HD;Mundo;Si
Puerto Rico;COMERCIAL_USVI;Usvi H. Room Suite Pack 1;752;Discovery US;HD;Mundo;Si
Puerto Rico;COMERCIAL_USVI;Usvi H. Room Suite Pack 1;754;The Learning Channel;HD;Mundo;No
Puerto Rico;COMERCIAL_USVI;Usvi H. Room Suite Pack 1;756;History Channel;HD;Mundo;Si
Puerto Rico;COMERCIAL_USVI;Usvi H. Room Suite Pack 1;760;TVE;SD;Variedades;No
Puerto Rico;COMERCIAL_USVI;Usvi H. Room Suite Pack 1;762;Antena 3;SD;Mundo;Si
Puerto Rico;COMERCIAL_USVI;Usvi H. Room Suite Pack 1;764;HITN;SD;Variedades;No
Puerto Rico;COMERCIAL_USVI;Usvi H. Room Suite Pack 1;768;BBC América;HD;Mundo;Si
Puerto Rico;COMERCIAL_USVI;Usvi H. Room Suite Pack 1;901;Music Choice Rock Hits;Audio;Audio;No
Puerto Rico;COMERCIAL_USVI;Usvi H. Room Suite Pack 1;902;Music Choice 80s Rock;Audio;Audio;No
Puerto Rico;COMERCIAL_USVI;Usvi H. Room Suite Pack 1;903;Music Choice Jazz Vocal Hits;Audio;Audio;No
Puerto Rico;COMERCIAL_USVI;Usvi H. Room Suite Pack 1;904;Music Choice Country Hits;Audio;Audio;No
Puerto Rico;COMERCIAL_USVI;Usvi H. Room Suite Pack 1;905;Music Choice New Age;Audio;Audio;No
Puerto Rico;COMERCIAL_USVI;Usvi H. Room Suite Pack 1;906;Music Choice Funk;Audio;Audio;No
Puerto Rico;COMERCIAL_USVI;Usvi H. Room Suite Pack 1;907;Music Choice 90s;Audio;Audio;No
Puerto Rico;COMERCIAL_USVI;Usvi H. Room Suite Pack 1;908;Music Choice Blues;Audio;Audio;No
Puerto Rico;COMERCIAL_USVI;Usvi H. Room Suite Pack 1;909;Music Choice Love Songs;Audio;Audio;No
Puerto Rico;COMERCIAL_USVI;Usvi H. Room Suite Pack 1;910;Music Choice Musica Urbana;Audio;Audio;No
Puerto Rico;COMERCIAL_USVI;Usvi H. Room Suite Pack 1;911;Music Choice R&B Classics;Audio;Audio;No
Puerto Rico;COMERCIAL_USVI;Usvi H. Room Suite Pack 1;912;Music Choice Latin Jazz;Audio;Audio;No
Puerto Rico;COMERCIAL_USVI;Usvi H. Room Suite Pack 1;913;Music Choice Soft Rock;Audio;Audio;No
Puerto Rico;COMERCIAL_USVI;Usvi H. Room Suite Pack 1;914;Music Choice Rap;Audio;Audio;No
Puerto Rico;COMERCIAL_USVI;Usvi H. Room Suite Pack 1;915;Music Choice All Xmas;Audio;Audio;No
Puerto Rico;COMERCIAL_USVI;Usvi H. Room Suite Pack 1;916;Music Choice Workout;Audio;Audio;No
Puerto Rico;COMERCIAL_USVI;Usvi H. Room Suite Pack 1;917;Music Choice Broadway;Audio;Audio;No
Puerto Rico;COMERCIAL_USVI;Usvi H. Room Suite Pack 1;918;Music Choice Adult Alternative;Audio;Audio;No
Puerto Rico;COMERCIAL_USVI;Usvi H. Room Suite Pack 1;919;Music Choice Pop Hits;Audio;Audio;No
Puerto Rico;COMERCIAL_USVI;Usvi H. Room Suite Pack 1;920;Music Choice New Wave;Audio;Audio;No
Puerto Rico;COMERCIAL_USVI;Usvi H. Room Suite Pack 1;921;Music Choice 70s;Audio;Audio;No
Puerto Rico;COMERCIAL_USVI;Usvi H. Room Suite Pack 1;922;Music Choice Kidz Only!;Audio;Audio;No
Puerto Rico;COMERCIAL_USVI;Usvi H. Room Suite Pack 1;923;Music Choice 80s;Audio;Audio;No
Puerto Rico;COMERCIAL_USVI;Usvi H. Room Suite Pack 1;924;Music Choice Rock Latino;Audio;Audio;No
Puerto Rico;COMERCIAL_USVI;Usvi H. Room Suite Pack 1;925;Music Choice Retro Workout;Audio;Audio;No
Puerto Rico;COMERCIAL_USVI;Usvi H. Room Suite Pack 1;926;Music Choice Contemporary Christian;Audio;Audio;No
Puerto Rico;COMERCIAL_USVI;Usvi H. Room Suite Pack 1;927;Music Choice Reggae;Audio;Audio;No
Puerto Rico;COMERCIAL_USVI;Usvi H. Room Suite Pack 1;928;Music Choice Alternative;Audio;Audio;No
Puerto Rico;COMERCIAL_USVI;Usvi H. Room Suite Pack 1;929;Music Choice Pop & Country;Audio;Audio;No
Puerto Rico;COMERCIAL_USVI;Usvi H. Room Suite Pack 1;930;Music Choice Pop Latino;Audio;Audio;No
Puerto Rico;COMERCIAL_USVI;Usvi H. Room Suite Pack 1;931;Music Choice Classic Country;Audio;Audio;No
Puerto Rico;COMERCIAL_USVI;Usvi H. Room Suite Pack 1;932;Music Choice Big Band;Audio;Audio;No
Puerto Rico;COMERCIAL_USVI;Usvi H. Room Suite Pack 1;933;Music Choice Todays Country;Audio;Audio;No
Puerto Rico;COMERCIAL_USVI;Usvi H. Room Suite Pack 1;934;Music Choice Hit List;Audio;Audio;No
Puerto Rico;COMERCIAL_USVI;Usvi H. Room Suite Pack 1;935;Music Choice Hip-Hop And R&B;Audio;Audio;No
Puerto Rico;COMERCIAL_USVI;Usvi H. Room Suite Pack 1;936;Music Choice Teen Beats;Audio;Audio;No
Puerto Rico;COMERCIAL_USVI;Usvi H. Room Suite Pack 1;937;Music Choice Coffee Shop Cuts;Audio;Audio;No
Puerto Rico;COMERCIAL_USVI;Usvi H. Room Suite Pack 1;938;Music Choice Honky Tonk;Audio;Audio;No
Puerto Rico;COMERCIAL_USVI;Usvi H. Room Suite Pack 1;939;Music Choice Soundscapes;Audio;Audio;No
Puerto Rico;COMERCIAL_USVI;Usvi H. Room Suite Pack 1;940;Music Choice Light Classical;Audio;Audio;No
Puerto Rico;COMERCIAL_USVI;Usvi H. Room Suite Pack 1;941;Music Choice Classic Alternative;Audio;Audio;No
Puerto Rico;COMERCIAL_USVI;Usvi H. Room Suite Pack 1;942;Music Choice Indie;Audio;Audio;No
Puerto Rico;COMERCIAL_USVI;Usvi H. Room Suite Pack 1;943;Music Choice Malt Shop Favorites;Audio;Audio;No
Puerto Rico;COMERCIAL_USVI;Usvi H. Room Suite Pack 1;944;Music Choice Smooth Jazz;Audio;Audio;No
Puerto Rico;COMERCIAL_USVI;Usvi H. Room Suite Pack 1;945;Music Choice Contemporary Instrumentals;Audio;Audio;No
Puerto Rico;COMERCIAL_USVI;Usvi H. Room Suite Pack 1;946;Music Choice Hard Rock;Audio;Audio;No
Puerto Rico;COMERCIAL_USVI;Usvi H. Room Suite Pack 1;947;Music Choice Throwback Jamz;Audio;Audio;No
Puerto Rico;COMERCIAL_USVI;Usvi H. Room Suite Pack 1;948;Music Choice Classic Rock;Audio;Audio;No
Puerto Rico;COMERCIAL_USVI;Usvi H. Room Suite Pack 1;949;Music Choice Movie Scores;Audio;Audio;No
Puerto Rico;COMERCIAL_USVI;Usvi H. Room Suite Pack 1;950;Music Choice Max;Audio;Audio;No
Puerto Rico;COMERCIAL_USVI;Usvi H. Room Suite Pack 1;951;Music Choice Mainstream Rap;Audio;Audio;No
Puerto Rico;COMERCIAL_USVI;Usvi H. Room Suite Pack 1;952;Music Choice Americana;Audio;Audio;No
Puerto Rico;COMERCIAL_USVI;Usvi H. Room Suite Pack 1;953;Music Choice Symphony;Audio;Audio;No
Puerto Rico;COMERCIAL_USVI;Usvi H. Room Suite Pack 1;954;Music Choice Dance/EDM;Audio;Audio;No
Puerto Rico;COMERCIAL_USVI;Usvi H. Room Suite Pack 1;955;Music Choice Folk;Audio;Audio;No
Puerto Rico;COMERCIAL_USVI;Usvi H. Room Suite Pack 1;956;Music Choice Classic Dance;Audio;Audio;No
Puerto Rico;COMERCIAL_USVI;Usvi H. Room Suite Pack 1;957;Music Choice Gospel Hallelujah;Audio;Audio;No
Puerto Rico;COMERCIAL_USVI;Usvi H. Room Suite Pack 1;958;Music Choice Tropicales;Audio;Audio;No
Puerto Rico;COMERCIAL_USVI;Usvi H. Room Suite Pack 1;959;Music Choice Metal;Audio;Audio;No
Puerto Rico;COMERCIAL_USVI;Usvi H. Room Suite Pack 1;960;Music Choice Toddler Tunes;Audio;Audio;No
Puerto Rico;COMERCIAL_USVI;Usvi H. Room Suite Pack 1;961;Music Choice Y2k;Audio;Audio;No
Puerto Rico;COMERCIAL_USVI;Usvi H. Room Suite Pack 1;962;Music Choice Bluegrass;Audio;Audio;No
Puerto Rico;COMERCIAL_USVI;Usvi H. Room Suite Pack 1;963;Music Choice Vietnamese;Audio;Audio;No
Puerto Rico;COMERCIAL_USVI;Usvi H. Room Suite Pack 1;964;Music Choice Gospel;Audio;Audio;No
Puerto Rico;COMERCIAL_USVI;Usvi H. Room Suite Pack 1;965;Music Choice 60s Movement;Audio;Audio;No
Puerto Rico;COMERCIAL_USVI;Usvi H. Room Suite Pack 1;966;Music Choice Filipino;Audio;Audio;No
Puerto Rico;COMERCIAL_USVI;Usvi H. Room Suite Pack 1;967;Music Choice Sounds of the Season;Audio;Audio;No
Puerto Rico;COMERCIAL_USVI;Usvi Hotel Room Presindencial;162;Telemundo;HD;Nacional;No
Puerto Rico;COMERCIAL_USVI;Usvi Hotel Room Presindencial;164;WAPA TV;HD;Nacional;No
Puerto Rico;COMERCIAL_USVI;Usvi Hotel Room Presindencial;166;WIPR;SD;Nacional;Si
Puerto Rico;COMERCIAL_USVI;Usvi Hotel Room Presindencial;167;Teleislas;SD;Nacional;No
Puerto Rico;COMERCIAL_USVI;Usvi Hotel Room Presindencial;168;TeleOnce HD;HD;Nacional;No
Puerto Rico;COMERCIAL_USVI;Usvi Hotel Room Presindencial;169;Daystar Español;SD;Nacional;No
Puerto Rico;COMERCIAL_USVI;Usvi Hotel Room Presindencial;170;Fox News;HD;Nacional;No
Puerto Rico;COMERCIAL_USVI;Usvi Hotel Room Presindencial;172;ABC5;HD;Nacional;No
Puerto Rico;COMERCIAL_USVI;Usvi Hotel Room Presindencial;174;CBS;HD;Nacional;No
Puerto Rico;COMERCIAL_USVI;Usvi Hotel Room Presindencial;176;NBC PR;HD;Nacional;No
Puerto Rico;COMERCIAL_USVI;Usvi Hotel Room Presindencial;179;Punto 2;HD;Nacional;No
Puerto Rico;COMERCIAL_USVI;Usvi Hotel Room Presindencial;181;TV Dominicana;SD;Nacional;No
Puerto Rico;COMERCIAL_USVI;Usvi Hotel Room Presindencial;182;TV Chile;SD;Nacional;Si
Puerto Rico;COMERCIAL_USVI;Usvi Hotel Room Presindencial;183;TeleOro;SD;Nacional;Si
Puerto Rico;COMERCIAL_USVI;Usvi Hotel Room Presindencial;185;Telecinco;SD;Local;No
Puerto Rico;COMERCIAL_USVI;Usvi Hotel Room Presindencial;186;UniMás;SD;Local;No
Puerto Rico;COMERCIAL_USVI;Usvi Hotel Room Presindencial;220;Bravo;HD;Variedades;Si
Puerto Rico;COMERCIAL_USVI;Usvi Hotel Room Presindencial;221;¡Hola! TV;SD;Variedades;Si
Puerto Rico;COMERCIAL_USVI;Usvi Hotel Room Presindencial;222;E! Entertainment HD;HD;Variedades;Si
Puerto Rico;COMERCIAL_USVI;Usvi Hotel Room Presindencial;225;Pasiones;SD;Variedades;No
Puerto Rico;COMERCIAL_USVI;Usvi Hotel Room Presindencial;228;Food Network;HD;Variedades;Si
Puerto Rico;COMERCIAL_USVI;Usvi Hotel Room Presindencial;229;Blossom;SD;Variedades;Si
Puerto Rico;COMERCIAL_USVI;Usvi Hotel Room Presindencial;230;BET;SD;Variedades;Si
Puerto Rico;COMERCIAL_USVI;Usvi Hotel Room Presindencial;242;FX HD;HD;Variedades;Si
Puerto Rico;COMERCIAL_USVI;Usvi Hotel Room Presindencial;244;TNT;HD;Variedades;Si
Puerto Rico;COMERCIAL_USVI;Usvi Hotel Room Presindencial;246;USA Network;HD;Variedades;Si
Puerto Rico;COMERCIAL_USVI;Usvi Hotel Room Presindencial;248;TBS;HD;Variedades;Si
Puerto Rico;COMERCIAL_USVI;Usvi Hotel Room Presindencial;249;TLnovelas;SD;Variedades;No
Puerto Rico;COMERCIAL_USVI;Usvi Hotel Room Presindencial;250;HGTV;HD;Variedades;Si
Puerto Rico;COMERCIAL_USVI;Usvi Hotel Room Presindencial;252;Freeform;HD;Variedades;Si
Puerto Rico;COMERCIAL_USVI;Usvi Hotel Room Presindencial;254;Paramount Network;HD;Variedades;Si
Puerto Rico;COMERCIAL_USVI;Usvi Hotel Room Presindencial;256;A&E;HD;Variedades;Si
Puerto Rico;COMERCIAL_USVI;Usvi Hotel Room Presindencial;260;MTV;HD;Variedades;Si
Puerto Rico;COMERCIAL_USVI;Usvi Hotel Room Presindencial;261;MTV 2;HD;Variedades;Si
Puerto Rico;COMERCIAL_USVI;Usvi Hotel Room Presindencial;262;VH1;HD;Variedades;Si
Puerto Rico;COMERCIAL_USVI;Usvi Hotel Room Presindencial;263;Comedy Central;HD;Variedades;Si
Puerto Rico;COMERCIAL_USVI;Usvi Hotel Room Presindencial;264;VICE;SD;Variedades;Si
Puerto Rico;COMERCIAL_USVI;Usvi Hotel Room Presindencial;267;Cooking Channel;HD;Variedades;Si
Puerto Rico;COMERCIAL_USVI;Usvi Hotel Room Presindencial;268;So Yummy;SD;Variedades;Si
Puerto Rico;COMERCIAL_USVI;Usvi Hotel Room Presindencial;320;Cartoon Network;HD;Infantil;Si
Puerto Rico;COMERCIAL_USVI;Usvi Hotel Room Presindencial;322;Nickelodeon;HD;Infantil;Si
Puerto Rico;COMERCIAL_USVI;Usvi Hotel Room Presindencial;324;Disney Channel;HD;Infantil;Si
Puerto Rico;COMERCIAL_USVI;Usvi Hotel Room Presindencial;326;Disney XD;HD;Infantil;Si
Puerto Rico;COMERCIAL_USVI;Usvi Hotel Room Presindencial;330;Discovery Kids LA;SD;Infantil;Si
Puerto Rico;COMERCIAL_USVI;Usvi Hotel Room Presindencial;332;LooLoo Kids;SD;Infantil;No
Puerto Rico;COMERCIAL_USVI;Usvi Hotel Room Presindencial;336;Boomerang;SD;Infantil;Si
Puerto Rico;COMERCIAL_USVI;Usvi Hotel Room Presindencial;337;Nick Jr.;HD;Infantil;No
Puerto Rico;COMERCIAL_USVI;Usvi Hotel Room Presindencial;338;Vme;SD;Infantil;Si
Puerto Rico;COMERCIAL_USVI;Usvi Hotel Room Presindencial;339;Baby First TV;SD;Infantil;Si
Puerto Rico;COMERCIAL_USVI;Usvi Hotel Room Presindencial;350;EWTN;SD;Religioso;Si
Puerto Rico;COMERCIAL_USVI;Usvi Hotel Room Presindencial;352;Enlace;SD;Religioso;Si
Puerto Rico;COMERCIAL_USVI;Usvi Hotel Room Presindencial;354;Christian Television Network (CTN);SD;Religioso;Si
Puerto Rico;COMERCIAL_USVI;Usvi Hotel Room Presindencial;462;Playboy TV;SD;Adultos;No
Puerto Rico;COMERCIAL_USVI;Usvi Hotel Room Presindencial;465;Brazzers TV;SD;Adultos;No
Puerto Rico;COMERCIAL_USVI;Usvi Hotel Room Presindencial;468;Hustler;SD;Adultos;No
Puerto Rico;COMERCIAL_USVI;Usvi Hotel Room Presindencial;511;AMC;HD;Cine;Si
Puerto Rico;COMERCIAL_USVI;Usvi Hotel Room Presindencial;514;Cine Latino;SD;Cine;Si
Puerto Rico;COMERCIAL_USVI;Usvi Hotel Room Presindencial;516;De Película;SD;Cine;No
Puerto Rico;COMERCIAL_USVI;Usvi Hotel Room Presindencial;517;Lifetime;HD;Cine;Si
Puerto Rico;COMERCIAL_USVI;Usvi Hotel Room Presindencial;518;Lifetime Moivie Network;HD;Cine;No
Puerto Rico;COMERCIAL_USVI;Usvi Hotel Room Presindencial;520;Hallmark Channel;HD;Cine;Si
Puerto Rico;COMERCIAL_USVI;Usvi Hotel Room Presindencial;521;Hallmark Family;HD;Cine;Si
Puerto Rico;COMERCIAL_USVI;Usvi Hotel Room Presindencial;550;MGM Mas;HD;Cine;No
Puerto Rico;COMERCIAL_USVI;Usvi Hotel Room Presindencial;551;MGM Mas Hits;HD;Cine;No
Puerto Rico;COMERCIAL_USVI;Usvi Hotel Room Presindencial;552;MGM Mas Marquee;HD;Cine;No
Puerto Rico;COMERCIAL_USVI;Usvi Hotel Room Presindencial;564;HBO;HD;Cine;No
Puerto Rico;COMERCIAL_USVI;Usvi Hotel Room Presindencial;565;HBO Hits;HD;Cine;No
Puerto Rico;COMERCIAL_USVI;Usvi Hotel Room Presindencial;566;HBO Movie;HD;Cine;No
Puerto Rico;COMERCIAL_USVI;Usvi Hotel Room Presindencial;567;HBO Drama;HD;Cine;No
Puerto Rico;COMERCIAL_USVI;Usvi Hotel Room Presindencial;569;HBO Comedy;HD;Cine;No
Puerto Rico;COMERCIAL_USVI;Usvi Hotel Room Presindencial;570;HBO Latino;HD;Cine;No
Puerto Rico;COMERCIAL_USVI;Usvi Hotel Room Presindencial;571;Cinemax;HD;Cine;No
Puerto Rico;COMERCIAL_USVI;Usvi Hotel Room Presindencial;572;Cinemax Hits;HD;Cine;No
Puerto Rico;COMERCIAL_USVI;Usvi Hotel Room Presindencial;574;Cinemax Action;HD;Cine;No
Puerto Rico;COMERCIAL_USVI;Usvi Hotel Room Presindencial;577;Paramount+ with Showtime;HD;Cine;No
Puerto Rico;COMERCIAL_USVI;Usvi Hotel Room Presindencial;578;Showtime 2;HD;Cine;No
Puerto Rico;COMERCIAL_USVI;Usvi Hotel Room Presindencial;579;Showtime Beyond;HD;Cine;No
Puerto Rico;COMERCIAL_USVI;Usvi Hotel Room Presindencial;580;Showcase;HD;Cine;No
Puerto Rico;COMERCIAL_USVI;Usvi Hotel Room Presindencial;581;Showtime Extreme;HD;Cine;No
Puerto Rico;COMERCIAL_USVI;Usvi Hotel Room Presindencial;582;The Movie Channel;SD;Cine;No
Puerto Rico;COMERCIAL_USVI;Usvi Hotel Room Presindencial;585;Starz;HD;Cine;No
Puerto Rico;COMERCIAL_USVI;Usvi Hotel Room Presindencial;586;Starz Kids & Family;HD;Cine;No
Puerto Rico;COMERCIAL_USVI;Usvi Hotel Room Presindencial;587;Starz Cinema;HD;Cine;No
Puerto Rico;COMERCIAL_USVI;Usvi Hotel Room Presindencial;588;Encore Action;SD;Cine;No
Puerto Rico;COMERCIAL_USVI;Usvi Hotel Room Presindencial;589;Encore;HD;Cine;No
Puerto Rico;COMERCIAL_USVI;Usvi Hotel Room Presindencial;590;Encore Family;SD;Cine;No
Puerto Rico;COMERCIAL_USVI;Usvi Hotel Room Presindencial;601;NBA League Pass;HD;Deportes;No
Puerto Rico;COMERCIAL_USVI;Usvi Hotel Room Presindencial;619;NBA League Pass;HD;Deportes;No
Puerto Rico;COMERCIAL_USVI;Usvi Hotel Room Presindencial;620;NFL Sunday Ticket;HD;Deportes;No
Puerto Rico;COMERCIAL_USVI;Usvi Hotel Room Presindencial;639;NFL Sunday Ticket;HD;Deportes;No
Puerto Rico;COMERCIAL_USVI;Usvi Hotel Room Presindencial;640;Thursday Night Football;HD;Deportes;No
Puerto Rico;COMERCIAL_USVI;Usvi Hotel Room Presindencial;645;ESPN;HD;Deportes;Si
Puerto Rico;COMERCIAL_USVI;Usvi Hotel Room Presindencial;646;ESPN News;HD;Deportes;Si
Puerto Rico;COMERCIAL_USVI;Usvi Hotel Room Presindencial;648;ESPN 2;HD;Deportes;Si
Puerto Rico;COMERCIAL_USVI;Usvi Hotel Room Presindencial;649;ESPN Deportes;HD;Deportes;Si
Puerto Rico;COMERCIAL_USVI;Usvi Hotel Room Presindencial;651;Fox Deportes;SD;Deportes;No
Puerto Rico;COMERCIAL_USVI;Usvi Hotel Room Presindencial;652;The Tennis Channel;HD;Deportes;No
Puerto Rico;COMERCIAL_USVI;Usvi Hotel Room Presindencial;653;NBA TV;HD;Deportes;Si
Puerto Rico;COMERCIAL_USVI;Usvi Hotel Room Presindencial;654;The Golf Channel;HD;Deportes;No
Puerto Rico;COMERCIAL_USVI;Usvi Hotel Room Presindencial;655;Fox Sports;HD;Deportes;No
Puerto Rico;COMERCIAL_USVI;Usvi Hotel Room Presindencial;656;MLB Network;HD;Deportes;Si
Puerto Rico;COMERCIAL_USVI;Usvi Hotel Room Presindencial;657;WAPA Deportes;HD;Deportes;No
Puerto Rico;COMERCIAL_USVI;Usvi Hotel Room Presindencial;702;CNN;HD;Mundo;Si
Puerto Rico;COMERCIAL_USVI;Usvi Hotel Room Presindencial;704;CNN en Español;SD;Mundo;Si
Puerto Rico;COMERCIAL_USVI;Usvi Hotel Room Presindencial;708;Headline News;HD;Mundo;Si
Puerto Rico;COMERCIAL_USVI;Usvi Hotel Room Presindencial;710;Bloomberg;HD;Mundo;Si
Puerto Rico;COMERCIAL_USVI;Usvi Hotel Room Presindencial;712;AccuWeather;HD;Mundo;Si
Puerto Rico;COMERCIAL_USVI;Usvi Hotel Room Presindencial;714;Estrella TV;SD;Mundo;No
Puerto Rico;COMERCIAL_USVI;Usvi Hotel Room Presindencial;720;CSPAN2;SD;Mundo;No
Puerto Rico;COMERCIAL_USVI;Usvi Hotel Room Presindencial;730;Nat Geo Mundo;SD;Mundo;Si
Puerto Rico;COMERCIAL_USVI;Usvi Hotel Room Presindencial;732;Discovery em Español;SD;Mundo;Si
Puerto Rico;COMERCIAL_USVI;Usvi Hotel Room Presindencial;734;Animal Planet LA;SD;Mundo;No
Puerto Rico;COMERCIAL_USVI;Usvi Hotel Room Presindencial;735;Animal Planet US;HD;Mundo;Si
Puerto Rico;COMERCIAL_USVI;Usvi Hotel Room Presindencial;742;History Andes;SD;Mundo;No
Puerto Rico;COMERCIAL_USVI;Usvi Hotel Room Presindencial;744;FYI;HD;Mundo;Si
Puerto Rico;COMERCIAL_USVI;Usvi Hotel Room Presindencial;745;SyFy;HD;Mundo;No
Puerto Rico;COMERCIAL_USVI;Usvi Hotel Room Presindencial;746;Discovery Turbo;HD;Mundo;Si
Puerto Rico;COMERCIAL_USVI;Usvi Hotel Room Presindencial;752;Discovery US;HD;Mundo;Si
Puerto Rico;COMERCIAL_USVI;Usvi Hotel Room Presindencial;754;The Learning Channel;HD;Mundo;Si
Puerto Rico;COMERCIAL_USVI;Usvi Hotel Room Presindencial;756;History Channel;HD;Mundo;Si
Puerto Rico;COMERCIAL_USVI;Usvi Hotel Room Presindencial;760;TVE;SD;Variedades;Si
Puerto Rico;COMERCIAL_USVI;Usvi Hotel Room Presindencial;762;Antena 3;SD;Mundo;Si
Puerto Rico;COMERCIAL_USVI;Usvi Hotel Room Presindencial;764;HITN;SD;Variedades;No
Puerto Rico;COMERCIAL_USVI;Usvi Hotel Room Presindencial;768;BBC América;HD;Mundo;Si
Puerto Rico;COMERCIAL_USVI;Usvi Hotel Room Presindencial;901;Music Choice Rock Hits;Audio;Audio;No
Puerto Rico;COMERCIAL_USVI;Usvi Hotel Room Presindencial;902;Music Choice 80s Rock;Audio;Audio;No
Puerto Rico;COMERCIAL_USVI;Usvi Hotel Room Presindencial;903;Music Choice Jazz Vocal Hits;Audio;Audio;No
Puerto Rico;COMERCIAL_USVI;Usvi Hotel Room Presindencial;904;Music Choice Country Hits;Audio;Audio;No
Puerto Rico;COMERCIAL_USVI;Usvi Hotel Room Presindencial;905;Music Choice New Age;Audio;Audio;No
Puerto Rico;COMERCIAL_USVI;Usvi Hotel Room Presindencial;906;Music Choice Funk;Audio;Audio;No
Puerto Rico;COMERCIAL_USVI;Usvi Hotel Room Presindencial;907;Music Choice 90s;Audio;Audio;No
Puerto Rico;COMERCIAL_USVI;Usvi Hotel Room Presindencial;908;Music Choice Blues;Audio;Audio;No
Puerto Rico;COMERCIAL_USVI;Usvi Hotel Room Presindencial;909;Music Choice Love Songs;Audio;Audio;No
Puerto Rico;COMERCIAL_USVI;Usvi Hotel Room Presindencial;910;Music Choice Musica Urbana;Audio;Audio;No
Puerto Rico;COMERCIAL_USVI;Usvi Hotel Room Presindencial;911;Music Choice R&B Classics;Audio;Audio;No
Puerto Rico;COMERCIAL_USVI;Usvi Hotel Room Presindencial;912;Music Choice Latin Jazz;Audio;Audio;No
Puerto Rico;COMERCIAL_USVI;Usvi Hotel Room Presindencial;913;Music Choice Soft Rock;Audio;Audio;No
Puerto Rico;COMERCIAL_USVI;Usvi Hotel Room Presindencial;914;Music Choice Rap;Audio;Audio;No
Puerto Rico;COMERCIAL_USVI;Usvi Hotel Room Presindencial;915;Music Choice All Xmas;Audio;Audio;No
Puerto Rico;COMERCIAL_USVI;Usvi Hotel Room Presindencial;916;Music Choice Workout;Audio;Audio;No
Puerto Rico;COMERCIAL_USVI;Usvi Hotel Room Presindencial;917;Music Choice Broadway;Audio;Audio;No
Puerto Rico;COMERCIAL_USVI;Usvi Hotel Room Presindencial;918;Music Choice Adult Alternative;Audio;Audio;No
Puerto Rico;COMERCIAL_USVI;Usvi Hotel Room Presindencial;919;Music Choice Pop Hits;Audio;Audio;No
Puerto Rico;COMERCIAL_USVI;Usvi Hotel Room Presindencial;920;Music Choice New Wave;Audio;Audio;No
Puerto Rico;COMERCIAL_USVI;Usvi Hotel Room Presindencial;921;Music Choice 70s;Audio;Audio;No
Puerto Rico;COMERCIAL_USVI;Usvi Hotel Room Presindencial;922;Music Choice Kidz Only!;Audio;Audio;No
Puerto Rico;COMERCIAL_USVI;Usvi Hotel Room Presindencial;923;Music Choice 80s;Audio;Audio;No
Puerto Rico;COMERCIAL_USVI;Usvi Hotel Room Presindencial;924;Music Choice Rock Latino;Audio;Audio;No
Puerto Rico;COMERCIAL_USVI;Usvi Hotel Room Presindencial;925;Music Choice Retro Workout;Audio;Audio;No
Puerto Rico;COMERCIAL_USVI;Usvi Hotel Room Presindencial;926;Music Choice Contemporary Christian;Audio;Audio;No
Puerto Rico;COMERCIAL_USVI;Usvi Hotel Room Presindencial;927;Music Choice Reggae;Audio;Audio;No
Puerto Rico;COMERCIAL_USVI;Usvi Hotel Room Presindencial;928;Music Choice Alternative;Audio;Audio;No
Puerto Rico;COMERCIAL_USVI;Usvi Hotel Room Presindencial;929;Music Choice Pop & Country;Audio;Audio;No
Puerto Rico;COMERCIAL_USVI;Usvi Hotel Room Presindencial;930;Music Choice Pop Latino;Audio;Audio;No
Puerto Rico;COMERCIAL_USVI;Usvi Hotel Room Presindencial;931;Music Choice Classic Country;Audio;Audio;No
Puerto Rico;COMERCIAL_USVI;Usvi Hotel Room Presindencial;932;Music Choice Big Band;Audio;Audio;No
Puerto Rico;COMERCIAL_USVI;Usvi Hotel Room Presindencial;933;Music Choice Todays Country;Audio;Audio;No
Puerto Rico;COMERCIAL_USVI;Usvi Hotel Room Presindencial;934;Music Choice Hit List;Audio;Audio;No
Puerto Rico;COMERCIAL_USVI;Usvi Hotel Room Presindencial;935;Music Choice Hip-Hop And R&B;Audio;Audio;No
Puerto Rico;COMERCIAL_USVI;Usvi Hotel Room Presindencial;936;Music Choice Teen Beats;Audio;Audio;No
Puerto Rico;COMERCIAL_USVI;Usvi Hotel Room Presindencial;937;Music Choice Coffee Shop Cuts;Audio;Audio;No
Puerto Rico;COMERCIAL_USVI;Usvi Hotel Room Presindencial;938;Music Choice Honky Tonk;Audio;Audio;No
Puerto Rico;COMERCIAL_USVI;Usvi Hotel Room Presindencial;939;Music Choice Soundscapes;Audio;Audio;No
Puerto Rico;COMERCIAL_USVI;Usvi Hotel Room Presindencial;940;Music Choice Light Classical;Audio;Audio;No
Puerto Rico;COMERCIAL_USVI;Usvi Hotel Room Presindencial;941;Music Choice Classic Alternative;Audio;Audio;No
Puerto Rico;COMERCIAL_USVI;Usvi Hotel Room Presindencial;942;Music Choice Indie;Audio;Audio;No
Puerto Rico;COMERCIAL_USVI;Usvi Hotel Room Presindencial;943;Music Choice Malt Shop Favorites;Audio;Audio;No
Puerto Rico;COMERCIAL_USVI;Usvi Hotel Room Presindencial;944;Music Choice Smooth Jazz;Audio;Audio;No
Puerto Rico;COMERCIAL_USVI;Usvi Hotel Room Presindencial;945;Music Choice Contemporary Instrumentals;Audio;Audio;No
Puerto Rico;COMERCIAL_USVI;Usvi Hotel Room Presindencial;946;Music Choice Hard Rock;Audio;Audio;No
Puerto Rico;COMERCIAL_USVI;Usvi Hotel Room Presindencial;947;Music Choice Throwback Jamz;Audio;Audio;No
Puerto Rico;COMERCIAL_USVI;Usvi Hotel Room Presindencial;948;Music Choice Classic Rock;Audio;Audio;No
Puerto Rico;COMERCIAL_USVI;Usvi Hotel Room Presindencial;949;Music Choice Movie Scores;Audio;Audio;No
Puerto Rico;COMERCIAL_USVI;Usvi Hotel Room Presindencial;950;Music Choice Max;Audio;Audio;No
Puerto Rico;COMERCIAL_USVI;Usvi Hotel Room Presindencial;951;Music Choice Mainstream Rap;Audio;Audio;No
Puerto Rico;COMERCIAL_USVI;Usvi Hotel Room Presindencial;952;Music Choice Americana;Audio;Audio;No
Puerto Rico;COMERCIAL_USVI;Usvi Hotel Room Presindencial;953;Music Choice Symphony;Audio;Audio;No
Puerto Rico;COMERCIAL_USVI;Usvi Hotel Room Presindencial;954;Music Choice Dance/EDM;Audio;Audio;No
Puerto Rico;COMERCIAL_USVI;Usvi Hotel Room Presindencial;955;Music Choice Folk;Audio;Audio;No
Puerto Rico;COMERCIAL_USVI;Usvi Hotel Room Presindencial;956;Music Choice Classic Dance;Audio;Audio;No
Puerto Rico;COMERCIAL_USVI;Usvi Hotel Room Presindencial;957;Music Choice Gospel Hallelujah;Audio;Audio;No
Puerto Rico;COMERCIAL_USVI;Usvi Hotel Room Presindencial;958;Music Choice Tropicales;Audio;Audio;No
Puerto Rico;COMERCIAL_USVI;Usvi Hotel Room Presindencial;959;Music Choice Metal;Audio;Audio;No
Puerto Rico;COMERCIAL_USVI;Usvi Hotel Room Presindencial;960;Music Choice Toddler Tunes;Audio;Audio;No
Puerto Rico;COMERCIAL_USVI;Usvi Hotel Room Presindencial;961;Music Choice Y2k;Audio;Audio;No
Puerto Rico;COMERCIAL_USVI;Usvi Hotel Room Presindencial;962;Music Choice Bluegrass;Audio;Audio;No
Puerto Rico;COMERCIAL_USVI;Usvi Hotel Room Presindencial;963;Music Choice Vietnamese;Audio;Audio;No
Puerto Rico;COMERCIAL_USVI;Usvi Hotel Room Presindencial;964;Music Choice Gospel;Audio;Audio;No
Puerto Rico;COMERCIAL_USVI;Usvi Hotel Room Presindencial;965;Music Choice 60s Movement;Audio;Audio;No
Puerto Rico;COMERCIAL_USVI;Usvi Hotel Room Presindencial;966;Music Choice Filipino;Audio;Audio;No
Puerto Rico;COMERCIAL_USVI;Usvi Hotel Room Presindencial;967;Music Choice Sounds of the Season;Audio;Audio;No
Puerto Rico;COMERCIAL_USVI;Usvi Basic Office;162;Telemundo;HD;Nacional;No
Puerto Rico;COMERCIAL_USVI;Usvi Basic Office;164;WAPA TV;HD;Nacional;No
Puerto Rico;COMERCIAL_USVI;Usvi Basic Office;166;WIPR;SD;Nacional;Si
Puerto Rico;COMERCIAL_USVI;Usvi Basic Office;167;Teleislas;SD;Nacional;No
Puerto Rico;COMERCIAL_USVI;Usvi Basic Office;168;TeleOnce HD;HD;Nacional;No
Puerto Rico;COMERCIAL_USVI;Usvi Basic Office;169;Daystar Español;SD;Nacional;No
Puerto Rico;COMERCIAL_USVI;Usvi Basic Office;170;Fox News;HD;Nacional;No
Puerto Rico;COMERCIAL_USVI;Usvi Basic Office;172;ABC5;HD;Nacional;No
Puerto Rico;COMERCIAL_USVI;Usvi Basic Office;174;CBS;HD;Nacional;No
Puerto Rico;COMERCIAL_USVI;Usvi Basic Office;176;NBC PR;HD;Nacional;No
Puerto Rico;COMERCIAL_USVI;Usvi Basic Office;179;Punto 2;HD;Nacional;No
Puerto Rico;COMERCIAL_USVI;Usvi Basic Office;181;TV Dominicana;SD;Nacional;No
Puerto Rico;COMERCIAL_USVI;Usvi Basic Office;182;TV Chile;SD;Nacional;Si
Puerto Rico;COMERCIAL_USVI;Usvi Basic Office;183;TeleOro;SD;Nacional;Si
Puerto Rico;COMERCIAL_USVI;Usvi Basic Office;185;Telecinco;SD;Local;No
Puerto Rico;COMERCIAL_USVI;Usvi Basic Office;186;UniMás;SD;Local;No
Puerto Rico;COMERCIAL_USVI;Usvi Basic Office;220;Bravo;HD;Variedades;No
Puerto Rico;COMERCIAL_USVI;Usvi Basic Office;221;¡Hola! TV;SD;Variedades;No
Puerto Rico;COMERCIAL_USVI;Usvi Basic Office;222;E! Entertainment HD;HD;Variedades;No
Puerto Rico;COMERCIAL_USVI;Usvi Basic Office;225;Pasiones;SD;Variedades;No
Puerto Rico;COMERCIAL_USVI;Usvi Basic Office;228;Food Network;HD;Variedades;No
Puerto Rico;COMERCIAL_USVI;Usvi Basic Office;229;Blossom;SD;Variedades;Si
Puerto Rico;COMERCIAL_USVI;Usvi Basic Office;230;BET;SD;Variedades;Si
Puerto Rico;COMERCIAL_USVI;Usvi Basic Office;242;FX HD;HD;Variedades;No
Puerto Rico;COMERCIAL_USVI;Usvi Basic Office;244;TNT;HD;Variedades;No
Puerto Rico;COMERCIAL_USVI;Usvi Basic Office;246;USA Network;HD;Variedades;No
Puerto Rico;COMERCIAL_USVI;Usvi Basic Office;248;TBS;HD;Variedades;No
Puerto Rico;COMERCIAL_USVI;Usvi Basic Office;249;TLnovelas;SD;Variedades;Si
Puerto Rico;COMERCIAL_USVI;Usvi Basic Office;250;HGTV;HD;Variedades;No
Puerto Rico;COMERCIAL_USVI;Usvi Basic Office;252;Freeform;HD;Variedades;No
Puerto Rico;COMERCIAL_USVI;Usvi Basic Office;254;Paramount Network;HD;Variedades;No
Puerto Rico;COMERCIAL_USVI;Usvi Basic Office;256;A&E;HD;Variedades;No
Puerto Rico;COMERCIAL_USVI;Usvi Basic Office;260;MTV;HD;Variedades;No
Puerto Rico;COMERCIAL_USVI;Usvi Basic Office;261;MTV 2;HD;Variedades;No
Puerto Rico;COMERCIAL_USVI;Usvi Basic Office;262;VH1;HD;Variedades;No
Puerto Rico;COMERCIAL_USVI;Usvi Basic Office;263;Comedy Central;HD;Variedades;No
Puerto Rico;COMERCIAL_USVI;Usvi Basic Office;264;VICE;SD;Variedades;Si
Puerto Rico;COMERCIAL_USVI;Usvi Basic Office;267;Cooking Channel;HD;Variedades;No
Puerto Rico;COMERCIAL_USVI;Usvi Basic Office;268;So Yummy;SD;Variedades;Si
Puerto Rico;COMERCIAL_USVI;Usvi Basic Office;320;Cartoon Network;HD;Infantil;No
Puerto Rico;COMERCIAL_USVI;Usvi Basic Office;322;Nickelodeon;HD;Infantil;No
Puerto Rico;COMERCIAL_USVI;Usvi Basic Office;324;Disney Channel;HD;Infantil;No
Puerto Rico;COMERCIAL_USVI;Usvi Basic Office;326;Disney XD;HD;Infantil;No
Puerto Rico;COMERCIAL_USVI;Usvi Basic Office;330;Discovery Kids LA;SD;Infantil;Si
Puerto Rico;COMERCIAL_USVI;Usvi Basic Office;332;LooLoo Kids;SD;Infantil;No
Puerto Rico;COMERCIAL_USVI;Usvi Basic Office;336;Boomerang;SD;Infantil;No
Puerto Rico;COMERCIAL_USVI;Usvi Basic Office;337;Nick Jr.;HD;Infantil;No
Puerto Rico;COMERCIAL_USVI;Usvi Basic Office;338;Vme;SD;Infantil;Si
Puerto Rico;COMERCIAL_USVI;Usvi Basic Office;339;Baby First TV;SD;Infantil;Si
Puerto Rico;COMERCIAL_USVI;Usvi Basic Office;350;EWTN;SD;Religioso;Si
Puerto Rico;COMERCIAL_USVI;Usvi Basic Office;352;Enlace;SD;Religioso;Si
Puerto Rico;COMERCIAL_USVI;Usvi Basic Office;354;Christian Television Network (CTN);SD;Religioso;Si
Puerto Rico;COMERCIAL_USVI;Usvi Basic Office;462;Playboy TV;SD;Adultos;No
Puerto Rico;COMERCIAL_USVI;Usvi Basic Office;465;Brazzers TV;SD;Adultos;No
Puerto Rico;COMERCIAL_USVI;Usvi Basic Office;468;Hustler;SD;Adultos;No
Puerto Rico;COMERCIAL_USVI;Usvi Basic Office;511;AMC;HD;Cine;No
Puerto Rico;COMERCIAL_USVI;Usvi Basic Office;514;Cine Latino;SD;Cine;No
Puerto Rico;COMERCIAL_USVI;Usvi Basic Office;516;De Película;SD;Cine;Si
Puerto Rico;COMERCIAL_USVI;Usvi Basic Office;517;Lifetime;HD;Cine;No
Puerto Rico;COMERCIAL_USVI;Usvi Basic Office;518;Lifetime Moivie Network;HD;Cine;No
Puerto Rico;COMERCIAL_USVI;Usvi Basic Office;520;Hallmark Channel;HD;Cine;No
Puerto Rico;COMERCIAL_USVI;Usvi Basic Office;521;Hallmark Family;HD;Cine;No
Puerto Rico;COMERCIAL_USVI;Usvi Basic Office;550;MGM Mas;HD;Cine;No
Puerto Rico;COMERCIAL_USVI;Usvi Basic Office;551;MGM Mas Hits;HD;Cine;No
Puerto Rico;COMERCIAL_USVI;Usvi Basic Office;552;MGM Mas Marquee;HD;Cine;No
Puerto Rico;COMERCIAL_USVI;Usvi Basic Office;564;HBO;HD;Cine;No
Puerto Rico;COMERCIAL_USVI;Usvi Basic Office;565;HBO Hits;HD;Cine;No
Puerto Rico;COMERCIAL_USVI;Usvi Basic Office;566;HBO Movie;HD;Cine;No
Puerto Rico;COMERCIAL_USVI;Usvi Basic Office;567;HBO Drama;HD;Cine;No
Puerto Rico;COMERCIAL_USVI;Usvi Basic Office;569;HBO Comedy;HD;Cine;No
Puerto Rico;COMERCIAL_USVI;Usvi Basic Office;570;HBO Latino;HD;Cine;No
Puerto Rico;COMERCIAL_USVI;Usvi Basic Office;571;Cinemax;HD;Cine;No
Puerto Rico;COMERCIAL_USVI;Usvi Basic Office;572;Cinemax Hits;HD;Cine;No
Puerto Rico;COMERCIAL_USVI;Usvi Basic Office;574;Cinemax Action;HD;Cine;No
Puerto Rico;COMERCIAL_USVI;Usvi Basic Office;577;Paramount+ with Showtime;HD;Cine;No
Puerto Rico;COMERCIAL_USVI;Usvi Basic Office;578;Showtime 2;HD;Cine;No
Puerto Rico;COMERCIAL_USVI;Usvi Basic Office;579;Showtime Beyond;HD;Cine;No
Puerto Rico;COMERCIAL_USVI;Usvi Basic Office;580;Showcase;HD;Cine;No
Puerto Rico;COMERCIAL_USVI;Usvi Basic Office;581;Showtime Extreme;HD;Cine;No
Puerto Rico;COMERCIAL_USVI;Usvi Basic Office;582;The Movie Channel;SD;Cine;No
Puerto Rico;COMERCIAL_USVI;Usvi Basic Office;585;Starz;HD;Cine;No
Puerto Rico;COMERCIAL_USVI;Usvi Basic Office;586;Starz Kids & Family;HD;Cine;No
Puerto Rico;COMERCIAL_USVI;Usvi Basic Office;587;Starz Cinema;HD;Cine;No
Puerto Rico;COMERCIAL_USVI;Usvi Basic Office;588;Encore Action;SD;Cine;No
Puerto Rico;COMERCIAL_USVI;Usvi Basic Office;589;Encore;HD;Cine;No
Puerto Rico;COMERCIAL_USVI;Usvi Basic Office;590;Encore Family;SD;Cine;No
Puerto Rico;COMERCIAL_USVI;Usvi Basic Office;601;NBA League Pass;HD;Deportes;No
Puerto Rico;COMERCIAL_USVI;Usvi Basic Office;619;NBA League Pass;HD;Deportes;No
Puerto Rico;COMERCIAL_USVI;Usvi Basic Office;620;NFL Sunday Ticket;HD;Deportes;No
Puerto Rico;COMERCIAL_USVI;Usvi Basic Office;639;NFL Sunday Ticket;HD;Deportes;No
Puerto Rico;COMERCIAL_USVI;Usvi Basic Office;640;Thursday Night Football;HD;Deportes;No
Puerto Rico;COMERCIAL_USVI;Usvi Basic Office;645;ESPN;HD;Deportes;No
Puerto Rico;COMERCIAL_USVI;Usvi Basic Office;646;ESPN News;HD;Deportes;No
Puerto Rico;COMERCIAL_USVI;Usvi Basic Office;648;ESPN 2;HD;Deportes;No
Puerto Rico;COMERCIAL_USVI;Usvi Basic Office;649;ESPN Deportes;HD;Deportes;Si
Puerto Rico;COMERCIAL_USVI;Usvi Basic Office;651;Fox Deportes;SD;Deportes;No
Puerto Rico;COMERCIAL_USVI;Usvi Basic Office;652;The Tennis Channel;HD;Deportes;No
Puerto Rico;COMERCIAL_USVI;Usvi Basic Office;653;NBA TV;HD;Deportes;No
Puerto Rico;COMERCIAL_USVI;Usvi Basic Office;654;The Golf Channel;HD;Deportes;No
Puerto Rico;COMERCIAL_USVI;Usvi Basic Office;655;Fox Sports;HD;Deportes;No
Puerto Rico;COMERCIAL_USVI;Usvi Basic Office;656;MLB Network;HD;Deportes;No
Puerto Rico;COMERCIAL_USVI;Usvi Basic Office;657;WAPA Deportes;HD;Deportes;No
Puerto Rico;COMERCIAL_USVI;Usvi Basic Office;702;CNN;HD;Mundo;No
Puerto Rico;COMERCIAL_USVI;Usvi Basic Office;704;CNN en Español;SD;Mundo;Si
Puerto Rico;COMERCIAL_USVI;Usvi Basic Office;708;Headline News;HD;Mundo;No
Puerto Rico;COMERCIAL_USVI;Usvi Basic Office;710;Bloomberg;HD;Mundo;No
Puerto Rico;COMERCIAL_USVI;Usvi Basic Office;712;AccuWeather;HD;Mundo;Si
Puerto Rico;COMERCIAL_USVI;Usvi Basic Office;714;Estrella TV;SD;Mundo;No
Puerto Rico;COMERCIAL_USVI;Usvi Basic Office;720;CSPAN2;SD;Mundo;No
Puerto Rico;COMERCIAL_USVI;Usvi Basic Office;730;Nat Geo Mundo;SD;Mundo;Si
Puerto Rico;COMERCIAL_USVI;Usvi Basic Office;732;Discovery em Español;SD;Mundo;Si
Puerto Rico;COMERCIAL_USVI;Usvi Basic Office;734;Animal Planet LA;SD;Mundo;No
Puerto Rico;COMERCIAL_USVI;Usvi Basic Office;735;Animal Planet US;HD;Mundo;Si
Puerto Rico;COMERCIAL_USVI;Usvi Basic Office;742;History Andes;SD;Mundo;Si
Puerto Rico;COMERCIAL_USVI;Usvi Basic Office;744;FYI;HD;Mundo;No
Puerto Rico;COMERCIAL_USVI;Usvi Basic Office;745;SyFy;HD;Mundo;No
Puerto Rico;COMERCIAL_USVI;Usvi Basic Office;746;Discovery Turbo;HD;Mundo;Si
Puerto Rico;COMERCIAL_USVI;Usvi Basic Office;752;Discovery US;HD;Mundo;No
Puerto Rico;COMERCIAL_USVI;Usvi Basic Office;754;The Learning Channel;HD;Mundo;No
Puerto Rico;COMERCIAL_USVI;Usvi Basic Office;756;History Channel;HD;Mundo;No
Puerto Rico;COMERCIAL_USVI;Usvi Basic Office;760;TVE;SD;Variedades;Si
Puerto Rico;COMERCIAL_USVI;Usvi Basic Office;762;Antena 3;SD;Mundo;No
Puerto Rico;COMERCIAL_USVI;Usvi Basic Office;764;HITN;SD;Variedades;No
Puerto Rico;COMERCIAL_USVI;Usvi Basic Office;768;BBC América;HD;Mundo;No
Puerto Rico;COMERCIAL_USVI;Usvi Basic Office;901;Music Choice Rock Hits;Audio;Audio;No
Puerto Rico;COMERCIAL_USVI;Usvi Basic Office;902;Music Choice 80s Rock;Audio;Audio;No
Puerto Rico;COMERCIAL_USVI;Usvi Basic Office;903;Music Choice Jazz Vocal Hits;Audio;Audio;No
Puerto Rico;COMERCIAL_USVI;Usvi Basic Office;904;Music Choice Country Hits;Audio;Audio;No
Puerto Rico;COMERCIAL_USVI;Usvi Basic Office;905;Music Choice New Age;Audio;Audio;No
Puerto Rico;COMERCIAL_USVI;Usvi Basic Office;906;Music Choice Funk;Audio;Audio;No
Puerto Rico;COMERCIAL_USVI;Usvi Basic Office;907;Music Choice 90s;Audio;Audio;No
Puerto Rico;COMERCIAL_USVI;Usvi Basic Office;908;Music Choice Blues;Audio;Audio;No
Puerto Rico;COMERCIAL_USVI;Usvi Basic Office;909;Music Choice Love Songs;Audio;Audio;No
Puerto Rico;COMERCIAL_USVI;Usvi Basic Office;910;Music Choice Musica Urbana;Audio;Audio;No
Puerto Rico;COMERCIAL_USVI;Usvi Basic Office;911;Music Choice R&B Classics;Audio;Audio;No
Puerto Rico;COMERCIAL_USVI;Usvi Basic Office;912;Music Choice Latin Jazz;Audio;Audio;No
Puerto Rico;COMERCIAL_USVI;Usvi Basic Office;913;Music Choice Soft Rock;Audio;Audio;No
Puerto Rico;COMERCIAL_USVI;Usvi Basic Office;914;Music Choice Rap;Audio;Audio;No
Puerto Rico;COMERCIAL_USVI;Usvi Basic Office;915;Music Choice All Xmas;Audio;Audio;No
Puerto Rico;COMERCIAL_USVI;Usvi Basic Office;916;Music Choice Workout;Audio;Audio;No
Puerto Rico;COMERCIAL_USVI;Usvi Basic Office;917;Music Choice Broadway;Audio;Audio;No
Puerto Rico;COMERCIAL_USVI;Usvi Basic Office;918;Music Choice Adult Alternative;Audio;Audio;No
Puerto Rico;COMERCIAL_USVI;Usvi Basic Office;919;Music Choice Pop Hits;Audio;Audio;No
Puerto Rico;COMERCIAL_USVI;Usvi Basic Office;920;Music Choice New Wave;Audio;Audio;No
Puerto Rico;COMERCIAL_USVI;Usvi Basic Office;921;Music Choice 70s;Audio;Audio;No
Puerto Rico;COMERCIAL_USVI;Usvi Basic Office;922;Music Choice Kidz Only!;Audio;Audio;No
Puerto Rico;COMERCIAL_USVI;Usvi Basic Office;923;Music Choice 80s;Audio;Audio;No
Puerto Rico;COMERCIAL_USVI;Usvi Basic Office;924;Music Choice Rock Latino;Audio;Audio;No
Puerto Rico;COMERCIAL_USVI;Usvi Basic Office;925;Music Choice Retro Workout;Audio;Audio;No
Puerto Rico;COMERCIAL_USVI;Usvi Basic Office;926;Music Choice Contemporary Christian;Audio;Audio;No
Puerto Rico;COMERCIAL_USVI;Usvi Basic Office;927;Music Choice Reggae;Audio;Audio;No
Puerto Rico;COMERCIAL_USVI;Usvi Basic Office;928;Music Choice Alternative;Audio;Audio;No
Puerto Rico;COMERCIAL_USVI;Usvi Basic Office;929;Music Choice Pop & Country;Audio;Audio;No
Puerto Rico;COMERCIAL_USVI;Usvi Basic Office;930;Music Choice Pop Latino;Audio;Audio;No
Puerto Rico;COMERCIAL_USVI;Usvi Basic Office;931;Music Choice Classic Country;Audio;Audio;No
Puerto Rico;COMERCIAL_USVI;Usvi Basic Office;932;Music Choice Big Band;Audio;Audio;No
Puerto Rico;COMERCIAL_USVI;Usvi Basic Office;933;Music Choice Todays Country;Audio;Audio;No
Puerto Rico;COMERCIAL_USVI;Usvi Basic Office;934;Music Choice Hit List;Audio;Audio;No
Puerto Rico;COMERCIAL_USVI;Usvi Basic Office;935;Music Choice Hip-Hop And R&B;Audio;Audio;No
Puerto Rico;COMERCIAL_USVI;Usvi Basic Office;936;Music Choice Teen Beats;Audio;Audio;No
Puerto Rico;COMERCIAL_USVI;Usvi Basic Office;937;Music Choice Coffee Shop Cuts;Audio;Audio;No
Puerto Rico;COMERCIAL_USVI;Usvi Basic Office;938;Music Choice Honky Tonk;Audio;Audio;No
Puerto Rico;COMERCIAL_USVI;Usvi Basic Office;939;Music Choice Soundscapes;Audio;Audio;No
Puerto Rico;COMERCIAL_USVI;Usvi Basic Office;940;Music Choice Light Classical;Audio;Audio;No
Puerto Rico;COMERCIAL_USVI;Usvi Basic Office;941;Music Choice Classic Alternative;Audio;Audio;No
Puerto Rico;COMERCIAL_USVI;Usvi Basic Office;942;Music Choice Indie;Audio;Audio;No
Puerto Rico;COMERCIAL_USVI;Usvi Basic Office;943;Music Choice Malt Shop Favorites;Audio;Audio;No
Puerto Rico;COMERCIAL_USVI;Usvi Basic Office;944;Music Choice Smooth Jazz;Audio;Audio;No
Puerto Rico;COMERCIAL_USVI;Usvi Basic Office;945;Music Choice Contemporary Instrumentals;Audio;Audio;No
Puerto Rico;COMERCIAL_USVI;Usvi Basic Office;946;Music Choice Hard Rock;Audio;Audio;No
Puerto Rico;COMERCIAL_USVI;Usvi Basic Office;947;Music Choice Throwback Jamz;Audio;Audio;No
Puerto Rico;COMERCIAL_USVI;Usvi Basic Office;948;Music Choice Classic Rock;Audio;Audio;No
Puerto Rico;COMERCIAL_USVI;Usvi Basic Office;949;Music Choice Movie Scores;Audio;Audio;No
Puerto Rico;COMERCIAL_USVI;Usvi Basic Office;950;Music Choice Max;Audio;Audio;No
Puerto Rico;COMERCIAL_USVI;Usvi Basic Office;951;Music Choice Mainstream Rap;Audio;Audio;No
Puerto Rico;COMERCIAL_USVI;Usvi Basic Office;952;Music Choice Americana;Audio;Audio;No
Puerto Rico;COMERCIAL_USVI;Usvi Basic Office;953;Music Choice Symphony;Audio;Audio;No
Puerto Rico;COMERCIAL_USVI;Usvi Basic Office;954;Music Choice Dance/EDM;Audio;Audio;No
Puerto Rico;COMERCIAL_USVI;Usvi Basic Office;955;Music Choice Folk;Audio;Audio;No
Puerto Rico;COMERCIAL_USVI;Usvi Basic Office;956;Music Choice Classic Dance;Audio;Audio;No
Puerto Rico;COMERCIAL_USVI;Usvi Basic Office;957;Music Choice Gospel Hallelujah;Audio;Audio;No
Puerto Rico;COMERCIAL_USVI;Usvi Basic Office;958;Music Choice Tropicales;Audio;Audio;No
Puerto Rico;COMERCIAL_USVI;Usvi Basic Office;959;Music Choice Metal;Audio;Audio;No
Puerto Rico;COMERCIAL_USVI;Usvi Basic Office;960;Music Choice Toddler Tunes;Audio;Audio;No
Puerto Rico;COMERCIAL_USVI;Usvi Basic Office;961;Music Choice Y2k;Audio;Audio;No
Puerto Rico;COMERCIAL_USVI;Usvi Basic Office;962;Music Choice Bluegrass;Audio;Audio;No
Puerto Rico;COMERCIAL_USVI;Usvi Basic Office;963;Music Choice Vietnamese;Audio;Audio;No
Puerto Rico;COMERCIAL_USVI;Usvi Basic Office;964;Music Choice Gospel;Audio;Audio;No
Puerto Rico;COMERCIAL_USVI;Usvi Basic Office;965;Music Choice 60s Movement;Audio;Audio;No
Puerto Rico;COMERCIAL_USVI;Usvi Basic Office;966;Music Choice Filipino;Audio;Audio;No
Puerto Rico;COMERCIAL_USVI;Usvi Basic Office;967;Music Choice Sounds of the Season;Audio;Audio;No
Puerto Rico;COMERCIAL_USVI;Usvi Basic Office Plus;162;Telemundo;HD;Nacional;No
Puerto Rico;COMERCIAL_USVI;Usvi Basic Office Plus;164;WAPA TV;HD;Nacional;No
Puerto Rico;COMERCIAL_USVI;Usvi Basic Office Plus;166;WIPR;SD;Nacional;Si
Puerto Rico;COMERCIAL_USVI;Usvi Basic Office Plus;167;Teleislas;SD;Nacional;No
Puerto Rico;COMERCIAL_USVI;Usvi Basic Office Plus;168;TeleOnce HD;HD;Nacional;No
Puerto Rico;COMERCIAL_USVI;Usvi Basic Office Plus;169;Daystar Español;SD;Nacional;No
Puerto Rico;COMERCIAL_USVI;Usvi Basic Office Plus;170;Fox News;HD;Nacional;No
Puerto Rico;COMERCIAL_USVI;Usvi Basic Office Plus;172;ABC5;HD;Nacional;No
Puerto Rico;COMERCIAL_USVI;Usvi Basic Office Plus;174;CBS;HD;Nacional;No
Puerto Rico;COMERCIAL_USVI;Usvi Basic Office Plus;176;NBC PR;HD;Nacional;No
Puerto Rico;COMERCIAL_USVI;Usvi Basic Office Plus;179;Punto 2;HD;Nacional;No
Puerto Rico;COMERCIAL_USVI;Usvi Basic Office Plus;181;TV Dominicana;SD;Nacional;No
Puerto Rico;COMERCIAL_USVI;Usvi Basic Office Plus;182;TV Chile;SD;Nacional;No
Puerto Rico;COMERCIAL_USVI;Usvi Basic Office Plus;183;TeleOro;SD;Nacional;Si
Puerto Rico;COMERCIAL_USVI;Usvi Basic Office Plus;185;Telecinco;SD;Local;No
Puerto Rico;COMERCIAL_USVI;Usvi Basic Office Plus;186;UniMás;SD;Local;No
Puerto Rico;COMERCIAL_USVI;Usvi Basic Office Plus;220;Bravo;HD;Variedades;No
Puerto Rico;COMERCIAL_USVI;Usvi Basic Office Plus;221;¡Hola! TV;SD;Variedades;No
Puerto Rico;COMERCIAL_USVI;Usvi Basic Office Plus;222;E! Entertainment HD;HD;Variedades;No
Puerto Rico;COMERCIAL_USVI;Usvi Basic Office Plus;225;Pasiones;SD;Variedades;No
Puerto Rico;COMERCIAL_USVI;Usvi Basic Office Plus;228;Food Network;HD;Variedades;Si
Puerto Rico;COMERCIAL_USVI;Usvi Basic Office Plus;229;Blossom;SD;Variedades;Si
Puerto Rico;COMERCIAL_USVI;Usvi Basic Office Plus;230;BET;SD;Variedades;Si
Puerto Rico;COMERCIAL_USVI;Usvi Basic Office Plus;242;FX HD;HD;Variedades;No
Puerto Rico;COMERCIAL_USVI;Usvi Basic Office Plus;244;TNT;HD;Variedades;Si
Puerto Rico;COMERCIAL_USVI;Usvi Basic Office Plus;246;USA Network;HD;Variedades;No
Puerto Rico;COMERCIAL_USVI;Usvi Basic Office Plus;248;TBS;HD;Variedades;Si
Puerto Rico;COMERCIAL_USVI;Usvi Basic Office Plus;249;TLnovelas;SD;Variedades;Si
Puerto Rico;COMERCIAL_USVI;Usvi Basic Office Plus;250;HGTV;HD;Variedades;No
Puerto Rico;COMERCIAL_USVI;Usvi Basic Office Plus;252;Freeform;HD;Variedades;No
Puerto Rico;COMERCIAL_USVI;Usvi Basic Office Plus;254;Paramount Network;HD;Variedades;Si
Puerto Rico;COMERCIAL_USVI;Usvi Basic Office Plus;256;A&E;HD;Variedades;No
Puerto Rico;COMERCIAL_USVI;Usvi Basic Office Plus;260;MTV;HD;Variedades;Si
Puerto Rico;COMERCIAL_USVI;Usvi Basic Office Plus;261;MTV 2;HD;Variedades;Si
Puerto Rico;COMERCIAL_USVI;Usvi Basic Office Plus;262;VH1;HD;Variedades;Si
Puerto Rico;COMERCIAL_USVI;Usvi Basic Office Plus;263;Comedy Central;HD;Variedades;No
Puerto Rico;COMERCIAL_USVI;Usvi Basic Office Plus;264;VICE;SD;Variedades;Si
Puerto Rico;COMERCIAL_USVI;Usvi Basic Office Plus;267;Cooking Channel;HD;Variedades;No
Puerto Rico;COMERCIAL_USVI;Usvi Basic Office Plus;268;So Yummy;SD;Variedades;Si
Puerto Rico;COMERCIAL_USVI;Usvi Basic Office Plus;320;Cartoon Network;HD;Infantil;Si
Puerto Rico;COMERCIAL_USVI;Usvi Basic Office Plus;322;Nickelodeon;HD;Infantil;Si
Puerto Rico;COMERCIAL_USVI;Usvi Basic Office Plus;324;Disney Channel;HD;Infantil;No
Puerto Rico;COMERCIAL_USVI;Usvi Basic Office Plus;326;Disney XD;HD;Infantil;No
Puerto Rico;COMERCIAL_USVI;Usvi Basic Office Plus;330;Discovery Kids LA;SD;Infantil;Si
Puerto Rico;COMERCIAL_USVI;Usvi Basic Office Plus;332;LooLoo Kids;SD;Infantil;No
Puerto Rico;COMERCIAL_USVI;Usvi Basic Office Plus;336;Boomerang;SD;Infantil;Si
Puerto Rico;COMERCIAL_USVI;Usvi Basic Office Plus;337;Nick Jr.;HD;Infantil;No
Puerto Rico;COMERCIAL_USVI;Usvi Basic Office Plus;338;Vme;SD;Infantil;Si
Puerto Rico;COMERCIAL_USVI;Usvi Basic Office Plus;339;Baby First TV;SD;Infantil;Si
Puerto Rico;COMERCIAL_USVI;Usvi Basic Office Plus;350;EWTN;SD;Religioso;Si
Puerto Rico;COMERCIAL_USVI;Usvi Basic Office Plus;352;Enlace;SD;Religioso;Si
Puerto Rico;COMERCIAL_USVI;Usvi Basic Office Plus;354;Christian Television Network (CTN);SD;Religioso;Si
Puerto Rico;COMERCIAL_USVI;Usvi Basic Office Plus;462;Playboy TV;SD;Adultos;No
Puerto Rico;COMERCIAL_USVI;Usvi Basic Office Plus;465;Brazzers TV;SD;Adultos;No
Puerto Rico;COMERCIAL_USVI;Usvi Basic Office Plus;468;Hustler;SD;Adultos;No
Puerto Rico;COMERCIAL_USVI;Usvi Basic Office Plus;511;AMC;HD;Cine;No
Puerto Rico;COMERCIAL_USVI;Usvi Basic Office Plus;514;Cine Latino;SD;Cine;No
Puerto Rico;COMERCIAL_USVI;Usvi Basic Office Plus;516;De Película;SD;Cine;Si
Puerto Rico;COMERCIAL_USVI;Usvi Basic Office Plus;517;Lifetime;HD;Cine;No
Puerto Rico;COMERCIAL_USVI;Usvi Basic Office Plus;518;Lifetime Moivie Network;HD;Cine;No
Puerto Rico;COMERCIAL_USVI;Usvi Basic Office Plus;520;Hallmark Channel;HD;Cine;Si
Puerto Rico;COMERCIAL_USVI;Usvi Basic Office Plus;521;Hallmark Family;HD;Cine;Si
Puerto Rico;COMERCIAL_USVI;Usvi Basic Office Plus;550;MGM Mas;HD;Cine;No
Puerto Rico;COMERCIAL_USVI;Usvi Basic Office Plus;551;MGM Mas Hits;HD;Cine;No
Puerto Rico;COMERCIAL_USVI;Usvi Basic Office Plus;552;MGM Mas Marquee;HD;Cine;No
Puerto Rico;COMERCIAL_USVI;Usvi Basic Office Plus;564;HBO;HD;Cine;No
Puerto Rico;COMERCIAL_USVI;Usvi Basic Office Plus;565;HBO Hits;HD;Cine;No
Puerto Rico;COMERCIAL_USVI;Usvi Basic Office Plus;566;HBO Movie;HD;Cine;No
Puerto Rico;COMERCIAL_USVI;Usvi Basic Office Plus;567;HBO Drama;HD;Cine;No
Puerto Rico;COMERCIAL_USVI;Usvi Basic Office Plus;569;HBO Comedy;HD;Cine;No
Puerto Rico;COMERCIAL_USVI;Usvi Basic Office Plus;570;HBO Latino;HD;Cine;No
Puerto Rico;COMERCIAL_USVI;Usvi Basic Office Plus;571;Cinemax;HD;Cine;No
Puerto Rico;COMERCIAL_USVI;Usvi Basic Office Plus;572;Cinemax Hits;HD;Cine;No
Puerto Rico;COMERCIAL_USVI;Usvi Basic Office Plus;574;Cinemax Action;HD;Cine;No
Puerto Rico;COMERCIAL_USVI;Usvi Basic Office Plus;577;Paramount+ with Showtime;HD;Cine;No
Puerto Rico;COMERCIAL_USVI;Usvi Basic Office Plus;578;Showtime 2;HD;Cine;No
Puerto Rico;COMERCIAL_USVI;Usvi Basic Office Plus;579;Showtime Beyond;HD;Cine;No
Puerto Rico;COMERCIAL_USVI;Usvi Basic Office Plus;580;Showcase;HD;Cine;No
Puerto Rico;COMERCIAL_USVI;Usvi Basic Office Plus;581;Showtime Extreme;HD;Cine;No
Puerto Rico;COMERCIAL_USVI;Usvi Basic Office Plus;582;The Movie Channel;SD;Cine;No
Puerto Rico;COMERCIAL_USVI;Usvi Basic Office Plus;585;Starz;HD;Cine;No
Puerto Rico;COMERCIAL_USVI;Usvi Basic Office Plus;586;Starz Kids & Family;HD;Cine;No
Puerto Rico;COMERCIAL_USVI;Usvi Basic Office Plus;587;Starz Cinema;HD;Cine;No
Puerto Rico;COMERCIAL_USVI;Usvi Basic Office Plus;588;Encore Action;SD;Cine;No
Puerto Rico;COMERCIAL_USVI;Usvi Basic Office Plus;589;Encore;HD;Cine;No
Puerto Rico;COMERCIAL_USVI;Usvi Basic Office Plus;590;Encore Family;SD;Cine;No
Puerto Rico;COMERCIAL_USVI;Usvi Basic Office Plus;601;NBA League Pass;HD;Deportes;No
Puerto Rico;COMERCIAL_USVI;Usvi Basic Office Plus;619;NBA League Pass;HD;Deportes;No
Puerto Rico;COMERCIAL_USVI;Usvi Basic Office Plus;620;NFL Sunday Ticket;HD;Deportes;No
Puerto Rico;COMERCIAL_USVI;Usvi Basic Office Plus;639;NFL Sunday Ticket;HD;Deportes;No
Puerto Rico;COMERCIAL_USVI;Usvi Basic Office Plus;640;Thursday Night Football;HD;Deportes;No
Puerto Rico;COMERCIAL_USVI;Usvi Basic Office Plus;645;ESPN;HD;Deportes;No
Puerto Rico;COMERCIAL_USVI;Usvi Basic Office Plus;646;ESPN News;HD;Deportes;No
Puerto Rico;COMERCIAL_USVI;Usvi Basic Office Plus;648;ESPN 2;HD;Deportes;No
Puerto Rico;COMERCIAL_USVI;Usvi Basic Office Plus;649;ESPN Deportes;HD;Deportes;Si
Puerto Rico;COMERCIAL_USVI;Usvi Basic Office Plus;651;Fox Deportes;SD;Deportes;No
Puerto Rico;COMERCIAL_USVI;Usvi Basic Office Plus;652;The Tennis Channel;HD;Deportes;No
Puerto Rico;COMERCIAL_USVI;Usvi Basic Office Plus;653;NBA TV;HD;Deportes;No
Puerto Rico;COMERCIAL_USVI;Usvi Basic Office Plus;654;The Golf Channel;HD;Deportes;No
Puerto Rico;COMERCIAL_USVI;Usvi Basic Office Plus;655;Fox Sports;HD;Deportes;No
Puerto Rico;COMERCIAL_USVI;Usvi Basic Office Plus;656;MLB Network;HD;Deportes;No
Puerto Rico;COMERCIAL_USVI;Usvi Basic Office Plus;657;WAPA Deportes;HD;Deportes;No
Puerto Rico;COMERCIAL_USVI;Usvi Basic Office Plus;702;CNN;HD;Mundo;Si
Puerto Rico;COMERCIAL_USVI;Usvi Basic Office Plus;704;CNN en Español;SD;Mundo;Si
Puerto Rico;COMERCIAL_USVI;Usvi Basic Office Plus;708;Headline News;HD;Mundo;Si
Puerto Rico;COMERCIAL_USVI;Usvi Basic Office Plus;710;Bloomberg;HD;Mundo;Si
Puerto Rico;COMERCIAL_USVI;Usvi Basic Office Plus;712;AccuWeather;HD;Mundo;Si
Puerto Rico;COMERCIAL_USVI;Usvi Basic Office Plus;714;Estrella TV;SD;Mundo;No
Puerto Rico;COMERCIAL_USVI;Usvi Basic Office Plus;720;CSPAN2;SD;Mundo;No
Puerto Rico;COMERCIAL_USVI;Usvi Basic Office Plus;730;Nat Geo Mundo;SD;Mundo;Si
Puerto Rico;COMERCIAL_USVI;Usvi Basic Office Plus;732;Discovery em Español;SD;Mundo;Si
Puerto Rico;COMERCIAL_USVI;Usvi Basic Office Plus;734;Animal Planet LA;SD;Mundo;No
Puerto Rico;COMERCIAL_USVI;Usvi Basic Office Plus;735;Animal Planet US;HD;Mundo;Si
Puerto Rico;COMERCIAL_USVI;Usvi Basic Office Plus;742;History Andes;SD;Mundo;Si
Puerto Rico;COMERCIAL_USVI;Usvi Basic Office Plus;744;FYI;HD;Mundo;Si
Puerto Rico;COMERCIAL_USVI;Usvi Basic Office Plus;745;SyFy;HD;Mundo;No
Puerto Rico;COMERCIAL_USVI;Usvi Basic Office Plus;746;Discovery Turbo;HD;Mundo;Si
Puerto Rico;COMERCIAL_USVI;Usvi Basic Office Plus;752;Discovery US;HD;Mundo;No
Puerto Rico;COMERCIAL_USVI;Usvi Basic Office Plus;754;The Learning Channel;HD;Mundo;Si
Puerto Rico;COMERCIAL_USVI;Usvi Basic Office Plus;756;History Channel;HD;Mundo;Si
Puerto Rico;COMERCIAL_USVI;Usvi Basic Office Plus;760;TVE;SD;Variedades;Si
Puerto Rico;COMERCIAL_USVI;Usvi Basic Office Plus;762;Antena 3;SD;Mundo;No
Puerto Rico;COMERCIAL_USVI;Usvi Basic Office Plus;764;HITN;SD;Variedades;No
Puerto Rico;COMERCIAL_USVI;Usvi Basic Office Plus;768;BBC América;HD;Mundo;No
Puerto Rico;COMERCIAL_USVI;Usvi Basic Office Plus;901;Music Choice Rock Hits;Audio;Audio;No
Puerto Rico;COMERCIAL_USVI;Usvi Basic Office Plus;902;Music Choice 80s Rock;Audio;Audio;No
Puerto Rico;COMERCIAL_USVI;Usvi Basic Office Plus;903;Music Choice Jazz Vocal Hits;Audio;Audio;No
Puerto Rico;COMERCIAL_USVI;Usvi Basic Office Plus;904;Music Choice Country Hits;Audio;Audio;No
Puerto Rico;COMERCIAL_USVI;Usvi Basic Office Plus;905;Music Choice New Age;Audio;Audio;No
Puerto Rico;COMERCIAL_USVI;Usvi Basic Office Plus;906;Music Choice Funk;Audio;Audio;No
Puerto Rico;COMERCIAL_USVI;Usvi Basic Office Plus;907;Music Choice 90s;Audio;Audio;No
Puerto Rico;COMERCIAL_USVI;Usvi Basic Office Plus;908;Music Choice Blues;Audio;Audio;No
Puerto Rico;COMERCIAL_USVI;Usvi Basic Office Plus;909;Music Choice Love Songs;Audio;Audio;No
Puerto Rico;COMERCIAL_USVI;Usvi Basic Office Plus;910;Music Choice Musica Urbana;Audio;Audio;No
Puerto Rico;COMERCIAL_USVI;Usvi Basic Office Plus;911;Music Choice R&B Classics;Audio;Audio;No
Puerto Rico;COMERCIAL_USVI;Usvi Basic Office Plus;912;Music Choice Latin Jazz;Audio;Audio;No
Puerto Rico;COMERCIAL_USVI;Usvi Basic Office Plus;913;Music Choice Soft Rock;Audio;Audio;No
Puerto Rico;COMERCIAL_USVI;Usvi Basic Office Plus;914;Music Choice Rap;Audio;Audio;No
Puerto Rico;COMERCIAL_USVI;Usvi Basic Office Plus;915;Music Choice All Xmas;Audio;Audio;No
Puerto Rico;COMERCIAL_USVI;Usvi Basic Office Plus;916;Music Choice Workout;Audio;Audio;No
Puerto Rico;COMERCIAL_USVI;Usvi Basic Office Plus;917;Music Choice Broadway;Audio;Audio;No
Puerto Rico;COMERCIAL_USVI;Usvi Basic Office Plus;918;Music Choice Adult Alternative;Audio;Audio;No
Puerto Rico;COMERCIAL_USVI;Usvi Basic Office Plus;919;Music Choice Pop Hits;Audio;Audio;No
Puerto Rico;COMERCIAL_USVI;Usvi Basic Office Plus;920;Music Choice New Wave;Audio;Audio;No
Puerto Rico;COMERCIAL_USVI;Usvi Basic Office Plus;921;Music Choice 70s;Audio;Audio;No
Puerto Rico;COMERCIAL_USVI;Usvi Basic Office Plus;922;Music Choice Kidz Only!;Audio;Audio;No
Puerto Rico;COMERCIAL_USVI;Usvi Basic Office Plus;923;Music Choice 80s;Audio;Audio;No
Puerto Rico;COMERCIAL_USVI;Usvi Basic Office Plus;924;Music Choice Rock Latino;Audio;Audio;No
Puerto Rico;COMERCIAL_USVI;Usvi Basic Office Plus;925;Music Choice Retro Workout;Audio;Audio;No
Puerto Rico;COMERCIAL_USVI;Usvi Basic Office Plus;926;Music Choice Contemporary Christian;Audio;Audio;No
Puerto Rico;COMERCIAL_USVI;Usvi Basic Office Plus;927;Music Choice Reggae;Audio;Audio;No
Puerto Rico;COMERCIAL_USVI;Usvi Basic Office Plus;928;Music Choice Alternative;Audio;Audio;No
Puerto Rico;COMERCIAL_USVI;Usvi Basic Office Plus;929;Music Choice Pop & Country;Audio;Audio;No
Puerto Rico;COMERCIAL_USVI;Usvi Basic Office Plus;930;Music Choice Pop Latino;Audio;Audio;No
Puerto Rico;COMERCIAL_USVI;Usvi Basic Office Plus;931;Music Choice Classic Country;Audio;Audio;No
Puerto Rico;COMERCIAL_USVI;Usvi Basic Office Plus;932;Music Choice Big Band;Audio;Audio;No
Puerto Rico;COMERCIAL_USVI;Usvi Basic Office Plus;933;Music Choice Todays Country;Audio;Audio;No
Puerto Rico;COMERCIAL_USVI;Usvi Basic Office Plus;934;Music Choice Hit List;Audio;Audio;No
Puerto Rico;COMERCIAL_USVI;Usvi Basic Office Plus;935;Music Choice Hip-Hop And R&B;Audio;Audio;No
Puerto Rico;COMERCIAL_USVI;Usvi Basic Office Plus;936;Music Choice Teen Beats;Audio;Audio;No
Puerto Rico;COMERCIAL_USVI;Usvi Basic Office Plus;937;Music Choice Coffee Shop Cuts;Audio;Audio;No
Puerto Rico;COMERCIAL_USVI;Usvi Basic Office Plus;938;Music Choice Honky Tonk;Audio;Audio;No
Puerto Rico;COMERCIAL_USVI;Usvi Basic Office Plus;939;Music Choice Soundscapes;Audio;Audio;No
Puerto Rico;COMERCIAL_USVI;Usvi Basic Office Plus;940;Music Choice Light Classical;Audio;Audio;No
Puerto Rico;COMERCIAL_USVI;Usvi Basic Office Plus;941;Music Choice Classic Alternative;Audio;Audio;No
Puerto Rico;COMERCIAL_USVI;Usvi Basic Office Plus;942;Music Choice Indie;Audio;Audio;No
Puerto Rico;COMERCIAL_USVI;Usvi Basic Office Plus;943;Music Choice Malt Shop Favorites;Audio;Audio;No
Puerto Rico;COMERCIAL_USVI;Usvi Basic Office Plus;944;Music Choice Smooth Jazz;Audio;Audio;No
Puerto Rico;COMERCIAL_USVI;Usvi Basic Office Plus;945;Music Choice Contemporary Instrumentals;Audio;Audio;No
Puerto Rico;COMERCIAL_USVI;Usvi Basic Office Plus;946;Music Choice Hard Rock;Audio;Audio;No
Puerto Rico;COMERCIAL_USVI;Usvi Basic Office Plus;947;Music Choice Throwback Jamz;Audio;Audio;No
Puerto Rico;COMERCIAL_USVI;Usvi Basic Office Plus;948;Music Choice Classic Rock;Audio;Audio;No
Puerto Rico;COMERCIAL_USVI;Usvi Basic Office Plus;949;Music Choice Movie Scores;Audio;Audio;No
Puerto Rico;COMERCIAL_USVI;Usvi Basic Office Plus;950;Music Choice Max;Audio;Audio;No
Puerto Rico;COMERCIAL_USVI;Usvi Basic Office Plus;951;Music Choice Mainstream Rap;Audio;Audio;No
Puerto Rico;COMERCIAL_USVI;Usvi Basic Office Plus;952;Music Choice Americana;Audio;Audio;No
Puerto Rico;COMERCIAL_USVI;Usvi Basic Office Plus;953;Music Choice Symphony;Audio;Audio;No
Puerto Rico;COMERCIAL_USVI;Usvi Basic Office Plus;954;Music Choice Dance/EDM;Audio;Audio;No
Puerto Rico;COMERCIAL_USVI;Usvi Basic Office Plus;955;Music Choice Folk;Audio;Audio;No
Puerto Rico;COMERCIAL_USVI;Usvi Basic Office Plus;956;Music Choice Classic Dance;Audio;Audio;No
Puerto Rico;COMERCIAL_USVI;Usvi Basic Office Plus;957;Music Choice Gospel Hallelujah;Audio;Audio;No
Puerto Rico;COMERCIAL_USVI;Usvi Basic Office Plus;958;Music Choice Tropicales;Audio;Audio;No
Puerto Rico;COMERCIAL_USVI;Usvi Basic Office Plus;959;Music Choice Metal;Audio;Audio;No
Puerto Rico;COMERCIAL_USVI;Usvi Basic Office Plus;960;Music Choice Toddler Tunes;Audio;Audio;No
Puerto Rico;COMERCIAL_USVI;Usvi Basic Office Plus;961;Music Choice Y2k;Audio;Audio;No
Puerto Rico;COMERCIAL_USVI;Usvi Basic Office Plus;962;Music Choice Bluegrass;Audio;Audio;No
Puerto Rico;COMERCIAL_USVI;Usvi Basic Office Plus;963;Music Choice Vietnamese;Audio;Audio;No
Puerto Rico;COMERCIAL_USVI;Usvi Basic Office Plus;964;Music Choice Gospel;Audio;Audio;No
Puerto Rico;COMERCIAL_USVI;Usvi Basic Office Plus;965;Music Choice 60s Movement;Audio;Audio;No
Puerto Rico;COMERCIAL_USVI;Usvi Basic Office Plus;966;Music Choice Filipino;Audio;Audio;No
Puerto Rico;COMERCIAL_USVI;Usvi Basic Office Plus;967;Music Choice Sounds of the Season;Audio;Audio;No
Puerto Rico;COMERCIAL_USVI;Usvi Basic Office Extended;162;Telemundo;HD;Nacional;No
Puerto Rico;COMERCIAL_USVI;Usvi Basic Office Extended;164;WAPA TV;HD;Nacional;No
Puerto Rico;COMERCIAL_USVI;Usvi Basic Office Extended;166;WIPR;SD;Nacional;Si
Puerto Rico;COMERCIAL_USVI;Usvi Basic Office Extended;167;Teleislas;SD;Nacional;No
Puerto Rico;COMERCIAL_USVI;Usvi Basic Office Extended;168;TeleOnce HD;HD;Nacional;No
Puerto Rico;COMERCIAL_USVI;Usvi Basic Office Extended;169;Daystar Español;SD;Nacional;No
Puerto Rico;COMERCIAL_USVI;Usvi Basic Office Extended;170;Fox News;HD;Nacional;No
Puerto Rico;COMERCIAL_USVI;Usvi Basic Office Extended;172;ABC5;HD;Nacional;No
Puerto Rico;COMERCIAL_USVI;Usvi Basic Office Extended;174;CBS;HD;Nacional;No
Puerto Rico;COMERCIAL_USVI;Usvi Basic Office Extended;176;NBC PR;HD;Nacional;No
Puerto Rico;COMERCIAL_USVI;Usvi Basic Office Extended;179;Punto 2;HD;Nacional;No
Puerto Rico;COMERCIAL_USVI;Usvi Basic Office Extended;181;TV Dominicana;SD;Nacional;No
Puerto Rico;COMERCIAL_USVI;Usvi Basic Office Extended;182;TV Chile;SD;Nacional;Si
Puerto Rico;COMERCIAL_USVI;Usvi Basic Office Extended;183;TeleOro;SD;Nacional;Si
Puerto Rico;COMERCIAL_USVI;Usvi Basic Office Extended;185;Telecinco;SD;Local;No
Puerto Rico;COMERCIAL_USVI;Usvi Basic Office Extended;186;UniMás;SD;Local;No
Puerto Rico;COMERCIAL_USVI;Usvi Basic Office Extended;220;Bravo;HD;Variedades;Si
Puerto Rico;COMERCIAL_USVI;Usvi Basic Office Extended;221;¡Hola! TV;SD;Variedades;Si
Puerto Rico;COMERCIAL_USVI;Usvi Basic Office Extended;222;E! Entertainment HD;HD;Variedades;Si
Puerto Rico;COMERCIAL_USVI;Usvi Basic Office Extended;225;Pasiones;SD;Variedades;No
Puerto Rico;COMERCIAL_USVI;Usvi Basic Office Extended;228;Food Network;HD;Variedades;Si
Puerto Rico;COMERCIAL_USVI;Usvi Basic Office Extended;229;Blossom;SD;Variedades;Si
Puerto Rico;COMERCIAL_USVI;Usvi Basic Office Extended;230;BET;SD;Variedades;Si
Puerto Rico;COMERCIAL_USVI;Usvi Basic Office Extended;242;FX HD;HD;Variedades;Si
Puerto Rico;COMERCIAL_USVI;Usvi Basic Office Extended;244;TNT;HD;Variedades;Si
Puerto Rico;COMERCIAL_USVI;Usvi Basic Office Extended;246;USA Network;HD;Variedades;Si
Puerto Rico;COMERCIAL_USVI;Usvi Basic Office Extended;248;TBS;HD;Variedades;Si
Puerto Rico;COMERCIAL_USVI;Usvi Basic Office Extended;249;TLnovelas;SD;Variedades;Si
Puerto Rico;COMERCIAL_USVI;Usvi Basic Office Extended;250;HGTV;HD;Variedades;Si
Puerto Rico;COMERCIAL_USVI;Usvi Basic Office Extended;252;Freeform;HD;Variedades;Si
Puerto Rico;COMERCIAL_USVI;Usvi Basic Office Extended;254;Paramount Network;HD;Variedades;Si
Puerto Rico;COMERCIAL_USVI;Usvi Basic Office Extended;256;A&E;HD;Variedades;Si
Puerto Rico;COMERCIAL_USVI;Usvi Basic Office Extended;260;MTV;HD;Variedades;Si
Puerto Rico;COMERCIAL_USVI;Usvi Basic Office Extended;261;MTV 2;HD;Variedades;Si
Puerto Rico;COMERCIAL_USVI;Usvi Basic Office Extended;262;VH1;HD;Variedades;Si
Puerto Rico;COMERCIAL_USVI;Usvi Basic Office Extended;263;Comedy Central;HD;Variedades;Si
Puerto Rico;COMERCIAL_USVI;Usvi Basic Office Extended;264;VICE;SD;Variedades;Si
Puerto Rico;COMERCIAL_USVI;Usvi Basic Office Extended;267;Cooking Channel;HD;Variedades;Si
Puerto Rico;COMERCIAL_USVI;Usvi Basic Office Extended;268;So Yummy;SD;Variedades;Si
Puerto Rico;COMERCIAL_USVI;Usvi Basic Office Extended;320;Cartoon Network;HD;Infantil;Si
Puerto Rico;COMERCIAL_USVI;Usvi Basic Office Extended;322;Nickelodeon;HD;Infantil;Si
Puerto Rico;COMERCIAL_USVI;Usvi Basic Office Extended;324;Disney Channel;HD;Infantil;Si
Puerto Rico;COMERCIAL_USVI;Usvi Basic Office Extended;326;Disney XD;HD;Infantil;Si
Puerto Rico;COMERCIAL_USVI;Usvi Basic Office Extended;330;Discovery Kids LA;SD;Infantil;Si
Puerto Rico;COMERCIAL_USVI;Usvi Basic Office Extended;332;LooLoo Kids;SD;Infantil;No
Puerto Rico;COMERCIAL_USVI;Usvi Basic Office Extended;336;Boomerang;SD;Infantil;Si
Puerto Rico;COMERCIAL_USVI;Usvi Basic Office Extended;337;Nick Jr.;HD;Infantil;Si
Puerto Rico;COMERCIAL_USVI;Usvi Basic Office Extended;338;Vme;SD;Infantil;Si
Puerto Rico;COMERCIAL_USVI;Usvi Basic Office Extended;339;Baby First TV;SD;Infantil;Si
Puerto Rico;COMERCIAL_USVI;Usvi Basic Office Extended;350;EWTN;SD;Religioso;Si
Puerto Rico;COMERCIAL_USVI;Usvi Basic Office Extended;352;Enlace;SD;Religioso;Si
Puerto Rico;COMERCIAL_USVI;Usvi Basic Office Extended;354;Christian Television Network (CTN);SD;Religioso;Si
Puerto Rico;COMERCIAL_USVI;Usvi Basic Office Extended;462;Playboy TV;SD;Adultos;No
Puerto Rico;COMERCIAL_USVI;Usvi Basic Office Extended;465;Brazzers TV;SD;Adultos;No
Puerto Rico;COMERCIAL_USVI;Usvi Basic Office Extended;468;Hustler;SD;Adultos;No
Puerto Rico;COMERCIAL_USVI;Usvi Basic Office Extended;511;AMC;HD;Cine;Si
Puerto Rico;COMERCIAL_USVI;Usvi Basic Office Extended;514;Cine Latino;SD;Cine;Si
Puerto Rico;COMERCIAL_USVI;Usvi Basic Office Extended;516;De Película;SD;Cine;Si
Puerto Rico;COMERCIAL_USVI;Usvi Basic Office Extended;517;Lifetime;HD;Cine;Si
Puerto Rico;COMERCIAL_USVI;Usvi Basic Office Extended;518;Lifetime Moivie Network;HD;Cine;Si
Puerto Rico;COMERCIAL_USVI;Usvi Basic Office Extended;520;Hallmark Channel;HD;Cine;Si
Puerto Rico;COMERCIAL_USVI;Usvi Basic Office Extended;521;Hallmark Family;HD;Cine;Si
Puerto Rico;COMERCIAL_USVI;Usvi Basic Office Extended;550;MGM Mas;HD;Cine;No
Puerto Rico;COMERCIAL_USVI;Usvi Basic Office Extended;551;MGM Mas Hits;HD;Cine;No
Puerto Rico;COMERCIAL_USVI;Usvi Basic Office Extended;552;MGM Mas Marquee;HD;Cine;No
Puerto Rico;COMERCIAL_USVI;Usvi Basic Office Extended;564;HBO;HD;Cine;No
Puerto Rico;COMERCIAL_USVI;Usvi Basic Office Extended;565;HBO Hits;HD;Cine;No
Puerto Rico;COMERCIAL_USVI;Usvi Basic Office Extended;566;HBO Movie;HD;Cine;No
Puerto Rico;COMERCIAL_USVI;Usvi Basic Office Extended;567;HBO Drama;HD;Cine;No
Puerto Rico;COMERCIAL_USVI;Usvi Basic Office Extended;569;HBO Comedy;HD;Cine;No
Puerto Rico;COMERCIAL_USVI;Usvi Basic Office Extended;570;HBO Latino;HD;Cine;No
Puerto Rico;COMERCIAL_USVI;Usvi Basic Office Extended;571;Cinemax;HD;Cine;No
Puerto Rico;COMERCIAL_USVI;Usvi Basic Office Extended;572;Cinemax Hits;HD;Cine;No
Puerto Rico;COMERCIAL_USVI;Usvi Basic Office Extended;574;Cinemax Action;HD;Cine;No
Puerto Rico;COMERCIAL_USVI;Usvi Basic Office Extended;577;Paramount+ with Showtime;HD;Cine;No
Puerto Rico;COMERCIAL_USVI;Usvi Basic Office Extended;578;Showtime 2;HD;Cine;No
Puerto Rico;COMERCIAL_USVI;Usvi Basic Office Extended;579;Showtime Beyond;HD;Cine;No
Puerto Rico;COMERCIAL_USVI;Usvi Basic Office Extended;580;Showcase;HD;Cine;No
Puerto Rico;COMERCIAL_USVI;Usvi Basic Office Extended;581;Showtime Extreme;HD;Cine;No
Puerto Rico;COMERCIAL_USVI;Usvi Basic Office Extended;582;The Movie Channel;SD;Cine;No
Puerto Rico;COMERCIAL_USVI;Usvi Basic Office Extended;585;Starz;HD;Cine;No
Puerto Rico;COMERCIAL_USVI;Usvi Basic Office Extended;586;Starz Kids & Family;HD;Cine;No
Puerto Rico;COMERCIAL_USVI;Usvi Basic Office Extended;587;Starz Cinema;HD;Cine;No
Puerto Rico;COMERCIAL_USVI;Usvi Basic Office Extended;588;Encore Action;SD;Cine;No
Puerto Rico;COMERCIAL_USVI;Usvi Basic Office Extended;589;Encore;HD;Cine;No
Puerto Rico;COMERCIAL_USVI;Usvi Basic Office Extended;590;Encore Family;SD;Cine;No
Puerto Rico;COMERCIAL_USVI;Usvi Basic Office Extended;601;NBA League Pass;HD;Deportes;No
Puerto Rico;COMERCIAL_USVI;Usvi Basic Office Extended;619;NBA League Pass;HD;Deportes;No
Puerto Rico;COMERCIAL_USVI;Usvi Basic Office Extended;620;NFL Sunday Ticket;HD;Deportes;No
Puerto Rico;COMERCIAL_USVI;Usvi Basic Office Extended;639;NFL Sunday Ticket;HD;Deportes;No
Puerto Rico;COMERCIAL_USVI;Usvi Basic Office Extended;640;Thursday Night Football;HD;Deportes;No
Puerto Rico;COMERCIAL_USVI;Usvi Basic Office Extended;645;ESPN;HD;Deportes;Si
Puerto Rico;COMERCIAL_USVI;Usvi Basic Office Extended;646;ESPN News;HD;Deportes;Si
Puerto Rico;COMERCIAL_USVI;Usvi Basic Office Extended;648;ESPN 2;HD;Deportes;Si
Puerto Rico;COMERCIAL_USVI;Usvi Basic Office Extended;649;ESPN Deportes;HD;Deportes;Si
Puerto Rico;COMERCIAL_USVI;Usvi Basic Office Extended;651;Fox Deportes;SD;Deportes;No
Puerto Rico;COMERCIAL_USVI;Usvi Basic Office Extended;652;The Tennis Channel;HD;Deportes;Si
Puerto Rico;COMERCIAL_USVI;Usvi Basic Office Extended;653;NBA TV;HD;Deportes;Si
Puerto Rico;COMERCIAL_USVI;Usvi Basic Office Extended;654;The Golf Channel;HD;Deportes;Si
Puerto Rico;COMERCIAL_USVI;Usvi Basic Office Extended;655;Fox Sports;HD;Deportes;Si
Puerto Rico;COMERCIAL_USVI;Usvi Basic Office Extended;656;MLB Network;HD;Deportes;Si
Puerto Rico;COMERCIAL_USVI;Usvi Basic Office Extended;657;WAPA Deportes;HD;Deportes;No
Puerto Rico;COMERCIAL_USVI;Usvi Basic Office Extended;702;CNN;HD;Mundo;Si
Puerto Rico;COMERCIAL_USVI;Usvi Basic Office Extended;704;CNN en Español;SD;Mundo;Si
Puerto Rico;COMERCIAL_USVI;Usvi Basic Office Extended;708;Headline News;HD;Mundo;Si
Puerto Rico;COMERCIAL_USVI;Usvi Basic Office Extended;710;Bloomberg;HD;Mundo;Si
Puerto Rico;COMERCIAL_USVI;Usvi Basic Office Extended;712;AccuWeather;HD;Mundo;Si
Puerto Rico;COMERCIAL_USVI;Usvi Basic Office Extended;714;Estrella TV;SD;Mundo;No
Puerto Rico;COMERCIAL_USVI;Usvi Basic Office Extended;720;CSPAN2;SD;Mundo;No
Puerto Rico;COMERCIAL_USVI;Usvi Basic Office Extended;730;Nat Geo Mundo;SD;Mundo;Si
Puerto Rico;COMERCIAL_USVI;Usvi Basic Office Extended;732;Discovery em Español;SD;Mundo;Si
Puerto Rico;COMERCIAL_USVI;Usvi Basic Office Extended;734;Animal Planet LA;SD;Mundo;Si
Puerto Rico;COMERCIAL_USVI;Usvi Basic Office Extended;735;Animal Planet US;HD;Mundo;Si
Puerto Rico;COMERCIAL_USVI;Usvi Basic Office Extended;742;History Andes;SD;Mundo;Si
Puerto Rico;COMERCIAL_USVI;Usvi Basic Office Extended;744;FYI;HD;Mundo;Si
Puerto Rico;COMERCIAL_USVI;Usvi Basic Office Extended;745;SyFy;HD;Mundo;Si
Puerto Rico;COMERCIAL_USVI;Usvi Basic Office Extended;746;Discovery Turbo;HD;Mundo;Si
Puerto Rico;COMERCIAL_USVI;Usvi Basic Office Extended;752;Discovery US;HD;Mundo;Si
Puerto Rico;COMERCIAL_USVI;Usvi Basic Office Extended;754;The Learning Channel;HD;Mundo;Si
Puerto Rico;COMERCIAL_USVI;Usvi Basic Office Extended;756;History Channel;HD;Mundo;Si
Puerto Rico;COMERCIAL_USVI;Usvi Basic Office Extended;760;TVE;SD;Variedades;Si
Puerto Rico;COMERCIAL_USVI;Usvi Basic Office Extended;762;Antena 3;SD;Mundo;Si
Puerto Rico;COMERCIAL_USVI;Usvi Basic Office Extended;764;HITN;SD;Variedades;No
Puerto Rico;COMERCIAL_USVI;Usvi Basic Office Extended;768;BBC América;HD;Mundo;Si
Puerto Rico;COMERCIAL_USVI;Usvi Basic Office Extended;901;Music Choice Rock Hits;Audio;Audio;No
Puerto Rico;COMERCIAL_USVI;Usvi Basic Office Extended;902;Music Choice 80s Rock;Audio;Audio;No
Puerto Rico;COMERCIAL_USVI;Usvi Basic Office Extended;903;Music Choice Jazz Vocal Hits;Audio;Audio;No
Puerto Rico;COMERCIAL_USVI;Usvi Basic Office Extended;904;Music Choice Country Hits;Audio;Audio;No
Puerto Rico;COMERCIAL_USVI;Usvi Basic Office Extended;905;Music Choice New Age;Audio;Audio;No
Puerto Rico;COMERCIAL_USVI;Usvi Basic Office Extended;906;Music Choice Funk;Audio;Audio;No
Puerto Rico;COMERCIAL_USVI;Usvi Basic Office Extended;907;Music Choice 90s;Audio;Audio;No
Puerto Rico;COMERCIAL_USVI;Usvi Basic Office Extended;908;Music Choice Blues;Audio;Audio;No
Puerto Rico;COMERCIAL_USVI;Usvi Basic Office Extended;909;Music Choice Love Songs;Audio;Audio;No
Puerto Rico;COMERCIAL_USVI;Usvi Basic Office Extended;910;Music Choice Musica Urbana;Audio;Audio;No
Puerto Rico;COMERCIAL_USVI;Usvi Basic Office Extended;911;Music Choice R&B Classics;Audio;Audio;No
Puerto Rico;COMERCIAL_USVI;Usvi Basic Office Extended;912;Music Choice Latin Jazz;Audio;Audio;No
Puerto Rico;COMERCIAL_USVI;Usvi Basic Office Extended;913;Music Choice Soft Rock;Audio;Audio;No
Puerto Rico;COMERCIAL_USVI;Usvi Basic Office Extended;914;Music Choice Rap;Audio;Audio;No
Puerto Rico;COMERCIAL_USVI;Usvi Basic Office Extended;915;Music Choice All Xmas;Audio;Audio;No
Puerto Rico;COMERCIAL_USVI;Usvi Basic Office Extended;916;Music Choice Workout;Audio;Audio;No
Puerto Rico;COMERCIAL_USVI;Usvi Basic Office Extended;917;Music Choice Broadway;Audio;Audio;No
Puerto Rico;COMERCIAL_USVI;Usvi Basic Office Extended;918;Music Choice Adult Alternative;Audio;Audio;No
Puerto Rico;COMERCIAL_USVI;Usvi Basic Office Extended;919;Music Choice Pop Hits;Audio;Audio;No
Puerto Rico;COMERCIAL_USVI;Usvi Basic Office Extended;920;Music Choice New Wave;Audio;Audio;No
Puerto Rico;COMERCIAL_USVI;Usvi Basic Office Extended;921;Music Choice 70s;Audio;Audio;No
Puerto Rico;COMERCIAL_USVI;Usvi Basic Office Extended;922;Music Choice Kidz Only!;Audio;Audio;No
Puerto Rico;COMERCIAL_USVI;Usvi Basic Office Extended;923;Music Choice 80s;Audio;Audio;No
Puerto Rico;COMERCIAL_USVI;Usvi Basic Office Extended;924;Music Choice Rock Latino;Audio;Audio;No
Puerto Rico;COMERCIAL_USVI;Usvi Basic Office Extended;925;Music Choice Retro Workout;Audio;Audio;No
Puerto Rico;COMERCIAL_USVI;Usvi Basic Office Extended;926;Music Choice Contemporary Christian;Audio;Audio;No
Puerto Rico;COMERCIAL_USVI;Usvi Basic Office Extended;927;Music Choice Reggae;Audio;Audio;No
Puerto Rico;COMERCIAL_USVI;Usvi Basic Office Extended;928;Music Choice Alternative;Audio;Audio;No
Puerto Rico;COMERCIAL_USVI;Usvi Basic Office Extended;929;Music Choice Pop & Country;Audio;Audio;No
Puerto Rico;COMERCIAL_USVI;Usvi Basic Office Extended;930;Music Choice Pop Latino;Audio;Audio;No
Puerto Rico;COMERCIAL_USVI;Usvi Basic Office Extended;931;Music Choice Classic Country;Audio;Audio;No
Puerto Rico;COMERCIAL_USVI;Usvi Basic Office Extended;932;Music Choice Big Band;Audio;Audio;No
Puerto Rico;COMERCIAL_USVI;Usvi Basic Office Extended;933;Music Choice Todays Country;Audio;Audio;No
Puerto Rico;COMERCIAL_USVI;Usvi Basic Office Extended;934;Music Choice Hit List;Audio;Audio;No
Puerto Rico;COMERCIAL_USVI;Usvi Basic Office Extended;935;Music Choice Hip-Hop And R&B;Audio;Audio;No
Puerto Rico;COMERCIAL_USVI;Usvi Basic Office Extended;936;Music Choice Teen Beats;Audio;Audio;No
Puerto Rico;COMERCIAL_USVI;Usvi Basic Office Extended;937;Music Choice Coffee Shop Cuts;Audio;Audio;No
Puerto Rico;COMERCIAL_USVI;Usvi Basic Office Extended;938;Music Choice Honky Tonk;Audio;Audio;No
Puerto Rico;COMERCIAL_USVI;Usvi Basic Office Extended;939;Music Choice Soundscapes;Audio;Audio;No
Puerto Rico;COMERCIAL_USVI;Usvi Basic Office Extended;940;Music Choice Light Classical;Audio;Audio;No
Puerto Rico;COMERCIAL_USVI;Usvi Basic Office Extended;941;Music Choice Classic Alternative;Audio;Audio;No
Puerto Rico;COMERCIAL_USVI;Usvi Basic Office Extended;942;Music Choice Indie;Audio;Audio;No
Puerto Rico;COMERCIAL_USVI;Usvi Basic Office Extended;943;Music Choice Malt Shop Favorites;Audio;Audio;No
Puerto Rico;COMERCIAL_USVI;Usvi Basic Office Extended;944;Music Choice Smooth Jazz;Audio;Audio;No
Puerto Rico;COMERCIAL_USVI;Usvi Basic Office Extended;945;Music Choice Contemporary Instrumentals;Audio;Audio;No
Puerto Rico;COMERCIAL_USVI;Usvi Basic Office Extended;946;Music Choice Hard Rock;Audio;Audio;No
Puerto Rico;COMERCIAL_USVI;Usvi Basic Office Extended;947;Music Choice Throwback Jamz;Audio;Audio;No
Puerto Rico;COMERCIAL_USVI;Usvi Basic Office Extended;948;Music Choice Classic Rock;Audio;Audio;No
Puerto Rico;COMERCIAL_USVI;Usvi Basic Office Extended;949;Music Choice Movie Scores;Audio;Audio;No
Puerto Rico;COMERCIAL_USVI;Usvi Basic Office Extended;950;Music Choice Max;Audio;Audio;No
Puerto Rico;COMERCIAL_USVI;Usvi Basic Office Extended;951;Music Choice Mainstream Rap;Audio;Audio;No
Puerto Rico;COMERCIAL_USVI;Usvi Basic Office Extended;952;Music Choice Americana;Audio;Audio;No
Puerto Rico;COMERCIAL_USVI;Usvi Basic Office Extended;953;Music Choice Symphony;Audio;Audio;No
Puerto Rico;COMERCIAL_USVI;Usvi Basic Office Extended;954;Music Choice Dance/EDM;Audio;Audio;No
Puerto Rico;COMERCIAL_USVI;Usvi Basic Office Extended;955;Music Choice Folk;Audio;Audio;No
Puerto Rico;COMERCIAL_USVI;Usvi Basic Office Extended;956;Music Choice Classic Dance;Audio;Audio;No
Puerto Rico;COMERCIAL_USVI;Usvi Basic Office Extended;957;Music Choice Gospel Hallelujah;Audio;Audio;No
Puerto Rico;COMERCIAL_USVI;Usvi Basic Office Extended;958;Music Choice Tropicales;Audio;Audio;No
Puerto Rico;COMERCIAL_USVI;Usvi Basic Office Extended;959;Music Choice Metal;Audio;Audio;No
Puerto Rico;COMERCIAL_USVI;Usvi Basic Office Extended;960;Music Choice Toddler Tunes;Audio;Audio;No
Puerto Rico;COMERCIAL_USVI;Usvi Basic Office Extended;961;Music Choice Y2k;Audio;Audio;No
Puerto Rico;COMERCIAL_USVI;Usvi Basic Office Extended;962;Music Choice Bluegrass;Audio;Audio;No
Puerto Rico;COMERCIAL_USVI;Usvi Basic Office Extended;963;Music Choice Vietnamese;Audio;Audio;No
Puerto Rico;COMERCIAL_USVI;Usvi Basic Office Extended;964;Music Choice Gospel;Audio;Audio;No
Puerto Rico;COMERCIAL_USVI;Usvi Basic Office Extended;965;Music Choice 60s Movement;Audio;Audio;No
Puerto Rico;COMERCIAL_USVI;Usvi Basic Office Extended;966;Music Choice Filipino;Audio;Audio;No
Puerto Rico;COMERCIAL_USVI;Usvi Basic Office Extended;967;Music Choice Sounds of the Season;Audio;Audio;No
Puerto Rico;COMERCIAL_PR;Basic Office Plus;162;Telemundo;HD;Nacional;Si
Puerto Rico;COMERCIAL_PR;Basic Office Plus;164;WAPA TV;HD;Nacional;Si
Puerto Rico;COMERCIAL_PR;Basic Office Plus;166;WIPR;SD;Nacional;Si
Puerto Rico;COMERCIAL_PR;Basic Office Plus;167;Teleislas;SD;Nacional;Si
Puerto Rico;COMERCIAL_PR;Basic Office Plus;168;TeleOnce HD;HD;Nacional;Si
Puerto Rico;COMERCIAL_PR;Basic Office Plus;169;Daystar Español;SD;Nacional;Si
Puerto Rico;COMERCIAL_PR;Basic Office Plus;170;Fox News;HD;Nacional;Si
Puerto Rico;COMERCIAL_PR;Basic Office Plus;172;ABC5;HD;Nacional;Si
Puerto Rico;COMERCIAL_PR;Basic Office Plus;174;CBS;HD;Nacional;Si
Puerto Rico;COMERCIAL_PR;Basic Office Plus;176;NBC PR;HD;Nacional;Si
Puerto Rico;COMERCIAL_PR;Basic Office Plus;179;Punto 2;HD;Nacional;Si
Puerto Rico;COMERCIAL_PR;Basic Office Plus;181;TV Dominicana;SD;Nacional;Si
Puerto Rico;COMERCIAL_PR;Basic Office Plus;182;TV Chile;SD;Nacional;No
Puerto Rico;COMERCIAL_PR;Basic Office Plus;183;TeleOro;SD;Nacional;Si
Puerto Rico;COMERCIAL_PR;Basic Office Plus;185;Telecinco;SD;Local;Si
Puerto Rico;COMERCIAL_PR;Basic Office Plus;186;UniMás;SD;Local;Si
Puerto Rico;COMERCIAL_PR;Basic Office Plus;188;QVC;SD;Variedades;Si
Puerto Rico;COMERCIAL_PR;Basic Office Plus;189;QVC 2;SD;Variedades;Si
Puerto Rico;COMERCIAL_PR;Basic Office Plus;190;Home Shopping Network (HSN);SD;Variedades;Si
Puerto Rico;COMERCIAL_PR;Basic Office Plus;191;Home Shopping Network (HSN) 2;SD;Variedades;Si
Puerto Rico;COMERCIAL_PR;Basic Office Plus;220;Bravo;HD;Variedades;No
Puerto Rico;COMERCIAL_PR;Basic Office Plus;221;¡Hola! TV;SD;Variedades;No
Puerto Rico;COMERCIAL_PR;Basic Office Plus;222;E! Entertainment HD;HD;Variedades;No
Puerto Rico;COMERCIAL_PR;Basic Office Plus;225;Pasiones;SD;Variedades;No
Puerto Rico;COMERCIAL_PR;Basic Office Plus;226;QVC;SD;Variedades;Si
Puerto Rico;COMERCIAL_PR;Basic Office Plus;227;Home Shopping Network (HSN);SD;Variedades;Si
Puerto Rico;COMERCIAL_PR;Basic Office Plus;228;Food Network;HD;Variedades;Si
Puerto Rico;COMERCIAL_PR;Basic Office Plus;229;Blossom;SD;Variedades;Si
Puerto Rico;COMERCIAL_PR;Basic Office Plus;230;BET;SD;Variedades;Si
Puerto Rico;COMERCIAL_PR;Basic Office Plus;242;FX HD;HD;Variedades;No
Puerto Rico;COMERCIAL_PR;Basic Office Plus;244;TNT;HD;Variedades;Si
Puerto Rico;COMERCIAL_PR;Basic Office Plus;246;USA Network;HD;Variedades;No
Puerto Rico;COMERCIAL_PR;Basic Office Plus;248;TBS;HD;Variedades;Si
Puerto Rico;COMERCIAL_PR;Basic Office Plus;249;TLnovelas;SD;Variedades;Si
Puerto Rico;COMERCIAL_PR;Basic Office Plus;250;HGTV;HD;Variedades;No
Puerto Rico;COMERCIAL_PR;Basic Office Plus;252;Freeform;HD;Variedades;No
Puerto Rico;COMERCIAL_PR;Basic Office Plus;254;Paramount Network;HD;Variedades;Si
Puerto Rico;COMERCIAL_PR;Basic Office Plus;256;A&E;HD;Variedades;No
Puerto Rico;COMERCIAL_PR;Basic Office Plus;260;MTV;HD;Variedades;Si
Puerto Rico;COMERCIAL_PR;Basic Office Plus;261;MTV 2;HD;Variedades;Si
Puerto Rico;COMERCIAL_PR;Basic Office Plus;262;VH1;HD;Variedades;Si
Puerto Rico;COMERCIAL_PR;Basic Office Plus;263;Comedy Central;HD;Variedades;No
Puerto Rico;COMERCIAL_PR;Basic Office Plus;264;VICE;SD;Variedades;Si
Puerto Rico;COMERCIAL_PR;Basic Office Plus;267;Cooking Channel;HD;Variedades;No
Puerto Rico;COMERCIAL_PR;Basic Office Plus;268;So Yummy;SD;Variedades;Si
Puerto Rico;COMERCIAL_PR;Basic Office Plus;320;Cartoon Network;HD;Infantil;Si
Puerto Rico;COMERCIAL_PR;Basic Office Plus;322;Nickelodeon;HD;Infantil;Si
Puerto Rico;COMERCIAL_PR;Basic Office Plus;324;Disney Channel;HD;Infantil;No
Puerto Rico;COMERCIAL_PR;Basic Office Plus;326;Disney XD;HD;Infantil;No
Puerto Rico;COMERCIAL_PR;Basic Office Plus;330;Discovery Kids LA;SD;Infantil;Si
Puerto Rico;COMERCIAL_PR;Basic Office Plus;332;LooLoo Kids;SD;Infantil;No
Puerto Rico;COMERCIAL_PR;Basic Office Plus;336;Boomerang;SD;Infantil;Si
Puerto Rico;COMERCIAL_PR;Basic Office Plus;337;Nick Jr.;HD;Infantil;No
Puerto Rico;COMERCIAL_PR;Basic Office Plus;338;Vme;SD;Infantil;Si
Puerto Rico;COMERCIAL_PR;Basic Office Plus;339;Baby First TV;SD;Infantil;Si
Puerto Rico;COMERCIAL_PR;Basic Office Plus;350;EWTN;SD;Religioso;Si
Puerto Rico;COMERCIAL_PR;Basic Office Plus;352;Enlace;SD;Religioso;Si
Puerto Rico;COMERCIAL_PR;Basic Office Plus;354;Christian Television Network (CTN);SD;Religioso;Si
Puerto Rico;COMERCIAL_PR;Basic Office Plus;462;Playboy TV;SD;Adultos;No
Puerto Rico;COMERCIAL_PR;Basic Office Plus;465;Brazzers TV;SD;Adultos;No
Puerto Rico;COMERCIAL_PR;Basic Office Plus;468;Hustler;SD;Adultos;No
Puerto Rico;COMERCIAL_PR;Basic Office Plus;511;AMC;HD;Cine;No
Puerto Rico;COMERCIAL_PR;Basic Office Plus;514;Cine Latino;SD;Cine;No
Puerto Rico;COMERCIAL_PR;Basic Office Plus;516;De Película;SD;Cine;Si
Puerto Rico;COMERCIAL_PR;Basic Office Plus;517;Lifetime;HD;Cine;No
Puerto Rico;COMERCIAL_PR;Basic Office Plus;518;Lifetime Moivie Network;HD;Cine;No
Puerto Rico;COMERCIAL_PR;Basic Office Plus;520;Hallmark Channel;HD;Cine;Si
Puerto Rico;COMERCIAL_PR;Basic Office Plus;521;Hallmark Family;HD;Cine;Si
Puerto Rico;COMERCIAL_PR;Basic Office Plus;522;Hallmark Mistery;SD;Cine;Si
Puerto Rico;COMERCIAL_PR;Basic Office Plus;550;MGM Mas;HD;Cine;No
Puerto Rico;COMERCIAL_PR;Basic Office Plus;551;MGM Mas Hits;HD;Cine;No
Puerto Rico;COMERCIAL_PR;Basic Office Plus;552;MGM Mas Marquee;HD;Cine;No
Puerto Rico;COMERCIAL_PR;Basic Office Plus;564;HBO;HD;Cine;No
Puerto Rico;COMERCIAL_PR;Basic Office Plus;565;HBO Hits;HD;Cine;No
Puerto Rico;COMERCIAL_PR;Basic Office Plus;566;HBO Movie;HD;Cine;No
Puerto Rico;COMERCIAL_PR;Basic Office Plus;567;HBO Drama;HD;Cine;No
Puerto Rico;COMERCIAL_PR;Basic Office Plus;569;HBO Comedy;HD;Cine;No
Puerto Rico;COMERCIAL_PR;Basic Office Plus;570;HBO Latino;HD;Cine;No
Puerto Rico;COMERCIAL_PR;Basic Office Plus;571;Cinemax;HD;Cine;No
Puerto Rico;COMERCIAL_PR;Basic Office Plus;572;Cinemax Hits;HD;Cine;No
Puerto Rico;COMERCIAL_PR;Basic Office Plus;574;Cinemax Action;HD;Cine;No
Puerto Rico;COMERCIAL_PR;Basic Office Plus;577;Paramount+ with Showtime;HD;Cine;No
Puerto Rico;COMERCIAL_PR;Basic Office Plus;578;Showtime 2;HD;Cine;No
Puerto Rico;COMERCIAL_PR;Basic Office Plus;579;Showtime Beyond;HD;Cine;No
Puerto Rico;COMERCIAL_PR;Basic Office Plus;580;Showcase;HD;Cine;No
Puerto Rico;COMERCIAL_PR;Basic Office Plus;581;Showtime Extreme;HD;Cine;No
Puerto Rico;COMERCIAL_PR;Basic Office Plus;582;The Movie Channel;SD;Cine;No
Puerto Rico;COMERCIAL_PR;Basic Office Plus;585;Starz;HD;Cine;No
Puerto Rico;COMERCIAL_PR;Basic Office Plus;586;Starz Kids & Family;HD;Cine;No
Puerto Rico;COMERCIAL_PR;Basic Office Plus;587;Starz Cinema;HD;Cine;No
Puerto Rico;COMERCIAL_PR;Basic Office Plus;588;Encore Action;SD;Cine;No
Puerto Rico;COMERCIAL_PR;Basic Office Plus;589;Encore;HD;Cine;No
Puerto Rico;COMERCIAL_PR;Basic Office Plus;590;Encore Family;SD;Cine;No
Puerto Rico;COMERCIAL_PR;Basic Office Plus;601;NBA League Pass;HD;Deportes;No
Puerto Rico;COMERCIAL_PR;Basic Office Plus;619;NBA League Pass;HD;Deportes;No
Puerto Rico;COMERCIAL_PR;Basic Office Plus;620;NFL Sunday Ticket;HD;Deportes;No
Puerto Rico;COMERCIAL_PR;Basic Office Plus;639;NFL Sunday Ticket;HD;Deportes;No
Puerto Rico;COMERCIAL_PR;Basic Office Plus;640;Thursday Night Football;HD;Deportes;No
Puerto Rico;COMERCIAL_PR;Basic Office Plus;645;ESPN;HD;Deportes;No
Puerto Rico;COMERCIAL_PR;Basic Office Plus;646;ESPN News;HD;Deportes;No
Puerto Rico;COMERCIAL_PR;Basic Office Plus;648;ESPN 2;HD;Deportes;No
Puerto Rico;COMERCIAL_PR;Basic Office Plus;649;ESPN Deportes;HD;Deportes;Si
Puerto Rico;COMERCIAL_PR;Basic Office Plus;651;Fox Deportes;SD;Deportes;No
Puerto Rico;COMERCIAL_PR;Basic Office Plus;652;The Tennis Channel;HD;Deportes;No
Puerto Rico;COMERCIAL_PR;Basic Office Plus;653;NBA TV;HD;Deportes;No
Puerto Rico;COMERCIAL_PR;Basic Office Plus;654;The Golf Channel;HD;Deportes;No
Puerto Rico;COMERCIAL_PR;Basic Office Plus;655;Fox Sports;HD;Deportes;No
Puerto Rico;COMERCIAL_PR;Basic Office Plus;656;MLB Network;HD;Deportes;No
Puerto Rico;COMERCIAL_PR;Basic Office Plus;657;WAPA Deportes;HD;Deportes;Si
Puerto Rico;COMERCIAL_PR;Basic Office Plus;659;Racer Network;HD;Deportes;Si
Puerto Rico;COMERCIAL_PR;Basic Office Plus;702;CNN;HD;Mundo;Si
Puerto Rico;COMERCIAL_PR;Basic Office Plus;704;CNN en Español;SD;Mundo;Si
Puerto Rico;COMERCIAL_PR;Basic Office Plus;708;Headline News;HD;Mundo;Si
Puerto Rico;COMERCIAL_PR;Basic Office Plus;710;Bloomberg;HD;Mundo;Si
Puerto Rico;COMERCIAL_PR;Basic Office Plus;712;AccuWeather;HD;Mundo;Si
Puerto Rico;COMERCIAL_PR;Basic Office Plus;714;Estrella TV;SD;Mundo;Si
Puerto Rico;COMERCIAL_PR;Basic Office Plus;720;CSPAN2;SD;Mundo;No
Puerto Rico;COMERCIAL_PR;Basic Office Plus;730;Nat Geo Mundo;SD;Mundo;Si
Puerto Rico;COMERCIAL_PR;Basic Office Plus;732;Discovery em Español;SD;Mundo;Si
Puerto Rico;COMERCIAL_PR;Basic Office Plus;734;Animal Planet LA;SD;Mundo;Si
Puerto Rico;COMERCIAL_PR;Basic Office Plus;735;Animal Planet US;HD;Mundo;Si
Puerto Rico;COMERCIAL_PR;Basic Office Plus;742;History Andes;SD;Mundo;Si
Puerto Rico;COMERCIAL_PR;Basic Office Plus;744;FYI;HD;Mundo;Si
Puerto Rico;COMERCIAL_PR;Basic Office Plus;745;SyFy;HD;Mundo;No
Puerto Rico;COMERCIAL_PR;Basic Office Plus;746;Discovery Turbo;HD;Mundo;No
Puerto Rico;COMERCIAL_PR;Basic Office Plus;752;Discovery US;HD;Mundo;No
Puerto Rico;COMERCIAL_PR;Basic Office Plus;754;The Learning Channel;HD;Mundo;Si
Puerto Rico;COMERCIAL_PR;Basic Office Plus;756;History Channel;HD;Mundo;Si
Puerto Rico;COMERCIAL_PR;Basic Office Plus;760;TVE;SD;Variedades;Si
Puerto Rico;COMERCIAL_PR;Basic Office Plus;762;Antena 3;SD;Mundo;No
Puerto Rico;COMERCIAL_PR;Basic Office Plus;764;HITN;SD;Variedades;Si
Puerto Rico;COMERCIAL_PR;Basic Office Plus;768;BBC América;HD;Mundo;No
Puerto Rico;COMERCIAL_PR;Basic Office Plus;901;Music Choice Rock Hits;Audio;Audio;No
Puerto Rico;COMERCIAL_PR;Basic Office Plus;902;Music Choice 80s Rock;Audio;Audio;No
Puerto Rico;COMERCIAL_PR;Basic Office Plus;903;Music Choice Jazz Vocal Hits;Audio;Audio;No
Puerto Rico;COMERCIAL_PR;Basic Office Plus;904;Music Choice Country Hits;Audio;Audio;No
Puerto Rico;COMERCIAL_PR;Basic Office Plus;905;Music Choice New Age;Audio;Audio;No
Puerto Rico;COMERCIAL_PR;Basic Office Plus;906;Music Choice Funk;Audio;Audio;No
Puerto Rico;COMERCIAL_PR;Basic Office Plus;907;Music Choice 90s;Audio;Audio;No
Puerto Rico;COMERCIAL_PR;Basic Office Plus;908;Music Choice Blues;Audio;Audio;No
Puerto Rico;COMERCIAL_PR;Basic Office Plus;909;Music Choice Love Songs;Audio;Audio;No
Puerto Rico;COMERCIAL_PR;Basic Office Plus;910;Music Choice Musica Urbana;Audio;Audio;No
Puerto Rico;COMERCIAL_PR;Basic Office Plus;911;Music Choice R&B Classics;Audio;Audio;No
Puerto Rico;COMERCIAL_PR;Basic Office Plus;912;Music Choice Latin Jazz;Audio;Audio;No
Puerto Rico;COMERCIAL_PR;Basic Office Plus;913;Music Choice Soft Rock;Audio;Audio;No
Puerto Rico;COMERCIAL_PR;Basic Office Plus;914;Music Choice Rap;Audio;Audio;No
Puerto Rico;COMERCIAL_PR;Basic Office Plus;915;Music Choice All Xmas;Audio;Audio;No
Puerto Rico;COMERCIAL_PR;Basic Office Plus;916;Music Choice Workout;Audio;Audio;No
Puerto Rico;COMERCIAL_PR;Basic Office Plus;917;Music Choice Broadway;Audio;Audio;No
Puerto Rico;COMERCIAL_PR;Basic Office Plus;918;Music Choice Adult Alternative;Audio;Audio;No
Puerto Rico;COMERCIAL_PR;Basic Office Plus;919;Music Choice Pop Hits;Audio;Audio;No
Puerto Rico;COMERCIAL_PR;Basic Office Plus;920;Music Choice New Wave;Audio;Audio;No
Puerto Rico;COMERCIAL_PR;Basic Office Plus;921;Music Choice 70s;Audio;Audio;No
Puerto Rico;COMERCIAL_PR;Basic Office Plus;922;Music Choice Kidz Only!;Audio;Audio;No
Puerto Rico;COMERCIAL_PR;Basic Office Plus;923;Music Choice 80s;Audio;Audio;No
Puerto Rico;COMERCIAL_PR;Basic Office Plus;924;Music Choice Rock Latino;Audio;Audio;No
Puerto Rico;COMERCIAL_PR;Basic Office Plus;925;Music Choice Retro Workout;Audio;Audio;No
Puerto Rico;COMERCIAL_PR;Basic Office Plus;926;Music Choice Contemporary Christian;Audio;Audio;No
Puerto Rico;COMERCIAL_PR;Basic Office Plus;927;Music Choice Reggae;Audio;Audio;No
Puerto Rico;COMERCIAL_PR;Basic Office Plus;928;Music Choice Alternative;Audio;Audio;No
Puerto Rico;COMERCIAL_PR;Basic Office Plus;929;Music Choice Pop & Country;Audio;Audio;No
Puerto Rico;COMERCIAL_PR;Basic Office Plus;930;Music Choice Pop Latino;Audio;Audio;No
Puerto Rico;COMERCIAL_PR;Basic Office Plus;931;Music Choice Classic Country;Audio;Audio;No
Puerto Rico;COMERCIAL_PR;Basic Office Plus;932;Music Choice Big Band;Audio;Audio;No
Puerto Rico;COMERCIAL_PR;Basic Office Plus;933;Music Choice Todays Country;Audio;Audio;No
Puerto Rico;COMERCIAL_PR;Basic Office Plus;934;Music Choice Hit List;Audio;Audio;No
Puerto Rico;COMERCIAL_PR;Basic Office Plus;935;Music Choice Hip-Hop And R&B;Audio;Audio;No
Puerto Rico;COMERCIAL_PR;Basic Office Plus;936;Music Choice Teen Beats;Audio;Audio;No
Puerto Rico;COMERCIAL_PR;Basic Office Plus;937;Music Choice Coffee Shop Cuts;Audio;Audio;No
Puerto Rico;COMERCIAL_PR;Basic Office Plus;938;Music Choice Honky Tonk;Audio;Audio;No
Puerto Rico;COMERCIAL_PR;Basic Office Plus;939;Music Choice Soundscapes;Audio;Audio;No
Puerto Rico;COMERCIAL_PR;Basic Office Plus;940;Music Choice Light Classical;Audio;Audio;No
Puerto Rico;COMERCIAL_PR;Basic Office Plus;941;Music Choice Classic Alternative;Audio;Audio;No
Puerto Rico;COMERCIAL_PR;Basic Office Plus;942;Music Choice Indie;Audio;Audio;No
Puerto Rico;COMERCIAL_PR;Basic Office Plus;943;Music Choice Malt Shop Favorites;Audio;Audio;No
Puerto Rico;COMERCIAL_PR;Basic Office Plus;944;Music Choice Smooth Jazz;Audio;Audio;No
Puerto Rico;COMERCIAL_PR;Basic Office Plus;945;Music Choice Contemporary Instrumentals;Audio;Audio;No
Puerto Rico;COMERCIAL_PR;Basic Office Plus;946;Music Choice Hard Rock;Audio;Audio;No
Puerto Rico;COMERCIAL_PR;Basic Office Plus;947;Music Choice Throwback Jamz;Audio;Audio;No
Puerto Rico;COMERCIAL_PR;Basic Office Plus;948;Music Choice Classic Rock;Audio;Audio;No
Puerto Rico;COMERCIAL_PR;Basic Office Plus;949;Music Choice Movie Scores;Audio;Audio;No
Puerto Rico;COMERCIAL_PR;Basic Office Plus;950;Music Choice Max;Audio;Audio;No
Puerto Rico;COMERCIAL_PR;Basic Office Plus;951;Music Choice Mainstream Rap;Audio;Audio;No
Puerto Rico;COMERCIAL_PR;Basic Office Plus;952;Music Choice Americana;Audio;Audio;No
Puerto Rico;COMERCIAL_PR;Basic Office Plus;953;Music Choice Symphony;Audio;Audio;No
Puerto Rico;COMERCIAL_PR;Basic Office Plus;954;Music Choice Dance/EDM;Audio;Audio;No
Puerto Rico;COMERCIAL_PR;Basic Office Plus;955;Music Choice Folk;Audio;Audio;No
Puerto Rico;COMERCIAL_PR;Basic Office Plus;956;Music Choice Classic Dance;Audio;Audio;No
Puerto Rico;COMERCIAL_PR;Basic Office Plus;957;Music Choice Gospel Hallelujah;Audio;Audio;No
Puerto Rico;COMERCIAL_PR;Basic Office Plus;958;Music Choice Tropicales;Audio;Audio;No
Puerto Rico;COMERCIAL_PR;Basic Office Plus;959;Music Choice Metal;Audio;Audio;No
Puerto Rico;COMERCIAL_PR;Basic Office Plus;960;Music Choice Toddler Tunes;Audio;Audio;No
Puerto Rico;COMERCIAL_PR;Basic Office Plus;961;Music Choice Y2k;Audio;Audio;No
Puerto Rico;COMERCIAL_PR;Basic Office Plus;962;Music Choice Bluegrass;Audio;Audio;No
Puerto Rico;COMERCIAL_PR;Basic Office Plus;963;Music Choice Vietnamese;Audio;Audio;No
Puerto Rico;COMERCIAL_PR;Basic Office Plus;964;Music Choice Gospel;Audio;Audio;No
Puerto Rico;COMERCIAL_PR;Basic Office Plus;965;Music Choice 60s Movement;Audio;Audio;No
Puerto Rico;COMERCIAL_PR;Basic Office Plus;966;Music Choice Filipino;Audio;Audio;No
Puerto Rico;COMERCIAL_PR;Basic Office Plus;967;Music Choice Sounds of the Season;Audio;Audio;No
