Pais;Cliente;Pacote;VC;Canal;Tecnología;Categoría;Disponibilidad
Colombia;Pospago;Access Id;117;TV Familia;SD;Religioso;Si
Colombia;Pospago;Access Id;127;DShow;SD;Variedades;Si
Colombia;Pospago;Access Id;129;Directv Place;SD;Variedades;No
Colombia;Pospago;Access Id;130;RCN;SD;Nacional;Si
Colombia;Pospago;Access Id;132;Caracol Internacional;SD;Nacional;Si
Colombia;Pospago;Access Id;133;City TV;SD;Nacional;Si
Colombia;Pospago;Access Id;134;Caracol Internacional;SD;Nacional;Si
Colombia;Pospago;Access Id;135;RCN Nuestra Tele;SD;Nacional;Si
Colombia;Pospago;Access Id;136;Canal UNO;SD;Nacional;Si
Colombia;Pospago;Access Id;137;Señal Colombia;SD;Nacional;Si
Colombia;Pospago;Access Id;138;Señal Institucional;SD;Nacional;Si
Colombia;Pospago;Access Id;139;Canal Congreso;SD;Nacional;Si
Colombia;Pospago;Access Id;140;Teleantioquia;SD;Nacional;Si
Colombia;Pospago;Access Id;141;Telepacifico;SD;Nacional;Si
Colombia;Pospago;Access Id;142;Telecaribe;SD;Nacional;Si
Colombia;Pospago;Access Id;143;Canal Capital;SD;Nacional;Si
Colombia;Pospago;Access Id;144;Telecafé;SD;Nacional;Si
Colombia;Pospago;Access Id;145;NTN 24 NOTICIAS;SD;Nacional;Si
Colombia;Pospago;Access Id;146;El Tiempo TV;SD;Nacional;Si
Colombia;Pospago;Access Id;147;Cable Noticias;SD;Nacional;Si
Colombia;Pospago;Access Id;148;TRO;SD;Nacional;Si
Colombia;Pospago;Access Id;149;Trece;SD;Nacional;Si
Colombia;Pospago;Access Id;150;Teleislas;SD;Nacional;Si
Colombia;Pospago;Access Id;151;Telemedellin;SD;Nacional;Si
Colombia;Pospago;Access Id;152;TV Agro;SD;Local;Si
Colombia;Pospago;Access Id;202;Star Channel;SD;Variedades;Si
Colombia;Pospago;Access Id;204;Star Channel HD;HD;Cine;No
Colombia;Pospago;Access Id;206;Warner Channel;SD;Variedades;Si
Colombia;Pospago;Access Id;207;A&E;SD;Variedades;Si
Colombia;Pospago;Access Id;208;Sony;SD;Variedades;Si
Colombia;Pospago;Access Id;209;AXN;SD;Variedades;No
Colombia;Pospago;Access Id;210;AMC;SD;Variedades;No
Colombia;Pospago;Access Id;213;TNT Series;SD;Variedades;No
Colombia;Pospago;Access Id;214;Atres Series;SD;Variedades;No
Colombia;Pospago;Access Id;215;Comedy Central;SD;Variedades;No
Colombia;Pospago;Access Id;216;TNT Novelas;SD;Variedades;No
Colombia;Pospago;Access Id;217;FX;SD;Variedades;Si
Colombia;Pospago;Access Id;218;Universal TV;SD;Variedades;Si
Colombia;Pospago;Access Id;219;USA Network;SD;Variedades;No
Colombia;Pospago;Access Id;220;Adult Swim;SD;Variedades;No
Colombia;Pospago;Access Id;221;¡Hola! TV;SD;Variedades;Si
Colombia;Pospago;Access Id;222;E! Entertainment;SD;Variedades;Si
Colombia;Pospago;Access Id;223;Investigation Discovery (ID);SD;Variedades;Si
Colombia;Pospago;Access Id;226;El Canal de las Estrellas;SD;Variedades;Si
Colombia;Pospago;Access Id;227;TLnovelas;SD;Variedades;Si
Colombia;Pospago;Access Id;228;Lifetime;SD;Variedades;No
Colombia;Pospago;Access Id;229;Discovery Home & Health;SD;Variedades;Si
Colombia;Pospago;Access Id;230;Más Chic;SD;Variedades;Si
Colombia;Pospago;Access Id;231;Telemundo;SD;Variedades;Si
Colombia;Pospago;Access Id;232;El Gourmet;SD;Variedades;No
Colombia;Pospago;Access Id;233;Food Network;SD;Variedades;No
Colombia;Pospago;Access Id;264;MTV;SD;Variedades;Si
Colombia;Pospago;Access Id;269;Quiero Música en Mi Idioma (QMusic);SD;Variedades;Si
Colombia;Pospago;Access Id;270;Mi Gente 3.0;SD;Variedades;Si
Colombia;Pospago;Access Id;304;Cartoon Network;SD;Infantil;Si
Colombia;Pospago;Access Id;308;Nickelodeon;SD;Infantil;Si
Colombia;Pospago;Access Id;309;Nick Jr.;SD;Infantil;Si
Colombia;Pospago;Access Id;310;TeenNick;SD;Infantil;No
Colombia;Pospago;Access Id;312;Disney Channel HD;HD;Infantil;No
Colombia;Pospago;Access Id;314;Disney Channel;SD;Infantil;Si
Colombia;Pospago;Access Id;315;Disney Junior;SD;Infantil;Si
Colombia;Pospago;Access Id;317;BabyTV;SD;Infantil;No
Colombia;Pospago;Access Id;318;Plim Plim;SD;Infantil;No
Colombia;Pospago;Access Id;319;El Reino Infantil;SD;Infantil;No
Colombia;Pospago;Access Id;330;Discovery Kids;SD;Infantil;Si
Colombia;Pospago;Access Id;334;Cartoonito;SD;Infantil;No
Colombia;Pospago;Access Id;350;EWTN;SD;Religioso;Si
Colombia;Pospago;Access Id;351;Orbe 21;SD;Religioso;No
Colombia;Pospago;Access Id;352;Enlace;SD;Religioso;Si
Colombia;Pospago;Access Id;353;Cristovisión;SD;Religioso;Si
Colombia;Pospago;Access Id;358;DayStar;SD;Religioso;No
Colombia;Pospago;Access Id;464;Playboy TV;SD;Adultos;No
Colombia;Pospago;Access Id;468;Venus;SD;Adultos;No
Colombia;Pospago;Access Id;469;XTSY;SD;Adultos;No
Colombia;Pospago;Access Id;470;Hustler TV HD;SD;Adultos;No
Colombia;Pospago;Access Id;502;TNT;SD;Cine;Si
Colombia;Pospago;Access Id;503;Golden;SD;Cine;No
Colombia;Pospago;Access Id;506;Sony Movies;SD;Cine;No
Colombia;Pospago;Access Id;507;Cinecanal;SD;Cine;Si
Colombia;Pospago;Access Id;508;Studio Universal;SD;Cine;Si
Colombia;Pospago;Access Id;509;Cinemax;SD;Cine;No
Colombia;Pospago;Access Id;510;Mórbido TV;SD;Cine;No
Colombia;Pospago;Access Id;513;DHE;SD;Cine;No
Colombia;Pospago;Access Id;516;De Película;SD;Cine;No
Colombia;Pospago;Access Id;517;Golden Edge;SD;Cine;No
Colombia;Pospago;Access Id;518;Space;SD;Cine;Si
Colombia;Pospago;Access Id;524;HBO;SD;Cine;No
Colombia;Pospago;Access Id;525;HBO 2;SD;Cine;No
Colombia;Pospago;Access Id;526;HBO Plus HD;SD;Cine;No
Colombia;Pospago;Access Id;528;HBO Signature;SD;Cine;No
Colombia;Pospago;Access Id;534;HBO Family;SD;Cine;No
Colombia;Pospago;Access Id;540;HBO Mundi;SD;Cine;No
Colombia;Pospago;Access Id;541;HBO Pop;SD;Cine;No
Colombia;Pospago;Access Id;542;HBO Xtreme;SD;Cine;No
Colombia;Pospago;Access Id;571;Universal Premiere Este;SD;PPV;No
Colombia;Pospago;Access Id;572;Universal Cinema;SD;PPV;No
Colombia;Pospago;Access Id;573;Universal Comedy;SD;PPV;No
Colombia;Pospago;Access Id;574;Universal Crime Este;SD;PPV;No
Colombia;Pospago;Access Id;575;Universal Reality;SD;PPV;No
Colombia;Pospago;Access Id;576;Universal Premiere Oeste;SD;PPV;No
Colombia;Pospago;Access Id;577;Universal Cinema Oeste;SD;PPV;No
Colombia;Pospago;Access Id;610;DSports;SD;Deportes;Si
Colombia;Pospago;Access Id;612;DSports 2;SD;Deportes;Si
Colombia;Pospago;Access Id;613;DSports+;SD;Deportes;Si
Colombia;Pospago;Access Id;621;ESPN;SD;Deportes;Si
Colombia;Pospago;Access Id;622;ESPN 2;SD;Deportes;Si
Colombia;Pospago;Access Id;623;ESPN 3;SD;Deportes;Si
Colombia;Pospago;Access Id;625;ESPN 5;SD;Deportes;No
Colombia;Pospago;Access Id;626;ESPN 6;SD;Deportes;Si
Colombia;Pospago;Access Id;627;ESPN 7;SD;Deportes;Si
Colombia;Pospago;Access Id;628;Golf Channel Latinoamérica;SD;Deportes;No
Colombia;Pospago;Access Id;629;TyC Sports Internacional;SD;Deportes;No
Colombia;Pospago;Access Id;631;DSports Radio;Radio;Radio;No
Colombia;Pospago;Access Id;633;Win Sports;SD;Deportes;Si
Colombia;Pospago;Access Id;634;Win Sports Mas;SD;PPV;No
Colombia;Pospago;Access Id;700;DNews;SD;Mundo;Si
Colombia;Pospago;Access Id;704;CNN en Español;SD;Mundo;Si
Colombia;Pospago;Access Id;706;CNN International;SD;Mundo;No
Colombia;Pospago;Access Id;707;CNN Chile;SD;Mundo;No
Colombia;Pospago;Access Id;708;TVN 24 HORAS;SD;Mundo;No
Colombia;Pospago;Access Id;710;Bloomberg;SD;Mundo;No
Colombia;Pospago;Access Id;716;Todo Noticias (TN);SD;Mundo;Si
Colombia;Pospago;Access Id;720;Canal 26;SD;Mundo;Si
Colombia;Pospago;Access Id;726;Canal Rural;SD;Mundo;Si
Colombia;Pospago;Access Id;730;National Geographic;SD;Mundo;Si
Colombia;Pospago;Access Id;732;Discovery Channel;SD;Mundo;Si
Colombia;Pospago;Access Id;734;Animal Planet;SD;Mundo;No
Colombia;Pospago;Access Id;736;Discovery Turbo;SD;Mundo;No
Colombia;Pospago;Access Id;740;Discovery Travel & Living Channel (TLC);SD;Mundo;No
Colombia;Pospago;Access Id;742;History Channel;SD;Mundo;No
Colombia;Pospago;Access Id;744;History 2;SD;Mundo;No
Colombia;Pospago;Access Id;760;Univision;SD;Mundo;No
Colombia;Pospago;Access Id;762;Antena 3 Internacional;SD;Mundo;No
Colombia;Pospago;Access Id;764;France 24 Español;SD;Mundo;Si
Colombia;Pospago;Access Id;766;Rai Italia;SD;Mundo;No
Colombia;Pospago;Access Id;768;BBC WORLD;SD;Mundo;No
Colombia;Pospago;Access Id;770;Deutsche Welle (DW) Español;SD;Mundo;No
Colombia;Pospago;Access Id;772;Caracol Internacional;SD;Mundo;No
Colombia;Pospago;Access Id;774;TV Chile Internacional;SD;Mundo;Si
Colombia;Pospago;Access Id;776;TV Globo;SD;Mundo;No
Colombia;Pospago;Access Id;778;RTP;SD;Mundo;No
Colombia;Pospago;Access Id;780;ZEE TV;SD;Mundo;No
Colombia;Pospago;Access Id;782;NHK World;SD;Mundo;No
Colombia;Pospago;Access Id;784;El Trece;SD;Mundo;Si
Colombia;Pospago;Access Id;786;Telefe;SD;Mundo;Si
Colombia;Pospago;Access Id;790;CGTN;SD;Mundo;Si
Colombia;Pospago;Access Id;980;Unión Radio Noticias;Radio;Radio;Si
Colombia;Pospago;Access Id;982;Radio Caracol;Radio;Radio;Si
Colombia;Pospago;Access Id;984;Radio France Internacional;Radio;Radio;Si
Colombia;Pospago;Access Id;985;Fiesta 106.5;Radio;Radio;No
Colombia;Pospago;Access Id;991;La FM Plus;Radio;Radio;Si
Colombia;Pospago;Access Id;992;Alerta Bogota;Radio;Radio;Si
Colombia;Pospago;Access Id;993;La W Radio;Radio;Radio;Si
Colombia;Pospago;Access Id;1127;DShow;HD;Variedades;Si
Colombia;Pospago;Access Id;1130;RCN HD;HD;Nacional;Si
Colombia;Pospago;Access Id;1132;Caracol TV HD;HD;Nacional;Si
Colombia;Pospago;Access Id;1136;Canal UNO;HD;Nacional;Si
Colombia;Pospago;Access Id;1137;Señal Colombia HD;HD;Nacional;Si
Colombia;Pospago;Access Id;1138;Señal Institucional HD;HD;Nacional;Si
Colombia;Pospago;Access Id;1140;Teleantioquia HD;HD;Nacional;Si
Colombia;Pospago;Access Id;1141;Telepacifico;HD;Nacional;Si
Colombia;Pospago;Access Id;1142;Telecaribe HD;HD;Nacional;Si
Colombia;Pospago;Access Id;1147;Cable Noticias HD;HD;Local;No
Colombia;Pospago;Access Id;1204;Star Channel HD;HD;Variedades;Si
Colombia;Pospago;Access Id;1206;Warner Channel HD;HD;Variedades;Si
Colombia;Pospago;Access Id;1207;A&E HD;HD;Variedades;Si
Colombia;Pospago;Access Id;1208;Sony HD;HD;Variedades;Si
Colombia;Pospago;Access Id;1209;AXN HD;HD;Variedades;No
Colombia;Pospago;Access Id;1210;AMC HD;HD;Variedades;No
Colombia;Pospago;Access Id;1213;TNT Series HD;HD;Variedades;No
Colombia;Pospago;Access Id;1214;Atres Series HD;HD;Variedades;No
Colombia;Pospago;Access Id;1215;Comedy Central HD;HD;Variedades;No
Colombia;Pospago;Access Id;1217;FX HD;HD;Variedades;Si
Colombia;Pospago;Access Id;1218;Universal TV HD;HD;Variedades;Si
Colombia;Pospago;Access Id;1219;USA Network HD;HD;Variedades;No
Colombia;Pospago;Access Id;1221;Hola TV HD;HD;Variedades;Si
Colombia;Pospago;Access Id;1222;E! Entertainment HD;HD;Variedades;Si
Colombia;Pospago;Access Id;1223;Investigation Discovery (ID) HD;HD;Variedades;Si
Colombia;Pospago;Access Id;1228;Lifetime HD;HD;Variedades;No
Colombia;Pospago;Access Id;1229;Discovery Home & Health HD;HD;Variedades;Si
Colombia;Pospago;Access Id;1231;Alacocina TV;HD;Variedades;Si
Colombia;Pospago;Access Id;1232;El Gourmet HD;HD;Variedades;No
Colombia;Pospago;Access Id;1233;Food Network;HD;Variedades;No
Colombia;Pospago;Access Id;1234;HGTV HD;HD;Variedades;No
Colombia;Pospago;Access Id;1236;VePlus HD;HD;Variedades;Si
Colombia;Pospago;Access Id;1264;MTV HD;HD;Variedades;Si
Colombia;Pospago;Access Id;1265;Music Top;HD;Variedades;Si
Colombia;Pospago;Access Id;1266;Tierra Mía HD;HD;Variedades;Si
Colombia;Pospago;Access Id;1270;Latina TV;HD;Variedades;Si
Colombia;Pospago;Access Id;1273;INTI Network HD;HD;Variedades;No
Colombia;Pospago;Access Id;1304;Cartoon Network HD;HD;Infantil;Si
Colombia;Pospago;Access Id;1308;Nick HD;HD;Infantil;Si
Colombia;Pospago;Access Id;1309;Nick Jr. HD;HD;Infantil;No
Colombia;Pospago;Access Id;1312;Disney Channel HD;HD;Infantil;Si
Colombia;Pospago;Access Id;1315;Disney Junior HD;HD;Infantil;Si
Colombia;Pospago;Access Id;1317;BabyTV;SD;Infantil;No
Colombia;Pospago;Access Id;1318;Plim Plim;HD;Infantil;No
Colombia;Pospago;Access Id;1319;El Reino Infantil;HD;Infantil;No
Colombia;Pospago;Access Id;1330;Discovery Kids HD;HD;Infantil;Si
Colombia;Pospago;Access Id;1502;TNT HD;HD;Cine;Si
Colombia;Pospago;Access Id;1503;Golden HD;HD;Cine;No
Colombia;Pospago;Access Id;1506;Sony Movies;HD;Cine;No
Colombia;Pospago;Access Id;1507;Cine HD;HD;Cine;Si
Colombia;Pospago;Access Id;1508;Studio Universal HD;HD;Cine;Si
Colombia;Pospago;Access Id;1509;Cinemax HD;HD;Cine;No
Colombia;Pospago;Access Id;1510;Mórbido TV;HD;Cine;No
Colombia;Pospago;Access Id;1513;DHE HD;HD;Cine;No
Colombia;Pospago;Access Id;1518;Space HD;HD;Cine;Si
Colombia;Pospago;Access Id;1524;HBO HD;HD;Cine;No
Colombia;Pospago;Access Id;1525;HBO 2 HD;HD;Cine;No
Colombia;Pospago;Access Id;1528;HBO Signature HD;HD;Cine;No
Colombia;Pospago;Access Id;1532;HBO Plus HD;HD;Cine;No
Colombia;Pospago;Access Id;1534;HBO Family HD;HD;Cine;No
Colombia;Pospago;Access Id;1542;HBO Xtreme HD;HD;Cine;No
Colombia;Pospago;Access Id;1571;Universal Premiere Este;HD;PPV;No
Colombia;Pospago;Access Id;1572;Universal Cinema;HD;PPV;No
Colombia;Pospago;Access Id;1573;Universal Comedy;HD;PPV;No
Colombia;Pospago;Access Id;1574;Universal Crime Este;HD;PPV;No
Colombia;Pospago;Access Id;1575;Universal Reality;HD;PPV;No
Colombia;Pospago;Access Id;1576;Universal Premiere Oeste;HD;PPV;No
Colombia;Pospago;Access Id;1577;Universal Cinema Oeste;HD;PPV;No
Colombia;Pospago;Access Id;1610;DSports HD;HD;Deportes;Si
Colombia;Pospago;Access Id;1612;DSports 2 HD;HD;Deportes;Si
Colombia;Pospago;Access Id;1613;DSports+ HD;HD;Deportes;Si
Colombia;Pospago;Access Id;1621;ESPN HD;HD;Deportes;Si
Colombia;Pospago;Access Id;1622;ESPN 2 HD;HD;Deportes;Si
Colombia;Pospago;Access Id;1623;ESPN 3 HD;HD;Deportes;No
Colombia;Pospago;Access Id;1624;ESPN 4 HD;HD;Deportes;No
Colombia;Pospago;Access Id;1625;ESPN 5 HD;HD;Deportes;No
Colombia;Pospago;Access Id;1626;ESPN 6 HD;HD;Deportes;Si
Colombia;Pospago;Access Id;1627;ESPN 7 HD;HD;Deportes;Si
Colombia;Pospago;Access Id;1628;Golf Channel HD;HD;Deportes;No
Colombia;Pospago;Access Id;1631;DSports Show;HD;Deportes;No
Colombia;Pospago;Access Id;1633;Win Sports HD;HD;Deportes;Si
Colombia;Pospago;Access Id;1634;Win Sports Mas;HD;Deportes;No
Colombia;Pospago;Access Id;1636;One Baseball Network;HD;PPV;No
Colombia;Pospago;Access Id;1639;PX Sports;HD;Deportes;No
Colombia;Pospago;Access Id;1700;DNews HD;HD;Mundo;No
Colombia;Pospago;Access Id;1730;National Geographic HD;HD;Mundo;Si
Colombia;Pospago;Access Id;1731;Discovery Theater HD;HD;Mundo;No
Colombia;Pospago;Access Id;1732;Discovery Channel HD;HD;Mundo;Si
Colombia;Pospago;Access Id;1734;Animal Planet HD;HD;Mundo;No
Colombia;Pospago;Access Id;1738;Discovery World HD;HD;Mundo;No
Colombia;Pospago;Access Id;1740;Discovery Travel & Living Channel (TLC) HD;HD;Mundo;No
Colombia;Pospago;Access Id;1742;History Channel HD;HD;Mundo;No
Colombia;Pospago;Access Id;1744;History 2 HD;HD;Mundo;No
Colombia;Pospago;Access Id;1750;Encuentro Internacional HD;HD;Variedades;No
Colombia;Pospago;Access Id;1762;Antena 3 Internacional HD;HD;Mundo;No
Colombia;Pospago;Access Id;1764;France 24 Español;HD;Mundo;Si
Colombia;Pospago;Access Id;4000;Directv 4K;4K;4K;No
Colombia;Pospago;Access Mas;117;TV Familia;SD;Religioso;Si
Colombia;Pospago;Access Mas;127;DShow;SD;Variedades;Si
Colombia;Pospago;Access Mas;129;Directv Place;SD;Variedades;No
Colombia;Pospago;Access Mas;130;RCN;SD;Nacional;Si
Colombia;Pospago;Access Mas;132;Caracol Internacional;SD;Nacional;Si
Colombia;Pospago;Access Mas;133;City TV;SD;Nacional;Si
Colombia;Pospago;Access Mas;134;Caracol Internacional;SD;Nacional;Si
Colombia;Pospago;Access Mas;135;RCN Nuestra Tele;SD;Nacional;Si
Colombia;Pospago;Access Mas;136;Canal UNO;SD;Nacional;Si
Colombia;Pospago;Access Mas;137;Señal Colombia;SD;Nacional;Si
Colombia;Pospago;Access Mas;138;Señal Institucional;SD;Nacional;Si
Colombia;Pospago;Access Mas;139;Canal Congreso;SD;Nacional;Si
Colombia;Pospago;Access Mas;140;Teleantioquia;SD;Nacional;Si
Colombia;Pospago;Access Mas;141;Telepacifico;SD;Nacional;Si
Colombia;Pospago;Access Mas;142;Telecaribe;SD;Nacional;Si
Colombia;Pospago;Access Mas;143;Canal Capital;SD;Nacional;Si
Colombia;Pospago;Access Mas;144;Telecafé;SD;Nacional;Si
Colombia;Pospago;Access Mas;145;NTN 24 NOTICIAS;SD;Nacional;Si
Colombia;Pospago;Access Mas;146;El Tiempo TV;SD;Nacional;Si
Colombia;Pospago;Access Mas;147;Cable Noticias;SD;Nacional;Si
Colombia;Pospago;Access Mas;148;TRO;SD;Nacional;Si
Colombia;Pospago;Access Mas;149;Trece;SD;Nacional;Si
Colombia;Pospago;Access Mas;150;Teleislas;SD;Nacional;Si
Colombia;Pospago;Access Mas;151;Telemedellin;SD;Nacional;Si
Colombia;Pospago;Access Mas;152;TV Agro;SD;Local;Si
Colombia;Pospago;Access Mas;202;Star Channel;SD;Variedades;Si
Colombia;Pospago;Access Mas;204;Star Channel HD;HD;Cine;No
Colombia;Pospago;Access Mas;206;Warner Channel;SD;Variedades;Si
Colombia;Pospago;Access Mas;207;A&E;SD;Variedades;Si
Colombia;Pospago;Access Mas;208;Sony;SD;Variedades;Si
Colombia;Pospago;Access Mas;209;AXN;SD;Variedades;No
Colombia;Pospago;Access Mas;210;AMC;SD;Variedades;No
Colombia;Pospago;Access Mas;213;TNT Series;SD;Variedades;No
Colombia;Pospago;Access Mas;214;Atres Series;SD;Variedades;No
Colombia;Pospago;Access Mas;215;Comedy Central;SD;Variedades;No
Colombia;Pospago;Access Mas;216;TNT Novelas;SD;Variedades;No
Colombia;Pospago;Access Mas;217;FX;SD;Variedades;Si
Colombia;Pospago;Access Mas;218;Universal TV;SD;Variedades;Si
Colombia;Pospago;Access Mas;219;USA Network;SD;Variedades;No
Colombia;Pospago;Access Mas;220;Adult Swim;SD;Variedades;No
Colombia;Pospago;Access Mas;221;¡Hola! TV;SD;Variedades;Si
Colombia;Pospago;Access Mas;222;E! Entertainment;SD;Variedades;Si
Colombia;Pospago;Access Mas;223;Investigation Discovery (ID);SD;Variedades;Si
Colombia;Pospago;Access Mas;226;El Canal de las Estrellas;SD;Variedades;Si
Colombia;Pospago;Access Mas;227;TLnovelas;SD;Variedades;Si
Colombia;Pospago;Access Mas;228;Lifetime;SD;Variedades;No
Colombia;Pospago;Access Mas;229;Discovery Home & Health;SD;Variedades;Si
Colombia;Pospago;Access Mas;230;Más Chic;SD;Variedades;Si
Colombia;Pospago;Access Mas;231;Telemundo;SD;Variedades;Si
Colombia;Pospago;Access Mas;232;El Gourmet;SD;Variedades;No
Colombia;Pospago;Access Mas;233;Food Network;SD;Variedades;No
Colombia;Pospago;Access Mas;264;MTV;SD;Variedades;Si
Colombia;Pospago;Access Mas;269;Quiero Música en Mi Idioma (QMusic);SD;Variedades;Si
Colombia;Pospago;Access Mas;270;Mi Gente 3.0;SD;Variedades;Si
Colombia;Pospago;Access Mas;304;Cartoon Network;SD;Infantil;Si
Colombia;Pospago;Access Mas;308;Nickelodeon;SD;Infantil;Si
Colombia;Pospago;Access Mas;309;Nick Jr.;SD;Infantil;Si
Colombia;Pospago;Access Mas;310;TeenNick;SD;Infantil;No
Colombia;Pospago;Access Mas;312;Disney Channel HD;HD;Infantil;No
Colombia;Pospago;Access Mas;314;Disney Channel;SD;Infantil;Si
Colombia;Pospago;Access Mas;315;Disney Junior;SD;Infantil;Si
Colombia;Pospago;Access Mas;317;BabyTV;SD;Infantil;No
Colombia;Pospago;Access Mas;318;Plim Plim;SD;Infantil;No
Colombia;Pospago;Access Mas;319;El Reino Infantil;SD;Infantil;No
Colombia;Pospago;Access Mas;330;Discovery Kids;SD;Infantil;Si
Colombia;Pospago;Access Mas;334;Cartoonito;SD;Infantil;No
Colombia;Pospago;Access Mas;350;EWTN;SD;Religioso;Si
Colombia;Pospago;Access Mas;351;Orbe 21;SD;Religioso;No
Colombia;Pospago;Access Mas;352;Enlace;SD;Religioso;Si
Colombia;Pospago;Access Mas;353;Cristovisión;SD;Religioso;Si
Colombia;Pospago;Access Mas;358;DayStar;SD;Religioso;No
Colombia;Pospago;Access Mas;464;Playboy TV;SD;Adultos;No
Colombia;Pospago;Access Mas;468;Venus;SD;Adultos;No
Colombia;Pospago;Access Mas;469;XTSY;SD;Adultos;No
Colombia;Pospago;Access Mas;470;Hustler TV HD;SD;Adultos;No
Colombia;Pospago;Access Mas;502;TNT;SD;Cine;Si
Colombia;Pospago;Access Mas;503;Golden;SD;Cine;No
Colombia;Pospago;Access Mas;506;Sony Movies;SD;Cine;No
Colombia;Pospago;Access Mas;507;Cinecanal;SD;Cine;Si
Colombia;Pospago;Access Mas;508;Studio Universal;SD;Cine;Si
Colombia;Pospago;Access Mas;509;Cinemax;SD;Cine;No
Colombia;Pospago;Access Mas;510;Mórbido TV;SD;Cine;No
Colombia;Pospago;Access Mas;513;DHE;SD;Cine;No
Colombia;Pospago;Access Mas;516;De Película;SD;Cine;No
Colombia;Pospago;Access Mas;517;Golden Edge;SD;Cine;No
Colombia;Pospago;Access Mas;518;Space;SD;Cine;Si
Colombia;Pospago;Access Mas;524;HBO;SD;Cine;No
Colombia;Pospago;Access Mas;525;HBO 2;SD;Cine;No
Colombia;Pospago;Access Mas;526;HBO Plus HD;SD;Cine;No
Colombia;Pospago;Access Mas;528;HBO Signature;SD;Cine;No
Colombia;Pospago;Access Mas;534;HBO Family;SD;Cine;No
Colombia;Pospago;Access Mas;540;HBO Mundi;SD;Cine;No
Colombia;Pospago;Access Mas;541;HBO Pop;SD;Cine;No
Colombia;Pospago;Access Mas;542;HBO Xtreme;SD;Cine;No
Colombia;Pospago;Access Mas;571;Universal Premiere Este;SD;PPV;No
Colombia;Pospago;Access Mas;572;Universal Cinema;SD;PPV;No
Colombia;Pospago;Access Mas;573;Universal Comedy;SD;PPV;No
Colombia;Pospago;Access Mas;574;Universal Crime Este;SD;PPV;No
Colombia;Pospago;Access Mas;575;Universal Reality;SD;PPV;No
Colombia;Pospago;Access Mas;576;Universal Premiere Oeste;SD;PPV;No
Colombia;Pospago;Access Mas;577;Universal Cinema Oeste;SD;PPV;No
Colombia;Pospago;Access Mas;610;DSports;SD;Deportes;Si
Colombia;Pospago;Access Mas;612;DSports 2;SD;Deportes;Si
Colombia;Pospago;Access Mas;613;DSports+;SD;Deportes;Si
Colombia;Pospago;Access Mas;621;ESPN;SD;Deportes;Si
Colombia;Pospago;Access Mas;622;ESPN 2;SD;Deportes;Si
Colombia;Pospago;Access Mas;623;ESPN 3;SD;Deportes;Si
Colombia;Pospago;Access Mas;625;ESPN 5;SD;Deportes;No
Colombia;Pospago;Access Mas;626;ESPN 6;SD;Deportes;Si
Colombia;Pospago;Access Mas;627;ESPN 7;SD;Deportes;Si
Colombia;Pospago;Access Mas;628;Golf Channel Latinoamérica;SD;Deportes;No
Colombia;Pospago;Access Mas;629;TyC Sports Internacional;SD;Deportes;No
Colombia;Pospago;Access Mas;631;DSports Radio;Radio;Radio;No
Colombia;Pospago;Access Mas;633;Win Sports;SD;Deportes;Si
Colombia;Pospago;Access Mas;634;Win Sports Mas;SD;PPV;No
Colombia;Pospago;Access Mas;700;DNews;SD;Mundo;Si
Colombia;Pospago;Access Mas;704;CNN en Español;SD;Mundo;Si
Colombia;Pospago;Access Mas;706;CNN International;SD;Mundo;No
Colombia;Pospago;Access Mas;707;CNN Chile;SD;Mundo;No
Colombia;Pospago;Access Mas;708;TVN 24 HORAS;SD;Mundo;No
Colombia;Pospago;Access Mas;710;Bloomberg;SD;Mundo;No
Colombia;Pospago;Access Mas;716;Todo Noticias (TN);SD;Mundo;Si
Colombia;Pospago;Access Mas;720;Canal 26;SD;Mundo;Si
Colombia;Pospago;Access Mas;726;Canal Rural;SD;Mundo;Si
Colombia;Pospago;Access Mas;730;National Geographic;SD;Mundo;Si
Colombia;Pospago;Access Mas;732;Discovery Channel;SD;Mundo;Si
Colombia;Pospago;Access Mas;734;Animal Planet;SD;Mundo;No
Colombia;Pospago;Access Mas;736;Discovery Turbo;SD;Mundo;No
Colombia;Pospago;Access Mas;740;Discovery Travel & Living Channel (TLC);SD;Mundo;No
Colombia;Pospago;Access Mas;742;History Channel;SD;Mundo;No
Colombia;Pospago;Access Mas;744;History 2;SD;Mundo;No
Colombia;Pospago;Access Mas;760;Univision;SD;Mundo;No
Colombia;Pospago;Access Mas;762;Antena 3 Internacional;SD;Mundo;No
Colombia;Pospago;Access Mas;764;France 24 Español;SD;Mundo;Si
Colombia;Pospago;Access Mas;766;Rai Italia;SD;Mundo;No
Colombia;Pospago;Access Mas;768;BBC WORLD;SD;Mundo;No
Colombia;Pospago;Access Mas;770;Deutsche Welle (DW) Español;SD;Mundo;No
Colombia;Pospago;Access Mas;772;Caracol Internacional;SD;Mundo;No
Colombia;Pospago;Access Mas;774;TV Chile Internacional;SD;Mundo;Si
Colombia;Pospago;Access Mas;776;TV Globo;SD;Mundo;No
Colombia;Pospago;Access Mas;778;RTP;SD;Mundo;No
Colombia;Pospago;Access Mas;780;ZEE TV;SD;Mundo;No
Colombia;Pospago;Access Mas;782;NHK World;SD;Mundo;No
Colombia;Pospago;Access Mas;784;El Trece;SD;Mundo;Si
Colombia;Pospago;Access Mas;786;Telefe;SD;Mundo;Si
Colombia;Pospago;Access Mas;790;CGTN;SD;Mundo;Si
Colombia;Pospago;Access Mas;980;Unión Radio Noticias;Radio;Radio;Si
Colombia;Pospago;Access Mas;982;Radio Caracol;Radio;Radio;Si
Colombia;Pospago;Access Mas;984;Radio France Internacional;Radio;Radio;Si
Colombia;Pospago;Access Mas;985;Fiesta 106.5;Radio;Radio;No
Colombia;Pospago;Access Mas;991;La FM Plus;Radio;Radio;Si
Colombia;Pospago;Access Mas;992;Alerta Bogota;Radio;Radio;Si
Colombia;Pospago;Access Mas;993;La W Radio;Radio;Radio;Si
Colombia;Pospago;Access Mas;1127;DShow;HD;Variedades;Si
Colombia;Pospago;Access Mas;1130;RCN HD;HD;Nacional;Si
Colombia;Pospago;Access Mas;1132;Caracol TV HD;HD;Nacional;Si
Colombia;Pospago;Access Mas;1136;Canal UNO;HD;Nacional;Si
Colombia;Pospago;Access Mas;1137;Señal Colombia HD;HD;Nacional;Si
Colombia;Pospago;Access Mas;1138;Señal Institucional HD;HD;Nacional;Si
Colombia;Pospago;Access Mas;1140;Teleantioquia HD;HD;Nacional;Si
Colombia;Pospago;Access Mas;1141;Telepacifico;HD;Nacional;Si
Colombia;Pospago;Access Mas;1142;Telecaribe HD;HD;Nacional;Si
Colombia;Pospago;Access Mas;1147;Cable Noticias HD;HD;Local;No
Colombia;Pospago;Access Mas;1204;Star Channel HD;HD;Variedades;Si
Colombia;Pospago;Access Mas;1206;Warner Channel HD;HD;Variedades;Si
Colombia;Pospago;Access Mas;1207;A&E HD;HD;Variedades;Si
Colombia;Pospago;Access Mas;1208;Sony HD;HD;Variedades;Si
Colombia;Pospago;Access Mas;1209;AXN HD;HD;Variedades;No
Colombia;Pospago;Access Mas;1210;AMC HD;HD;Variedades;No
Colombia;Pospago;Access Mas;1213;TNT Series HD;HD;Variedades;No
Colombia;Pospago;Access Mas;1214;Atres Series HD;HD;Variedades;No
Colombia;Pospago;Access Mas;1215;Comedy Central HD;HD;Variedades;No
Colombia;Pospago;Access Mas;1217;FX HD;HD;Variedades;Si
Colombia;Pospago;Access Mas;1218;Universal TV HD;HD;Variedades;Si
Colombia;Pospago;Access Mas;1219;USA Network HD;HD;Variedades;No
Colombia;Pospago;Access Mas;1221;Hola TV HD;HD;Variedades;Si
Colombia;Pospago;Access Mas;1222;E! Entertainment HD;HD;Variedades;Si
Colombia;Pospago;Access Mas;1223;Investigation Discovery (ID) HD;HD;Variedades;Si
Colombia;Pospago;Access Mas;1228;Lifetime HD;HD;Variedades;No
Colombia;Pospago;Access Mas;1229;Discovery Home & Health HD;HD;Variedades;Si
Colombia;Pospago;Access Mas;1231;Alacocina TV;HD;Variedades;Si
Colombia;Pospago;Access Mas;1232;El Gourmet HD;HD;Variedades;No
Colombia;Pospago;Access Mas;1233;Food Network;HD;Variedades;No
Colombia;Pospago;Access Mas;1234;HGTV HD;HD;Variedades;No
Colombia;Pospago;Access Mas;1236;VePlus HD;HD;Variedades;Si
Colombia;Pospago;Access Mas;1264;MTV HD;HD;Variedades;Si
Colombia;Pospago;Access Mas;1265;Music Top;HD;Variedades;Si
Colombia;Pospago;Access Mas;1266;Tierra Mía HD;HD;Variedades;Si
Colombia;Pospago;Access Mas;1270;Latina TV;HD;Variedades;Si
Colombia;Pospago;Access Mas;1273;INTI Network HD;HD;Variedades;No
Colombia;Pospago;Access Mas;1304;Cartoon Network HD;HD;Infantil;Si
Colombia;Pospago;Access Mas;1308;Nick HD;HD;Infantil;Si
Colombia;Pospago;Access Mas;1309;Nick Jr. HD;HD;Infantil;No
Colombia;Pospago;Access Mas;1312;Disney Channel HD;HD;Infantil;Si
Colombia;Pospago;Access Mas;1315;Disney Junior HD;HD;Infantil;Si
Colombia;Pospago;Access Mas;1317;BabyTV;SD;Infantil;No
Colombia;Pospago;Access Mas;1318;Plim Plim;HD;Infantil;No
Colombia;Pospago;Access Mas;1319;El Reino Infantil;HD;Infantil;No
Colombia;Pospago;Access Mas;1330;Discovery Kids HD;HD;Infantil;Si
Colombia;Pospago;Access Mas;1502;TNT HD;HD;Cine;Si
Colombia;Pospago;Access Mas;1503;Golden HD;HD;Cine;No
Colombia;Pospago;Access Mas;1506;Sony Movies;HD;Cine;No
Colombia;Pospago;Access Mas;1507;Cine HD;HD;Cine;Si
Colombia;Pospago;Access Mas;1508;Studio Universal HD;HD;Cine;Si
Colombia;Pospago;Access Mas;1509;Cinemax HD;HD;Cine;No
Colombia;Pospago;Access Mas;1510;Mórbido TV;HD;Cine;No
Colombia;Pospago;Access Mas;1513;DHE HD;HD;Cine;No
Colombia;Pospago;Access Mas;1518;Space HD;HD;Cine;Si
Colombia;Pospago;Access Mas;1524;HBO HD;HD;Cine;No
Colombia;Pospago;Access Mas;1525;HBO 2 HD;HD;Cine;No
Colombia;Pospago;Access Mas;1528;HBO Signature HD;HD;Cine;No
Colombia;Pospago;Access Mas;1532;HBO Plus HD;HD;Cine;No
Colombia;Pospago;Access Mas;1534;HBO Family HD;HD;Cine;No
Colombia;Pospago;Access Mas;1542;HBO Xtreme HD;HD;Cine;No
Colombia;Pospago;Access Mas;1571;Universal Premiere Este;HD;PPV;No
Colombia;Pospago;Access Mas;1572;Universal Cinema;HD;PPV;No
Colombia;Pospago;Access Mas;1573;Universal Comedy;HD;PPV;No
Colombia;Pospago;Access Mas;1574;Universal Crime Este;HD;PPV;No
Colombia;Pospago;Access Mas;1575;Universal Reality;HD;PPV;No
Colombia;Pospago;Access Mas;1576;Universal Premiere Oeste;HD;PPV;No
Colombia;Pospago;Access Mas;1577;Universal Cinema Oeste;HD;PPV;No
Colombia;Pospago;Access Mas;1610;DSports HD;HD;Deportes;Si
Colombia;Pospago;Access Mas;1612;DSports 2 HD;HD;Deportes;Si
Colombia;Pospago;Access Mas;1613;DSports+ HD;HD;Deportes;Si
Colombia;Pospago;Access Mas;1621;ESPN HD;HD;Deportes;Si
Colombia;Pospago;Access Mas;1622;ESPN 2 HD;HD;Deportes;Si
Colombia;Pospago;Access Mas;1623;ESPN 3 HD;HD;Deportes;No
Colombia;Pospago;Access Mas;1624;ESPN 4 HD;HD;Deportes;No
Colombia;Pospago;Access Mas;1625;ESPN 5 HD;HD;Deportes;No
Colombia;Pospago;Access Mas;1626;ESPN 6 HD;HD;Deportes;Si
Colombia;Pospago;Access Mas;1627;ESPN 7 HD;HD;Deportes;Si
Colombia;Pospago;Access Mas;1628;Golf Channel HD;HD;Deportes;No
Colombia;Pospago;Access Mas;1631;DSports Show;HD;Deportes;No
Colombia;Pospago;Access Mas;1633;Win Sports HD;HD;Deportes;Si
Colombia;Pospago;Access Mas;1634;Win Sports Mas;HD;Deportes;No
Colombia;Pospago;Access Mas;1636;One Baseball Network;HD;PPV;No
Colombia;Pospago;Access Mas;1639;PX Sports;HD;Deportes;No
Colombia;Pospago;Access Mas;1700;DNews HD;HD;Mundo;No
Colombia;Pospago;Access Mas;1730;National Geographic HD;HD;Mundo;Si
Colombia;Pospago;Access Mas;1731;Discovery Theater HD;HD;Mundo;No
Colombia;Pospago;Access Mas;1732;Discovery Channel HD;HD;Mundo;Si
Colombia;Pospago;Access Mas;1734;Animal Planet HD;HD;Mundo;No
Colombia;Pospago;Access Mas;1738;Discovery World HD;HD;Mundo;No
Colombia;Pospago;Access Mas;1740;Discovery Travel & Living Channel (TLC) HD;HD;Mundo;No
Colombia;Pospago;Access Mas;1742;History Channel HD;HD;Mundo;No
Colombia;Pospago;Access Mas;1744;History 2 HD;HD;Mundo;No
Colombia;Pospago;Access Mas;1750;Encuentro Internacional HD;HD;Variedades;No
Colombia;Pospago;Access Mas;1762;Antena 3 Internacional HD;HD;Mundo;No
Colombia;Pospago;Access Mas;1764;France 24 Español;HD;Mundo;Si
Colombia;Pospago;Access Mas;4000;Directv 4K;4K;4K;No
Colombia;Pospago;Bronce;117;TV Familia;SD;Religioso;Si
Colombia;Pospago;Bronce;127;DShow;SD;Variedades;Si
Colombia;Pospago;Bronce;129;Directv Place;SD;Variedades;No
Colombia;Pospago;Bronce;130;RCN;SD;Nacional;Si
Colombia;Pospago;Bronce;132;Caracol Internacional;SD;Nacional;Si
Colombia;Pospago;Bronce;133;City TV;SD;Nacional;Si
Colombia;Pospago;Bronce;134;Caracol Internacional;SD;Nacional;Si
Colombia;Pospago;Bronce;135;RCN Nuestra Tele;SD;Nacional;Si
Colombia;Pospago;Bronce;136;Canal UNO;SD;Nacional;Si
Colombia;Pospago;Bronce;137;Señal Colombia;SD;Nacional;Si
Colombia;Pospago;Bronce;138;Señal Institucional;SD;Nacional;Si
Colombia;Pospago;Bronce;139;Canal Congreso;SD;Nacional;Si
Colombia;Pospago;Bronce;140;Teleantioquia;SD;Nacional;Si
Colombia;Pospago;Bronce;141;Telepacifico;SD;Nacional;Si
Colombia;Pospago;Bronce;142;Telecaribe;SD;Nacional;Si
Colombia;Pospago;Bronce;143;Canal Capital;SD;Nacional;Si
Colombia;Pospago;Bronce;144;Telecafé;SD;Nacional;Si
Colombia;Pospago;Bronce;145;NTN 24 NOTICIAS;SD;Nacional;Si
Colombia;Pospago;Bronce;146;El Tiempo TV;SD;Nacional;Si
Colombia;Pospago;Bronce;147;Cable Noticias;SD;Nacional;Si
Colombia;Pospago;Bronce;148;TRO;SD;Nacional;Si
Colombia;Pospago;Bronce;149;Trece;SD;Nacional;Si
Colombia;Pospago;Bronce;150;Teleislas;SD;Nacional;Si
Colombia;Pospago;Bronce;151;Telemedellin;SD;Nacional;Si
Colombia;Pospago;Bronce;152;TV Agro;SD;Local;Si
Colombia;Pospago;Bronce;202;Star Channel;SD;Variedades;Si
Colombia;Pospago;Bronce;204;Star Channel HD;HD;Cine;No
Colombia;Pospago;Bronce;206;Warner Channel;SD;Variedades;Si
Colombia;Pospago;Bronce;207;A&E;SD;Variedades;Si
Colombia;Pospago;Bronce;208;Sony;SD;Variedades;Si
Colombia;Pospago;Bronce;209;AXN;SD;Variedades;Si
Colombia;Pospago;Bronce;210;AMC;SD;Variedades;No
Colombia;Pospago;Bronce;213;TNT Series;SD;Variedades;No
Colombia;Pospago;Bronce;214;Atres Series;SD;Variedades;Si
Colombia;Pospago;Bronce;215;Comedy Central;SD;Variedades;No
Colombia;Pospago;Bronce;216;TNT Novelas;SD;Variedades;No
Colombia;Pospago;Bronce;217;FX;SD;Variedades;Si
Colombia;Pospago;Bronce;218;Universal TV;SD;Variedades;Si
Colombia;Pospago;Bronce;219;USA Network;SD;Variedades;No
Colombia;Pospago;Bronce;220;Adult Swim;SD;Variedades;No
Colombia;Pospago;Bronce;221;¡Hola! TV;SD;Variedades;Si
Colombia;Pospago;Bronce;222;E! Entertainment;SD;Variedades;Si
Colombia;Pospago;Bronce;223;Investigation Discovery (ID);SD;Variedades;Si
Colombia;Pospago;Bronce;226;El Canal de las Estrellas;SD;Variedades;Si
Colombia;Pospago;Bronce;227;TLnovelas;SD;Variedades;Si
Colombia;Pospago;Bronce;228;Lifetime;SD;Variedades;No
Colombia;Pospago;Bronce;229;Discovery Home & Health;SD;Variedades;Si
Colombia;Pospago;Bronce;230;Más Chic;SD;Variedades;Si
Colombia;Pospago;Bronce;231;Telemundo;SD;Variedades;Si
Colombia;Pospago;Bronce;232;El Gourmet;SD;Variedades;Si
Colombia;Pospago;Bronce;233;Food Network;SD;Variedades;No
Colombia;Pospago;Bronce;264;MTV;SD;Variedades;Si
Colombia;Pospago;Bronce;269;Quiero Música en Mi Idioma (QMusic);SD;Variedades;Si
Colombia;Pospago;Bronce;270;Mi Gente 3.0;SD;Variedades;Si
Colombia;Pospago;Bronce;304;Cartoon Network;SD;Infantil;Si
Colombia;Pospago;Bronce;308;Nickelodeon;SD;Infantil;Si
Colombia;Pospago;Bronce;309;Nick Jr.;SD;Infantil;Si
Colombia;Pospago;Bronce;310;TeenNick;SD;Infantil;No
Colombia;Pospago;Bronce;312;Disney Channel HD;HD;Infantil;No
Colombia;Pospago;Bronce;314;Disney Channel;SD;Infantil;Si
Colombia;Pospago;Bronce;315;Disney Junior;SD;Infantil;Si
Colombia;Pospago;Bronce;317;BabyTV;SD;Infantil;No
Colombia;Pospago;Bronce;318;Plim Plim;SD;Infantil;No
Colombia;Pospago;Bronce;319;El Reino Infantil;SD;Infantil;No
Colombia;Pospago;Bronce;330;Discovery Kids;SD;Infantil;Si
Colombia;Pospago;Bronce;334;Cartoonito;SD;Infantil;Si
Colombia;Pospago;Bronce;350;EWTN;SD;Religioso;Si
Colombia;Pospago;Bronce;351;Orbe 21;SD;Religioso;Si
Colombia;Pospago;Bronce;352;Enlace;SD;Religioso;Si
Colombia;Pospago;Bronce;353;Cristovisión;SD;Religioso;Si
Colombia;Pospago;Bronce;358;DayStar;SD;Religioso;No
Colombia;Pospago;Bronce;464;Playboy TV;SD;Adultos;No
Colombia;Pospago;Bronce;468;Venus;SD;Adultos;No
Colombia;Pospago;Bronce;469;XTSY;SD;Adultos;No
Colombia;Pospago;Bronce;470;Hustler TV HD;SD;Adultos;No
Colombia;Pospago;Bronce;502;TNT;SD;Cine;Si
Colombia;Pospago;Bronce;503;Golden;SD;Cine;Si
Colombia;Pospago;Bronce;506;Sony Movies;SD;Cine;No
Colombia;Pospago;Bronce;507;Cinecanal;SD;Cine;Si
Colombia;Pospago;Bronce;508;Studio Universal;SD;Cine;Si
Colombia;Pospago;Bronce;509;Cinemax;SD;Cine;Si
Colombia;Pospago;Bronce;510;Mórbido TV;SD;Cine;No
Colombia;Pospago;Bronce;513;DHE;SD;Cine;No
Colombia;Pospago;Bronce;516;De Película;SD;Cine;Si
Colombia;Pospago;Bronce;517;Golden Edge;SD;Cine;No
Colombia;Pospago;Bronce;518;Space;SD;Cine;Si
Colombia;Pospago;Bronce;524;HBO;SD;Cine;No
Colombia;Pospago;Bronce;525;HBO 2;SD;Cine;No
Colombia;Pospago;Bronce;526;HBO Plus HD;SD;Cine;No
Colombia;Pospago;Bronce;528;HBO Signature;SD;Cine;No
Colombia;Pospago;Bronce;534;HBO Family;SD;Cine;No
Colombia;Pospago;Bronce;540;HBO Mundi;SD;Cine;No
Colombia;Pospago;Bronce;541;HBO Pop;SD;Cine;No
Colombia;Pospago;Bronce;542;HBO Xtreme;SD;Cine;No
Colombia;Pospago;Bronce;571;Universal Premiere Este;SD;PPV;No
Colombia;Pospago;Bronce;572;Universal Cinema;SD;PPV;No
Colombia;Pospago;Bronce;573;Universal Comedy;SD;PPV;No
Colombia;Pospago;Bronce;574;Universal Crime Este;SD;PPV;No
Colombia;Pospago;Bronce;575;Universal Reality;SD;PPV;No
Colombia;Pospago;Bronce;576;Universal Premiere Oeste;SD;PPV;No
Colombia;Pospago;Bronce;577;Universal Cinema Oeste;SD;PPV;No
Colombia;Pospago;Bronce;610;DSports;SD;Deportes;Si
Colombia;Pospago;Bronce;612;DSports 2;SD;Deportes;Si
Colombia;Pospago;Bronce;613;DSports+;SD;Deportes;Si
Colombia;Pospago;Bronce;621;ESPN;SD;Deportes;Si
Colombia;Pospago;Bronce;622;ESPN 2;SD;Deportes;Si
Colombia;Pospago;Bronce;623;ESPN 3;SD;Deportes;Si
Colombia;Pospago;Bronce;625;ESPN 5;SD;Deportes;No
Colombia;Pospago;Bronce;626;ESPN 6;SD;Deportes;Si
Colombia;Pospago;Bronce;627;ESPN 7;SD;Deportes;Si
Colombia;Pospago;Bronce;628;Golf Channel Latinoamérica;SD;Deportes;No
Colombia;Pospago;Bronce;629;TyC Sports Internacional;SD;Deportes;No
Colombia;Pospago;Bronce;631;DSports Radio;Radio;Radio;No
Colombia;Pospago;Bronce;633;Win Sports;SD;Deportes;Si
Colombia;Pospago;Bronce;634;Win Sports Mas;SD;PPV;No
Colombia;Pospago;Bronce;700;DNews;SD;Mundo;Si
Colombia;Pospago;Bronce;704;CNN en Español;SD;Mundo;Si
Colombia;Pospago;Bronce;706;CNN International;SD;Mundo;No
Colombia;Pospago;Bronce;707;CNN Chile;SD;Mundo;No
Colombia;Pospago;Bronce;708;TVN 24 HORAS;SD;Mundo;No
Colombia;Pospago;Bronce;710;Bloomberg;SD;Mundo;No
Colombia;Pospago;Bronce;716;Todo Noticias (TN);SD;Mundo;Si
Colombia;Pospago;Bronce;720;Canal 26;SD;Mundo;Si
Colombia;Pospago;Bronce;726;Canal Rural;SD;Mundo;Si
Colombia;Pospago;Bronce;730;National Geographic;SD;Mundo;Si
Colombia;Pospago;Bronce;732;Discovery Channel;SD;Mundo;Si
Colombia;Pospago;Bronce;734;Animal Planet;SD;Mundo;No
Colombia;Pospago;Bronce;736;Discovery Turbo;SD;Mundo;No
Colombia;Pospago;Bronce;740;Discovery Travel & Living Channel (TLC);SD;Mundo;No
Colombia;Pospago;Bronce;742;History Channel;SD;Mundo;Si
Colombia;Pospago;Bronce;744;History 2;SD;Mundo;No
Colombia;Pospago;Bronce;760;Univision;SD;Mundo;No
Colombia;Pospago;Bronce;762;Antena 3 Internacional;SD;Mundo;No
Colombia;Pospago;Bronce;764;France 24 Español;SD;Mundo;Si
Colombia;Pospago;Bronce;766;Rai Italia;SD;Mundo;No
Colombia;Pospago;Bronce;768;BBC WORLD;SD;Mundo;No
Colombia;Pospago;Bronce;770;Deutsche Welle (DW) Español;SD;Mundo;No
Colombia;Pospago;Bronce;772;Caracol Internacional;SD;Mundo;No
Colombia;Pospago;Bronce;774;TV Chile Internacional;SD;Mundo;Si
Colombia;Pospago;Bronce;776;TV Globo;SD;Mundo;No
Colombia;Pospago;Bronce;778;RTP;SD;Mundo;No
Colombia;Pospago;Bronce;780;ZEE TV;SD;Mundo;No
Colombia;Pospago;Bronce;782;NHK World;SD;Mundo;No
Colombia;Pospago;Bronce;784;El Trece;SD;Mundo;Si
Colombia;Pospago;Bronce;786;Telefe;SD;Mundo;Si
Colombia;Pospago;Bronce;790;CGTN;SD;Mundo;Si
Colombia;Pospago;Bronce;980;Unión Radio Noticias;Radio;Radio;Si
Colombia;Pospago;Bronce;982;Radio Caracol;Radio;Radio;Si
Colombia;Pospago;Bronce;984;Radio France Internacional;Radio;Radio;Si
Colombia;Pospago;Bronce;985;Fiesta 106.5;Radio;Radio;No
Colombia;Pospago;Bronce;991;La FM Plus;Radio;Radio;Si
Colombia;Pospago;Bronce;992;Alerta Bogota;Radio;Radio;Si
Colombia;Pospago;Bronce;993;La W Radio;Radio;Radio;Si
Colombia;Pospago;Bronce;1127;DShow;HD;Variedades;Si
Colombia;Pospago;Bronce;1130;RCN HD;HD;Nacional;No
Colombia;Pospago;Bronce;1132;Caracol TV HD;HD;Nacional;No
Colombia;Pospago;Bronce;1136;Canal UNO;HD;Nacional;No
Colombia;Pospago;Bronce;1137;Señal Colombia HD;HD;Nacional;No
Colombia;Pospago;Bronce;1138;Señal Institucional HD;HD;Nacional;No
Colombia;Pospago;Bronce;1140;Teleantioquia HD;HD;Nacional;No
Colombia;Pospago;Bronce;1141;Telepacifico;HD;Nacional;No
Colombia;Pospago;Bronce;1142;Telecaribe HD;HD;Nacional;No
Colombia;Pospago;Bronce;1147;Cable Noticias HD;HD;Local;No
Colombia;Pospago;Bronce;1204;Star Channel HD;HD;Variedades;No
Colombia;Pospago;Bronce;1206;Warner Channel HD;HD;Variedades;No
Colombia;Pospago;Bronce;1207;A&E HD;HD;Variedades;No
Colombia;Pospago;Bronce;1208;Sony HD;HD;Variedades;No
Colombia;Pospago;Bronce;1209;AXN HD;HD;Variedades;No
Colombia;Pospago;Bronce;1210;AMC HD;HD;Variedades;No
Colombia;Pospago;Bronce;1213;TNT Series HD;HD;Variedades;No
Colombia;Pospago;Bronce;1214;Atres Series HD;HD;Variedades;No
Colombia;Pospago;Bronce;1215;Comedy Central HD;HD;Variedades;No
Colombia;Pospago;Bronce;1217;FX HD;HD;Variedades;No
Colombia;Pospago;Bronce;1218;Universal TV HD;HD;Variedades;No
Colombia;Pospago;Bronce;1219;USA Network HD;HD;Variedades;No
Colombia;Pospago;Bronce;1221;Hola TV HD;HD;Variedades;No
Colombia;Pospago;Bronce;1222;E! Entertainment HD;HD;Variedades;No
Colombia;Pospago;Bronce;1223;Investigation Discovery (ID) HD;HD;Variedades;No
Colombia;Pospago;Bronce;1228;Lifetime HD;HD;Variedades;No
Colombia;Pospago;Bronce;1229;Discovery Home & Health HD;HD;Variedades;No
Colombia;Pospago;Bronce;1231;Alacocina TV;HD;Variedades;Si
Colombia;Pospago;Bronce;1232;El Gourmet HD;HD;Variedades;No
Colombia;Pospago;Bronce;1233;Food Network;HD;Variedades;No
Colombia;Pospago;Bronce;1234;HGTV HD;HD;Variedades;No
Colombia;Pospago;Bronce;1236;VePlus HD;HD;Variedades;No
Colombia;Pospago;Bronce;1264;MTV HD;HD;Variedades;No
Colombia;Pospago;Bronce;1265;Music Top;HD;Variedades;No
Colombia;Pospago;Bronce;1266;Tierra Mía HD;HD;Variedades;No
Colombia;Pospago;Bronce;1270;Latina TV;HD;Variedades;Si
Colombia;Pospago;Bronce;1273;INTI Network HD;HD;Variedades;No
Colombia;Pospago;Bronce;1304;Cartoon Network HD;HD;Infantil;No
Colombia;Pospago;Bronce;1308;Nick HD;HD;Infantil;No
Colombia;Pospago;Bronce;1309;Nick Jr. HD;HD;Infantil;No
Colombia;Pospago;Bronce;1312;Disney Channel HD;HD;Infantil;No
Colombia;Pospago;Bronce;1315;Disney Junior HD;HD;Infantil;No
Colombia;Pospago;Bronce;1317;BabyTV;SD;Infantil;No
Colombia;Pospago;Bronce;1318;Plim Plim;HD;Infantil;No
Colombia;Pospago;Bronce;1319;El Reino Infantil;HD;Infantil;No
Colombia;Pospago;Bronce;1330;Discovery Kids HD;HD;Infantil;No
Colombia;Pospago;Bronce;1502;TNT HD;HD;Cine;No
Colombia;Pospago;Bronce;1503;Golden HD;HD;Cine;No
Colombia;Pospago;Bronce;1506;Sony Movies;HD;Cine;No
Colombia;Pospago;Bronce;1507;Cine HD;HD;Cine;No
Colombia;Pospago;Bronce;1508;Studio Universal HD;HD;Cine;No
Colombia;Pospago;Bronce;1509;Cinemax HD;HD;Cine;No
Colombia;Pospago;Bronce;1510;Mórbido TV;HD;Cine;No
Colombia;Pospago;Bronce;1513;DHE HD;HD;Cine;No
Colombia;Pospago;Bronce;1518;Space HD;HD;Cine;No
Colombia;Pospago;Bronce;1524;HBO HD;HD;Cine;No
Colombia;Pospago;Bronce;1525;HBO 2 HD;HD;Cine;No
Colombia;Pospago;Bronce;1528;HBO Signature HD;HD;Cine;No
Colombia;Pospago;Bronce;1532;HBO Plus HD;HD;Cine;No
Colombia;Pospago;Bronce;1534;HBO Family HD;HD;Cine;No
Colombia;Pospago;Bronce;1542;HBO Xtreme HD;HD;Cine;No
Colombia;Pospago;Bronce;1571;Universal Premiere Este;HD;PPV;No
Colombia;Pospago;Bronce;1572;Universal Cinema;HD;PPV;No
Colombia;Pospago;Bronce;1573;Universal Comedy;HD;PPV;No
Colombia;Pospago;Bronce;1574;Universal Crime Este;HD;PPV;No
Colombia;Pospago;Bronce;1575;Universal Reality;HD;PPV;No
Colombia;Pospago;Bronce;1576;Universal Premiere Oeste;HD;PPV;No
Colombia;Pospago;Bronce;1577;Universal Cinema Oeste;HD;PPV;No
Colombia;Pospago;Bronce;1610;DSports HD;HD;Deportes;No
Colombia;Pospago;Bronce;1612;DSports 2 HD;HD;Deportes;No
Colombia;Pospago;Bronce;1613;DSports+ HD;HD;Deportes;No
Colombia;Pospago;Bronce;1621;ESPN HD;HD;Deportes;No
Colombia;Pospago;Bronce;1622;ESPN 2 HD;HD;Deportes;No
Colombia;Pospago;Bronce;1623;ESPN 3 HD;HD;Deportes;No
Colombia;Pospago;Bronce;1624;ESPN 4 HD;HD;Deportes;No
Colombia;Pospago;Bronce;1625;ESPN 5 HD;HD;Deportes;No
Colombia;Pospago;Bronce;1626;ESPN 6 HD;HD;Deportes;Si
Colombia;Pospago;Bronce;1627;ESPN 7 HD;HD;Deportes;Si
Colombia;Pospago;Bronce;1628;Golf Channel HD;HD;Deportes;No
Colombia;Pospago;Bronce;1631;DSports Show;HD;Deportes;No
Colombia;Pospago;Bronce;1633;Win Sports HD;HD;Deportes;No
Colombia;Pospago;Bronce;1634;Win Sports Mas;HD;Deportes;No
Colombia;Pospago;Bronce;1636;One Baseball Network;HD;PPV;No
Colombia;Pospago;Bronce;1639;PX Sports;HD;Deportes;No
Colombia;Pospago;Bronce;1700;DNews HD;HD;Mundo;No
Colombia;Pospago;Bronce;1730;National Geographic HD;HD;Mundo;No
Colombia;Pospago;Bronce;1731;Discovery Theater HD;HD;Mundo;No
Colombia;Pospago;Bronce;1732;Discovery Channel HD;HD;Mundo;No
Colombia;Pospago;Bronce;1734;Animal Planet HD;HD;Mundo;No
Colombia;Pospago;Bronce;1738;Discovery World HD;HD;Mundo;No
Colombia;Pospago;Bronce;1740;Discovery Travel & Living Channel (TLC) HD;HD;Mundo;No
Colombia;Pospago;Bronce;1742;History Channel HD;HD;Mundo;No
Colombia;Pospago;Bronce;1744;History 2 HD;HD;Mundo;No
Colombia;Pospago;Bronce;1750;Encuentro Internacional HD;HD;Variedades;No
Colombia;Pospago;Bronce;1762;Antena 3 Internacional HD;HD;Mundo;No
Colombia;Pospago;Bronce;1764;France 24 Español;HD;Mundo;Si
Colombia;Pospago;Bronce;4000;Directv 4K;4K;4K;No
Colombia;Pospago;Bronce HD;117;TV Familia;SD;Religioso;Si
Colombia;Pospago;Bronce HD;127;DShow;SD;Variedades;Si
Colombia;Pospago;Bronce HD;129;Directv Place;SD;Variedades;No
Colombia;Pospago;Bronce HD;130;RCN;SD;Nacional;Si
Colombia;Pospago;Bronce HD;132;Caracol Internacional;SD;Nacional;Si
Colombia;Pospago;Bronce HD;133;City TV;SD;Nacional;Si
Colombia;Pospago;Bronce HD;134;Caracol Internacional;SD;Nacional;Si
Colombia;Pospago;Bronce HD;135;RCN Nuestra Tele;SD;Nacional;Si
Colombia;Pospago;Bronce HD;136;Canal UNO;SD;Nacional;Si
Colombia;Pospago;Bronce HD;137;Señal Colombia;SD;Nacional;Si
Colombia;Pospago;Bronce HD;138;Señal Institucional;SD;Nacional;Si
Colombia;Pospago;Bronce HD;139;Canal Congreso;SD;Nacional;Si
Colombia;Pospago;Bronce HD;140;Teleantioquia;SD;Nacional;Si
Colombia;Pospago;Bronce HD;141;Telepacifico;SD;Nacional;Si
Colombia;Pospago;Bronce HD;142;Telecaribe;SD;Nacional;Si
Colombia;Pospago;Bronce HD;143;Canal Capital;SD;Nacional;Si
Colombia;Pospago;Bronce HD;144;Telecafé;SD;Nacional;Si
Colombia;Pospago;Bronce HD;145;NTN 24 NOTICIAS;SD;Nacional;Si
Colombia;Pospago;Bronce HD;146;El Tiempo TV;SD;Nacional;Si
Colombia;Pospago;Bronce HD;147;Cable Noticias;SD;Nacional;Si
Colombia;Pospago;Bronce HD;148;TRO;SD;Nacional;Si
Colombia;Pospago;Bronce HD;149;Trece;SD;Nacional;Si
Colombia;Pospago;Bronce HD;150;Teleislas;SD;Nacional;Si
Colombia;Pospago;Bronce HD;151;Telemedellin;SD;Nacional;Si
Colombia;Pospago;Bronce HD;152;TV Agro;SD;Local;Si
Colombia;Pospago;Bronce HD;202;Star Channel;SD;Variedades;Si
Colombia;Pospago;Bronce HD;204;Star Channel HD;HD;Cine;No
Colombia;Pospago;Bronce HD;206;Warner Channel;SD;Variedades;Si
Colombia;Pospago;Bronce HD;207;A&E;SD;Variedades;Si
Colombia;Pospago;Bronce HD;208;Sony;SD;Variedades;Si
Colombia;Pospago;Bronce HD;209;AXN;SD;Variedades;Si
Colombia;Pospago;Bronce HD;210;AMC;SD;Variedades;No
Colombia;Pospago;Bronce HD;213;TNT Series;SD;Variedades;No
Colombia;Pospago;Bronce HD;214;Atres Series;SD;Variedades;Si
Colombia;Pospago;Bronce HD;215;Comedy Central;SD;Variedades;No
Colombia;Pospago;Bronce HD;216;TNT Novelas;SD;Variedades;No
Colombia;Pospago;Bronce HD;217;FX;SD;Variedades;Si
Colombia;Pospago;Bronce HD;218;Universal TV;SD;Variedades;Si
Colombia;Pospago;Bronce HD;219;USA Network;SD;Variedades;No
Colombia;Pospago;Bronce HD;220;Adult Swim;SD;Variedades;No
Colombia;Pospago;Bronce HD;221;¡Hola! TV;SD;Variedades;Si
Colombia;Pospago;Bronce HD;222;E! Entertainment;SD;Variedades;Si
Colombia;Pospago;Bronce HD;223;Investigation Discovery (ID);SD;Variedades;Si
Colombia;Pospago;Bronce HD;226;El Canal de las Estrellas;SD;Variedades;Si
Colombia;Pospago;Bronce HD;227;TLnovelas;SD;Variedades;Si
Colombia;Pospago;Bronce HD;228;Lifetime;SD;Variedades;No
Colombia;Pospago;Bronce HD;229;Discovery Home & Health;SD;Variedades;Si
Colombia;Pospago;Bronce HD;230;Más Chic;SD;Variedades;Si
Colombia;Pospago;Bronce HD;231;Telemundo;SD;Variedades;Si
Colombia;Pospago;Bronce HD;232;El Gourmet;SD;Variedades;Si
Colombia;Pospago;Bronce HD;233;Food Network;SD;Variedades;No
Colombia;Pospago;Bronce HD;264;MTV;SD;Variedades;Si
Colombia;Pospago;Bronce HD;269;Quiero Música en Mi Idioma (QMusic);SD;Variedades;Si
Colombia;Pospago;Bronce HD;270;Mi Gente 3.0;SD;Variedades;Si
Colombia;Pospago;Bronce HD;304;Cartoon Network;SD;Infantil;Si
Colombia;Pospago;Bronce HD;308;Nickelodeon;SD;Infantil;Si
Colombia;Pospago;Bronce HD;309;Nick Jr.;SD;Infantil;Si
Colombia;Pospago;Bronce HD;310;TeenNick;SD;Infantil;No
Colombia;Pospago;Bronce HD;312;Disney Channel HD;HD;Infantil;No
Colombia;Pospago;Bronce HD;314;Disney Channel;SD;Infantil;Si
Colombia;Pospago;Bronce HD;315;Disney Junior;SD;Infantil;Si
Colombia;Pospago;Bronce HD;317;BabyTV;SD;Infantil;No
Colombia;Pospago;Bronce HD;318;Plim Plim;SD;Infantil;No
Colombia;Pospago;Bronce HD;319;El Reino Infantil;SD;Infantil;No
Colombia;Pospago;Bronce HD;330;Discovery Kids;SD;Infantil;Si
Colombia;Pospago;Bronce HD;334;Cartoonito;SD;Infantil;Si
Colombia;Pospago;Bronce HD;350;EWTN;SD;Religioso;Si
Colombia;Pospago;Bronce HD;351;Orbe 21;SD;Religioso;Si
Colombia;Pospago;Bronce HD;352;Enlace;SD;Religioso;Si
Colombia;Pospago;Bronce HD;353;Cristovisión;SD;Religioso;Si
Colombia;Pospago;Bronce HD;358;DayStar;SD;Religioso;Si
Colombia;Pospago;Bronce HD;464;Playboy TV;SD;Adultos;No
Colombia;Pospago;Bronce HD;468;Venus;SD;Adultos;No
Colombia;Pospago;Bronce HD;469;XTSY;SD;Adultos;No
Colombia;Pospago;Bronce HD;470;Hustler TV HD;SD;Adultos;No
Colombia;Pospago;Bronce HD;502;TNT;SD;Cine;Si
Colombia;Pospago;Bronce HD;503;Golden;SD;Cine;Si
Colombia;Pospago;Bronce HD;506;Sony Movies;SD;Cine;No
Colombia;Pospago;Bronce HD;507;Cinecanal;SD;Cine;Si
Colombia;Pospago;Bronce HD;508;Studio Universal;SD;Cine;Si
Colombia;Pospago;Bronce HD;509;Cinemax;SD;Cine;Si
Colombia;Pospago;Bronce HD;510;Mórbido TV;SD;Cine;No
Colombia;Pospago;Bronce HD;513;DHE;SD;Cine;No
Colombia;Pospago;Bronce HD;516;De Película;SD;Cine;Si
Colombia;Pospago;Bronce HD;517;Golden Edge;SD;Cine;No
Colombia;Pospago;Bronce HD;518;Space;SD;Cine;Si
Colombia;Pospago;Bronce HD;524;HBO;SD;Cine;No
Colombia;Pospago;Bronce HD;525;HBO 2;SD;Cine;No
Colombia;Pospago;Bronce HD;526;HBO Plus HD;SD;Cine;No
Colombia;Pospago;Bronce HD;528;HBO Signature;SD;Cine;No
Colombia;Pospago;Bronce HD;534;HBO Family;SD;Cine;No
Colombia;Pospago;Bronce HD;540;HBO Mundi;SD;Cine;No
Colombia;Pospago;Bronce HD;541;HBO Pop;SD;Cine;No
Colombia;Pospago;Bronce HD;542;HBO Xtreme;SD;Cine;No
Colombia;Pospago;Bronce HD;571;Universal Premiere Este;SD;PPV;No
Colombia;Pospago;Bronce HD;572;Universal Cinema;SD;PPV;No
Colombia;Pospago;Bronce HD;573;Universal Comedy;SD;PPV;No
Colombia;Pospago;Bronce HD;574;Universal Crime Este;SD;PPV;No
Colombia;Pospago;Bronce HD;575;Universal Reality;SD;PPV;No
Colombia;Pospago;Bronce HD;576;Universal Premiere Oeste;SD;PPV;No
Colombia;Pospago;Bronce HD;577;Universal Cinema Oeste;SD;PPV;No
Colombia;Pospago;Bronce HD;610;DSports;SD;Deportes;Si
Colombia;Pospago;Bronce HD;612;DSports 2;SD;Deportes;Si
Colombia;Pospago;Bronce HD;613;DSports+;SD;Deportes;Si
Colombia;Pospago;Bronce HD;621;ESPN;SD;Deportes;Si
Colombia;Pospago;Bronce HD;622;ESPN 2;SD;Deportes;Si
Colombia;Pospago;Bronce HD;623;ESPN 3;SD;Deportes;Si
Colombia;Pospago;Bronce HD;625;ESPN 5;SD;Deportes;No
Colombia;Pospago;Bronce HD;626;ESPN 6;SD;Deportes;Si
Colombia;Pospago;Bronce HD;627;ESPN 7;SD;Deportes;Si
Colombia;Pospago;Bronce HD;628;Golf Channel Latinoamérica;SD;Deportes;No
Colombia;Pospago;Bronce HD;629;TyC Sports Internacional;SD;Deportes;No
Colombia;Pospago;Bronce HD;631;DSports Radio;Radio;Radio;Si
Colombia;Pospago;Bronce HD;633;Win Sports;SD;Deportes;Si
Colombia;Pospago;Bronce HD;634;Win Sports Mas;SD;PPV;No
Colombia;Pospago;Bronce HD;700;DNews;SD;Mundo;Si
Colombia;Pospago;Bronce HD;704;CNN en Español;SD;Mundo;Si
Colombia;Pospago;Bronce HD;706;CNN International;SD;Mundo;No
Colombia;Pospago;Bronce HD;707;CNN Chile;SD;Mundo;No
Colombia;Pospago;Bronce HD;708;TVN 24 HORAS;SD;Mundo;No
Colombia;Pospago;Bronce HD;710;Bloomberg;SD;Mundo;No
Colombia;Pospago;Bronce HD;716;Todo Noticias (TN);SD;Mundo;Si
Colombia;Pospago;Bronce HD;720;Canal 26;SD;Mundo;Si
Colombia;Pospago;Bronce HD;726;Canal Rural;SD;Mundo;Si
Colombia;Pospago;Bronce HD;730;National Geographic;SD;Mundo;Si
Colombia;Pospago;Bronce HD;732;Discovery Channel;SD;Mundo;Si
Colombia;Pospago;Bronce HD;734;Animal Planet;SD;Mundo;No
Colombia;Pospago;Bronce HD;736;Discovery Turbo;SD;Mundo;No
Colombia;Pospago;Bronce HD;740;Discovery Travel & Living Channel (TLC);SD;Mundo;No
Colombia;Pospago;Bronce HD;742;History Channel;SD;Mundo;Si
Colombia;Pospago;Bronce HD;744;History 2;SD;Mundo;No
Colombia;Pospago;Bronce HD;760;Univision;SD;Mundo;No
Colombia;Pospago;Bronce HD;762;Antena 3 Internacional;SD;Mundo;No
Colombia;Pospago;Bronce HD;764;France 24 Español;SD;Mundo;Si
Colombia;Pospago;Bronce HD;766;Rai Italia;SD;Mundo;No
Colombia;Pospago;Bronce HD;768;BBC WORLD;SD;Mundo;No
Colombia;Pospago;Bronce HD;770;Deutsche Welle (DW) Español;SD;Mundo;No
Colombia;Pospago;Bronce HD;772;Caracol Internacional;SD;Mundo;Si
Colombia;Pospago;Bronce HD;774;TV Chile Internacional;SD;Mundo;Si
Colombia;Pospago;Bronce HD;776;TV Globo;SD;Mundo;No
Colombia;Pospago;Bronce HD;778;RTP;SD;Mundo;No
Colombia;Pospago;Bronce HD;780;ZEE TV;SD;Mundo;No
Colombia;Pospago;Bronce HD;782;NHK World;SD;Mundo;No
Colombia;Pospago;Bronce HD;784;El Trece;SD;Mundo;Si
Colombia;Pospago;Bronce HD;786;Telefe;SD;Mundo;Si
Colombia;Pospago;Bronce HD;790;CGTN;SD;Mundo;Si
Colombia;Pospago;Bronce HD;980;Unión Radio Noticias;Radio;Radio;Si
Colombia;Pospago;Bronce HD;982;Radio Caracol;Radio;Radio;Si
Colombia;Pospago;Bronce HD;984;Radio France Internacional;Radio;Radio;Si
Colombia;Pospago;Bronce HD;985;Fiesta 106.5;Radio;Radio;No
Colombia;Pospago;Bronce HD;991;La FM Plus;Radio;Radio;Si
Colombia;Pospago;Bronce HD;992;Alerta Bogota;Radio;Radio;Si
Colombia;Pospago;Bronce HD;993;La W Radio;Radio;Radio;Si
Colombia;Pospago;Bronce HD;1127;DShow;HD;Variedades;Si
Colombia;Pospago;Bronce HD;1130;RCN HD;HD;Nacional;Si
Colombia;Pospago;Bronce HD;1132;Caracol TV HD;HD;Nacional;Si
Colombia;Pospago;Bronce HD;1136;Canal UNO;HD;Nacional;Si
Colombia;Pospago;Bronce HD;1137;Señal Colombia HD;HD;Nacional;Si
Colombia;Pospago;Bronce HD;1138;Señal Institucional HD;HD;Nacional;Si
Colombia;Pospago;Bronce HD;1140;Teleantioquia HD;HD;Nacional;Si
Colombia;Pospago;Bronce HD;1141;Telepacifico;HD;Nacional;Si
Colombia;Pospago;Bronce HD;1142;Telecaribe HD;HD;Nacional;Si
Colombia;Pospago;Bronce HD;1147;Cable Noticias HD;HD;Local;Si
Colombia;Pospago;Bronce HD;1204;Star Channel HD;HD;Variedades;No
Colombia;Pospago;Bronce HD;1206;Warner Channel HD;HD;Variedades;No
Colombia;Pospago;Bronce HD;1207;A&E HD;HD;Variedades;No
Colombia;Pospago;Bronce HD;1208;Sony HD;HD;Variedades;No
Colombia;Pospago;Bronce HD;1209;AXN HD;HD;Variedades;No
Colombia;Pospago;Bronce HD;1210;AMC HD;HD;Variedades;No
Colombia;Pospago;Bronce HD;1213;TNT Series HD;HD;Variedades;No
Colombia;Pospago;Bronce HD;1214;Atres Series HD;HD;Variedades;No
Colombia;Pospago;Bronce HD;1215;Comedy Central HD;HD;Variedades;No
Colombia;Pospago;Bronce HD;1217;FX HD;HD;Variedades;No
Colombia;Pospago;Bronce HD;1218;Universal TV HD;HD;Variedades;No
Colombia;Pospago;Bronce HD;1219;USA Network HD;HD;Variedades;No
Colombia;Pospago;Bronce HD;1221;Hola TV HD;HD;Variedades;No
Colombia;Pospago;Bronce HD;1222;E! Entertainment HD;HD;Variedades;No
Colombia;Pospago;Bronce HD;1223;Investigation Discovery (ID) HD;HD;Variedades;No
Colombia;Pospago;Bronce HD;1228;Lifetime HD;HD;Variedades;No
Colombia;Pospago;Bronce HD;1229;Discovery Home & Health HD;HD;Variedades;No
Colombia;Pospago;Bronce HD;1231;Alacocina TV;HD;Variedades;Si
Colombia;Pospago;Bronce HD;1232;El Gourmet HD;HD;Variedades;Si
Colombia;Pospago;Bronce HD;1233;Food Network;HD;Variedades;No
Colombia;Pospago;Bronce HD;1234;HGTV HD;HD;Variedades;No
Colombia;Pospago;Bronce HD;1236;VePlus HD;HD;Variedades;Si
Colombia;Pospago;Bronce HD;1264;MTV HD;HD;Variedades;No
Colombia;Pospago;Bronce HD;1265;Music Top;HD;Variedades;Si
Colombia;Pospago;Bronce HD;1266;Tierra Mía HD;HD;Variedades;No
Colombia;Pospago;Bronce HD;1270;Latina TV;HD;Variedades;Si
Colombia;Pospago;Bronce HD;1273;INTI Network HD;HD;Variedades;No
Colombia;Pospago;Bronce HD;1304;Cartoon Network HD;HD;Infantil;No
Colombia;Pospago;Bronce HD;1308;Nick HD;HD;Infantil;No
Colombia;Pospago;Bronce HD;1309;Nick Jr. HD;HD;Infantil;No
Colombia;Pospago;Bronce HD;1312;Disney Channel HD;HD;Infantil;No
Colombia;Pospago;Bronce HD;1315;Disney Junior HD;HD;Infantil;Si
Colombia;Pospago;Bronce HD;1317;BabyTV;SD;Infantil;No
Colombia;Pospago;Bronce HD;1318;Plim Plim;HD;Infantil;No
Colombia;Pospago;Bronce HD;1319;El Reino Infantil;HD;Infantil;No
Colombia;Pospago;Bronce HD;1330;Discovery Kids HD;HD;Infantil;No
Colombia;Pospago;Bronce HD;1502;TNT HD;HD;Cine;No
Colombia;Pospago;Bronce HD;1503;Golden HD;HD;Cine;No
Colombia;Pospago;Bronce HD;1506;Sony Movies;HD;Cine;No
Colombia;Pospago;Bronce HD;1507;Cine HD;HD;Cine;No
Colombia;Pospago;Bronce HD;1508;Studio Universal HD;HD;Cine;No
Colombia;Pospago;Bronce HD;1509;Cinemax HD;HD;Cine;No
Colombia;Pospago;Bronce HD;1510;Mórbido TV;HD;Cine;No
Colombia;Pospago;Bronce HD;1513;DHE HD;HD;Cine;No
Colombia;Pospago;Bronce HD;1518;Space HD;HD;Cine;No
Colombia;Pospago;Bronce HD;1524;HBO HD;HD;Cine;No
Colombia;Pospago;Bronce HD;1525;HBO 2 HD;HD;Cine;No
Colombia;Pospago;Bronce HD;1528;HBO Signature HD;HD;Cine;No
Colombia;Pospago;Bronce HD;1532;HBO Plus HD;HD;Cine;No
Colombia;Pospago;Bronce HD;1534;HBO Family HD;HD;Cine;No
Colombia;Pospago;Bronce HD;1542;HBO Xtreme HD;HD;Cine;No
Colombia;Pospago;Bronce HD;1571;Universal Premiere Este;HD;PPV;No
Colombia;Pospago;Bronce HD;1572;Universal Cinema;HD;PPV;No
Colombia;Pospago;Bronce HD;1573;Universal Comedy;HD;PPV;No
Colombia;Pospago;Bronce HD;1574;Universal Crime Este;HD;PPV;No
Colombia;Pospago;Bronce HD;1575;Universal Reality;HD;PPV;No
Colombia;Pospago;Bronce HD;1576;Universal Premiere Oeste;HD;PPV;No
Colombia;Pospago;Bronce HD;1577;Universal Cinema Oeste;HD;PPV;No
Colombia;Pospago;Bronce HD;1610;DSports HD;HD;Deportes;Si
Colombia;Pospago;Bronce HD;1612;DSports 2 HD;HD;Deportes;Si
Colombia;Pospago;Bronce HD;1613;DSports+ HD;HD;Deportes;Si
Colombia;Pospago;Bronce HD;1621;ESPN HD;HD;Deportes;No
Colombia;Pospago;Bronce HD;1622;ESPN 2 HD;HD;Deportes;No
Colombia;Pospago;Bronce HD;1623;ESPN 3 HD;HD;Deportes;Si
Colombia;Pospago;Bronce HD;1624;ESPN 4 HD;HD;Deportes;No
Colombia;Pospago;Bronce HD;1625;ESPN 5 HD;HD;Deportes;No
Colombia;Pospago;Bronce HD;1626;ESPN 6 HD;HD;Deportes;Si
Colombia;Pospago;Bronce HD;1627;ESPN 7 HD;HD;Deportes;Si
Colombia;Pospago;Bronce HD;1628;Golf Channel HD;HD;Deportes;No
Colombia;Pospago;Bronce HD;1631;DSports Show;HD;Deportes;Si
Colombia;Pospago;Bronce HD;1633;Win Sports HD;HD;Deportes;Si
Colombia;Pospago;Bronce HD;1634;Win Sports Mas;HD;Deportes;No
Colombia;Pospago;Bronce HD;1636;One Baseball Network;HD;PPV;No
Colombia;Pospago;Bronce HD;1639;PX Sports;HD;Deportes;No
Colombia;Pospago;Bronce HD;1700;DNews HD;HD;Mundo;Si
Colombia;Pospago;Bronce HD;1730;National Geographic HD;HD;Mundo;No
Colombia;Pospago;Bronce HD;1731;Discovery Theater HD;HD;Mundo;No
Colombia;Pospago;Bronce HD;1732;Discovery Channel HD;HD;Mundo;No
Colombia;Pospago;Bronce HD;1734;Animal Planet HD;HD;Mundo;No
Colombia;Pospago;Bronce HD;1738;Discovery World HD;HD;Mundo;No
Colombia;Pospago;Bronce HD;1740;Discovery Travel & Living Channel (TLC) HD;HD;Mundo;No
Colombia;Pospago;Bronce HD;1742;History Channel HD;HD;Mundo;No
Colombia;Pospago;Bronce HD;1744;History 2 HD;HD;Mundo;No
Colombia;Pospago;Bronce HD;1750;Encuentro Internacional HD;HD;Variedades;No
Colombia;Pospago;Bronce HD;1762;Antena 3 Internacional HD;HD;Mundo;No
Colombia;Pospago;Bronce HD;1764;France 24 Español;HD;Mundo;Si
Colombia;Pospago;Bronce HD;4000;Directv 4K;4K;4K;No
Colombia;Pospago;Plata;117;TV Familia;SD;Religioso;Si
Colombia;Pospago;Plata;127;DShow;SD;Variedades;Si
Colombia;Pospago;Plata;129;Directv Place;SD;Variedades;No
Colombia;Pospago;Plata;130;RCN;SD;Nacional;Si
Colombia;Pospago;Plata;132;Caracol Internacional;SD;Nacional;Si
Colombia;Pospago;Plata;133;City TV;SD;Nacional;Si
Colombia;Pospago;Plata;134;Caracol Internacional;SD;Nacional;Si
Colombia;Pospago;Plata;135;RCN Nuestra Tele;SD;Nacional;Si
Colombia;Pospago;Plata;136;Canal UNO;SD;Nacional;Si
Colombia;Pospago;Plata;137;Señal Colombia;SD;Nacional;Si
Colombia;Pospago;Plata;138;Señal Institucional;SD;Nacional;Si
Colombia;Pospago;Plata;139;Canal Congreso;SD;Nacional;Si
Colombia;Pospago;Plata;140;Teleantioquia;SD;Nacional;Si
Colombia;Pospago;Plata;141;Telepacifico;SD;Nacional;Si
Colombia;Pospago;Plata;142;Telecaribe;SD;Nacional;Si
Colombia;Pospago;Plata;143;Canal Capital;SD;Nacional;Si
Colombia;Pospago;Plata;144;Telecafé;SD;Nacional;Si
Colombia;Pospago;Plata;145;NTN 24 NOTICIAS;SD;Nacional;Si
Colombia;Pospago;Plata;146;El Tiempo TV;SD;Nacional;Si
Colombia;Pospago;Plata;147;Cable Noticias;SD;Nacional;Si
Colombia;Pospago;Plata;148;TRO;SD;Nacional;Si
Colombia;Pospago;Plata;149;Trece;SD;Nacional;Si
Colombia;Pospago;Plata;150;Teleislas;SD;Nacional;Si
Colombia;Pospago;Plata;151;Telemedellin;SD;Nacional;Si
Colombia;Pospago;Plata;152;TV Agro;SD;Local;Si
Colombia;Pospago;Plata;202;Star Channel;SD;Variedades;Si
Colombia;Pospago;Plata;204;Star Channel HD;HD;Cine;No
Colombia;Pospago;Plata;206;Warner Channel;SD;Variedades;Si
Colombia;Pospago;Plata;207;A&E;SD;Variedades;Si
Colombia;Pospago;Plata;208;Sony;SD;Variedades;Si
Colombia;Pospago;Plata;209;AXN;SD;Variedades;Si
Colombia;Pospago;Plata;210;AMC;SD;Variedades;Si
Colombia;Pospago;Plata;213;TNT Series;SD;Variedades;No
Colombia;Pospago;Plata;214;Atres Series;SD;Variedades;Si
Colombia;Pospago;Plata;215;Comedy Central;SD;Variedades;Si
Colombia;Pospago;Plata;216;TNT Novelas;SD;Variedades;Si
Colombia;Pospago;Plata;217;FX;SD;Variedades;Si
Colombia;Pospago;Plata;218;Universal TV;SD;Variedades;Si
Colombia;Pospago;Plata;219;USA Network;SD;Variedades;No
Colombia;Pospago;Plata;220;Adult Swim;SD;Variedades;No
Colombia;Pospago;Plata;221;¡Hola! TV;SD;Variedades;Si
Colombia;Pospago;Plata;222;E! Entertainment;SD;Variedades;Si
Colombia;Pospago;Plata;223;Investigation Discovery (ID);SD;Variedades;Si
Colombia;Pospago;Plata;226;El Canal de las Estrellas;SD;Variedades;Si
Colombia;Pospago;Plata;227;TLnovelas;SD;Variedades;Si
Colombia;Pospago;Plata;228;Lifetime;SD;Variedades;Si
Colombia;Pospago;Plata;229;Discovery Home & Health;SD;Variedades;Si
Colombia;Pospago;Plata;230;Más Chic;SD;Variedades;Si
Colombia;Pospago;Plata;231;Telemundo;SD;Variedades;Si
Colombia;Pospago;Plata;232;El Gourmet;SD;Variedades;Si
Colombia;Pospago;Plata;233;Food Network;SD;Variedades;Si
Colombia;Pospago;Plata;264;MTV;SD;Variedades;Si
Colombia;Pospago;Plata;269;Quiero Música en Mi Idioma (QMusic);SD;Variedades;Si
Colombia;Pospago;Plata;270;Mi Gente 3.0;SD;Variedades;Si
Colombia;Pospago;Plata;304;Cartoon Network;SD;Infantil;Si
Colombia;Pospago;Plata;308;Nickelodeon;SD;Infantil;Si
Colombia;Pospago;Plata;309;Nick Jr.;SD;Infantil;Si
Colombia;Pospago;Plata;310;TeenNick;SD;Infantil;Si
Colombia;Pospago;Plata;312;Disney Channel HD;HD;Infantil;No
Colombia;Pospago;Plata;314;Disney Channel;SD;Infantil;Si
Colombia;Pospago;Plata;315;Disney Junior;SD;Infantil;Si
Colombia;Pospago;Plata;317;BabyTV;SD;Infantil;Si
Colombia;Pospago;Plata;318;Plim Plim;SD;Infantil;No
Colombia;Pospago;Plata;319;El Reino Infantil;SD;Infantil;No
Colombia;Pospago;Plata;330;Discovery Kids;SD;Infantil;Si
Colombia;Pospago;Plata;334;Cartoonito;SD;Infantil;Si
Colombia;Pospago;Plata;350;EWTN;SD;Religioso;Si
Colombia;Pospago;Plata;351;Orbe 21;SD;Religioso;Si
Colombia;Pospago;Plata;352;Enlace;SD;Religioso;Si
Colombia;Pospago;Plata;353;Cristovisión;SD;Religioso;Si
Colombia;Pospago;Plata;358;DayStar;SD;Religioso;No
Colombia;Pospago;Plata;464;Playboy TV;SD;Adultos;No
Colombia;Pospago;Plata;468;Venus;SD;Adultos;No
Colombia;Pospago;Plata;469;XTSY;SD;Adultos;No
Colombia;Pospago;Plata;470;Hustler TV HD;SD;Adultos;No
Colombia;Pospago;Plata;502;TNT;SD;Cine;Si
Colombia;Pospago;Plata;503;Golden;SD;Cine;Si
Colombia;Pospago;Plata;506;Sony Movies;SD;Cine;Si
Colombia;Pospago;Plata;507;Cinecanal;SD;Cine;Si
Colombia;Pospago;Plata;508;Studio Universal;SD;Cine;Si
Colombia;Pospago;Plata;509;Cinemax;SD;Cine;Si
Colombia;Pospago;Plata;510;Mórbido TV;SD;Cine;No
Colombia;Pospago;Plata;513;DHE;SD;Cine;No
Colombia;Pospago;Plata;516;De Película;SD;Cine;Si
Colombia;Pospago;Plata;517;Golden Edge;SD;Cine;No
Colombia;Pospago;Plata;518;Space;SD;Cine;Si
Colombia;Pospago;Plata;524;HBO;SD;Cine;No
Colombia;Pospago;Plata;525;HBO 2;SD;Cine;No
Colombia;Pospago;Plata;526;HBO Plus HD;SD;Cine;No
Colombia;Pospago;Plata;528;HBO Signature;SD;Cine;No
Colombia;Pospago;Plata;534;HBO Family;SD;Cine;No
Colombia;Pospago;Plata;540;HBO Mundi;SD;Cine;No
Colombia;Pospago;Plata;541;HBO Pop;SD;Cine;No
Colombia;Pospago;Plata;542;HBO Xtreme;SD;Cine;No
Colombia;Pospago;Plata;571;Universal Premiere Este;SD;PPV;No
Colombia;Pospago;Plata;572;Universal Cinema;SD;PPV;No
Colombia;Pospago;Plata;573;Universal Comedy;SD;PPV;No
Colombia;Pospago;Plata;574;Universal Crime Este;SD;PPV;No
Colombia;Pospago;Plata;575;Universal Reality;SD;PPV;No
Colombia;Pospago;Plata;576;Universal Premiere Oeste;SD;PPV;No
Colombia;Pospago;Plata;577;Universal Cinema Oeste;SD;PPV;No
Colombia;Pospago;Plata;610;DSports;SD;Deportes;Si
Colombia;Pospago;Plata;612;DSports 2;SD;Deportes;Si
Colombia;Pospago;Plata;613;DSports+;SD;Deportes;Si
Colombia;Pospago;Plata;621;ESPN;SD;Deportes;Si
Colombia;Pospago;Plata;622;ESPN 2;SD;Deportes;Si
Colombia;Pospago;Plata;623;ESPN 3;SD;Deportes;Si
Colombia;Pospago;Plata;625;ESPN 5;SD;Deportes;Si
Colombia;Pospago;Plata;626;ESPN 6;SD;Deportes;Si
Colombia;Pospago;Plata;627;ESPN 7;SD;Deportes;Si
Colombia;Pospago;Plata;628;Golf Channel Latinoamérica;SD;Deportes;No
Colombia;Pospago;Plata;629;TyC Sports Internacional;SD;Deportes;No
Colombia;Pospago;Plata;631;DSports Radio;Radio;Radio;No
Colombia;Pospago;Plata;633;Win Sports;SD;Deportes;Si
Colombia;Pospago;Plata;634;Win Sports Mas;SD;PPV;No
Colombia;Pospago;Plata;700;DNews;SD;Mundo;Si
Colombia;Pospago;Plata;704;CNN en Español;SD;Mundo;Si
Colombia;Pospago;Plata;706;CNN International;SD;Mundo;No
Colombia;Pospago;Plata;707;CNN Chile;SD;Mundo;No
Colombia;Pospago;Plata;708;TVN 24 HORAS;SD;Mundo;No
Colombia;Pospago;Plata;710;Bloomberg;SD;Mundo;No
Colombia;Pospago;Plata;716;Todo Noticias (TN);SD;Mundo;Si
Colombia;Pospago;Plata;720;Canal 26;SD;Mundo;Si
Colombia;Pospago;Plata;726;Canal Rural;SD;Mundo;Si
Colombia;Pospago;Plata;730;National Geographic;SD;Mundo;Si
Colombia;Pospago;Plata;732;Discovery Channel;SD;Mundo;Si
Colombia;Pospago;Plata;734;Animal Planet;SD;Mundo;Si
Colombia;Pospago;Plata;736;Discovery Turbo;SD;Mundo;No
Colombia;Pospago;Plata;740;Discovery Travel & Living Channel (TLC);SD;Mundo;Si
Colombia;Pospago;Plata;742;History Channel;SD;Mundo;Si
Colombia;Pospago;Plata;744;History 2;SD;Mundo;Si
Colombia;Pospago;Plata;760;Univision;SD;Mundo;No
Colombia;Pospago;Plata;762;Antena 3 Internacional;SD;Mundo;Si
Colombia;Pospago;Plata;764;France 24 Español;SD;Mundo;Si
Colombia;Pospago;Plata;766;Rai Italia;SD;Mundo;No
Colombia;Pospago;Plata;768;BBC WORLD;SD;Mundo;No
Colombia;Pospago;Plata;770;Deutsche Welle (DW) Español;SD;Mundo;No
Colombia;Pospago;Plata;772;Caracol Internacional;SD;Mundo;No
Colombia;Pospago;Plata;774;TV Chile Internacional;SD;Mundo;Si
Colombia;Pospago;Plata;776;TV Globo;SD;Mundo;No
Colombia;Pospago;Plata;778;RTP;SD;Mundo;No
Colombia;Pospago;Plata;780;ZEE TV;SD;Mundo;No
Colombia;Pospago;Plata;782;NHK World;SD;Mundo;No
Colombia;Pospago;Plata;784;El Trece;SD;Mundo;Si
Colombia;Pospago;Plata;786;Telefe;SD;Mundo;Si
Colombia;Pospago;Plata;790;CGTN;SD;Mundo;Si
Colombia;Pospago;Plata;980;Unión Radio Noticias;Radio;Radio;Si
Colombia;Pospago;Plata;982;Radio Caracol;Radio;Radio;Si
Colombia;Pospago;Plata;984;Radio France Internacional;Radio;Radio;Si
Colombia;Pospago;Plata;985;Fiesta 106.5;Radio;Radio;No
Colombia;Pospago;Plata;991;La FM Plus;Radio;Radio;Si
Colombia;Pospago;Plata;992;Alerta Bogota;Radio;Radio;Si
Colombia;Pospago;Plata;993;La W Radio;Radio;Radio;Si
Colombia;Pospago;Plata;1127;DShow;HD;Variedades;Si
Colombia;Pospago;Plata;1130;RCN HD;HD;Nacional;No
Colombia;Pospago;Plata;1132;Caracol TV HD;HD;Nacional;No
Colombia;Pospago;Plata;1136;Canal UNO;HD;Nacional;No
Colombia;Pospago;Plata;1137;Señal Colombia HD;HD;Nacional;No
Colombia;Pospago;Plata;1138;Señal Institucional HD;HD;Nacional;No
Colombia;Pospago;Plata;1140;Teleantioquia HD;HD;Nacional;No
Colombia;Pospago;Plata;1141;Telepacifico;HD;Nacional;No
Colombia;Pospago;Plata;1142;Telecaribe HD;HD;Nacional;No
Colombia;Pospago;Plata;1147;Cable Noticias HD;HD;Local;No
Colombia;Pospago;Plata;1204;Star Channel HD;HD;Variedades;No
Colombia;Pospago;Plata;1206;Warner Channel HD;HD;Variedades;No
Colombia;Pospago;Plata;1207;A&E HD;HD;Variedades;No
Colombia;Pospago;Plata;1208;Sony HD;HD;Variedades;No
Colombia;Pospago;Plata;1209;AXN HD;HD;Variedades;No
Colombia;Pospago;Plata;1210;AMC HD;HD;Variedades;No
Colombia;Pospago;Plata;1213;TNT Series HD;HD;Variedades;No
Colombia;Pospago;Plata;1214;Atres Series HD;HD;Variedades;No
Colombia;Pospago;Plata;1215;Comedy Central HD;HD;Variedades;No
Colombia;Pospago;Plata;1217;FX HD;HD;Variedades;No
Colombia;Pospago;Plata;1218;Universal TV HD;HD;Variedades;No
Colombia;Pospago;Plata;1219;USA Network HD;HD;Variedades;No
Colombia;Pospago;Plata;1221;Hola TV HD;HD;Variedades;No
Colombia;Pospago;Plata;1222;E! Entertainment HD;HD;Variedades;No
Colombia;Pospago;Plata;1223;Investigation Discovery (ID) HD;HD;Variedades;No
Colombia;Pospago;Plata;1228;Lifetime HD;HD;Variedades;No
Colombia;Pospago;Plata;1229;Discovery Home & Health HD;HD;Variedades;No
Colombia;Pospago;Plata;1231;Alacocina TV;HD;Variedades;Si
Colombia;Pospago;Plata;1232;El Gourmet HD;HD;Variedades;No
Colombia;Pospago;Plata;1233;Food Network;HD;Variedades;No
Colombia;Pospago;Plata;1234;HGTV HD;HD;Variedades;No
Colombia;Pospago;Plata;1236;VePlus HD;HD;Variedades;No
Colombia;Pospago;Plata;1264;MTV HD;HD;Variedades;No
Colombia;Pospago;Plata;1265;Music Top;HD;Variedades;No
Colombia;Pospago;Plata;1266;Tierra Mía HD;HD;Variedades;No
Colombia;Pospago;Plata;1270;Latina TV;HD;Variedades;Si
Colombia;Pospago;Plata;1273;INTI Network HD;HD;Variedades;No
Colombia;Pospago;Plata;1304;Cartoon Network HD;HD;Infantil;No
Colombia;Pospago;Plata;1308;Nick HD;HD;Infantil;No
Colombia;Pospago;Plata;1309;Nick Jr. HD;HD;Infantil;No
Colombia;Pospago;Plata;1312;Disney Channel HD;HD;Infantil;No
Colombia;Pospago;Plata;1315;Disney Junior HD;HD;Infantil;No
Colombia;Pospago;Plata;1317;BabyTV;SD;Infantil;No
Colombia;Pospago;Plata;1318;Plim Plim;HD;Infantil;No
Colombia;Pospago;Plata;1319;El Reino Infantil;HD;Infantil;No
Colombia;Pospago;Plata;1330;Discovery Kids HD;HD;Infantil;No
Colombia;Pospago;Plata;1502;TNT HD;HD;Cine;No
Colombia;Pospago;Plata;1503;Golden HD;HD;Cine;No
Colombia;Pospago;Plata;1506;Sony Movies;HD;Cine;No
Colombia;Pospago;Plata;1507;Cine HD;HD;Cine;No
Colombia;Pospago;Plata;1508;Studio Universal HD;HD;Cine;No
Colombia;Pospago;Plata;1509;Cinemax HD;HD;Cine;No
Colombia;Pospago;Plata;1510;Mórbido TV;HD;Cine;No
Colombia;Pospago;Plata;1513;DHE HD;HD;Cine;No
Colombia;Pospago;Plata;1518;Space HD;HD;Cine;No
Colombia;Pospago;Plata;1524;HBO HD;HD;Cine;No
Colombia;Pospago;Plata;1525;HBO 2 HD;HD;Cine;No
Colombia;Pospago;Plata;1528;HBO Signature HD;HD;Cine;No
Colombia;Pospago;Plata;1532;HBO Plus HD;HD;Cine;No
Colombia;Pospago;Plata;1534;HBO Family HD;HD;Cine;No
Colombia;Pospago;Plata;1542;HBO Xtreme HD;HD;Cine;No
Colombia;Pospago;Plata;1571;Universal Premiere Este;HD;PPV;No
Colombia;Pospago;Plata;1572;Universal Cinema;HD;PPV;No
Colombia;Pospago;Plata;1573;Universal Comedy;HD;PPV;No
Colombia;Pospago;Plata;1574;Universal Crime Este;HD;PPV;No
Colombia;Pospago;Plata;1575;Universal Reality;HD;PPV;No
Colombia;Pospago;Plata;1576;Universal Premiere Oeste;HD;PPV;No
Colombia;Pospago;Plata;1577;Universal Cinema Oeste;HD;PPV;No
Colombia;Pospago;Plata;1610;DSports HD;HD;Deportes;No
Colombia;Pospago;Plata;1612;DSports 2 HD;HD;Deportes;No
Colombia;Pospago;Plata;1613;DSports+ HD;HD;Deportes;No
Colombia;Pospago;Plata;1621;ESPN HD;HD;Deportes;No
Colombia;Pospago;Plata;1622;ESPN 2 HD;HD;Deportes;No
Colombia;Pospago;Plata;1623;ESPN 3 HD;HD;Deportes;No
Colombia;Pospago;Plata;1624;ESPN 4 HD;HD;Deportes;No
Colombia;Pospago;Plata;1625;ESPN 5 HD;HD;Deportes;No
Colombia;Pospago;Plata;1626;ESPN 6 HD;HD;Deportes;No
Colombia;Pospago;Plata;1627;ESPN 7 HD;HD;Deportes;No
Colombia;Pospago;Plata;1628;Golf Channel HD;HD;Deportes;No
Colombia;Pospago;Plata;1631;DSports Show;HD;Deportes;No
Colombia;Pospago;Plata;1633;Win Sports HD;HD;Deportes;No
Colombia;Pospago;Plata;1634;Win Sports Mas;HD;Deportes;No
Colombia;Pospago;Plata;1636;One Baseball Network;HD;PPV;No
Colombia;Pospago;Plata;1639;PX Sports;HD;Deportes;No
Colombia;Pospago;Plata;1700;DNews HD;HD;Mundo;No
Colombia;Pospago;Plata;1730;National Geographic HD;HD;Mundo;No
Colombia;Pospago;Plata;1731;Discovery Theater HD;HD;Mundo;No
Colombia;Pospago;Plata;1732;Discovery Channel HD;HD;Mundo;No
Colombia;Pospago;Plata;1734;Animal Planet HD;HD;Mundo;No
Colombia;Pospago;Plata;1738;Discovery World HD;HD;Mundo;No
Colombia;Pospago;Plata;1740;Discovery Travel & Living Channel (TLC) HD;HD;Mundo;No
Colombia;Pospago;Plata;1742;History Channel HD;HD;Mundo;No
Colombia;Pospago;Plata;1744;History 2 HD;HD;Mundo;No
Colombia;Pospago;Plata;1750;Encuentro Internacional HD;HD;Variedades;No
Colombia;Pospago;Plata;1762;Antena 3 Internacional HD;HD;Mundo;No
Colombia;Pospago;Plata;1764;France 24 Español;HD;Mundo;Si
Colombia;Pospago;Plata;4000;Directv 4K;4K;4K;No
Colombia;Pospago;Plata Star;117;TV Familia;SD;Religioso;Si
Colombia;Pospago;Plata Star;127;DShow;SD;Variedades;No
Colombia;Pospago;Plata Star;129;Directv Place;SD;Variedades;No
Colombia;Pospago;Plata Star;130;RCN;SD;Nacional;Si
Colombia;Pospago;Plata Star;132;Caracol Internacional;SD;Nacional;Si
Colombia;Pospago;Plata Star;133;City TV;SD;Nacional;Si
Colombia;Pospago;Plata Star;134;Caracol Internacional;SD;Nacional;Si
Colombia;Pospago;Plata Star;135;RCN Nuestra Tele;SD;Nacional;Si
Colombia;Pospago;Plata Star;136;Canal UNO;SD;Nacional;Si
Colombia;Pospago;Plata Star;137;Señal Colombia;SD;Nacional;Si
Colombia;Pospago;Plata Star;138;Señal Institucional;SD;Nacional;Si
Colombia;Pospago;Plata Star;139;Canal Congreso;SD;Nacional;Si
Colombia;Pospago;Plata Star;140;Teleantioquia;SD;Nacional;Si
Colombia;Pospago;Plata Star;141;Telepacifico;SD;Nacional;Si
Colombia;Pospago;Plata Star;142;Telecaribe;SD;Nacional;Si
Colombia;Pospago;Plata Star;143;Canal Capital;SD;Nacional;Si
Colombia;Pospago;Plata Star;144;Telecafé;SD;Nacional;Si
Colombia;Pospago;Plata Star;145;NTN 24 NOTICIAS;SD;Nacional;Si
Colombia;Pospago;Plata Star;146;El Tiempo TV;SD;Nacional;Si
Colombia;Pospago;Plata Star;147;Cable Noticias;SD;Nacional;Si
Colombia;Pospago;Plata Star;148;TRO;SD;Nacional;Si
Colombia;Pospago;Plata Star;149;Trece;SD;Nacional;Si
Colombia;Pospago;Plata Star;150;Teleislas;SD;Nacional;Si
Colombia;Pospago;Plata Star;151;Telemedellin;SD;Nacional;Si
Colombia;Pospago;Plata Star;152;TV Agro;SD;Local;Si
Colombia;Pospago;Plata Star;202;Star Channel;SD;Variedades;Si
Colombia;Pospago;Plata Star;204;Star Channel HD;HD;Cine;No
Colombia;Pospago;Plata Star;206;Warner Channel;SD;Variedades;Si
Colombia;Pospago;Plata Star;207;A&E;SD;Variedades;Si
Colombia;Pospago;Plata Star;208;Sony;SD;Variedades;Si
Colombia;Pospago;Plata Star;209;AXN;SD;Variedades;Si
Colombia;Pospago;Plata Star;210;AMC;SD;Variedades;Si
Colombia;Pospago;Plata Star;213;TNT Series;SD;Variedades;No
Colombia;Pospago;Plata Star;214;Atres Series;SD;Variedades;Si
Colombia;Pospago;Plata Star;215;Comedy Central;SD;Variedades;Si
Colombia;Pospago;Plata Star;216;TNT Novelas;SD;Variedades;Si
Colombia;Pospago;Plata Star;217;FX;SD;Variedades;Si
Colombia;Pospago;Plata Star;218;Universal TV;SD;Variedades;Si
Colombia;Pospago;Plata Star;219;USA Network;SD;Variedades;No
Colombia;Pospago;Plata Star;220;Adult Swim;SD;Variedades;No
Colombia;Pospago;Plata Star;221;¡Hola! TV;SD;Variedades;Si
Colombia;Pospago;Plata Star;222;E! Entertainment;SD;Variedades;Si
Colombia;Pospago;Plata Star;223;Investigation Discovery (ID);SD;Variedades;Si
Colombia;Pospago;Plata Star;226;El Canal de las Estrellas;SD;Variedades;Si
Colombia;Pospago;Plata Star;227;TLnovelas;SD;Variedades;Si
Colombia;Pospago;Plata Star;228;Lifetime;SD;Variedades;Si
Colombia;Pospago;Plata Star;229;Discovery Home & Health;SD;Variedades;Si
Colombia;Pospago;Plata Star;230;Más Chic;SD;Variedades;Si
Colombia;Pospago;Plata Star;231;Telemundo;SD;Variedades;Si
Colombia;Pospago;Plata Star;232;El Gourmet;SD;Variedades;Si
Colombia;Pospago;Plata Star;233;Food Network;SD;Variedades;Si
Colombia;Pospago;Plata Star;264;MTV;SD;Variedades;Si
Colombia;Pospago;Plata Star;269;Quiero Música en Mi Idioma (QMusic);SD;Variedades;Si
Colombia;Pospago;Plata Star;270;Mi Gente 3.0;SD;Variedades;No
Colombia;Pospago;Plata Star;304;Cartoon Network;SD;Infantil;Si
Colombia;Pospago;Plata Star;308;Nickelodeon;SD;Infantil;Si
Colombia;Pospago;Plata Star;309;Nick Jr.;SD;Infantil;Si
Colombia;Pospago;Plata Star;310;TeenNick;SD;Infantil;No
Colombia;Pospago;Plata Star;312;Disney Channel HD;HD;Infantil;No
Colombia;Pospago;Plata Star;314;Disney Channel;SD;Infantil;Si
Colombia;Pospago;Plata Star;315;Disney Junior;SD;Infantil;Si
Colombia;Pospago;Plata Star;317;BabyTV;SD;Infantil;No
Colombia;Pospago;Plata Star;318;Plim Plim;SD;Infantil;No
Colombia;Pospago;Plata Star;319;El Reino Infantil;SD;Infantil;No
Colombia;Pospago;Plata Star;330;Discovery Kids;SD;Infantil;Si
Colombia;Pospago;Plata Star;334;Cartoonito;SD;Infantil;Si
Colombia;Pospago;Plata Star;350;EWTN;SD;Religioso;Si
Colombia;Pospago;Plata Star;351;Orbe 21;SD;Religioso;Si
Colombia;Pospago;Plata Star;352;Enlace;SD;Religioso;Si
Colombia;Pospago;Plata Star;353;Cristovisión;SD;Religioso;Si
Colombia;Pospago;Plata Star;358;DayStar;SD;Religioso;No
Colombia;Pospago;Plata Star;464;Playboy TV;SD;Adultos;No
Colombia;Pospago;Plata Star;468;Venus;SD;Adultos;No
Colombia;Pospago;Plata Star;469;XTSY;SD;Adultos;No
Colombia;Pospago;Plata Star;470;Hustler TV HD;SD;Adultos;No
Colombia;Pospago;Plata Star;502;TNT;SD;Cine;Si
Colombia;Pospago;Plata Star;503;Golden;SD;Cine;Si
Colombia;Pospago;Plata Star;506;Sony Movies;SD;Cine;No
Colombia;Pospago;Plata Star;507;Cinecanal;SD;Cine;Si
Colombia;Pospago;Plata Star;508;Studio Universal;SD;Cine;Si
Colombia;Pospago;Plata Star;509;Cinemax;SD;Cine;Si
Colombia;Pospago;Plata Star;510;Mórbido TV;SD;Cine;No
Colombia;Pospago;Plata Star;513;DHE;SD;Cine;No
Colombia;Pospago;Plata Star;516;De Película;SD;Cine;Si
Colombia;Pospago;Plata Star;517;Golden Edge;SD;Cine;No
Colombia;Pospago;Plata Star;518;Space;SD;Cine;Si
Colombia;Pospago;Plata Star;524;HBO;SD;Cine;No
Colombia;Pospago;Plata Star;525;HBO 2;SD;Cine;No
Colombia;Pospago;Plata Star;526;HBO Plus HD;SD;Cine;No
Colombia;Pospago;Plata Star;528;HBO Signature;SD;Cine;No
Colombia;Pospago;Plata Star;534;HBO Family;SD;Cine;No
Colombia;Pospago;Plata Star;540;HBO Mundi;SD;Cine;No
Colombia;Pospago;Plata Star;541;HBO Pop;SD;Cine;No
Colombia;Pospago;Plata Star;542;HBO Xtreme;SD;Cine;No
Colombia;Pospago;Plata Star;571;Universal Premiere Este;SD;PPV;No
Colombia;Pospago;Plata Star;572;Universal Cinema;SD;PPV;No
Colombia;Pospago;Plata Star;573;Universal Comedy;SD;PPV;No
Colombia;Pospago;Plata Star;574;Universal Crime Este;SD;PPV;No
Colombia;Pospago;Plata Star;575;Universal Reality;SD;PPV;No
Colombia;Pospago;Plata Star;576;Universal Premiere Oeste;SD;PPV;No
Colombia;Pospago;Plata Star;577;Universal Cinema Oeste;SD;PPV;No
Colombia;Pospago;Plata Star;610;DSports;SD;Deportes;Si
Colombia;Pospago;Plata Star;612;DSports 2;SD;Deportes;Si
Colombia;Pospago;Plata Star;613;DSports+;SD;Deportes;Si
Colombia;Pospago;Plata Star;621;ESPN;SD;Deportes;Si
Colombia;Pospago;Plata Star;622;ESPN 2;SD;Deportes;Si
Colombia;Pospago;Plata Star;623;ESPN 3;SD;Deportes;Si
Colombia;Pospago;Plata Star;625;ESPN 5;SD;Deportes;No
Colombia;Pospago;Plata Star;626;ESPN 6;SD;Deportes;Si
Colombia;Pospago;Plata Star;627;ESPN 7;SD;Deportes;Si
Colombia;Pospago;Plata Star;628;Golf Channel Latinoamérica;SD;Deportes;No
Colombia;Pospago;Plata Star;629;TyC Sports Internacional;SD;Deportes;No
Colombia;Pospago;Plata Star;631;DSports Radio;Radio;Radio;No
Colombia;Pospago;Plata Star;633;Win Sports;SD;Deportes;Si
Colombia;Pospago;Plata Star;634;Win Sports Mas;SD;PPV;No
Colombia;Pospago;Plata Star;700;DNews;SD;Mundo;Si
Colombia;Pospago;Plata Star;704;CNN en Español;SD;Mundo;Si
Colombia;Pospago;Plata Star;706;CNN International;SD;Mundo;No
Colombia;Pospago;Plata Star;707;CNN Chile;SD;Mundo;No
Colombia;Pospago;Plata Star;708;TVN 24 HORAS;SD;Mundo;No
Colombia;Pospago;Plata Star;710;Bloomberg;SD;Mundo;No
Colombia;Pospago;Plata Star;716;Todo Noticias (TN);SD;Mundo;Si
Colombia;Pospago;Plata Star;720;Canal 26;SD;Mundo;Si
Colombia;Pospago;Plata Star;726;Canal Rural;SD;Mundo;Si
Colombia;Pospago;Plata Star;730;National Geographic;SD;Mundo;Si
Colombia;Pospago;Plata Star;732;Discovery Channel;SD;Mundo;Si
Colombia;Pospago;Plata Star;734;Animal Planet;SD;Mundo;Si
Colombia;Pospago;Plata Star;736;Discovery Turbo;SD;Mundo;No
Colombia;Pospago;Plata Star;740;Discovery Travel & Living Channel (TLC);SD;Mundo;Si
Colombia;Pospago;Plata Star;742;History Channel;SD;Mundo;Si
Colombia;Pospago;Plata Star;744;History 2;SD;Mundo;Si
Colombia;Pospago;Plata Star;760;Univision;SD;Mundo;No
Colombia;Pospago;Plata Star;762;Antena 3 Internacional;SD;Mundo;Si
Colombia;Pospago;Plata Star;764;France 24 Español;SD;Mundo;No
Colombia;Pospago;Plata Star;766;Rai Italia;SD;Mundo;No
Colombia;Pospago;Plata Star;768;BBC WORLD;SD;Mundo;No
Colombia;Pospago;Plata Star;770;Deutsche Welle (DW) Español;SD;Mundo;No
Colombia;Pospago;Plata Star;772;Caracol Internacional;SD;Mundo;No
Colombia;Pospago;Plata Star;774;TV Chile Internacional;SD;Mundo;Si
Colombia;Pospago;Plata Star;776;TV Globo;SD;Mundo;No
Colombia;Pospago;Plata Star;778;RTP;SD;Mundo;No
Colombia;Pospago;Plata Star;780;ZEE TV;SD;Mundo;No
Colombia;Pospago;Plata Star;782;NHK World;SD;Mundo;No
Colombia;Pospago;Plata Star;784;El Trece;SD;Mundo;Si
Colombia;Pospago;Plata Star;786;Telefe;SD;Mundo;Si
Colombia;Pospago;Plata Star;790;CGTN;SD;Mundo;No
Colombia;Pospago;Plata Star;980;Unión Radio Noticias;Radio;Radio;Si
Colombia;Pospago;Plata Star;982;Radio Caracol;Radio;Radio;Si
Colombia;Pospago;Plata Star;984;Radio France Internacional;Radio;Radio;Si
Colombia;Pospago;Plata Star;985;Fiesta 106.5;Radio;Radio;No
Colombia;Pospago;Plata Star;991;La FM Plus;Radio;Radio;Si
Colombia;Pospago;Plata Star;992;Alerta Bogota;Radio;Radio;Si
Colombia;Pospago;Plata Star;993;La W Radio;Radio;Radio;Si
Colombia;Pospago;Plata Star;1127;DShow;HD;Variedades;No
Colombia;Pospago;Plata Star;1130;RCN HD;HD;Nacional;Si
Colombia;Pospago;Plata Star;1132;Caracol TV HD;HD;Nacional;Si
Colombia;Pospago;Plata Star;1136;Canal UNO;HD;Nacional;Si
Colombia;Pospago;Plata Star;1137;Señal Colombia HD;HD;Nacional;Si
Colombia;Pospago;Plata Star;1138;Señal Institucional HD;HD;Nacional;Si
Colombia;Pospago;Plata Star;1140;Teleantioquia HD;HD;Nacional;Si
Colombia;Pospago;Plata Star;1141;Telepacifico;HD;Nacional;Si
Colombia;Pospago;Plata Star;1142;Telecaribe HD;HD;Nacional;Si
Colombia;Pospago;Plata Star;1147;Cable Noticias HD;HD;Local;Si
Colombia;Pospago;Plata Star;1204;Star Channel HD;HD;Variedades;Si
Colombia;Pospago;Plata Star;1206;Warner Channel HD;HD;Variedades;Si
Colombia;Pospago;Plata Star;1207;A&E HD;HD;Variedades;Si
Colombia;Pospago;Plata Star;1208;Sony HD;HD;Variedades;Si
Colombia;Pospago;Plata Star;1209;AXN HD;HD;Variedades;Si
Colombia;Pospago;Plata Star;1210;AMC HD;HD;Variedades;Si
Colombia;Pospago;Plata Star;1213;TNT Series HD;HD;Variedades;No
Colombia;Pospago;Plata Star;1214;Atres Series HD;HD;Variedades;Si
Colombia;Pospago;Plata Star;1215;Comedy Central HD;HD;Variedades;Si
Colombia;Pospago;Plata Star;1217;FX HD;HD;Variedades;Si
Colombia;Pospago;Plata Star;1218;Universal TV HD;HD;Variedades;Si
Colombia;Pospago;Plata Star;1219;USA Network HD;HD;Variedades;No
Colombia;Pospago;Plata Star;1221;Hola TV HD;HD;Variedades;Si
Colombia;Pospago;Plata Star;1222;E! Entertainment HD;HD;Variedades;Si
Colombia;Pospago;Plata Star;1223;Investigation Discovery (ID) HD;HD;Variedades;Si
Colombia;Pospago;Plata Star;1228;Lifetime HD;HD;Variedades;Si
Colombia;Pospago;Plata Star;1229;Discovery Home & Health HD;HD;Variedades;Si
Colombia;Pospago;Plata Star;1231;Alacocina TV;HD;Variedades;Si
Colombia;Pospago;Plata Star;1232;El Gourmet HD;HD;Variedades;No
Colombia;Pospago;Plata Star;1233;Food Network;HD;Variedades;Si
Colombia;Pospago;Plata Star;1234;HGTV HD;HD;Variedades;No
Colombia;Pospago;Plata Star;1236;VePlus HD;HD;Variedades;Si
Colombia;Pospago;Plata Star;1264;MTV HD;HD;Variedades;Si
Colombia;Pospago;Plata Star;1265;Music Top;HD;Variedades;Si
Colombia;Pospago;Plata Star;1266;Tierra Mía HD;HD;Variedades;Si
Colombia;Pospago;Plata Star;1270;Latina TV;HD;Variedades;Si
Colombia;Pospago;Plata Star;1273;INTI Network HD;HD;Variedades;No
Colombia;Pospago;Plata Star;1304;Cartoon Network HD;HD;Infantil;Si
Colombia;Pospago;Plata Star;1308;Nick HD;HD;Infantil;Si
Colombia;Pospago;Plata Star;1309;Nick Jr. HD;HD;Infantil;No
Colombia;Pospago;Plata Star;1312;Disney Channel HD;HD;Infantil;Si
Colombia;Pospago;Plata Star;1315;Disney Junior HD;HD;Infantil;Si
Colombia;Pospago;Plata Star;1317;BabyTV;SD;Infantil;Si
Colombia;Pospago;Plata Star;1318;Plim Plim;HD;Infantil;No
Colombia;Pospago;Plata Star;1319;El Reino Infantil;HD;Infantil;No
Colombia;Pospago;Plata Star;1330;Discovery Kids HD;HD;Infantil;Si
Colombia;Pospago;Plata Star;1502;TNT HD;HD;Cine;Si
Colombia;Pospago;Plata Star;1503;Golden HD;HD;Cine;Si
Colombia;Pospago;Plata Star;1506;Sony Movies;HD;Cine;No
Colombia;Pospago;Plata Star;1507;Cine HD;HD;Cine;Si
Colombia;Pospago;Plata Star;1508;Studio Universal HD;HD;Cine;Si
Colombia;Pospago;Plata Star;1509;Cinemax HD;HD;Cine;Si
Colombia;Pospago;Plata Star;1510;Mórbido TV;HD;Cine;No
Colombia;Pospago;Plata Star;1513;DHE HD;HD;Cine;No
Colombia;Pospago;Plata Star;1518;Space HD;HD;Cine;Si
Colombia;Pospago;Plata Star;1524;HBO HD;HD;Cine;No
Colombia;Pospago;Plata Star;1525;HBO 2 HD;HD;Cine;No
Colombia;Pospago;Plata Star;1528;HBO Signature HD;HD;Cine;No
Colombia;Pospago;Plata Star;1532;HBO Plus HD;HD;Cine;No
Colombia;Pospago;Plata Star;1534;HBO Family HD;HD;Cine;No
Colombia;Pospago;Plata Star;1542;HBO Xtreme HD;HD;Cine;No
Colombia;Pospago;Plata Star;1571;Universal Premiere Este;HD;PPV;No
Colombia;Pospago;Plata Star;1572;Universal Cinema;HD;PPV;No
Colombia;Pospago;Plata Star;1573;Universal Comedy;HD;PPV;No
Colombia;Pospago;Plata Star;1574;Universal Crime Este;HD;PPV;No
Colombia;Pospago;Plata Star;1575;Universal Reality;HD;PPV;No
Colombia;Pospago;Plata Star;1576;Universal Premiere Oeste;HD;PPV;No
Colombia;Pospago;Plata Star;1577;Universal Cinema Oeste;HD;PPV;No
Colombia;Pospago;Plata Star;1610;DSports HD;HD;Deportes;Si
Colombia;Pospago;Plata Star;1612;DSports 2 HD;HD;Deportes;Si
Colombia;Pospago;Plata Star;1613;DSports+ HD;HD;Deportes;Si
Colombia;Pospago;Plata Star;1621;ESPN HD;HD;Deportes;Si
Colombia;Pospago;Plata Star;1622;ESPN 2 HD;HD;Deportes;Si
Colombia;Pospago;Plata Star;1623;ESPN 3 HD;HD;Deportes;Si
Colombia;Pospago;Plata Star;1624;ESPN 4 HD;HD;Deportes;No
Colombia;Pospago;Plata Star;1625;ESPN 5 HD;HD;Deportes;No
Colombia;Pospago;Plata Star;1626;ESPN 6 HD;HD;Deportes;Si
Colombia;Pospago;Plata Star;1627;ESPN 7 HD;HD;Deportes;Si
Colombia;Pospago;Plata Star;1628;Golf Channel HD;HD;Deportes;No
Colombia;Pospago;Plata Star;1631;DSports Show;HD;Deportes;No
Colombia;Pospago;Plata Star;1633;Win Sports HD;HD;Deportes;Si
Colombia;Pospago;Plata Star;1634;Win Sports Mas;HD;Deportes;No
Colombia;Pospago;Plata Star;1636;One Baseball Network;HD;PPV;No
Colombia;Pospago;Plata Star;1639;PX Sports;HD;Deportes;No
Colombia;Pospago;Plata Star;1700;DNews HD;HD;Mundo;No
Colombia;Pospago;Plata Star;1730;National Geographic HD;HD;Mundo;Si
Colombia;Pospago;Plata Star;1731;Discovery Theater HD;HD;Mundo;Si
Colombia;Pospago;Plata Star;1732;Discovery Channel HD;HD;Mundo;Si
Colombia;Pospago;Plata Star;1734;Animal Planet HD;HD;Mundo;Si
Colombia;Pospago;Plata Star;1738;Discovery World HD;HD;Mundo;No
Colombia;Pospago;Plata Star;1740;Discovery Travel & Living Channel (TLC) HD;HD;Mundo;Si
Colombia;Pospago;Plata Star;1742;History Channel HD;HD;Mundo;Si
Colombia;Pospago;Plata Star;1744;History 2 HD;HD;Mundo;Si
Colombia;Pospago;Plata Star;1750;Encuentro Internacional HD;HD;Variedades;No
Colombia;Pospago;Plata Star;1762;Antena 3 Internacional HD;HD;Mundo;Si
Colombia;Pospago;Plata Star;1764;France 24 Español;HD;Mundo;No
Colombia;Pospago;Plata Star;4000;Directv 4K;4K;4K;No
Colombia;Pospago;Oro;117;TV Familia;SD;Religioso;Si
Colombia;Pospago;Oro;127;DShow;SD;Variedades;Si
Colombia;Pospago;Oro;129;Directv Place;SD;Variedades;No
Colombia;Pospago;Oro;130;RCN;SD;Nacional;Si
Colombia;Pospago;Oro;132;Caracol Internacional;SD;Nacional;Si
Colombia;Pospago;Oro;133;City TV;SD;Nacional;Si
Colombia;Pospago;Oro;134;Caracol Internacional;SD;Nacional;Si
Colombia;Pospago;Oro;135;RCN Nuestra Tele;SD;Nacional;Si
Colombia;Pospago;Oro;136;Canal UNO;SD;Nacional;Si
Colombia;Pospago;Oro;137;Señal Colombia;SD;Nacional;Si
Colombia;Pospago;Oro;138;Señal Institucional;SD;Nacional;Si
Colombia;Pospago;Oro;139;Canal Congreso;SD;Nacional;Si
Colombia;Pospago;Oro;140;Teleantioquia;SD;Nacional;Si
Colombia;Pospago;Oro;141;Telepacifico;SD;Nacional;Si
Colombia;Pospago;Oro;142;Telecaribe;SD;Nacional;Si
Colombia;Pospago;Oro;143;Canal Capital;SD;Nacional;Si
Colombia;Pospago;Oro;144;Telecafé;SD;Nacional;Si
Colombia;Pospago;Oro;145;NTN 24 NOTICIAS;SD;Nacional;Si
Colombia;Pospago;Oro;146;El Tiempo TV;SD;Nacional;Si
Colombia;Pospago;Oro;147;Cable Noticias;SD;Nacional;Si
Colombia;Pospago;Oro;148;TRO;SD;Nacional;Si
Colombia;Pospago;Oro;149;Trece;SD;Nacional;Si
Colombia;Pospago;Oro;150;Teleislas;SD;Nacional;Si
Colombia;Pospago;Oro;151;Telemedellin;SD;Nacional;Si
Colombia;Pospago;Oro;152;TV Agro;SD;Local;Si
Colombia;Pospago;Oro;202;Star Channel;SD;Variedades;Si
Colombia;Pospago;Oro;204;Star Channel HD;HD;Cine;No
Colombia;Pospago;Oro;206;Warner Channel;SD;Variedades;Si
Colombia;Pospago;Oro;207;A&E;SD;Variedades;Si
Colombia;Pospago;Oro;208;Sony;SD;Variedades;Si
Colombia;Pospago;Oro;209;AXN;SD;Variedades;Si
Colombia;Pospago;Oro;210;AMC;SD;Variedades;Si
Colombia;Pospago;Oro;213;TNT Series;SD;Variedades;Si
Colombia;Pospago;Oro;214;Atres Series;SD;Variedades;Si
Colombia;Pospago;Oro;215;Comedy Central;SD;Variedades;Si
Colombia;Pospago;Oro;216;TNT Novelas;SD;Variedades;Si
Colombia;Pospago;Oro;217;FX;SD;Variedades;Si
Colombia;Pospago;Oro;218;Universal TV;SD;Variedades;Si
Colombia;Pospago;Oro;219;USA Network;SD;Variedades;Si
Colombia;Pospago;Oro;220;Adult Swim;SD;Variedades;Si
Colombia;Pospago;Oro;221;¡Hola! TV;SD;Variedades;Si
Colombia;Pospago;Oro;222;E! Entertainment;SD;Variedades;Si
Colombia;Pospago;Oro;223;Investigation Discovery (ID);SD;Variedades;Si
Colombia;Pospago;Oro;226;El Canal de las Estrellas;SD;Variedades;Si
Colombia;Pospago;Oro;227;TLnovelas;SD;Variedades;Si
Colombia;Pospago;Oro;228;Lifetime;SD;Variedades;Si
Colombia;Pospago;Oro;229;Discovery Home & Health;SD;Variedades;Si
Colombia;Pospago;Oro;230;Más Chic;SD;Variedades;Si
Colombia;Pospago;Oro;231;Telemundo;SD;Variedades;Si
Colombia;Pospago;Oro;232;El Gourmet;SD;Variedades;Si
Colombia;Pospago;Oro;233;Food Network;SD;Variedades;Si
Colombia;Pospago;Oro;264;MTV;SD;Variedades;Si
Colombia;Pospago;Oro;269;Quiero Música en Mi Idioma (QMusic);SD;Variedades;Si
Colombia;Pospago;Oro;270;Mi Gente 3.0;SD;Variedades;Si
Colombia;Pospago;Oro;304;Cartoon Network;SD;Infantil;Si
Colombia;Pospago;Oro;308;Nickelodeon;SD;Infantil;Si
Colombia;Pospago;Oro;309;Nick Jr.;SD;Infantil;Si
Colombia;Pospago;Oro;310;TeenNick;SD;Infantil;Si
Colombia;Pospago;Oro;312;Disney Channel HD;HD;Infantil;No
Colombia;Pospago;Oro;314;Disney Channel;SD;Infantil;Si
Colombia;Pospago;Oro;315;Disney Junior;SD;Infantil;Si
Colombia;Pospago;Oro;317;BabyTV;SD;Infantil;No
Colombia;Pospago;Oro;318;Plim Plim;SD;Infantil;No
Colombia;Pospago;Oro;319;El Reino Infantil;SD;Infantil;Si
Colombia;Pospago;Oro;330;Discovery Kids;SD;Infantil;Si
Colombia;Pospago;Oro;334;Cartoonito;SD;Infantil;Si
Colombia;Pospago;Oro;350;EWTN;SD;Religioso;Si
Colombia;Pospago;Oro;351;Orbe 21;SD;Religioso;Si
Colombia;Pospago;Oro;352;Enlace;SD;Religioso;Si
Colombia;Pospago;Oro;353;Cristovisión;SD;Religioso;Si
Colombia;Pospago;Oro;358;DayStar;SD;Religioso;No
Colombia;Pospago;Oro;464;Playboy TV;SD;Adultos;No
Colombia;Pospago;Oro;468;Venus;SD;Adultos;No
Colombia;Pospago;Oro;469;XTSY;SD;Adultos;No
Colombia;Pospago;Oro;470;Hustler TV HD;SD;Adultos;No
Colombia;Pospago;Oro;502;TNT;SD;Cine;Si
Colombia;Pospago;Oro;503;Golden;SD;Cine;Si
Colombia;Pospago;Oro;506;Sony Movies;SD;Cine;Si
Colombia;Pospago;Oro;507;Cinecanal;SD;Cine;Si
Colombia;Pospago;Oro;508;Studio Universal;SD;Cine;Si
Colombia;Pospago;Oro;509;Cinemax;SD;Cine;Si
Colombia;Pospago;Oro;510;Mórbido TV;SD;Cine;Si
Colombia;Pospago;Oro;513;DHE;SD;Cine;Si
Colombia;Pospago;Oro;516;De Película;SD;Cine;Si
Colombia;Pospago;Oro;517;Golden Edge;SD;Cine;Si
Colombia;Pospago;Oro;518;Space;SD;Cine;Si
Colombia;Pospago;Oro;524;HBO;SD;Cine;No
Colombia;Pospago;Oro;525;HBO 2;SD;Cine;No
Colombia;Pospago;Oro;526;HBO Plus HD;SD;Cine;No
Colombia;Pospago;Oro;528;HBO Signature;SD;Cine;No
Colombia;Pospago;Oro;534;HBO Family;SD;Cine;No
Colombia;Pospago;Oro;540;HBO Mundi;SD;Cine;No
Colombia;Pospago;Oro;541;HBO Pop;SD;Cine;No
Colombia;Pospago;Oro;542;HBO Xtreme;SD;Cine;No
Colombia;Pospago;Oro;571;Universal Premiere Este;SD;PPV;No
Colombia;Pospago;Oro;572;Universal Cinema;SD;PPV;No
Colombia;Pospago;Oro;573;Universal Comedy;SD;PPV;No
Colombia;Pospago;Oro;574;Universal Crime Este;SD;PPV;No
Colombia;Pospago;Oro;575;Universal Reality;SD;PPV;No
Colombia;Pospago;Oro;576;Universal Premiere Oeste;SD;PPV;No
Colombia;Pospago;Oro;577;Universal Cinema Oeste;SD;PPV;No
Colombia;Pospago;Oro;610;DSports;SD;Deportes;Si
Colombia;Pospago;Oro;612;DSports 2;SD;Deportes;Si
Colombia;Pospago;Oro;613;DSports+;SD;Deportes;Si
Colombia;Pospago;Oro;621;ESPN;SD;Deportes;Si
Colombia;Pospago;Oro;622;ESPN 2;SD;Deportes;Si
Colombia;Pospago;Oro;623;ESPN 3;SD;Deportes;Si
Colombia;Pospago;Oro;625;ESPN 5;SD;Deportes;Si
Colombia;Pospago;Oro;626;ESPN 6;SD;Deportes;Si
Colombia;Pospago;Oro;627;ESPN 7;SD;Deportes;Si
Colombia;Pospago;Oro;628;Golf Channel Latinoamérica;SD;Deportes;Si
Colombia;Pospago;Oro;629;TyC Sports Internacional;SD;Deportes;Si
Colombia;Pospago;Oro;631;DSports Radio;Radio;Radio;No
Colombia;Pospago;Oro;633;Win Sports;SD;Deportes;Si
Colombia;Pospago;Oro;634;Win Sports Mas;SD;PPV;No
Colombia;Pospago;Oro;700;DNews;SD;Mundo;Si
Colombia;Pospago;Oro;704;CNN en Español;SD;Mundo;Si
Colombia;Pospago;Oro;706;CNN International;SD;Mundo;Si
Colombia;Pospago;Oro;707;CNN Chile;SD;Mundo;Si
Colombia;Pospago;Oro;708;TVN 24 HORAS;SD;Mundo;Si
Colombia;Pospago;Oro;710;Bloomberg;SD;Mundo;Si
Colombia;Pospago;Oro;716;Todo Noticias (TN);SD;Mundo;Si
Colombia;Pospago;Oro;720;Canal 26;SD;Mundo;Si
Colombia;Pospago;Oro;726;Canal Rural;SD;Mundo;Si
Colombia;Pospago;Oro;730;National Geographic;SD;Mundo;Si
Colombia;Pospago;Oro;732;Discovery Channel;SD;Mundo;Si
Colombia;Pospago;Oro;734;Animal Planet;SD;Mundo;Si
Colombia;Pospago;Oro;736;Discovery Turbo;SD;Mundo;Si
Colombia;Pospago;Oro;740;Discovery Travel & Living Channel (TLC);SD;Mundo;Si
Colombia;Pospago;Oro;742;History Channel;SD;Mundo;Si
Colombia;Pospago;Oro;744;History 2;SD;Mundo;Si
Colombia;Pospago;Oro;760;Univision;SD;Mundo;Si
Colombia;Pospago;Oro;762;Antena 3 Internacional;SD;Mundo;Si
Colombia;Pospago;Oro;764;France 24 Español;SD;Mundo;Si
Colombia;Pospago;Oro;766;Rai Italia;SD;Mundo;Si
Colombia;Pospago;Oro;768;BBC WORLD;SD;Mundo;Si
Colombia;Pospago;Oro;770;Deutsche Welle (DW) Español;SD;Mundo;Si
Colombia;Pospago;Oro;772;Caracol Internacional;SD;Mundo;No
Colombia;Pospago;Oro;774;TV Chile Internacional;SD;Mundo;Si
Colombia;Pospago;Oro;776;TV Globo;SD;Mundo;No
Colombia;Pospago;Oro;778;RTP;SD;Mundo;Si
Colombia;Pospago;Oro;780;ZEE TV;SD;Mundo;No
Colombia;Pospago;Oro;782;NHK World;SD;Mundo;No
Colombia;Pospago;Oro;784;El Trece;SD;Mundo;Si
Colombia;Pospago;Oro;786;Telefe;SD;Mundo;Si
Colombia;Pospago;Oro;790;CGTN;SD;Mundo;Si
Colombia;Pospago;Oro;980;Unión Radio Noticias;Radio;Radio;Si
Colombia;Pospago;Oro;982;Radio Caracol;Radio;Radio;Si
Colombia;Pospago;Oro;984;Radio France Internacional;Radio;Radio;Si
Colombia;Pospago;Oro;985;Fiesta 106.5;Radio;Radio;No
Colombia;Pospago;Oro;991;La FM Plus;Radio;Radio;Si
Colombia;Pospago;Oro;992;Alerta Bogota;Radio;Radio;Si
Colombia;Pospago;Oro;993;La W Radio;Radio;Radio;Si
Colombia;Pospago;Oro;1127;DShow;HD;Variedades;Si
Colombia;Pospago;Oro;1130;RCN HD;HD;Nacional;No
Colombia;Pospago;Oro;1132;Caracol TV HD;HD;Nacional;No
Colombia;Pospago;Oro;1136;Canal UNO;HD;Nacional;No
Colombia;Pospago;Oro;1137;Señal Colombia HD;HD;Nacional;No
Colombia;Pospago;Oro;1138;Señal Institucional HD;HD;Nacional;No
Colombia;Pospago;Oro;1140;Teleantioquia HD;HD;Nacional;No
Colombia;Pospago;Oro;1141;Telepacifico;HD;Nacional;No
Colombia;Pospago;Oro;1142;Telecaribe HD;HD;Nacional;No
Colombia;Pospago;Oro;1147;Cable Noticias HD;HD;Local;No
Colombia;Pospago;Oro;1204;Star Channel HD;HD;Variedades;No
Colombia;Pospago;Oro;1206;Warner Channel HD;HD;Variedades;No
Colombia;Pospago;Oro;1207;A&E HD;HD;Variedades;No
Colombia;Pospago;Oro;1208;Sony HD;HD;Variedades;No
Colombia;Pospago;Oro;1209;AXN HD;HD;Variedades;No
Colombia;Pospago;Oro;1210;AMC HD;HD;Variedades;No
Colombia;Pospago;Oro;1213;TNT Series HD;HD;Variedades;No
Colombia;Pospago;Oro;1214;Atres Series HD;HD;Variedades;No
Colombia;Pospago;Oro;1215;Comedy Central HD;HD;Variedades;No
Colombia;Pospago;Oro;1217;FX HD;HD;Variedades;No
Colombia;Pospago;Oro;1218;Universal TV HD;HD;Variedades;No
Colombia;Pospago;Oro;1219;USA Network HD;HD;Variedades;No
Colombia;Pospago;Oro;1221;Hola TV HD;HD;Variedades;No
Colombia;Pospago;Oro;1222;E! Entertainment HD;HD;Variedades;No
Colombia;Pospago;Oro;1223;Investigation Discovery (ID) HD;HD;Variedades;No
Colombia;Pospago;Oro;1228;Lifetime HD;HD;Variedades;No
Colombia;Pospago;Oro;1229;Discovery Home & Health HD;HD;Variedades;No
Colombia;Pospago;Oro;1231;Alacocina TV;HD;Variedades;Si
Colombia;Pospago;Oro;1232;El Gourmet HD;HD;Variedades;No
Colombia;Pospago;Oro;1233;Food Network;HD;Variedades;No
Colombia;Pospago;Oro;1234;HGTV HD;HD;Variedades;No
Colombia;Pospago;Oro;1236;VePlus HD;HD;Variedades;No
Colombia;Pospago;Oro;1264;MTV HD;HD;Variedades;No
Colombia;Pospago;Oro;1265;Music Top;HD;Variedades;No
Colombia;Pospago;Oro;1266;Tierra Mía HD;HD;Variedades;No
Colombia;Pospago;Oro;1270;Latina TV;HD;Variedades;Si
Colombia;Pospago;Oro;1273;INTI Network HD;HD;Variedades;No
Colombia;Pospago;Oro;1304;Cartoon Network HD;HD;Infantil;No
Colombia;Pospago;Oro;1308;Nick HD;HD;Infantil;No
Colombia;Pospago;Oro;1309;Nick Jr. HD;HD;Infantil;No
Colombia;Pospago;Oro;1312;Disney Channel HD;HD;Infantil;No
Colombia;Pospago;Oro;1315;Disney Junior HD;HD;Infantil;No
Colombia;Pospago;Oro;1317;BabyTV;SD;Infantil;No
Colombia;Pospago;Oro;1318;Plim Plim;HD;Infantil;No
Colombia;Pospago;Oro;1319;El Reino Infantil;HD;Infantil;Si
Colombia;Pospago;Oro;1330;Discovery Kids HD;HD;Infantil;No
Colombia;Pospago;Oro;1502;TNT HD;HD;Cine;No
Colombia;Pospago;Oro;1503;Golden HD;HD;Cine;No
Colombia;Pospago;Oro;1506;Sony Movies;HD;Cine;No
Colombia;Pospago;Oro;1507;Cine HD;HD;Cine;No
Colombia;Pospago;Oro;1508;Studio Universal HD;HD;Cine;No
Colombia;Pospago;Oro;1509;Cinemax HD;HD;Cine;No
Colombia;Pospago;Oro;1510;Mórbido TV;HD;Cine;Si
Colombia;Pospago;Oro;1513;DHE HD;HD;Cine;No
Colombia;Pospago;Oro;1518;Space HD;HD;Cine;No
Colombia;Pospago;Oro;1524;HBO HD;HD;Cine;No
Colombia;Pospago;Oro;1525;HBO 2 HD;HD;Cine;No
Colombia;Pospago;Oro;1528;HBO Signature HD;HD;Cine;No
Colombia;Pospago;Oro;1532;HBO Plus HD;HD;Cine;No
Colombia;Pospago;Oro;1534;HBO Family HD;HD;Cine;No
Colombia;Pospago;Oro;1542;HBO Xtreme HD;HD;Cine;No
Colombia;Pospago;Oro;1571;Universal Premiere Este;HD;PPV;No
Colombia;Pospago;Oro;1572;Universal Cinema;HD;PPV;No
Colombia;Pospago;Oro;1573;Universal Comedy;HD;PPV;No
Colombia;Pospago;Oro;1574;Universal Crime Este;HD;PPV;No
Colombia;Pospago;Oro;1575;Universal Reality;HD;PPV;No
Colombia;Pospago;Oro;1576;Universal Premiere Oeste;HD;PPV;No
Colombia;Pospago;Oro;1577;Universal Cinema Oeste;HD;PPV;No
Colombia;Pospago;Oro;1610;DSports HD;HD;Deportes;No
Colombia;Pospago;Oro;1612;DSports 2 HD;HD;Deportes;No
Colombia;Pospago;Oro;1613;DSports+ HD;HD;Deportes;No
Colombia;Pospago;Oro;1621;ESPN HD;HD;Deportes;No
Colombia;Pospago;Oro;1622;ESPN 2 HD;HD;Deportes;No
Colombia;Pospago;Oro;1623;ESPN 3 HD;HD;Deportes;No
Colombia;Pospago;Oro;1624;ESPN 4 HD;HD;Deportes;No
Colombia;Pospago;Oro;1625;ESPN 5 HD;HD;Deportes;No
Colombia;Pospago;Oro;1626;ESPN 6 HD;HD;Deportes;Si
Colombia;Pospago;Oro;1627;ESPN 7 HD;HD;Deportes;Si
Colombia;Pospago;Oro;1628;Golf Channel HD;HD;Deportes;No
Colombia;Pospago;Oro;1631;DSports Show;HD;Deportes;No
Colombia;Pospago;Oro;1633;Win Sports HD;HD;Deportes;No
Colombia;Pospago;Oro;1634;Win Sports Mas;HD;Deportes;No
Colombia;Pospago;Oro;1636;One Baseball Network;HD;PPV;No
Colombia;Pospago;Oro;1639;PX Sports;HD;Deportes;No
Colombia;Pospago;Oro;1700;DNews HD;HD;Mundo;No
Colombia;Pospago;Oro;1730;National Geographic HD;HD;Mundo;No
Colombia;Pospago;Oro;1731;Discovery Theater HD;HD;Mundo;No
Colombia;Pospago;Oro;1732;Discovery Channel HD;HD;Mundo;No
Colombia;Pospago;Oro;1734;Animal Planet HD;HD;Mundo;No
Colombia;Pospago;Oro;1738;Discovery World HD;HD;Mundo;No
Colombia;Pospago;Oro;1740;Discovery Travel & Living Channel (TLC) HD;HD;Mundo;No
Colombia;Pospago;Oro;1742;History Channel HD;HD;Mundo;No
Colombia;Pospago;Oro;1744;History 2 HD;HD;Mundo;No
Colombia;Pospago;Oro;1750;Encuentro Internacional HD;HD;Variedades;No
Colombia;Pospago;Oro;1762;Antena 3 Internacional HD;HD;Mundo;No
Colombia;Pospago;Oro;1764;France 24 Español;HD;Mundo;Si
Colombia;Pospago;Oro;4000;Directv 4K;4K;4K;No
Colombia;Pospago;Oro HD;117;TV Familia;SD;Religioso;Si
Colombia;Pospago;Oro HD;127;DShow;SD;Variedades;Si
Colombia;Pospago;Oro HD;129;Directv Place;SD;Variedades;No
Colombia;Pospago;Oro HD;130;RCN;SD;Nacional;Si
Colombia;Pospago;Oro HD;132;Caracol Internacional;SD;Nacional;Si
Colombia;Pospago;Oro HD;133;City TV;SD;Nacional;Si
Colombia;Pospago;Oro HD;134;Caracol Internacional;SD;Nacional;Si
Colombia;Pospago;Oro HD;135;RCN Nuestra Tele;SD;Nacional;Si
Colombia;Pospago;Oro HD;136;Canal UNO;SD;Nacional;Si
Colombia;Pospago;Oro HD;137;Señal Colombia;SD;Nacional;Si
Colombia;Pospago;Oro HD;138;Señal Institucional;SD;Nacional;Si
Colombia;Pospago;Oro HD;139;Canal Congreso;SD;Nacional;Si
Colombia;Pospago;Oro HD;140;Teleantioquia;SD;Nacional;Si
Colombia;Pospago;Oro HD;141;Telepacifico;SD;Nacional;Si
Colombia;Pospago;Oro HD;142;Telecaribe;SD;Nacional;Si
Colombia;Pospago;Oro HD;143;Canal Capital;SD;Nacional;Si
Colombia;Pospago;Oro HD;144;Telecafé;SD;Nacional;Si
Colombia;Pospago;Oro HD;145;NTN 24 NOTICIAS;SD;Nacional;Si
Colombia;Pospago;Oro HD;146;El Tiempo TV;SD;Nacional;Si
Colombia;Pospago;Oro HD;147;Cable Noticias;SD;Nacional;Si
Colombia;Pospago;Oro HD;148;TRO;SD;Nacional;Si
Colombia;Pospago;Oro HD;149;Trece;SD;Nacional;Si
Colombia;Pospago;Oro HD;150;Teleislas;SD;Nacional;Si
Colombia;Pospago;Oro HD;151;Telemedellin;SD;Nacional;Si
Colombia;Pospago;Oro HD;152;TV Agro;SD;Local;Si
Colombia;Pospago;Oro HD;202;Star Channel;SD;Variedades;Si
Colombia;Pospago;Oro HD;204;Star Channel HD;HD;Cine;Si
Colombia;Pospago;Oro HD;206;Warner Channel;SD;Variedades;Si
Colombia;Pospago;Oro HD;207;A&E;SD;Variedades;Si
Colombia;Pospago;Oro HD;208;Sony;SD;Variedades;Si
Colombia;Pospago;Oro HD;209;AXN;SD;Variedades;Si
Colombia;Pospago;Oro HD;210;AMC;SD;Variedades;Si
Colombia;Pospago;Oro HD;213;TNT Series;SD;Variedades;Si
Colombia;Pospago;Oro HD;214;Atres Series;SD;Variedades;Si
Colombia;Pospago;Oro HD;215;Comedy Central;SD;Variedades;Si
Colombia;Pospago;Oro HD;216;TNT Novelas;SD;Variedades;Si
Colombia;Pospago;Oro HD;217;FX;SD;Variedades;Si
Colombia;Pospago;Oro HD;218;Universal TV;SD;Variedades;Si
Colombia;Pospago;Oro HD;219;USA Network;SD;Variedades;Si
Colombia;Pospago;Oro HD;220;Adult Swim;SD;Variedades;Si
Colombia;Pospago;Oro HD;221;¡Hola! TV;SD;Variedades;Si
Colombia;Pospago;Oro HD;222;E! Entertainment;SD;Variedades;Si
Colombia;Pospago;Oro HD;223;Investigation Discovery (ID);SD;Variedades;Si
Colombia;Pospago;Oro HD;226;El Canal de las Estrellas;SD;Variedades;Si
Colombia;Pospago;Oro HD;227;TLnovelas;SD;Variedades;Si
Colombia;Pospago;Oro HD;228;Lifetime;SD;Variedades;Si
Colombia;Pospago;Oro HD;229;Discovery Home & Health;SD;Variedades;Si
Colombia;Pospago;Oro HD;230;Más Chic;SD;Variedades;Si
Colombia;Pospago;Oro HD;231;Telemundo;SD;Variedades;Si
Colombia;Pospago;Oro HD;232;El Gourmet;SD;Variedades;Si
Colombia;Pospago;Oro HD;233;Food Network;SD;Variedades;Si
Colombia;Pospago;Oro HD;264;MTV;SD;Variedades;Si
Colombia;Pospago;Oro HD;269;Quiero Música en Mi Idioma (QMusic);SD;Variedades;Si
Colombia;Pospago;Oro HD;270;Mi Gente 3.0;SD;Variedades;Si
Colombia;Pospago;Oro HD;304;Cartoon Network;SD;Infantil;Si
Colombia;Pospago;Oro HD;308;Nickelodeon;SD;Infantil;Si
Colombia;Pospago;Oro HD;309;Nick Jr.;SD;Infantil;Si
Colombia;Pospago;Oro HD;310;TeenNick;SD;Infantil;Si
Colombia;Pospago;Oro HD;312;Disney Channel HD;HD;Infantil;Si
Colombia;Pospago;Oro HD;314;Disney Channel;SD;Infantil;Si
Colombia;Pospago;Oro HD;315;Disney Junior;SD;Infantil;Si
Colombia;Pospago;Oro HD;317;BabyTV;SD;Infantil;Si
Colombia;Pospago;Oro HD;318;Plim Plim;SD;Infantil;Si
Colombia;Pospago;Oro HD;319;El Reino Infantil;SD;Infantil;Si
Colombia;Pospago;Oro HD;330;Discovery Kids;SD;Infantil;Si
Colombia;Pospago;Oro HD;334;Cartoonito;SD;Infantil;Si
Colombia;Pospago;Oro HD;350;EWTN;SD;Religioso;Si
Colombia;Pospago;Oro HD;351;Orbe 21;SD;Religioso;Si
Colombia;Pospago;Oro HD;352;Enlace;SD;Religioso;Si
Colombia;Pospago;Oro HD;353;Cristovisión;SD;Religioso;Si
Colombia;Pospago;Oro HD;358;DayStar;SD;Religioso;Si
Colombia;Pospago;Oro HD;464;Playboy TV;SD;Adultos;No
Colombia;Pospago;Oro HD;468;Venus;SD;Adultos;No
Colombia;Pospago;Oro HD;469;XTSY;SD;Adultos;No
Colombia;Pospago;Oro HD;470;Hustler TV HD;SD;Adultos;No
Colombia;Pospago;Oro HD;502;TNT;SD;Cine;Si
Colombia;Pospago;Oro HD;503;Golden;SD;Cine;Si
Colombia;Pospago;Oro HD;506;Sony Movies;SD;Cine;Si
Colombia;Pospago;Oro HD;507;Cinecanal;SD;Cine;Si
Colombia;Pospago;Oro HD;508;Studio Universal;SD;Cine;Si
Colombia;Pospago;Oro HD;509;Cinemax;SD;Cine;Si
Colombia;Pospago;Oro HD;510;Mórbido TV;SD;Cine;Si
Colombia;Pospago;Oro HD;513;DHE;SD;Cine;Si
Colombia;Pospago;Oro HD;516;De Película;SD;Cine;Si
Colombia;Pospago;Oro HD;517;Golden Edge;SD;Cine;Si
Colombia;Pospago;Oro HD;518;Space;SD;Cine;Si
Colombia;Pospago;Oro HD;524;HBO;SD;Cine;No
Colombia;Pospago;Oro HD;525;HBO 2;SD;Cine;No
Colombia;Pospago;Oro HD;526;HBO Plus HD;SD;Cine;No
Colombia;Pospago;Oro HD;528;HBO Signature;SD;Cine;No
Colombia;Pospago;Oro HD;534;HBO Family;SD;Cine;No
Colombia;Pospago;Oro HD;540;HBO Mundi;SD;Cine;No
Colombia;Pospago;Oro HD;541;HBO Pop;SD;Cine;No
Colombia;Pospago;Oro HD;542;HBO Xtreme;SD;Cine;No
Colombia;Pospago;Oro HD;571;Universal Premiere Este;SD;PPV;No
Colombia;Pospago;Oro HD;572;Universal Cinema;SD;PPV;No
Colombia;Pospago;Oro HD;573;Universal Comedy;SD;PPV;No
Colombia;Pospago;Oro HD;574;Universal Crime Este;SD;PPV;No
Colombia;Pospago;Oro HD;575;Universal Reality;SD;PPV;No
Colombia;Pospago;Oro HD;576;Universal Premiere Oeste;SD;PPV;No
Colombia;Pospago;Oro HD;577;Universal Cinema Oeste;SD;PPV;No
Colombia;Pospago;Oro HD;610;DSports;SD;Deportes;Si
Colombia;Pospago;Oro HD;612;DSports 2;SD;Deportes;Si
Colombia;Pospago;Oro HD;613;DSports+;SD;Deportes;Si
Colombia;Pospago;Oro HD;621;ESPN;SD;Deportes;Si
Colombia;Pospago;Oro HD;622;ESPN 2;SD;Deportes;Si
Colombia;Pospago;Oro HD;623;ESPN 3;SD;Deportes;Si
Colombia;Pospago;Oro HD;625;ESPN 5;SD;Deportes;Si
Colombia;Pospago;Oro HD;626;ESPN 6;SD;Deportes;Si
Colombia;Pospago;Oro HD;627;ESPN 7;SD;Deportes;Si
Colombia;Pospago;Oro HD;628;Golf Channel Latinoamérica;SD;Deportes;Si
Colombia;Pospago;Oro HD;629;TyC Sports Internacional;SD;Deportes;Si
Colombia;Pospago;Oro HD;631;DSports Radio;Radio;Radio;Si
Colombia;Pospago;Oro HD;633;Win Sports;SD;Deportes;Si
Colombia;Pospago;Oro HD;634;Win Sports Mas;SD;PPV;No
Colombia;Pospago;Oro HD;700;DNews;SD;Mundo;Si
Colombia;Pospago;Oro HD;704;CNN en Español;SD;Mundo;Si
Colombia;Pospago;Oro HD;706;CNN International;SD;Mundo;Si
Colombia;Pospago;Oro HD;707;CNN Chile;SD;Mundo;Si
Colombia;Pospago;Oro HD;708;TVN 24 HORAS;SD;Mundo;Si
Colombia;Pospago;Oro HD;710;Bloomberg;SD;Mundo;Si
Colombia;Pospago;Oro HD;716;Todo Noticias (TN);SD;Mundo;Si
Colombia;Pospago;Oro HD;720;Canal 26;SD;Mundo;Si
Colombia;Pospago;Oro HD;726;Canal Rural;SD;Mundo;Si
Colombia;Pospago;Oro HD;730;National Geographic;SD;Mundo;Si
Colombia;Pospago;Oro HD;732;Discovery Channel;SD;Mundo;Si
Colombia;Pospago;Oro HD;734;Animal Planet;SD;Mundo;Si
Colombia;Pospago;Oro HD;736;Discovery Turbo;SD;Mundo;Si
Colombia;Pospago;Oro HD;740;Discovery Travel & Living Channel (TLC);SD;Mundo;Si
Colombia;Pospago;Oro HD;742;History Channel;SD;Mundo;Si
Colombia;Pospago;Oro HD;744;History 2;SD;Mundo;Si
Colombia;Pospago;Oro HD;760;Univision;SD;Mundo;Si
Colombia;Pospago;Oro HD;762;Antena 3 Internacional;SD;Mundo;Si
Colombia;Pospago;Oro HD;764;France 24 Español;SD;Mundo;Si
Colombia;Pospago;Oro HD;766;Rai Italia;SD;Mundo;Si
Colombia;Pospago;Oro HD;768;BBC WORLD;SD;Mundo;Si
Colombia;Pospago;Oro HD;770;Deutsche Welle (DW) Español;SD;Mundo;Si
Colombia;Pospago;Oro HD;772;Caracol Internacional;SD;Mundo;Si
Colombia;Pospago;Oro HD;774;TV Chile Internacional;SD;Mundo;Si
Colombia;Pospago;Oro HD;776;TV Globo;SD;Mundo;No
Colombia;Pospago;Oro HD;778;RTP;SD;Mundo;Si
Colombia;Pospago;Oro HD;780;ZEE TV;SD;Mundo;No
Colombia;Pospago;Oro HD;782;NHK World;SD;Mundo;No
Colombia;Pospago;Oro HD;784;El Trece;SD;Mundo;Si
Colombia;Pospago;Oro HD;786;Telefe;SD;Mundo;Si
Colombia;Pospago;Oro HD;790;CGTN;SD;Mundo;Si
Colombia;Pospago;Oro HD;980;Unión Radio Noticias;Radio;Radio;Si
Colombia;Pospago;Oro HD;982;Radio Caracol;Radio;Radio;Si
Colombia;Pospago;Oro HD;984;Radio France Internacional;Radio;Radio;Si
Colombia;Pospago;Oro HD;985;Fiesta 106.5;Radio;Radio;No
Colombia;Pospago;Oro HD;991;La FM Plus;Radio;Radio;Si
Colombia;Pospago;Oro HD;992;Alerta Bogota;Radio;Radio;Si
Colombia;Pospago;Oro HD;993;La W Radio;Radio;Radio;Si
Colombia;Pospago;Oro HD;1127;DShow;HD;Variedades;Si
Colombia;Pospago;Oro HD;1130;RCN HD;HD;Nacional;Si
Colombia;Pospago;Oro HD;1132;Caracol TV HD;HD;Nacional;Si
Colombia;Pospago;Oro HD;1136;Canal UNO;HD;Nacional;Si
Colombia;Pospago;Oro HD;1137;Señal Colombia HD;HD;Nacional;Si
Colombia;Pospago;Oro HD;1138;Señal Institucional HD;HD;Nacional;Si
Colombia;Pospago;Oro HD;1140;Teleantioquia HD;HD;Nacional;Si
Colombia;Pospago;Oro HD;1141;Telepacifico;HD;Nacional;Si
Colombia;Pospago;Oro HD;1142;Telecaribe HD;HD;Nacional;Si
Colombia;Pospago;Oro HD;1147;Cable Noticias HD;HD;Local;Si
Colombia;Pospago;Oro HD;1204;Star Channel HD;HD;Variedades;Si
Colombia;Pospago;Oro HD;1206;Warner Channel HD;HD;Variedades;Si
Colombia;Pospago;Oro HD;1207;A&E HD;HD;Variedades;Si
Colombia;Pospago;Oro HD;1208;Sony HD;HD;Variedades;Si
Colombia;Pospago;Oro HD;1209;AXN HD;HD;Variedades;Si
Colombia;Pospago;Oro HD;1210;AMC HD;HD;Variedades;Si
Colombia;Pospago;Oro HD;1213;TNT Series HD;HD;Variedades;Si
Colombia;Pospago;Oro HD;1214;Atres Series HD;HD;Variedades;Si
Colombia;Pospago;Oro HD;1215;Comedy Central HD;HD;Variedades;Si
Colombia;Pospago;Oro HD;1217;FX HD;HD;Variedades;Si
Colombia;Pospago;Oro HD;1218;Universal TV HD;HD;Variedades;Si
Colombia;Pospago;Oro HD;1219;USA Network HD;HD;Variedades;Si
Colombia;Pospago;Oro HD;1221;Hola TV HD;HD;Variedades;Si
Colombia;Pospago;Oro HD;1222;E! Entertainment HD;HD;Variedades;Si
Colombia;Pospago;Oro HD;1223;Investigation Discovery (ID) HD;HD;Variedades;Si
Colombia;Pospago;Oro HD;1228;Lifetime HD;HD;Variedades;Si
Colombia;Pospago;Oro HD;1229;Discovery Home & Health HD;HD;Variedades;Si
Colombia;Pospago;Oro HD;1231;Alacocina TV;HD;Variedades;Si
Colombia;Pospago;Oro HD;1232;El Gourmet HD;HD;Variedades;Si
Colombia;Pospago;Oro HD;1233;Food Network;HD;Variedades;Si
Colombia;Pospago;Oro HD;1234;HGTV HD;HD;Variedades;Si
Colombia;Pospago;Oro HD;1236;VePlus HD;HD;Variedades;Si
Colombia;Pospago;Oro HD;1264;MTV HD;HD;Variedades;Si
Colombia;Pospago;Oro HD;1265;Music Top;HD;Variedades;Si
Colombia;Pospago;Oro HD;1266;Tierra Mía HD;HD;Variedades;Si
Colombia;Pospago;Oro HD;1270;Latina TV;HD;Variedades;Si
Colombia;Pospago;Oro HD;1273;INTI Network HD;HD;Variedades;Si
Colombia;Pospago;Oro HD;1304;Cartoon Network HD;HD;Infantil;Si
Colombia;Pospago;Oro HD;1308;Nick HD;HD;Infantil;Si
Colombia;Pospago;Oro HD;1309;Nick Jr. HD;HD;Infantil;Si
Colombia;Pospago;Oro HD;1312;Disney Channel HD;HD;Infantil;Si
Colombia;Pospago;Oro HD;1315;Disney Junior HD;HD;Infantil;Si
Colombia;Pospago;Oro HD;1317;BabyTV;SD;Infantil;Si
Colombia;Pospago;Oro HD;1318;Plim Plim;HD;Infantil;Si
Colombia;Pospago;Oro HD;1319;El Reino Infantil;HD;Infantil;Si
Colombia;Pospago;Oro HD;1330;Discovery Kids HD;HD;Infantil;Si
Colombia;Pospago;Oro HD;1502;TNT HD;HD;Cine;Si
Colombia;Pospago;Oro HD;1503;Golden HD;HD;Cine;Si
Colombia;Pospago;Oro HD;1506;Sony Movies;HD;Cine;Si
Colombia;Pospago;Oro HD;1507;Cine HD;HD;Cine;Si
Colombia;Pospago;Oro HD;1508;Studio Universal HD;HD;Cine;Si
Colombia;Pospago;Oro HD;1509;Cinemax HD;HD;Cine;Si
Colombia;Pospago;Oro HD;1510;Mórbido TV;HD;Cine;Si
Colombia;Pospago;Oro HD;1513;DHE HD;HD;Cine;Si
Colombia;Pospago;Oro HD;1518;Space HD;HD;Cine;Si
Colombia;Pospago;Oro HD;1524;HBO HD;HD;Cine;No
Colombia;Pospago;Oro HD;1525;HBO 2 HD;HD;Cine;No
Colombia;Pospago;Oro HD;1528;HBO Signature HD;HD;Cine;No
Colombia;Pospago;Oro HD;1532;HBO Plus HD;HD;Cine;No
Colombia;Pospago;Oro HD;1534;HBO Family HD;HD;Cine;No
Colombia;Pospago;Oro HD;1542;HBO Xtreme HD;HD;Cine;No
Colombia;Pospago;Oro HD;1571;Universal Premiere Este;HD;PPV;No
Colombia;Pospago;Oro HD;1572;Universal Cinema;HD;PPV;No
Colombia;Pospago;Oro HD;1573;Universal Comedy;HD;PPV;No
Colombia;Pospago;Oro HD;1574;Universal Crime Este;HD;PPV;No
Colombia;Pospago;Oro HD;1575;Universal Reality;HD;PPV;No
Colombia;Pospago;Oro HD;1576;Universal Premiere Oeste;HD;PPV;No
Colombia;Pospago;Oro HD;1577;Universal Cinema Oeste;HD;PPV;No
Colombia;Pospago;Oro HD;1610;DSports HD;HD;Deportes;Si
Colombia;Pospago;Oro HD;1612;DSports 2 HD;HD;Deportes;Si
Colombia;Pospago;Oro HD;1613;DSports+ HD;HD;Deportes;Si
Colombia;Pospago;Oro HD;1621;ESPN HD;HD;Deportes;Si
Colombia;Pospago;Oro HD;1622;ESPN 2 HD;HD;Deportes;Si
Colombia;Pospago;Oro HD;1623;ESPN 3 HD;HD;Deportes;Si
Colombia;Pospago;Oro HD;1624;ESPN 4 HD;HD;Deportes;Si
Colombia;Pospago;Oro HD;1625;ESPN 5 HD;HD;Deportes;Si
Colombia;Pospago;Oro HD;1626;ESPN 6 HD;HD;Deportes;Si
Colombia;Pospago;Oro HD;1627;ESPN 7 HD;HD;Deportes;Si
Colombia;Pospago;Oro HD;1628;Golf Channel HD;HD;Deportes;Si
Colombia;Pospago;Oro HD;1631;DSports Show;HD;Deportes;Si
Colombia;Pospago;Oro HD;1633;Win Sports HD;HD;Deportes;Si
Colombia;Pospago;Oro HD;1634;Win Sports Mas;HD;Deportes;No
Colombia;Pospago;Oro HD;1636;One Baseball Network;HD;PPV;No
Colombia;Pospago;Oro HD;1639;PX Sports;HD;Deportes;Si
Colombia;Pospago;Oro HD;1700;DNews HD;HD;Mundo;Si
Colombia;Pospago;Oro HD;1730;National Geographic HD;HD;Mundo;Si
Colombia;Pospago;Oro HD;1731;Discovery Theater HD;HD;Mundo;Si
Colombia;Pospago;Oro HD;1732;Discovery Channel HD;HD;Mundo;Si
Colombia;Pospago;Oro HD;1734;Animal Planet HD;HD;Mundo;Si
Colombia;Pospago;Oro HD;1738;Discovery World HD;HD;Mundo;Si
Colombia;Pospago;Oro HD;1740;Discovery Travel & Living Channel (TLC) HD;HD;Mundo;Si
Colombia;Pospago;Oro HD;1742;History Channel HD;HD;Mundo;Si
Colombia;Pospago;Oro HD;1744;History 2 HD;HD;Mundo;Si
Colombia;Pospago;Oro HD;1750;Encuentro Internacional HD;HD;Variedades;Si
Colombia;Pospago;Oro HD;1762;Antena 3 Internacional HD;HD;Mundo;Si
Colombia;Pospago;Oro HD;1764;France 24 Español;HD;Mundo;Si
Colombia;Pospago;Oro HD;4000;Directv 4K;4K;4K;No
Colombia;Pospago;Oro 4K;117;TV Familia;SD;Religioso;Si
Colombia;Pospago;Oro 4K;127;DShow;SD;Variedades;Si
Colombia;Pospago;Oro 4K;129;Directv Place;SD;Variedades;No
Colombia;Pospago;Oro 4K;130;RCN;SD;Nacional;Si
Colombia;Pospago;Oro 4K;132;Caracol Internacional;SD;Nacional;Si
Colombia;Pospago;Oro 4K;133;City TV;SD;Nacional;Si
Colombia;Pospago;Oro 4K;134;Caracol Internacional;SD;Nacional;Si
Colombia;Pospago;Oro 4K;135;RCN Nuestra Tele;SD;Nacional;Si
Colombia;Pospago;Oro 4K;136;Canal UNO;SD;Nacional;Si
Colombia;Pospago;Oro 4K;137;Señal Colombia;SD;Nacional;Si
Colombia;Pospago;Oro 4K;138;Señal Institucional;SD;Nacional;Si
Colombia;Pospago;Oro 4K;139;Canal Congreso;SD;Nacional;Si
Colombia;Pospago;Oro 4K;140;Teleantioquia;SD;Nacional;Si
Colombia;Pospago;Oro 4K;141;Telepacifico;SD;Nacional;Si
Colombia;Pospago;Oro 4K;142;Telecaribe;SD;Nacional;Si
Colombia;Pospago;Oro 4K;143;Canal Capital;SD;Nacional;Si
Colombia;Pospago;Oro 4K;144;Telecafé;SD;Nacional;Si
Colombia;Pospago;Oro 4K;145;NTN 24 NOTICIAS;SD;Nacional;Si
Colombia;Pospago;Oro 4K;146;El Tiempo TV;SD;Nacional;Si
Colombia;Pospago;Oro 4K;147;Cable Noticias;SD;Nacional;Si
Colombia;Pospago;Oro 4K;148;TRO;SD;Nacional;Si
Colombia;Pospago;Oro 4K;149;Trece;SD;Nacional;Si
Colombia;Pospago;Oro 4K;150;Teleislas;SD;Nacional;Si
Colombia;Pospago;Oro 4K;151;Telemedellin;SD;Nacional;Si
Colombia;Pospago;Oro 4K;152;TV Agro;SD;Local;Si
Colombia;Pospago;Oro 4K;202;Star Channel;SD;Variedades;Si
Colombia;Pospago;Oro 4K;204;Star Channel HD;HD;Cine;No
Colombia;Pospago;Oro 4K;206;Warner Channel;SD;Variedades;Si
Colombia;Pospago;Oro 4K;207;A&E;SD;Variedades;Si
Colombia;Pospago;Oro 4K;208;Sony;SD;Variedades;Si
Colombia;Pospago;Oro 4K;209;AXN;SD;Variedades;Si
Colombia;Pospago;Oro 4K;210;AMC;SD;Variedades;Si
Colombia;Pospago;Oro 4K;213;TNT Series;SD;Variedades;Si
Colombia;Pospago;Oro 4K;214;Atres Series;SD;Variedades;Si
Colombia;Pospago;Oro 4K;215;Comedy Central;SD;Variedades;Si
Colombia;Pospago;Oro 4K;216;TNT Novelas;SD;Variedades;Si
Colombia;Pospago;Oro 4K;217;FX;SD;Variedades;Si
Colombia;Pospago;Oro 4K;218;Universal TV;SD;Variedades;Si
Colombia;Pospago;Oro 4K;219;USA Network;SD;Variedades;Si
Colombia;Pospago;Oro 4K;220;Adult Swim;SD;Variedades;Si
Colombia;Pospago;Oro 4K;221;¡Hola! TV;SD;Variedades;Si
Colombia;Pospago;Oro 4K;222;E! Entertainment;SD;Variedades;Si
Colombia;Pospago;Oro 4K;223;Investigation Discovery (ID);SD;Variedades;Si
Colombia;Pospago;Oro 4K;226;El Canal de las Estrellas;SD;Variedades;Si
Colombia;Pospago;Oro 4K;227;TLnovelas;SD;Variedades;Si
Colombia;Pospago;Oro 4K;228;Lifetime;SD;Variedades;Si
Colombia;Pospago;Oro 4K;229;Discovery Home & Health;SD;Variedades;Si
Colombia;Pospago;Oro 4K;230;Más Chic;SD;Variedades;Si
Colombia;Pospago;Oro 4K;231;Telemundo;SD;Variedades;Si
Colombia;Pospago;Oro 4K;232;El Gourmet;SD;Variedades;Si
Colombia;Pospago;Oro 4K;233;Food Network;SD;Variedades;Si
Colombia;Pospago;Oro 4K;264;MTV;SD;Variedades;Si
Colombia;Pospago;Oro 4K;269;Quiero Música en Mi Idioma (QMusic);SD;Variedades;Si
Colombia;Pospago;Oro 4K;270;Mi Gente 3.0;SD;Variedades;Si
Colombia;Pospago;Oro 4K;304;Cartoon Network;SD;Infantil;Si
Colombia;Pospago;Oro 4K;308;Nickelodeon;SD;Infantil;Si
Colombia;Pospago;Oro 4K;309;Nick Jr.;SD;Infantil;Si
Colombia;Pospago;Oro 4K;310;TeenNick;SD;Infantil;Si
Colombia;Pospago;Oro 4K;312;Disney Channel HD;HD;Infantil;No
Colombia;Pospago;Oro 4K;314;Disney Channel;SD;Infantil;Si
Colombia;Pospago;Oro 4K;315;Disney Junior;SD;Infantil;Si
Colombia;Pospago;Oro 4K;317;BabyTV;SD;Infantil;No
Colombia;Pospago;Oro 4K;318;Plim Plim;SD;Infantil;Si
Colombia;Pospago;Oro 4K;319;El Reino Infantil;SD;Infantil;Si
Colombia;Pospago;Oro 4K;330;Discovery Kids;SD;Infantil;Si
Colombia;Pospago;Oro 4K;334;Cartoonito;SD;Infantil;Si
Colombia;Pospago;Oro 4K;350;EWTN;SD;Religioso;Si
Colombia;Pospago;Oro 4K;351;Orbe 21;SD;Religioso;Si
Colombia;Pospago;Oro 4K;352;Enlace;SD;Religioso;Si
Colombia;Pospago;Oro 4K;353;Cristovisión;SD;Religioso;Si
Colombia;Pospago;Oro 4K;358;DayStar;SD;Religioso;No
Colombia;Pospago;Oro 4K;464;Playboy TV;SD;Adultos;No
Colombia;Pospago;Oro 4K;468;Venus;SD;Adultos;No
Colombia;Pospago;Oro 4K;469;XTSY;SD;Adultos;No
Colombia;Pospago;Oro 4K;470;Hustler TV HD;SD;Adultos;No
Colombia;Pospago;Oro 4K;502;TNT;SD;Cine;Si
Colombia;Pospago;Oro 4K;503;Golden;SD;Cine;Si
Colombia;Pospago;Oro 4K;506;Sony Movies;SD;Cine;Si
Colombia;Pospago;Oro 4K;507;Cinecanal;SD;Cine;Si
Colombia;Pospago;Oro 4K;508;Studio Universal;SD;Cine;Si
Colombia;Pospago;Oro 4K;509;Cinemax;SD;Cine;Si
Colombia;Pospago;Oro 4K;510;Mórbido TV;SD;Cine;Si
Colombia;Pospago;Oro 4K;513;DHE;SD;Cine;Si
Colombia;Pospago;Oro 4K;516;De Película;SD;Cine;Si
Colombia;Pospago;Oro 4K;517;Golden Edge;SD;Cine;Si
Colombia;Pospago;Oro 4K;518;Space;SD;Cine;Si
Colombia;Pospago;Oro 4K;524;HBO;SD;Cine;No
Colombia;Pospago;Oro 4K;525;HBO 2;SD;Cine;No
Colombia;Pospago;Oro 4K;526;HBO Plus HD;SD;Cine;No
Colombia;Pospago;Oro 4K;528;HBO Signature;SD;Cine;No
Colombia;Pospago;Oro 4K;534;HBO Family;SD;Cine;No
Colombia;Pospago;Oro 4K;540;HBO Mundi;SD;Cine;No
Colombia;Pospago;Oro 4K;541;HBO Pop;SD;Cine;No
Colombia;Pospago;Oro 4K;542;HBO Xtreme;SD;Cine;No
Colombia;Pospago;Oro 4K;571;Universal Premiere Este;SD;PPV;No
Colombia;Pospago;Oro 4K;572;Universal Cinema;SD;PPV;No
Colombia;Pospago;Oro 4K;573;Universal Comedy;SD;PPV;No
Colombia;Pospago;Oro 4K;574;Universal Crime Este;SD;PPV;No
Colombia;Pospago;Oro 4K;575;Universal Reality;SD;PPV;No
Colombia;Pospago;Oro 4K;576;Universal Premiere Oeste;SD;PPV;No
Colombia;Pospago;Oro 4K;577;Universal Cinema Oeste;SD;PPV;No
Colombia;Pospago;Oro 4K;610;DSports;SD;Deportes;Si
Colombia;Pospago;Oro 4K;612;DSports 2;SD;Deportes;Si
Colombia;Pospago;Oro 4K;613;DSports+;SD;Deportes;Si
Colombia;Pospago;Oro 4K;621;ESPN;SD;Deportes;Si
Colombia;Pospago;Oro 4K;622;ESPN 2;SD;Deportes;Si
Colombia;Pospago;Oro 4K;623;ESPN 3;SD;Deportes;Si
Colombia;Pospago;Oro 4K;625;ESPN 5;SD;Deportes;Si
Colombia;Pospago;Oro 4K;626;ESPN 6;SD;Deportes;Si
Colombia;Pospago;Oro 4K;627;ESPN 7;SD;Deportes;Si
Colombia;Pospago;Oro 4K;628;Golf Channel Latinoamérica;SD;Deportes;Si
Colombia;Pospago;Oro 4K;629;TyC Sports Internacional;SD;Deportes;Si
Colombia;Pospago;Oro 4K;631;DSports Radio;Radio;Radio;No
Colombia;Pospago;Oro 4K;633;Win Sports;SD;Deportes;Si
Colombia;Pospago;Oro 4K;634;Win Sports Mas;SD;PPV;No
Colombia;Pospago;Oro 4K;700;DNews;SD;Mundo;Si
Colombia;Pospago;Oro 4K;704;CNN en Español;SD;Mundo;Si
Colombia;Pospago;Oro 4K;706;CNN International;SD;Mundo;Si
Colombia;Pospago;Oro 4K;707;CNN Chile;SD;Mundo;Si
Colombia;Pospago;Oro 4K;708;TVN 24 HORAS;SD;Mundo;Si
Colombia;Pospago;Oro 4K;710;Bloomberg;SD;Mundo;Si
Colombia;Pospago;Oro 4K;716;Todo Noticias (TN);SD;Mundo;Si
Colombia;Pospago;Oro 4K;720;Canal 26;SD;Mundo;Si
Colombia;Pospago;Oro 4K;726;Canal Rural;SD;Mundo;Si
Colombia;Pospago;Oro 4K;730;National Geographic;SD;Mundo;Si
Colombia;Pospago;Oro 4K;732;Discovery Channel;SD;Mundo;Si
Colombia;Pospago;Oro 4K;734;Animal Planet;SD;Mundo;Si
Colombia;Pospago;Oro 4K;736;Discovery Turbo;SD;Mundo;Si
Colombia;Pospago;Oro 4K;740;Discovery Travel & Living Channel (TLC);SD;Mundo;Si
Colombia;Pospago;Oro 4K;742;History Channel;SD;Mundo;Si
Colombia;Pospago;Oro 4K;744;History 2;SD;Mundo;Si
Colombia;Pospago;Oro 4K;760;Univision;SD;Mundo;Si
Colombia;Pospago;Oro 4K;762;Antena 3 Internacional;SD;Mundo;Si
Colombia;Pospago;Oro 4K;764;France 24 Español;SD;Mundo;Si
Colombia;Pospago;Oro 4K;766;Rai Italia;SD;Mundo;Si
Colombia;Pospago;Oro 4K;768;BBC WORLD;SD;Mundo;Si
Colombia;Pospago;Oro 4K;770;Deutsche Welle (DW) Español;SD;Mundo;Si
Colombia;Pospago;Oro 4K;772;Caracol Internacional;SD;Mundo;No
Colombia;Pospago;Oro 4K;774;TV Chile Internacional;SD;Mundo;Si
Colombia;Pospago;Oro 4K;776;TV Globo;SD;Mundo;No
Colombia;Pospago;Oro 4K;778;RTP;SD;Mundo;Si
Colombia;Pospago;Oro 4K;780;ZEE TV;SD;Mundo;No
Colombia;Pospago;Oro 4K;782;NHK World;SD;Mundo;No
Colombia;Pospago;Oro 4K;784;El Trece;SD;Mundo;Si
Colombia;Pospago;Oro 4K;786;Telefe;SD;Mundo;Si
Colombia;Pospago;Oro 4K;790;CGTN;SD;Mundo;Si
Colombia;Pospago;Oro 4K;980;Unión Radio Noticias;Radio;Radio;Si
Colombia;Pospago;Oro 4K;982;Radio Caracol;Radio;Radio;Si
Colombia;Pospago;Oro 4K;984;Radio France Internacional;Radio;Radio;Si
Colombia;Pospago;Oro 4K;985;Fiesta 106.5;Radio;Radio;No
Colombia;Pospago;Oro 4K;991;La FM Plus;Radio;Radio;Si
Colombia;Pospago;Oro 4K;992;Alerta Bogota;Radio;Radio;Si
Colombia;Pospago;Oro 4K;993;La W Radio;Radio;Radio;Si
Colombia;Pospago;Oro 4K;1127;DShow;HD;Variedades;Si
Colombia;Pospago;Oro 4K;1130;RCN HD;HD;Nacional;Si
Colombia;Pospago;Oro 4K;1132;Caracol TV HD;HD;Nacional;Si
Colombia;Pospago;Oro 4K;1136;Canal UNO;HD;Nacional;Si
Colombia;Pospago;Oro 4K;1137;Señal Colombia HD;HD;Nacional;Si
Colombia;Pospago;Oro 4K;1138;Señal Institucional HD;HD;Nacional;Si
Colombia;Pospago;Oro 4K;1140;Teleantioquia HD;HD;Nacional;Si
Colombia;Pospago;Oro 4K;1141;Telepacifico;HD;Nacional;Si
Colombia;Pospago;Oro 4K;1142;Telecaribe HD;HD;Nacional;Si
Colombia;Pospago;Oro 4K;1147;Cable Noticias HD;HD;Local;Si
Colombia;Pospago;Oro 4K;1204;Star Channel HD;HD;Variedades;Si
Colombia;Pospago;Oro 4K;1206;Warner Channel HD;HD;Variedades;Si
Colombia;Pospago;Oro 4K;1207;A&E HD;HD;Variedades;Si
Colombia;Pospago;Oro 4K;1208;Sony HD;HD;Variedades;Si
Colombia;Pospago;Oro 4K;1209;AXN HD;HD;Variedades;Si
Colombia;Pospago;Oro 4K;1210;AMC HD;HD;Variedades;Si
Colombia;Pospago;Oro 4K;1213;TNT Series HD;HD;Variedades;Si
Colombia;Pospago;Oro 4K;1214;Atres Series HD;HD;Variedades;Si
Colombia;Pospago;Oro 4K;1215;Comedy Central HD;HD;Variedades;Si
Colombia;Pospago;Oro 4K;1217;FX HD;HD;Variedades;Si
Colombia;Pospago;Oro 4K;1218;Universal TV HD;HD;Variedades;Si
Colombia;Pospago;Oro 4K;1219;USA Network HD;HD;Variedades;Si
Colombia;Pospago;Oro 4K;1221;Hola TV HD;HD;Variedades;Si
Colombia;Pospago;Oro 4K;1222;E! Entertainment HD;HD;Variedades;Si
Colombia;Pospago;Oro 4K;1223;Investigation Discovery (ID) HD;HD;Variedades;Si
Colombia;Pospago;Oro 4K;1228;Lifetime HD;HD;Variedades;Si
Colombia;Pospago;Oro 4K;1229;Discovery Home & Health HD;HD;Variedades;Si
Colombia;Pospago;Oro 4K;1231;Alacocina TV;HD;Variedades;Si
Colombia;Pospago;Oro 4K;1232;El Gourmet HD;HD;Variedades;Si
Colombia;Pospago;Oro 4K;1233;Food Network;HD;Variedades;Si
Colombia;Pospago;Oro 4K;1234;HGTV HD;HD;Variedades;Si
Colombia;Pospago;Oro 4K;1236;VePlus HD;HD;Variedades;Si
Colombia;Pospago;Oro 4K;1264;MTV HD;HD;Variedades;Si
Colombia;Pospago;Oro 4K;1265;Music Top;HD;Variedades;Si
Colombia;Pospago;Oro 4K;1266;Tierra Mía HD;HD;Variedades;Si
Colombia;Pospago;Oro 4K;1270;Latina TV;HD;Variedades;Si
Colombia;Pospago;Oro 4K;1273;INTI Network HD;HD;Variedades;Si
Colombia;Pospago;Oro 4K;1304;Cartoon Network HD;HD;Infantil;Si
Colombia;Pospago;Oro 4K;1308;Nick HD;HD;Infantil;Si
Colombia;Pospago;Oro 4K;1309;Nick Jr. HD;HD;Infantil;Si
Colombia;Pospago;Oro 4K;1312;Disney Channel HD;HD;Infantil;Si
Colombia;Pospago;Oro 4K;1315;Disney Junior HD;HD;Infantil;Si
Colombia;Pospago;Oro 4K;1317;BabyTV;SD;Infantil;Si
Colombia;Pospago;Oro 4K;1318;Plim Plim;HD;Infantil;Si
Colombia;Pospago;Oro 4K;1319;El Reino Infantil;HD;Infantil;Si
Colombia;Pospago;Oro 4K;1330;Discovery Kids HD;HD;Infantil;Si
Colombia;Pospago;Oro 4K;1502;TNT HD;HD;Cine;Si
Colombia;Pospago;Oro 4K;1503;Golden HD;HD;Cine;Si
Colombia;Pospago;Oro 4K;1506;Sony Movies;HD;Cine;Si
Colombia;Pospago;Oro 4K;1507;Cine HD;HD;Cine;Si
Colombia;Pospago;Oro 4K;1508;Studio Universal HD;HD;Cine;Si
Colombia;Pospago;Oro 4K;1509;Cinemax HD;HD;Cine;Si
Colombia;Pospago;Oro 4K;1510;Mórbido TV;HD;Cine;Si
Colombia;Pospago;Oro 4K;1513;DHE HD;HD;Cine;Si
Colombia;Pospago;Oro 4K;1518;Space HD;HD;Cine;Si
Colombia;Pospago;Oro 4K;1524;HBO HD;HD;Cine;No
Colombia;Pospago;Oro 4K;1525;HBO 2 HD;HD;Cine;No
Colombia;Pospago;Oro 4K;1528;HBO Signature HD;HD;Cine;No
Colombia;Pospago;Oro 4K;1532;HBO Plus HD;HD;Cine;No
Colombia;Pospago;Oro 4K;1534;HBO Family HD;HD;Cine;No
Colombia;Pospago;Oro 4K;1542;HBO Xtreme HD;HD;Cine;No
Colombia;Pospago;Oro 4K;1571;Universal Premiere Este;HD;PPV;No
Colombia;Pospago;Oro 4K;1572;Universal Cinema;HD;PPV;No
Colombia;Pospago;Oro 4K;1573;Universal Comedy;HD;PPV;No
Colombia;Pospago;Oro 4K;1574;Universal Crime Este;HD;PPV;No
Colombia;Pospago;Oro 4K;1575;Universal Reality;HD;PPV;No
Colombia;Pospago;Oro 4K;1576;Universal Premiere Oeste;HD;PPV;No
Colombia;Pospago;Oro 4K;1577;Universal Cinema Oeste;HD;PPV;No
Colombia;Pospago;Oro 4K;1610;DSports HD;HD;Deportes;Si
Colombia;Pospago;Oro 4K;1612;DSports 2 HD;HD;Deportes;Si
Colombia;Pospago;Oro 4K;1613;DSports+ HD;HD;Deportes;Si
Colombia;Pospago;Oro 4K;1621;ESPN HD;HD;Deportes;Si
Colombia;Pospago;Oro 4K;1622;ESPN 2 HD;HD;Deportes;Si
Colombia;Pospago;Oro 4K;1623;ESPN 3 HD;HD;Deportes;Si
Colombia;Pospago;Oro 4K;1624;ESPN 4 HD;HD;Deportes;Si
Colombia;Pospago;Oro 4K;1625;ESPN 5 HD;HD;Deportes;Si
Colombia;Pospago;Oro 4K;1626;ESPN 6 HD;HD;Deportes;Si
Colombia;Pospago;Oro 4K;1627;ESPN 7 HD;HD;Deportes;Si
Colombia;Pospago;Oro 4K;1628;Golf Channel HD;HD;Deportes;Si
Colombia;Pospago;Oro 4K;1631;DSports Show;HD;Deportes;No
Colombia;Pospago;Oro 4K;1633;Win Sports HD;HD;Deportes;Si
Colombia;Pospago;Oro 4K;1634;Win Sports Mas;HD;Deportes;No
Colombia;Pospago;Oro 4K;1636;One Baseball Network;HD;PPV;No
Colombia;Pospago;Oro 4K;1639;PX Sports;HD;Deportes;Si
Colombia;Pospago;Oro 4K;1700;DNews HD;HD;Mundo;Si
Colombia;Pospago;Oro 4K;1730;National Geographic HD;HD;Mundo;Si
Colombia;Pospago;Oro 4K;1731;Discovery Theater HD;HD;Mundo;Si
Colombia;Pospago;Oro 4K;1732;Discovery Channel HD;HD;Mundo;Si
Colombia;Pospago;Oro 4K;1734;Animal Planet HD;HD;Mundo;Si
Colombia;Pospago;Oro 4K;1738;Discovery World HD;HD;Mundo;Si
Colombia;Pospago;Oro 4K;1740;Discovery Travel & Living Channel (TLC) HD;HD;Mundo;Si
Colombia;Pospago;Oro 4K;1742;History Channel HD;HD;Mundo;Si
Colombia;Pospago;Oro 4K;1744;History 2 HD;HD;Mundo;Si
Colombia;Pospago;Oro 4K;1750;Encuentro Internacional HD;HD;Variedades;Si
Colombia;Pospago;Oro 4K;1762;Antena 3 Internacional HD;HD;Mundo;Si
Colombia;Pospago;Oro 4K;1764;France 24 Español;HD;Mundo;Si
Colombia;Pospago;Oro 4K;4000;Directv 4K;4K;4K;Si
Colombia;Pospago;Platino;117;TV Familia;SD;Religioso;Si
Colombia;Pospago;Platino;127;DShow;SD;Variedades;Si
Colombia;Pospago;Platino;129;Directv Place;SD;Variedades;No
Colombia;Pospago;Platino;130;RCN;SD;Nacional;Si
Colombia;Pospago;Platino;132;Caracol Internacional;SD;Nacional;Si
Colombia;Pospago;Platino;133;City TV;SD;Nacional;Si
Colombia;Pospago;Platino;134;Caracol Internacional;SD;Nacional;Si
Colombia;Pospago;Platino;135;RCN Nuestra Tele;SD;Nacional;Si
Colombia;Pospago;Platino;136;Canal UNO;SD;Nacional;Si
Colombia;Pospago;Platino;137;Señal Colombia;SD;Nacional;Si
Colombia;Pospago;Platino;138;Señal Institucional;SD;Nacional;Si
Colombia;Pospago;Platino;139;Canal Congreso;SD;Nacional;Si
Colombia;Pospago;Platino;140;Teleantioquia;SD;Nacional;Si
Colombia;Pospago;Platino;141;Telepacifico;SD;Nacional;Si
Colombia;Pospago;Platino;142;Telecaribe;SD;Nacional;Si
Colombia;Pospago;Platino;143;Canal Capital;SD;Nacional;Si
Colombia;Pospago;Platino;144;Telecafé;SD;Nacional;Si
Colombia;Pospago;Platino;145;NTN 24 NOTICIAS;SD;Nacional;Si
Colombia;Pospago;Platino;146;El Tiempo TV;SD;Nacional;Si
Colombia;Pospago;Platino;147;Cable Noticias;SD;Nacional;Si
Colombia;Pospago;Platino;148;TRO;SD;Nacional;Si
Colombia;Pospago;Platino;149;Trece;SD;Nacional;Si
Colombia;Pospago;Platino;150;Teleislas;SD;Nacional;Si
Colombia;Pospago;Platino;151;Telemedellin;SD;Nacional;Si
Colombia;Pospago;Platino;152;TV Agro;SD;Local;Si
Colombia;Pospago;Platino;202;Star Channel;SD;Variedades;Si
Colombia;Pospago;Platino;204;Star Channel HD;HD;Cine;No
Colombia;Pospago;Platino;206;Warner Channel;SD;Variedades;Si
Colombia;Pospago;Platino;207;A&E;SD;Variedades;Si
Colombia;Pospago;Platino;208;Sony;SD;Variedades;Si
Colombia;Pospago;Platino;209;AXN;SD;Variedades;Si
Colombia;Pospago;Platino;210;AMC;SD;Variedades;Si
Colombia;Pospago;Platino;213;TNT Series;SD;Variedades;Si
Colombia;Pospago;Platino;214;Atres Series;SD;Variedades;Si
Colombia;Pospago;Platino;215;Comedy Central;SD;Variedades;Si
Colombia;Pospago;Platino;216;TNT Novelas;SD;Variedades;Si
Colombia;Pospago;Platino;217;FX;SD;Variedades;Si
Colombia;Pospago;Platino;218;Universal TV;SD;Variedades;Si
Colombia;Pospago;Platino;219;USA Network;SD;Variedades;Si
Colombia;Pospago;Platino;220;Adult Swim;SD;Variedades;Si
Colombia;Pospago;Platino;221;¡Hola! TV;SD;Variedades;Si
Colombia;Pospago;Platino;222;E! Entertainment;SD;Variedades;Si
Colombia;Pospago;Platino;223;Investigation Discovery (ID);SD;Variedades;Si
Colombia;Pospago;Platino;226;El Canal de las Estrellas;SD;Variedades;Si
Colombia;Pospago;Platino;227;TLnovelas;SD;Variedades;Si
Colombia;Pospago;Platino;228;Lifetime;SD;Variedades;Si
Colombia;Pospago;Platino;229;Discovery Home & Health;SD;Variedades;Si
Colombia;Pospago;Platino;230;Más Chic;SD;Variedades;Si
Colombia;Pospago;Platino;231;Telemundo;SD;Variedades;Si
Colombia;Pospago;Platino;232;El Gourmet;SD;Variedades;Si
Colombia;Pospago;Platino;233;Food Network;SD;Variedades;Si
Colombia;Pospago;Platino;264;MTV;SD;Variedades;Si
Colombia;Pospago;Platino;269;Quiero Música en Mi Idioma (QMusic);SD;Variedades;Si
Colombia;Pospago;Platino;270;Mi Gente 3.0;SD;Variedades;Si
Colombia;Pospago;Platino;304;Cartoon Network;SD;Infantil;Si
Colombia;Pospago;Platino;308;Nickelodeon;SD;Infantil;Si
Colombia;Pospago;Platino;309;Nick Jr.;SD;Infantil;Si
Colombia;Pospago;Platino;310;TeenNick;SD;Infantil;Si
Colombia;Pospago;Platino;312;Disney Channel HD;HD;Infantil;No
Colombia;Pospago;Platino;314;Disney Channel;SD;Infantil;Si
Colombia;Pospago;Platino;315;Disney Junior;SD;Infantil;Si
Colombia;Pospago;Platino;317;BabyTV;SD;Infantil;No
Colombia;Pospago;Platino;318;Plim Plim;SD;Infantil;Si
Colombia;Pospago;Platino;319;El Reino Infantil;SD;Infantil;Si
Colombia;Pospago;Platino;330;Discovery Kids;SD;Infantil;Si
Colombia;Pospago;Platino;334;Cartoonito;SD;Infantil;Si
Colombia;Pospago;Platino;350;EWTN;SD;Religioso;Si
Colombia;Pospago;Platino;351;Orbe 21;SD;Religioso;Si
Colombia;Pospago;Platino;352;Enlace;SD;Religioso;Si
Colombia;Pospago;Platino;353;Cristovisión;SD;Religioso;Si
Colombia;Pospago;Platino;358;DayStar;SD;Religioso;No
Colombia;Pospago;Platino;464;Playboy TV;SD;Adultos;Si
Colombia;Pospago;Platino;468;Venus;SD;Adultos;Si
Colombia;Pospago;Platino;469;XTSY;SD;Adultos;No
Colombia;Pospago;Platino;470;Hustler TV HD;SD;Adultos;No
Colombia;Pospago;Platino;502;TNT;SD;Cine;Si
Colombia;Pospago;Platino;503;Golden;SD;Cine;Si
Colombia;Pospago;Platino;506;Sony Movies;SD;Cine;Si
Colombia;Pospago;Platino;507;Cinecanal;SD;Cine;Si
Colombia;Pospago;Platino;508;Studio Universal;SD;Cine;Si
Colombia;Pospago;Platino;509;Cinemax;SD;Cine;Si
Colombia;Pospago;Platino;510;Mórbido TV;SD;Cine;Si
Colombia;Pospago;Platino;513;DHE;SD;Cine;Si
Colombia;Pospago;Platino;516;De Película;SD;Cine;Si
Colombia;Pospago;Platino;517;Golden Edge;SD;Cine;Si
Colombia;Pospago;Platino;518;Space;SD;Cine;Si
Colombia;Pospago;Platino;524;HBO;SD;Cine;Si
Colombia;Pospago;Platino;525;HBO 2;SD;Cine;Si
Colombia;Pospago;Platino;526;HBO Plus HD;SD;Cine;Si
Colombia;Pospago;Platino;528;HBO Signature;SD;Cine;Si
Colombia;Pospago;Platino;534;HBO Family;SD;Cine;Si
Colombia;Pospago;Platino;540;HBO Mundi;SD;Cine;Si
Colombia;Pospago;Platino;541;HBO Pop;SD;Cine;Si
Colombia;Pospago;Platino;542;HBO Xtreme;SD;Cine;Si
Colombia;Pospago;Platino;571;Universal Premiere Este;SD;PPV;No
Colombia;Pospago;Platino;572;Universal Cinema;SD;PPV;No
Colombia;Pospago;Platino;573;Universal Comedy;SD;PPV;No
Colombia;Pospago;Platino;574;Universal Crime Este;SD;PPV;No
Colombia;Pospago;Platino;575;Universal Reality;SD;PPV;No
Colombia;Pospago;Platino;576;Universal Premiere Oeste;SD;PPV;No
Colombia;Pospago;Platino;577;Universal Cinema Oeste;SD;PPV;No
Colombia;Pospago;Platino;610;DSports;SD;Deportes;Si
Colombia;Pospago;Platino;612;DSports 2;SD;Deportes;Si
Colombia;Pospago;Platino;613;DSports+;SD;Deportes;Si
Colombia;Pospago;Platino;621;ESPN;SD;Deportes;Si
Colombia;Pospago;Platino;622;ESPN 2;SD;Deportes;Si
Colombia;Pospago;Platino;623;ESPN 3;SD;Deportes;Si
Colombia;Pospago;Platino;625;ESPN 5;SD;Deportes;Si
Colombia;Pospago;Platino;626;ESPN 6;SD;Deportes;Si
Colombia;Pospago;Platino;627;ESPN 7;SD;Deportes;Si
Colombia;Pospago;Platino;628;Golf Channel Latinoamérica;SD;Deportes;Si
Colombia;Pospago;Platino;629;TyC Sports Internacional;SD;Deportes;Si
Colombia;Pospago;Platino;631;DSports Radio;Radio;Radio;No
Colombia;Pospago;Platino;633;Win Sports;SD;Deportes;Si
Colombia;Pospago;Platino;634;Win Sports Mas;SD;PPV;No
Colombia;Pospago;Platino;700;DNews;SD;Mundo;Si
Colombia;Pospago;Platino;704;CNN en Español;SD;Mundo;Si
Colombia;Pospago;Platino;706;CNN International;SD;Mundo;Si
Colombia;Pospago;Platino;707;CNN Chile;SD;Mundo;Si
Colombia;Pospago;Platino;708;TVN 24 HORAS;SD;Mundo;Si
Colombia;Pospago;Platino;710;Bloomberg;SD;Mundo;Si
Colombia;Pospago;Platino;716;Todo Noticias (TN);SD;Mundo;Si
Colombia;Pospago;Platino;720;Canal 26;SD;Mundo;Si
Colombia;Pospago;Platino;726;Canal Rural;SD;Mundo;Si
Colombia;Pospago;Platino;730;National Geographic;SD;Mundo;Si
Colombia;Pospago;Platino;732;Discovery Channel;SD;Mundo;Si
Colombia;Pospago;Platino;734;Animal Planet;SD;Mundo;Si
Colombia;Pospago;Platino;736;Discovery Turbo;SD;Mundo;Si
Colombia;Pospago;Platino;740;Discovery Travel & Living Channel (TLC);SD;Mundo;Si
Colombia;Pospago;Platino;742;History Channel;SD;Mundo;Si
Colombia;Pospago;Platino;744;History 2;SD;Mundo;Si
Colombia;Pospago;Platino;760;Univision;SD;Mundo;Si
Colombia;Pospago;Platino;762;Antena 3 Internacional;SD;Mundo;Si
Colombia;Pospago;Platino;764;France 24 Español;SD;Mundo;Si
Colombia;Pospago;Platino;766;Rai Italia;SD;Mundo;Si
Colombia;Pospago;Platino;768;BBC WORLD;SD;Mundo;Si
Colombia;Pospago;Platino;770;Deutsche Welle (DW) Español;SD;Mundo;Si
Colombia;Pospago;Platino;772;Caracol Internacional;SD;Mundo;No
Colombia;Pospago;Platino;774;TV Chile Internacional;SD;Mundo;Si
Colombia;Pospago;Platino;776;TV Globo;SD;Mundo;No
Colombia;Pospago;Platino;778;RTP;SD;Mundo;Si
Colombia;Pospago;Platino;780;ZEE TV;SD;Mundo;No
Colombia;Pospago;Platino;782;NHK World;SD;Mundo;No
Colombia;Pospago;Platino;784;El Trece;SD;Mundo;Si
Colombia;Pospago;Platino;786;Telefe;SD;Mundo;Si
Colombia;Pospago;Platino;790;CGTN;SD;Mundo;Si
Colombia;Pospago;Platino;980;Unión Radio Noticias;Radio;Radio;Si
Colombia;Pospago;Platino;982;Radio Caracol;Radio;Radio;Si
Colombia;Pospago;Platino;984;Radio France Internacional;Radio;Radio;Si
Colombia;Pospago;Platino;985;Fiesta 106.5;Radio;Radio;No
Colombia;Pospago;Platino;991;La FM Plus;Radio;Radio;Si
Colombia;Pospago;Platino;992;Alerta Bogota;Radio;Radio;Si
Colombia;Pospago;Platino;993;La W Radio;Radio;Radio;Si
Colombia;Pospago;Platino;1127;DShow;HD;Variedades;Si
Colombia;Pospago;Platino;1130;RCN HD;HD;Nacional;Si
Colombia;Pospago;Platino;1132;Caracol TV HD;HD;Nacional;Si
Colombia;Pospago;Platino;1136;Canal UNO;HD;Nacional;Si
Colombia;Pospago;Platino;1137;Señal Colombia HD;HD;Nacional;Si
Colombia;Pospago;Platino;1138;Señal Institucional HD;HD;Nacional;Si
Colombia;Pospago;Platino;1140;Teleantioquia HD;HD;Nacional;Si
Colombia;Pospago;Platino;1141;Telepacifico;HD;Nacional;Si
Colombia;Pospago;Platino;1142;Telecaribe HD;HD;Nacional;Si
Colombia;Pospago;Platino;1147;Cable Noticias HD;HD;Local;Si
Colombia;Pospago;Platino;1204;Star Channel HD;HD;Variedades;Si
Colombia;Pospago;Platino;1206;Warner Channel HD;HD;Variedades;Si
Colombia;Pospago;Platino;1207;A&E HD;HD;Variedades;Si
Colombia;Pospago;Platino;1208;Sony HD;HD;Variedades;Si
Colombia;Pospago;Platino;1209;AXN HD;HD;Variedades;Si
Colombia;Pospago;Platino;1210;AMC HD;HD;Variedades;Si
Colombia;Pospago;Platino;1213;TNT Series HD;HD;Variedades;Si
Colombia;Pospago;Platino;1214;Atres Series HD;HD;Variedades;Si
Colombia;Pospago;Platino;1215;Comedy Central HD;HD;Variedades;Si
Colombia;Pospago;Platino;1217;FX HD;HD;Variedades;Si
Colombia;Pospago;Platino;1218;Universal TV HD;HD;Variedades;Si
Colombia;Pospago;Platino;1219;USA Network HD;HD;Variedades;Si
Colombia;Pospago;Platino;1221;Hola TV HD;HD;Variedades;Si
Colombia;Pospago;Platino;1222;E! Entertainment HD;HD;Variedades;Si
Colombia;Pospago;Platino;1223;Investigation Discovery (ID) HD;HD;Variedades;Si
Colombia;Pospago;Platino;1228;Lifetime HD;HD;Variedades;Si
Colombia;Pospago;Platino;1229;Discovery Home & Health HD;HD;Variedades;Si
Colombia;Pospago;Platino;1231;Alacocina TV;HD;Variedades;Si
Colombia;Pospago;Platino;1232;El Gourmet HD;HD;Variedades;Si
Colombia;Pospago;Platino;1233;Food Network;HD;Variedades;Si
Colombia;Pospago;Platino;1234;HGTV HD;HD;Variedades;Si
Colombia;Pospago;Platino;1236;VePlus HD;HD;Variedades;Si
Colombia;Pospago;Platino;1264;MTV HD;HD;Variedades;Si
Colombia;Pospago;Platino;1265;Music Top;HD;Variedades;Si
Colombia;Pospago;Platino;1266;Tierra Mía HD;HD;Variedades;Si
Colombia;Pospago;Platino;1270;Latina TV;HD;Variedades;Si
Colombia;Pospago;Platino;1273;INTI Network HD;HD;Variedades;Si
Colombia;Pospago;Platino;1304;Cartoon Network HD;HD;Infantil;Si
Colombia;Pospago;Platino;1308;Nick HD;HD;Infantil;Si
Colombia;Pospago;Platino;1309;Nick Jr. HD;HD;Infantil;Si
Colombia;Pospago;Platino;1312;Disney Channel HD;HD;Infantil;Si
Colombia;Pospago;Platino;1315;Disney Junior HD;HD;Infantil;Si
Colombia;Pospago;Platino;1317;BabyTV;SD;Infantil;Si
Colombia;Pospago;Platino;1318;Plim Plim;HD;Infantil;Si
Colombia;Pospago;Platino;1319;El Reino Infantil;HD;Infantil;Si
Colombia;Pospago;Platino;1330;Discovery Kids HD;HD;Infantil;Si
Colombia;Pospago;Platino;1502;TNT HD;HD;Cine;Si
Colombia;Pospago;Platino;1503;Golden HD;HD;Cine;Si
Colombia;Pospago;Platino;1506;Sony Movies;HD;Cine;Si
Colombia;Pospago;Platino;1507;Cine HD;HD;Cine;Si
Colombia;Pospago;Platino;1508;Studio Universal HD;HD;Cine;Si
Colombia;Pospago;Platino;1509;Cinemax HD;HD;Cine;Si
Colombia;Pospago;Platino;1510;Mórbido TV;HD;Cine;Si
Colombia;Pospago;Platino;1513;DHE HD;HD;Cine;Si
Colombia;Pospago;Platino;1518;Space HD;HD;Cine;Si
Colombia;Pospago;Platino;1524;HBO HD;HD;Cine;Si
Colombia;Pospago;Platino;1525;HBO 2 HD;HD;Cine;Si
Colombia;Pospago;Platino;1528;HBO Signature HD;HD;Cine;Si
Colombia;Pospago;Platino;1532;HBO Plus HD;HD;Cine;Si
Colombia;Pospago;Platino;1534;HBO Family HD;HD;Cine;Si
Colombia;Pospago;Platino;1542;HBO Xtreme HD;HD;Cine;Si
Colombia;Pospago;Platino;1571;Universal Premiere Este;HD;PPV;No
Colombia;Pospago;Platino;1572;Universal Cinema;HD;PPV;No
Colombia;Pospago;Platino;1573;Universal Comedy;HD;PPV;No
Colombia;Pospago;Platino;1574;Universal Crime Este;HD;PPV;No
Colombia;Pospago;Platino;1575;Universal Reality;HD;PPV;No
Colombia;Pospago;Platino;1576;Universal Premiere Oeste;HD;PPV;No
Colombia;Pospago;Platino;1577;Universal Cinema Oeste;HD;PPV;No
Colombia;Pospago;Platino;1610;DSports HD;HD;Deportes;Si
Colombia;Pospago;Platino;1612;DSports 2 HD;HD;Deportes;Si
Colombia;Pospago;Platino;1613;DSports+ HD;HD;Deportes;Si
Colombia;Pospago;Platino;1621;ESPN HD;HD;Deportes;Si
Colombia;Pospago;Platino;1622;ESPN 2 HD;HD;Deportes;Si
Colombia;Pospago;Platino;1623;ESPN 3 HD;HD;Deportes;Si
Colombia;Pospago;Platino;1624;ESPN 4 HD;HD;Deportes;Si
Colombia;Pospago;Platino;1625;ESPN 5 HD;HD;Deportes;Si
Colombia;Pospago;Platino;1626;ESPN 6 HD;HD;Deportes;Si
Colombia;Pospago;Platino;1627;ESPN 7 HD;HD;Deportes;Si
Colombia;Pospago;Platino;1628;Golf Channel HD;HD;Deportes;Si
Colombia;Pospago;Platino;1631;DSports Show;HD;Deportes;No
Colombia;Pospago;Platino;1633;Win Sports HD;HD;Deportes;Si
Colombia;Pospago;Platino;1634;Win Sports Mas;HD;Deportes;No
Colombia;Pospago;Platino;1636;One Baseball Network;HD;PPV;No
Colombia;Pospago;Platino;1639;PX Sports;HD;Deportes;Si
Colombia;Pospago;Platino;1700;DNews HD;HD;Mundo;Si
Colombia;Pospago;Platino;1730;National Geographic HD;HD;Mundo;Si
Colombia;Pospago;Platino;1731;Discovery Theater HD;HD;Mundo;Si
Colombia;Pospago;Platino;1732;Discovery Channel HD;HD;Mundo;Si
Colombia;Pospago;Platino;1734;Animal Planet HD;HD;Mundo;Si
Colombia;Pospago;Platino;1738;Discovery World HD;HD;Mundo;Si
Colombia;Pospago;Platino;1740;Discovery Travel & Living Channel (TLC) HD;HD;Mundo;Si
Colombia;Pospago;Platino;1742;History Channel HD;HD;Mundo;Si
Colombia;Pospago;Platino;1744;History 2 HD;HD;Mundo;Si
Colombia;Pospago;Platino;1750;Encuentro Internacional HD;HD;Variedades;Si
Colombia;Pospago;Platino;1762;Antena 3 Internacional HD;HD;Mundo;Si
Colombia;Pospago;Platino;1764;France 24 Español;HD;Mundo;Si
Colombia;Pospago;Platino;4000;Directv 4K;4K;4K;No
Colombia;Pospago;Plata HD;117;TV Familia;SD;Religioso;Si
Colombia;Pospago;Plata HD;127;DShow;SD;Variedades;Si
Colombia;Pospago;Plata HD;129;Directv Place;SD;Variedades;No
Colombia;Pospago;Plata HD;130;RCN;SD;Nacional;Si
Colombia;Pospago;Plata HD;132;Caracol Internacional;SD;Nacional;Si
Colombia;Pospago;Plata HD;133;City TV;SD;Nacional;Si
Colombia;Pospago;Plata HD;134;Caracol Internacional;SD;Nacional;Si
Colombia;Pospago;Plata HD;135;RCN Nuestra Tele;SD;Nacional;Si
Colombia;Pospago;Plata HD;136;Canal UNO;SD;Nacional;Si
Colombia;Pospago;Plata HD;137;Señal Colombia;SD;Nacional;Si
Colombia;Pospago;Plata HD;138;Señal Institucional;SD;Nacional;Si
Colombia;Pospago;Plata HD;139;Canal Congreso;SD;Nacional;Si
Colombia;Pospago;Plata HD;140;Teleantioquia;SD;Nacional;Si
Colombia;Pospago;Plata HD;141;Telepacifico;SD;Nacional;Si
Colombia;Pospago;Plata HD;142;Telecaribe;SD;Nacional;Si
Colombia;Pospago;Plata HD;143;Canal Capital;SD;Nacional;Si
Colombia;Pospago;Plata HD;144;Telecafé;SD;Nacional;Si
Colombia;Pospago;Plata HD;145;NTN 24 NOTICIAS;SD;Nacional;Si
Colombia;Pospago;Plata HD;146;El Tiempo TV;SD;Nacional;Si
Colombia;Pospago;Plata HD;147;Cable Noticias;SD;Nacional;Si
Colombia;Pospago;Plata HD;148;TRO;SD;Nacional;Si
Colombia;Pospago;Plata HD;149;Trece;SD;Nacional;Si
Colombia;Pospago;Plata HD;150;Teleislas;SD;Nacional;Si
Colombia;Pospago;Plata HD;151;Telemedellin;SD;Nacional;Si
Colombia;Pospago;Plata HD;152;TV Agro;SD;Local;Si
Colombia;Pospago;Plata HD;202;Star Channel;SD;Variedades;Si
Colombia;Pospago;Plata HD;204;Star Channel HD;HD;Cine;Si
Colombia;Pospago;Plata HD;206;Warner Channel;SD;Variedades;Si
Colombia;Pospago;Plata HD;207;A&E;SD;Variedades;Si
Colombia;Pospago;Plata HD;208;Sony;SD;Variedades;Si
Colombia;Pospago;Plata HD;209;AXN;SD;Variedades;Si
Colombia;Pospago;Plata HD;210;AMC;SD;Variedades;Si
Colombia;Pospago;Plata HD;213;TNT Series;SD;Variedades;No
Colombia;Pospago;Plata HD;214;Atres Series;SD;Variedades;Si
Colombia;Pospago;Plata HD;215;Comedy Central;SD;Variedades;Si
Colombia;Pospago;Plata HD;216;TNT Novelas;SD;Variedades;Si
Colombia;Pospago;Plata HD;217;FX;SD;Variedades;Si
Colombia;Pospago;Plata HD;218;Universal TV;SD;Variedades;Si
Colombia;Pospago;Plata HD;219;USA Network;SD;Variedades;No
Colombia;Pospago;Plata HD;220;Adult Swim;SD;Variedades;No
Colombia;Pospago;Plata HD;221;¡Hola! TV;SD;Variedades;Si
Colombia;Pospago;Plata HD;222;E! Entertainment;SD;Variedades;Si
Colombia;Pospago;Plata HD;223;Investigation Discovery (ID);SD;Variedades;Si
Colombia;Pospago;Plata HD;226;El Canal de las Estrellas;SD;Variedades;Si
Colombia;Pospago;Plata HD;227;TLnovelas;SD;Variedades;Si
Colombia;Pospago;Plata HD;228;Lifetime;SD;Variedades;Si
Colombia;Pospago;Plata HD;229;Discovery Home & Health;SD;Variedades;Si
Colombia;Pospago;Plata HD;230;Más Chic;SD;Variedades;Si
Colombia;Pospago;Plata HD;231;Telemundo;SD;Variedades;Si
Colombia;Pospago;Plata HD;232;El Gourmet;SD;Variedades;Si
Colombia;Pospago;Plata HD;233;Food Network;SD;Variedades;Si
Colombia;Pospago;Plata HD;264;MTV;SD;Variedades;Si
Colombia;Pospago;Plata HD;269;Quiero Música en Mi Idioma (QMusic);SD;Variedades;Si
Colombia;Pospago;Plata HD;270;Mi Gente 3.0;SD;Variedades;Si
Colombia;Pospago;Plata HD;304;Cartoon Network;SD;Infantil;Si
Colombia;Pospago;Plata HD;308;Nickelodeon;SD;Infantil;Si
Colombia;Pospago;Plata HD;309;Nick Jr.;SD;Infantil;Si
Colombia;Pospago;Plata HD;310;TeenNick;SD;Infantil;Si
Colombia;Pospago;Plata HD;312;Disney Channel HD;HD;Infantil;No
Colombia;Pospago;Plata HD;314;Disney Channel;SD;Infantil;Si
Colombia;Pospago;Plata HD;315;Disney Junior;SD;Infantil;Si
Colombia;Pospago;Plata HD;317;BabyTV;SD;Infantil;Si
Colombia;Pospago;Plata HD;318;Plim Plim;SD;Infantil;No
Colombia;Pospago;Plata HD;319;El Reino Infantil;SD;Infantil;No
Colombia;Pospago;Plata HD;330;Discovery Kids;SD;Infantil;Si
Colombia;Pospago;Plata HD;334;Cartoonito;SD;Infantil;Si
Colombia;Pospago;Plata HD;350;EWTN;SD;Religioso;Si
Colombia;Pospago;Plata HD;351;Orbe 21;SD;Religioso;Si
Colombia;Pospago;Plata HD;352;Enlace;SD;Religioso;Si
Colombia;Pospago;Plata HD;353;Cristovisión;SD;Religioso;Si
Colombia;Pospago;Plata HD;358;DayStar;SD;Religioso;Si
Colombia;Pospago;Plata HD;464;Playboy TV;SD;Adultos;No
Colombia;Pospago;Plata HD;468;Venus;SD;Adultos;No
Colombia;Pospago;Plata HD;469;XTSY;SD;Adultos;No
Colombia;Pospago;Plata HD;470;Hustler TV HD;SD;Adultos;No
Colombia;Pospago;Plata HD;502;TNT;SD;Cine;Si
Colombia;Pospago;Plata HD;503;Golden;SD;Cine;Si
Colombia;Pospago;Plata HD;506;Sony Movies;SD;Cine;Si
Colombia;Pospago;Plata HD;507;Cinecanal;SD;Cine;Si
Colombia;Pospago;Plata HD;508;Studio Universal;SD;Cine;Si
Colombia;Pospago;Plata HD;509;Cinemax;SD;Cine;Si
Colombia;Pospago;Plata HD;510;Mórbido TV;SD;Cine;Si
Colombia;Pospago;Plata HD;513;DHE;SD;Cine;No
Colombia;Pospago;Plata HD;516;De Película;SD;Cine;Si
Colombia;Pospago;Plata HD;517;Golden Edge;SD;Cine;No
Colombia;Pospago;Plata HD;518;Space;SD;Cine;Si
Colombia;Pospago;Plata HD;524;HBO;SD;Cine;No
Colombia;Pospago;Plata HD;525;HBO 2;SD;Cine;No
Colombia;Pospago;Plata HD;526;HBO Plus HD;SD;Cine;No
Colombia;Pospago;Plata HD;528;HBO Signature;SD;Cine;No
Colombia;Pospago;Plata HD;534;HBO Family;SD;Cine;No
Colombia;Pospago;Plata HD;540;HBO Mundi;SD;Cine;No
Colombia;Pospago;Plata HD;541;HBO Pop;SD;Cine;No
Colombia;Pospago;Plata HD;542;HBO Xtreme;SD;Cine;No
Colombia;Pospago;Plata HD;571;Universal Premiere Este;SD;PPV;No
Colombia;Pospago;Plata HD;572;Universal Cinema;SD;PPV;No
Colombia;Pospago;Plata HD;573;Universal Comedy;SD;PPV;No
Colombia;Pospago;Plata HD;574;Universal Crime Este;SD;PPV;No
Colombia;Pospago;Plata HD;575;Universal Reality;SD;PPV;No
Colombia;Pospago;Plata HD;576;Universal Premiere Oeste;SD;PPV;No
Colombia;Pospago;Plata HD;577;Universal Cinema Oeste;SD;PPV;No
Colombia;Pospago;Plata HD;610;DSports;SD;Deportes;Si
Colombia;Pospago;Plata HD;612;DSports 2;SD;Deportes;Si
Colombia;Pospago;Plata HD;613;DSports+;SD;Deportes;Si
Colombia;Pospago;Plata HD;621;ESPN;SD;Deportes;Si
Colombia;Pospago;Plata HD;622;ESPN 2;SD;Deportes;Si
Colombia;Pospago;Plata HD;623;ESPN 3;SD;Deportes;Si
Colombia;Pospago;Plata HD;625;ESPN 5;SD;Deportes;Si
Colombia;Pospago;Plata HD;626;ESPN 6;SD;Deportes;Si
Colombia;Pospago;Plata HD;627;ESPN 7;SD;Deportes;Si
Colombia;Pospago;Plata HD;628;Golf Channel Latinoamérica;SD;Deportes;No
Colombia;Pospago;Plata HD;629;TyC Sports Internacional;SD;Deportes;No
Colombia;Pospago;Plata HD;631;DSports Radio;Radio;Radio;Si
Colombia;Pospago;Plata HD;633;Win Sports;SD;Deportes;Si
Colombia;Pospago;Plata HD;634;Win Sports Mas;SD;PPV;No
Colombia;Pospago;Plata HD;700;DNews;SD;Mundo;Si
Colombia;Pospago;Plata HD;704;CNN en Español;SD;Mundo;Si
Colombia;Pospago;Plata HD;706;CNN International;SD;Mundo;No
Colombia;Pospago;Plata HD;707;CNN Chile;SD;Mundo;No
Colombia;Pospago;Plata HD;708;TVN 24 HORAS;SD;Mundo;No
Colombia;Pospago;Plata HD;710;Bloomberg;SD;Mundo;No
Colombia;Pospago;Plata HD;716;Todo Noticias (TN);SD;Mundo;Si
Colombia;Pospago;Plata HD;720;Canal 26;SD;Mundo;Si
Colombia;Pospago;Plata HD;726;Canal Rural;SD;Mundo;Si
Colombia;Pospago;Plata HD;730;National Geographic;SD;Mundo;Si
Colombia;Pospago;Plata HD;732;Discovery Channel;SD;Mundo;Si
Colombia;Pospago;Plata HD;734;Animal Planet;SD;Mundo;Si
Colombia;Pospago;Plata HD;736;Discovery Turbo;SD;Mundo;No
Colombia;Pospago;Plata HD;740;Discovery Travel & Living Channel (TLC);SD;Mundo;Si
Colombia;Pospago;Plata HD;742;History Channel;SD;Mundo;Si
Colombia;Pospago;Plata HD;744;History 2;SD;Mundo;Si
Colombia;Pospago;Plata HD;760;Univision;SD;Mundo;No
Colombia;Pospago;Plata HD;762;Antena 3 Internacional;SD;Mundo;Si
Colombia;Pospago;Plata HD;764;France 24 Español;SD;Mundo;Si
Colombia;Pospago;Plata HD;766;Rai Italia;SD;Mundo;No
Colombia;Pospago;Plata HD;768;BBC WORLD;SD;Mundo;No
Colombia;Pospago;Plata HD;770;Deutsche Welle (DW) Español;SD;Mundo;No
Colombia;Pospago;Plata HD;772;Caracol Internacional;SD;Mundo;No
Colombia;Pospago;Plata HD;774;TV Chile Internacional;SD;Mundo;Si
Colombia;Pospago;Plata HD;776;TV Globo;SD;Mundo;No
Colombia;Pospago;Plata HD;778;RTP;SD;Mundo;No
Colombia;Pospago;Plata HD;780;ZEE TV;SD;Mundo;No
Colombia;Pospago;Plata HD;782;NHK World;SD;Mundo;No
Colombia;Pospago;Plata HD;784;El Trece;SD;Mundo;Si
Colombia;Pospago;Plata HD;786;Telefe;SD;Mundo;Si
Colombia;Pospago;Plata HD;790;CGTN;SD;Mundo;Si
Colombia;Pospago;Plata HD;980;Unión Radio Noticias;Radio;Radio;Si
Colombia;Pospago;Plata HD;982;Radio Caracol;Radio;Radio;Si
Colombia;Pospago;Plata HD;984;Radio France Internacional;Radio;Radio;Si
Colombia;Pospago;Plata HD;985;Fiesta 106.5;Radio;Radio;No
Colombia;Pospago;Plata HD;991;La FM Plus;Radio;Radio;Si
Colombia;Pospago;Plata HD;992;Alerta Bogota;Radio;Radio;Si
Colombia;Pospago;Plata HD;993;La W Radio;Radio;Radio;Si
Colombia;Pospago;Plata HD;1127;DShow;HD;Variedades;Si
Colombia;Pospago;Plata HD;1130;RCN HD;HD;Nacional;Si
Colombia;Pospago;Plata HD;1132;Caracol TV HD;HD;Nacional;Si
Colombia;Pospago;Plata HD;1136;Canal UNO;HD;Nacional;Si
Colombia;Pospago;Plata HD;1137;Señal Colombia HD;HD;Nacional;Si
Colombia;Pospago;Plata HD;1138;Señal Institucional HD;HD;Nacional;Si
Colombia;Pospago;Plata HD;1140;Teleantioquia HD;HD;Nacional;Si
Colombia;Pospago;Plata HD;1141;Telepacifico;HD;Nacional;Si
Colombia;Pospago;Plata HD;1142;Telecaribe HD;HD;Nacional;Si
Colombia;Pospago;Plata HD;1147;Cable Noticias HD;HD;Local;Si
Colombia;Pospago;Plata HD;1204;Star Channel HD;HD;Variedades;Si
Colombia;Pospago;Plata HD;1206;Warner Channel HD;HD;Variedades;Si
Colombia;Pospago;Plata HD;1207;A&E HD;HD;Variedades;Si
Colombia;Pospago;Plata HD;1208;Sony HD;HD;Variedades;Si
Colombia;Pospago;Plata HD;1209;AXN HD;HD;Variedades;Si
Colombia;Pospago;Plata HD;1210;AMC HD;HD;Variedades;Si
Colombia;Pospago;Plata HD;1213;TNT Series HD;HD;Variedades;No
Colombia;Pospago;Plata HD;1214;Atres Series HD;HD;Variedades;Si
Colombia;Pospago;Plata HD;1215;Comedy Central HD;HD;Variedades;Si
Colombia;Pospago;Plata HD;1217;FX HD;HD;Variedades;Si
Colombia;Pospago;Plata HD;1218;Universal TV HD;HD;Variedades;Si
Colombia;Pospago;Plata HD;1219;USA Network HD;HD;Variedades;No
Colombia;Pospago;Plata HD;1221;Hola TV HD;HD;Variedades;Si
Colombia;Pospago;Plata HD;1222;E! Entertainment HD;HD;Variedades;Si
Colombia;Pospago;Plata HD;1223;Investigation Discovery (ID) HD;HD;Variedades;Si
Colombia;Pospago;Plata HD;1228;Lifetime HD;HD;Variedades;Si
Colombia;Pospago;Plata HD;1229;Discovery Home & Health HD;HD;Variedades;Si
Colombia;Pospago;Plata HD;1231;Alacocina TV;HD;Variedades;Si
Colombia;Pospago;Plata HD;1232;El Gourmet HD;HD;Variedades;Si
Colombia;Pospago;Plata HD;1233;Food Network;HD;Variedades;Si
Colombia;Pospago;Plata HD;1234;HGTV HD;HD;Variedades;No
Colombia;Pospago;Plata HD;1236;VePlus HD;HD;Variedades;Si
Colombia;Pospago;Plata HD;1264;MTV HD;HD;Variedades;Si
Colombia;Pospago;Plata HD;1265;Music Top;HD;Variedades;Si
Colombia;Pospago;Plata HD;1266;Tierra Mía HD;HD;Variedades;Si
Colombia;Pospago;Plata HD;1270;Latina TV;HD;Variedades;Si
Colombia;Pospago;Plata HD;1273;INTI Network HD;HD;Variedades;No
Colombia;Pospago;Plata HD;1304;Cartoon Network HD;HD;Infantil;Si
Colombia;Pospago;Plata HD;1308;Nick HD;HD;Infantil;Si
Colombia;Pospago;Plata HD;1309;Nick Jr. HD;HD;Infantil;No
Colombia;Pospago;Plata HD;1312;Disney Channel HD;HD;Infantil;Si
Colombia;Pospago;Plata HD;1315;Disney Junior HD;HD;Infantil;Si
Colombia;Pospago;Plata HD;1317;BabyTV;SD;Infantil;Si
Colombia;Pospago;Plata HD;1318;Plim Plim;HD;Infantil;No
Colombia;Pospago;Plata HD;1319;El Reino Infantil;HD;Infantil;No
Colombia;Pospago;Plata HD;1330;Discovery Kids HD;HD;Infantil;Si
Colombia;Pospago;Plata HD;1502;TNT HD;HD;Cine;Si
Colombia;Pospago;Plata HD;1503;Golden HD;HD;Cine;Si
Colombia;Pospago;Plata HD;1506;Sony Movies;HD;Cine;Si
Colombia;Pospago;Plata HD;1507;Cine HD;HD;Cine;Si
Colombia;Pospago;Plata HD;1508;Studio Universal HD;HD;Cine;Si
Colombia;Pospago;Plata HD;1509;Cinemax HD;HD;Cine;Si
Colombia;Pospago;Plata HD;1510;Mórbido TV;HD;Cine;Si
Colombia;Pospago;Plata HD;1513;DHE HD;HD;Cine;No
Colombia;Pospago;Plata HD;1518;Space HD;HD;Cine;Si
Colombia;Pospago;Plata HD;1524;HBO HD;HD;Cine;No
Colombia;Pospago;Plata HD;1525;HBO 2 HD;HD;Cine;No
Colombia;Pospago;Plata HD;1528;HBO Signature HD;HD;Cine;No
Colombia;Pospago;Plata HD;1532;HBO Plus HD;HD;Cine;No
Colombia;Pospago;Plata HD;1534;HBO Family HD;HD;Cine;No
Colombia;Pospago;Plata HD;1542;HBO Xtreme HD;HD;Cine;No
Colombia;Pospago;Plata HD;1571;Universal Premiere Este;HD;PPV;No
Colombia;Pospago;Plata HD;1572;Universal Cinema;HD;PPV;No
Colombia;Pospago;Plata HD;1573;Universal Comedy;HD;PPV;No
Colombia;Pospago;Plata HD;1574;Universal Crime Este;HD;PPV;No
Colombia;Pospago;Plata HD;1575;Universal Reality;HD;PPV;No
Colombia;Pospago;Plata HD;1576;Universal Premiere Oeste;HD;PPV;No
Colombia;Pospago;Plata HD;1577;Universal Cinema Oeste;HD;PPV;No
Colombia;Pospago;Plata HD;1610;DSports HD;HD;Deportes;Si
Colombia;Pospago;Plata HD;1612;DSports 2 HD;HD;Deportes;Si
Colombia;Pospago;Plata HD;1613;DSports+ HD;HD;Deportes;Si
Colombia;Pospago;Plata HD;1621;ESPN HD;HD;Deportes;Si
Colombia;Pospago;Plata HD;1622;ESPN 2 HD;HD;Deportes;Si
Colombia;Pospago;Plata HD;1623;ESPN 3 HD;HD;Deportes;Si
Colombia;Pospago;Plata HD;1624;ESPN 4 HD;HD;Deportes;No
Colombia;Pospago;Plata HD;1625;ESPN 5 HD;HD;Deportes;Si
Colombia;Pospago;Plata HD;1626;ESPN 6 HD;HD;Deportes;Si
Colombia;Pospago;Plata HD;1627;ESPN 7 HD;HD;Deportes;Si
Colombia;Pospago;Plata HD;1628;Golf Channel HD;HD;Deportes;No
Colombia;Pospago;Plata HD;1631;DSports Show;HD;Deportes;Si
Colombia;Pospago;Plata HD;1633;Win Sports HD;HD;Deportes;Si
Colombia;Pospago;Plata HD;1634;Win Sports Mas;HD;Deportes;No
Colombia;Pospago;Plata HD;1636;One Baseball Network;HD;PPV;No
Colombia;Pospago;Plata HD;1639;PX Sports;HD;Deportes;No
Colombia;Pospago;Plata HD;1700;DNews HD;HD;Mundo;Si
Colombia;Pospago;Plata HD;1730;National Geographic HD;HD;Mundo;Si
Colombia;Pospago;Plata HD;1731;Discovery Theater HD;HD;Mundo;Si
Colombia;Pospago;Plata HD;1732;Discovery Channel HD;HD;Mundo;Si
Colombia;Pospago;Plata HD;1734;Animal Planet HD;HD;Mundo;Si
Colombia;Pospago;Plata HD;1738;Discovery World HD;HD;Mundo;No
Colombia;Pospago;Plata HD;1740;Discovery Travel & Living Channel (TLC) HD;HD;Mundo;Si
Colombia;Pospago;Plata HD;1742;History Channel HD;HD;Mundo;Si
Colombia;Pospago;Plata HD;1744;History 2 HD;HD;Mundo;Si
Colombia;Pospago;Plata HD;1750;Encuentro Internacional HD;HD;Variedades;No
Colombia;Pospago;Plata HD;1762;Antena 3 Internacional HD;HD;Mundo;Si
Colombia;Pospago;Plata HD;1764;France 24 Español;HD;Mundo;Si
Colombia;Pospago;Plata HD;4000;Directv 4K;4K;4K;No
Colombia;Pospago;Familia Mas;117;TV Familia;SD;Religioso;No
Colombia;Pospago;Familia Mas;127;DShow;SD;Variedades;Si
Colombia;Pospago;Familia Mas;129;Directv Place;SD;Variedades;No
Colombia;Pospago;Familia Mas;130;RCN;SD;Nacional;Si
Colombia;Pospago;Familia Mas;132;Caracol Internacional;SD;Nacional;Si
Colombia;Pospago;Familia Mas;133;City TV;SD;Nacional;Si
Colombia;Pospago;Familia Mas;134;Caracol Internacional;SD;Nacional;Si
Colombia;Pospago;Familia Mas;135;RCN Nuestra Tele;SD;Nacional;Si
Colombia;Pospago;Familia Mas;136;Canal UNO;SD;Nacional;Si
Colombia;Pospago;Familia Mas;137;Señal Colombia;SD;Nacional;Si
Colombia;Pospago;Familia Mas;138;Señal Institucional;SD;Nacional;Si
Colombia;Pospago;Familia Mas;139;Canal Congreso;SD;Nacional;Si
Colombia;Pospago;Familia Mas;140;Teleantioquia;SD;Nacional;Si
Colombia;Pospago;Familia Mas;141;Telepacifico;SD;Nacional;Si
Colombia;Pospago;Familia Mas;142;Telecaribe;SD;Nacional;Si
Colombia;Pospago;Familia Mas;143;Canal Capital;SD;Nacional;Si
Colombia;Pospago;Familia Mas;144;Telecafé;SD;Nacional;Si
Colombia;Pospago;Familia Mas;145;NTN 24 NOTICIAS;SD;Nacional;Si
Colombia;Pospago;Familia Mas;146;El Tiempo TV;SD;Nacional;Si
Colombia;Pospago;Familia Mas;147;Cable Noticias;SD;Nacional;Si
Colombia;Pospago;Familia Mas;148;TRO;SD;Nacional;Si
Colombia;Pospago;Familia Mas;149;Trece;SD;Nacional;Si
Colombia;Pospago;Familia Mas;150;Teleislas;SD;Nacional;Si
Colombia;Pospago;Familia Mas;151;Telemedellin;SD;Nacional;Si
Colombia;Pospago;Familia Mas;152;TV Agro;SD;Local;Si
Colombia;Pospago;Familia Mas;202;Star Channel;SD;Variedades;Si
Colombia;Pospago;Familia Mas;204;Star Channel HD;HD;Cine;No
Colombia;Pospago;Familia Mas;206;Warner Channel;SD;Variedades;Si
Colombia;Pospago;Familia Mas;207;A&E;SD;Variedades;Si
Colombia;Pospago;Familia Mas;208;Sony;SD;Variedades;Si
Colombia;Pospago;Familia Mas;209;AXN;SD;Variedades;No
Colombia;Pospago;Familia Mas;210;AMC;SD;Variedades;No
Colombia;Pospago;Familia Mas;213;TNT Series;SD;Variedades;No
Colombia;Pospago;Familia Mas;214;Atres Series;SD;Variedades;No
Colombia;Pospago;Familia Mas;215;Comedy Central;SD;Variedades;No
Colombia;Pospago;Familia Mas;216;TNT Novelas;SD;Variedades;No
Colombia;Pospago;Familia Mas;217;FX;SD;Variedades;Si
Colombia;Pospago;Familia Mas;218;Universal TV;SD;Variedades;Si
Colombia;Pospago;Familia Mas;219;USA Network;SD;Variedades;No
Colombia;Pospago;Familia Mas;220;Adult Swim;SD;Variedades;No
Colombia;Pospago;Familia Mas;221;¡Hola! TV;SD;Variedades;No
Colombia;Pospago;Familia Mas;222;E! Entertainment;SD;Variedades;Si
Colombia;Pospago;Familia Mas;223;Investigation Discovery (ID);SD;Variedades;Si
Colombia;Pospago;Familia Mas;226;El Canal de las Estrellas;SD;Variedades;No
Colombia;Pospago;Familia Mas;227;TLnovelas;SD;Variedades;No
Colombia;Pospago;Familia Mas;228;Lifetime;SD;Variedades;No
Colombia;Pospago;Familia Mas;229;Discovery Home & Health;SD;Variedades;Si
Colombia;Pospago;Familia Mas;230;Más Chic;SD;Variedades;No
Colombia;Pospago;Familia Mas;231;Telemundo;SD;Variedades;No
Colombia;Pospago;Familia Mas;232;El Gourmet;SD;Variedades;Si
Colombia;Pospago;Familia Mas;233;Food Network;SD;Variedades;No
Colombia;Pospago;Familia Mas;264;MTV;SD;Variedades;Si
Colombia;Pospago;Familia Mas;269;Quiero Música en Mi Idioma (QMusic);SD;Variedades;No
Colombia;Pospago;Familia Mas;270;Mi Gente 3.0;SD;Variedades;Si
Colombia;Pospago;Familia Mas;304;Cartoon Network;SD;Infantil;Si
Colombia;Pospago;Familia Mas;308;Nickelodeon;SD;Infantil;Si
Colombia;Pospago;Familia Mas;309;Nick Jr.;SD;Infantil;No
Colombia;Pospago;Familia Mas;310;TeenNick;SD;Infantil;No
Colombia;Pospago;Familia Mas;312;Disney Channel HD;HD;Infantil;No
Colombia;Pospago;Familia Mas;314;Disney Channel;SD;Infantil;Si
Colombia;Pospago;Familia Mas;315;Disney Junior;SD;Infantil;Si
Colombia;Pospago;Familia Mas;317;BabyTV;SD;Infantil;No
Colombia;Pospago;Familia Mas;318;Plim Plim;SD;Infantil;No
Colombia;Pospago;Familia Mas;319;El Reino Infantil;SD;Infantil;No
Colombia;Pospago;Familia Mas;330;Discovery Kids;SD;Infantil;Si
Colombia;Pospago;Familia Mas;334;Cartoonito;SD;Infantil;No
Colombia;Pospago;Familia Mas;350;EWTN;SD;Religioso;No
Colombia;Pospago;Familia Mas;351;Orbe 21;SD;Religioso;No
Colombia;Pospago;Familia Mas;352;Enlace;SD;Religioso;No
Colombia;Pospago;Familia Mas;353;Cristovisión;SD;Religioso;Si
Colombia;Pospago;Familia Mas;358;DayStar;SD;Religioso;No
Colombia;Pospago;Familia Mas;464;Playboy TV;SD;Adultos;No
Colombia;Pospago;Familia Mas;468;Venus;SD;Adultos;No
Colombia;Pospago;Familia Mas;469;XTSY;SD;Adultos;No
Colombia;Pospago;Familia Mas;470;Hustler TV HD;SD;Adultos;No
Colombia;Pospago;Familia Mas;502;TNT;SD;Cine;Si
Colombia;Pospago;Familia Mas;503;Golden;SD;Cine;No
Colombia;Pospago;Familia Mas;506;Sony Movies;SD;Cine;No
Colombia;Pospago;Familia Mas;507;Cinecanal;SD;Cine;Si
Colombia;Pospago;Familia Mas;508;Studio Universal;SD;Cine;Si
Colombia;Pospago;Familia Mas;509;Cinemax;SD;Cine;No
Colombia;Pospago;Familia Mas;510;Mórbido TV;SD;Cine;No
Colombia;Pospago;Familia Mas;513;DHE;SD;Cine;No
Colombia;Pospago;Familia Mas;516;De Película;SD;Cine;No
Colombia;Pospago;Familia Mas;517;Golden Edge;SD;Cine;No
Colombia;Pospago;Familia Mas;518;Space;SD;Cine;Si
Colombia;Pospago;Familia Mas;524;HBO;SD;Cine;No
Colombia;Pospago;Familia Mas;525;HBO 2;SD;Cine;No
Colombia;Pospago;Familia Mas;526;HBO Plus HD;SD;Cine;No
Colombia;Pospago;Familia Mas;528;HBO Signature;SD;Cine;No
Colombia;Pospago;Familia Mas;534;HBO Family;SD;Cine;No
Colombia;Pospago;Familia Mas;540;HBO Mundi;SD;Cine;No
Colombia;Pospago;Familia Mas;541;HBO Pop;SD;Cine;No
Colombia;Pospago;Familia Mas;542;HBO Xtreme;SD;Cine;No
Colombia;Pospago;Familia Mas;571;Universal Premiere Este;SD;PPV;No
Colombia;Pospago;Familia Mas;572;Universal Cinema;SD;PPV;No
Colombia;Pospago;Familia Mas;573;Universal Comedy;SD;PPV;No
Colombia;Pospago;Familia Mas;574;Universal Crime Este;SD;PPV;No
Colombia;Pospago;Familia Mas;575;Universal Reality;SD;PPV;No
Colombia;Pospago;Familia Mas;576;Universal Premiere Oeste;SD;PPV;No
Colombia;Pospago;Familia Mas;577;Universal Cinema Oeste;SD;PPV;No
Colombia;Pospago;Familia Mas;610;DSports;SD;Deportes;No
Colombia;Pospago;Familia Mas;612;DSports 2;SD;Deportes;No
Colombia;Pospago;Familia Mas;613;DSports+;SD;Deportes;No
Colombia;Pospago;Familia Mas;621;ESPN;SD;Deportes;Si
Colombia;Pospago;Familia Mas;622;ESPN 2;SD;Deportes;Si
Colombia;Pospago;Familia Mas;623;ESPN 3;SD;Deportes;Si
Colombia;Pospago;Familia Mas;625;ESPN 5;SD;Deportes;No
Colombia;Pospago;Familia Mas;626;ESPN 6;SD;Deportes;Si
Colombia;Pospago;Familia Mas;627;ESPN 7;SD;Deportes;No
Colombia;Pospago;Familia Mas;628;Golf Channel Latinoamérica;SD;Deportes;No
Colombia;Pospago;Familia Mas;629;TyC Sports Internacional;SD;Deportes;No
Colombia;Pospago;Familia Mas;631;DSports Radio;Radio;Radio;No
Colombia;Pospago;Familia Mas;633;Win Sports;SD;Deportes;Si
Colombia;Pospago;Familia Mas;634;Win Sports Mas;SD;PPV;No
Colombia;Pospago;Familia Mas;700;DNews;SD;Mundo;Si
Colombia;Pospago;Familia Mas;704;CNN en Español;SD;Mundo;Si
Colombia;Pospago;Familia Mas;706;CNN International;SD;Mundo;No
Colombia;Pospago;Familia Mas;707;CNN Chile;SD;Mundo;No
Colombia;Pospago;Familia Mas;708;TVN 24 HORAS;SD;Mundo;No
Colombia;Pospago;Familia Mas;710;Bloomberg;SD;Mundo;No
Colombia;Pospago;Familia Mas;716;Todo Noticias (TN);SD;Mundo;No
Colombia;Pospago;Familia Mas;720;Canal 26;SD;Mundo;No
Colombia;Pospago;Familia Mas;726;Canal Rural;SD;Mundo;No
Colombia;Pospago;Familia Mas;730;National Geographic;SD;Mundo;Si
Colombia;Pospago;Familia Mas;732;Discovery Channel;SD;Mundo;Si
Colombia;Pospago;Familia Mas;734;Animal Planet;SD;Mundo;No
Colombia;Pospago;Familia Mas;736;Discovery Turbo;SD;Mundo;No
Colombia;Pospago;Familia Mas;740;Discovery Travel & Living Channel (TLC);SD;Mundo;No
Colombia;Pospago;Familia Mas;742;History Channel;SD;Mundo;No
Colombia;Pospago;Familia Mas;744;History 2;SD;Mundo;No
Colombia;Pospago;Familia Mas;760;Univision;SD;Mundo;No
Colombia;Pospago;Familia Mas;762;Antena 3 Internacional;SD;Mundo;No
Colombia;Pospago;Familia Mas;764;France 24 Español;SD;Mundo;No
Colombia;Pospago;Familia Mas;766;Rai Italia;SD;Mundo;No
Colombia;Pospago;Familia Mas;768;BBC WORLD;SD;Mundo;No
Colombia;Pospago;Familia Mas;770;Deutsche Welle (DW) Español;SD;Mundo;No
Colombia;Pospago;Familia Mas;772;Caracol Internacional;SD;Mundo;No
Colombia;Pospago;Familia Mas;774;TV Chile Internacional;SD;Mundo;No
Colombia;Pospago;Familia Mas;776;TV Globo;SD;Mundo;No
Colombia;Pospago;Familia Mas;778;RTP;SD;Mundo;No
Colombia;Pospago;Familia Mas;780;ZEE TV;SD;Mundo;No
Colombia;Pospago;Familia Mas;782;NHK World;SD;Mundo;No
Colombia;Pospago;Familia Mas;784;El Trece;SD;Mundo;No
Colombia;Pospago;Familia Mas;786;Telefe;SD;Mundo;No
Colombia;Pospago;Familia Mas;790;CGTN;SD;Mundo;No
Colombia;Pospago;Familia Mas;980;Unión Radio Noticias;Radio;Radio;No
Colombia;Pospago;Familia Mas;982;Radio Caracol;Radio;Radio;No
Colombia;Pospago;Familia Mas;984;Radio France Internacional;Radio;Radio;No
Colombia;Pospago;Familia Mas;985;Fiesta 106.5;Radio;Radio;No
Colombia;Pospago;Familia Mas;991;La FM Plus;Radio;Radio;No
Colombia;Pospago;Familia Mas;992;Alerta Bogota;Radio;Radio;No
Colombia;Pospago;Familia Mas;993;La W Radio;Radio;Radio;No
Colombia;Pospago;Familia Mas;1127;DShow;HD;Variedades;No
Colombia;Pospago;Familia Mas;1130;RCN HD;HD;Nacional;Si
Colombia;Pospago;Familia Mas;1132;Caracol TV HD;HD;Nacional;Si
Colombia;Pospago;Familia Mas;1136;Canal UNO;HD;Nacional;Si
Colombia;Pospago;Familia Mas;1137;Señal Colombia HD;HD;Nacional;Si
Colombia;Pospago;Familia Mas;1138;Señal Institucional HD;HD;Nacional;Si
Colombia;Pospago;Familia Mas;1140;Teleantioquia HD;HD;Nacional;Si
Colombia;Pospago;Familia Mas;1141;Telepacifico;HD;Nacional;Si
Colombia;Pospago;Familia Mas;1142;Telecaribe HD;HD;Nacional;Si
Colombia;Pospago;Familia Mas;1147;Cable Noticias HD;HD;Local;Si
Colombia;Pospago;Familia Mas;1204;Star Channel HD;HD;Variedades;Si
Colombia;Pospago;Familia Mas;1206;Warner Channel HD;HD;Variedades;Si
Colombia;Pospago;Familia Mas;1207;A&E HD;HD;Variedades;Si
Colombia;Pospago;Familia Mas;1208;Sony HD;HD;Variedades;Si
Colombia;Pospago;Familia Mas;1209;AXN HD;HD;Variedades;No
Colombia;Pospago;Familia Mas;1210;AMC HD;HD;Variedades;No
Colombia;Pospago;Familia Mas;1213;TNT Series HD;HD;Variedades;No
Colombia;Pospago;Familia Mas;1214;Atres Series HD;HD;Variedades;No
Colombia;Pospago;Familia Mas;1215;Comedy Central HD;HD;Variedades;No
Colombia;Pospago;Familia Mas;1217;FX HD;HD;Variedades;Si
Colombia;Pospago;Familia Mas;1218;Universal TV HD;HD;Variedades;Si
Colombia;Pospago;Familia Mas;1219;USA Network HD;HD;Variedades;No
Colombia;Pospago;Familia Mas;1221;Hola TV HD;HD;Variedades;No
Colombia;Pospago;Familia Mas;1222;E! Entertainment HD;HD;Variedades;Si
Colombia;Pospago;Familia Mas;1223;Investigation Discovery (ID) HD;HD;Variedades;Si
Colombia;Pospago;Familia Mas;1228;Lifetime HD;HD;Variedades;No
Colombia;Pospago;Familia Mas;1229;Discovery Home & Health HD;HD;Variedades;Si
Colombia;Pospago;Familia Mas;1231;Alacocina TV;HD;Variedades;Si
Colombia;Pospago;Familia Mas;1232;El Gourmet HD;HD;Variedades;Si
Colombia;Pospago;Familia Mas;1233;Food Network;HD;Variedades;No
Colombia;Pospago;Familia Mas;1234;HGTV HD;HD;Variedades;No
Colombia;Pospago;Familia Mas;1236;VePlus HD;HD;Variedades;No
Colombia;Pospago;Familia Mas;1264;MTV HD;HD;Variedades;Si
Colombia;Pospago;Familia Mas;1265;Music Top;HD;Variedades;No
Colombia;Pospago;Familia Mas;1266;Tierra Mía HD;HD;Variedades;No
Colombia;Pospago;Familia Mas;1270;Latina TV;HD;Variedades;Si
Colombia;Pospago;Familia Mas;1273;INTI Network HD;HD;Variedades;No
Colombia;Pospago;Familia Mas;1304;Cartoon Network HD;HD;Infantil;Si
Colombia;Pospago;Familia Mas;1308;Nick HD;HD;Infantil;Si
Colombia;Pospago;Familia Mas;1309;Nick Jr. HD;HD;Infantil;No
Colombia;Pospago;Familia Mas;1312;Disney Channel HD;HD;Infantil;Si
Colombia;Pospago;Familia Mas;1315;Disney Junior HD;HD;Infantil;Si
Colombia;Pospago;Familia Mas;1317;BabyTV;SD;Infantil;No
Colombia;Pospago;Familia Mas;1318;Plim Plim;HD;Infantil;No
Colombia;Pospago;Familia Mas;1319;El Reino Infantil;HD;Infantil;No
Colombia;Pospago;Familia Mas;1330;Discovery Kids HD;HD;Infantil;Si
Colombia;Pospago;Familia Mas;1502;TNT HD;HD;Cine;Si
Colombia;Pospago;Familia Mas;1503;Golden HD;HD;Cine;No
Colombia;Pospago;Familia Mas;1506;Sony Movies;HD;Cine;No
Colombia;Pospago;Familia Mas;1507;Cine HD;HD;Cine;Si
Colombia;Pospago;Familia Mas;1508;Studio Universal HD;HD;Cine;Si
Colombia;Pospago;Familia Mas;1509;Cinemax HD;HD;Cine;No
Colombia;Pospago;Familia Mas;1510;Mórbido TV;HD;Cine;No
Colombia;Pospago;Familia Mas;1513;DHE HD;HD;Cine;No
Colombia;Pospago;Familia Mas;1518;Space HD;HD;Cine;Si
Colombia;Pospago;Familia Mas;1524;HBO HD;HD;Cine;No
Colombia;Pospago;Familia Mas;1525;HBO 2 HD;HD;Cine;No
Colombia;Pospago;Familia Mas;1528;HBO Signature HD;HD;Cine;No
Colombia;Pospago;Familia Mas;1532;HBO Plus HD;HD;Cine;No
Colombia;Pospago;Familia Mas;1534;HBO Family HD;HD;Cine;No
Colombia;Pospago;Familia Mas;1542;HBO Xtreme HD;HD;Cine;No
Colombia;Pospago;Familia Mas;1571;Universal Premiere Este;HD;PPV;No
Colombia;Pospago;Familia Mas;1572;Universal Cinema;HD;PPV;No
Colombia;Pospago;Familia Mas;1573;Universal Comedy;HD;PPV;No
Colombia;Pospago;Familia Mas;1574;Universal Crime Este;HD;PPV;No
Colombia;Pospago;Familia Mas;1575;Universal Reality;HD;PPV;No
Colombia;Pospago;Familia Mas;1576;Universal Premiere Oeste;HD;PPV;No
Colombia;Pospago;Familia Mas;1577;Universal Cinema Oeste;HD;PPV;No
Colombia;Pospago;Familia Mas;1610;DSports HD;HD;Deportes;No
Colombia;Pospago;Familia Mas;1612;DSports 2 HD;HD;Deportes;No
Colombia;Pospago;Familia Mas;1613;DSports+ HD;HD;Deportes;No
Colombia;Pospago;Familia Mas;1621;ESPN HD;HD;Deportes;Si
Colombia;Pospago;Familia Mas;1622;ESPN 2 HD;HD;Deportes;Si
Colombia;Pospago;Familia Mas;1623;ESPN 3 HD;HD;Deportes;Si
Colombia;Pospago;Familia Mas;1624;ESPN 4 HD;HD;Deportes;No
Colombia;Pospago;Familia Mas;1625;ESPN 5 HD;HD;Deportes;No
Colombia;Pospago;Familia Mas;1626;ESPN 6 HD;HD;Deportes;Si
Colombia;Pospago;Familia Mas;1627;ESPN 7 HD;HD;Deportes;No
Colombia;Pospago;Familia Mas;1628;Golf Channel HD;HD;Deportes;No
Colombia;Pospago;Familia Mas;1631;DSports Show;HD;Deportes;No
Colombia;Pospago;Familia Mas;1633;Win Sports HD;HD;Deportes;Si
Colombia;Pospago;Familia Mas;1634;Win Sports Mas;HD;Deportes;No
Colombia;Pospago;Familia Mas;1636;One Baseball Network;HD;PPV;No
Colombia;Pospago;Familia Mas;1639;PX Sports;HD;Deportes;No
Colombia;Pospago;Familia Mas;1700;DNews HD;HD;Mundo;No
Colombia;Pospago;Familia Mas;1730;National Geographic HD;HD;Mundo;Si
Colombia;Pospago;Familia Mas;1731;Discovery Theater HD;HD;Mundo;No
Colombia;Pospago;Familia Mas;1732;Discovery Channel HD;HD;Mundo;Si
Colombia;Pospago;Familia Mas;1734;Animal Planet HD;HD;Mundo;No
Colombia;Pospago;Familia Mas;1738;Discovery World HD;HD;Mundo;No
Colombia;Pospago;Familia Mas;1740;Discovery Travel & Living Channel (TLC) HD;HD;Mundo;No
Colombia;Pospago;Familia Mas;1742;History Channel HD;HD;Mundo;No
Colombia;Pospago;Familia Mas;1744;History 2 HD;HD;Mundo;No
Colombia;Pospago;Familia Mas;1750;Encuentro Internacional HD;HD;Variedades;No
Colombia;Pospago;Familia Mas;1762;Antena 3 Internacional HD;HD;Mundo;No
Colombia;Pospago;Familia Mas;1764;France 24 Español;HD;Mundo;No
Colombia;Pospago;Familia Mas;4000;Directv 4K;4K;4K;No
Colombia;Prepago;Super Paquete;117;TV Familia;SD;Religioso;No
Colombia;Prepago;Super Paquete;127;DShow;SD;Variedades;No
Colombia;Prepago;Super Paquete;129;Directv Place;SD;Variedades;No
Colombia;Prepago;Super Paquete;130;RCN;SD;Nacional;No
Colombia;Prepago;Super Paquete;132;Caracol Internacional;SD;Nacional;No
Colombia;Prepago;Super Paquete;133;City TV;SD;Nacional;No
Colombia;Prepago;Super Paquete;134;Caracol Internacional;SD;Nacional;No
Colombia;Prepago;Super Paquete;135;RCN Nuestra Tele;SD;Nacional;No
Colombia;Prepago;Super Paquete;136;Canal UNO;SD;Nacional;No
Colombia;Prepago;Super Paquete;137;Señal Colombia;SD;Nacional;No
Colombia;Prepago;Super Paquete;138;Señal Institucional;SD;Nacional;No
Colombia;Prepago;Super Paquete;139;Canal Congreso;SD;Nacional;No
Colombia;Prepago;Super Paquete;140;Teleantioquia;SD;Nacional;No
Colombia;Prepago;Super Paquete;141;Telepacifico;SD;Nacional;No
Colombia;Prepago;Super Paquete;142;Telecaribe;SD;Nacional;No
Colombia;Prepago;Super Paquete;143;Canal Capital;SD;Nacional;No
Colombia;Prepago;Super Paquete;144;Telecafé;SD;Nacional;No
Colombia;Prepago;Super Paquete;145;NTN 24 NOTICIAS;SD;Nacional;No
Colombia;Prepago;Super Paquete;146;El Tiempo TV;SD;Nacional;No
Colombia;Prepago;Super Paquete;147;Cable Noticias;SD;Nacional;No
Colombia;Prepago;Super Paquete;148;TRO;SD;Nacional;No
Colombia;Prepago;Super Paquete;149;Trece;SD;Nacional;No
Colombia;Prepago;Super Paquete;150;Teleislas;SD;Nacional;No
Colombia;Prepago;Super Paquete;151;Telemedellin;SD;Nacional;No
Colombia;Prepago;Super Paquete;152;TV Agro;SD;Local;No
Colombia;Prepago;Super Paquete;202;Star Channel;SD;Variedades;No
Colombia;Prepago;Super Paquete;204;Star Channel HD;HD;Cine;No
Colombia;Prepago;Super Paquete;206;Warner Channel;SD;Variedades;No
Colombia;Prepago;Super Paquete;207;A&E;SD;Variedades;No
Colombia;Prepago;Super Paquete;208;Sony;SD;Variedades;No
Colombia;Prepago;Super Paquete;209;AXN;SD;Variedades;Si
Colombia;Prepago;Super Paquete;210;AMC;SD;Variedades;Si
Colombia;Prepago;Super Paquete;213;TNT Series;SD;Variedades;No
Colombia;Prepago;Super Paquete;214;Atres Series;SD;Variedades;Si
Colombia;Prepago;Super Paquete;215;Comedy Central;SD;Variedades;No
Colombia;Prepago;Super Paquete;216;TNT Novelas;SD;Variedades;No
Colombia;Prepago;Super Paquete;217;FX;SD;Variedades;No
Colombia;Prepago;Super Paquete;218;Universal TV;SD;Variedades;No
Colombia;Prepago;Super Paquete;219;USA Network;SD;Variedades;No
Colombia;Prepago;Super Paquete;220;Adult Swim;SD;Variedades;No
Colombia;Prepago;Super Paquete;221;¡Hola! TV;SD;Variedades;No
Colombia;Prepago;Super Paquete;222;E! Entertainment;SD;Variedades;No
Colombia;Prepago;Super Paquete;223;Investigation Discovery (ID);SD;Variedades;No
Colombia;Prepago;Super Paquete;226;El Canal de las Estrellas;SD;Variedades;No
Colombia;Prepago;Super Paquete;227;TLnovelas;SD;Variedades;No
Colombia;Prepago;Super Paquete;228;Lifetime;SD;Variedades;Si
Colombia;Prepago;Super Paquete;229;Discovery Home & Health;SD;Variedades;No
Colombia;Prepago;Super Paquete;230;Más Chic;SD;Variedades;No
Colombia;Prepago;Super Paquete;231;Telemundo;SD;Variedades;No
Colombia;Prepago;Super Paquete;232;El Gourmet;SD;Variedades;Si
Colombia;Prepago;Super Paquete;233;Food Network;SD;Variedades;No
Colombia;Prepago;Super Paquete;264;MTV;SD;Variedades;No
Colombia;Prepago;Super Paquete;269;Quiero Música en Mi Idioma (QMusic);SD;Variedades;No
Colombia;Prepago;Super Paquete;270;Mi Gente 3.0;SD;Variedades;No
Colombia;Prepago;Super Paquete;304;Cartoon Network;SD;Infantil;No
Colombia;Prepago;Super Paquete;308;Nickelodeon;SD;Infantil;No
Colombia;Prepago;Super Paquete;309;Nick Jr.;SD;Infantil;No
Colombia;Prepago;Super Paquete;310;TeenNick;SD;Infantil;Si
Colombia;Prepago;Super Paquete;312;Disney Channel HD;HD;Infantil;No
Colombia;Prepago;Super Paquete;314;Disney Channel;SD;Infantil;No
Colombia;Prepago;Super Paquete;315;Disney Junior;SD;Infantil;No
Colombia;Prepago;Super Paquete;317;BabyTV;SD;Infantil;No
Colombia;Prepago;Super Paquete;318;Plim Plim;SD;Infantil;No
Colombia;Prepago;Super Paquete;319;El Reino Infantil;SD;Infantil;No
Colombia;Prepago;Super Paquete;330;Discovery Kids;SD;Infantil;No
Colombia;Prepago;Super Paquete;334;Cartoonito;SD;Infantil;No
Colombia;Prepago;Super Paquete;350;EWTN;SD;Religioso;Si
Colombia;Prepago;Super Paquete;351;Orbe 21;SD;Religioso;Si
Colombia;Prepago;Super Paquete;352;Enlace;SD;Religioso;No
Colombia;Prepago;Super Paquete;353;Cristovisión;SD;Religioso;No
Colombia;Prepago;Super Paquete;358;DayStar;SD;Religioso;No
Colombia;Prepago;Super Paquete;464;Playboy TV;SD;Adultos;No
Colombia;Prepago;Super Paquete;468;Venus;SD;Adultos;No
Colombia;Prepago;Super Paquete;469;XTSY;SD;Adultos;No
Colombia;Prepago;Super Paquete;470;Hustler TV HD;SD;Adultos;No
Colombia;Prepago;Super Paquete;502;TNT;SD;Cine;No
Colombia;Prepago;Super Paquete;503;Golden;SD;Cine;Si
Colombia;Prepago;Super Paquete;506;Sony Movies;SD;Cine;No
Colombia;Prepago;Super Paquete;507;Cinecanal;SD;Cine;No
Colombia;Prepago;Super Paquete;508;Studio Universal;SD;Cine;No
Colombia;Prepago;Super Paquete;509;Cinemax;SD;Cine;No
Colombia;Prepago;Super Paquete;510;Mórbido TV;SD;Cine;No
Colombia;Prepago;Super Paquete;513;DHE;SD;Cine;No
Colombia;Prepago;Super Paquete;516;De Película;SD;Cine;Si
Colombia;Prepago;Super Paquete;517;Golden Edge;SD;Cine;Si
Colombia;Prepago;Super Paquete;518;Space;SD;Cine;No
Colombia;Prepago;Super Paquete;524;HBO;SD;Cine;No
Colombia;Prepago;Super Paquete;525;HBO 2;SD;Cine;No
Colombia;Prepago;Super Paquete;526;HBO Plus HD;SD;Cine;No
Colombia;Prepago;Super Paquete;528;HBO Signature;SD;Cine;No
Colombia;Prepago;Super Paquete;534;HBO Family;SD;Cine;No
Colombia;Prepago;Super Paquete;540;HBO Mundi;SD;Cine;No
Colombia;Prepago;Super Paquete;541;HBO Pop;SD;Cine;No
Colombia;Prepago;Super Paquete;542;HBO Xtreme;SD;Cine;No
Colombia;Prepago;Super Paquete;571;Universal Premiere Este;SD;PPV;No
Colombia;Prepago;Super Paquete;572;Universal Cinema;SD;PPV;No
Colombia;Prepago;Super Paquete;573;Universal Comedy;SD;PPV;No
Colombia;Prepago;Super Paquete;574;Universal Crime Este;SD;PPV;No
Colombia;Prepago;Super Paquete;575;Universal Reality;SD;PPV;No
Colombia;Prepago;Super Paquete;576;Universal Premiere Oeste;SD;PPV;No
Colombia;Prepago;Super Paquete;577;Universal Cinema Oeste;SD;PPV;No
Colombia;Prepago;Super Paquete;610;DSports;SD;Deportes;No
Colombia;Prepago;Super Paquete;612;DSports 2;SD;Deportes;No
Colombia;Prepago;Super Paquete;613;DSports+;SD;Deportes;No
Colombia;Prepago;Super Paquete;621;ESPN;SD;Deportes;No
Colombia;Prepago;Super Paquete;622;ESPN 2;SD;Deportes;No
Colombia;Prepago;Super Paquete;623;ESPN 3;SD;Deportes;No
Colombia;Prepago;Super Paquete;625;ESPN 5;SD;Deportes;No
Colombia;Prepago;Super Paquete;626;ESPN 6;SD;Deportes;No
Colombia;Prepago;Super Paquete;627;ESPN 7;SD;Deportes;No
Colombia;Prepago;Super Paquete;628;Golf Channel Latinoamérica;SD;Deportes;Si
Colombia;Prepago;Super Paquete;629;TyC Sports Internacional;SD;Deportes;Si
Colombia;Prepago;Super Paquete;631;DSports Radio;Radio;Radio;No
Colombia;Prepago;Super Paquete;633;Win Sports;SD;Deportes;No
Colombia;Prepago;Super Paquete;634;Win Sports Mas;SD;PPV;No
Colombia;Prepago;Super Paquete;700;DNews;SD;Mundo;No
Colombia;Prepago;Super Paquete;704;CNN en Español;SD;Mundo;No
Colombia;Prepago;Super Paquete;706;CNN International;SD;Mundo;No
Colombia;Prepago;Super Paquete;707;CNN Chile;SD;Mundo;No
Colombia;Prepago;Super Paquete;708;TVN 24 HORAS;SD;Mundo;No
Colombia;Prepago;Super Paquete;710;Bloomberg;SD;Mundo;Si
Colombia;Prepago;Super Paquete;716;Todo Noticias (TN);SD;Mundo;No
Colombia;Prepago;Super Paquete;720;Canal 26;SD;Mundo;No
Colombia;Prepago;Super Paquete;726;Canal Rural;SD;Mundo;No
Colombia;Prepago;Super Paquete;730;National Geographic;SD;Mundo;No
Colombia;Prepago;Super Paquete;732;Discovery Channel;SD;Mundo;No
Colombia;Prepago;Super Paquete;734;Animal Planet;SD;Mundo;Si
Colombia;Prepago;Super Paquete;736;Discovery Turbo;SD;Mundo;Si
Colombia;Prepago;Super Paquete;740;Discovery Travel & Living Channel (TLC);SD;Mundo;Si
Colombia;Prepago;Super Paquete;742;History Channel;SD;Mundo;Si
Colombia;Prepago;Super Paquete;744;History 2;SD;Mundo;Si
Colombia;Prepago;Super Paquete;760;Univision;SD;Mundo;No
Colombia;Prepago;Super Paquete;762;Antena 3 Internacional;SD;Mundo;Si
Colombia;Prepago;Super Paquete;764;France 24 Español;SD;Mundo;No
Colombia;Prepago;Super Paquete;766;Rai Italia;SD;Mundo;Si
Colombia;Prepago;Super Paquete;768;BBC WORLD;SD;Mundo;Si
Colombia;Prepago;Super Paquete;770;Deutsche Welle (DW) Español;SD;Mundo;Si
Colombia;Prepago;Super Paquete;772;Caracol Internacional;SD;Mundo;No
Colombia;Prepago;Super Paquete;774;TV Chile Internacional;SD;Mundo;No
Colombia;Prepago;Super Paquete;776;TV Globo;SD;Mundo;No
Colombia;Prepago;Super Paquete;778;RTP;SD;Mundo;Si
Colombia;Prepago;Super Paquete;780;ZEE TV;SD;Mundo;No
Colombia;Prepago;Super Paquete;782;NHK World;SD;Mundo;No
Colombia;Prepago;Super Paquete;784;El Trece;SD;Mundo;No
Colombia;Prepago;Super Paquete;786;Telefe;SD;Mundo;No
Colombia;Prepago;Super Paquete;790;CGTN;SD;Mundo;No
Colombia;Prepago;Super Paquete;980;Unión Radio Noticias;Radio;Radio;No
Colombia;Prepago;Super Paquete;982;Radio Caracol;Radio;Radio;No
Colombia;Prepago;Super Paquete;984;Radio France Internacional;Radio;Radio;No
Colombia;Prepago;Super Paquete;985;Fiesta 106.5;Radio;Radio;No
Colombia;Prepago;Super Paquete;991;La FM Plus;Radio;Radio;No
Colombia;Prepago;Super Paquete;992;Alerta Bogota;Radio;Radio;No
Colombia;Prepago;Super Paquete;993;La W Radio;Radio;Radio;No
Colombia;Prepago;Super Paquete;1127;DShow;HD;Variedades;No
Colombia;Prepago;Super Paquete;1130;RCN HD;HD;Nacional;No
Colombia;Prepago;Super Paquete;1132;Caracol TV HD;HD;Nacional;No
Colombia;Prepago;Super Paquete;1136;Canal UNO;HD;Nacional;No
Colombia;Prepago;Super Paquete;1137;Señal Colombia HD;HD;Nacional;No
Colombia;Prepago;Super Paquete;1138;Señal Institucional HD;HD;Nacional;No
Colombia;Prepago;Super Paquete;1140;Teleantioquia HD;HD;Nacional;No
Colombia;Prepago;Super Paquete;1141;Telepacifico;HD;Nacional;No
Colombia;Prepago;Super Paquete;1142;Telecaribe HD;HD;Nacional;No
Colombia;Prepago;Super Paquete;1147;Cable Noticias HD;HD;Local;No
Colombia;Prepago;Super Paquete;1204;Star Channel HD;HD;Variedades;No
Colombia;Prepago;Super Paquete;1206;Warner Channel HD;HD;Variedades;No
Colombia;Prepago;Super Paquete;1207;A&E HD;HD;Variedades;No
Colombia;Prepago;Super Paquete;1208;Sony HD;HD;Variedades;No
Colombia;Prepago;Super Paquete;1209;AXN HD;HD;Variedades;Si
Colombia;Prepago;Super Paquete;1210;AMC HD;HD;Variedades;Si
Colombia;Prepago;Super Paquete;1213;TNT Series HD;HD;Variedades;No
Colombia;Prepago;Super Paquete;1214;Atres Series HD;HD;Variedades;Si
Colombia;Prepago;Super Paquete;1215;Comedy Central HD;HD;Variedades;No
Colombia;Prepago;Super Paquete;1217;FX HD;HD;Variedades;No
Colombia;Prepago;Super Paquete;1218;Universal TV HD;HD;Variedades;No
Colombia;Prepago;Super Paquete;1219;USA Network HD;HD;Variedades;No
Colombia;Prepago;Super Paquete;1221;Hola TV HD;HD;Variedades;No
Colombia;Prepago;Super Paquete;1222;E! Entertainment HD;HD;Variedades;No
Colombia;Prepago;Super Paquete;1223;Investigation Discovery (ID) HD;HD;Variedades;No
Colombia;Prepago;Super Paquete;1228;Lifetime HD;HD;Variedades;Si
Colombia;Prepago;Super Paquete;1229;Discovery Home & Health HD;HD;Variedades;No
Colombia;Prepago;Super Paquete;1231;Alacocina TV;HD;Variedades;Si
Colombia;Prepago;Super Paquete;1232;El Gourmet HD;HD;Variedades;No
Colombia;Prepago;Super Paquete;1233;Food Network;HD;Variedades;No
Colombia;Prepago;Super Paquete;1234;HGTV HD;HD;Variedades;No
Colombia;Prepago;Super Paquete;1236;VePlus HD;HD;Variedades;No
Colombia;Prepago;Super Paquete;1264;MTV HD;HD;Variedades;No
Colombia;Prepago;Super Paquete;1265;Music Top;HD;Variedades;No
Colombia;Prepago;Super Paquete;1266;Tierra Mía HD;HD;Variedades;No
Colombia;Prepago;Super Paquete;1270;Latina TV;HD;Variedades;Si
Colombia;Prepago;Super Paquete;1273;INTI Network HD;HD;Variedades;No
Colombia;Prepago;Super Paquete;1304;Cartoon Network HD;HD;Infantil;No
Colombia;Prepago;Super Paquete;1308;Nick HD;HD;Infantil;No
Colombia;Prepago;Super Paquete;1309;Nick Jr. HD;HD;Infantil;No
Colombia;Prepago;Super Paquete;1312;Disney Channel HD;HD;Infantil;No
Colombia;Prepago;Super Paquete;1315;Disney Junior HD;HD;Infantil;No
Colombia;Prepago;Super Paquete;1317;BabyTV;SD;Infantil;No
Colombia;Prepago;Super Paquete;1318;Plim Plim;HD;Infantil;No
Colombia;Prepago;Super Paquete;1319;El Reino Infantil;HD;Infantil;No
Colombia;Prepago;Super Paquete;1330;Discovery Kids HD;HD;Infantil;No
Colombia;Prepago;Super Paquete;1502;TNT HD;HD;Cine;No
Colombia;Prepago;Super Paquete;1503;Golden HD;HD;Cine;Si
Colombia;Prepago;Super Paquete;1506;Sony Movies;HD;Cine;No
Colombia;Prepago;Super Paquete;1507;Cine HD;HD;Cine;No
Colombia;Prepago;Super Paquete;1508;Studio Universal HD;HD;Cine;No
Colombia;Prepago;Super Paquete;1509;Cinemax HD;HD;Cine;No
Colombia;Prepago;Super Paquete;1510;Mórbido TV;HD;Cine;No
Colombia;Prepago;Super Paquete;1513;DHE HD;HD;Cine;No
Colombia;Prepago;Super Paquete;1518;Space HD;HD;Cine;No
Colombia;Prepago;Super Paquete;1524;HBO HD;HD;Cine;No
Colombia;Prepago;Super Paquete;1525;HBO 2 HD;HD;Cine;No
Colombia;Prepago;Super Paquete;1528;HBO Signature HD;HD;Cine;No
Colombia;Prepago;Super Paquete;1532;HBO Plus HD;HD;Cine;No
Colombia;Prepago;Super Paquete;1534;HBO Family HD;HD;Cine;No
Colombia;Prepago;Super Paquete;1542;HBO Xtreme HD;HD;Cine;No
Colombia;Prepago;Super Paquete;1571;Universal Premiere Este;HD;PPV;No
Colombia;Prepago;Super Paquete;1572;Universal Cinema;HD;PPV;No
Colombia;Prepago;Super Paquete;1573;Universal Comedy;HD;PPV;No
Colombia;Prepago;Super Paquete;1574;Universal Crime Este;HD;PPV;No
Colombia;Prepago;Super Paquete;1575;Universal Reality;HD;PPV;No
Colombia;Prepago;Super Paquete;1576;Universal Premiere Oeste;HD;PPV;No
Colombia;Prepago;Super Paquete;1577;Universal Cinema Oeste;HD;PPV;No
Colombia;Prepago;Super Paquete;1610;DSports HD;HD;Deportes;No
Colombia;Prepago;Super Paquete;1612;DSports 2 HD;HD;Deportes;No
Colombia;Prepago;Super Paquete;1613;DSports+ HD;HD;Deportes;No
Colombia;Prepago;Super Paquete;1621;ESPN HD;HD;Deportes;No
Colombia;Prepago;Super Paquete;1622;ESPN 2 HD;HD;Deportes;No
Colombia;Prepago;Super Paquete;1623;ESPN 3 HD;HD;Deportes;Si
Colombia;Prepago;Super Paquete;1624;ESPN 4 HD;HD;Deportes;No
Colombia;Prepago;Super Paquete;1625;ESPN 5 HD;HD;Deportes;No
Colombia;Prepago;Super Paquete;1626;ESPN 6 HD;HD;Deportes;No
Colombia;Prepago;Super Paquete;1627;ESPN 7 HD;HD;Deportes;No
Colombia;Prepago;Super Paquete;1628;Golf Channel HD;HD;Deportes;Si
Colombia;Prepago;Super Paquete;1631;DSports Show;HD;Deportes;No
Colombia;Prepago;Super Paquete;1633;Win Sports HD;HD;Deportes;No
Colombia;Prepago;Super Paquete;1634;Win Sports Mas;HD;Deportes;No
Colombia;Prepago;Super Paquete;1636;One Baseball Network;HD;PPV;No
Colombia;Prepago;Super Paquete;1639;PX Sports;HD;Deportes;No
Colombia;Prepago;Super Paquete;1700;DNews HD;HD;Mundo;No
Colombia;Prepago;Super Paquete;1730;National Geographic HD;HD;Mundo;No
Colombia;Prepago;Super Paquete;1731;Discovery Theater HD;HD;Mundo;No
Colombia;Prepago;Super Paquete;1732;Discovery Channel HD;HD;Mundo;No
Colombia;Prepago;Super Paquete;1734;Animal Planet HD;HD;Mundo;Si
Colombia;Prepago;Super Paquete;1738;Discovery World HD;HD;Mundo;No
Colombia;Prepago;Super Paquete;1740;Discovery Travel & Living Channel (TLC) HD;HD;Mundo;Si
Colombia;Prepago;Super Paquete;1742;History Channel HD;HD;Mundo;Si
Colombia;Prepago;Super Paquete;1744;History 2 HD;HD;Mundo;Si
Colombia;Prepago;Super Paquete;1750;Encuentro Internacional HD;HD;Variedades;No
Colombia;Prepago;Super Paquete;1762;Antena 3 Internacional HD;HD;Mundo;Si
Colombia;Prepago;Super Paquete;1764;France 24 Español;HD;Mundo;No
Colombia;Prepago;Super Paquete;4000;Directv 4K;4K;4K;No
Colombia;Prepago;Paquete Kids;117;TV Familia;SD;Religioso;No
Colombia;Prepago;Paquete Kids;127;DShow;SD;Variedades;No
Colombia;Prepago;Paquete Kids;129;Directv Place;SD;Variedades;No
Colombia;Prepago;Paquete Kids;130;RCN;SD;Nacional;No
Colombia;Prepago;Paquete Kids;132;Caracol Internacional;SD;Nacional;No
Colombia;Prepago;Paquete Kids;133;City TV;SD;Nacional;No
Colombia;Prepago;Paquete Kids;134;Caracol Internacional;SD;Nacional;No
Colombia;Prepago;Paquete Kids;135;RCN Nuestra Tele;SD;Nacional;No
Colombia;Prepago;Paquete Kids;136;Canal UNO;SD;Nacional;No
Colombia;Prepago;Paquete Kids;137;Señal Colombia;SD;Nacional;No
Colombia;Prepago;Paquete Kids;138;Señal Institucional;SD;Nacional;No
Colombia;Prepago;Paquete Kids;139;Canal Congreso;SD;Nacional;No
Colombia;Prepago;Paquete Kids;140;Teleantioquia;SD;Nacional;No
Colombia;Prepago;Paquete Kids;141;Telepacifico;SD;Nacional;No
Colombia;Prepago;Paquete Kids;142;Telecaribe;SD;Nacional;No
Colombia;Prepago;Paquete Kids;143;Canal Capital;SD;Nacional;No
Colombia;Prepago;Paquete Kids;144;Telecafé;SD;Nacional;No
Colombia;Prepago;Paquete Kids;145;NTN 24 NOTICIAS;SD;Nacional;No
Colombia;Prepago;Paquete Kids;146;El Tiempo TV;SD;Nacional;No
Colombia;Prepago;Paquete Kids;147;Cable Noticias;SD;Nacional;No
Colombia;Prepago;Paquete Kids;148;TRO;SD;Nacional;No
Colombia;Prepago;Paquete Kids;149;Trece;SD;Nacional;No
Colombia;Prepago;Paquete Kids;150;Teleislas;SD;Nacional;No
Colombia;Prepago;Paquete Kids;151;Telemedellin;SD;Nacional;No
Colombia;Prepago;Paquete Kids;152;TV Agro;SD;Local;No
Colombia;Prepago;Paquete Kids;202;Star Channel;SD;Variedades;No
Colombia;Prepago;Paquete Kids;204;Star Channel HD;HD;Cine;No
Colombia;Prepago;Paquete Kids;206;Warner Channel;SD;Variedades;No
Colombia;Prepago;Paquete Kids;207;A&E;SD;Variedades;No
Colombia;Prepago;Paquete Kids;208;Sony;SD;Variedades;No
Colombia;Prepago;Paquete Kids;209;AXN;SD;Variedades;Si
Colombia;Prepago;Paquete Kids;210;AMC;SD;Variedades;No
Colombia;Prepago;Paquete Kids;213;TNT Series;SD;Variedades;No
Colombia;Prepago;Paquete Kids;214;Atres Series;SD;Variedades;No
Colombia;Prepago;Paquete Kids;215;Comedy Central;SD;Variedades;No
Colombia;Prepago;Paquete Kids;216;TNT Novelas;SD;Variedades;No
Colombia;Prepago;Paquete Kids;217;FX;SD;Variedades;No
Colombia;Prepago;Paquete Kids;218;Universal TV;SD;Variedades;No
Colombia;Prepago;Paquete Kids;219;USA Network;SD;Variedades;No
Colombia;Prepago;Paquete Kids;220;Adult Swim;SD;Variedades;No
Colombia;Prepago;Paquete Kids;221;¡Hola! TV;SD;Variedades;No
Colombia;Prepago;Paquete Kids;222;E! Entertainment;SD;Variedades;No
Colombia;Prepago;Paquete Kids;223;Investigation Discovery (ID);SD;Variedades;No
Colombia;Prepago;Paquete Kids;226;El Canal de las Estrellas;SD;Variedades;No
Colombia;Prepago;Paquete Kids;227;TLnovelas;SD;Variedades;No
Colombia;Prepago;Paquete Kids;228;Lifetime;SD;Variedades;No
Colombia;Prepago;Paquete Kids;229;Discovery Home & Health;SD;Variedades;No
Colombia;Prepago;Paquete Kids;230;Más Chic;SD;Variedades;No
Colombia;Prepago;Paquete Kids;231;Telemundo;SD;Variedades;No
Colombia;Prepago;Paquete Kids;232;El Gourmet;SD;Variedades;No
Colombia;Prepago;Paquete Kids;233;Food Network;SD;Variedades;No
Colombia;Prepago;Paquete Kids;264;MTV;SD;Variedades;No
Colombia;Prepago;Paquete Kids;269;Quiero Música en Mi Idioma (QMusic);SD;Variedades;No
Colombia;Prepago;Paquete Kids;270;Mi Gente 3.0;SD;Variedades;No
Colombia;Prepago;Paquete Kids;304;Cartoon Network;SD;Infantil;No
Colombia;Prepago;Paquete Kids;308;Nickelodeon;SD;Infantil;No
Colombia;Prepago;Paquete Kids;309;Nick Jr.;SD;Infantil;No
Colombia;Prepago;Paquete Kids;310;TeenNick;SD;Infantil;Si
Colombia;Prepago;Paquete Kids;312;Disney Channel HD;HD;Infantil;No
Colombia;Prepago;Paquete Kids;314;Disney Channel;SD;Infantil;No
Colombia;Prepago;Paquete Kids;315;Disney Junior;SD;Infantil;No
Colombia;Prepago;Paquete Kids;317;BabyTV;SD;Infantil;No
Colombia;Prepago;Paquete Kids;318;Plim Plim;SD;Infantil;No
Colombia;Prepago;Paquete Kids;319;El Reino Infantil;SD;Infantil;No
Colombia;Prepago;Paquete Kids;330;Discovery Kids;SD;Infantil;No
Colombia;Prepago;Paquete Kids;334;Cartoonito;SD;Infantil;No
Colombia;Prepago;Paquete Kids;350;EWTN;SD;Religioso;Si
Colombia;Prepago;Paquete Kids;351;Orbe 21;SD;Religioso;No
Colombia;Prepago;Paquete Kids;352;Enlace;SD;Religioso;No
Colombia;Prepago;Paquete Kids;353;Cristovisión;SD;Religioso;No
Colombia;Prepago;Paquete Kids;358;DayStar;SD;Religioso;No
Colombia;Prepago;Paquete Kids;464;Playboy TV;SD;Adultos;No
Colombia;Prepago;Paquete Kids;468;Venus;SD;Adultos;No
Colombia;Prepago;Paquete Kids;469;XTSY;SD;Adultos;No
Colombia;Prepago;Paquete Kids;470;Hustler TV HD;SD;Adultos;No
Colombia;Prepago;Paquete Kids;502;TNT;SD;Cine;No
Colombia;Prepago;Paquete Kids;503;Golden;SD;Cine;No
Colombia;Prepago;Paquete Kids;506;Sony Movies;SD;Cine;No
Colombia;Prepago;Paquete Kids;507;Cinecanal;SD;Cine;No
Colombia;Prepago;Paquete Kids;508;Studio Universal;SD;Cine;No
Colombia;Prepago;Paquete Kids;509;Cinemax;SD;Cine;No
Colombia;Prepago;Paquete Kids;510;Mórbido TV;SD;Cine;No
Colombia;Prepago;Paquete Kids;513;DHE;SD;Cine;No
Colombia;Prepago;Paquete Kids;516;De Película;SD;Cine;No
Colombia;Prepago;Paquete Kids;517;Golden Edge;SD;Cine;No
Colombia;Prepago;Paquete Kids;518;Space;SD;Cine;No
Colombia;Prepago;Paquete Kids;524;HBO;SD;Cine;No
Colombia;Prepago;Paquete Kids;525;HBO 2;SD;Cine;No
Colombia;Prepago;Paquete Kids;526;HBO Plus HD;SD;Cine;No
Colombia;Prepago;Paquete Kids;528;HBO Signature;SD;Cine;No
Colombia;Prepago;Paquete Kids;534;HBO Family;SD;Cine;No
Colombia;Prepago;Paquete Kids;540;HBO Mundi;SD;Cine;No
Colombia;Prepago;Paquete Kids;541;HBO Pop;SD;Cine;No
Colombia;Prepago;Paquete Kids;542;HBO Xtreme;SD;Cine;No
Colombia;Prepago;Paquete Kids;571;Universal Premiere Este;SD;PPV;No
Colombia;Prepago;Paquete Kids;572;Universal Cinema;SD;PPV;No
Colombia;Prepago;Paquete Kids;573;Universal Comedy;SD;PPV;No
Colombia;Prepago;Paquete Kids;574;Universal Crime Este;SD;PPV;No
Colombia;Prepago;Paquete Kids;575;Universal Reality;SD;PPV;No
Colombia;Prepago;Paquete Kids;576;Universal Premiere Oeste;SD;PPV;No
Colombia;Prepago;Paquete Kids;577;Universal Cinema Oeste;SD;PPV;No
Colombia;Prepago;Paquete Kids;610;DSports;SD;Deportes;No
Colombia;Prepago;Paquete Kids;612;DSports 2;SD;Deportes;No
Colombia;Prepago;Paquete Kids;613;DSports+;SD;Deportes;No
Colombia;Prepago;Paquete Kids;621;ESPN;SD;Deportes;No
Colombia;Prepago;Paquete Kids;622;ESPN 2;SD;Deportes;No
Colombia;Prepago;Paquete Kids;623;ESPN 3;SD;Deportes;No
Colombia;Prepago;Paquete Kids;625;ESPN 5;SD;Deportes;No
Colombia;Prepago;Paquete Kids;626;ESPN 6;SD;Deportes;No
Colombia;Prepago;Paquete Kids;627;ESPN 7;SD;Deportes;No
Colombia;Prepago;Paquete Kids;628;Golf Channel Latinoamérica;SD;Deportes;No
Colombia;Prepago;Paquete Kids;629;TyC Sports Internacional;SD;Deportes;No
Colombia;Prepago;Paquete Kids;631;DSports Radio;Radio;Radio;No
Colombia;Prepago;Paquete Kids;633;Win Sports;SD;Deportes;No
Colombia;Prepago;Paquete Kids;634;Win Sports Mas;SD;PPV;No
Colombia;Prepago;Paquete Kids;700;DNews;SD;Mundo;No
Colombia;Prepago;Paquete Kids;704;CNN en Español;SD;Mundo;No
Colombia;Prepago;Paquete Kids;706;CNN International;SD;Mundo;No
Colombia;Prepago;Paquete Kids;707;CNN Chile;SD;Mundo;No
Colombia;Prepago;Paquete Kids;708;TVN 24 HORAS;SD;Mundo;No
Colombia;Prepago;Paquete Kids;710;Bloomberg;SD;Mundo;No
Colombia;Prepago;Paquete Kids;716;Todo Noticias (TN);SD;Mundo;No
Colombia;Prepago;Paquete Kids;720;Canal 26;SD;Mundo;No
Colombia;Prepago;Paquete Kids;726;Canal Rural;SD;Mundo;No
Colombia;Prepago;Paquete Kids;730;National Geographic;SD;Mundo;No
Colombia;Prepago;Paquete Kids;732;Discovery Channel;SD;Mundo;No
Colombia;Prepago;Paquete Kids;734;Animal Planet;SD;Mundo;Si
Colombia;Prepago;Paquete Kids;736;Discovery Turbo;SD;Mundo;No
Colombia;Prepago;Paquete Kids;740;Discovery Travel & Living Channel (TLC);SD;Mundo;No
Colombia;Prepago;Paquete Kids;742;History Channel;SD;Mundo;Si
Colombia;Prepago;Paquete Kids;744;History 2;SD;Mundo;Si
Colombia;Prepago;Paquete Kids;760;Univision;SD;Mundo;No
Colombia;Prepago;Paquete Kids;762;Antena 3 Internacional;SD;Mundo;No
Colombia;Prepago;Paquete Kids;764;France 24 Español;SD;Mundo;No
Colombia;Prepago;Paquete Kids;766;Rai Italia;SD;Mundo;No
Colombia;Prepago;Paquete Kids;768;BBC WORLD;SD;Mundo;No
Colombia;Prepago;Paquete Kids;770;Deutsche Welle (DW) Español;SD;Mundo;No
Colombia;Prepago;Paquete Kids;772;Caracol Internacional;SD;Mundo;No
Colombia;Prepago;Paquete Kids;774;TV Chile Internacional;SD;Mundo;No
Colombia;Prepago;Paquete Kids;776;TV Globo;SD;Mundo;No
Colombia;Prepago;Paquete Kids;778;RTP;SD;Mundo;No
Colombia;Prepago;Paquete Kids;780;ZEE TV;SD;Mundo;No
Colombia;Prepago;Paquete Kids;782;NHK World;SD;Mundo;No
Colombia;Prepago;Paquete Kids;784;El Trece;SD;Mundo;No
Colombia;Prepago;Paquete Kids;786;Telefe;SD;Mundo;No
Colombia;Prepago;Paquete Kids;790;CGTN;SD;Mundo;No
Colombia;Prepago;Paquete Kids;980;Unión Radio Noticias;Radio;Radio;No
Colombia;Prepago;Paquete Kids;982;Radio Caracol;Radio;Radio;No
Colombia;Prepago;Paquete Kids;984;Radio France Internacional;Radio;Radio;No
Colombia;Prepago;Paquete Kids;985;Fiesta 106.5;Radio;Radio;No
Colombia;Prepago;Paquete Kids;991;La FM Plus;Radio;Radio;No
Colombia;Prepago;Paquete Kids;992;Alerta Bogota;Radio;Radio;No
Colombia;Prepago;Paquete Kids;993;La W Radio;Radio;Radio;No
Colombia;Prepago;Paquete Kids;1127;DShow;HD;Variedades;No
Colombia;Prepago;Paquete Kids;1130;RCN HD;HD;Nacional;No
Colombia;Prepago;Paquete Kids;1132;Caracol TV HD;HD;Nacional;No
Colombia;Prepago;Paquete Kids;1136;Canal UNO;HD;Nacional;No
Colombia;Prepago;Paquete Kids;1137;Señal Colombia HD;HD;Nacional;No
Colombia;Prepago;Paquete Kids;1138;Señal Institucional HD;HD;Nacional;No
Colombia;Prepago;Paquete Kids;1140;Teleantioquia HD;HD;Nacional;No
Colombia;Prepago;Paquete Kids;1141;Telepacifico;HD;Nacional;No
Colombia;Prepago;Paquete Kids;1142;Telecaribe HD;HD;Nacional;No
Colombia;Prepago;Paquete Kids;1147;Cable Noticias HD;HD;Local;No
Colombia;Prepago;Paquete Kids;1204;Star Channel HD;HD;Variedades;No
Colombia;Prepago;Paquete Kids;1206;Warner Channel HD;HD;Variedades;No
Colombia;Prepago;Paquete Kids;1207;A&E HD;HD;Variedades;No
Colombia;Prepago;Paquete Kids;1208;Sony HD;HD;Variedades;No
Colombia;Prepago;Paquete Kids;1209;AXN HD;HD;Variedades;No
Colombia;Prepago;Paquete Kids;1210;AMC HD;HD;Variedades;No
Colombia;Prepago;Paquete Kids;1213;TNT Series HD;HD;Variedades;No
Colombia;Prepago;Paquete Kids;1214;Atres Series HD;HD;Variedades;No
Colombia;Prepago;Paquete Kids;1215;Comedy Central HD;HD;Variedades;No
Colombia;Prepago;Paquete Kids;1217;FX HD;HD;Variedades;No
Colombia;Prepago;Paquete Kids;1218;Universal TV HD;HD;Variedades;No
Colombia;Prepago;Paquete Kids;1219;USA Network HD;HD;Variedades;No
Colombia;Prepago;Paquete Kids;1221;Hola TV HD;HD;Variedades;No
Colombia;Prepago;Paquete Kids;1222;E! Entertainment HD;HD;Variedades;No
Colombia;Prepago;Paquete Kids;1223;Investigation Discovery (ID) HD;HD;Variedades;No
Colombia;Prepago;Paquete Kids;1228;Lifetime HD;HD;Variedades;No
Colombia;Prepago;Paquete Kids;1229;Discovery Home & Health HD;HD;Variedades;No
Colombia;Prepago;Paquete Kids;1231;Alacocina TV;HD;Variedades;Si
Colombia;Prepago;Paquete Kids;1232;El Gourmet HD;HD;Variedades;No
Colombia;Prepago;Paquete Kids;1233;Food Network;HD;Variedades;No
Colombia;Prepago;Paquete Kids;1234;HGTV HD;HD;Variedades;No
Colombia;Prepago;Paquete Kids;1236;VePlus HD;HD;Variedades;No
Colombia;Prepago;Paquete Kids;1264;MTV HD;HD;Variedades;No
Colombia;Prepago;Paquete Kids;1265;Music Top;HD;Variedades;No
Colombia;Prepago;Paquete Kids;1266;Tierra Mía HD;HD;Variedades;No
Colombia;Prepago;Paquete Kids;1270;Latina TV;HD;Variedades;Si
Colombia;Prepago;Paquete Kids;1273;INTI Network HD;HD;Variedades;No
Colombia;Prepago;Paquete Kids;1304;Cartoon Network HD;HD;Infantil;No
Colombia;Prepago;Paquete Kids;1308;Nick HD;HD;Infantil;No
Colombia;Prepago;Paquete Kids;1309;Nick Jr. HD;HD;Infantil;No
Colombia;Prepago;Paquete Kids;1312;Disney Channel HD;HD;Infantil;No
Colombia;Prepago;Paquete Kids;1315;Disney Junior HD;HD;Infantil;No
Colombia;Prepago;Paquete Kids;1317;BabyTV;SD;Infantil;No
Colombia;Prepago;Paquete Kids;1318;Plim Plim;HD;Infantil;No
Colombia;Prepago;Paquete Kids;1319;El Reino Infantil;HD;Infantil;No
Colombia;Prepago;Paquete Kids;1330;Discovery Kids HD;HD;Infantil;No
Colombia;Prepago;Paquete Kids;1502;TNT HD;HD;Cine;No
Colombia;Prepago;Paquete Kids;1503;Golden HD;HD;Cine;No
Colombia;Prepago;Paquete Kids;1506;Sony Movies;HD;Cine;No
Colombia;Prepago;Paquete Kids;1507;Cine HD;HD;Cine;No
Colombia;Prepago;Paquete Kids;1508;Studio Universal HD;HD;Cine;No
Colombia;Prepago;Paquete Kids;1509;Cinemax HD;HD;Cine;No
Colombia;Prepago;Paquete Kids;1510;Mórbido TV;HD;Cine;No
Colombia;Prepago;Paquete Kids;1513;DHE HD;HD;Cine;No
Colombia;Prepago;Paquete Kids;1518;Space HD;HD;Cine;No
Colombia;Prepago;Paquete Kids;1524;HBO HD;HD;Cine;No
Colombia;Prepago;Paquete Kids;1525;HBO 2 HD;HD;Cine;No
Colombia;Prepago;Paquete Kids;1528;HBO Signature HD;HD;Cine;No
Colombia;Prepago;Paquete Kids;1532;HBO Plus HD;HD;Cine;No
Colombia;Prepago;Paquete Kids;1534;HBO Family HD;HD;Cine;No
Colombia;Prepago;Paquete Kids;1542;HBO Xtreme HD;HD;Cine;No
Colombia;Prepago;Paquete Kids;1571;Universal Premiere Este;HD;PPV;No
Colombia;Prepago;Paquete Kids;1572;Universal Cinema;HD;PPV;No
Colombia;Prepago;Paquete Kids;1573;Universal Comedy;HD;PPV;No
Colombia;Prepago;Paquete Kids;1574;Universal Crime Este;HD;PPV;No
Colombia;Prepago;Paquete Kids;1575;Universal Reality;HD;PPV;No
Colombia;Prepago;Paquete Kids;1576;Universal Premiere Oeste;HD;PPV;No
Colombia;Prepago;Paquete Kids;1577;Universal Cinema Oeste;HD;PPV;No
Colombia;Prepago;Paquete Kids;1610;DSports HD;HD;Deportes;No
Colombia;Prepago;Paquete Kids;1612;DSports 2 HD;HD;Deportes;No
Colombia;Prepago;Paquete Kids;1613;DSports+ HD;HD;Deportes;No
Colombia;Prepago;Paquete Kids;1621;ESPN HD;HD;Deportes;No
Colombia;Prepago;Paquete Kids;1622;ESPN 2 HD;HD;Deportes;No
Colombia;Prepago;Paquete Kids;1623;ESPN 3 HD;HD;Deportes;No
Colombia;Prepago;Paquete Kids;1624;ESPN 4 HD;HD;Deportes;No
Colombia;Prepago;Paquete Kids;1625;ESPN 5 HD;HD;Deportes;No
Colombia;Prepago;Paquete Kids;1626;ESPN 6 HD;HD;Deportes;No
Colombia;Prepago;Paquete Kids;1627;ESPN 7 HD;HD;Deportes;No
Colombia;Prepago;Paquete Kids;1628;Golf Channel HD;HD;Deportes;No
Colombia;Prepago;Paquete Kids;1631;DSports Show;HD;Deportes;No
Colombia;Prepago;Paquete Kids;1633;Win Sports HD;HD;Deportes;No
Colombia;Prepago;Paquete Kids;1634;Win Sports Mas;HD;Deportes;No
Colombia;Prepago;Paquete Kids;1636;One Baseball Network;HD;PPV;No
Colombia;Prepago;Paquete Kids;1639;PX Sports;HD;Deportes;No
Colombia;Prepago;Paquete Kids;1700;DNews HD;HD;Mundo;No
Colombia;Prepago;Paquete Kids;1730;National Geographic HD;HD;Mundo;No
Colombia;Prepago;Paquete Kids;1731;Discovery Theater HD;HD;Mundo;No
Colombia;Prepago;Paquete Kids;1732;Discovery Channel HD;HD;Mundo;No
Colombia;Prepago;Paquete Kids;1734;Animal Planet HD;HD;Mundo;No
Colombia;Prepago;Paquete Kids;1738;Discovery World HD;HD;Mundo;No
Colombia;Prepago;Paquete Kids;1740;Discovery Travel & Living Channel (TLC) HD;HD;Mundo;No
Colombia;Prepago;Paquete Kids;1742;History Channel HD;HD;Mundo;No
Colombia;Prepago;Paquete Kids;1744;History 2 HD;HD;Mundo;No
Colombia;Prepago;Paquete Kids;1750;Encuentro Internacional HD;HD;Variedades;No
Colombia;Prepago;Paquete Kids;1762;Antena 3 Internacional HD;HD;Mundo;No
Colombia;Prepago;Paquete Kids;1764;France 24 Español;HD;Mundo;No
Colombia;Prepago;Paquete Kids;4000;Directv 4K;4K;4K;No
Colombia;Prepago;Paquete Sports;117;TV Familia;SD;Religioso;No
Colombia;Prepago;Paquete Sports;127;DShow;SD;Variedades;No
Colombia;Prepago;Paquete Sports;129;Directv Place;SD;Variedades;No
Colombia;Prepago;Paquete Sports;130;RCN;SD;Nacional;No
Colombia;Prepago;Paquete Sports;132;Caracol Internacional;SD;Nacional;No
Colombia;Prepago;Paquete Sports;133;City TV;SD;Nacional;No
Colombia;Prepago;Paquete Sports;134;Caracol Internacional;SD;Nacional;No
Colombia;Prepago;Paquete Sports;135;RCN Nuestra Tele;SD;Nacional;No
Colombia;Prepago;Paquete Sports;136;Canal UNO;SD;Nacional;No
Colombia;Prepago;Paquete Sports;137;Señal Colombia;SD;Nacional;No
Colombia;Prepago;Paquete Sports;138;Señal Institucional;SD;Nacional;No
Colombia;Prepago;Paquete Sports;139;Canal Congreso;SD;Nacional;No
Colombia;Prepago;Paquete Sports;140;Teleantioquia;SD;Nacional;No
Colombia;Prepago;Paquete Sports;141;Telepacifico;SD;Nacional;No
Colombia;Prepago;Paquete Sports;142;Telecaribe;SD;Nacional;No
Colombia;Prepago;Paquete Sports;143;Canal Capital;SD;Nacional;No
Colombia;Prepago;Paquete Sports;144;Telecafé;SD;Nacional;No
Colombia;Prepago;Paquete Sports;145;NTN 24 NOTICIAS;SD;Nacional;No
Colombia;Prepago;Paquete Sports;146;El Tiempo TV;SD;Nacional;No
Colombia;Prepago;Paquete Sports;147;Cable Noticias;SD;Nacional;No
Colombia;Prepago;Paquete Sports;148;TRO;SD;Nacional;No
Colombia;Prepago;Paquete Sports;149;Trece;SD;Nacional;No
Colombia;Prepago;Paquete Sports;150;Teleislas;SD;Nacional;No
Colombia;Prepago;Paquete Sports;151;Telemedellin;SD;Nacional;No
Colombia;Prepago;Paquete Sports;152;TV Agro;SD;Local;No
Colombia;Prepago;Paquete Sports;202;Star Channel;SD;Variedades;No
Colombia;Prepago;Paquete Sports;204;Star Channel HD;HD;Cine;No
Colombia;Prepago;Paquete Sports;206;Warner Channel;SD;Variedades;No
Colombia;Prepago;Paquete Sports;207;A&E;SD;Variedades;No
Colombia;Prepago;Paquete Sports;208;Sony;SD;Variedades;No
Colombia;Prepago;Paquete Sports;209;AXN;SD;Variedades;No
Colombia;Prepago;Paquete Sports;210;AMC;SD;Variedades;No
Colombia;Prepago;Paquete Sports;213;TNT Series;SD;Variedades;No
Colombia;Prepago;Paquete Sports;214;Atres Series;SD;Variedades;No
Colombia;Prepago;Paquete Sports;215;Comedy Central;SD;Variedades;No
Colombia;Prepago;Paquete Sports;216;TNT Novelas;SD;Variedades;No
Colombia;Prepago;Paquete Sports;217;FX;SD;Variedades;No
Colombia;Prepago;Paquete Sports;218;Universal TV;SD;Variedades;No
Colombia;Prepago;Paquete Sports;219;USA Network;SD;Variedades;No
Colombia;Prepago;Paquete Sports;220;Adult Swim;SD;Variedades;No
Colombia;Prepago;Paquete Sports;221;¡Hola! TV;SD;Variedades;No
Colombia;Prepago;Paquete Sports;222;E! Entertainment;SD;Variedades;No
Colombia;Prepago;Paquete Sports;223;Investigation Discovery (ID);SD;Variedades;No
Colombia;Prepago;Paquete Sports;226;El Canal de las Estrellas;SD;Variedades;No
Colombia;Prepago;Paquete Sports;227;TLnovelas;SD;Variedades;No
Colombia;Prepago;Paquete Sports;228;Lifetime;SD;Variedades;No
Colombia;Prepago;Paquete Sports;229;Discovery Home & Health;SD;Variedades;No
Colombia;Prepago;Paquete Sports;230;Más Chic;SD;Variedades;No
Colombia;Prepago;Paquete Sports;231;Telemundo;SD;Variedades;No
Colombia;Prepago;Paquete Sports;232;El Gourmet;SD;Variedades;No
Colombia;Prepago;Paquete Sports;233;Food Network;SD;Variedades;No
Colombia;Prepago;Paquete Sports;264;MTV;SD;Variedades;No
Colombia;Prepago;Paquete Sports;269;Quiero Música en Mi Idioma (QMusic);SD;Variedades;No
Colombia;Prepago;Paquete Sports;270;Mi Gente 3.0;SD;Variedades;No
Colombia;Prepago;Paquete Sports;304;Cartoon Network;SD;Infantil;No
Colombia;Prepago;Paquete Sports;308;Nickelodeon;SD;Infantil;No
Colombia;Prepago;Paquete Sports;309;Nick Jr.;SD;Infantil;No
Colombia;Prepago;Paquete Sports;310;TeenNick;SD;Infantil;No
Colombia;Prepago;Paquete Sports;312;Disney Channel HD;HD;Infantil;No
Colombia;Prepago;Paquete Sports;314;Disney Channel;SD;Infantil;No
Colombia;Prepago;Paquete Sports;315;Disney Junior;SD;Infantil;No
Colombia;Prepago;Paquete Sports;317;BabyTV;SD;Infantil;No
Colombia;Prepago;Paquete Sports;318;Plim Plim;SD;Infantil;No
Colombia;Prepago;Paquete Sports;319;El Reino Infantil;SD;Infantil;No
Colombia;Prepago;Paquete Sports;330;Discovery Kids;SD;Infantil;No
Colombia;Prepago;Paquete Sports;334;Cartoonito;SD;Infantil;No
Colombia;Prepago;Paquete Sports;350;EWTN;SD;Religioso;Si
Colombia;Prepago;Paquete Sports;351;Orbe 21;SD;Religioso;No
Colombia;Prepago;Paquete Sports;352;Enlace;SD;Religioso;No
Colombia;Prepago;Paquete Sports;353;Cristovisión;SD;Religioso;No
Colombia;Prepago;Paquete Sports;358;DayStar;SD;Religioso;No
Colombia;Prepago;Paquete Sports;464;Playboy TV;SD;Adultos;No
Colombia;Prepago;Paquete Sports;468;Venus;SD;Adultos;No
Colombia;Prepago;Paquete Sports;469;XTSY;SD;Adultos;No
Colombia;Prepago;Paquete Sports;470;Hustler TV HD;SD;Adultos;No
Colombia;Prepago;Paquete Sports;502;TNT;SD;Cine;No
Colombia;Prepago;Paquete Sports;503;Golden;SD;Cine;No
Colombia;Prepago;Paquete Sports;506;Sony Movies;SD;Cine;No
Colombia;Prepago;Paquete Sports;507;Cinecanal;SD;Cine;No
Colombia;Prepago;Paquete Sports;508;Studio Universal;SD;Cine;No
Colombia;Prepago;Paquete Sports;509;Cinemax;SD;Cine;No
Colombia;Prepago;Paquete Sports;510;Mórbido TV;SD;Cine;No
Colombia;Prepago;Paquete Sports;513;DHE;SD;Cine;No
Colombia;Prepago;Paquete Sports;516;De Película;SD;Cine;No
Colombia;Prepago;Paquete Sports;517;Golden Edge;SD;Cine;No
Colombia;Prepago;Paquete Sports;518;Space;SD;Cine;No
Colombia;Prepago;Paquete Sports;524;HBO;SD;Cine;No
Colombia;Prepago;Paquete Sports;525;HBO 2;SD;Cine;No
Colombia;Prepago;Paquete Sports;526;HBO Plus HD;SD;Cine;No
Colombia;Prepago;Paquete Sports;528;HBO Signature;SD;Cine;No
Colombia;Prepago;Paquete Sports;534;HBO Family;SD;Cine;No
Colombia;Prepago;Paquete Sports;540;HBO Mundi;SD;Cine;No
Colombia;Prepago;Paquete Sports;541;HBO Pop;SD;Cine;No
Colombia;Prepago;Paquete Sports;542;HBO Xtreme;SD;Cine;No
Colombia;Prepago;Paquete Sports;571;Universal Premiere Este;SD;PPV;No
Colombia;Prepago;Paquete Sports;572;Universal Cinema;SD;PPV;No
Colombia;Prepago;Paquete Sports;573;Universal Comedy;SD;PPV;No
Colombia;Prepago;Paquete Sports;574;Universal Crime Este;SD;PPV;No
Colombia;Prepago;Paquete Sports;575;Universal Reality;SD;PPV;No
Colombia;Prepago;Paquete Sports;576;Universal Premiere Oeste;SD;PPV;No
Colombia;Prepago;Paquete Sports;577;Universal Cinema Oeste;SD;PPV;No
Colombia;Prepago;Paquete Sports;610;DSports;SD;Deportes;No
Colombia;Prepago;Paquete Sports;612;DSports 2;SD;Deportes;No
Colombia;Prepago;Paquete Sports;613;DSports+;SD;Deportes;No
Colombia;Prepago;Paquete Sports;621;ESPN;SD;Deportes;No
Colombia;Prepago;Paquete Sports;622;ESPN 2;SD;Deportes;No
Colombia;Prepago;Paquete Sports;623;ESPN 3;SD;Deportes;No
Colombia;Prepago;Paquete Sports;625;ESPN 5;SD;Deportes;No
Colombia;Prepago;Paquete Sports;626;ESPN 6;SD;Deportes;No
Colombia;Prepago;Paquete Sports;627;ESPN 7;SD;Deportes;No
Colombia;Prepago;Paquete Sports;628;Golf Channel Latinoamérica;SD;Deportes;Si
Colombia;Prepago;Paquete Sports;629;TyC Sports Internacional;SD;Deportes;Si
Colombia;Prepago;Paquete Sports;631;DSports Radio;Radio;Radio;No
Colombia;Prepago;Paquete Sports;633;Win Sports;SD;Deportes;No
Colombia;Prepago;Paquete Sports;634;Win Sports Mas;SD;PPV;No
Colombia;Prepago;Paquete Sports;700;DNews;SD;Mundo;No
Colombia;Prepago;Paquete Sports;704;CNN en Español;SD;Mundo;No
Colombia;Prepago;Paquete Sports;706;CNN International;SD;Mundo;No
Colombia;Prepago;Paquete Sports;707;CNN Chile;SD;Mundo;No
Colombia;Prepago;Paquete Sports;708;TVN 24 HORAS;SD;Mundo;No
Colombia;Prepago;Paquete Sports;710;Bloomberg;SD;Mundo;No
Colombia;Prepago;Paquete Sports;716;Todo Noticias (TN);SD;Mundo;No
Colombia;Prepago;Paquete Sports;720;Canal 26;SD;Mundo;No
Colombia;Prepago;Paquete Sports;726;Canal Rural;SD;Mundo;No
Colombia;Prepago;Paquete Sports;730;National Geographic;SD;Mundo;No
Colombia;Prepago;Paquete Sports;732;Discovery Channel;SD;Mundo;No
Colombia;Prepago;Paquete Sports;734;Animal Planet;SD;Mundo;No
Colombia;Prepago;Paquete Sports;736;Discovery Turbo;SD;Mundo;Si
Colombia;Prepago;Paquete Sports;740;Discovery Travel & Living Channel (TLC);SD;Mundo;No
Colombia;Prepago;Paquete Sports;742;History Channel;SD;Mundo;No
Colombia;Prepago;Paquete Sports;744;History 2;SD;Mundo;No
Colombia;Prepago;Paquete Sports;760;Univision;SD;Mundo;No
Colombia;Prepago;Paquete Sports;762;Antena 3 Internacional;SD;Mundo;No
Colombia;Prepago;Paquete Sports;764;France 24 Español;SD;Mundo;No
Colombia;Prepago;Paquete Sports;766;Rai Italia;SD;Mundo;No
Colombia;Prepago;Paquete Sports;768;BBC WORLD;SD;Mundo;No
Colombia;Prepago;Paquete Sports;770;Deutsche Welle (DW) Español;SD;Mundo;No
Colombia;Prepago;Paquete Sports;772;Caracol Internacional;SD;Mundo;No
Colombia;Prepago;Paquete Sports;774;TV Chile Internacional;SD;Mundo;No
Colombia;Prepago;Paquete Sports;776;TV Globo;SD;Mundo;No
Colombia;Prepago;Paquete Sports;778;RTP;SD;Mundo;No
Colombia;Prepago;Paquete Sports;780;ZEE TV;SD;Mundo;No
Colombia;Prepago;Paquete Sports;782;NHK World;SD;Mundo;No
Colombia;Prepago;Paquete Sports;784;El Trece;SD;Mundo;No
Colombia;Prepago;Paquete Sports;786;Telefe;SD;Mundo;No
Colombia;Prepago;Paquete Sports;790;CGTN;SD;Mundo;No
Colombia;Prepago;Paquete Sports;980;Unión Radio Noticias;Radio;Radio;No
Colombia;Prepago;Paquete Sports;982;Radio Caracol;Radio;Radio;No
Colombia;Prepago;Paquete Sports;984;Radio France Internacional;Radio;Radio;No
Colombia;Prepago;Paquete Sports;985;Fiesta 106.5;Radio;Radio;No
Colombia;Prepago;Paquete Sports;991;La FM Plus;Radio;Radio;No
Colombia;Prepago;Paquete Sports;992;Alerta Bogota;Radio;Radio;No
Colombia;Prepago;Paquete Sports;993;La W Radio;Radio;Radio;No
Colombia;Prepago;Paquete Sports;1127;DShow;HD;Variedades;No
Colombia;Prepago;Paquete Sports;1130;RCN HD;HD;Nacional;No
Colombia;Prepago;Paquete Sports;1132;Caracol TV HD;HD;Nacional;No
Colombia;Prepago;Paquete Sports;1136;Canal UNO;HD;Nacional;No
Colombia;Prepago;Paquete Sports;1137;Señal Colombia HD;HD;Nacional;No
Colombia;Prepago;Paquete Sports;1138;Señal Institucional HD;HD;Nacional;No
Colombia;Prepago;Paquete Sports;1140;Teleantioquia HD;HD;Nacional;No
Colombia;Prepago;Paquete Sports;1141;Telepacifico;HD;Nacional;No
Colombia;Prepago;Paquete Sports;1142;Telecaribe HD;HD;Nacional;No
Colombia;Prepago;Paquete Sports;1147;Cable Noticias HD;HD;Local;No
Colombia;Prepago;Paquete Sports;1204;Star Channel HD;HD;Variedades;No
Colombia;Prepago;Paquete Sports;1206;Warner Channel HD;HD;Variedades;No
Colombia;Prepago;Paquete Sports;1207;A&E HD;HD;Variedades;No
Colombia;Prepago;Paquete Sports;1208;Sony HD;HD;Variedades;No
Colombia;Prepago;Paquete Sports;1209;AXN HD;HD;Variedades;No
Colombia;Prepago;Paquete Sports;1210;AMC HD;HD;Variedades;No
Colombia;Prepago;Paquete Sports;1213;TNT Series HD;HD;Variedades;No
Colombia;Prepago;Paquete Sports;1214;Atres Series HD;HD;Variedades;No
Colombia;Prepago;Paquete Sports;1215;Comedy Central HD;HD;Variedades;No
Colombia;Prepago;Paquete Sports;1217;FX HD;HD;Variedades;No
Colombia;Prepago;Paquete Sports;1218;Universal TV HD;HD;Variedades;No
Colombia;Prepago;Paquete Sports;1219;USA Network HD;HD;Variedades;No
Colombia;Prepago;Paquete Sports;1221;Hola TV HD;HD;Variedades;No
Colombia;Prepago;Paquete Sports;1222;E! Entertainment HD;HD;Variedades;No
Colombia;Prepago;Paquete Sports;1223;Investigation Discovery (ID) HD;HD;Variedades;No
Colombia;Prepago;Paquete Sports;1228;Lifetime HD;HD;Variedades;No
Colombia;Prepago;Paquete Sports;1229;Discovery Home & Health HD;HD;Variedades;No
Colombia;Prepago;Paquete Sports;1231;Alacocina TV;HD;Variedades;Si
Colombia;Prepago;Paquete Sports;1232;El Gourmet HD;HD;Variedades;No
Colombia;Prepago;Paquete Sports;1233;Food Network;HD;Variedades;No
Colombia;Prepago;Paquete Sports;1234;HGTV HD;HD;Variedades;No
Colombia;Prepago;Paquete Sports;1236;VePlus HD;HD;Variedades;No
Colombia;Prepago;Paquete Sports;1264;MTV HD;HD;Variedades;No
Colombia;Prepago;Paquete Sports;1265;Music Top;HD;Variedades;No
Colombia;Prepago;Paquete Sports;1266;Tierra Mía HD;HD;Variedades;No
Colombia;Prepago;Paquete Sports;1270;Latina TV;HD;Variedades;Si
Colombia;Prepago;Paquete Sports;1273;INTI Network HD;HD;Variedades;No
Colombia;Prepago;Paquete Sports;1304;Cartoon Network HD;HD;Infantil;No
Colombia;Prepago;Paquete Sports;1308;Nick HD;HD;Infantil;No
Colombia;Prepago;Paquete Sports;1309;Nick Jr. HD;HD;Infantil;No
Colombia;Prepago;Paquete Sports;1312;Disney Channel HD;HD;Infantil;No
Colombia;Prepago;Paquete Sports;1315;Disney Junior HD;HD;Infantil;No
Colombia;Prepago;Paquete Sports;1317;BabyTV;SD;Infantil;No
Colombia;Prepago;Paquete Sports;1318;Plim Plim;HD;Infantil;No
Colombia;Prepago;Paquete Sports;1319;El Reino Infantil;HD;Infantil;No
Colombia;Prepago;Paquete Sports;1330;Discovery Kids HD;HD;Infantil;No
Colombia;Prepago;Paquete Sports;1502;TNT HD;HD;Cine;No
Colombia;Prepago;Paquete Sports;1503;Golden HD;HD;Cine;No
Colombia;Prepago;Paquete Sports;1506;Sony Movies;HD;Cine;No
Colombia;Prepago;Paquete Sports;1507;Cine HD;HD;Cine;No
Colombia;Prepago;Paquete Sports;1508;Studio Universal HD;HD;Cine;No
Colombia;Prepago;Paquete Sports;1509;Cinemax HD;HD;Cine;No
Colombia;Prepago;Paquete Sports;1510;Mórbido TV;HD;Cine;No
Colombia;Prepago;Paquete Sports;1513;DHE HD;HD;Cine;No
Colombia;Prepago;Paquete Sports;1518;Space HD;HD;Cine;No
Colombia;Prepago;Paquete Sports;1524;HBO HD;HD;Cine;No
Colombia;Prepago;Paquete Sports;1525;HBO 2 HD;HD;Cine;No
Colombia;Prepago;Paquete Sports;1528;HBO Signature HD;HD;Cine;No
Colombia;Prepago;Paquete Sports;1532;HBO Plus HD;HD;Cine;No
Colombia;Prepago;Paquete Sports;1534;HBO Family HD;HD;Cine;No
Colombia;Prepago;Paquete Sports;1542;HBO Xtreme HD;HD;Cine;No
Colombia;Prepago;Paquete Sports;1571;Universal Premiere Este;HD;PPV;No
Colombia;Prepago;Paquete Sports;1572;Universal Cinema;HD;PPV;No
Colombia;Prepago;Paquete Sports;1573;Universal Comedy;HD;PPV;No
Colombia;Prepago;Paquete Sports;1574;Universal Crime Este;HD;PPV;No
Colombia;Prepago;Paquete Sports;1575;Universal Reality;HD;PPV;No
Colombia;Prepago;Paquete Sports;1576;Universal Premiere Oeste;HD;PPV;No
Colombia;Prepago;Paquete Sports;1577;Universal Cinema Oeste;HD;PPV;No
Colombia;Prepago;Paquete Sports;1610;DSports HD;HD;Deportes;No
Colombia;Prepago;Paquete Sports;1612;DSports 2 HD;HD;Deportes;No
Colombia;Prepago;Paquete Sports;1613;DSports+ HD;HD;Deportes;No
Colombia;Prepago;Paquete Sports;1621;ESPN HD;HD;Deportes;No
Colombia;Prepago;Paquete Sports;1622;ESPN 2 HD;HD;Deportes;No
Colombia;Prepago;Paquete Sports;1623;ESPN 3 HD;HD;Deportes;No
Colombia;Prepago;Paquete Sports;1624;ESPN 4 HD;HD;Deportes;No
Colombia;Prepago;Paquete Sports;1625;ESPN 5 HD;HD;Deportes;No
Colombia;Prepago;Paquete Sports;1626;ESPN 6 HD;HD;Deportes;No
Colombia;Prepago;Paquete Sports;1627;ESPN 7 HD;HD;Deportes;No
Colombia;Prepago;Paquete Sports;1628;Golf Channel HD;HD;Deportes;No
Colombia;Prepago;Paquete Sports;1631;DSports Show;HD;Deportes;No
Colombia;Prepago;Paquete Sports;1633;Win Sports HD;HD;Deportes;No
Colombia;Prepago;Paquete Sports;1634;Win Sports Mas;HD;Deportes;No
Colombia;Prepago;Paquete Sports;1636;One Baseball Network;HD;PPV;No
Colombia;Prepago;Paquete Sports;1639;PX Sports;HD;Deportes;No
Colombia;Prepago;Paquete Sports;1700;DNews HD;HD;Mundo;No
Colombia;Prepago;Paquete Sports;1730;National Geographic HD;HD;Mundo;No
Colombia;Prepago;Paquete Sports;1731;Discovery Theater HD;HD;Mundo;No
Colombia;Prepago;Paquete Sports;1732;Discovery Channel HD;HD;Mundo;No
Colombia;Prepago;Paquete Sports;1734;Animal Planet HD;HD;Mundo;No
Colombia;Prepago;Paquete Sports;1738;Discovery World HD;HD;Mundo;No
Colombia;Prepago;Paquete Sports;1740;Discovery Travel & Living Channel (TLC) HD;HD;Mundo;No
Colombia;Prepago;Paquete Sports;1742;History Channel HD;HD;Mundo;No
Colombia;Prepago;Paquete Sports;1744;History 2 HD;HD;Mundo;No
Colombia;Prepago;Paquete Sports;1750;Encuentro Internacional HD;HD;Variedades;No
Colombia;Prepago;Paquete Sports;1762;Antena 3 Internacional HD;HD;Mundo;No
Colombia;Prepago;Paquete Sports;1764;France 24 Español;HD;Mundo;No
Colombia;Prepago;Paquete Sports;4000;Directv 4K;4K;4K;No
Colombia;Prepago;Prepago Movies;117;TV Familia;SD;Religioso;No
Colombia;Prepago;Prepago Movies;127;DShow;SD;Variedades;No
Colombia;Prepago;Prepago Movies;129;Directv Place;SD;Variedades;No
Colombia;Prepago;Prepago Movies;130;RCN;SD;Nacional;No
Colombia;Prepago;Prepago Movies;132;Caracol Internacional;SD;Nacional;No
Colombia;Prepago;Prepago Movies;133;City TV;SD;Nacional;No
Colombia;Prepago;Prepago Movies;134;Caracol Internacional;SD;Nacional;No
Colombia;Prepago;Prepago Movies;135;RCN Nuestra Tele;SD;Nacional;No
Colombia;Prepago;Prepago Movies;136;Canal UNO;SD;Nacional;No
Colombia;Prepago;Prepago Movies;137;Señal Colombia;SD;Nacional;No
Colombia;Prepago;Prepago Movies;138;Señal Institucional;SD;Nacional;No
Colombia;Prepago;Prepago Movies;139;Canal Congreso;SD;Nacional;No
Colombia;Prepago;Prepago Movies;140;Teleantioquia;SD;Nacional;No
Colombia;Prepago;Prepago Movies;141;Telepacifico;SD;Nacional;No
Colombia;Prepago;Prepago Movies;142;Telecaribe;SD;Nacional;No
Colombia;Prepago;Prepago Movies;143;Canal Capital;SD;Nacional;No
Colombia;Prepago;Prepago Movies;144;Telecafé;SD;Nacional;No
Colombia;Prepago;Prepago Movies;145;NTN 24 NOTICIAS;SD;Nacional;No
Colombia;Prepago;Prepago Movies;146;El Tiempo TV;SD;Nacional;No
Colombia;Prepago;Prepago Movies;147;Cable Noticias;SD;Nacional;No
Colombia;Prepago;Prepago Movies;148;TRO;SD;Nacional;No
Colombia;Prepago;Prepago Movies;149;Trece;SD;Nacional;No
Colombia;Prepago;Prepago Movies;150;Teleislas;SD;Nacional;No
Colombia;Prepago;Prepago Movies;151;Telemedellin;SD;Nacional;No
Colombia;Prepago;Prepago Movies;152;TV Agro;SD;Local;No
Colombia;Prepago;Prepago Movies;202;Star Channel;SD;Variedades;No
Colombia;Prepago;Prepago Movies;204;Star Channel HD;HD;Cine;No
Colombia;Prepago;Prepago Movies;206;Warner Channel;SD;Variedades;No
Colombia;Prepago;Prepago Movies;207;A&E;SD;Variedades;No
Colombia;Prepago;Prepago Movies;208;Sony;SD;Variedades;No
Colombia;Prepago;Prepago Movies;209;AXN;SD;Variedades;No
Colombia;Prepago;Prepago Movies;210;AMC;SD;Variedades;Si
Colombia;Prepago;Prepago Movies;213;TNT Series;SD;Variedades;No
Colombia;Prepago;Prepago Movies;214;Atres Series;SD;Variedades;Si
Colombia;Prepago;Prepago Movies;215;Comedy Central;SD;Variedades;No
Colombia;Prepago;Prepago Movies;216;TNT Novelas;SD;Variedades;No
Colombia;Prepago;Prepago Movies;217;FX;SD;Variedades;No
Colombia;Prepago;Prepago Movies;218;Universal TV;SD;Variedades;No
Colombia;Prepago;Prepago Movies;219;USA Network;SD;Variedades;No
Colombia;Prepago;Prepago Movies;220;Adult Swim;SD;Variedades;No
Colombia;Prepago;Prepago Movies;221;¡Hola! TV;SD;Variedades;No
Colombia;Prepago;Prepago Movies;222;E! Entertainment;SD;Variedades;No
Colombia;Prepago;Prepago Movies;223;Investigation Discovery (ID);SD;Variedades;No
Colombia;Prepago;Prepago Movies;226;El Canal de las Estrellas;SD;Variedades;No
Colombia;Prepago;Prepago Movies;227;TLnovelas;SD;Variedades;No
Colombia;Prepago;Prepago Movies;228;Lifetime;SD;Variedades;No
Colombia;Prepago;Prepago Movies;229;Discovery Home & Health;SD;Variedades;No
Colombia;Prepago;Prepago Movies;230;Más Chic;SD;Variedades;No
Colombia;Prepago;Prepago Movies;231;Telemundo;SD;Variedades;No
Colombia;Prepago;Prepago Movies;232;El Gourmet;SD;Variedades;No
Colombia;Prepago;Prepago Movies;233;Food Network;SD;Variedades;No
Colombia;Prepago;Prepago Movies;264;MTV;SD;Variedades;No
Colombia;Prepago;Prepago Movies;269;Quiero Música en Mi Idioma (QMusic);SD;Variedades;No
Colombia;Prepago;Prepago Movies;270;Mi Gente 3.0;SD;Variedades;No
Colombia;Prepago;Prepago Movies;304;Cartoon Network;SD;Infantil;No
Colombia;Prepago;Prepago Movies;308;Nickelodeon;SD;Infantil;No
Colombia;Prepago;Prepago Movies;309;Nick Jr.;SD;Infantil;No
Colombia;Prepago;Prepago Movies;310;TeenNick;SD;Infantil;No
Colombia;Prepago;Prepago Movies;312;Disney Channel HD;HD;Infantil;No
Colombia;Prepago;Prepago Movies;314;Disney Channel;SD;Infantil;No
Colombia;Prepago;Prepago Movies;315;Disney Junior;SD;Infantil;No
Colombia;Prepago;Prepago Movies;317;BabyTV;SD;Infantil;No
Colombia;Prepago;Prepago Movies;318;Plim Plim;SD;Infantil;No
Colombia;Prepago;Prepago Movies;319;El Reino Infantil;SD;Infantil;Si
Colombia;Prepago;Prepago Movies;330;Discovery Kids;SD;Infantil;No
Colombia;Prepago;Prepago Movies;334;Cartoonito;SD;Infantil;No
Colombia;Prepago;Prepago Movies;350;EWTN;SD;Religioso;Si
Colombia;Prepago;Prepago Movies;351;Orbe 21;SD;Religioso;No
Colombia;Prepago;Prepago Movies;352;Enlace;SD;Religioso;No
Colombia;Prepago;Prepago Movies;353;Cristovisión;SD;Religioso;No
Colombia;Prepago;Prepago Movies;358;DayStar;SD;Religioso;No
Colombia;Prepago;Prepago Movies;464;Playboy TV;SD;Adultos;No
Colombia;Prepago;Prepago Movies;468;Venus;SD;Adultos;No
Colombia;Prepago;Prepago Movies;469;XTSY;SD;Adultos;No
Colombia;Prepago;Prepago Movies;470;Hustler TV HD;SD;Adultos;No
Colombia;Prepago;Prepago Movies;502;TNT;SD;Cine;No
Colombia;Prepago;Prepago Movies;503;Golden;SD;Cine;Si
Colombia;Prepago;Prepago Movies;506;Sony Movies;SD;Cine;No
Colombia;Prepago;Prepago Movies;507;Cinecanal;SD;Cine;No
Colombia;Prepago;Prepago Movies;508;Studio Universal;SD;Cine;No
Colombia;Prepago;Prepago Movies;509;Cinemax;SD;Cine;No
Colombia;Prepago;Prepago Movies;510;Mórbido TV;SD;Cine;No
Colombia;Prepago;Prepago Movies;513;DHE;SD;Cine;No
Colombia;Prepago;Prepago Movies;516;De Película;SD;Cine;Si
Colombia;Prepago;Prepago Movies;517;Golden Edge;SD;Cine;No
Colombia;Prepago;Prepago Movies;518;Space;SD;Cine;No
Colombia;Prepago;Prepago Movies;524;HBO;SD;Cine;No
Colombia;Prepago;Prepago Movies;525;HBO 2;SD;Cine;No
Colombia;Prepago;Prepago Movies;526;HBO Plus HD;SD;Cine;No
Colombia;Prepago;Prepago Movies;528;HBO Signature;SD;Cine;No
Colombia;Prepago;Prepago Movies;534;HBO Family;SD;Cine;No
Colombia;Prepago;Prepago Movies;540;HBO Mundi;SD;Cine;No
Colombia;Prepago;Prepago Movies;541;HBO Pop;SD;Cine;No
Colombia;Prepago;Prepago Movies;542;HBO Xtreme;SD;Cine;No
Colombia;Prepago;Prepago Movies;571;Universal Premiere Este;SD;PPV;No
Colombia;Prepago;Prepago Movies;572;Universal Cinema;SD;PPV;No
Colombia;Prepago;Prepago Movies;573;Universal Comedy;SD;PPV;No
Colombia;Prepago;Prepago Movies;574;Universal Crime Este;SD;PPV;No
Colombia;Prepago;Prepago Movies;575;Universal Reality;SD;PPV;No
Colombia;Prepago;Prepago Movies;576;Universal Premiere Oeste;SD;PPV;No
Colombia;Prepago;Prepago Movies;577;Universal Cinema Oeste;SD;PPV;No
Colombia;Prepago;Prepago Movies;610;DSports;SD;Deportes;No
Colombia;Prepago;Prepago Movies;612;DSports 2;SD;Deportes;No
Colombia;Prepago;Prepago Movies;613;DSports+;SD;Deportes;No
Colombia;Prepago;Prepago Movies;621;ESPN;SD;Deportes;No
Colombia;Prepago;Prepago Movies;622;ESPN 2;SD;Deportes;No
Colombia;Prepago;Prepago Movies;623;ESPN 3;SD;Deportes;No
Colombia;Prepago;Prepago Movies;625;ESPN 5;SD;Deportes;No
Colombia;Prepago;Prepago Movies;626;ESPN 6;SD;Deportes;No
Colombia;Prepago;Prepago Movies;627;ESPN 7;SD;Deportes;No
Colombia;Prepago;Prepago Movies;628;Golf Channel Latinoamérica;SD;Deportes;No
Colombia;Prepago;Prepago Movies;629;TyC Sports Internacional;SD;Deportes;No
Colombia;Prepago;Prepago Movies;631;DSports Radio;Radio;Radio;No
Colombia;Prepago;Prepago Movies;633;Win Sports;SD;Deportes;No
Colombia;Prepago;Prepago Movies;634;Win Sports Mas;SD;PPV;No
Colombia;Prepago;Prepago Movies;700;DNews;SD;Mundo;No
Colombia;Prepago;Prepago Movies;704;CNN en Español;SD;Mundo;No
Colombia;Prepago;Prepago Movies;706;CNN International;SD;Mundo;No
Colombia;Prepago;Prepago Movies;707;CNN Chile;SD;Mundo;No
Colombia;Prepago;Prepago Movies;708;TVN 24 HORAS;SD;Mundo;No
Colombia;Prepago;Prepago Movies;710;Bloomberg;SD;Mundo;No
Colombia;Prepago;Prepago Movies;716;Todo Noticias (TN);SD;Mundo;No
Colombia;Prepago;Prepago Movies;720;Canal 26;SD;Mundo;No
Colombia;Prepago;Prepago Movies;726;Canal Rural;SD;Mundo;No
Colombia;Prepago;Prepago Movies;730;National Geographic;SD;Mundo;No
Colombia;Prepago;Prepago Movies;732;Discovery Channel;SD;Mundo;No
Colombia;Prepago;Prepago Movies;734;Animal Planet;SD;Mundo;No
Colombia;Prepago;Prepago Movies;736;Discovery Turbo;SD;Mundo;No
Colombia;Prepago;Prepago Movies;740;Discovery Travel & Living Channel (TLC);SD;Mundo;No
Colombia;Prepago;Prepago Movies;742;History Channel;SD;Mundo;No
Colombia;Prepago;Prepago Movies;744;History 2;SD;Mundo;No
Colombia;Prepago;Prepago Movies;760;Univision;SD;Mundo;No
Colombia;Prepago;Prepago Movies;762;Antena 3 Internacional;SD;Mundo;No
Colombia;Prepago;Prepago Movies;764;France 24 Español;SD;Mundo;No
Colombia;Prepago;Prepago Movies;766;Rai Italia;SD;Mundo;No
Colombia;Prepago;Prepago Movies;768;BBC WORLD;SD;Mundo;No
Colombia;Prepago;Prepago Movies;770;Deutsche Welle (DW) Español;SD;Mundo;No
Colombia;Prepago;Prepago Movies;772;Caracol Internacional;SD;Mundo;No
Colombia;Prepago;Prepago Movies;774;TV Chile Internacional;SD;Mundo;No
Colombia;Prepago;Prepago Movies;776;TV Globo;SD;Mundo;No
Colombia;Prepago;Prepago Movies;778;RTP;SD;Mundo;No
Colombia;Prepago;Prepago Movies;780;ZEE TV;SD;Mundo;No
Colombia;Prepago;Prepago Movies;782;NHK World;SD;Mundo;No
Colombia;Prepago;Prepago Movies;784;El Trece;SD;Mundo;No
Colombia;Prepago;Prepago Movies;786;Telefe;SD;Mundo;No
Colombia;Prepago;Prepago Movies;790;CGTN;SD;Mundo;No
Colombia;Prepago;Prepago Movies;980;Unión Radio Noticias;Radio;Radio;No
Colombia;Prepago;Prepago Movies;982;Radio Caracol;Radio;Radio;No
Colombia;Prepago;Prepago Movies;984;Radio France Internacional;Radio;Radio;No
Colombia;Prepago;Prepago Movies;985;Fiesta 106.5;Radio;Radio;No
Colombia;Prepago;Prepago Movies;991;La FM Plus;Radio;Radio;No
Colombia;Prepago;Prepago Movies;992;Alerta Bogota;Radio;Radio;No
Colombia;Prepago;Prepago Movies;993;La W Radio;Radio;Radio;No
Colombia;Prepago;Prepago Movies;1127;DShow;HD;Variedades;No
Colombia;Prepago;Prepago Movies;1130;RCN HD;HD;Nacional;No
Colombia;Prepago;Prepago Movies;1132;Caracol TV HD;HD;Nacional;No
Colombia;Prepago;Prepago Movies;1136;Canal UNO;HD;Nacional;No
Colombia;Prepago;Prepago Movies;1137;Señal Colombia HD;HD;Nacional;No
Colombia;Prepago;Prepago Movies;1138;Señal Institucional HD;HD;Nacional;No
Colombia;Prepago;Prepago Movies;1140;Teleantioquia HD;HD;Nacional;No
Colombia;Prepago;Prepago Movies;1141;Telepacifico;HD;Nacional;No
Colombia;Prepago;Prepago Movies;1142;Telecaribe HD;HD;Nacional;No
Colombia;Prepago;Prepago Movies;1147;Cable Noticias HD;HD;Local;No
Colombia;Prepago;Prepago Movies;1204;Star Channel HD;HD;Variedades;No
Colombia;Prepago;Prepago Movies;1206;Warner Channel HD;HD;Variedades;No
Colombia;Prepago;Prepago Movies;1207;A&E HD;HD;Variedades;No
Colombia;Prepago;Prepago Movies;1208;Sony HD;HD;Variedades;No
Colombia;Prepago;Prepago Movies;1209;AXN HD;HD;Variedades;No
Colombia;Prepago;Prepago Movies;1210;AMC HD;HD;Variedades;No
Colombia;Prepago;Prepago Movies;1213;TNT Series HD;HD;Variedades;No
Colombia;Prepago;Prepago Movies;1214;Atres Series HD;HD;Variedades;No
Colombia;Prepago;Prepago Movies;1215;Comedy Central HD;HD;Variedades;No
Colombia;Prepago;Prepago Movies;1217;FX HD;HD;Variedades;No
Colombia;Prepago;Prepago Movies;1218;Universal TV HD;HD;Variedades;No
Colombia;Prepago;Prepago Movies;1219;USA Network HD;HD;Variedades;No
Colombia;Prepago;Prepago Movies;1221;Hola TV HD;HD;Variedades;No
Colombia;Prepago;Prepago Movies;1222;E! Entertainment HD;HD;Variedades;No
Colombia;Prepago;Prepago Movies;1223;Investigation Discovery (ID) HD;HD;Variedades;No
Colombia;Prepago;Prepago Movies;1228;Lifetime HD;HD;Variedades;No
Colombia;Prepago;Prepago Movies;1229;Discovery Home & Health HD;HD;Variedades;No
Colombia;Prepago;Prepago Movies;1231;Alacocina TV;HD;Variedades;Si
Colombia;Prepago;Prepago Movies;1232;El Gourmet HD;HD;Variedades;No
Colombia;Prepago;Prepago Movies;1233;Food Network;HD;Variedades;No
Colombia;Prepago;Prepago Movies;1234;HGTV HD;HD;Variedades;No
Colombia;Prepago;Prepago Movies;1236;VePlus HD;HD;Variedades;No
Colombia;Prepago;Prepago Movies;1264;MTV HD;HD;Variedades;No
Colombia;Prepago;Prepago Movies;1265;Music Top;HD;Variedades;No
Colombia;Prepago;Prepago Movies;1266;Tierra Mía HD;HD;Variedades;No
Colombia;Prepago;Prepago Movies;1270;Latina TV;HD;Variedades;Si
Colombia;Prepago;Prepago Movies;1273;INTI Network HD;HD;Variedades;No
Colombia;Prepago;Prepago Movies;1304;Cartoon Network HD;HD;Infantil;No
Colombia;Prepago;Prepago Movies;1308;Nick HD;HD;Infantil;No
Colombia;Prepago;Prepago Movies;1309;Nick Jr. HD;HD;Infantil;No
Colombia;Prepago;Prepago Movies;1312;Disney Channel HD;HD;Infantil;No
Colombia;Prepago;Prepago Movies;1315;Disney Junior HD;HD;Infantil;No
Colombia;Prepago;Prepago Movies;1317;BabyTV;SD;Infantil;No
Colombia;Prepago;Prepago Movies;1318;Plim Plim;HD;Infantil;No
Colombia;Prepago;Prepago Movies;1319;El Reino Infantil;HD;Infantil;Si
Colombia;Prepago;Prepago Movies;1330;Discovery Kids HD;HD;Infantil;No
Colombia;Prepago;Prepago Movies;1502;TNT HD;HD;Cine;No
Colombia;Prepago;Prepago Movies;1503;Golden HD;HD;Cine;No
Colombia;Prepago;Prepago Movies;1506;Sony Movies;HD;Cine;No
Colombia;Prepago;Prepago Movies;1507;Cine HD;HD;Cine;No
Colombia;Prepago;Prepago Movies;1508;Studio Universal HD;HD;Cine;No
Colombia;Prepago;Prepago Movies;1509;Cinemax HD;HD;Cine;No
Colombia;Prepago;Prepago Movies;1510;Mórbido TV;HD;Cine;No
Colombia;Prepago;Prepago Movies;1513;DHE HD;HD;Cine;No
Colombia;Prepago;Prepago Movies;1518;Space HD;HD;Cine;No
Colombia;Prepago;Prepago Movies;1524;HBO HD;HD;Cine;No
Colombia;Prepago;Prepago Movies;1525;HBO 2 HD;HD;Cine;No
Colombia;Prepago;Prepago Movies;1528;HBO Signature HD;HD;Cine;No
Colombia;Prepago;Prepago Movies;1532;HBO Plus HD;HD;Cine;No
Colombia;Prepago;Prepago Movies;1534;HBO Family HD;HD;Cine;No
Colombia;Prepago;Prepago Movies;1542;HBO Xtreme HD;HD;Cine;No
Colombia;Prepago;Prepago Movies;1571;Universal Premiere Este;HD;PPV;No
Colombia;Prepago;Prepago Movies;1572;Universal Cinema;HD;PPV;No
Colombia;Prepago;Prepago Movies;1573;Universal Comedy;HD;PPV;No
Colombia;Prepago;Prepago Movies;1574;Universal Crime Este;HD;PPV;No
Colombia;Prepago;Prepago Movies;1575;Universal Reality;HD;PPV;No
Colombia;Prepago;Prepago Movies;1576;Universal Premiere Oeste;HD;PPV;No
Colombia;Prepago;Prepago Movies;1577;Universal Cinema Oeste;HD;PPV;No
Colombia;Prepago;Prepago Movies;1610;DSports HD;HD;Deportes;No
Colombia;Prepago;Prepago Movies;1612;DSports 2 HD;HD;Deportes;No
Colombia;Prepago;Prepago Movies;1613;DSports+ HD;HD;Deportes;No
Colombia;Prepago;Prepago Movies;1621;ESPN HD;HD;Deportes;No
Colombia;Prepago;Prepago Movies;1622;ESPN 2 HD;HD;Deportes;No
Colombia;Prepago;Prepago Movies;1623;ESPN 3 HD;HD;Deportes;No
Colombia;Prepago;Prepago Movies;1624;ESPN 4 HD;HD;Deportes;No
Colombia;Prepago;Prepago Movies;1625;ESPN 5 HD;HD;Deportes;No
Colombia;Prepago;Prepago Movies;1626;ESPN 6 HD;HD;Deportes;No
Colombia;Prepago;Prepago Movies;1627;ESPN 7 HD;HD;Deportes;No
Colombia;Prepago;Prepago Movies;1628;Golf Channel HD;HD;Deportes;No
Colombia;Prepago;Prepago Movies;1631;DSports Show;HD;Deportes;No
Colombia;Prepago;Prepago Movies;1633;Win Sports HD;HD;Deportes;No
Colombia;Prepago;Prepago Movies;1634;Win Sports Mas;HD;Deportes;No
Colombia;Prepago;Prepago Movies;1636;One Baseball Network;HD;PPV;No
Colombia;Prepago;Prepago Movies;1639;PX Sports;HD;Deportes;No
Colombia;Prepago;Prepago Movies;1700;DNews HD;HD;Mundo;No
Colombia;Prepago;Prepago Movies;1730;National Geographic HD;HD;Mundo;No
Colombia;Prepago;Prepago Movies;1731;Discovery Theater HD;HD;Mundo;No
Colombia;Prepago;Prepago Movies;1732;Discovery Channel HD;HD;Mundo;No
Colombia;Prepago;Prepago Movies;1734;Animal Planet HD;HD;Mundo;No
Colombia;Prepago;Prepago Movies;1738;Discovery World HD;HD;Mundo;No
Colombia;Prepago;Prepago Movies;1740;Discovery Travel & Living Channel (TLC) HD;HD;Mundo;No
Colombia;Prepago;Prepago Movies;1742;History Channel HD;HD;Mundo;No
Colombia;Prepago;Prepago Movies;1744;History 2 HD;HD;Mundo;No
Colombia;Prepago;Prepago Movies;1750;Encuentro Internacional HD;HD;Variedades;No
Colombia;Prepago;Prepago Movies;1762;Antena 3 Internacional HD;HD;Mundo;No
Colombia;Prepago;Prepago Movies;1764;France 24 Español;HD;Mundo;No
Colombia;Prepago;Prepago Movies;4000;Directv 4K;4K;4K;No
Colombia;Prepago;Hbo;117;TV Familia;SD;Religioso;No
Colombia;Prepago;Hbo;127;DShow;SD;Variedades;No
Colombia;Prepago;Hbo;129;Directv Place;SD;Variedades;No
Colombia;Prepago;Hbo;130;RCN;SD;Nacional;No
Colombia;Prepago;Hbo;132;Caracol Internacional;SD;Nacional;No
Colombia;Prepago;Hbo;133;City TV;SD;Nacional;No
Colombia;Prepago;Hbo;134;Caracol Internacional;SD;Nacional;No
Colombia;Prepago;Hbo;135;RCN Nuestra Tele;SD;Nacional;No
Colombia;Prepago;Hbo;136;Canal UNO;SD;Nacional;No
Colombia;Prepago;Hbo;137;Señal Colombia;SD;Nacional;No
Colombia;Prepago;Hbo;138;Señal Institucional;SD;Nacional;No
Colombia;Prepago;Hbo;139;Canal Congreso;SD;Nacional;No
Colombia;Prepago;Hbo;140;Teleantioquia;SD;Nacional;No
Colombia;Prepago;Hbo;141;Telepacifico;SD;Nacional;No
Colombia;Prepago;Hbo;142;Telecaribe;SD;Nacional;No
Colombia;Prepago;Hbo;143;Canal Capital;SD;Nacional;No
Colombia;Prepago;Hbo;144;Telecafé;SD;Nacional;No
Colombia;Prepago;Hbo;145;NTN 24 NOTICIAS;SD;Nacional;No
Colombia;Prepago;Hbo;146;El Tiempo TV;SD;Nacional;No
Colombia;Prepago;Hbo;147;Cable Noticias;SD;Nacional;No
Colombia;Prepago;Hbo;148;TRO;SD;Nacional;No
Colombia;Prepago;Hbo;149;Trece;SD;Nacional;No
Colombia;Prepago;Hbo;150;Teleislas;SD;Nacional;No
Colombia;Prepago;Hbo;151;Telemedellin;SD;Nacional;No
Colombia;Prepago;Hbo;152;TV Agro;SD;Local;No
Colombia;Prepago;Hbo;202;Star Channel;SD;Variedades;No
Colombia;Prepago;Hbo;204;Star Channel HD;HD;Cine;No
Colombia;Prepago;Hbo;206;Warner Channel;SD;Variedades;No
Colombia;Prepago;Hbo;207;A&E;SD;Variedades;No
Colombia;Prepago;Hbo;208;Sony;SD;Variedades;No
Colombia;Prepago;Hbo;209;AXN;SD;Variedades;No
Colombia;Prepago;Hbo;210;AMC;SD;Variedades;No
Colombia;Prepago;Hbo;213;TNT Series;SD;Variedades;No
Colombia;Prepago;Hbo;214;Atres Series;SD;Variedades;No
Colombia;Prepago;Hbo;215;Comedy Central;SD;Variedades;No
Colombia;Prepago;Hbo;216;TNT Novelas;SD;Variedades;No
Colombia;Prepago;Hbo;217;FX;SD;Variedades;No
Colombia;Prepago;Hbo;218;Universal TV;SD;Variedades;No
Colombia;Prepago;Hbo;219;USA Network;SD;Variedades;No
Colombia;Prepago;Hbo;220;Adult Swim;SD;Variedades;No
Colombia;Prepago;Hbo;221;¡Hola! TV;SD;Variedades;No
Colombia;Prepago;Hbo;222;E! Entertainment;SD;Variedades;No
Colombia;Prepago;Hbo;223;Investigation Discovery (ID);SD;Variedades;No
Colombia;Prepago;Hbo;226;El Canal de las Estrellas;SD;Variedades;No
Colombia;Prepago;Hbo;227;TLnovelas;SD;Variedades;No
Colombia;Prepago;Hbo;228;Lifetime;SD;Variedades;No
Colombia;Prepago;Hbo;229;Discovery Home & Health;SD;Variedades;No
Colombia;Prepago;Hbo;230;Más Chic;SD;Variedades;No
Colombia;Prepago;Hbo;231;Telemundo;SD;Variedades;No
Colombia;Prepago;Hbo;232;El Gourmet;SD;Variedades;No
Colombia;Prepago;Hbo;233;Food Network;SD;Variedades;No
Colombia;Prepago;Hbo;264;MTV;SD;Variedades;No
Colombia;Prepago;Hbo;269;Quiero Música en Mi Idioma (QMusic);SD;Variedades;No
Colombia;Prepago;Hbo;270;Mi Gente 3.0;SD;Variedades;No
Colombia;Prepago;Hbo;304;Cartoon Network;SD;Infantil;No
Colombia;Prepago;Hbo;308;Nickelodeon;SD;Infantil;No
Colombia;Prepago;Hbo;309;Nick Jr.;SD;Infantil;No
Colombia;Prepago;Hbo;310;TeenNick;SD;Infantil;No
Colombia;Prepago;Hbo;312;Disney Channel HD;HD;Infantil;No
Colombia;Prepago;Hbo;314;Disney Channel;SD;Infantil;No
Colombia;Prepago;Hbo;315;Disney Junior;SD;Infantil;No
Colombia;Prepago;Hbo;317;BabyTV;SD;Infantil;No
Colombia;Prepago;Hbo;318;Plim Plim;SD;Infantil;No
Colombia;Prepago;Hbo;319;El Reino Infantil;SD;Infantil;No
Colombia;Prepago;Hbo;330;Discovery Kids;SD;Infantil;No
Colombia;Prepago;Hbo;334;Cartoonito;SD;Infantil;No
Colombia;Prepago;Hbo;350;EWTN;SD;Religioso;Si
Colombia;Prepago;Hbo;351;Orbe 21;SD;Religioso;No
Colombia;Prepago;Hbo;352;Enlace;SD;Religioso;No
Colombia;Prepago;Hbo;353;Cristovisión;SD;Religioso;No
Colombia;Prepago;Hbo;358;DayStar;SD;Religioso;No
Colombia;Prepago;Hbo;464;Playboy TV;SD;Adultos;No
Colombia;Prepago;Hbo;468;Venus;SD;Adultos;No
Colombia;Prepago;Hbo;469;XTSY;SD;Adultos;No
Colombia;Prepago;Hbo;470;Hustler TV HD;SD;Adultos;No
Colombia;Prepago;Hbo;502;TNT;SD;Cine;No
Colombia;Prepago;Hbo;503;Golden;SD;Cine;No
Colombia;Prepago;Hbo;506;Sony Movies;SD;Cine;No
Colombia;Prepago;Hbo;507;Cinecanal;SD;Cine;No
Colombia;Prepago;Hbo;508;Studio Universal;SD;Cine;No
Colombia;Prepago;Hbo;509;Cinemax;SD;Cine;No
Colombia;Prepago;Hbo;510;Mórbido TV;SD;Cine;No
Colombia;Prepago;Hbo;513;DHE;SD;Cine;No
Colombia;Prepago;Hbo;516;De Película;SD;Cine;No
Colombia;Prepago;Hbo;517;Golden Edge;SD;Cine;No
Colombia;Prepago;Hbo;518;Space;SD;Cine;No
Colombia;Prepago;Hbo;524;HBO;SD;Cine;Si
Colombia;Prepago;Hbo;525;HBO 2;SD;Cine;Si
Colombia;Prepago;Hbo;526;HBO Plus HD;SD;Cine;Si
Colombia;Prepago;Hbo;528;HBO Signature;SD;Cine;Si
Colombia;Prepago;Hbo;534;HBO Family;SD;Cine;Si
Colombia;Prepago;Hbo;540;HBO Mundi;SD;Cine;Si
Colombia;Prepago;Hbo;541;HBO Pop;SD;Cine;Si
Colombia;Prepago;Hbo;542;HBO Xtreme;SD;Cine;Si
Colombia;Prepago;Hbo;571;Universal Premiere Este;SD;PPV;No
Colombia;Prepago;Hbo;572;Universal Cinema;SD;PPV;No
Colombia;Prepago;Hbo;573;Universal Comedy;SD;PPV;No
Colombia;Prepago;Hbo;574;Universal Crime Este;SD;PPV;No
Colombia;Prepago;Hbo;575;Universal Reality;SD;PPV;No
Colombia;Prepago;Hbo;576;Universal Premiere Oeste;SD;PPV;No
Colombia;Prepago;Hbo;577;Universal Cinema Oeste;SD;PPV;No
Colombia;Prepago;Hbo;610;DSports;SD;Deportes;No
Colombia;Prepago;Hbo;612;DSports 2;SD;Deportes;No
Colombia;Prepago;Hbo;613;DSports+;SD;Deportes;No
Colombia;Prepago;Hbo;621;ESPN;SD;Deportes;No
Colombia;Prepago;Hbo;622;ESPN 2;SD;Deportes;No
Colombia;Prepago;Hbo;623;ESPN 3;SD;Deportes;No
Colombia;Prepago;Hbo;625;ESPN 5;SD;Deportes;No
Colombia;Prepago;Hbo;626;ESPN 6;SD;Deportes;No
Colombia;Prepago;Hbo;627;ESPN 7;SD;Deportes;No
Colombia;Prepago;Hbo;628;Golf Channel Latinoamérica;SD;Deportes;No
Colombia;Prepago;Hbo;629;TyC Sports Internacional;SD;Deportes;No
Colombia;Prepago;Hbo;631;DSports Radio;Radio;Radio;No
Colombia;Prepago;Hbo;633;Win Sports;SD;Deportes;No
Colombia;Prepago;Hbo;634;Win Sports Mas;SD;PPV;No
Colombia;Prepago;Hbo;700;DNews;SD;Mundo;No
Colombia;Prepago;Hbo;704;CNN en Español;SD;Mundo;No
Colombia;Prepago;Hbo;706;CNN International;SD;Mundo;No
Colombia;Prepago;Hbo;707;CNN Chile;SD;Mundo;No
Colombia;Prepago;Hbo;708;TVN 24 HORAS;SD;Mundo;No
Colombia;Prepago;Hbo;710;Bloomberg;SD;Mundo;No
Colombia;Prepago;Hbo;716;Todo Noticias (TN);SD;Mundo;No
Colombia;Prepago;Hbo;720;Canal 26;SD;Mundo;No
Colombia;Prepago;Hbo;726;Canal Rural;SD;Mundo;No
Colombia;Prepago;Hbo;730;National Geographic;SD;Mundo;No
Colombia;Prepago;Hbo;732;Discovery Channel;SD;Mundo;No
Colombia;Prepago;Hbo;734;Animal Planet;SD;Mundo;No
Colombia;Prepago;Hbo;736;Discovery Turbo;SD;Mundo;No
Colombia;Prepago;Hbo;740;Discovery Travel & Living Channel (TLC);SD;Mundo;No
Colombia;Prepago;Hbo;742;History Channel;SD;Mundo;No
Colombia;Prepago;Hbo;744;History 2;SD;Mundo;No
Colombia;Prepago;Hbo;760;Univision;SD;Mundo;No
Colombia;Prepago;Hbo;762;Antena 3 Internacional;SD;Mundo;No
Colombia;Prepago;Hbo;764;France 24 Español;SD;Mundo;No
Colombia;Prepago;Hbo;766;Rai Italia;SD;Mundo;No
Colombia;Prepago;Hbo;768;BBC WORLD;SD;Mundo;No
Colombia;Prepago;Hbo;770;Deutsche Welle (DW) Español;SD;Mundo;No
Colombia;Prepago;Hbo;772;Caracol Internacional;SD;Mundo;No
Colombia;Prepago;Hbo;774;TV Chile Internacional;SD;Mundo;No
Colombia;Prepago;Hbo;776;TV Globo;SD;Mundo;No
Colombia;Prepago;Hbo;778;RTP;SD;Mundo;No
Colombia;Prepago;Hbo;780;ZEE TV;SD;Mundo;No
Colombia;Prepago;Hbo;782;NHK World;SD;Mundo;No
Colombia;Prepago;Hbo;784;El Trece;SD;Mundo;No
Colombia;Prepago;Hbo;786;Telefe;SD;Mundo;No
Colombia;Prepago;Hbo;790;CGTN;SD;Mundo;No
Colombia;Prepago;Hbo;980;Unión Radio Noticias;Radio;Radio;No
Colombia;Prepago;Hbo;982;Radio Caracol;Radio;Radio;No
Colombia;Prepago;Hbo;984;Radio France Internacional;Radio;Radio;No
Colombia;Prepago;Hbo;985;Fiesta 106.5;Radio;Radio;No
Colombia;Prepago;Hbo;991;La FM Plus;Radio;Radio;No
Colombia;Prepago;Hbo;992;Alerta Bogota;Radio;Radio;No
Colombia;Prepago;Hbo;993;La W Radio;Radio;Radio;No
Colombia;Prepago;Hbo;1127;DShow;HD;Variedades;No
Colombia;Prepago;Hbo;1130;RCN HD;HD;Nacional;No
Colombia;Prepago;Hbo;1132;Caracol TV HD;HD;Nacional;No
Colombia;Prepago;Hbo;1136;Canal UNO;HD;Nacional;No
Colombia;Prepago;Hbo;1137;Señal Colombia HD;HD;Nacional;No
Colombia;Prepago;Hbo;1138;Señal Institucional HD;HD;Nacional;No
Colombia;Prepago;Hbo;1140;Teleantioquia HD;HD;Nacional;No
Colombia;Prepago;Hbo;1141;Telepacifico;HD;Nacional;No
Colombia;Prepago;Hbo;1142;Telecaribe HD;HD;Nacional;No
Colombia;Prepago;Hbo;1147;Cable Noticias HD;HD;Local;No
Colombia;Prepago;Hbo;1204;Star Channel HD;HD;Variedades;No
Colombia;Prepago;Hbo;1206;Warner Channel HD;HD;Variedades;No
Colombia;Prepago;Hbo;1207;A&E HD;HD;Variedades;No
Colombia;Prepago;Hbo;1208;Sony HD;HD;Variedades;No
Colombia;Prepago;Hbo;1209;AXN HD;HD;Variedades;No
Colombia;Prepago;Hbo;1210;AMC HD;HD;Variedades;No
Colombia;Prepago;Hbo;1213;TNT Series HD;HD;Variedades;No
Colombia;Prepago;Hbo;1214;Atres Series HD;HD;Variedades;No
Colombia;Prepago;Hbo;1215;Comedy Central HD;HD;Variedades;No
Colombia;Prepago;Hbo;1217;FX HD;HD;Variedades;No
Colombia;Prepago;Hbo;1218;Universal TV HD;HD;Variedades;No
Colombia;Prepago;Hbo;1219;USA Network HD;HD;Variedades;No
Colombia;Prepago;Hbo;1221;Hola TV HD;HD;Variedades;No
Colombia;Prepago;Hbo;1222;E! Entertainment HD;HD;Variedades;No
Colombia;Prepago;Hbo;1223;Investigation Discovery (ID) HD;HD;Variedades;No
Colombia;Prepago;Hbo;1228;Lifetime HD;HD;Variedades;No
Colombia;Prepago;Hbo;1229;Discovery Home & Health HD;HD;Variedades;No
Colombia;Prepago;Hbo;1231;Alacocina TV;HD;Variedades;Si
Colombia;Prepago;Hbo;1232;El Gourmet HD;HD;Variedades;No
Colombia;Prepago;Hbo;1233;Food Network;HD;Variedades;No
Colombia;Prepago;Hbo;1234;HGTV HD;HD;Variedades;No
Colombia;Prepago;Hbo;1236;VePlus HD;HD;Variedades;No
Colombia;Prepago;Hbo;1264;MTV HD;HD;Variedades;No
Colombia;Prepago;Hbo;1265;Music Top;HD;Variedades;No
Colombia;Prepago;Hbo;1266;Tierra Mía HD;HD;Variedades;No
Colombia;Prepago;Hbo;1270;Latina TV;HD;Variedades;Si
Colombia;Prepago;Hbo;1273;INTI Network HD;HD;Variedades;No
Colombia;Prepago;Hbo;1304;Cartoon Network HD;HD;Infantil;No
Colombia;Prepago;Hbo;1308;Nick HD;HD;Infantil;No
Colombia;Prepago;Hbo;1309;Nick Jr. HD;HD;Infantil;No
Colombia;Prepago;Hbo;1312;Disney Channel HD;HD;Infantil;No
Colombia;Prepago;Hbo;1315;Disney Junior HD;HD;Infantil;No
Colombia;Prepago;Hbo;1317;BabyTV;SD;Infantil;No
Colombia;Prepago;Hbo;1318;Plim Plim;HD;Infantil;No
Colombia;Prepago;Hbo;1319;El Reino Infantil;HD;Infantil;No
Colombia;Prepago;Hbo;1330;Discovery Kids HD;HD;Infantil;No
Colombia;Prepago;Hbo;1502;TNT HD;HD;Cine;No
Colombia;Prepago;Hbo;1503;Golden HD;HD;Cine;No
Colombia;Prepago;Hbo;1506;Sony Movies;HD;Cine;No
Colombia;Prepago;Hbo;1507;Cine HD;HD;Cine;No
Colombia;Prepago;Hbo;1508;Studio Universal HD;HD;Cine;No
Colombia;Prepago;Hbo;1509;Cinemax HD;HD;Cine;No
Colombia;Prepago;Hbo;1510;Mórbido TV;HD;Cine;No
Colombia;Prepago;Hbo;1513;DHE HD;HD;Cine;No
Colombia;Prepago;Hbo;1518;Space HD;HD;Cine;No
Colombia;Prepago;Hbo;1524;HBO HD;HD;Cine;Si
Colombia;Prepago;Hbo;1525;HBO 2 HD;HD;Cine;Si
Colombia;Prepago;Hbo;1528;HBO Signature HD;HD;Cine;Si
Colombia;Prepago;Hbo;1532;HBO Plus HD;HD;Cine;Si
Colombia;Prepago;Hbo;1534;HBO Family HD;HD;Cine;Si
Colombia;Prepago;Hbo;1542;HBO Xtreme HD;HD;Cine;Si
Colombia;Prepago;Hbo;1571;Universal Premiere Este;HD;PPV;No
Colombia;Prepago;Hbo;1572;Universal Cinema;HD;PPV;No
Colombia;Prepago;Hbo;1573;Universal Comedy;HD;PPV;No
Colombia;Prepago;Hbo;1574;Universal Crime Este;HD;PPV;No
Colombia;Prepago;Hbo;1575;Universal Reality;HD;PPV;No
Colombia;Prepago;Hbo;1576;Universal Premiere Oeste;HD;PPV;No
Colombia;Prepago;Hbo;1577;Universal Cinema Oeste;HD;PPV;No
Colombia;Prepago;Hbo;1610;DSports HD;HD;Deportes;No
Colombia;Prepago;Hbo;1612;DSports 2 HD;HD;Deportes;No
Colombia;Prepago;Hbo;1613;DSports+ HD;HD;Deportes;No
Colombia;Prepago;Hbo;1621;ESPN HD;HD;Deportes;No
Colombia;Prepago;Hbo;1622;ESPN 2 HD;HD;Deportes;No
Colombia;Prepago;Hbo;1623;ESPN 3 HD;HD;Deportes;No
Colombia;Prepago;Hbo;1624;ESPN 4 HD;HD;Deportes;No
Colombia;Prepago;Hbo;1625;ESPN 5 HD;HD;Deportes;No
Colombia;Prepago;Hbo;1626;ESPN 6 HD;HD;Deportes;No
Colombia;Prepago;Hbo;1627;ESPN 7 HD;HD;Deportes;No
Colombia;Prepago;Hbo;1628;Golf Channel HD;HD;Deportes;No
Colombia;Prepago;Hbo;1631;DSports Show;HD;Deportes;No
Colombia;Prepago;Hbo;1633;Win Sports HD;HD;Deportes;No
Colombia;Prepago;Hbo;1634;Win Sports Mas;HD;Deportes;No
Colombia;Prepago;Hbo;1636;One Baseball Network;HD;PPV;No
Colombia;Prepago;Hbo;1639;PX Sports;HD;Deportes;No
Colombia;Prepago;Hbo;1700;DNews HD;HD;Mundo;No
Colombia;Prepago;Hbo;1730;National Geographic HD;HD;Mundo;No
Colombia;Prepago;Hbo;1731;Discovery Theater HD;HD;Mundo;No
Colombia;Prepago;Hbo;1732;Discovery Channel HD;HD;Mundo;No
Colombia;Prepago;Hbo;1734;Animal Planet HD;HD;Mundo;No
Colombia;Prepago;Hbo;1738;Discovery World HD;HD;Mundo;No
Colombia;Prepago;Hbo;1740;Discovery Travel & Living Channel (TLC) HD;HD;Mundo;No
Colombia;Prepago;Hbo;1742;History Channel HD;HD;Mundo;No
Colombia;Prepago;Hbo;1744;History 2 HD;HD;Mundo;No
Colombia;Prepago;Hbo;1750;Encuentro Internacional HD;HD;Variedades;No
Colombia;Prepago;Hbo;1762;Antena 3 Internacional HD;HD;Mundo;No
Colombia;Prepago;Hbo;1764;France 24 Español;HD;Mundo;No
Colombia;Prepago;Hbo;4000;Directv 4K;4K;4K;No
Colombia;Prepago;Familia;117;TV Familia;SD;Religioso;Si
Colombia;Prepago;Familia;127;DShow;SD;Variedades;Si
Colombia;Prepago;Familia;129;Directv Place;SD;Variedades;No
Colombia;Prepago;Familia;130;RCN;SD;Nacional;Si
Colombia;Prepago;Familia;132;Caracol Internacional;SD;Nacional;Si
Colombia;Prepago;Familia;133;City TV;SD;Nacional;Si
Colombia;Prepago;Familia;134;Caracol Internacional;SD;Nacional;Si
Colombia;Prepago;Familia;135;RCN Nuestra Tele;SD;Nacional;Si
Colombia;Prepago;Familia;136;Canal UNO;SD;Nacional;Si
Colombia;Prepago;Familia;137;Señal Colombia;SD;Nacional;Si
Colombia;Prepago;Familia;138;Señal Institucional;SD;Nacional;Si
Colombia;Prepago;Familia;139;Canal Congreso;SD;Nacional;Si
Colombia;Prepago;Familia;140;Teleantioquia;SD;Nacional;Si
Colombia;Prepago;Familia;141;Telepacifico;SD;Nacional;Si
Colombia;Prepago;Familia;142;Telecaribe;SD;Nacional;Si
Colombia;Prepago;Familia;143;Canal Capital;SD;Nacional;Si
Colombia;Prepago;Familia;144;Telecafé;SD;Nacional;Si
Colombia;Prepago;Familia;145;NTN 24 NOTICIAS;SD;Nacional;Si
Colombia;Prepago;Familia;146;El Tiempo TV;SD;Nacional;Si
Colombia;Prepago;Familia;147;Cable Noticias;SD;Nacional;Si
Colombia;Prepago;Familia;148;TRO;SD;Nacional;Si
Colombia;Prepago;Familia;149;Trece;SD;Nacional;Si
Colombia;Prepago;Familia;150;Teleislas;SD;Nacional;Si
Colombia;Prepago;Familia;151;Telemedellin;SD;Nacional;Si
Colombia;Prepago;Familia;152;TV Agro;SD;Local;Si
Colombia;Prepago;Familia;202;Star Channel;SD;Variedades;Si
Colombia;Prepago;Familia;204;Star Channel HD;HD;Cine;No
Colombia;Prepago;Familia;206;Warner Channel;SD;Variedades;Si
Colombia;Prepago;Familia;207;A&E;SD;Variedades;Si
Colombia;Prepago;Familia;208;Sony;SD;Variedades;Si
Colombia;Prepago;Familia;209;AXN;SD;Variedades;No
Colombia;Prepago;Familia;210;AMC;SD;Variedades;No
Colombia;Prepago;Familia;213;TNT Series;SD;Variedades;No
Colombia;Prepago;Familia;214;Atres Series;SD;Variedades;No
Colombia;Prepago;Familia;215;Comedy Central;SD;Variedades;No
Colombia;Prepago;Familia;216;TNT Novelas;SD;Variedades;No
Colombia;Prepago;Familia;217;FX;SD;Variedades;Si
Colombia;Prepago;Familia;218;Universal TV;SD;Variedades;Si
Colombia;Prepago;Familia;219;USA Network;SD;Variedades;No
Colombia;Prepago;Familia;220;Adult Swim;SD;Variedades;No
Colombia;Prepago;Familia;221;¡Hola! TV;SD;Variedades;Si
Colombia;Prepago;Familia;222;E! Entertainment;SD;Variedades;Si
Colombia;Prepago;Familia;223;Investigation Discovery (ID);SD;Variedades;Si
Colombia;Prepago;Familia;226;El Canal de las Estrellas;SD;Variedades;Si
Colombia;Prepago;Familia;227;TLnovelas;SD;Variedades;Si
Colombia;Prepago;Familia;228;Lifetime;SD;Variedades;No
Colombia;Prepago;Familia;229;Discovery Home & Health;SD;Variedades;Si
Colombia;Prepago;Familia;230;Más Chic;SD;Variedades;Si
Colombia;Prepago;Familia;231;Telemundo;SD;Variedades;Si
Colombia;Prepago;Familia;232;El Gourmet;SD;Variedades;No
Colombia;Prepago;Familia;233;Food Network;SD;Variedades;No
Colombia;Prepago;Familia;264;MTV;SD;Variedades;Si
Colombia;Prepago;Familia;269;Quiero Música en Mi Idioma (QMusic);SD;Variedades;Si
Colombia;Prepago;Familia;270;Mi Gente 3.0;SD;Variedades;Si
Colombia;Prepago;Familia;304;Cartoon Network;SD;Infantil;Si
Colombia;Prepago;Familia;308;Nickelodeon;SD;Infantil;Si
Colombia;Prepago;Familia;309;Nick Jr.;SD;Infantil;Si
Colombia;Prepago;Familia;310;TeenNick;SD;Infantil;No
Colombia;Prepago;Familia;312;Disney Channel HD;HD;Infantil;No
Colombia;Prepago;Familia;314;Disney Channel;SD;Infantil;Si
Colombia;Prepago;Familia;315;Disney Junior;SD;Infantil;Si
Colombia;Prepago;Familia;317;BabyTV;SD;Infantil;No
Colombia;Prepago;Familia;318;Plim Plim;SD;Infantil;No
Colombia;Prepago;Familia;319;El Reino Infantil;SD;Infantil;No
Colombia;Prepago;Familia;330;Discovery Kids;SD;Infantil;Si
Colombia;Prepago;Familia;334;Cartoonito;SD;Infantil;No
Colombia;Prepago;Familia;350;EWTN;SD;Religioso;Si
Colombia;Prepago;Familia;351;Orbe 21;SD;Religioso;No
Colombia;Prepago;Familia;352;Enlace;SD;Religioso;Si
Colombia;Prepago;Familia;353;Cristovisión;SD;Religioso;Si
Colombia;Prepago;Familia;358;DayStar;SD;Religioso;No
Colombia;Prepago;Familia;464;Playboy TV;SD;Adultos;No
Colombia;Prepago;Familia;468;Venus;SD;Adultos;No
Colombia;Prepago;Familia;469;XTSY;SD;Adultos;No
Colombia;Prepago;Familia;470;Hustler TV HD;SD;Adultos;No
Colombia;Prepago;Familia;502;TNT;SD;Cine;Si
Colombia;Prepago;Familia;503;Golden;SD;Cine;No
Colombia;Prepago;Familia;506;Sony Movies;SD;Cine;No
Colombia;Prepago;Familia;507;Cinecanal;SD;Cine;Si
Colombia;Prepago;Familia;508;Studio Universal;SD;Cine;Si
Colombia;Prepago;Familia;509;Cinemax;SD;Cine;No
Colombia;Prepago;Familia;510;Mórbido TV;SD;Cine;No
Colombia;Prepago;Familia;513;DHE;SD;Cine;No
Colombia;Prepago;Familia;516;De Película;SD;Cine;No
Colombia;Prepago;Familia;517;Golden Edge;SD;Cine;No
Colombia;Prepago;Familia;518;Space;SD;Cine;Si
Colombia;Prepago;Familia;524;HBO;SD;Cine;No
Colombia;Prepago;Familia;525;HBO 2;SD;Cine;No
Colombia;Prepago;Familia;526;HBO Plus HD;SD;Cine;No
Colombia;Prepago;Familia;528;HBO Signature;SD;Cine;No
Colombia;Prepago;Familia;534;HBO Family;SD;Cine;No
Colombia;Prepago;Familia;540;HBO Mundi;SD;Cine;No
Colombia;Prepago;Familia;541;HBO Pop;SD;Cine;No
Colombia;Prepago;Familia;542;HBO Xtreme;SD;Cine;No
Colombia;Prepago;Familia;571;Universal Premiere Este;SD;PPV;No
Colombia;Prepago;Familia;572;Universal Cinema;SD;PPV;No
Colombia;Prepago;Familia;573;Universal Comedy;SD;PPV;No
Colombia;Prepago;Familia;574;Universal Crime Este;SD;PPV;No
Colombia;Prepago;Familia;575;Universal Reality;SD;PPV;No
Colombia;Prepago;Familia;576;Universal Premiere Oeste;SD;PPV;No
Colombia;Prepago;Familia;577;Universal Cinema Oeste;SD;PPV;No
Colombia;Prepago;Familia;610;DSports;SD;Deportes;Si
Colombia;Prepago;Familia;612;DSports 2;SD;Deportes;Si
Colombia;Prepago;Familia;613;DSports+;SD;Deportes;Si
Colombia;Prepago;Familia;621;ESPN;SD;Deportes;Si
Colombia;Prepago;Familia;622;ESPN 2;SD;Deportes;Si
Colombia;Prepago;Familia;623;ESPN 3;SD;Deportes;Si
Colombia;Prepago;Familia;625;ESPN 5;SD;Deportes;No
Colombia;Prepago;Familia;626;ESPN 6;SD;Deportes;Si
Colombia;Prepago;Familia;627;ESPN 7;SD;Deportes;Si
Colombia;Prepago;Familia;628;Golf Channel Latinoamérica;SD;Deportes;No
Colombia;Prepago;Familia;629;TyC Sports Internacional;SD;Deportes;No
Colombia;Prepago;Familia;631;DSports Radio;Radio;Radio;No
Colombia;Prepago;Familia;633;Win Sports;SD;Deportes;Si
Colombia;Prepago;Familia;634;Win Sports Mas;SD;PPV;No
Colombia;Prepago;Familia;700;DNews;SD;Mundo;Si
Colombia;Prepago;Familia;704;CNN en Español;SD;Mundo;Si
Colombia;Prepago;Familia;706;CNN International;SD;Mundo;No
Colombia;Prepago;Familia;707;CNN Chile;SD;Mundo;No
Colombia;Prepago;Familia;708;TVN 24 HORAS;SD;Mundo;No
Colombia;Prepago;Familia;710;Bloomberg;SD;Mundo;No
Colombia;Prepago;Familia;716;Todo Noticias (TN);SD;Mundo;Si
Colombia;Prepago;Familia;720;Canal 26;SD;Mundo;Si
Colombia;Prepago;Familia;726;Canal Rural;SD;Mundo;Si
Colombia;Prepago;Familia;730;National Geographic;SD;Mundo;Si
Colombia;Prepago;Familia;732;Discovery Channel;SD;Mundo;Si
Colombia;Prepago;Familia;734;Animal Planet;SD;Mundo;No
Colombia;Prepago;Familia;736;Discovery Turbo;SD;Mundo;No
Colombia;Prepago;Familia;740;Discovery Travel & Living Channel (TLC);SD;Mundo;No
Colombia;Prepago;Familia;742;History Channel;SD;Mundo;No
Colombia;Prepago;Familia;744;History 2;SD;Mundo;No
Colombia;Prepago;Familia;760;Univision;SD;Mundo;No
Colombia;Prepago;Familia;762;Antena 3 Internacional;SD;Mundo;No
Colombia;Prepago;Familia;764;France 24 Español;SD;Mundo;No
Colombia;Prepago;Familia;766;Rai Italia;SD;Mundo;No
Colombia;Prepago;Familia;768;BBC WORLD;SD;Mundo;No
Colombia;Prepago;Familia;770;Deutsche Welle (DW) Español;SD;Mundo;No
Colombia;Prepago;Familia;772;Caracol Internacional;SD;Mundo;No
Colombia;Prepago;Familia;774;TV Chile Internacional;SD;Mundo;Si
Colombia;Prepago;Familia;776;TV Globo;SD;Mundo;No
Colombia;Prepago;Familia;778;RTP;SD;Mundo;No
Colombia;Prepago;Familia;780;ZEE TV;SD;Mundo;No
Colombia;Prepago;Familia;782;NHK World;SD;Mundo;No
Colombia;Prepago;Familia;784;El Trece;SD;Mundo;Si
Colombia;Prepago;Familia;786;Telefe;SD;Mundo;Si
Colombia;Prepago;Familia;790;CGTN;SD;Mundo;Si
Colombia;Prepago;Familia;980;Unión Radio Noticias;Radio;Radio;Si
Colombia;Prepago;Familia;982;Radio Caracol;Radio;Radio;Si
Colombia;Prepago;Familia;984;Radio France Internacional;Radio;Radio;Si
Colombia;Prepago;Familia;985;Fiesta 106.5;Radio;Radio;No
Colombia;Prepago;Familia;991;La FM Plus;Radio;Radio;Si
Colombia;Prepago;Familia;992;Alerta Bogota;Radio;Radio;Si
Colombia;Prepago;Familia;993;La W Radio;Radio;Radio;Si
Colombia;Prepago;Familia;1127;DShow;HD;Variedades;Si
Colombia;Prepago;Familia;1130;RCN HD;HD;Nacional;No
Colombia;Prepago;Familia;1132;Caracol TV HD;HD;Nacional;No
Colombia;Prepago;Familia;1136;Canal UNO;HD;Nacional;No
Colombia;Prepago;Familia;1137;Señal Colombia HD;HD;Nacional;No
Colombia;Prepago;Familia;1138;Señal Institucional HD;HD;Nacional;No
Colombia;Prepago;Familia;1140;Teleantioquia HD;HD;Nacional;No
Colombia;Prepago;Familia;1141;Telepacifico;HD;Nacional;No
Colombia;Prepago;Familia;1142;Telecaribe HD;HD;Nacional;No
Colombia;Prepago;Familia;1147;Cable Noticias HD;HD;Local;No
Colombia;Prepago;Familia;1204;Star Channel HD;HD;Variedades;No
Colombia;Prepago;Familia;1206;Warner Channel HD;HD;Variedades;No
Colombia;Prepago;Familia;1207;A&E HD;HD;Variedades;No
Colombia;Prepago;Familia;1208;Sony HD;HD;Variedades;No
Colombia;Prepago;Familia;1209;AXN HD;HD;Variedades;No
Colombia;Prepago;Familia;1210;AMC HD;HD;Variedades;No
Colombia;Prepago;Familia;1213;TNT Series HD;HD;Variedades;No
Colombia;Prepago;Familia;1214;Atres Series HD;HD;Variedades;No
Colombia;Prepago;Familia;1215;Comedy Central HD;HD;Variedades;No
Colombia;Prepago;Familia;1217;FX HD;HD;Variedades;No
Colombia;Prepago;Familia;1218;Universal TV HD;HD;Variedades;No
Colombia;Prepago;Familia;1219;USA Network HD;HD;Variedades;No
Colombia;Prepago;Familia;1221;Hola TV HD;HD;Variedades;No
Colombia;Prepago;Familia;1222;E! Entertainment HD;HD;Variedades;No
Colombia;Prepago;Familia;1223;Investigation Discovery (ID) HD;HD;Variedades;No
Colombia;Prepago;Familia;1228;Lifetime HD;HD;Variedades;No
Colombia;Prepago;Familia;1229;Discovery Home & Health HD;HD;Variedades;No
Colombia;Prepago;Familia;1231;Alacocina TV;HD;Variedades;Si
Colombia;Prepago;Familia;1232;El Gourmet HD;HD;Variedades;No
Colombia;Prepago;Familia;1233;Food Network;HD;Variedades;No
Colombia;Prepago;Familia;1234;HGTV HD;HD;Variedades;No
Colombia;Prepago;Familia;1236;VePlus HD;HD;Variedades;No
Colombia;Prepago;Familia;1264;MTV HD;HD;Variedades;No
Colombia;Prepago;Familia;1265;Music Top;HD;Variedades;No
Colombia;Prepago;Familia;1266;Tierra Mía HD;HD;Variedades;No
Colombia;Prepago;Familia;1270;Latina TV;HD;Variedades;Si
Colombia;Prepago;Familia;1273;INTI Network HD;HD;Variedades;No
Colombia;Prepago;Familia;1304;Cartoon Network HD;HD;Infantil;No
Colombia;Prepago;Familia;1308;Nick HD;HD;Infantil;No
Colombia;Prepago;Familia;1309;Nick Jr. HD;HD;Infantil;No
Colombia;Prepago;Familia;1312;Disney Channel HD;HD;Infantil;No
Colombia;Prepago;Familia;1315;Disney Junior HD;HD;Infantil;No
Colombia;Prepago;Familia;1317;BabyTV;SD;Infantil;No
Colombia;Prepago;Familia;1318;Plim Plim;HD;Infantil;No
Colombia;Prepago;Familia;1319;El Reino Infantil;HD;Infantil;No
Colombia;Prepago;Familia;1330;Discovery Kids HD;HD;Infantil;No
Colombia;Prepago;Familia;1502;TNT HD;HD;Cine;No
Colombia;Prepago;Familia;1503;Golden HD;HD;Cine;No
Colombia;Prepago;Familia;1506;Sony Movies;HD;Cine;No
Colombia;Prepago;Familia;1507;Cine HD;HD;Cine;No
Colombia;Prepago;Familia;1508;Studio Universal HD;HD;Cine;No
Colombia;Prepago;Familia;1509;Cinemax HD;HD;Cine;No
Colombia;Prepago;Familia;1510;Mórbido TV;HD;Cine;No
Colombia;Prepago;Familia;1513;DHE HD;HD;Cine;No
Colombia;Prepago;Familia;1518;Space HD;HD;Cine;No
Colombia;Prepago;Familia;1524;HBO HD;HD;Cine;No
Colombia;Prepago;Familia;1525;HBO 2 HD;HD;Cine;No
Colombia;Prepago;Familia;1528;HBO Signature HD;HD;Cine;No
Colombia;Prepago;Familia;1532;HBO Plus HD;HD;Cine;No
Colombia;Prepago;Familia;1534;HBO Family HD;HD;Cine;No
Colombia;Prepago;Familia;1542;HBO Xtreme HD;HD;Cine;No
Colombia;Prepago;Familia;1571;Universal Premiere Este;HD;PPV;No
Colombia;Prepago;Familia;1572;Universal Cinema;HD;PPV;No
Colombia;Prepago;Familia;1573;Universal Comedy;HD;PPV;No
Colombia;Prepago;Familia;1574;Universal Crime Este;HD;PPV;No
Colombia;Prepago;Familia;1575;Universal Reality;HD;PPV;No
Colombia;Prepago;Familia;1576;Universal Premiere Oeste;HD;PPV;No
Colombia;Prepago;Familia;1577;Universal Cinema Oeste;HD;PPV;No
Colombia;Prepago;Familia;1610;DSports HD;HD;Deportes;No
Colombia;Prepago;Familia;1612;DSports 2 HD;HD;Deportes;No
Colombia;Prepago;Familia;1613;DSports+ HD;HD;Deportes;No
Colombia;Prepago;Familia;1621;ESPN HD;HD;Deportes;No
Colombia;Prepago;Familia;1622;ESPN 2 HD;HD;Deportes;No
Colombia;Prepago;Familia;1623;ESPN 3 HD;HD;Deportes;No
Colombia;Prepago;Familia;1624;ESPN 4 HD;HD;Deportes;No
Colombia;Prepago;Familia;1625;ESPN 5 HD;HD;Deportes;No
Colombia;Prepago;Familia;1626;ESPN 6 HD;HD;Deportes;Si
Colombia;Prepago;Familia;1627;ESPN 7 HD;HD;Deportes;No
Colombia;Prepago;Familia;1628;Golf Channel HD;HD;Deportes;No
Colombia;Prepago;Familia;1631;DSports Show;HD;Deportes;No
Colombia;Prepago;Familia;1633;Win Sports HD;HD;Deportes;No
Colombia;Prepago;Familia;1634;Win Sports Mas;HD;Deportes;No
Colombia;Prepago;Familia;1636;One Baseball Network;HD;PPV;No
Colombia;Prepago;Familia;1639;PX Sports;HD;Deportes;No
Colombia;Prepago;Familia;1700;DNews HD;HD;Mundo;No
Colombia;Prepago;Familia;1730;National Geographic HD;HD;Mundo;No
Colombia;Prepago;Familia;1731;Discovery Theater HD;HD;Mundo;No
Colombia;Prepago;Familia;1732;Discovery Channel HD;HD;Mundo;No
Colombia;Prepago;Familia;1734;Animal Planet HD;HD;Mundo;No
Colombia;Prepago;Familia;1738;Discovery World HD;HD;Mundo;No
Colombia;Prepago;Familia;1740;Discovery Travel & Living Channel (TLC) HD;HD;Mundo;No
Colombia;Prepago;Familia;1742;History Channel HD;HD;Mundo;No
Colombia;Prepago;Familia;1744;History 2 HD;HD;Mundo;No
Colombia;Prepago;Familia;1750;Encuentro Internacional HD;HD;Variedades;No
Colombia;Prepago;Familia;1762;Antena 3 Internacional HD;HD;Mundo;No
Colombia;Prepago;Familia;1764;France 24 Español;HD;Mundo;No
Colombia;Prepago;Familia;4000;Directv 4K;4K;4K;No
Colombia;Prepago;Familia HD;117;TV Familia;SD;Religioso;Si
Colombia;Prepago;Familia HD;127;DShow;SD;Variedades;Si
Colombia;Prepago;Familia HD;129;Directv Place;SD;Variedades;No
Colombia;Prepago;Familia HD;130;RCN;SD;Nacional;Si
Colombia;Prepago;Familia HD;132;Caracol Internacional;SD;Nacional;Si
Colombia;Prepago;Familia HD;133;City TV;SD;Nacional;Si
Colombia;Prepago;Familia HD;134;Caracol Internacional;SD;Nacional;Si
Colombia;Prepago;Familia HD;135;RCN Nuestra Tele;SD;Nacional;Si
Colombia;Prepago;Familia HD;136;Canal UNO;SD;Nacional;Si
Colombia;Prepago;Familia HD;137;Señal Colombia;SD;Nacional;Si
Colombia;Prepago;Familia HD;138;Señal Institucional;SD;Nacional;Si
Colombia;Prepago;Familia HD;139;Canal Congreso;SD;Nacional;Si
Colombia;Prepago;Familia HD;140;Teleantioquia;SD;Nacional;Si
Colombia;Prepago;Familia HD;141;Telepacifico;SD;Nacional;Si
Colombia;Prepago;Familia HD;142;Telecaribe;SD;Nacional;Si
Colombia;Prepago;Familia HD;143;Canal Capital;SD;Nacional;Si
Colombia;Prepago;Familia HD;144;Telecafé;SD;Nacional;Si
Colombia;Prepago;Familia HD;145;NTN 24 NOTICIAS;SD;Nacional;Si
Colombia;Prepago;Familia HD;146;El Tiempo TV;SD;Nacional;Si
Colombia;Prepago;Familia HD;147;Cable Noticias;SD;Nacional;Si
Colombia;Prepago;Familia HD;148;TRO;SD;Nacional;Si
Colombia;Prepago;Familia HD;149;Trece;SD;Nacional;Si
Colombia;Prepago;Familia HD;150;Teleislas;SD;Nacional;Si
Colombia;Prepago;Familia HD;151;Telemedellin;SD;Nacional;Si
Colombia;Prepago;Familia HD;152;TV Agro;SD;Local;Si
Colombia;Prepago;Familia HD;202;Star Channel;SD;Variedades;Si
Colombia;Prepago;Familia HD;204;Star Channel HD;HD;Cine;No
Colombia;Prepago;Familia HD;206;Warner Channel;SD;Variedades;Si
Colombia;Prepago;Familia HD;207;A&E;SD;Variedades;Si
Colombia;Prepago;Familia HD;208;Sony;SD;Variedades;Si
Colombia;Prepago;Familia HD;209;AXN;SD;Variedades;No
Colombia;Prepago;Familia HD;210;AMC;SD;Variedades;No
Colombia;Prepago;Familia HD;213;TNT Series;SD;Variedades;No
Colombia;Prepago;Familia HD;214;Atres Series;SD;Variedades;No
Colombia;Prepago;Familia HD;215;Comedy Central;SD;Variedades;No
Colombia;Prepago;Familia HD;216;TNT Novelas;SD;Variedades;No
Colombia;Prepago;Familia HD;217;FX;SD;Variedades;Si
Colombia;Prepago;Familia HD;218;Universal TV;SD;Variedades;Si
Colombia;Prepago;Familia HD;219;USA Network;SD;Variedades;No
Colombia;Prepago;Familia HD;220;Adult Swim;SD;Variedades;No
Colombia;Prepago;Familia HD;221;¡Hola! TV;SD;Variedades;Si
Colombia;Prepago;Familia HD;222;E! Entertainment;SD;Variedades;Si
Colombia;Prepago;Familia HD;223;Investigation Discovery (ID);SD;Variedades;Si
Colombia;Prepago;Familia HD;226;El Canal de las Estrellas;SD;Variedades;Si
Colombia;Prepago;Familia HD;227;TLnovelas;SD;Variedades;Si
Colombia;Prepago;Familia HD;228;Lifetime;SD;Variedades;No
Colombia;Prepago;Familia HD;229;Discovery Home & Health;SD;Variedades;Si
Colombia;Prepago;Familia HD;230;Más Chic;SD;Variedades;Si
Colombia;Prepago;Familia HD;231;Telemundo;SD;Variedades;Si
Colombia;Prepago;Familia HD;232;El Gourmet;SD;Variedades;No
Colombia;Prepago;Familia HD;233;Food Network;SD;Variedades;No
Colombia;Prepago;Familia HD;264;MTV;SD;Variedades;Si
Colombia;Prepago;Familia HD;269;Quiero Música en Mi Idioma (QMusic);SD;Variedades;Si
Colombia;Prepago;Familia HD;270;Mi Gente 3.0;SD;Variedades;Si
Colombia;Prepago;Familia HD;304;Cartoon Network;SD;Infantil;Si
Colombia;Prepago;Familia HD;308;Nickelodeon;SD;Infantil;Si
Colombia;Prepago;Familia HD;309;Nick Jr.;SD;Infantil;Si
Colombia;Prepago;Familia HD;310;TeenNick;SD;Infantil;No
Colombia;Prepago;Familia HD;312;Disney Channel HD;HD;Infantil;No
Colombia;Prepago;Familia HD;314;Disney Channel;SD;Infantil;Si
Colombia;Prepago;Familia HD;315;Disney Junior;SD;Infantil;Si
Colombia;Prepago;Familia HD;317;BabyTV;SD;Infantil;No
Colombia;Prepago;Familia HD;318;Plim Plim;SD;Infantil;No
Colombia;Prepago;Familia HD;319;El Reino Infantil;SD;Infantil;No
Colombia;Prepago;Familia HD;330;Discovery Kids;SD;Infantil;Si
Colombia;Prepago;Familia HD;334;Cartoonito;SD;Infantil;No
Colombia;Prepago;Familia HD;350;EWTN;SD;Religioso;Si
Colombia;Prepago;Familia HD;351;Orbe 21;SD;Religioso;No
Colombia;Prepago;Familia HD;352;Enlace;SD;Religioso;Si
Colombia;Prepago;Familia HD;353;Cristovisión;SD;Religioso;Si
Colombia;Prepago;Familia HD;358;DayStar;SD;Religioso;No
Colombia;Prepago;Familia HD;464;Playboy TV;SD;Adultos;No
Colombia;Prepago;Familia HD;468;Venus;SD;Adultos;No
Colombia;Prepago;Familia HD;469;XTSY;SD;Adultos;No
Colombia;Prepago;Familia HD;470;Hustler TV HD;SD;Adultos;No
Colombia;Prepago;Familia HD;502;TNT;SD;Cine;Si
Colombia;Prepago;Familia HD;503;Golden;SD;Cine;No
Colombia;Prepago;Familia HD;506;Sony Movies;SD;Cine;No
Colombia;Prepago;Familia HD;507;Cinecanal;SD;Cine;Si
Colombia;Prepago;Familia HD;508;Studio Universal;SD;Cine;Si
Colombia;Prepago;Familia HD;509;Cinemax;SD;Cine;No
Colombia;Prepago;Familia HD;510;Mórbido TV;SD;Cine;No
Colombia;Prepago;Familia HD;513;DHE;SD;Cine;No
Colombia;Prepago;Familia HD;516;De Película;SD;Cine;No
Colombia;Prepago;Familia HD;517;Golden Edge;SD;Cine;No
Colombia;Prepago;Familia HD;518;Space;SD;Cine;Si
Colombia;Prepago;Familia HD;524;HBO;SD;Cine;No
Colombia;Prepago;Familia HD;525;HBO 2;SD;Cine;No
Colombia;Prepago;Familia HD;526;HBO Plus HD;SD;Cine;No
Colombia;Prepago;Familia HD;528;HBO Signature;SD;Cine;No
Colombia;Prepago;Familia HD;534;HBO Family;SD;Cine;No
Colombia;Prepago;Familia HD;540;HBO Mundi;SD;Cine;No
Colombia;Prepago;Familia HD;541;HBO Pop;SD;Cine;No
Colombia;Prepago;Familia HD;542;HBO Xtreme;SD;Cine;No
Colombia;Prepago;Familia HD;571;Universal Premiere Este;SD;PPV;No
Colombia;Prepago;Familia HD;572;Universal Cinema;SD;PPV;No
Colombia;Prepago;Familia HD;573;Universal Comedy;SD;PPV;No
Colombia;Prepago;Familia HD;574;Universal Crime Este;SD;PPV;No
Colombia;Prepago;Familia HD;575;Universal Reality;SD;PPV;No
Colombia;Prepago;Familia HD;576;Universal Premiere Oeste;SD;PPV;No
Colombia;Prepago;Familia HD;577;Universal Cinema Oeste;SD;PPV;No
Colombia;Prepago;Familia HD;610;DSports;SD;Deportes;Si
Colombia;Prepago;Familia HD;612;DSports 2;SD;Deportes;Si
Colombia;Prepago;Familia HD;613;DSports+;SD;Deportes;Si
Colombia;Prepago;Familia HD;621;ESPN;SD;Deportes;Si
Colombia;Prepago;Familia HD;622;ESPN 2;SD;Deportes;Si
Colombia;Prepago;Familia HD;623;ESPN 3;SD;Deportes;Si
Colombia;Prepago;Familia HD;625;ESPN 5;SD;Deportes;No
Colombia;Prepago;Familia HD;626;ESPN 6;SD;Deportes;Si
Colombia;Prepago;Familia HD;627;ESPN 7;SD;Deportes;Si
Colombia;Prepago;Familia HD;628;Golf Channel Latinoamérica;SD;Deportes;No
Colombia;Prepago;Familia HD;629;TyC Sports Internacional;SD;Deportes;No
Colombia;Prepago;Familia HD;631;DSports Radio;Radio;Radio;No
Colombia;Prepago;Familia HD;633;Win Sports;SD;Deportes;Si
Colombia;Prepago;Familia HD;634;Win Sports Mas;SD;PPV;No
Colombia;Prepago;Familia HD;700;DNews;SD;Mundo;Si
Colombia;Prepago;Familia HD;704;CNN en Español;SD;Mundo;Si
Colombia;Prepago;Familia HD;706;CNN International;SD;Mundo;No
Colombia;Prepago;Familia HD;707;CNN Chile;SD;Mundo;No
Colombia;Prepago;Familia HD;708;TVN 24 HORAS;SD;Mundo;No
Colombia;Prepago;Familia HD;710;Bloomberg;SD;Mundo;No
Colombia;Prepago;Familia HD;716;Todo Noticias (TN);SD;Mundo;Si
Colombia;Prepago;Familia HD;720;Canal 26;SD;Mundo;Si
Colombia;Prepago;Familia HD;726;Canal Rural;SD;Mundo;Si
Colombia;Prepago;Familia HD;730;National Geographic;SD;Mundo;Si
Colombia;Prepago;Familia HD;732;Discovery Channel;SD;Mundo;Si
Colombia;Prepago;Familia HD;734;Animal Planet;SD;Mundo;No
Colombia;Prepago;Familia HD;736;Discovery Turbo;SD;Mundo;No
Colombia;Prepago;Familia HD;740;Discovery Travel & Living Channel (TLC);SD;Mundo;No
Colombia;Prepago;Familia HD;742;History Channel;SD;Mundo;No
Colombia;Prepago;Familia HD;744;History 2;SD;Mundo;No
Colombia;Prepago;Familia HD;760;Univision;SD;Mundo;No
Colombia;Prepago;Familia HD;762;Antena 3 Internacional;SD;Mundo;No
Colombia;Prepago;Familia HD;764;France 24 Español;SD;Mundo;No
Colombia;Prepago;Familia HD;766;Rai Italia;SD;Mundo;No
Colombia;Prepago;Familia HD;768;BBC WORLD;SD;Mundo;No
Colombia;Prepago;Familia HD;770;Deutsche Welle (DW) Español;SD;Mundo;No
Colombia;Prepago;Familia HD;772;Caracol Internacional;SD;Mundo;No
Colombia;Prepago;Familia HD;774;TV Chile Internacional;SD;Mundo;Si
Colombia;Prepago;Familia HD;776;TV Globo;SD;Mundo;No
Colombia;Prepago;Familia HD;778;RTP;SD;Mundo;No
Colombia;Prepago;Familia HD;780;ZEE TV;SD;Mundo;No
Colombia;Prepago;Familia HD;782;NHK World;SD;Mundo;No
Colombia;Prepago;Familia HD;784;El Trece;SD;Mundo;Si
Colombia;Prepago;Familia HD;786;Telefe;SD;Mundo;Si
Colombia;Prepago;Familia HD;790;CGTN;SD;Mundo;Si
Colombia;Prepago;Familia HD;980;Unión Radio Noticias;Radio;Radio;Si
Colombia;Prepago;Familia HD;982;Radio Caracol;Radio;Radio;Si
Colombia;Prepago;Familia HD;984;Radio France Internacional;Radio;Radio;Si
Colombia;Prepago;Familia HD;985;Fiesta 106.5;Radio;Radio;No
Colombia;Prepago;Familia HD;991;La FM Plus;Radio;Radio;Si
Colombia;Prepago;Familia HD;992;Alerta Bogota;Radio;Radio;Si
Colombia;Prepago;Familia HD;993;La W Radio;Radio;Radio;Si
Colombia;Prepago;Familia HD;1127;DShow;HD;Variedades;Si
Colombia;Prepago;Familia HD;1130;RCN HD;HD;Nacional;Si
Colombia;Prepago;Familia HD;1132;Caracol TV HD;HD;Nacional;Si
Colombia;Prepago;Familia HD;1136;Canal UNO;HD;Nacional;Si
Colombia;Prepago;Familia HD;1137;Señal Colombia HD;HD;Nacional;Si
Colombia;Prepago;Familia HD;1138;Señal Institucional HD;HD;Nacional;Si
Colombia;Prepago;Familia HD;1140;Teleantioquia HD;HD;Nacional;Si
Colombia;Prepago;Familia HD;1141;Telepacifico;HD;Nacional;Si
Colombia;Prepago;Familia HD;1142;Telecaribe HD;HD;Nacional;Si
Colombia;Prepago;Familia HD;1147;Cable Noticias HD;HD;Local;Si
Colombia;Prepago;Familia HD;1204;Star Channel HD;HD;Variedades;No
Colombia;Prepago;Familia HD;1206;Warner Channel HD;HD;Variedades;No
Colombia;Prepago;Familia HD;1207;A&E HD;HD;Variedades;No
Colombia;Prepago;Familia HD;1208;Sony HD;HD;Variedades;No
Colombia;Prepago;Familia HD;1209;AXN HD;HD;Variedades;No
Colombia;Prepago;Familia HD;1210;AMC HD;HD;Variedades;No
Colombia;Prepago;Familia HD;1213;TNT Series HD;HD;Variedades;No
Colombia;Prepago;Familia HD;1214;Atres Series HD;HD;Variedades;No
Colombia;Prepago;Familia HD;1215;Comedy Central HD;HD;Variedades;No
Colombia;Prepago;Familia HD;1217;FX HD;HD;Variedades;No
Colombia;Prepago;Familia HD;1218;Universal TV HD;HD;Variedades;No
Colombia;Prepago;Familia HD;1219;USA Network HD;HD;Variedades;No
Colombia;Prepago;Familia HD;1221;Hola TV HD;HD;Variedades;No
Colombia;Prepago;Familia HD;1222;E! Entertainment HD;HD;Variedades;No
Colombia;Prepago;Familia HD;1223;Investigation Discovery (ID) HD;HD;Variedades;No
Colombia;Prepago;Familia HD;1228;Lifetime HD;HD;Variedades;No
Colombia;Prepago;Familia HD;1229;Discovery Home & Health HD;HD;Variedades;No
Colombia;Prepago;Familia HD;1231;Alacocina TV;HD;Variedades;Si
Colombia;Prepago;Familia HD;1232;El Gourmet HD;HD;Variedades;No
Colombia;Prepago;Familia HD;1233;Food Network;HD;Variedades;No
Colombia;Prepago;Familia HD;1234;HGTV HD;HD;Variedades;No
Colombia;Prepago;Familia HD;1236;VePlus HD;HD;Variedades;Si
Colombia;Prepago;Familia HD;1264;MTV HD;HD;Variedades;No
Colombia;Prepago;Familia HD;1265;Music Top;HD;Variedades;Si
Colombia;Prepago;Familia HD;1266;Tierra Mía HD;HD;Variedades;No
Colombia;Prepago;Familia HD;1270;Latina TV;HD;Variedades;Si
Colombia;Prepago;Familia HD;1273;INTI Network HD;HD;Variedades;No
Colombia;Prepago;Familia HD;1304;Cartoon Network HD;HD;Infantil;No
Colombia;Prepago;Familia HD;1308;Nick HD;HD;Infantil;No
Colombia;Prepago;Familia HD;1309;Nick Jr. HD;HD;Infantil;No
Colombia;Prepago;Familia HD;1312;Disney Channel HD;HD;Infantil;No
Colombia;Prepago;Familia HD;1315;Disney Junior HD;HD;Infantil;Si
Colombia;Prepago;Familia HD;1317;BabyTV;SD;Infantil;No
Colombia;Prepago;Familia HD;1318;Plim Plim;HD;Infantil;No
Colombia;Prepago;Familia HD;1319;El Reino Infantil;HD;Infantil;No
Colombia;Prepago;Familia HD;1330;Discovery Kids HD;HD;Infantil;No
Colombia;Prepago;Familia HD;1502;TNT HD;HD;Cine;No
Colombia;Prepago;Familia HD;1503;Golden HD;HD;Cine;No
Colombia;Prepago;Familia HD;1506;Sony Movies;HD;Cine;No
Colombia;Prepago;Familia HD;1507;Cine HD;HD;Cine;No
Colombia;Prepago;Familia HD;1508;Studio Universal HD;HD;Cine;No
Colombia;Prepago;Familia HD;1509;Cinemax HD;HD;Cine;No
Colombia;Prepago;Familia HD;1510;Mórbido TV;HD;Cine;No
Colombia;Prepago;Familia HD;1513;DHE HD;HD;Cine;No
Colombia;Prepago;Familia HD;1518;Space HD;HD;Cine;No
Colombia;Prepago;Familia HD;1524;HBO HD;HD;Cine;No
Colombia;Prepago;Familia HD;1525;HBO 2 HD;HD;Cine;No
Colombia;Prepago;Familia HD;1528;HBO Signature HD;HD;Cine;No
Colombia;Prepago;Familia HD;1532;HBO Plus HD;HD;Cine;No
Colombia;Prepago;Familia HD;1534;HBO Family HD;HD;Cine;No
Colombia;Prepago;Familia HD;1542;HBO Xtreme HD;HD;Cine;No
Colombia;Prepago;Familia HD;1571;Universal Premiere Este;HD;PPV;No
Colombia;Prepago;Familia HD;1572;Universal Cinema;HD;PPV;No
Colombia;Prepago;Familia HD;1573;Universal Comedy;HD;PPV;No
Colombia;Prepago;Familia HD;1574;Universal Crime Este;HD;PPV;No
Colombia;Prepago;Familia HD;1575;Universal Reality;HD;PPV;No
Colombia;Prepago;Familia HD;1576;Universal Premiere Oeste;HD;PPV;No
Colombia;Prepago;Familia HD;1577;Universal Cinema Oeste;HD;PPV;No
Colombia;Prepago;Familia HD;1610;DSports HD;HD;Deportes;Si
Colombia;Prepago;Familia HD;1612;DSports 2 HD;HD;Deportes;Si
Colombia;Prepago;Familia HD;1613;DSports+ HD;HD;Deportes;Si
Colombia;Prepago;Familia HD;1621;ESPN HD;HD;Deportes;No
Colombia;Prepago;Familia HD;1622;ESPN 2 HD;HD;Deportes;No
Colombia;Prepago;Familia HD;1623;ESPN 3 HD;HD;Deportes;No
Colombia;Prepago;Familia HD;1624;ESPN 4 HD;HD;Deportes;No
Colombia;Prepago;Familia HD;1625;ESPN 5 HD;HD;Deportes;No
Colombia;Prepago;Familia HD;1626;ESPN 6 HD;HD;Deportes;Si
Colombia;Prepago;Familia HD;1627;ESPN 7 HD;HD;Deportes;No
Colombia;Prepago;Familia HD;1628;Golf Channel HD;HD;Deportes;No
Colombia;Prepago;Familia HD;1631;DSports Show;HD;Deportes;No
Colombia;Prepago;Familia HD;1633;Win Sports HD;HD;Deportes;No
Colombia;Prepago;Familia HD;1634;Win Sports Mas;HD;Deportes;No
Colombia;Prepago;Familia HD;1636;One Baseball Network;HD;PPV;No
Colombia;Prepago;Familia HD;1639;PX Sports;HD;Deportes;No
Colombia;Prepago;Familia HD;1700;DNews HD;HD;Mundo;Si
Colombia;Prepago;Familia HD;1730;National Geographic HD;HD;Mundo;No
Colombia;Prepago;Familia HD;1731;Discovery Theater HD;HD;Mundo;No
Colombia;Prepago;Familia HD;1732;Discovery Channel HD;HD;Mundo;No
Colombia;Prepago;Familia HD;1734;Animal Planet HD;HD;Mundo;No
Colombia;Prepago;Familia HD;1738;Discovery World HD;HD;Mundo;No
Colombia;Prepago;Familia HD;1740;Discovery Travel & Living Channel (TLC) HD;HD;Mundo;No
Colombia;Prepago;Familia HD;1742;History Channel HD;HD;Mundo;No
Colombia;Prepago;Familia HD;1744;History 2 HD;HD;Mundo;No
Colombia;Prepago;Familia HD;1750;Encuentro Internacional HD;HD;Variedades;No
Colombia;Prepago;Familia HD;1762;Antena 3 Internacional HD;HD;Mundo;No
Colombia;Prepago;Familia HD;1764;France 24 Español;HD;Mundo;No
Colombia;Prepago;Familia HD;4000;Directv 4K;4K;4K;No
Colombia;Prepago;Familia Plus HD;117;TV Familia;SD;Religioso;Si
Colombia;Prepago;Familia Plus HD;127;DShow;SD;Variedades;Si
Colombia;Prepago;Familia Plus HD;129;Directv Place;SD;Variedades;No
Colombia;Prepago;Familia Plus HD;130;RCN;SD;Nacional;Si
Colombia;Prepago;Familia Plus HD;132;Caracol Internacional;SD;Nacional;Si
Colombia;Prepago;Familia Plus HD;133;City TV;SD;Nacional;Si
Colombia;Prepago;Familia Plus HD;134;Caracol Internacional;SD;Nacional;Si
Colombia;Prepago;Familia Plus HD;135;RCN Nuestra Tele;SD;Nacional;Si
Colombia;Prepago;Familia Plus HD;136;Canal UNO;SD;Nacional;Si
Colombia;Prepago;Familia Plus HD;137;Señal Colombia;SD;Nacional;Si
Colombia;Prepago;Familia Plus HD;138;Señal Institucional;SD;Nacional;Si
Colombia;Prepago;Familia Plus HD;139;Canal Congreso;SD;Nacional;Si
Colombia;Prepago;Familia Plus HD;140;Teleantioquia;SD;Nacional;Si
Colombia;Prepago;Familia Plus HD;141;Telepacifico;SD;Nacional;Si
Colombia;Prepago;Familia Plus HD;142;Telecaribe;SD;Nacional;Si
Colombia;Prepago;Familia Plus HD;143;Canal Capital;SD;Nacional;Si
Colombia;Prepago;Familia Plus HD;144;Telecafé;SD;Nacional;Si
Colombia;Prepago;Familia Plus HD;145;NTN 24 NOTICIAS;SD;Nacional;Si
Colombia;Prepago;Familia Plus HD;146;El Tiempo TV;SD;Nacional;Si
Colombia;Prepago;Familia Plus HD;147;Cable Noticias;SD;Nacional;Si
Colombia;Prepago;Familia Plus HD;148;TRO;SD;Nacional;Si
Colombia;Prepago;Familia Plus HD;149;Trece;SD;Nacional;Si
Colombia;Prepago;Familia Plus HD;150;Teleislas;SD;Nacional;Si
Colombia;Prepago;Familia Plus HD;151;Telemedellin;SD;Nacional;Si
Colombia;Prepago;Familia Plus HD;152;TV Agro;SD;Local;Si
Colombia;Prepago;Familia Plus HD;202;Star Channel;SD;Variedades;Si
Colombia;Prepago;Familia Plus HD;204;Star Channel HD;HD;Cine;No
Colombia;Prepago;Familia Plus HD;206;Warner Channel;SD;Variedades;Si
Colombia;Prepago;Familia Plus HD;207;A&E;SD;Variedades;Si
Colombia;Prepago;Familia Plus HD;208;Sony;SD;Variedades;Si
Colombia;Prepago;Familia Plus HD;209;AXN;SD;Variedades;No
Colombia;Prepago;Familia Plus HD;210;AMC;SD;Variedades;No
Colombia;Prepago;Familia Plus HD;213;TNT Series;SD;Variedades;No
Colombia;Prepago;Familia Plus HD;214;Atres Series;SD;Variedades;No
Colombia;Prepago;Familia Plus HD;215;Comedy Central;SD;Variedades;No
Colombia;Prepago;Familia Plus HD;216;TNT Novelas;SD;Variedades;No
Colombia;Prepago;Familia Plus HD;217;FX;SD;Variedades;Si
Colombia;Prepago;Familia Plus HD;218;Universal TV;SD;Variedades;Si
Colombia;Prepago;Familia Plus HD;219;USA Network;SD;Variedades;No
Colombia;Prepago;Familia Plus HD;220;Adult Swim;SD;Variedades;No
Colombia;Prepago;Familia Plus HD;221;¡Hola! TV;SD;Variedades;Si
Colombia;Prepago;Familia Plus HD;222;E! Entertainment;SD;Variedades;Si
Colombia;Prepago;Familia Plus HD;223;Investigation Discovery (ID);SD;Variedades;Si
Colombia;Prepago;Familia Plus HD;226;El Canal de las Estrellas;SD;Variedades;Si
Colombia;Prepago;Familia Plus HD;227;TLnovelas;SD;Variedades;Si
Colombia;Prepago;Familia Plus HD;228;Lifetime;SD;Variedades;No
Colombia;Prepago;Familia Plus HD;229;Discovery Home & Health;SD;Variedades;Si
Colombia;Prepago;Familia Plus HD;230;Más Chic;SD;Variedades;Si
Colombia;Prepago;Familia Plus HD;231;Telemundo;SD;Variedades;Si
Colombia;Prepago;Familia Plus HD;232;El Gourmet;SD;Variedades;No
Colombia;Prepago;Familia Plus HD;233;Food Network;SD;Variedades;No
Colombia;Prepago;Familia Plus HD;264;MTV;SD;Variedades;Si
Colombia;Prepago;Familia Plus HD;269;Quiero Música en Mi Idioma (QMusic);SD;Variedades;Si
Colombia;Prepago;Familia Plus HD;270;Mi Gente 3.0;SD;Variedades;Si
Colombia;Prepago;Familia Plus HD;304;Cartoon Network;SD;Infantil;Si
Colombia;Prepago;Familia Plus HD;308;Nickelodeon;SD;Infantil;Si
Colombia;Prepago;Familia Plus HD;309;Nick Jr.;SD;Infantil;Si
Colombia;Prepago;Familia Plus HD;310;TeenNick;SD;Infantil;No
Colombia;Prepago;Familia Plus HD;312;Disney Channel HD;HD;Infantil;No
Colombia;Prepago;Familia Plus HD;314;Disney Channel;SD;Infantil;Si
Colombia;Prepago;Familia Plus HD;315;Disney Junior;SD;Infantil;Si
Colombia;Prepago;Familia Plus HD;317;BabyTV;SD;Infantil;No
Colombia;Prepago;Familia Plus HD;318;Plim Plim;SD;Infantil;No
Colombia;Prepago;Familia Plus HD;319;El Reino Infantil;SD;Infantil;No
Colombia;Prepago;Familia Plus HD;330;Discovery Kids;SD;Infantil;Si
Colombia;Prepago;Familia Plus HD;334;Cartoonito;SD;Infantil;No
Colombia;Prepago;Familia Plus HD;350;EWTN;SD;Religioso;Si
Colombia;Prepago;Familia Plus HD;351;Orbe 21;SD;Religioso;No
Colombia;Prepago;Familia Plus HD;352;Enlace;SD;Religioso;Si
Colombia;Prepago;Familia Plus HD;353;Cristovisión;SD;Religioso;Si
Colombia;Prepago;Familia Plus HD;358;DayStar;SD;Religioso;No
Colombia;Prepago;Familia Plus HD;464;Playboy TV;SD;Adultos;No
Colombia;Prepago;Familia Plus HD;468;Venus;SD;Adultos;No
Colombia;Prepago;Familia Plus HD;469;XTSY;SD;Adultos;No
Colombia;Prepago;Familia Plus HD;470;Hustler TV HD;SD;Adultos;No
Colombia;Prepago;Familia Plus HD;502;TNT;SD;Cine;Si
Colombia;Prepago;Familia Plus HD;503;Golden;SD;Cine;No
Colombia;Prepago;Familia Plus HD;506;Sony Movies;SD;Cine;No
Colombia;Prepago;Familia Plus HD;507;Cinecanal;SD;Cine;Si
Colombia;Prepago;Familia Plus HD;508;Studio Universal;SD;Cine;Si
Colombia;Prepago;Familia Plus HD;509;Cinemax;SD;Cine;No
Colombia;Prepago;Familia Plus HD;510;Mórbido TV;SD;Cine;No
Colombia;Prepago;Familia Plus HD;513;DHE;SD;Cine;No
Colombia;Prepago;Familia Plus HD;516;De Película;SD;Cine;No
Colombia;Prepago;Familia Plus HD;517;Golden Edge;SD;Cine;No
Colombia;Prepago;Familia Plus HD;518;Space;SD;Cine;Si
Colombia;Prepago;Familia Plus HD;524;HBO;SD;Cine;No
Colombia;Prepago;Familia Plus HD;525;HBO 2;SD;Cine;No
Colombia;Prepago;Familia Plus HD;526;HBO Plus HD;SD;Cine;No
Colombia;Prepago;Familia Plus HD;528;HBO Signature;SD;Cine;No
Colombia;Prepago;Familia Plus HD;534;HBO Family;SD;Cine;No
Colombia;Prepago;Familia Plus HD;540;HBO Mundi;SD;Cine;No
Colombia;Prepago;Familia Plus HD;541;HBO Pop;SD;Cine;No
Colombia;Prepago;Familia Plus HD;542;HBO Xtreme;SD;Cine;No
Colombia;Prepago;Familia Plus HD;571;Universal Premiere Este;SD;PPV;No
Colombia;Prepago;Familia Plus HD;572;Universal Cinema;SD;PPV;No
Colombia;Prepago;Familia Plus HD;573;Universal Comedy;SD;PPV;No
Colombia;Prepago;Familia Plus HD;574;Universal Crime Este;SD;PPV;No
Colombia;Prepago;Familia Plus HD;575;Universal Reality;SD;PPV;No
Colombia;Prepago;Familia Plus HD;576;Universal Premiere Oeste;SD;PPV;No
Colombia;Prepago;Familia Plus HD;577;Universal Cinema Oeste;SD;PPV;No
Colombia;Prepago;Familia Plus HD;610;DSports;SD;Deportes;Si
Colombia;Prepago;Familia Plus HD;612;DSports 2;SD;Deportes;Si
Colombia;Prepago;Familia Plus HD;613;DSports+;SD;Deportes;Si
Colombia;Prepago;Familia Plus HD;621;ESPN;SD;Deportes;Si
Colombia;Prepago;Familia Plus HD;622;ESPN 2;SD;Deportes;Si
Colombia;Prepago;Familia Plus HD;623;ESPN 3;SD;Deportes;Si
Colombia;Prepago;Familia Plus HD;625;ESPN 5;SD;Deportes;No
Colombia;Prepago;Familia Plus HD;626;ESPN 6;SD;Deportes;Si
Colombia;Prepago;Familia Plus HD;627;ESPN 7;SD;Deportes;Si
Colombia;Prepago;Familia Plus HD;628;Golf Channel Latinoamérica;SD;Deportes;No
Colombia;Prepago;Familia Plus HD;629;TyC Sports Internacional;SD;Deportes;No
Colombia;Prepago;Familia Plus HD;631;DSports Radio;Radio;Radio;No
Colombia;Prepago;Familia Plus HD;633;Win Sports;SD;Deportes;Si
Colombia;Prepago;Familia Plus HD;634;Win Sports Mas;SD;PPV;No
Colombia;Prepago;Familia Plus HD;700;DNews;SD;Mundo;Si
Colombia;Prepago;Familia Plus HD;704;CNN en Español;SD;Mundo;Si
Colombia;Prepago;Familia Plus HD;706;CNN International;SD;Mundo;No
Colombia;Prepago;Familia Plus HD;707;CNN Chile;SD;Mundo;No
Colombia;Prepago;Familia Plus HD;708;TVN 24 HORAS;SD;Mundo;No
Colombia;Prepago;Familia Plus HD;710;Bloomberg;SD;Mundo;No
Colombia;Prepago;Familia Plus HD;716;Todo Noticias (TN);SD;Mundo;Si
Colombia;Prepago;Familia Plus HD;720;Canal 26;SD;Mundo;Si
Colombia;Prepago;Familia Plus HD;726;Canal Rural;SD;Mundo;Si
Colombia;Prepago;Familia Plus HD;730;National Geographic;SD;Mundo;Si
Colombia;Prepago;Familia Plus HD;732;Discovery Channel;SD;Mundo;Si
Colombia;Prepago;Familia Plus HD;734;Animal Planet;SD;Mundo;No
Colombia;Prepago;Familia Plus HD;736;Discovery Turbo;SD;Mundo;No
Colombia;Prepago;Familia Plus HD;740;Discovery Travel & Living Channel (TLC);SD;Mundo;No
Colombia;Prepago;Familia Plus HD;742;History Channel;SD;Mundo;No
Colombia;Prepago;Familia Plus HD;744;History 2;SD;Mundo;No
Colombia;Prepago;Familia Plus HD;760;Univision;SD;Mundo;No
Colombia;Prepago;Familia Plus HD;762;Antena 3 Internacional;SD;Mundo;No
Colombia;Prepago;Familia Plus HD;764;France 24 Español;SD;Mundo;No
Colombia;Prepago;Familia Plus HD;766;Rai Italia;SD;Mundo;No
Colombia;Prepago;Familia Plus HD;768;BBC WORLD;SD;Mundo;No
Colombia;Prepago;Familia Plus HD;770;Deutsche Welle (DW) Español;SD;Mundo;No
Colombia;Prepago;Familia Plus HD;772;Caracol Internacional;SD;Mundo;No
Colombia;Prepago;Familia Plus HD;774;TV Chile Internacional;SD;Mundo;Si
Colombia;Prepago;Familia Plus HD;776;TV Globo;SD;Mundo;No
Colombia;Prepago;Familia Plus HD;778;RTP;SD;Mundo;No
Colombia;Prepago;Familia Plus HD;780;ZEE TV;SD;Mundo;No
Colombia;Prepago;Familia Plus HD;782;NHK World;SD;Mundo;No
Colombia;Prepago;Familia Plus HD;784;El Trece;SD;Mundo;Si
Colombia;Prepago;Familia Plus HD;786;Telefe;SD;Mundo;Si
Colombia;Prepago;Familia Plus HD;790;CGTN;SD;Mundo;Si
Colombia;Prepago;Familia Plus HD;980;Unión Radio Noticias;Radio;Radio;Si
Colombia;Prepago;Familia Plus HD;982;Radio Caracol;Radio;Radio;Si
Colombia;Prepago;Familia Plus HD;984;Radio France Internacional;Radio;Radio;Si
Colombia;Prepago;Familia Plus HD;985;Fiesta 106.5;Radio;Radio;No
Colombia;Prepago;Familia Plus HD;991;La FM Plus;Radio;Radio;Si
Colombia;Prepago;Familia Plus HD;992;Alerta Bogota;Radio;Radio;Si
Colombia;Prepago;Familia Plus HD;993;La W Radio;Radio;Radio;Si
Colombia;Prepago;Familia Plus HD;1127;DShow;HD;Variedades;Si
Colombia;Prepago;Familia Plus HD;1130;RCN HD;HD;Nacional;Si
Colombia;Prepago;Familia Plus HD;1132;Caracol TV HD;HD;Nacional;Si
Colombia;Prepago;Familia Plus HD;1136;Canal UNO;HD;Nacional;Si
Colombia;Prepago;Familia Plus HD;1137;Señal Colombia HD;HD;Nacional;Si
Colombia;Prepago;Familia Plus HD;1138;Señal Institucional HD;HD;Nacional;Si
Colombia;Prepago;Familia Plus HD;1140;Teleantioquia HD;HD;Nacional;Si
Colombia;Prepago;Familia Plus HD;1141;Telepacifico;HD;Nacional;Si
Colombia;Prepago;Familia Plus HD;1142;Telecaribe HD;HD;Nacional;Si
Colombia;Prepago;Familia Plus HD;1147;Cable Noticias HD;HD;Local;Si
Colombia;Prepago;Familia Plus HD;1204;Star Channel HD;HD;Variedades;Si
Colombia;Prepago;Familia Plus HD;1206;Warner Channel HD;HD;Variedades;Si
Colombia;Prepago;Familia Plus HD;1207;A&E HD;HD;Variedades;Si
Colombia;Prepago;Familia Plus HD;1208;Sony HD;HD;Variedades;Si
Colombia;Prepago;Familia Plus HD;1209;AXN HD;HD;Variedades;No
Colombia;Prepago;Familia Plus HD;1210;AMC HD;HD;Variedades;No
Colombia;Prepago;Familia Plus HD;1213;TNT Series HD;HD;Variedades;No
Colombia;Prepago;Familia Plus HD;1214;Atres Series HD;HD;Variedades;No
Colombia;Prepago;Familia Plus HD;1215;Comedy Central HD;HD;Variedades;No
Colombia;Prepago;Familia Plus HD;1217;FX HD;HD;Variedades;Si
Colombia;Prepago;Familia Plus HD;1218;Universal TV HD;HD;Variedades;Si
Colombia;Prepago;Familia Plus HD;1219;USA Network HD;HD;Variedades;No
Colombia;Prepago;Familia Plus HD;1221;Hola TV HD;HD;Variedades;Si
Colombia;Prepago;Familia Plus HD;1222;E! Entertainment HD;HD;Variedades;Si
Colombia;Prepago;Familia Plus HD;1223;Investigation Discovery (ID) HD;HD;Variedades;Si
Colombia;Prepago;Familia Plus HD;1228;Lifetime HD;HD;Variedades;No
Colombia;Prepago;Familia Plus HD;1229;Discovery Home & Health HD;HD;Variedades;Si
Colombia;Prepago;Familia Plus HD;1231;Alacocina TV;HD;Variedades;Si
Colombia;Prepago;Familia Plus HD;1232;El Gourmet HD;HD;Variedades;No
Colombia;Prepago;Familia Plus HD;1233;Food Network;HD;Variedades;No
Colombia;Prepago;Familia Plus HD;1234;HGTV HD;HD;Variedades;No
Colombia;Prepago;Familia Plus HD;1236;VePlus HD;HD;Variedades;Si
Colombia;Prepago;Familia Plus HD;1264;MTV HD;HD;Variedades;Si
Colombia;Prepago;Familia Plus HD;1265;Music Top;HD;Variedades;Si
Colombia;Prepago;Familia Plus HD;1266;Tierra Mía HD;HD;Variedades;Si
Colombia;Prepago;Familia Plus HD;1270;Latina TV;HD;Variedades;Si
Colombia;Prepago;Familia Plus HD;1273;INTI Network HD;HD;Variedades;No
Colombia;Prepago;Familia Plus HD;1304;Cartoon Network HD;HD;Infantil;Si
Colombia;Prepago;Familia Plus HD;1308;Nick HD;HD;Infantil;Si
Colombia;Prepago;Familia Plus HD;1309;Nick Jr. HD;HD;Infantil;No
Colombia;Prepago;Familia Plus HD;1312;Disney Channel HD;HD;Infantil;Si
Colombia;Prepago;Familia Plus HD;1315;Disney Junior HD;HD;Infantil;Si
Colombia;Prepago;Familia Plus HD;1317;BabyTV;SD;Infantil;No
Colombia;Prepago;Familia Plus HD;1318;Plim Plim;HD;Infantil;No
Colombia;Prepago;Familia Plus HD;1319;El Reino Infantil;HD;Infantil;No
Colombia;Prepago;Familia Plus HD;1330;Discovery Kids HD;HD;Infantil;Si
Colombia;Prepago;Familia Plus HD;1502;TNT HD;HD;Cine;Si
Colombia;Prepago;Familia Plus HD;1503;Golden HD;HD;Cine;No
Colombia;Prepago;Familia Plus HD;1506;Sony Movies;HD;Cine;No
Colombia;Prepago;Familia Plus HD;1507;Cine HD;HD;Cine;Si
Colombia;Prepago;Familia Plus HD;1508;Studio Universal HD;HD;Cine;Si
Colombia;Prepago;Familia Plus HD;1509;Cinemax HD;HD;Cine;No
Colombia;Prepago;Familia Plus HD;1510;Mórbido TV;HD;Cine;No
Colombia;Prepago;Familia Plus HD;1513;DHE HD;HD;Cine;No
Colombia;Prepago;Familia Plus HD;1518;Space HD;HD;Cine;Si
Colombia;Prepago;Familia Plus HD;1524;HBO HD;HD;Cine;No
Colombia;Prepago;Familia Plus HD;1525;HBO 2 HD;HD;Cine;No
Colombia;Prepago;Familia Plus HD;1528;HBO Signature HD;HD;Cine;No
Colombia;Prepago;Familia Plus HD;1532;HBO Plus HD;HD;Cine;No
Colombia;Prepago;Familia Plus HD;1534;HBO Family HD;HD;Cine;No
Colombia;Prepago;Familia Plus HD;1542;HBO Xtreme HD;HD;Cine;No
Colombia;Prepago;Familia Plus HD;1571;Universal Premiere Este;HD;PPV;No
Colombia;Prepago;Familia Plus HD;1572;Universal Cinema;HD;PPV;No
Colombia;Prepago;Familia Plus HD;1573;Universal Comedy;HD;PPV;No
Colombia;Prepago;Familia Plus HD;1574;Universal Crime Este;HD;PPV;No
Colombia;Prepago;Familia Plus HD;1575;Universal Reality;HD;PPV;No
Colombia;Prepago;Familia Plus HD;1576;Universal Premiere Oeste;HD;PPV;No
Colombia;Prepago;Familia Plus HD;1577;Universal Cinema Oeste;HD;PPV;No
Colombia;Prepago;Familia Plus HD;1610;DSports HD;HD;Deportes;Si
Colombia;Prepago;Familia Plus HD;1612;DSports 2 HD;HD;Deportes;Si
Colombia;Prepago;Familia Plus HD;1613;DSports+ HD;HD;Deportes;Si
Colombia;Prepago;Familia Plus HD;1621;ESPN HD;HD;Deportes;Si
Colombia;Prepago;Familia Plus HD;1622;ESPN 2 HD;HD;Deportes;Si
Colombia;Prepago;Familia Plus HD;1623;ESPN 3 HD;HD;Deportes;No
Colombia;Prepago;Familia Plus HD;1624;ESPN 4 HD;HD;Deportes;Si
Colombia;Prepago;Familia Plus HD;1625;ESPN 5 HD;HD;Deportes;No
Colombia;Prepago;Familia Plus HD;1626;ESPN 6 HD;HD;Deportes;Si
Colombia;Prepago;Familia Plus HD;1627;ESPN 7 HD;HD;Deportes;Si
Colombia;Prepago;Familia Plus HD;1628;Golf Channel HD;HD;Deportes;No
Colombia;Prepago;Familia Plus HD;1631;DSports Show;HD;Deportes;No
Colombia;Prepago;Familia Plus HD;1633;Win Sports HD;HD;Deportes;Si
Colombia;Prepago;Familia Plus HD;1634;Win Sports Mas;HD;Deportes;No
Colombia;Prepago;Familia Plus HD;1636;One Baseball Network;HD;PPV;No
Colombia;Prepago;Familia Plus HD;1639;PX Sports;HD;Deportes;No
Colombia;Prepago;Familia Plus HD;1700;DNews HD;HD;Mundo;Si
Colombia;Prepago;Familia Plus HD;1730;National Geographic HD;HD;Mundo;Si
Colombia;Prepago;Familia Plus HD;1731;Discovery Theater HD;HD;Mundo;No
Colombia;Prepago;Familia Plus HD;1732;Discovery Channel HD;HD;Mundo;Si
Colombia;Prepago;Familia Plus HD;1734;Animal Planet HD;HD;Mundo;No
Colombia;Prepago;Familia Plus HD;1738;Discovery World HD;HD;Mundo;No
Colombia;Prepago;Familia Plus HD;1740;Discovery Travel & Living Channel (TLC) HD;HD;Mundo;No
Colombia;Prepago;Familia Plus HD;1742;History Channel HD;HD;Mundo;No
Colombia;Prepago;Familia Plus HD;1744;History 2 HD;HD;Mundo;No
Colombia;Prepago;Familia Plus HD;1750;Encuentro Internacional HD;HD;Variedades;No
Colombia;Prepago;Familia Plus HD;1762;Antena 3 Internacional HD;HD;Mundo;No
Colombia;Prepago;Familia Plus HD;1764;France 24 Español;HD;Mundo;No
Colombia;Prepago;Familia Plus HD;4000;Directv 4K;4K;4K;No
Colombia;Prepago;Familia Mas Pre;117;TV Familia;SD;Religioso;No
Colombia;Prepago;Familia Mas Pre;127;DShow;SD;Variedades;Si
Colombia;Prepago;Familia Mas Pre;129;Directv Place;SD;Variedades;No
Colombia;Prepago;Familia Mas Pre;130;RCN;SD;Nacional;Si
Colombia;Prepago;Familia Mas Pre;132;Caracol Internacional;SD;Nacional;Si
Colombia;Prepago;Familia Mas Pre;133;City TV;SD;Nacional;Si
Colombia;Prepago;Familia Mas Pre;134;Caracol Internacional;SD;Nacional;Si
Colombia;Prepago;Familia Mas Pre;135;RCN Nuestra Tele;SD;Nacional;Si
Colombia;Prepago;Familia Mas Pre;136;Canal UNO;SD;Nacional;Si
Colombia;Prepago;Familia Mas Pre;137;Señal Colombia;SD;Nacional;Si
Colombia;Prepago;Familia Mas Pre;138;Señal Institucional;SD;Nacional;Si
Colombia;Prepago;Familia Mas Pre;139;Canal Congreso;SD;Nacional;Si
Colombia;Prepago;Familia Mas Pre;140;Teleantioquia;SD;Nacional;Si
Colombia;Prepago;Familia Mas Pre;141;Telepacifico;SD;Nacional;Si
Colombia;Prepago;Familia Mas Pre;142;Telecaribe;SD;Nacional;Si
Colombia;Prepago;Familia Mas Pre;143;Canal Capital;SD;Nacional;Si
Colombia;Prepago;Familia Mas Pre;144;Telecafé;SD;Nacional;Si
Colombia;Prepago;Familia Mas Pre;145;NTN 24 NOTICIAS;SD;Nacional;Si
Colombia;Prepago;Familia Mas Pre;146;El Tiempo TV;SD;Nacional;Si
Colombia;Prepago;Familia Mas Pre;147;Cable Noticias;SD;Nacional;Si
Colombia;Prepago;Familia Mas Pre;148;TRO;SD;Nacional;Si
Colombia;Prepago;Familia Mas Pre;149;Trece;SD;Nacional;Si
Colombia;Prepago;Familia Mas Pre;150;Teleislas;SD;Nacional;Si
Colombia;Prepago;Familia Mas Pre;151;Telemedellin;SD;Nacional;Si
Colombia;Prepago;Familia Mas Pre;152;TV Agro;SD;Local;Si
Colombia;Prepago;Familia Mas Pre;202;Star Channel;SD;Variedades;Si
Colombia;Prepago;Familia Mas Pre;204;Star Channel HD;HD;Cine;No
Colombia;Prepago;Familia Mas Pre;206;Warner Channel;SD;Variedades;Si
Colombia;Prepago;Familia Mas Pre;207;A&E;SD;Variedades;Si
Colombia;Prepago;Familia Mas Pre;208;Sony;SD;Variedades;Si
Colombia;Prepago;Familia Mas Pre;209;AXN;SD;Variedades;No
Colombia;Prepago;Familia Mas Pre;210;AMC;SD;Variedades;No
Colombia;Prepago;Familia Mas Pre;213;TNT Series;SD;Variedades;No
Colombia;Prepago;Familia Mas Pre;214;Atres Series;SD;Variedades;No
Colombia;Prepago;Familia Mas Pre;215;Comedy Central;SD;Variedades;No
Colombia;Prepago;Familia Mas Pre;216;TNT Novelas;SD;Variedades;No
Colombia;Prepago;Familia Mas Pre;217;FX;SD;Variedades;Si
Colombia;Prepago;Familia Mas Pre;218;Universal TV;SD;Variedades;Si
Colombia;Prepago;Familia Mas Pre;219;USA Network;SD;Variedades;No
Colombia;Prepago;Familia Mas Pre;220;Adult Swim;SD;Variedades;No
Colombia;Prepago;Familia Mas Pre;221;¡Hola! TV;SD;Variedades;No
Colombia;Prepago;Familia Mas Pre;222;E! Entertainment;SD;Variedades;Si
Colombia;Prepago;Familia Mas Pre;223;Investigation Discovery (ID);SD;Variedades;Si
Colombia;Prepago;Familia Mas Pre;226;El Canal de las Estrellas;SD;Variedades;No
Colombia;Prepago;Familia Mas Pre;227;TLnovelas;SD;Variedades;No
Colombia;Prepago;Familia Mas Pre;228;Lifetime;SD;Variedades;No
Colombia;Prepago;Familia Mas Pre;229;Discovery Home & Health;SD;Variedades;Si
Colombia;Prepago;Familia Mas Pre;230;Más Chic;SD;Variedades;No
Colombia;Prepago;Familia Mas Pre;231;Telemundo;SD;Variedades;No
Colombia;Prepago;Familia Mas Pre;232;El Gourmet;SD;Variedades;Si
Colombia;Prepago;Familia Mas Pre;233;Food Network;SD;Variedades;No
Colombia;Prepago;Familia Mas Pre;264;MTV;SD;Variedades;Si
Colombia;Prepago;Familia Mas Pre;269;Quiero Música en Mi Idioma (QMusic);SD;Variedades;No
Colombia;Prepago;Familia Mas Pre;270;Mi Gente 3.0;SD;Variedades;Si
Colombia;Prepago;Familia Mas Pre;304;Cartoon Network;SD;Infantil;Si
Colombia;Prepago;Familia Mas Pre;308;Nickelodeon;SD;Infantil;Si
Colombia;Prepago;Familia Mas Pre;309;Nick Jr.;SD;Infantil;No
Colombia;Prepago;Familia Mas Pre;310;TeenNick;SD;Infantil;No
Colombia;Prepago;Familia Mas Pre;312;Disney Channel HD;HD;Infantil;No
Colombia;Prepago;Familia Mas Pre;314;Disney Channel;SD;Infantil;Si
Colombia;Prepago;Familia Mas Pre;315;Disney Junior;SD;Infantil;Si
Colombia;Prepago;Familia Mas Pre;317;BabyTV;SD;Infantil;No
Colombia;Prepago;Familia Mas Pre;318;Plim Plim;SD;Infantil;No
Colombia;Prepago;Familia Mas Pre;319;El Reino Infantil;SD;Infantil;No
Colombia;Prepago;Familia Mas Pre;330;Discovery Kids;SD;Infantil;Si
Colombia;Prepago;Familia Mas Pre;334;Cartoonito;SD;Infantil;No
Colombia;Prepago;Familia Mas Pre;350;EWTN;SD;Religioso;No
Colombia;Prepago;Familia Mas Pre;351;Orbe 21;SD;Religioso;No
Colombia;Prepago;Familia Mas Pre;352;Enlace;SD;Religioso;No
Colombia;Prepago;Familia Mas Pre;353;Cristovisión;SD;Religioso;Si
Colombia;Prepago;Familia Mas Pre;358;DayStar;SD;Religioso;Si
Colombia;Prepago;Familia Mas Pre;464;Playboy TV;SD;Adultos;No
Colombia;Prepago;Familia Mas Pre;468;Venus;SD;Adultos;No
Colombia;Prepago;Familia Mas Pre;469;XTSY;SD;Adultos;No
Colombia;Prepago;Familia Mas Pre;470;Hustler TV HD;SD;Adultos;No
Colombia;Prepago;Familia Mas Pre;502;TNT;SD;Cine;Si
Colombia;Prepago;Familia Mas Pre;503;Golden;SD;Cine;No
Colombia;Prepago;Familia Mas Pre;506;Sony Movies;SD;Cine;No
Colombia;Prepago;Familia Mas Pre;507;Cinecanal;SD;Cine;Si
Colombia;Prepago;Familia Mas Pre;508;Studio Universal;SD;Cine;Si
Colombia;Prepago;Familia Mas Pre;509;Cinemax;SD;Cine;No
Colombia;Prepago;Familia Mas Pre;510;Mórbido TV;SD;Cine;No
Colombia;Prepago;Familia Mas Pre;513;DHE;SD;Cine;No
Colombia;Prepago;Familia Mas Pre;516;De Película;SD;Cine;No
Colombia;Prepago;Familia Mas Pre;517;Golden Edge;SD;Cine;No
Colombia;Prepago;Familia Mas Pre;518;Space;SD;Cine;Si
Colombia;Prepago;Familia Mas Pre;524;HBO;SD;Cine;No
Colombia;Prepago;Familia Mas Pre;525;HBO 2;SD;Cine;No
Colombia;Prepago;Familia Mas Pre;526;HBO Plus HD;SD;Cine;No
Colombia;Prepago;Familia Mas Pre;528;HBO Signature;SD;Cine;No
Colombia;Prepago;Familia Mas Pre;534;HBO Family;SD;Cine;No
Colombia;Prepago;Familia Mas Pre;540;HBO Mundi;SD;Cine;No
Colombia;Prepago;Familia Mas Pre;541;HBO Pop;SD;Cine;No
Colombia;Prepago;Familia Mas Pre;542;HBO Xtreme;SD;Cine;No
Colombia;Prepago;Familia Mas Pre;571;Universal Premiere Este;SD;PPV;No
Colombia;Prepago;Familia Mas Pre;572;Universal Cinema;SD;PPV;No
Colombia;Prepago;Familia Mas Pre;573;Universal Comedy;SD;PPV;No
Colombia;Prepago;Familia Mas Pre;574;Universal Crime Este;SD;PPV;No
Colombia;Prepago;Familia Mas Pre;575;Universal Reality;SD;PPV;No
Colombia;Prepago;Familia Mas Pre;576;Universal Premiere Oeste;SD;PPV;No
Colombia;Prepago;Familia Mas Pre;577;Universal Cinema Oeste;SD;PPV;No
Colombia;Prepago;Familia Mas Pre;610;DSports;SD;Deportes;No
Colombia;Prepago;Familia Mas Pre;612;DSports 2;SD;Deportes;No
Colombia;Prepago;Familia Mas Pre;613;DSports+;SD;Deportes;No
Colombia;Prepago;Familia Mas Pre;621;ESPN;SD;Deportes;Si
Colombia;Prepago;Familia Mas Pre;622;ESPN 2;SD;Deportes;Si
Colombia;Prepago;Familia Mas Pre;623;ESPN 3;SD;Deportes;Si
Colombia;Prepago;Familia Mas Pre;625;ESPN 5;SD;Deportes;No
Colombia;Prepago;Familia Mas Pre;626;ESPN 6;SD;Deportes;Si
Colombia;Prepago;Familia Mas Pre;627;ESPN 7;SD;Deportes;No
Colombia;Prepago;Familia Mas Pre;628;Golf Channel Latinoamérica;SD;Deportes;No
Colombia;Prepago;Familia Mas Pre;629;TyC Sports Internacional;SD;Deportes;No
Colombia;Prepago;Familia Mas Pre;631;DSports Radio;Radio;Radio;Si
Colombia;Prepago;Familia Mas Pre;633;Win Sports;SD;Deportes;Si
Colombia;Prepago;Familia Mas Pre;634;Win Sports Mas;SD;PPV;No
Colombia;Prepago;Familia Mas Pre;700;DNews;SD;Mundo;Si
Colombia;Prepago;Familia Mas Pre;704;CNN en Español;SD;Mundo;Si
Colombia;Prepago;Familia Mas Pre;706;CNN International;SD;Mundo;No
Colombia;Prepago;Familia Mas Pre;707;CNN Chile;SD;Mundo;No
Colombia;Prepago;Familia Mas Pre;708;TVN 24 HORAS;SD;Mundo;No
Colombia;Prepago;Familia Mas Pre;710;Bloomberg;SD;Mundo;No
Colombia;Prepago;Familia Mas Pre;716;Todo Noticias (TN);SD;Mundo;No
Colombia;Prepago;Familia Mas Pre;720;Canal 26;SD;Mundo;No
Colombia;Prepago;Familia Mas Pre;726;Canal Rural;SD;Mundo;No
Colombia;Prepago;Familia Mas Pre;730;National Geographic;SD;Mundo;Si
Colombia;Prepago;Familia Mas Pre;732;Discovery Channel;SD;Mundo;Si
Colombia;Prepago;Familia Mas Pre;734;Animal Planet;SD;Mundo;No
Colombia;Prepago;Familia Mas Pre;736;Discovery Turbo;SD;Mundo;No
Colombia;Prepago;Familia Mas Pre;740;Discovery Travel & Living Channel (TLC);SD;Mundo;No
Colombia;Prepago;Familia Mas Pre;742;History Channel;SD;Mundo;No
Colombia;Prepago;Familia Mas Pre;744;History 2;SD;Mundo;No
Colombia;Prepago;Familia Mas Pre;760;Univision;SD;Mundo;No
Colombia;Prepago;Familia Mas Pre;762;Antena 3 Internacional;SD;Mundo;No
Colombia;Prepago;Familia Mas Pre;764;France 24 Español;SD;Mundo;No
Colombia;Prepago;Familia Mas Pre;766;Rai Italia;SD;Mundo;No
Colombia;Prepago;Familia Mas Pre;768;BBC WORLD;SD;Mundo;No
Colombia;Prepago;Familia Mas Pre;770;Deutsche Welle (DW) Español;SD;Mundo;No
Colombia;Prepago;Familia Mas Pre;772;Caracol Internacional;SD;Mundo;Si
Colombia;Prepago;Familia Mas Pre;774;TV Chile Internacional;SD;Mundo;No
Colombia;Prepago;Familia Mas Pre;776;TV Globo;SD;Mundo;No
Colombia;Prepago;Familia Mas Pre;778;RTP;SD;Mundo;No
Colombia;Prepago;Familia Mas Pre;780;ZEE TV;SD;Mundo;No
Colombia;Prepago;Familia Mas Pre;782;NHK World;SD;Mundo;No
Colombia;Prepago;Familia Mas Pre;784;El Trece;SD;Mundo;No
Colombia;Prepago;Familia Mas Pre;786;Telefe;SD;Mundo;No
Colombia;Prepago;Familia Mas Pre;790;CGTN;SD;Mundo;No
Colombia;Prepago;Familia Mas Pre;980;Unión Radio Noticias;Radio;Radio;No
Colombia;Prepago;Familia Mas Pre;982;Radio Caracol;Radio;Radio;No
Colombia;Prepago;Familia Mas Pre;984;Radio France Internacional;Radio;Radio;No
Colombia;Prepago;Familia Mas Pre;985;Fiesta 106.5;Radio;Radio;No
Colombia;Prepago;Familia Mas Pre;991;La FM Plus;Radio;Radio;No
Colombia;Prepago;Familia Mas Pre;992;Alerta Bogota;Radio;Radio;No
Colombia;Prepago;Familia Mas Pre;993;La W Radio;Radio;Radio;No
Colombia;Prepago;Familia Mas Pre;1127;DShow;HD;Variedades;Si
Colombia;Prepago;Familia Mas Pre;1130;RCN HD;HD;Nacional;Si
Colombia;Prepago;Familia Mas Pre;1132;Caracol TV HD;HD;Nacional;Si
Colombia;Prepago;Familia Mas Pre;1136;Canal UNO;HD;Nacional;Si
Colombia;Prepago;Familia Mas Pre;1137;Señal Colombia HD;HD;Nacional;Si
Colombia;Prepago;Familia Mas Pre;1138;Señal Institucional HD;HD;Nacional;Si
Colombia;Prepago;Familia Mas Pre;1140;Teleantioquia HD;HD;Nacional;Si
Colombia;Prepago;Familia Mas Pre;1141;Telepacifico;HD;Nacional;Si
Colombia;Prepago;Familia Mas Pre;1142;Telecaribe HD;HD;Nacional;Si
Colombia;Prepago;Familia Mas Pre;1147;Cable Noticias HD;HD;Local;Si
Colombia;Prepago;Familia Mas Pre;1204;Star Channel HD;HD;Variedades;Si
Colombia;Prepago;Familia Mas Pre;1206;Warner Channel HD;HD;Variedades;Si
Colombia;Prepago;Familia Mas Pre;1207;A&E HD;HD;Variedades;Si
Colombia;Prepago;Familia Mas Pre;1208;Sony HD;HD;Variedades;Si
Colombia;Prepago;Familia Mas Pre;1209;AXN HD;HD;Variedades;No
Colombia;Prepago;Familia Mas Pre;1210;AMC HD;HD;Variedades;No
Colombia;Prepago;Familia Mas Pre;1213;TNT Series HD;HD;Variedades;No
Colombia;Prepago;Familia Mas Pre;1214;Atres Series HD;HD;Variedades;No
Colombia;Prepago;Familia Mas Pre;1215;Comedy Central HD;HD;Variedades;No
Colombia;Prepago;Familia Mas Pre;1217;FX HD;HD;Variedades;Si
Colombia;Prepago;Familia Mas Pre;1218;Universal TV HD;HD;Variedades;Si
Colombia;Prepago;Familia Mas Pre;1219;USA Network HD;HD;Variedades;No
Colombia;Prepago;Familia Mas Pre;1221;Hola TV HD;HD;Variedades;No
Colombia;Prepago;Familia Mas Pre;1222;E! Entertainment HD;HD;Variedades;Si
Colombia;Prepago;Familia Mas Pre;1223;Investigation Discovery (ID) HD;HD;Variedades;Si
Colombia;Prepago;Familia Mas Pre;1228;Lifetime HD;HD;Variedades;No
Colombia;Prepago;Familia Mas Pre;1229;Discovery Home & Health HD;HD;Variedades;Si
Colombia;Prepago;Familia Mas Pre;1231;Alacocina TV;HD;Variedades;Si
Colombia;Prepago;Familia Mas Pre;1232;El Gourmet HD;HD;Variedades;Si
Colombia;Prepago;Familia Mas Pre;1233;Food Network;HD;Variedades;No
Colombia;Prepago;Familia Mas Pre;1234;HGTV HD;HD;Variedades;No
Colombia;Prepago;Familia Mas Pre;1236;VePlus HD;HD;Variedades;No
Colombia;Prepago;Familia Mas Pre;1264;MTV HD;HD;Variedades;Si
Colombia;Prepago;Familia Mas Pre;1265;Music Top;HD;Variedades;No
Colombia;Prepago;Familia Mas Pre;1266;Tierra Mía HD;HD;Variedades;No
Colombia;Prepago;Familia Mas Pre;1270;Latina TV;HD;Variedades;Si
Colombia;Prepago;Familia Mas Pre;1273;INTI Network HD;HD;Variedades;No
Colombia;Prepago;Familia Mas Pre;1304;Cartoon Network HD;HD;Infantil;Si
Colombia;Prepago;Familia Mas Pre;1308;Nick HD;HD;Infantil;Si
Colombia;Prepago;Familia Mas Pre;1309;Nick Jr. HD;HD;Infantil;No
Colombia;Prepago;Familia Mas Pre;1312;Disney Channel HD;HD;Infantil;Si
Colombia;Prepago;Familia Mas Pre;1315;Disney Junior HD;HD;Infantil;Si
Colombia;Prepago;Familia Mas Pre;1317;BabyTV;SD;Infantil;No
Colombia;Prepago;Familia Mas Pre;1318;Plim Plim;HD;Infantil;No
Colombia;Prepago;Familia Mas Pre;1319;El Reino Infantil;HD;Infantil;No
Colombia;Prepago;Familia Mas Pre;1330;Discovery Kids HD;HD;Infantil;Si
Colombia;Prepago;Familia Mas Pre;1502;TNT HD;HD;Cine;Si
Colombia;Prepago;Familia Mas Pre;1503;Golden HD;HD;Cine;No
Colombia;Prepago;Familia Mas Pre;1506;Sony Movies;HD;Cine;No
Colombia;Prepago;Familia Mas Pre;1507;Cine HD;HD;Cine;Si
Colombia;Prepago;Familia Mas Pre;1508;Studio Universal HD;HD;Cine;Si
Colombia;Prepago;Familia Mas Pre;1509;Cinemax HD;HD;Cine;No
Colombia;Prepago;Familia Mas Pre;1510;Mórbido TV;HD;Cine;No
Colombia;Prepago;Familia Mas Pre;1513;DHE HD;HD;Cine;No
Colombia;Prepago;Familia Mas Pre;1518;Space HD;HD;Cine;Si
Colombia;Prepago;Familia Mas Pre;1524;HBO HD;HD;Cine;No
Colombia;Prepago;Familia Mas Pre;1525;HBO 2 HD;HD;Cine;No
Colombia;Prepago;Familia Mas Pre;1528;HBO Signature HD;HD;Cine;No
Colombia;Prepago;Familia Mas Pre;1532;HBO Plus HD;HD;Cine;No
Colombia;Prepago;Familia Mas Pre;1534;HBO Family HD;HD;Cine;No
Colombia;Prepago;Familia Mas Pre;1542;HBO Xtreme HD;HD;Cine;No
Colombia;Prepago;Familia Mas Pre;1571;Universal Premiere Este;HD;PPV;No
Colombia;Prepago;Familia Mas Pre;1572;Universal Cinema;HD;PPV;No
Colombia;Prepago;Familia Mas Pre;1573;Universal Comedy;HD;PPV;No
Colombia;Prepago;Familia Mas Pre;1574;Universal Crime Este;HD;PPV;No
Colombia;Prepago;Familia Mas Pre;1575;Universal Reality;HD;PPV;No
Colombia;Prepago;Familia Mas Pre;1576;Universal Premiere Oeste;HD;PPV;No
Colombia;Prepago;Familia Mas Pre;1577;Universal Cinema Oeste;HD;PPV;No
Colombia;Prepago;Familia Mas Pre;1610;DSports HD;HD;Deportes;No
Colombia;Prepago;Familia Mas Pre;1612;DSports 2 HD;HD;Deportes;No
Colombia;Prepago;Familia Mas Pre;1613;DSports+ HD;HD;Deportes;No
Colombia;Prepago;Familia Mas Pre;1621;ESPN HD;HD;Deportes;Si
Colombia;Prepago;Familia Mas Pre;1622;ESPN 2 HD;HD;Deportes;Si
Colombia;Prepago;Familia Mas Pre;1623;ESPN 3 HD;HD;Deportes;Si
Colombia;Prepago;Familia Mas Pre;1624;ESPN 4 HD;HD;Deportes;Si
Colombia;Prepago;Familia Mas Pre;1625;ESPN 5 HD;HD;Deportes;No
Colombia;Prepago;Familia Mas Pre;1626;ESPN 6 HD;HD;Deportes;Si
Colombia;Prepago;Familia Mas Pre;1627;ESPN 7 HD;HD;Deportes;No
Colombia;Prepago;Familia Mas Pre;1628;Golf Channel HD;HD;Deportes;No
Colombia;Prepago;Familia Mas Pre;1631;DSports Show;HD;Deportes;Si
Colombia;Prepago;Familia Mas Pre;1633;Win Sports HD;HD;Deportes;Si
Colombia;Prepago;Familia Mas Pre;1634;Win Sports Mas;HD;Deportes;No
Colombia;Prepago;Familia Mas Pre;1636;One Baseball Network;HD;PPV;No
Colombia;Prepago;Familia Mas Pre;1639;PX Sports;HD;Deportes;No
Colombia;Prepago;Familia Mas Pre;1700;DNews HD;HD;Mundo;Si
Colombia;Prepago;Familia Mas Pre;1730;National Geographic HD;HD;Mundo;Si
Colombia;Prepago;Familia Mas Pre;1731;Discovery Theater HD;HD;Mundo;No
Colombia;Prepago;Familia Mas Pre;1732;Discovery Channel HD;HD;Mundo;Si
Colombia;Prepago;Familia Mas Pre;1734;Animal Planet HD;HD;Mundo;No
Colombia;Prepago;Familia Mas Pre;1738;Discovery World HD;HD;Mundo;No
Colombia;Prepago;Familia Mas Pre;1740;Discovery Travel & Living Channel (TLC) HD;HD;Mundo;No
Colombia;Prepago;Familia Mas Pre;1742;History Channel HD;HD;Mundo;No
Colombia;Prepago;Familia Mas Pre;1744;History 2 HD;HD;Mundo;No
Colombia;Prepago;Familia Mas Pre;1750;Encuentro Internacional HD;HD;Variedades;No
Colombia;Prepago;Familia Mas Pre;1762;Antena 3 Internacional HD;HD;Mundo;No
Colombia;Prepago;Familia Mas Pre;1764;France 24 Español;HD;Mundo;No
Colombia;Prepago;Familia Mas Pre;4000;Directv 4K;4K;4K;No
Colombia;Prepago;Oro HD Prepago;117;TV Familia;SD;Religioso;Si
Colombia;Prepago;Oro HD Prepago;127;DShow;SD;Variedades;Si
Colombia;Prepago;Oro HD Prepago;129;Directv Place;SD;Variedades;No
Colombia;Prepago;Oro HD Prepago;130;RCN;SD;Nacional;Si
Colombia;Prepago;Oro HD Prepago;132;Caracol Internacional;SD;Nacional;Si
Colombia;Prepago;Oro HD Prepago;133;City TV;SD;Nacional;Si
Colombia;Prepago;Oro HD Prepago;134;Caracol Internacional;SD;Nacional;Si
Colombia;Prepago;Oro HD Prepago;135;RCN Nuestra Tele;SD;Nacional;Si
Colombia;Prepago;Oro HD Prepago;136;Canal UNO;SD;Nacional;Si
Colombia;Prepago;Oro HD Prepago;137;Señal Colombia;SD;Nacional;Si
Colombia;Prepago;Oro HD Prepago;138;Señal Institucional;SD;Nacional;Si
Colombia;Prepago;Oro HD Prepago;139;Canal Congreso;SD;Nacional;Si
Colombia;Prepago;Oro HD Prepago;140;Teleantioquia;SD;Nacional;Si
Colombia;Prepago;Oro HD Prepago;141;Telepacifico;SD;Nacional;Si
Colombia;Prepago;Oro HD Prepago;142;Telecaribe;SD;Nacional;Si
Colombia;Prepago;Oro HD Prepago;143;Canal Capital;SD;Nacional;Si
Colombia;Prepago;Oro HD Prepago;144;Telecafé;SD;Nacional;Si
Colombia;Prepago;Oro HD Prepago;145;NTN 24 NOTICIAS;SD;Nacional;Si
Colombia;Prepago;Oro HD Prepago;146;El Tiempo TV;SD;Nacional;Si
Colombia;Prepago;Oro HD Prepago;147;Cable Noticias;SD;Nacional;Si
Colombia;Prepago;Oro HD Prepago;148;TRO;SD;Nacional;Si
Colombia;Prepago;Oro HD Prepago;149;Trece;SD;Nacional;Si
Colombia;Prepago;Oro HD Prepago;150;Teleislas;SD;Nacional;Si
Colombia;Prepago;Oro HD Prepago;151;Telemedellin;SD;Nacional;Si
Colombia;Prepago;Oro HD Prepago;152;TV Agro;SD;Local;Si
Colombia;Prepago;Oro HD Prepago;202;Star Channel;SD;Variedades;Si
Colombia;Prepago;Oro HD Prepago;204;Star Channel HD;HD;Cine;No
Colombia;Prepago;Oro HD Prepago;206;Warner Channel;SD;Variedades;Si
Colombia;Prepago;Oro HD Prepago;207;A&E;SD;Variedades;Si
Colombia;Prepago;Oro HD Prepago;208;Sony;SD;Variedades;Si
Colombia;Prepago;Oro HD Prepago;209;AXN;SD;Variedades;Si
Colombia;Prepago;Oro HD Prepago;210;AMC;SD;Variedades;Si
Colombia;Prepago;Oro HD Prepago;213;TNT Series;SD;Variedades;Si
Colombia;Prepago;Oro HD Prepago;214;Atres Series;SD;Variedades;Si
Colombia;Prepago;Oro HD Prepago;215;Comedy Central;SD;Variedades;Si
Colombia;Prepago;Oro HD Prepago;216;TNT Novelas;SD;Variedades;Si
Colombia;Prepago;Oro HD Prepago;217;FX;SD;Variedades;Si
Colombia;Prepago;Oro HD Prepago;218;Universal TV;SD;Variedades;Si
Colombia;Prepago;Oro HD Prepago;219;USA Network;SD;Variedades;Si
Colombia;Prepago;Oro HD Prepago;220;Adult Swim;SD;Variedades;Si
Colombia;Prepago;Oro HD Prepago;221;¡Hola! TV;SD;Variedades;Si
Colombia;Prepago;Oro HD Prepago;222;E! Entertainment;SD;Variedades;Si
Colombia;Prepago;Oro HD Prepago;223;Investigation Discovery (ID);SD;Variedades;Si
Colombia;Prepago;Oro HD Prepago;226;El Canal de las Estrellas;SD;Variedades;Si
Colombia;Prepago;Oro HD Prepago;227;TLnovelas;SD;Variedades;Si
Colombia;Prepago;Oro HD Prepago;228;Lifetime;SD;Variedades;Si
Colombia;Prepago;Oro HD Prepago;229;Discovery Home & Health;SD;Variedades;Si
Colombia;Prepago;Oro HD Prepago;230;Más Chic;SD;Variedades;Si
Colombia;Prepago;Oro HD Prepago;231;Telemundo;SD;Variedades;Si
Colombia;Prepago;Oro HD Prepago;232;El Gourmet;SD;Variedades;Si
Colombia;Prepago;Oro HD Prepago;233;Food Network;SD;Variedades;Si
Colombia;Prepago;Oro HD Prepago;264;MTV;SD;Variedades;Si
Colombia;Prepago;Oro HD Prepago;269;Quiero Música en Mi Idioma (QMusic);SD;Variedades;Si
Colombia;Prepago;Oro HD Prepago;270;Mi Gente 3.0;SD;Variedades;Si
Colombia;Prepago;Oro HD Prepago;304;Cartoon Network;SD;Infantil;Si
Colombia;Prepago;Oro HD Prepago;308;Nickelodeon;SD;Infantil;Si
Colombia;Prepago;Oro HD Prepago;309;Nick Jr.;SD;Infantil;Si
Colombia;Prepago;Oro HD Prepago;310;TeenNick;SD;Infantil;Si
Colombia;Prepago;Oro HD Prepago;312;Disney Channel HD;HD;Infantil;No
Colombia;Prepago;Oro HD Prepago;314;Disney Channel;SD;Infantil;Si
Colombia;Prepago;Oro HD Prepago;315;Disney Junior;SD;Infantil;Si
Colombia;Prepago;Oro HD Prepago;317;BabyTV;SD;Infantil;No
Colombia;Prepago;Oro HD Prepago;318;Plim Plim;SD;Infantil;Si
Colombia;Prepago;Oro HD Prepago;319;El Reino Infantil;SD;Infantil;Si
Colombia;Prepago;Oro HD Prepago;330;Discovery Kids;SD;Infantil;Si
Colombia;Prepago;Oro HD Prepago;334;Cartoonito;SD;Infantil;Si
Colombia;Prepago;Oro HD Prepago;350;EWTN;SD;Religioso;Si
Colombia;Prepago;Oro HD Prepago;351;Orbe 21;SD;Religioso;Si
Colombia;Prepago;Oro HD Prepago;352;Enlace;SD;Religioso;Si
Colombia;Prepago;Oro HD Prepago;353;Cristovisión;SD;Religioso;Si
Colombia;Prepago;Oro HD Prepago;358;DayStar;SD;Religioso;No
Colombia;Prepago;Oro HD Prepago;464;Playboy TV;SD;Adultos;No
Colombia;Prepago;Oro HD Prepago;468;Venus;SD;Adultos;No
Colombia;Prepago;Oro HD Prepago;469;XTSY;SD;Adultos;No
Colombia;Prepago;Oro HD Prepago;470;Hustler TV HD;SD;Adultos;No
Colombia;Prepago;Oro HD Prepago;502;TNT;SD;Cine;Si
Colombia;Prepago;Oro HD Prepago;503;Golden;SD;Cine;Si
Colombia;Prepago;Oro HD Prepago;506;Sony Movies;SD;Cine;Si
Colombia;Prepago;Oro HD Prepago;507;Cinecanal;SD;Cine;Si
Colombia;Prepago;Oro HD Prepago;508;Studio Universal;SD;Cine;Si
Colombia;Prepago;Oro HD Prepago;509;Cinemax;SD;Cine;Si
Colombia;Prepago;Oro HD Prepago;510;Mórbido TV;SD;Cine;Si
Colombia;Prepago;Oro HD Prepago;513;DHE;SD;Cine;Si
Colombia;Prepago;Oro HD Prepago;516;De Película;SD;Cine;Si
Colombia;Prepago;Oro HD Prepago;517;Golden Edge;SD;Cine;Si
Colombia;Prepago;Oro HD Prepago;518;Space;SD;Cine;Si
Colombia;Prepago;Oro HD Prepago;524;HBO;SD;Cine;No
Colombia;Prepago;Oro HD Prepago;525;HBO 2;SD;Cine;No
Colombia;Prepago;Oro HD Prepago;526;HBO Plus HD;SD;Cine;No
Colombia;Prepago;Oro HD Prepago;528;HBO Signature;SD;Cine;No
Colombia;Prepago;Oro HD Prepago;534;HBO Family;SD;Cine;No
Colombia;Prepago;Oro HD Prepago;540;HBO Mundi;SD;Cine;No
Colombia;Prepago;Oro HD Prepago;541;HBO Pop;SD;Cine;No
Colombia;Prepago;Oro HD Prepago;542;HBO Xtreme;SD;Cine;No
Colombia;Prepago;Oro HD Prepago;571;Universal Premiere Este;SD;PPV;No
Colombia;Prepago;Oro HD Prepago;572;Universal Cinema;SD;PPV;No
Colombia;Prepago;Oro HD Prepago;573;Universal Comedy;SD;PPV;No
Colombia;Prepago;Oro HD Prepago;574;Universal Crime Este;SD;PPV;No
Colombia;Prepago;Oro HD Prepago;575;Universal Reality;SD;PPV;No
Colombia;Prepago;Oro HD Prepago;576;Universal Premiere Oeste;SD;PPV;No
Colombia;Prepago;Oro HD Prepago;577;Universal Cinema Oeste;SD;PPV;No
Colombia;Prepago;Oro HD Prepago;610;DSports;SD;Deportes;Si
Colombia;Prepago;Oro HD Prepago;612;DSports 2;SD;Deportes;Si
Colombia;Prepago;Oro HD Prepago;613;DSports+;SD;Deportes;Si
Colombia;Prepago;Oro HD Prepago;621;ESPN;SD;Deportes;Si
Colombia;Prepago;Oro HD Prepago;622;ESPN 2;SD;Deportes;Si
Colombia;Prepago;Oro HD Prepago;623;ESPN 3;SD;Deportes;Si
Colombia;Prepago;Oro HD Prepago;625;ESPN 5;SD;Deportes;Si
Colombia;Prepago;Oro HD Prepago;626;ESPN 6;SD;Deportes;Si
Colombia;Prepago;Oro HD Prepago;627;ESPN 7;SD;Deportes;Si
Colombia;Prepago;Oro HD Prepago;628;Golf Channel Latinoamérica;SD;Deportes;Si
Colombia;Prepago;Oro HD Prepago;629;TyC Sports Internacional;SD;Deportes;Si
Colombia;Prepago;Oro HD Prepago;631;DSports Radio;Radio;Radio;No
Colombia;Prepago;Oro HD Prepago;633;Win Sports;SD;Deportes;Si
Colombia;Prepago;Oro HD Prepago;634;Win Sports Mas;SD;PPV;No
Colombia;Prepago;Oro HD Prepago;700;DNews;SD;Mundo;Si
Colombia;Prepago;Oro HD Prepago;704;CNN en Español;SD;Mundo;Si
Colombia;Prepago;Oro HD Prepago;706;CNN International;SD;Mundo;Si
Colombia;Prepago;Oro HD Prepago;707;CNN Chile;SD;Mundo;Si
Colombia;Prepago;Oro HD Prepago;708;TVN 24 HORAS;SD;Mundo;Si
Colombia;Prepago;Oro HD Prepago;710;Bloomberg;SD;Mundo;Si
Colombia;Prepago;Oro HD Prepago;716;Todo Noticias (TN);SD;Mundo;Si
Colombia;Prepago;Oro HD Prepago;720;Canal 26;SD;Mundo;Si
Colombia;Prepago;Oro HD Prepago;726;Canal Rural;SD;Mundo;Si
Colombia;Prepago;Oro HD Prepago;730;National Geographic;SD;Mundo;Si
Colombia;Prepago;Oro HD Prepago;732;Discovery Channel;SD;Mundo;Si
Colombia;Prepago;Oro HD Prepago;734;Animal Planet;SD;Mundo;Si
Colombia;Prepago;Oro HD Prepago;736;Discovery Turbo;SD;Mundo;Si
Colombia;Prepago;Oro HD Prepago;740;Discovery Travel & Living Channel (TLC);SD;Mundo;Si
Colombia;Prepago;Oro HD Prepago;742;History Channel;SD;Mundo;Si
Colombia;Prepago;Oro HD Prepago;744;History 2;SD;Mundo;Si
Colombia;Prepago;Oro HD Prepago;760;Univision;SD;Mundo;Si
Colombia;Prepago;Oro HD Prepago;762;Antena 3 Internacional;SD;Mundo;Si
Colombia;Prepago;Oro HD Prepago;764;France 24 Español;SD;Mundo;Si
Colombia;Prepago;Oro HD Prepago;766;Rai Italia;SD;Mundo;Si
Colombia;Prepago;Oro HD Prepago;768;BBC WORLD;SD;Mundo;Si
Colombia;Prepago;Oro HD Prepago;770;Deutsche Welle (DW) Español;SD;Mundo;Si
Colombia;Prepago;Oro HD Prepago;772;Caracol Internacional;SD;Mundo;No
Colombia;Prepago;Oro HD Prepago;774;TV Chile Internacional;SD;Mundo;Si
Colombia;Prepago;Oro HD Prepago;776;TV Globo;SD;Mundo;No
Colombia;Prepago;Oro HD Prepago;778;RTP;SD;Mundo;Si
Colombia;Prepago;Oro HD Prepago;780;ZEE TV;SD;Mundo;No
Colombia;Prepago;Oro HD Prepago;782;NHK World;SD;Mundo;No
Colombia;Prepago;Oro HD Prepago;784;El Trece;SD;Mundo;Si
Colombia;Prepago;Oro HD Prepago;786;Telefe;SD;Mundo;Si
Colombia;Prepago;Oro HD Prepago;790;CGTN;SD;Mundo;Si
Colombia;Prepago;Oro HD Prepago;980;Unión Radio Noticias;Radio;Radio;Si
Colombia;Prepago;Oro HD Prepago;982;Radio Caracol;Radio;Radio;Si
Colombia;Prepago;Oro HD Prepago;984;Radio France Internacional;Radio;Radio;Si
Colombia;Prepago;Oro HD Prepago;985;Fiesta 106.5;Radio;Radio;No
Colombia;Prepago;Oro HD Prepago;991;La FM Plus;Radio;Radio;Si
Colombia;Prepago;Oro HD Prepago;992;Alerta Bogota;Radio;Radio;Si
Colombia;Prepago;Oro HD Prepago;993;La W Radio;Radio;Radio;Si
Colombia;Prepago;Oro HD Prepago;1127;DShow;HD;Variedades;Si
Colombia;Prepago;Oro HD Prepago;1130;RCN HD;HD;Nacional;Si
Colombia;Prepago;Oro HD Prepago;1132;Caracol TV HD;HD;Nacional;Si
Colombia;Prepago;Oro HD Prepago;1136;Canal UNO;HD;Nacional;Si
Colombia;Prepago;Oro HD Prepago;1137;Señal Colombia HD;HD;Nacional;Si
Colombia;Prepago;Oro HD Prepago;1138;Señal Institucional HD;HD;Nacional;Si
Colombia;Prepago;Oro HD Prepago;1140;Teleantioquia HD;HD;Nacional;Si
Colombia;Prepago;Oro HD Prepago;1141;Telepacifico;HD;Nacional;Si
Colombia;Prepago;Oro HD Prepago;1142;Telecaribe HD;HD;Nacional;Si
Colombia;Prepago;Oro HD Prepago;1147;Cable Noticias HD;HD;Local;Si
Colombia;Prepago;Oro HD Prepago;1204;Star Channel HD;HD;Variedades;Si
Colombia;Prepago;Oro HD Prepago;1206;Warner Channel HD;HD;Variedades;Si
Colombia;Prepago;Oro HD Prepago;1207;A&E HD;HD;Variedades;Si
Colombia;Prepago;Oro HD Prepago;1208;Sony HD;HD;Variedades;Si
Colombia;Prepago;Oro HD Prepago;1209;AXN HD;HD;Variedades;Si
Colombia;Prepago;Oro HD Prepago;1210;AMC HD;HD;Variedades;Si
Colombia;Prepago;Oro HD Prepago;1213;TNT Series HD;HD;Variedades;Si
Colombia;Prepago;Oro HD Prepago;1214;Atres Series HD;HD;Variedades;Si
Colombia;Prepago;Oro HD Prepago;1215;Comedy Central HD;HD;Variedades;Si
Colombia;Prepago;Oro HD Prepago;1217;FX HD;HD;Variedades;Si
Colombia;Prepago;Oro HD Prepago;1218;Universal TV HD;HD;Variedades;Si
Colombia;Prepago;Oro HD Prepago;1219;USA Network HD;HD;Variedades;Si
Colombia;Prepago;Oro HD Prepago;1221;Hola TV HD;HD;Variedades;Si
Colombia;Prepago;Oro HD Prepago;1222;E! Entertainment HD;HD;Variedades;Si
Colombia;Prepago;Oro HD Prepago;1223;Investigation Discovery (ID) HD;HD;Variedades;Si
Colombia;Prepago;Oro HD Prepago;1228;Lifetime HD;HD;Variedades;Si
Colombia;Prepago;Oro HD Prepago;1229;Discovery Home & Health HD;HD;Variedades;Si
Colombia;Prepago;Oro HD Prepago;1231;Alacocina TV;HD;Variedades;Si
Colombia;Prepago;Oro HD Prepago;1232;El Gourmet HD;HD;Variedades;Si
Colombia;Prepago;Oro HD Prepago;1233;Food Network;HD;Variedades;Si
Colombia;Prepago;Oro HD Prepago;1234;HGTV HD;HD;Variedades;Si
Colombia;Prepago;Oro HD Prepago;1236;VePlus HD;HD;Variedades;Si
Colombia;Prepago;Oro HD Prepago;1264;MTV HD;HD;Variedades;Si
Colombia;Prepago;Oro HD Prepago;1265;Music Top;HD;Variedades;Si
Colombia;Prepago;Oro HD Prepago;1266;Tierra Mía HD;HD;Variedades;Si
Colombia;Prepago;Oro HD Prepago;1270;Latina TV;HD;Variedades;Si
Colombia;Prepago;Oro HD Prepago;1273;INTI Network HD;HD;Variedades;Si
Colombia;Prepago;Oro HD Prepago;1304;Cartoon Network HD;HD;Infantil;Si
Colombia;Prepago;Oro HD Prepago;1308;Nick HD;HD;Infantil;Si
Colombia;Prepago;Oro HD Prepago;1309;Nick Jr. HD;HD;Infantil;Si
Colombia;Prepago;Oro HD Prepago;1312;Disney Channel HD;HD;Infantil;Si
Colombia;Prepago;Oro HD Prepago;1315;Disney Junior HD;HD;Infantil;Si
Colombia;Prepago;Oro HD Prepago;1317;BabyTV;SD;Infantil;Si
Colombia;Prepago;Oro HD Prepago;1318;Plim Plim;HD;Infantil;Si
Colombia;Prepago;Oro HD Prepago;1319;El Reino Infantil;HD;Infantil;Si
Colombia;Prepago;Oro HD Prepago;1330;Discovery Kids HD;HD;Infantil;Si
Colombia;Prepago;Oro HD Prepago;1502;TNT HD;HD;Cine;Si
Colombia;Prepago;Oro HD Prepago;1503;Golden HD;HD;Cine;Si
Colombia;Prepago;Oro HD Prepago;1506;Sony Movies;HD;Cine;Si
Colombia;Prepago;Oro HD Prepago;1507;Cine HD;HD;Cine;Si
Colombia;Prepago;Oro HD Prepago;1508;Studio Universal HD;HD;Cine;Si
Colombia;Prepago;Oro HD Prepago;1509;Cinemax HD;HD;Cine;Si
Colombia;Prepago;Oro HD Prepago;1510;Mórbido TV;HD;Cine;Si
Colombia;Prepago;Oro HD Prepago;1513;DHE HD;HD;Cine;Si
Colombia;Prepago;Oro HD Prepago;1518;Space HD;HD;Cine;Si
Colombia;Prepago;Oro HD Prepago;1524;HBO HD;HD;Cine;No
Colombia;Prepago;Oro HD Prepago;1525;HBO 2 HD;HD;Cine;No
Colombia;Prepago;Oro HD Prepago;1528;HBO Signature HD;HD;Cine;No
Colombia;Prepago;Oro HD Prepago;1532;HBO Plus HD;HD;Cine;No
Colombia;Prepago;Oro HD Prepago;1534;HBO Family HD;HD;Cine;No
Colombia;Prepago;Oro HD Prepago;1542;HBO Xtreme HD;HD;Cine;No
Colombia;Prepago;Oro HD Prepago;1571;Universal Premiere Este;HD;PPV;No
Colombia;Prepago;Oro HD Prepago;1572;Universal Cinema;HD;PPV;No
Colombia;Prepago;Oro HD Prepago;1573;Universal Comedy;HD;PPV;No
Colombia;Prepago;Oro HD Prepago;1574;Universal Crime Este;HD;PPV;No
Colombia;Prepago;Oro HD Prepago;1575;Universal Reality;HD;PPV;No
Colombia;Prepago;Oro HD Prepago;1576;Universal Premiere Oeste;HD;PPV;No
Colombia;Prepago;Oro HD Prepago;1577;Universal Cinema Oeste;HD;PPV;No
Colombia;Prepago;Oro HD Prepago;1610;DSports HD;HD;Deportes;Si
Colombia;Prepago;Oro HD Prepago;1612;DSports 2 HD;HD;Deportes;Si
Colombia;Prepago;Oro HD Prepago;1613;DSports+ HD;HD;Deportes;Si
Colombia;Prepago;Oro HD Prepago;1621;ESPN HD;HD;Deportes;Si
Colombia;Prepago;Oro HD Prepago;1622;ESPN 2 HD;HD;Deportes;Si
Colombia;Prepago;Oro HD Prepago;1623;ESPN 3 HD;HD;Deportes;Si
Colombia;Prepago;Oro HD Prepago;1624;ESPN 4 HD;HD;Deportes;Si
Colombia;Prepago;Oro HD Prepago;1625;ESPN 5 HD;HD;Deportes;Si
Colombia;Prepago;Oro HD Prepago;1626;ESPN 6 HD;HD;Deportes;Si
Colombia;Prepago;Oro HD Prepago;1627;ESPN 7 HD;HD;Deportes;Si
Colombia;Prepago;Oro HD Prepago;1628;Golf Channel HD;HD;Deportes;Si
Colombia;Prepago;Oro HD Prepago;1631;DSports Show;HD;Deportes;No
Colombia;Prepago;Oro HD Prepago;1633;Win Sports HD;HD;Deportes;Si
Colombia;Prepago;Oro HD Prepago;1634;Win Sports Mas;HD;Deportes;No
Colombia;Prepago;Oro HD Prepago;1636;One Baseball Network;HD;PPV;No
Colombia;Prepago;Oro HD Prepago;1639;PX Sports;HD;Deportes;Si
Colombia;Prepago;Oro HD Prepago;1700;DNews HD;HD;Mundo;Si
Colombia;Prepago;Oro HD Prepago;1730;National Geographic HD;HD;Mundo;Si
Colombia;Prepago;Oro HD Prepago;1731;Discovery Theater HD;HD;Mundo;Si
Colombia;Prepago;Oro HD Prepago;1732;Discovery Channel HD;HD;Mundo;Si
Colombia;Prepago;Oro HD Prepago;1734;Animal Planet HD;HD;Mundo;Si
Colombia;Prepago;Oro HD Prepago;1738;Discovery World HD;HD;Mundo;Si
Colombia;Prepago;Oro HD Prepago;1740;Discovery Travel & Living Channel (TLC) HD;HD;Mundo;Si
Colombia;Prepago;Oro HD Prepago;1742;History Channel HD;HD;Mundo;Si
Colombia;Prepago;Oro HD Prepago;1744;History 2 HD;HD;Mundo;Si
Colombia;Prepago;Oro HD Prepago;1750;Encuentro Internacional HD;HD;Variedades;Si
Colombia;Prepago;Oro HD Prepago;1762;Antena 3 Internacional HD;HD;Mundo;Si
Colombia;Prepago;Oro HD Prepago;1764;France 24 Español;HD;Mundo;Si
Colombia;Prepago;Oro HD Prepago;4000;Directv 4K;4K;4K;No
Colombia;DGO;DGO Skinny;N/A;A&E;N/A;Variedades;No
Colombia;DGO;DGO Skinny;N/A;Atres Cine;N/A;Cine;No
Colombia;DGO;DGO Skinny;N/A;AMC;N/A;Variedades;No
Colombia;DGO;DGO Skinny;N/A;Animal Planet HD;N/A;Mundo;No
Colombia;DGO;DGO Skinny;N/A;Antena 3 HD;N/A;Mundo;No
Colombia;DGO;DGO Skinny;N/A;Atres Series HD;N/A;Cine;No
Colombia;DGO;DGO Skinny;N/A;AXN;N/A;Variedades;No
Colombia;DGO;DGO Skinny;N/A;Azteca Internacional;N/A;Variedades;Si
Colombia;DGO;DGO Skinny;N/A;BabyTV HD;N/A;Infantil;No
Colombia;DGO;DGO Skinny;N/A;Bloomberg;N/A;Mundo;No
Colombia;DGO;DGO Skinny;N/A;Boomerang;N/A;Infantil;No
Colombia;DGO;DGO Skinny;N/A;Canal UNO;N/A;Nacional;Si
Colombia;DGO;DGO Skinny;N/A;Caracol Mix;N/A;Variedades;Si
Colombia;DGO;DGO Skinny;N/A;Caracol TV;N/A;Nacional;Si
Colombia;DGO;DGO Skinny;N/A;Cartoon Network HD;N/A;Infantil;No
Colombia;DGO;DGO Skinny;N/A;Cartoonito;N/A;Infantil;No
Colombia;DGO;DGO Skinny;N/A;CGTN Español;N/A;Mundo;Si
Colombia;DGO;DGO Skinny;N/A;Cinecanal Andes;N/A;Cine;No
Colombia;DGO;DGO Skinny;N/A;Cinelatino;N/A;Cine;No
Colombia;DGO;DGO Skinny;N/A;Cinema;N/A;Cine;Si
Colombia;DGO;DGO Skinny;N/A;Cinemax HD;N/A;Cine;No
Colombia;DGO;DGO Skinny;N/A;City TV;N/A;Nacional;Si
Colombia;DGO;DGO Skinny;N/A;Clic;N/A;Variedades;Si
Colombia;DGO;DGO Skinny;N/A;CNN International;N/A;Mundo;No
Colombia;DGO;DGO Skinny;N/A;CNN en Español;N/A;Mundo;No
Colombia;DGO;DGO Skinny;N/A;Comedy Central HD;N/A;Variedades;No
Colombia;DGO;DGO Skinny;N/A;Corazón;N/A;Variedades;Si
Colombia;DGO;DGO Skinny;N/A;Daystar Español;N/A;Mundo;No
Colombia;DGO;DGO Skinny;N/A;DIRECTV Eventos 1;N/A;Occasional SSLA;No
Colombia;DGO;DGO Skinny;N/A;DIRECTV Eventos 2;N/A;Occasional SSLA;No
Colombia;DGO;DGO Skinny;N/A;DIRECTV Eventos 3;N/A;Occasional SSLA;No
Colombia;DGO;DGO Skinny;N/A;DIRECTV Eventos 4;N/A;Occasional SSLA;No
Colombia;DGO;DGO Skinny;N/A;DIRECTV Eventos 5;N/A;Occasional SSLA;No
Colombia;DGO;DGO Skinny;N/A;DIRECTV Eventos 6;N/A;Occasional SSLA;No
Colombia;DGO;DGO Skinny;N/A;DIRECTV Eventos 7;N/A;Occasional SSLA;No
Colombia;DGO;DGO Skinny;N/A;Dsports Colombia;N/A;Deportes;No
Colombia;DGO;DGO Skinny;N/A;DSports 2 HD;N/A;Deportes;No
Colombia;DGO;DGO Skinny;N/A;DSports Fight;N/A;Deportes;No
Colombia;DGO;DGO Skinny;N/A;DSports Plus;N/A;Deportes;No
Colombia;DGO;DGO Skinny;N/A;Discovery Channel HD;N/A;Mundo;No
Colombia;DGO;DGO Skinny;N/A;Discovery Home & Health;N/A;Variedades;No
Colombia;DGO;DGO Skinny;N/A;Investigation Discovery (ID) HD;N/A;Variedades;No
Colombia;DGO;DGO Skinny;N/A;Discovery Kids HD;N/A;Infantil;No
Colombia;DGO;DGO Skinny;N/A;Discovery Theater;N/A;Mundo;No
Colombia;DGO;DGO Skinny;N/A;Discovery Travel & Living Channel (TLC) HD;N/A;Mundo;No
Colombia;DGO;DGO Skinny;N/A;Discovery Turbo;N/A;Mundo;No
Colombia;DGO;DGO Skinny;N/A;Discovery World;N/A;Mundo;No
Colombia;DGO;DGO Skinny;N/A;Disney Multicountry;N/A;Infantil;No
Colombia;DGO;DGO Skinny;N/A;Disney Junior Sur;N/A;Infantil;No
Colombia;DGO;DGO Skinny;N/A;DNews;N/A;Mundo;Si
Colombia;DGO;DGO Skinny;N/A;DShow;N/A;Variedades;Si
Colombia;DGO;DGO Skinny;N/A;DSports Radio;N/A;Deportes;Si
Colombia;DGO;DGO Skinny;N/A;E! Entertainment México;N/A;Variedades;No
Colombia;DGO;DGO Skinny;N/A;Edye;N/A;Infantil;Si
Colombia;DGO;DGO Skinny;N/A;El Gourmet;N/A;Variedades;No
Colombia;DGO;DGO Skinny;N/A;El Reino Infantil;N/A;Infantil;No
Colombia;DGO;DGO Skinny;N/A;El Tiempo TV;N/A;Nacional;Si
Colombia;DGO;DGO Skinny;N/A;ESPN 2 Latin Andina HD;N/A;Deportes;No
Colombia;DGO;DGO Skinny;N/A;ESPN 3;N/A;Deportes;No
Colombia;DGO;DGO Skinny;N/A;ESPN 4;N/A;Deportes;No
Colombia;DGO;DGO Skinny;N/A;ESPN Colombia HD;N/A;Deportes;No
Colombia;DGO;DGO Skinny;N/A;ESPN Extra;N/A;Deportes;No
Colombia;DGO;DGO Skinny;N/A;Food Network HD;N/A;Variedades;No
Colombia;DGO;DGO Skinny;N/A;Fox News;N/A;Mundo;Si
Colombia;DGO;DGO Skinny;N/A;Fox Sports Sur;N/A;Deportes;No
Colombia;DGO;DGO Skinny;N/A;Fox Sports Sur 2;N/A;Deportes;No
Colombia;DGO;DGO Skinny;N/A;Fox Sports 3;N/A;Deportes;No
Colombia;DGO;DGO Skinny;N/A;France 24 Español;N/A;Mundo;No
Colombia;DGO;DGO Skinny;N/A;FreeTV Acción;N/A;Cine;Si
Colombia;DGO;DGO Skinny;N/A;FreeTV Drama;N/A;Cine;Si
Colombia;DGO;DGO Skinny;N/A;FreeTV Estelar;N/A;Cine;Si
Colombia;DGO;DGO Skinny;N/A;FreeTV Familia;N/A;Cine;Si
Colombia;DGO;DGO Skinny;N/A;FreeTV Hits;N/A;Cine;Si
Colombia;DGO;DGO Skinny;N/A;FreeTV Terror;N/A;Cine;Si
Colombia;DGO;DGO Skinny;N/A;FX Colombia HD;N/A;Variedades;No
Colombia;DGO;DGO Skinny;N/A;Glitz;N/A;Variedades;No
Colombia;DGO;DGO Skinny;N/A;Golf Channel HD;N/A;Deportes;No
Colombia;DGO;DGO Skinny;N/A;Gran Hermano;N/A;Variedades;Si
Colombia;DGO;DGO Skinny;N/A;HBO;N/A;Cine;No
Colombia;DGO;DGO Skinny;N/A;HBO 2;N/A;Cine;No
Colombia;DGO;DGO Skinny;N/A;HBO Family;N/A;Cine;No
Colombia;DGO;DGO Skinny;N/A;HBO Plus HD;N/A;Cine;No
Colombia;DGO;DGO Skinny;N/A;HBO Signature;N/A;Cine;No
Colombia;DGO;DGO Skinny;N/A;HGTV;N/A;Variedades;No
Colombia;DGO;DGO Skinny;N/A;History 2 HD;N/A;Mundo;No
Colombia;DGO;DGO Skinny;N/A;History HD;N/A;Mundo;No
Colombia;DGO;DGO Skinny;N/A;Hola TV HD;N/A;Variedades;No
Colombia;DGO;DGO Skinny;N/A;HTV;N/A;Variedades;No
Colombia;DGO;DGO Skinny;N/A;ISAT;N/A;Cine;No
Colombia;DGO;DGO Skinny;N/A;Lifetime HD;N/A;Variedades;No
Colombia;DGO;DGO Skinny;N/A;Más Chic;N/A;Variedades;No
Colombia;DGO;DGO Skinny;N/A;Mega Noticias;N/A;Mundo;Si
Colombia;DGO;DGO Skinny;N/A;Mega Tiempo;N/A;Mundo;Si
Colombia;DGO;DGO Skinny;N/A;Mórbido TV;N/A;Cine;No
Colombia;DGO;DGO Skinny;N/A;MTV HD;N/A;Variedades;No
Colombia;DGO;DGO Skinny;N/A;National Geographic Latam HD;N/A;Mundo;No
Colombia;DGO;DGO Skinny;N/A;Newsmax TV;N/A;Nacional;Si
Colombia;DGO;DGO Skinny;N/A;Nick Jr. HD;N/A;Infantil;No
Colombia;DGO;DGO Skinny;N/A;Nickelodeon HD;N/A;Infantil;No
Colombia;DGO;DGO Skinny;N/A;NTN 24;N/A;Nacional;Si
Colombia;DGO;DGO Skinny;N/A;OnDIRECTV;N/A;Cine;Si
Colombia;DGO;DGO Skinny;N/A;Plim Plim;N/A;Infantil;No
Colombia;DGO;DGO Skinny;N/A;Rai Italia;N/A;Mundo;No
Colombia;DGO;DGO Skinny;N/A;RCN HD;N/A;Nacional;Si
Colombia;DGO;DGO Skinny;N/A;RCN Más;N/A;Variedades;No
Colombia;DGO;DGO Skinny;N/A;RCN Noticias;N/A;Mundo;No
Colombia;DGO;DGO Skinny;N/A;Sony;N/A;Cine;No
Colombia;DGO;DGO Skinny;N/A;Sony Movies;N/A;Cine;No
Colombia;DGO;DGO Skinny;N/A;Space Andes;N/A;Cine;No
Colombia;DGO;DGO Skinny;N/A;Star Channel;N/A;Cine;No
Colombia;DGO;DGO Skinny;N/A;Studio Universal HD;N/A;Cine;No
Colombia;DGO;DGO Skinny;N/A;SyFy HD;N/A;Variedades;No
Colombia;DGO;DGO Skinny;N/A;Tastemade;N/A;Variedades;Si
Colombia;DGO;DGO Skinny;N/A;Tastemade Viajes;N/A;Variedades;Si
Colombia;DGO;DGO Skinny;N/A;TBS Very Funny;N/A;Variedades;No
Colombia;DGO;DGO Skinny;N/A;TCM;N/A;Cine;No
Colombia;DGO;DGO Skinny;N/A;Telemundo Internacional;N/A;Variedades;No
Colombia;DGO;DGO Skinny;N/A;Discovery Travel & Living Channel (TLC);N/A;Variedades;No
Colombia;DGO;DGO Skinny;N/A;TNT HD;N/A;Cine;No
Colombia;DGO;DGO Skinny;N/A;TNT Novelas;N/A;Variedades;No
Colombia;DGO;DGO Skinny;N/A;TNT Series HD;N/A;Cine;No
Colombia;DGO;DGO Skinny;N/A;truTV;N/A;Variedades;No
Colombia;DGO;DGO Skinny;N/A;TCM;N/A;Cine;No
Colombia;DGO;DGO Skinny;N/A;TV Cortos;N/A;Cine;No
Colombia;DGO;DGO Skinny;N/A;TV Universal HD;N/A;Deportes;No
Colombia;DGO;DGO Skinny;N/A;TyC Sports;N/A;Deportes;No
Colombia;DGO;DGO Skinny;N/A;TyC Sports Fan;N/A;Deportes;Si
Colombia;DGO;DGO Skinny;N/A;Warner Channel HD;N/A;Variedades;No
Colombia;DGO;DGO Skinny;N/A;Win Premium;N/A;Deportes;No
Colombia;DGO;DGO Skinny;N/A;Win Sports HD;N/A;Deportes;Si
Colombia;DGO;OTT;N/A;A&E;N/A;Variedades;Si
Colombia;DGO;OTT;N/A;Atres Cine;N/A;Cine;Si
Colombia;DGO;OTT;N/A;AMC;N/A;Variedades;Si
Colombia;DGO;OTT;N/A;Animal Planet HD;N/A;Mundo;Si
Colombia;DGO;OTT;N/A;Antena 3 HD;N/A;Mundo;Si
Colombia;DGO;OTT;N/A;Atres Series HD;N/A;Cine;Si
Colombia;DGO;OTT;N/A;AXN;N/A;Variedades;Si
Colombia;DGO;OTT;N/A;Azteca Internacional;N/A;Variedades;Si
Colombia;DGO;OTT;N/A;BabyTV HD;N/A;Infantil;Si
Colombia;DGO;OTT;N/A;Bloomberg;N/A;Mundo;Si
Colombia;DGO;OTT;N/A;Boomerang;N/A;Infantil;Si
Colombia;DGO;OTT;N/A;Canal UNO;N/A;Nacional;Si
Colombia;DGO;OTT;N/A;Caracol Mix;N/A;Variedades;Si
Colombia;DGO;OTT;N/A;Caracol TV;N/A;Nacional;Si
Colombia;DGO;OTT;N/A;Cartoon Network HD;N/A;Infantil;Si
Colombia;DGO;OTT;N/A;Cartoonito;N/A;Infantil;No
Colombia;DGO;OTT;N/A;CGTN Español;N/A;Mundo;Si
Colombia;DGO;OTT;N/A;Cinecanal Andes;N/A;Cine;Si
Colombia;DGO;OTT;N/A;Cinelatino;N/A;Cine;Si
Colombia;DGO;OTT;N/A;Cinema;N/A;Cine;Si
Colombia;DGO;OTT;N/A;Cinemax HD;N/A;Cine;Si
Colombia;DGO;OTT;N/A;City TV;N/A;Nacional;Si
Colombia;DGO;OTT;N/A;Clic;N/A;Variedades;Si
Colombia;DGO;OTT;N/A;CNN International;N/A;Mundo;Si
Colombia;DGO;OTT;N/A;CNN en Español;N/A;Mundo;Si
Colombia;DGO;OTT;N/A;Comedy Central HD;N/A;Variedades;Si
Colombia;DGO;OTT;N/A;Corazón;N/A;Variedades;Si
Colombia;DGO;OTT;N/A;Daystar Español;N/A;Mundo;Si
Colombia;DGO;OTT;N/A;DIRECTV Eventos 1;N/A;Occasional SSLA;Si
Colombia;DGO;OTT;N/A;DIRECTV Eventos 2;N/A;Occasional SSLA;Si
Colombia;DGO;OTT;N/A;DIRECTV Eventos 3;N/A;Occasional SSLA;Si
Colombia;DGO;OTT;N/A;DIRECTV Eventos 4;N/A;Occasional SSLA;Si
Colombia;DGO;OTT;N/A;DIRECTV Eventos 5;N/A;Occasional SSLA;Si
Colombia;DGO;OTT;N/A;DIRECTV Eventos 6;N/A;Occasional SSLA;Si
Colombia;DGO;OTT;N/A;DIRECTV Eventos 7;N/A;Occasional SSLA;Si
Colombia;DGO;OTT;N/A;Dsports Colombia;N/A;Deportes;Si
Colombia;DGO;OTT;N/A;DSports 2 HD;N/A;Deportes;Si
Colombia;DGO;OTT;N/A;DSports Fight;N/A;Deportes;Si
Colombia;DGO;OTT;N/A;DSports Plus;N/A;Deportes;Si
Colombia;DGO;OTT;N/A;Discovery Channel HD;N/A;Mundo;Si
Colombia;DGO;OTT;N/A;Discovery Home & Health;N/A;Variedades;Si
Colombia;DGO;OTT;N/A;Investigation Discovery (ID) HD;N/A;Variedades;Si
Colombia;DGO;OTT;N/A;Discovery Kids HD;N/A;Infantil;Si
Colombia;DGO;OTT;N/A;Discovery Theater;N/A;Mundo;Si
Colombia;DGO;OTT;N/A;Discovery Travel & Living Channel (TLC) HD;N/A;Mundo;Si
Colombia;DGO;OTT;N/A;Discovery Turbo;N/A;Mundo;Si
Colombia;DGO;OTT;N/A;Discovery World;N/A;Mundo;Si
Colombia;DGO;OTT;N/A;Disney Multicountry;N/A;Infantil;Si
Colombia;DGO;OTT;N/A;Disney Junior Sur;N/A;Infantil;Si
Colombia;DGO;OTT;N/A;DNews;N/A;Mundo;No
Colombia;DGO;OTT;N/A;DShow;N/A;Variedades;No
Colombia;DGO;OTT;N/A;DSports Radio;N/A;Deportes;No
Colombia;DGO;OTT;N/A;E! Entertainment México;N/A;Variedades;Si
Colombia;DGO;OTT;N/A;Edye;N/A;Infantil;Si
Colombia;DGO;OTT;N/A;El Gourmet;N/A;Variedades;Si
Colombia;DGO;OTT;N/A;El Reino Infantil;N/A;Infantil;No
Colombia;DGO;OTT;N/A;El Tiempo TV;N/A;Nacional;Si
Colombia;DGO;OTT;N/A;ESPN 2 Latin Andina HD;N/A;Deportes;Si
Colombia;DGO;OTT;N/A;ESPN 3;N/A;Deportes;Si
Colombia;DGO;OTT;N/A;ESPN 4;N/A;Deportes;No
Colombia;DGO;OTT;N/A;ESPN Colombia HD;N/A;Deportes;Si
Colombia;DGO;OTT;N/A;ESPN Extra;N/A;Deportes;Si
Colombia;DGO;OTT;N/A;Food Network HD;N/A;Variedades;Si
Colombia;DGO;OTT;N/A;Fox News;N/A;Mundo;Si
Colombia;DGO;OTT;N/A;Fox Sports Sur;N/A;Deportes;Si
Colombia;DGO;OTT;N/A;Fox Sports Sur 2;N/A;Deportes;Si
Colombia;DGO;OTT;N/A;Fox Sports 3;N/A;Deportes;Si
Colombia;DGO;OTT;N/A;France 24 Español;N/A;Mundo;No
Colombia;DGO;OTT;N/A;FreeTV Acción;N/A;Cine;Si
Colombia;DGO;OTT;N/A;FreeTV Drama;N/A;Cine;Si
Colombia;DGO;OTT;N/A;FreeTV Estelar;N/A;Cine;Si
Colombia;DGO;OTT;N/A;FreeTV Familia;N/A;Cine;Si
Colombia;DGO;OTT;N/A;FreeTV Hits;N/A;Cine;Si
Colombia;DGO;OTT;N/A;FreeTV Terror;N/A;Cine;Si
Colombia;DGO;OTT;N/A;FX Colombia HD;N/A;Variedades;Si
Colombia;DGO;OTT;N/A;Glitz;N/A;Variedades;Si
Colombia;DGO;OTT;N/A;Golf Channel HD;N/A;Deportes;Si
Colombia;DGO;OTT;N/A;Gran Hermano;N/A;Variedades;No
Colombia;DGO;OTT;N/A;HBO;N/A;Cine;Si
Colombia;DGO;OTT;N/A;HBO 2;N/A;Cine;Si
Colombia;DGO;OTT;N/A;HBO Family;N/A;Cine;Si
Colombia;DGO;OTT;N/A;HBO Plus HD;N/A;Cine;Si
Colombia;DGO;OTT;N/A;HBO Signature;N/A;Cine;Si
Colombia;DGO;OTT;N/A;HGTV;N/A;Variedades;Si
Colombia;DGO;OTT;N/A;History 2 HD;N/A;Mundo;Si
Colombia;DGO;OTT;N/A;History HD;N/A;Mundo;Si
Colombia;DGO;OTT;N/A;Hola TV HD;N/A;Variedades;Si
Colombia;DGO;OTT;N/A;HTV;N/A;Variedades;Si
Colombia;DGO;OTT;N/A;ISAT;N/A;Cine;Si
Colombia;DGO;OTT;N/A;Lifetime HD;N/A;Variedades;Si
Colombia;DGO;OTT;N/A;Más Chic;N/A;Variedades;Si
Colombia;DGO;OTT;N/A;Mega Noticias;N/A;Mundo;Si
Colombia;DGO;OTT;N/A;Mega Tiempo;N/A;Mundo;Si
Colombia;DGO;OTT;N/A;Mórbido TV;N/A;Cine;No
Colombia;DGO;OTT;N/A;MTV HD;N/A;Variedades;Si
Colombia;DGO;OTT;N/A;National Geographic Latam HD;N/A;Mundo;Si
Colombia;DGO;OTT;N/A;Newsmax TV;N/A;Nacional;Si
Colombia;DGO;OTT;N/A;Nick Jr. HD;N/A;Infantil;Si
Colombia;DGO;OTT;N/A;Nickelodeon HD;N/A;Infantil;Si
Colombia;DGO;OTT;N/A;NTN 24;N/A;Nacional;Si
Colombia;DGO;OTT;N/A;OnDIRECTV;N/A;Cine;Si
Colombia;DGO;OTT;N/A;Plim Plim;N/A;Infantil;No
Colombia;DGO;OTT;N/A;Rai Italia;N/A;Mundo;Si
Colombia;DGO;OTT;N/A;RCN HD;N/A;Nacional;Si
Colombia;DGO;OTT;N/A;RCN Más;N/A;Variedades;Si
Colombia;DGO;OTT;N/A;RCN Noticias;N/A;Mundo;Si
Colombia;DGO;OTT;N/A;Sony;N/A;Cine;Si
Colombia;DGO;OTT;N/A;Sony Movies;N/A;Cine;No
Colombia;DGO;OTT;N/A;Space Andes;N/A;Cine;Si
Colombia;DGO;OTT;N/A;Star Channel;N/A;Cine;Si
Colombia;DGO;OTT;N/A;Studio Universal HD;N/A;Cine;Si
Colombia;DGO;OTT;N/A;SyFy HD;N/A;Variedades;Si
Colombia;DGO;OTT;N/A;Tastemade;N/A;Variedades;Si
Colombia;DGO;OTT;N/A;Tastemade Viajes;N/A;Variedades;Si
Colombia;DGO;OTT;N/A;TBS Very Funny;N/A;Variedades;Si
Colombia;DGO;OTT;N/A;TCM;N/A;Cine;No
Colombia;DGO;OTT;N/A;Telemundo Internacional;N/A;Variedades;Si
Colombia;DGO;OTT;N/A;Discovery Travel & Living Channel (TLC);N/A;Variedades;No
Colombia;DGO;OTT;N/A;TNT HD;N/A;Cine;Si
Colombia;DGO;OTT;N/A;TNT Novelas;N/A;Variedades;No
Colombia;DGO;OTT;N/A;TNT Series HD;N/A;Cine;Si
Colombia;DGO;OTT;N/A;truTV;N/A;Variedades;Si
Colombia;DGO;OTT;N/A;TCM;N/A;Cine;Si
Colombia;DGO;OTT;N/A;TV Cortos;N/A;Cine;Si
Colombia;DGO;OTT;N/A;TV Universal HD;N/A;Deportes;Si
Colombia;DGO;OTT;N/A;TyC Sports;N/A;Deportes;No
Colombia;DGO;OTT;N/A;TyC Sports Fan;N/A;Deportes;Si
Colombia;DGO;OTT;N/A;Warner Channel HD;N/A;Variedades;Si
Colombia;DGO;OTT;N/A;Win Premium;N/A;Deportes;Si
Colombia;DGO;OTT;N/A;Win Sports HD;N/A;Deportes;Si
Colombia;DGO;OTT Lite;N/A;A&E;N/A;Variedades;Si
Colombia;DGO;OTT Lite;N/A;Atres Cine;N/A;Cine;No
Colombia;DGO;OTT Lite;N/A;AMC;N/A;Variedades;No
Colombia;DGO;OTT Lite;N/A;Animal Planet HD;N/A;Mundo;No
Colombia;DGO;OTT Lite;N/A;Antena 3 HD;N/A;Mundo;No
Colombia;DGO;OTT Lite;N/A;Atres Series HD;N/A;Cine;No
Colombia;DGO;OTT Lite;N/A;AXN;N/A;Variedades;No
Colombia;DGO;OTT Lite;N/A;Azteca Internacional;N/A;Variedades;Si
Colombia;DGO;OTT Lite;N/A;BabyTV HD;N/A;Infantil;No
Colombia;DGO;OTT Lite;N/A;Bloomberg;N/A;Mundo;No
Colombia;DGO;OTT Lite;N/A;Boomerang;N/A;Infantil;Si
Colombia;DGO;OTT Lite;N/A;Canal UNO;N/A;Nacional;No
Colombia;DGO;OTT Lite;N/A;Caracol Mix;N/A;Variedades;Si
Colombia;DGO;OTT Lite;N/A;Caracol TV;N/A;Nacional;Si
Colombia;DGO;OTT Lite;N/A;Cartoon Network HD;N/A;Infantil;Si
Colombia;DGO;OTT Lite;N/A;Cartoonito;N/A;Infantil;No
Colombia;DGO;OTT Lite;N/A;CGTN Español;N/A;Mundo;Si
Colombia;DGO;OTT Lite;N/A;Cinecanal Andes;N/A;Cine;Si
Colombia;DGO;OTT Lite;N/A;Cinelatino;N/A;Cine;Si
Colombia;DGO;OTT Lite;N/A;Cinema;N/A;Cine;Si
Colombia;DGO;OTT Lite;N/A;Cinemax HD;N/A;Cine;Si
Colombia;DGO;OTT Lite;N/A;City TV;N/A;Nacional;No
Colombia;DGO;OTT Lite;N/A;Clic;N/A;Variedades;Si
Colombia;DGO;OTT Lite;N/A;CNN International;N/A;Mundo;No
Colombia;DGO;OTT Lite;N/A;CNN en Español;N/A;Mundo;Si
Colombia;DGO;OTT Lite;N/A;Comedy Central HD;N/A;Variedades;No
Colombia;DGO;OTT Lite;N/A;Corazón;N/A;Variedades;Si
Colombia;DGO;OTT Lite;N/A;Daystar Español;N/A;Mundo;No
Colombia;DGO;OTT Lite;N/A;DIRECTV Eventos 1;N/A;Occasional SSLA;Si
Colombia;DGO;OTT Lite;N/A;DIRECTV Eventos 2;N/A;Occasional SSLA;Si
Colombia;DGO;OTT Lite;N/A;DIRECTV Eventos 3;N/A;Occasional SSLA;Si
Colombia;DGO;OTT Lite;N/A;DIRECTV Eventos 4;N/A;Occasional SSLA;Si
Colombia;DGO;OTT Lite;N/A;DIRECTV Eventos 5;N/A;Occasional SSLA;Si
Colombia;DGO;OTT Lite;N/A;DIRECTV Eventos 6;N/A;Occasional SSLA;Si
Colombia;DGO;OTT Lite;N/A;DIRECTV Eventos 7;N/A;Occasional SSLA;Si
Colombia;DGO;OTT Lite;N/A;Dsports Colombia;N/A;Deportes;Si
Colombia;DGO;OTT Lite;N/A;DSports 2 HD;N/A;Deportes;Si
Colombia;DGO;OTT Lite;N/A;DSports Fight;N/A;Deportes;Si
Colombia;DGO;OTT Lite;N/A;DSports Plus;N/A;Deportes;Si
Colombia;DGO;OTT Lite;N/A;Discovery Channel HD;N/A;Mundo;Si
Colombia;DGO;OTT Lite;N/A;Discovery Home & Health;N/A;Variedades;Si
Colombia;DGO;OTT Lite;N/A;Investigation Discovery (ID) HD;N/A;Variedades;Si
Colombia;DGO;OTT Lite;N/A;Discovery Kids HD;N/A;Infantil;Si
Colombia;DGO;OTT Lite;N/A;Discovery Theater;N/A;Mundo;No
Colombia;DGO;OTT Lite;N/A;Discovery Travel & Living Channel (TLC) HD;N/A;Mundo;No
Colombia;DGO;OTT Lite;N/A;Discovery Turbo;N/A;Mundo;No
Colombia;DGO;OTT Lite;N/A;Discovery World;N/A;Mundo;No
Colombia;DGO;OTT Lite;N/A;Disney Multicountry;N/A;Infantil;Si
Colombia;DGO;OTT Lite;N/A;Disney Junior Sur;N/A;Infantil;Si
Colombia;DGO;OTT Lite;N/A;DNews;N/A;Mundo;No
Colombia;DGO;OTT Lite;N/A;DShow;N/A;Variedades;No
Colombia;DGO;OTT Lite;N/A;DSports Radio;N/A;Deportes;No
Colombia;DGO;OTT Lite;N/A;E! Entertainment México;N/A;Variedades;Si
Colombia;DGO;OTT Lite;N/A;Edye;N/A;Infantil;Si
Colombia;DGO;OTT Lite;N/A;El Gourmet;N/A;Variedades;Si
Colombia;DGO;OTT Lite;N/A;El Reino Infantil;N/A;Infantil;No
Colombia;DGO;OTT Lite;N/A;El Tiempo TV;N/A;Nacional;No
Colombia;DGO;OTT Lite;N/A;ESPN 2 Latin Andina HD;N/A;Deportes;Si
Colombia;DGO;OTT Lite;N/A;ESPN 3;N/A;Deportes;No
Colombia;DGO;OTT Lite;N/A;ESPN 4;N/A;Deportes;No
Colombia;DGO;OTT Lite;N/A;ESPN Colombia HD;N/A;Deportes;Si
Colombia;DGO;OTT Lite;N/A;ESPN Extra;N/A;Deportes;No
Colombia;DGO;OTT Lite;N/A;Food Network HD;N/A;Variedades;Si
Colombia;DGO;OTT Lite;N/A;Fox News;N/A;Mundo;Si
Colombia;DGO;OTT Lite;N/A;Fox Sports Sur;N/A;Deportes;Si
Colombia;DGO;OTT Lite;N/A;Fox Sports Sur 2;N/A;Deportes;Si
Colombia;DGO;OTT Lite;N/A;Fox Sports 3;N/A;Deportes;Si
Colombia;DGO;OTT Lite;N/A;France 24 Español;N/A;Mundo;No
Colombia;DGO;OTT Lite;N/A;FreeTV Acción;N/A;Cine;Si
Colombia;DGO;OTT Lite;N/A;FreeTV Drama;N/A;Cine;Si
Colombia;DGO;OTT Lite;N/A;FreeTV Estelar;N/A;Cine;Si
Colombia;DGO;OTT Lite;N/A;FreeTV Familia;N/A;Cine;Si
Colombia;DGO;OTT Lite;N/A;FreeTV Hits;N/A;Cine;Si
Colombia;DGO;OTT Lite;N/A;FreeTV Terror;N/A;Cine;Si
Colombia;DGO;OTT Lite;N/A;FX Colombia HD;N/A;Variedades;Si
Colombia;DGO;OTT Lite;N/A;Glitz;N/A;Variedades;No
Colombia;DGO;OTT Lite;N/A;Golf Channel HD;N/A;Deportes;No
Colombia;DGO;OTT Lite;N/A;Gran Hermano;N/A;Variedades;No
Colombia;DGO;OTT Lite;N/A;HBO;N/A;Cine;No
Colombia;DGO;OTT Lite;N/A;HBO 2;N/A;Cine;No
Colombia;DGO;OTT Lite;N/A;HBO Family;N/A;Cine;No
Colombia;DGO;OTT Lite;N/A;HBO Plus HD;N/A;Cine;No
Colombia;DGO;OTT Lite;N/A;HBO Signature;N/A;Cine;No
Colombia;DGO;OTT Lite;N/A;HGTV;N/A;Variedades;No
Colombia;DGO;OTT Lite;N/A;History 2 HD;N/A;Mundo;No
Colombia;DGO;OTT Lite;N/A;History HD;N/A;Mundo;No
Colombia;DGO;OTT Lite;N/A;Hola TV HD;N/A;Variedades;Si
Colombia;DGO;OTT Lite;N/A;HTV;N/A;Variedades;Si
Colombia;DGO;OTT Lite;N/A;ISAT;N/A;Cine;No
Colombia;DGO;OTT Lite;N/A;Lifetime HD;N/A;Variedades;No
Colombia;DGO;OTT Lite;N/A;Más Chic;N/A;Variedades;Si
Colombia;DGO;OTT Lite;N/A;Mega Noticias;N/A;Mundo;Si
Colombia;DGO;OTT Lite;N/A;Mega Tiempo;N/A;Mundo;Si
Colombia;DGO;OTT Lite;N/A;Mórbido TV;N/A;Cine;No
Colombia;DGO;OTT Lite;N/A;MTV HD;N/A;Variedades;Si
Colombia;DGO;OTT Lite;N/A;National Geographic Latam HD;N/A;Mundo;Si
Colombia;DGO;OTT Lite;N/A;Newsmax TV;N/A;Nacional;Si
Colombia;DGO;OTT Lite;N/A;Nick Jr. HD;N/A;Infantil;No
Colombia;DGO;OTT Lite;N/A;Nickelodeon HD;N/A;Infantil;Si
Colombia;DGO;OTT Lite;N/A;NTN 24;N/A;Nacional;No
Colombia;DGO;OTT Lite;N/A;OnDIRECTV;N/A;Cine;Si
Colombia;DGO;OTT Lite;N/A;Plim Plim;N/A;Infantil;No
Colombia;DGO;OTT Lite;N/A;Rai Italia;N/A;Mundo;No
Colombia;DGO;OTT Lite;N/A;RCN HD;N/A;Nacional;Si
Colombia;DGO;OTT Lite;N/A;RCN Más;N/A;Variedades;Si
Colombia;DGO;OTT Lite;N/A;RCN Noticias;N/A;Mundo;Si
Colombia;DGO;OTT Lite;N/A;Sony;N/A;Cine;Si
Colombia;DGO;OTT Lite;N/A;Sony Movies;N/A;Cine;No
Colombia;DGO;OTT Lite;N/A;Space Andes;N/A;Cine;Si
Colombia;DGO;OTT Lite;N/A;Star Channel;N/A;Cine;Si
Colombia;DGO;OTT Lite;N/A;Studio Universal HD;N/A;Cine;Si
Colombia;DGO;OTT Lite;N/A;SyFy HD;N/A;Variedades;No
Colombia;DGO;OTT Lite;N/A;Tastemade;N/A;Variedades;Si
Colombia;DGO;OTT Lite;N/A;Tastemade Viajes;N/A;Variedades;Si
Colombia;DGO;OTT Lite;N/A;TBS Very Funny;N/A;Variedades;No
Colombia;DGO;OTT Lite;N/A;TCM;N/A;Cine;No
Colombia;DGO;OTT Lite;N/A;Telemundo Internacional;N/A;Variedades;Si
Colombia;DGO;OTT Lite;N/A;Discovery Travel & Living Channel (TLC);N/A;Variedades;No
Colombia;DGO;OTT Lite;N/A;TNT HD;N/A;Cine;Si
Colombia;DGO;OTT Lite;N/A;TNT Novelas;N/A;Variedades;No
Colombia;DGO;OTT Lite;N/A;TNT Series HD;N/A;Cine;Si
Colombia;DGO;OTT Lite;N/A;truTV;N/A;Variedades;No
Colombia;DGO;OTT Lite;N/A;TCM;N/A;Cine;No
Colombia;DGO;OTT Lite;N/A;TV Cortos;N/A;Cine;No
Colombia;DGO;OTT Lite;N/A;TV Universal HD;N/A;Deportes;Si
Colombia;DGO;OTT Lite;N/A;TyC Sports;N/A;Deportes;No
Colombia;DGO;OTT Lite;N/A;TyC Sports Fan;N/A;Deportes;Si
Colombia;DGO;OTT Lite;N/A;Warner Channel HD;N/A;Variedades;Si
Colombia;DGO;OTT Lite;N/A;Win Premium;N/A;Deportes;No
Colombia;DGO;OTT Lite;N/A;Win Sports HD;N/A;Deportes;Si
Colombia;DGO;Alto HD 4K;N/A;A&E;N/A;Variedades;Si
Colombia;DGO;Alto HD 4K;N/A;Atres Cine;N/A;Cine;Si
Colombia;DGO;Alto HD 4K;N/A;AMC;N/A;Variedades;Si
Colombia;DGO;Alto HD 4K;N/A;Animal Planet HD;N/A;Mundo;Si
Colombia;DGO;Alto HD 4K;N/A;Antena 3 HD;N/A;Mundo;Si
Colombia;DGO;Alto HD 4K;N/A;Atres Series HD;N/A;Cine;Si
Colombia;DGO;Alto HD 4K;N/A;AXN;N/A;Variedades;Si
Colombia;DGO;Alto HD 4K;N/A;Azteca Internacional;N/A;Variedades;Si
Colombia;DGO;Alto HD 4K;N/A;BabyTV HD;N/A;Infantil;Si
Colombia;DGO;Alto HD 4K;N/A;Bloomberg;N/A;Mundo;Si
Colombia;DGO;Alto HD 4K;N/A;Boomerang;N/A;Infantil;Si
Colombia;DGO;Alto HD 4K;N/A;Canal UNO;N/A;Nacional;Si
Colombia;DGO;Alto HD 4K;N/A;Caracol Mix;N/A;Variedades;Si
Colombia;DGO;Alto HD 4K;N/A;Caracol TV;N/A;Nacional;Si
Colombia;DGO;Alto HD 4K;N/A;Cartoon Network HD;N/A;Infantil;Si
Colombia;DGO;Alto HD 4K;N/A;Cartoonito;N/A;Infantil;No
Colombia;DGO;Alto HD 4K;N/A;CGTN Español;N/A;Mundo;Si
Colombia;DGO;Alto HD 4K;N/A;Cinecanal Andes;N/A;Cine;Si
Colombia;DGO;Alto HD 4K;N/A;Cinelatino;N/A;Cine;Si
Colombia;DGO;Alto HD 4K;N/A;Cinema;N/A;Cine;Si
Colombia;DGO;Alto HD 4K;N/A;Cinemax HD;N/A;Cine;Si
Colombia;DGO;Alto HD 4K;N/A;City TV;N/A;Nacional;Si
Colombia;DGO;Alto HD 4K;N/A;Clic;N/A;Variedades;Si
Colombia;DGO;Alto HD 4K;N/A;CNN International;N/A;Mundo;Si
Colombia;DGO;Alto HD 4K;N/A;CNN en Español;N/A;Mundo;Si
Colombia;DGO;Alto HD 4K;N/A;Comedy Central HD;N/A;Variedades;Si
Colombia;DGO;Alto HD 4K;N/A;Corazón;N/A;Variedades;Si
Colombia;DGO;Alto HD 4K;N/A;Daystar Español;N/A;Mundo;No
Colombia;DGO;Alto HD 4K;N/A;DIRECTV Eventos 1;N/A;Occasional SSLA;Si
Colombia;DGO;Alto HD 4K;N/A;DIRECTV Eventos 2;N/A;Occasional SSLA;Si
Colombia;DGO;Alto HD 4K;N/A;DIRECTV Eventos 3;N/A;Occasional SSLA;Si
Colombia;DGO;Alto HD 4K;N/A;DIRECTV Eventos 4;N/A;Occasional SSLA;Si
Colombia;DGO;Alto HD 4K;N/A;DIRECTV Eventos 5;N/A;Occasional SSLA;Si
Colombia;DGO;Alto HD 4K;N/A;DIRECTV Eventos 6;N/A;Occasional SSLA;Si
Colombia;DGO;Alto HD 4K;N/A;DIRECTV Eventos 7;N/A;Occasional SSLA;Si
Colombia;DGO;Alto HD 4K;N/A;Dsports Colombia;N/A;Deportes;Si
Colombia;DGO;Alto HD 4K;N/A;DSports 2 HD;N/A;Deportes;Si
Colombia;DGO;Alto HD 4K;N/A;DSports Fight;N/A;Deportes;Si
Colombia;DGO;Alto HD 4K;N/A;DSports Plus;N/A;Deportes;Si
Colombia;DGO;Alto HD 4K;N/A;Discovery Channel HD;N/A;Mundo;Si
Colombia;DGO;Alto HD 4K;N/A;Discovery Home & Health;N/A;Variedades;Si
Colombia;DGO;Alto HD 4K;N/A;Investigation Discovery (ID) HD;N/A;Variedades;Si
Colombia;DGO;Alto HD 4K;N/A;Discovery Kids HD;N/A;Infantil;Si
Colombia;DGO;Alto HD 4K;N/A;Discovery Theater;N/A;Mundo;Si
Colombia;DGO;Alto HD 4K;N/A;Discovery Travel & Living Channel (TLC) HD;N/A;Mundo;Si
Colombia;DGO;Alto HD 4K;N/A;Discovery Turbo;N/A;Mundo;Si
Colombia;DGO;Alto HD 4K;N/A;Discovery World;N/A;Mundo;Si
Colombia;DGO;Alto HD 4K;N/A;Disney Multicountry;N/A;Infantil;Si
Colombia;DGO;Alto HD 4K;N/A;Disney Junior Sur;N/A;Infantil;Si
Colombia;DGO;Alto HD 4K;N/A;DNews;N/A;Mundo;No
Colombia;DGO;Alto HD 4K;N/A;DShow;N/A;Variedades;No
Colombia;DGO;Alto HD 4K;N/A;DSports Radio;N/A;Deportes;No
Colombia;DGO;Alto HD 4K;N/A;E! Entertainment México;N/A;Variedades;Si
Colombia;DGO;Alto HD 4K;N/A;Edye;N/A;Infantil;Si
Colombia;DGO;Alto HD 4K;N/A;El Gourmet;N/A;Variedades;Si
Colombia;DGO;Alto HD 4K;N/A;El Reino Infantil;N/A;Infantil;Si
Colombia;DGO;Alto HD 4K;N/A;El Tiempo TV;N/A;Nacional;Si
Colombia;DGO;Alto HD 4K;N/A;ESPN 2 Latin Andina HD;N/A;Deportes;Si
Colombia;DGO;Alto HD 4K;N/A;ESPN 3;N/A;Deportes;Si
Colombia;DGO;Alto HD 4K;N/A;ESPN 4;N/A;Deportes;No
Colombia;DGO;Alto HD 4K;N/A;ESPN Colombia HD;N/A;Deportes;Si
Colombia;DGO;Alto HD 4K;N/A;ESPN Extra;N/A;Deportes;Si
Colombia;DGO;Alto HD 4K;N/A;Food Network HD;N/A;Variedades;Si
Colombia;DGO;Alto HD 4K;N/A;Fox News;N/A;Mundo;Si
Colombia;DGO;Alto HD 4K;N/A;Fox Sports Sur;N/A;Deportes;Si
Colombia;DGO;Alto HD 4K;N/A;Fox Sports Sur 2;N/A;Deportes;Si
Colombia;DGO;Alto HD 4K;N/A;Fox Sports 3;N/A;Deportes;Si
Colombia;DGO;Alto HD 4K;N/A;France 24 Español;N/A;Mundo;Si
Colombia;DGO;Alto HD 4K;N/A;FreeTV Acción;N/A;Cine;Si
Colombia;DGO;Alto HD 4K;N/A;FreeTV Drama;N/A;Cine;Si
Colombia;DGO;Alto HD 4K;N/A;FreeTV Estelar;N/A;Cine;Si
Colombia;DGO;Alto HD 4K;N/A;FreeTV Familia;N/A;Cine;Si
Colombia;DGO;Alto HD 4K;N/A;FreeTV Hits;N/A;Cine;Si
Colombia;DGO;Alto HD 4K;N/A;FreeTV Terror;N/A;Cine;Si
Colombia;DGO;Alto HD 4K;N/A;FX Colombia HD;N/A;Variedades;Si
Colombia;DGO;Alto HD 4K;N/A;Glitz;N/A;Variedades;Si
Colombia;DGO;Alto HD 4K;N/A;Golf Channel HD;N/A;Deportes;Si
Colombia;DGO;Alto HD 4K;N/A;Gran Hermano;N/A;Variedades;No
Colombia;DGO;Alto HD 4K;N/A;HBO;N/A;Cine;Si
Colombia;DGO;Alto HD 4K;N/A;HBO 2;N/A;Cine;Si
Colombia;DGO;Alto HD 4K;N/A;HBO Family;N/A;Cine;Si
Colombia;DGO;Alto HD 4K;N/A;HBO Plus HD;N/A;Cine;Si
Colombia;DGO;Alto HD 4K;N/A;HBO Signature;N/A;Cine;Si
Colombia;DGO;Alto HD 4K;N/A;HGTV;N/A;Variedades;Si
Colombia;DGO;Alto HD 4K;N/A;History 2 HD;N/A;Mundo;Si
Colombia;DGO;Alto HD 4K;N/A;History HD;N/A;Mundo;Si
Colombia;DGO;Alto HD 4K;N/A;Hola TV HD;N/A;Variedades;Si
Colombia;DGO;Alto HD 4K;N/A;HTV;N/A;Variedades;Si
Colombia;DGO;Alto HD 4K;N/A;ISAT;N/A;Cine;Si
Colombia;DGO;Alto HD 4K;N/A;Lifetime HD;N/A;Variedades;Si
Colombia;DGO;Alto HD 4K;N/A;Más Chic;N/A;Variedades;Si
Colombia;DGO;Alto HD 4K;N/A;Mega Noticias;N/A;Mundo;Si
Colombia;DGO;Alto HD 4K;N/A;Mega Tiempo;N/A;Mundo;Si
Colombia;DGO;Alto HD 4K;N/A;Mórbido TV;N/A;Cine;Si
Colombia;DGO;Alto HD 4K;N/A;MTV HD;N/A;Variedades;Si
Colombia;DGO;Alto HD 4K;N/A;National Geographic Latam HD;N/A;Mundo;Si
Colombia;DGO;Alto HD 4K;N/A;Newsmax TV;N/A;Nacional;Si
Colombia;DGO;Alto HD 4K;N/A;Nick Jr. HD;N/A;Infantil;Si
Colombia;DGO;Alto HD 4K;N/A;Nickelodeon HD;N/A;Infantil;Si
Colombia;DGO;Alto HD 4K;N/A;NTN 24;N/A;Nacional;Si
Colombia;DGO;Alto HD 4K;N/A;OnDIRECTV;N/A;Cine;Si
Colombia;DGO;Alto HD 4K;N/A;Plim Plim;N/A;Infantil;Si
Colombia;DGO;Alto HD 4K;N/A;Rai Italia;N/A;Mundo;Si
Colombia;DGO;Alto HD 4K;N/A;RCN HD;N/A;Nacional;Si
Colombia;DGO;Alto HD 4K;N/A;RCN Más;N/A;Variedades;Si
Colombia;DGO;Alto HD 4K;N/A;RCN Noticias;N/A;Mundo;Si
Colombia;DGO;Alto HD 4K;N/A;Sony;N/A;Cine;Si
Colombia;DGO;Alto HD 4K;N/A;Sony Movies;N/A;Cine;No
Colombia;DGO;Alto HD 4K;N/A;Space Andes;N/A;Cine;Si
Colombia;DGO;Alto HD 4K;N/A;Star Channel;N/A;Cine;Si
Colombia;DGO;Alto HD 4K;N/A;Studio Universal HD;N/A;Cine;Si
Colombia;DGO;Alto HD 4K;N/A;SyFy HD;N/A;Variedades;Si
Colombia;DGO;Alto HD 4K;N/A;Tastemade;N/A;Variedades;Si
Colombia;DGO;Alto HD 4K;N/A;Tastemade Viajes;N/A;Variedades;Si
Colombia;DGO;Alto HD 4K;N/A;TBS Very Funny;N/A;Variedades;Si
Colombia;DGO;Alto HD 4K;N/A;TCM;N/A;Cine;No
Colombia;DGO;Alto HD 4K;N/A;Telemundo Internacional;N/A;Variedades;Si
Colombia;DGO;Alto HD 4K;N/A;Discovery Travel & Living Channel (TLC);N/A;Variedades;No
Colombia;DGO;Alto HD 4K;N/A;TNT HD;N/A;Cine;Si
Colombia;DGO;Alto HD 4K;N/A;TNT Novelas;N/A;Variedades;No
Colombia;DGO;Alto HD 4K;N/A;TNT Series HD;N/A;Cine;Si
Colombia;DGO;Alto HD 4K;N/A;truTV;N/A;Variedades;Si
Colombia;DGO;Alto HD 4K;N/A;TCM;N/A;Cine;Si
Colombia;DGO;Alto HD 4K;N/A;TV Cortos;N/A;Cine;Si
Colombia;DGO;Alto HD 4K;N/A;TV Universal HD;N/A;Deportes;Si
Colombia;DGO;Alto HD 4K;N/A;TyC Sports;N/A;Deportes;No
Colombia;DGO;Alto HD 4K;N/A;TyC Sports Fan;N/A;Deportes;Si
Colombia;DGO;Alto HD 4K;N/A;Warner Channel HD;N/A;Variedades;Si
Colombia;DGO;Alto HD 4K;N/A;Win Premium;N/A;Deportes;Si
Colombia;DGO;Alto HD 4K;N/A;Win Sports HD;N/A;Deportes;Si
Colombia;DGO;Alto SD;N/A;A&E;N/A;Variedades;Si
Colombia;DGO;Alto SD;N/A;Atres Cine;N/A;Cine;No
Colombia;DGO;Alto SD;N/A;AMC;N/A;Variedades;Si
Colombia;DGO;Alto SD;N/A;Animal Planet HD;N/A;Mundo;Si
Colombia;DGO;Alto SD;N/A;Antena 3 HD;N/A;Mundo;Si
Colombia;DGO;Alto SD;N/A;Atres Series HD;N/A;Cine;Si
Colombia;DGO;Alto SD;N/A;AXN;N/A;Variedades;Si
Colombia;DGO;Alto SD;N/A;Azteca Internacional;N/A;Variedades;Si
Colombia;DGO;Alto SD;N/A;BabyTV HD;N/A;Infantil;No
Colombia;DGO;Alto SD;N/A;Bloomberg;N/A;Mundo;Si
Colombia;DGO;Alto SD;N/A;Boomerang;N/A;Infantil;Si
Colombia;DGO;Alto SD;N/A;Canal UNO;N/A;Nacional;Si
Colombia;DGO;Alto SD;N/A;Caracol Mix;N/A;Variedades;Si
Colombia;DGO;Alto SD;N/A;Caracol TV;N/A;Nacional;Si
Colombia;DGO;Alto SD;N/A;Cartoon Network HD;N/A;Infantil;Si
Colombia;DGO;Alto SD;N/A;Cartoonito;N/A;Infantil;No
Colombia;DGO;Alto SD;N/A;CGTN Español;N/A;Mundo;Si
Colombia;DGO;Alto SD;N/A;Cinecanal Andes;N/A;Cine;Si
Colombia;DGO;Alto SD;N/A;Cinelatino;N/A;Cine;Si
Colombia;DGO;Alto SD;N/A;Cinema;N/A;Cine;Si
Colombia;DGO;Alto SD;N/A;Cinemax HD;N/A;Cine;Si
Colombia;DGO;Alto SD;N/A;City TV;N/A;Nacional;Si
Colombia;DGO;Alto SD;N/A;Clic;N/A;Variedades;Si
Colombia;DGO;Alto SD;N/A;CNN International;N/A;Mundo;Si
Colombia;DGO;Alto SD;N/A;CNN en Español;N/A;Mundo;Si
Colombia;DGO;Alto SD;N/A;Comedy Central HD;N/A;Variedades;Si
Colombia;DGO;Alto SD;N/A;Corazón;N/A;Variedades;Si
Colombia;DGO;Alto SD;N/A;Daystar Español;N/A;Mundo;No
Colombia;DGO;Alto SD;N/A;DIRECTV Eventos 1;N/A;Occasional SSLA;Si
Colombia;DGO;Alto SD;N/A;DIRECTV Eventos 2;N/A;Occasional SSLA;Si
Colombia;DGO;Alto SD;N/A;DIRECTV Eventos 3;N/A;Occasional SSLA;Si
Colombia;DGO;Alto SD;N/A;DIRECTV Eventos 4;N/A;Occasional SSLA;Si
Colombia;DGO;Alto SD;N/A;DIRECTV Eventos 5;N/A;Occasional SSLA;Si
Colombia;DGO;Alto SD;N/A;DIRECTV Eventos 6;N/A;Occasional SSLA;Si
Colombia;DGO;Alto SD;N/A;DIRECTV Eventos 7;N/A;Occasional SSLA;Si
Colombia;DGO;Alto SD;N/A;Dsports Colombia;N/A;Deportes;Si
Colombia;DGO;Alto SD;N/A;DSports 2 HD;N/A;Deportes;Si
Colombia;DGO;Alto SD;N/A;DSports Fight;N/A;Deportes;Si
Colombia;DGO;Alto SD;N/A;DSports Plus;N/A;Deportes;Si
Colombia;DGO;Alto SD;N/A;Discovery Channel HD;N/A;Mundo;Si
Colombia;DGO;Alto SD;N/A;Discovery Home & Health;N/A;Variedades;Si
Colombia;DGO;Alto SD;N/A;Investigation Discovery (ID) HD;N/A;Variedades;Si
Colombia;DGO;Alto SD;N/A;Discovery Kids HD;N/A;Infantil;Si
Colombia;DGO;Alto SD;N/A;Discovery Theater;N/A;Mundo;No
Colombia;DGO;Alto SD;N/A;Discovery Travel & Living Channel (TLC) HD;N/A;Mundo;Si
Colombia;DGO;Alto SD;N/A;Discovery Turbo;N/A;Mundo;Si
Colombia;DGO;Alto SD;N/A;Discovery World;N/A;Mundo;No
Colombia;DGO;Alto SD;N/A;Disney Multicountry;N/A;Infantil;Si
Colombia;DGO;Alto SD;N/A;Disney Junior Sur;N/A;Infantil;Si
Colombia;DGO;Alto SD;N/A;DNews;N/A;Mundo;No
Colombia;DGO;Alto SD;N/A;DShow;N/A;Variedades;No
Colombia;DGO;Alto SD;N/A;DSports Radio;N/A;Deportes;No
Colombia;DGO;Alto SD;N/A;E! Entertainment México;N/A;Variedades;Si
Colombia;DGO;Alto SD;N/A;Edye;N/A;Infantil;Si
Colombia;DGO;Alto SD;N/A;El Gourmet;N/A;Variedades;Si
Colombia;DGO;Alto SD;N/A;El Reino Infantil;N/A;Infantil;Si
Colombia;DGO;Alto SD;N/A;El Tiempo TV;N/A;Nacional;Si
Colombia;DGO;Alto SD;N/A;ESPN 2 Latin Andina HD;N/A;Deportes;Si
Colombia;DGO;Alto SD;N/A;ESPN 3;N/A;Deportes;Si
Colombia;DGO;Alto SD;N/A;ESPN 4;N/A;Deportes;No
Colombia;DGO;Alto SD;N/A;ESPN Colombia HD;N/A;Deportes;Si
Colombia;DGO;Alto SD;N/A;ESPN Extra;N/A;Deportes;No
Colombia;DGO;Alto SD;N/A;Food Network HD;N/A;Variedades;Si
Colombia;DGO;Alto SD;N/A;Fox News;N/A;Mundo;Si
Colombia;DGO;Alto SD;N/A;Fox Sports Sur;N/A;Deportes;Si
Colombia;DGO;Alto SD;N/A;Fox Sports Sur 2;N/A;Deportes;Si
Colombia;DGO;Alto SD;N/A;Fox Sports 3;N/A;Deportes;Si
Colombia;DGO;Alto SD;N/A;France 24 Español;N/A;Mundo;Si
Colombia;DGO;Alto SD;N/A;FreeTV Acción;N/A;Cine;Si
Colombia;DGO;Alto SD;N/A;FreeTV Drama;N/A;Cine;Si
Colombia;DGO;Alto SD;N/A;FreeTV Estelar;N/A;Cine;Si
Colombia;DGO;Alto SD;N/A;FreeTV Familia;N/A;Cine;Si
Colombia;DGO;Alto SD;N/A;FreeTV Hits;N/A;Cine;Si
Colombia;DGO;Alto SD;N/A;FreeTV Terror;N/A;Cine;Si
Colombia;DGO;Alto SD;N/A;FX Colombia HD;N/A;Variedades;Si
Colombia;DGO;Alto SD;N/A;Glitz;N/A;Variedades;Si
Colombia;DGO;Alto SD;N/A;Golf Channel HD;N/A;Deportes;Si
Colombia;DGO;Alto SD;N/A;Gran Hermano;N/A;Variedades;No
Colombia;DGO;Alto SD;N/A;HBO;N/A;Cine;No
Colombia;DGO;Alto SD;N/A;HBO 2;N/A;Cine;No
Colombia;DGO;Alto SD;N/A;HBO Family;N/A;Cine;No
Colombia;DGO;Alto SD;N/A;HBO Plus HD;N/A;Cine;No
Colombia;DGO;Alto SD;N/A;HBO Signature;N/A;Cine;No
Colombia;DGO;Alto SD;N/A;HGTV;N/A;Variedades;No
Colombia;DGO;Alto SD;N/A;History 2 HD;N/A;Mundo;Si
Colombia;DGO;Alto SD;N/A;History HD;N/A;Mundo;Si
Colombia;DGO;Alto SD;N/A;Hola TV HD;N/A;Variedades;Si
Colombia;DGO;Alto SD;N/A;HTV;N/A;Variedades;Si
Colombia;DGO;Alto SD;N/A;ISAT;N/A;Cine;Si
Colombia;DGO;Alto SD;N/A;Lifetime HD;N/A;Variedades;Si
Colombia;DGO;Alto SD;N/A;Más Chic;N/A;Variedades;Si
Colombia;DGO;Alto SD;N/A;Mega Noticias;N/A;Mundo;Si
Colombia;DGO;Alto SD;N/A;Mega Tiempo;N/A;Mundo;Si
Colombia;DGO;Alto SD;N/A;Mórbido TV;N/A;Cine;Si
Colombia;DGO;Alto SD;N/A;MTV HD;N/A;Variedades;Si
Colombia;DGO;Alto SD;N/A;National Geographic Latam HD;N/A;Mundo;Si
Colombia;DGO;Alto SD;N/A;Newsmax TV;N/A;Nacional;Si
Colombia;DGO;Alto SD;N/A;Nick Jr. HD;N/A;Infantil;Si
Colombia;DGO;Alto SD;N/A;Nickelodeon HD;N/A;Infantil;Si
Colombia;DGO;Alto SD;N/A;NTN 24;N/A;Nacional;Si
Colombia;DGO;Alto SD;N/A;OnDIRECTV;N/A;Cine;Si
Colombia;DGO;Alto SD;N/A;Plim Plim;N/A;Infantil;Si
Colombia;DGO;Alto SD;N/A;Rai Italia;N/A;Mundo;Si
Colombia;DGO;Alto SD;N/A;RCN HD;N/A;Nacional;Si
Colombia;DGO;Alto SD;N/A;RCN Más;N/A;Variedades;Si
Colombia;DGO;Alto SD;N/A;RCN Noticias;N/A;Mundo;Si
Colombia;DGO;Alto SD;N/A;Sony;N/A;Cine;Si
Colombia;DGO;Alto SD;N/A;Sony Movies;N/A;Cine;No
Colombia;DGO;Alto SD;N/A;Space Andes;N/A;Cine;Si
Colombia;DGO;Alto SD;N/A;Star Channel;N/A;Cine;Si
Colombia;DGO;Alto SD;N/A;Studio Universal HD;N/A;Cine;Si
Colombia;DGO;Alto SD;N/A;SyFy HD;N/A;Variedades;Si
Colombia;DGO;Alto SD;N/A;Tastemade;N/A;Variedades;Si
Colombia;DGO;Alto SD;N/A;Tastemade Viajes;N/A;Variedades;Si
Colombia;DGO;Alto SD;N/A;TBS Very Funny;N/A;Variedades;Si
Colombia;DGO;Alto SD;N/A;TCM;N/A;Cine;No
Colombia;DGO;Alto SD;N/A;Telemundo Internacional;N/A;Variedades;Si
Colombia;DGO;Alto SD;N/A;Discovery Travel & Living Channel (TLC);N/A;Variedades;No
Colombia;DGO;Alto SD;N/A;TNT HD;N/A;Cine;Si
Colombia;DGO;Alto SD;N/A;TNT Novelas;N/A;Variedades;No
Colombia;DGO;Alto SD;N/A;TNT Series HD;N/A;Cine;Si
Colombia;DGO;Alto SD;N/A;truTV;N/A;Variedades;Si
Colombia;DGO;Alto SD;N/A;TCM;N/A;Cine;Si
Colombia;DGO;Alto SD;N/A;TV Cortos;N/A;Cine;No
Colombia;DGO;Alto SD;N/A;TV Universal HD;N/A;Deportes;Si
Colombia;DGO;Alto SD;N/A;TyC Sports;N/A;Deportes;No
Colombia;DGO;Alto SD;N/A;TyC Sports Fan;N/A;Deportes;Si
Colombia;DGO;Alto SD;N/A;Warner Channel HD;N/A;Variedades;Si
Colombia;DGO;Alto SD;N/A;Win Premium;N/A;Deportes;No
Colombia;DGO;Alto SD;N/A;Win Sports HD;N/A;Deportes;Si
Colombia;DGO;Medio;N/A;A&E;N/A;Variedades;Si
Colombia;DGO;Medio;N/A;Atres Cine;N/A;Cine;No
Colombia;DGO;Medio;N/A;AMC;N/A;Variedades;Si
Colombia;DGO;Medio;N/A;Animal Planet HD;N/A;Mundo;Si
Colombia;DGO;Medio;N/A;Antena 3 HD;N/A;Mundo;Si
Colombia;DGO;Medio;N/A;Atres Series HD;N/A;Cine;Si
Colombia;DGO;Medio;N/A;AXN;N/A;Variedades;Si
Colombia;DGO;Medio;N/A;Azteca Internacional;N/A;Variedades;Si
Colombia;DGO;Medio;N/A;BabyTV HD;N/A;Infantil;No
Colombia;DGO;Medio;N/A;Bloomberg;N/A;Mundo;No
Colombia;DGO;Medio;N/A;Boomerang;N/A;Infantil;Si
Colombia;DGO;Medio;N/A;Canal UNO;N/A;Nacional;Si
Colombia;DGO;Medio;N/A;Caracol Mix;N/A;Variedades;Si
Colombia;DGO;Medio;N/A;Caracol TV;N/A;Nacional;Si
Colombia;DGO;Medio;N/A;Cartoon Network HD;N/A;Infantil;Si
Colombia;DGO;Medio;N/A;Cartoonito;N/A;Infantil;No
Colombia;DGO;Medio;N/A;CGTN Español;N/A;Mundo;Si
Colombia;DGO;Medio;N/A;Cinecanal Andes;N/A;Cine;Si
Colombia;DGO;Medio;N/A;Cinelatino;N/A;Cine;Si
Colombia;DGO;Medio;N/A;Cinema;N/A;Cine;Si
Colombia;DGO;Medio;N/A;Cinemax HD;N/A;Cine;Si
Colombia;DGO;Medio;N/A;City TV;N/A;Nacional;Si
Colombia;DGO;Medio;N/A;Clic;N/A;Variedades;Si
Colombia;DGO;Medio;N/A;CNN International;N/A;Mundo;No
Colombia;DGO;Medio;N/A;CNN en Español;N/A;Mundo;Si
Colombia;DGO;Medio;N/A;Comedy Central HD;N/A;Variedades;Si
Colombia;DGO;Medio;N/A;Corazón;N/A;Variedades;Si
Colombia;DGO;Medio;N/A;Daystar Español;N/A;Mundo;No
Colombia;DGO;Medio;N/A;DIRECTV Eventos 1;N/A;Occasional SSLA;Si
Colombia;DGO;Medio;N/A;DIRECTV Eventos 2;N/A;Occasional SSLA;Si
Colombia;DGO;Medio;N/A;DIRECTV Eventos 3;N/A;Occasional SSLA;Si
Colombia;DGO;Medio;N/A;DIRECTV Eventos 4;N/A;Occasional SSLA;Si
Colombia;DGO;Medio;N/A;DIRECTV Eventos 5;N/A;Occasional SSLA;Si
Colombia;DGO;Medio;N/A;DIRECTV Eventos 6;N/A;Occasional SSLA;Si
Colombia;DGO;Medio;N/A;DIRECTV Eventos 7;N/A;Occasional SSLA;Si
Colombia;DGO;Medio;N/A;Dsports Colombia;N/A;Deportes;Si
Colombia;DGO;Medio;N/A;DSports 2 HD;N/A;Deportes;Si
Colombia;DGO;Medio;N/A;DSports Fight;N/A;Deportes;Si
Colombia;DGO;Medio;N/A;DSports Plus;N/A;Deportes;Si
Colombia;DGO;Medio;N/A;Discovery Channel HD;N/A;Mundo;Si
Colombia;DGO;Medio;N/A;Discovery Home & Health;N/A;Variedades;Si
Colombia;DGO;Medio;N/A;Investigation Discovery (ID) HD;N/A;Variedades;Si
Colombia;DGO;Medio;N/A;Discovery Kids HD;N/A;Infantil;Si
Colombia;DGO;Medio;N/A;Discovery Theater;N/A;Mundo;No
Colombia;DGO;Medio;N/A;Discovery Travel & Living Channel (TLC) HD;N/A;Mundo;Si
Colombia;DGO;Medio;N/A;Discovery Turbo;N/A;Mundo;No
Colombia;DGO;Medio;N/A;Discovery World;N/A;Mundo;No
Colombia;DGO;Medio;N/A;Disney Multicountry;N/A;Infantil;Si
Colombia;DGO;Medio;N/A;Disney Junior Sur;N/A;Infantil;Si
Colombia;DGO;Medio;N/A;DNews;N/A;Mundo;No
Colombia;DGO;Medio;N/A;DShow;N/A;Variedades;No
Colombia;DGO;Medio;N/A;DSports Radio;N/A;Deportes;No
Colombia;DGO;Medio;N/A;E! Entertainment México;N/A;Variedades;Si
Colombia;DGO;Medio;N/A;Edye;N/A;Infantil;Si
Colombia;DGO;Medio;N/A;El Gourmet;N/A;Variedades;Si
Colombia;DGO;Medio;N/A;El Reino Infantil;N/A;Infantil;No
Colombia;DGO;Medio;N/A;El Tiempo TV;N/A;Nacional;Si
Colombia;DGO;Medio;N/A;ESPN 2 Latin Andina HD;N/A;Deportes;Si
Colombia;DGO;Medio;N/A;ESPN 3;N/A;Deportes;Si
Colombia;DGO;Medio;N/A;ESPN 4;N/A;Deportes;No
Colombia;DGO;Medio;N/A;ESPN Colombia HD;N/A;Deportes;Si
Colombia;DGO;Medio;N/A;ESPN Extra;N/A;Deportes;No
Colombia;DGO;Medio;N/A;Food Network HD;N/A;Variedades;Si
Colombia;DGO;Medio;N/A;Fox News;N/A;Mundo;Si
Colombia;DGO;Medio;N/A;Fox Sports Sur;N/A;Deportes;Si
Colombia;DGO;Medio;N/A;Fox Sports Sur 2;N/A;Deportes;Si
Colombia;DGO;Medio;N/A;Fox Sports 3;N/A;Deportes;Si
Colombia;DGO;Medio;N/A;France 24 Español;N/A;Mundo;No
Colombia;DGO;Medio;N/A;FreeTV Acción;N/A;Cine;Si
Colombia;DGO;Medio;N/A;FreeTV Drama;N/A;Cine;Si
Colombia;DGO;Medio;N/A;FreeTV Estelar;N/A;Cine;Si
Colombia;DGO;Medio;N/A;FreeTV Familia;N/A;Cine;Si
Colombia;DGO;Medio;N/A;FreeTV Hits;N/A;Cine;Si
Colombia;DGO;Medio;N/A;FreeTV Terror;N/A;Cine;Si
Colombia;DGO;Medio;N/A;FX Colombia HD;N/A;Variedades;Si
Colombia;DGO;Medio;N/A;Glitz;N/A;Variedades;Si
Colombia;DGO;Medio;N/A;Golf Channel HD;N/A;Deportes;No
Colombia;DGO;Medio;N/A;Gran Hermano;N/A;Variedades;No
Colombia;DGO;Medio;N/A;HBO;N/A;Cine;No
Colombia;DGO;Medio;N/A;HBO 2;N/A;Cine;No
Colombia;DGO;Medio;N/A;HBO Family;N/A;Cine;No
Colombia;DGO;Medio;N/A;HBO Plus HD;N/A;Cine;No
Colombia;DGO;Medio;N/A;HBO Signature;N/A;Cine;No
Colombia;DGO;Medio;N/A;HGTV;N/A;Variedades;No
Colombia;DGO;Medio;N/A;History 2 HD;N/A;Mundo;Si
Colombia;DGO;Medio;N/A;History HD;N/A;Mundo;Si
Colombia;DGO;Medio;N/A;Hola TV HD;N/A;Variedades;Si
Colombia;DGO;Medio;N/A;HTV;N/A;Variedades;Si
Colombia;DGO;Medio;N/A;ISAT;N/A;Cine;No
Colombia;DGO;Medio;N/A;Lifetime HD;N/A;Variedades;Si
Colombia;DGO;Medio;N/A;Más Chic;N/A;Variedades;Si
Colombia;DGO;Medio;N/A;Mega Noticias;N/A;Mundo;Si
Colombia;DGO;Medio;N/A;Mega Tiempo;N/A;Mundo;Si
Colombia;DGO;Medio;N/A;Mórbido TV;N/A;Cine;No
Colombia;DGO;Medio;N/A;MTV HD;N/A;Variedades;Si
Colombia;DGO;Medio;N/A;National Geographic Latam HD;N/A;Mundo;Si
Colombia;DGO;Medio;N/A;Newsmax TV;N/A;Nacional;Si
Colombia;DGO;Medio;N/A;Nick Jr. HD;N/A;Infantil;Si
Colombia;DGO;Medio;N/A;Nickelodeon HD;N/A;Infantil;Si
Colombia;DGO;Medio;N/A;NTN 24;N/A;Nacional;Si
Colombia;DGO;Medio;N/A;OnDIRECTV;N/A;Cine;Si
Colombia;DGO;Medio;N/A;Plim Plim;N/A;Infantil;No
Colombia;DGO;Medio;N/A;Rai Italia;N/A;Mundo;No
Colombia;DGO;Medio;N/A;RCN HD;N/A;Nacional;Si
Colombia;DGO;Medio;N/A;RCN Más;N/A;Variedades;Si
Colombia;DGO;Medio;N/A;RCN Noticias;N/A;Mundo;Si
Colombia;DGO;Medio;N/A;Sony;N/A;Cine;Si
Colombia;DGO;Medio;N/A;Sony Movies;N/A;Cine;No
Colombia;DGO;Medio;N/A;Space Andes;N/A;Cine;Si
Colombia;DGO;Medio;N/A;Star Channel;N/A;Cine;Si
Colombia;DGO;Medio;N/A;Studio Universal HD;N/A;Cine;Si
Colombia;DGO;Medio;N/A;SyFy HD;N/A;Variedades;No
Colombia;DGO;Medio;N/A;Tastemade;N/A;Variedades;Si
Colombia;DGO;Medio;N/A;Tastemade Viajes;N/A;Variedades;Si
Colombia;DGO;Medio;N/A;TBS Very Funny;N/A;Variedades;Si
Colombia;DGO;Medio;N/A;TCM;N/A;Cine;No
Colombia;DGO;Medio;N/A;Telemundo Internacional;N/A;Variedades;Si
Colombia;DGO;Medio;N/A;Discovery Travel & Living Channel (TLC);N/A;Variedades;No
Colombia;DGO;Medio;N/A;TNT HD;N/A;Cine;Si
Colombia;DGO;Medio;N/A;TNT Novelas;N/A;Variedades;No
Colombia;DGO;Medio;N/A;TNT Series HD;N/A;Cine;Si
Colombia;DGO;Medio;N/A;truTV;N/A;Variedades;No
Colombia;DGO;Medio;N/A;TCM;N/A;Cine;Si
Colombia;DGO;Medio;N/A;TV Cortos;N/A;Cine;No
Colombia;DGO;Medio;N/A;TV Universal HD;N/A;Deportes;Si
Colombia;DGO;Medio;N/A;TyC Sports;N/A;Deportes;No
Colombia;DGO;Medio;N/A;TyC Sports Fan;N/A;Deportes;Si
Colombia;DGO;Medio;N/A;Warner Channel HD;N/A;Variedades;Si
Colombia;DGO;Medio;N/A;Win Premium;N/A;Deportes;No
Colombia;DGO;Medio;N/A;Win Sports HD;N/A;Deportes;Si
Colombia;DGO;Bajo;N/A;A&E;N/A;Variedades;Si
Colombia;DGO;Bajo;N/A;Atres Cine;N/A;Cine;No
Colombia;DGO;Bajo;N/A;AMC;N/A;Variedades;No
Colombia;DGO;Bajo;N/A;Animal Planet HD;N/A;Mundo;No
Colombia;DGO;Bajo;N/A;Antena 3 HD;N/A;Mundo;No
Colombia;DGO;Bajo;N/A;Atres Series HD;N/A;Cine;No
Colombia;DGO;Bajo;N/A;AXN;N/A;Variedades;No
Colombia;DGO;Bajo;N/A;Azteca Internacional;N/A;Variedades;Si
Colombia;DGO;Bajo;N/A;BabyTV HD;N/A;Infantil;No
Colombia;DGO;Bajo;N/A;Bloomberg;N/A;Mundo;No
Colombia;DGO;Bajo;N/A;Boomerang;N/A;Infantil;No
Colombia;DGO;Bajo;N/A;Canal UNO;N/A;Nacional;Si
Colombia;DGO;Bajo;N/A;Caracol Mix;N/A;Variedades;Si
Colombia;DGO;Bajo;N/A;Caracol TV;N/A;Nacional;Si
Colombia;DGO;Bajo;N/A;Cartoon Network HD;N/A;Infantil;Si
Colombia;DGO;Bajo;N/A;Cartoonito;N/A;Infantil;No
Colombia;DGO;Bajo;N/A;CGTN Español;N/A;Mundo;Si
Colombia;DGO;Bajo;N/A;Cinecanal Andes;N/A;Cine;Si
Colombia;DGO;Bajo;N/A;Cinelatino;N/A;Cine;Si
Colombia;DGO;Bajo;N/A;Cinema;N/A;Cine;Si
Colombia;DGO;Bajo;N/A;Cinemax HD;N/A;Cine;No
Colombia;DGO;Bajo;N/A;City TV;N/A;Nacional;Si
Colombia;DGO;Bajo;N/A;Clic;N/A;Variedades;Si
Colombia;DGO;Bajo;N/A;CNN International;N/A;Mundo;No
Colombia;DGO;Bajo;N/A;CNN en Español;N/A;Mundo;Si
Colombia;DGO;Bajo;N/A;Comedy Central HD;N/A;Variedades;No
Colombia;DGO;Bajo;N/A;Corazón;N/A;Variedades;Si
Colombia;DGO;Bajo;N/A;Daystar Español;N/A;Mundo;No
Colombia;DGO;Bajo;N/A;DIRECTV Eventos 1;N/A;Occasional SSLA;Si
Colombia;DGO;Bajo;N/A;DIRECTV Eventos 2;N/A;Occasional SSLA;Si
Colombia;DGO;Bajo;N/A;DIRECTV Eventos 3;N/A;Occasional SSLA;Si
Colombia;DGO;Bajo;N/A;DIRECTV Eventos 4;N/A;Occasional SSLA;Si
Colombia;DGO;Bajo;N/A;DIRECTV Eventos 5;N/A;Occasional SSLA;Si
Colombia;DGO;Bajo;N/A;DIRECTV Eventos 6;N/A;Occasional SSLA;Si
Colombia;DGO;Bajo;N/A;DIRECTV Eventos 7;N/A;Occasional SSLA;Si
Colombia;DGO;Bajo;N/A;Dsports Colombia;N/A;Deportes;Si
Colombia;DGO;Bajo;N/A;DSports 2 HD;N/A;Deportes;Si
Colombia;DGO;Bajo;N/A;DSports Fight;N/A;Deportes;Si
Colombia;DGO;Bajo;N/A;DSports Plus;N/A;Deportes;Si
Colombia;DGO;Bajo;N/A;Discovery Channel HD;N/A;Mundo;Si
Colombia;DGO;Bajo;N/A;Discovery Home & Health;N/A;Variedades;Si
Colombia;DGO;Bajo;N/A;Investigation Discovery (ID) HD;N/A;Variedades;Si
Colombia;DGO;Bajo;N/A;Discovery Kids HD;N/A;Infantil;Si
Colombia;DGO;Bajo;N/A;Discovery Theater;N/A;Mundo;No
Colombia;DGO;Bajo;N/A;Discovery Travel & Living Channel (TLC) HD;N/A;Mundo;No
Colombia;DGO;Bajo;N/A;Discovery Turbo;N/A;Mundo;No
Colombia;DGO;Bajo;N/A;Discovery World;N/A;Mundo;No
Colombia;DGO;Bajo;N/A;Disney Multicountry;N/A;Infantil;Si
Colombia;DGO;Bajo;N/A;Disney Junior Sur;N/A;Infantil;Si
Colombia;DGO;Bajo;N/A;DNews;N/A;Mundo;No
Colombia;DGO;Bajo;N/A;DShow;N/A;Variedades;No
Colombia;DGO;Bajo;N/A;DSports Radio;N/A;Deportes;No
Colombia;DGO;Bajo;N/A;E! Entertainment México;N/A;Variedades;Si
Colombia;DGO;Bajo;N/A;Edye;N/A;Infantil;Si
Colombia;DGO;Bajo;N/A;El Gourmet;N/A;Variedades;Si
Colombia;DGO;Bajo;N/A;El Reino Infantil;N/A;Infantil;No
Colombia;DGO;Bajo;N/A;El Tiempo TV;N/A;Nacional;Si
Colombia;DGO;Bajo;N/A;ESPN 2 Latin Andina HD;N/A;Deportes;Si
Colombia;DGO;Bajo;N/A;ESPN 3;N/A;Deportes;Si
Colombia;DGO;Bajo;N/A;ESPN 4;N/A;Deportes;No
Colombia;DGO;Bajo;N/A;ESPN Colombia HD;N/A;Deportes;Si
Colombia;DGO;Bajo;N/A;ESPN Extra;N/A;Deportes;No
Colombia;DGO;Bajo;N/A;Food Network HD;N/A;Variedades;No
Colombia;DGO;Bajo;N/A;Fox News;N/A;Mundo;Si
Colombia;DGO;Bajo;N/A;Fox Sports Sur;N/A;Deportes;Si
Colombia;DGO;Bajo;N/A;Fox Sports Sur 2;N/A;Deportes;Si
Colombia;DGO;Bajo;N/A;Fox Sports 3;N/A;Deportes;Si
Colombia;DGO;Bajo;N/A;France 24 Español;N/A;Mundo;No
Colombia;DGO;Bajo;N/A;FreeTV Acción;N/A;Cine;Si
Colombia;DGO;Bajo;N/A;FreeTV Drama;N/A;Cine;Si
Colombia;DGO;Bajo;N/A;FreeTV Estelar;N/A;Cine;Si
Colombia;DGO;Bajo;N/A;FreeTV Familia;N/A;Cine;Si
Colombia;DGO;Bajo;N/A;FreeTV Hits;N/A;Cine;Si
Colombia;DGO;Bajo;N/A;FreeTV Terror;N/A;Cine;Si
Colombia;DGO;Bajo;N/A;FX Colombia HD;N/A;Variedades;Si
Colombia;DGO;Bajo;N/A;Glitz;N/A;Variedades;No
Colombia;DGO;Bajo;N/A;Golf Channel HD;N/A;Deportes;No
Colombia;DGO;Bajo;N/A;Gran Hermano;N/A;Variedades;No
Colombia;DGO;Bajo;N/A;HBO;N/A;Cine;No
Colombia;DGO;Bajo;N/A;HBO 2;N/A;Cine;No
Colombia;DGO;Bajo;N/A;HBO Family;N/A;Cine;No
Colombia;DGO;Bajo;N/A;HBO Plus HD;N/A;Cine;No
Colombia;DGO;Bajo;N/A;HBO Signature;N/A;Cine;No
Colombia;DGO;Bajo;N/A;HGTV;N/A;Variedades;No
Colombia;DGO;Bajo;N/A;History 2 HD;N/A;Mundo;No
Colombia;DGO;Bajo;N/A;History HD;N/A;Mundo;No
Colombia;DGO;Bajo;N/A;Hola TV HD;N/A;Variedades;Si
Colombia;DGO;Bajo;N/A;HTV;N/A;Variedades;Si
Colombia;DGO;Bajo;N/A;ISAT;N/A;Cine;No
Colombia;DGO;Bajo;N/A;Lifetime HD;N/A;Variedades;No
Colombia;DGO;Bajo;N/A;Más Chic;N/A;Variedades;Si
Colombia;DGO;Bajo;N/A;Mega Noticias;N/A;Mundo;Si
Colombia;DGO;Bajo;N/A;Mega Tiempo;N/A;Mundo;Si
Colombia;DGO;Bajo;N/A;Mórbido TV;N/A;Cine;No
Colombia;DGO;Bajo;N/A;MTV HD;N/A;Variedades;Si
Colombia;DGO;Bajo;N/A;National Geographic Latam HD;N/A;Mundo;Si
Colombia;DGO;Bajo;N/A;Newsmax TV;N/A;Nacional;Si
Colombia;DGO;Bajo;N/A;Nick Jr. HD;N/A;Infantil;Si
Colombia;DGO;Bajo;N/A;Nickelodeon HD;N/A;Infantil;Si
Colombia;DGO;Bajo;N/A;NTN 24;N/A;Nacional;Si
Colombia;DGO;Bajo;N/A;OnDIRECTV;N/A;Cine;Si
Colombia;DGO;Bajo;N/A;Plim Plim;N/A;Infantil;No
Colombia;DGO;Bajo;N/A;Rai Italia;N/A;Mundo;No
Colombia;DGO;Bajo;N/A;RCN HD;N/A;Nacional;Si
Colombia;DGO;Bajo;N/A;RCN Más;N/A;Variedades;Si
Colombia;DGO;Bajo;N/A;RCN Noticias;N/A;Mundo;Si
Colombia;DGO;Bajo;N/A;Sony;N/A;Cine;Si
Colombia;DGO;Bajo;N/A;Sony Movies;N/A;Cine;No
Colombia;DGO;Bajo;N/A;Space Andes;N/A;Cine;Si
Colombia;DGO;Bajo;N/A;Star Channel;N/A;Cine;Si
Colombia;DGO;Bajo;N/A;Studio Universal HD;N/A;Cine;Si
Colombia;DGO;Bajo;N/A;SyFy HD;N/A;Variedades;No
Colombia;DGO;Bajo;N/A;Tastemade;N/A;Variedades;Si
Colombia;DGO;Bajo;N/A;Tastemade Viajes;N/A;Variedades;Si
Colombia;DGO;Bajo;N/A;TBS Very Funny;N/A;Variedades;No
Colombia;DGO;Bajo;N/A;TCM;N/A;Cine;No
Colombia;DGO;Bajo;N/A;Telemundo Internacional;N/A;Variedades;Si
Colombia;DGO;Bajo;N/A;Discovery Travel & Living Channel (TLC);N/A;Variedades;No
Colombia;DGO;Bajo;N/A;TNT HD;N/A;Cine;Si
Colombia;DGO;Bajo;N/A;TNT Novelas;N/A;Variedades;No
Colombia;DGO;Bajo;N/A;TNT Series HD;N/A;Cine;No
Colombia;DGO;Bajo;N/A;truTV;N/A;Variedades;No
Colombia;DGO;Bajo;N/A;TCM;N/A;Cine;No
Colombia;DGO;Bajo;N/A;TV Cortos;N/A;Cine;No
Colombia;DGO;Bajo;N/A;TV Universal HD;N/A;Deportes;Si
Colombia;DGO;Bajo;N/A;TyC Sports;N/A;Deportes;No
Colombia;DGO;Bajo;N/A;TyC Sports Fan;N/A;Deportes;Si
Colombia;DGO;Bajo;N/A;Warner Channel HD;N/A;Variedades;Si
Colombia;DGO;Bajo;N/A;Win Premium;N/A;Deportes;No
Colombia;DGO;Bajo;N/A;Win Sports HD;N/A;Deportes;Si
Colombia;DGO;Base;N/A;A&E;N/A;Variedades;Si
Colombia;DGO;Base;N/A;Atres Cine;N/A;Cine;Si
Colombia;DGO;Base;N/A;AMC;N/A;Variedades;Si
Colombia;DGO;Base;N/A;Animal Planet HD;N/A;Mundo;Si
Colombia;DGO;Base;N/A;Antena 3 HD;N/A;Mundo;Si
Colombia;DGO;Base;N/A;Atres Series HD;N/A;Cine;Si
Colombia;DGO;Base;N/A;AXN;N/A;Variedades;Si
Colombia;DGO;Base;N/A;Azteca Internacional;N/A;Variedades;Si
Colombia;DGO;Base;N/A;BabyTV HD;N/A;Infantil;Si
Colombia;DGO;Base;N/A;Bloomberg;N/A;Mundo;Si
Colombia;DGO;Base;N/A;Boomerang;N/A;Infantil;Si
Colombia;DGO;Base;N/A;Canal UNO;N/A;Nacional;Si
Colombia;DGO;Base;N/A;Caracol Mix;N/A;Variedades;Si
Colombia;DGO;Base;N/A;Caracol TV;N/A;Nacional;Si
Colombia;DGO;Base;N/A;Cartoon Network HD;N/A;Infantil;Si
Colombia;DGO;Base;N/A;Cartoonito;N/A;Infantil;No
Colombia;DGO;Base;N/A;CGTN Español;N/A;Mundo;Si
Colombia;DGO;Base;N/A;Cinecanal Andes;N/A;Cine;Si
Colombia;DGO;Base;N/A;Cinelatino;N/A;Cine;Si
Colombia;DGO;Base;N/A;Cinema;N/A;Cine;Si
Colombia;DGO;Base;N/A;Cinemax HD;N/A;Cine;Si
Colombia;DGO;Base;N/A;City TV;N/A;Nacional;Si
Colombia;DGO;Base;N/A;Clic;N/A;Variedades;Si
Colombia;DGO;Base;N/A;CNN International;N/A;Mundo;Si
Colombia;DGO;Base;N/A;CNN en Español;N/A;Mundo;Si
Colombia;DGO;Base;N/A;Comedy Central HD;N/A;Variedades;Si
Colombia;DGO;Base;N/A;Corazón;N/A;Variedades;Si
Colombia;DGO;Base;N/A;Daystar Español;N/A;Mundo;No
Colombia;DGO;Base;N/A;DIRECTV Eventos 1;N/A;Occasional SSLA;Si
Colombia;DGO;Base;N/A;DIRECTV Eventos 2;N/A;Occasional SSLA;Si
Colombia;DGO;Base;N/A;DIRECTV Eventos 3;N/A;Occasional SSLA;Si
Colombia;DGO;Base;N/A;DIRECTV Eventos 4;N/A;Occasional SSLA;No
Colombia;DGO;Base;N/A;DIRECTV Eventos 5;N/A;Occasional SSLA;Si
Colombia;DGO;Base;N/A;DIRECTV Eventos 6;N/A;Occasional SSLA;Si
Colombia;DGO;Base;N/A;DIRECTV Eventos 7;N/A;Occasional SSLA;No
Colombia;DGO;Base;N/A;Dsports Colombia;N/A;Deportes;Si
Colombia;DGO;Base;N/A;DSports 2 HD;N/A;Deportes;Si
Colombia;DGO;Base;N/A;DSports Fight;N/A;Deportes;Si
Colombia;DGO;Base;N/A;DSports Plus;N/A;Deportes;Si
Colombia;DGO;Base;N/A;Discovery Channel HD;N/A;Mundo;Si
Colombia;DGO;Base;N/A;Discovery Home & Health;N/A;Variedades;Si
Colombia;DGO;Base;N/A;Investigation Discovery (ID) HD;N/A;Variedades;Si
Colombia;DGO;Base;N/A;Discovery Kids HD;N/A;Infantil;Si
Colombia;DGO;Base;N/A;Discovery Theater;N/A;Mundo;Si
Colombia;DGO;Base;N/A;Discovery Travel & Living Channel (TLC) HD;N/A;Mundo;Si
Colombia;DGO;Base;N/A;Discovery Turbo;N/A;Mundo;Si
Colombia;DGO;Base;N/A;Discovery World;N/A;Mundo;Si
Colombia;DGO;Base;N/A;Disney Multicountry;N/A;Infantil;Si
Colombia;DGO;Base;N/A;Disney Junior Sur;N/A;Infantil;Si
Colombia;DGO;Base;N/A;DNews;N/A;Mundo;No
Colombia;DGO;Base;N/A;DShow;N/A;Variedades;No
Colombia;DGO;Base;N/A;DSports Radio;N/A;Deportes;No
Colombia;DGO;Base;N/A;E! Entertainment México;N/A;Variedades;Si
Colombia;DGO;Base;N/A;Edye;N/A;Infantil;Si
Colombia;DGO;Base;N/A;El Gourmet;N/A;Variedades;Si
Colombia;DGO;Base;N/A;El Reino Infantil;N/A;Infantil;No
Colombia;DGO;Base;N/A;El Tiempo TV;N/A;Nacional;Si
Colombia;DGO;Base;N/A;ESPN 2 Latin Andina HD;N/A;Deportes;Si
Colombia;DGO;Base;N/A;ESPN 3;N/A;Deportes;Si
Colombia;DGO;Base;N/A;ESPN 4;N/A;Deportes;No
Colombia;DGO;Base;N/A;ESPN Colombia HD;N/A;Deportes;Si
Colombia;DGO;Base;N/A;ESPN Extra;N/A;Deportes;Si
Colombia;DGO;Base;N/A;Food Network HD;N/A;Variedades;Si
Colombia;DGO;Base;N/A;Fox News;N/A;Mundo;Si
Colombia;DGO;Base;N/A;Fox Sports Sur;N/A;Deportes;Si
Colombia;DGO;Base;N/A;Fox Sports Sur 2;N/A;Deportes;Si
Colombia;DGO;Base;N/A;Fox Sports 3;N/A;Deportes;Si
Colombia;DGO;Base;N/A;France 24 Español;N/A;Mundo;No
Colombia;DGO;Base;N/A;FreeTV Acción;N/A;Cine;Si
Colombia;DGO;Base;N/A;FreeTV Drama;N/A;Cine;Si
Colombia;DGO;Base;N/A;FreeTV Estelar;N/A;Cine;Si
Colombia;DGO;Base;N/A;FreeTV Familia;N/A;Cine;Si
Colombia;DGO;Base;N/A;FreeTV Hits;N/A;Cine;Si
Colombia;DGO;Base;N/A;FreeTV Terror;N/A;Cine;Si
Colombia;DGO;Base;N/A;FX Colombia HD;N/A;Variedades;Si
Colombia;DGO;Base;N/A;Glitz;N/A;Variedades;Si
Colombia;DGO;Base;N/A;Golf Channel HD;N/A;Deportes;Si
Colombia;DGO;Base;N/A;Gran Hermano;N/A;Variedades;No
Colombia;DGO;Base;N/A;HBO;N/A;Cine;No
Colombia;DGO;Base;N/A;HBO 2;N/A;Cine;No
Colombia;DGO;Base;N/A;HBO Family;N/A;Cine;No
Colombia;DGO;Base;N/A;HBO Plus HD;N/A;Cine;No
Colombia;DGO;Base;N/A;HBO Signature;N/A;Cine;No
Colombia;DGO;Base;N/A;HGTV;N/A;Variedades;Si
Colombia;DGO;Base;N/A;History 2 HD;N/A;Mundo;Si
Colombia;DGO;Base;N/A;History HD;N/A;Mundo;Si
Colombia;DGO;Base;N/A;Hola TV HD;N/A;Variedades;Si
Colombia;DGO;Base;N/A;HTV;N/A;Variedades;Si
Colombia;DGO;Base;N/A;ISAT;N/A;Cine;Si
Colombia;DGO;Base;N/A;Lifetime HD;N/A;Variedades;Si
Colombia;DGO;Base;N/A;Más Chic;N/A;Variedades;Si
Colombia;DGO;Base;N/A;Mega Noticias;N/A;Mundo;Si
Colombia;DGO;Base;N/A;Mega Tiempo;N/A;Mundo;Si
Colombia;DGO;Base;N/A;Mórbido TV;N/A;Cine;No
Colombia;DGO;Base;N/A;MTV HD;N/A;Variedades;Si
Colombia;DGO;Base;N/A;National Geographic Latam HD;N/A;Mundo;Si
Colombia;DGO;Base;N/A;Newsmax TV;N/A;Nacional;Si
Colombia;DGO;Base;N/A;Nick Jr. HD;N/A;Infantil;Si
Colombia;DGO;Base;N/A;Nickelodeon HD;N/A;Infantil;Si
Colombia;DGO;Base;N/A;NTN 24;N/A;Nacional;Si
Colombia;DGO;Base;N/A;OnDIRECTV;N/A;Cine;Si
Colombia;DGO;Base;N/A;Plim Plim;N/A;Infantil;No
Colombia;DGO;Base;N/A;Rai Italia;N/A;Mundo;Si
Colombia;DGO;Base;N/A;RCN HD;N/A;Nacional;Si
Colombia;DGO;Base;N/A;RCN Más;N/A;Variedades;Si
Colombia;DGO;Base;N/A;RCN Noticias;N/A;Mundo;Si
Colombia;DGO;Base;N/A;Sony;N/A;Cine;Si
Colombia;DGO;Base;N/A;Sony Movies;N/A;Cine;No
Colombia;DGO;Base;N/A;Space Andes;N/A;Cine;Si
Colombia;DGO;Base;N/A;Star Channel;N/A;Cine;Si
Colombia;DGO;Base;N/A;Studio Universal HD;N/A;Cine;Si
Colombia;DGO;Base;N/A;SyFy HD;N/A;Variedades;Si
Colombia;DGO;Base;N/A;Tastemade;N/A;Variedades;Si
Colombia;DGO;Base;N/A;Tastemade Viajes;N/A;Variedades;Si
Colombia;DGO;Base;N/A;TBS Very Funny;N/A;Variedades;Si
Colombia;DGO;Base;N/A;TCM;N/A;Cine;No
Colombia;DGO;Base;N/A;Telemundo Internacional;N/A;Variedades;Si
Colombia;DGO;Base;N/A;Discovery Travel & Living Channel (TLC);N/A;Variedades;No
Colombia;DGO;Base;N/A;TNT HD;N/A;Cine;Si
Colombia;DGO;Base;N/A;TNT Novelas;N/A;Variedades;No
Colombia;DGO;Base;N/A;TNT Series HD;N/A;Cine;Si
Colombia;DGO;Base;N/A;truTV;N/A;Variedades;Si
Colombia;DGO;Base;N/A;TCM;N/A;Cine;Si
Colombia;DGO;Base;N/A;TV Cortos;N/A;Cine;Si
Colombia;DGO;Base;N/A;TV Universal HD;N/A;Deportes;Si
Colombia;DGO;Base;N/A;TyC Sports;N/A;Deportes;No
Colombia;DGO;Base;N/A;TyC Sports Fan;N/A;Deportes;Si
Colombia;DGO;Base;N/A;Warner Channel HD;N/A;Variedades;Si
Colombia;DGO;Base;N/A;Win Premium;N/A;Deportes;No
Colombia;DGO;Base;N/A;Win Sports HD;N/A;Deportes;Si
Colombia;DGO;DTH Colombia 001;N/A;A&E;N/A;Variedades;Si
Colombia;DGO;DTH Colombia 001;N/A;Atres Cine;N/A;Cine;No
Colombia;DGO;DTH Colombia 001;N/A;AMC;N/A;Variedades;Si
Colombia;DGO;DTH Colombia 001;N/A;Animal Planet HD;N/A;Mundo;Si
Colombia;DGO;DTH Colombia 001;N/A;Antena 3 HD;N/A;Mundo;Si
Colombia;DGO;DTH Colombia 001;N/A;Atres Series HD;N/A;Cine;Si
Colombia;DGO;DTH Colombia 001;N/A;AXN;N/A;Variedades;Si
Colombia;DGO;DTH Colombia 001;N/A;Azteca Internacional;N/A;Variedades;Si
Colombia;DGO;DTH Colombia 001;N/A;BabyTV HD;N/A;Infantil;No
Colombia;DGO;DTH Colombia 001;N/A;Bloomberg;N/A;Mundo;Si
Colombia;DGO;DTH Colombia 001;N/A;Boomerang;N/A;Infantil;Si
Colombia;DGO;DTH Colombia 001;N/A;Canal UNO;N/A;Nacional;Si
Colombia;DGO;DTH Colombia 001;N/A;Caracol Mix;N/A;Variedades;Si
Colombia;DGO;DTH Colombia 001;N/A;Caracol TV;N/A;Nacional;Si
Colombia;DGO;DTH Colombia 001;N/A;Cartoon Network HD;N/A;Infantil;Si
Colombia;DGO;DTH Colombia 001;N/A;Cartoonito;N/A;Infantil;No
Colombia;DGO;DTH Colombia 001;N/A;CGTN Español;N/A;Mundo;Si
Colombia;DGO;DTH Colombia 001;N/A;Cinecanal Andes;N/A;Cine;Si
Colombia;DGO;DTH Colombia 001;N/A;Cinelatino;N/A;Cine;Si
Colombia;DGO;DTH Colombia 001;N/A;Cinema;N/A;Cine;Si
Colombia;DGO;DTH Colombia 001;N/A;Cinemax HD;N/A;Cine;Si
Colombia;DGO;DTH Colombia 001;N/A;City TV;N/A;Nacional;Si
Colombia;DGO;DTH Colombia 001;N/A;Clic;N/A;Variedades;Si
Colombia;DGO;DTH Colombia 001;N/A;CNN International;N/A;Mundo;Si
Colombia;DGO;DTH Colombia 001;N/A;CNN en Español;N/A;Mundo;Si
Colombia;DGO;DTH Colombia 001;N/A;Comedy Central HD;N/A;Variedades;Si
Colombia;DGO;DTH Colombia 001;N/A;Corazón;N/A;Variedades;Si
Colombia;DGO;DTH Colombia 001;N/A;Daystar Español;N/A;Mundo;No
Colombia;DGO;DTH Colombia 001;N/A;DIRECTV Eventos 1;N/A;Occasional SSLA;Si
Colombia;DGO;DTH Colombia 001;N/A;DIRECTV Eventos 2;N/A;Occasional SSLA;Si
Colombia;DGO;DTH Colombia 001;N/A;DIRECTV Eventos 3;N/A;Occasional SSLA;Si
Colombia;DGO;DTH Colombia 001;N/A;DIRECTV Eventos 4;N/A;Occasional SSLA;No
Colombia;DGO;DTH Colombia 001;N/A;DIRECTV Eventos 5;N/A;Occasional SSLA;Si
Colombia;DGO;DTH Colombia 001;N/A;DIRECTV Eventos 6;N/A;Occasional SSLA;Si
Colombia;DGO;DTH Colombia 001;N/A;DIRECTV Eventos 7;N/A;Occasional SSLA;No
Colombia;DGO;DTH Colombia 001;N/A;Dsports Colombia;N/A;Deportes;Si
Colombia;DGO;DTH Colombia 001;N/A;DSports 2 HD;N/A;Deportes;Si
Colombia;DGO;DTH Colombia 001;N/A;DSports Fight;N/A;Deportes;Si
Colombia;DGO;DTH Colombia 001;N/A;DSports Plus;N/A;Deportes;Si
Colombia;DGO;DTH Colombia 001;N/A;Discovery Channel HD;N/A;Mundo;Si
Colombia;DGO;DTH Colombia 001;N/A;Discovery Home & Health;N/A;Variedades;Si
Colombia;DGO;DTH Colombia 001;N/A;Investigation Discovery (ID) HD;N/A;Variedades;Si
Colombia;DGO;DTH Colombia 001;N/A;Discovery Kids HD;N/A;Infantil;Si
Colombia;DGO;DTH Colombia 001;N/A;Discovery Theater;N/A;Mundo;No
Colombia;DGO;DTH Colombia 001;N/A;Discovery Travel & Living Channel (TLC) HD;N/A;Mundo;Si
Colombia;DGO;DTH Colombia 001;N/A;Discovery Turbo;N/A;Mundo;Si
Colombia;DGO;DTH Colombia 001;N/A;Discovery World;N/A;Mundo;No
Colombia;DGO;DTH Colombia 001;N/A;Disney Multicountry;N/A;Infantil;Si
Colombia;DGO;DTH Colombia 001;N/A;Disney Junior Sur;N/A;Infantil;Si
Colombia;DGO;DTH Colombia 001;N/A;DNews;N/A;Mundo;No
Colombia;DGO;DTH Colombia 001;N/A;DShow;N/A;Variedades;No
Colombia;DGO;DTH Colombia 001;N/A;DSports Radio;N/A;Deportes;No
Colombia;DGO;DTH Colombia 001;N/A;E! Entertainment México;N/A;Variedades;Si
Colombia;DGO;DTH Colombia 001;N/A;Edye;N/A;Infantil;Si
Colombia;DGO;DTH Colombia 001;N/A;El Gourmet;N/A;Variedades;Si
Colombia;DGO;DTH Colombia 001;N/A;El Reino Infantil;N/A;Infantil;No
Colombia;DGO;DTH Colombia 001;N/A;El Tiempo TV;N/A;Nacional;Si
Colombia;DGO;DTH Colombia 001;N/A;ESPN 2 Latin Andina HD;N/A;Deportes;Si
Colombia;DGO;DTH Colombia 001;N/A;ESPN 3;N/A;Deportes;Si
Colombia;DGO;DTH Colombia 001;N/A;ESPN 4;N/A;Deportes;No
Colombia;DGO;DTH Colombia 001;N/A;ESPN Colombia HD;N/A;Deportes;Si
Colombia;DGO;DTH Colombia 001;N/A;ESPN Extra;N/A;Deportes;No
Colombia;DGO;DTH Colombia 001;N/A;Food Network HD;N/A;Variedades;Si
Colombia;DGO;DTH Colombia 001;N/A;Fox News;N/A;Mundo;Si
Colombia;DGO;DTH Colombia 001;N/A;Fox Sports Sur;N/A;Deportes;Si
Colombia;DGO;DTH Colombia 001;N/A;Fox Sports Sur 2;N/A;Deportes;Si
Colombia;DGO;DTH Colombia 001;N/A;Fox Sports 3;N/A;Deportes;Si
Colombia;DGO;DTH Colombia 001;N/A;France 24 Español;N/A;Mundo;No
Colombia;DGO;DTH Colombia 001;N/A;FreeTV Acción;N/A;Cine;Si
Colombia;DGO;DTH Colombia 001;N/A;FreeTV Drama;N/A;Cine;Si
Colombia;DGO;DTH Colombia 001;N/A;FreeTV Estelar;N/A;Cine;Si
Colombia;DGO;DTH Colombia 001;N/A;FreeTV Familia;N/A;Cine;Si
Colombia;DGO;DTH Colombia 001;N/A;FreeTV Hits;N/A;Cine;Si
Colombia;DGO;DTH Colombia 001;N/A;FreeTV Terror;N/A;Cine;Si
Colombia;DGO;DTH Colombia 001;N/A;FX Colombia HD;N/A;Variedades;Si
Colombia;DGO;DTH Colombia 001;N/A;Glitz;N/A;Variedades;Si
Colombia;DGO;DTH Colombia 001;N/A;Golf Channel HD;N/A;Deportes;Si
Colombia;DGO;DTH Colombia 001;N/A;Gran Hermano;N/A;Variedades;No
Colombia;DGO;DTH Colombia 001;N/A;HBO;N/A;Cine;No
Colombia;DGO;DTH Colombia 001;N/A;HBO 2;N/A;Cine;No
Colombia;DGO;DTH Colombia 001;N/A;HBO Family;N/A;Cine;No
Colombia;DGO;DTH Colombia 001;N/A;HBO Plus HD;N/A;Cine;No
Colombia;DGO;DTH Colombia 001;N/A;HBO Signature;N/A;Cine;No
Colombia;DGO;DTH Colombia 001;N/A;HGTV;N/A;Variedades;No
Colombia;DGO;DTH Colombia 001;N/A;History 2 HD;N/A;Mundo;Si
Colombia;DGO;DTH Colombia 001;N/A;History HD;N/A;Mundo;Si
Colombia;DGO;DTH Colombia 001;N/A;Hola TV HD;N/A;Variedades;Si
Colombia;DGO;DTH Colombia 001;N/A;HTV;N/A;Variedades;Si
Colombia;DGO;DTH Colombia 001;N/A;ISAT;N/A;Cine;Si
Colombia;DGO;DTH Colombia 001;N/A;Lifetime HD;N/A;Variedades;Si
Colombia;DGO;DTH Colombia 001;N/A;Más Chic;N/A;Variedades;Si
Colombia;DGO;DTH Colombia 001;N/A;Mega Noticias;N/A;Mundo;Si
Colombia;DGO;DTH Colombia 001;N/A;Mega Tiempo;N/A;Mundo;Si
Colombia;DGO;DTH Colombia 001;N/A;Mórbido TV;N/A;Cine;No
Colombia;DGO;DTH Colombia 001;N/A;MTV HD;N/A;Variedades;Si
Colombia;DGO;DTH Colombia 001;N/A;National Geographic Latam HD;N/A;Mundo;Si
Colombia;DGO;DTH Colombia 001;N/A;Newsmax TV;N/A;Nacional;Si
Colombia;DGO;DTH Colombia 001;N/A;Nick Jr. HD;N/A;Infantil;Si
Colombia;DGO;DTH Colombia 001;N/A;Nickelodeon HD;N/A;Infantil;Si
Colombia;DGO;DTH Colombia 001;N/A;NTN 24;N/A;Nacional;Si
Colombia;DGO;DTH Colombia 001;N/A;OnDIRECTV;N/A;Cine;Si
Colombia;DGO;DTH Colombia 001;N/A;Plim Plim;N/A;Infantil;No
Colombia;DGO;DTH Colombia 001;N/A;Rai Italia;N/A;Mundo;Si
Colombia;DGO;DTH Colombia 001;N/A;RCN HD;N/A;Nacional;Si
Colombia;DGO;DTH Colombia 001;N/A;RCN Más;N/A;Variedades;Si
Colombia;DGO;DTH Colombia 001;N/A;RCN Noticias;N/A;Mundo;Si
Colombia;DGO;DTH Colombia 001;N/A;Sony;N/A;Cine;Si
Colombia;DGO;DTH Colombia 001;N/A;Sony Movies;N/A;Cine;No
Colombia;DGO;DTH Colombia 001;N/A;Space Andes;N/A;Cine;Si
Colombia;DGO;DTH Colombia 001;N/A;Star Channel;N/A;Cine;Si
Colombia;DGO;DTH Colombia 001;N/A;Studio Universal HD;N/A;Cine;Si
Colombia;DGO;DTH Colombia 001;N/A;SyFy HD;N/A;Variedades;Si
Colombia;DGO;DTH Colombia 001;N/A;Tastemade;N/A;Variedades;Si
Colombia;DGO;DTH Colombia 001;N/A;Tastemade Viajes;N/A;Variedades;Si
Colombia;DGO;DTH Colombia 001;N/A;TBS Very Funny;N/A;Variedades;Si
Colombia;DGO;DTH Colombia 001;N/A;TCM;N/A;Cine;No
Colombia;DGO;DTH Colombia 001;N/A;Telemundo Internacional;N/A;Variedades;Si
Colombia;DGO;DTH Colombia 001;N/A;Discovery Travel & Living Channel (TLC);N/A;Variedades;No
Colombia;DGO;DTH Colombia 001;N/A;TNT HD;N/A;Cine;Si
Colombia;DGO;DTH Colombia 001;N/A;TNT Novelas;N/A;Variedades;No
Colombia;DGO;DTH Colombia 001;N/A;TNT Series HD;N/A;Cine;Si
Colombia;DGO;DTH Colombia 001;N/A;truTV;N/A;Variedades;Si
Colombia;DGO;DTH Colombia 001;N/A;TCM;N/A;Cine;Si
Colombia;DGO;DTH Colombia 001;N/A;TV Cortos;N/A;Cine;No
Colombia;DGO;DTH Colombia 001;N/A;TV Universal HD;N/A;Deportes;Si
Colombia;DGO;DTH Colombia 001;N/A;TyC Sports;N/A;Deportes;No
Colombia;DGO;DTH Colombia 001;N/A;TyC Sports Fan;N/A;Deportes;Si
Colombia;DGO;DTH Colombia 001;N/A;Warner Channel HD;N/A;Variedades;Si
Colombia;DGO;DTH Colombia 001;N/A;Win Premium;N/A;Deportes;No
Colombia;DGO;DTH Colombia 001;N/A;Win Sports HD;N/A;Deportes;Si
Colombia;DGO;DTH Colombia 002;N/A;A&E;N/A;Variedades;Si
Colombia;DGO;DTH Colombia 002;N/A;Atres Cine;N/A;Cine;Si
Colombia;DGO;DTH Colombia 002;N/A;AMC;N/A;Variedades;Si
Colombia;DGO;DTH Colombia 002;N/A;Animal Planet HD;N/A;Mundo;Si
Colombia;DGO;DTH Colombia 002;N/A;Antena 3 HD;N/A;Mundo;Si
Colombia;DGO;DTH Colombia 002;N/A;Atres Series HD;N/A;Cine;Si
Colombia;DGO;DTH Colombia 002;N/A;AXN;N/A;Variedades;Si
Colombia;DGO;DTH Colombia 002;N/A;Azteca Internacional;N/A;Variedades;Si
Colombia;DGO;DTH Colombia 002;N/A;BabyTV HD;N/A;Infantil;Si
Colombia;DGO;DTH Colombia 002;N/A;Bloomberg;N/A;Mundo;Si
Colombia;DGO;DTH Colombia 002;N/A;Boomerang;N/A;Infantil;Si
Colombia;DGO;DTH Colombia 002;N/A;Canal UNO;N/A;Nacional;Si
Colombia;DGO;DTH Colombia 002;N/A;Caracol Mix;N/A;Variedades;Si
Colombia;DGO;DTH Colombia 002;N/A;Caracol TV;N/A;Nacional;Si
Colombia;DGO;DTH Colombia 002;N/A;Cartoon Network HD;N/A;Infantil;Si
Colombia;DGO;DTH Colombia 002;N/A;Cartoonito;N/A;Infantil;No
Colombia;DGO;DTH Colombia 002;N/A;CGTN Español;N/A;Mundo;Si
Colombia;DGO;DTH Colombia 002;N/A;Cinecanal Andes;N/A;Cine;Si
Colombia;DGO;DTH Colombia 002;N/A;Cinelatino;N/A;Cine;Si
Colombia;DGO;DTH Colombia 002;N/A;Cinema;N/A;Cine;Si
Colombia;DGO;DTH Colombia 002;N/A;Cinemax HD;N/A;Cine;Si
Colombia;DGO;DTH Colombia 002;N/A;City TV;N/A;Nacional;Si
Colombia;DGO;DTH Colombia 002;N/A;Clic;N/A;Variedades;Si
Colombia;DGO;DTH Colombia 002;N/A;CNN International;N/A;Mundo;Si
Colombia;DGO;DTH Colombia 002;N/A;CNN en Español;N/A;Mundo;Si
Colombia;DGO;DTH Colombia 002;N/A;Comedy Central HD;N/A;Variedades;Si
Colombia;DGO;DTH Colombia 002;N/A;Corazón;N/A;Variedades;Si
Colombia;DGO;DTH Colombia 002;N/A;Daystar Español;N/A;Mundo;No
Colombia;DGO;DTH Colombia 002;N/A;DIRECTV Eventos 1;N/A;Occasional SSLA;Si
Colombia;DGO;DTH Colombia 002;N/A;DIRECTV Eventos 2;N/A;Occasional SSLA;Si
Colombia;DGO;DTH Colombia 002;N/A;DIRECTV Eventos 3;N/A;Occasional SSLA;Si
Colombia;DGO;DTH Colombia 002;N/A;DIRECTV Eventos 4;N/A;Occasional SSLA;No
Colombia;DGO;DTH Colombia 002;N/A;DIRECTV Eventos 5;N/A;Occasional SSLA;Si
Colombia;DGO;DTH Colombia 002;N/A;DIRECTV Eventos 6;N/A;Occasional SSLA;Si
Colombia;DGO;DTH Colombia 002;N/A;DIRECTV Eventos 7;N/A;Occasional SSLA;No
Colombia;DGO;DTH Colombia 002;N/A;Dsports Colombia;N/A;Deportes;Si
Colombia;DGO;DTH Colombia 002;N/A;DSports 2 HD;N/A;Deportes;Si
Colombia;DGO;DTH Colombia 002;N/A;DSports Fight;N/A;Deportes;Si
Colombia;DGO;DTH Colombia 002;N/A;DSports Plus;N/A;Deportes;Si
Colombia;DGO;DTH Colombia 002;N/A;Discovery Channel HD;N/A;Mundo;Si
Colombia;DGO;DTH Colombia 002;N/A;Discovery Home & Health;N/A;Variedades;Si
Colombia;DGO;DTH Colombia 002;N/A;Investigation Discovery (ID) HD;N/A;Variedades;Si
Colombia;DGO;DTH Colombia 002;N/A;Discovery Kids HD;N/A;Infantil;Si
Colombia;DGO;DTH Colombia 002;N/A;Discovery Theater;N/A;Mundo;Si
Colombia;DGO;DTH Colombia 002;N/A;Discovery Travel & Living Channel (TLC) HD;N/A;Mundo;Si
Colombia;DGO;DTH Colombia 002;N/A;Discovery Turbo;N/A;Mundo;Si
Colombia;DGO;DTH Colombia 002;N/A;Discovery World;N/A;Mundo;Si
Colombia;DGO;DTH Colombia 002;N/A;Disney Multicountry;N/A;Infantil;Si
Colombia;DGO;DTH Colombia 002;N/A;Disney Junior Sur;N/A;Infantil;Si
Colombia;DGO;DTH Colombia 002;N/A;DNews;N/A;Mundo;No
Colombia;DGO;DTH Colombia 002;N/A;DShow;N/A;Variedades;No
Colombia;DGO;DTH Colombia 002;N/A;DSports Radio;N/A;Deportes;No
Colombia;DGO;DTH Colombia 002;N/A;E! Entertainment México;N/A;Variedades;Si
Colombia;DGO;DTH Colombia 002;N/A;Edye;N/A;Infantil;Si
Colombia;DGO;DTH Colombia 002;N/A;El Gourmet;N/A;Variedades;Si
Colombia;DGO;DTH Colombia 002;N/A;El Reino Infantil;N/A;Infantil;No
Colombia;DGO;DTH Colombia 002;N/A;El Tiempo TV;N/A;Nacional;Si
Colombia;DGO;DTH Colombia 002;N/A;ESPN 2 Latin Andina HD;N/A;Deportes;Si
Colombia;DGO;DTH Colombia 002;N/A;ESPN 3;N/A;Deportes;Si
Colombia;DGO;DTH Colombia 002;N/A;ESPN 4;N/A;Deportes;No
Colombia;DGO;DTH Colombia 002;N/A;ESPN Colombia HD;N/A;Deportes;Si
Colombia;DGO;DTH Colombia 002;N/A;ESPN Extra;N/A;Deportes;Si
Colombia;DGO;DTH Colombia 002;N/A;Food Network HD;N/A;Variedades;Si
Colombia;DGO;DTH Colombia 002;N/A;Fox News;N/A;Mundo;Si
Colombia;DGO;DTH Colombia 002;N/A;Fox Sports Sur;N/A;Deportes;Si
Colombia;DGO;DTH Colombia 002;N/A;Fox Sports Sur 2;N/A;Deportes;Si
Colombia;DGO;DTH Colombia 002;N/A;Fox Sports 3;N/A;Deportes;Si
Colombia;DGO;DTH Colombia 002;N/A;France 24 Español;N/A;Mundo;No
Colombia;DGO;DTH Colombia 002;N/A;FreeTV Acción;N/A;Cine;Si
Colombia;DGO;DTH Colombia 002;N/A;FreeTV Drama;N/A;Cine;Si
Colombia;DGO;DTH Colombia 002;N/A;FreeTV Estelar;N/A;Cine;Si
Colombia;DGO;DTH Colombia 002;N/A;FreeTV Familia;N/A;Cine;Si
Colombia;DGO;DTH Colombia 002;N/A;FreeTV Hits;N/A;Cine;Si
Colombia;DGO;DTH Colombia 002;N/A;FreeTV Terror;N/A;Cine;Si
Colombia;DGO;DTH Colombia 002;N/A;FX Colombia HD;N/A;Variedades;Si
Colombia;DGO;DTH Colombia 002;N/A;Glitz;N/A;Variedades;Si
Colombia;DGO;DTH Colombia 002;N/A;Golf Channel HD;N/A;Deportes;Si
Colombia;DGO;DTH Colombia 002;N/A;Gran Hermano;N/A;Variedades;No
Colombia;DGO;DTH Colombia 002;N/A;HBO;N/A;Cine;No
Colombia;DGO;DTH Colombia 002;N/A;HBO 2;N/A;Cine;No
Colombia;DGO;DTH Colombia 002;N/A;HBO Family;N/A;Cine;No
Colombia;DGO;DTH Colombia 002;N/A;HBO Plus HD;N/A;Cine;No
Colombia;DGO;DTH Colombia 002;N/A;HBO Signature;N/A;Cine;No
Colombia;DGO;DTH Colombia 002;N/A;HGTV;N/A;Variedades;Si
Colombia;DGO;DTH Colombia 002;N/A;History 2 HD;N/A;Mundo;Si
Colombia;DGO;DTH Colombia 002;N/A;History HD;N/A;Mundo;Si
Colombia;DGO;DTH Colombia 002;N/A;Hola TV HD;N/A;Variedades;Si
Colombia;DGO;DTH Colombia 002;N/A;HTV;N/A;Variedades;Si
Colombia;DGO;DTH Colombia 002;N/A;ISAT;N/A;Cine;Si
Colombia;DGO;DTH Colombia 002;N/A;Lifetime HD;N/A;Variedades;Si
Colombia;DGO;DTH Colombia 002;N/A;Más Chic;N/A;Variedades;Si
Colombia;DGO;DTH Colombia 002;N/A;Mega Noticias;N/A;Mundo;Si
Colombia;DGO;DTH Colombia 002;N/A;Mega Tiempo;N/A;Mundo;Si
Colombia;DGO;DTH Colombia 002;N/A;Mórbido TV;N/A;Cine;No
Colombia;DGO;DTH Colombia 002;N/A;MTV HD;N/A;Variedades;Si
Colombia;DGO;DTH Colombia 002;N/A;National Geographic Latam HD;N/A;Mundo;Si
Colombia;DGO;DTH Colombia 002;N/A;Newsmax TV;N/A;Nacional;Si
Colombia;DGO;DTH Colombia 002;N/A;Nick Jr. HD;N/A;Infantil;Si
Colombia;DGO;DTH Colombia 002;N/A;Nickelodeon HD;N/A;Infantil;Si
Colombia;DGO;DTH Colombia 002;N/A;NTN 24;N/A;Nacional;Si
Colombia;DGO;DTH Colombia 002;N/A;OnDIRECTV;N/A;Cine;Si
Colombia;DGO;DTH Colombia 002;N/A;Plim Plim;N/A;Infantil;No
Colombia;DGO;DTH Colombia 002;N/A;Rai Italia;N/A;Mundo;Si
Colombia;DGO;DTH Colombia 002;N/A;RCN HD;N/A;Nacional;Si
Colombia;DGO;DTH Colombia 002;N/A;RCN Más;N/A;Variedades;Si
Colombia;DGO;DTH Colombia 002;N/A;RCN Noticias;N/A;Mundo;Si
Colombia;DGO;DTH Colombia 002;N/A;Sony;N/A;Cine;Si
Colombia;DGO;DTH Colombia 002;N/A;Sony Movies;N/A;Cine;No
Colombia;DGO;DTH Colombia 002;N/A;Space Andes;N/A;Cine;Si
Colombia;DGO;DTH Colombia 002;N/A;Star Channel;N/A;Cine;Si
Colombia;DGO;DTH Colombia 002;N/A;Studio Universal HD;N/A;Cine;Si
Colombia;DGO;DTH Colombia 002;N/A;SyFy HD;N/A;Variedades;Si
Colombia;DGO;DTH Colombia 002;N/A;Tastemade;N/A;Variedades;Si
Colombia;DGO;DTH Colombia 002;N/A;Tastemade Viajes;N/A;Variedades;Si
Colombia;DGO;DTH Colombia 002;N/A;TBS Very Funny;N/A;Variedades;Si
Colombia;DGO;DTH Colombia 002;N/A;TCM;N/A;Cine;No
Colombia;DGO;DTH Colombia 002;N/A;Telemundo Internacional;N/A;Variedades;Si
Colombia;DGO;DTH Colombia 002;N/A;Discovery Travel & Living Channel (TLC);N/A;Variedades;No
Colombia;DGO;DTH Colombia 002;N/A;TNT HD;N/A;Cine;Si
Colombia;DGO;DTH Colombia 002;N/A;TNT Novelas;N/A;Variedades;No
Colombia;DGO;DTH Colombia 002;N/A;TNT Series HD;N/A;Cine;Si
Colombia;DGO;DTH Colombia 002;N/A;truTV;N/A;Variedades;Si
Colombia;DGO;DTH Colombia 002;N/A;TCM;N/A;Cine;Si
Colombia;DGO;DTH Colombia 002;N/A;TV Cortos;N/A;Cine;Si
Colombia;DGO;DTH Colombia 002;N/A;TV Universal HD;N/A;Deportes;Si
Colombia;DGO;DTH Colombia 002;N/A;TyC Sports;N/A;Deportes;No
Colombia;DGO;DTH Colombia 002;N/A;TyC Sports Fan;N/A;Deportes;Si
Colombia;DGO;DTH Colombia 002;N/A;Warner Channel HD;N/A;Variedades;Si
Colombia;DGO;DTH Colombia 002;N/A;Win Premium;N/A;Deportes;No
Colombia;DGO;DTH Colombia 002;N/A;Win Sports HD;N/A;Deportes;Si
Colombia;DGO;DTH Colombia 201;N/A;A&E;N/A;Variedades;Si
Colombia;DGO;DTH Colombia 201;N/A;Atres Cine;N/A;Cine;No
Colombia;DGO;DTH Colombia 201;N/A;AMC;N/A;Variedades;Si
Colombia;DGO;DTH Colombia 201;N/A;Animal Planet HD;N/A;Mundo;Si
Colombia;DGO;DTH Colombia 201;N/A;Antena 3 HD;N/A;Mundo;Si
Colombia;DGO;DTH Colombia 201;N/A;Atres Series HD;N/A;Cine;Si
Colombia;DGO;DTH Colombia 201;N/A;AXN;N/A;Variedades;Si
Colombia;DGO;DTH Colombia 201;N/A;Azteca Internacional;N/A;Variedades;Si
Colombia;DGO;DTH Colombia 201;N/A;BabyTV HD;N/A;Infantil;No
Colombia;DGO;DTH Colombia 201;N/A;Bloomberg;N/A;Mundo;No
Colombia;DGO;DTH Colombia 201;N/A;Boomerang;N/A;Infantil;Si
Colombia;DGO;DTH Colombia 201;N/A;Canal UNO;N/A;Nacional;Si
Colombia;DGO;DTH Colombia 201;N/A;Caracol Mix;N/A;Variedades;Si
Colombia;DGO;DTH Colombia 201;N/A;Caracol TV;N/A;Nacional;Si
Colombia;DGO;DTH Colombia 201;N/A;Cartoon Network HD;N/A;Infantil;Si
Colombia;DGO;DTH Colombia 201;N/A;Cartoonito;N/A;Infantil;No
Colombia;DGO;DTH Colombia 201;N/A;CGTN Español;N/A;Mundo;Si
Colombia;DGO;DTH Colombia 201;N/A;Cinecanal Andes;N/A;Cine;Si
Colombia;DGO;DTH Colombia 201;N/A;Cinelatino;N/A;Cine;Si
Colombia;DGO;DTH Colombia 201;N/A;Cinema;N/A;Cine;Si
Colombia;DGO;DTH Colombia 201;N/A;Cinemax HD;N/A;Cine;Si
Colombia;DGO;DTH Colombia 201;N/A;City TV;N/A;Nacional;Si
Colombia;DGO;DTH Colombia 201;N/A;Clic;N/A;Variedades;Si
Colombia;DGO;DTH Colombia 201;N/A;CNN International;N/A;Mundo;No
Colombia;DGO;DTH Colombia 201;N/A;CNN en Español;N/A;Mundo;Si
Colombia;DGO;DTH Colombia 201;N/A;Comedy Central HD;N/A;Variedades;Si
Colombia;DGO;DTH Colombia 201;N/A;Corazón;N/A;Variedades;Si
Colombia;DGO;DTH Colombia 201;N/A;Daystar Español;N/A;Mundo;No
Colombia;DGO;DTH Colombia 201;N/A;DIRECTV Eventos 1;N/A;Occasional SSLA;Si
Colombia;DGO;DTH Colombia 201;N/A;DIRECTV Eventos 2;N/A;Occasional SSLA;Si
Colombia;DGO;DTH Colombia 201;N/A;DIRECTV Eventos 3;N/A;Occasional SSLA;Si
Colombia;DGO;DTH Colombia 201;N/A;DIRECTV Eventos 4;N/A;Occasional SSLA;No
Colombia;DGO;DTH Colombia 201;N/A;DIRECTV Eventos 5;N/A;Occasional SSLA;Si
Colombia;DGO;DTH Colombia 201;N/A;DIRECTV Eventos 6;N/A;Occasional SSLA;Si
Colombia;DGO;DTH Colombia 201;N/A;DIRECTV Eventos 7;N/A;Occasional SSLA;No
Colombia;DGO;DTH Colombia 201;N/A;Dsports Colombia;N/A;Deportes;Si
Colombia;DGO;DTH Colombia 201;N/A;DSports 2 HD;N/A;Deportes;Si
Colombia;DGO;DTH Colombia 201;N/A;DSports Fight;N/A;Deportes;Si
Colombia;DGO;DTH Colombia 201;N/A;DSports Plus;N/A;Deportes;Si
Colombia;DGO;DTH Colombia 201;N/A;Discovery Channel HD;N/A;Mundo;Si
Colombia;DGO;DTH Colombia 201;N/A;Discovery Home & Health;N/A;Variedades;Si
Colombia;DGO;DTH Colombia 201;N/A;Investigation Discovery (ID) HD;N/A;Variedades;Si
Colombia;DGO;DTH Colombia 201;N/A;Discovery Kids HD;N/A;Infantil;Si
Colombia;DGO;DTH Colombia 201;N/A;Discovery Theater;N/A;Mundo;No
Colombia;DGO;DTH Colombia 201;N/A;Discovery Travel & Living Channel (TLC) HD;N/A;Mundo;Si
Colombia;DGO;DTH Colombia 201;N/A;Discovery Turbo;N/A;Mundo;No
Colombia;DGO;DTH Colombia 201;N/A;Discovery World;N/A;Mundo;No
Colombia;DGO;DTH Colombia 201;N/A;Disney Multicountry;N/A;Infantil;Si
Colombia;DGO;DTH Colombia 201;N/A;Disney Junior Sur;N/A;Infantil;Si
Colombia;DGO;DTH Colombia 201;N/A;DNews;N/A;Mundo;No
Colombia;DGO;DTH Colombia 201;N/A;DShow;N/A;Variedades;No
Colombia;DGO;DTH Colombia 201;N/A;DSports Radio;N/A;Deportes;No
Colombia;DGO;DTH Colombia 201;N/A;E! Entertainment México;N/A;Variedades;Si
Colombia;DGO;DTH Colombia 201;N/A;Edye;N/A;Infantil;Si
Colombia;DGO;DTH Colombia 201;N/A;El Gourmet;N/A;Variedades;Si
Colombia;DGO;DTH Colombia 201;N/A;El Reino Infantil;N/A;Infantil;No
Colombia;DGO;DTH Colombia 201;N/A;El Tiempo TV;N/A;Nacional;Si
Colombia;DGO;DTH Colombia 201;N/A;ESPN 2 Latin Andina HD;N/A;Deportes;Si
Colombia;DGO;DTH Colombia 201;N/A;ESPN 3;N/A;Deportes;Si
Colombia;DGO;DTH Colombia 201;N/A;ESPN 4;N/A;Deportes;No
Colombia;DGO;DTH Colombia 201;N/A;ESPN Colombia HD;N/A;Deportes;Si
Colombia;DGO;DTH Colombia 201;N/A;ESPN Extra;N/A;Deportes;No
Colombia;DGO;DTH Colombia 201;N/A;Food Network HD;N/A;Variedades;Si
Colombia;DGO;DTH Colombia 201;N/A;Fox News;N/A;Mundo;Si
Colombia;DGO;DTH Colombia 201;N/A;Fox Sports Sur;N/A;Deportes;Si
Colombia;DGO;DTH Colombia 201;N/A;Fox Sports Sur 2;N/A;Deportes;Si
Colombia;DGO;DTH Colombia 201;N/A;Fox Sports 3;N/A;Deportes;Si
Colombia;DGO;DTH Colombia 201;N/A;France 24 Español;N/A;Mundo;No
Colombia;DGO;DTH Colombia 201;N/A;FreeTV Acción;N/A;Cine;Si
Colombia;DGO;DTH Colombia 201;N/A;FreeTV Drama;N/A;Cine;Si
Colombia;DGO;DTH Colombia 201;N/A;FreeTV Estelar;N/A;Cine;Si
Colombia;DGO;DTH Colombia 201;N/A;FreeTV Familia;N/A;Cine;Si
Colombia;DGO;DTH Colombia 201;N/A;FreeTV Hits;N/A;Cine;Si
Colombia;DGO;DTH Colombia 201;N/A;FreeTV Terror;N/A;Cine;Si
Colombia;DGO;DTH Colombia 201;N/A;FX Colombia HD;N/A;Variedades;Si
Colombia;DGO;DTH Colombia 201;N/A;Glitz;N/A;Variedades;Si
Colombia;DGO;DTH Colombia 201;N/A;Golf Channel HD;N/A;Deportes;No
Colombia;DGO;DTH Colombia 201;N/A;Gran Hermano;N/A;Variedades;No
Colombia;DGO;DTH Colombia 201;N/A;HBO;N/A;Cine;No
Colombia;DGO;DTH Colombia 201;N/A;HBO 2;N/A;Cine;No
Colombia;DGO;DTH Colombia 201;N/A;HBO Family;N/A;Cine;No
Colombia;DGO;DTH Colombia 201;N/A;HBO Plus HD;N/A;Cine;No
Colombia;DGO;DTH Colombia 201;N/A;HBO Signature;N/A;Cine;No
Colombia;DGO;DTH Colombia 201;N/A;HGTV;N/A;Variedades;No
Colombia;DGO;DTH Colombia 201;N/A;History 2 HD;N/A;Mundo;Si
Colombia;DGO;DTH Colombia 201;N/A;History HD;N/A;Mundo;Si
Colombia;DGO;DTH Colombia 201;N/A;Hola TV HD;N/A;Variedades;Si
Colombia;DGO;DTH Colombia 201;N/A;HTV;N/A;Variedades;Si
Colombia;DGO;DTH Colombia 201;N/A;ISAT;N/A;Cine;No
Colombia;DGO;DTH Colombia 201;N/A;Lifetime HD;N/A;Variedades;Si
Colombia;DGO;DTH Colombia 201;N/A;Más Chic;N/A;Variedades;Si
Colombia;DGO;DTH Colombia 201;N/A;Mega Noticias;N/A;Mundo;Si
Colombia;DGO;DTH Colombia 201;N/A;Mega Tiempo;N/A;Mundo;Si
Colombia;DGO;DTH Colombia 201;N/A;Mórbido TV;N/A;Cine;No
Colombia;DGO;DTH Colombia 201;N/A;MTV HD;N/A;Variedades;Si
Colombia;DGO;DTH Colombia 201;N/A;National Geographic Latam HD;N/A;Mundo;Si
Colombia;DGO;DTH Colombia 201;N/A;Newsmax TV;N/A;Nacional;Si
Colombia;DGO;DTH Colombia 201;N/A;Nick Jr. HD;N/A;Infantil;Si
Colombia;DGO;DTH Colombia 201;N/A;Nickelodeon HD;N/A;Infantil;Si
Colombia;DGO;DTH Colombia 201;N/A;NTN 24;N/A;Nacional;Si
Colombia;DGO;DTH Colombia 201;N/A;OnDIRECTV;N/A;Cine;Si
Colombia;DGO;DTH Colombia 201;N/A;Plim Plim;N/A;Infantil;No
Colombia;DGO;DTH Colombia 201;N/A;Rai Italia;N/A;Mundo;No
Colombia;DGO;DTH Colombia 201;N/A;RCN HD;N/A;Nacional;Si
Colombia;DGO;DTH Colombia 201;N/A;RCN Más;N/A;Variedades;Si
Colombia;DGO;DTH Colombia 201;N/A;RCN Noticias;N/A;Mundo;Si
Colombia;DGO;DTH Colombia 201;N/A;Sony;N/A;Cine;Si
Colombia;DGO;DTH Colombia 201;N/A;Sony Movies;N/A;Cine;No
Colombia;DGO;DTH Colombia 201;N/A;Space Andes;N/A;Cine;Si
Colombia;DGO;DTH Colombia 201;N/A;Star Channel;N/A;Cine;Si
Colombia;DGO;DTH Colombia 201;N/A;Studio Universal HD;N/A;Cine;Si
Colombia;DGO;DTH Colombia 201;N/A;SyFy HD;N/A;Variedades;No
Colombia;DGO;DTH Colombia 201;N/A;Tastemade;N/A;Variedades;Si
Colombia;DGO;DTH Colombia 201;N/A;Tastemade Viajes;N/A;Variedades;Si
Colombia;DGO;DTH Colombia 201;N/A;TBS Very Funny;N/A;Variedades;Si
Colombia;DGO;DTH Colombia 201;N/A;TCM;N/A;Cine;No
Colombia;DGO;DTH Colombia 201;N/A;Telemundo Internacional;N/A;Variedades;Si
Colombia;DGO;DTH Colombia 201;N/A;Discovery Travel & Living Channel (TLC);N/A;Variedades;No
Colombia;DGO;DTH Colombia 201;N/A;TNT HD;N/A;Cine;Si
Colombia;DGO;DTH Colombia 201;N/A;TNT Novelas;N/A;Variedades;No
Colombia;DGO;DTH Colombia 201;N/A;TNT Series HD;N/A;Cine;Si
Colombia;DGO;DTH Colombia 201;N/A;truTV;N/A;Variedades;No
Colombia;DGO;DTH Colombia 201;N/A;TCM;N/A;Cine;Si
Colombia;DGO;DTH Colombia 201;N/A;TV Cortos;N/A;Cine;No
Colombia;DGO;DTH Colombia 201;N/A;TV Universal HD;N/A;Deportes;Si
Colombia;DGO;DTH Colombia 201;N/A;TyC Sports;N/A;Deportes;No
Colombia;DGO;DTH Colombia 201;N/A;TyC Sports Fan;N/A;Deportes;Si
Colombia;DGO;DTH Colombia 201;N/A;Warner Channel HD;N/A;Variedades;Si
Colombia;DGO;DTH Colombia 201;N/A;Win Premium;N/A;Deportes;No
Colombia;DGO;DTH Colombia 201;N/A;Win Sports HD;N/A;Deportes;Si
Colombia;DGO;DTH Colombia 301;N/A;A&E;N/A;Variedades;Si
Colombia;DGO;DTH Colombia 301;N/A;Atres Cine;N/A;Cine;No
Colombia;DGO;DTH Colombia 301;N/A;AMC;N/A;Variedades;No
Colombia;DGO;DTH Colombia 301;N/A;Animal Planet HD;N/A;Mundo;No
Colombia;DGO;DTH Colombia 301;N/A;Antena 3 HD;N/A;Mundo;No
Colombia;DGO;DTH Colombia 301;N/A;Atres Series HD;N/A;Cine;No
Colombia;DGO;DTH Colombia 301;N/A;AXN;N/A;Variedades;No
Colombia;DGO;DTH Colombia 301;N/A;Azteca Internacional;N/A;Variedades;Si
Colombia;DGO;DTH Colombia 301;N/A;BabyTV HD;N/A;Infantil;No
Colombia;DGO;DTH Colombia 301;N/A;Bloomberg;N/A;Mundo;No
Colombia;DGO;DTH Colombia 301;N/A;Boomerang;N/A;Infantil;No
Colombia;DGO;DTH Colombia 301;N/A;Canal UNO;N/A;Nacional;Si
Colombia;DGO;DTH Colombia 301;N/A;Caracol Mix;N/A;Variedades;Si
Colombia;DGO;DTH Colombia 301;N/A;Caracol TV;N/A;Nacional;Si
Colombia;DGO;DTH Colombia 301;N/A;Cartoon Network HD;N/A;Infantil;Si
Colombia;DGO;DTH Colombia 301;N/A;Cartoonito;N/A;Infantil;No
Colombia;DGO;DTH Colombia 301;N/A;CGTN Español;N/A;Mundo;Si
Colombia;DGO;DTH Colombia 301;N/A;Cinecanal Andes;N/A;Cine;Si
Colombia;DGO;DTH Colombia 301;N/A;Cinelatino;N/A;Cine;Si
Colombia;DGO;DTH Colombia 301;N/A;Cinema;N/A;Cine;Si
Colombia;DGO;DTH Colombia 301;N/A;Cinemax HD;N/A;Cine;No
Colombia;DGO;DTH Colombia 301;N/A;City TV;N/A;Nacional;Si
Colombia;DGO;DTH Colombia 301;N/A;Clic;N/A;Variedades;Si
Colombia;DGO;DTH Colombia 301;N/A;CNN International;N/A;Mundo;No
Colombia;DGO;DTH Colombia 301;N/A;CNN en Español;N/A;Mundo;Si
Colombia;DGO;DTH Colombia 301;N/A;Comedy Central HD;N/A;Variedades;No
Colombia;DGO;DTH Colombia 301;N/A;Corazón;N/A;Variedades;Si
Colombia;DGO;DTH Colombia 301;N/A;Daystar Español;N/A;Mundo;No
Colombia;DGO;DTH Colombia 301;N/A;DIRECTV Eventos 1;N/A;Occasional SSLA;Si
Colombia;DGO;DTH Colombia 301;N/A;DIRECTV Eventos 2;N/A;Occasional SSLA;Si
Colombia;DGO;DTH Colombia 301;N/A;DIRECTV Eventos 3;N/A;Occasional SSLA;Si
Colombia;DGO;DTH Colombia 301;N/A;DIRECTV Eventos 4;N/A;Occasional SSLA;No
Colombia;DGO;DTH Colombia 301;N/A;DIRECTV Eventos 5;N/A;Occasional SSLA;Si
Colombia;DGO;DTH Colombia 301;N/A;DIRECTV Eventos 6;N/A;Occasional SSLA;Si
Colombia;DGO;DTH Colombia 301;N/A;DIRECTV Eventos 7;N/A;Occasional SSLA;No
Colombia;DGO;DTH Colombia 301;N/A;Dsports Colombia;N/A;Deportes;Si
Colombia;DGO;DTH Colombia 301;N/A;DSports 2 HD;N/A;Deportes;Si
Colombia;DGO;DTH Colombia 301;N/A;DSports Fight;N/A;Deportes;Si
Colombia;DGO;DTH Colombia 301;N/A;DSports Plus;N/A;Deportes;Si
Colombia;DGO;DTH Colombia 301;N/A;Discovery Channel HD;N/A;Mundo;Si
Colombia;DGO;DTH Colombia 301;N/A;Discovery Home & Health;N/A;Variedades;Si
Colombia;DGO;DTH Colombia 301;N/A;Investigation Discovery (ID) HD;N/A;Variedades;Si
Colombia;DGO;DTH Colombia 301;N/A;Discovery Kids HD;N/A;Infantil;Si
Colombia;DGO;DTH Colombia 301;N/A;Discovery Theater;N/A;Mundo;No
Colombia;DGO;DTH Colombia 301;N/A;Discovery Travel & Living Channel (TLC) HD;N/A;Mundo;No
Colombia;DGO;DTH Colombia 301;N/A;Discovery Turbo;N/A;Mundo;No
Colombia;DGO;DTH Colombia 301;N/A;Discovery World;N/A;Mundo;No
Colombia;DGO;DTH Colombia 301;N/A;Disney Multicountry;N/A;Infantil;Si
Colombia;DGO;DTH Colombia 301;N/A;Disney Junior Sur;N/A;Infantil;Si
Colombia;DGO;DTH Colombia 301;N/A;DNews;N/A;Mundo;No
Colombia;DGO;DTH Colombia 301;N/A;DShow;N/A;Variedades;No
Colombia;DGO;DTH Colombia 301;N/A;DSports Radio;N/A;Deportes;No
Colombia;DGO;DTH Colombia 301;N/A;E! Entertainment México;N/A;Variedades;Si
Colombia;DGO;DTH Colombia 301;N/A;Edye;N/A;Infantil;Si
Colombia;DGO;DTH Colombia 301;N/A;El Gourmet;N/A;Variedades;Si
Colombia;DGO;DTH Colombia 301;N/A;El Reino Infantil;N/A;Infantil;No
Colombia;DGO;DTH Colombia 301;N/A;El Tiempo TV;N/A;Nacional;Si
Colombia;DGO;DTH Colombia 301;N/A;ESPN 2 Latin Andina HD;N/A;Deportes;Si
Colombia;DGO;DTH Colombia 301;N/A;ESPN 3;N/A;Deportes;Si
Colombia;DGO;DTH Colombia 301;N/A;ESPN 4;N/A;Deportes;No
Colombia;DGO;DTH Colombia 301;N/A;ESPN Colombia HD;N/A;Deportes;Si
Colombia;DGO;DTH Colombia 301;N/A;ESPN Extra;N/A;Deportes;No
Colombia;DGO;DTH Colombia 301;N/A;Food Network HD;N/A;Variedades;No
Colombia;DGO;DTH Colombia 301;N/A;Fox News;N/A;Mundo;Si
Colombia;DGO;DTH Colombia 301;N/A;Fox Sports Sur;N/A;Deportes;Si
Colombia;DGO;DTH Colombia 301;N/A;Fox Sports Sur 2;N/A;Deportes;Si
Colombia;DGO;DTH Colombia 301;N/A;Fox Sports 3;N/A;Deportes;Si
Colombia;DGO;DTH Colombia 301;N/A;France 24 Español;N/A;Mundo;No
Colombia;DGO;DTH Colombia 301;N/A;FreeTV Acción;N/A;Cine;Si
Colombia;DGO;DTH Colombia 301;N/A;FreeTV Drama;N/A;Cine;Si
Colombia;DGO;DTH Colombia 301;N/A;FreeTV Estelar;N/A;Cine;Si
Colombia;DGO;DTH Colombia 301;N/A;FreeTV Familia;N/A;Cine;Si
Colombia;DGO;DTH Colombia 301;N/A;FreeTV Hits;N/A;Cine;Si
Colombia;DGO;DTH Colombia 301;N/A;FreeTV Terror;N/A;Cine;Si
Colombia;DGO;DTH Colombia 301;N/A;FX Colombia HD;N/A;Variedades;Si
Colombia;DGO;DTH Colombia 301;N/A;Glitz;N/A;Variedades;No
Colombia;DGO;DTH Colombia 301;N/A;Golf Channel HD;N/A;Deportes;No
Colombia;DGO;DTH Colombia 301;N/A;Gran Hermano;N/A;Variedades;No
Colombia;DGO;DTH Colombia 301;N/A;HBO;N/A;Cine;No
Colombia;DGO;DTH Colombia 301;N/A;HBO 2;N/A;Cine;No
Colombia;DGO;DTH Colombia 301;N/A;HBO Family;N/A;Cine;No
Colombia;DGO;DTH Colombia 301;N/A;HBO Plus HD;N/A;Cine;No
Colombia;DGO;DTH Colombia 301;N/A;HBO Signature;N/A;Cine;No
Colombia;DGO;DTH Colombia 301;N/A;HGTV;N/A;Variedades;No
Colombia;DGO;DTH Colombia 301;N/A;History 2 HD;N/A;Mundo;No
Colombia;DGO;DTH Colombia 301;N/A;History HD;N/A;Mundo;No
Colombia;DGO;DTH Colombia 301;N/A;Hola TV HD;N/A;Variedades;Si
Colombia;DGO;DTH Colombia 301;N/A;HTV;N/A;Variedades;Si
Colombia;DGO;DTH Colombia 301;N/A;ISAT;N/A;Cine;No
Colombia;DGO;DTH Colombia 301;N/A;Lifetime HD;N/A;Variedades;No
Colombia;DGO;DTH Colombia 301;N/A;Más Chic;N/A;Variedades;Si
Colombia;DGO;DTH Colombia 301;N/A;Mega Noticias;N/A;Mundo;Si
Colombia;DGO;DTH Colombia 301;N/A;Mega Tiempo;N/A;Mundo;Si
Colombia;DGO;DTH Colombia 301;N/A;Mórbido TV;N/A;Cine;No
Colombia;DGO;DTH Colombia 301;N/A;MTV HD;N/A;Variedades;Si
Colombia;DGO;DTH Colombia 301;N/A;National Geographic Latam HD;N/A;Mundo;Si
Colombia;DGO;DTH Colombia 301;N/A;Newsmax TV;N/A;Nacional;Si
Colombia;DGO;DTH Colombia 301;N/A;Nick Jr. HD;N/A;Infantil;Si
Colombia;DGO;DTH Colombia 301;N/A;Nickelodeon HD;N/A;Infantil;Si
Colombia;DGO;DTH Colombia 301;N/A;NTN 24;N/A;Nacional;Si
Colombia;DGO;DTH Colombia 301;N/A;OnDIRECTV;N/A;Cine;Si
Colombia;DGO;DTH Colombia 301;N/A;Plim Plim;N/A;Infantil;No
Colombia;DGO;DTH Colombia 301;N/A;Rai Italia;N/A;Mundo;No
Colombia;DGO;DTH Colombia 301;N/A;RCN HD;N/A;Nacional;Si
Colombia;DGO;DTH Colombia 301;N/A;RCN Más;N/A;Variedades;Si
Colombia;DGO;DTH Colombia 301;N/A;RCN Noticias;N/A;Mundo;Si
Colombia;DGO;DTH Colombia 301;N/A;Sony;N/A;Cine;Si
Colombia;DGO;DTH Colombia 301;N/A;Sony Movies;N/A;Cine;No
Colombia;DGO;DTH Colombia 301;N/A;Space Andes;N/A;Cine;Si
Colombia;DGO;DTH Colombia 301;N/A;Star Channel;N/A;Cine;Si
Colombia;DGO;DTH Colombia 301;N/A;Studio Universal HD;N/A;Cine;Si
Colombia;DGO;DTH Colombia 301;N/A;SyFy HD;N/A;Variedades;No
Colombia;DGO;DTH Colombia 301;N/A;Tastemade;N/A;Variedades;Si
Colombia;DGO;DTH Colombia 301;N/A;Tastemade Viajes;N/A;Variedades;Si
Colombia;DGO;DTH Colombia 301;N/A;TBS Very Funny;N/A;Variedades;No
Colombia;DGO;DTH Colombia 301;N/A;TCM;N/A;Cine;No
Colombia;DGO;DTH Colombia 301;N/A;Telemundo Internacional;N/A;Variedades;Si
Colombia;DGO;DTH Colombia 301;N/A;Discovery Travel & Living Channel (TLC);N/A;Variedades;No
Colombia;DGO;DTH Colombia 301;N/A;TNT HD;N/A;Cine;Si
Colombia;DGO;DTH Colombia 301;N/A;TNT Novelas;N/A;Variedades;No
Colombia;DGO;DTH Colombia 301;N/A;TNT Series HD;N/A;Cine;No
Colombia;DGO;DTH Colombia 301;N/A;truTV;N/A;Variedades;No
Colombia;DGO;DTH Colombia 301;N/A;TCM;N/A;Cine;No
Colombia;DGO;DTH Colombia 301;N/A;TV Cortos;N/A;Cine;No
Colombia;DGO;DTH Colombia 301;N/A;TV Universal HD;N/A;Deportes;Si
Colombia;DGO;DTH Colombia 301;N/A;TyC Sports;N/A;Deportes;No
Colombia;DGO;DTH Colombia 301;N/A;TyC Sports Fan;N/A;Deportes;Si
Colombia;DGO;DTH Colombia 301;N/A;Warner Channel HD;N/A;Variedades;Si
Colombia;DGO;DTH Colombia 301;N/A;Win Premium;N/A;Deportes;No
Colombia;DGO;DTH Colombia 301;N/A;Win Sports HD;N/A;Deportes;Si
Colombia;DGO;DTH Wow;N/A;A&E;N/A;Variedades;Si
Colombia;DGO;DTH Wow;N/A;Atres Cine;N/A;Cine;Si
Colombia;DGO;DTH Wow;N/A;AMC;N/A;Variedades;Si
Colombia;DGO;DTH Wow;N/A;Animal Planet HD;N/A;Mundo;Si
Colombia;DGO;DTH Wow;N/A;Antena 3 HD;N/A;Mundo;Si
Colombia;DGO;DTH Wow;N/A;Atres Series HD;N/A;Cine;Si
Colombia;DGO;DTH Wow;N/A;AXN;N/A;Variedades;Si
Colombia;DGO;DTH Wow;N/A;Azteca Internacional;N/A;Variedades;Si
Colombia;DGO;DTH Wow;N/A;BabyTV HD;N/A;Infantil;No
Colombia;DGO;DTH Wow;N/A;Bloomberg;N/A;Mundo;Si
Colombia;DGO;DTH Wow;N/A;Boomerang;N/A;Infantil;Si
Colombia;DGO;DTH Wow;N/A;Canal UNO;N/A;Nacional;Si
Colombia;DGO;DTH Wow;N/A;Caracol Mix;N/A;Variedades;Si
Colombia;DGO;DTH Wow;N/A;Caracol TV;N/A;Nacional;Si
Colombia;DGO;DTH Wow;N/A;Cartoon Network HD;N/A;Infantil;Si
Colombia;DGO;DTH Wow;N/A;Cartoonito;N/A;Infantil;No
Colombia;DGO;DTH Wow;N/A;CGTN Español;N/A;Mundo;Si
Colombia;DGO;DTH Wow;N/A;Cinecanal Andes;N/A;Cine;Si
Colombia;DGO;DTH Wow;N/A;Cinelatino;N/A;Cine;Si
Colombia;DGO;DTH Wow;N/A;Cinema;N/A;Cine;Si
Colombia;DGO;DTH Wow;N/A;Cinemax HD;N/A;Cine;Si
Colombia;DGO;DTH Wow;N/A;City TV;N/A;Nacional;Si
Colombia;DGO;DTH Wow;N/A;Clic;N/A;Variedades;Si
Colombia;DGO;DTH Wow;N/A;CNN International;N/A;Mundo;Si
Colombia;DGO;DTH Wow;N/A;CNN en Español;N/A;Mundo;Si
Colombia;DGO;DTH Wow;N/A;Comedy Central HD;N/A;Variedades;Si
Colombia;DGO;DTH Wow;N/A;Corazón;N/A;Variedades;Si
Colombia;DGO;DTH Wow;N/A;Daystar Español;N/A;Mundo;No
Colombia;DGO;DTH Wow;N/A;DIRECTV Eventos 1;N/A;Occasional SSLA;No
Colombia;DGO;DTH Wow;N/A;DIRECTV Eventos 2;N/A;Occasional SSLA;No
Colombia;DGO;DTH Wow;N/A;DIRECTV Eventos 3;N/A;Occasional SSLA;No
Colombia;DGO;DTH Wow;N/A;DIRECTV Eventos 4;N/A;Occasional SSLA;No
Colombia;DGO;DTH Wow;N/A;DIRECTV Eventos 5;N/A;Occasional SSLA;No
Colombia;DGO;DTH Wow;N/A;DIRECTV Eventos 6;N/A;Occasional SSLA;No
Colombia;DGO;DTH Wow;N/A;DIRECTV Eventos 7;N/A;Occasional SSLA;No
Colombia;DGO;DTH Wow;N/A;Dsports Colombia;N/A;Deportes;Si
Colombia;DGO;DTH Wow;N/A;DSports 2 HD;N/A;Deportes;Si
Colombia;DGO;DTH Wow;N/A;DSports Fight;N/A;Deportes;Si
Colombia;DGO;DTH Wow;N/A;DSports Plus;N/A;Deportes;Si
Colombia;DGO;DTH Wow;N/A;Discovery Channel HD;N/A;Mundo;Si
Colombia;DGO;DTH Wow;N/A;Discovery Home & Health;N/A;Variedades;Si
Colombia;DGO;DTH Wow;N/A;Investigation Discovery (ID) HD;N/A;Variedades;Si
Colombia;DGO;DTH Wow;N/A;Discovery Kids HD;N/A;Infantil;Si
Colombia;DGO;DTH Wow;N/A;Discovery Theater;N/A;Mundo;No
Colombia;DGO;DTH Wow;N/A;Discovery Travel & Living Channel (TLC) HD;N/A;Mundo;Si
Colombia;DGO;DTH Wow;N/A;Discovery Turbo;N/A;Mundo;No
Colombia;DGO;DTH Wow;N/A;Discovery World;N/A;Mundo;No
Colombia;DGO;DTH Wow;N/A;Disney Multicountry;N/A;Infantil;Si
Colombia;DGO;DTH Wow;N/A;Disney Junior Sur;N/A;Infantil;No
Colombia;DGO;DTH Wow;N/A;DNews;N/A;Mundo;No
Colombia;DGO;DTH Wow;N/A;DShow;N/A;Variedades;No
Colombia;DGO;DTH Wow;N/A;DSports Radio;N/A;Deportes;No
Colombia;DGO;DTH Wow;N/A;E! Entertainment México;N/A;Variedades;Si
Colombia;DGO;DTH Wow;N/A;Edye;N/A;Infantil;Si
Colombia;DGO;DTH Wow;N/A;El Gourmet;N/A;Variedades;Si
Colombia;DGO;DTH Wow;N/A;El Reino Infantil;N/A;Infantil;No
Colombia;DGO;DTH Wow;N/A;El Tiempo TV;N/A;Nacional;Si
Colombia;DGO;DTH Wow;N/A;ESPN 2 Latin Andina HD;N/A;Deportes;Si
Colombia;DGO;DTH Wow;N/A;ESPN 3;N/A;Deportes;Si
Colombia;DGO;DTH Wow;N/A;ESPN 4;N/A;Deportes;No
Colombia;DGO;DTH Wow;N/A;ESPN Colombia HD;N/A;Deportes;Si
Colombia;DGO;DTH Wow;N/A;ESPN Extra;N/A;Deportes;No
Colombia;DGO;DTH Wow;N/A;Food Network HD;N/A;Variedades;Si
Colombia;DGO;DTH Wow;N/A;Fox News;N/A;Mundo;Si
Colombia;DGO;DTH Wow;N/A;Fox Sports Sur;N/A;Deportes;Si
Colombia;DGO;DTH Wow;N/A;Fox Sports Sur 2;N/A;Deportes;Si
Colombia;DGO;DTH Wow;N/A;Fox Sports 3;N/A;Deportes;Si
Colombia;DGO;DTH Wow;N/A;France 24 Español;N/A;Mundo;No
Colombia;DGO;DTH Wow;N/A;FreeTV Acción;N/A;Cine;Si
Colombia;DGO;DTH Wow;N/A;FreeTV Drama;N/A;Cine;Si
Colombia;DGO;DTH Wow;N/A;FreeTV Estelar;N/A;Cine;Si
Colombia;DGO;DTH Wow;N/A;FreeTV Familia;N/A;Cine;Si
Colombia;DGO;DTH Wow;N/A;FreeTV Hits;N/A;Cine;Si
Colombia;DGO;DTH Wow;N/A;FreeTV Terror;N/A;Cine;Si
Colombia;DGO;DTH Wow;N/A;FX Colombia HD;N/A;Variedades;Si
Colombia;DGO;DTH Wow;N/A;Glitz;N/A;Variedades;Si
Colombia;DGO;DTH Wow;N/A;Golf Channel HD;N/A;Deportes;Si
Colombia;DGO;DTH Wow;N/A;Gran Hermano;N/A;Variedades;No
Colombia;DGO;DTH Wow;N/A;HBO;N/A;Cine;No
Colombia;DGO;DTH Wow;N/A;HBO 2;N/A;Cine;No
Colombia;DGO;DTH Wow;N/A;HBO Family;N/A;Cine;No
Colombia;DGO;DTH Wow;N/A;HBO Plus HD;N/A;Cine;No
Colombia;DGO;DTH Wow;N/A;HBO Signature;N/A;Cine;No
Colombia;DGO;DTH Wow;N/A;HGTV;N/A;Variedades;Si
Colombia;DGO;DTH Wow;N/A;History 2 HD;N/A;Mundo;Si
Colombia;DGO;DTH Wow;N/A;History HD;N/A;Mundo;Si
Colombia;DGO;DTH Wow;N/A;Hola TV HD;N/A;Variedades;Si
Colombia;DGO;DTH Wow;N/A;HTV;N/A;Variedades;Si
Colombia;DGO;DTH Wow;N/A;ISAT;N/A;Cine;Si
Colombia;DGO;DTH Wow;N/A;Lifetime HD;N/A;Variedades;Si
Colombia;DGO;DTH Wow;N/A;Más Chic;N/A;Variedades;Si
Colombia;DGO;DTH Wow;N/A;Mega Noticias;N/A;Mundo;Si
Colombia;DGO;DTH Wow;N/A;Mega Tiempo;N/A;Mundo;Si
Colombia;DGO;DTH Wow;N/A;Mórbido TV;N/A;Cine;No
Colombia;DGO;DTH Wow;N/A;MTV HD;N/A;Variedades;Si
Colombia;DGO;DTH Wow;N/A;National Geographic Latam HD;N/A;Mundo;No
Colombia;DGO;DTH Wow;N/A;Newsmax TV;N/A;Nacional;Si
Colombia;DGO;DTH Wow;N/A;Nick Jr. HD;N/A;Infantil;Si
Colombia;DGO;DTH Wow;N/A;Nickelodeon HD;N/A;Infantil;Si
Colombia;DGO;DTH Wow;N/A;NTN 24;N/A;Nacional;Si
Colombia;DGO;DTH Wow;N/A;OnDIRECTV;N/A;Cine;Si
Colombia;DGO;DTH Wow;N/A;Plim Plim;N/A;Infantil;No
Colombia;DGO;DTH Wow;N/A;Rai Italia;N/A;Mundo;Si
Colombia;DGO;DTH Wow;N/A;RCN HD;N/A;Nacional;No
Colombia;DGO;DTH Wow;N/A;RCN Más;N/A;Variedades;Si
Colombia;DGO;DTH Wow;N/A;RCN Noticias;N/A;Mundo;Si
Colombia;DGO;DTH Wow;N/A;Sony;N/A;Cine;Si
Colombia;DGO;DTH Wow;N/A;Sony Movies;N/A;Cine;No
Colombia;DGO;DTH Wow;N/A;Space Andes;N/A;Cine;Si
Colombia;DGO;DTH Wow;N/A;Star Channel;N/A;Cine;Si
Colombia;DGO;DTH Wow;N/A;Studio Universal HD;N/A;Cine;Si
Colombia;DGO;DTH Wow;N/A;SyFy HD;N/A;Variedades;Si
Colombia;DGO;DTH Wow;N/A;Tastemade;N/A;Variedades;Si
Colombia;DGO;DTH Wow;N/A;Tastemade Viajes;N/A;Variedades;Si
Colombia;DGO;DTH Wow;N/A;TBS Very Funny;N/A;Variedades;Si
Colombia;DGO;DTH Wow;N/A;TCM;N/A;Cine;No
Colombia;DGO;DTH Wow;N/A;Telemundo Internacional;N/A;Variedades;Si
Colombia;DGO;DTH Wow;N/A;Discovery Travel & Living Channel (TLC);N/A;Variedades;No
Colombia;DGO;DTH Wow;N/A;TNT HD;N/A;Cine;Si
Colombia;DGO;DTH Wow;N/A;TNT Novelas;N/A;Variedades;No
Colombia;DGO;DTH Wow;N/A;TNT Series HD;N/A;Cine;Si
Colombia;DGO;DTH Wow;N/A;truTV;N/A;Variedades;Si
Colombia;DGO;DTH Wow;N/A;TCM;N/A;Cine;Si
Colombia;DGO;DTH Wow;N/A;TV Cortos;N/A;Cine;No
Colombia;DGO;DTH Wow;N/A;TV Universal HD;N/A;Deportes;Si
Colombia;DGO;DTH Wow;N/A;TyC Sports;N/A;Deportes;No
Colombia;DGO;DTH Wow;N/A;TyC Sports Fan;N/A;Deportes;Si
Colombia;DGO;DTH Wow;N/A;Warner Channel HD;N/A;Variedades;Si
Colombia;DGO;DTH Wow;N/A;Win Premium;N/A;Deportes;No
Colombia;DGO;DTH Wow;N/A;Win Sports HD;N/A;Deportes;No
Colombia;DGO;DTVGO Colombia 201;N/A;A&E;N/A;Variedades;Si
Colombia;DGO;DTVGO Colombia 201;N/A;Atres Cine;N/A;Cine;No
Colombia;DGO;DTVGO Colombia 201;N/A;AMC;N/A;Variedades;No
Colombia;DGO;DTVGO Colombia 201;N/A;Animal Planet HD;N/A;Mundo;No
Colombia;DGO;DTVGO Colombia 201;N/A;Antena 3 HD;N/A;Mundo;No
Colombia;DGO;DTVGO Colombia 201;N/A;Atres Series HD;N/A;Cine;No
Colombia;DGO;DTVGO Colombia 201;N/A;AXN;N/A;Variedades;No
Colombia;DGO;DTVGO Colombia 201;N/A;Azteca Internacional;N/A;Variedades;Si
Colombia;DGO;DTVGO Colombia 201;N/A;BabyTV HD;N/A;Infantil;No
Colombia;DGO;DTVGO Colombia 201;N/A;Bloomberg;N/A;Mundo;No
Colombia;DGO;DTVGO Colombia 201;N/A;Boomerang;N/A;Infantil;Si
Colombia;DGO;DTVGO Colombia 201;N/A;Canal UNO;N/A;Nacional;No
Colombia;DGO;DTVGO Colombia 201;N/A;Caracol Mix;N/A;Variedades;Si
Colombia;DGO;DTVGO Colombia 201;N/A;Caracol TV;N/A;Nacional;Si
Colombia;DGO;DTVGO Colombia 201;N/A;Cartoon Network HD;N/A;Infantil;Si
Colombia;DGO;DTVGO Colombia 201;N/A;Cartoonito;N/A;Infantil;No
Colombia;DGO;DTVGO Colombia 201;N/A;CGTN Español;N/A;Mundo;Si
Colombia;DGO;DTVGO Colombia 201;N/A;Cinecanal Andes;N/A;Cine;Si
Colombia;DGO;DTVGO Colombia 201;N/A;Cinelatino;N/A;Cine;Si
Colombia;DGO;DTVGO Colombia 201;N/A;Cinema;N/A;Cine;Si
Colombia;DGO;DTVGO Colombia 201;N/A;Cinemax HD;N/A;Cine;Si
Colombia;DGO;DTVGO Colombia 201;N/A;City TV;N/A;Nacional;No
Colombia;DGO;DTVGO Colombia 201;N/A;Clic;N/A;Variedades;Si
Colombia;DGO;DTVGO Colombia 201;N/A;CNN International;N/A;Mundo;No
Colombia;DGO;DTVGO Colombia 201;N/A;CNN en Español;N/A;Mundo;Si
Colombia;DGO;DTVGO Colombia 201;N/A;Comedy Central HD;N/A;Variedades;No
Colombia;DGO;DTVGO Colombia 201;N/A;Corazón;N/A;Variedades;Si
Colombia;DGO;DTVGO Colombia 201;N/A;Daystar Español;N/A;Mundo;No
Colombia;DGO;DTVGO Colombia 201;N/A;DIRECTV Eventos 1;N/A;Occasional SSLA;Si
Colombia;DGO;DTVGO Colombia 201;N/A;DIRECTV Eventos 2;N/A;Occasional SSLA;Si
Colombia;DGO;DTVGO Colombia 201;N/A;DIRECTV Eventos 3;N/A;Occasional SSLA;Si
Colombia;DGO;DTVGO Colombia 201;N/A;DIRECTV Eventos 4;N/A;Occasional SSLA;No
Colombia;DGO;DTVGO Colombia 201;N/A;DIRECTV Eventos 5;N/A;Occasional SSLA;Si
Colombia;DGO;DTVGO Colombia 201;N/A;DIRECTV Eventos 6;N/A;Occasional SSLA;Si
Colombia;DGO;DTVGO Colombia 201;N/A;DIRECTV Eventos 7;N/A;Occasional SSLA;No
Colombia;DGO;DTVGO Colombia 201;N/A;Dsports Colombia;N/A;Deportes;Si
Colombia;DGO;DTVGO Colombia 201;N/A;DSports 2 HD;N/A;Deportes;Si
Colombia;DGO;DTVGO Colombia 201;N/A;DSports Fight;N/A;Deportes;Si
Colombia;DGO;DTVGO Colombia 201;N/A;DSports Plus;N/A;Deportes;Si
Colombia;DGO;DTVGO Colombia 201;N/A;Discovery Channel HD;N/A;Mundo;Si
Colombia;DGO;DTVGO Colombia 201;N/A;Discovery Home & Health;N/A;Variedades;Si
Colombia;DGO;DTVGO Colombia 201;N/A;Investigation Discovery (ID) HD;N/A;Variedades;Si
Colombia;DGO;DTVGO Colombia 201;N/A;Discovery Kids HD;N/A;Infantil;Si
Colombia;DGO;DTVGO Colombia 201;N/A;Discovery Theater;N/A;Mundo;No
Colombia;DGO;DTVGO Colombia 201;N/A;Discovery Travel & Living Channel (TLC) HD;N/A;Mundo;No
Colombia;DGO;DTVGO Colombia 201;N/A;Discovery Turbo;N/A;Mundo;No
Colombia;DGO;DTVGO Colombia 201;N/A;Discovery World;N/A;Mundo;No
Colombia;DGO;DTVGO Colombia 201;N/A;Disney Multicountry;N/A;Infantil;Si
Colombia;DGO;DTVGO Colombia 201;N/A;Disney Junior Sur;N/A;Infantil;Si
Colombia;DGO;DTVGO Colombia 201;N/A;DNews;N/A;Mundo;No
Colombia;DGO;DTVGO Colombia 201;N/A;DShow;N/A;Variedades;No
Colombia;DGO;DTVGO Colombia 201;N/A;DSports Radio;N/A;Deportes;No
Colombia;DGO;DTVGO Colombia 201;N/A;E! Entertainment México;N/A;Variedades;Si
Colombia;DGO;DTVGO Colombia 201;N/A;Edye;N/A;Infantil;Si
Colombia;DGO;DTVGO Colombia 201;N/A;El Gourmet;N/A;Variedades;Si
Colombia;DGO;DTVGO Colombia 201;N/A;El Reino Infantil;N/A;Infantil;No
Colombia;DGO;DTVGO Colombia 201;N/A;El Tiempo TV;N/A;Nacional;No
Colombia;DGO;DTVGO Colombia 201;N/A;ESPN 2 Latin Andina HD;N/A;Deportes;Si
Colombia;DGO;DTVGO Colombia 201;N/A;ESPN 3;N/A;Deportes;No
Colombia;DGO;DTVGO Colombia 201;N/A;ESPN 4;N/A;Deportes;No
Colombia;DGO;DTVGO Colombia 201;N/A;ESPN Colombia HD;N/A;Deportes;Si
Colombia;DGO;DTVGO Colombia 201;N/A;ESPN Extra;N/A;Deportes;No
Colombia;DGO;DTVGO Colombia 201;N/A;Food Network HD;N/A;Variedades;Si
Colombia;DGO;DTVGO Colombia 201;N/A;Fox News;N/A;Mundo;Si
Colombia;DGO;DTVGO Colombia 201;N/A;Fox Sports Sur;N/A;Deportes;Si
Colombia;DGO;DTVGO Colombia 201;N/A;Fox Sports Sur 2;N/A;Deportes;Si
Colombia;DGO;DTVGO Colombia 201;N/A;Fox Sports 3;N/A;Deportes;Si
Colombia;DGO;DTVGO Colombia 201;N/A;France 24 Español;N/A;Mundo;No
Colombia;DGO;DTVGO Colombia 201;N/A;FreeTV Acción;N/A;Cine;Si
Colombia;DGO;DTVGO Colombia 201;N/A;FreeTV Drama;N/A;Cine;Si
Colombia;DGO;DTVGO Colombia 201;N/A;FreeTV Estelar;N/A;Cine;Si
Colombia;DGO;DTVGO Colombia 201;N/A;FreeTV Familia;N/A;Cine;Si
Colombia;DGO;DTVGO Colombia 201;N/A;FreeTV Hits;N/A;Cine;Si
Colombia;DGO;DTVGO Colombia 201;N/A;FreeTV Terror;N/A;Cine;Si
Colombia;DGO;DTVGO Colombia 201;N/A;FX Colombia HD;N/A;Variedades;Si
Colombia;DGO;DTVGO Colombia 201;N/A;Glitz;N/A;Variedades;No
Colombia;DGO;DTVGO Colombia 201;N/A;Golf Channel HD;N/A;Deportes;No
Colombia;DGO;DTVGO Colombia 201;N/A;Gran Hermano;N/A;Variedades;No
Colombia;DGO;DTVGO Colombia 201;N/A;HBO;N/A;Cine;No
Colombia;DGO;DTVGO Colombia 201;N/A;HBO 2;N/A;Cine;No
Colombia;DGO;DTVGO Colombia 201;N/A;HBO Family;N/A;Cine;No
Colombia;DGO;DTVGO Colombia 201;N/A;HBO Plus HD;N/A;Cine;No
Colombia;DGO;DTVGO Colombia 201;N/A;HBO Signature;N/A;Cine;No
Colombia;DGO;DTVGO Colombia 201;N/A;HGTV;N/A;Variedades;No
Colombia;DGO;DTVGO Colombia 201;N/A;History 2 HD;N/A;Mundo;No
Colombia;DGO;DTVGO Colombia 201;N/A;History HD;N/A;Mundo;No
Colombia;DGO;DTVGO Colombia 201;N/A;Hola TV HD;N/A;Variedades;Si
Colombia;DGO;DTVGO Colombia 201;N/A;HTV;N/A;Variedades;Si
Colombia;DGO;DTVGO Colombia 201;N/A;ISAT;N/A;Cine;No
Colombia;DGO;DTVGO Colombia 201;N/A;Lifetime HD;N/A;Variedades;No
Colombia;DGO;DTVGO Colombia 201;N/A;Más Chic;N/A;Variedades;Si
Colombia;DGO;DTVGO Colombia 201;N/A;Mega Noticias;N/A;Mundo;Si
Colombia;DGO;DTVGO Colombia 201;N/A;Mega Tiempo;N/A;Mundo;Si
Colombia;DGO;DTVGO Colombia 201;N/A;Mórbido TV;N/A;Cine;No
Colombia;DGO;DTVGO Colombia 201;N/A;MTV HD;N/A;Variedades;Si
Colombia;DGO;DTVGO Colombia 201;N/A;National Geographic Latam HD;N/A;Mundo;Si
Colombia;DGO;DTVGO Colombia 201;N/A;Newsmax TV;N/A;Nacional;Si
Colombia;DGO;DTVGO Colombia 201;N/A;Nick Jr. HD;N/A;Infantil;No
Colombia;DGO;DTVGO Colombia 201;N/A;Nickelodeon HD;N/A;Infantil;Si
Colombia;DGO;DTVGO Colombia 201;N/A;NTN 24;N/A;Nacional;No
Colombia;DGO;DTVGO Colombia 201;N/A;OnDIRECTV;N/A;Cine;Si
Colombia;DGO;DTVGO Colombia 201;N/A;Plim Plim;N/A;Infantil;No
Colombia;DGO;DTVGO Colombia 201;N/A;Rai Italia;N/A;Mundo;No
Colombia;DGO;DTVGO Colombia 201;N/A;RCN HD;N/A;Nacional;Si
Colombia;DGO;DTVGO Colombia 201;N/A;RCN Más;N/A;Variedades;Si
Colombia;DGO;DTVGO Colombia 201;N/A;RCN Noticias;N/A;Mundo;Si
Colombia;DGO;DTVGO Colombia 201;N/A;Sony;N/A;Cine;Si
Colombia;DGO;DTVGO Colombia 201;N/A;Sony Movies;N/A;Cine;No
Colombia;DGO;DTVGO Colombia 201;N/A;Space Andes;N/A;Cine;Si
Colombia;DGO;DTVGO Colombia 201;N/A;Star Channel;N/A;Cine;Si
Colombia;DGO;DTVGO Colombia 201;N/A;Studio Universal HD;N/A;Cine;Si
Colombia;DGO;DTVGO Colombia 201;N/A;SyFy HD;N/A;Variedades;No
Colombia;DGO;DTVGO Colombia 201;N/A;Tastemade;N/A;Variedades;Si
Colombia;DGO;DTVGO Colombia 201;N/A;Tastemade Viajes;N/A;Variedades;Si
Colombia;DGO;DTVGO Colombia 201;N/A;TBS Very Funny;N/A;Variedades;No
Colombia;DGO;DTVGO Colombia 201;N/A;TCM;N/A;Cine;No
Colombia;DGO;DTVGO Colombia 201;N/A;Telemundo Internacional;N/A;Variedades;Si
Colombia;DGO;DTVGO Colombia 201;N/A;Discovery Travel & Living Channel (TLC);N/A;Variedades;No
Colombia;DGO;DTVGO Colombia 201;N/A;TNT HD;N/A;Cine;Si
Colombia;DGO;DTVGO Colombia 201;N/A;TNT Novelas;N/A;Variedades;No
Colombia;DGO;DTVGO Colombia 201;N/A;TNT Series HD;N/A;Cine;Si
Colombia;DGO;DTVGO Colombia 201;N/A;truTV;N/A;Variedades;No
Colombia;DGO;DTVGO Colombia 201;N/A;TCM;N/A;Cine;No
Colombia;DGO;DTVGO Colombia 201;N/A;TV Cortos;N/A;Cine;No
Colombia;DGO;DTVGO Colombia 201;N/A;TV Universal HD;N/A;Deportes;Si
Colombia;DGO;DTVGO Colombia 201;N/A;TyC Sports;N/A;Deportes;No
Colombia;DGO;DTVGO Colombia 201;N/A;TyC Sports Fan;N/A;Deportes;Si
Colombia;DGO;DTVGO Colombia 201;N/A;Warner Channel HD;N/A;Variedades;Si
Colombia;DGO;DTVGO Colombia 201;N/A;Win Premium;N/A;Deportes;No
Colombia;DGO;DTVGO Colombia 201;N/A;Win Sports HD;N/A;Deportes;Si
Colombia;DGO;Retencion;N/A;A&E;N/A;Variedades;Si
Colombia;DGO;Retencion;N/A;Atres Cine;N/A;Cine;Si
Colombia;DGO;Retencion;N/A;AMC;N/A;Variedades;Si
Colombia;DGO;Retencion;N/A;Animal Planet HD;N/A;Mundo;Si
Colombia;DGO;Retencion;N/A;Antena 3 HD;N/A;Mundo;Si
Colombia;DGO;Retencion;N/A;Atres Series HD;N/A;Cine;Si
Colombia;DGO;Retencion;N/A;AXN;N/A;Variedades;Si
Colombia;DGO;Retencion;N/A;Azteca Internacional;N/A;Variedades;Si
Colombia;DGO;Retencion;N/A;BabyTV HD;N/A;Infantil;Si
Colombia;DGO;Retencion;N/A;Bloomberg;N/A;Mundo;Si
Colombia;DGO;Retencion;N/A;Boomerang;N/A;Infantil;Si
Colombia;DGO;Retencion;N/A;Canal UNO;N/A;Nacional;Si
Colombia;DGO;Retencion;N/A;Caracol Mix;N/A;Variedades;Si
Colombia;DGO;Retencion;N/A;Caracol TV;N/A;Nacional;Si
Colombia;DGO;Retencion;N/A;Cartoon Network HD;N/A;Infantil;Si
Colombia;DGO;Retencion;N/A;Cartoonito;N/A;Infantil;No
Colombia;DGO;Retencion;N/A;CGTN Español;N/A;Mundo;Si
Colombia;DGO;Retencion;N/A;Cinecanal Andes;N/A;Cine;Si
Colombia;DGO;Retencion;N/A;Cinelatino;N/A;Cine;Si
Colombia;DGO;Retencion;N/A;Cinema;N/A;Cine;Si
Colombia;DGO;Retencion;N/A;Cinemax HD;N/A;Cine;Si
Colombia;DGO;Retencion;N/A;City TV;N/A;Nacional;Si
Colombia;DGO;Retencion;N/A;Clic;N/A;Variedades;Si
Colombia;DGO;Retencion;N/A;CNN International;N/A;Mundo;Si
Colombia;DGO;Retencion;N/A;CNN en Español;N/A;Mundo;Si
Colombia;DGO;Retencion;N/A;Comedy Central HD;N/A;Variedades;Si
Colombia;DGO;Retencion;N/A;Corazón;N/A;Variedades;Si
Colombia;DGO;Retencion;N/A;Daystar Español;N/A;Mundo;No
Colombia;DGO;Retencion;N/A;DIRECTV Eventos 1;N/A;Occasional SSLA;No
Colombia;DGO;Retencion;N/A;DIRECTV Eventos 2;N/A;Occasional SSLA;No
Colombia;DGO;Retencion;N/A;DIRECTV Eventos 3;N/A;Occasional SSLA;No
Colombia;DGO;Retencion;N/A;DIRECTV Eventos 4;N/A;Occasional SSLA;No
Colombia;DGO;Retencion;N/A;DIRECTV Eventos 5;N/A;Occasional SSLA;No
Colombia;DGO;Retencion;N/A;DIRECTV Eventos 6;N/A;Occasional SSLA;No
Colombia;DGO;Retencion;N/A;DIRECTV Eventos 7;N/A;Occasional SSLA;No
Colombia;DGO;Retencion;N/A;Dsports Colombia;N/A;Deportes;Si
Colombia;DGO;Retencion;N/A;DSports 2 HD;N/A;Deportes;Si
Colombia;DGO;Retencion;N/A;DSports Fight;N/A;Deportes;No
Colombia;DGO;Retencion;N/A;DSports Plus;N/A;Deportes;No
Colombia;DGO;Retencion;N/A;Discovery Channel HD;N/A;Mundo;Si
Colombia;DGO;Retencion;N/A;Discovery Home & Health;N/A;Variedades;Si
Colombia;DGO;Retencion;N/A;Investigation Discovery (ID) HD;N/A;Variedades;Si
Colombia;DGO;Retencion;N/A;Discovery Kids HD;N/A;Infantil;Si
Colombia;DGO;Retencion;N/A;Discovery Theater;N/A;Mundo;Si
Colombia;DGO;Retencion;N/A;Discovery Travel & Living Channel (TLC) HD;N/A;Mundo;Si
Colombia;DGO;Retencion;N/A;Discovery Turbo;N/A;Mundo;Si
Colombia;DGO;Retencion;N/A;Discovery World;N/A;Mundo;Si
Colombia;DGO;Retencion;N/A;Disney Multicountry;N/A;Infantil;Si
Colombia;DGO;Retencion;N/A;Disney Junior Sur;N/A;Infantil;Si
Colombia;DGO;Retencion;N/A;DNews;N/A;Mundo;No
Colombia;DGO;Retencion;N/A;DShow;N/A;Variedades;No
Colombia;DGO;Retencion;N/A;DSports Radio;N/A;Deportes;No
Colombia;DGO;Retencion;N/A;E! Entertainment México;N/A;Variedades;Si
Colombia;DGO;Retencion;N/A;Edye;N/A;Infantil;Si
Colombia;DGO;Retencion;N/A;El Gourmet;N/A;Variedades;Si
Colombia;DGO;Retencion;N/A;El Reino Infantil;N/A;Infantil;No
Colombia;DGO;Retencion;N/A;El Tiempo TV;N/A;Nacional;Si
Colombia;DGO;Retencion;N/A;ESPN 2 Latin Andina HD;N/A;Deportes;No
Colombia;DGO;Retencion;N/A;ESPN 3;N/A;Deportes;No
Colombia;DGO;Retencion;N/A;ESPN 4;N/A;Deportes;No
Colombia;DGO;Retencion;N/A;ESPN Colombia HD;N/A;Deportes;Si
Colombia;DGO;Retencion;N/A;ESPN Extra;N/A;Deportes;Si
Colombia;DGO;Retencion;N/A;Food Network HD;N/A;Variedades;Si
Colombia;DGO;Retencion;N/A;Fox News;N/A;Mundo;Si
Colombia;DGO;Retencion;N/A;Fox Sports Sur;N/A;Deportes;Si
Colombia;DGO;Retencion;N/A;Fox Sports Sur 2;N/A;Deportes;Si
Colombia;DGO;Retencion;N/A;Fox Sports 3;N/A;Deportes;Si
Colombia;DGO;Retencion;N/A;France 24 Español;N/A;Mundo;No
Colombia;DGO;Retencion;N/A;FreeTV Acción;N/A;Cine;Si
Colombia;DGO;Retencion;N/A;FreeTV Drama;N/A;Cine;Si
Colombia;DGO;Retencion;N/A;FreeTV Estelar;N/A;Cine;Si
Colombia;DGO;Retencion;N/A;FreeTV Familia;N/A;Cine;Si
Colombia;DGO;Retencion;N/A;FreeTV Hits;N/A;Cine;Si
Colombia;DGO;Retencion;N/A;FreeTV Terror;N/A;Cine;Si
Colombia;DGO;Retencion;N/A;FX Colombia HD;N/A;Variedades;Si
Colombia;DGO;Retencion;N/A;Glitz;N/A;Variedades;Si
Colombia;DGO;Retencion;N/A;Golf Channel HD;N/A;Deportes;Si
Colombia;DGO;Retencion;N/A;Gran Hermano;N/A;Variedades;No
Colombia;DGO;Retencion;N/A;HBO;N/A;Cine;No
Colombia;DGO;Retencion;N/A;HBO 2;N/A;Cine;No
Colombia;DGO;Retencion;N/A;HBO Family;N/A;Cine;No
Colombia;DGO;Retencion;N/A;HBO Plus HD;N/A;Cine;No
Colombia;DGO;Retencion;N/A;HBO Signature;N/A;Cine;No
Colombia;DGO;Retencion;N/A;HGTV;N/A;Variedades;Si
Colombia;DGO;Retencion;N/A;History 2 HD;N/A;Mundo;Si
Colombia;DGO;Retencion;N/A;History HD;N/A;Mundo;Si
Colombia;DGO;Retencion;N/A;Hola TV HD;N/A;Variedades;Si
Colombia;DGO;Retencion;N/A;HTV;N/A;Variedades;Si
Colombia;DGO;Retencion;N/A;ISAT;N/A;Cine;Si
Colombia;DGO;Retencion;N/A;Lifetime HD;N/A;Variedades;Si
Colombia;DGO;Retencion;N/A;Más Chic;N/A;Variedades;Si
Colombia;DGO;Retencion;N/A;Mega Noticias;N/A;Mundo;Si
Colombia;DGO;Retencion;N/A;Mega Tiempo;N/A;Mundo;Si
Colombia;DGO;Retencion;N/A;Mórbido TV;N/A;Cine;No
Colombia;DGO;Retencion;N/A;MTV HD;N/A;Variedades;Si
Colombia;DGO;Retencion;N/A;National Geographic Latam HD;N/A;Mundo;Si
Colombia;DGO;Retencion;N/A;Newsmax TV;N/A;Nacional;Si
Colombia;DGO;Retencion;N/A;Nick Jr. HD;N/A;Infantil;Si
Colombia;DGO;Retencion;N/A;Nickelodeon HD;N/A;Infantil;Si
Colombia;DGO;Retencion;N/A;NTN 24;N/A;Nacional;Si
Colombia;DGO;Retencion;N/A;OnDIRECTV;N/A;Cine;No
Colombia;DGO;Retencion;N/A;Plim Plim;N/A;Infantil;No
Colombia;DGO;Retencion;N/A;Rai Italia;N/A;Mundo;Si
Colombia;DGO;Retencion;N/A;RCN HD;N/A;Nacional;Si
Colombia;DGO;Retencion;N/A;RCN Más;N/A;Variedades;Si
Colombia;DGO;Retencion;N/A;RCN Noticias;N/A;Mundo;Si
Colombia;DGO;Retencion;N/A;Sony;N/A;Cine;Si
Colombia;DGO;Retencion;N/A;Sony Movies;N/A;Cine;No
Colombia;DGO;Retencion;N/A;Space Andes;N/A;Cine;Si
Colombia;DGO;Retencion;N/A;Star Channel;N/A;Cine;Si
Colombia;DGO;Retencion;N/A;Studio Universal HD;N/A;Cine;Si
Colombia;DGO;Retencion;N/A;SyFy HD;N/A;Variedades;Si
Colombia;DGO;Retencion;N/A;Tastemade;N/A;Variedades;Si
Colombia;DGO;Retencion;N/A;Tastemade Viajes;N/A;Variedades;Si
Colombia;DGO;Retencion;N/A;TBS Very Funny;N/A;Variedades;Si
Colombia;DGO;Retencion;N/A;TCM;N/A;Cine;No
Colombia;DGO;Retencion;N/A;Telemundo Internacional;N/A;Variedades;Si
Colombia;DGO;Retencion;N/A;Discovery Travel & Living Channel (TLC);N/A;Variedades;No
Colombia;DGO;Retencion;N/A;TNT HD;N/A;Cine;Si
Colombia;DGO;Retencion;N/A;TNT Novelas;N/A;Variedades;No
Colombia;DGO;Retencion;N/A;TNT Series HD;N/A;Cine;Si
Colombia;DGO;Retencion;N/A;truTV;N/A;Variedades;Si
Colombia;DGO;Retencion;N/A;TCM;N/A;Cine;Si
Colombia;DGO;Retencion;N/A;TV Cortos;N/A;Cine;Si
Colombia;DGO;Retencion;N/A;TV Universal HD;N/A;Deportes;Si
Colombia;DGO;Retencion;N/A;TyC Sports;N/A;Deportes;No
Colombia;DGO;Retencion;N/A;TyC Sports Fan;N/A;Deportes;Si
Colombia;DGO;Retencion;N/A;Warner Channel HD;N/A;Variedades;Si
Colombia;DGO;Retencion;N/A;Win Premium;N/A;Deportes;No
Colombia;DGO;Retencion;N/A;Win Sports HD;N/A;Deportes;Si
Colombia;DGO;Plan Full ETB;N/A;A&E;N/A;Variedades;Si
Colombia;DGO;Plan Full ETB;N/A;Atres Cine;N/A;Cine;Si
Colombia;DGO;Plan Full ETB;N/A;AMC;N/A;Variedades;Si
Colombia;DGO;Plan Full ETB;N/A;Animal Planet HD;N/A;Mundo;Si
Colombia;DGO;Plan Full ETB;N/A;Antena 3 HD;N/A;Mundo;Si
Colombia;DGO;Plan Full ETB;N/A;Atres Series HD;N/A;Cine;Si
Colombia;DGO;Plan Full ETB;N/A;AXN;N/A;Variedades;Si
Colombia;DGO;Plan Full ETB;N/A;Azteca Internacional;N/A;Variedades;Si
Colombia;DGO;Plan Full ETB;N/A;BabyTV HD;N/A;Infantil;Si
Colombia;DGO;Plan Full ETB;N/A;Bloomberg;N/A;Mundo;Si
Colombia;DGO;Plan Full ETB;N/A;Boomerang;N/A;Infantil;No
Colombia;DGO;Plan Full ETB;N/A;Canal UNO;N/A;Nacional;Si
Colombia;DGO;Plan Full ETB;N/A;Caracol Mix;N/A;Variedades;Si
Colombia;DGO;Plan Full ETB;N/A;Caracol TV;N/A;Nacional;Si
Colombia;DGO;Plan Full ETB;N/A;Cartoon Network HD;N/A;Infantil;Si
Colombia;DGO;Plan Full ETB;N/A;Cartoonito;N/A;Infantil;Si
Colombia;DGO;Plan Full ETB;N/A;CGTN Español;N/A;Mundo;Si
Colombia;DGO;Plan Full ETB;N/A;Cinecanal Andes;N/A;Cine;Si
Colombia;DGO;Plan Full ETB;N/A;Cinelatino;N/A;Cine;Si
Colombia;DGO;Plan Full ETB;N/A;Cinema;N/A;Cine;Si
Colombia;DGO;Plan Full ETB;N/A;Cinemax HD;N/A;Cine;Si
Colombia;DGO;Plan Full ETB;N/A;City TV;N/A;Nacional;Si
Colombia;DGO;Plan Full ETB;N/A;Clic;N/A;Variedades;Si
Colombia;DGO;Plan Full ETB;N/A;CNN International;N/A;Mundo;Si
Colombia;DGO;Plan Full ETB;N/A;CNN en Español;N/A;Mundo;Si
Colombia;DGO;Plan Full ETB;N/A;Comedy Central HD;N/A;Variedades;Si
Colombia;DGO;Plan Full ETB;N/A;Corazón;N/A;Variedades;Si
Colombia;DGO;Plan Full ETB;N/A;Daystar Español;N/A;Mundo;No
Colombia;DGO;Plan Full ETB;N/A;DIRECTV Eventos 1;N/A;Occasional SSLA;No
Colombia;DGO;Plan Full ETB;N/A;DIRECTV Eventos 2;N/A;Occasional SSLA;No
Colombia;DGO;Plan Full ETB;N/A;DIRECTV Eventos 3;N/A;Occasional SSLA;No
Colombia;DGO;Plan Full ETB;N/A;DIRECTV Eventos 4;N/A;Occasional SSLA;No
Colombia;DGO;Plan Full ETB;N/A;DIRECTV Eventos 5;N/A;Occasional SSLA;No
Colombia;DGO;Plan Full ETB;N/A;DIRECTV Eventos 6;N/A;Occasional SSLA;No
Colombia;DGO;Plan Full ETB;N/A;DIRECTV Eventos 7;N/A;Occasional SSLA;No
Colombia;DGO;Plan Full ETB;N/A;Dsports Colombia;N/A;Deportes;Si
Colombia;DGO;Plan Full ETB;N/A;DSports 2 HD;N/A;Deportes;Si
Colombia;DGO;Plan Full ETB;N/A;DSports Fight;N/A;Deportes;No
Colombia;DGO;Plan Full ETB;N/A;DSports Plus;N/A;Deportes;Si
Colombia;DGO;Plan Full ETB;N/A;Discovery Channel HD;N/A;Mundo;Si
Colombia;DGO;Plan Full ETB;N/A;Discovery Home & Health;N/A;Variedades;Si
Colombia;DGO;Plan Full ETB;N/A;Investigation Discovery (ID) HD;N/A;Variedades;Si
Colombia;DGO;Plan Full ETB;N/A;Discovery Kids HD;N/A;Infantil;Si
Colombia;DGO;Plan Full ETB;N/A;Discovery Theater;N/A;Mundo;Si
Colombia;DGO;Plan Full ETB;N/A;Discovery Travel & Living Channel (TLC) HD;N/A;Mundo;No
Colombia;DGO;Plan Full ETB;N/A;Discovery Turbo;N/A;Mundo;Si
Colombia;DGO;Plan Full ETB;N/A;Discovery World;N/A;Mundo;Si
Colombia;DGO;Plan Full ETB;N/A;Disney Multicountry;N/A;Infantil;Si
Colombia;DGO;Plan Full ETB;N/A;Disney Junior Sur;N/A;Infantil;Si
Colombia;DGO;Plan Full ETB;N/A;DNews;N/A;Mundo;Si
Colombia;DGO;Plan Full ETB;N/A;DShow;N/A;Variedades;No
Colombia;DGO;Plan Full ETB;N/A;DSports Radio;N/A;Deportes;No
Colombia;DGO;Plan Full ETB;N/A;E! Entertainment México;N/A;Variedades;Si
Colombia;DGO;Plan Full ETB;N/A;Edye;N/A;Infantil;Si
Colombia;DGO;Plan Full ETB;N/A;El Gourmet;N/A;Variedades;Si
Colombia;DGO;Plan Full ETB;N/A;El Reino Infantil;N/A;Infantil;No
Colombia;DGO;Plan Full ETB;N/A;El Tiempo TV;N/A;Nacional;Si
Colombia;DGO;Plan Full ETB;N/A;ESPN 2 Latin Andina HD;N/A;Deportes;Si
Colombia;DGO;Plan Full ETB;N/A;ESPN 3;N/A;Deportes;Si
Colombia;DGO;Plan Full ETB;N/A;ESPN 4;N/A;Deportes;Si
Colombia;DGO;Plan Full ETB;N/A;ESPN Colombia HD;N/A;Deportes;Si
Colombia;DGO;Plan Full ETB;N/A;ESPN Extra;N/A;Deportes;Si
Colombia;DGO;Plan Full ETB;N/A;Food Network HD;N/A;Variedades;Si
Colombia;DGO;Plan Full ETB;N/A;Fox News;N/A;Mundo;Si
Colombia;DGO;Plan Full ETB;N/A;Fox Sports Sur;N/A;Deportes;No
Colombia;DGO;Plan Full ETB;N/A;Fox Sports Sur 2;N/A;Deportes;Si
Colombia;DGO;Plan Full ETB;N/A;Fox Sports 3;N/A;Deportes;Si
Colombia;DGO;Plan Full ETB;N/A;France 24 Español;N/A;Mundo;No
Colombia;DGO;Plan Full ETB;N/A;FreeTV Acción;N/A;Cine;Si
Colombia;DGO;Plan Full ETB;N/A;FreeTV Drama;N/A;Cine;Si
Colombia;DGO;Plan Full ETB;N/A;FreeTV Estelar;N/A;Cine;Si
Colombia;DGO;Plan Full ETB;N/A;FreeTV Familia;N/A;Cine;Si
Colombia;DGO;Plan Full ETB;N/A;FreeTV Hits;N/A;Cine;Si
Colombia;DGO;Plan Full ETB;N/A;FreeTV Terror;N/A;Cine;Si
Colombia;DGO;Plan Full ETB;N/A;FX Colombia HD;N/A;Variedades;Si
Colombia;DGO;Plan Full ETB;N/A;Glitz;N/A;Variedades;Si
Colombia;DGO;Plan Full ETB;N/A;Golf Channel HD;N/A;Deportes;Si
Colombia;DGO;Plan Full ETB;N/A;Gran Hermano;N/A;Variedades;No
Colombia;DGO;Plan Full ETB;N/A;HBO;N/A;Cine;No
Colombia;DGO;Plan Full ETB;N/A;HBO 2;N/A;Cine;No
Colombia;DGO;Plan Full ETB;N/A;HBO Family;N/A;Cine;No
Colombia;DGO;Plan Full ETB;N/A;HBO Plus HD;N/A;Cine;No
Colombia;DGO;Plan Full ETB;N/A;HBO Signature;N/A;Cine;No
Colombia;DGO;Plan Full ETB;N/A;HGTV;N/A;Variedades;Si
Colombia;DGO;Plan Full ETB;N/A;History 2 HD;N/A;Mundo;Si
Colombia;DGO;Plan Full ETB;N/A;History HD;N/A;Mundo;Si
Colombia;DGO;Plan Full ETB;N/A;Hola TV HD;N/A;Variedades;Si
Colombia;DGO;Plan Full ETB;N/A;HTV;N/A;Variedades;Si
Colombia;DGO;Plan Full ETB;N/A;ISAT;N/A;Cine;Si
Colombia;DGO;Plan Full ETB;N/A;Lifetime HD;N/A;Variedades;Si
Colombia;DGO;Plan Full ETB;N/A;Más Chic;N/A;Variedades;Si
Colombia;DGO;Plan Full ETB;N/A;Mega Noticias;N/A;Mundo;Si
Colombia;DGO;Plan Full ETB;N/A;Mega Tiempo;N/A;Mundo;Si
Colombia;DGO;Plan Full ETB;N/A;Mórbido TV;N/A;Cine;No
Colombia;DGO;Plan Full ETB;N/A;MTV HD;N/A;Variedades;Si
Colombia;DGO;Plan Full ETB;N/A;National Geographic Latam HD;N/A;Mundo;Si
Colombia;DGO;Plan Full ETB;N/A;Newsmax TV;N/A;Nacional;Si
Colombia;DGO;Plan Full ETB;N/A;Nick Jr. HD;N/A;Infantil;Si
Colombia;DGO;Plan Full ETB;N/A;Nickelodeon HD;N/A;Infantil;Si
Colombia;DGO;Plan Full ETB;N/A;NTN 24;N/A;Nacional;Si
Colombia;DGO;Plan Full ETB;N/A;OnDIRECTV;N/A;Cine;Si
Colombia;DGO;Plan Full ETB;N/A;Plim Plim;N/A;Infantil;No
Colombia;DGO;Plan Full ETB;N/A;Rai Italia;N/A;Mundo;Si
Colombia;DGO;Plan Full ETB;N/A;RCN HD;N/A;Nacional;Si
Colombia;DGO;Plan Full ETB;N/A;RCN Más;N/A;Variedades;Si
Colombia;DGO;Plan Full ETB;N/A;RCN Noticias;N/A;Mundo;Si
Colombia;DGO;Plan Full ETB;N/A;Sony;N/A;Cine;Si
Colombia;DGO;Plan Full ETB;N/A;Sony Movies;N/A;Cine;Si
Colombia;DGO;Plan Full ETB;N/A;Space Andes;N/A;Cine;Si
Colombia;DGO;Plan Full ETB;N/A;Star Channel;N/A;Cine;Si
Colombia;DGO;Plan Full ETB;N/A;Studio Universal HD;N/A;Cine;Si
Colombia;DGO;Plan Full ETB;N/A;SyFy HD;N/A;Variedades;Si
Colombia;DGO;Plan Full ETB;N/A;Tastemade;N/A;Variedades;Si
Colombia;DGO;Plan Full ETB;N/A;Tastemade Viajes;N/A;Variedades;Si
Colombia;DGO;Plan Full ETB;N/A;TBS Very Funny;N/A;Variedades;No
Colombia;DGO;Plan Full ETB;N/A;TCM;N/A;Cine;Si
Colombia;DGO;Plan Full ETB;N/A;Telemundo Internacional;N/A;Variedades;Si
Colombia;DGO;Plan Full ETB;N/A;Discovery Travel & Living Channel (TLC);N/A;Variedades;Si
Colombia;DGO;Plan Full ETB;N/A;TNT HD;N/A;Cine;Si
Colombia;DGO;Plan Full ETB;N/A;TNT Novelas;N/A;Variedades;Si
Colombia;DGO;Plan Full ETB;N/A;TNT Series HD;N/A;Cine;Si
Colombia;DGO;Plan Full ETB;N/A;truTV;N/A;Variedades;Si
Colombia;DGO;Plan Full ETB;N/A;TCM;N/A;Cine;No
Colombia;DGO;Plan Full ETB;N/A;TV Cortos;N/A;Cine;Si
Colombia;DGO;Plan Full ETB;N/A;TV Universal HD;N/A;Deportes;Si
Colombia;DGO;Plan Full ETB;N/A;TyC Sports;N/A;Deportes;Si
Colombia;DGO;Plan Full ETB;N/A;TyC Sports Fan;N/A;Deportes;Si
Colombia;DGO;Plan Full ETB;N/A;Warner Channel HD;N/A;Variedades;Si
Colombia;DGO;Plan Full ETB;N/A;Win Premium;N/A;Deportes;No
Colombia;DGO;Plan Full ETB;N/A;Win Sports HD;N/A;Deportes;Si
Colombia;DGO;Plan Flex/Light;N/A;A&E;N/A;Variedades;No
Colombia;DGO;Plan Flex/Light;N/A;Atres Cine;N/A;Cine;No
Colombia;DGO;Plan Flex/Light;N/A;AMC;N/A;Variedades;No
Colombia;DGO;Plan Flex/Light;N/A;Animal Planet HD;N/A;Mundo;No
Colombia;DGO;Plan Flex/Light;N/A;Antena 3 HD;N/A;Mundo;No
Colombia;DGO;Plan Flex/Light;N/A;Atres Series HD;N/A;Cine;No
Colombia;DGO;Plan Flex/Light;N/A;AXN;N/A;Variedades;No
Colombia;DGO;Plan Flex/Light;N/A;Azteca Internacional;N/A;Variedades;Si
Colombia;DGO;Plan Flex/Light;N/A;BabyTV HD;N/A;Infantil;No
Colombia;DGO;Plan Flex/Light;N/A;Bloomberg;N/A;Mundo;No
Colombia;DGO;Plan Flex/Light;N/A;Boomerang;N/A;Infantil;No
Colombia;DGO;Plan Flex/Light;N/A;Canal UNO;N/A;Nacional;Si
Colombia;DGO;Plan Flex/Light;N/A;Caracol Mix;N/A;Variedades;Si
Colombia;DGO;Plan Flex/Light;N/A;Caracol TV;N/A;Nacional;Si
Colombia;DGO;Plan Flex/Light;N/A;Cartoon Network HD;N/A;Infantil;No
Colombia;DGO;Plan Flex/Light;N/A;Cartoonito;N/A;Infantil;No
Colombia;DGO;Plan Flex/Light;N/A;CGTN Español;N/A;Mundo;Si
Colombia;DGO;Plan Flex/Light;N/A;Cinecanal Andes;N/A;Cine;No
Colombia;DGO;Plan Flex/Light;N/A;Cinelatino;N/A;Cine;No
Colombia;DGO;Plan Flex/Light;N/A;Cinema;N/A;Cine;Si
Colombia;DGO;Plan Flex/Light;N/A;Cinemax HD;N/A;Cine;No
Colombia;DGO;Plan Flex/Light;N/A;City TV;N/A;Nacional;Si
Colombia;DGO;Plan Flex/Light;N/A;Clic;N/A;Variedades;Si
Colombia;DGO;Plan Flex/Light;N/A;CNN International;N/A;Mundo;No
Colombia;DGO;Plan Flex/Light;N/A;CNN en Español;N/A;Mundo;No
Colombia;DGO;Plan Flex/Light;N/A;Comedy Central HD;N/A;Variedades;No
Colombia;DGO;Plan Flex/Light;N/A;Corazón;N/A;Variedades;Si
Colombia;DGO;Plan Flex/Light;N/A;Daystar Español;N/A;Mundo;No
Colombia;DGO;Plan Flex/Light;N/A;DIRECTV Eventos 1;N/A;Occasional SSLA;No
Colombia;DGO;Plan Flex/Light;N/A;DIRECTV Eventos 2;N/A;Occasional SSLA;No
Colombia;DGO;Plan Flex/Light;N/A;DIRECTV Eventos 3;N/A;Occasional SSLA;No
Colombia;DGO;Plan Flex/Light;N/A;DIRECTV Eventos 4;N/A;Occasional SSLA;No
Colombia;DGO;Plan Flex/Light;N/A;DIRECTV Eventos 5;N/A;Occasional SSLA;No
Colombia;DGO;Plan Flex/Light;N/A;DIRECTV Eventos 6;N/A;Occasional SSLA;No
Colombia;DGO;Plan Flex/Light;N/A;DIRECTV Eventos 7;N/A;Occasional SSLA;No
Colombia;DGO;Plan Flex/Light;N/A;Dsports Colombia;N/A;Deportes;Si
Colombia;DGO;Plan Flex/Light;N/A;DSports 2 HD;N/A;Deportes;Si
Colombia;DGO;Plan Flex/Light;N/A;DSports Fight;N/A;Deportes;No
Colombia;DGO;Plan Flex/Light;N/A;DSports Plus;N/A;Deportes;Si
Colombia;DGO;Plan Flex/Light;N/A;Discovery Channel HD;N/A;Mundo;No
Colombia;DGO;Plan Flex/Light;N/A;Discovery Home & Health;N/A;Variedades;No
Colombia;DGO;Plan Flex/Light;N/A;Investigation Discovery (ID) HD;N/A;Variedades;No
Colombia;DGO;Plan Flex/Light;N/A;Discovery Kids HD;N/A;Infantil;No
Colombia;DGO;Plan Flex/Light;N/A;Discovery Theater;N/A;Mundo;No
Colombia;DGO;Plan Flex/Light;N/A;Discovery Travel & Living Channel (TLC) HD;N/A;Mundo;No
Colombia;DGO;Plan Flex/Light;N/A;Discovery Turbo;N/A;Mundo;No
Colombia;DGO;Plan Flex/Light;N/A;Discovery World;N/A;Mundo;No
Colombia;DGO;Plan Flex/Light;N/A;Disney Multicountry;N/A;Infantil;No
Colombia;DGO;Plan Flex/Light;N/A;Disney Junior Sur;N/A;Infantil;No
Colombia;DGO;Plan Flex/Light;N/A;DNews;N/A;Mundo;Si
Colombia;DGO;Plan Flex/Light;N/A;DShow;N/A;Variedades;No
Colombia;DGO;Plan Flex/Light;N/A;DSports Radio;N/A;Deportes;No
Colombia;DGO;Plan Flex/Light;N/A;E! Entertainment México;N/A;Variedades;No
Colombia;DGO;Plan Flex/Light;N/A;Edye;N/A;Infantil;Si
Colombia;DGO;Plan Flex/Light;N/A;El Gourmet;N/A;Variedades;No
Colombia;DGO;Plan Flex/Light;N/A;El Reino Infantil;N/A;Infantil;No
Colombia;DGO;Plan Flex/Light;N/A;El Tiempo TV;N/A;Nacional;Si
Colombia;DGO;Plan Flex/Light;N/A;ESPN 2 Latin Andina HD;N/A;Deportes;No
Colombia;DGO;Plan Flex/Light;N/A;ESPN 3;N/A;Deportes;No
Colombia;DGO;Plan Flex/Light;N/A;ESPN 4;N/A;Deportes;No
Colombia;DGO;Plan Flex/Light;N/A;ESPN Colombia HD;N/A;Deportes;No
Colombia;DGO;Plan Flex/Light;N/A;ESPN Extra;N/A;Deportes;No
Colombia;DGO;Plan Flex/Light;N/A;Food Network HD;N/A;Variedades;No
Colombia;DGO;Plan Flex/Light;N/A;Fox News;N/A;Mundo;Si
Colombia;DGO;Plan Flex/Light;N/A;Fox Sports Sur;N/A;Deportes;No
Colombia;DGO;Plan Flex/Light;N/A;Fox Sports Sur 2;N/A;Deportes;No
Colombia;DGO;Plan Flex/Light;N/A;Fox Sports 3;N/A;Deportes;No
Colombia;DGO;Plan Flex/Light;N/A;France 24 Español;N/A;Mundo;No
Colombia;DGO;Plan Flex/Light;N/A;FreeTV Acción;N/A;Cine;Si
Colombia;DGO;Plan Flex/Light;N/A;FreeTV Drama;N/A;Cine;Si
Colombia;DGO;Plan Flex/Light;N/A;FreeTV Estelar;N/A;Cine;Si
Colombia;DGO;Plan Flex/Light;N/A;FreeTV Familia;N/A;Cine;Si
Colombia;DGO;Plan Flex/Light;N/A;FreeTV Hits;N/A;Cine;Si
Colombia;DGO;Plan Flex/Light;N/A;FreeTV Terror;N/A;Cine;Si
Colombia;DGO;Plan Flex/Light;N/A;FX Colombia HD;N/A;Variedades;No
Colombia;DGO;Plan Flex/Light;N/A;Glitz;N/A;Variedades;No
Colombia;DGO;Plan Flex/Light;N/A;Golf Channel HD;N/A;Deportes;No
Colombia;DGO;Plan Flex/Light;N/A;Gran Hermano;N/A;Variedades;No
Colombia;DGO;Plan Flex/Light;N/A;HBO;N/A;Cine;No
Colombia;DGO;Plan Flex/Light;N/A;HBO 2;N/A;Cine;No
Colombia;DGO;Plan Flex/Light;N/A;HBO Family;N/A;Cine;No
Colombia;DGO;Plan Flex/Light;N/A;HBO Plus HD;N/A;Cine;No
Colombia;DGO;Plan Flex/Light;N/A;HBO Signature;N/A;Cine;No
Colombia;DGO;Plan Flex/Light;N/A;HGTV;N/A;Variedades;No
Colombia;DGO;Plan Flex/Light;N/A;History 2 HD;N/A;Mundo;No
Colombia;DGO;Plan Flex/Light;N/A;History HD;N/A;Mundo;No
Colombia;DGO;Plan Flex/Light;N/A;Hola TV HD;N/A;Variedades;No
Colombia;DGO;Plan Flex/Light;N/A;HTV;N/A;Variedades;No
Colombia;DGO;Plan Flex/Light;N/A;ISAT;N/A;Cine;No
Colombia;DGO;Plan Flex/Light;N/A;Lifetime HD;N/A;Variedades;No
Colombia;DGO;Plan Flex/Light;N/A;Más Chic;N/A;Variedades;No
Colombia;DGO;Plan Flex/Light;N/A;Mega Noticias;N/A;Mundo;Si
Colombia;DGO;Plan Flex/Light;N/A;Mega Tiempo;N/A;Mundo;Si
Colombia;DGO;Plan Flex/Light;N/A;Mórbido TV;N/A;Cine;No
Colombia;DGO;Plan Flex/Light;N/A;MTV HD;N/A;Variedades;No
Colombia;DGO;Plan Flex/Light;N/A;National Geographic Latam HD;N/A;Mundo;No
Colombia;DGO;Plan Flex/Light;N/A;Newsmax TV;N/A;Nacional;Si
Colombia;DGO;Plan Flex/Light;N/A;Nick Jr. HD;N/A;Infantil;No
Colombia;DGO;Plan Flex/Light;N/A;Nickelodeon HD;N/A;Infantil;No
Colombia;DGO;Plan Flex/Light;N/A;NTN 24;N/A;Nacional;Si
Colombia;DGO;Plan Flex/Light;N/A;OnDIRECTV;N/A;Cine;Si
Colombia;DGO;Plan Flex/Light;N/A;Plim Plim;N/A;Infantil;No
Colombia;DGO;Plan Flex/Light;N/A;Rai Italia;N/A;Mundo;No
Colombia;DGO;Plan Flex/Light;N/A;RCN HD;N/A;Nacional;Si
Colombia;DGO;Plan Flex/Light;N/A;RCN Más;N/A;Variedades;Si
Colombia;DGO;Plan Flex/Light;N/A;RCN Noticias;N/A;Mundo;Si
Colombia;DGO;Plan Flex/Light;N/A;Sony;N/A;Cine;No
Colombia;DGO;Plan Flex/Light;N/A;Sony Movies;N/A;Cine;No
Colombia;DGO;Plan Flex/Light;N/A;Space Andes;N/A;Cine;No
Colombia;DGO;Plan Flex/Light;N/A;Star Channel;N/A;Cine;No
Colombia;DGO;Plan Flex/Light;N/A;Studio Universal HD;N/A;Cine;No
Colombia;DGO;Plan Flex/Light;N/A;SyFy HD;N/A;Variedades;No
Colombia;DGO;Plan Flex/Light;N/A;Tastemade;N/A;Variedades;Si
Colombia;DGO;Plan Flex/Light;N/A;Tastemade Viajes;N/A;Variedades;Si
Colombia;DGO;Plan Flex/Light;N/A;TBS Very Funny;N/A;Variedades;No
Colombia;DGO;Plan Flex/Light;N/A;TCM;N/A;Cine;No
Colombia;DGO;Plan Flex/Light;N/A;Telemundo Internacional;N/A;Variedades;No
Colombia;DGO;Plan Flex/Light;N/A;Discovery Travel & Living Channel (TLC);N/A;Variedades;No
Colombia;DGO;Plan Flex/Light;N/A;TNT HD;N/A;Cine;No
Colombia;DGO;Plan Flex/Light;N/A;TNT Novelas;N/A;Variedades;No
Colombia;DGO;Plan Flex/Light;N/A;TNT Series HD;N/A;Cine;No
Colombia;DGO;Plan Flex/Light;N/A;truTV;N/A;Variedades;No
Colombia;DGO;Plan Flex/Light;N/A;TCM;N/A;Cine;No
Colombia;DGO;Plan Flex/Light;N/A;TV Cortos;N/A;Cine;No
Colombia;DGO;Plan Flex/Light;N/A;TV Universal HD;N/A;Deportes;No
Colombia;DGO;Plan Flex/Light;N/A;TyC Sports;N/A;Deportes;No
Colombia;DGO;Plan Flex/Light;N/A;TyC Sports Fan;N/A;Deportes;Si
Colombia;DGO;Plan Flex/Light;N/A;Warner Channel HD;N/A;Variedades;No
Colombia;DGO;Plan Flex/Light;N/A;Win Premium;N/A;Deportes;No
Colombia;DGO;Plan Flex/Light;N/A;Win Sports HD;N/A;Deportes;Si
Colombia;DGO;Plan Basico Etb;N/A;A&E;N/A;Variedades;Si
Colombia;DGO;Plan Basico Etb;N/A;Atres Cine;N/A;Cine;No
Colombia;DGO;Plan Basico Etb;N/A;AMC;N/A;Variedades;No
Colombia;DGO;Plan Basico Etb;N/A;Animal Planet HD;N/A;Mundo;No
Colombia;DGO;Plan Basico Etb;N/A;Antena 3 HD;N/A;Mundo;No
Colombia;DGO;Plan Basico Etb;N/A;Atres Series HD;N/A;Cine;No
Colombia;DGO;Plan Basico Etb;N/A;AXN;N/A;Variedades;No
Colombia;DGO;Plan Basico Etb;N/A;Azteca Internacional;N/A;Variedades;Si
Colombia;DGO;Plan Basico Etb;N/A;BabyTV HD;N/A;Infantil;No
Colombia;DGO;Plan Basico Etb;N/A;Bloomberg;N/A;Mundo;No
Colombia;DGO;Plan Basico Etb;N/A;Boomerang;N/A;Infantil;No
Colombia;DGO;Plan Basico Etb;N/A;Canal UNO;N/A;Nacional;No
Colombia;DGO;Plan Basico Etb;N/A;Caracol Mix;N/A;Variedades;Si
Colombia;DGO;Plan Basico Etb;N/A;Caracol TV;N/A;Nacional;Si
Colombia;DGO;Plan Basico Etb;N/A;Cartoon Network HD;N/A;Infantil;Si
Colombia;DGO;Plan Basico Etb;N/A;Cartoonito;N/A;Infantil;Si
Colombia;DGO;Plan Basico Etb;N/A;CGTN Español;N/A;Mundo;Si
Colombia;DGO;Plan Basico Etb;N/A;Cinecanal Andes;N/A;Cine;Si
Colombia;DGO;Plan Basico Etb;N/A;Cinelatino;N/A;Cine;Si
Colombia;DGO;Plan Basico Etb;N/A;Cinema;N/A;Cine;Si
Colombia;DGO;Plan Basico Etb;N/A;Cinemax HD;N/A;Cine;Si
Colombia;DGO;Plan Basico Etb;N/A;City TV;N/A;Nacional;No
Colombia;DGO;Plan Basico Etb;N/A;Clic;N/A;Variedades;Si
Colombia;DGO;Plan Basico Etb;N/A;CNN International;N/A;Mundo;No
Colombia;DGO;Plan Basico Etb;N/A;CNN en Español;N/A;Mundo;Si
Colombia;DGO;Plan Basico Etb;N/A;Comedy Central HD;N/A;Variedades;No
Colombia;DGO;Plan Basico Etb;N/A;Corazón;N/A;Variedades;Si
Colombia;DGO;Plan Basico Etb;N/A;Daystar Español;N/A;Mundo;No
Colombia;DGO;Plan Basico Etb;N/A;DIRECTV Eventos 1;N/A;Occasional SSLA;No
Colombia;DGO;Plan Basico Etb;N/A;DIRECTV Eventos 2;N/A;Occasional SSLA;No
Colombia;DGO;Plan Basico Etb;N/A;DIRECTV Eventos 3;N/A;Occasional SSLA;No
Colombia;DGO;Plan Basico Etb;N/A;DIRECTV Eventos 4;N/A;Occasional SSLA;No
Colombia;DGO;Plan Basico Etb;N/A;DIRECTV Eventos 5;N/A;Occasional SSLA;No
Colombia;DGO;Plan Basico Etb;N/A;DIRECTV Eventos 6;N/A;Occasional SSLA;No
Colombia;DGO;Plan Basico Etb;N/A;DIRECTV Eventos 7;N/A;Occasional SSLA;No
Colombia;DGO;Plan Basico Etb;N/A;Dsports Colombia;N/A;Deportes;Si
Colombia;DGO;Plan Basico Etb;N/A;DSports 2 HD;N/A;Deportes;Si
Colombia;DGO;Plan Basico Etb;N/A;DSports Fight;N/A;Deportes;Si
Colombia;DGO;Plan Basico Etb;N/A;DSports Plus;N/A;Deportes;Si
Colombia;DGO;Plan Basico Etb;N/A;Discovery Channel HD;N/A;Mundo;Si
Colombia;DGO;Plan Basico Etb;N/A;Discovery Home & Health;N/A;Variedades;Si
Colombia;DGO;Plan Basico Etb;N/A;Investigation Discovery (ID) HD;N/A;Variedades;Si
Colombia;DGO;Plan Basico Etb;N/A;Discovery Kids HD;N/A;Infantil;Si
Colombia;DGO;Plan Basico Etb;N/A;Discovery Theater;N/A;Mundo;No
Colombia;DGO;Plan Basico Etb;N/A;Discovery Travel & Living Channel (TLC) HD;N/A;Mundo;No
Colombia;DGO;Plan Basico Etb;N/A;Discovery Turbo;N/A;Mundo;No
Colombia;DGO;Plan Basico Etb;N/A;Discovery World;N/A;Mundo;No
Colombia;DGO;Plan Basico Etb;N/A;Disney Multicountry;N/A;Infantil;Si
Colombia;DGO;Plan Basico Etb;N/A;Disney Junior Sur;N/A;Infantil;Si
Colombia;DGO;Plan Basico Etb;N/A;DNews;N/A;Mundo;Si
Colombia;DGO;Plan Basico Etb;N/A;DShow;N/A;Variedades;No
Colombia;DGO;Plan Basico Etb;N/A;DSports Radio;N/A;Deportes;No
Colombia;DGO;Plan Basico Etb;N/A;E! Entertainment México;N/A;Variedades;Si
Colombia;DGO;Plan Basico Etb;N/A;Edye;N/A;Infantil;Si
Colombia;DGO;Plan Basico Etb;N/A;El Gourmet;N/A;Variedades;Si
Colombia;DGO;Plan Basico Etb;N/A;El Reino Infantil;N/A;Infantil;No
Colombia;DGO;Plan Basico Etb;N/A;El Tiempo TV;N/A;Nacional;No
Colombia;DGO;Plan Basico Etb;N/A;ESPN 2 Latin Andina HD;N/A;Deportes;Si
Colombia;DGO;Plan Basico Etb;N/A;ESPN 3;N/A;Deportes;Si
Colombia;DGO;Plan Basico Etb;N/A;ESPN 4;N/A;Deportes;Si
Colombia;DGO;Plan Basico Etb;N/A;ESPN Colombia HD;N/A;Deportes;Si
Colombia;DGO;Plan Basico Etb;N/A;ESPN Extra;N/A;Deportes;No
Colombia;DGO;Plan Basico Etb;N/A;Food Network HD;N/A;Variedades;Si
Colombia;DGO;Plan Basico Etb;N/A;Fox News;N/A;Mundo;Si
Colombia;DGO;Plan Basico Etb;N/A;Fox Sports Sur;N/A;Deportes;No
Colombia;DGO;Plan Basico Etb;N/A;Fox Sports Sur 2;N/A;Deportes;Si
Colombia;DGO;Plan Basico Etb;N/A;Fox Sports 3;N/A;Deportes;Si
Colombia;DGO;Plan Basico Etb;N/A;France 24 Español;N/A;Mundo;No
Colombia;DGO;Plan Basico Etb;N/A;FreeTV Acción;N/A;Cine;Si
Colombia;DGO;Plan Basico Etb;N/A;FreeTV Drama;N/A;Cine;Si
Colombia;DGO;Plan Basico Etb;N/A;FreeTV Estelar;N/A;Cine;Si
Colombia;DGO;Plan Basico Etb;N/A;FreeTV Familia;N/A;Cine;Si
Colombia;DGO;Plan Basico Etb;N/A;FreeTV Hits;N/A;Cine;Si
Colombia;DGO;Plan Basico Etb;N/A;FreeTV Terror;N/A;Cine;Si
Colombia;DGO;Plan Basico Etb;N/A;FX Colombia HD;N/A;Variedades;Si
Colombia;DGO;Plan Basico Etb;N/A;Glitz;N/A;Variedades;No
Colombia;DGO;Plan Basico Etb;N/A;Golf Channel HD;N/A;Deportes;No
Colombia;DGO;Plan Basico Etb;N/A;Gran Hermano;N/A;Variedades;No
Colombia;DGO;Plan Basico Etb;N/A;HBO;N/A;Cine;No
Colombia;DGO;Plan Basico Etb;N/A;HBO 2;N/A;Cine;No
Colombia;DGO;Plan Basico Etb;N/A;HBO Family;N/A;Cine;No
Colombia;DGO;Plan Basico Etb;N/A;HBO Plus HD;N/A;Cine;No
Colombia;DGO;Plan Basico Etb;N/A;HBO Signature;N/A;Cine;No
Colombia;DGO;Plan Basico Etb;N/A;HGTV;N/A;Variedades;No
Colombia;DGO;Plan Basico Etb;N/A;History 2 HD;N/A;Mundo;No
Colombia;DGO;Plan Basico Etb;N/A;History HD;N/A;Mundo;No
Colombia;DGO;Plan Basico Etb;N/A;Hola TV HD;N/A;Variedades;Si
Colombia;DGO;Plan Basico Etb;N/A;HTV;N/A;Variedades;Si
Colombia;DGO;Plan Basico Etb;N/A;ISAT;N/A;Cine;No
Colombia;DGO;Plan Basico Etb;N/A;Lifetime HD;N/A;Variedades;No
Colombia;DGO;Plan Basico Etb;N/A;Más Chic;N/A;Variedades;Si
Colombia;DGO;Plan Basico Etb;N/A;Mega Noticias;N/A;Mundo;Si
Colombia;DGO;Plan Basico Etb;N/A;Mega Tiempo;N/A;Mundo;Si
Colombia;DGO;Plan Basico Etb;N/A;Mórbido TV;N/A;Cine;No
Colombia;DGO;Plan Basico Etb;N/A;MTV HD;N/A;Variedades;Si
Colombia;DGO;Plan Basico Etb;N/A;National Geographic Latam HD;N/A;Mundo;Si
Colombia;DGO;Plan Basico Etb;N/A;Newsmax TV;N/A;Nacional;Si
Colombia;DGO;Plan Basico Etb;N/A;Nick Jr. HD;N/A;Infantil;No
Colombia;DGO;Plan Basico Etb;N/A;Nickelodeon HD;N/A;Infantil;Si
Colombia;DGO;Plan Basico Etb;N/A;NTN 24;N/A;Nacional;No
Colombia;DGO;Plan Basico Etb;N/A;OnDIRECTV;N/A;Cine;Si
Colombia;DGO;Plan Basico Etb;N/A;Plim Plim;N/A;Infantil;No
Colombia;DGO;Plan Basico Etb;N/A;Rai Italia;N/A;Mundo;No
Colombia;DGO;Plan Basico Etb;N/A;RCN HD;N/A;Nacional;Si
Colombia;DGO;Plan Basico Etb;N/A;RCN Más;N/A;Variedades;Si
Colombia;DGO;Plan Basico Etb;N/A;RCN Noticias;N/A;Mundo;Si
Colombia;DGO;Plan Basico Etb;N/A;Sony;N/A;Cine;Si
Colombia;DGO;Plan Basico Etb;N/A;Sony Movies;N/A;Cine;No
Colombia;DGO;Plan Basico Etb;N/A;Space Andes;N/A;Cine;Si
Colombia;DGO;Plan Basico Etb;N/A;Star Channel;N/A;Cine;Si
Colombia;DGO;Plan Basico Etb;N/A;Studio Universal HD;N/A;Cine;Si
Colombia;DGO;Plan Basico Etb;N/A;SyFy HD;N/A;Variedades;No
Colombia;DGO;Plan Basico Etb;N/A;Tastemade;N/A;Variedades;Si
Colombia;DGO;Plan Basico Etb;N/A;Tastemade Viajes;N/A;Variedades;Si
Colombia;DGO;Plan Basico Etb;N/A;TBS Very Funny;N/A;Variedades;No
Colombia;DGO;Plan Basico Etb;N/A;TCM;N/A;Cine;No
Colombia;DGO;Plan Basico Etb;N/A;Telemundo Internacional;N/A;Variedades;Si
Colombia;DGO;Plan Basico Etb;N/A;Discovery Travel & Living Channel (TLC);N/A;Variedades;No
Colombia;DGO;Plan Basico Etb;N/A;TNT HD;N/A;Cine;Si
Colombia;DGO;Plan Basico Etb;N/A;TNT Novelas;N/A;Variedades;No
Colombia;DGO;Plan Basico Etb;N/A;TNT Series HD;N/A;Cine;Si
Colombia;DGO;Plan Basico Etb;N/A;truTV;N/A;Variedades;No
Colombia;DGO;Plan Basico Etb;N/A;TCM;N/A;Cine;No
Colombia;DGO;Plan Basico Etb;N/A;TV Cortos;N/A;Cine;No
Colombia;DGO;Plan Basico Etb;N/A;TV Universal HD;N/A;Deportes;Si
Colombia;DGO;Plan Basico Etb;N/A;TyC Sports;N/A;Deportes;No
Colombia;DGO;Plan Basico Etb;N/A;TyC Sports Fan;N/A;Deportes;Si
Colombia;DGO;Plan Basico Etb;N/A;Warner Channel HD;N/A;Variedades;Si
Colombia;DGO;Plan Basico Etb;N/A;Win Premium;N/A;Deportes;No
Colombia;DGO;Plan Basico Etb;N/A;Win Sports HD;N/A;Deportes;Si
