Pais;Cliente;Pacote;VC;Canal;Tecnología;Categoría;Disponibilidad
Ecuador;Abono Mensual;Familiar SD;142;Telecaribe;SD;Mundo;Si
Ecuador;Abono Mensual;Familiar SD;148;Canal TRO;SD;Mundo;Si
Ecuador;Abono Mensual;Familiar SD;151;Telemedellin;SD;Mundo;Si
Ecuador;Abono Mensual;Familiar SD;170;TV Familia;SD;Religioso;No
Ecuador;Abono Mensual;Familiar SD;177;RTU;SD;Nacional;Si
Ecuador;Abono Mensual;Familiar SD;178;Redonda TV;SD;Variedades;Si
Ecuador;Abono Mensual;Familiar SD;179;Teleamazonas Guayaquil;SD;Nacional;Si
Ecuador;Abono Mensual;Familiar SD;180;Teleamazonas;SD;Nacional;Si
Ecuador;Abono Mensual;Familiar SD;181;TC Television;SD;Nacional;Si
Ecuador;Abono Mensual;Familiar SD;182;Ecuavisa;SD;Nacional;Si
Ecuador;Abono Mensual;Familiar SD;183;Gama TV;SD;Nacional;Si
Ecuador;Abono Mensual;Familiar SD;184;Ecuavisa;SD;Nacional;Si
Ecuador;Abono Mensual;Familiar SD;185;RTS;SD;Nacional;Si
Ecuador;Abono Mensual;Familiar SD;187;Ecuador TV;SD;Nacional;Si
Ecuador;Abono Mensual;Familiar SD;188;Telerama;SD;Nacional;Si
Ecuador;Abono Mensual;Familiar SD;190;Oro Mar TV;SD;Nacional;Si
Ecuador;Abono Mensual;Familiar SD;192;Televicentro;SD;Nacional;Si
Ecuador;Abono Mensual;Familiar SD;194;Manavision;SD;Nacional;Si
Ecuador;Abono Mensual;Familiar SD;202;Star Channel;SD;Variedades;Si
Ecuador;Abono Mensual;Familiar SD;206;Warner Channel;SD;Variedades;Si
Ecuador;Abono Mensual;Familiar SD;207;A&E;SD;Variedades;Si
Ecuador;Abono Mensual;Familiar SD;208;Sony;SD;Variedades;Si
Ecuador;Abono Mensual;Familiar SD;209;AXN;SD;Variedades;Si
Ecuador;Abono Mensual;Familiar SD;210;AMC;SD;Variedades;No
Ecuador;Abono Mensual;Familiar SD;213;TNT Series;SD;Variedades;No
Ecuador;Abono Mensual;Familiar SD;214;Atres Series;SD;Variedades;No
Ecuador;Abono Mensual;Familiar SD;215;Comedy Central;SD;Variedades;No
Ecuador;Abono Mensual;Familiar SD;216;TNT Novelas;SD;Variedades;No
Ecuador;Abono Mensual;Familiar SD;217;FX;SD;Variedades;Si
Ecuador;Abono Mensual;Familiar SD;218;Universal TV;SD;Variedades;Si
Ecuador;Abono Mensual;Familiar SD;219;USA Network;SD;Variedades;No
Ecuador;Abono Mensual;Familiar SD;220;Adult Swim;SD;Variedades;No
Ecuador;Abono Mensual;Familiar SD;221;¡Hola! TV;SD;Variedades;Si
Ecuador;Abono Mensual;Familiar SD;222;E! Entertainment;SD;Variedades;Si
Ecuador;Abono Mensual;Familiar SD;223;Investigation Discovery (ID);SD;Variedades;No
Ecuador;Abono Mensual;Familiar SD;226;El Canal de las Estrellas;SD;Variedades;Si
Ecuador;Abono Mensual;Familiar SD;227;TLnovelas;SD;Variedades;No
Ecuador;Abono Mensual;Familiar SD;228;Lifetime;SD;Variedades;No
Ecuador;Abono Mensual;Familiar SD;229;Discovery Home & Health;SD;Variedades;No
Ecuador;Abono Mensual;Familiar SD;230;Más Chic;SD;Variedades;No
Ecuador;Abono Mensual;Familiar SD;231;Telemundo Internacional;SD;Variedades;Si
Ecuador;Abono Mensual;Familiar SD;232;El Gourmet;SD;Variedades;No
Ecuador;Abono Mensual;Familiar SD;233;Food Network;SD;Variedades;No
Ecuador;Abono Mensual;Familiar SD;264;MTV;SD;Variedades;Si
Ecuador;Abono Mensual;Familiar SD;269;Quiero Música en Mi Idioma (QMusic);SD;Variedades;No
Ecuador;Abono Mensual;Familiar SD;270;Mi Gente 3.0;SD;Variedades;No
Ecuador;Abono Mensual;Familiar SD;304;Cartoon Network;SD;Infantil;Si
Ecuador;Abono Mensual;Familiar SD;308;Nickelodeon;SD;Infantil;No
Ecuador;Abono Mensual;Familiar SD;309;Nick Jr.;SD;Infantil;No
Ecuador;Abono Mensual;Familiar SD;312;Disney Channel;SD;Infantil;Si
Ecuador;Abono Mensual;Familiar SD;315;Disney Junior;SD;Infantil;Si
Ecuador;Abono Mensual;Familiar SD;317;BabyTV;SD;Infantil;No
Ecuador;Abono Mensual;Familiar SD;318;Plim Plim;SD;Infantil;Si
Ecuador;Abono Mensual;Familiar SD;319;El Reino Infantil;SD;Infantil;No
Ecuador;Abono Mensual;Familiar SD;330;Discovery Kids;SD;Infantil;Si
Ecuador;Abono Mensual;Familiar SD;334;Cartoonito;SD;Infantil;No
Ecuador;Abono Mensual;Familiar SD;350;EWTN;SD;Religioso;Si
Ecuador;Abono Mensual;Familiar SD;351;Canal Orbe 21;SD;Religioso;No
Ecuador;Abono Mensual;Familiar SD;352;Enlace TBN;SD;Religioso;Si
Ecuador;Abono Mensual;Familiar SD;464;Playboy TV;SD;Adultos;No
Ecuador;Abono Mensual;Familiar SD;468;Venus;SD;Adultos;No
Ecuador;Abono Mensual;Familiar SD;469;XTSY;SD;Adultos;No
Ecuador;Abono Mensual;Familiar SD;470;Hustler;SD;Adultos;No
Ecuador;Abono Mensual;Familiar SD;502;TNT;SD;Cine;Si
Ecuador;Abono Mensual;Familiar SD;503;Golden;SD;Cine;No
Ecuador;Abono Mensual;Familiar SD;506;Sony Movies;SD;Cine;No
Ecuador;Abono Mensual;Familiar SD;507;Cinecanal;SD;Cine;Si
Ecuador;Abono Mensual;Familiar SD;508;Studio Universal;SD;Cine;Si
Ecuador;Abono Mensual;Familiar SD;509;Cinemax;SD;Cine;No
Ecuador;Abono Mensual;Familiar SD;510;Mórbido TV;SD;Cine;Si
Ecuador;Abono Mensual;Familiar SD;513;DHE;SD;Cine;No
Ecuador;Abono Mensual;Familiar SD;515;Cinema;SD;Cine;No
Ecuador;Abono Mensual;Familiar SD;516;De Película;SD;Cine;No
Ecuador;Abono Mensual;Familiar SD;517;Golden Edge;SD;Cine;No
Ecuador;Abono Mensual;Familiar SD;518;Space;SD;Cine;Si
Ecuador;Abono Mensual;Familiar SD;524;HBO Este;SD;Cine;No
Ecuador;Abono Mensual;Familiar SD;525;HBO 2;SD;Cine;No
Ecuador;Abono Mensual;Familiar SD;526;HBO Plus Este;SD;Cine;No
Ecuador;Abono Mensual;Familiar SD;528;HBO Signature;SD;Cine;No
Ecuador;Abono Mensual;Familiar SD;532;HBO Plus Oeste;SD;Cine;No
Ecuador;Abono Mensual;Familiar SD;534;HBO Family Este;SD;Cine;No
Ecuador;Abono Mensual;Familiar SD;538;MAX Prime Oeste;SD;Cine;No
Ecuador;Abono Mensual;Familiar SD;540;HBO Mundi;SD;Cine;No
Ecuador;Abono Mensual;Familiar SD;541;HBO Pop;SD;Cine;No
Ecuador;Abono Mensual;Familiar SD;542;HBO Xtreme;SD;Cine;No
Ecuador;Abono Mensual;Familiar SD;571;Universal Premiere Este;SD;Cine;No
Ecuador;Abono Mensual;Familiar SD;572;Universal Cinema;SD;Cine;No
Ecuador;Abono Mensual;Familiar SD;573;Universal Comedy;SD;Cine;No
Ecuador;Abono Mensual;Familiar SD;574;Universal Crime Este;SD;Cine;No
Ecuador;Abono Mensual;Familiar SD;575;Universal Reality;SD;Cine;No
Ecuador;Abono Mensual;Familiar SD;576;Universal Premiere Oeste;SD;Cine;No
Ecuador;Abono Mensual;Familiar SD;577;Universal Cinema Oeste;SD;Cine;No
Ecuador;Abono Mensual;Familiar SD;610;DSports;SD;Deportes;Si
Ecuador;Abono Mensual;Familiar SD;612;DSports 2;SD;Deportes;Si
Ecuador;Abono Mensual;Familiar SD;613;DSports+;SD;Deportes;Si
Ecuador;Abono Mensual;Familiar SD;616;Liga;SD;Deportes;No
Ecuador;Abono Mensual;Familiar SD;621;ESPN;SD;Deportes;Si
Ecuador;Abono Mensual;Familiar SD;622;ESPN 2;SD;Deportes;Si
Ecuador;Abono Mensual;Familiar SD;623;ESPN 3;SD;Deportes;Si
Ecuador;Abono Mensual;Familiar SD;625;ESPN 5;SD;Deportes;Si
Ecuador;Abono Mensual;Familiar SD;626;ESPN 6;SD;Deportes;Si
Ecuador;Abono Mensual;Familiar SD;627;ESPN 7;SD;Deportes;Si
Ecuador;Abono Mensual;Familiar SD;628;The Golf Channel;SD;Deportes;No
Ecuador;Abono Mensual;Familiar SD;629;TyC Sports;SD;Deportes;No
Ecuador;Abono Mensual;Familiar SD;655;El Canal del Futbol;SD;Deportes;No
Ecuador;Abono Mensual;Familiar SD;680;MLB Temporada;SD;Deportes;No
Ecuador;Abono Mensual;Familiar SD;681;MLB Temporada;SD;Deportes;No
Ecuador;Abono Mensual;Familiar SD;683;Dsports Venezuela;SD;Deportes;Si
Ecuador;Abono Mensual;Familiar SD;698;Dsports;SD;Deportes;No
Ecuador;Abono Mensual;Familiar SD;699;DSports Eventos;SD;Deportes;No
Ecuador;Abono Mensual;Familiar SD;700;DNews;SD;Mundo;Si
Ecuador;Abono Mensual;Familiar SD;704;CNN en Español;SD;Mundo;Si
Ecuador;Abono Mensual;Familiar SD;706;CNN International;SD;Mundo;No
Ecuador;Abono Mensual;Familiar SD;707;CNN Chile;SD;Mundo;No
Ecuador;Abono Mensual;Familiar SD;708;TVN 24 HORAS;SD;Mundo;No
Ecuador;Abono Mensual;Familiar SD;710;Bloomberg Television;SD;Mundo;No
Ecuador;Abono Mensual;Familiar SD;716;Todo Noticias (TN);SD;Mundo;No
Ecuador;Abono Mensual;Familiar SD;720;Canal 26;SD;Mundo;Si
Ecuador;Abono Mensual;Familiar SD;725;NTN 24;SD;Mundo;Si
Ecuador;Abono Mensual;Familiar SD;727;Cable Noticias;SD;Mundo;No
Ecuador;Abono Mensual;Familiar SD;730;National Geographic;SD;Mundo;Si
Ecuador;Abono Mensual;Familiar SD;732;Discovery Channel;SD;Mundo;Si
Ecuador;Abono Mensual;Familiar SD;734;Animal Planet;SD;Mundo;Si
Ecuador;Abono Mensual;Familiar SD;736;Discovery Turbo;SD;Mundo;No
Ecuador;Abono Mensual;Familiar SD;740;Discovery Travel & Living Channel (TLC);SD;Mundo;No
Ecuador;Abono Mensual;Familiar SD;742;History Channel;SD;Mundo;Si
Ecuador;Abono Mensual;Familiar SD;744;History 2;SD;Mundo;No
Ecuador;Abono Mensual;Familiar SD;760;Univision;SD;Mundo;No
Ecuador;Abono Mensual;Familiar SD;762;Antena 3;SD;Mundo;No
Ecuador;Abono Mensual;Familiar SD;764;France 24 Español;SD;Mundo;Si
Ecuador;Abono Mensual;Familiar SD;766;Rai Italia;SD;Mundo;No
Ecuador;Abono Mensual;Familiar SD;768;BBC News;SD;Mundo;No
Ecuador;Abono Mensual;Familiar SD;770;Deutsche Welle (DW) Español;SD;Mundo;No
Ecuador;Abono Mensual;Familiar SD;772;Caracol Internacional;SD;Mundo;Si
Ecuador;Abono Mensual;Familiar SD;773;El Tiempo TV;SD;Mundo;No
Ecuador;Abono Mensual;Familiar SD;774;TV Chile;SD;Mundo;No
Ecuador;Abono Mensual;Familiar SD;775;RCN Nuestra Tele;SD;Mundo;Si
Ecuador;Abono Mensual;Familiar SD;776;TV Globo;SD;Mundo;No
Ecuador;Abono Mensual;Familiar SD;778;RTP Internacional;SD;Mundo;No
Ecuador;Abono Mensual;Familiar SD;780;ZEE Mundo;SD;Mundo;No
Ecuador;Abono Mensual;Familiar SD;782;NHK World;SD;Mundo;No
Ecuador;Abono Mensual;Familiar SD;784;El Trece Internacional;SD;Mundo;No
Ecuador;Abono Mensual;Familiar SD;786;Telefe Internacional;SD;Mundo;No
Ecuador;Abono Mensual;Familiar SD;790;CGTN;SD;Mundo;Si
Ecuador;Abono Mensual;Familiar SD;901;DSports Radio;Radio;Radio;No
Ecuador;Abono Mensual;Familiar SD;980;Unión Radio Noticias;Radio;Radio;Si
Ecuador;Abono Mensual;Familiar SD;982;Radio Caracol;Radio;Radio;Si
Ecuador;Abono Mensual;Familiar SD;984;Radio France International;Radio;Radio;Si
Ecuador;Abono Mensual;Familiar SD;1105;Gran Hermano - Experiencia Multicámara;HD;Variedades;No
Ecuador;Abono Mensual;Familiar SD;1106;Gran Hermano - 24 hs;HD;Variedades;No
Ecuador;Abono Mensual;Familiar SD;1107;Gran Hermano - Cámara 1;HD;Variedades;No
Ecuador;Abono Mensual;Familiar SD;1108;Gran Hermano - Cámara 2;HD;Variedades;No
Ecuador;Abono Mensual;Familiar SD;1109;Gran Hermano - Cámara 3;HD;Variedades;No
Ecuador;Abono Mensual;Familiar SD;1180;Teleamazonas HD;HD;Nacional;No
Ecuador;Abono Mensual;Familiar SD;1181;TC Television HD;HD;Nacional;No
Ecuador;Abono Mensual;Familiar SD;1182;Ecuavisa HD;HD;Nacional;No
Ecuador;Abono Mensual;Familiar SD;1204;Star Channel HD;HD;Variedades;No
Ecuador;Abono Mensual;Familiar SD;1206;Warner Channel HD;HD;Variedades;No
Ecuador;Abono Mensual;Familiar SD;1207;A&E Mundo HD;HD;Variedades;No
Ecuador;Abono Mensual;Familiar SD;1208;Sony HD;HD;Variedades;No
Ecuador;Abono Mensual;Familiar SD;1209;AXN HD;HD;Variedades;No
Ecuador;Abono Mensual;Familiar SD;1210;AMC HD;HD;Variedades;No
Ecuador;Abono Mensual;Familiar SD;1213;TNT Series HD;HD;Variedades;No
Ecuador;Abono Mensual;Familiar SD;1214;Atres HD;HD;Variedades;No
Ecuador;Abono Mensual;Familiar SD;1215;Comedy Central HD;HD;Variedades;No
Ecuador;Abono Mensual;Familiar SD;1217;FX HD;HD;Variedades;No
Ecuador;Abono Mensual;Familiar SD;1218;Universal TV HD;HD;Variedades;No
Ecuador;Abono Mensual;Familiar SD;1219;USA Network HD;HD;Variedades;No
Ecuador;Abono Mensual;Familiar SD;1221;Hola TV HD;HD;Variedades;No
Ecuador;Abono Mensual;Familiar SD;1222;E! Entertainment HD;HD;Variedades;No
Ecuador;Abono Mensual;Familiar SD;1223;Investigation Discovery (ID) HD;HD;Variedades;No
Ecuador;Abono Mensual;Familiar SD;1228;Lifetime HD;HD;Variedades;No
Ecuador;Abono Mensual;Familiar SD;1229;Discovery Home & Health;HD;Variedades;No
Ecuador;Abono Mensual;Familiar SD;1231;Alacocina TV;HD;Variedades;Si
Ecuador;Abono Mensual;Familiar SD;1232;El Gourmet HD;HD;Variedades;No
Ecuador;Abono Mensual;Familiar SD;1233;Food Network HD;HD;Variedades;No
Ecuador;Abono Mensual;Familiar SD;1234;HGTV HD;HD;Variedades;No
Ecuador;Abono Mensual;Familiar SD;1236;VePlus HD;HD;Variedades;No
Ecuador;Abono Mensual;Familiar SD;1264;MTV HD;HD;Variedades;No
Ecuador;Abono Mensual;Familiar SD;1265;Music Top HD;HD;Variedades;No
Ecuador;Abono Mensual;Familiar SD;1266;Tierra Mía HD;HD;Variedades;No
Ecuador;Abono Mensual;Familiar SD;1270;Latina TV;HD;Variedades;Si
Ecuador;Abono Mensual;Familiar SD;1273;INTI Network HD;HD;Variedades;No
Ecuador;Abono Mensual;Familiar SD;1304;Cartoon Network HD;HD;Infantil;No
Ecuador;Abono Mensual;Familiar SD;1308;Nickelodeon HD;HD;Infantil;No
Ecuador;Abono Mensual;Familiar SD;1309;Nick Jr. HD;HD;Infantil;No
Ecuador;Abono Mensual;Familiar SD;1312;Disney Channel HD;HD;Infantil;No
Ecuador;Abono Mensual;Familiar SD;1315;Disney Junior HD;HD;Infantil;No
Ecuador;Abono Mensual;Familiar SD;1318;Plim Plim;HD;Infantil;Si
Ecuador;Abono Mensual;Familiar SD;1319;El Reino Infantil;HD;Infantil;No
Ecuador;Abono Mensual;Familiar SD;1330;Discovery Kids HD;HD;Infantil;No
Ecuador;Abono Mensual;Familiar SD;1502;TNT HD;HD;Cine;No
Ecuador;Abono Mensual;Familiar SD;1503;Golden HD;HD;Cine;No
Ecuador;Abono Mensual;Familiar SD;1506;Sony Movies;HD;Cine;No
Ecuador;Abono Mensual;Familiar SD;1507;Cinecanal HD;HD;Cine;No
Ecuador;Abono Mensual;Familiar SD;1508;Studio Universal HD;HD;Cine;No
Ecuador;Abono Mensual;Familiar SD;1509;Cinemax HD;HD;Cine;No
Ecuador;Abono Mensual;Familiar SD;1510;Mórbido TV;HD;Cine;Si
Ecuador;Abono Mensual;Familiar SD;1513;DHE HD;HD;Cine;No
Ecuador;Abono Mensual;Familiar SD;1518;Space HD;HD;Cine;No
Ecuador;Abono Mensual;Familiar SD;1524;HBO HD;HD;Cine;No
Ecuador;Abono Mensual;Familiar SD;1525;HBO 2 HD;HD;Cine;No
Ecuador;Abono Mensual;Familiar SD;1528;HBO Signature HD;HD;Cine;No
Ecuador;Abono Mensual;Familiar SD;1532;HBO Plus HD;HD;Cine;No
Ecuador;Abono Mensual;Familiar SD;1534;HBO Family HD;HD;Cine;No
Ecuador;Abono Mensual;Familiar SD;1542;HBO Xtreme HD;HD;Cine;No
Ecuador;Abono Mensual;Familiar SD;1571;Universal Premiere Este HD;HD;Cine;No
Ecuador;Abono Mensual;Familiar SD;1572;Universal Cinema HD;HD;Cine;No
Ecuador;Abono Mensual;Familiar SD;1573;Universal Comedy HD;HD;Cine;No
Ecuador;Abono Mensual;Familiar SD;1574;Universal Crime Este HD;HD;Cine;No
Ecuador;Abono Mensual;Familiar SD;1575;Universal Reality HD;HD;Cine;No
Ecuador;Abono Mensual;Familiar SD;1576;Universal Premiere Oeste HD;HD;Cine;No
Ecuador;Abono Mensual;Familiar SD;1577;Universal Cinema Oeste;HD;Cine;No
Ecuador;Abono Mensual;Familiar SD;1610;DSports HD;HD;Deportes;No
Ecuador;Abono Mensual;Familiar SD;1612;DSports 2 HD;HD;Deportes;No
Ecuador;Abono Mensual;Familiar SD;1613;DSports+ HD;HD;Deportes;No
Ecuador;Abono Mensual;Familiar SD;1621;ESPN HD;HD;Deportes;No
Ecuador;Abono Mensual;Familiar SD;1622;ESPN 2 HD;HD;Deportes;No
Ecuador;Abono Mensual;Familiar SD;1623;ESPN 3 HD;HD;Deportes;No
Ecuador;Abono Mensual;Familiar SD;1624;ESPN 4 HD;HD;Deportes;No
Ecuador;Abono Mensual;Familiar SD;1625;ESPN 5 HD;HD;Deportes;No
Ecuador;Abono Mensual;Familiar SD;1626;ESPN 6 HD;HD;Deportes;Si
Ecuador;Abono Mensual;Familiar SD;1627;ESPN 7 HD;HD;Deportes;Si
Ecuador;Abono Mensual;Familiar SD;1628;Golf Channel HD;HD;Deportes;No
Ecuador;Abono Mensual;Familiar SD;1639;PX Sports;HD;Deportes;No
Ecuador;Abono Mensual;Familiar SD;1655;El Canal del Futbol;HD;Deportes;No
Ecuador;Abono Mensual;Familiar SD;1698;Dsports;HD;Deportes;No
Ecuador;Abono Mensual;Familiar SD;1699;DSports Eventos;HD;Deportes;No
Ecuador;Abono Mensual;Familiar SD;1700;DNews HD;HD;Mundo;No
Ecuador;Abono Mensual;Familiar SD;1727;Cable Noticias HD;HD;Mundo;No
Ecuador;Abono Mensual;Familiar SD;1730;National Geographic HD;HD;Mundo;No
Ecuador;Abono Mensual;Familiar SD;1731;Discovery Theater HD;HD;Mundo;No
Ecuador;Abono Mensual;Familiar SD;1732;Discovery Channel HD;HD;Mundo;No
Ecuador;Abono Mensual;Familiar SD;1734;Animal Planet HD;HD;Mundo;No
Ecuador;Abono Mensual;Familiar SD;1738;Discovery World HD;HD;Mundo;No
Ecuador;Abono Mensual;Familiar SD;1740;Discovery Travel & Living Channel (TLC) HD;HD;Mundo;No
Ecuador;Abono Mensual;Familiar SD;1742;History HD;HD;Mundo;No
Ecuador;Abono Mensual;Familiar SD;1744;History 2 HD;HD;Mundo;No
Ecuador;Abono Mensual;Familiar SD;1750;Encuentro;HD;Variedades;No
Ecuador;Abono Mensual;Familiar SD;1762;Antena 3 HD;HD;Mundo;No
Ecuador;Abono Mensual;Familiar SD;1764;France 24 Español;HD;Mundo;Si
Ecuador;Abono Mensual;Familiar SD;4000;Directv 4K;4K;4K;No
Ecuador;Abono Mensual;Familiar HD;142;Telecaribe;SD;Mundo;Si
Ecuador;Abono Mensual;Familiar HD;148;Canal TRO;SD;Mundo;Si
Ecuador;Abono Mensual;Familiar HD;151;Telemedellin;SD;Mundo;Si
Ecuador;Abono Mensual;Familiar HD;170;TV Familia;SD;Religioso;No
Ecuador;Abono Mensual;Familiar HD;177;RTU;SD;Nacional;Si
Ecuador;Abono Mensual;Familiar HD;178;Redonda TV;SD;Variedades;Si
Ecuador;Abono Mensual;Familiar HD;179;Teleamazonas Guayaquil;SD;Nacional;Si
Ecuador;Abono Mensual;Familiar HD;180;Teleamazonas;SD;Nacional;Si
Ecuador;Abono Mensual;Familiar HD;181;TC Television;SD;Nacional;Si
Ecuador;Abono Mensual;Familiar HD;182;Ecuavisa;SD;Nacional;Si
Ecuador;Abono Mensual;Familiar HD;183;Gama TV;SD;Nacional;Si
Ecuador;Abono Mensual;Familiar HD;184;Ecuavisa;SD;Nacional;Si
Ecuador;Abono Mensual;Familiar HD;185;RTS;SD;Nacional;Si
Ecuador;Abono Mensual;Familiar HD;187;Ecuador TV;SD;Nacional;Si
Ecuador;Abono Mensual;Familiar HD;188;Telerama;SD;Nacional;Si
Ecuador;Abono Mensual;Familiar HD;190;Oro Mar TV;SD;Nacional;Si
Ecuador;Abono Mensual;Familiar HD;192;Televicentro;SD;Nacional;Si
Ecuador;Abono Mensual;Familiar HD;194;Manavision;SD;Nacional;Si
Ecuador;Abono Mensual;Familiar HD;202;Star Channel;SD;Variedades;Si
Ecuador;Abono Mensual;Familiar HD;206;Warner Channel;SD;Variedades;Si
Ecuador;Abono Mensual;Familiar HD;207;A&E;SD;Variedades;Si
Ecuador;Abono Mensual;Familiar HD;208;Sony;SD;Variedades;Si
Ecuador;Abono Mensual;Familiar HD;209;AXN;SD;Variedades;Si
Ecuador;Abono Mensual;Familiar HD;210;AMC;SD;Variedades;No
Ecuador;Abono Mensual;Familiar HD;213;TNT Series;SD;Variedades;No
Ecuador;Abono Mensual;Familiar HD;214;Atres Series;SD;Variedades;No
Ecuador;Abono Mensual;Familiar HD;215;Comedy Central;SD;Variedades;No
Ecuador;Abono Mensual;Familiar HD;216;TNT Novelas;SD;Variedades;No
Ecuador;Abono Mensual;Familiar HD;217;FX;SD;Variedades;Si
Ecuador;Abono Mensual;Familiar HD;218;Universal TV;SD;Variedades;Si
Ecuador;Abono Mensual;Familiar HD;219;USA Network;SD;Variedades;No
Ecuador;Abono Mensual;Familiar HD;220;Adult Swim;SD;Variedades;No
Ecuador;Abono Mensual;Familiar HD;221;¡Hola! TV;SD;Variedades;Si
Ecuador;Abono Mensual;Familiar HD;222;E! Entertainment;SD;Variedades;Si
Ecuador;Abono Mensual;Familiar HD;223;Investigation Discovery (ID);SD;Variedades;No
Ecuador;Abono Mensual;Familiar HD;226;El Canal de las Estrellas;SD;Variedades;Si
Ecuador;Abono Mensual;Familiar HD;227;TLnovelas;SD;Variedades;No
Ecuador;Abono Mensual;Familiar HD;228;Lifetime;SD;Variedades;No
Ecuador;Abono Mensual;Familiar HD;229;Discovery Home & Health;SD;Variedades;No
Ecuador;Abono Mensual;Familiar HD;230;Más Chic;SD;Variedades;No
Ecuador;Abono Mensual;Familiar HD;231;Telemundo Internacional;SD;Variedades;Si
Ecuador;Abono Mensual;Familiar HD;232;El Gourmet;SD;Variedades;No
Ecuador;Abono Mensual;Familiar HD;233;Food Network;SD;Variedades;No
Ecuador;Abono Mensual;Familiar HD;264;MTV;SD;Variedades;Si
Ecuador;Abono Mensual;Familiar HD;269;Quiero Música en Mi Idioma (QMusic);SD;Variedades;No
Ecuador;Abono Mensual;Familiar HD;270;Mi Gente 3.0;SD;Variedades;No
Ecuador;Abono Mensual;Familiar HD;304;Cartoon Network;SD;Infantil;Si
Ecuador;Abono Mensual;Familiar HD;308;Nickelodeon;SD;Infantil;No
Ecuador;Abono Mensual;Familiar HD;309;Nick Jr.;SD;Infantil;No
Ecuador;Abono Mensual;Familiar HD;312;Disney Channel;SD;Infantil;Si
Ecuador;Abono Mensual;Familiar HD;315;Disney Junior;SD;Infantil;Si
Ecuador;Abono Mensual;Familiar HD;317;BabyTV;SD;Infantil;No
Ecuador;Abono Mensual;Familiar HD;318;Plim Plim;SD;Infantil;Si
Ecuador;Abono Mensual;Familiar HD;319;El Reino Infantil;SD;Infantil;Si
Ecuador;Abono Mensual;Familiar HD;330;Discovery Kids;SD;Infantil;Si
Ecuador;Abono Mensual;Familiar HD;334;Cartoonito;SD;Infantil;No
Ecuador;Abono Mensual;Familiar HD;350;EWTN;SD;Religioso;Si
Ecuador;Abono Mensual;Familiar HD;351;Canal Orbe 21;SD;Religioso;No
Ecuador;Abono Mensual;Familiar HD;352;Enlace TBN;SD;Religioso;Si
Ecuador;Abono Mensual;Familiar HD;464;Playboy TV;SD;Adultos;No
Ecuador;Abono Mensual;Familiar HD;468;Venus;SD;Adultos;No
Ecuador;Abono Mensual;Familiar HD;469;XTSY;SD;Adultos;No
Ecuador;Abono Mensual;Familiar HD;470;Hustler;SD;Adultos;No
Ecuador;Abono Mensual;Familiar HD;502;TNT;SD;Cine;Si
Ecuador;Abono Mensual;Familiar HD;503;Golden;SD;Cine;No
Ecuador;Abono Mensual;Familiar HD;506;Sony Movies;SD;Cine;No
Ecuador;Abono Mensual;Familiar HD;507;Cinecanal;SD;Cine;Si
Ecuador;Abono Mensual;Familiar HD;508;Studio Universal;SD;Cine;Si
Ecuador;Abono Mensual;Familiar HD;509;Cinemax;SD;Cine;No
Ecuador;Abono Mensual;Familiar HD;510;Mórbido TV;SD;Cine;Si
Ecuador;Abono Mensual;Familiar HD;513;DHE;SD;Cine;No
Ecuador;Abono Mensual;Familiar HD;515;Cinema;SD;Cine;No
Ecuador;Abono Mensual;Familiar HD;516;De Película;SD;Cine;No
Ecuador;Abono Mensual;Familiar HD;517;Golden Edge;SD;Cine;No
Ecuador;Abono Mensual;Familiar HD;518;Space;SD;Cine;Si
Ecuador;Abono Mensual;Familiar HD;524;HBO Este;SD;Cine;No
Ecuador;Abono Mensual;Familiar HD;525;HBO 2;SD;Cine;No
Ecuador;Abono Mensual;Familiar HD;526;HBO Plus Este;SD;Cine;No
Ecuador;Abono Mensual;Familiar HD;528;HBO Signature;SD;Cine;No
Ecuador;Abono Mensual;Familiar HD;532;HBO Plus Oeste;SD;Cine;No
Ecuador;Abono Mensual;Familiar HD;534;HBO Family Este;SD;Cine;No
Ecuador;Abono Mensual;Familiar HD;538;MAX Prime Oeste;SD;Cine;No
Ecuador;Abono Mensual;Familiar HD;540;HBO Mundi;SD;Cine;No
Ecuador;Abono Mensual;Familiar HD;541;HBO Pop;SD;Cine;No
Ecuador;Abono Mensual;Familiar HD;542;HBO Xtreme;SD;Cine;No
Ecuador;Abono Mensual;Familiar HD;571;Universal Premiere Este;SD;Cine;No
Ecuador;Abono Mensual;Familiar HD;572;Universal Cinema;SD;Cine;No
Ecuador;Abono Mensual;Familiar HD;573;Universal Comedy;SD;Cine;No
Ecuador;Abono Mensual;Familiar HD;574;Universal Crime Este;SD;Cine;No
Ecuador;Abono Mensual;Familiar HD;575;Universal Reality;SD;Cine;No
Ecuador;Abono Mensual;Familiar HD;576;Universal Premiere Oeste;SD;Cine;No
Ecuador;Abono Mensual;Familiar HD;577;Universal Cinema Oeste;SD;Cine;No
Ecuador;Abono Mensual;Familiar HD;610;DSports;SD;Deportes;Si
Ecuador;Abono Mensual;Familiar HD;612;DSports 2;SD;Deportes;Si
Ecuador;Abono Mensual;Familiar HD;613;DSports+;SD;Deportes;Si
Ecuador;Abono Mensual;Familiar HD;616;Liga;SD;Deportes;No
Ecuador;Abono Mensual;Familiar HD;621;ESPN;SD;Deportes;Si
Ecuador;Abono Mensual;Familiar HD;622;ESPN 2;SD;Deportes;Si
Ecuador;Abono Mensual;Familiar HD;623;ESPN 3;SD;Deportes;Si
Ecuador;Abono Mensual;Familiar HD;625;ESPN 5;SD;Deportes;Si
Ecuador;Abono Mensual;Familiar HD;626;ESPN 6;SD;Deportes;Si
Ecuador;Abono Mensual;Familiar HD;627;ESPN 7;SD;Deportes;Si
Ecuador;Abono Mensual;Familiar HD;628;The Golf Channel;SD;Deportes;No
Ecuador;Abono Mensual;Familiar HD;629;TyC Sports;SD;Deportes;No
Ecuador;Abono Mensual;Familiar HD;655;El Canal del Futbol;SD;Deportes;No
Ecuador;Abono Mensual;Familiar HD;680;MLB Temporada;SD;Deportes;No
Ecuador;Abono Mensual;Familiar HD;681;MLB Temporada;SD;Deportes;No
Ecuador;Abono Mensual;Familiar HD;683;Dsports Venezuela;SD;Deportes;Si
Ecuador;Abono Mensual;Familiar HD;698;Dsports;SD;Deportes;No
Ecuador;Abono Mensual;Familiar HD;699;DSports Eventos;SD;Deportes;No
Ecuador;Abono Mensual;Familiar HD;700;DNews;SD;Mundo;Si
Ecuador;Abono Mensual;Familiar HD;704;CNN en Español;SD;Mundo;Si
Ecuador;Abono Mensual;Familiar HD;706;CNN International;SD;Mundo;No
Ecuador;Abono Mensual;Familiar HD;707;CNN Chile;SD;Mundo;No
Ecuador;Abono Mensual;Familiar HD;708;TVN 24 HORAS;SD;Mundo;No
Ecuador;Abono Mensual;Familiar HD;710;Bloomberg Television;SD;Mundo;No
Ecuador;Abono Mensual;Familiar HD;716;Todo Noticias (TN);SD;Mundo;No
Ecuador;Abono Mensual;Familiar HD;720;Canal 26;SD;Mundo;Si
Ecuador;Abono Mensual;Familiar HD;725;NTN 24;SD;Mundo;Si
Ecuador;Abono Mensual;Familiar HD;727;Cable Noticias;SD;Mundo;No
Ecuador;Abono Mensual;Familiar HD;730;National Geographic;SD;Mundo;Si
Ecuador;Abono Mensual;Familiar HD;732;Discovery Channel;SD;Mundo;Si
Ecuador;Abono Mensual;Familiar HD;734;Animal Planet;SD;Mundo;Si
Ecuador;Abono Mensual;Familiar HD;736;Discovery Turbo;SD;Mundo;No
Ecuador;Abono Mensual;Familiar HD;740;Discovery Travel & Living Channel (TLC);SD;Mundo;No
Ecuador;Abono Mensual;Familiar HD;742;History Channel;SD;Mundo;Si
Ecuador;Abono Mensual;Familiar HD;744;History 2;SD;Mundo;No
Ecuador;Abono Mensual;Familiar HD;760;Univision;SD;Mundo;No
Ecuador;Abono Mensual;Familiar HD;762;Antena 3;SD;Mundo;No
Ecuador;Abono Mensual;Familiar HD;764;France 24 Español;SD;Mundo;Si
Ecuador;Abono Mensual;Familiar HD;766;Rai Italia;SD;Mundo;No
Ecuador;Abono Mensual;Familiar HD;768;BBC News;SD;Mundo;No
Ecuador;Abono Mensual;Familiar HD;770;Deutsche Welle (DW) Español;SD;Mundo;No
Ecuador;Abono Mensual;Familiar HD;772;Caracol Internacional;SD;Mundo;Si
Ecuador;Abono Mensual;Familiar HD;773;El Tiempo TV;SD;Mundo;No
Ecuador;Abono Mensual;Familiar HD;774;TV Chile;SD;Mundo;No
Ecuador;Abono Mensual;Familiar HD;775;RCN Nuestra Tele;SD;Mundo;Si
Ecuador;Abono Mensual;Familiar HD;776;TV Globo;SD;Mundo;No
Ecuador;Abono Mensual;Familiar HD;778;RTP Internacional;SD;Mundo;No
Ecuador;Abono Mensual;Familiar HD;780;ZEE Mundo;SD;Mundo;No
Ecuador;Abono Mensual;Familiar HD;782;NHK World;SD;Mundo;No
Ecuador;Abono Mensual;Familiar HD;784;El Trece Internacional;SD;Mundo;No
Ecuador;Abono Mensual;Familiar HD;786;Telefe Internacional;SD;Mundo;No
Ecuador;Abono Mensual;Familiar HD;790;CGTN;SD;Mundo;Si
Ecuador;Abono Mensual;Familiar HD;901;DSports Radio;Radio;Radio;No
Ecuador;Abono Mensual;Familiar HD;980;Unión Radio Noticias;Radio;Radio;Si
Ecuador;Abono Mensual;Familiar HD;982;Radio Caracol;Radio;Radio;Si
Ecuador;Abono Mensual;Familiar HD;984;Radio France International;Radio;Radio;Si
Ecuador;Abono Mensual;Familiar HD;1105;Gran Hermano - Experiencia Multicámara;HD;Variedades;No
Ecuador;Abono Mensual;Familiar HD;1106;Gran Hermano - 24 hs;HD;Variedades;No
Ecuador;Abono Mensual;Familiar HD;1107;Gran Hermano - Cámara 1;HD;Variedades;No
Ecuador;Abono Mensual;Familiar HD;1108;Gran Hermano - Cámara 2;HD;Variedades;No
Ecuador;Abono Mensual;Familiar HD;1109;Gran Hermano - Cámara 3;HD;Variedades;No
Ecuador;Abono Mensual;Familiar HD;1180;Teleamazonas HD;HD;Nacional;Si
Ecuador;Abono Mensual;Familiar HD;1181;TC Television HD;HD;Nacional;Si
Ecuador;Abono Mensual;Familiar HD;1182;Ecuavisa HD;HD;Nacional;Si
Ecuador;Abono Mensual;Familiar HD;1204;Star Channel HD;HD;Variedades;Si
Ecuador;Abono Mensual;Familiar HD;1206;Warner Channel HD;HD;Variedades;Si
Ecuador;Abono Mensual;Familiar HD;1207;A&E Mundo HD;HD;Variedades;Si
Ecuador;Abono Mensual;Familiar HD;1208;Sony HD;HD;Variedades;Si
Ecuador;Abono Mensual;Familiar HD;1209;AXN HD;HD;Variedades;Si
Ecuador;Abono Mensual;Familiar HD;1210;AMC HD;HD;Variedades;No
Ecuador;Abono Mensual;Familiar HD;1213;TNT Series HD;HD;Variedades;No
Ecuador;Abono Mensual;Familiar HD;1214;Atres HD;HD;Variedades;No
Ecuador;Abono Mensual;Familiar HD;1215;Comedy Central HD;HD;Variedades;No
Ecuador;Abono Mensual;Familiar HD;1217;FX HD;HD;Variedades;Si
Ecuador;Abono Mensual;Familiar HD;1218;Universal TV HD;HD;Variedades;Si
Ecuador;Abono Mensual;Familiar HD;1219;USA Network HD;HD;Variedades;No
Ecuador;Abono Mensual;Familiar HD;1221;Hola TV HD;HD;Variedades;No
Ecuador;Abono Mensual;Familiar HD;1222;E! Entertainment HD;HD;Variedades;Si
Ecuador;Abono Mensual;Familiar HD;1223;Investigation Discovery (ID) HD;HD;Variedades;No
Ecuador;Abono Mensual;Familiar HD;1228;Lifetime HD;HD;Variedades;No
Ecuador;Abono Mensual;Familiar HD;1229;Discovery Home & Health;HD;Variedades;No
Ecuador;Abono Mensual;Familiar HD;1231;Alacocina TV;HD;Variedades;Si
Ecuador;Abono Mensual;Familiar HD;1232;El Gourmet HD;HD;Variedades;No
Ecuador;Abono Mensual;Familiar HD;1233;Food Network HD;HD;Variedades;No
Ecuador;Abono Mensual;Familiar HD;1234;HGTV HD;HD;Variedades;No
Ecuador;Abono Mensual;Familiar HD;1236;VePlus HD;HD;Variedades;Si
Ecuador;Abono Mensual;Familiar HD;1264;MTV HD;HD;Variedades;Si
Ecuador;Abono Mensual;Familiar HD;1265;Music Top HD;HD;Variedades;Si
Ecuador;Abono Mensual;Familiar HD;1266;Tierra Mía HD;HD;Variedades;Si
Ecuador;Abono Mensual;Familiar HD;1270;Latina TV;HD;Variedades;Si
Ecuador;Abono Mensual;Familiar HD;1273;INTI Network HD;HD;Variedades;No
Ecuador;Abono Mensual;Familiar HD;1304;Cartoon Network HD;HD;Infantil;Si
Ecuador;Abono Mensual;Familiar HD;1308;Nickelodeon HD;HD;Infantil;No
Ecuador;Abono Mensual;Familiar HD;1309;Nick Jr. HD;HD;Infantil;No
Ecuador;Abono Mensual;Familiar HD;1312;Disney Channel HD;HD;Infantil;Si
Ecuador;Abono Mensual;Familiar HD;1315;Disney Junior HD;HD;Infantil;Si
Ecuador;Abono Mensual;Familiar HD;1318;Plim Plim;HD;Infantil;Si
Ecuador;Abono Mensual;Familiar HD;1319;El Reino Infantil;HD;Infantil;Si
Ecuador;Abono Mensual;Familiar HD;1330;Discovery Kids HD;HD;Infantil;Si
Ecuador;Abono Mensual;Familiar HD;1502;TNT HD;HD;Cine;Si
Ecuador;Abono Mensual;Familiar HD;1503;Golden HD;HD;Cine;No
Ecuador;Abono Mensual;Familiar HD;1506;Sony Movies;HD;Cine;No
Ecuador;Abono Mensual;Familiar HD;1507;Cinecanal HD;HD;Cine;Si
Ecuador;Abono Mensual;Familiar HD;1508;Studio Universal HD;HD;Cine;Si
Ecuador;Abono Mensual;Familiar HD;1509;Cinemax HD;HD;Cine;No
Ecuador;Abono Mensual;Familiar HD;1510;Mórbido TV;HD;Cine;Si
Ecuador;Abono Mensual;Familiar HD;1513;DHE HD;HD;Cine;No
Ecuador;Abono Mensual;Familiar HD;1518;Space HD;HD;Cine;Si
Ecuador;Abono Mensual;Familiar HD;1524;HBO HD;HD;Cine;No
Ecuador;Abono Mensual;Familiar HD;1525;HBO 2 HD;HD;Cine;No
Ecuador;Abono Mensual;Familiar HD;1528;HBO Signature HD;HD;Cine;No
Ecuador;Abono Mensual;Familiar HD;1532;HBO Plus HD;HD;Cine;No
Ecuador;Abono Mensual;Familiar HD;1534;HBO Family HD;HD;Cine;No
Ecuador;Abono Mensual;Familiar HD;1542;HBO Xtreme HD;HD;Cine;No
Ecuador;Abono Mensual;Familiar HD;1571;Universal Premiere Este HD;HD;Cine;No
Ecuador;Abono Mensual;Familiar HD;1572;Universal Cinema HD;HD;Cine;No
Ecuador;Abono Mensual;Familiar HD;1573;Universal Comedy HD;HD;Cine;No
Ecuador;Abono Mensual;Familiar HD;1574;Universal Crime Este HD;HD;Cine;No
Ecuador;Abono Mensual;Familiar HD;1575;Universal Reality HD;HD;Cine;No
Ecuador;Abono Mensual;Familiar HD;1576;Universal Premiere Oeste HD;HD;Cine;No
Ecuador;Abono Mensual;Familiar HD;1577;Universal Cinema Oeste;HD;Cine;No
Ecuador;Abono Mensual;Familiar HD;1610;DSports HD;HD;Deportes;Si
Ecuador;Abono Mensual;Familiar HD;1612;DSports 2 HD;HD;Deportes;Si
Ecuador;Abono Mensual;Familiar HD;1613;DSports+ HD;HD;Deportes;Si
Ecuador;Abono Mensual;Familiar HD;1621;ESPN HD;HD;Deportes;Si
Ecuador;Abono Mensual;Familiar HD;1622;ESPN 2 HD;HD;Deportes;Si
Ecuador;Abono Mensual;Familiar HD;1623;ESPN 3 HD;HD;Deportes;Si
Ecuador;Abono Mensual;Familiar HD;1624;ESPN 4 HD;HD;Deportes;Si
Ecuador;Abono Mensual;Familiar HD;1625;ESPN 5 HD;HD;Deportes;Si
Ecuador;Abono Mensual;Familiar HD;1626;ESPN 6 HD;HD;Deportes;Si
Ecuador;Abono Mensual;Familiar HD;1627;ESPN 7 HD;HD;Deportes;Si
Ecuador;Abono Mensual;Familiar HD;1628;Golf Channel HD;HD;Deportes;No
Ecuador;Abono Mensual;Familiar HD;1639;PX Sports;HD;Deportes;No
Ecuador;Abono Mensual;Familiar HD;1655;El Canal del Futbol;HD;Deportes;No
Ecuador;Abono Mensual;Familiar HD;1698;Dsports;HD;Deportes;No
Ecuador;Abono Mensual;Familiar HD;1699;DSports Eventos;HD;Deportes;No
Ecuador;Abono Mensual;Familiar HD;1700;DNews HD;HD;Mundo;Si
Ecuador;Abono Mensual;Familiar HD;1727;Cable Noticias HD;HD;Mundo;No
Ecuador;Abono Mensual;Familiar HD;1730;National Geographic HD;HD;Mundo;Si
Ecuador;Abono Mensual;Familiar HD;1731;Discovery Theater HD;HD;Mundo;No
Ecuador;Abono Mensual;Familiar HD;1732;Discovery Channel HD;HD;Mundo;Si
Ecuador;Abono Mensual;Familiar HD;1734;Animal Planet HD;HD;Mundo;Si
Ecuador;Abono Mensual;Familiar HD;1738;Discovery World HD;HD;Mundo;No
Ecuador;Abono Mensual;Familiar HD;1740;Discovery Travel & Living Channel (TLC) HD;HD;Mundo;No
Ecuador;Abono Mensual;Familiar HD;1742;History HD;HD;Mundo;Si
Ecuador;Abono Mensual;Familiar HD;1744;History 2 HD;HD;Mundo;No
Ecuador;Abono Mensual;Familiar HD;1750;Encuentro;HD;Variedades;No
Ecuador;Abono Mensual;Familiar HD;1762;Antena 3 HD;HD;Mundo;No
Ecuador;Abono Mensual;Familiar HD;1764;France 24 Español;HD;Mundo;Si
Ecuador;Abono Mensual;Familiar HD;4000;Directv 4K;4K;4K;No
Ecuador;Abono Mensual;Bronce SD;142;Telecaribe;SD;Mundo;Si
Ecuador;Abono Mensual;Bronce SD;148;Canal TRO;SD;Mundo;Si
Ecuador;Abono Mensual;Bronce SD;151;Telemedellin;SD;Mundo;Si
Ecuador;Abono Mensual;Bronce SD;170;TV Familia;SD;Religioso;No
Ecuador;Abono Mensual;Bronce SD;177;RTU;SD;Nacional;Si
Ecuador;Abono Mensual;Bronce SD;178;Redonda TV;SD;Variedades;Si
Ecuador;Abono Mensual;Bronce SD;179;Teleamazonas Guayaquil;SD;Nacional;Si
Ecuador;Abono Mensual;Bronce SD;180;Teleamazonas;SD;Nacional;Si
Ecuador;Abono Mensual;Bronce SD;181;TC Television;SD;Nacional;Si
Ecuador;Abono Mensual;Bronce SD;182;Ecuavisa;SD;Nacional;Si
Ecuador;Abono Mensual;Bronce SD;183;Gama TV;SD;Nacional;Si
Ecuador;Abono Mensual;Bronce SD;184;Ecuavisa;SD;Nacional;Si
Ecuador;Abono Mensual;Bronce SD;185;RTS;SD;Nacional;Si
Ecuador;Abono Mensual;Bronce SD;187;Ecuador TV;SD;Nacional;Si
Ecuador;Abono Mensual;Bronce SD;188;Telerama;SD;Nacional;Si
Ecuador;Abono Mensual;Bronce SD;190;Oro Mar TV;SD;Nacional;Si
Ecuador;Abono Mensual;Bronce SD;192;Televicentro;SD;Nacional;Si
Ecuador;Abono Mensual;Bronce SD;194;Manavision;SD;Nacional;Si
Ecuador;Abono Mensual;Bronce SD;202;Star Channel;SD;Variedades;Si
Ecuador;Abono Mensual;Bronce SD;206;Warner Channel;SD;Variedades;Si
Ecuador;Abono Mensual;Bronce SD;207;A&E;SD;Variedades;Si
Ecuador;Abono Mensual;Bronce SD;208;Sony;SD;Variedades;Si
Ecuador;Abono Mensual;Bronce SD;209;AXN;SD;Variedades;Si
Ecuador;Abono Mensual;Bronce SD;210;AMC;SD;Variedades;No
Ecuador;Abono Mensual;Bronce SD;213;TNT Series;SD;Variedades;No
Ecuador;Abono Mensual;Bronce SD;214;Atres Series;SD;Variedades;No
Ecuador;Abono Mensual;Bronce SD;215;Comedy Central;SD;Variedades;Si
Ecuador;Abono Mensual;Bronce SD;216;TNT Novelas;SD;Variedades;No
Ecuador;Abono Mensual;Bronce SD;217;FX;SD;Variedades;Si
Ecuador;Abono Mensual;Bronce SD;218;Universal TV;SD;Variedades;Si
Ecuador;Abono Mensual;Bronce SD;219;USA Network;SD;Variedades;No
Ecuador;Abono Mensual;Bronce SD;220;Adult Swim;SD;Variedades;No
Ecuador;Abono Mensual;Bronce SD;221;¡Hola! TV;SD;Variedades;Si
Ecuador;Abono Mensual;Bronce SD;222;E! Entertainment;SD;Variedades;Si
Ecuador;Abono Mensual;Bronce SD;223;Investigation Discovery (ID);SD;Variedades;No
Ecuador;Abono Mensual;Bronce SD;226;El Canal de las Estrellas;SD;Variedades;Si
Ecuador;Abono Mensual;Bronce SD;227;TLnovelas;SD;Variedades;Si
Ecuador;Abono Mensual;Bronce SD;228;Lifetime;SD;Variedades;No
Ecuador;Abono Mensual;Bronce SD;229;Discovery Home & Health;SD;Variedades;Si
Ecuador;Abono Mensual;Bronce SD;230;Más Chic;SD;Variedades;No
Ecuador;Abono Mensual;Bronce SD;231;Telemundo Internacional;SD;Variedades;Si
Ecuador;Abono Mensual;Bronce SD;232;El Gourmet;SD;Variedades;No
Ecuador;Abono Mensual;Bronce SD;233;Food Network;SD;Variedades;No
Ecuador;Abono Mensual;Bronce SD;264;MTV;SD;Variedades;Si
Ecuador;Abono Mensual;Bronce SD;269;Quiero Música en Mi Idioma (QMusic);SD;Variedades;Si
Ecuador;Abono Mensual;Bronce SD;270;Mi Gente 3.0;SD;Variedades;No
Ecuador;Abono Mensual;Bronce SD;304;Cartoon Network;SD;Infantil;Si
Ecuador;Abono Mensual;Bronce SD;308;Nickelodeon;SD;Infantil;Si
Ecuador;Abono Mensual;Bronce SD;309;Nick Jr.;SD;Infantil;No
Ecuador;Abono Mensual;Bronce SD;312;Disney Channel;SD;Infantil;Si
Ecuador;Abono Mensual;Bronce SD;315;Disney Junior;SD;Infantil;Si
Ecuador;Abono Mensual;Bronce SD;317;BabyTV;SD;Infantil;No
Ecuador;Abono Mensual;Bronce SD;318;Plim Plim;SD;Infantil;Si
Ecuador;Abono Mensual;Bronce SD;319;El Reino Infantil;SD;Infantil;Si
Ecuador;Abono Mensual;Bronce SD;330;Discovery Kids;SD;Infantil;Si
Ecuador;Abono Mensual;Bronce SD;334;Cartoonito;SD;Infantil;No
Ecuador;Abono Mensual;Bronce SD;350;EWTN;SD;Religioso;Si
Ecuador;Abono Mensual;Bronce SD;351;Canal Orbe 21;SD;Religioso;No
Ecuador;Abono Mensual;Bronce SD;352;Enlace TBN;SD;Religioso;Si
Ecuador;Abono Mensual;Bronce SD;464;Playboy TV;SD;Adultos;No
Ecuador;Abono Mensual;Bronce SD;468;Venus;SD;Adultos;No
Ecuador;Abono Mensual;Bronce SD;469;XTSY;SD;Adultos;No
Ecuador;Abono Mensual;Bronce SD;470;Hustler;SD;Adultos;No
Ecuador;Abono Mensual;Bronce SD;502;TNT;SD;Cine;Si
Ecuador;Abono Mensual;Bronce SD;503;Golden;SD;Cine;No
Ecuador;Abono Mensual;Bronce SD;506;Sony Movies;SD;Cine;No
Ecuador;Abono Mensual;Bronce SD;507;Cinecanal;SD;Cine;Si
Ecuador;Abono Mensual;Bronce SD;508;Studio Universal;SD;Cine;Si
Ecuador;Abono Mensual;Bronce SD;509;Cinemax;SD;Cine;Si
Ecuador;Abono Mensual;Bronce SD;510;Mórbido TV;SD;Cine;Si
Ecuador;Abono Mensual;Bronce SD;513;DHE;SD;Cine;No
Ecuador;Abono Mensual;Bronce SD;515;Cinema;SD;Cine;No
Ecuador;Abono Mensual;Bronce SD;516;De Película;SD;Cine;No
Ecuador;Abono Mensual;Bronce SD;517;Golden Edge;SD;Cine;No
Ecuador;Abono Mensual;Bronce SD;518;Space;SD;Cine;Si
Ecuador;Abono Mensual;Bronce SD;524;HBO Este;SD;Cine;No
Ecuador;Abono Mensual;Bronce SD;525;HBO 2;SD;Cine;No
Ecuador;Abono Mensual;Bronce SD;526;HBO Plus Este;SD;Cine;No
Ecuador;Abono Mensual;Bronce SD;528;HBO Signature;SD;Cine;No
Ecuador;Abono Mensual;Bronce SD;532;HBO Plus Oeste;SD;Cine;No
Ecuador;Abono Mensual;Bronce SD;534;HBO Family Este;SD;Cine;No
Ecuador;Abono Mensual;Bronce SD;538;MAX Prime Oeste;SD;Cine;No
Ecuador;Abono Mensual;Bronce SD;540;HBO Mundi;SD;Cine;No
Ecuador;Abono Mensual;Bronce SD;541;HBO Pop;SD;Cine;No
Ecuador;Abono Mensual;Bronce SD;542;HBO Xtreme;SD;Cine;No
Ecuador;Abono Mensual;Bronce SD;571;Universal Premiere Este;SD;Cine;No
Ecuador;Abono Mensual;Bronce SD;572;Universal Cinema;SD;Cine;No
Ecuador;Abono Mensual;Bronce SD;573;Universal Comedy;SD;Cine;No
Ecuador;Abono Mensual;Bronce SD;574;Universal Crime Este;SD;Cine;No
Ecuador;Abono Mensual;Bronce SD;575;Universal Reality;SD;Cine;No
Ecuador;Abono Mensual;Bronce SD;576;Universal Premiere Oeste;SD;Cine;No
Ecuador;Abono Mensual;Bronce SD;577;Universal Cinema Oeste;SD;Cine;No
Ecuador;Abono Mensual;Bronce SD;610;DSports;SD;Deportes;Si
Ecuador;Abono Mensual;Bronce SD;612;DSports 2;SD;Deportes;Si
Ecuador;Abono Mensual;Bronce SD;613;DSports+;SD;Deportes;Si
Ecuador;Abono Mensual;Bronce SD;616;Liga;SD;Deportes;No
Ecuador;Abono Mensual;Bronce SD;621;ESPN;SD;Deportes;Si
Ecuador;Abono Mensual;Bronce SD;622;ESPN 2;SD;Deportes;Si
Ecuador;Abono Mensual;Bronce SD;623;ESPN 3;SD;Deportes;Si
Ecuador;Abono Mensual;Bronce SD;625;ESPN 5;SD;Deportes;Si
Ecuador;Abono Mensual;Bronce SD;626;ESPN 6;SD;Deportes;Si
Ecuador;Abono Mensual;Bronce SD;627;ESPN 7;SD;Deportes;Si
Ecuador;Abono Mensual;Bronce SD;628;The Golf Channel;SD;Deportes;No
Ecuador;Abono Mensual;Bronce SD;629;TyC Sports;SD;Deportes;No
Ecuador;Abono Mensual;Bronce SD;655;El Canal del Futbol;SD;Deportes;No
Ecuador;Abono Mensual;Bronce SD;680;MLB Temporada;SD;Deportes;No
Ecuador;Abono Mensual;Bronce SD;681;MLB Temporada;SD;Deportes;No
Ecuador;Abono Mensual;Bronce SD;683;Dsports Venezuela;SD;Deportes;Si
Ecuador;Abono Mensual;Bronce SD;698;Dsports;SD;Deportes;No
Ecuador;Abono Mensual;Bronce SD;699;DSports Eventos;SD;Deportes;No
Ecuador;Abono Mensual;Bronce SD;700;DNews;SD;Mundo;Si
Ecuador;Abono Mensual;Bronce SD;704;CNN en Español;SD;Mundo;Si
Ecuador;Abono Mensual;Bronce SD;706;CNN International;SD;Mundo;No
Ecuador;Abono Mensual;Bronce SD;707;CNN Chile;SD;Mundo;No
Ecuador;Abono Mensual;Bronce SD;708;TVN 24 HORAS;SD;Mundo;No
Ecuador;Abono Mensual;Bronce SD;710;Bloomberg Television;SD;Mundo;No
Ecuador;Abono Mensual;Bronce SD;716;Todo Noticias (TN);SD;Mundo;No
Ecuador;Abono Mensual;Bronce SD;720;Canal 26;SD;Mundo;Si
Ecuador;Abono Mensual;Bronce SD;725;NTN 24;SD;Mundo;Si
Ecuador;Abono Mensual;Bronce SD;727;Cable Noticias;SD;Mundo;No
Ecuador;Abono Mensual;Bronce SD;730;National Geographic;SD;Mundo;Si
Ecuador;Abono Mensual;Bronce SD;732;Discovery Channel;SD;Mundo;Si
Ecuador;Abono Mensual;Bronce SD;734;Animal Planet;SD;Mundo;Si
Ecuador;Abono Mensual;Bronce SD;736;Discovery Turbo;SD;Mundo;No
Ecuador;Abono Mensual;Bronce SD;740;Discovery Travel & Living Channel (TLC);SD;Mundo;No
Ecuador;Abono Mensual;Bronce SD;742;History Channel;SD;Mundo;Si
Ecuador;Abono Mensual;Bronce SD;744;History 2;SD;Mundo;Si
Ecuador;Abono Mensual;Bronce SD;760;Univision;SD;Mundo;No
Ecuador;Abono Mensual;Bronce SD;762;Antena 3;SD;Mundo;No
Ecuador;Abono Mensual;Bronce SD;764;France 24 Español;SD;Mundo;Si
Ecuador;Abono Mensual;Bronce SD;766;Rai Italia;SD;Mundo;No
Ecuador;Abono Mensual;Bronce SD;768;BBC News;SD;Mundo;No
Ecuador;Abono Mensual;Bronce SD;770;Deutsche Welle (DW) Español;SD;Mundo;No
Ecuador;Abono Mensual;Bronce SD;772;Caracol Internacional;SD;Mundo;Si
Ecuador;Abono Mensual;Bronce SD;773;El Tiempo TV;SD;Mundo;Si
Ecuador;Abono Mensual;Bronce SD;774;TV Chile;SD;Mundo;No
Ecuador;Abono Mensual;Bronce SD;775;RCN Nuestra Tele;SD;Mundo;Si
Ecuador;Abono Mensual;Bronce SD;776;TV Globo;SD;Mundo;No
Ecuador;Abono Mensual;Bronce SD;778;RTP Internacional;SD;Mundo;No
Ecuador;Abono Mensual;Bronce SD;780;ZEE Mundo;SD;Mundo;No
Ecuador;Abono Mensual;Bronce SD;782;NHK World;SD;Mundo;No
Ecuador;Abono Mensual;Bronce SD;784;El Trece Internacional;SD;Mundo;Si
Ecuador;Abono Mensual;Bronce SD;786;Telefe Internacional;SD;Mundo;No
Ecuador;Abono Mensual;Bronce SD;790;CGTN;SD;Mundo;Si
Ecuador;Abono Mensual;Bronce SD;901;DSports Radio;Radio;Radio;No
Ecuador;Abono Mensual;Bronce SD;980;Unión Radio Noticias;Radio;Radio;Si
Ecuador;Abono Mensual;Bronce SD;982;Radio Caracol;Radio;Radio;Si
Ecuador;Abono Mensual;Bronce SD;984;Radio France International;Radio;Radio;Si
Ecuador;Abono Mensual;Bronce SD;1105;Gran Hermano - Experiencia Multicámara;HD;Variedades;No
Ecuador;Abono Mensual;Bronce SD;1106;Gran Hermano - 24 hs;HD;Variedades;No
Ecuador;Abono Mensual;Bronce SD;1107;Gran Hermano - Cámara 1;HD;Variedades;No
Ecuador;Abono Mensual;Bronce SD;1108;Gran Hermano - Cámara 2;HD;Variedades;No
Ecuador;Abono Mensual;Bronce SD;1109;Gran Hermano - Cámara 3;HD;Variedades;No
Ecuador;Abono Mensual;Bronce SD;1180;Teleamazonas HD;HD;Nacional;No
Ecuador;Abono Mensual;Bronce SD;1181;TC Television HD;HD;Nacional;No
Ecuador;Abono Mensual;Bronce SD;1182;Ecuavisa HD;HD;Nacional;No
Ecuador;Abono Mensual;Bronce SD;1204;Star Channel HD;HD;Variedades;No
Ecuador;Abono Mensual;Bronce SD;1206;Warner Channel HD;HD;Variedades;No
Ecuador;Abono Mensual;Bronce SD;1207;A&E Mundo HD;HD;Variedades;No
Ecuador;Abono Mensual;Bronce SD;1208;Sony HD;HD;Variedades;No
Ecuador;Abono Mensual;Bronce SD;1209;AXN HD;HD;Variedades;No
Ecuador;Abono Mensual;Bronce SD;1210;AMC HD;HD;Variedades;No
Ecuador;Abono Mensual;Bronce SD;1213;TNT Series HD;HD;Variedades;No
Ecuador;Abono Mensual;Bronce SD;1214;Atres HD;HD;Variedades;No
Ecuador;Abono Mensual;Bronce SD;1215;Comedy Central HD;HD;Variedades;No
Ecuador;Abono Mensual;Bronce SD;1217;FX HD;HD;Variedades;No
Ecuador;Abono Mensual;Bronce SD;1218;Universal TV HD;HD;Variedades;No
Ecuador;Abono Mensual;Bronce SD;1219;USA Network HD;HD;Variedades;No
Ecuador;Abono Mensual;Bronce SD;1221;Hola TV HD;HD;Variedades;No
Ecuador;Abono Mensual;Bronce SD;1222;E! Entertainment HD;HD;Variedades;No
Ecuador;Abono Mensual;Bronce SD;1223;Investigation Discovery (ID) HD;HD;Variedades;No
Ecuador;Abono Mensual;Bronce SD;1228;Lifetime HD;HD;Variedades;No
Ecuador;Abono Mensual;Bronce SD;1229;Discovery Home & Health;HD;Variedades;No
Ecuador;Abono Mensual;Bronce SD;1231;Alacocina TV;HD;Variedades;Si
Ecuador;Abono Mensual;Bronce SD;1232;El Gourmet HD;HD;Variedades;No
Ecuador;Abono Mensual;Bronce SD;1233;Food Network HD;HD;Variedades;No
Ecuador;Abono Mensual;Bronce SD;1234;HGTV HD;HD;Variedades;No
Ecuador;Abono Mensual;Bronce SD;1236;VePlus HD;HD;Variedades;No
Ecuador;Abono Mensual;Bronce SD;1264;MTV HD;HD;Variedades;No
Ecuador;Abono Mensual;Bronce SD;1265;Music Top HD;HD;Variedades;No
Ecuador;Abono Mensual;Bronce SD;1266;Tierra Mía HD;HD;Variedades;No
Ecuador;Abono Mensual;Bronce SD;1270;Latina TV;HD;Variedades;Si
Ecuador;Abono Mensual;Bronce SD;1273;INTI Network HD;HD;Variedades;No
Ecuador;Abono Mensual;Bronce SD;1304;Cartoon Network HD;HD;Infantil;No
Ecuador;Abono Mensual;Bronce SD;1308;Nickelodeon HD;HD;Infantil;No
Ecuador;Abono Mensual;Bronce SD;1309;Nick Jr. HD;HD;Infantil;No
Ecuador;Abono Mensual;Bronce SD;1312;Disney Channel HD;HD;Infantil;No
Ecuador;Abono Mensual;Bronce SD;1315;Disney Junior HD;HD;Infantil;No
Ecuador;Abono Mensual;Bronce SD;1318;Plim Plim;HD;Infantil;Si
Ecuador;Abono Mensual;Bronce SD;1319;El Reino Infantil;HD;Infantil;Si
Ecuador;Abono Mensual;Bronce SD;1330;Discovery Kids HD;HD;Infantil;No
Ecuador;Abono Mensual;Bronce SD;1502;TNT HD;HD;Cine;No
Ecuador;Abono Mensual;Bronce SD;1503;Golden HD;HD;Cine;No
Ecuador;Abono Mensual;Bronce SD;1506;Sony Movies;HD;Cine;No
Ecuador;Abono Mensual;Bronce SD;1507;Cinecanal HD;HD;Cine;No
Ecuador;Abono Mensual;Bronce SD;1508;Studio Universal HD;HD;Cine;No
Ecuador;Abono Mensual;Bronce SD;1509;Cinemax HD;HD;Cine;No
Ecuador;Abono Mensual;Bronce SD;1510;Mórbido TV;HD;Cine;Si
Ecuador;Abono Mensual;Bronce SD;1513;DHE HD;HD;Cine;No
Ecuador;Abono Mensual;Bronce SD;1518;Space HD;HD;Cine;No
Ecuador;Abono Mensual;Bronce SD;1524;HBO HD;HD;Cine;No
Ecuador;Abono Mensual;Bronce SD;1525;HBO 2 HD;HD;Cine;No
Ecuador;Abono Mensual;Bronce SD;1528;HBO Signature HD;HD;Cine;No
Ecuador;Abono Mensual;Bronce SD;1532;HBO Plus HD;HD;Cine;No
Ecuador;Abono Mensual;Bronce SD;1534;HBO Family HD;HD;Cine;No
Ecuador;Abono Mensual;Bronce SD;1542;HBO Xtreme HD;HD;Cine;No
Ecuador;Abono Mensual;Bronce SD;1571;Universal Premiere Este HD;HD;Cine;No
Ecuador;Abono Mensual;Bronce SD;1572;Universal Cinema HD;HD;Cine;No
Ecuador;Abono Mensual;Bronce SD;1573;Universal Comedy HD;HD;Cine;No
Ecuador;Abono Mensual;Bronce SD;1574;Universal Crime Este HD;HD;Cine;No
Ecuador;Abono Mensual;Bronce SD;1575;Universal Reality HD;HD;Cine;No
Ecuador;Abono Mensual;Bronce SD;1576;Universal Premiere Oeste HD;HD;Cine;No
Ecuador;Abono Mensual;Bronce SD;1577;Universal Cinema Oeste;HD;Cine;No
Ecuador;Abono Mensual;Bronce SD;1610;DSports HD;HD;Deportes;No
Ecuador;Abono Mensual;Bronce SD;1612;DSports 2 HD;HD;Deportes;No
Ecuador;Abono Mensual;Bronce SD;1613;DSports+ HD;HD;Deportes;No
Ecuador;Abono Mensual;Bronce SD;1621;ESPN HD;HD;Deportes;No
Ecuador;Abono Mensual;Bronce SD;1622;ESPN 2 HD;HD;Deportes;No
Ecuador;Abono Mensual;Bronce SD;1623;ESPN 3 HD;HD;Deportes;No
Ecuador;Abono Mensual;Bronce SD;1624;ESPN 4 HD;HD;Deportes;No
Ecuador;Abono Mensual;Bronce SD;1625;ESPN 5 HD;HD;Deportes;No
Ecuador;Abono Mensual;Bronce SD;1626;ESPN 6 HD;HD;Deportes;Si
Ecuador;Abono Mensual;Bronce SD;1627;ESPN 7 HD;HD;Deportes;Si
Ecuador;Abono Mensual;Bronce SD;1628;Golf Channel HD;HD;Deportes;No
Ecuador;Abono Mensual;Bronce SD;1639;PX Sports;HD;Deportes;No
Ecuador;Abono Mensual;Bronce SD;1655;El Canal del Futbol;HD;Deportes;No
Ecuador;Abono Mensual;Bronce SD;1698;Dsports;HD;Deportes;No
Ecuador;Abono Mensual;Bronce SD;1699;DSports Eventos;HD;Deportes;No
Ecuador;Abono Mensual;Bronce SD;1700;DNews HD;HD;Mundo;No
Ecuador;Abono Mensual;Bronce SD;1727;Cable Noticias HD;HD;Mundo;No
Ecuador;Abono Mensual;Bronce SD;1730;National Geographic HD;HD;Mundo;No
Ecuador;Abono Mensual;Bronce SD;1731;Discovery Theater HD;HD;Mundo;No
Ecuador;Abono Mensual;Bronce SD;1732;Discovery Channel HD;HD;Mundo;No
Ecuador;Abono Mensual;Bronce SD;1734;Animal Planet HD;HD;Mundo;No
Ecuador;Abono Mensual;Bronce SD;1738;Discovery World HD;HD;Mundo;No
Ecuador;Abono Mensual;Bronce SD;1740;Discovery Travel & Living Channel (TLC) HD;HD;Mundo;No
Ecuador;Abono Mensual;Bronce SD;1742;History HD;HD;Mundo;No
Ecuador;Abono Mensual;Bronce SD;1744;History 2 HD;HD;Mundo;No
Ecuador;Abono Mensual;Bronce SD;1750;Encuentro;HD;Variedades;No
Ecuador;Abono Mensual;Bronce SD;1762;Antena 3 HD;HD;Mundo;No
Ecuador;Abono Mensual;Bronce SD;1764;France 24 Español;HD;Mundo;Si
Ecuador;Abono Mensual;Bronce SD;4000;Directv 4K;4K;4K;No
Ecuador;Abono Mensual;Bronce HD;142;Telecaribe;SD;Mundo;Si
Ecuador;Abono Mensual;Bronce HD;148;Canal TRO;SD;Mundo;Si
Ecuador;Abono Mensual;Bronce HD;151;Telemedellin;SD;Mundo;Si
Ecuador;Abono Mensual;Bronce HD;170;TV Familia;SD;Religioso;No
Ecuador;Abono Mensual;Bronce HD;177;RTU;SD;Nacional;Si
Ecuador;Abono Mensual;Bronce HD;178;Redonda TV;SD;Variedades;Si
Ecuador;Abono Mensual;Bronce HD;179;Teleamazonas Guayaquil;SD;Nacional;Si
Ecuador;Abono Mensual;Bronce HD;180;Teleamazonas;SD;Nacional;Si
Ecuador;Abono Mensual;Bronce HD;181;TC Television;SD;Nacional;Si
Ecuador;Abono Mensual;Bronce HD;182;Ecuavisa;SD;Nacional;Si
Ecuador;Abono Mensual;Bronce HD;183;Gama TV;SD;Nacional;Si
Ecuador;Abono Mensual;Bronce HD;184;Ecuavisa;SD;Nacional;Si
Ecuador;Abono Mensual;Bronce HD;185;RTS;SD;Nacional;Si
Ecuador;Abono Mensual;Bronce HD;187;Ecuador TV;SD;Nacional;Si
Ecuador;Abono Mensual;Bronce HD;188;Telerama;SD;Nacional;Si
Ecuador;Abono Mensual;Bronce HD;190;Oro Mar TV;SD;Nacional;Si
Ecuador;Abono Mensual;Bronce HD;192;Televicentro;SD;Nacional;Si
Ecuador;Abono Mensual;Bronce HD;194;Manavision;SD;Nacional;Si
Ecuador;Abono Mensual;Bronce HD;202;Star Channel;SD;Variedades;Si
Ecuador;Abono Mensual;Bronce HD;206;Warner Channel;SD;Variedades;Si
Ecuador;Abono Mensual;Bronce HD;207;A&E;SD;Variedades;Si
Ecuador;Abono Mensual;Bronce HD;208;Sony;SD;Variedades;Si
Ecuador;Abono Mensual;Bronce HD;209;AXN;SD;Variedades;Si
Ecuador;Abono Mensual;Bronce HD;210;AMC;SD;Variedades;No
Ecuador;Abono Mensual;Bronce HD;213;TNT Series;SD;Variedades;No
Ecuador;Abono Mensual;Bronce HD;214;Atres Series;SD;Variedades;No
Ecuador;Abono Mensual;Bronce HD;215;Comedy Central;SD;Variedades;Si
Ecuador;Abono Mensual;Bronce HD;216;TNT Novelas;SD;Variedades;No
Ecuador;Abono Mensual;Bronce HD;217;FX;SD;Variedades;Si
Ecuador;Abono Mensual;Bronce HD;218;Universal TV;SD;Variedades;Si
Ecuador;Abono Mensual;Bronce HD;219;USA Network;SD;Variedades;No
Ecuador;Abono Mensual;Bronce HD;220;Adult Swim;SD;Variedades;No
Ecuador;Abono Mensual;Bronce HD;221;¡Hola! TV;SD;Variedades;Si
Ecuador;Abono Mensual;Bronce HD;222;E! Entertainment;SD;Variedades;Si
Ecuador;Abono Mensual;Bronce HD;223;Investigation Discovery (ID);SD;Variedades;No
Ecuador;Abono Mensual;Bronce HD;226;El Canal de las Estrellas;SD;Variedades;Si
Ecuador;Abono Mensual;Bronce HD;227;TLnovelas;SD;Variedades;Si
Ecuador;Abono Mensual;Bronce HD;228;Lifetime;SD;Variedades;No
Ecuador;Abono Mensual;Bronce HD;229;Discovery Home & Health;SD;Variedades;Si
Ecuador;Abono Mensual;Bronce HD;230;Más Chic;SD;Variedades;No
Ecuador;Abono Mensual;Bronce HD;231;Telemundo Internacional;SD;Variedades;Si
Ecuador;Abono Mensual;Bronce HD;232;El Gourmet;SD;Variedades;No
Ecuador;Abono Mensual;Bronce HD;233;Food Network;SD;Variedades;No
Ecuador;Abono Mensual;Bronce HD;264;MTV;SD;Variedades;Si
Ecuador;Abono Mensual;Bronce HD;269;Quiero Música en Mi Idioma (QMusic);SD;Variedades;Si
Ecuador;Abono Mensual;Bronce HD;270;Mi Gente 3.0;SD;Variedades;No
Ecuador;Abono Mensual;Bronce HD;304;Cartoon Network;SD;Infantil;Si
Ecuador;Abono Mensual;Bronce HD;308;Nickelodeon;SD;Infantil;Si
Ecuador;Abono Mensual;Bronce HD;309;Nick Jr.;SD;Infantil;No
Ecuador;Abono Mensual;Bronce HD;312;Disney Channel;SD;Infantil;Si
Ecuador;Abono Mensual;Bronce HD;315;Disney Junior;SD;Infantil;Si
Ecuador;Abono Mensual;Bronce HD;317;BabyTV;SD;Infantil;No
Ecuador;Abono Mensual;Bronce HD;318;Plim Plim;SD;Infantil;Si
Ecuador;Abono Mensual;Bronce HD;319;El Reino Infantil;SD;Infantil;Si
Ecuador;Abono Mensual;Bronce HD;330;Discovery Kids;SD;Infantil;Si
Ecuador;Abono Mensual;Bronce HD;334;Cartoonito;SD;Infantil;No
Ecuador;Abono Mensual;Bronce HD;350;EWTN;SD;Religioso;Si
Ecuador;Abono Mensual;Bronce HD;351;Canal Orbe 21;SD;Religioso;No
Ecuador;Abono Mensual;Bronce HD;352;Enlace TBN;SD;Religioso;Si
Ecuador;Abono Mensual;Bronce HD;464;Playboy TV;SD;Adultos;No
Ecuador;Abono Mensual;Bronce HD;468;Venus;SD;Adultos;No
Ecuador;Abono Mensual;Bronce HD;469;XTSY;SD;Adultos;No
Ecuador;Abono Mensual;Bronce HD;470;Hustler;SD;Adultos;No
Ecuador;Abono Mensual;Bronce HD;502;TNT;SD;Cine;Si
Ecuador;Abono Mensual;Bronce HD;503;Golden;SD;Cine;No
Ecuador;Abono Mensual;Bronce HD;506;Sony Movies;SD;Cine;No
Ecuador;Abono Mensual;Bronce HD;507;Cinecanal;SD;Cine;Si
Ecuador;Abono Mensual;Bronce HD;508;Studio Universal;SD;Cine;Si
Ecuador;Abono Mensual;Bronce HD;509;Cinemax;SD;Cine;Si
Ecuador;Abono Mensual;Bronce HD;510;Mórbido TV;SD;Cine;Si
Ecuador;Abono Mensual;Bronce HD;513;DHE;SD;Cine;No
Ecuador;Abono Mensual;Bronce HD;515;Cinema;SD;Cine;No
Ecuador;Abono Mensual;Bronce HD;516;De Película;SD;Cine;No
Ecuador;Abono Mensual;Bronce HD;517;Golden Edge;SD;Cine;No
Ecuador;Abono Mensual;Bronce HD;518;Space;SD;Cine;Si
Ecuador;Abono Mensual;Bronce HD;524;HBO Este;SD;Cine;No
Ecuador;Abono Mensual;Bronce HD;525;HBO 2;SD;Cine;No
Ecuador;Abono Mensual;Bronce HD;526;HBO Plus Este;SD;Cine;No
Ecuador;Abono Mensual;Bronce HD;528;HBO Signature;SD;Cine;No
Ecuador;Abono Mensual;Bronce HD;532;HBO Plus Oeste;SD;Cine;No
Ecuador;Abono Mensual;Bronce HD;534;HBO Family Este;SD;Cine;No
Ecuador;Abono Mensual;Bronce HD;538;MAX Prime Oeste;SD;Cine;No
Ecuador;Abono Mensual;Bronce HD;540;HBO Mundi;SD;Cine;No
Ecuador;Abono Mensual;Bronce HD;541;HBO Pop;SD;Cine;No
Ecuador;Abono Mensual;Bronce HD;542;HBO Xtreme;SD;Cine;No
Ecuador;Abono Mensual;Bronce HD;571;Universal Premiere Este;SD;Cine;No
Ecuador;Abono Mensual;Bronce HD;572;Universal Cinema;SD;Cine;No
Ecuador;Abono Mensual;Bronce HD;573;Universal Comedy;SD;Cine;No
Ecuador;Abono Mensual;Bronce HD;574;Universal Crime Este;SD;Cine;No
Ecuador;Abono Mensual;Bronce HD;575;Universal Reality;SD;Cine;No
Ecuador;Abono Mensual;Bronce HD;576;Universal Premiere Oeste;SD;Cine;No
Ecuador;Abono Mensual;Bronce HD;577;Universal Cinema Oeste;SD;Cine;No
Ecuador;Abono Mensual;Bronce HD;610;DSports;SD;Deportes;Si
Ecuador;Abono Mensual;Bronce HD;612;DSports 2;SD;Deportes;Si
Ecuador;Abono Mensual;Bronce HD;613;DSports+;SD;Deportes;Si
Ecuador;Abono Mensual;Bronce HD;616;Liga;SD;Deportes;No
Ecuador;Abono Mensual;Bronce HD;621;ESPN;SD;Deportes;Si
Ecuador;Abono Mensual;Bronce HD;622;ESPN 2;SD;Deportes;Si
Ecuador;Abono Mensual;Bronce HD;623;ESPN 3;SD;Deportes;Si
Ecuador;Abono Mensual;Bronce HD;625;ESPN 5;SD;Deportes;Si
Ecuador;Abono Mensual;Bronce HD;626;ESPN 6;SD;Deportes;Si
Ecuador;Abono Mensual;Bronce HD;627;ESPN 7;SD;Deportes;Si
Ecuador;Abono Mensual;Bronce HD;628;The Golf Channel;SD;Deportes;No
Ecuador;Abono Mensual;Bronce HD;629;TyC Sports;SD;Deportes;No
Ecuador;Abono Mensual;Bronce HD;655;El Canal del Futbol;SD;Deportes;No
Ecuador;Abono Mensual;Bronce HD;680;MLB Temporada;SD;Deportes;No
Ecuador;Abono Mensual;Bronce HD;681;MLB Temporada;SD;Deportes;No
Ecuador;Abono Mensual;Bronce HD;683;Dsports Venezuela;SD;Deportes;Si
Ecuador;Abono Mensual;Bronce HD;698;Dsports;SD;Deportes;No
Ecuador;Abono Mensual;Bronce HD;699;DSports Eventos;SD;Deportes;No
Ecuador;Abono Mensual;Bronce HD;700;DNews;SD;Mundo;Si
Ecuador;Abono Mensual;Bronce HD;704;CNN en Español;SD;Mundo;Si
Ecuador;Abono Mensual;Bronce HD;706;CNN International;SD;Mundo;No
Ecuador;Abono Mensual;Bronce HD;707;CNN Chile;SD;Mundo;No
Ecuador;Abono Mensual;Bronce HD;708;TVN 24 HORAS;SD;Mundo;No
Ecuador;Abono Mensual;Bronce HD;710;Bloomberg Television;SD;Mundo;No
Ecuador;Abono Mensual;Bronce HD;716;Todo Noticias (TN);SD;Mundo;No
Ecuador;Abono Mensual;Bronce HD;720;Canal 26;SD;Mundo;Si
Ecuador;Abono Mensual;Bronce HD;725;NTN 24;SD;Mundo;Si
Ecuador;Abono Mensual;Bronce HD;727;Cable Noticias;SD;Mundo;No
Ecuador;Abono Mensual;Bronce HD;730;National Geographic;SD;Mundo;Si
Ecuador;Abono Mensual;Bronce HD;732;Discovery Channel;SD;Mundo;Si
Ecuador;Abono Mensual;Bronce HD;734;Animal Planet;SD;Mundo;Si
Ecuador;Abono Mensual;Bronce HD;736;Discovery Turbo;SD;Mundo;No
Ecuador;Abono Mensual;Bronce HD;740;Discovery Travel & Living Channel (TLC);SD;Mundo;No
Ecuador;Abono Mensual;Bronce HD;742;History Channel;SD;Mundo;Si
Ecuador;Abono Mensual;Bronce HD;744;History 2;SD;Mundo;Si
Ecuador;Abono Mensual;Bronce HD;760;Univision;SD;Mundo;No
Ecuador;Abono Mensual;Bronce HD;762;Antena 3;SD;Mundo;No
Ecuador;Abono Mensual;Bronce HD;764;France 24 Español;SD;Mundo;Si
Ecuador;Abono Mensual;Bronce HD;766;Rai Italia;SD;Mundo;No
Ecuador;Abono Mensual;Bronce HD;768;BBC News;SD;Mundo;No
Ecuador;Abono Mensual;Bronce HD;770;Deutsche Welle (DW) Español;SD;Mundo;No
Ecuador;Abono Mensual;Bronce HD;772;Caracol Internacional;SD;Mundo;Si
Ecuador;Abono Mensual;Bronce HD;773;El Tiempo TV;SD;Mundo;Si
Ecuador;Abono Mensual;Bronce HD;774;TV Chile;SD;Mundo;No
Ecuador;Abono Mensual;Bronce HD;775;RCN Nuestra Tele;SD;Mundo;Si
Ecuador;Abono Mensual;Bronce HD;776;TV Globo;SD;Mundo;No
Ecuador;Abono Mensual;Bronce HD;778;RTP Internacional;SD;Mundo;No
Ecuador;Abono Mensual;Bronce HD;780;ZEE Mundo;SD;Mundo;No
Ecuador;Abono Mensual;Bronce HD;782;NHK World;SD;Mundo;No
Ecuador;Abono Mensual;Bronce HD;784;El Trece Internacional;SD;Mundo;Si
Ecuador;Abono Mensual;Bronce HD;786;Telefe Internacional;SD;Mundo;No
Ecuador;Abono Mensual;Bronce HD;790;CGTN;SD;Mundo;Si
Ecuador;Abono Mensual;Bronce HD;901;DSports Radio;Radio;Radio;No
Ecuador;Abono Mensual;Bronce HD;980;Unión Radio Noticias;Radio;Radio;Si
Ecuador;Abono Mensual;Bronce HD;982;Radio Caracol;Radio;Radio;Si
Ecuador;Abono Mensual;Bronce HD;984;Radio France International;Radio;Radio;Si
Ecuador;Abono Mensual;Bronce HD;1105;Gran Hermano - Experiencia Multicámara;HD;Variedades;No
Ecuador;Abono Mensual;Bronce HD;1106;Gran Hermano - 24 hs;HD;Variedades;No
Ecuador;Abono Mensual;Bronce HD;1107;Gran Hermano - Cámara 1;HD;Variedades;No
Ecuador;Abono Mensual;Bronce HD;1108;Gran Hermano - Cámara 2;HD;Variedades;No
Ecuador;Abono Mensual;Bronce HD;1109;Gran Hermano - Cámara 3;HD;Variedades;No
Ecuador;Abono Mensual;Bronce HD;1180;Teleamazonas HD;HD;Nacional;Si
Ecuador;Abono Mensual;Bronce HD;1181;TC Television HD;HD;Nacional;Si
Ecuador;Abono Mensual;Bronce HD;1182;Ecuavisa HD;HD;Nacional;Si
Ecuador;Abono Mensual;Bronce HD;1204;Star Channel HD;HD;Variedades;Si
Ecuador;Abono Mensual;Bronce HD;1206;Warner Channel HD;HD;Variedades;Si
Ecuador;Abono Mensual;Bronce HD;1207;A&E Mundo HD;HD;Variedades;Si
Ecuador;Abono Mensual;Bronce HD;1208;Sony HD;HD;Variedades;Si
Ecuador;Abono Mensual;Bronce HD;1209;AXN HD;HD;Variedades;Si
Ecuador;Abono Mensual;Bronce HD;1210;AMC HD;HD;Variedades;No
Ecuador;Abono Mensual;Bronce HD;1213;TNT Series HD;HD;Variedades;No
Ecuador;Abono Mensual;Bronce HD;1214;Atres HD;HD;Variedades;No
Ecuador;Abono Mensual;Bronce HD;1215;Comedy Central HD;HD;Variedades;Si
Ecuador;Abono Mensual;Bronce HD;1217;FX HD;HD;Variedades;Si
Ecuador;Abono Mensual;Bronce HD;1218;Universal TV HD;HD;Variedades;Si
Ecuador;Abono Mensual;Bronce HD;1219;USA Network HD;HD;Variedades;No
Ecuador;Abono Mensual;Bronce HD;1221;Hola TV HD;HD;Variedades;Si
Ecuador;Abono Mensual;Bronce HD;1222;E! Entertainment HD;HD;Variedades;Si
Ecuador;Abono Mensual;Bronce HD;1223;Investigation Discovery (ID) HD;HD;Variedades;No
Ecuador;Abono Mensual;Bronce HD;1228;Lifetime HD;HD;Variedades;No
Ecuador;Abono Mensual;Bronce HD;1229;Discovery Home & Health;HD;Variedades;Si
Ecuador;Abono Mensual;Bronce HD;1231;Alacocina TV;HD;Variedades;Si
Ecuador;Abono Mensual;Bronce HD;1232;El Gourmet HD;HD;Variedades;No
Ecuador;Abono Mensual;Bronce HD;1233;Food Network HD;HD;Variedades;No
Ecuador;Abono Mensual;Bronce HD;1234;HGTV HD;HD;Variedades;No
Ecuador;Abono Mensual;Bronce HD;1236;VePlus HD;HD;Variedades;Si
Ecuador;Abono Mensual;Bronce HD;1264;MTV HD;HD;Variedades;Si
Ecuador;Abono Mensual;Bronce HD;1265;Music Top HD;HD;Variedades;Si
Ecuador;Abono Mensual;Bronce HD;1266;Tierra Mía HD;HD;Variedades;Si
Ecuador;Abono Mensual;Bronce HD;1270;Latina TV;HD;Variedades;Si
Ecuador;Abono Mensual;Bronce HD;1273;INTI Network HD;HD;Variedades;Si
Ecuador;Abono Mensual;Bronce HD;1304;Cartoon Network HD;HD;Infantil;Si
Ecuador;Abono Mensual;Bronce HD;1308;Nickelodeon HD;HD;Infantil;Si
Ecuador;Abono Mensual;Bronce HD;1309;Nick Jr. HD;HD;Infantil;No
Ecuador;Abono Mensual;Bronce HD;1312;Disney Channel HD;HD;Infantil;Si
Ecuador;Abono Mensual;Bronce HD;1315;Disney Junior HD;HD;Infantil;Si
Ecuador;Abono Mensual;Bronce HD;1318;Plim Plim;HD;Infantil;Si
Ecuador;Abono Mensual;Bronce HD;1319;El Reino Infantil;HD;Infantil;Si
Ecuador;Abono Mensual;Bronce HD;1330;Discovery Kids HD;HD;Infantil;Si
Ecuador;Abono Mensual;Bronce HD;1502;TNT HD;HD;Cine;Si
Ecuador;Abono Mensual;Bronce HD;1503;Golden HD;HD;Cine;No
Ecuador;Abono Mensual;Bronce HD;1506;Sony Movies;HD;Cine;No
Ecuador;Abono Mensual;Bronce HD;1507;Cinecanal HD;HD;Cine;Si
Ecuador;Abono Mensual;Bronce HD;1508;Studio Universal HD;HD;Cine;Si
Ecuador;Abono Mensual;Bronce HD;1509;Cinemax HD;HD;Cine;Si
Ecuador;Abono Mensual;Bronce HD;1510;Mórbido TV;HD;Cine;Si
Ecuador;Abono Mensual;Bronce HD;1513;DHE HD;HD;Cine;No
Ecuador;Abono Mensual;Bronce HD;1518;Space HD;HD;Cine;Si
Ecuador;Abono Mensual;Bronce HD;1524;HBO HD;HD;Cine;No
Ecuador;Abono Mensual;Bronce HD;1525;HBO 2 HD;HD;Cine;No
Ecuador;Abono Mensual;Bronce HD;1528;HBO Signature HD;HD;Cine;No
Ecuador;Abono Mensual;Bronce HD;1532;HBO Plus HD;HD;Cine;No
Ecuador;Abono Mensual;Bronce HD;1534;HBO Family HD;HD;Cine;No
Ecuador;Abono Mensual;Bronce HD;1542;HBO Xtreme HD;HD;Cine;No
Ecuador;Abono Mensual;Bronce HD;1571;Universal Premiere Este HD;HD;Cine;No
Ecuador;Abono Mensual;Bronce HD;1572;Universal Cinema HD;HD;Cine;No
Ecuador;Abono Mensual;Bronce HD;1573;Universal Comedy HD;HD;Cine;No
Ecuador;Abono Mensual;Bronce HD;1574;Universal Crime Este HD;HD;Cine;No
Ecuador;Abono Mensual;Bronce HD;1575;Universal Reality HD;HD;Cine;No
Ecuador;Abono Mensual;Bronce HD;1576;Universal Premiere Oeste HD;HD;Cine;No
Ecuador;Abono Mensual;Bronce HD;1577;Universal Cinema Oeste;HD;Cine;No
Ecuador;Abono Mensual;Bronce HD;1610;DSports HD;HD;Deportes;Si
Ecuador;Abono Mensual;Bronce HD;1612;DSports 2 HD;HD;Deportes;Si
Ecuador;Abono Mensual;Bronce HD;1613;DSports+ HD;HD;Deportes;Si
Ecuador;Abono Mensual;Bronce HD;1621;ESPN HD;HD;Deportes;Si
Ecuador;Abono Mensual;Bronce HD;1622;ESPN 2 HD;HD;Deportes;Si
Ecuador;Abono Mensual;Bronce HD;1623;ESPN 3 HD;HD;Deportes;Si
Ecuador;Abono Mensual;Bronce HD;1624;ESPN 4 HD;HD;Deportes;Si
Ecuador;Abono Mensual;Bronce HD;1625;ESPN 5 HD;HD;Deportes;Si
Ecuador;Abono Mensual;Bronce HD;1626;ESPN 6 HD;HD;Deportes;Si
Ecuador;Abono Mensual;Bronce HD;1627;ESPN 7 HD;HD;Deportes;Si
Ecuador;Abono Mensual;Bronce HD;1628;Golf Channel HD;HD;Deportes;No
Ecuador;Abono Mensual;Bronce HD;1639;PX Sports;HD;Deportes;No
Ecuador;Abono Mensual;Bronce HD;1655;El Canal del Futbol;HD;Deportes;No
Ecuador;Abono Mensual;Bronce HD;1698;Dsports;HD;Deportes;No
Ecuador;Abono Mensual;Bronce HD;1699;DSports Eventos;HD;Deportes;No
Ecuador;Abono Mensual;Bronce HD;1700;DNews HD;HD;Mundo;Si
Ecuador;Abono Mensual;Bronce HD;1727;Cable Noticias HD;HD;Mundo;No
Ecuador;Abono Mensual;Bronce HD;1730;National Geographic HD;HD;Mundo;Si
Ecuador;Abono Mensual;Bronce HD;1731;Discovery Theater HD;HD;Mundo;Si
Ecuador;Abono Mensual;Bronce HD;1732;Discovery Channel HD;HD;Mundo;Si
Ecuador;Abono Mensual;Bronce HD;1734;Animal Planet HD;HD;Mundo;Si
Ecuador;Abono Mensual;Bronce HD;1738;Discovery World HD;HD;Mundo;No
Ecuador;Abono Mensual;Bronce HD;1740;Discovery Travel & Living Channel (TLC) HD;HD;Mundo;No
Ecuador;Abono Mensual;Bronce HD;1742;History HD;HD;Mundo;Si
Ecuador;Abono Mensual;Bronce HD;1744;History 2 HD;HD;Mundo;Si
Ecuador;Abono Mensual;Bronce HD;1750;Encuentro;HD;Variedades;No
Ecuador;Abono Mensual;Bronce HD;1762;Antena 3 HD;HD;Mundo;No
Ecuador;Abono Mensual;Bronce HD;1764;France 24 Español;HD;Mundo;Si
Ecuador;Abono Mensual;Bronce HD;4000;Directv 4K;4K;4K;No
Ecuador;Abono Mensual;Plata SD;142;Telecaribe;SD;Mundo;Si
Ecuador;Abono Mensual;Plata SD;148;Canal TRO;SD;Mundo;Si
Ecuador;Abono Mensual;Plata SD;151;Telemedellin;SD;Mundo;Si
Ecuador;Abono Mensual;Plata SD;170;TV Familia;SD;Religioso;Si
Ecuador;Abono Mensual;Plata SD;177;RTU;SD;Nacional;Si
Ecuador;Abono Mensual;Plata SD;178;Redonda TV;SD;Variedades;Si
Ecuador;Abono Mensual;Plata SD;179;Teleamazonas Guayaquil;SD;Nacional;Si
Ecuador;Abono Mensual;Plata SD;180;Teleamazonas;SD;Nacional;Si
Ecuador;Abono Mensual;Plata SD;181;TC Television;SD;Nacional;Si
Ecuador;Abono Mensual;Plata SD;182;Ecuavisa;SD;Nacional;Si
Ecuador;Abono Mensual;Plata SD;183;Gama TV;SD;Nacional;Si
Ecuador;Abono Mensual;Plata SD;184;Ecuavisa;SD;Nacional;Si
Ecuador;Abono Mensual;Plata SD;185;RTS;SD;Nacional;Si
Ecuador;Abono Mensual;Plata SD;187;Ecuador TV;SD;Nacional;Si
Ecuador;Abono Mensual;Plata SD;188;Telerama;SD;Nacional;Si
Ecuador;Abono Mensual;Plata SD;190;Oro Mar TV;SD;Nacional;Si
Ecuador;Abono Mensual;Plata SD;192;Televicentro;SD;Nacional;Si
Ecuador;Abono Mensual;Plata SD;194;Manavision;SD;Nacional;Si
Ecuador;Abono Mensual;Plata SD;202;Star Channel;SD;Variedades;Si
Ecuador;Abono Mensual;Plata SD;206;Warner Channel;SD;Variedades;Si
Ecuador;Abono Mensual;Plata SD;207;A&E;SD;Variedades;Si
Ecuador;Abono Mensual;Plata SD;208;Sony;SD;Variedades;Si
Ecuador;Abono Mensual;Plata SD;209;AXN;SD;Variedades;Si
Ecuador;Abono Mensual;Plata SD;210;AMC;SD;Variedades;Si
Ecuador;Abono Mensual;Plata SD;213;TNT Series;SD;Variedades;Si
Ecuador;Abono Mensual;Plata SD;214;Atres Series;SD;Variedades;No
Ecuador;Abono Mensual;Plata SD;215;Comedy Central;SD;Variedades;Si
Ecuador;Abono Mensual;Plata SD;216;TNT Novelas;SD;Variedades;Si
Ecuador;Abono Mensual;Plata SD;217;FX;SD;Variedades;Si
Ecuador;Abono Mensual;Plata SD;218;Universal TV;SD;Variedades;Si
Ecuador;Abono Mensual;Plata SD;219;USA Network;SD;Variedades;No
Ecuador;Abono Mensual;Plata SD;220;Adult Swim;SD;Variedades;Si
Ecuador;Abono Mensual;Plata SD;221;¡Hola! TV;SD;Variedades;Si
Ecuador;Abono Mensual;Plata SD;222;E! Entertainment;SD;Variedades;Si
Ecuador;Abono Mensual;Plata SD;223;Investigation Discovery (ID);SD;Variedades;Si
Ecuador;Abono Mensual;Plata SD;226;El Canal de las Estrellas;SD;Variedades;Si
Ecuador;Abono Mensual;Plata SD;227;TLnovelas;SD;Variedades;Si
Ecuador;Abono Mensual;Plata SD;228;Lifetime;SD;Variedades;No
Ecuador;Abono Mensual;Plata SD;229;Discovery Home & Health;SD;Variedades;Si
Ecuador;Abono Mensual;Plata SD;230;Más Chic;SD;Variedades;No
Ecuador;Abono Mensual;Plata SD;231;Telemundo Internacional;SD;Variedades;Si
Ecuador;Abono Mensual;Plata SD;232;El Gourmet;SD;Variedades;No
Ecuador;Abono Mensual;Plata SD;233;Food Network;SD;Variedades;Si
Ecuador;Abono Mensual;Plata SD;264;MTV;SD;Variedades;Si
Ecuador;Abono Mensual;Plata SD;269;Quiero Música en Mi Idioma (QMusic);SD;Variedades;Si
Ecuador;Abono Mensual;Plata SD;270;Mi Gente 3.0;SD;Variedades;No
Ecuador;Abono Mensual;Plata SD;304;Cartoon Network;SD;Infantil;Si
Ecuador;Abono Mensual;Plata SD;308;Nickelodeon;SD;Infantil;Si
Ecuador;Abono Mensual;Plata SD;309;Nick Jr.;SD;Infantil;Si
Ecuador;Abono Mensual;Plata SD;312;Disney Channel;SD;Infantil;Si
Ecuador;Abono Mensual;Plata SD;315;Disney Junior;SD;Infantil;Si
Ecuador;Abono Mensual;Plata SD;317;BabyTV;SD;Infantil;Si
Ecuador;Abono Mensual;Plata SD;318;Plim Plim;SD;Infantil;Si
Ecuador;Abono Mensual;Plata SD;319;El Reino Infantil;SD;Infantil;Si
Ecuador;Abono Mensual;Plata SD;330;Discovery Kids;SD;Infantil;Si
Ecuador;Abono Mensual;Plata SD;334;Cartoonito;SD;Infantil;Si
Ecuador;Abono Mensual;Plata SD;350;EWTN;SD;Religioso;Si
Ecuador;Abono Mensual;Plata SD;351;Canal Orbe 21;SD;Religioso;No
Ecuador;Abono Mensual;Plata SD;352;Enlace TBN;SD;Religioso;Si
Ecuador;Abono Mensual;Plata SD;464;Playboy TV;SD;Adultos;No
Ecuador;Abono Mensual;Plata SD;468;Venus;SD;Adultos;No
Ecuador;Abono Mensual;Plata SD;469;XTSY;SD;Adultos;No
Ecuador;Abono Mensual;Plata SD;470;Hustler;SD;Adultos;No
Ecuador;Abono Mensual;Plata SD;502;TNT;SD;Cine;Si
Ecuador;Abono Mensual;Plata SD;503;Golden;SD;Cine;No
Ecuador;Abono Mensual;Plata SD;506;Sony Movies;SD;Cine;Si
Ecuador;Abono Mensual;Plata SD;507;Cinecanal;SD;Cine;Si
Ecuador;Abono Mensual;Plata SD;508;Studio Universal;SD;Cine;Si
Ecuador;Abono Mensual;Plata SD;509;Cinemax;SD;Cine;Si
Ecuador;Abono Mensual;Plata SD;510;Mórbido TV;SD;Cine;Si
Ecuador;Abono Mensual;Plata SD;513;DHE;SD;Cine;No
Ecuador;Abono Mensual;Plata SD;515;Cinema;SD;Cine;No
Ecuador;Abono Mensual;Plata SD;516;De Película;SD;Cine;Si
Ecuador;Abono Mensual;Plata SD;517;Golden Edge;SD;Cine;No
Ecuador;Abono Mensual;Plata SD;518;Space;SD;Cine;Si
Ecuador;Abono Mensual;Plata SD;524;HBO Este;SD;Cine;No
Ecuador;Abono Mensual;Plata SD;525;HBO 2;SD;Cine;No
Ecuador;Abono Mensual;Plata SD;526;HBO Plus Este;SD;Cine;No
Ecuador;Abono Mensual;Plata SD;528;HBO Signature;SD;Cine;No
Ecuador;Abono Mensual;Plata SD;532;HBO Plus Oeste;SD;Cine;No
Ecuador;Abono Mensual;Plata SD;534;HBO Family Este;SD;Cine;No
Ecuador;Abono Mensual;Plata SD;538;MAX Prime Oeste;SD;Cine;No
Ecuador;Abono Mensual;Plata SD;540;HBO Mundi;SD;Cine;No
Ecuador;Abono Mensual;Plata SD;541;HBO Pop;SD;Cine;No
Ecuador;Abono Mensual;Plata SD;542;HBO Xtreme;SD;Cine;No
Ecuador;Abono Mensual;Plata SD;571;Universal Premiere Este;SD;Cine;No
Ecuador;Abono Mensual;Plata SD;572;Universal Cinema;SD;Cine;No
Ecuador;Abono Mensual;Plata SD;573;Universal Comedy;SD;Cine;No
Ecuador;Abono Mensual;Plata SD;574;Universal Crime Este;SD;Cine;No
Ecuador;Abono Mensual;Plata SD;575;Universal Reality;SD;Cine;No
Ecuador;Abono Mensual;Plata SD;576;Universal Premiere Oeste;SD;Cine;No
Ecuador;Abono Mensual;Plata SD;577;Universal Cinema Oeste;SD;Cine;No
Ecuador;Abono Mensual;Plata SD;610;DSports;SD;Deportes;Si
Ecuador;Abono Mensual;Plata SD;612;DSports 2;SD;Deportes;Si
Ecuador;Abono Mensual;Plata SD;613;DSports+;SD;Deportes;Si
Ecuador;Abono Mensual;Plata SD;616;Liga;SD;Deportes;No
Ecuador;Abono Mensual;Plata SD;621;ESPN;SD;Deportes;Si
Ecuador;Abono Mensual;Plata SD;622;ESPN 2;SD;Deportes;Si
Ecuador;Abono Mensual;Plata SD;623;ESPN 3;SD;Deportes;Si
Ecuador;Abono Mensual;Plata SD;625;ESPN 5;SD;Deportes;Si
Ecuador;Abono Mensual;Plata SD;626;ESPN 6;SD;Deportes;Si
Ecuador;Abono Mensual;Plata SD;627;ESPN 7;SD;Deportes;Si
Ecuador;Abono Mensual;Plata SD;628;The Golf Channel;SD;Deportes;No
Ecuador;Abono Mensual;Plata SD;629;TyC Sports;SD;Deportes;No
Ecuador;Abono Mensual;Plata SD;655;El Canal del Futbol;SD;Deportes;No
Ecuador;Abono Mensual;Plata SD;680;MLB Temporada;SD;Deportes;No
Ecuador;Abono Mensual;Plata SD;681;MLB Temporada;SD;Deportes;No
Ecuador;Abono Mensual;Plata SD;683;Dsports Venezuela;SD;Deportes;Si
Ecuador;Abono Mensual;Plata SD;698;Dsports;SD;Deportes;No
Ecuador;Abono Mensual;Plata SD;699;DSports Eventos;SD;Deportes;No
Ecuador;Abono Mensual;Plata SD;700;DNews;SD;Mundo;Si
Ecuador;Abono Mensual;Plata SD;704;CNN en Español;SD;Mundo;Si
Ecuador;Abono Mensual;Plata SD;706;CNN International;SD;Mundo;No
Ecuador;Abono Mensual;Plata SD;707;CNN Chile;SD;Mundo;No
Ecuador;Abono Mensual;Plata SD;708;TVN 24 HORAS;SD;Mundo;No
Ecuador;Abono Mensual;Plata SD;710;Bloomberg Television;SD;Mundo;No
Ecuador;Abono Mensual;Plata SD;716;Todo Noticias (TN);SD;Mundo;Si
Ecuador;Abono Mensual;Plata SD;720;Canal 26;SD;Mundo;Si
Ecuador;Abono Mensual;Plata SD;725;NTN 24;SD;Mundo;Si
Ecuador;Abono Mensual;Plata SD;727;Cable Noticias;SD;Mundo;Si
Ecuador;Abono Mensual;Plata SD;730;National Geographic;SD;Mundo;Si
Ecuador;Abono Mensual;Plata SD;732;Discovery Channel;SD;Mundo;Si
Ecuador;Abono Mensual;Plata SD;734;Animal Planet;SD;Mundo;Si
Ecuador;Abono Mensual;Plata SD;736;Discovery Turbo;SD;Mundo;No
Ecuador;Abono Mensual;Plata SD;740;Discovery Travel & Living Channel (TLC);SD;Mundo;Si
Ecuador;Abono Mensual;Plata SD;742;History Channel;SD;Mundo;Si
Ecuador;Abono Mensual;Plata SD;744;History 2;SD;Mundo;Si
Ecuador;Abono Mensual;Plata SD;760;Univision;SD;Mundo;Si
Ecuador;Abono Mensual;Plata SD;762;Antena 3;SD;Mundo;No
Ecuador;Abono Mensual;Plata SD;764;France 24 Español;SD;Mundo;Si
Ecuador;Abono Mensual;Plata SD;766;Rai Italia;SD;Mundo;No
Ecuador;Abono Mensual;Plata SD;768;BBC News;SD;Mundo;No
Ecuador;Abono Mensual;Plata SD;770;Deutsche Welle (DW) Español;SD;Mundo;No
Ecuador;Abono Mensual;Plata SD;772;Caracol Internacional;SD;Mundo;Si
Ecuador;Abono Mensual;Plata SD;773;El Tiempo TV;SD;Mundo;Si
Ecuador;Abono Mensual;Plata SD;774;TV Chile;SD;Mundo;Si
Ecuador;Abono Mensual;Plata SD;775;RCN Nuestra Tele;SD;Mundo;Si
Ecuador;Abono Mensual;Plata SD;776;TV Globo;SD;Mundo;No
Ecuador;Abono Mensual;Plata SD;778;RTP Internacional;SD;Mundo;No
Ecuador;Abono Mensual;Plata SD;780;ZEE Mundo;SD;Mundo;No
Ecuador;Abono Mensual;Plata SD;782;NHK World;SD;Mundo;No
Ecuador;Abono Mensual;Plata SD;784;El Trece Internacional;SD;Mundo;Si
Ecuador;Abono Mensual;Plata SD;786;Telefe Internacional;SD;Mundo;Si
Ecuador;Abono Mensual;Plata SD;790;CGTN;SD;Mundo;Si
Ecuador;Abono Mensual;Plata SD;901;DSports Radio;Radio;Radio;No
Ecuador;Abono Mensual;Plata SD;980;Unión Radio Noticias;Radio;Radio;Si
Ecuador;Abono Mensual;Plata SD;982;Radio Caracol;Radio;Radio;Si
Ecuador;Abono Mensual;Plata SD;984;Radio France International;Radio;Radio;Si
Ecuador;Abono Mensual;Plata SD;1105;Gran Hermano - Experiencia Multicámara;HD;Variedades;No
Ecuador;Abono Mensual;Plata SD;1106;Gran Hermano - 24 hs;HD;Variedades;No
Ecuador;Abono Mensual;Plata SD;1107;Gran Hermano - Cámara 1;HD;Variedades;No
Ecuador;Abono Mensual;Plata SD;1108;Gran Hermano - Cámara 2;HD;Variedades;No
Ecuador;Abono Mensual;Plata SD;1109;Gran Hermano - Cámara 3;HD;Variedades;No
Ecuador;Abono Mensual;Plata SD;1180;Teleamazonas HD;HD;Nacional;No
Ecuador;Abono Mensual;Plata SD;1181;TC Television HD;HD;Nacional;No
Ecuador;Abono Mensual;Plata SD;1182;Ecuavisa HD;HD;Nacional;No
Ecuador;Abono Mensual;Plata SD;1204;Star Channel HD;HD;Variedades;No
Ecuador;Abono Mensual;Plata SD;1206;Warner Channel HD;HD;Variedades;No
Ecuador;Abono Mensual;Plata SD;1207;A&E Mundo HD;HD;Variedades;No
Ecuador;Abono Mensual;Plata SD;1208;Sony HD;HD;Variedades;No
Ecuador;Abono Mensual;Plata SD;1209;AXN HD;HD;Variedades;No
Ecuador;Abono Mensual;Plata SD;1210;AMC HD;HD;Variedades;No
Ecuador;Abono Mensual;Plata SD;1213;TNT Series HD;HD;Variedades;No
Ecuador;Abono Mensual;Plata SD;1214;Atres HD;HD;Variedades;No
Ecuador;Abono Mensual;Plata SD;1215;Comedy Central HD;HD;Variedades;No
Ecuador;Abono Mensual;Plata SD;1217;FX HD;HD;Variedades;No
Ecuador;Abono Mensual;Plata SD;1218;Universal TV HD;HD;Variedades;No
Ecuador;Abono Mensual;Plata SD;1219;USA Network HD;HD;Variedades;No
Ecuador;Abono Mensual;Plata SD;1221;Hola TV HD;HD;Variedades;No
Ecuador;Abono Mensual;Plata SD;1222;E! Entertainment HD;HD;Variedades;No
Ecuador;Abono Mensual;Plata SD;1223;Investigation Discovery (ID) HD;HD;Variedades;No
Ecuador;Abono Mensual;Plata SD;1228;Lifetime HD;HD;Variedades;No
Ecuador;Abono Mensual;Plata SD;1229;Discovery Home & Health;HD;Variedades;No
Ecuador;Abono Mensual;Plata SD;1231;Alacocina TV;HD;Variedades;Si
Ecuador;Abono Mensual;Plata SD;1232;El Gourmet HD;HD;Variedades;No
Ecuador;Abono Mensual;Plata SD;1233;Food Network HD;HD;Variedades;No
Ecuador;Abono Mensual;Plata SD;1234;HGTV HD;HD;Variedades;No
Ecuador;Abono Mensual;Plata SD;1236;VePlus HD;HD;Variedades;No
Ecuador;Abono Mensual;Plata SD;1264;MTV HD;HD;Variedades;No
Ecuador;Abono Mensual;Plata SD;1265;Music Top HD;HD;Variedades;No
Ecuador;Abono Mensual;Plata SD;1266;Tierra Mía HD;HD;Variedades;No
Ecuador;Abono Mensual;Plata SD;1270;Latina TV;HD;Variedades;Si
Ecuador;Abono Mensual;Plata SD;1273;INTI Network HD;HD;Variedades;No
Ecuador;Abono Mensual;Plata SD;1304;Cartoon Network HD;HD;Infantil;No
Ecuador;Abono Mensual;Plata SD;1308;Nickelodeon HD;HD;Infantil;No
Ecuador;Abono Mensual;Plata SD;1309;Nick Jr. HD;HD;Infantil;No
Ecuador;Abono Mensual;Plata SD;1312;Disney Channel HD;HD;Infantil;No
Ecuador;Abono Mensual;Plata SD;1315;Disney Junior HD;HD;Infantil;No
Ecuador;Abono Mensual;Plata SD;1318;Plim Plim;HD;Infantil;Si
Ecuador;Abono Mensual;Plata SD;1319;El Reino Infantil;HD;Infantil;Si
Ecuador;Abono Mensual;Plata SD;1330;Discovery Kids HD;HD;Infantil;No
Ecuador;Abono Mensual;Plata SD;1502;TNT HD;HD;Cine;No
Ecuador;Abono Mensual;Plata SD;1503;Golden HD;HD;Cine;No
Ecuador;Abono Mensual;Plata SD;1506;Sony Movies;HD;Cine;No
Ecuador;Abono Mensual;Plata SD;1507;Cinecanal HD;HD;Cine;No
Ecuador;Abono Mensual;Plata SD;1508;Studio Universal HD;HD;Cine;No
Ecuador;Abono Mensual;Plata SD;1509;Cinemax HD;HD;Cine;No
Ecuador;Abono Mensual;Plata SD;1510;Mórbido TV;HD;Cine;Si
Ecuador;Abono Mensual;Plata SD;1513;DHE HD;HD;Cine;No
Ecuador;Abono Mensual;Plata SD;1518;Space HD;HD;Cine;No
Ecuador;Abono Mensual;Plata SD;1524;HBO HD;HD;Cine;No
Ecuador;Abono Mensual;Plata SD;1525;HBO 2 HD;HD;Cine;No
Ecuador;Abono Mensual;Plata SD;1528;HBO Signature HD;HD;Cine;No
Ecuador;Abono Mensual;Plata SD;1532;HBO Plus HD;HD;Cine;No
Ecuador;Abono Mensual;Plata SD;1534;HBO Family HD;HD;Cine;No
Ecuador;Abono Mensual;Plata SD;1542;HBO Xtreme HD;HD;Cine;No
Ecuador;Abono Mensual;Plata SD;1571;Universal Premiere Este HD;HD;Cine;No
Ecuador;Abono Mensual;Plata SD;1572;Universal Cinema HD;HD;Cine;No
Ecuador;Abono Mensual;Plata SD;1573;Universal Comedy HD;HD;Cine;No
Ecuador;Abono Mensual;Plata SD;1574;Universal Crime Este HD;HD;Cine;No
Ecuador;Abono Mensual;Plata SD;1575;Universal Reality HD;HD;Cine;No
Ecuador;Abono Mensual;Plata SD;1576;Universal Premiere Oeste HD;HD;Cine;No
Ecuador;Abono Mensual;Plata SD;1577;Universal Cinema Oeste;HD;Cine;No
Ecuador;Abono Mensual;Plata SD;1610;DSports HD;HD;Deportes;No
Ecuador;Abono Mensual;Plata SD;1612;DSports 2 HD;HD;Deportes;No
Ecuador;Abono Mensual;Plata SD;1613;DSports+ HD;HD;Deportes;No
Ecuador;Abono Mensual;Plata SD;1621;ESPN HD;HD;Deportes;No
Ecuador;Abono Mensual;Plata SD;1622;ESPN 2 HD;HD;Deportes;No
Ecuador;Abono Mensual;Plata SD;1623;ESPN 3 HD;HD;Deportes;No
Ecuador;Abono Mensual;Plata SD;1624;ESPN 4 HD;HD;Deportes;No
Ecuador;Abono Mensual;Plata SD;1625;ESPN 5 HD;HD;Deportes;No
Ecuador;Abono Mensual;Plata SD;1626;ESPN 6 HD;HD;Deportes;Si
Ecuador;Abono Mensual;Plata SD;1627;ESPN 7 HD;HD;Deportes;Si
Ecuador;Abono Mensual;Plata SD;1628;Golf Channel HD;HD;Deportes;No
Ecuador;Abono Mensual;Plata SD;1639;PX Sports;HD;Deportes;No
Ecuador;Abono Mensual;Plata SD;1655;El Canal del Futbol;HD;Deportes;No
Ecuador;Abono Mensual;Plata SD;1698;Dsports;HD;Deportes;No
Ecuador;Abono Mensual;Plata SD;1699;DSports Eventos;HD;Deportes;No
Ecuador;Abono Mensual;Plata SD;1700;DNews HD;HD;Mundo;No
Ecuador;Abono Mensual;Plata SD;1727;Cable Noticias HD;HD;Mundo;No
Ecuador;Abono Mensual;Plata SD;1730;National Geographic HD;HD;Mundo;No
Ecuador;Abono Mensual;Plata SD;1731;Discovery Theater HD;HD;Mundo;No
Ecuador;Abono Mensual;Plata SD;1732;Discovery Channel HD;HD;Mundo;No
Ecuador;Abono Mensual;Plata SD;1734;Animal Planet HD;HD;Mundo;No
Ecuador;Abono Mensual;Plata SD;1738;Discovery World HD;HD;Mundo;No
Ecuador;Abono Mensual;Plata SD;1740;Discovery Travel & Living Channel (TLC) HD;HD;Mundo;No
Ecuador;Abono Mensual;Plata SD;1742;History HD;HD;Mundo;No
Ecuador;Abono Mensual;Plata SD;1744;History 2 HD;HD;Mundo;No
Ecuador;Abono Mensual;Plata SD;1750;Encuentro;HD;Variedades;No
Ecuador;Abono Mensual;Plata SD;1762;Antena 3 HD;HD;Mundo;No
Ecuador;Abono Mensual;Plata SD;1764;France 24 Español;HD;Mundo;Si
Ecuador;Abono Mensual;Plata SD;4000;Directv 4K;4K;4K;No
Ecuador;Abono Mensual;Plata HD;142;Telecaribe;SD;Mundo;Si
Ecuador;Abono Mensual;Plata HD;148;Canal TRO;SD;Mundo;Si
Ecuador;Abono Mensual;Plata HD;151;Telemedellin;SD;Mundo;Si
Ecuador;Abono Mensual;Plata HD;170;TV Familia;SD;Religioso;Si
Ecuador;Abono Mensual;Plata HD;177;RTU;SD;Nacional;Si
Ecuador;Abono Mensual;Plata HD;178;Redonda TV;SD;Variedades;Si
Ecuador;Abono Mensual;Plata HD;179;Teleamazonas Guayaquil;SD;Nacional;Si
Ecuador;Abono Mensual;Plata HD;180;Teleamazonas;SD;Nacional;Si
Ecuador;Abono Mensual;Plata HD;181;TC Television;SD;Nacional;Si
Ecuador;Abono Mensual;Plata HD;182;Ecuavisa;SD;Nacional;Si
Ecuador;Abono Mensual;Plata HD;183;Gama TV;SD;Nacional;Si
Ecuador;Abono Mensual;Plata HD;184;Ecuavisa;SD;Nacional;Si
Ecuador;Abono Mensual;Plata HD;185;RTS;SD;Nacional;Si
Ecuador;Abono Mensual;Plata HD;187;Ecuador TV;SD;Nacional;Si
Ecuador;Abono Mensual;Plata HD;188;Telerama;SD;Nacional;Si
Ecuador;Abono Mensual;Plata HD;190;Oro Mar TV;SD;Nacional;Si
Ecuador;Abono Mensual;Plata HD;192;Televicentro;SD;Nacional;Si
Ecuador;Abono Mensual;Plata HD;194;Manavision;SD;Nacional;Si
Ecuador;Abono Mensual;Plata HD;202;Star Channel;SD;Variedades;Si
Ecuador;Abono Mensual;Plata HD;206;Warner Channel;SD;Variedades;Si
Ecuador;Abono Mensual;Plata HD;207;A&E;SD;Variedades;Si
Ecuador;Abono Mensual;Plata HD;208;Sony;SD;Variedades;Si
Ecuador;Abono Mensual;Plata HD;209;AXN;SD;Variedades;Si
Ecuador;Abono Mensual;Plata HD;210;AMC;SD;Variedades;Si
Ecuador;Abono Mensual;Plata HD;213;TNT Series;SD;Variedades;Si
Ecuador;Abono Mensual;Plata HD;214;Atres Series;SD;Variedades;No
Ecuador;Abono Mensual;Plata HD;215;Comedy Central;SD;Variedades;Si
Ecuador;Abono Mensual;Plata HD;216;TNT Novelas;SD;Variedades;Si
Ecuador;Abono Mensual;Plata HD;217;FX;SD;Variedades;Si
Ecuador;Abono Mensual;Plata HD;218;Universal TV;SD;Variedades;Si
Ecuador;Abono Mensual;Plata HD;219;USA Network;SD;Variedades;No
Ecuador;Abono Mensual;Plata HD;220;Adult Swim;SD;Variedades;Si
Ecuador;Abono Mensual;Plata HD;221;¡Hola! TV;SD;Variedades;Si
Ecuador;Abono Mensual;Plata HD;222;E! Entertainment;SD;Variedades;Si
Ecuador;Abono Mensual;Plata HD;223;Investigation Discovery (ID);SD;Variedades;Si
Ecuador;Abono Mensual;Plata HD;226;El Canal de las Estrellas;SD;Variedades;Si
Ecuador;Abono Mensual;Plata HD;227;TLnovelas;SD;Variedades;Si
Ecuador;Abono Mensual;Plata HD;228;Lifetime;SD;Variedades;No
Ecuador;Abono Mensual;Plata HD;229;Discovery Home & Health;SD;Variedades;Si
Ecuador;Abono Mensual;Plata HD;230;Más Chic;SD;Variedades;No
Ecuador;Abono Mensual;Plata HD;231;Telemundo Internacional;SD;Variedades;Si
Ecuador;Abono Mensual;Plata HD;232;El Gourmet;SD;Variedades;No
Ecuador;Abono Mensual;Plata HD;233;Food Network;SD;Variedades;Si
Ecuador;Abono Mensual;Plata HD;264;MTV;SD;Variedades;Si
Ecuador;Abono Mensual;Plata HD;269;Quiero Música en Mi Idioma (QMusic);SD;Variedades;Si
Ecuador;Abono Mensual;Plata HD;270;Mi Gente 3.0;SD;Variedades;No
Ecuador;Abono Mensual;Plata HD;304;Cartoon Network;SD;Infantil;Si
Ecuador;Abono Mensual;Plata HD;308;Nickelodeon;SD;Infantil;Si
Ecuador;Abono Mensual;Plata HD;309;Nick Jr.;SD;Infantil;Si
Ecuador;Abono Mensual;Plata HD;312;Disney Channel;SD;Infantil;Si
Ecuador;Abono Mensual;Plata HD;315;Disney Junior;SD;Infantil;Si
Ecuador;Abono Mensual;Plata HD;317;BabyTV;SD;Infantil;No
Ecuador;Abono Mensual;Plata HD;318;Plim Plim;SD;Infantil;Si
Ecuador;Abono Mensual;Plata HD;319;El Reino Infantil;SD;Infantil;Si
Ecuador;Abono Mensual;Plata HD;330;Discovery Kids;SD;Infantil;Si
Ecuador;Abono Mensual;Plata HD;334;Cartoonito;SD;Infantil;Si
Ecuador;Abono Mensual;Plata HD;350;EWTN;SD;Religioso;Si
Ecuador;Abono Mensual;Plata HD;351;Canal Orbe 21;SD;Religioso;No
Ecuador;Abono Mensual;Plata HD;352;Enlace TBN;SD;Religioso;Si
Ecuador;Abono Mensual;Plata HD;464;Playboy TV;SD;Adultos;No
Ecuador;Abono Mensual;Plata HD;468;Venus;SD;Adultos;No
Ecuador;Abono Mensual;Plata HD;469;XTSY;SD;Adultos;No
Ecuador;Abono Mensual;Plata HD;470;Hustler;SD;Adultos;No
Ecuador;Abono Mensual;Plata HD;502;TNT;SD;Cine;Si
Ecuador;Abono Mensual;Plata HD;503;Golden;SD;Cine;No
Ecuador;Abono Mensual;Plata HD;506;Sony Movies;SD;Cine;Si
Ecuador;Abono Mensual;Plata HD;507;Cinecanal;SD;Cine;Si
Ecuador;Abono Mensual;Plata HD;508;Studio Universal;SD;Cine;Si
Ecuador;Abono Mensual;Plata HD;509;Cinemax;SD;Cine;Si
Ecuador;Abono Mensual;Plata HD;510;Mórbido TV;SD;Cine;Si
Ecuador;Abono Mensual;Plata HD;513;DHE;SD;Cine;No
Ecuador;Abono Mensual;Plata HD;515;Cinema;SD;Cine;No
Ecuador;Abono Mensual;Plata HD;516;De Película;SD;Cine;Si
Ecuador;Abono Mensual;Plata HD;517;Golden Edge;SD;Cine;No
Ecuador;Abono Mensual;Plata HD;518;Space;SD;Cine;Si
Ecuador;Abono Mensual;Plata HD;524;HBO Este;SD;Cine;No
Ecuador;Abono Mensual;Plata HD;525;HBO 2;SD;Cine;No
Ecuador;Abono Mensual;Plata HD;526;HBO Plus Este;SD;Cine;No
Ecuador;Abono Mensual;Plata HD;528;HBO Signature;SD;Cine;No
Ecuador;Abono Mensual;Plata HD;532;HBO Plus Oeste;SD;Cine;No
Ecuador;Abono Mensual;Plata HD;534;HBO Family Este;SD;Cine;No
Ecuador;Abono Mensual;Plata HD;538;MAX Prime Oeste;SD;Cine;No
Ecuador;Abono Mensual;Plata HD;540;HBO Mundi;SD;Cine;No
Ecuador;Abono Mensual;Plata HD;541;HBO Pop;SD;Cine;No
Ecuador;Abono Mensual;Plata HD;542;HBO Xtreme;SD;Cine;No
Ecuador;Abono Mensual;Plata HD;571;Universal Premiere Este;SD;Cine;No
Ecuador;Abono Mensual;Plata HD;572;Universal Cinema;SD;Cine;No
Ecuador;Abono Mensual;Plata HD;573;Universal Comedy;SD;Cine;No
Ecuador;Abono Mensual;Plata HD;574;Universal Crime Este;SD;Cine;No
Ecuador;Abono Mensual;Plata HD;575;Universal Reality;SD;Cine;No
Ecuador;Abono Mensual;Plata HD;576;Universal Premiere Oeste;SD;Cine;No
Ecuador;Abono Mensual;Plata HD;577;Universal Cinema Oeste;SD;Cine;No
Ecuador;Abono Mensual;Plata HD;610;DSports;SD;Deportes;Si
Ecuador;Abono Mensual;Plata HD;612;DSports 2;SD;Deportes;Si
Ecuador;Abono Mensual;Plata HD;613;DSports+;SD;Deportes;Si
Ecuador;Abono Mensual;Plata HD;616;Liga;SD;Deportes;No
Ecuador;Abono Mensual;Plata HD;621;ESPN;SD;Deportes;Si
Ecuador;Abono Mensual;Plata HD;622;ESPN 2;SD;Deportes;Si
Ecuador;Abono Mensual;Plata HD;623;ESPN 3;SD;Deportes;Si
Ecuador;Abono Mensual;Plata HD;625;ESPN 5;SD;Deportes;Si
Ecuador;Abono Mensual;Plata HD;626;ESPN 6;SD;Deportes;Si
Ecuador;Abono Mensual;Plata HD;627;ESPN 7;SD;Deportes;Si
Ecuador;Abono Mensual;Plata HD;628;The Golf Channel;SD;Deportes;No
Ecuador;Abono Mensual;Plata HD;629;TyC Sports;SD;Deportes;No
Ecuador;Abono Mensual;Plata HD;655;El Canal del Futbol;SD;Deportes;No
Ecuador;Abono Mensual;Plata HD;680;MLB Temporada;SD;Deportes;No
Ecuador;Abono Mensual;Plata HD;681;MLB Temporada;SD;Deportes;No
Ecuador;Abono Mensual;Plata HD;683;Dsports Venezuela;SD;Deportes;Si
Ecuador;Abono Mensual;Plata HD;698;Dsports;SD;Deportes;No
Ecuador;Abono Mensual;Plata HD;699;DSports Eventos;SD;Deportes;No
Ecuador;Abono Mensual;Plata HD;700;DNews;SD;Mundo;Si
Ecuador;Abono Mensual;Plata HD;704;CNN en Español;SD;Mundo;Si
Ecuador;Abono Mensual;Plata HD;706;CNN International;SD;Mundo;No
Ecuador;Abono Mensual;Plata HD;707;CNN Chile;SD;Mundo;No
Ecuador;Abono Mensual;Plata HD;708;TVN 24 HORAS;SD;Mundo;No
Ecuador;Abono Mensual;Plata HD;710;Bloomberg Television;SD;Mundo;No
Ecuador;Abono Mensual;Plata HD;716;Todo Noticias (TN);SD;Mundo;Si
Ecuador;Abono Mensual;Plata HD;720;Canal 26;SD;Mundo;Si
Ecuador;Abono Mensual;Plata HD;725;NTN 24;SD;Mundo;Si
Ecuador;Abono Mensual;Plata HD;727;Cable Noticias;SD;Mundo;Si
Ecuador;Abono Mensual;Plata HD;730;National Geographic;SD;Mundo;Si
Ecuador;Abono Mensual;Plata HD;732;Discovery Channel;SD;Mundo;Si
Ecuador;Abono Mensual;Plata HD;734;Animal Planet;SD;Mundo;Si
Ecuador;Abono Mensual;Plata HD;736;Discovery Turbo;SD;Mundo;No
Ecuador;Abono Mensual;Plata HD;740;Discovery Travel & Living Channel (TLC);SD;Mundo;Si
Ecuador;Abono Mensual;Plata HD;742;History Channel;SD;Mundo;Si
Ecuador;Abono Mensual;Plata HD;744;History 2;SD;Mundo;Si
Ecuador;Abono Mensual;Plata HD;760;Univision;SD;Mundo;Si
Ecuador;Abono Mensual;Plata HD;762;Antena 3;SD;Mundo;No
Ecuador;Abono Mensual;Plata HD;764;France 24 Español;SD;Mundo;Si
Ecuador;Abono Mensual;Plata HD;766;Rai Italia;SD;Mundo;No
Ecuador;Abono Mensual;Plata HD;768;BBC News;SD;Mundo;No
Ecuador;Abono Mensual;Plata HD;770;Deutsche Welle (DW) Español;SD;Mundo;No
Ecuador;Abono Mensual;Plata HD;772;Caracol Internacional;SD;Mundo;Si
Ecuador;Abono Mensual;Plata HD;773;El Tiempo TV;SD;Mundo;Si
Ecuador;Abono Mensual;Plata HD;774;TV Chile;SD;Mundo;Si
Ecuador;Abono Mensual;Plata HD;775;RCN Nuestra Tele;SD;Mundo;Si
Ecuador;Abono Mensual;Plata HD;776;TV Globo;SD;Mundo;No
Ecuador;Abono Mensual;Plata HD;778;RTP Internacional;SD;Mundo;No
Ecuador;Abono Mensual;Plata HD;780;ZEE Mundo;SD;Mundo;No
Ecuador;Abono Mensual;Plata HD;782;NHK World;SD;Mundo;No
Ecuador;Abono Mensual;Plata HD;784;El Trece Internacional;SD;Mundo;Si
Ecuador;Abono Mensual;Plata HD;786;Telefe Internacional;SD;Mundo;Si
Ecuador;Abono Mensual;Plata HD;790;CGTN;SD;Mundo;Si
Ecuador;Abono Mensual;Plata HD;901;DSports Radio;Radio;Radio;No
Ecuador;Abono Mensual;Plata HD;980;Unión Radio Noticias;Radio;Radio;Si
Ecuador;Abono Mensual;Plata HD;982;Radio Caracol;Radio;Radio;Si
Ecuador;Abono Mensual;Plata HD;984;Radio France International;Radio;Radio;Si
Ecuador;Abono Mensual;Plata HD;1105;Gran Hermano - Experiencia Multicámara;HD;Variedades;No
Ecuador;Abono Mensual;Plata HD;1106;Gran Hermano - 24 hs;HD;Variedades;No
Ecuador;Abono Mensual;Plata HD;1107;Gran Hermano - Cámara 1;HD;Variedades;No
Ecuador;Abono Mensual;Plata HD;1108;Gran Hermano - Cámara 2;HD;Variedades;No
Ecuador;Abono Mensual;Plata HD;1109;Gran Hermano - Cámara 3;HD;Variedades;No
Ecuador;Abono Mensual;Plata HD;1180;Teleamazonas HD;HD;Nacional;Si
Ecuador;Abono Mensual;Plata HD;1181;TC Television HD;HD;Nacional;Si
Ecuador;Abono Mensual;Plata HD;1182;Ecuavisa HD;HD;Nacional;Si
Ecuador;Abono Mensual;Plata HD;1204;Star Channel HD;HD;Variedades;Si
Ecuador;Abono Mensual;Plata HD;1206;Warner Channel HD;HD;Variedades;Si
Ecuador;Abono Mensual;Plata HD;1207;A&E Mundo HD;HD;Variedades;Si
Ecuador;Abono Mensual;Plata HD;1208;Sony HD;HD;Variedades;Si
Ecuador;Abono Mensual;Plata HD;1209;AXN HD;HD;Variedades;Si
Ecuador;Abono Mensual;Plata HD;1210;AMC HD;HD;Variedades;Si
Ecuador;Abono Mensual;Plata HD;1213;TNT Series HD;HD;Variedades;Si
Ecuador;Abono Mensual;Plata HD;1214;Atres HD;HD;Variedades;No
Ecuador;Abono Mensual;Plata HD;1215;Comedy Central HD;HD;Variedades;Si
Ecuador;Abono Mensual;Plata HD;1217;FX HD;HD;Variedades;Si
Ecuador;Abono Mensual;Plata HD;1218;Universal TV HD;HD;Variedades;Si
Ecuador;Abono Mensual;Plata HD;1219;USA Network HD;HD;Variedades;No
Ecuador;Abono Mensual;Plata HD;1221;Hola TV HD;HD;Variedades;Si
Ecuador;Abono Mensual;Plata HD;1222;E! Entertainment HD;HD;Variedades;Si
Ecuador;Abono Mensual;Plata HD;1223;Investigation Discovery (ID) HD;HD;Variedades;Si
Ecuador;Abono Mensual;Plata HD;1228;Lifetime HD;HD;Variedades;No
Ecuador;Abono Mensual;Plata HD;1229;Discovery Home & Health;HD;Variedades;Si
Ecuador;Abono Mensual;Plata HD;1231;Alacocina TV;HD;Variedades;Si
Ecuador;Abono Mensual;Plata HD;1232;El Gourmet HD;HD;Variedades;Si
Ecuador;Abono Mensual;Plata HD;1233;Food Network HD;HD;Variedades;Si
Ecuador;Abono Mensual;Plata HD;1234;HGTV HD;HD;Variedades;No
Ecuador;Abono Mensual;Plata HD;1236;VePlus HD;HD;Variedades;Si
Ecuador;Abono Mensual;Plata HD;1264;MTV HD;HD;Variedades;Si
Ecuador;Abono Mensual;Plata HD;1265;Music Top HD;HD;Variedades;Si
Ecuador;Abono Mensual;Plata HD;1266;Tierra Mía HD;HD;Variedades;Si
Ecuador;Abono Mensual;Plata HD;1270;Latina TV;HD;Variedades;Si
Ecuador;Abono Mensual;Plata HD;1273;INTI Network HD;HD;Variedades;Si
Ecuador;Abono Mensual;Plata HD;1304;Cartoon Network HD;HD;Infantil;Si
Ecuador;Abono Mensual;Plata HD;1308;Nickelodeon HD;HD;Infantil;Si
Ecuador;Abono Mensual;Plata HD;1309;Nick Jr. HD;HD;Infantil;No
Ecuador;Abono Mensual;Plata HD;1312;Disney Channel HD;HD;Infantil;Si
Ecuador;Abono Mensual;Plata HD;1315;Disney Junior HD;HD;Infantil;Si
Ecuador;Abono Mensual;Plata HD;1318;Plim Plim;HD;Infantil;Si
Ecuador;Abono Mensual;Plata HD;1319;El Reino Infantil;HD;Infantil;Si
Ecuador;Abono Mensual;Plata HD;1330;Discovery Kids HD;HD;Infantil;Si
Ecuador;Abono Mensual;Plata HD;1502;TNT HD;HD;Cine;Si
Ecuador;Abono Mensual;Plata HD;1503;Golden HD;HD;Cine;No
Ecuador;Abono Mensual;Plata HD;1506;Sony Movies;HD;Cine;Si
Ecuador;Abono Mensual;Plata HD;1507;Cinecanal HD;HD;Cine;Si
Ecuador;Abono Mensual;Plata HD;1508;Studio Universal HD;HD;Cine;Si
Ecuador;Abono Mensual;Plata HD;1509;Cinemax HD;HD;Cine;Si
Ecuador;Abono Mensual;Plata HD;1510;Mórbido TV;HD;Cine;Si
Ecuador;Abono Mensual;Plata HD;1513;DHE HD;HD;Cine;No
Ecuador;Abono Mensual;Plata HD;1518;Space HD;HD;Cine;Si
Ecuador;Abono Mensual;Plata HD;1524;HBO HD;HD;Cine;No
Ecuador;Abono Mensual;Plata HD;1525;HBO 2 HD;HD;Cine;No
Ecuador;Abono Mensual;Plata HD;1528;HBO Signature HD;HD;Cine;No
Ecuador;Abono Mensual;Plata HD;1532;HBO Plus HD;HD;Cine;No
Ecuador;Abono Mensual;Plata HD;1534;HBO Family HD;HD;Cine;No
Ecuador;Abono Mensual;Plata HD;1542;HBO Xtreme HD;HD;Cine;No
Ecuador;Abono Mensual;Plata HD;1571;Universal Premiere Este HD;HD;Cine;No
Ecuador;Abono Mensual;Plata HD;1572;Universal Cinema HD;HD;Cine;No
Ecuador;Abono Mensual;Plata HD;1573;Universal Comedy HD;HD;Cine;No
Ecuador;Abono Mensual;Plata HD;1574;Universal Crime Este HD;HD;Cine;No
Ecuador;Abono Mensual;Plata HD;1575;Universal Reality HD;HD;Cine;No
Ecuador;Abono Mensual;Plata HD;1576;Universal Premiere Oeste HD;HD;Cine;No
Ecuador;Abono Mensual;Plata HD;1577;Universal Cinema Oeste;HD;Cine;No
Ecuador;Abono Mensual;Plata HD;1610;DSports HD;HD;Deportes;Si
Ecuador;Abono Mensual;Plata HD;1612;DSports 2 HD;HD;Deportes;Si
Ecuador;Abono Mensual;Plata HD;1613;DSports+ HD;HD;Deportes;Si
Ecuador;Abono Mensual;Plata HD;1621;ESPN HD;HD;Deportes;Si
Ecuador;Abono Mensual;Plata HD;1622;ESPN 2 HD;HD;Deportes;Si
Ecuador;Abono Mensual;Plata HD;1623;ESPN 3 HD;HD;Deportes;Si
Ecuador;Abono Mensual;Plata HD;1624;ESPN 4 HD;HD;Deportes;Si
Ecuador;Abono Mensual;Plata HD;1625;ESPN 5 HD;HD;Deportes;Si
Ecuador;Abono Mensual;Plata HD;1626;ESPN 6 HD;HD;Deportes;Si
Ecuador;Abono Mensual;Plata HD;1627;ESPN 7 HD;HD;Deportes;Si
Ecuador;Abono Mensual;Plata HD;1628;Golf Channel HD;HD;Deportes;No
Ecuador;Abono Mensual;Plata HD;1639;PX Sports;HD;Deportes;No
Ecuador;Abono Mensual;Plata HD;1655;El Canal del Futbol;HD;Deportes;No
Ecuador;Abono Mensual;Plata HD;1698;Dsports;HD;Deportes;No
Ecuador;Abono Mensual;Plata HD;1699;DSports Eventos;HD;Deportes;No
Ecuador;Abono Mensual;Plata HD;1700;DNews HD;HD;Mundo;Si
Ecuador;Abono Mensual;Plata HD;1727;Cable Noticias HD;HD;Mundo;Si
Ecuador;Abono Mensual;Plata HD;1730;National Geographic HD;HD;Mundo;Si
Ecuador;Abono Mensual;Plata HD;1731;Discovery Theater HD;HD;Mundo;Si
Ecuador;Abono Mensual;Plata HD;1732;Discovery Channel HD;HD;Mundo;Si
Ecuador;Abono Mensual;Plata HD;1734;Animal Planet HD;HD;Mundo;Si
Ecuador;Abono Mensual;Plata HD;1738;Discovery World HD;HD;Mundo;No
Ecuador;Abono Mensual;Plata HD;1740;Discovery Travel & Living Channel (TLC) HD;HD;Mundo;Si
Ecuador;Abono Mensual;Plata HD;1742;History HD;HD;Mundo;Si
Ecuador;Abono Mensual;Plata HD;1744;History 2 HD;HD;Mundo;Si
Ecuador;Abono Mensual;Plata HD;1750;Encuentro;HD;Variedades;No
Ecuador;Abono Mensual;Plata HD;1762;Antena 3 HD;HD;Mundo;No
Ecuador;Abono Mensual;Plata HD;1764;France 24 Español;HD;Mundo;Si
Ecuador;Abono Mensual;Plata HD;4000;Directv 4K;4K;4K;No
Ecuador;Abono Mensual;Oro SD;142;Telecaribe;SD;Mundo;Si
Ecuador;Abono Mensual;Oro SD;148;Canal TRO;SD;Mundo;Si
Ecuador;Abono Mensual;Oro SD;151;Telemedellin;SD;Mundo;Si
Ecuador;Abono Mensual;Oro SD;170;TV Familia;SD;Religioso;Si
Ecuador;Abono Mensual;Oro SD;177;RTU;SD;Nacional;Si
Ecuador;Abono Mensual;Oro SD;178;Redonda TV;SD;Variedades;Si
Ecuador;Abono Mensual;Oro SD;179;Teleamazonas Guayaquil;SD;Nacional;Si
Ecuador;Abono Mensual;Oro SD;180;Teleamazonas;SD;Nacional;Si
Ecuador;Abono Mensual;Oro SD;181;TC Television;SD;Nacional;Si
Ecuador;Abono Mensual;Oro SD;182;Ecuavisa;SD;Nacional;Si
Ecuador;Abono Mensual;Oro SD;183;Gama TV;SD;Nacional;Si
Ecuador;Abono Mensual;Oro SD;184;Ecuavisa;SD;Nacional;Si
Ecuador;Abono Mensual;Oro SD;185;RTS;SD;Nacional;Si
Ecuador;Abono Mensual;Oro SD;187;Ecuador TV;SD;Nacional;Si
Ecuador;Abono Mensual;Oro SD;188;Telerama;SD;Nacional;Si
Ecuador;Abono Mensual;Oro SD;190;Oro Mar TV;SD;Nacional;Si
Ecuador;Abono Mensual;Oro SD;192;Televicentro;SD;Nacional;Si
Ecuador;Abono Mensual;Oro SD;194;Manavision;SD;Nacional;Si
Ecuador;Abono Mensual;Oro SD;202;Star Channel;SD;Variedades;Si
Ecuador;Abono Mensual;Oro SD;206;Warner Channel;SD;Variedades;Si
Ecuador;Abono Mensual;Oro SD;207;A&E;SD;Variedades;Si
Ecuador;Abono Mensual;Oro SD;208;Sony;SD;Variedades;Si
Ecuador;Abono Mensual;Oro SD;209;AXN;SD;Variedades;Si
Ecuador;Abono Mensual;Oro SD;210;AMC;SD;Variedades;Si
Ecuador;Abono Mensual;Oro SD;213;TNT Series;SD;Variedades;Si
Ecuador;Abono Mensual;Oro SD;214;Atres Series;SD;Variedades;Si
Ecuador;Abono Mensual;Oro SD;215;Comedy Central;SD;Variedades;Si
Ecuador;Abono Mensual;Oro SD;216;TNT Novelas;SD;Variedades;Si
Ecuador;Abono Mensual;Oro SD;217;FX;SD;Variedades;Si
Ecuador;Abono Mensual;Oro SD;218;Universal TV;SD;Variedades;Si
Ecuador;Abono Mensual;Oro SD;219;USA Network;SD;Variedades;Si
Ecuador;Abono Mensual;Oro SD;220;Adult Swim;SD;Variedades;Si
Ecuador;Abono Mensual;Oro SD;221;¡Hola! TV;SD;Variedades;Si
Ecuador;Abono Mensual;Oro SD;222;E! Entertainment;SD;Variedades;Si
Ecuador;Abono Mensual;Oro SD;223;Investigation Discovery (ID);SD;Variedades;Si
Ecuador;Abono Mensual;Oro SD;226;El Canal de las Estrellas;SD;Variedades;Si
Ecuador;Abono Mensual;Oro SD;227;TLnovelas;SD;Variedades;Si
Ecuador;Abono Mensual;Oro SD;228;Lifetime;SD;Variedades;Si
Ecuador;Abono Mensual;Oro SD;229;Discovery Home & Health;SD;Variedades;Si
Ecuador;Abono Mensual;Oro SD;230;Más Chic;SD;Variedades;Si
Ecuador;Abono Mensual;Oro SD;231;Telemundo Internacional;SD;Variedades;Si
Ecuador;Abono Mensual;Oro SD;232;El Gourmet;SD;Variedades;Si
Ecuador;Abono Mensual;Oro SD;233;Food Network;SD;Variedades;Si
Ecuador;Abono Mensual;Oro SD;264;MTV;SD;Variedades;Si
Ecuador;Abono Mensual;Oro SD;269;Quiero Música en Mi Idioma (QMusic);SD;Variedades;Si
Ecuador;Abono Mensual;Oro SD;270;Mi Gente 3.0;SD;Variedades;No
Ecuador;Abono Mensual;Oro SD;304;Cartoon Network;SD;Infantil;Si
Ecuador;Abono Mensual;Oro SD;308;Nickelodeon;SD;Infantil;Si
Ecuador;Abono Mensual;Oro SD;309;Nick Jr.;SD;Infantil;Si
Ecuador;Abono Mensual;Oro SD;312;Disney Channel;SD;Infantil;Si
Ecuador;Abono Mensual;Oro SD;315;Disney Junior;SD;Infantil;Si
Ecuador;Abono Mensual;Oro SD;317;BabyTV;SD;Infantil;Si
Ecuador;Abono Mensual;Oro SD;318;Plim Plim;SD;Infantil;Si
Ecuador;Abono Mensual;Oro SD;319;El Reino Infantil;SD;Infantil;Si
Ecuador;Abono Mensual;Oro SD;330;Discovery Kids;SD;Infantil;Si
Ecuador;Abono Mensual;Oro SD;334;Cartoonito;SD;Infantil;Si
Ecuador;Abono Mensual;Oro SD;350;EWTN;SD;Religioso;Si
Ecuador;Abono Mensual;Oro SD;351;Canal Orbe 21;SD;Religioso;Si
Ecuador;Abono Mensual;Oro SD;352;Enlace TBN;SD;Religioso;Si
Ecuador;Abono Mensual;Oro SD;464;Playboy TV;SD;Adultos;No
Ecuador;Abono Mensual;Oro SD;468;Venus;SD;Adultos;No
Ecuador;Abono Mensual;Oro SD;469;XTSY;SD;Adultos;No
Ecuador;Abono Mensual;Oro SD;470;Hustler;SD;Adultos;No
Ecuador;Abono Mensual;Oro SD;502;TNT;SD;Cine;Si
Ecuador;Abono Mensual;Oro SD;503;Golden;SD;Cine;Si
Ecuador;Abono Mensual;Oro SD;506;Sony Movies;SD;Cine;Si
Ecuador;Abono Mensual;Oro SD;507;Cinecanal;SD;Cine;Si
Ecuador;Abono Mensual;Oro SD;508;Studio Universal;SD;Cine;Si
Ecuador;Abono Mensual;Oro SD;509;Cinemax;SD;Cine;Si
Ecuador;Abono Mensual;Oro SD;510;Mórbido TV;SD;Cine;Si
Ecuador;Abono Mensual;Oro SD;513;DHE;SD;Cine;Si
Ecuador;Abono Mensual;Oro SD;515;Cinema;SD;Cine;No
Ecuador;Abono Mensual;Oro SD;516;De Película;SD;Cine;Si
Ecuador;Abono Mensual;Oro SD;517;Golden Edge;SD;Cine;Si
Ecuador;Abono Mensual;Oro SD;518;Space;SD;Cine;Si
Ecuador;Abono Mensual;Oro SD;524;HBO Este;SD;Cine;No
Ecuador;Abono Mensual;Oro SD;525;HBO 2;SD;Cine;No
Ecuador;Abono Mensual;Oro SD;526;HBO Plus Este;SD;Cine;No
Ecuador;Abono Mensual;Oro SD;528;HBO Signature;SD;Cine;No
Ecuador;Abono Mensual;Oro SD;532;HBO Plus Oeste;SD;Cine;No
Ecuador;Abono Mensual;Oro SD;534;HBO Family Este;SD;Cine;No
Ecuador;Abono Mensual;Oro SD;538;MAX Prime Oeste;SD;Cine;No
Ecuador;Abono Mensual;Oro SD;540;HBO Mundi;SD;Cine;No
Ecuador;Abono Mensual;Oro SD;541;HBO Pop;SD;Cine;No
Ecuador;Abono Mensual;Oro SD;542;HBO Xtreme;SD;Cine;No
Ecuador;Abono Mensual;Oro SD;571;Universal Premiere Este;SD;Cine;No
Ecuador;Abono Mensual;Oro SD;572;Universal Cinema;SD;Cine;No
Ecuador;Abono Mensual;Oro SD;573;Universal Comedy;SD;Cine;No
Ecuador;Abono Mensual;Oro SD;574;Universal Crime Este;SD;Cine;No
Ecuador;Abono Mensual;Oro SD;575;Universal Reality;SD;Cine;No
Ecuador;Abono Mensual;Oro SD;576;Universal Premiere Oeste;SD;Cine;No
Ecuador;Abono Mensual;Oro SD;577;Universal Cinema Oeste;SD;Cine;No
Ecuador;Abono Mensual;Oro SD;610;DSports;SD;Deportes;Si
Ecuador;Abono Mensual;Oro SD;612;DSports 2;SD;Deportes;Si
Ecuador;Abono Mensual;Oro SD;613;DSports+;SD;Deportes;Si
Ecuador;Abono Mensual;Oro SD;616;Liga;SD;Deportes;No
Ecuador;Abono Mensual;Oro SD;621;ESPN;SD;Deportes;Si
Ecuador;Abono Mensual;Oro SD;622;ESPN 2;SD;Deportes;Si
Ecuador;Abono Mensual;Oro SD;623;ESPN 3;SD;Deportes;Si
Ecuador;Abono Mensual;Oro SD;625;ESPN 5;SD;Deportes;Si
Ecuador;Abono Mensual;Oro SD;626;ESPN 6;SD;Deportes;Si
Ecuador;Abono Mensual;Oro SD;627;ESPN 7;SD;Deportes;Si
Ecuador;Abono Mensual;Oro SD;628;The Golf Channel;SD;Deportes;Si
Ecuador;Abono Mensual;Oro SD;629;TyC Sports;SD;Deportes;Si
Ecuador;Abono Mensual;Oro SD;655;El Canal del Futbol;SD;Deportes;No
Ecuador;Abono Mensual;Oro SD;680;MLB Temporada;SD;Deportes;No
Ecuador;Abono Mensual;Oro SD;681;MLB Temporada;SD;Deportes;No
Ecuador;Abono Mensual;Oro SD;683;Dsports Venezuela;SD;Deportes;Si
Ecuador;Abono Mensual;Oro SD;698;Dsports;SD;Deportes;No
Ecuador;Abono Mensual;Oro SD;699;DSports Eventos;SD;Deportes;No
Ecuador;Abono Mensual;Oro SD;700;DNews;SD;Mundo;Si
Ecuador;Abono Mensual;Oro SD;704;CNN en Español;SD;Mundo;Si
Ecuador;Abono Mensual;Oro SD;706;CNN International;SD;Mundo;Si
Ecuador;Abono Mensual;Oro SD;707;CNN Chile;SD;Mundo;Si
Ecuador;Abono Mensual;Oro SD;708;TVN 24 HORAS;SD;Mundo;Si
Ecuador;Abono Mensual;Oro SD;710;Bloomberg Television;SD;Mundo;Si
Ecuador;Abono Mensual;Oro SD;716;Todo Noticias (TN);SD;Mundo;Si
Ecuador;Abono Mensual;Oro SD;720;Canal 26;SD;Mundo;Si
Ecuador;Abono Mensual;Oro SD;725;NTN 24;SD;Mundo;Si
Ecuador;Abono Mensual;Oro SD;727;Cable Noticias;SD;Mundo;Si
Ecuador;Abono Mensual;Oro SD;730;National Geographic;SD;Mundo;Si
Ecuador;Abono Mensual;Oro SD;732;Discovery Channel;SD;Mundo;Si
Ecuador;Abono Mensual;Oro SD;734;Animal Planet;SD;Mundo;Si
Ecuador;Abono Mensual;Oro SD;736;Discovery Turbo;SD;Mundo;Si
Ecuador;Abono Mensual;Oro SD;740;Discovery Travel & Living Channel (TLC);SD;Mundo;Si
Ecuador;Abono Mensual;Oro SD;742;History Channel;SD;Mundo;Si
Ecuador;Abono Mensual;Oro SD;744;History 2;SD;Mundo;Si
Ecuador;Abono Mensual;Oro SD;760;Univision;SD;Mundo;Si
Ecuador;Abono Mensual;Oro SD;762;Antena 3;SD;Mundo;Si
Ecuador;Abono Mensual;Oro SD;764;France 24 Español;SD;Mundo;Si
Ecuador;Abono Mensual;Oro SD;766;Rai Italia;SD;Mundo;Si
Ecuador;Abono Mensual;Oro SD;768;BBC News;SD;Mundo;Si
Ecuador;Abono Mensual;Oro SD;770;Deutsche Welle (DW) Español;SD;Mundo;Si
Ecuador;Abono Mensual;Oro SD;772;Caracol Internacional;SD;Mundo;Si
Ecuador;Abono Mensual;Oro SD;773;El Tiempo TV;SD;Mundo;Si
Ecuador;Abono Mensual;Oro SD;774;TV Chile;SD;Mundo;Si
Ecuador;Abono Mensual;Oro SD;775;RCN Nuestra Tele;SD;Mundo;Si
Ecuador;Abono Mensual;Oro SD;776;TV Globo;SD;Mundo;No
Ecuador;Abono Mensual;Oro SD;778;RTP Internacional;SD;Mundo;Si
Ecuador;Abono Mensual;Oro SD;780;ZEE Mundo;SD;Mundo;No
Ecuador;Abono Mensual;Oro SD;782;NHK World;SD;Mundo;Si
Ecuador;Abono Mensual;Oro SD;784;El Trece Internacional;SD;Mundo;Si
Ecuador;Abono Mensual;Oro SD;786;Telefe Internacional;SD;Mundo;Si
Ecuador;Abono Mensual;Oro SD;790;CGTN;SD;Mundo;Si
Ecuador;Abono Mensual;Oro SD;901;DSports Radio;Radio;Radio;No
Ecuador;Abono Mensual;Oro SD;980;Unión Radio Noticias;Radio;Radio;Si
Ecuador;Abono Mensual;Oro SD;982;Radio Caracol;Radio;Radio;Si
Ecuador;Abono Mensual;Oro SD;984;Radio France International;Radio;Radio;Si
Ecuador;Abono Mensual;Oro SD;1105;Gran Hermano - Experiencia Multicámara;HD;Variedades;No
Ecuador;Abono Mensual;Oro SD;1106;Gran Hermano - 24 hs;HD;Variedades;No
Ecuador;Abono Mensual;Oro SD;1107;Gran Hermano - Cámara 1;HD;Variedades;No
Ecuador;Abono Mensual;Oro SD;1108;Gran Hermano - Cámara 2;HD;Variedades;No
Ecuador;Abono Mensual;Oro SD;1109;Gran Hermano - Cámara 3;HD;Variedades;No
Ecuador;Abono Mensual;Oro SD;1180;Teleamazonas HD;HD;Nacional;No
Ecuador;Abono Mensual;Oro SD;1181;TC Television HD;HD;Nacional;No
Ecuador;Abono Mensual;Oro SD;1182;Ecuavisa HD;HD;Nacional;No
Ecuador;Abono Mensual;Oro SD;1204;Star Channel HD;HD;Variedades;No
Ecuador;Abono Mensual;Oro SD;1206;Warner Channel HD;HD;Variedades;No
Ecuador;Abono Mensual;Oro SD;1207;A&E Mundo HD;HD;Variedades;No
Ecuador;Abono Mensual;Oro SD;1208;Sony HD;HD;Variedades;No
Ecuador;Abono Mensual;Oro SD;1209;AXN HD;HD;Variedades;No
Ecuador;Abono Mensual;Oro SD;1210;AMC HD;HD;Variedades;No
Ecuador;Abono Mensual;Oro SD;1213;TNT Series HD;HD;Variedades;No
Ecuador;Abono Mensual;Oro SD;1214;Atres HD;HD;Variedades;No
Ecuador;Abono Mensual;Oro SD;1215;Comedy Central HD;HD;Variedades;No
Ecuador;Abono Mensual;Oro SD;1217;FX HD;HD;Variedades;No
Ecuador;Abono Mensual;Oro SD;1218;Universal TV HD;HD;Variedades;No
Ecuador;Abono Mensual;Oro SD;1219;USA Network HD;HD;Variedades;No
Ecuador;Abono Mensual;Oro SD;1221;Hola TV HD;HD;Variedades;No
Ecuador;Abono Mensual;Oro SD;1222;E! Entertainment HD;HD;Variedades;No
Ecuador;Abono Mensual;Oro SD;1223;Investigation Discovery (ID) HD;HD;Variedades;No
Ecuador;Abono Mensual;Oro SD;1228;Lifetime HD;HD;Variedades;No
Ecuador;Abono Mensual;Oro SD;1229;Discovery Home & Health;HD;Variedades;No
Ecuador;Abono Mensual;Oro SD;1231;Alacocina TV;HD;Variedades;Si
Ecuador;Abono Mensual;Oro SD;1232;El Gourmet HD;HD;Variedades;No
Ecuador;Abono Mensual;Oro SD;1233;Food Network HD;HD;Variedades;No
Ecuador;Abono Mensual;Oro SD;1234;HGTV HD;HD;Variedades;No
Ecuador;Abono Mensual;Oro SD;1236;VePlus HD;HD;Variedades;No
Ecuador;Abono Mensual;Oro SD;1264;MTV HD;HD;Variedades;No
Ecuador;Abono Mensual;Oro SD;1265;Music Top HD;HD;Variedades;No
Ecuador;Abono Mensual;Oro SD;1266;Tierra Mía HD;HD;Variedades;No
Ecuador;Abono Mensual;Oro SD;1270;Latina TV;HD;Variedades;Si
Ecuador;Abono Mensual;Oro SD;1273;INTI Network HD;HD;Variedades;No
Ecuador;Abono Mensual;Oro SD;1304;Cartoon Network HD;HD;Infantil;No
Ecuador;Abono Mensual;Oro SD;1308;Nickelodeon HD;HD;Infantil;No
Ecuador;Abono Mensual;Oro SD;1309;Nick Jr. HD;HD;Infantil;No
Ecuador;Abono Mensual;Oro SD;1312;Disney Channel HD;HD;Infantil;No
Ecuador;Abono Mensual;Oro SD;1315;Disney Junior HD;HD;Infantil;No
Ecuador;Abono Mensual;Oro SD;1318;Plim Plim;HD;Infantil;Si
Ecuador;Abono Mensual;Oro SD;1319;El Reino Infantil;HD;Infantil;Si
Ecuador;Abono Mensual;Oro SD;1330;Discovery Kids HD;HD;Infantil;No
Ecuador;Abono Mensual;Oro SD;1502;TNT HD;HD;Cine;No
Ecuador;Abono Mensual;Oro SD;1503;Golden HD;HD;Cine;No
Ecuador;Abono Mensual;Oro SD;1506;Sony Movies;HD;Cine;No
Ecuador;Abono Mensual;Oro SD;1507;Cinecanal HD;HD;Cine;No
Ecuador;Abono Mensual;Oro SD;1508;Studio Universal HD;HD;Cine;No
Ecuador;Abono Mensual;Oro SD;1509;Cinemax HD;HD;Cine;No
Ecuador;Abono Mensual;Oro SD;1510;Mórbido TV;HD;Cine;Si
Ecuador;Abono Mensual;Oro SD;1513;DHE HD;HD;Cine;No
Ecuador;Abono Mensual;Oro SD;1518;Space HD;HD;Cine;No
Ecuador;Abono Mensual;Oro SD;1524;HBO HD;HD;Cine;No
Ecuador;Abono Mensual;Oro SD;1525;HBO 2 HD;HD;Cine;No
Ecuador;Abono Mensual;Oro SD;1528;HBO Signature HD;HD;Cine;No
Ecuador;Abono Mensual;Oro SD;1532;HBO Plus HD;HD;Cine;No
Ecuador;Abono Mensual;Oro SD;1534;HBO Family HD;HD;Cine;No
Ecuador;Abono Mensual;Oro SD;1542;HBO Xtreme HD;HD;Cine;No
Ecuador;Abono Mensual;Oro SD;1571;Universal Premiere Este HD;HD;Cine;No
Ecuador;Abono Mensual;Oro SD;1572;Universal Cinema HD;HD;Cine;No
Ecuador;Abono Mensual;Oro SD;1573;Universal Comedy HD;HD;Cine;No
Ecuador;Abono Mensual;Oro SD;1574;Universal Crime Este HD;HD;Cine;No
Ecuador;Abono Mensual;Oro SD;1575;Universal Reality HD;HD;Cine;No
Ecuador;Abono Mensual;Oro SD;1576;Universal Premiere Oeste HD;HD;Cine;No
Ecuador;Abono Mensual;Oro SD;1577;Universal Cinema Oeste;HD;Cine;No
Ecuador;Abono Mensual;Oro SD;1610;DSports HD;HD;Deportes;No
Ecuador;Abono Mensual;Oro SD;1612;DSports 2 HD;HD;Deportes;No
Ecuador;Abono Mensual;Oro SD;1613;DSports+ HD;HD;Deportes;No
Ecuador;Abono Mensual;Oro SD;1621;ESPN HD;HD;Deportes;No
Ecuador;Abono Mensual;Oro SD;1622;ESPN 2 HD;HD;Deportes;No
Ecuador;Abono Mensual;Oro SD;1623;ESPN 3 HD;HD;Deportes;No
Ecuador;Abono Mensual;Oro SD;1624;ESPN 4 HD;HD;Deportes;No
Ecuador;Abono Mensual;Oro SD;1625;ESPN 5 HD;HD;Deportes;No
Ecuador;Abono Mensual;Oro SD;1626;ESPN 6 HD;HD;Deportes;Si
Ecuador;Abono Mensual;Oro SD;1627;ESPN 7 HD;HD;Deportes;Si
Ecuador;Abono Mensual;Oro SD;1628;Golf Channel HD;HD;Deportes;No
Ecuador;Abono Mensual;Oro SD;1639;PX Sports;HD;Deportes;Si
Ecuador;Abono Mensual;Oro SD;1655;El Canal del Futbol;HD;Deportes;No
Ecuador;Abono Mensual;Oro SD;1698;Dsports;HD;Deportes;No
Ecuador;Abono Mensual;Oro SD;1699;DSports Eventos;HD;Deportes;No
Ecuador;Abono Mensual;Oro SD;1700;DNews HD;HD;Mundo;No
Ecuador;Abono Mensual;Oro SD;1727;Cable Noticias HD;HD;Mundo;No
Ecuador;Abono Mensual;Oro SD;1730;National Geographic HD;HD;Mundo;No
Ecuador;Abono Mensual;Oro SD;1731;Discovery Theater HD;HD;Mundo;No
Ecuador;Abono Mensual;Oro SD;1732;Discovery Channel HD;HD;Mundo;No
Ecuador;Abono Mensual;Oro SD;1734;Animal Planet HD;HD;Mundo;No
Ecuador;Abono Mensual;Oro SD;1738;Discovery World HD;HD;Mundo;No
Ecuador;Abono Mensual;Oro SD;1740;Discovery Travel & Living Channel (TLC) HD;HD;Mundo;No
Ecuador;Abono Mensual;Oro SD;1742;History HD;HD;Mundo;No
Ecuador;Abono Mensual;Oro SD;1744;History 2 HD;HD;Mundo;No
Ecuador;Abono Mensual;Oro SD;1750;Encuentro;HD;Variedades;No
Ecuador;Abono Mensual;Oro SD;1762;Antena 3 HD;HD;Mundo;No
Ecuador;Abono Mensual;Oro SD;1764;France 24 Español;HD;Mundo;Si
Ecuador;Abono Mensual;Oro SD;4000;Directv 4K;4K;4K;No
Ecuador;Abono Mensual;Oro HD;142;Telecaribe;SD;Mundo;Si
Ecuador;Abono Mensual;Oro HD;148;Canal TRO;SD;Mundo;Si
Ecuador;Abono Mensual;Oro HD;151;Telemedellin;SD;Mundo;Si
Ecuador;Abono Mensual;Oro HD;170;TV Familia;SD;Religioso;Si
Ecuador;Abono Mensual;Oro HD;177;RTU;SD;Nacional;Si
Ecuador;Abono Mensual;Oro HD;178;Redonda TV;SD;Variedades;Si
Ecuador;Abono Mensual;Oro HD;179;Teleamazonas Guayaquil;SD;Nacional;Si
Ecuador;Abono Mensual;Oro HD;180;Teleamazonas;SD;Nacional;Si
Ecuador;Abono Mensual;Oro HD;181;TC Television;SD;Nacional;Si
Ecuador;Abono Mensual;Oro HD;182;Ecuavisa;SD;Nacional;Si
Ecuador;Abono Mensual;Oro HD;183;Gama TV;SD;Nacional;Si
Ecuador;Abono Mensual;Oro HD;184;Ecuavisa;SD;Nacional;Si
Ecuador;Abono Mensual;Oro HD;185;RTS;SD;Nacional;Si
Ecuador;Abono Mensual;Oro HD;187;Ecuador TV;SD;Nacional;Si
Ecuador;Abono Mensual;Oro HD;188;Telerama;SD;Nacional;Si
Ecuador;Abono Mensual;Oro HD;190;Oro Mar TV;SD;Nacional;Si
Ecuador;Abono Mensual;Oro HD;192;Televicentro;SD;Nacional;Si
Ecuador;Abono Mensual;Oro HD;194;Manavision;SD;Nacional;Si
Ecuador;Abono Mensual;Oro HD;202;Star Channel;SD;Variedades;Si
Ecuador;Abono Mensual;Oro HD;206;Warner Channel;SD;Variedades;Si
Ecuador;Abono Mensual;Oro HD;207;A&E;SD;Variedades;Si
Ecuador;Abono Mensual;Oro HD;208;Sony;SD;Variedades;Si
Ecuador;Abono Mensual;Oro HD;209;AXN;SD;Variedades;Si
Ecuador;Abono Mensual;Oro HD;210;AMC;SD;Variedades;Si
Ecuador;Abono Mensual;Oro HD;213;TNT Series;SD;Variedades;Si
Ecuador;Abono Mensual;Oro HD;214;Atres Series;SD;Variedades;Si
Ecuador;Abono Mensual;Oro HD;215;Comedy Central;SD;Variedades;Si
Ecuador;Abono Mensual;Oro HD;216;TNT Novelas;SD;Variedades;Si
Ecuador;Abono Mensual;Oro HD;217;FX;SD;Variedades;Si
Ecuador;Abono Mensual;Oro HD;218;Universal TV;SD;Variedades;Si
Ecuador;Abono Mensual;Oro HD;219;USA Network;SD;Variedades;Si
Ecuador;Abono Mensual;Oro HD;220;Adult Swim;SD;Variedades;Si
Ecuador;Abono Mensual;Oro HD;221;¡Hola! TV;SD;Variedades;Si
Ecuador;Abono Mensual;Oro HD;222;E! Entertainment;SD;Variedades;Si
Ecuador;Abono Mensual;Oro HD;223;Investigation Discovery (ID);SD;Variedades;Si
Ecuador;Abono Mensual;Oro HD;226;El Canal de las Estrellas;SD;Variedades;Si
Ecuador;Abono Mensual;Oro HD;227;TLnovelas;SD;Variedades;Si
Ecuador;Abono Mensual;Oro HD;228;Lifetime;SD;Variedades;Si
Ecuador;Abono Mensual;Oro HD;229;Discovery Home & Health;SD;Variedades;Si
Ecuador;Abono Mensual;Oro HD;230;Más Chic;SD;Variedades;Si
Ecuador;Abono Mensual;Oro HD;231;Telemundo Internacional;SD;Variedades;Si
Ecuador;Abono Mensual;Oro HD;232;El Gourmet;SD;Variedades;Si
Ecuador;Abono Mensual;Oro HD;233;Food Network;SD;Variedades;Si
Ecuador;Abono Mensual;Oro HD;264;MTV;SD;Variedades;Si
Ecuador;Abono Mensual;Oro HD;269;Quiero Música en Mi Idioma (QMusic);SD;Variedades;Si
Ecuador;Abono Mensual;Oro HD;270;Mi Gente 3.0;SD;Variedades;No
Ecuador;Abono Mensual;Oro HD;304;Cartoon Network;SD;Infantil;Si
Ecuador;Abono Mensual;Oro HD;308;Nickelodeon;SD;Infantil;Si
Ecuador;Abono Mensual;Oro HD;309;Nick Jr.;SD;Infantil;Si
Ecuador;Abono Mensual;Oro HD;312;Disney Channel;SD;Infantil;Si
Ecuador;Abono Mensual;Oro HD;315;Disney Junior;SD;Infantil;Si
Ecuador;Abono Mensual;Oro HD;317;BabyTV;SD;Infantil;No
Ecuador;Abono Mensual;Oro HD;318;Plim Plim;SD;Infantil;Si
Ecuador;Abono Mensual;Oro HD;319;El Reino Infantil;SD;Infantil;Si
Ecuador;Abono Mensual;Oro HD;330;Discovery Kids;SD;Infantil;Si
Ecuador;Abono Mensual;Oro HD;334;Cartoonito;SD;Infantil;Si
Ecuador;Abono Mensual;Oro HD;350;EWTN;SD;Religioso;Si
Ecuador;Abono Mensual;Oro HD;351;Canal Orbe 21;SD;Religioso;Si
Ecuador;Abono Mensual;Oro HD;352;Enlace TBN;SD;Religioso;Si
Ecuador;Abono Mensual;Oro HD;464;Playboy TV;SD;Adultos;No
Ecuador;Abono Mensual;Oro HD;468;Venus;SD;Adultos;No
Ecuador;Abono Mensual;Oro HD;469;XTSY;SD;Adultos;No
Ecuador;Abono Mensual;Oro HD;470;Hustler;SD;Adultos;No
Ecuador;Abono Mensual;Oro HD;502;TNT;SD;Cine;Si
Ecuador;Abono Mensual;Oro HD;503;Golden;SD;Cine;Si
Ecuador;Abono Mensual;Oro HD;506;Sony Movies;SD;Cine;Si
Ecuador;Abono Mensual;Oro HD;507;Cinecanal;SD;Cine;Si
Ecuador;Abono Mensual;Oro HD;508;Studio Universal;SD;Cine;Si
Ecuador;Abono Mensual;Oro HD;509;Cinemax;SD;Cine;Si
Ecuador;Abono Mensual;Oro HD;510;Mórbido TV;SD;Cine;Si
Ecuador;Abono Mensual;Oro HD;513;DHE;SD;Cine;Si
Ecuador;Abono Mensual;Oro HD;515;Cinema;SD;Cine;No
Ecuador;Abono Mensual;Oro HD;516;De Película;SD;Cine;Si
Ecuador;Abono Mensual;Oro HD;517;Golden Edge;SD;Cine;Si
Ecuador;Abono Mensual;Oro HD;518;Space;SD;Cine;Si
Ecuador;Abono Mensual;Oro HD;524;HBO Este;SD;Cine;No
Ecuador;Abono Mensual;Oro HD;525;HBO 2;SD;Cine;No
Ecuador;Abono Mensual;Oro HD;526;HBO Plus Este;SD;Cine;No
Ecuador;Abono Mensual;Oro HD;528;HBO Signature;SD;Cine;No
Ecuador;Abono Mensual;Oro HD;532;HBO Plus Oeste;SD;Cine;No
Ecuador;Abono Mensual;Oro HD;534;HBO Family Este;SD;Cine;No
Ecuador;Abono Mensual;Oro HD;538;MAX Prime Oeste;SD;Cine;No
Ecuador;Abono Mensual;Oro HD;540;HBO Mundi;SD;Cine;No
Ecuador;Abono Mensual;Oro HD;541;HBO Pop;SD;Cine;No
Ecuador;Abono Mensual;Oro HD;542;HBO Xtreme;SD;Cine;No
Ecuador;Abono Mensual;Oro HD;571;Universal Premiere Este;SD;Cine;No
Ecuador;Abono Mensual;Oro HD;572;Universal Cinema;SD;Cine;No
Ecuador;Abono Mensual;Oro HD;573;Universal Comedy;SD;Cine;No
Ecuador;Abono Mensual;Oro HD;574;Universal Crime Este;SD;Cine;No
Ecuador;Abono Mensual;Oro HD;575;Universal Reality;SD;Cine;No
Ecuador;Abono Mensual;Oro HD;576;Universal Premiere Oeste;SD;Cine;No
Ecuador;Abono Mensual;Oro HD;577;Universal Cinema Oeste;SD;Cine;No
Ecuador;Abono Mensual;Oro HD;610;DSports;SD;Deportes;Si
Ecuador;Abono Mensual;Oro HD;612;DSports 2;SD;Deportes;Si
Ecuador;Abono Mensual;Oro HD;613;DSports+;SD;Deportes;Si
Ecuador;Abono Mensual;Oro HD;616;Liga;SD;Deportes;No
Ecuador;Abono Mensual;Oro HD;621;ESPN;SD;Deportes;Si
Ecuador;Abono Mensual;Oro HD;622;ESPN 2;SD;Deportes;Si
Ecuador;Abono Mensual;Oro HD;623;ESPN 3;SD;Deportes;Si
Ecuador;Abono Mensual;Oro HD;625;ESPN 5;SD;Deportes;Si
Ecuador;Abono Mensual;Oro HD;626;ESPN 6;SD;Deportes;Si
Ecuador;Abono Mensual;Oro HD;627;ESPN 7;SD;Deportes;Si
Ecuador;Abono Mensual;Oro HD;628;The Golf Channel;SD;Deportes;Si
Ecuador;Abono Mensual;Oro HD;629;TyC Sports;SD;Deportes;Si
Ecuador;Abono Mensual;Oro HD;655;El Canal del Futbol;SD;Deportes;No
Ecuador;Abono Mensual;Oro HD;680;MLB Temporada;SD;Deportes;No
Ecuador;Abono Mensual;Oro HD;681;MLB Temporada;SD;Deportes;No
Ecuador;Abono Mensual;Oro HD;683;Dsports Venezuela;SD;Deportes;Si
Ecuador;Abono Mensual;Oro HD;698;Dsports;SD;Deportes;No
Ecuador;Abono Mensual;Oro HD;699;DSports Eventos;SD;Deportes;No
Ecuador;Abono Mensual;Oro HD;700;DNews;SD;Mundo;Si
Ecuador;Abono Mensual;Oro HD;704;CNN en Español;SD;Mundo;Si
Ecuador;Abono Mensual;Oro HD;706;CNN International;SD;Mundo;Si
Ecuador;Abono Mensual;Oro HD;707;CNN Chile;SD;Mundo;Si
Ecuador;Abono Mensual;Oro HD;708;TVN 24 HORAS;SD;Mundo;Si
Ecuador;Abono Mensual;Oro HD;710;Bloomberg Television;SD;Mundo;Si
Ecuador;Abono Mensual;Oro HD;716;Todo Noticias (TN);SD;Mundo;Si
Ecuador;Abono Mensual;Oro HD;720;Canal 26;SD;Mundo;Si
Ecuador;Abono Mensual;Oro HD;725;NTN 24;SD;Mundo;Si
Ecuador;Abono Mensual;Oro HD;727;Cable Noticias;SD;Mundo;Si
Ecuador;Abono Mensual;Oro HD;730;National Geographic;SD;Mundo;Si
Ecuador;Abono Mensual;Oro HD;732;Discovery Channel;SD;Mundo;Si
Ecuador;Abono Mensual;Oro HD;734;Animal Planet;SD;Mundo;Si
Ecuador;Abono Mensual;Oro HD;736;Discovery Turbo;SD;Mundo;Si
Ecuador;Abono Mensual;Oro HD;740;Discovery Travel & Living Channel (TLC);SD;Mundo;Si
Ecuador;Abono Mensual;Oro HD;742;History Channel;SD;Mundo;Si
Ecuador;Abono Mensual;Oro HD;744;History 2;SD;Mundo;Si
Ecuador;Abono Mensual;Oro HD;760;Univision;SD;Mundo;Si
Ecuador;Abono Mensual;Oro HD;762;Antena 3;SD;Mundo;Si
Ecuador;Abono Mensual;Oro HD;764;France 24 Español;SD;Mundo;Si
Ecuador;Abono Mensual;Oro HD;766;Rai Italia;SD;Mundo;Si
Ecuador;Abono Mensual;Oro HD;768;BBC News;SD;Mundo;Si
Ecuador;Abono Mensual;Oro HD;770;Deutsche Welle (DW) Español;SD;Mundo;Si
Ecuador;Abono Mensual;Oro HD;772;Caracol Internacional;SD;Mundo;Si
Ecuador;Abono Mensual;Oro HD;773;El Tiempo TV;SD;Mundo;Si
Ecuador;Abono Mensual;Oro HD;774;TV Chile;SD;Mundo;Si
Ecuador;Abono Mensual;Oro HD;775;RCN Nuestra Tele;SD;Mundo;Si
Ecuador;Abono Mensual;Oro HD;776;TV Globo;SD;Mundo;No
Ecuador;Abono Mensual;Oro HD;778;RTP Internacional;SD;Mundo;Si
Ecuador;Abono Mensual;Oro HD;780;ZEE Mundo;SD;Mundo;No
Ecuador;Abono Mensual;Oro HD;782;NHK World;SD;Mundo;Si
Ecuador;Abono Mensual;Oro HD;784;El Trece Internacional;SD;Mundo;Si
Ecuador;Abono Mensual;Oro HD;786;Telefe Internacional;SD;Mundo;Si
Ecuador;Abono Mensual;Oro HD;790;CGTN;SD;Mundo;Si
Ecuador;Abono Mensual;Oro HD;901;DSports Radio;Radio;Radio;No
Ecuador;Abono Mensual;Oro HD;980;Unión Radio Noticias;Radio;Radio;Si
Ecuador;Abono Mensual;Oro HD;982;Radio Caracol;Radio;Radio;Si
Ecuador;Abono Mensual;Oro HD;984;Radio France International;Radio;Radio;Si
Ecuador;Abono Mensual;Oro HD;1105;Gran Hermano - Experiencia Multicámara;HD;Variedades;No
Ecuador;Abono Mensual;Oro HD;1106;Gran Hermano - 24 hs;HD;Variedades;No
Ecuador;Abono Mensual;Oro HD;1107;Gran Hermano - Cámara 1;HD;Variedades;No
Ecuador;Abono Mensual;Oro HD;1108;Gran Hermano - Cámara 2;HD;Variedades;No
Ecuador;Abono Mensual;Oro HD;1109;Gran Hermano - Cámara 3;HD;Variedades;No
Ecuador;Abono Mensual;Oro HD;1180;Teleamazonas HD;HD;Nacional;Si
Ecuador;Abono Mensual;Oro HD;1181;TC Television HD;HD;Nacional;Si
Ecuador;Abono Mensual;Oro HD;1182;Ecuavisa HD;HD;Nacional;Si
Ecuador;Abono Mensual;Oro HD;1204;Star Channel HD;HD;Variedades;Si
Ecuador;Abono Mensual;Oro HD;1206;Warner Channel HD;HD;Variedades;Si
Ecuador;Abono Mensual;Oro HD;1207;A&E Mundo HD;HD;Variedades;Si
Ecuador;Abono Mensual;Oro HD;1208;Sony HD;HD;Variedades;Si
Ecuador;Abono Mensual;Oro HD;1209;AXN HD;HD;Variedades;Si
Ecuador;Abono Mensual;Oro HD;1210;AMC HD;HD;Variedades;Si
Ecuador;Abono Mensual;Oro HD;1213;TNT Series HD;HD;Variedades;Si
Ecuador;Abono Mensual;Oro HD;1214;Atres HD;HD;Variedades;Si
Ecuador;Abono Mensual;Oro HD;1215;Comedy Central HD;HD;Variedades;Si
Ecuador;Abono Mensual;Oro HD;1217;FX HD;HD;Variedades;Si
Ecuador;Abono Mensual;Oro HD;1218;Universal TV HD;HD;Variedades;Si
Ecuador;Abono Mensual;Oro HD;1219;USA Network HD;HD;Variedades;Si
Ecuador;Abono Mensual;Oro HD;1221;Hola TV HD;HD;Variedades;Si
Ecuador;Abono Mensual;Oro HD;1222;E! Entertainment HD;HD;Variedades;Si
Ecuador;Abono Mensual;Oro HD;1223;Investigation Discovery (ID) HD;HD;Variedades;Si
Ecuador;Abono Mensual;Oro HD;1228;Lifetime HD;HD;Variedades;Si
Ecuador;Abono Mensual;Oro HD;1229;Discovery Home & Health;HD;Variedades;Si
Ecuador;Abono Mensual;Oro HD;1231;Alacocina TV;HD;Variedades;Si
Ecuador;Abono Mensual;Oro HD;1232;El Gourmet HD;HD;Variedades;Si
Ecuador;Abono Mensual;Oro HD;1233;Food Network HD;HD;Variedades;Si
Ecuador;Abono Mensual;Oro HD;1234;HGTV HD;HD;Variedades;Si
Ecuador;Abono Mensual;Oro HD;1236;VePlus HD;HD;Variedades;Si
Ecuador;Abono Mensual;Oro HD;1264;MTV HD;HD;Variedades;Si
Ecuador;Abono Mensual;Oro HD;1265;Music Top HD;HD;Variedades;Si
Ecuador;Abono Mensual;Oro HD;1266;Tierra Mía HD;HD;Variedades;Si
Ecuador;Abono Mensual;Oro HD;1270;Latina TV;HD;Variedades;Si
Ecuador;Abono Mensual;Oro HD;1273;INTI Network HD;HD;Variedades;Si
Ecuador;Abono Mensual;Oro HD;1304;Cartoon Network HD;HD;Infantil;Si
Ecuador;Abono Mensual;Oro HD;1308;Nickelodeon HD;HD;Infantil;Si
Ecuador;Abono Mensual;Oro HD;1309;Nick Jr. HD;HD;Infantil;Si
Ecuador;Abono Mensual;Oro HD;1312;Disney Channel HD;HD;Infantil;Si
Ecuador;Abono Mensual;Oro HD;1315;Disney Junior HD;HD;Infantil;Si
Ecuador;Abono Mensual;Oro HD;1318;Plim Plim;HD;Infantil;Si
Ecuador;Abono Mensual;Oro HD;1319;El Reino Infantil;HD;Infantil;Si
Ecuador;Abono Mensual;Oro HD;1330;Discovery Kids HD;HD;Infantil;Si
Ecuador;Abono Mensual;Oro HD;1502;TNT HD;HD;Cine;Si
Ecuador;Abono Mensual;Oro HD;1503;Golden HD;HD;Cine;Si
Ecuador;Abono Mensual;Oro HD;1506;Sony Movies;HD;Cine;Si
Ecuador;Abono Mensual;Oro HD;1507;Cinecanal HD;HD;Cine;Si
Ecuador;Abono Mensual;Oro HD;1508;Studio Universal HD;HD;Cine;Si
Ecuador;Abono Mensual;Oro HD;1509;Cinemax HD;HD;Cine;Si
Ecuador;Abono Mensual;Oro HD;1510;Mórbido TV;HD;Cine;Si
Ecuador;Abono Mensual;Oro HD;1513;DHE HD;HD;Cine;Si
Ecuador;Abono Mensual;Oro HD;1518;Space HD;HD;Cine;Si
Ecuador;Abono Mensual;Oro HD;1524;HBO HD;HD;Cine;No
Ecuador;Abono Mensual;Oro HD;1525;HBO 2 HD;HD;Cine;No
Ecuador;Abono Mensual;Oro HD;1528;HBO Signature HD;HD;Cine;No
Ecuador;Abono Mensual;Oro HD;1532;HBO Plus HD;HD;Cine;No
Ecuador;Abono Mensual;Oro HD;1534;HBO Family HD;HD;Cine;No
Ecuador;Abono Mensual;Oro HD;1542;HBO Xtreme HD;HD;Cine;No
Ecuador;Abono Mensual;Oro HD;1571;Universal Premiere Este HD;HD;Cine;No
Ecuador;Abono Mensual;Oro HD;1572;Universal Cinema HD;HD;Cine;No
Ecuador;Abono Mensual;Oro HD;1573;Universal Comedy HD;HD;Cine;No
Ecuador;Abono Mensual;Oro HD;1574;Universal Crime Este HD;HD;Cine;No
Ecuador;Abono Mensual;Oro HD;1575;Universal Reality HD;HD;Cine;No
Ecuador;Abono Mensual;Oro HD;1576;Universal Premiere Oeste HD;HD;Cine;No
Ecuador;Abono Mensual;Oro HD;1577;Universal Cinema Oeste;HD;Cine;No
Ecuador;Abono Mensual;Oro HD;1610;DSports HD;HD;Deportes;Si
Ecuador;Abono Mensual;Oro HD;1612;DSports 2 HD;HD;Deportes;Si
Ecuador;Abono Mensual;Oro HD;1613;DSports+ HD;HD;Deportes;Si
Ecuador;Abono Mensual;Oro HD;1621;ESPN HD;HD;Deportes;Si
Ecuador;Abono Mensual;Oro HD;1622;ESPN 2 HD;HD;Deportes;Si
Ecuador;Abono Mensual;Oro HD;1623;ESPN 3 HD;HD;Deportes;Si
Ecuador;Abono Mensual;Oro HD;1624;ESPN 4 HD;HD;Deportes;Si
Ecuador;Abono Mensual;Oro HD;1625;ESPN 5 HD;HD;Deportes;Si
Ecuador;Abono Mensual;Oro HD;1626;ESPN 6 HD;HD;Deportes;Si
Ecuador;Abono Mensual;Oro HD;1627;ESPN 7 HD;HD;Deportes;Si
Ecuador;Abono Mensual;Oro HD;1628;Golf Channel HD;HD;Deportes;Si
Ecuador;Abono Mensual;Oro HD;1639;PX Sports;HD;Deportes;Si
Ecuador;Abono Mensual;Oro HD;1655;El Canal del Futbol;HD;Deportes;No
Ecuador;Abono Mensual;Oro HD;1698;Dsports;HD;Deportes;No
Ecuador;Abono Mensual;Oro HD;1699;DSports Eventos;HD;Deportes;No
Ecuador;Abono Mensual;Oro HD;1700;DNews HD;HD;Mundo;Si
Ecuador;Abono Mensual;Oro HD;1727;Cable Noticias HD;HD;Mundo;Si
Ecuador;Abono Mensual;Oro HD;1730;National Geographic HD;HD;Mundo;Si
Ecuador;Abono Mensual;Oro HD;1731;Discovery Theater HD;HD;Mundo;Si
Ecuador;Abono Mensual;Oro HD;1732;Discovery Channel HD;HD;Mundo;Si
Ecuador;Abono Mensual;Oro HD;1734;Animal Planet HD;HD;Mundo;Si
Ecuador;Abono Mensual;Oro HD;1738;Discovery World HD;HD;Mundo;Si
Ecuador;Abono Mensual;Oro HD;1740;Discovery Travel & Living Channel (TLC) HD;HD;Mundo;Si
Ecuador;Abono Mensual;Oro HD;1742;History HD;HD;Mundo;Si
Ecuador;Abono Mensual;Oro HD;1744;History 2 HD;HD;Mundo;Si
Ecuador;Abono Mensual;Oro HD;1750;Encuentro;HD;Variedades;Si
Ecuador;Abono Mensual;Oro HD;1762;Antena 3 HD;HD;Mundo;Si
Ecuador;Abono Mensual;Oro HD;1764;France 24 Español;HD;Mundo;Si
Ecuador;Abono Mensual;Oro HD;4000;Directv 4K;4K;4K;No
Ecuador;Abono Mensual;Nexus;142;Telecaribe;SD;Mundo;Si
Ecuador;Abono Mensual;Nexus;148;Canal TRO;SD;Mundo;Si
Ecuador;Abono Mensual;Nexus;151;Telemedellin;SD;Mundo;Si
Ecuador;Abono Mensual;Nexus;170;TV Familia;SD;Religioso;Si
Ecuador;Abono Mensual;Nexus;177;RTU;SD;Nacional;Si
Ecuador;Abono Mensual;Nexus;178;Redonda TV;SD;Variedades;Si
Ecuador;Abono Mensual;Nexus;179;Teleamazonas Guayaquil;SD;Nacional;Si
Ecuador;Abono Mensual;Nexus;180;Teleamazonas;SD;Nacional;Si
Ecuador;Abono Mensual;Nexus;181;TC Television;SD;Nacional;Si
Ecuador;Abono Mensual;Nexus;182;Ecuavisa;SD;Nacional;Si
Ecuador;Abono Mensual;Nexus;183;Gama TV;SD;Nacional;Si
Ecuador;Abono Mensual;Nexus;184;Ecuavisa;SD;Nacional;Si
Ecuador;Abono Mensual;Nexus;185;RTS;SD;Nacional;Si
Ecuador;Abono Mensual;Nexus;187;Ecuador TV;SD;Nacional;Si
Ecuador;Abono Mensual;Nexus;188;Telerama;SD;Nacional;Si
Ecuador;Abono Mensual;Nexus;190;Oro Mar TV;SD;Nacional;Si
Ecuador;Abono Mensual;Nexus;192;Televicentro;SD;Nacional;Si
Ecuador;Abono Mensual;Nexus;194;Manavision;SD;Nacional;Si
Ecuador;Abono Mensual;Nexus;202;Star Channel;SD;Variedades;Si
Ecuador;Abono Mensual;Nexus;206;Warner Channel;SD;Variedades;Si
Ecuador;Abono Mensual;Nexus;207;A&E;SD;Variedades;Si
Ecuador;Abono Mensual;Nexus;208;Sony;SD;Variedades;Si
Ecuador;Abono Mensual;Nexus;209;AXN;SD;Variedades;Si
Ecuador;Abono Mensual;Nexus;210;AMC;SD;Variedades;Si
Ecuador;Abono Mensual;Nexus;213;TNT Series;SD;Variedades;Si
Ecuador;Abono Mensual;Nexus;214;Atres Series;SD;Variedades;Si
Ecuador;Abono Mensual;Nexus;215;Comedy Central;SD;Variedades;Si
Ecuador;Abono Mensual;Nexus;216;TNT Novelas;SD;Variedades;Si
Ecuador;Abono Mensual;Nexus;217;FX;SD;Variedades;Si
Ecuador;Abono Mensual;Nexus;218;Universal TV;SD;Variedades;Si
Ecuador;Abono Mensual;Nexus;219;USA Network;SD;Variedades;Si
Ecuador;Abono Mensual;Nexus;220;Adult Swim;SD;Variedades;Si
Ecuador;Abono Mensual;Nexus;221;¡Hola! TV;SD;Variedades;Si
Ecuador;Abono Mensual;Nexus;222;E! Entertainment;SD;Variedades;Si
Ecuador;Abono Mensual;Nexus;223;Investigation Discovery (ID);SD;Variedades;Si
Ecuador;Abono Mensual;Nexus;226;El Canal de las Estrellas;SD;Variedades;Si
Ecuador;Abono Mensual;Nexus;227;TLnovelas;SD;Variedades;Si
Ecuador;Abono Mensual;Nexus;228;Lifetime;SD;Variedades;Si
Ecuador;Abono Mensual;Nexus;229;Discovery Home & Health;SD;Variedades;Si
Ecuador;Abono Mensual;Nexus;230;Más Chic;SD;Variedades;Si
Ecuador;Abono Mensual;Nexus;231;Telemundo Internacional;SD;Variedades;Si
Ecuador;Abono Mensual;Nexus;232;El Gourmet;SD;Variedades;Si
Ecuador;Abono Mensual;Nexus;233;Food Network;SD;Variedades;Si
Ecuador;Abono Mensual;Nexus;264;MTV;SD;Variedades;Si
Ecuador;Abono Mensual;Nexus;269;Quiero Música en Mi Idioma (QMusic);SD;Variedades;Si
Ecuador;Abono Mensual;Nexus;270;Mi Gente 3.0;SD;Variedades;No
Ecuador;Abono Mensual;Nexus;304;Cartoon Network;SD;Infantil;Si
Ecuador;Abono Mensual;Nexus;308;Nickelodeon;SD;Infantil;Si
Ecuador;Abono Mensual;Nexus;309;Nick Jr.;SD;Infantil;Si
Ecuador;Abono Mensual;Nexus;312;Disney Channel;SD;Infantil;Si
Ecuador;Abono Mensual;Nexus;315;Disney Junior;SD;Infantil;Si
Ecuador;Abono Mensual;Nexus;317;BabyTV;SD;Infantil;Si
Ecuador;Abono Mensual;Nexus;318;Plim Plim;SD;Infantil;No
Ecuador;Abono Mensual;Nexus;319;El Reino Infantil;SD;Infantil;Si
Ecuador;Abono Mensual;Nexus;330;Discovery Kids;SD;Infantil;Si
Ecuador;Abono Mensual;Nexus;334;Cartoonito;SD;Infantil;Si
Ecuador;Abono Mensual;Nexus;350;EWTN;SD;Religioso;Si
Ecuador;Abono Mensual;Nexus;351;Canal Orbe 21;SD;Religioso;Si
Ecuador;Abono Mensual;Nexus;352;Enlace TBN;SD;Religioso;Si
Ecuador;Abono Mensual;Nexus;464;Playboy TV;SD;Adultos;No
Ecuador;Abono Mensual;Nexus;468;Venus;SD;Adultos;No
Ecuador;Abono Mensual;Nexus;469;XTSY;SD;Adultos;No
Ecuador;Abono Mensual;Nexus;470;Hustler;SD;Adultos;No
Ecuador;Abono Mensual;Nexus;502;TNT;SD;Cine;Si
Ecuador;Abono Mensual;Nexus;503;Golden;SD;Cine;Si
Ecuador;Abono Mensual;Nexus;506;Sony Movies;SD;Cine;Si
Ecuador;Abono Mensual;Nexus;507;Cinecanal;SD;Cine;Si
Ecuador;Abono Mensual;Nexus;508;Studio Universal;SD;Cine;Si
Ecuador;Abono Mensual;Nexus;509;Cinemax;SD;Cine;Si
Ecuador;Abono Mensual;Nexus;510;Mórbido TV;SD;Cine;Si
Ecuador;Abono Mensual;Nexus;513;DHE;SD;Cine;Si
Ecuador;Abono Mensual;Nexus;515;Cinema;SD;Cine;No
Ecuador;Abono Mensual;Nexus;516;De Película;SD;Cine;Si
Ecuador;Abono Mensual;Nexus;517;Golden Edge;SD;Cine;Si
Ecuador;Abono Mensual;Nexus;518;Space;SD;Cine;Si
Ecuador;Abono Mensual;Nexus;524;HBO Este;SD;Cine;No
Ecuador;Abono Mensual;Nexus;525;HBO 2;SD;Cine;No
Ecuador;Abono Mensual;Nexus;526;HBO Plus Este;SD;Cine;No
Ecuador;Abono Mensual;Nexus;528;HBO Signature;SD;Cine;No
Ecuador;Abono Mensual;Nexus;532;HBO Plus Oeste;SD;Cine;No
Ecuador;Abono Mensual;Nexus;534;HBO Family Este;SD;Cine;No
Ecuador;Abono Mensual;Nexus;538;MAX Prime Oeste;SD;Cine;No
Ecuador;Abono Mensual;Nexus;540;HBO Mundi;SD;Cine;No
Ecuador;Abono Mensual;Nexus;541;HBO Pop;SD;Cine;No
Ecuador;Abono Mensual;Nexus;542;HBO Xtreme;SD;Cine;No
Ecuador;Abono Mensual;Nexus;571;Universal Premiere Este;SD;Cine;No
Ecuador;Abono Mensual;Nexus;572;Universal Cinema;SD;Cine;No
Ecuador;Abono Mensual;Nexus;573;Universal Comedy;SD;Cine;No
Ecuador;Abono Mensual;Nexus;574;Universal Crime Este;SD;Cine;No
Ecuador;Abono Mensual;Nexus;575;Universal Reality;SD;Cine;No
Ecuador;Abono Mensual;Nexus;576;Universal Premiere Oeste;SD;Cine;No
Ecuador;Abono Mensual;Nexus;577;Universal Cinema Oeste;SD;Cine;No
Ecuador;Abono Mensual;Nexus;610;DSports;SD;Deportes;Si
Ecuador;Abono Mensual;Nexus;612;DSports 2;SD;Deportes;Si
Ecuador;Abono Mensual;Nexus;613;DSports+;SD;Deportes;Si
Ecuador;Abono Mensual;Nexus;616;Liga;SD;Deportes;No
Ecuador;Abono Mensual;Nexus;621;ESPN;SD;Deportes;Si
Ecuador;Abono Mensual;Nexus;622;ESPN 2;SD;Deportes;Si
Ecuador;Abono Mensual;Nexus;623;ESPN 3;SD;Deportes;Si
Ecuador;Abono Mensual;Nexus;625;ESPN 5;SD;Deportes;Si
Ecuador;Abono Mensual;Nexus;626;ESPN 6;SD;Deportes;Si
Ecuador;Abono Mensual;Nexus;627;ESPN 7;SD;Deportes;Si
Ecuador;Abono Mensual;Nexus;628;The Golf Channel;SD;Deportes;Si
Ecuador;Abono Mensual;Nexus;629;TyC Sports;SD;Deportes;Si
Ecuador;Abono Mensual;Nexus;655;El Canal del Futbol;SD;Deportes;No
Ecuador;Abono Mensual;Nexus;680;MLB Temporada;SD;Deportes;No
Ecuador;Abono Mensual;Nexus;681;MLB Temporada;SD;Deportes;No
Ecuador;Abono Mensual;Nexus;683;Dsports Venezuela;SD;Deportes;Si
Ecuador;Abono Mensual;Nexus;698;Dsports;SD;Deportes;No
Ecuador;Abono Mensual;Nexus;699;DSports Eventos;SD;Deportes;No
Ecuador;Abono Mensual;Nexus;700;DNews;SD;Mundo;Si
Ecuador;Abono Mensual;Nexus;704;CNN en Español;SD;Mundo;Si
Ecuador;Abono Mensual;Nexus;706;CNN International;SD;Mundo;Si
Ecuador;Abono Mensual;Nexus;707;CNN Chile;SD;Mundo;Si
Ecuador;Abono Mensual;Nexus;708;TVN 24 HORAS;SD;Mundo;Si
Ecuador;Abono Mensual;Nexus;710;Bloomberg Television;SD;Mundo;Si
Ecuador;Abono Mensual;Nexus;716;Todo Noticias (TN);SD;Mundo;Si
Ecuador;Abono Mensual;Nexus;720;Canal 26;SD;Mundo;Si
Ecuador;Abono Mensual;Nexus;725;NTN 24;SD;Mundo;Si
Ecuador;Abono Mensual;Nexus;727;Cable Noticias;SD;Mundo;Si
Ecuador;Abono Mensual;Nexus;730;National Geographic;SD;Mundo;Si
Ecuador;Abono Mensual;Nexus;732;Discovery Channel;SD;Mundo;Si
Ecuador;Abono Mensual;Nexus;734;Animal Planet;SD;Mundo;Si
Ecuador;Abono Mensual;Nexus;736;Discovery Turbo;SD;Mundo;Si
Ecuador;Abono Mensual;Nexus;740;Discovery Travel & Living Channel (TLC);SD;Mundo;Si
Ecuador;Abono Mensual;Nexus;742;History Channel;SD;Mundo;Si
Ecuador;Abono Mensual;Nexus;744;History 2;SD;Mundo;Si
Ecuador;Abono Mensual;Nexus;760;Univision;SD;Mundo;Si
Ecuador;Abono Mensual;Nexus;762;Antena 3;SD;Mundo;Si
Ecuador;Abono Mensual;Nexus;764;France 24 Español;SD;Mundo;Si
Ecuador;Abono Mensual;Nexus;766;Rai Italia;SD;Mundo;Si
Ecuador;Abono Mensual;Nexus;768;BBC News;SD;Mundo;Si
Ecuador;Abono Mensual;Nexus;770;Deutsche Welle (DW) Español;SD;Mundo;Si
Ecuador;Abono Mensual;Nexus;772;Caracol Internacional;SD;Mundo;Si
Ecuador;Abono Mensual;Nexus;773;El Tiempo TV;SD;Mundo;Si
Ecuador;Abono Mensual;Nexus;774;TV Chile;SD;Mundo;Si
Ecuador;Abono Mensual;Nexus;775;RCN Nuestra Tele;SD;Mundo;Si
Ecuador;Abono Mensual;Nexus;776;TV Globo;SD;Mundo;No
Ecuador;Abono Mensual;Nexus;778;RTP Internacional;SD;Mundo;Si
Ecuador;Abono Mensual;Nexus;780;ZEE Mundo;SD;Mundo;No
Ecuador;Abono Mensual;Nexus;782;NHK World;SD;Mundo;Si
Ecuador;Abono Mensual;Nexus;784;El Trece Internacional;SD;Mundo;Si
Ecuador;Abono Mensual;Nexus;786;Telefe Internacional;SD;Mundo;Si
Ecuador;Abono Mensual;Nexus;790;CGTN;SD;Mundo;Si
Ecuador;Abono Mensual;Nexus;901;DSports Radio;Radio;Radio;No
Ecuador;Abono Mensual;Nexus;980;Unión Radio Noticias;Radio;Radio;Si
Ecuador;Abono Mensual;Nexus;982;Radio Caracol;Radio;Radio;Si
Ecuador;Abono Mensual;Nexus;984;Radio France International;Radio;Radio;Si
Ecuador;Abono Mensual;Nexus;1105;Gran Hermano - Experiencia Multicámara;HD;Variedades;No
Ecuador;Abono Mensual;Nexus;1106;Gran Hermano - 24 hs;HD;Variedades;No
Ecuador;Abono Mensual;Nexus;1107;Gran Hermano - Cámara 1;HD;Variedades;No
Ecuador;Abono Mensual;Nexus;1108;Gran Hermano - Cámara 2;HD;Variedades;No
Ecuador;Abono Mensual;Nexus;1109;Gran Hermano - Cámara 3;HD;Variedades;No
Ecuador;Abono Mensual;Nexus;1180;Teleamazonas HD;HD;Nacional;Si
Ecuador;Abono Mensual;Nexus;1181;TC Television HD;HD;Nacional;Si
Ecuador;Abono Mensual;Nexus;1182;Ecuavisa HD;HD;Nacional;Si
Ecuador;Abono Mensual;Nexus;1204;Star Channel HD;HD;Variedades;Si
Ecuador;Abono Mensual;Nexus;1206;Warner Channel HD;HD;Variedades;Si
Ecuador;Abono Mensual;Nexus;1207;A&E Mundo HD;HD;Variedades;Si
Ecuador;Abono Mensual;Nexus;1208;Sony HD;HD;Variedades;Si
Ecuador;Abono Mensual;Nexus;1209;AXN HD;HD;Variedades;Si
Ecuador;Abono Mensual;Nexus;1210;AMC HD;HD;Variedades;Si
Ecuador;Abono Mensual;Nexus;1213;TNT Series HD;HD;Variedades;Si
Ecuador;Abono Mensual;Nexus;1214;Atres HD;HD;Variedades;Si
Ecuador;Abono Mensual;Nexus;1215;Comedy Central HD;HD;Variedades;Si
Ecuador;Abono Mensual;Nexus;1217;FX HD;HD;Variedades;Si
Ecuador;Abono Mensual;Nexus;1218;Universal TV HD;HD;Variedades;Si
Ecuador;Abono Mensual;Nexus;1219;USA Network HD;HD;Variedades;Si
Ecuador;Abono Mensual;Nexus;1221;Hola TV HD;HD;Variedades;Si
Ecuador;Abono Mensual;Nexus;1222;E! Entertainment HD;HD;Variedades;Si
Ecuador;Abono Mensual;Nexus;1223;Investigation Discovery (ID) HD;HD;Variedades;Si
Ecuador;Abono Mensual;Nexus;1228;Lifetime HD;HD;Variedades;Si
Ecuador;Abono Mensual;Nexus;1229;Discovery Home & Health;HD;Variedades;Si
Ecuador;Abono Mensual;Nexus;1231;Alacocina TV;HD;Variedades;Si
Ecuador;Abono Mensual;Nexus;1232;El Gourmet HD;HD;Variedades;Si
Ecuador;Abono Mensual;Nexus;1233;Food Network HD;HD;Variedades;Si
Ecuador;Abono Mensual;Nexus;1234;HGTV HD;HD;Variedades;Si
Ecuador;Abono Mensual;Nexus;1236;VePlus HD;HD;Variedades;Si
Ecuador;Abono Mensual;Nexus;1264;MTV HD;HD;Variedades;Si
Ecuador;Abono Mensual;Nexus;1265;Music Top HD;HD;Variedades;Si
Ecuador;Abono Mensual;Nexus;1266;Tierra Mía HD;HD;Variedades;Si
Ecuador;Abono Mensual;Nexus;1270;Latina TV;HD;Variedades;Si
Ecuador;Abono Mensual;Nexus;1273;INTI Network HD;HD;Variedades;Si
Ecuador;Abono Mensual;Nexus;1304;Cartoon Network HD;HD;Infantil;Si
Ecuador;Abono Mensual;Nexus;1308;Nickelodeon HD;HD;Infantil;Si
Ecuador;Abono Mensual;Nexus;1309;Nick Jr. HD;HD;Infantil;Si
Ecuador;Abono Mensual;Nexus;1312;Disney Channel HD;HD;Infantil;Si
Ecuador;Abono Mensual;Nexus;1315;Disney Junior HD;HD;Infantil;Si
Ecuador;Abono Mensual;Nexus;1318;Plim Plim;HD;Infantil;No
Ecuador;Abono Mensual;Nexus;1319;El Reino Infantil;HD;Infantil;Si
Ecuador;Abono Mensual;Nexus;1330;Discovery Kids HD;HD;Infantil;Si
Ecuador;Abono Mensual;Nexus;1502;TNT HD;HD;Cine;Si
Ecuador;Abono Mensual;Nexus;1503;Golden HD;HD;Cine;Si
Ecuador;Abono Mensual;Nexus;1506;Sony Movies;HD;Cine;Si
Ecuador;Abono Mensual;Nexus;1507;Cinecanal HD;HD;Cine;Si
Ecuador;Abono Mensual;Nexus;1508;Studio Universal HD;HD;Cine;Si
Ecuador;Abono Mensual;Nexus;1509;Cinemax HD;HD;Cine;Si
Ecuador;Abono Mensual;Nexus;1510;Mórbido TV;HD;Cine;Si
Ecuador;Abono Mensual;Nexus;1513;DHE HD;HD;Cine;Si
Ecuador;Abono Mensual;Nexus;1518;Space HD;HD;Cine;Si
Ecuador;Abono Mensual;Nexus;1524;HBO HD;HD;Cine;No
Ecuador;Abono Mensual;Nexus;1525;HBO 2 HD;HD;Cine;No
Ecuador;Abono Mensual;Nexus;1528;HBO Signature HD;HD;Cine;No
Ecuador;Abono Mensual;Nexus;1532;HBO Plus HD;HD;Cine;No
Ecuador;Abono Mensual;Nexus;1534;HBO Family HD;HD;Cine;No
Ecuador;Abono Mensual;Nexus;1542;HBO Xtreme HD;HD;Cine;No
Ecuador;Abono Mensual;Nexus;1571;Universal Premiere Este HD;HD;Cine;No
Ecuador;Abono Mensual;Nexus;1572;Universal Cinema HD;HD;Cine;No
Ecuador;Abono Mensual;Nexus;1573;Universal Comedy HD;HD;Cine;No
Ecuador;Abono Mensual;Nexus;1574;Universal Crime Este HD;HD;Cine;No
Ecuador;Abono Mensual;Nexus;1575;Universal Reality HD;HD;Cine;No
Ecuador;Abono Mensual;Nexus;1576;Universal Premiere Oeste HD;HD;Cine;No
Ecuador;Abono Mensual;Nexus;1577;Universal Cinema Oeste;HD;Cine;No
Ecuador;Abono Mensual;Nexus;1610;DSports HD;HD;Deportes;Si
Ecuador;Abono Mensual;Nexus;1612;DSports 2 HD;HD;Deportes;Si
Ecuador;Abono Mensual;Nexus;1613;DSports+ HD;HD;Deportes;Si
Ecuador;Abono Mensual;Nexus;1621;ESPN HD;HD;Deportes;Si
Ecuador;Abono Mensual;Nexus;1622;ESPN 2 HD;HD;Deportes;Si
Ecuador;Abono Mensual;Nexus;1623;ESPN 3 HD;HD;Deportes;Si
Ecuador;Abono Mensual;Nexus;1624;ESPN 4 HD;HD;Deportes;Si
Ecuador;Abono Mensual;Nexus;1625;ESPN 5 HD;HD;Deportes;Si
Ecuador;Abono Mensual;Nexus;1626;ESPN 6 HD;HD;Deportes;Si
Ecuador;Abono Mensual;Nexus;1627;ESPN 7 HD;HD;Deportes;Si
Ecuador;Abono Mensual;Nexus;1628;Golf Channel HD;HD;Deportes;Si
Ecuador;Abono Mensual;Nexus;1639;PX Sports;HD;Deportes;Si
Ecuador;Abono Mensual;Nexus;1655;El Canal del Futbol;HD;Deportes;No
Ecuador;Abono Mensual;Nexus;1698;Dsports;HD;Deportes;No
Ecuador;Abono Mensual;Nexus;1699;DSports Eventos;HD;Deportes;No
Ecuador;Abono Mensual;Nexus;1700;DNews HD;HD;Mundo;Si
Ecuador;Abono Mensual;Nexus;1727;Cable Noticias HD;HD;Mundo;Si
Ecuador;Abono Mensual;Nexus;1730;National Geographic HD;HD;Mundo;Si
Ecuador;Abono Mensual;Nexus;1731;Discovery Theater HD;HD;Mundo;Si
Ecuador;Abono Mensual;Nexus;1732;Discovery Channel HD;HD;Mundo;Si
Ecuador;Abono Mensual;Nexus;1734;Animal Planet HD;HD;Mundo;Si
Ecuador;Abono Mensual;Nexus;1738;Discovery World HD;HD;Mundo;Si
Ecuador;Abono Mensual;Nexus;1740;Discovery Travel & Living Channel (TLC) HD;HD;Mundo;Si
Ecuador;Abono Mensual;Nexus;1742;History HD;HD;Mundo;Si
Ecuador;Abono Mensual;Nexus;1744;History 2 HD;HD;Mundo;Si
Ecuador;Abono Mensual;Nexus;1750;Encuentro;HD;Variedades;Si
Ecuador;Abono Mensual;Nexus;1762;Antena 3 HD;HD;Mundo;Si
Ecuador;Abono Mensual;Nexus;1764;France 24 Español;HD;Mundo;Si
Ecuador;Abono Mensual;Nexus;4000;Directv 4K;4K;4K;No
Ecuador;Abono Mensual;Platino;142;Telecaribe;SD;Mundo;Si
Ecuador;Abono Mensual;Platino;148;Canal TRO;SD;Mundo;Si
Ecuador;Abono Mensual;Platino;151;Telemedellin;SD;Mundo;Si
Ecuador;Abono Mensual;Platino;170;TV Familia;SD;Religioso;Si
Ecuador;Abono Mensual;Platino;177;RTU;SD;Nacional;Si
Ecuador;Abono Mensual;Platino;178;Redonda TV;SD;Variedades;Si
Ecuador;Abono Mensual;Platino;179;Teleamazonas Guayaquil;SD;Nacional;Si
Ecuador;Abono Mensual;Platino;180;Teleamazonas;SD;Nacional;Si
Ecuador;Abono Mensual;Platino;181;TC Television;SD;Nacional;Si
Ecuador;Abono Mensual;Platino;182;Ecuavisa;SD;Nacional;Si
Ecuador;Abono Mensual;Platino;183;Gama TV;SD;Nacional;Si
Ecuador;Abono Mensual;Platino;184;Ecuavisa;SD;Nacional;Si
Ecuador;Abono Mensual;Platino;185;RTS;SD;Nacional;Si
Ecuador;Abono Mensual;Platino;187;Ecuador TV;SD;Nacional;Si
Ecuador;Abono Mensual;Platino;188;Telerama;SD;Nacional;Si
Ecuador;Abono Mensual;Platino;190;Oro Mar TV;SD;Nacional;Si
Ecuador;Abono Mensual;Platino;192;Televicentro;SD;Nacional;Si
Ecuador;Abono Mensual;Platino;194;Manavision;SD;Nacional;Si
Ecuador;Abono Mensual;Platino;202;Star Channel;SD;Variedades;Si
Ecuador;Abono Mensual;Platino;206;Warner Channel;SD;Variedades;Si
Ecuador;Abono Mensual;Platino;207;A&E;SD;Variedades;Si
Ecuador;Abono Mensual;Platino;208;Sony;SD;Variedades;Si
Ecuador;Abono Mensual;Platino;209;AXN;SD;Variedades;Si
Ecuador;Abono Mensual;Platino;210;AMC;SD;Variedades;Si
Ecuador;Abono Mensual;Platino;213;TNT Series;SD;Variedades;Si
Ecuador;Abono Mensual;Platino;214;Atres Series;SD;Variedades;Si
Ecuador;Abono Mensual;Platino;215;Comedy Central;SD;Variedades;Si
Ecuador;Abono Mensual;Platino;216;TNT Novelas;SD;Variedades;Si
Ecuador;Abono Mensual;Platino;217;FX;SD;Variedades;Si
Ecuador;Abono Mensual;Platino;218;Universal TV;SD;Variedades;Si
Ecuador;Abono Mensual;Platino;219;USA Network;SD;Variedades;Si
Ecuador;Abono Mensual;Platino;220;Adult Swim;SD;Variedades;Si
Ecuador;Abono Mensual;Platino;221;¡Hola! TV;SD;Variedades;Si
Ecuador;Abono Mensual;Platino;222;E! Entertainment;SD;Variedades;Si
Ecuador;Abono Mensual;Platino;223;Investigation Discovery (ID);SD;Variedades;Si
Ecuador;Abono Mensual;Platino;226;El Canal de las Estrellas;SD;Variedades;Si
Ecuador;Abono Mensual;Platino;227;TLnovelas;SD;Variedades;Si
Ecuador;Abono Mensual;Platino;228;Lifetime;SD;Variedades;Si
Ecuador;Abono Mensual;Platino;229;Discovery Home & Health;SD;Variedades;Si
Ecuador;Abono Mensual;Platino;230;Más Chic;SD;Variedades;Si
Ecuador;Abono Mensual;Platino;231;Telemundo Internacional;SD;Variedades;Si
Ecuador;Abono Mensual;Platino;232;El Gourmet;SD;Variedades;Si
Ecuador;Abono Mensual;Platino;233;Food Network;SD;Variedades;Si
Ecuador;Abono Mensual;Platino;264;MTV;SD;Variedades;Si
Ecuador;Abono Mensual;Platino;269;Quiero Música en Mi Idioma (QMusic);SD;Variedades;Si
Ecuador;Abono Mensual;Platino;270;Mi Gente 3.0;SD;Variedades;No
Ecuador;Abono Mensual;Platino;304;Cartoon Network;SD;Infantil;Si
Ecuador;Abono Mensual;Platino;308;Nickelodeon;SD;Infantil;Si
Ecuador;Abono Mensual;Platino;309;Nick Jr.;SD;Infantil;Si
Ecuador;Abono Mensual;Platino;312;Disney Channel;SD;Infantil;Si
Ecuador;Abono Mensual;Platino;315;Disney Junior;SD;Infantil;Si
Ecuador;Abono Mensual;Platino;317;BabyTV;SD;Infantil;Si
Ecuador;Abono Mensual;Platino;318;Plim Plim;SD;Infantil;Si
Ecuador;Abono Mensual;Platino;319;El Reino Infantil;SD;Infantil;Si
Ecuador;Abono Mensual;Platino;330;Discovery Kids;SD;Infantil;Si
Ecuador;Abono Mensual;Platino;334;Cartoonito;SD;Infantil;Si
Ecuador;Abono Mensual;Platino;350;EWTN;SD;Religioso;Si
Ecuador;Abono Mensual;Platino;351;Canal Orbe 21;SD;Religioso;Si
Ecuador;Abono Mensual;Platino;352;Enlace TBN;SD;Religioso;Si
Ecuador;Abono Mensual;Platino;464;Playboy TV;SD;Adultos;No
Ecuador;Abono Mensual;Platino;468;Venus;SD;Adultos;No
Ecuador;Abono Mensual;Platino;469;XTSY;SD;Adultos;No
Ecuador;Abono Mensual;Platino;470;Hustler;SD;Adultos;No
Ecuador;Abono Mensual;Platino;502;TNT;SD;Cine;Si
Ecuador;Abono Mensual;Platino;503;Golden;SD;Cine;Si
Ecuador;Abono Mensual;Platino;506;Sony Movies;SD;Cine;Si
Ecuador;Abono Mensual;Platino;507;Cinecanal;SD;Cine;Si
Ecuador;Abono Mensual;Platino;508;Studio Universal;SD;Cine;Si
Ecuador;Abono Mensual;Platino;509;Cinemax;SD;Cine;Si
Ecuador;Abono Mensual;Platino;510;Mórbido TV;SD;Cine;Si
Ecuador;Abono Mensual;Platino;513;DHE;SD;Cine;Si
Ecuador;Abono Mensual;Platino;515;Cinema;SD;Cine;No
Ecuador;Abono Mensual;Platino;516;De Película;SD;Cine;Si
Ecuador;Abono Mensual;Platino;517;Golden Edge;SD;Cine;Si
Ecuador;Abono Mensual;Platino;518;Space;SD;Cine;Si
Ecuador;Abono Mensual;Platino;524;HBO Este;SD;Cine;Si
Ecuador;Abono Mensual;Platino;525;HBO 2;SD;Cine;Si
Ecuador;Abono Mensual;Platino;526;HBO Plus Este;SD;Cine;Si
Ecuador;Abono Mensual;Platino;528;HBO Signature;SD;Cine;Si
Ecuador;Abono Mensual;Platino;532;HBO Plus Oeste;SD;Cine;No
Ecuador;Abono Mensual;Platino;534;HBO Family Este;SD;Cine;Si
Ecuador;Abono Mensual;Platino;538;MAX Prime Oeste;SD;Cine;No
Ecuador;Abono Mensual;Platino;540;HBO Mundi;SD;Cine;Si
Ecuador;Abono Mensual;Platino;541;HBO Pop;SD;Cine;Si
Ecuador;Abono Mensual;Platino;542;HBO Xtreme;SD;Cine;Si
Ecuador;Abono Mensual;Platino;571;Universal Premiere Este;SD;Cine;Si
Ecuador;Abono Mensual;Platino;572;Universal Cinema;SD;Cine;Si
Ecuador;Abono Mensual;Platino;573;Universal Comedy;SD;Cine;Si
Ecuador;Abono Mensual;Platino;574;Universal Crime Este;SD;Cine;Si
Ecuador;Abono Mensual;Platino;575;Universal Reality;SD;Cine;Si
Ecuador;Abono Mensual;Platino;576;Universal Premiere Oeste;SD;Cine;Si
Ecuador;Abono Mensual;Platino;577;Universal Cinema Oeste;SD;Cine;Si
Ecuador;Abono Mensual;Platino;610;DSports;SD;Deportes;Si
Ecuador;Abono Mensual;Platino;612;DSports 2;SD;Deportes;Si
Ecuador;Abono Mensual;Platino;613;DSports+;SD;Deportes;Si
Ecuador;Abono Mensual;Platino;616;Liga;SD;Deportes;No
Ecuador;Abono Mensual;Platino;621;ESPN;SD;Deportes;Si
Ecuador;Abono Mensual;Platino;622;ESPN 2;SD;Deportes;Si
Ecuador;Abono Mensual;Platino;623;ESPN 3;SD;Deportes;Si
Ecuador;Abono Mensual;Platino;625;ESPN 5;SD;Deportes;Si
Ecuador;Abono Mensual;Platino;626;ESPN 6;SD;Deportes;Si
Ecuador;Abono Mensual;Platino;627;ESPN 7;SD;Deportes;Si
Ecuador;Abono Mensual;Platino;628;The Golf Channel;SD;Deportes;Si
Ecuador;Abono Mensual;Platino;629;TyC Sports;SD;Deportes;Si
Ecuador;Abono Mensual;Platino;655;El Canal del Futbol;SD;Deportes;No
Ecuador;Abono Mensual;Platino;680;MLB Temporada;SD;Deportes;No
Ecuador;Abono Mensual;Platino;681;MLB Temporada;SD;Deportes;No
Ecuador;Abono Mensual;Platino;683;Dsports Venezuela;SD;Deportes;Si
Ecuador;Abono Mensual;Platino;698;Dsports;SD;Deportes;No
Ecuador;Abono Mensual;Platino;699;DSports Eventos;SD;Deportes;No
Ecuador;Abono Mensual;Platino;700;DNews;SD;Mundo;Si
Ecuador;Abono Mensual;Platino;704;CNN en Español;SD;Mundo;Si
Ecuador;Abono Mensual;Platino;706;CNN International;SD;Mundo;Si
Ecuador;Abono Mensual;Platino;707;CNN Chile;SD;Mundo;Si
Ecuador;Abono Mensual;Platino;708;TVN 24 HORAS;SD;Mundo;Si
Ecuador;Abono Mensual;Platino;710;Bloomberg Television;SD;Mundo;Si
Ecuador;Abono Mensual;Platino;716;Todo Noticias (TN);SD;Mundo;Si
Ecuador;Abono Mensual;Platino;720;Canal 26;SD;Mundo;Si
Ecuador;Abono Mensual;Platino;725;NTN 24;SD;Mundo;Si
Ecuador;Abono Mensual;Platino;727;Cable Noticias;SD;Mundo;Si
Ecuador;Abono Mensual;Platino;730;National Geographic;SD;Mundo;Si
Ecuador;Abono Mensual;Platino;732;Discovery Channel;SD;Mundo;Si
Ecuador;Abono Mensual;Platino;734;Animal Planet;SD;Mundo;Si
Ecuador;Abono Mensual;Platino;736;Discovery Turbo;SD;Mundo;Si
Ecuador;Abono Mensual;Platino;740;Discovery Travel & Living Channel (TLC);SD;Mundo;Si
Ecuador;Abono Mensual;Platino;742;History Channel;SD;Mundo;Si
Ecuador;Abono Mensual;Platino;744;History 2;SD;Mundo;Si
Ecuador;Abono Mensual;Platino;760;Univision;SD;Mundo;Si
Ecuador;Abono Mensual;Platino;762;Antena 3;SD;Mundo;Si
Ecuador;Abono Mensual;Platino;764;France 24 Español;SD;Mundo;Si
Ecuador;Abono Mensual;Platino;766;Rai Italia;SD;Mundo;Si
Ecuador;Abono Mensual;Platino;768;BBC News;SD;Mundo;Si
Ecuador;Abono Mensual;Platino;770;Deutsche Welle (DW) Español;SD;Mundo;Si
Ecuador;Abono Mensual;Platino;772;Caracol Internacional;SD;Mundo;Si
Ecuador;Abono Mensual;Platino;773;El Tiempo TV;SD;Mundo;Si
Ecuador;Abono Mensual;Platino;774;TV Chile;SD;Mundo;Si
Ecuador;Abono Mensual;Platino;775;RCN Nuestra Tele;SD;Mundo;Si
Ecuador;Abono Mensual;Platino;776;TV Globo;SD;Mundo;No
Ecuador;Abono Mensual;Platino;778;RTP Internacional;SD;Mundo;Si
Ecuador;Abono Mensual;Platino;780;ZEE Mundo;SD;Mundo;No
Ecuador;Abono Mensual;Platino;782;NHK World;SD;Mundo;Si
Ecuador;Abono Mensual;Platino;784;El Trece Internacional;SD;Mundo;Si
Ecuador;Abono Mensual;Platino;786;Telefe Internacional;SD;Mundo;Si
Ecuador;Abono Mensual;Platino;790;CGTN;SD;Mundo;Si
Ecuador;Abono Mensual;Platino;901;DSports Radio;Radio;Radio;No
Ecuador;Abono Mensual;Platino;980;Unión Radio Noticias;Radio;Radio;Si
Ecuador;Abono Mensual;Platino;982;Radio Caracol;Radio;Radio;Si
Ecuador;Abono Mensual;Platino;984;Radio France International;Radio;Radio;Si
Ecuador;Abono Mensual;Platino;1105;Gran Hermano - Experiencia Multicámara;HD;Variedades;No
Ecuador;Abono Mensual;Platino;1106;Gran Hermano - 24 hs;HD;Variedades;No
Ecuador;Abono Mensual;Platino;1107;Gran Hermano - Cámara 1;HD;Variedades;No
Ecuador;Abono Mensual;Platino;1108;Gran Hermano - Cámara 2;HD;Variedades;No
Ecuador;Abono Mensual;Platino;1109;Gran Hermano - Cámara 3;HD;Variedades;No
Ecuador;Abono Mensual;Platino;1180;Teleamazonas HD;HD;Nacional;Si
Ecuador;Abono Mensual;Platino;1181;TC Television HD;HD;Nacional;Si
Ecuador;Abono Mensual;Platino;1182;Ecuavisa HD;HD;Nacional;Si
Ecuador;Abono Mensual;Platino;1204;Star Channel HD;HD;Variedades;Si
Ecuador;Abono Mensual;Platino;1206;Warner Channel HD;HD;Variedades;Si
Ecuador;Abono Mensual;Platino;1207;A&E Mundo HD;HD;Variedades;Si
Ecuador;Abono Mensual;Platino;1208;Sony HD;HD;Variedades;Si
Ecuador;Abono Mensual;Platino;1209;AXN HD;HD;Variedades;Si
Ecuador;Abono Mensual;Platino;1210;AMC HD;HD;Variedades;Si
Ecuador;Abono Mensual;Platino;1213;TNT Series HD;HD;Variedades;Si
Ecuador;Abono Mensual;Platino;1214;Atres HD;HD;Variedades;Si
Ecuador;Abono Mensual;Platino;1215;Comedy Central HD;HD;Variedades;Si
Ecuador;Abono Mensual;Platino;1217;FX HD;HD;Variedades;Si
Ecuador;Abono Mensual;Platino;1218;Universal TV HD;HD;Variedades;Si
Ecuador;Abono Mensual;Platino;1219;USA Network HD;HD;Variedades;Si
Ecuador;Abono Mensual;Platino;1221;Hola TV HD;HD;Variedades;Si
Ecuador;Abono Mensual;Platino;1222;E! Entertainment HD;HD;Variedades;Si
Ecuador;Abono Mensual;Platino;1223;Investigation Discovery (ID) HD;HD;Variedades;Si
Ecuador;Abono Mensual;Platino;1228;Lifetime HD;HD;Variedades;Si
Ecuador;Abono Mensual;Platino;1229;Discovery Home & Health;HD;Variedades;Si
Ecuador;Abono Mensual;Platino;1231;Alacocina TV;HD;Variedades;Si
Ecuador;Abono Mensual;Platino;1232;El Gourmet HD;HD;Variedades;Si
Ecuador;Abono Mensual;Platino;1233;Food Network HD;HD;Variedades;Si
Ecuador;Abono Mensual;Platino;1234;HGTV HD;HD;Variedades;Si
Ecuador;Abono Mensual;Platino;1236;VePlus HD;HD;Variedades;Si
Ecuador;Abono Mensual;Platino;1264;MTV HD;HD;Variedades;Si
Ecuador;Abono Mensual;Platino;1265;Music Top HD;HD;Variedades;Si
Ecuador;Abono Mensual;Platino;1266;Tierra Mía HD;HD;Variedades;Si
Ecuador;Abono Mensual;Platino;1270;Latina TV;HD;Variedades;Si
Ecuador;Abono Mensual;Platino;1273;INTI Network HD;HD;Variedades;Si
Ecuador;Abono Mensual;Platino;1304;Cartoon Network HD;HD;Infantil;Si
Ecuador;Abono Mensual;Platino;1308;Nickelodeon HD;HD;Infantil;Si
Ecuador;Abono Mensual;Platino;1309;Nick Jr. HD;HD;Infantil;Si
Ecuador;Abono Mensual;Platino;1312;Disney Channel HD;HD;Infantil;Si
Ecuador;Abono Mensual;Platino;1315;Disney Junior HD;HD;Infantil;Si
Ecuador;Abono Mensual;Platino;1318;Plim Plim;HD;Infantil;Si
Ecuador;Abono Mensual;Platino;1319;El Reino Infantil;HD;Infantil;Si
Ecuador;Abono Mensual;Platino;1330;Discovery Kids HD;HD;Infantil;Si
Ecuador;Abono Mensual;Platino;1502;TNT HD;HD;Cine;Si
Ecuador;Abono Mensual;Platino;1503;Golden HD;HD;Cine;Si
Ecuador;Abono Mensual;Platino;1506;Sony Movies;HD;Cine;Si
Ecuador;Abono Mensual;Platino;1507;Cinecanal HD;HD;Cine;Si
Ecuador;Abono Mensual;Platino;1508;Studio Universal HD;HD;Cine;Si
Ecuador;Abono Mensual;Platino;1509;Cinemax HD;HD;Cine;Si
Ecuador;Abono Mensual;Platino;1510;Mórbido TV;HD;Cine;Si
Ecuador;Abono Mensual;Platino;1513;DHE HD;HD;Cine;Si
Ecuador;Abono Mensual;Platino;1518;Space HD;HD;Cine;Si
Ecuador;Abono Mensual;Platino;1524;HBO HD;HD;Cine;Si
Ecuador;Abono Mensual;Platino;1525;HBO 2 HD;HD;Cine;Si
Ecuador;Abono Mensual;Platino;1528;HBO Signature HD;HD;Cine;Si
Ecuador;Abono Mensual;Platino;1532;HBO Plus HD;HD;Cine;Si
Ecuador;Abono Mensual;Platino;1534;HBO Family HD;HD;Cine;Si
Ecuador;Abono Mensual;Platino;1542;HBO Xtreme HD;HD;Cine;Si
Ecuador;Abono Mensual;Platino;1571;Universal Premiere Este HD;HD;Cine;Si
Ecuador;Abono Mensual;Platino;1572;Universal Cinema HD;HD;Cine;Si
Ecuador;Abono Mensual;Platino;1573;Universal Comedy HD;HD;Cine;Si
Ecuador;Abono Mensual;Platino;1574;Universal Crime Este HD;HD;Cine;Si
Ecuador;Abono Mensual;Platino;1575;Universal Reality HD;HD;Cine;Si
Ecuador;Abono Mensual;Platino;1576;Universal Premiere Oeste HD;HD;Cine;Si
Ecuador;Abono Mensual;Platino;1577;Universal Cinema Oeste;HD;Cine;Si
Ecuador;Abono Mensual;Platino;1610;DSports HD;HD;Deportes;Si
Ecuador;Abono Mensual;Platino;1612;DSports 2 HD;HD;Deportes;Si
Ecuador;Abono Mensual;Platino;1613;DSports+ HD;HD;Deportes;Si
Ecuador;Abono Mensual;Platino;1621;ESPN HD;HD;Deportes;Si
Ecuador;Abono Mensual;Platino;1622;ESPN 2 HD;HD;Deportes;Si
Ecuador;Abono Mensual;Platino;1623;ESPN 3 HD;HD;Deportes;Si
Ecuador;Abono Mensual;Platino;1624;ESPN 4 HD;HD;Deportes;Si
Ecuador;Abono Mensual;Platino;1625;ESPN 5 HD;HD;Deportes;Si
Ecuador;Abono Mensual;Platino;1626;ESPN 6 HD;HD;Deportes;Si
Ecuador;Abono Mensual;Platino;1627;ESPN 7 HD;HD;Deportes;Si
Ecuador;Abono Mensual;Platino;1628;Golf Channel HD;HD;Deportes;Si
Ecuador;Abono Mensual;Platino;1639;PX Sports;HD;Deportes;Si
Ecuador;Abono Mensual;Platino;1655;El Canal del Futbol;HD;Deportes;No
Ecuador;Abono Mensual;Platino;1698;Dsports;HD;Deportes;No
Ecuador;Abono Mensual;Platino;1699;DSports Eventos;HD;Deportes;No
Ecuador;Abono Mensual;Platino;1700;DNews HD;HD;Mundo;Si
Ecuador;Abono Mensual;Platino;1727;Cable Noticias HD;HD;Mundo;Si
Ecuador;Abono Mensual;Platino;1730;National Geographic HD;HD;Mundo;Si
Ecuador;Abono Mensual;Platino;1731;Discovery Theater HD;HD;Mundo;Si
Ecuador;Abono Mensual;Platino;1732;Discovery Channel HD;HD;Mundo;Si
Ecuador;Abono Mensual;Platino;1734;Animal Planet HD;HD;Mundo;Si
Ecuador;Abono Mensual;Platino;1738;Discovery World HD;HD;Mundo;Si
Ecuador;Abono Mensual;Platino;1740;Discovery Travel & Living Channel (TLC) HD;HD;Mundo;Si
Ecuador;Abono Mensual;Platino;1742;History HD;HD;Mundo;Si
Ecuador;Abono Mensual;Platino;1744;History 2 HD;HD;Mundo;Si
Ecuador;Abono Mensual;Platino;1750;Encuentro;HD;Variedades;Si
Ecuador;Abono Mensual;Platino;1762;Antena 3 HD;HD;Mundo;Si
Ecuador;Abono Mensual;Platino;1764;France 24 Español;HD;Mundo;Si
Ecuador;Abono Mensual;Platino;4000;Directv 4K;4K;4K;No
Ecuador;Abono Mensual;Platino 4K;142;Telecaribe;SD;Mundo;Si
Ecuador;Abono Mensual;Platino 4K;148;Canal TRO;SD;Mundo;Si
Ecuador;Abono Mensual;Platino 4K;151;Telemedellin;SD;Mundo;Si
Ecuador;Abono Mensual;Platino 4K;170;TV Familia;SD;Religioso;Si
Ecuador;Abono Mensual;Platino 4K;177;RTU;SD;Nacional;Si
Ecuador;Abono Mensual;Platino 4K;178;Redonda TV;SD;Variedades;Si
Ecuador;Abono Mensual;Platino 4K;179;Teleamazonas Guayaquil;SD;Nacional;Si
Ecuador;Abono Mensual;Platino 4K;180;Teleamazonas;SD;Nacional;Si
Ecuador;Abono Mensual;Platino 4K;181;TC Television;SD;Nacional;Si
Ecuador;Abono Mensual;Platino 4K;182;Ecuavisa;SD;Nacional;Si
Ecuador;Abono Mensual;Platino 4K;183;Gama TV;SD;Nacional;Si
Ecuador;Abono Mensual;Platino 4K;184;Ecuavisa;SD;Nacional;No
Ecuador;Abono Mensual;Platino 4K;185;RTS;SD;Nacional;Si
Ecuador;Abono Mensual;Platino 4K;187;Ecuador TV;SD;Nacional;Si
Ecuador;Abono Mensual;Platino 4K;188;Telerama;SD;Nacional;Si
Ecuador;Abono Mensual;Platino 4K;190;Oro Mar TV;SD;Nacional;Si
Ecuador;Abono Mensual;Platino 4K;192;Televicentro;SD;Nacional;Si
Ecuador;Abono Mensual;Platino 4K;194;Manavision;SD;Nacional;Si
Ecuador;Abono Mensual;Platino 4K;202;Star Channel;SD;Variedades;Si
Ecuador;Abono Mensual;Platino 4K;206;Warner Channel;SD;Variedades;Si
Ecuador;Abono Mensual;Platino 4K;207;A&E;SD;Variedades;Si
Ecuador;Abono Mensual;Platino 4K;208;Sony;SD;Variedades;Si
Ecuador;Abono Mensual;Platino 4K;209;AXN;SD;Variedades;Si
Ecuador;Abono Mensual;Platino 4K;210;AMC;SD;Variedades;Si
Ecuador;Abono Mensual;Platino 4K;213;TNT Series;SD;Variedades;Si
Ecuador;Abono Mensual;Platino 4K;214;Atres Series;SD;Variedades;Si
Ecuador;Abono Mensual;Platino 4K;215;Comedy Central;SD;Variedades;Si
Ecuador;Abono Mensual;Platino 4K;216;TNT Novelas;SD;Variedades;Si
Ecuador;Abono Mensual;Platino 4K;217;FX;SD;Variedades;Si
Ecuador;Abono Mensual;Platino 4K;218;Universal TV;SD;Variedades;Si
Ecuador;Abono Mensual;Platino 4K;219;USA Network;SD;Variedades;Si
Ecuador;Abono Mensual;Platino 4K;220;Adult Swim;SD;Variedades;Si
Ecuador;Abono Mensual;Platino 4K;221;¡Hola! TV;SD;Variedades;Si
Ecuador;Abono Mensual;Platino 4K;222;E! Entertainment;SD;Variedades;Si
Ecuador;Abono Mensual;Platino 4K;223;Investigation Discovery (ID);SD;Variedades;Si
Ecuador;Abono Mensual;Platino 4K;226;El Canal de las Estrellas;SD;Variedades;Si
Ecuador;Abono Mensual;Platino 4K;227;TLnovelas;SD;Variedades;Si
Ecuador;Abono Mensual;Platino 4K;228;Lifetime;SD;Variedades;Si
Ecuador;Abono Mensual;Platino 4K;229;Discovery Home & Health;SD;Variedades;Si
Ecuador;Abono Mensual;Platino 4K;230;Más Chic;SD;Variedades;Si
Ecuador;Abono Mensual;Platino 4K;231;Telemundo Internacional;SD;Variedades;Si
Ecuador;Abono Mensual;Platino 4K;232;El Gourmet;SD;Variedades;Si
Ecuador;Abono Mensual;Platino 4K;233;Food Network;SD;Variedades;Si
Ecuador;Abono Mensual;Platino 4K;264;MTV;SD;Variedades;Si
Ecuador;Abono Mensual;Platino 4K;269;Quiero Música en Mi Idioma (QMusic);SD;Variedades;Si
Ecuador;Abono Mensual;Platino 4K;270;Mi Gente 3.0;SD;Variedades;No
Ecuador;Abono Mensual;Platino 4K;304;Cartoon Network;SD;Infantil;Si
Ecuador;Abono Mensual;Platino 4K;308;Nickelodeon;SD;Infantil;Si
Ecuador;Abono Mensual;Platino 4K;309;Nick Jr.;SD;Infantil;Si
Ecuador;Abono Mensual;Platino 4K;312;Disney Channel;SD;Infantil;Si
Ecuador;Abono Mensual;Platino 4K;315;Disney Junior;SD;Infantil;Si
Ecuador;Abono Mensual;Platino 4K;317;BabyTV;SD;Infantil;No
Ecuador;Abono Mensual;Platino 4K;318;Plim Plim;SD;Infantil;Si
Ecuador;Abono Mensual;Platino 4K;319;El Reino Infantil;SD;Infantil;Si
Ecuador;Abono Mensual;Platino 4K;330;Discovery Kids;SD;Infantil;Si
Ecuador;Abono Mensual;Platino 4K;334;Cartoonito;SD;Infantil;Si
Ecuador;Abono Mensual;Platino 4K;350;EWTN;SD;Religioso;Si
Ecuador;Abono Mensual;Platino 4K;351;Canal Orbe 21;SD;Religioso;Si
Ecuador;Abono Mensual;Platino 4K;352;Enlace TBN;SD;Religioso;Si
Ecuador;Abono Mensual;Platino 4K;464;Playboy TV;SD;Adultos;No
Ecuador;Abono Mensual;Platino 4K;468;Venus;SD;Adultos;No
Ecuador;Abono Mensual;Platino 4K;469;XTSY;SD;Adultos;No
Ecuador;Abono Mensual;Platino 4K;470;Hustler;SD;Adultos;No
Ecuador;Abono Mensual;Platino 4K;502;TNT;SD;Cine;Si
Ecuador;Abono Mensual;Platino 4K;503;Golden;SD;Cine;Si
Ecuador;Abono Mensual;Platino 4K;506;Sony Movies;SD;Cine;Si
Ecuador;Abono Mensual;Platino 4K;507;Cinecanal;SD;Cine;Si
Ecuador;Abono Mensual;Platino 4K;508;Studio Universal;SD;Cine;Si
Ecuador;Abono Mensual;Platino 4K;509;Cinemax;SD;Cine;Si
Ecuador;Abono Mensual;Platino 4K;510;Mórbido TV;SD;Cine;Si
Ecuador;Abono Mensual;Platino 4K;513;DHE;SD;Cine;Si
Ecuador;Abono Mensual;Platino 4K;515;Cinema;SD;Cine;No
Ecuador;Abono Mensual;Platino 4K;516;De Película;SD;Cine;Si
Ecuador;Abono Mensual;Platino 4K;517;Golden Edge;SD;Cine;Si
Ecuador;Abono Mensual;Platino 4K;518;Space;SD;Cine;Si
Ecuador;Abono Mensual;Platino 4K;524;HBO Este;SD;Cine;Si
Ecuador;Abono Mensual;Platino 4K;525;HBO 2;SD;Cine;Si
Ecuador;Abono Mensual;Platino 4K;526;HBO Plus Este;SD;Cine;Si
Ecuador;Abono Mensual;Platino 4K;528;HBO Signature;SD;Cine;Si
Ecuador;Abono Mensual;Platino 4K;532;HBO Plus Oeste;SD;Cine;No
Ecuador;Abono Mensual;Platino 4K;534;HBO Family Este;SD;Cine;Si
Ecuador;Abono Mensual;Platino 4K;538;MAX Prime Oeste;SD;Cine;No
Ecuador;Abono Mensual;Platino 4K;540;HBO Mundi;SD;Cine;Si
Ecuador;Abono Mensual;Platino 4K;541;HBO Pop;SD;Cine;Si
Ecuador;Abono Mensual;Platino 4K;542;HBO Xtreme;SD;Cine;Si
Ecuador;Abono Mensual;Platino 4K;571;Universal Premiere Este;SD;Cine;Si
Ecuador;Abono Mensual;Platino 4K;572;Universal Cinema;SD;Cine;Si
Ecuador;Abono Mensual;Platino 4K;573;Universal Comedy;SD;Cine;Si
Ecuador;Abono Mensual;Platino 4K;574;Universal Crime Este;SD;Cine;Si
Ecuador;Abono Mensual;Platino 4K;575;Universal Reality;SD;Cine;Si
Ecuador;Abono Mensual;Platino 4K;576;Universal Premiere Oeste;SD;Cine;Si
Ecuador;Abono Mensual;Platino 4K;577;Universal Cinema Oeste;SD;Cine;Si
Ecuador;Abono Mensual;Platino 4K;610;DSports;SD;Deportes;Si
Ecuador;Abono Mensual;Platino 4K;612;DSports 2;SD;Deportes;Si
Ecuador;Abono Mensual;Platino 4K;613;DSports+;SD;Deportes;Si
Ecuador;Abono Mensual;Platino 4K;616;Liga;SD;Deportes;No
Ecuador;Abono Mensual;Platino 4K;621;ESPN;SD;Deportes;Si
Ecuador;Abono Mensual;Platino 4K;622;ESPN 2;SD;Deportes;Si
Ecuador;Abono Mensual;Platino 4K;623;ESPN 3;SD;Deportes;Si
Ecuador;Abono Mensual;Platino 4K;625;ESPN 5;SD;Deportes;Si
Ecuador;Abono Mensual;Platino 4K;626;ESPN 6;SD;Deportes;Si
Ecuador;Abono Mensual;Platino 4K;627;ESPN 7;SD;Deportes;Si
Ecuador;Abono Mensual;Platino 4K;628;The Golf Channel;SD;Deportes;Si
Ecuador;Abono Mensual;Platino 4K;629;TyC Sports;SD;Deportes;Si
Ecuador;Abono Mensual;Platino 4K;655;El Canal del Futbol;SD;Deportes;No
Ecuador;Abono Mensual;Platino 4K;680;MLB Temporada;SD;Deportes;No
Ecuador;Abono Mensual;Platino 4K;681;MLB Temporada;SD;Deportes;No
Ecuador;Abono Mensual;Platino 4K;683;Dsports Venezuela;SD;Deportes;Si
Ecuador;Abono Mensual;Platino 4K;698;Dsports;SD;Deportes;No
Ecuador;Abono Mensual;Platino 4K;699;DSports Eventos;SD;Deportes;No
Ecuador;Abono Mensual;Platino 4K;700;DNews;SD;Mundo;Si
Ecuador;Abono Mensual;Platino 4K;704;CNN en Español;SD;Mundo;Si
Ecuador;Abono Mensual;Platino 4K;706;CNN International;SD;Mundo;Si
Ecuador;Abono Mensual;Platino 4K;707;CNN Chile;SD;Mundo;Si
Ecuador;Abono Mensual;Platino 4K;708;TVN 24 HORAS;SD;Mundo;Si
Ecuador;Abono Mensual;Platino 4K;710;Bloomberg Television;SD;Mundo;Si
Ecuador;Abono Mensual;Platino 4K;716;Todo Noticias (TN);SD;Mundo;Si
Ecuador;Abono Mensual;Platino 4K;720;Canal 26;SD;Mundo;Si
Ecuador;Abono Mensual;Platino 4K;725;NTN 24;SD;Mundo;Si
Ecuador;Abono Mensual;Platino 4K;727;Cable Noticias;SD;Mundo;Si
Ecuador;Abono Mensual;Platino 4K;730;National Geographic;SD;Mundo;Si
Ecuador;Abono Mensual;Platino 4K;732;Discovery Channel;SD;Mundo;Si
Ecuador;Abono Mensual;Platino 4K;734;Animal Planet;SD;Mundo;Si
Ecuador;Abono Mensual;Platino 4K;736;Discovery Turbo;SD;Mundo;Si
Ecuador;Abono Mensual;Platino 4K;740;Discovery Travel & Living Channel (TLC);SD;Mundo;Si
Ecuador;Abono Mensual;Platino 4K;742;History Channel;SD;Mundo;Si
Ecuador;Abono Mensual;Platino 4K;744;History 2;SD;Mundo;Si
Ecuador;Abono Mensual;Platino 4K;760;Univision;SD;Mundo;Si
Ecuador;Abono Mensual;Platino 4K;762;Antena 3;SD;Mundo;Si
Ecuador;Abono Mensual;Platino 4K;764;France 24 Español;SD;Mundo;Si
Ecuador;Abono Mensual;Platino 4K;766;Rai Italia;SD;Mundo;Si
Ecuador;Abono Mensual;Platino 4K;768;BBC News;SD;Mundo;Si
Ecuador;Abono Mensual;Platino 4K;770;Deutsche Welle (DW) Español;SD;Mundo;Si
Ecuador;Abono Mensual;Platino 4K;772;Caracol Internacional;SD;Mundo;Si
Ecuador;Abono Mensual;Platino 4K;773;El Tiempo TV;SD;Mundo;Si
Ecuador;Abono Mensual;Platino 4K;774;TV Chile;SD;Mundo;Si
Ecuador;Abono Mensual;Platino 4K;775;RCN Nuestra Tele;SD;Mundo;Si
Ecuador;Abono Mensual;Platino 4K;776;TV Globo;SD;Mundo;No
Ecuador;Abono Mensual;Platino 4K;778;RTP Internacional;SD;Mundo;Si
Ecuador;Abono Mensual;Platino 4K;780;ZEE Mundo;SD;Mundo;No
Ecuador;Abono Mensual;Platino 4K;782;NHK World;SD;Mundo;Si
Ecuador;Abono Mensual;Platino 4K;784;El Trece Internacional;SD;Mundo;Si
Ecuador;Abono Mensual;Platino 4K;786;Telefe Internacional;SD;Mundo;Si
Ecuador;Abono Mensual;Platino 4K;790;CGTN;SD;Mundo;Si
Ecuador;Abono Mensual;Platino 4K;901;DSports Radio;Radio;Radio;No
Ecuador;Abono Mensual;Platino 4K;980;Unión Radio Noticias;Radio;Radio;Si
Ecuador;Abono Mensual;Platino 4K;982;Radio Caracol;Radio;Radio;Si
Ecuador;Abono Mensual;Platino 4K;984;Radio France International;Radio;Radio;Si
Ecuador;Abono Mensual;Platino 4K;1105;Gran Hermano - Experiencia Multicámara;HD;Variedades;No
Ecuador;Abono Mensual;Platino 4K;1106;Gran Hermano - 24 hs;HD;Variedades;No
Ecuador;Abono Mensual;Platino 4K;1107;Gran Hermano - Cámara 1;HD;Variedades;No
Ecuador;Abono Mensual;Platino 4K;1108;Gran Hermano - Cámara 2;HD;Variedades;No
Ecuador;Abono Mensual;Platino 4K;1109;Gran Hermano - Cámara 3;HD;Variedades;No
Ecuador;Abono Mensual;Platino 4K;1180;Teleamazonas HD;HD;Nacional;Si
Ecuador;Abono Mensual;Platino 4K;1181;TC Television HD;HD;Nacional;Si
Ecuador;Abono Mensual;Platino 4K;1182;Ecuavisa HD;HD;Nacional;Si
Ecuador;Abono Mensual;Platino 4K;1204;Star Channel HD;HD;Variedades;Si
Ecuador;Abono Mensual;Platino 4K;1206;Warner Channel HD;HD;Variedades;Si
Ecuador;Abono Mensual;Platino 4K;1207;A&E Mundo HD;HD;Variedades;Si
Ecuador;Abono Mensual;Platino 4K;1208;Sony HD;HD;Variedades;Si
Ecuador;Abono Mensual;Platino 4K;1209;AXN HD;HD;Variedades;Si
Ecuador;Abono Mensual;Platino 4K;1210;AMC HD;HD;Variedades;Si
Ecuador;Abono Mensual;Platino 4K;1213;TNT Series HD;HD;Variedades;Si
Ecuador;Abono Mensual;Platino 4K;1214;Atres HD;HD;Variedades;Si
Ecuador;Abono Mensual;Platino 4K;1215;Comedy Central HD;HD;Variedades;Si
Ecuador;Abono Mensual;Platino 4K;1217;FX HD;HD;Variedades;Si
Ecuador;Abono Mensual;Platino 4K;1218;Universal TV HD;HD;Variedades;Si
Ecuador;Abono Mensual;Platino 4K;1219;USA Network HD;HD;Variedades;Si
Ecuador;Abono Mensual;Platino 4K;1221;Hola TV HD;HD;Variedades;Si
Ecuador;Abono Mensual;Platino 4K;1222;E! Entertainment HD;HD;Variedades;Si
Ecuador;Abono Mensual;Platino 4K;1223;Investigation Discovery (ID) HD;HD;Variedades;Si
Ecuador;Abono Mensual;Platino 4K;1228;Lifetime HD;HD;Variedades;Si
Ecuador;Abono Mensual;Platino 4K;1229;Discovery Home & Health;HD;Variedades;Si
Ecuador;Abono Mensual;Platino 4K;1231;Alacocina TV;HD;Variedades;Si
Ecuador;Abono Mensual;Platino 4K;1232;El Gourmet HD;HD;Variedades;Si
Ecuador;Abono Mensual;Platino 4K;1233;Food Network HD;HD;Variedades;Si
Ecuador;Abono Mensual;Platino 4K;1234;HGTV HD;HD;Variedades;Si
Ecuador;Abono Mensual;Platino 4K;1236;VePlus HD;HD;Variedades;Si
Ecuador;Abono Mensual;Platino 4K;1264;MTV HD;HD;Variedades;Si
Ecuador;Abono Mensual;Platino 4K;1265;Music Top HD;HD;Variedades;Si
Ecuador;Abono Mensual;Platino 4K;1266;Tierra Mía HD;HD;Variedades;Si
Ecuador;Abono Mensual;Platino 4K;1270;Latina TV;HD;Variedades;Si
Ecuador;Abono Mensual;Platino 4K;1273;INTI Network HD;HD;Variedades;Si
Ecuador;Abono Mensual;Platino 4K;1304;Cartoon Network HD;HD;Infantil;Si
Ecuador;Abono Mensual;Platino 4K;1308;Nickelodeon HD;HD;Infantil;Si
Ecuador;Abono Mensual;Platino 4K;1309;Nick Jr. HD;HD;Infantil;Si
Ecuador;Abono Mensual;Platino 4K;1312;Disney Channel HD;HD;Infantil;Si
Ecuador;Abono Mensual;Platino 4K;1315;Disney Junior HD;HD;Infantil;Si
Ecuador;Abono Mensual;Platino 4K;1318;Plim Plim;HD;Infantil;No
Ecuador;Abono Mensual;Platino 4K;1319;El Reino Infantil;HD;Infantil;Si
Ecuador;Abono Mensual;Platino 4K;1330;Discovery Kids HD;HD;Infantil;Si
Ecuador;Abono Mensual;Platino 4K;1502;TNT HD;HD;Cine;Si
Ecuador;Abono Mensual;Platino 4K;1503;Golden HD;HD;Cine;Si
Ecuador;Abono Mensual;Platino 4K;1506;Sony Movies;HD;Cine;Si
Ecuador;Abono Mensual;Platino 4K;1507;Cinecanal HD;HD;Cine;Si
Ecuador;Abono Mensual;Platino 4K;1508;Studio Universal HD;HD;Cine;Si
Ecuador;Abono Mensual;Platino 4K;1509;Cinemax HD;HD;Cine;Si
Ecuador;Abono Mensual;Platino 4K;1510;Mórbido TV;HD;Cine;Si
Ecuador;Abono Mensual;Platino 4K;1513;DHE HD;HD;Cine;Si
Ecuador;Abono Mensual;Platino 4K;1518;Space HD;HD;Cine;Si
Ecuador;Abono Mensual;Platino 4K;1524;HBO HD;HD;Cine;Si
Ecuador;Abono Mensual;Platino 4K;1525;HBO 2 HD;HD;Cine;Si
Ecuador;Abono Mensual;Platino 4K;1528;HBO Signature HD;HD;Cine;Si
Ecuador;Abono Mensual;Platino 4K;1532;HBO Plus HD;HD;Cine;No
Ecuador;Abono Mensual;Platino 4K;1534;HBO Family HD;HD;Cine;Si
Ecuador;Abono Mensual;Platino 4K;1542;HBO Xtreme HD;HD;Cine;Si
Ecuador;Abono Mensual;Platino 4K;1571;Universal Premiere Este HD;HD;Cine;Si
Ecuador;Abono Mensual;Platino 4K;1572;Universal Cinema HD;HD;Cine;Si
Ecuador;Abono Mensual;Platino 4K;1573;Universal Comedy HD;HD;Cine;Si
Ecuador;Abono Mensual;Platino 4K;1574;Universal Crime Este HD;HD;Cine;Si
Ecuador;Abono Mensual;Platino 4K;1575;Universal Reality HD;HD;Cine;Si
Ecuador;Abono Mensual;Platino 4K;1576;Universal Premiere Oeste HD;HD;Cine;Si
Ecuador;Abono Mensual;Platino 4K;1577;Universal Cinema Oeste;HD;Cine;Si
Ecuador;Abono Mensual;Platino 4K;1610;DSports HD;HD;Deportes;Si
Ecuador;Abono Mensual;Platino 4K;1612;DSports 2 HD;HD;Deportes;Si
Ecuador;Abono Mensual;Platino 4K;1613;DSports+ HD;HD;Deportes;Si
Ecuador;Abono Mensual;Platino 4K;1621;ESPN HD;HD;Deportes;Si
Ecuador;Abono Mensual;Platino 4K;1622;ESPN 2 HD;HD;Deportes;Si
Ecuador;Abono Mensual;Platino 4K;1623;ESPN 3 HD;HD;Deportes;Si
Ecuador;Abono Mensual;Platino 4K;1624;ESPN 4 HD;HD;Deportes;Si
Ecuador;Abono Mensual;Platino 4K;1625;ESPN 5 HD;HD;Deportes;Si
Ecuador;Abono Mensual;Platino 4K;1626;ESPN 6 HD;HD;Deportes;Si
Ecuador;Abono Mensual;Platino 4K;1627;ESPN 7 HD;HD;Deportes;Si
Ecuador;Abono Mensual;Platino 4K;1628;Golf Channel HD;HD;Deportes;Si
Ecuador;Abono Mensual;Platino 4K;1639;PX Sports;HD;Deportes;Si
Ecuador;Abono Mensual;Platino 4K;1655;El Canal del Futbol;HD;Deportes;No
Ecuador;Abono Mensual;Platino 4K;1698;Dsports;HD;Deportes;No
Ecuador;Abono Mensual;Platino 4K;1699;DSports Eventos;HD;Deportes;No
Ecuador;Abono Mensual;Platino 4K;1700;DNews HD;HD;Mundo;Si
Ecuador;Abono Mensual;Platino 4K;1727;Cable Noticias HD;HD;Mundo;Si
Ecuador;Abono Mensual;Platino 4K;1730;National Geographic HD;HD;Mundo;Si
Ecuador;Abono Mensual;Platino 4K;1731;Discovery Theater HD;HD;Mundo;Si
Ecuador;Abono Mensual;Platino 4K;1732;Discovery Channel HD;HD;Mundo;Si
Ecuador;Abono Mensual;Platino 4K;1734;Animal Planet HD;HD;Mundo;Si
Ecuador;Abono Mensual;Platino 4K;1738;Discovery World HD;HD;Mundo;Si
Ecuador;Abono Mensual;Platino 4K;1740;Discovery Travel & Living Channel (TLC) HD;HD;Mundo;Si
Ecuador;Abono Mensual;Platino 4K;1742;History HD;HD;Mundo;Si
Ecuador;Abono Mensual;Platino 4K;1744;History 2 HD;HD;Mundo;Si
Ecuador;Abono Mensual;Platino 4K;1750;Encuentro;HD;Variedades;Si
Ecuador;Abono Mensual;Platino 4K;1762;Antena 3 HD;HD;Mundo;Si
Ecuador;Abono Mensual;Platino 4K;1764;France 24 Español;HD;Mundo;Si
Ecuador;Abono Mensual;Platino 4K;4000;Directv 4K;4K;4K;Si
Ecuador;Abono Mensual;Directv Basico Lite HD;142;Telecaribe;SD;Mundo;No
Ecuador;Abono Mensual;Directv Basico Lite HD;148;Canal TRO;SD;Mundo;No
Ecuador;Abono Mensual;Directv Basico Lite HD;151;Telemedellin;SD;Mundo;No
Ecuador;Abono Mensual;Directv Basico Lite HD;170;TV Familia;SD;Religioso;No
Ecuador;Abono Mensual;Directv Basico Lite HD;177;RTU;SD;Nacional;Si
Ecuador;Abono Mensual;Directv Basico Lite HD;178;Redonda TV;SD;Variedades;Si
Ecuador;Abono Mensual;Directv Basico Lite HD;179;Teleamazonas Guayaquil;SD;Nacional;Si
Ecuador;Abono Mensual;Directv Basico Lite HD;180;Teleamazonas;SD;Nacional;Si
Ecuador;Abono Mensual;Directv Basico Lite HD;181;TC Television;SD;Nacional;Si
Ecuador;Abono Mensual;Directv Basico Lite HD;182;Ecuavisa;SD;Nacional;Si
Ecuador;Abono Mensual;Directv Basico Lite HD;183;Gama TV;SD;Nacional;Si
Ecuador;Abono Mensual;Directv Basico Lite HD;184;Ecuavisa;SD;Nacional;Si
Ecuador;Abono Mensual;Directv Basico Lite HD;185;RTS;SD;Nacional;Si
Ecuador;Abono Mensual;Directv Basico Lite HD;187;Ecuador TV;SD;Nacional;Si
Ecuador;Abono Mensual;Directv Basico Lite HD;188;Telerama;SD;Nacional;Si
Ecuador;Abono Mensual;Directv Basico Lite HD;190;Oro Mar TV;SD;Nacional;Si
Ecuador;Abono Mensual;Directv Basico Lite HD;192;Televicentro;SD;Nacional;Si
Ecuador;Abono Mensual;Directv Basico Lite HD;194;Manavision;SD;Nacional;Si
Ecuador;Abono Mensual;Directv Basico Lite HD;202;Star Channel;SD;Variedades;Si
Ecuador;Abono Mensual;Directv Basico Lite HD;206;Warner Channel;SD;Variedades;Si
Ecuador;Abono Mensual;Directv Basico Lite HD;207;A&E;SD;Variedades;Si
Ecuador;Abono Mensual;Directv Basico Lite HD;208;Sony;SD;Variedades;Si
Ecuador;Abono Mensual;Directv Basico Lite HD;209;AXN;SD;Variedades;No
Ecuador;Abono Mensual;Directv Basico Lite HD;210;AMC;SD;Variedades;No
Ecuador;Abono Mensual;Directv Basico Lite HD;213;TNT Series;SD;Variedades;No
Ecuador;Abono Mensual;Directv Basico Lite HD;214;Atres Series;SD;Variedades;No
Ecuador;Abono Mensual;Directv Basico Lite HD;215;Comedy Central;SD;Variedades;No
Ecuador;Abono Mensual;Directv Basico Lite HD;216;TNT Novelas;SD;Variedades;No
Ecuador;Abono Mensual;Directv Basico Lite HD;217;FX;SD;Variedades;Si
Ecuador;Abono Mensual;Directv Basico Lite HD;218;Universal TV;SD;Variedades;Si
Ecuador;Abono Mensual;Directv Basico Lite HD;219;USA Network;SD;Variedades;No
Ecuador;Abono Mensual;Directv Basico Lite HD;220;Adult Swim;SD;Variedades;No
Ecuador;Abono Mensual;Directv Basico Lite HD;221;¡Hola! TV;SD;Variedades;No
Ecuador;Abono Mensual;Directv Basico Lite HD;222;E! Entertainment;SD;Variedades;Si
Ecuador;Abono Mensual;Directv Basico Lite HD;223;Investigation Discovery (ID);SD;Variedades;No
Ecuador;Abono Mensual;Directv Basico Lite HD;226;El Canal de las Estrellas;SD;Variedades;No
Ecuador;Abono Mensual;Directv Basico Lite HD;227;TLnovelas;SD;Variedades;No
Ecuador;Abono Mensual;Directv Basico Lite HD;228;Lifetime;SD;Variedades;No
Ecuador;Abono Mensual;Directv Basico Lite HD;229;Discovery Home & Health;SD;Variedades;No
Ecuador;Abono Mensual;Directv Basico Lite HD;230;Más Chic;SD;Variedades;No
Ecuador;Abono Mensual;Directv Basico Lite HD;231;Telemundo Internacional;SD;Variedades;No
Ecuador;Abono Mensual;Directv Basico Lite HD;232;El Gourmet;SD;Variedades;No
Ecuador;Abono Mensual;Directv Basico Lite HD;233;Food Network;SD;Variedades;No
Ecuador;Abono Mensual;Directv Basico Lite HD;264;MTV;SD;Variedades;Si
Ecuador;Abono Mensual;Directv Basico Lite HD;269;Quiero Música en Mi Idioma (QMusic);SD;Variedades;No
Ecuador;Abono Mensual;Directv Basico Lite HD;270;Mi Gente 3.0;SD;Variedades;No
Ecuador;Abono Mensual;Directv Basico Lite HD;304;Cartoon Network;SD;Infantil;Si
Ecuador;Abono Mensual;Directv Basico Lite HD;308;Nickelodeon;SD;Infantil;No
Ecuador;Abono Mensual;Directv Basico Lite HD;309;Nick Jr.;SD;Infantil;No
Ecuador;Abono Mensual;Directv Basico Lite HD;312;Disney Channel;SD;Infantil;Si
Ecuador;Abono Mensual;Directv Basico Lite HD;315;Disney Junior;SD;Infantil;Si
Ecuador;Abono Mensual;Directv Basico Lite HD;317;BabyTV;SD;Infantil;No
Ecuador;Abono Mensual;Directv Basico Lite HD;318;Plim Plim;SD;Infantil;No
Ecuador;Abono Mensual;Directv Basico Lite HD;319;El Reino Infantil;SD;Infantil;Si
Ecuador;Abono Mensual;Directv Basico Lite HD;330;Discovery Kids;SD;Infantil;Si
Ecuador;Abono Mensual;Directv Basico Lite HD;334;Cartoonito;SD;Infantil;No
Ecuador;Abono Mensual;Directv Basico Lite HD;350;EWTN;SD;Religioso;No
Ecuador;Abono Mensual;Directv Basico Lite HD;351;Canal Orbe 21;SD;Religioso;No
Ecuador;Abono Mensual;Directv Basico Lite HD;352;Enlace TBN;SD;Religioso;No
Ecuador;Abono Mensual;Directv Basico Lite HD;464;Playboy TV;SD;Adultos;No
Ecuador;Abono Mensual;Directv Basico Lite HD;468;Venus;SD;Adultos;No
Ecuador;Abono Mensual;Directv Basico Lite HD;469;XTSY;SD;Adultos;No
Ecuador;Abono Mensual;Directv Basico Lite HD;470;Hustler;SD;Adultos;No
Ecuador;Abono Mensual;Directv Basico Lite HD;502;TNT;SD;Cine;Si
Ecuador;Abono Mensual;Directv Basico Lite HD;503;Golden;SD;Cine;No
Ecuador;Abono Mensual;Directv Basico Lite HD;506;Sony Movies;SD;Cine;No
Ecuador;Abono Mensual;Directv Basico Lite HD;507;Cinecanal;SD;Cine;Si
Ecuador;Abono Mensual;Directv Basico Lite HD;508;Studio Universal;SD;Cine;Si
Ecuador;Abono Mensual;Directv Basico Lite HD;509;Cinemax;SD;Cine;No
Ecuador;Abono Mensual;Directv Basico Lite HD;510;Mórbido TV;SD;Cine;No
Ecuador;Abono Mensual;Directv Basico Lite HD;513;DHE;SD;Cine;No
Ecuador;Abono Mensual;Directv Basico Lite HD;515;Cinema;SD;Cine;No
Ecuador;Abono Mensual;Directv Basico Lite HD;516;De Película;SD;Cine;No
Ecuador;Abono Mensual;Directv Basico Lite HD;517;Golden Edge;SD;Cine;No
Ecuador;Abono Mensual;Directv Basico Lite HD;518;Space;SD;Cine;Si
Ecuador;Abono Mensual;Directv Basico Lite HD;524;HBO Este;SD;Cine;No
Ecuador;Abono Mensual;Directv Basico Lite HD;525;HBO 2;SD;Cine;No
Ecuador;Abono Mensual;Directv Basico Lite HD;526;HBO Plus Este;SD;Cine;No
Ecuador;Abono Mensual;Directv Basico Lite HD;528;HBO Signature;SD;Cine;No
Ecuador;Abono Mensual;Directv Basico Lite HD;532;HBO Plus Oeste;SD;Cine;No
Ecuador;Abono Mensual;Directv Basico Lite HD;534;HBO Family Este;SD;Cine;No
Ecuador;Abono Mensual;Directv Basico Lite HD;538;MAX Prime Oeste;SD;Cine;No
Ecuador;Abono Mensual;Directv Basico Lite HD;540;HBO Mundi;SD;Cine;No
Ecuador;Abono Mensual;Directv Basico Lite HD;541;HBO Pop;SD;Cine;No
Ecuador;Abono Mensual;Directv Basico Lite HD;542;HBO Xtreme;SD;Cine;No
Ecuador;Abono Mensual;Directv Basico Lite HD;571;Universal Premiere Este;SD;Cine;No
Ecuador;Abono Mensual;Directv Basico Lite HD;572;Universal Cinema;SD;Cine;No
Ecuador;Abono Mensual;Directv Basico Lite HD;573;Universal Comedy;SD;Cine;No
Ecuador;Abono Mensual;Directv Basico Lite HD;574;Universal Crime Este;SD;Cine;No
Ecuador;Abono Mensual;Directv Basico Lite HD;575;Universal Reality;SD;Cine;No
Ecuador;Abono Mensual;Directv Basico Lite HD;576;Universal Premiere Oeste;SD;Cine;No
Ecuador;Abono Mensual;Directv Basico Lite HD;577;Universal Cinema Oeste;SD;Cine;No
Ecuador;Abono Mensual;Directv Basico Lite HD;610;DSports;SD;Deportes;No
Ecuador;Abono Mensual;Directv Basico Lite HD;612;DSports 2;SD;Deportes;No
Ecuador;Abono Mensual;Directv Basico Lite HD;613;DSports+;SD;Deportes;No
Ecuador;Abono Mensual;Directv Basico Lite HD;616;Liga;SD;Deportes;No
Ecuador;Abono Mensual;Directv Basico Lite HD;621;ESPN;SD;Deportes;Si
Ecuador;Abono Mensual;Directv Basico Lite HD;622;ESPN 2;SD;Deportes;Si
Ecuador;Abono Mensual;Directv Basico Lite HD;623;ESPN 3;SD;Deportes;Si
Ecuador;Abono Mensual;Directv Basico Lite HD;625;ESPN 5;SD;Deportes;Si
Ecuador;Abono Mensual;Directv Basico Lite HD;626;ESPN 6;SD;Deportes;Si
Ecuador;Abono Mensual;Directv Basico Lite HD;627;ESPN 7;SD;Deportes;No
Ecuador;Abono Mensual;Directv Basico Lite HD;628;The Golf Channel;SD;Deportes;No
Ecuador;Abono Mensual;Directv Basico Lite HD;629;TyC Sports;SD;Deportes;No
Ecuador;Abono Mensual;Directv Basico Lite HD;655;El Canal del Futbol;SD;Deportes;No
Ecuador;Abono Mensual;Directv Basico Lite HD;680;MLB Temporada;SD;Deportes;No
Ecuador;Abono Mensual;Directv Basico Lite HD;681;MLB Temporada;SD;Deportes;No
Ecuador;Abono Mensual;Directv Basico Lite HD;683;Dsports Venezuela;SD;Deportes;No
Ecuador;Abono Mensual;Directv Basico Lite HD;698;Dsports;SD;Deportes;No
Ecuador;Abono Mensual;Directv Basico Lite HD;699;DSports Eventos;SD;Deportes;No
Ecuador;Abono Mensual;Directv Basico Lite HD;700;DNews;SD;Mundo;No
Ecuador;Abono Mensual;Directv Basico Lite HD;704;CNN en Español;SD;Mundo;Si
Ecuador;Abono Mensual;Directv Basico Lite HD;706;CNN International;SD;Mundo;No
Ecuador;Abono Mensual;Directv Basico Lite HD;707;CNN Chile;SD;Mundo;No
Ecuador;Abono Mensual;Directv Basico Lite HD;708;TVN 24 HORAS;SD;Mundo;No
Ecuador;Abono Mensual;Directv Basico Lite HD;710;Bloomberg Television;SD;Mundo;No
Ecuador;Abono Mensual;Directv Basico Lite HD;716;Todo Noticias (TN);SD;Mundo;No
Ecuador;Abono Mensual;Directv Basico Lite HD;720;Canal 26;SD;Mundo;No
Ecuador;Abono Mensual;Directv Basico Lite HD;725;NTN 24;SD;Mundo;No
Ecuador;Abono Mensual;Directv Basico Lite HD;727;Cable Noticias;SD;Mundo;No
Ecuador;Abono Mensual;Directv Basico Lite HD;730;National Geographic;SD;Mundo;Si
Ecuador;Abono Mensual;Directv Basico Lite HD;732;Discovery Channel;SD;Mundo;Si
Ecuador;Abono Mensual;Directv Basico Lite HD;734;Animal Planet;SD;Mundo;Si
Ecuador;Abono Mensual;Directv Basico Lite HD;736;Discovery Turbo;SD;Mundo;No
Ecuador;Abono Mensual;Directv Basico Lite HD;740;Discovery Travel & Living Channel (TLC);SD;Mundo;No
Ecuador;Abono Mensual;Directv Basico Lite HD;742;History Channel;SD;Mundo;No
Ecuador;Abono Mensual;Directv Basico Lite HD;744;History 2;SD;Mundo;No
Ecuador;Abono Mensual;Directv Basico Lite HD;760;Univision;SD;Mundo;No
Ecuador;Abono Mensual;Directv Basico Lite HD;762;Antena 3;SD;Mundo;No
Ecuador;Abono Mensual;Directv Basico Lite HD;764;France 24 Español;SD;Mundo;No
Ecuador;Abono Mensual;Directv Basico Lite HD;766;Rai Italia;SD;Mundo;No
Ecuador;Abono Mensual;Directv Basico Lite HD;768;BBC News;SD;Mundo;No
Ecuador;Abono Mensual;Directv Basico Lite HD;770;Deutsche Welle (DW) Español;SD;Mundo;No
Ecuador;Abono Mensual;Directv Basico Lite HD;772;Caracol Internacional;SD;Mundo;No
Ecuador;Abono Mensual;Directv Basico Lite HD;773;El Tiempo TV;SD;Mundo;No
Ecuador;Abono Mensual;Directv Basico Lite HD;774;TV Chile;SD;Mundo;No
Ecuador;Abono Mensual;Directv Basico Lite HD;775;RCN Nuestra Tele;SD;Mundo;No
Ecuador;Abono Mensual;Directv Basico Lite HD;776;TV Globo;SD;Mundo;No
Ecuador;Abono Mensual;Directv Basico Lite HD;778;RTP Internacional;SD;Mundo;No
Ecuador;Abono Mensual;Directv Basico Lite HD;780;ZEE Mundo;SD;Mundo;No
Ecuador;Abono Mensual;Directv Basico Lite HD;782;NHK World;SD;Mundo;No
Ecuador;Abono Mensual;Directv Basico Lite HD;784;El Trece Internacional;SD;Mundo;No
Ecuador;Abono Mensual;Directv Basico Lite HD;786;Telefe Internacional;SD;Mundo;No
Ecuador;Abono Mensual;Directv Basico Lite HD;790;CGTN;SD;Mundo;No
Ecuador;Abono Mensual;Directv Basico Lite HD;901;DSports Radio;Radio;Radio;No
Ecuador;Abono Mensual;Directv Basico Lite HD;980;Unión Radio Noticias;Radio;Radio;No
Ecuador;Abono Mensual;Directv Basico Lite HD;982;Radio Caracol;Radio;Radio;No
Ecuador;Abono Mensual;Directv Basico Lite HD;984;Radio France International;Radio;Radio;No
Ecuador;Abono Mensual;Directv Basico Lite HD;1105;Gran Hermano - Experiencia Multicámara;HD;Variedades;No
Ecuador;Abono Mensual;Directv Basico Lite HD;1106;Gran Hermano - 24 hs;HD;Variedades;No
Ecuador;Abono Mensual;Directv Basico Lite HD;1107;Gran Hermano - Cámara 1;HD;Variedades;No
Ecuador;Abono Mensual;Directv Basico Lite HD;1108;Gran Hermano - Cámara 2;HD;Variedades;No
Ecuador;Abono Mensual;Directv Basico Lite HD;1109;Gran Hermano - Cámara 3;HD;Variedades;No
Ecuador;Abono Mensual;Directv Basico Lite HD;1180;Teleamazonas HD;HD;Nacional;Si
Ecuador;Abono Mensual;Directv Basico Lite HD;1181;TC Television HD;HD;Nacional;Si
Ecuador;Abono Mensual;Directv Basico Lite HD;1182;Ecuavisa HD;HD;Nacional;Si
Ecuador;Abono Mensual;Directv Basico Lite HD;1204;Star Channel HD;HD;Variedades;Si
Ecuador;Abono Mensual;Directv Basico Lite HD;1206;Warner Channel HD;HD;Variedades;Si
Ecuador;Abono Mensual;Directv Basico Lite HD;1207;A&E Mundo HD;HD;Variedades;Si
Ecuador;Abono Mensual;Directv Basico Lite HD;1208;Sony HD;HD;Variedades;Si
Ecuador;Abono Mensual;Directv Basico Lite HD;1209;AXN HD;HD;Variedades;No
Ecuador;Abono Mensual;Directv Basico Lite HD;1210;AMC HD;HD;Variedades;No
Ecuador;Abono Mensual;Directv Basico Lite HD;1213;TNT Series HD;HD;Variedades;No
Ecuador;Abono Mensual;Directv Basico Lite HD;1214;Atres HD;HD;Variedades;No
Ecuador;Abono Mensual;Directv Basico Lite HD;1215;Comedy Central HD;HD;Variedades;No
Ecuador;Abono Mensual;Directv Basico Lite HD;1217;FX HD;HD;Variedades;Si
Ecuador;Abono Mensual;Directv Basico Lite HD;1218;Universal TV HD;HD;Variedades;Si
Ecuador;Abono Mensual;Directv Basico Lite HD;1219;USA Network HD;HD;Variedades;No
Ecuador;Abono Mensual;Directv Basico Lite HD;1221;Hola TV HD;HD;Variedades;No
Ecuador;Abono Mensual;Directv Basico Lite HD;1222;E! Entertainment HD;HD;Variedades;Si
Ecuador;Abono Mensual;Directv Basico Lite HD;1223;Investigation Discovery (ID) HD;HD;Variedades;No
Ecuador;Abono Mensual;Directv Basico Lite HD;1228;Lifetime HD;HD;Variedades;No
Ecuador;Abono Mensual;Directv Basico Lite HD;1229;Discovery Home & Health;HD;Variedades;No
Ecuador;Abono Mensual;Directv Basico Lite HD;1231;Alacocina TV;HD;Variedades;Si
Ecuador;Abono Mensual;Directv Basico Lite HD;1232;El Gourmet HD;HD;Variedades;No
Ecuador;Abono Mensual;Directv Basico Lite HD;1233;Food Network HD;HD;Variedades;No
Ecuador;Abono Mensual;Directv Basico Lite HD;1234;HGTV HD;HD;Variedades;No
Ecuador;Abono Mensual;Directv Basico Lite HD;1236;VePlus HD;HD;Variedades;No
Ecuador;Abono Mensual;Directv Basico Lite HD;1264;MTV HD;HD;Variedades;Si
Ecuador;Abono Mensual;Directv Basico Lite HD;1265;Music Top HD;HD;Variedades;No
Ecuador;Abono Mensual;Directv Basico Lite HD;1266;Tierra Mía HD;HD;Variedades;No
Ecuador;Abono Mensual;Directv Basico Lite HD;1270;Latina TV;HD;Variedades;Si
Ecuador;Abono Mensual;Directv Basico Lite HD;1273;INTI Network HD;HD;Variedades;No
Ecuador;Abono Mensual;Directv Basico Lite HD;1304;Cartoon Network HD;HD;Infantil;Si
Ecuador;Abono Mensual;Directv Basico Lite HD;1308;Nickelodeon HD;HD;Infantil;No
Ecuador;Abono Mensual;Directv Basico Lite HD;1309;Nick Jr. HD;HD;Infantil;No
Ecuador;Abono Mensual;Directv Basico Lite HD;1312;Disney Channel HD;HD;Infantil;Si
Ecuador;Abono Mensual;Directv Basico Lite HD;1315;Disney Junior HD;HD;Infantil;Si
Ecuador;Abono Mensual;Directv Basico Lite HD;1318;Plim Plim;HD;Infantil;No
Ecuador;Abono Mensual;Directv Basico Lite HD;1319;El Reino Infantil;HD;Infantil;Si
Ecuador;Abono Mensual;Directv Basico Lite HD;1330;Discovery Kids HD;HD;Infantil;Si
Ecuador;Abono Mensual;Directv Basico Lite HD;1502;TNT HD;HD;Cine;Si
Ecuador;Abono Mensual;Directv Basico Lite HD;1503;Golden HD;HD;Cine;No
Ecuador;Abono Mensual;Directv Basico Lite HD;1506;Sony Movies;HD;Cine;No
Ecuador;Abono Mensual;Directv Basico Lite HD;1507;Cinecanal HD;HD;Cine;Si
Ecuador;Abono Mensual;Directv Basico Lite HD;1508;Studio Universal HD;HD;Cine;Si
Ecuador;Abono Mensual;Directv Basico Lite HD;1509;Cinemax HD;HD;Cine;No
Ecuador;Abono Mensual;Directv Basico Lite HD;1510;Mórbido TV;HD;Cine;No
Ecuador;Abono Mensual;Directv Basico Lite HD;1513;DHE HD;HD;Cine;No
Ecuador;Abono Mensual;Directv Basico Lite HD;1518;Space HD;HD;Cine;Si
Ecuador;Abono Mensual;Directv Basico Lite HD;1524;HBO HD;HD;Cine;No
Ecuador;Abono Mensual;Directv Basico Lite HD;1525;HBO 2 HD;HD;Cine;No
Ecuador;Abono Mensual;Directv Basico Lite HD;1528;HBO Signature HD;HD;Cine;No
Ecuador;Abono Mensual;Directv Basico Lite HD;1532;HBO Plus HD;HD;Cine;No
Ecuador;Abono Mensual;Directv Basico Lite HD;1534;HBO Family HD;HD;Cine;No
Ecuador;Abono Mensual;Directv Basico Lite HD;1542;HBO Xtreme HD;HD;Cine;No
Ecuador;Abono Mensual;Directv Basico Lite HD;1571;Universal Premiere Este HD;HD;Cine;No
Ecuador;Abono Mensual;Directv Basico Lite HD;1572;Universal Cinema HD;HD;Cine;No
Ecuador;Abono Mensual;Directv Basico Lite HD;1573;Universal Comedy HD;HD;Cine;No
Ecuador;Abono Mensual;Directv Basico Lite HD;1574;Universal Crime Este HD;HD;Cine;No
Ecuador;Abono Mensual;Directv Basico Lite HD;1575;Universal Reality HD;HD;Cine;No
Ecuador;Abono Mensual;Directv Basico Lite HD;1576;Universal Premiere Oeste HD;HD;Cine;No
Ecuador;Abono Mensual;Directv Basico Lite HD;1577;Universal Cinema Oeste;HD;Cine;No
Ecuador;Abono Mensual;Directv Basico Lite HD;1610;DSports HD;HD;Deportes;No
Ecuador;Abono Mensual;Directv Basico Lite HD;1612;DSports 2 HD;HD;Deportes;No
Ecuador;Abono Mensual;Directv Basico Lite HD;1613;DSports+ HD;HD;Deportes;No
Ecuador;Abono Mensual;Directv Basico Lite HD;1621;ESPN HD;HD;Deportes;Si
Ecuador;Abono Mensual;Directv Basico Lite HD;1622;ESPN 2 HD;HD;Deportes;Si
Ecuador;Abono Mensual;Directv Basico Lite HD;1623;ESPN 3 HD;HD;Deportes;Si
Ecuador;Abono Mensual;Directv Basico Lite HD;1624;ESPN 4 HD;HD;Deportes;Si
Ecuador;Abono Mensual;Directv Basico Lite HD;1625;ESPN 5 HD;HD;Deportes;No
Ecuador;Abono Mensual;Directv Basico Lite HD;1626;ESPN 6 HD;HD;Deportes;Si
Ecuador;Abono Mensual;Directv Basico Lite HD;1627;ESPN 7 HD;HD;Deportes;No
Ecuador;Abono Mensual;Directv Basico Lite HD;1628;Golf Channel HD;HD;Deportes;No
Ecuador;Abono Mensual;Directv Basico Lite HD;1639;PX Sports;HD;Deportes;No
Ecuador;Abono Mensual;Directv Basico Lite HD;1655;El Canal del Futbol;HD;Deportes;No
Ecuador;Abono Mensual;Directv Basico Lite HD;1698;Dsports;HD;Deportes;No
Ecuador;Abono Mensual;Directv Basico Lite HD;1699;DSports Eventos;HD;Deportes;No
Ecuador;Abono Mensual;Directv Basico Lite HD;1700;DNews HD;HD;Mundo;No
Ecuador;Abono Mensual;Directv Basico Lite HD;1727;Cable Noticias HD;HD;Mundo;No
Ecuador;Abono Mensual;Directv Basico Lite HD;1730;National Geographic HD;HD;Mundo;Si
Ecuador;Abono Mensual;Directv Basico Lite HD;1731;Discovery Theater HD;HD;Mundo;No
Ecuador;Abono Mensual;Directv Basico Lite HD;1732;Discovery Channel HD;HD;Mundo;Si
Ecuador;Abono Mensual;Directv Basico Lite HD;1734;Animal Planet HD;HD;Mundo;Si
Ecuador;Abono Mensual;Directv Basico Lite HD;1738;Discovery World HD;HD;Mundo;No
Ecuador;Abono Mensual;Directv Basico Lite HD;1740;Discovery Travel & Living Channel (TLC) HD;HD;Mundo;No
Ecuador;Abono Mensual;Directv Basico Lite HD;1742;History HD;HD;Mundo;No
Ecuador;Abono Mensual;Directv Basico Lite HD;1744;History 2 HD;HD;Mundo;No
Ecuador;Abono Mensual;Directv Basico Lite HD;1750;Encuentro;HD;Variedades;No
Ecuador;Abono Mensual;Directv Basico Lite HD;1762;Antena 3 HD;HD;Mundo;No
Ecuador;Abono Mensual;Directv Basico Lite HD;1764;France 24 Español;HD;Mundo;No
Ecuador;Abono Mensual;Directv Basico Lite HD;4000;Directv 4K;4K;4K;No
Ecuador;Abono Mensual;Bronce Plus;142;Telecaribe;SD;Mundo;Si
Ecuador;Abono Mensual;Bronce Plus;148;Canal TRO;SD;Mundo;Si
Ecuador;Abono Mensual;Bronce Plus;151;Telemedellin;SD;Mundo;Si
Ecuador;Abono Mensual;Bronce Plus;170;TV Familia;SD;Religioso;No
Ecuador;Abono Mensual;Bronce Plus;177;RTU;SD;Nacional;Si
Ecuador;Abono Mensual;Bronce Plus;178;Redonda TV;SD;Variedades;Si
Ecuador;Abono Mensual;Bronce Plus;179;Teleamazonas Guayaquil;SD;Nacional;Si
Ecuador;Abono Mensual;Bronce Plus;180;Teleamazonas;SD;Nacional;Si
Ecuador;Abono Mensual;Bronce Plus;181;TC Television;SD;Nacional;Si
Ecuador;Abono Mensual;Bronce Plus;182;Ecuavisa;SD;Nacional;Si
Ecuador;Abono Mensual;Bronce Plus;183;Gama TV;SD;Nacional;Si
Ecuador;Abono Mensual;Bronce Plus;184;Ecuavisa;SD;Nacional;Si
Ecuador;Abono Mensual;Bronce Plus;185;RTS;SD;Nacional;Si
Ecuador;Abono Mensual;Bronce Plus;187;Ecuador TV;SD;Nacional;Si
Ecuador;Abono Mensual;Bronce Plus;188;Telerama;SD;Nacional;Si
Ecuador;Abono Mensual;Bronce Plus;190;Oro Mar TV;SD;Nacional;Si
Ecuador;Abono Mensual;Bronce Plus;192;Televicentro;SD;Nacional;Si
Ecuador;Abono Mensual;Bronce Plus;194;Manavision;SD;Nacional;Si
Ecuador;Abono Mensual;Bronce Plus;202;Star Channel;SD;Variedades;Si
Ecuador;Abono Mensual;Bronce Plus;206;Warner Channel;SD;Variedades;Si
Ecuador;Abono Mensual;Bronce Plus;207;A&E;SD;Variedades;Si
Ecuador;Abono Mensual;Bronce Plus;208;Sony;SD;Variedades;Si
Ecuador;Abono Mensual;Bronce Plus;209;AXN;SD;Variedades;Si
Ecuador;Abono Mensual;Bronce Plus;210;AMC;SD;Variedades;No
Ecuador;Abono Mensual;Bronce Plus;213;TNT Series;SD;Variedades;No
Ecuador;Abono Mensual;Bronce Plus;214;Atres Series;SD;Variedades;No
Ecuador;Abono Mensual;Bronce Plus;215;Comedy Central;SD;Variedades;Si
Ecuador;Abono Mensual;Bronce Plus;216;TNT Novelas;SD;Variedades;No
Ecuador;Abono Mensual;Bronce Plus;217;FX;SD;Variedades;Si
Ecuador;Abono Mensual;Bronce Plus;218;Universal TV;SD;Variedades;Si
Ecuador;Abono Mensual;Bronce Plus;219;USA Network;SD;Variedades;No
Ecuador;Abono Mensual;Bronce Plus;220;Adult Swim;SD;Variedades;No
Ecuador;Abono Mensual;Bronce Plus;221;¡Hola! TV;SD;Variedades;Si
Ecuador;Abono Mensual;Bronce Plus;222;E! Entertainment;SD;Variedades;Si
Ecuador;Abono Mensual;Bronce Plus;223;Investigation Discovery (ID);SD;Variedades;No
Ecuador;Abono Mensual;Bronce Plus;226;El Canal de las Estrellas;SD;Variedades;Si
Ecuador;Abono Mensual;Bronce Plus;227;TLnovelas;SD;Variedades;Si
Ecuador;Abono Mensual;Bronce Plus;228;Lifetime;SD;Variedades;No
Ecuador;Abono Mensual;Bronce Plus;229;Discovery Home & Health;SD;Variedades;Si
Ecuador;Abono Mensual;Bronce Plus;230;Más Chic;SD;Variedades;No
Ecuador;Abono Mensual;Bronce Plus;231;Telemundo Internacional;SD;Variedades;Si
Ecuador;Abono Mensual;Bronce Plus;232;El Gourmet;SD;Variedades;No
Ecuador;Abono Mensual;Bronce Plus;233;Food Network;SD;Variedades;No
Ecuador;Abono Mensual;Bronce Plus;264;MTV;SD;Variedades;Si
Ecuador;Abono Mensual;Bronce Plus;269;Quiero Música en Mi Idioma (QMusic);SD;Variedades;Si
Ecuador;Abono Mensual;Bronce Plus;270;Mi Gente 3.0;SD;Variedades;No
Ecuador;Abono Mensual;Bronce Plus;304;Cartoon Network;SD;Infantil;Si
Ecuador;Abono Mensual;Bronce Plus;308;Nickelodeon;SD;Infantil;Si
Ecuador;Abono Mensual;Bronce Plus;309;Nick Jr.;SD;Infantil;No
Ecuador;Abono Mensual;Bronce Plus;312;Disney Channel;SD;Infantil;Si
Ecuador;Abono Mensual;Bronce Plus;315;Disney Junior;SD;Infantil;Si
Ecuador;Abono Mensual;Bronce Plus;317;BabyTV;SD;Infantil;No
Ecuador;Abono Mensual;Bronce Plus;318;Plim Plim;SD;Infantil;Si
Ecuador;Abono Mensual;Bronce Plus;319;El Reino Infantil;SD;Infantil;Si
Ecuador;Abono Mensual;Bronce Plus;330;Discovery Kids;SD;Infantil;Si
Ecuador;Abono Mensual;Bronce Plus;334;Cartoonito;SD;Infantil;No
Ecuador;Abono Mensual;Bronce Plus;350;EWTN;SD;Religioso;Si
Ecuador;Abono Mensual;Bronce Plus;351;Canal Orbe 21;SD;Religioso;No
Ecuador;Abono Mensual;Bronce Plus;352;Enlace TBN;SD;Religioso;Si
Ecuador;Abono Mensual;Bronce Plus;464;Playboy TV;SD;Adultos;No
Ecuador;Abono Mensual;Bronce Plus;468;Venus;SD;Adultos;No
Ecuador;Abono Mensual;Bronce Plus;469;XTSY;SD;Adultos;No
Ecuador;Abono Mensual;Bronce Plus;470;Hustler;SD;Adultos;No
Ecuador;Abono Mensual;Bronce Plus;502;TNT;SD;Cine;Si
Ecuador;Abono Mensual;Bronce Plus;503;Golden;SD;Cine;No
Ecuador;Abono Mensual;Bronce Plus;506;Sony Movies;SD;Cine;No
Ecuador;Abono Mensual;Bronce Plus;507;Cinecanal;SD;Cine;Si
Ecuador;Abono Mensual;Bronce Plus;508;Studio Universal;SD;Cine;Si
Ecuador;Abono Mensual;Bronce Plus;509;Cinemax;SD;Cine;Si
Ecuador;Abono Mensual;Bronce Plus;510;Mórbido TV;SD;Cine;No
Ecuador;Abono Mensual;Bronce Plus;513;DHE;SD;Cine;No
Ecuador;Abono Mensual;Bronce Plus;515;Cinema;SD;Cine;No
Ecuador;Abono Mensual;Bronce Plus;516;De Película;SD;Cine;No
Ecuador;Abono Mensual;Bronce Plus;517;Golden Edge;SD;Cine;No
Ecuador;Abono Mensual;Bronce Plus;518;Space;SD;Cine;Si
Ecuador;Abono Mensual;Bronce Plus;524;HBO Este;SD;Cine;No
Ecuador;Abono Mensual;Bronce Plus;525;HBO 2;SD;Cine;No
Ecuador;Abono Mensual;Bronce Plus;526;HBO Plus Este;SD;Cine;No
Ecuador;Abono Mensual;Bronce Plus;528;HBO Signature;SD;Cine;No
Ecuador;Abono Mensual;Bronce Plus;532;HBO Plus Oeste;SD;Cine;No
Ecuador;Abono Mensual;Bronce Plus;534;HBO Family Este;SD;Cine;No
Ecuador;Abono Mensual;Bronce Plus;538;MAX Prime Oeste;SD;Cine;No
Ecuador;Abono Mensual;Bronce Plus;540;HBO Mundi;SD;Cine;No
Ecuador;Abono Mensual;Bronce Plus;541;HBO Pop;SD;Cine;No
Ecuador;Abono Mensual;Bronce Plus;542;HBO Xtreme;SD;Cine;No
Ecuador;Abono Mensual;Bronce Plus;571;Universal Premiere Este;SD;Cine;No
Ecuador;Abono Mensual;Bronce Plus;572;Universal Cinema;SD;Cine;No
Ecuador;Abono Mensual;Bronce Plus;573;Universal Comedy;SD;Cine;No
Ecuador;Abono Mensual;Bronce Plus;574;Universal Crime Este;SD;Cine;No
Ecuador;Abono Mensual;Bronce Plus;575;Universal Reality;SD;Cine;No
Ecuador;Abono Mensual;Bronce Plus;576;Universal Premiere Oeste;SD;Cine;No
Ecuador;Abono Mensual;Bronce Plus;577;Universal Cinema Oeste;SD;Cine;No
Ecuador;Abono Mensual;Bronce Plus;610;DSports;SD;Deportes;Si
Ecuador;Abono Mensual;Bronce Plus;612;DSports 2;SD;Deportes;Si
Ecuador;Abono Mensual;Bronce Plus;613;DSports+;SD;Deportes;Si
Ecuador;Abono Mensual;Bronce Plus;616;Liga;SD;Deportes;No
Ecuador;Abono Mensual;Bronce Plus;621;ESPN;SD;Deportes;Si
Ecuador;Abono Mensual;Bronce Plus;622;ESPN 2;SD;Deportes;Si
Ecuador;Abono Mensual;Bronce Plus;623;ESPN 3;SD;Deportes;Si
Ecuador;Abono Mensual;Bronce Plus;625;ESPN 5;SD;Deportes;Si
Ecuador;Abono Mensual;Bronce Plus;626;ESPN 6;SD;Deportes;Si
Ecuador;Abono Mensual;Bronce Plus;627;ESPN 7;SD;Deportes;Si
Ecuador;Abono Mensual;Bronce Plus;628;The Golf Channel;SD;Deportes;No
Ecuador;Abono Mensual;Bronce Plus;629;TyC Sports;SD;Deportes;No
Ecuador;Abono Mensual;Bronce Plus;655;El Canal del Futbol;SD;Deportes;No
Ecuador;Abono Mensual;Bronce Plus;680;MLB Temporada;SD;Deportes;No
Ecuador;Abono Mensual;Bronce Plus;681;MLB Temporada;SD;Deportes;No
Ecuador;Abono Mensual;Bronce Plus;683;Dsports Venezuela;SD;Deportes;No
Ecuador;Abono Mensual;Bronce Plus;698;Dsports;SD;Deportes;No
Ecuador;Abono Mensual;Bronce Plus;699;DSports Eventos;SD;Deportes;No
Ecuador;Abono Mensual;Bronce Plus;700;DNews;SD;Mundo;Si
Ecuador;Abono Mensual;Bronce Plus;704;CNN en Español;SD;Mundo;Si
Ecuador;Abono Mensual;Bronce Plus;706;CNN International;SD;Mundo;No
Ecuador;Abono Mensual;Bronce Plus;707;CNN Chile;SD;Mundo;No
Ecuador;Abono Mensual;Bronce Plus;708;TVN 24 HORAS;SD;Mundo;No
Ecuador;Abono Mensual;Bronce Plus;710;Bloomberg Television;SD;Mundo;No
Ecuador;Abono Mensual;Bronce Plus;716;Todo Noticias (TN);SD;Mundo;No
Ecuador;Abono Mensual;Bronce Plus;720;Canal 26;SD;Mundo;Si
Ecuador;Abono Mensual;Bronce Plus;725;NTN 24;SD;Mundo;Si
Ecuador;Abono Mensual;Bronce Plus;727;Cable Noticias;SD;Mundo;No
Ecuador;Abono Mensual;Bronce Plus;730;National Geographic;SD;Mundo;Si
Ecuador;Abono Mensual;Bronce Plus;732;Discovery Channel;SD;Mundo;Si
Ecuador;Abono Mensual;Bronce Plus;734;Animal Planet;SD;Mundo;Si
Ecuador;Abono Mensual;Bronce Plus;736;Discovery Turbo;SD;Mundo;No
Ecuador;Abono Mensual;Bronce Plus;740;Discovery Travel & Living Channel (TLC);SD;Mundo;No
Ecuador;Abono Mensual;Bronce Plus;742;History Channel;SD;Mundo;Si
Ecuador;Abono Mensual;Bronce Plus;744;History 2;SD;Mundo;Si
Ecuador;Abono Mensual;Bronce Plus;760;Univision;SD;Mundo;No
Ecuador;Abono Mensual;Bronce Plus;762;Antena 3;SD;Mundo;No
Ecuador;Abono Mensual;Bronce Plus;764;France 24 Español;SD;Mundo;No
Ecuador;Abono Mensual;Bronce Plus;766;Rai Italia;SD;Mundo;No
Ecuador;Abono Mensual;Bronce Plus;768;BBC News;SD;Mundo;No
Ecuador;Abono Mensual;Bronce Plus;770;Deutsche Welle (DW) Español;SD;Mundo;No
Ecuador;Abono Mensual;Bronce Plus;772;Caracol Internacional;SD;Mundo;Si
Ecuador;Abono Mensual;Bronce Plus;773;El Tiempo TV;SD;Mundo;Si
Ecuador;Abono Mensual;Bronce Plus;774;TV Chile;SD;Mundo;No
Ecuador;Abono Mensual;Bronce Plus;775;RCN Nuestra Tele;SD;Mundo;Si
Ecuador;Abono Mensual;Bronce Plus;776;TV Globo;SD;Mundo;No
Ecuador;Abono Mensual;Bronce Plus;778;RTP Internacional;SD;Mundo;No
Ecuador;Abono Mensual;Bronce Plus;780;ZEE Mundo;SD;Mundo;No
Ecuador;Abono Mensual;Bronce Plus;782;NHK World;SD;Mundo;No
Ecuador;Abono Mensual;Bronce Plus;784;El Trece Internacional;SD;Mundo;Si
Ecuador;Abono Mensual;Bronce Plus;786;Telefe Internacional;SD;Mundo;No
Ecuador;Abono Mensual;Bronce Plus;790;CGTN;SD;Mundo;No
Ecuador;Abono Mensual;Bronce Plus;901;DSports Radio;Radio;Radio;No
Ecuador;Abono Mensual;Bronce Plus;980;Unión Radio Noticias;Radio;Radio;Si
Ecuador;Abono Mensual;Bronce Plus;982;Radio Caracol;Radio;Radio;Si
Ecuador;Abono Mensual;Bronce Plus;984;Radio France International;Radio;Radio;Si
Ecuador;Abono Mensual;Bronce Plus;1105;Gran Hermano - Experiencia Multicámara;HD;Variedades;No
Ecuador;Abono Mensual;Bronce Plus;1106;Gran Hermano - 24 hs;HD;Variedades;No
Ecuador;Abono Mensual;Bronce Plus;1107;Gran Hermano - Cámara 1;HD;Variedades;No
Ecuador;Abono Mensual;Bronce Plus;1108;Gran Hermano - Cámara 2;HD;Variedades;No
Ecuador;Abono Mensual;Bronce Plus;1109;Gran Hermano - Cámara 3;HD;Variedades;No
Ecuador;Abono Mensual;Bronce Plus;1180;Teleamazonas HD;HD;Nacional;No
Ecuador;Abono Mensual;Bronce Plus;1181;TC Television HD;HD;Nacional;Si
Ecuador;Abono Mensual;Bronce Plus;1182;Ecuavisa HD;HD;Nacional;Si
Ecuador;Abono Mensual;Bronce Plus;1204;Star Channel HD;HD;Variedades;Si
Ecuador;Abono Mensual;Bronce Plus;1206;Warner Channel HD;HD;Variedades;Si
Ecuador;Abono Mensual;Bronce Plus;1207;A&E Mundo HD;HD;Variedades;Si
Ecuador;Abono Mensual;Bronce Plus;1208;Sony HD;HD;Variedades;Si
Ecuador;Abono Mensual;Bronce Plus;1209;AXN HD;HD;Variedades;Si
Ecuador;Abono Mensual;Bronce Plus;1210;AMC HD;HD;Variedades;No
Ecuador;Abono Mensual;Bronce Plus;1213;TNT Series HD;HD;Variedades;No
Ecuador;Abono Mensual;Bronce Plus;1214;Atres HD;HD;Variedades;No
Ecuador;Abono Mensual;Bronce Plus;1215;Comedy Central HD;HD;Variedades;Si
Ecuador;Abono Mensual;Bronce Plus;1217;FX HD;HD;Variedades;Si
Ecuador;Abono Mensual;Bronce Plus;1218;Universal TV HD;HD;Variedades;Si
Ecuador;Abono Mensual;Bronce Plus;1219;USA Network HD;HD;Variedades;No
Ecuador;Abono Mensual;Bronce Plus;1221;Hola TV HD;HD;Variedades;Si
Ecuador;Abono Mensual;Bronce Plus;1222;E! Entertainment HD;HD;Variedades;Si
Ecuador;Abono Mensual;Bronce Plus;1223;Investigation Discovery (ID) HD;HD;Variedades;No
Ecuador;Abono Mensual;Bronce Plus;1228;Lifetime HD;HD;Variedades;No
Ecuador;Abono Mensual;Bronce Plus;1229;Discovery Home & Health;HD;Variedades;Si
Ecuador;Abono Mensual;Bronce Plus;1231;Alacocina TV;HD;Variedades;Si
Ecuador;Abono Mensual;Bronce Plus;1232;El Gourmet HD;HD;Variedades;No
Ecuador;Abono Mensual;Bronce Plus;1233;Food Network HD;HD;Variedades;No
Ecuador;Abono Mensual;Bronce Plus;1234;HGTV HD;HD;Variedades;No
Ecuador;Abono Mensual;Bronce Plus;1236;VePlus HD;HD;Variedades;No
Ecuador;Abono Mensual;Bronce Plus;1264;MTV HD;HD;Variedades;Si
Ecuador;Abono Mensual;Bronce Plus;1265;Music Top HD;HD;Variedades;Si
Ecuador;Abono Mensual;Bronce Plus;1266;Tierra Mía HD;HD;Variedades;Si
Ecuador;Abono Mensual;Bronce Plus;1270;Latina TV;HD;Variedades;Si
Ecuador;Abono Mensual;Bronce Plus;1273;INTI Network HD;HD;Variedades;Si
Ecuador;Abono Mensual;Bronce Plus;1304;Cartoon Network HD;HD;Infantil;Si
Ecuador;Abono Mensual;Bronce Plus;1308;Nickelodeon HD;HD;Infantil;Si
Ecuador;Abono Mensual;Bronce Plus;1309;Nick Jr. HD;HD;Infantil;No
Ecuador;Abono Mensual;Bronce Plus;1312;Disney Channel HD;HD;Infantil;Si
Ecuador;Abono Mensual;Bronce Plus;1315;Disney Junior HD;HD;Infantil;Si
Ecuador;Abono Mensual;Bronce Plus;1318;Plim Plim;HD;Infantil;Si
Ecuador;Abono Mensual;Bronce Plus;1319;El Reino Infantil;HD;Infantil;Si
Ecuador;Abono Mensual;Bronce Plus;1330;Discovery Kids HD;HD;Infantil;Si
Ecuador;Abono Mensual;Bronce Plus;1502;TNT HD;HD;Cine;Si
Ecuador;Abono Mensual;Bronce Plus;1503;Golden HD;HD;Cine;No
Ecuador;Abono Mensual;Bronce Plus;1506;Sony Movies;HD;Cine;No
Ecuador;Abono Mensual;Bronce Plus;1507;Cinecanal HD;HD;Cine;Si
Ecuador;Abono Mensual;Bronce Plus;1508;Studio Universal HD;HD;Cine;Si
Ecuador;Abono Mensual;Bronce Plus;1509;Cinemax HD;HD;Cine;Si
Ecuador;Abono Mensual;Bronce Plus;1510;Mórbido TV;HD;Cine;No
Ecuador;Abono Mensual;Bronce Plus;1513;DHE HD;HD;Cine;No
Ecuador;Abono Mensual;Bronce Plus;1518;Space HD;HD;Cine;Si
Ecuador;Abono Mensual;Bronce Plus;1524;HBO HD;HD;Cine;No
Ecuador;Abono Mensual;Bronce Plus;1525;HBO 2 HD;HD;Cine;No
Ecuador;Abono Mensual;Bronce Plus;1528;HBO Signature HD;HD;Cine;No
Ecuador;Abono Mensual;Bronce Plus;1532;HBO Plus HD;HD;Cine;No
Ecuador;Abono Mensual;Bronce Plus;1534;HBO Family HD;HD;Cine;No
Ecuador;Abono Mensual;Bronce Plus;1542;HBO Xtreme HD;HD;Cine;No
Ecuador;Abono Mensual;Bronce Plus;1571;Universal Premiere Este HD;HD;Cine;No
Ecuador;Abono Mensual;Bronce Plus;1572;Universal Cinema HD;HD;Cine;No
Ecuador;Abono Mensual;Bronce Plus;1573;Universal Comedy HD;HD;Cine;No
Ecuador;Abono Mensual;Bronce Plus;1574;Universal Crime Este HD;HD;Cine;No
Ecuador;Abono Mensual;Bronce Plus;1575;Universal Reality HD;HD;Cine;No
Ecuador;Abono Mensual;Bronce Plus;1576;Universal Premiere Oeste HD;HD;Cine;No
Ecuador;Abono Mensual;Bronce Plus;1577;Universal Cinema Oeste;HD;Cine;No
Ecuador;Abono Mensual;Bronce Plus;1610;DSports HD;HD;Deportes;Si
Ecuador;Abono Mensual;Bronce Plus;1612;DSports 2 HD;HD;Deportes;Si
Ecuador;Abono Mensual;Bronce Plus;1613;DSports+ HD;HD;Deportes;Si
Ecuador;Abono Mensual;Bronce Plus;1621;ESPN HD;HD;Deportes;Si
Ecuador;Abono Mensual;Bronce Plus;1622;ESPN 2 HD;HD;Deportes;Si
Ecuador;Abono Mensual;Bronce Plus;1623;ESPN 3 HD;HD;Deportes;Si
Ecuador;Abono Mensual;Bronce Plus;1624;ESPN 4 HD;HD;Deportes;Si
Ecuador;Abono Mensual;Bronce Plus;1625;ESPN 5 HD;HD;Deportes;Si
Ecuador;Abono Mensual;Bronce Plus;1626;ESPN 6 HD;HD;Deportes;Si
Ecuador;Abono Mensual;Bronce Plus;1627;ESPN 7 HD;HD;Deportes;Si
Ecuador;Abono Mensual;Bronce Plus;1628;Golf Channel HD;HD;Deportes;No
Ecuador;Abono Mensual;Bronce Plus;1639;PX Sports;HD;Deportes;No
Ecuador;Abono Mensual;Bronce Plus;1655;El Canal del Futbol;HD;Deportes;No
Ecuador;Abono Mensual;Bronce Plus;1698;Dsports;HD;Deportes;No
Ecuador;Abono Mensual;Bronce Plus;1699;DSports Eventos;HD;Deportes;No
Ecuador;Abono Mensual;Bronce Plus;1700;DNews HD;HD;Mundo;Si
Ecuador;Abono Mensual;Bronce Plus;1727;Cable Noticias HD;HD;Mundo;No
Ecuador;Abono Mensual;Bronce Plus;1730;National Geographic HD;HD;Mundo;Si
Ecuador;Abono Mensual;Bronce Plus;1731;Discovery Theater HD;HD;Mundo;Si
Ecuador;Abono Mensual;Bronce Plus;1732;Discovery Channel HD;HD;Mundo;Si
Ecuador;Abono Mensual;Bronce Plus;1734;Animal Planet HD;HD;Mundo;Si
Ecuador;Abono Mensual;Bronce Plus;1738;Discovery World HD;HD;Mundo;No
Ecuador;Abono Mensual;Bronce Plus;1740;Discovery Travel & Living Channel (TLC) HD;HD;Mundo;No
Ecuador;Abono Mensual;Bronce Plus;1742;History HD;HD;Mundo;Si
Ecuador;Abono Mensual;Bronce Plus;1744;History 2 HD;HD;Mundo;Si
Ecuador;Abono Mensual;Bronce Plus;1750;Encuentro;HD;Variedades;No
Ecuador;Abono Mensual;Bronce Plus;1762;Antena 3 HD;HD;Mundo;No
Ecuador;Abono Mensual;Bronce Plus;1764;France 24 Español;HD;Mundo;No
Ecuador;Abono Mensual;Bronce Plus;4000;Directv 4K;4K;4K;No
Ecuador;Abono Mensual;Platino Plus;142;Telecaribe;SD;Mundo;Si
Ecuador;Abono Mensual;Platino Plus;148;Canal TRO;SD;Mundo;Si
Ecuador;Abono Mensual;Platino Plus;151;Telemedellin;SD;Mundo;Si
Ecuador;Abono Mensual;Platino Plus;170;TV Familia;SD;Religioso;Si
Ecuador;Abono Mensual;Platino Plus;177;RTU;SD;Nacional;Si
Ecuador;Abono Mensual;Platino Plus;178;Redonda TV;SD;Variedades;Si
Ecuador;Abono Mensual;Platino Plus;179;Teleamazonas Guayaquil;SD;Nacional;Si
Ecuador;Abono Mensual;Platino Plus;180;Teleamazonas;SD;Nacional;Si
Ecuador;Abono Mensual;Platino Plus;181;TC Television;SD;Nacional;Si
Ecuador;Abono Mensual;Platino Plus;182;Ecuavisa;SD;Nacional;Si
Ecuador;Abono Mensual;Platino Plus;183;Gama TV;SD;Nacional;Si
Ecuador;Abono Mensual;Platino Plus;184;Ecuavisa;SD;Nacional;Si
Ecuador;Abono Mensual;Platino Plus;185;RTS;SD;Nacional;Si
Ecuador;Abono Mensual;Platino Plus;187;Ecuador TV;SD;Nacional;Si
Ecuador;Abono Mensual;Platino Plus;188;Telerama;SD;Nacional;Si
Ecuador;Abono Mensual;Platino Plus;190;Oro Mar TV;SD;Nacional;Si
Ecuador;Abono Mensual;Platino Plus;192;Televicentro;SD;Nacional;Si
Ecuador;Abono Mensual;Platino Plus;194;Manavision;SD;Nacional;Si
Ecuador;Abono Mensual;Platino Plus;202;Star Channel;SD;Variedades;Si
Ecuador;Abono Mensual;Platino Plus;206;Warner Channel;SD;Variedades;Si
Ecuador;Abono Mensual;Platino Plus;207;A&E;SD;Variedades;Si
Ecuador;Abono Mensual;Platino Plus;208;Sony;SD;Variedades;Si
Ecuador;Abono Mensual;Platino Plus;209;AXN;SD;Variedades;Si
Ecuador;Abono Mensual;Platino Plus;210;AMC;SD;Variedades;Si
Ecuador;Abono Mensual;Platino Plus;213;TNT Series;SD;Variedades;Si
Ecuador;Abono Mensual;Platino Plus;214;Atres Series;SD;Variedades;Si
Ecuador;Abono Mensual;Platino Plus;215;Comedy Central;SD;Variedades;Si
Ecuador;Abono Mensual;Platino Plus;216;TNT Novelas;SD;Variedades;Si
Ecuador;Abono Mensual;Platino Plus;217;FX;SD;Variedades;Si
Ecuador;Abono Mensual;Platino Plus;218;Universal TV;SD;Variedades;Si
Ecuador;Abono Mensual;Platino Plus;219;USA Network;SD;Variedades;Si
Ecuador;Abono Mensual;Platino Plus;220;Adult Swim;SD;Variedades;Si
Ecuador;Abono Mensual;Platino Plus;221;¡Hola! TV;SD;Variedades;Si
Ecuador;Abono Mensual;Platino Plus;222;E! Entertainment;SD;Variedades;Si
Ecuador;Abono Mensual;Platino Plus;223;Investigation Discovery (ID);SD;Variedades;Si
Ecuador;Abono Mensual;Platino Plus;226;El Canal de las Estrellas;SD;Variedades;Si
Ecuador;Abono Mensual;Platino Plus;227;TLnovelas;SD;Variedades;Si
Ecuador;Abono Mensual;Platino Plus;228;Lifetime;SD;Variedades;Si
Ecuador;Abono Mensual;Platino Plus;229;Discovery Home & Health;SD;Variedades;Si
Ecuador;Abono Mensual;Platino Plus;230;Más Chic;SD;Variedades;Si
Ecuador;Abono Mensual;Platino Plus;231;Telemundo Internacional;SD;Variedades;Si
Ecuador;Abono Mensual;Platino Plus;232;El Gourmet;SD;Variedades;Si
Ecuador;Abono Mensual;Platino Plus;233;Food Network;SD;Variedades;Si
Ecuador;Abono Mensual;Platino Plus;264;MTV;SD;Variedades;Si
Ecuador;Abono Mensual;Platino Plus;269;Quiero Música en Mi Idioma (QMusic);SD;Variedades;Si
Ecuador;Abono Mensual;Platino Plus;270;Mi Gente 3.0;SD;Variedades;No
Ecuador;Abono Mensual;Platino Plus;304;Cartoon Network;SD;Infantil;Si
Ecuador;Abono Mensual;Platino Plus;308;Nickelodeon;SD;Infantil;Si
Ecuador;Abono Mensual;Platino Plus;309;Nick Jr.;SD;Infantil;Si
Ecuador;Abono Mensual;Platino Plus;312;Disney Channel;SD;Infantil;Si
Ecuador;Abono Mensual;Platino Plus;315;Disney Junior;SD;Infantil;Si
Ecuador;Abono Mensual;Platino Plus;317;BabyTV;SD;Infantil;Si
Ecuador;Abono Mensual;Platino Plus;318;Plim Plim;SD;Infantil;No
Ecuador;Abono Mensual;Platino Plus;319;El Reino Infantil;SD;Infantil;Si
Ecuador;Abono Mensual;Platino Plus;330;Discovery Kids;SD;Infantil;Si
Ecuador;Abono Mensual;Platino Plus;334;Cartoonito;SD;Infantil;Si
Ecuador;Abono Mensual;Platino Plus;350;EWTN;SD;Religioso;Si
Ecuador;Abono Mensual;Platino Plus;351;Canal Orbe 21;SD;Religioso;Si
Ecuador;Abono Mensual;Platino Plus;352;Enlace TBN;SD;Religioso;Si
Ecuador;Abono Mensual;Platino Plus;464;Playboy TV;SD;Adultos;No
Ecuador;Abono Mensual;Platino Plus;468;Venus;SD;Adultos;No
Ecuador;Abono Mensual;Platino Plus;469;XTSY;SD;Adultos;No
Ecuador;Abono Mensual;Platino Plus;470;Hustler;SD;Adultos;No
Ecuador;Abono Mensual;Platino Plus;502;TNT;SD;Cine;Si
Ecuador;Abono Mensual;Platino Plus;503;Golden;SD;Cine;Si
Ecuador;Abono Mensual;Platino Plus;506;Sony Movies;SD;Cine;Si
Ecuador;Abono Mensual;Platino Plus;507;Cinecanal;SD;Cine;Si
Ecuador;Abono Mensual;Platino Plus;508;Studio Universal;SD;Cine;Si
Ecuador;Abono Mensual;Platino Plus;509;Cinemax;SD;Cine;Si
Ecuador;Abono Mensual;Platino Plus;510;Mórbido TV;SD;Cine;No
Ecuador;Abono Mensual;Platino Plus;513;DHE;SD;Cine;Si
Ecuador;Abono Mensual;Platino Plus;515;Cinema;SD;Cine;No
Ecuador;Abono Mensual;Platino Plus;516;De Película;SD;Cine;Si
Ecuador;Abono Mensual;Platino Plus;517;Golden Edge;SD;Cine;Si
Ecuador;Abono Mensual;Platino Plus;518;Space;SD;Cine;Si
Ecuador;Abono Mensual;Platino Plus;524;HBO Este;SD;Cine;Si
Ecuador;Abono Mensual;Platino Plus;525;HBO 2;SD;Cine;Si
Ecuador;Abono Mensual;Platino Plus;526;HBO Plus Este;SD;Cine;Si
Ecuador;Abono Mensual;Platino Plus;528;HBO Signature;SD;Cine;Si
Ecuador;Abono Mensual;Platino Plus;532;HBO Plus Oeste;SD;Cine;No
Ecuador;Abono Mensual;Platino Plus;534;HBO Family Este;SD;Cine;Si
Ecuador;Abono Mensual;Platino Plus;538;MAX Prime Oeste;SD;Cine;No
Ecuador;Abono Mensual;Platino Plus;540;HBO Mundi;SD;Cine;Si
Ecuador;Abono Mensual;Platino Plus;541;HBO Pop;SD;Cine;Si
Ecuador;Abono Mensual;Platino Plus;542;HBO Xtreme;SD;Cine;Si
Ecuador;Abono Mensual;Platino Plus;571;Universal Premiere Este;SD;Cine;Si
Ecuador;Abono Mensual;Platino Plus;572;Universal Cinema;SD;Cine;Si
Ecuador;Abono Mensual;Platino Plus;573;Universal Comedy;SD;Cine;Si
Ecuador;Abono Mensual;Platino Plus;574;Universal Crime Este;SD;Cine;Si
Ecuador;Abono Mensual;Platino Plus;575;Universal Reality;SD;Cine;Si
Ecuador;Abono Mensual;Platino Plus;576;Universal Premiere Oeste;SD;Cine;Si
Ecuador;Abono Mensual;Platino Plus;577;Universal Cinema Oeste;SD;Cine;Si
Ecuador;Abono Mensual;Platino Plus;610;DSports;SD;Deportes;Si
Ecuador;Abono Mensual;Platino Plus;612;DSports 2;SD;Deportes;Si
Ecuador;Abono Mensual;Platino Plus;613;DSports+;SD;Deportes;Si
Ecuador;Abono Mensual;Platino Plus;616;Liga;SD;Deportes;No
Ecuador;Abono Mensual;Platino Plus;621;ESPN;SD;Deportes;Si
Ecuador;Abono Mensual;Platino Plus;622;ESPN 2;SD;Deportes;Si
Ecuador;Abono Mensual;Platino Plus;623;ESPN 3;SD;Deportes;Si
Ecuador;Abono Mensual;Platino Plus;625;ESPN 5;SD;Deportes;Si
Ecuador;Abono Mensual;Platino Plus;626;ESPN 6;SD;Deportes;Si
Ecuador;Abono Mensual;Platino Plus;627;ESPN 7;SD;Deportes;Si
Ecuador;Abono Mensual;Platino Plus;628;The Golf Channel;SD;Deportes;Si
Ecuador;Abono Mensual;Platino Plus;629;TyC Sports;SD;Deportes;Si
Ecuador;Abono Mensual;Platino Plus;655;El Canal del Futbol;SD;Deportes;No
Ecuador;Abono Mensual;Platino Plus;680;MLB Temporada;SD;Deportes;No
Ecuador;Abono Mensual;Platino Plus;681;MLB Temporada;SD;Deportes;No
Ecuador;Abono Mensual;Platino Plus;683;Dsports Venezuela;SD;Deportes;No
Ecuador;Abono Mensual;Platino Plus;698;Dsports;SD;Deportes;No
Ecuador;Abono Mensual;Platino Plus;699;DSports Eventos;SD;Deportes;No
Ecuador;Abono Mensual;Platino Plus;700;DNews;SD;Mundo;Si
Ecuador;Abono Mensual;Platino Plus;704;CNN en Español;SD;Mundo;Si
Ecuador;Abono Mensual;Platino Plus;706;CNN International;SD;Mundo;Si
Ecuador;Abono Mensual;Platino Plus;707;CNN Chile;SD;Mundo;Si
Ecuador;Abono Mensual;Platino Plus;708;TVN 24 HORAS;SD;Mundo;Si
Ecuador;Abono Mensual;Platino Plus;710;Bloomberg Television;SD;Mundo;Si
Ecuador;Abono Mensual;Platino Plus;716;Todo Noticias (TN);SD;Mundo;Si
Ecuador;Abono Mensual;Platino Plus;720;Canal 26;SD;Mundo;Si
Ecuador;Abono Mensual;Platino Plus;725;NTN 24;SD;Mundo;Si
Ecuador;Abono Mensual;Platino Plus;727;Cable Noticias;SD;Mundo;Si
Ecuador;Abono Mensual;Platino Plus;730;National Geographic;SD;Mundo;Si
Ecuador;Abono Mensual;Platino Plus;732;Discovery Channel;SD;Mundo;Si
Ecuador;Abono Mensual;Platino Plus;734;Animal Planet;SD;Mundo;Si
Ecuador;Abono Mensual;Platino Plus;736;Discovery Turbo;SD;Mundo;Si
Ecuador;Abono Mensual;Platino Plus;740;Discovery Travel & Living Channel (TLC);SD;Mundo;Si
Ecuador;Abono Mensual;Platino Plus;742;History Channel;SD;Mundo;Si
Ecuador;Abono Mensual;Platino Plus;744;History 2;SD;Mundo;Si
Ecuador;Abono Mensual;Platino Plus;760;Univision;SD;Mundo;Si
Ecuador;Abono Mensual;Platino Plus;762;Antena 3;SD;Mundo;Si
Ecuador;Abono Mensual;Platino Plus;764;France 24 Español;SD;Mundo;No
Ecuador;Abono Mensual;Platino Plus;766;Rai Italia;SD;Mundo;Si
Ecuador;Abono Mensual;Platino Plus;768;BBC News;SD;Mundo;Si
Ecuador;Abono Mensual;Platino Plus;770;Deutsche Welle (DW) Español;SD;Mundo;Si
Ecuador;Abono Mensual;Platino Plus;772;Caracol Internacional;SD;Mundo;Si
Ecuador;Abono Mensual;Platino Plus;773;El Tiempo TV;SD;Mundo;Si
Ecuador;Abono Mensual;Platino Plus;774;TV Chile;SD;Mundo;Si
Ecuador;Abono Mensual;Platino Plus;775;RCN Nuestra Tele;SD;Mundo;Si
Ecuador;Abono Mensual;Platino Plus;776;TV Globo;SD;Mundo;No
Ecuador;Abono Mensual;Platino Plus;778;RTP Internacional;SD;Mundo;Si
Ecuador;Abono Mensual;Platino Plus;780;ZEE Mundo;SD;Mundo;No
Ecuador;Abono Mensual;Platino Plus;782;NHK World;SD;Mundo;Si
Ecuador;Abono Mensual;Platino Plus;784;El Trece Internacional;SD;Mundo;Si
Ecuador;Abono Mensual;Platino Plus;786;Telefe Internacional;SD;Mundo;Si
Ecuador;Abono Mensual;Platino Plus;790;CGTN;SD;Mundo;Si
Ecuador;Abono Mensual;Platino Plus;901;DSports Radio;Radio;Radio;No
Ecuador;Abono Mensual;Platino Plus;980;Unión Radio Noticias;Radio;Radio;Si
Ecuador;Abono Mensual;Platino Plus;982;Radio Caracol;Radio;Radio;Si
Ecuador;Abono Mensual;Platino Plus;984;Radio France International;Radio;Radio;Si
Ecuador;Abono Mensual;Platino Plus;1105;Gran Hermano - Experiencia Multicámara;HD;Variedades;No
Ecuador;Abono Mensual;Platino Plus;1106;Gran Hermano - 24 hs;HD;Variedades;No
Ecuador;Abono Mensual;Platino Plus;1107;Gran Hermano - Cámara 1;HD;Variedades;No
Ecuador;Abono Mensual;Platino Plus;1108;Gran Hermano - Cámara 2;HD;Variedades;No
Ecuador;Abono Mensual;Platino Plus;1109;Gran Hermano - Cámara 3;HD;Variedades;No
Ecuador;Abono Mensual;Platino Plus;1180;Teleamazonas HD;HD;Nacional;Si
Ecuador;Abono Mensual;Platino Plus;1181;TC Television HD;HD;Nacional;Si
Ecuador;Abono Mensual;Platino Plus;1182;Ecuavisa HD;HD;Nacional;Si
Ecuador;Abono Mensual;Platino Plus;1204;Star Channel HD;HD;Variedades;Si
Ecuador;Abono Mensual;Platino Plus;1206;Warner Channel HD;HD;Variedades;Si
Ecuador;Abono Mensual;Platino Plus;1207;A&E Mundo HD;HD;Variedades;Si
Ecuador;Abono Mensual;Platino Plus;1208;Sony HD;HD;Variedades;Si
Ecuador;Abono Mensual;Platino Plus;1209;AXN HD;HD;Variedades;Si
Ecuador;Abono Mensual;Platino Plus;1210;AMC HD;HD;Variedades;Si
Ecuador;Abono Mensual;Platino Plus;1213;TNT Series HD;HD;Variedades;Si
Ecuador;Abono Mensual;Platino Plus;1214;Atres HD;HD;Variedades;Si
Ecuador;Abono Mensual;Platino Plus;1215;Comedy Central HD;HD;Variedades;Si
Ecuador;Abono Mensual;Platino Plus;1217;FX HD;HD;Variedades;Si
Ecuador;Abono Mensual;Platino Plus;1218;Universal TV HD;HD;Variedades;Si
Ecuador;Abono Mensual;Platino Plus;1219;USA Network HD;HD;Variedades;Si
Ecuador;Abono Mensual;Platino Plus;1221;Hola TV HD;HD;Variedades;Si
Ecuador;Abono Mensual;Platino Plus;1222;E! Entertainment HD;HD;Variedades;Si
Ecuador;Abono Mensual;Platino Plus;1223;Investigation Discovery (ID) HD;HD;Variedades;Si
Ecuador;Abono Mensual;Platino Plus;1228;Lifetime HD;HD;Variedades;Si
Ecuador;Abono Mensual;Platino Plus;1229;Discovery Home & Health;HD;Variedades;Si
Ecuador;Abono Mensual;Platino Plus;1231;Alacocina TV;HD;Variedades;Si
Ecuador;Abono Mensual;Platino Plus;1232;El Gourmet HD;HD;Variedades;Si
Ecuador;Abono Mensual;Platino Plus;1233;Food Network HD;HD;Variedades;Si
Ecuador;Abono Mensual;Platino Plus;1234;HGTV HD;HD;Variedades;Si
Ecuador;Abono Mensual;Platino Plus;1236;VePlus HD;HD;Variedades;Si
Ecuador;Abono Mensual;Platino Plus;1264;MTV HD;HD;Variedades;Si
Ecuador;Abono Mensual;Platino Plus;1265;Music Top HD;HD;Variedades;Si
Ecuador;Abono Mensual;Platino Plus;1266;Tierra Mía HD;HD;Variedades;Si
Ecuador;Abono Mensual;Platino Plus;1270;Latina TV;HD;Variedades;Si
Ecuador;Abono Mensual;Platino Plus;1273;INTI Network HD;HD;Variedades;Si
Ecuador;Abono Mensual;Platino Plus;1304;Cartoon Network HD;HD;Infantil;Si
Ecuador;Abono Mensual;Platino Plus;1308;Nickelodeon HD;HD;Infantil;Si
Ecuador;Abono Mensual;Platino Plus;1309;Nick Jr. HD;HD;Infantil;Si
Ecuador;Abono Mensual;Platino Plus;1312;Disney Channel HD;HD;Infantil;Si
Ecuador;Abono Mensual;Platino Plus;1315;Disney Junior HD;HD;Infantil;Si
Ecuador;Abono Mensual;Platino Plus;1318;Plim Plim;HD;Infantil;No
Ecuador;Abono Mensual;Platino Plus;1319;El Reino Infantil;HD;Infantil;Si
Ecuador;Abono Mensual;Platino Plus;1330;Discovery Kids HD;HD;Infantil;Si
Ecuador;Abono Mensual;Platino Plus;1502;TNT HD;HD;Cine;Si
Ecuador;Abono Mensual;Platino Plus;1503;Golden HD;HD;Cine;Si
Ecuador;Abono Mensual;Platino Plus;1506;Sony Movies;HD;Cine;Si
Ecuador;Abono Mensual;Platino Plus;1507;Cinecanal HD;HD;Cine;Si
Ecuador;Abono Mensual;Platino Plus;1508;Studio Universal HD;HD;Cine;Si
Ecuador;Abono Mensual;Platino Plus;1509;Cinemax HD;HD;Cine;Si
Ecuador;Abono Mensual;Platino Plus;1510;Mórbido TV;HD;Cine;No
Ecuador;Abono Mensual;Platino Plus;1513;DHE HD;HD;Cine;Si
Ecuador;Abono Mensual;Platino Plus;1518;Space HD;HD;Cine;Si
Ecuador;Abono Mensual;Platino Plus;1524;HBO HD;HD;Cine;Si
Ecuador;Abono Mensual;Platino Plus;1525;HBO 2 HD;HD;Cine;Si
Ecuador;Abono Mensual;Platino Plus;1528;HBO Signature HD;HD;Cine;Si
Ecuador;Abono Mensual;Platino Plus;1532;HBO Plus HD;HD;Cine;Si
Ecuador;Abono Mensual;Platino Plus;1534;HBO Family HD;HD;Cine;Si
Ecuador;Abono Mensual;Platino Plus;1542;HBO Xtreme HD;HD;Cine;Si
Ecuador;Abono Mensual;Platino Plus;1571;Universal Premiere Este HD;HD;Cine;Si
Ecuador;Abono Mensual;Platino Plus;1572;Universal Cinema HD;HD;Cine;Si
Ecuador;Abono Mensual;Platino Plus;1573;Universal Comedy HD;HD;Cine;Si
Ecuador;Abono Mensual;Platino Plus;1574;Universal Crime Este HD;HD;Cine;Si
Ecuador;Abono Mensual;Platino Plus;1575;Universal Reality HD;HD;Cine;Si
Ecuador;Abono Mensual;Platino Plus;1576;Universal Premiere Oeste HD;HD;Cine;Si
Ecuador;Abono Mensual;Platino Plus;1577;Universal Cinema Oeste;HD;Cine;Si
Ecuador;Abono Mensual;Platino Plus;1610;DSports HD;HD;Deportes;Si
Ecuador;Abono Mensual;Platino Plus;1612;DSports 2 HD;HD;Deportes;Si
Ecuador;Abono Mensual;Platino Plus;1613;DSports+ HD;HD;Deportes;Si
Ecuador;Abono Mensual;Platino Plus;1621;ESPN HD;HD;Deportes;Si
Ecuador;Abono Mensual;Platino Plus;1622;ESPN 2 HD;HD;Deportes;Si
Ecuador;Abono Mensual;Platino Plus;1623;ESPN 3 HD;HD;Deportes;Si
Ecuador;Abono Mensual;Platino Plus;1624;ESPN 4 HD;HD;Deportes;Si
Ecuador;Abono Mensual;Platino Plus;1625;ESPN 5 HD;HD;Deportes;Si
Ecuador;Abono Mensual;Platino Plus;1626;ESPN 6 HD;HD;Deportes;Si
Ecuador;Abono Mensual;Platino Plus;1627;ESPN 7 HD;HD;Deportes;Si
Ecuador;Abono Mensual;Platino Plus;1628;Golf Channel HD;HD;Deportes;Si
Ecuador;Abono Mensual;Platino Plus;1639;PX Sports;HD;Deportes;Si
Ecuador;Abono Mensual;Platino Plus;1655;El Canal del Futbol;HD;Deportes;No
Ecuador;Abono Mensual;Platino Plus;1698;Dsports;HD;Deportes;No
Ecuador;Abono Mensual;Platino Plus;1699;DSports Eventos;HD;Deportes;No
Ecuador;Abono Mensual;Platino Plus;1700;DNews HD;HD;Mundo;Si
Ecuador;Abono Mensual;Platino Plus;1727;Cable Noticias HD;HD;Mundo;Si
Ecuador;Abono Mensual;Platino Plus;1730;National Geographic HD;HD;Mundo;Si
Ecuador;Abono Mensual;Platino Plus;1731;Discovery Theater HD;HD;Mundo;Si
Ecuador;Abono Mensual;Platino Plus;1732;Discovery Channel HD;HD;Mundo;Si
Ecuador;Abono Mensual;Platino Plus;1734;Animal Planet HD;HD;Mundo;Si
Ecuador;Abono Mensual;Platino Plus;1738;Discovery World HD;HD;Mundo;Si
Ecuador;Abono Mensual;Platino Plus;1740;Discovery Travel & Living Channel (TLC) HD;HD;Mundo;Si
Ecuador;Abono Mensual;Platino Plus;1742;History HD;HD;Mundo;Si
Ecuador;Abono Mensual;Platino Plus;1744;History 2 HD;HD;Mundo;Si
Ecuador;Abono Mensual;Platino Plus;1750;Encuentro;HD;Variedades;Si
Ecuador;Abono Mensual;Platino Plus;1762;Antena 3 HD;HD;Mundo;Si
Ecuador;Abono Mensual;Platino Plus;1764;France 24 Español;HD;Mundo;No
Ecuador;Abono Mensual;Platino Plus;4000;Directv 4K;4K;4K;Si
Ecuador;Abono Mensual;Plata Plus;142;Telecaribe;SD;Mundo;Si
Ecuador;Abono Mensual;Plata Plus;148;Canal TRO;SD;Mundo;No
Ecuador;Abono Mensual;Plata Plus;151;Telemedellin;SD;Mundo;Si
Ecuador;Abono Mensual;Plata Plus;170;TV Familia;SD;Religioso;Si
Ecuador;Abono Mensual;Plata Plus;177;RTU;SD;Nacional;Si
Ecuador;Abono Mensual;Plata Plus;178;Redonda TV;SD;Variedades;Si
Ecuador;Abono Mensual;Plata Plus;179;Teleamazonas Guayaquil;SD;Nacional;Si
Ecuador;Abono Mensual;Plata Plus;180;Teleamazonas;SD;Nacional;Si
Ecuador;Abono Mensual;Plata Plus;181;TC Television;SD;Nacional;Si
Ecuador;Abono Mensual;Plata Plus;182;Ecuavisa;SD;Nacional;Si
Ecuador;Abono Mensual;Plata Plus;183;Gama TV;SD;Nacional;Si
Ecuador;Abono Mensual;Plata Plus;184;Ecuavisa;SD;Nacional;Si
Ecuador;Abono Mensual;Plata Plus;185;RTS;SD;Nacional;Si
Ecuador;Abono Mensual;Plata Plus;187;Ecuador TV;SD;Nacional;Si
Ecuador;Abono Mensual;Plata Plus;188;Telerama;SD;Nacional;Si
Ecuador;Abono Mensual;Plata Plus;190;Oro Mar TV;SD;Nacional;Si
Ecuador;Abono Mensual;Plata Plus;192;Televicentro;SD;Nacional;Si
Ecuador;Abono Mensual;Plata Plus;194;Manavision;SD;Nacional;Si
Ecuador;Abono Mensual;Plata Plus;202;Star Channel;SD;Variedades;Si
Ecuador;Abono Mensual;Plata Plus;206;Warner Channel;SD;Variedades;Si
Ecuador;Abono Mensual;Plata Plus;207;A&E;SD;Variedades;Si
Ecuador;Abono Mensual;Plata Plus;208;Sony;SD;Variedades;Si
Ecuador;Abono Mensual;Plata Plus;209;AXN;SD;Variedades;Si
Ecuador;Abono Mensual;Plata Plus;210;AMC;SD;Variedades;Si
Ecuador;Abono Mensual;Plata Plus;213;TNT Series;SD;Variedades;Si
Ecuador;Abono Mensual;Plata Plus;214;Atres Series;SD;Variedades;No
Ecuador;Abono Mensual;Plata Plus;215;Comedy Central;SD;Variedades;Si
Ecuador;Abono Mensual;Plata Plus;216;TNT Novelas;SD;Variedades;Si
Ecuador;Abono Mensual;Plata Plus;217;FX;SD;Variedades;Si
Ecuador;Abono Mensual;Plata Plus;218;Universal TV;SD;Variedades;Si
Ecuador;Abono Mensual;Plata Plus;219;USA Network;SD;Variedades;No
Ecuador;Abono Mensual;Plata Plus;220;Adult Swim;SD;Variedades;Si
Ecuador;Abono Mensual;Plata Plus;221;¡Hola! TV;SD;Variedades;Si
Ecuador;Abono Mensual;Plata Plus;222;E! Entertainment;SD;Variedades;Si
Ecuador;Abono Mensual;Plata Plus;223;Investigation Discovery (ID);SD;Variedades;Si
Ecuador;Abono Mensual;Plata Plus;226;El Canal de las Estrellas;SD;Variedades;Si
Ecuador;Abono Mensual;Plata Plus;227;TLnovelas;SD;Variedades;Si
Ecuador;Abono Mensual;Plata Plus;228;Lifetime;SD;Variedades;No
Ecuador;Abono Mensual;Plata Plus;229;Discovery Home & Health;SD;Variedades;Si
Ecuador;Abono Mensual;Plata Plus;230;Más Chic;SD;Variedades;No
Ecuador;Abono Mensual;Plata Plus;231;Telemundo Internacional;SD;Variedades;Si
Ecuador;Abono Mensual;Plata Plus;232;El Gourmet;SD;Variedades;Si
Ecuador;Abono Mensual;Plata Plus;233;Food Network;SD;Variedades;Si
Ecuador;Abono Mensual;Plata Plus;264;MTV;SD;Variedades;Si
Ecuador;Abono Mensual;Plata Plus;269;Quiero Música en Mi Idioma (QMusic);SD;Variedades;Si
Ecuador;Abono Mensual;Plata Plus;270;Mi Gente 3.0;SD;Variedades;No
Ecuador;Abono Mensual;Plata Plus;304;Cartoon Network;SD;Infantil;Si
Ecuador;Abono Mensual;Plata Plus;308;Nickelodeon;SD;Infantil;Si
Ecuador;Abono Mensual;Plata Plus;309;Nick Jr.;SD;Infantil;Si
Ecuador;Abono Mensual;Plata Plus;312;Disney Channel;SD;Infantil;Si
Ecuador;Abono Mensual;Plata Plus;315;Disney Junior;SD;Infantil;Si
Ecuador;Abono Mensual;Plata Plus;317;BabyTV;SD;Infantil;Si
Ecuador;Abono Mensual;Plata Plus;318;Plim Plim;SD;Infantil;No
Ecuador;Abono Mensual;Plata Plus;319;El Reino Infantil;SD;Infantil;Si
Ecuador;Abono Mensual;Plata Plus;330;Discovery Kids;SD;Infantil;Si
Ecuador;Abono Mensual;Plata Plus;334;Cartoonito;SD;Infantil;Si
Ecuador;Abono Mensual;Plata Plus;350;EWTN;SD;Religioso;Si
Ecuador;Abono Mensual;Plata Plus;351;Canal Orbe 21;SD;Religioso;No
Ecuador;Abono Mensual;Plata Plus;352;Enlace TBN;SD;Religioso;Si
Ecuador;Abono Mensual;Plata Plus;464;Playboy TV;SD;Adultos;No
Ecuador;Abono Mensual;Plata Plus;468;Venus;SD;Adultos;No
Ecuador;Abono Mensual;Plata Plus;469;XTSY;SD;Adultos;No
Ecuador;Abono Mensual;Plata Plus;470;Hustler;SD;Adultos;No
Ecuador;Abono Mensual;Plata Plus;502;TNT;SD;Cine;Si
Ecuador;Abono Mensual;Plata Plus;503;Golden;SD;Cine;No
Ecuador;Abono Mensual;Plata Plus;506;Sony Movies;SD;Cine;Si
Ecuador;Abono Mensual;Plata Plus;507;Cinecanal;SD;Cine;Si
Ecuador;Abono Mensual;Plata Plus;508;Studio Universal;SD;Cine;Si
Ecuador;Abono Mensual;Plata Plus;509;Cinemax;SD;Cine;Si
Ecuador;Abono Mensual;Plata Plus;510;Mórbido TV;SD;Cine;No
Ecuador;Abono Mensual;Plata Plus;513;DHE;SD;Cine;No
Ecuador;Abono Mensual;Plata Plus;515;Cinema;SD;Cine;No
Ecuador;Abono Mensual;Plata Plus;516;De Película;SD;Cine;Si
Ecuador;Abono Mensual;Plata Plus;517;Golden Edge;SD;Cine;No
Ecuador;Abono Mensual;Plata Plus;518;Space;SD;Cine;Si
Ecuador;Abono Mensual;Plata Plus;524;HBO Este;SD;Cine;No
Ecuador;Abono Mensual;Plata Plus;525;HBO 2;SD;Cine;No
Ecuador;Abono Mensual;Plata Plus;526;HBO Plus Este;SD;Cine;No
Ecuador;Abono Mensual;Plata Plus;528;HBO Signature;SD;Cine;No
Ecuador;Abono Mensual;Plata Plus;532;HBO Plus Oeste;SD;Cine;No
Ecuador;Abono Mensual;Plata Plus;534;HBO Family Este;SD;Cine;No
Ecuador;Abono Mensual;Plata Plus;538;MAX Prime Oeste;SD;Cine;No
Ecuador;Abono Mensual;Plata Plus;540;HBO Mundi;SD;Cine;No
Ecuador;Abono Mensual;Plata Plus;541;HBO Pop;SD;Cine;No
Ecuador;Abono Mensual;Plata Plus;542;HBO Xtreme;SD;Cine;No
Ecuador;Abono Mensual;Plata Plus;571;Universal Premiere Este;SD;Cine;No
Ecuador;Abono Mensual;Plata Plus;572;Universal Cinema;SD;Cine;No
Ecuador;Abono Mensual;Plata Plus;573;Universal Comedy;SD;Cine;No
Ecuador;Abono Mensual;Plata Plus;574;Universal Crime Este;SD;Cine;No
Ecuador;Abono Mensual;Plata Plus;575;Universal Reality;SD;Cine;No
Ecuador;Abono Mensual;Plata Plus;576;Universal Premiere Oeste;SD;Cine;No
Ecuador;Abono Mensual;Plata Plus;577;Universal Cinema Oeste;SD;Cine;No
Ecuador;Abono Mensual;Plata Plus;610;DSports;SD;Deportes;Si
Ecuador;Abono Mensual;Plata Plus;612;DSports 2;SD;Deportes;Si
Ecuador;Abono Mensual;Plata Plus;613;DSports+;SD;Deportes;Si
Ecuador;Abono Mensual;Plata Plus;616;Liga;SD;Deportes;No
Ecuador;Abono Mensual;Plata Plus;621;ESPN;SD;Deportes;Si
Ecuador;Abono Mensual;Plata Plus;622;ESPN 2;SD;Deportes;Si
Ecuador;Abono Mensual;Plata Plus;623;ESPN 3;SD;Deportes;Si
Ecuador;Abono Mensual;Plata Plus;625;ESPN 5;SD;Deportes;Si
Ecuador;Abono Mensual;Plata Plus;626;ESPN 6;SD;Deportes;Si
Ecuador;Abono Mensual;Plata Plus;627;ESPN 7;SD;Deportes;Si
Ecuador;Abono Mensual;Plata Plus;628;The Golf Channel;SD;Deportes;No
Ecuador;Abono Mensual;Plata Plus;629;TyC Sports;SD;Deportes;No
Ecuador;Abono Mensual;Plata Plus;655;El Canal del Futbol;SD;Deportes;No
Ecuador;Abono Mensual;Plata Plus;680;MLB Temporada;SD;Deportes;No
Ecuador;Abono Mensual;Plata Plus;681;MLB Temporada;SD;Deportes;No
Ecuador;Abono Mensual;Plata Plus;683;Dsports Venezuela;SD;Deportes;No
Ecuador;Abono Mensual;Plata Plus;698;Dsports;SD;Deportes;No
Ecuador;Abono Mensual;Plata Plus;699;DSports Eventos;SD;Deportes;No
Ecuador;Abono Mensual;Plata Plus;700;DNews;SD;Mundo;Si
Ecuador;Abono Mensual;Plata Plus;704;CNN en Español;SD;Mundo;Si
Ecuador;Abono Mensual;Plata Plus;706;CNN International;SD;Mundo;No
Ecuador;Abono Mensual;Plata Plus;707;CNN Chile;SD;Mundo;No
Ecuador;Abono Mensual;Plata Plus;708;TVN 24 HORAS;SD;Mundo;No
Ecuador;Abono Mensual;Plata Plus;710;Bloomberg Television;SD;Mundo;No
Ecuador;Abono Mensual;Plata Plus;716;Todo Noticias (TN);SD;Mundo;Si
Ecuador;Abono Mensual;Plata Plus;720;Canal 26;SD;Mundo;Si
Ecuador;Abono Mensual;Plata Plus;725;NTN 24;SD;Mundo;Si
Ecuador;Abono Mensual;Plata Plus;727;Cable Noticias;SD;Mundo;Si
Ecuador;Abono Mensual;Plata Plus;730;National Geographic;SD;Mundo;Si
Ecuador;Abono Mensual;Plata Plus;732;Discovery Channel;SD;Mundo;Si
Ecuador;Abono Mensual;Plata Plus;734;Animal Planet;SD;Mundo;Si
Ecuador;Abono Mensual;Plata Plus;736;Discovery Turbo;SD;Mundo;No
Ecuador;Abono Mensual;Plata Plus;740;Discovery Travel & Living Channel (TLC);SD;Mundo;Si
Ecuador;Abono Mensual;Plata Plus;742;History Channel;SD;Mundo;Si
Ecuador;Abono Mensual;Plata Plus;744;History 2;SD;Mundo;Si
Ecuador;Abono Mensual;Plata Plus;760;Univision;SD;Mundo;Si
Ecuador;Abono Mensual;Plata Plus;762;Antena 3;SD;Mundo;No
Ecuador;Abono Mensual;Plata Plus;764;France 24 Español;SD;Mundo;No
Ecuador;Abono Mensual;Plata Plus;766;Rai Italia;SD;Mundo;No
Ecuador;Abono Mensual;Plata Plus;768;BBC News;SD;Mundo;No
Ecuador;Abono Mensual;Plata Plus;770;Deutsche Welle (DW) Español;SD;Mundo;No
Ecuador;Abono Mensual;Plata Plus;772;Caracol Internacional;SD;Mundo;Si
Ecuador;Abono Mensual;Plata Plus;773;El Tiempo TV;SD;Mundo;Si
Ecuador;Abono Mensual;Plata Plus;774;TV Chile;SD;Mundo;Si
Ecuador;Abono Mensual;Plata Plus;775;RCN Nuestra Tele;SD;Mundo;Si
Ecuador;Abono Mensual;Plata Plus;776;TV Globo;SD;Mundo;No
Ecuador;Abono Mensual;Plata Plus;778;RTP Internacional;SD;Mundo;No
Ecuador;Abono Mensual;Plata Plus;780;ZEE Mundo;SD;Mundo;No
Ecuador;Abono Mensual;Plata Plus;782;NHK World;SD;Mundo;No
Ecuador;Abono Mensual;Plata Plus;784;El Trece Internacional;SD;Mundo;Si
Ecuador;Abono Mensual;Plata Plus;786;Telefe Internacional;SD;Mundo;Si
Ecuador;Abono Mensual;Plata Plus;790;CGTN;SD;Mundo;Si
Ecuador;Abono Mensual;Plata Plus;901;DSports Radio;Radio;Radio;No
Ecuador;Abono Mensual;Plata Plus;980;Unión Radio Noticias;Radio;Radio;Si
Ecuador;Abono Mensual;Plata Plus;982;Radio Caracol;Radio;Radio;Si
Ecuador;Abono Mensual;Plata Plus;984;Radio France International;Radio;Radio;Si
Ecuador;Abono Mensual;Plata Plus;1105;Gran Hermano - Experiencia Multicámara;HD;Variedades;No
Ecuador;Abono Mensual;Plata Plus;1106;Gran Hermano - 24 hs;HD;Variedades;No
Ecuador;Abono Mensual;Plata Plus;1107;Gran Hermano - Cámara 1;HD;Variedades;No
Ecuador;Abono Mensual;Plata Plus;1108;Gran Hermano - Cámara 2;HD;Variedades;No
Ecuador;Abono Mensual;Plata Plus;1109;Gran Hermano - Cámara 3;HD;Variedades;No
Ecuador;Abono Mensual;Plata Plus;1180;Teleamazonas HD;HD;Nacional;Si
Ecuador;Abono Mensual;Plata Plus;1181;TC Television HD;HD;Nacional;Si
Ecuador;Abono Mensual;Plata Plus;1182;Ecuavisa HD;HD;Nacional;Si
Ecuador;Abono Mensual;Plata Plus;1204;Star Channel HD;HD;Variedades;Si
Ecuador;Abono Mensual;Plata Plus;1206;Warner Channel HD;HD;Variedades;Si
Ecuador;Abono Mensual;Plata Plus;1207;A&E Mundo HD;HD;Variedades;Si
Ecuador;Abono Mensual;Plata Plus;1208;Sony HD;HD;Variedades;Si
Ecuador;Abono Mensual;Plata Plus;1209;AXN HD;HD;Variedades;Si
Ecuador;Abono Mensual;Plata Plus;1210;AMC HD;HD;Variedades;Si
Ecuador;Abono Mensual;Plata Plus;1213;TNT Series HD;HD;Variedades;Si
Ecuador;Abono Mensual;Plata Plus;1214;Atres HD;HD;Variedades;No
Ecuador;Abono Mensual;Plata Plus;1215;Comedy Central HD;HD;Variedades;Si
Ecuador;Abono Mensual;Plata Plus;1217;FX HD;HD;Variedades;Si
Ecuador;Abono Mensual;Plata Plus;1218;Universal TV HD;HD;Variedades;Si
Ecuador;Abono Mensual;Plata Plus;1219;USA Network HD;HD;Variedades;No
Ecuador;Abono Mensual;Plata Plus;1221;Hola TV HD;HD;Variedades;Si
Ecuador;Abono Mensual;Plata Plus;1222;E! Entertainment HD;HD;Variedades;Si
Ecuador;Abono Mensual;Plata Plus;1223;Investigation Discovery (ID) HD;HD;Variedades;Si
Ecuador;Abono Mensual;Plata Plus;1228;Lifetime HD;HD;Variedades;No
Ecuador;Abono Mensual;Plata Plus;1229;Discovery Home & Health;HD;Variedades;Si
Ecuador;Abono Mensual;Plata Plus;1231;Alacocina TV;HD;Variedades;Si
Ecuador;Abono Mensual;Plata Plus;1232;El Gourmet HD;HD;Variedades;Si
Ecuador;Abono Mensual;Plata Plus;1233;Food Network HD;HD;Variedades;Si
Ecuador;Abono Mensual;Plata Plus;1234;HGTV HD;HD;Variedades;No
Ecuador;Abono Mensual;Plata Plus;1236;VePlus HD;HD;Variedades;Si
Ecuador;Abono Mensual;Plata Plus;1264;MTV HD;HD;Variedades;Si
Ecuador;Abono Mensual;Plata Plus;1265;Music Top HD;HD;Variedades;Si
Ecuador;Abono Mensual;Plata Plus;1266;Tierra Mía HD;HD;Variedades;Si
Ecuador;Abono Mensual;Plata Plus;1270;Latina TV;HD;Variedades;Si
Ecuador;Abono Mensual;Plata Plus;1273;INTI Network HD;HD;Variedades;Si
Ecuador;Abono Mensual;Plata Plus;1304;Cartoon Network HD;HD;Infantil;Si
Ecuador;Abono Mensual;Plata Plus;1308;Nickelodeon HD;HD;Infantil;Si
Ecuador;Abono Mensual;Plata Plus;1309;Nick Jr. HD;HD;Infantil;No
Ecuador;Abono Mensual;Plata Plus;1312;Disney Channel HD;HD;Infantil;Si
Ecuador;Abono Mensual;Plata Plus;1315;Disney Junior HD;HD;Infantil;Si
Ecuador;Abono Mensual;Plata Plus;1318;Plim Plim;HD;Infantil;No
Ecuador;Abono Mensual;Plata Plus;1319;El Reino Infantil;HD;Infantil;Si
Ecuador;Abono Mensual;Plata Plus;1330;Discovery Kids HD;HD;Infantil;Si
Ecuador;Abono Mensual;Plata Plus;1502;TNT HD;HD;Cine;Si
Ecuador;Abono Mensual;Plata Plus;1503;Golden HD;HD;Cine;No
Ecuador;Abono Mensual;Plata Plus;1506;Sony Movies;HD;Cine;Si
Ecuador;Abono Mensual;Plata Plus;1507;Cinecanal HD;HD;Cine;Si
Ecuador;Abono Mensual;Plata Plus;1508;Studio Universal HD;HD;Cine;Si
Ecuador;Abono Mensual;Plata Plus;1509;Cinemax HD;HD;Cine;Si
Ecuador;Abono Mensual;Plata Plus;1510;Mórbido TV;HD;Cine;No
Ecuador;Abono Mensual;Plata Plus;1513;DHE HD;HD;Cine;No
Ecuador;Abono Mensual;Plata Plus;1518;Space HD;HD;Cine;Si
Ecuador;Abono Mensual;Plata Plus;1524;HBO HD;HD;Cine;No
Ecuador;Abono Mensual;Plata Plus;1525;HBO 2 HD;HD;Cine;No
Ecuador;Abono Mensual;Plata Plus;1528;HBO Signature HD;HD;Cine;No
Ecuador;Abono Mensual;Plata Plus;1532;HBO Plus HD;HD;Cine;No
Ecuador;Abono Mensual;Plata Plus;1534;HBO Family HD;HD;Cine;No
Ecuador;Abono Mensual;Plata Plus;1542;HBO Xtreme HD;HD;Cine;No
Ecuador;Abono Mensual;Plata Plus;1571;Universal Premiere Este HD;HD;Cine;No
Ecuador;Abono Mensual;Plata Plus;1572;Universal Cinema HD;HD;Cine;No
Ecuador;Abono Mensual;Plata Plus;1573;Universal Comedy HD;HD;Cine;No
Ecuador;Abono Mensual;Plata Plus;1574;Universal Crime Este HD;HD;Cine;No
Ecuador;Abono Mensual;Plata Plus;1575;Universal Reality HD;HD;Cine;No
Ecuador;Abono Mensual;Plata Plus;1576;Universal Premiere Oeste HD;HD;Cine;No
Ecuador;Abono Mensual;Plata Plus;1577;Universal Cinema Oeste;HD;Cine;No
Ecuador;Abono Mensual;Plata Plus;1610;DSports HD;HD;Deportes;Si
Ecuador;Abono Mensual;Plata Plus;1612;DSports 2 HD;HD;Deportes;Si
Ecuador;Abono Mensual;Plata Plus;1613;DSports+ HD;HD;Deportes;Si
Ecuador;Abono Mensual;Plata Plus;1621;ESPN HD;HD;Deportes;Si
Ecuador;Abono Mensual;Plata Plus;1622;ESPN 2 HD;HD;Deportes;Si
Ecuador;Abono Mensual;Plata Plus;1623;ESPN 3 HD;HD;Deportes;Si
Ecuador;Abono Mensual;Plata Plus;1624;ESPN 4 HD;HD;Deportes;Si
Ecuador;Abono Mensual;Plata Plus;1625;ESPN 5 HD;HD;Deportes;Si
Ecuador;Abono Mensual;Plata Plus;1626;ESPN 6 HD;HD;Deportes;Si
Ecuador;Abono Mensual;Plata Plus;1627;ESPN 7 HD;HD;Deportes;Si
Ecuador;Abono Mensual;Plata Plus;1628;Golf Channel HD;HD;Deportes;No
Ecuador;Abono Mensual;Plata Plus;1639;PX Sports;HD;Deportes;No
Ecuador;Abono Mensual;Plata Plus;1655;El Canal del Futbol;HD;Deportes;No
Ecuador;Abono Mensual;Plata Plus;1698;Dsports;HD;Deportes;No
Ecuador;Abono Mensual;Plata Plus;1699;DSports Eventos;HD;Deportes;No
Ecuador;Abono Mensual;Plata Plus;1700;DNews HD;HD;Mundo;Si
Ecuador;Abono Mensual;Plata Plus;1727;Cable Noticias HD;HD;Mundo;Si
Ecuador;Abono Mensual;Plata Plus;1730;National Geographic HD;HD;Mundo;Si
Ecuador;Abono Mensual;Plata Plus;1731;Discovery Theater HD;HD;Mundo;Si
Ecuador;Abono Mensual;Plata Plus;1732;Discovery Channel HD;HD;Mundo;Si
Ecuador;Abono Mensual;Plata Plus;1734;Animal Planet HD;HD;Mundo;Si
Ecuador;Abono Mensual;Plata Plus;1738;Discovery World HD;HD;Mundo;No
Ecuador;Abono Mensual;Plata Plus;1740;Discovery Travel & Living Channel (TLC) HD;HD;Mundo;Si
Ecuador;Abono Mensual;Plata Plus;1742;History HD;HD;Mundo;Si
Ecuador;Abono Mensual;Plata Plus;1744;History 2 HD;HD;Mundo;Si
Ecuador;Abono Mensual;Plata Plus;1750;Encuentro;HD;Variedades;No
Ecuador;Abono Mensual;Plata Plus;1762;Antena 3 HD;HD;Mundo;No
Ecuador;Abono Mensual;Plata Plus;1764;France 24 Español;HD;Mundo;No
Ecuador;Abono Mensual;Plata Plus;4000;Directv 4K;4K;4K;No
Ecuador;Abono Mensual;Familiar Lite;142;Telecaribe;SD;Mundo;No
Ecuador;Abono Mensual;Familiar Lite;148;Canal TRO;SD;Mundo;No
Ecuador;Abono Mensual;Familiar Lite;151;Telemedellin;SD;Mundo;No
Ecuador;Abono Mensual;Familiar Lite;170;TV Familia;SD;Religioso;No
Ecuador;Abono Mensual;Familiar Lite;177;RTU;SD;Nacional;Si
Ecuador;Abono Mensual;Familiar Lite;178;Redonda TV;SD;Variedades;Si
Ecuador;Abono Mensual;Familiar Lite;179;Teleamazonas Guayaquil;SD;Nacional;Si
Ecuador;Abono Mensual;Familiar Lite;180;Teleamazonas;SD;Nacional;Si
Ecuador;Abono Mensual;Familiar Lite;181;TC Television;SD;Nacional;Si
Ecuador;Abono Mensual;Familiar Lite;182;Ecuavisa;SD;Nacional;Si
Ecuador;Abono Mensual;Familiar Lite;183;Gama TV;SD;Nacional;Si
Ecuador;Abono Mensual;Familiar Lite;184;Ecuavisa;SD;Nacional;Si
Ecuador;Abono Mensual;Familiar Lite;185;RTS;SD;Nacional;Si
Ecuador;Abono Mensual;Familiar Lite;187;Ecuador TV;SD;Nacional;Si
Ecuador;Abono Mensual;Familiar Lite;188;Telerama;SD;Nacional;Si
Ecuador;Abono Mensual;Familiar Lite;190;Oro Mar TV;SD;Nacional;Si
Ecuador;Abono Mensual;Familiar Lite;192;Televicentro;SD;Nacional;Si
Ecuador;Abono Mensual;Familiar Lite;194;Manavision;SD;Nacional;Si
Ecuador;Abono Mensual;Familiar Lite;202;Star Channel;SD;Variedades;Si
Ecuador;Abono Mensual;Familiar Lite;206;Warner Channel;SD;Variedades;Si
Ecuador;Abono Mensual;Familiar Lite;207;A&E;SD;Variedades;Si
Ecuador;Abono Mensual;Familiar Lite;208;Sony;SD;Variedades;Si
Ecuador;Abono Mensual;Familiar Lite;209;AXN;SD;Variedades;Si
Ecuador;Abono Mensual;Familiar Lite;210;AMC;SD;Variedades;No
Ecuador;Abono Mensual;Familiar Lite;213;TNT Series;SD;Variedades;No
Ecuador;Abono Mensual;Familiar Lite;214;Atres Series;SD;Variedades;No
Ecuador;Abono Mensual;Familiar Lite;215;Comedy Central;SD;Variedades;No
Ecuador;Abono Mensual;Familiar Lite;216;TNT Novelas;SD;Variedades;No
Ecuador;Abono Mensual;Familiar Lite;217;FX;SD;Variedades;Si
Ecuador;Abono Mensual;Familiar Lite;218;Universal TV;SD;Variedades;Si
Ecuador;Abono Mensual;Familiar Lite;219;USA Network;SD;Variedades;No
Ecuador;Abono Mensual;Familiar Lite;220;Adult Swim;SD;Variedades;No
Ecuador;Abono Mensual;Familiar Lite;221;¡Hola! TV;SD;Variedades;Si
Ecuador;Abono Mensual;Familiar Lite;222;E! Entertainment;SD;Variedades;Si
Ecuador;Abono Mensual;Familiar Lite;223;Investigation Discovery (ID);SD;Variedades;No
Ecuador;Abono Mensual;Familiar Lite;226;El Canal de las Estrellas;SD;Variedades;Si
Ecuador;Abono Mensual;Familiar Lite;227;TLnovelas;SD;Variedades;No
Ecuador;Abono Mensual;Familiar Lite;228;Lifetime;SD;Variedades;No
Ecuador;Abono Mensual;Familiar Lite;229;Discovery Home & Health;SD;Variedades;No
Ecuador;Abono Mensual;Familiar Lite;230;Más Chic;SD;Variedades;No
Ecuador;Abono Mensual;Familiar Lite;231;Telemundo Internacional;SD;Variedades;Si
Ecuador;Abono Mensual;Familiar Lite;232;El Gourmet;SD;Variedades;No
Ecuador;Abono Mensual;Familiar Lite;233;Food Network;SD;Variedades;No
Ecuador;Abono Mensual;Familiar Lite;264;MTV;SD;Variedades;Si
Ecuador;Abono Mensual;Familiar Lite;269;Quiero Música en Mi Idioma (QMusic);SD;Variedades;No
Ecuador;Abono Mensual;Familiar Lite;270;Mi Gente 3.0;SD;Variedades;Si
Ecuador;Abono Mensual;Familiar Lite;304;Cartoon Network;SD;Infantil;Si
Ecuador;Abono Mensual;Familiar Lite;308;Nickelodeon;SD;Infantil;No
Ecuador;Abono Mensual;Familiar Lite;309;Nick Jr.;SD;Infantil;No
Ecuador;Abono Mensual;Familiar Lite;312;Disney Channel;SD;Infantil;Si
Ecuador;Abono Mensual;Familiar Lite;315;Disney Junior;SD;Infantil;Si
Ecuador;Abono Mensual;Familiar Lite;317;BabyTV;SD;Infantil;No
Ecuador;Abono Mensual;Familiar Lite;318;Plim Plim;SD;Infantil;No
Ecuador;Abono Mensual;Familiar Lite;319;El Reino Infantil;SD;Infantil;No
Ecuador;Abono Mensual;Familiar Lite;330;Discovery Kids;SD;Infantil;Si
Ecuador;Abono Mensual;Familiar Lite;334;Cartoonito;SD;Infantil;No
Ecuador;Abono Mensual;Familiar Lite;350;EWTN;SD;Religioso;Si
Ecuador;Abono Mensual;Familiar Lite;351;Canal Orbe 21;SD;Religioso;No
Ecuador;Abono Mensual;Familiar Lite;352;Enlace TBN;SD;Religioso;Si
Ecuador;Abono Mensual;Familiar Lite;464;Playboy TV;SD;Adultos;No
Ecuador;Abono Mensual;Familiar Lite;468;Venus;SD;Adultos;No
Ecuador;Abono Mensual;Familiar Lite;469;XTSY;SD;Adultos;No
Ecuador;Abono Mensual;Familiar Lite;470;Hustler;SD;Adultos;No
Ecuador;Abono Mensual;Familiar Lite;502;TNT;SD;Cine;Si
Ecuador;Abono Mensual;Familiar Lite;503;Golden;SD;Cine;No
Ecuador;Abono Mensual;Familiar Lite;506;Sony Movies;SD;Cine;No
Ecuador;Abono Mensual;Familiar Lite;507;Cinecanal;SD;Cine;Si
Ecuador;Abono Mensual;Familiar Lite;508;Studio Universal;SD;Cine;Si
Ecuador;Abono Mensual;Familiar Lite;509;Cinemax;SD;Cine;No
Ecuador;Abono Mensual;Familiar Lite;510;Mórbido TV;SD;Cine;No
Ecuador;Abono Mensual;Familiar Lite;513;DHE;SD;Cine;No
Ecuador;Abono Mensual;Familiar Lite;515;Cinema;SD;Cine;Si
Ecuador;Abono Mensual;Familiar Lite;516;De Película;SD;Cine;No
Ecuador;Abono Mensual;Familiar Lite;517;Golden Edge;SD;Cine;No
Ecuador;Abono Mensual;Familiar Lite;518;Space;SD;Cine;Si
Ecuador;Abono Mensual;Familiar Lite;524;HBO Este;SD;Cine;No
Ecuador;Abono Mensual;Familiar Lite;525;HBO 2;SD;Cine;No
Ecuador;Abono Mensual;Familiar Lite;526;HBO Plus Este;SD;Cine;No
Ecuador;Abono Mensual;Familiar Lite;528;HBO Signature;SD;Cine;No
Ecuador;Abono Mensual;Familiar Lite;532;HBO Plus Oeste;SD;Cine;No
Ecuador;Abono Mensual;Familiar Lite;534;HBO Family Este;SD;Cine;No
Ecuador;Abono Mensual;Familiar Lite;538;MAX Prime Oeste;SD;Cine;No
Ecuador;Abono Mensual;Familiar Lite;540;HBO Mundi;SD;Cine;No
Ecuador;Abono Mensual;Familiar Lite;541;HBO Pop;SD;Cine;No
Ecuador;Abono Mensual;Familiar Lite;542;HBO Xtreme;SD;Cine;No
Ecuador;Abono Mensual;Familiar Lite;571;Universal Premiere Este;SD;Cine;No
Ecuador;Abono Mensual;Familiar Lite;572;Universal Cinema;SD;Cine;No
Ecuador;Abono Mensual;Familiar Lite;573;Universal Comedy;SD;Cine;No
Ecuador;Abono Mensual;Familiar Lite;574;Universal Crime Este;SD;Cine;No
Ecuador;Abono Mensual;Familiar Lite;575;Universal Reality;SD;Cine;No
Ecuador;Abono Mensual;Familiar Lite;576;Universal Premiere Oeste;SD;Cine;No
Ecuador;Abono Mensual;Familiar Lite;577;Universal Cinema Oeste;SD;Cine;No
Ecuador;Abono Mensual;Familiar Lite;610;DSports;SD;Deportes;Si
Ecuador;Abono Mensual;Familiar Lite;612;DSports 2;SD;Deportes;Si
Ecuador;Abono Mensual;Familiar Lite;613;DSports+;SD;Deportes;Si
Ecuador;Abono Mensual;Familiar Lite;616;Liga;SD;Deportes;Si
Ecuador;Abono Mensual;Familiar Lite;621;ESPN;SD;Deportes;Si
Ecuador;Abono Mensual;Familiar Lite;622;ESPN 2;SD;Deportes;Si
Ecuador;Abono Mensual;Familiar Lite;623;ESPN 3;SD;Deportes;Si
Ecuador;Abono Mensual;Familiar Lite;625;ESPN 5;SD;Deportes;Si
Ecuador;Abono Mensual;Familiar Lite;626;ESPN 6;SD;Deportes;Si
Ecuador;Abono Mensual;Familiar Lite;627;ESPN 7;SD;Deportes;Si
Ecuador;Abono Mensual;Familiar Lite;628;The Golf Channel;SD;Deportes;No
Ecuador;Abono Mensual;Familiar Lite;629;TyC Sports;SD;Deportes;No
Ecuador;Abono Mensual;Familiar Lite;655;El Canal del Futbol;SD;Deportes;No
Ecuador;Abono Mensual;Familiar Lite;680;MLB Temporada;SD;Deportes;No
Ecuador;Abono Mensual;Familiar Lite;681;MLB Temporada;SD;Deportes;No
Ecuador;Abono Mensual;Familiar Lite;683;Dsports Venezuela;SD;Deportes;No
Ecuador;Abono Mensual;Familiar Lite;698;Dsports;SD;Deportes;No
Ecuador;Abono Mensual;Familiar Lite;699;DSports Eventos;SD;Deportes;No
Ecuador;Abono Mensual;Familiar Lite;700;DNews;SD;Mundo;Si
Ecuador;Abono Mensual;Familiar Lite;704;CNN en Español;SD;Mundo;Si
Ecuador;Abono Mensual;Familiar Lite;706;CNN International;SD;Mundo;No
Ecuador;Abono Mensual;Familiar Lite;707;CNN Chile;SD;Mundo;No
Ecuador;Abono Mensual;Familiar Lite;708;TVN 24 HORAS;SD;Mundo;No
Ecuador;Abono Mensual;Familiar Lite;710;Bloomberg Television;SD;Mundo;No
Ecuador;Abono Mensual;Familiar Lite;716;Todo Noticias (TN);SD;Mundo;No
Ecuador;Abono Mensual;Familiar Lite;720;Canal 26;SD;Mundo;Si
Ecuador;Abono Mensual;Familiar Lite;725;NTN 24;SD;Mundo;Si
Ecuador;Abono Mensual;Familiar Lite;727;Cable Noticias;SD;Mundo;No
Ecuador;Abono Mensual;Familiar Lite;730;National Geographic;SD;Mundo;Si
Ecuador;Abono Mensual;Familiar Lite;732;Discovery Channel;SD;Mundo;Si
Ecuador;Abono Mensual;Familiar Lite;734;Animal Planet;SD;Mundo;Si
Ecuador;Abono Mensual;Familiar Lite;736;Discovery Turbo;SD;Mundo;No
Ecuador;Abono Mensual;Familiar Lite;740;Discovery Travel & Living Channel (TLC);SD;Mundo;No
Ecuador;Abono Mensual;Familiar Lite;742;History Channel;SD;Mundo;Si
Ecuador;Abono Mensual;Familiar Lite;744;History 2;SD;Mundo;No
Ecuador;Abono Mensual;Familiar Lite;760;Univision;SD;Mundo;No
Ecuador;Abono Mensual;Familiar Lite;762;Antena 3;SD;Mundo;No
Ecuador;Abono Mensual;Familiar Lite;764;France 24 Español;SD;Mundo;No
Ecuador;Abono Mensual;Familiar Lite;766;Rai Italia;SD;Mundo;No
Ecuador;Abono Mensual;Familiar Lite;768;BBC News;SD;Mundo;No
Ecuador;Abono Mensual;Familiar Lite;770;Deutsche Welle (DW) Español;SD;Mundo;No
Ecuador;Abono Mensual;Familiar Lite;772;Caracol Internacional;SD;Mundo;Si
Ecuador;Abono Mensual;Familiar Lite;773;El Tiempo TV;SD;Mundo;No
Ecuador;Abono Mensual;Familiar Lite;774;TV Chile;SD;Mundo;No
Ecuador;Abono Mensual;Familiar Lite;775;RCN Nuestra Tele;SD;Mundo;Si
Ecuador;Abono Mensual;Familiar Lite;776;TV Globo;SD;Mundo;No
Ecuador;Abono Mensual;Familiar Lite;778;RTP Internacional;SD;Mundo;No
Ecuador;Abono Mensual;Familiar Lite;780;ZEE Mundo;SD;Mundo;No
Ecuador;Abono Mensual;Familiar Lite;782;NHK World;SD;Mundo;No
Ecuador;Abono Mensual;Familiar Lite;784;El Trece Internacional;SD;Mundo;No
Ecuador;Abono Mensual;Familiar Lite;786;Telefe Internacional;SD;Mundo;No
Ecuador;Abono Mensual;Familiar Lite;790;CGTN;SD;Mundo;Si
Ecuador;Abono Mensual;Familiar Lite;901;DSports Radio;Radio;Radio;No
Ecuador;Abono Mensual;Familiar Lite;980;Unión Radio Noticias;Radio;Radio;Si
Ecuador;Abono Mensual;Familiar Lite;982;Radio Caracol;Radio;Radio;Si
Ecuador;Abono Mensual;Familiar Lite;984;Radio France International;Radio;Radio;Si
Ecuador;Abono Mensual;Familiar Lite;1105;Gran Hermano - Experiencia Multicámara;HD;Variedades;No
Ecuador;Abono Mensual;Familiar Lite;1106;Gran Hermano - 24 hs;HD;Variedades;No
Ecuador;Abono Mensual;Familiar Lite;1107;Gran Hermano - Cámara 1;HD;Variedades;No
Ecuador;Abono Mensual;Familiar Lite;1108;Gran Hermano - Cámara 2;HD;Variedades;No
Ecuador;Abono Mensual;Familiar Lite;1109;Gran Hermano - Cámara 3;HD;Variedades;No
Ecuador;Abono Mensual;Familiar Lite;1180;Teleamazonas HD;HD;Nacional;Si
Ecuador;Abono Mensual;Familiar Lite;1181;TC Television HD;HD;Nacional;Si
Ecuador;Abono Mensual;Familiar Lite;1182;Ecuavisa HD;HD;Nacional;Si
Ecuador;Abono Mensual;Familiar Lite;1204;Star Channel HD;HD;Variedades;Si
Ecuador;Abono Mensual;Familiar Lite;1206;Warner Channel HD;HD;Variedades;Si
Ecuador;Abono Mensual;Familiar Lite;1207;A&E Mundo HD;HD;Variedades;Si
Ecuador;Abono Mensual;Familiar Lite;1208;Sony HD;HD;Variedades;Si
Ecuador;Abono Mensual;Familiar Lite;1209;AXN HD;HD;Variedades;Si
Ecuador;Abono Mensual;Familiar Lite;1210;AMC HD;HD;Variedades;No
Ecuador;Abono Mensual;Familiar Lite;1213;TNT Series HD;HD;Variedades;No
Ecuador;Abono Mensual;Familiar Lite;1214;Atres HD;HD;Variedades;No
Ecuador;Abono Mensual;Familiar Lite;1215;Comedy Central HD;HD;Variedades;No
Ecuador;Abono Mensual;Familiar Lite;1217;FX HD;HD;Variedades;Si
Ecuador;Abono Mensual;Familiar Lite;1218;Universal TV HD;HD;Variedades;Si
Ecuador;Abono Mensual;Familiar Lite;1219;USA Network HD;HD;Variedades;No
Ecuador;Abono Mensual;Familiar Lite;1221;Hola TV HD;HD;Variedades;No
Ecuador;Abono Mensual;Familiar Lite;1222;E! Entertainment HD;HD;Variedades;Si
Ecuador;Abono Mensual;Familiar Lite;1223;Investigation Discovery (ID) HD;HD;Variedades;No
Ecuador;Abono Mensual;Familiar Lite;1228;Lifetime HD;HD;Variedades;No
Ecuador;Abono Mensual;Familiar Lite;1229;Discovery Home & Health;HD;Variedades;No
Ecuador;Abono Mensual;Familiar Lite;1231;Alacocina TV;HD;Variedades;Si
Ecuador;Abono Mensual;Familiar Lite;1232;El Gourmet HD;HD;Variedades;No
Ecuador;Abono Mensual;Familiar Lite;1233;Food Network HD;HD;Variedades;No
Ecuador;Abono Mensual;Familiar Lite;1234;HGTV HD;HD;Variedades;No
Ecuador;Abono Mensual;Familiar Lite;1236;VePlus HD;HD;Variedades;Si
Ecuador;Abono Mensual;Familiar Lite;1264;MTV HD;HD;Variedades;Si
Ecuador;Abono Mensual;Familiar Lite;1265;Music Top HD;HD;Variedades;Si
Ecuador;Abono Mensual;Familiar Lite;1266;Tierra Mía HD;HD;Variedades;Si
Ecuador;Abono Mensual;Familiar Lite;1270;Latina TV;HD;Variedades;Si
Ecuador;Abono Mensual;Familiar Lite;1273;INTI Network HD;HD;Variedades;No
Ecuador;Abono Mensual;Familiar Lite;1304;Cartoon Network HD;HD;Infantil;Si
Ecuador;Abono Mensual;Familiar Lite;1308;Nickelodeon HD;HD;Infantil;No
Ecuador;Abono Mensual;Familiar Lite;1309;Nick Jr. HD;HD;Infantil;No
Ecuador;Abono Mensual;Familiar Lite;1312;Disney Channel HD;HD;Infantil;Si
Ecuador;Abono Mensual;Familiar Lite;1315;Disney Junior HD;HD;Infantil;Si
Ecuador;Abono Mensual;Familiar Lite;1318;Plim Plim;HD;Infantil;No
Ecuador;Abono Mensual;Familiar Lite;1319;El Reino Infantil;HD;Infantil;No
Ecuador;Abono Mensual;Familiar Lite;1330;Discovery Kids HD;HD;Infantil;Si
Ecuador;Abono Mensual;Familiar Lite;1502;TNT HD;HD;Cine;Si
Ecuador;Abono Mensual;Familiar Lite;1503;Golden HD;HD;Cine;No
Ecuador;Abono Mensual;Familiar Lite;1506;Sony Movies;HD;Cine;No
Ecuador;Abono Mensual;Familiar Lite;1507;Cinecanal HD;HD;Cine;Si
Ecuador;Abono Mensual;Familiar Lite;1508;Studio Universal HD;HD;Cine;Si
Ecuador;Abono Mensual;Familiar Lite;1509;Cinemax HD;HD;Cine;No
Ecuador;Abono Mensual;Familiar Lite;1510;Mórbido TV;HD;Cine;No
Ecuador;Abono Mensual;Familiar Lite;1513;DHE HD;HD;Cine;No
Ecuador;Abono Mensual;Familiar Lite;1518;Space HD;HD;Cine;Si
Ecuador;Abono Mensual;Familiar Lite;1524;HBO HD;HD;Cine;No
Ecuador;Abono Mensual;Familiar Lite;1525;HBO 2 HD;HD;Cine;No
Ecuador;Abono Mensual;Familiar Lite;1528;HBO Signature HD;HD;Cine;No
Ecuador;Abono Mensual;Familiar Lite;1532;HBO Plus HD;HD;Cine;No
Ecuador;Abono Mensual;Familiar Lite;1534;HBO Family HD;HD;Cine;No
Ecuador;Abono Mensual;Familiar Lite;1542;HBO Xtreme HD;HD;Cine;No
Ecuador;Abono Mensual;Familiar Lite;1571;Universal Premiere Este HD;HD;Cine;No
Ecuador;Abono Mensual;Familiar Lite;1572;Universal Cinema HD;HD;Cine;No
Ecuador;Abono Mensual;Familiar Lite;1573;Universal Comedy HD;HD;Cine;No
Ecuador;Abono Mensual;Familiar Lite;1574;Universal Crime Este HD;HD;Cine;No
Ecuador;Abono Mensual;Familiar Lite;1575;Universal Reality HD;HD;Cine;No
Ecuador;Abono Mensual;Familiar Lite;1576;Universal Premiere Oeste HD;HD;Cine;No
Ecuador;Abono Mensual;Familiar Lite;1577;Universal Cinema Oeste;HD;Cine;No
Ecuador;Abono Mensual;Familiar Lite;1610;DSports HD;HD;Deportes;Si
Ecuador;Abono Mensual;Familiar Lite;1612;DSports 2 HD;HD;Deportes;Si
Ecuador;Abono Mensual;Familiar Lite;1613;DSports+ HD;HD;Deportes;Si
Ecuador;Abono Mensual;Familiar Lite;1621;ESPN HD;HD;Deportes;Si
Ecuador;Abono Mensual;Familiar Lite;1622;ESPN 2 HD;HD;Deportes;Si
Ecuador;Abono Mensual;Familiar Lite;1623;ESPN 3 HD;HD;Deportes;Si
Ecuador;Abono Mensual;Familiar Lite;1624;ESPN 4 HD;HD;Deportes;Si
Ecuador;Abono Mensual;Familiar Lite;1625;ESPN 5 HD;HD;Deportes;Si
Ecuador;Abono Mensual;Familiar Lite;1626;ESPN 6 HD;HD;Deportes;Si
Ecuador;Abono Mensual;Familiar Lite;1627;ESPN 7 HD;HD;Deportes;Si
Ecuador;Abono Mensual;Familiar Lite;1628;Golf Channel HD;HD;Deportes;No
Ecuador;Abono Mensual;Familiar Lite;1639;PX Sports;HD;Deportes;No
Ecuador;Abono Mensual;Familiar Lite;1655;El Canal del Futbol;HD;Deportes;No
Ecuador;Abono Mensual;Familiar Lite;1698;Dsports;HD;Deportes;No
Ecuador;Abono Mensual;Familiar Lite;1699;DSports Eventos;HD;Deportes;No
Ecuador;Abono Mensual;Familiar Lite;1700;DNews HD;HD;Mundo;Si
Ecuador;Abono Mensual;Familiar Lite;1727;Cable Noticias HD;HD;Mundo;No
Ecuador;Abono Mensual;Familiar Lite;1730;National Geographic HD;HD;Mundo;Si
Ecuador;Abono Mensual;Familiar Lite;1731;Discovery Theater HD;HD;Mundo;No
Ecuador;Abono Mensual;Familiar Lite;1732;Discovery Channel HD;HD;Mundo;Si
Ecuador;Abono Mensual;Familiar Lite;1734;Animal Planet HD;HD;Mundo;Si
Ecuador;Abono Mensual;Familiar Lite;1738;Discovery World HD;HD;Mundo;No
Ecuador;Abono Mensual;Familiar Lite;1740;Discovery Travel & Living Channel (TLC) HD;HD;Mundo;No
Ecuador;Abono Mensual;Familiar Lite;1742;History HD;HD;Mundo;Si
Ecuador;Abono Mensual;Familiar Lite;1744;History 2 HD;HD;Mundo;No
Ecuador;Abono Mensual;Familiar Lite;1750;Encuentro;HD;Variedades;No
Ecuador;Abono Mensual;Familiar Lite;1762;Antena 3 HD;HD;Mundo;No
Ecuador;Abono Mensual;Familiar Lite;1764;France 24 Español;HD;Mundo;No
Ecuador;Abono Mensual;Familiar Lite;4000;Directv 4K;4K;4K;No
Ecuador;Abono Mensual;Oro Plus;142;Telecaribe;SD;Mundo;Si
Ecuador;Abono Mensual;Oro Plus;148;Canal TRO;SD;Mundo;No
Ecuador;Abono Mensual;Oro Plus;151;Telemedellin;SD;Mundo;Si
Ecuador;Abono Mensual;Oro Plus;170;TV Familia;SD;Religioso;Si
Ecuador;Abono Mensual;Oro Plus;177;RTU;SD;Nacional;Si
Ecuador;Abono Mensual;Oro Plus;178;Redonda TV;SD;Variedades;Si
Ecuador;Abono Mensual;Oro Plus;179;Teleamazonas Guayaquil;SD;Nacional;Si
Ecuador;Abono Mensual;Oro Plus;180;Teleamazonas;SD;Nacional;Si
Ecuador;Abono Mensual;Oro Plus;181;TC Television;SD;Nacional;Si
Ecuador;Abono Mensual;Oro Plus;182;Ecuavisa;SD;Nacional;Si
Ecuador;Abono Mensual;Oro Plus;183;Gama TV;SD;Nacional;Si
Ecuador;Abono Mensual;Oro Plus;184;Ecuavisa;SD;Nacional;Si
Ecuador;Abono Mensual;Oro Plus;185;RTS;SD;Nacional;Si
Ecuador;Abono Mensual;Oro Plus;187;Ecuador TV;SD;Nacional;Si
Ecuador;Abono Mensual;Oro Plus;188;Telerama;SD;Nacional;Si
Ecuador;Abono Mensual;Oro Plus;190;Oro Mar TV;SD;Nacional;Si
Ecuador;Abono Mensual;Oro Plus;192;Televicentro;SD;Nacional;Si
Ecuador;Abono Mensual;Oro Plus;194;Manavision;SD;Nacional;Si
Ecuador;Abono Mensual;Oro Plus;202;Star Channel;SD;Variedades;Si
Ecuador;Abono Mensual;Oro Plus;206;Warner Channel;SD;Variedades;Si
Ecuador;Abono Mensual;Oro Plus;207;A&E;SD;Variedades;Si
Ecuador;Abono Mensual;Oro Plus;208;Sony;SD;Variedades;Si
Ecuador;Abono Mensual;Oro Plus;209;AXN;SD;Variedades;Si
Ecuador;Abono Mensual;Oro Plus;210;AMC;SD;Variedades;Si
Ecuador;Abono Mensual;Oro Plus;213;TNT Series;SD;Variedades;Si
Ecuador;Abono Mensual;Oro Plus;214;Atres Series;SD;Variedades;Si
Ecuador;Abono Mensual;Oro Plus;215;Comedy Central;SD;Variedades;Si
Ecuador;Abono Mensual;Oro Plus;216;TNT Novelas;SD;Variedades;Si
Ecuador;Abono Mensual;Oro Plus;217;FX;SD;Variedades;Si
Ecuador;Abono Mensual;Oro Plus;218;Universal TV;SD;Variedades;Si
Ecuador;Abono Mensual;Oro Plus;219;USA Network;SD;Variedades;Si
Ecuador;Abono Mensual;Oro Plus;220;Adult Swim;SD;Variedades;Si
Ecuador;Abono Mensual;Oro Plus;221;¡Hola! TV;SD;Variedades;Si
Ecuador;Abono Mensual;Oro Plus;222;E! Entertainment;SD;Variedades;Si
Ecuador;Abono Mensual;Oro Plus;223;Investigation Discovery (ID);SD;Variedades;Si
Ecuador;Abono Mensual;Oro Plus;226;El Canal de las Estrellas;SD;Variedades;Si
Ecuador;Abono Mensual;Oro Plus;227;TLnovelas;SD;Variedades;Si
Ecuador;Abono Mensual;Oro Plus;228;Lifetime;SD;Variedades;Si
Ecuador;Abono Mensual;Oro Plus;229;Discovery Home & Health;SD;Variedades;Si
Ecuador;Abono Mensual;Oro Plus;230;Más Chic;SD;Variedades;Si
Ecuador;Abono Mensual;Oro Plus;231;Telemundo Internacional;SD;Variedades;Si
Ecuador;Abono Mensual;Oro Plus;232;El Gourmet;SD;Variedades;Si
Ecuador;Abono Mensual;Oro Plus;233;Food Network;SD;Variedades;Si
Ecuador;Abono Mensual;Oro Plus;264;MTV;SD;Variedades;Si
Ecuador;Abono Mensual;Oro Plus;269;Quiero Música en Mi Idioma (QMusic);SD;Variedades;Si
Ecuador;Abono Mensual;Oro Plus;270;Mi Gente 3.0;SD;Variedades;No
Ecuador;Abono Mensual;Oro Plus;304;Cartoon Network;SD;Infantil;Si
Ecuador;Abono Mensual;Oro Plus;308;Nickelodeon;SD;Infantil;Si
Ecuador;Abono Mensual;Oro Plus;309;Nick Jr.;SD;Infantil;Si
Ecuador;Abono Mensual;Oro Plus;312;Disney Channel;SD;Infantil;Si
Ecuador;Abono Mensual;Oro Plus;315;Disney Junior;SD;Infantil;Si
Ecuador;Abono Mensual;Oro Plus;317;BabyTV;SD;Infantil;Si
Ecuador;Abono Mensual;Oro Plus;318;Plim Plim;SD;Infantil;No
Ecuador;Abono Mensual;Oro Plus;319;El Reino Infantil;SD;Infantil;Si
Ecuador;Abono Mensual;Oro Plus;330;Discovery Kids;SD;Infantil;Si
Ecuador;Abono Mensual;Oro Plus;334;Cartoonito;SD;Infantil;Si
Ecuador;Abono Mensual;Oro Plus;350;EWTN;SD;Religioso;Si
Ecuador;Abono Mensual;Oro Plus;351;Canal Orbe 21;SD;Religioso;Si
Ecuador;Abono Mensual;Oro Plus;352;Enlace TBN;SD;Religioso;Si
Ecuador;Abono Mensual;Oro Plus;464;Playboy TV;SD;Adultos;No
Ecuador;Abono Mensual;Oro Plus;468;Venus;SD;Adultos;No
Ecuador;Abono Mensual;Oro Plus;469;XTSY;SD;Adultos;No
Ecuador;Abono Mensual;Oro Plus;470;Hustler;SD;Adultos;No
Ecuador;Abono Mensual;Oro Plus;502;TNT;SD;Cine;Si
Ecuador;Abono Mensual;Oro Plus;503;Golden;SD;Cine;Si
Ecuador;Abono Mensual;Oro Plus;506;Sony Movies;SD;Cine;Si
Ecuador;Abono Mensual;Oro Plus;507;Cinecanal;SD;Cine;Si
Ecuador;Abono Mensual;Oro Plus;508;Studio Universal;SD;Cine;Si
Ecuador;Abono Mensual;Oro Plus;509;Cinemax;SD;Cine;Si
Ecuador;Abono Mensual;Oro Plus;510;Mórbido TV;SD;Cine;No
Ecuador;Abono Mensual;Oro Plus;513;DHE;SD;Cine;Si
Ecuador;Abono Mensual;Oro Plus;515;Cinema;SD;Cine;No
Ecuador;Abono Mensual;Oro Plus;516;De Película;SD;Cine;Si
Ecuador;Abono Mensual;Oro Plus;517;Golden Edge;SD;Cine;Si
Ecuador;Abono Mensual;Oro Plus;518;Space;SD;Cine;Si
Ecuador;Abono Mensual;Oro Plus;524;HBO Este;SD;Cine;No
Ecuador;Abono Mensual;Oro Plus;525;HBO 2;SD;Cine;No
Ecuador;Abono Mensual;Oro Plus;526;HBO Plus Este;SD;Cine;No
Ecuador;Abono Mensual;Oro Plus;528;HBO Signature;SD;Cine;No
Ecuador;Abono Mensual;Oro Plus;532;HBO Plus Oeste;SD;Cine;No
Ecuador;Abono Mensual;Oro Plus;534;HBO Family Este;SD;Cine;No
Ecuador;Abono Mensual;Oro Plus;538;MAX Prime Oeste;SD;Cine;No
Ecuador;Abono Mensual;Oro Plus;540;HBO Mundi;SD;Cine;No
Ecuador;Abono Mensual;Oro Plus;541;HBO Pop;SD;Cine;No
Ecuador;Abono Mensual;Oro Plus;542;HBO Xtreme;SD;Cine;No
Ecuador;Abono Mensual;Oro Plus;571;Universal Premiere Este;SD;Cine;No
Ecuador;Abono Mensual;Oro Plus;572;Universal Cinema;SD;Cine;No
Ecuador;Abono Mensual;Oro Plus;573;Universal Comedy;SD;Cine;No
Ecuador;Abono Mensual;Oro Plus;574;Universal Crime Este;SD;Cine;No
Ecuador;Abono Mensual;Oro Plus;575;Universal Reality;SD;Cine;No
Ecuador;Abono Mensual;Oro Plus;576;Universal Premiere Oeste;SD;Cine;No
Ecuador;Abono Mensual;Oro Plus;577;Universal Cinema Oeste;SD;Cine;No
Ecuador;Abono Mensual;Oro Plus;610;DSports;SD;Deportes;Si
Ecuador;Abono Mensual;Oro Plus;612;DSports 2;SD;Deportes;Si
Ecuador;Abono Mensual;Oro Plus;613;DSports+;SD;Deportes;Si
Ecuador;Abono Mensual;Oro Plus;616;Liga;SD;Deportes;No
Ecuador;Abono Mensual;Oro Plus;621;ESPN;SD;Deportes;Si
Ecuador;Abono Mensual;Oro Plus;622;ESPN 2;SD;Deportes;Si
Ecuador;Abono Mensual;Oro Plus;623;ESPN 3;SD;Deportes;Si
Ecuador;Abono Mensual;Oro Plus;625;ESPN 5;SD;Deportes;Si
Ecuador;Abono Mensual;Oro Plus;626;ESPN 6;SD;Deportes;Si
Ecuador;Abono Mensual;Oro Plus;627;ESPN 7;SD;Deportes;Si
Ecuador;Abono Mensual;Oro Plus;628;The Golf Channel;SD;Deportes;Si
Ecuador;Abono Mensual;Oro Plus;629;TyC Sports;SD;Deportes;Si
Ecuador;Abono Mensual;Oro Plus;655;El Canal del Futbol;SD;Deportes;No
Ecuador;Abono Mensual;Oro Plus;680;MLB Temporada;SD;Deportes;No
Ecuador;Abono Mensual;Oro Plus;681;MLB Temporada;SD;Deportes;No
Ecuador;Abono Mensual;Oro Plus;683;Dsports Venezuela;SD;Deportes;No
Ecuador;Abono Mensual;Oro Plus;698;Dsports;SD;Deportes;No
Ecuador;Abono Mensual;Oro Plus;699;DSports Eventos;SD;Deportes;No
Ecuador;Abono Mensual;Oro Plus;700;DNews;SD;Mundo;Si
Ecuador;Abono Mensual;Oro Plus;704;CNN en Español;SD;Mundo;Si
Ecuador;Abono Mensual;Oro Plus;706;CNN International;SD;Mundo;Si
Ecuador;Abono Mensual;Oro Plus;707;CNN Chile;SD;Mundo;Si
Ecuador;Abono Mensual;Oro Plus;708;TVN 24 HORAS;SD;Mundo;Si
Ecuador;Abono Mensual;Oro Plus;710;Bloomberg Television;SD;Mundo;Si
Ecuador;Abono Mensual;Oro Plus;716;Todo Noticias (TN);SD;Mundo;Si
Ecuador;Abono Mensual;Oro Plus;720;Canal 26;SD;Mundo;Si
Ecuador;Abono Mensual;Oro Plus;725;NTN 24;SD;Mundo;Si
Ecuador;Abono Mensual;Oro Plus;727;Cable Noticias;SD;Mundo;Si
Ecuador;Abono Mensual;Oro Plus;730;National Geographic;SD;Mundo;Si
Ecuador;Abono Mensual;Oro Plus;732;Discovery Channel;SD;Mundo;Si
Ecuador;Abono Mensual;Oro Plus;734;Animal Planet;SD;Mundo;Si
Ecuador;Abono Mensual;Oro Plus;736;Discovery Turbo;SD;Mundo;Si
Ecuador;Abono Mensual;Oro Plus;740;Discovery Travel & Living Channel (TLC);SD;Mundo;Si
Ecuador;Abono Mensual;Oro Plus;742;History Channel;SD;Mundo;Si
Ecuador;Abono Mensual;Oro Plus;744;History 2;SD;Mundo;Si
Ecuador;Abono Mensual;Oro Plus;760;Univision;SD;Mundo;Si
Ecuador;Abono Mensual;Oro Plus;762;Antena 3;SD;Mundo;Si
Ecuador;Abono Mensual;Oro Plus;764;France 24 Español;SD;Mundo;No
Ecuador;Abono Mensual;Oro Plus;766;Rai Italia;SD;Mundo;Si
Ecuador;Abono Mensual;Oro Plus;768;BBC News;SD;Mundo;Si
Ecuador;Abono Mensual;Oro Plus;770;Deutsche Welle (DW) Español;SD;Mundo;Si
Ecuador;Abono Mensual;Oro Plus;772;Caracol Internacional;SD;Mundo;Si
Ecuador;Abono Mensual;Oro Plus;773;El Tiempo TV;SD;Mundo;Si
Ecuador;Abono Mensual;Oro Plus;774;TV Chile;SD;Mundo;Si
Ecuador;Abono Mensual;Oro Plus;775;RCN Nuestra Tele;SD;Mundo;Si
Ecuador;Abono Mensual;Oro Plus;776;TV Globo;SD;Mundo;No
Ecuador;Abono Mensual;Oro Plus;778;RTP Internacional;SD;Mundo;Si
Ecuador;Abono Mensual;Oro Plus;780;ZEE Mundo;SD;Mundo;No
Ecuador;Abono Mensual;Oro Plus;782;NHK World;SD;Mundo;Si
Ecuador;Abono Mensual;Oro Plus;784;El Trece Internacional;SD;Mundo;Si
Ecuador;Abono Mensual;Oro Plus;786;Telefe Internacional;SD;Mundo;Si
Ecuador;Abono Mensual;Oro Plus;790;CGTN;SD;Mundo;Si
Ecuador;Abono Mensual;Oro Plus;901;DSports Radio;Radio;Radio;No
Ecuador;Abono Mensual;Oro Plus;980;Unión Radio Noticias;Radio;Radio;Si
Ecuador;Abono Mensual;Oro Plus;982;Radio Caracol;Radio;Radio;Si
Ecuador;Abono Mensual;Oro Plus;984;Radio France International;Radio;Radio;Si
Ecuador;Abono Mensual;Oro Plus;1105;Gran Hermano - Experiencia Multicámara;HD;Variedades;No
Ecuador;Abono Mensual;Oro Plus;1106;Gran Hermano - 24 hs;HD;Variedades;No
Ecuador;Abono Mensual;Oro Plus;1107;Gran Hermano - Cámara 1;HD;Variedades;No
Ecuador;Abono Mensual;Oro Plus;1108;Gran Hermano - Cámara 2;HD;Variedades;No
Ecuador;Abono Mensual;Oro Plus;1109;Gran Hermano - Cámara 3;HD;Variedades;No
Ecuador;Abono Mensual;Oro Plus;1180;Teleamazonas HD;HD;Nacional;Si
Ecuador;Abono Mensual;Oro Plus;1181;TC Television HD;HD;Nacional;Si
Ecuador;Abono Mensual;Oro Plus;1182;Ecuavisa HD;HD;Nacional;Si
Ecuador;Abono Mensual;Oro Plus;1204;Star Channel HD;HD;Variedades;Si
Ecuador;Abono Mensual;Oro Plus;1206;Warner Channel HD;HD;Variedades;Si
Ecuador;Abono Mensual;Oro Plus;1207;A&E Mundo HD;HD;Variedades;Si
Ecuador;Abono Mensual;Oro Plus;1208;Sony HD;HD;Variedades;Si
Ecuador;Abono Mensual;Oro Plus;1209;AXN HD;HD;Variedades;Si
Ecuador;Abono Mensual;Oro Plus;1210;AMC HD;HD;Variedades;Si
Ecuador;Abono Mensual;Oro Plus;1213;TNT Series HD;HD;Variedades;Si
Ecuador;Abono Mensual;Oro Plus;1214;Atres HD;HD;Variedades;Si
Ecuador;Abono Mensual;Oro Plus;1215;Comedy Central HD;HD;Variedades;Si
Ecuador;Abono Mensual;Oro Plus;1217;FX HD;HD;Variedades;Si
Ecuador;Abono Mensual;Oro Plus;1218;Universal TV HD;HD;Variedades;Si
Ecuador;Abono Mensual;Oro Plus;1219;USA Network HD;HD;Variedades;Si
Ecuador;Abono Mensual;Oro Plus;1221;Hola TV HD;HD;Variedades;Si
Ecuador;Abono Mensual;Oro Plus;1222;E! Entertainment HD;HD;Variedades;Si
Ecuador;Abono Mensual;Oro Plus;1223;Investigation Discovery (ID) HD;HD;Variedades;Si
Ecuador;Abono Mensual;Oro Plus;1228;Lifetime HD;HD;Variedades;Si
Ecuador;Abono Mensual;Oro Plus;1229;Discovery Home & Health;HD;Variedades;Si
Ecuador;Abono Mensual;Oro Plus;1231;Alacocina TV;HD;Variedades;Si
Ecuador;Abono Mensual;Oro Plus;1232;El Gourmet HD;HD;Variedades;Si
Ecuador;Abono Mensual;Oro Plus;1233;Food Network HD;HD;Variedades;Si
Ecuador;Abono Mensual;Oro Plus;1234;HGTV HD;HD;Variedades;Si
Ecuador;Abono Mensual;Oro Plus;1236;VePlus HD;HD;Variedades;Si
Ecuador;Abono Mensual;Oro Plus;1264;MTV HD;HD;Variedades;Si
Ecuador;Abono Mensual;Oro Plus;1265;Music Top HD;HD;Variedades;Si
Ecuador;Abono Mensual;Oro Plus;1266;Tierra Mía HD;HD;Variedades;Si
Ecuador;Abono Mensual;Oro Plus;1270;Latina TV;HD;Variedades;Si
Ecuador;Abono Mensual;Oro Plus;1273;INTI Network HD;HD;Variedades;Si
Ecuador;Abono Mensual;Oro Plus;1304;Cartoon Network HD;HD;Infantil;Si
Ecuador;Abono Mensual;Oro Plus;1308;Nickelodeon HD;HD;Infantil;Si
Ecuador;Abono Mensual;Oro Plus;1309;Nick Jr. HD;HD;Infantil;Si
Ecuador;Abono Mensual;Oro Plus;1312;Disney Channel HD;HD;Infantil;Si
Ecuador;Abono Mensual;Oro Plus;1315;Disney Junior HD;HD;Infantil;Si
Ecuador;Abono Mensual;Oro Plus;1318;Plim Plim;HD;Infantil;Si
Ecuador;Abono Mensual;Oro Plus;1319;El Reino Infantil;HD;Infantil;Si
Ecuador;Abono Mensual;Oro Plus;1330;Discovery Kids HD;HD;Infantil;Si
Ecuador;Abono Mensual;Oro Plus;1502;TNT HD;HD;Cine;Si
Ecuador;Abono Mensual;Oro Plus;1503;Golden HD;HD;Cine;Si
Ecuador;Abono Mensual;Oro Plus;1506;Sony Movies;HD;Cine;Si
Ecuador;Abono Mensual;Oro Plus;1507;Cinecanal HD;HD;Cine;Si
Ecuador;Abono Mensual;Oro Plus;1508;Studio Universal HD;HD;Cine;Si
Ecuador;Abono Mensual;Oro Plus;1509;Cinemax HD;HD;Cine;Si
Ecuador;Abono Mensual;Oro Plus;1510;Mórbido TV;HD;Cine;No
Ecuador;Abono Mensual;Oro Plus;1513;DHE HD;HD;Cine;Si
Ecuador;Abono Mensual;Oro Plus;1518;Space HD;HD;Cine;Si
Ecuador;Abono Mensual;Oro Plus;1524;HBO HD;HD;Cine;No
Ecuador;Abono Mensual;Oro Plus;1525;HBO 2 HD;HD;Cine;No
Ecuador;Abono Mensual;Oro Plus;1528;HBO Signature HD;HD;Cine;No
Ecuador;Abono Mensual;Oro Plus;1532;HBO Plus HD;HD;Cine;No
Ecuador;Abono Mensual;Oro Plus;1534;HBO Family HD;HD;Cine;No
Ecuador;Abono Mensual;Oro Plus;1542;HBO Xtreme HD;HD;Cine;No
Ecuador;Abono Mensual;Oro Plus;1571;Universal Premiere Este HD;HD;Cine;No
Ecuador;Abono Mensual;Oro Plus;1572;Universal Cinema HD;HD;Cine;No
Ecuador;Abono Mensual;Oro Plus;1573;Universal Comedy HD;HD;Cine;No
Ecuador;Abono Mensual;Oro Plus;1574;Universal Crime Este HD;HD;Cine;No
Ecuador;Abono Mensual;Oro Plus;1575;Universal Reality HD;HD;Cine;No
Ecuador;Abono Mensual;Oro Plus;1576;Universal Premiere Oeste HD;HD;Cine;No
Ecuador;Abono Mensual;Oro Plus;1577;Universal Cinema Oeste;HD;Cine;No
Ecuador;Abono Mensual;Oro Plus;1610;DSports HD;HD;Deportes;Si
Ecuador;Abono Mensual;Oro Plus;1612;DSports 2 HD;HD;Deportes;Si
Ecuador;Abono Mensual;Oro Plus;1613;DSports+ HD;HD;Deportes;Si
Ecuador;Abono Mensual;Oro Plus;1621;ESPN HD;HD;Deportes;Si
Ecuador;Abono Mensual;Oro Plus;1622;ESPN 2 HD;HD;Deportes;Si
Ecuador;Abono Mensual;Oro Plus;1623;ESPN 3 HD;HD;Deportes;Si
Ecuador;Abono Mensual;Oro Plus;1624;ESPN 4 HD;HD;Deportes;Si
Ecuador;Abono Mensual;Oro Plus;1625;ESPN 5 HD;HD;Deportes;Si
Ecuador;Abono Mensual;Oro Plus;1626;ESPN 6 HD;HD;Deportes;Si
Ecuador;Abono Mensual;Oro Plus;1627;ESPN 7 HD;HD;Deportes;Si
Ecuador;Abono Mensual;Oro Plus;1628;Golf Channel HD;HD;Deportes;Si
Ecuador;Abono Mensual;Oro Plus;1639;PX Sports;HD;Deportes;Si
Ecuador;Abono Mensual;Oro Plus;1655;El Canal del Futbol;HD;Deportes;No
Ecuador;Abono Mensual;Oro Plus;1698;Dsports;HD;Deportes;No
Ecuador;Abono Mensual;Oro Plus;1699;DSports Eventos;HD;Deportes;No
Ecuador;Abono Mensual;Oro Plus;1700;DNews HD;HD;Mundo;Si
Ecuador;Abono Mensual;Oro Plus;1727;Cable Noticias HD;HD;Mundo;Si
Ecuador;Abono Mensual;Oro Plus;1730;National Geographic HD;HD;Mundo;Si
Ecuador;Abono Mensual;Oro Plus;1731;Discovery Theater HD;HD;Mundo;Si
Ecuador;Abono Mensual;Oro Plus;1732;Discovery Channel HD;HD;Mundo;Si
Ecuador;Abono Mensual;Oro Plus;1734;Animal Planet HD;HD;Mundo;Si
Ecuador;Abono Mensual;Oro Plus;1738;Discovery World HD;HD;Mundo;Si
Ecuador;Abono Mensual;Oro Plus;1740;Discovery Travel & Living Channel (TLC) HD;HD;Mundo;Si
Ecuador;Abono Mensual;Oro Plus;1742;History HD;HD;Mundo;Si
Ecuador;Abono Mensual;Oro Plus;1744;History 2 HD;HD;Mundo;Si
Ecuador;Abono Mensual;Oro Plus;1750;Encuentro;HD;Variedades;Si
Ecuador;Abono Mensual;Oro Plus;1762;Antena 3 HD;HD;Mundo;Si
Ecuador;Abono Mensual;Oro Plus;1764;France 24 Español;HD;Mundo;No
Ecuador;Abono Mensual;Oro Plus;4000;Directv 4K;4K;4K;No
Ecuador;Abono Mensual;Familiar Plus;142;Telecaribe;SD;Mundo;No
Ecuador;Abono Mensual;Familiar Plus;148;Canal TRO;SD;Mundo;No
Ecuador;Abono Mensual;Familiar Plus;151;Telemedellin;SD;Mundo;No
Ecuador;Abono Mensual;Familiar Plus;170;TV Familia;SD;Religioso;No
Ecuador;Abono Mensual;Familiar Plus;177;RTU;SD;Nacional;Si
Ecuador;Abono Mensual;Familiar Plus;178;Redonda TV;SD;Variedades;Si
Ecuador;Abono Mensual;Familiar Plus;179;Teleamazonas Guayaquil;SD;Nacional;Si
Ecuador;Abono Mensual;Familiar Plus;180;Teleamazonas;SD;Nacional;Si
Ecuador;Abono Mensual;Familiar Plus;181;TC Television;SD;Nacional;Si
Ecuador;Abono Mensual;Familiar Plus;182;Ecuavisa;SD;Nacional;Si
Ecuador;Abono Mensual;Familiar Plus;183;Gama TV;SD;Nacional;Si
Ecuador;Abono Mensual;Familiar Plus;184;Ecuavisa;SD;Nacional;Si
Ecuador;Abono Mensual;Familiar Plus;185;RTS;SD;Nacional;Si
Ecuador;Abono Mensual;Familiar Plus;187;Ecuador TV;SD;Nacional;Si
Ecuador;Abono Mensual;Familiar Plus;188;Telerama;SD;Nacional;Si
Ecuador;Abono Mensual;Familiar Plus;190;Oro Mar TV;SD;Nacional;Si
Ecuador;Abono Mensual;Familiar Plus;192;Televicentro;SD;Nacional;Si
Ecuador;Abono Mensual;Familiar Plus;194;Manavision;SD;Nacional;Si
Ecuador;Abono Mensual;Familiar Plus;202;Star Channel;SD;Variedades;Si
Ecuador;Abono Mensual;Familiar Plus;206;Warner Channel;SD;Variedades;Si
Ecuador;Abono Mensual;Familiar Plus;207;A&E;SD;Variedades;Si
Ecuador;Abono Mensual;Familiar Plus;208;Sony;SD;Variedades;Si
Ecuador;Abono Mensual;Familiar Plus;209;AXN;SD;Variedades;Si
Ecuador;Abono Mensual;Familiar Plus;210;AMC;SD;Variedades;No
Ecuador;Abono Mensual;Familiar Plus;213;TNT Series;SD;Variedades;No
Ecuador;Abono Mensual;Familiar Plus;214;Atres Series;SD;Variedades;No
Ecuador;Abono Mensual;Familiar Plus;215;Comedy Central;SD;Variedades;No
Ecuador;Abono Mensual;Familiar Plus;216;TNT Novelas;SD;Variedades;No
Ecuador;Abono Mensual;Familiar Plus;217;FX;SD;Variedades;Si
Ecuador;Abono Mensual;Familiar Plus;218;Universal TV;SD;Variedades;Si
Ecuador;Abono Mensual;Familiar Plus;219;USA Network;SD;Variedades;No
Ecuador;Abono Mensual;Familiar Plus;220;Adult Swim;SD;Variedades;No
Ecuador;Abono Mensual;Familiar Plus;221;¡Hola! TV;SD;Variedades;Si
Ecuador;Abono Mensual;Familiar Plus;222;E! Entertainment;SD;Variedades;Si
Ecuador;Abono Mensual;Familiar Plus;223;Investigation Discovery (ID);SD;Variedades;No
Ecuador;Abono Mensual;Familiar Plus;226;El Canal de las Estrellas;SD;Variedades;Si
Ecuador;Abono Mensual;Familiar Plus;227;TLnovelas;SD;Variedades;No
Ecuador;Abono Mensual;Familiar Plus;228;Lifetime;SD;Variedades;No
Ecuador;Abono Mensual;Familiar Plus;229;Discovery Home & Health;SD;Variedades;No
Ecuador;Abono Mensual;Familiar Plus;230;Más Chic;SD;Variedades;No
Ecuador;Abono Mensual;Familiar Plus;231;Telemundo Internacional;SD;Variedades;Si
Ecuador;Abono Mensual;Familiar Plus;232;El Gourmet;SD;Variedades;No
Ecuador;Abono Mensual;Familiar Plus;233;Food Network;SD;Variedades;No
Ecuador;Abono Mensual;Familiar Plus;264;MTV;SD;Variedades;Si
Ecuador;Abono Mensual;Familiar Plus;269;Quiero Música en Mi Idioma (QMusic);SD;Variedades;No
Ecuador;Abono Mensual;Familiar Plus;270;Mi Gente 3.0;SD;Variedades;No
Ecuador;Abono Mensual;Familiar Plus;304;Cartoon Network;SD;Infantil;Si
Ecuador;Abono Mensual;Familiar Plus;308;Nickelodeon;SD;Infantil;No
Ecuador;Abono Mensual;Familiar Plus;309;Nick Jr.;SD;Infantil;No
Ecuador;Abono Mensual;Familiar Plus;312;Disney Channel;SD;Infantil;Si
Ecuador;Abono Mensual;Familiar Plus;315;Disney Junior;SD;Infantil;Si
Ecuador;Abono Mensual;Familiar Plus;317;BabyTV;SD;Infantil;No
Ecuador;Abono Mensual;Familiar Plus;318;Plim Plim;SD;Infantil;No
Ecuador;Abono Mensual;Familiar Plus;319;El Reino Infantil;SD;Infantil;No
Ecuador;Abono Mensual;Familiar Plus;330;Discovery Kids;SD;Infantil;Si
Ecuador;Abono Mensual;Familiar Plus;334;Cartoonito;SD;Infantil;No
Ecuador;Abono Mensual;Familiar Plus;350;EWTN;SD;Religioso;Si
Ecuador;Abono Mensual;Familiar Plus;351;Canal Orbe 21;SD;Religioso;No
Ecuador;Abono Mensual;Familiar Plus;352;Enlace TBN;SD;Religioso;Si
Ecuador;Abono Mensual;Familiar Plus;464;Playboy TV;SD;Adultos;No
Ecuador;Abono Mensual;Familiar Plus;468;Venus;SD;Adultos;No
Ecuador;Abono Mensual;Familiar Plus;469;XTSY;SD;Adultos;No
Ecuador;Abono Mensual;Familiar Plus;470;Hustler;SD;Adultos;No
Ecuador;Abono Mensual;Familiar Plus;502;TNT;SD;Cine;Si
Ecuador;Abono Mensual;Familiar Plus;503;Golden;SD;Cine;No
Ecuador;Abono Mensual;Familiar Plus;506;Sony Movies;SD;Cine;No
Ecuador;Abono Mensual;Familiar Plus;507;Cinecanal;SD;Cine;Si
Ecuador;Abono Mensual;Familiar Plus;508;Studio Universal;SD;Cine;Si
Ecuador;Abono Mensual;Familiar Plus;509;Cinemax;SD;Cine;No
Ecuador;Abono Mensual;Familiar Plus;510;Mórbido TV;SD;Cine;No
Ecuador;Abono Mensual;Familiar Plus;513;DHE;SD;Cine;No
Ecuador;Abono Mensual;Familiar Plus;515;Cinema;SD;Cine;No
Ecuador;Abono Mensual;Familiar Plus;516;De Película;SD;Cine;No
Ecuador;Abono Mensual;Familiar Plus;517;Golden Edge;SD;Cine;No
Ecuador;Abono Mensual;Familiar Plus;518;Space;SD;Cine;Si
Ecuador;Abono Mensual;Familiar Plus;524;HBO Este;SD;Cine;No
Ecuador;Abono Mensual;Familiar Plus;525;HBO 2;SD;Cine;No
Ecuador;Abono Mensual;Familiar Plus;526;HBO Plus Este;SD;Cine;No
Ecuador;Abono Mensual;Familiar Plus;528;HBO Signature;SD;Cine;No
Ecuador;Abono Mensual;Familiar Plus;532;HBO Plus Oeste;SD;Cine;No
Ecuador;Abono Mensual;Familiar Plus;534;HBO Family Este;SD;Cine;No
Ecuador;Abono Mensual;Familiar Plus;538;MAX Prime Oeste;SD;Cine;No
Ecuador;Abono Mensual;Familiar Plus;540;HBO Mundi;SD;Cine;No
Ecuador;Abono Mensual;Familiar Plus;541;HBO Pop;SD;Cine;No
Ecuador;Abono Mensual;Familiar Plus;542;HBO Xtreme;SD;Cine;No
Ecuador;Abono Mensual;Familiar Plus;571;Universal Premiere Este;SD;Cine;No
Ecuador;Abono Mensual;Familiar Plus;572;Universal Cinema;SD;Cine;No
Ecuador;Abono Mensual;Familiar Plus;573;Universal Comedy;SD;Cine;No
Ecuador;Abono Mensual;Familiar Plus;574;Universal Crime Este;SD;Cine;No
Ecuador;Abono Mensual;Familiar Plus;575;Universal Reality;SD;Cine;No
Ecuador;Abono Mensual;Familiar Plus;576;Universal Premiere Oeste;SD;Cine;No
Ecuador;Abono Mensual;Familiar Plus;577;Universal Cinema Oeste;SD;Cine;No
Ecuador;Abono Mensual;Familiar Plus;610;DSports;SD;Deportes;Si
Ecuador;Abono Mensual;Familiar Plus;612;DSports 2;SD;Deportes;Si
Ecuador;Abono Mensual;Familiar Plus;613;DSports+;SD;Deportes;Si
Ecuador;Abono Mensual;Familiar Plus;616;Liga;SD;Deportes;No
Ecuador;Abono Mensual;Familiar Plus;621;ESPN;SD;Deportes;Si
Ecuador;Abono Mensual;Familiar Plus;622;ESPN 2;SD;Deportes;Si
Ecuador;Abono Mensual;Familiar Plus;623;ESPN 3;SD;Deportes;Si
Ecuador;Abono Mensual;Familiar Plus;625;ESPN 5;SD;Deportes;Si
Ecuador;Abono Mensual;Familiar Plus;626;ESPN 6;SD;Deportes;Si
Ecuador;Abono Mensual;Familiar Plus;627;ESPN 7;SD;Deportes;Si
Ecuador;Abono Mensual;Familiar Plus;628;The Golf Channel;SD;Deportes;No
Ecuador;Abono Mensual;Familiar Plus;629;TyC Sports;SD;Deportes;No
Ecuador;Abono Mensual;Familiar Plus;655;El Canal del Futbol;SD;Deportes;No
Ecuador;Abono Mensual;Familiar Plus;680;MLB Temporada;SD;Deportes;No
Ecuador;Abono Mensual;Familiar Plus;681;MLB Temporada;SD;Deportes;No
Ecuador;Abono Mensual;Familiar Plus;683;Dsports Venezuela;SD;Deportes;No
Ecuador;Abono Mensual;Familiar Plus;698;Dsports;SD;Deportes;No
Ecuador;Abono Mensual;Familiar Plus;699;DSports Eventos;SD;Deportes;No
Ecuador;Abono Mensual;Familiar Plus;700;DNews;SD;Mundo;Si
Ecuador;Abono Mensual;Familiar Plus;704;CNN en Español;SD;Mundo;Si
Ecuador;Abono Mensual;Familiar Plus;706;CNN International;SD;Mundo;No
Ecuador;Abono Mensual;Familiar Plus;707;CNN Chile;SD;Mundo;No
Ecuador;Abono Mensual;Familiar Plus;708;TVN 24 HORAS;SD;Mundo;No
Ecuador;Abono Mensual;Familiar Plus;710;Bloomberg Television;SD;Mundo;No
Ecuador;Abono Mensual;Familiar Plus;716;Todo Noticias (TN);SD;Mundo;No
Ecuador;Abono Mensual;Familiar Plus;720;Canal 26;SD;Mundo;Si
Ecuador;Abono Mensual;Familiar Plus;725;NTN 24;SD;Mundo;Si
Ecuador;Abono Mensual;Familiar Plus;727;Cable Noticias;SD;Mundo;No
Ecuador;Abono Mensual;Familiar Plus;730;National Geographic;SD;Mundo;Si
Ecuador;Abono Mensual;Familiar Plus;732;Discovery Channel;SD;Mundo;Si
Ecuador;Abono Mensual;Familiar Plus;734;Animal Planet;SD;Mundo;Si
Ecuador;Abono Mensual;Familiar Plus;736;Discovery Turbo;SD;Mundo;No
Ecuador;Abono Mensual;Familiar Plus;740;Discovery Travel & Living Channel (TLC);SD;Mundo;No
Ecuador;Abono Mensual;Familiar Plus;742;History Channel;SD;Mundo;Si
Ecuador;Abono Mensual;Familiar Plus;744;History 2;SD;Mundo;No
Ecuador;Abono Mensual;Familiar Plus;760;Univision;SD;Mundo;No
Ecuador;Abono Mensual;Familiar Plus;762;Antena 3;SD;Mundo;No
Ecuador;Abono Mensual;Familiar Plus;764;France 24 Español;SD;Mundo;No
Ecuador;Abono Mensual;Familiar Plus;766;Rai Italia;SD;Mundo;No
Ecuador;Abono Mensual;Familiar Plus;768;BBC News;SD;Mundo;No
Ecuador;Abono Mensual;Familiar Plus;770;Deutsche Welle (DW) Español;SD;Mundo;No
Ecuador;Abono Mensual;Familiar Plus;772;Caracol Internacional;SD;Mundo;Si
Ecuador;Abono Mensual;Familiar Plus;773;El Tiempo TV;SD;Mundo;No
Ecuador;Abono Mensual;Familiar Plus;774;TV Chile;SD;Mundo;No
Ecuador;Abono Mensual;Familiar Plus;775;RCN Nuestra Tele;SD;Mundo;Si
Ecuador;Abono Mensual;Familiar Plus;776;TV Globo;SD;Mundo;No
Ecuador;Abono Mensual;Familiar Plus;778;RTP Internacional;SD;Mundo;No
Ecuador;Abono Mensual;Familiar Plus;780;ZEE Mundo;SD;Mundo;No
Ecuador;Abono Mensual;Familiar Plus;782;NHK World;SD;Mundo;No
Ecuador;Abono Mensual;Familiar Plus;784;El Trece Internacional;SD;Mundo;No
Ecuador;Abono Mensual;Familiar Plus;786;Telefe Internacional;SD;Mundo;No
Ecuador;Abono Mensual;Familiar Plus;790;CGTN;SD;Mundo;No
Ecuador;Abono Mensual;Familiar Plus;901;DSports Radio;Radio;Radio;No
Ecuador;Abono Mensual;Familiar Plus;980;Unión Radio Noticias;Radio;Radio;Si
Ecuador;Abono Mensual;Familiar Plus;982;Radio Caracol;Radio;Radio;Si
Ecuador;Abono Mensual;Familiar Plus;984;Radio France International;Radio;Radio;Si
Ecuador;Abono Mensual;Familiar Plus;1105;Gran Hermano - Experiencia Multicámara;HD;Variedades;No
Ecuador;Abono Mensual;Familiar Plus;1106;Gran Hermano - 24 hs;HD;Variedades;No
Ecuador;Abono Mensual;Familiar Plus;1107;Gran Hermano - Cámara 1;HD;Variedades;No
Ecuador;Abono Mensual;Familiar Plus;1108;Gran Hermano - Cámara 2;HD;Variedades;No
Ecuador;Abono Mensual;Familiar Plus;1109;Gran Hermano - Cámara 3;HD;Variedades;No
Ecuador;Abono Mensual;Familiar Plus;1180;Teleamazonas HD;HD;Nacional;No
Ecuador;Abono Mensual;Familiar Plus;1181;TC Television HD;HD;Nacional;Si
Ecuador;Abono Mensual;Familiar Plus;1182;Ecuavisa HD;HD;Nacional;Si
Ecuador;Abono Mensual;Familiar Plus;1204;Star Channel HD;HD;Variedades;Si
Ecuador;Abono Mensual;Familiar Plus;1206;Warner Channel HD;HD;Variedades;Si
Ecuador;Abono Mensual;Familiar Plus;1207;A&E Mundo HD;HD;Variedades;Si
Ecuador;Abono Mensual;Familiar Plus;1208;Sony HD;HD;Variedades;Si
Ecuador;Abono Mensual;Familiar Plus;1209;AXN HD;HD;Variedades;Si
Ecuador;Abono Mensual;Familiar Plus;1210;AMC HD;HD;Variedades;No
Ecuador;Abono Mensual;Familiar Plus;1213;TNT Series HD;HD;Variedades;No
Ecuador;Abono Mensual;Familiar Plus;1214;Atres HD;HD;Variedades;No
Ecuador;Abono Mensual;Familiar Plus;1215;Comedy Central HD;HD;Variedades;No
Ecuador;Abono Mensual;Familiar Plus;1217;FX HD;HD;Variedades;Si
Ecuador;Abono Mensual;Familiar Plus;1218;Universal TV HD;HD;Variedades;Si
Ecuador;Abono Mensual;Familiar Plus;1219;USA Network HD;HD;Variedades;No
Ecuador;Abono Mensual;Familiar Plus;1221;Hola TV HD;HD;Variedades;No
Ecuador;Abono Mensual;Familiar Plus;1222;E! Entertainment HD;HD;Variedades;Si
Ecuador;Abono Mensual;Familiar Plus;1223;Investigation Discovery (ID) HD;HD;Variedades;No
Ecuador;Abono Mensual;Familiar Plus;1228;Lifetime HD;HD;Variedades;No
Ecuador;Abono Mensual;Familiar Plus;1229;Discovery Home & Health;HD;Variedades;No
Ecuador;Abono Mensual;Familiar Plus;1231;Alacocina TV;HD;Variedades;Si
Ecuador;Abono Mensual;Familiar Plus;1232;El Gourmet HD;HD;Variedades;No
Ecuador;Abono Mensual;Familiar Plus;1233;Food Network HD;HD;Variedades;No
Ecuador;Abono Mensual;Familiar Plus;1234;HGTV HD;HD;Variedades;No
Ecuador;Abono Mensual;Familiar Plus;1236;VePlus HD;HD;Variedades;No
Ecuador;Abono Mensual;Familiar Plus;1264;MTV HD;HD;Variedades;Si
Ecuador;Abono Mensual;Familiar Plus;1265;Music Top HD;HD;Variedades;Si
Ecuador;Abono Mensual;Familiar Plus;1266;Tierra Mía HD;HD;Variedades;Si
Ecuador;Abono Mensual;Familiar Plus;1270;Latina TV;HD;Variedades;Si
Ecuador;Abono Mensual;Familiar Plus;1273;INTI Network HD;HD;Variedades;No
Ecuador;Abono Mensual;Familiar Plus;1304;Cartoon Network HD;HD;Infantil;Si
Ecuador;Abono Mensual;Familiar Plus;1308;Nickelodeon HD;HD;Infantil;No
Ecuador;Abono Mensual;Familiar Plus;1309;Nick Jr. HD;HD;Infantil;No
Ecuador;Abono Mensual;Familiar Plus;1312;Disney Channel HD;HD;Infantil;Si
Ecuador;Abono Mensual;Familiar Plus;1315;Disney Junior HD;HD;Infantil;Si
Ecuador;Abono Mensual;Familiar Plus;1318;Plim Plim;HD;Infantil;No
Ecuador;Abono Mensual;Familiar Plus;1319;El Reino Infantil;HD;Infantil;No
Ecuador;Abono Mensual;Familiar Plus;1330;Discovery Kids HD;HD;Infantil;Si
Ecuador;Abono Mensual;Familiar Plus;1502;TNT HD;HD;Cine;Si
Ecuador;Abono Mensual;Familiar Plus;1503;Golden HD;HD;Cine;No
Ecuador;Abono Mensual;Familiar Plus;1506;Sony Movies;HD;Cine;No
Ecuador;Abono Mensual;Familiar Plus;1507;Cinecanal HD;HD;Cine;Si
Ecuador;Abono Mensual;Familiar Plus;1508;Studio Universal HD;HD;Cine;Si
Ecuador;Abono Mensual;Familiar Plus;1509;Cinemax HD;HD;Cine;No
Ecuador;Abono Mensual;Familiar Plus;1510;Mórbido TV;HD;Cine;No
Ecuador;Abono Mensual;Familiar Plus;1513;DHE HD;HD;Cine;No
Ecuador;Abono Mensual;Familiar Plus;1518;Space HD;HD;Cine;Si
Ecuador;Abono Mensual;Familiar Plus;1524;HBO HD;HD;Cine;No
Ecuador;Abono Mensual;Familiar Plus;1525;HBO 2 HD;HD;Cine;No
Ecuador;Abono Mensual;Familiar Plus;1528;HBO Signature HD;HD;Cine;No
Ecuador;Abono Mensual;Familiar Plus;1532;HBO Plus HD;HD;Cine;No
Ecuador;Abono Mensual;Familiar Plus;1534;HBO Family HD;HD;Cine;No
Ecuador;Abono Mensual;Familiar Plus;1542;HBO Xtreme HD;HD;Cine;No
Ecuador;Abono Mensual;Familiar Plus;1571;Universal Premiere Este HD;HD;Cine;No
Ecuador;Abono Mensual;Familiar Plus;1572;Universal Cinema HD;HD;Cine;No
Ecuador;Abono Mensual;Familiar Plus;1573;Universal Comedy HD;HD;Cine;No
Ecuador;Abono Mensual;Familiar Plus;1574;Universal Crime Este HD;HD;Cine;No
Ecuador;Abono Mensual;Familiar Plus;1575;Universal Reality HD;HD;Cine;No
Ecuador;Abono Mensual;Familiar Plus;1576;Universal Premiere Oeste HD;HD;Cine;No
Ecuador;Abono Mensual;Familiar Plus;1577;Universal Cinema Oeste;HD;Cine;No
Ecuador;Abono Mensual;Familiar Plus;1610;DSports HD;HD;Deportes;Si
Ecuador;Abono Mensual;Familiar Plus;1612;DSports 2 HD;HD;Deportes;Si
Ecuador;Abono Mensual;Familiar Plus;1613;DSports+ HD;HD;Deportes;Si
Ecuador;Abono Mensual;Familiar Plus;1621;ESPN HD;HD;Deportes;Si
Ecuador;Abono Mensual;Familiar Plus;1622;ESPN 2 HD;HD;Deportes;Si
Ecuador;Abono Mensual;Familiar Plus;1623;ESPN 3 HD;HD;Deportes;Si
Ecuador;Abono Mensual;Familiar Plus;1624;ESPN 4 HD;HD;Deportes;Si
Ecuador;Abono Mensual;Familiar Plus;1625;ESPN 5 HD;HD;Deportes;Si
Ecuador;Abono Mensual;Familiar Plus;1626;ESPN 6 HD;HD;Deportes;Si
Ecuador;Abono Mensual;Familiar Plus;1627;ESPN 7 HD;HD;Deportes;Si
Ecuador;Abono Mensual;Familiar Plus;1628;Golf Channel HD;HD;Deportes;No
Ecuador;Abono Mensual;Familiar Plus;1639;PX Sports;HD;Deportes;No
Ecuador;Abono Mensual;Familiar Plus;1655;El Canal del Futbol;HD;Deportes;No
Ecuador;Abono Mensual;Familiar Plus;1698;Dsports;HD;Deportes;No
Ecuador;Abono Mensual;Familiar Plus;1699;DSports Eventos;HD;Deportes;No
Ecuador;Abono Mensual;Familiar Plus;1700;DNews HD;HD;Mundo;Si
Ecuador;Abono Mensual;Familiar Plus;1727;Cable Noticias HD;HD;Mundo;No
Ecuador;Abono Mensual;Familiar Plus;1730;National Geographic HD;HD;Mundo;Si
Ecuador;Abono Mensual;Familiar Plus;1731;Discovery Theater HD;HD;Mundo;No
Ecuador;Abono Mensual;Familiar Plus;1732;Discovery Channel HD;HD;Mundo;Si
Ecuador;Abono Mensual;Familiar Plus;1734;Animal Planet HD;HD;Mundo;Si
Ecuador;Abono Mensual;Familiar Plus;1738;Discovery World HD;HD;Mundo;No
Ecuador;Abono Mensual;Familiar Plus;1740;Discovery Travel & Living Channel (TLC) HD;HD;Mundo;No
Ecuador;Abono Mensual;Familiar Plus;1742;History HD;HD;Mundo;Si
Ecuador;Abono Mensual;Familiar Plus;1744;History 2 HD;HD;Mundo;No
Ecuador;Abono Mensual;Familiar Plus;1750;Encuentro;HD;Variedades;No
Ecuador;Abono Mensual;Familiar Plus;1762;Antena 3 HD;HD;Mundo;No
Ecuador;Abono Mensual;Familiar Plus;1764;France 24 Español;HD;Mundo;No
Ecuador;Abono Mensual;Familiar Plus;4000;Directv 4K;4K;4K;No
Ecuador;Prepago;Familiar SD Pre;142;Telecaribe;SD;Mundo;Si
Ecuador;Prepago;Familiar SD Pre;148;Canal TRO;SD;Mundo;Si
Ecuador;Prepago;Familiar SD Pre;151;Telemedellin;SD;Mundo;Si
Ecuador;Prepago;Familiar SD Pre;170;TV Familia;SD;Religioso;No
Ecuador;Prepago;Familiar SD Pre;177;RTU;SD;Nacional;Si
Ecuador;Prepago;Familiar SD Pre;178;Redonda TV;SD;Variedades;Si
Ecuador;Prepago;Familiar SD Pre;179;Teleamazonas Guayaquil;SD;Nacional;Si
Ecuador;Prepago;Familiar SD Pre;180;Teleamazonas;SD;Nacional;Si
Ecuador;Prepago;Familiar SD Pre;181;TC Television;SD;Nacional;Si
Ecuador;Prepago;Familiar SD Pre;182;Ecuavisa;SD;Nacional;Si
Ecuador;Prepago;Familiar SD Pre;183;Gama TV;SD;Nacional;Si
Ecuador;Prepago;Familiar SD Pre;184;Ecuavisa;SD;Nacional;Si
Ecuador;Prepago;Familiar SD Pre;185;RTS;SD;Nacional;Si
Ecuador;Prepago;Familiar SD Pre;187;Ecuador TV;SD;Nacional;Si
Ecuador;Prepago;Familiar SD Pre;188;Telerama;SD;Nacional;Si
Ecuador;Prepago;Familiar SD Pre;190;Oro Mar TV;SD;Nacional;Si
Ecuador;Prepago;Familiar SD Pre;192;Televicentro;SD;Nacional;Si
Ecuador;Prepago;Familiar SD Pre;194;Manavision;SD;Nacional;Si
Ecuador;Prepago;Familiar SD Pre;202;Star Channel;SD;Variedades;Si
Ecuador;Prepago;Familiar SD Pre;206;Warner Channel;SD;Variedades;Si
Ecuador;Prepago;Familiar SD Pre;207;A&E;SD;Variedades;Si
Ecuador;Prepago;Familiar SD Pre;208;Sony;SD;Variedades;Si
Ecuador;Prepago;Familiar SD Pre;209;AXN;SD;Variedades;Si
Ecuador;Prepago;Familiar SD Pre;210;AMC;SD;Variedades;No
Ecuador;Prepago;Familiar SD Pre;213;TNT Series;SD;Variedades;No
Ecuador;Prepago;Familiar SD Pre;214;Atres Series;SD;Variedades;No
Ecuador;Prepago;Familiar SD Pre;215;Comedy Central;SD;Variedades;No
Ecuador;Prepago;Familiar SD Pre;216;TNT Novelas;SD;Variedades;No
Ecuador;Prepago;Familiar SD Pre;217;FX;SD;Variedades;Si
Ecuador;Prepago;Familiar SD Pre;218;Universal TV;SD;Variedades;Si
Ecuador;Prepago;Familiar SD Pre;219;USA Network;SD;Variedades;No
Ecuador;Prepago;Familiar SD Pre;220;Adult Swim;SD;Variedades;No
Ecuador;Prepago;Familiar SD Pre;221;¡Hola! TV;SD;Variedades;Si
Ecuador;Prepago;Familiar SD Pre;222;E! Entertainment;SD;Variedades;Si
Ecuador;Prepago;Familiar SD Pre;223;Investigation Discovery (ID);SD;Variedades;No
Ecuador;Prepago;Familiar SD Pre;226;El Canal de las Estrellas;SD;Variedades;Si
Ecuador;Prepago;Familiar SD Pre;227;TLnovelas;SD;Variedades;No
Ecuador;Prepago;Familiar SD Pre;228;Lifetime;SD;Variedades;No
Ecuador;Prepago;Familiar SD Pre;229;Discovery Home & Health;SD;Variedades;No
Ecuador;Prepago;Familiar SD Pre;230;Más Chic;SD;Variedades;No
Ecuador;Prepago;Familiar SD Pre;231;Telemundo Internacional;SD;Variedades;Si
Ecuador;Prepago;Familiar SD Pre;232;El Gourmet;SD;Variedades;No
Ecuador;Prepago;Familiar SD Pre;233;Food Network;SD;Variedades;No
Ecuador;Prepago;Familiar SD Pre;264;MTV;SD;Variedades;Si
Ecuador;Prepago;Familiar SD Pre;269;Quiero Música en Mi Idioma (QMusic);SD;Variedades;No
Ecuador;Prepago;Familiar SD Pre;270;Mi Gente 3.0;SD;Variedades;No
Ecuador;Prepago;Familiar SD Pre;304;Cartoon Network;SD;Infantil;Si
Ecuador;Prepago;Familiar SD Pre;308;Nickelodeon;SD;Infantil;No
Ecuador;Prepago;Familiar SD Pre;309;Nick Jr.;SD;Infantil;No
Ecuador;Prepago;Familiar SD Pre;312;Disney Channel;SD;Infantil;Si
Ecuador;Prepago;Familiar SD Pre;315;Disney Junior;SD;Infantil;Si
Ecuador;Prepago;Familiar SD Pre;317;BabyTV;SD;Infantil;No
Ecuador;Prepago;Familiar SD Pre;318;Plim Plim;SD;Infantil;Si
Ecuador;Prepago;Familiar SD Pre;319;El Reino Infantil;SD;Infantil;No
Ecuador;Prepago;Familiar SD Pre;330;Discovery Kids;SD;Infantil;Si
Ecuador;Prepago;Familiar SD Pre;334;Cartoonito;SD;Infantil;No
Ecuador;Prepago;Familiar SD Pre;350;EWTN;SD;Religioso;Si
Ecuador;Prepago;Familiar SD Pre;351;Canal Orbe 21;SD;Religioso;No
Ecuador;Prepago;Familiar SD Pre;352;Enlace TBN;SD;Religioso;Si
Ecuador;Prepago;Familiar SD Pre;464;Playboy TV;SD;Adultos;No
Ecuador;Prepago;Familiar SD Pre;468;Venus;SD;Adultos;No
Ecuador;Prepago;Familiar SD Pre;469;XTSY;SD;Adultos;No
Ecuador;Prepago;Familiar SD Pre;470;Hustler;SD;Adultos;No
Ecuador;Prepago;Familiar SD Pre;502;TNT;SD;Cine;Si
Ecuador;Prepago;Familiar SD Pre;503;Golden;SD;Cine;No
Ecuador;Prepago;Familiar SD Pre;506;Sony Movies;SD;Cine;No
Ecuador;Prepago;Familiar SD Pre;507;Cinecanal;SD;Cine;Si
Ecuador;Prepago;Familiar SD Pre;508;Studio Universal;SD;Cine;Si
Ecuador;Prepago;Familiar SD Pre;509;Cinemax;SD;Cine;No
Ecuador;Prepago;Familiar SD Pre;510;Mórbido TV;SD;Cine;Si
Ecuador;Prepago;Familiar SD Pre;513;DHE;SD;Cine;No
Ecuador;Prepago;Familiar SD Pre;515;Cinema;SD;Cine;No
Ecuador;Prepago;Familiar SD Pre;516;De Película;SD;Cine;No
Ecuador;Prepago;Familiar SD Pre;517;Golden Edge;SD;Cine;No
Ecuador;Prepago;Familiar SD Pre;518;Space;SD;Cine;Si
Ecuador;Prepago;Familiar SD Pre;524;HBO Este;SD;Cine;No
Ecuador;Prepago;Familiar SD Pre;525;HBO 2;SD;Cine;No
Ecuador;Prepago;Familiar SD Pre;526;HBO Plus Este;SD;Cine;No
Ecuador;Prepago;Familiar SD Pre;528;HBO Signature;SD;Cine;No
Ecuador;Prepago;Familiar SD Pre;532;HBO Plus Oeste;SD;Cine;No
Ecuador;Prepago;Familiar SD Pre;534;HBO Family Este;SD;Cine;No
Ecuador;Prepago;Familiar SD Pre;538;MAX Prime Oeste;SD;Cine;No
Ecuador;Prepago;Familiar SD Pre;540;HBO Mundi;SD;Cine;No
Ecuador;Prepago;Familiar SD Pre;541;HBO Pop;SD;Cine;No
Ecuador;Prepago;Familiar SD Pre;542;HBO Xtreme;SD;Cine;No
Ecuador;Prepago;Familiar SD Pre;571;Universal Premiere Este;SD;Cine;No
Ecuador;Prepago;Familiar SD Pre;572;Universal Cinema;SD;Cine;No
Ecuador;Prepago;Familiar SD Pre;573;Universal Comedy;SD;Cine;No
Ecuador;Prepago;Familiar SD Pre;574;Universal Crime Este;SD;Cine;No
Ecuador;Prepago;Familiar SD Pre;575;Universal Reality;SD;Cine;No
Ecuador;Prepago;Familiar SD Pre;576;Universal Premiere Oeste;SD;Cine;No
Ecuador;Prepago;Familiar SD Pre;577;Universal Cinema Oeste;SD;Cine;No
Ecuador;Prepago;Familiar SD Pre;610;DSports;SD;Deportes;Si
Ecuador;Prepago;Familiar SD Pre;612;DSports 2;SD;Deportes;Si
Ecuador;Prepago;Familiar SD Pre;613;DSports+;SD;Deportes;Si
Ecuador;Prepago;Familiar SD Pre;616;Liga;SD;Deportes;No
Ecuador;Prepago;Familiar SD Pre;621;ESPN;SD;Deportes;Si
Ecuador;Prepago;Familiar SD Pre;622;ESPN 2;SD;Deportes;Si
Ecuador;Prepago;Familiar SD Pre;623;ESPN 3;SD;Deportes;Si
Ecuador;Prepago;Familiar SD Pre;625;ESPN 5;SD;Deportes;Si
Ecuador;Prepago;Familiar SD Pre;626;ESPN 6;SD;Deportes;Si
Ecuador;Prepago;Familiar SD Pre;627;ESPN 7;SD;Deportes;Si
Ecuador;Prepago;Familiar SD Pre;628;The Golf Channel;SD;Deportes;No
Ecuador;Prepago;Familiar SD Pre;629;TyC Sports;SD;Deportes;No
Ecuador;Prepago;Familiar SD Pre;655;El Canal del Futbol;SD;Deportes;No
Ecuador;Prepago;Familiar SD Pre;680;MLB Temporada;SD;Deportes;No
Ecuador;Prepago;Familiar SD Pre;681;MLB Temporada;SD;Deportes;No
Ecuador;Prepago;Familiar SD Pre;683;Dsports Venezuela;SD;Deportes;Si
Ecuador;Prepago;Familiar SD Pre;698;Dsports;SD;Deportes;No
Ecuador;Prepago;Familiar SD Pre;699;DSports Eventos;SD;Deportes;No
Ecuador;Prepago;Familiar SD Pre;700;DNews;SD;Mundo;Si
Ecuador;Prepago;Familiar SD Pre;704;CNN en Español;SD;Mundo;Si
Ecuador;Prepago;Familiar SD Pre;706;CNN International;SD;Mundo;No
Ecuador;Prepago;Familiar SD Pre;707;CNN Chile;SD;Mundo;No
Ecuador;Prepago;Familiar SD Pre;708;TVN 24 HORAS;SD;Mundo;No
Ecuador;Prepago;Familiar SD Pre;710;Bloomberg Television;SD;Mundo;No
Ecuador;Prepago;Familiar SD Pre;716;Todo Noticias (TN);SD;Mundo;No
Ecuador;Prepago;Familiar SD Pre;720;Canal 26;SD;Mundo;Si
Ecuador;Prepago;Familiar SD Pre;725;NTN 24;SD;Mundo;No
Ecuador;Prepago;Familiar SD Pre;727;Cable Noticias;SD;Mundo;No
Ecuador;Prepago;Familiar SD Pre;730;National Geographic;SD;Mundo;Si
Ecuador;Prepago;Familiar SD Pre;732;Discovery Channel;SD;Mundo;Si
Ecuador;Prepago;Familiar SD Pre;734;Animal Planet;SD;Mundo;Si
Ecuador;Prepago;Familiar SD Pre;736;Discovery Turbo;SD;Mundo;No
Ecuador;Prepago;Familiar SD Pre;740;Discovery Travel & Living Channel (TLC);SD;Mundo;No
Ecuador;Prepago;Familiar SD Pre;742;History Channel;SD;Mundo;Si
Ecuador;Prepago;Familiar SD Pre;744;History 2;SD;Mundo;No
Ecuador;Prepago;Familiar SD Pre;760;Univision;SD;Mundo;No
Ecuador;Prepago;Familiar SD Pre;762;Antena 3;SD;Mundo;No
Ecuador;Prepago;Familiar SD Pre;764;France 24 Español;SD;Mundo;Si
Ecuador;Prepago;Familiar SD Pre;766;Rai Italia;SD;Mundo;No
Ecuador;Prepago;Familiar SD Pre;768;BBC News;SD;Mundo;No
Ecuador;Prepago;Familiar SD Pre;770;Deutsche Welle (DW) Español;SD;Mundo;No
Ecuador;Prepago;Familiar SD Pre;772;Caracol Internacional;SD;Mundo;Si
Ecuador;Prepago;Familiar SD Pre;773;El Tiempo TV;SD;Mundo;No
Ecuador;Prepago;Familiar SD Pre;774;TV Chile;SD;Mundo;No
Ecuador;Prepago;Familiar SD Pre;775;RCN Nuestra Tele;SD;Mundo;Si
Ecuador;Prepago;Familiar SD Pre;776;TV Globo;SD;Mundo;No
Ecuador;Prepago;Familiar SD Pre;778;RTP Internacional;SD;Mundo;No
Ecuador;Prepago;Familiar SD Pre;780;ZEE Mundo;SD;Mundo;No
Ecuador;Prepago;Familiar SD Pre;782;NHK World;SD;Mundo;No
Ecuador;Prepago;Familiar SD Pre;784;El Trece Internacional;SD;Mundo;No
Ecuador;Prepago;Familiar SD Pre;786;Telefe Internacional;SD;Mundo;No
Ecuador;Prepago;Familiar SD Pre;790;CGTN;SD;Mundo;Si
Ecuador;Prepago;Familiar SD Pre;901;DSports Radio;Radio;Radio;No
Ecuador;Prepago;Familiar SD Pre;980;Unión Radio Noticias;Radio;Radio;Si
Ecuador;Prepago;Familiar SD Pre;982;Radio Caracol;Radio;Radio;Si
Ecuador;Prepago;Familiar SD Pre;984;Radio France International;Radio;Radio;Si
Ecuador;Prepago;Familiar SD Pre;1105;Gran Hermano - Experiencia Multicámara;HD;Variedades;No
Ecuador;Prepago;Familiar SD Pre;1106;Gran Hermano - 24 hs;HD;Variedades;No
Ecuador;Prepago;Familiar SD Pre;1107;Gran Hermano - Cámara 1;HD;Variedades;No
Ecuador;Prepago;Familiar SD Pre;1108;Gran Hermano - Cámara 2;HD;Variedades;No
Ecuador;Prepago;Familiar SD Pre;1109;Gran Hermano - Cámara 3;HD;Variedades;No
Ecuador;Prepago;Familiar SD Pre;1180;Teleamazonas HD;HD;Nacional;No
Ecuador;Prepago;Familiar SD Pre;1181;TC Television HD;HD;Nacional;No
Ecuador;Prepago;Familiar SD Pre;1182;Ecuavisa HD;HD;Nacional;No
Ecuador;Prepago;Familiar SD Pre;1204;Star Channel HD;HD;Variedades;No
Ecuador;Prepago;Familiar SD Pre;1206;Warner Channel HD;HD;Variedades;No
Ecuador;Prepago;Familiar SD Pre;1207;A&E Mundo HD;HD;Variedades;No
Ecuador;Prepago;Familiar SD Pre;1208;Sony HD;HD;Variedades;No
Ecuador;Prepago;Familiar SD Pre;1209;AXN HD;HD;Variedades;No
Ecuador;Prepago;Familiar SD Pre;1210;AMC HD;HD;Variedades;No
Ecuador;Prepago;Familiar SD Pre;1213;TNT Series HD;HD;Variedades;No
Ecuador;Prepago;Familiar SD Pre;1214;Atres HD;HD;Variedades;No
Ecuador;Prepago;Familiar SD Pre;1215;Comedy Central HD;HD;Variedades;No
Ecuador;Prepago;Familiar SD Pre;1217;FX HD;HD;Variedades;No
Ecuador;Prepago;Familiar SD Pre;1218;Universal TV HD;HD;Variedades;No
Ecuador;Prepago;Familiar SD Pre;1219;USA Network HD;HD;Variedades;No
Ecuador;Prepago;Familiar SD Pre;1221;Hola TV HD;HD;Variedades;No
Ecuador;Prepago;Familiar SD Pre;1222;E! Entertainment HD;HD;Variedades;No
Ecuador;Prepago;Familiar SD Pre;1223;Investigation Discovery (ID) HD;HD;Variedades;No
Ecuador;Prepago;Familiar SD Pre;1228;Lifetime HD;HD;Variedades;No
Ecuador;Prepago;Familiar SD Pre;1229;Discovery Home & Health;HD;Variedades;No
Ecuador;Prepago;Familiar SD Pre;1231;Alacocina TV;HD;Variedades;Si
Ecuador;Prepago;Familiar SD Pre;1232;El Gourmet HD;HD;Variedades;No
Ecuador;Prepago;Familiar SD Pre;1233;Food Network HD;HD;Variedades;No
Ecuador;Prepago;Familiar SD Pre;1234;HGTV HD;HD;Variedades;No
Ecuador;Prepago;Familiar SD Pre;1236;VePlus HD;HD;Variedades;No
Ecuador;Prepago;Familiar SD Pre;1264;MTV HD;HD;Variedades;No
Ecuador;Prepago;Familiar SD Pre;1265;Music Top HD;HD;Variedades;No
Ecuador;Prepago;Familiar SD Pre;1266;Tierra Mía HD;HD;Variedades;No
Ecuador;Prepago;Familiar SD Pre;1270;Latina TV;HD;Variedades;Si
Ecuador;Prepago;Familiar SD Pre;1273;INTI Network HD;HD;Variedades;No
Ecuador;Prepago;Familiar SD Pre;1304;Cartoon Network HD;HD;Infantil;No
Ecuador;Prepago;Familiar SD Pre;1308;Nickelodeon HD;HD;Infantil;No
Ecuador;Prepago;Familiar SD Pre;1309;Nick Jr. HD;HD;Infantil;No
Ecuador;Prepago;Familiar SD Pre;1312;Disney Channel HD;HD;Infantil;No
Ecuador;Prepago;Familiar SD Pre;1315;Disney Junior HD;HD;Infantil;No
Ecuador;Prepago;Familiar SD Pre;1318;Plim Plim;HD;Infantil;Si
Ecuador;Prepago;Familiar SD Pre;1319;El Reino Infantil;HD;Infantil;No
Ecuador;Prepago;Familiar SD Pre;1330;Discovery Kids HD;HD;Infantil;No
Ecuador;Prepago;Familiar SD Pre;1502;TNT HD;HD;Cine;No
Ecuador;Prepago;Familiar SD Pre;1503;Golden HD;HD;Cine;No
Ecuador;Prepago;Familiar SD Pre;1506;Sony Movies;HD;Cine;No
Ecuador;Prepago;Familiar SD Pre;1507;Cinecanal HD;HD;Cine;No
Ecuador;Prepago;Familiar SD Pre;1508;Studio Universal HD;HD;Cine;No
Ecuador;Prepago;Familiar SD Pre;1509;Cinemax HD;HD;Cine;No
Ecuador;Prepago;Familiar SD Pre;1510;Mórbido TV;HD;Cine;Si
Ecuador;Prepago;Familiar SD Pre;1513;DHE HD;HD;Cine;No
Ecuador;Prepago;Familiar SD Pre;1518;Space HD;HD;Cine;No
Ecuador;Prepago;Familiar SD Pre;1524;HBO HD;HD;Cine;No
Ecuador;Prepago;Familiar SD Pre;1525;HBO 2 HD;HD;Cine;No
Ecuador;Prepago;Familiar SD Pre;1528;HBO Signature HD;HD;Cine;No
Ecuador;Prepago;Familiar SD Pre;1532;HBO Plus HD;HD;Cine;No
Ecuador;Prepago;Familiar SD Pre;1534;HBO Family HD;HD;Cine;No
Ecuador;Prepago;Familiar SD Pre;1542;HBO Xtreme HD;HD;Cine;No
Ecuador;Prepago;Familiar SD Pre;1571;Universal Premiere Este HD;HD;Cine;No
Ecuador;Prepago;Familiar SD Pre;1572;Universal Cinema HD;HD;Cine;No
Ecuador;Prepago;Familiar SD Pre;1573;Universal Comedy HD;HD;Cine;No
Ecuador;Prepago;Familiar SD Pre;1574;Universal Crime Este HD;HD;Cine;No
Ecuador;Prepago;Familiar SD Pre;1575;Universal Reality HD;HD;Cine;No
Ecuador;Prepago;Familiar SD Pre;1576;Universal Premiere Oeste HD;HD;Cine;No
Ecuador;Prepago;Familiar SD Pre;1577;Universal Cinema Oeste;HD;Cine;No
Ecuador;Prepago;Familiar SD Pre;1610;DSports HD;HD;Deportes;No
Ecuador;Prepago;Familiar SD Pre;1612;DSports 2 HD;HD;Deportes;No
Ecuador;Prepago;Familiar SD Pre;1613;DSports+ HD;HD;Deportes;No
Ecuador;Prepago;Familiar SD Pre;1621;ESPN HD;HD;Deportes;No
Ecuador;Prepago;Familiar SD Pre;1622;ESPN 2 HD;HD;Deportes;No
Ecuador;Prepago;Familiar SD Pre;1623;ESPN 3 HD;HD;Deportes;No
Ecuador;Prepago;Familiar SD Pre;1624;ESPN 4 HD;HD;Deportes;No
Ecuador;Prepago;Familiar SD Pre;1625;ESPN 5 HD;HD;Deportes;No
Ecuador;Prepago;Familiar SD Pre;1626;ESPN 6 HD;HD;Deportes;Si
Ecuador;Prepago;Familiar SD Pre;1627;ESPN 7 HD;HD;Deportes;Si
Ecuador;Prepago;Familiar SD Pre;1628;Golf Channel HD;HD;Deportes;No
Ecuador;Prepago;Familiar SD Pre;1639;PX Sports;HD;Deportes;No
Ecuador;Prepago;Familiar SD Pre;1655;El Canal del Futbol;HD;Deportes;No
Ecuador;Prepago;Familiar SD Pre;1698;Dsports;HD;Deportes;No
Ecuador;Prepago;Familiar SD Pre;1699;DSports Eventos;HD;Deportes;No
Ecuador;Prepago;Familiar SD Pre;1700;DNews HD;HD;Mundo;No
Ecuador;Prepago;Familiar SD Pre;1727;Cable Noticias HD;HD;Mundo;No
Ecuador;Prepago;Familiar SD Pre;1730;National Geographic HD;HD;Mundo;No
Ecuador;Prepago;Familiar SD Pre;1731;Discovery Theater HD;HD;Mundo;No
Ecuador;Prepago;Familiar SD Pre;1732;Discovery Channel HD;HD;Mundo;No
Ecuador;Prepago;Familiar SD Pre;1734;Animal Planet HD;HD;Mundo;No
Ecuador;Prepago;Familiar SD Pre;1738;Discovery World HD;HD;Mundo;No
Ecuador;Prepago;Familiar SD Pre;1740;Discovery Travel & Living Channel (TLC) HD;HD;Mundo;No
Ecuador;Prepago;Familiar SD Pre;1742;History HD;HD;Mundo;No
Ecuador;Prepago;Familiar SD Pre;1744;History 2 HD;HD;Mundo;No
Ecuador;Prepago;Familiar SD Pre;1750;Encuentro;HD;Variedades;No
Ecuador;Prepago;Familiar SD Pre;1762;Antena 3 HD;HD;Mundo;No
Ecuador;Prepago;Familiar SD Pre;1764;France 24 Español;HD;Mundo;Si
Ecuador;Prepago;Familiar SD Pre;4000;Directv 4K;4K;4K;No
Ecuador;Prepago;Familiar HD Pre;142;Telecaribe;SD;Mundo;Si
Ecuador;Prepago;Familiar HD Pre;148;Canal TRO;SD;Mundo;Si
Ecuador;Prepago;Familiar HD Pre;151;Telemedellin;SD;Mundo;Si
Ecuador;Prepago;Familiar HD Pre;170;TV Familia;SD;Religioso;No
Ecuador;Prepago;Familiar HD Pre;177;RTU;SD;Nacional;Si
Ecuador;Prepago;Familiar HD Pre;178;Redonda TV;SD;Variedades;Si
Ecuador;Prepago;Familiar HD Pre;179;Teleamazonas Guayaquil;SD;Nacional;Si
Ecuador;Prepago;Familiar HD Pre;180;Teleamazonas;SD;Nacional;Si
Ecuador;Prepago;Familiar HD Pre;181;TC Television;SD;Nacional;Si
Ecuador;Prepago;Familiar HD Pre;182;Ecuavisa;SD;Nacional;Si
Ecuador;Prepago;Familiar HD Pre;183;Gama TV;SD;Nacional;Si
Ecuador;Prepago;Familiar HD Pre;184;Ecuavisa;SD;Nacional;Si
Ecuador;Prepago;Familiar HD Pre;185;RTS;SD;Nacional;Si
Ecuador;Prepago;Familiar HD Pre;187;Ecuador TV;SD;Nacional;Si
Ecuador;Prepago;Familiar HD Pre;188;Telerama;SD;Nacional;Si
Ecuador;Prepago;Familiar HD Pre;190;Oro Mar TV;SD;Nacional;Si
Ecuador;Prepago;Familiar HD Pre;192;Televicentro;SD;Nacional;Si
Ecuador;Prepago;Familiar HD Pre;194;Manavision;SD;Nacional;Si
Ecuador;Prepago;Familiar HD Pre;202;Star Channel;SD;Variedades;Si
Ecuador;Prepago;Familiar HD Pre;206;Warner Channel;SD;Variedades;Si
Ecuador;Prepago;Familiar HD Pre;207;A&E;SD;Variedades;Si
Ecuador;Prepago;Familiar HD Pre;208;Sony;SD;Variedades;Si
Ecuador;Prepago;Familiar HD Pre;209;AXN;SD;Variedades;Si
Ecuador;Prepago;Familiar HD Pre;210;AMC;SD;Variedades;No
Ecuador;Prepago;Familiar HD Pre;213;TNT Series;SD;Variedades;No
Ecuador;Prepago;Familiar HD Pre;214;Atres Series;SD;Variedades;No
Ecuador;Prepago;Familiar HD Pre;215;Comedy Central;SD;Variedades;No
Ecuador;Prepago;Familiar HD Pre;216;TNT Novelas;SD;Variedades;No
Ecuador;Prepago;Familiar HD Pre;217;FX;SD;Variedades;Si
Ecuador;Prepago;Familiar HD Pre;218;Universal TV;SD;Variedades;Si
Ecuador;Prepago;Familiar HD Pre;219;USA Network;SD;Variedades;No
Ecuador;Prepago;Familiar HD Pre;220;Adult Swim;SD;Variedades;No
Ecuador;Prepago;Familiar HD Pre;221;¡Hola! TV;SD;Variedades;Si
Ecuador;Prepago;Familiar HD Pre;222;E! Entertainment;SD;Variedades;Si
Ecuador;Prepago;Familiar HD Pre;223;Investigation Discovery (ID);SD;Variedades;No
Ecuador;Prepago;Familiar HD Pre;226;El Canal de las Estrellas;SD;Variedades;Si
Ecuador;Prepago;Familiar HD Pre;227;TLnovelas;SD;Variedades;No
Ecuador;Prepago;Familiar HD Pre;228;Lifetime;SD;Variedades;No
Ecuador;Prepago;Familiar HD Pre;229;Discovery Home & Health;SD;Variedades;No
Ecuador;Prepago;Familiar HD Pre;230;Más Chic;SD;Variedades;No
Ecuador;Prepago;Familiar HD Pre;231;Telemundo Internacional;SD;Variedades;Si
Ecuador;Prepago;Familiar HD Pre;232;El Gourmet;SD;Variedades;No
Ecuador;Prepago;Familiar HD Pre;233;Food Network;SD;Variedades;No
Ecuador;Prepago;Familiar HD Pre;264;MTV;SD;Variedades;Si
Ecuador;Prepago;Familiar HD Pre;269;Quiero Música en Mi Idioma (QMusic);SD;Variedades;No
Ecuador;Prepago;Familiar HD Pre;270;Mi Gente 3.0;SD;Variedades;No
Ecuador;Prepago;Familiar HD Pre;304;Cartoon Network;SD;Infantil;Si
Ecuador;Prepago;Familiar HD Pre;308;Nickelodeon;SD;Infantil;No
Ecuador;Prepago;Familiar HD Pre;309;Nick Jr.;SD;Infantil;No
Ecuador;Prepago;Familiar HD Pre;312;Disney Channel;SD;Infantil;Si
Ecuador;Prepago;Familiar HD Pre;315;Disney Junior;SD;Infantil;Si
Ecuador;Prepago;Familiar HD Pre;317;BabyTV;SD;Infantil;No
Ecuador;Prepago;Familiar HD Pre;318;Plim Plim;SD;Infantil;Si
Ecuador;Prepago;Familiar HD Pre;319;El Reino Infantil;SD;Infantil;No
Ecuador;Prepago;Familiar HD Pre;330;Discovery Kids;SD;Infantil;Si
Ecuador;Prepago;Familiar HD Pre;334;Cartoonito;SD;Infantil;No
Ecuador;Prepago;Familiar HD Pre;350;EWTN;SD;Religioso;Si
Ecuador;Prepago;Familiar HD Pre;351;Canal Orbe 21;SD;Religioso;No
Ecuador;Prepago;Familiar HD Pre;352;Enlace TBN;SD;Religioso;Si
Ecuador;Prepago;Familiar HD Pre;464;Playboy TV;SD;Adultos;No
Ecuador;Prepago;Familiar HD Pre;468;Venus;SD;Adultos;No
Ecuador;Prepago;Familiar HD Pre;469;XTSY;SD;Adultos;No
Ecuador;Prepago;Familiar HD Pre;470;Hustler;SD;Adultos;No
Ecuador;Prepago;Familiar HD Pre;502;TNT;SD;Cine;Si
Ecuador;Prepago;Familiar HD Pre;503;Golden;SD;Cine;No
Ecuador;Prepago;Familiar HD Pre;506;Sony Movies;SD;Cine;No
Ecuador;Prepago;Familiar HD Pre;507;Cinecanal;SD;Cine;Si
Ecuador;Prepago;Familiar HD Pre;508;Studio Universal;SD;Cine;Si
Ecuador;Prepago;Familiar HD Pre;509;Cinemax;SD;Cine;No
Ecuador;Prepago;Familiar HD Pre;510;Mórbido TV;SD;Cine;Si
Ecuador;Prepago;Familiar HD Pre;513;DHE;SD;Cine;No
Ecuador;Prepago;Familiar HD Pre;515;Cinema;SD;Cine;No
Ecuador;Prepago;Familiar HD Pre;516;De Película;SD;Cine;No
Ecuador;Prepago;Familiar HD Pre;517;Golden Edge;SD;Cine;No
Ecuador;Prepago;Familiar HD Pre;518;Space;SD;Cine;Si
Ecuador;Prepago;Familiar HD Pre;524;HBO Este;SD;Cine;No
Ecuador;Prepago;Familiar HD Pre;525;HBO 2;SD;Cine;No
Ecuador;Prepago;Familiar HD Pre;526;HBO Plus Este;SD;Cine;No
Ecuador;Prepago;Familiar HD Pre;528;HBO Signature;SD;Cine;No
Ecuador;Prepago;Familiar HD Pre;532;HBO Plus Oeste;SD;Cine;No
Ecuador;Prepago;Familiar HD Pre;534;HBO Family Este;SD;Cine;No
Ecuador;Prepago;Familiar HD Pre;538;MAX Prime Oeste;SD;Cine;No
Ecuador;Prepago;Familiar HD Pre;540;HBO Mundi;SD;Cine;No
Ecuador;Prepago;Familiar HD Pre;541;HBO Pop;SD;Cine;No
Ecuador;Prepago;Familiar HD Pre;542;HBO Xtreme;SD;Cine;No
Ecuador;Prepago;Familiar HD Pre;571;Universal Premiere Este;SD;Cine;No
Ecuador;Prepago;Familiar HD Pre;572;Universal Cinema;SD;Cine;No
Ecuador;Prepago;Familiar HD Pre;573;Universal Comedy;SD;Cine;No
Ecuador;Prepago;Familiar HD Pre;574;Universal Crime Este;SD;Cine;No
Ecuador;Prepago;Familiar HD Pre;575;Universal Reality;SD;Cine;No
Ecuador;Prepago;Familiar HD Pre;576;Universal Premiere Oeste;SD;Cine;No
Ecuador;Prepago;Familiar HD Pre;577;Universal Cinema Oeste;SD;Cine;No
Ecuador;Prepago;Familiar HD Pre;610;DSports;SD;Deportes;Si
Ecuador;Prepago;Familiar HD Pre;612;DSports 2;SD;Deportes;Si
Ecuador;Prepago;Familiar HD Pre;613;DSports+;SD;Deportes;Si
Ecuador;Prepago;Familiar HD Pre;616;Liga;SD;Deportes;No
Ecuador;Prepago;Familiar HD Pre;621;ESPN;SD;Deportes;Si
Ecuador;Prepago;Familiar HD Pre;622;ESPN 2;SD;Deportes;Si
Ecuador;Prepago;Familiar HD Pre;623;ESPN 3;SD;Deportes;Si
Ecuador;Prepago;Familiar HD Pre;625;ESPN 5;SD;Deportes;Si
Ecuador;Prepago;Familiar HD Pre;626;ESPN 6;SD;Deportes;Si
Ecuador;Prepago;Familiar HD Pre;627;ESPN 7;SD;Deportes;Si
Ecuador;Prepago;Familiar HD Pre;628;The Golf Channel;SD;Deportes;No
Ecuador;Prepago;Familiar HD Pre;629;TyC Sports;SD;Deportes;No
Ecuador;Prepago;Familiar HD Pre;655;El Canal del Futbol;SD;Deportes;No
Ecuador;Prepago;Familiar HD Pre;680;MLB Temporada;SD;Deportes;No
Ecuador;Prepago;Familiar HD Pre;681;MLB Temporada;SD;Deportes;No
Ecuador;Prepago;Familiar HD Pre;683;Dsports Venezuela;SD;Deportes;Si
Ecuador;Prepago;Familiar HD Pre;698;Dsports;SD;Deportes;No
Ecuador;Prepago;Familiar HD Pre;699;DSports Eventos;SD;Deportes;No
Ecuador;Prepago;Familiar HD Pre;700;DNews;SD;Mundo;Si
Ecuador;Prepago;Familiar HD Pre;704;CNN en Español;SD;Mundo;Si
Ecuador;Prepago;Familiar HD Pre;706;CNN International;SD;Mundo;No
Ecuador;Prepago;Familiar HD Pre;707;CNN Chile;SD;Mundo;No
Ecuador;Prepago;Familiar HD Pre;708;TVN 24 HORAS;SD;Mundo;No
Ecuador;Prepago;Familiar HD Pre;710;Bloomberg Television;SD;Mundo;No
Ecuador;Prepago;Familiar HD Pre;716;Todo Noticias (TN);SD;Mundo;No
Ecuador;Prepago;Familiar HD Pre;720;Canal 26;SD;Mundo;Si
Ecuador;Prepago;Familiar HD Pre;725;NTN 24;SD;Mundo;No
Ecuador;Prepago;Familiar HD Pre;727;Cable Noticias;SD;Mundo;No
Ecuador;Prepago;Familiar HD Pre;730;National Geographic;SD;Mundo;Si
Ecuador;Prepago;Familiar HD Pre;732;Discovery Channel;SD;Mundo;Si
Ecuador;Prepago;Familiar HD Pre;734;Animal Planet;SD;Mundo;Si
Ecuador;Prepago;Familiar HD Pre;736;Discovery Turbo;SD;Mundo;No
Ecuador;Prepago;Familiar HD Pre;740;Discovery Travel & Living Channel (TLC);SD;Mundo;No
Ecuador;Prepago;Familiar HD Pre;742;History Channel;SD;Mundo;Si
Ecuador;Prepago;Familiar HD Pre;744;History 2;SD;Mundo;No
Ecuador;Prepago;Familiar HD Pre;760;Univision;SD;Mundo;No
Ecuador;Prepago;Familiar HD Pre;762;Antena 3;SD;Mundo;No
Ecuador;Prepago;Familiar HD Pre;764;France 24 Español;SD;Mundo;Si
Ecuador;Prepago;Familiar HD Pre;766;Rai Italia;SD;Mundo;No
Ecuador;Prepago;Familiar HD Pre;768;BBC News;SD;Mundo;No
Ecuador;Prepago;Familiar HD Pre;770;Deutsche Welle (DW) Español;SD;Mundo;No
Ecuador;Prepago;Familiar HD Pre;772;Caracol Internacional;SD;Mundo;Si
Ecuador;Prepago;Familiar HD Pre;773;El Tiempo TV;SD;Mundo;No
Ecuador;Prepago;Familiar HD Pre;774;TV Chile;SD;Mundo;No
Ecuador;Prepago;Familiar HD Pre;775;RCN Nuestra Tele;SD;Mundo;Si
Ecuador;Prepago;Familiar HD Pre;776;TV Globo;SD;Mundo;No
Ecuador;Prepago;Familiar HD Pre;778;RTP Internacional;SD;Mundo;No
Ecuador;Prepago;Familiar HD Pre;780;ZEE Mundo;SD;Mundo;No
Ecuador;Prepago;Familiar HD Pre;782;NHK World;SD;Mundo;No
Ecuador;Prepago;Familiar HD Pre;784;El Trece Internacional;SD;Mundo;No
Ecuador;Prepago;Familiar HD Pre;786;Telefe Internacional;SD;Mundo;No
Ecuador;Prepago;Familiar HD Pre;790;CGTN;SD;Mundo;Si
Ecuador;Prepago;Familiar HD Pre;901;DSports Radio;Radio;Radio;No
Ecuador;Prepago;Familiar HD Pre;980;Unión Radio Noticias;Radio;Radio;Si
Ecuador;Prepago;Familiar HD Pre;982;Radio Caracol;Radio;Radio;Si
Ecuador;Prepago;Familiar HD Pre;984;Radio France International;Radio;Radio;Si
Ecuador;Prepago;Familiar HD Pre;1105;Gran Hermano - Experiencia Multicámara;HD;Variedades;No
Ecuador;Prepago;Familiar HD Pre;1106;Gran Hermano - 24 hs;HD;Variedades;No
Ecuador;Prepago;Familiar HD Pre;1107;Gran Hermano - Cámara 1;HD;Variedades;No
Ecuador;Prepago;Familiar HD Pre;1108;Gran Hermano - Cámara 2;HD;Variedades;No
Ecuador;Prepago;Familiar HD Pre;1109;Gran Hermano - Cámara 3;HD;Variedades;No
Ecuador;Prepago;Familiar HD Pre;1180;Teleamazonas HD;HD;Nacional;Si
Ecuador;Prepago;Familiar HD Pre;1181;TC Television HD;HD;Nacional;Si
Ecuador;Prepago;Familiar HD Pre;1182;Ecuavisa HD;HD;Nacional;Si
Ecuador;Prepago;Familiar HD Pre;1204;Star Channel HD;HD;Variedades;Si
Ecuador;Prepago;Familiar HD Pre;1206;Warner Channel HD;HD;Variedades;Si
Ecuador;Prepago;Familiar HD Pre;1207;A&E Mundo HD;HD;Variedades;Si
Ecuador;Prepago;Familiar HD Pre;1208;Sony HD;HD;Variedades;Si
Ecuador;Prepago;Familiar HD Pre;1209;AXN HD;HD;Variedades;Si
Ecuador;Prepago;Familiar HD Pre;1210;AMC HD;HD;Variedades;No
Ecuador;Prepago;Familiar HD Pre;1213;TNT Series HD;HD;Variedades;No
Ecuador;Prepago;Familiar HD Pre;1214;Atres HD;HD;Variedades;No
Ecuador;Prepago;Familiar HD Pre;1215;Comedy Central HD;HD;Variedades;No
Ecuador;Prepago;Familiar HD Pre;1217;FX HD;HD;Variedades;Si
Ecuador;Prepago;Familiar HD Pre;1218;Universal TV HD;HD;Variedades;Si
Ecuador;Prepago;Familiar HD Pre;1219;USA Network HD;HD;Variedades;No
Ecuador;Prepago;Familiar HD Pre;1221;Hola TV HD;HD;Variedades;No
Ecuador;Prepago;Familiar HD Pre;1222;E! Entertainment HD;HD;Variedades;Si
Ecuador;Prepago;Familiar HD Pre;1223;Investigation Discovery (ID) HD;HD;Variedades;No
Ecuador;Prepago;Familiar HD Pre;1228;Lifetime HD;HD;Variedades;No
Ecuador;Prepago;Familiar HD Pre;1229;Discovery Home & Health;HD;Variedades;No
Ecuador;Prepago;Familiar HD Pre;1231;Alacocina TV;HD;Variedades;Si
Ecuador;Prepago;Familiar HD Pre;1232;El Gourmet HD;HD;Variedades;No
Ecuador;Prepago;Familiar HD Pre;1233;Food Network HD;HD;Variedades;No
Ecuador;Prepago;Familiar HD Pre;1234;HGTV HD;HD;Variedades;No
Ecuador;Prepago;Familiar HD Pre;1236;VePlus HD;HD;Variedades;Si
Ecuador;Prepago;Familiar HD Pre;1264;MTV HD;HD;Variedades;Si
Ecuador;Prepago;Familiar HD Pre;1265;Music Top HD;HD;Variedades;Si
Ecuador;Prepago;Familiar HD Pre;1266;Tierra Mía HD;HD;Variedades;Si
Ecuador;Prepago;Familiar HD Pre;1270;Latina TV;HD;Variedades;Si
Ecuador;Prepago;Familiar HD Pre;1273;INTI Network HD;HD;Variedades;No
Ecuador;Prepago;Familiar HD Pre;1304;Cartoon Network HD;HD;Infantil;Si
Ecuador;Prepago;Familiar HD Pre;1308;Nickelodeon HD;HD;Infantil;No
Ecuador;Prepago;Familiar HD Pre;1309;Nick Jr. HD;HD;Infantil;No
Ecuador;Prepago;Familiar HD Pre;1312;Disney Channel HD;HD;Infantil;Si
Ecuador;Prepago;Familiar HD Pre;1315;Disney Junior HD;HD;Infantil;Si
Ecuador;Prepago;Familiar HD Pre;1318;Plim Plim;HD;Infantil;Si
Ecuador;Prepago;Familiar HD Pre;1319;El Reino Infantil;HD;Infantil;No
Ecuador;Prepago;Familiar HD Pre;1330;Discovery Kids HD;HD;Infantil;Si
Ecuador;Prepago;Familiar HD Pre;1502;TNT HD;HD;Cine;Si
Ecuador;Prepago;Familiar HD Pre;1503;Golden HD;HD;Cine;No
Ecuador;Prepago;Familiar HD Pre;1506;Sony Movies;HD;Cine;No
Ecuador;Prepago;Familiar HD Pre;1507;Cinecanal HD;HD;Cine;Si
Ecuador;Prepago;Familiar HD Pre;1508;Studio Universal HD;HD;Cine;Si
Ecuador;Prepago;Familiar HD Pre;1509;Cinemax HD;HD;Cine;No
Ecuador;Prepago;Familiar HD Pre;1510;Mórbido TV;HD;Cine;Si
Ecuador;Prepago;Familiar HD Pre;1513;DHE HD;HD;Cine;No
Ecuador;Prepago;Familiar HD Pre;1518;Space HD;HD;Cine;Si
Ecuador;Prepago;Familiar HD Pre;1524;HBO HD;HD;Cine;No
Ecuador;Prepago;Familiar HD Pre;1525;HBO 2 HD;HD;Cine;No
Ecuador;Prepago;Familiar HD Pre;1528;HBO Signature HD;HD;Cine;No
Ecuador;Prepago;Familiar HD Pre;1532;HBO Plus HD;HD;Cine;No
Ecuador;Prepago;Familiar HD Pre;1534;HBO Family HD;HD;Cine;No
Ecuador;Prepago;Familiar HD Pre;1542;HBO Xtreme HD;HD;Cine;No
Ecuador;Prepago;Familiar HD Pre;1571;Universal Premiere Este HD;HD;Cine;No
Ecuador;Prepago;Familiar HD Pre;1572;Universal Cinema HD;HD;Cine;No
Ecuador;Prepago;Familiar HD Pre;1573;Universal Comedy HD;HD;Cine;No
Ecuador;Prepago;Familiar HD Pre;1574;Universal Crime Este HD;HD;Cine;No
Ecuador;Prepago;Familiar HD Pre;1575;Universal Reality HD;HD;Cine;No
Ecuador;Prepago;Familiar HD Pre;1576;Universal Premiere Oeste HD;HD;Cine;No
Ecuador;Prepago;Familiar HD Pre;1577;Universal Cinema Oeste;HD;Cine;No
Ecuador;Prepago;Familiar HD Pre;1610;DSports HD;HD;Deportes;Si
Ecuador;Prepago;Familiar HD Pre;1612;DSports 2 HD;HD;Deportes;Si
Ecuador;Prepago;Familiar HD Pre;1613;DSports+ HD;HD;Deportes;Si
Ecuador;Prepago;Familiar HD Pre;1621;ESPN HD;HD;Deportes;Si
Ecuador;Prepago;Familiar HD Pre;1622;ESPN 2 HD;HD;Deportes;Si
Ecuador;Prepago;Familiar HD Pre;1623;ESPN 3 HD;HD;Deportes;Si
Ecuador;Prepago;Familiar HD Pre;1624;ESPN 4 HD;HD;Deportes;Si
Ecuador;Prepago;Familiar HD Pre;1625;ESPN 5 HD;HD;Deportes;Si
Ecuador;Prepago;Familiar HD Pre;1626;ESPN 6 HD;HD;Deportes;Si
Ecuador;Prepago;Familiar HD Pre;1627;ESPN 7 HD;HD;Deportes;Si
Ecuador;Prepago;Familiar HD Pre;1628;Golf Channel HD;HD;Deportes;No
Ecuador;Prepago;Familiar HD Pre;1639;PX Sports;HD;Deportes;No
Ecuador;Prepago;Familiar HD Pre;1655;El Canal del Futbol;HD;Deportes;No
Ecuador;Prepago;Familiar HD Pre;1698;Dsports;HD;Deportes;No
Ecuador;Prepago;Familiar HD Pre;1699;DSports Eventos;HD;Deportes;No
Ecuador;Prepago;Familiar HD Pre;1700;DNews HD;HD;Mundo;Si
Ecuador;Prepago;Familiar HD Pre;1727;Cable Noticias HD;HD;Mundo;No
Ecuador;Prepago;Familiar HD Pre;1730;National Geographic HD;HD;Mundo;Si
Ecuador;Prepago;Familiar HD Pre;1731;Discovery Theater HD;HD;Mundo;No
Ecuador;Prepago;Familiar HD Pre;1732;Discovery Channel HD;HD;Mundo;Si
Ecuador;Prepago;Familiar HD Pre;1734;Animal Planet HD;HD;Mundo;Si
Ecuador;Prepago;Familiar HD Pre;1738;Discovery World HD;HD;Mundo;No
Ecuador;Prepago;Familiar HD Pre;1740;Discovery Travel & Living Channel (TLC) HD;HD;Mundo;No
Ecuador;Prepago;Familiar HD Pre;1742;History HD;HD;Mundo;Si
Ecuador;Prepago;Familiar HD Pre;1744;History 2 HD;HD;Mundo;No
Ecuador;Prepago;Familiar HD Pre;1750;Encuentro;HD;Variedades;No
Ecuador;Prepago;Familiar HD Pre;1762;Antena 3 HD;HD;Mundo;No
Ecuador;Prepago;Familiar HD Pre;1764;France 24 Español;HD;Mundo;Si
Ecuador;Prepago;Familiar HD Pre;4000;Directv 4K;4K;4K;No
Ecuador;Prepago;Bronce SD Pre;142;Telecaribe;SD;Mundo;Si
Ecuador;Prepago;Bronce SD Pre;148;Canal TRO;SD;Mundo;Si
Ecuador;Prepago;Bronce SD Pre;151;Telemedellin;SD;Mundo;Si
Ecuador;Prepago;Bronce SD Pre;170;TV Familia;SD;Religioso;No
Ecuador;Prepago;Bronce SD Pre;177;RTU;SD;Nacional;Si
Ecuador;Prepago;Bronce SD Pre;178;Redonda TV;SD;Variedades;Si
Ecuador;Prepago;Bronce SD Pre;179;Teleamazonas Guayaquil;SD;Nacional;Si
Ecuador;Prepago;Bronce SD Pre;180;Teleamazonas;SD;Nacional;Si
Ecuador;Prepago;Bronce SD Pre;181;TC Television;SD;Nacional;Si
Ecuador;Prepago;Bronce SD Pre;182;Ecuavisa;SD;Nacional;Si
Ecuador;Prepago;Bronce SD Pre;183;Gama TV;SD;Nacional;Si
Ecuador;Prepago;Bronce SD Pre;184;Ecuavisa;SD;Nacional;Si
Ecuador;Prepago;Bronce SD Pre;185;RTS;SD;Nacional;Si
Ecuador;Prepago;Bronce SD Pre;187;Ecuador TV;SD;Nacional;Si
Ecuador;Prepago;Bronce SD Pre;188;Telerama;SD;Nacional;Si
Ecuador;Prepago;Bronce SD Pre;190;Oro Mar TV;SD;Nacional;Si
Ecuador;Prepago;Bronce SD Pre;192;Televicentro;SD;Nacional;Si
Ecuador;Prepago;Bronce SD Pre;194;Manavision;SD;Nacional;Si
Ecuador;Prepago;Bronce SD Pre;202;Star Channel;SD;Variedades;Si
Ecuador;Prepago;Bronce SD Pre;206;Warner Channel;SD;Variedades;Si
Ecuador;Prepago;Bronce SD Pre;207;A&E;SD;Variedades;Si
Ecuador;Prepago;Bronce SD Pre;208;Sony;SD;Variedades;Si
Ecuador;Prepago;Bronce SD Pre;209;AXN;SD;Variedades;Si
Ecuador;Prepago;Bronce SD Pre;210;AMC;SD;Variedades;No
Ecuador;Prepago;Bronce SD Pre;213;TNT Series;SD;Variedades;No
Ecuador;Prepago;Bronce SD Pre;214;Atres Series;SD;Variedades;No
Ecuador;Prepago;Bronce SD Pre;215;Comedy Central;SD;Variedades;Si
Ecuador;Prepago;Bronce SD Pre;216;TNT Novelas;SD;Variedades;No
Ecuador;Prepago;Bronce SD Pre;217;FX;SD;Variedades;Si
Ecuador;Prepago;Bronce SD Pre;218;Universal TV;SD;Variedades;Si
Ecuador;Prepago;Bronce SD Pre;219;USA Network;SD;Variedades;No
Ecuador;Prepago;Bronce SD Pre;220;Adult Swim;SD;Variedades;No
Ecuador;Prepago;Bronce SD Pre;221;¡Hola! TV;SD;Variedades;Si
Ecuador;Prepago;Bronce SD Pre;222;E! Entertainment;SD;Variedades;Si
Ecuador;Prepago;Bronce SD Pre;223;Investigation Discovery (ID);SD;Variedades;No
Ecuador;Prepago;Bronce SD Pre;226;El Canal de las Estrellas;SD;Variedades;Si
Ecuador;Prepago;Bronce SD Pre;227;TLnovelas;SD;Variedades;Si
Ecuador;Prepago;Bronce SD Pre;228;Lifetime;SD;Variedades;No
Ecuador;Prepago;Bronce SD Pre;229;Discovery Home & Health;SD;Variedades;Si
Ecuador;Prepago;Bronce SD Pre;230;Más Chic;SD;Variedades;No
Ecuador;Prepago;Bronce SD Pre;231;Telemundo Internacional;SD;Variedades;Si
Ecuador;Prepago;Bronce SD Pre;232;El Gourmet;SD;Variedades;No
Ecuador;Prepago;Bronce SD Pre;233;Food Network;SD;Variedades;No
Ecuador;Prepago;Bronce SD Pre;264;MTV;SD;Variedades;Si
Ecuador;Prepago;Bronce SD Pre;269;Quiero Música en Mi Idioma (QMusic);SD;Variedades;Si
Ecuador;Prepago;Bronce SD Pre;270;Mi Gente 3.0;SD;Variedades;No
Ecuador;Prepago;Bronce SD Pre;304;Cartoon Network;SD;Infantil;Si
Ecuador;Prepago;Bronce SD Pre;308;Nickelodeon;SD;Infantil;Si
Ecuador;Prepago;Bronce SD Pre;309;Nick Jr.;SD;Infantil;No
Ecuador;Prepago;Bronce SD Pre;312;Disney Channel;SD;Infantil;Si
Ecuador;Prepago;Bronce SD Pre;315;Disney Junior;SD;Infantil;Si
Ecuador;Prepago;Bronce SD Pre;317;BabyTV;SD;Infantil;No
Ecuador;Prepago;Bronce SD Pre;318;Plim Plim;SD;Infantil;Si
Ecuador;Prepago;Bronce SD Pre;319;El Reino Infantil;SD;Infantil;No
Ecuador;Prepago;Bronce SD Pre;330;Discovery Kids;SD;Infantil;Si
Ecuador;Prepago;Bronce SD Pre;334;Cartoonito;SD;Infantil;No
Ecuador;Prepago;Bronce SD Pre;350;EWTN;SD;Religioso;Si
Ecuador;Prepago;Bronce SD Pre;351;Canal Orbe 21;SD;Religioso;No
Ecuador;Prepago;Bronce SD Pre;352;Enlace TBN;SD;Religioso;Si
Ecuador;Prepago;Bronce SD Pre;464;Playboy TV;SD;Adultos;No
Ecuador;Prepago;Bronce SD Pre;468;Venus;SD;Adultos;No
Ecuador;Prepago;Bronce SD Pre;469;XTSY;SD;Adultos;No
Ecuador;Prepago;Bronce SD Pre;470;Hustler;SD;Adultos;No
Ecuador;Prepago;Bronce SD Pre;502;TNT;SD;Cine;Si
Ecuador;Prepago;Bronce SD Pre;503;Golden;SD;Cine;No
Ecuador;Prepago;Bronce SD Pre;506;Sony Movies;SD;Cine;No
Ecuador;Prepago;Bronce SD Pre;507;Cinecanal;SD;Cine;Si
Ecuador;Prepago;Bronce SD Pre;508;Studio Universal;SD;Cine;Si
Ecuador;Prepago;Bronce SD Pre;509;Cinemax;SD;Cine;Si
Ecuador;Prepago;Bronce SD Pre;510;Mórbido TV;SD;Cine;Si
Ecuador;Prepago;Bronce SD Pre;513;DHE;SD;Cine;No
Ecuador;Prepago;Bronce SD Pre;515;Cinema;SD;Cine;No
Ecuador;Prepago;Bronce SD Pre;516;De Película;SD;Cine;No
Ecuador;Prepago;Bronce SD Pre;517;Golden Edge;SD;Cine;No
Ecuador;Prepago;Bronce SD Pre;518;Space;SD;Cine;Si
Ecuador;Prepago;Bronce SD Pre;524;HBO Este;SD;Cine;No
Ecuador;Prepago;Bronce SD Pre;525;HBO 2;SD;Cine;No
Ecuador;Prepago;Bronce SD Pre;526;HBO Plus Este;SD;Cine;No
Ecuador;Prepago;Bronce SD Pre;528;HBO Signature;SD;Cine;No
Ecuador;Prepago;Bronce SD Pre;532;HBO Plus Oeste;SD;Cine;No
Ecuador;Prepago;Bronce SD Pre;534;HBO Family Este;SD;Cine;No
Ecuador;Prepago;Bronce SD Pre;538;MAX Prime Oeste;SD;Cine;No
Ecuador;Prepago;Bronce SD Pre;540;HBO Mundi;SD;Cine;No
Ecuador;Prepago;Bronce SD Pre;541;HBO Pop;SD;Cine;No
Ecuador;Prepago;Bronce SD Pre;542;HBO Xtreme;SD;Cine;No
Ecuador;Prepago;Bronce SD Pre;571;Universal Premiere Este;SD;Cine;No
Ecuador;Prepago;Bronce SD Pre;572;Universal Cinema;SD;Cine;No
Ecuador;Prepago;Bronce SD Pre;573;Universal Comedy;SD;Cine;No
Ecuador;Prepago;Bronce SD Pre;574;Universal Crime Este;SD;Cine;No
Ecuador;Prepago;Bronce SD Pre;575;Universal Reality;SD;Cine;No
Ecuador;Prepago;Bronce SD Pre;576;Universal Premiere Oeste;SD;Cine;No
Ecuador;Prepago;Bronce SD Pre;577;Universal Cinema Oeste;SD;Cine;No
Ecuador;Prepago;Bronce SD Pre;610;DSports;SD;Deportes;Si
Ecuador;Prepago;Bronce SD Pre;612;DSports 2;SD;Deportes;Si
Ecuador;Prepago;Bronce SD Pre;613;DSports+;SD;Deportes;Si
Ecuador;Prepago;Bronce SD Pre;616;Liga;SD;Deportes;No
Ecuador;Prepago;Bronce SD Pre;621;ESPN;SD;Deportes;Si
Ecuador;Prepago;Bronce SD Pre;622;ESPN 2;SD;Deportes;Si
Ecuador;Prepago;Bronce SD Pre;623;ESPN 3;SD;Deportes;Si
Ecuador;Prepago;Bronce SD Pre;625;ESPN 5;SD;Deportes;Si
Ecuador;Prepago;Bronce SD Pre;626;ESPN 6;SD;Deportes;Si
Ecuador;Prepago;Bronce SD Pre;627;ESPN 7;SD;Deportes;Si
Ecuador;Prepago;Bronce SD Pre;628;The Golf Channel;SD;Deportes;No
Ecuador;Prepago;Bronce SD Pre;629;TyC Sports;SD;Deportes;No
Ecuador;Prepago;Bronce SD Pre;655;El Canal del Futbol;SD;Deportes;No
Ecuador;Prepago;Bronce SD Pre;680;MLB Temporada;SD;Deportes;No
Ecuador;Prepago;Bronce SD Pre;681;MLB Temporada;SD;Deportes;No
Ecuador;Prepago;Bronce SD Pre;683;Dsports Venezuela;SD;Deportes;Si
Ecuador;Prepago;Bronce SD Pre;698;Dsports;SD;Deportes;No
Ecuador;Prepago;Bronce SD Pre;699;DSports Eventos;SD;Deportes;No
Ecuador;Prepago;Bronce SD Pre;700;DNews;SD;Mundo;Si
Ecuador;Prepago;Bronce SD Pre;704;CNN en Español;SD;Mundo;Si
Ecuador;Prepago;Bronce SD Pre;706;CNN International;SD;Mundo;No
Ecuador;Prepago;Bronce SD Pre;707;CNN Chile;SD;Mundo;No
Ecuador;Prepago;Bronce SD Pre;708;TVN 24 HORAS;SD;Mundo;No
Ecuador;Prepago;Bronce SD Pre;710;Bloomberg Television;SD;Mundo;No
Ecuador;Prepago;Bronce SD Pre;716;Todo Noticias (TN);SD;Mundo;No
Ecuador;Prepago;Bronce SD Pre;720;Canal 26;SD;Mundo;Si
Ecuador;Prepago;Bronce SD Pre;725;NTN 24;SD;Mundo;No
Ecuador;Prepago;Bronce SD Pre;727;Cable Noticias;SD;Mundo;No
Ecuador;Prepago;Bronce SD Pre;730;National Geographic;SD;Mundo;Si
Ecuador;Prepago;Bronce SD Pre;732;Discovery Channel;SD;Mundo;Si
Ecuador;Prepago;Bronce SD Pre;734;Animal Planet;SD;Mundo;Si
Ecuador;Prepago;Bronce SD Pre;736;Discovery Turbo;SD;Mundo;No
Ecuador;Prepago;Bronce SD Pre;740;Discovery Travel & Living Channel (TLC);SD;Mundo;No
Ecuador;Prepago;Bronce SD Pre;742;History Channel;SD;Mundo;Si
Ecuador;Prepago;Bronce SD Pre;744;History 2;SD;Mundo;Si
Ecuador;Prepago;Bronce SD Pre;760;Univision;SD;Mundo;No
Ecuador;Prepago;Bronce SD Pre;762;Antena 3;SD;Mundo;No
Ecuador;Prepago;Bronce SD Pre;764;France 24 Español;SD;Mundo;Si
Ecuador;Prepago;Bronce SD Pre;766;Rai Italia;SD;Mundo;No
Ecuador;Prepago;Bronce SD Pre;768;BBC News;SD;Mundo;No
Ecuador;Prepago;Bronce SD Pre;770;Deutsche Welle (DW) Español;SD;Mundo;No
Ecuador;Prepago;Bronce SD Pre;772;Caracol Internacional;SD;Mundo;Si
Ecuador;Prepago;Bronce SD Pre;773;El Tiempo TV;SD;Mundo;Si
Ecuador;Prepago;Bronce SD Pre;774;TV Chile;SD;Mundo;No
Ecuador;Prepago;Bronce SD Pre;775;RCN Nuestra Tele;SD;Mundo;Si
Ecuador;Prepago;Bronce SD Pre;776;TV Globo;SD;Mundo;No
Ecuador;Prepago;Bronce SD Pre;778;RTP Internacional;SD;Mundo;No
Ecuador;Prepago;Bronce SD Pre;780;ZEE Mundo;SD;Mundo;No
Ecuador;Prepago;Bronce SD Pre;782;NHK World;SD;Mundo;No
Ecuador;Prepago;Bronce SD Pre;784;El Trece Internacional;SD;Mundo;Si
Ecuador;Prepago;Bronce SD Pre;786;Telefe Internacional;SD;Mundo;No
Ecuador;Prepago;Bronce SD Pre;790;CGTN;SD;Mundo;Si
Ecuador;Prepago;Bronce SD Pre;901;DSports Radio;Radio;Radio;No
Ecuador;Prepago;Bronce SD Pre;980;Unión Radio Noticias;Radio;Radio;Si
Ecuador;Prepago;Bronce SD Pre;982;Radio Caracol;Radio;Radio;Si
Ecuador;Prepago;Bronce SD Pre;984;Radio France International;Radio;Radio;Si
Ecuador;Prepago;Bronce SD Pre;1105;Gran Hermano - Experiencia Multicámara;HD;Variedades;No
Ecuador;Prepago;Bronce SD Pre;1106;Gran Hermano - 24 hs;HD;Variedades;No
Ecuador;Prepago;Bronce SD Pre;1107;Gran Hermano - Cámara 1;HD;Variedades;No
Ecuador;Prepago;Bronce SD Pre;1108;Gran Hermano - Cámara 2;HD;Variedades;No
Ecuador;Prepago;Bronce SD Pre;1109;Gran Hermano - Cámara 3;HD;Variedades;No
Ecuador;Prepago;Bronce SD Pre;1180;Teleamazonas HD;HD;Nacional;No
Ecuador;Prepago;Bronce SD Pre;1181;TC Television HD;HD;Nacional;No
Ecuador;Prepago;Bronce SD Pre;1182;Ecuavisa HD;HD;Nacional;No
Ecuador;Prepago;Bronce SD Pre;1204;Star Channel HD;HD;Variedades;No
Ecuador;Prepago;Bronce SD Pre;1206;Warner Channel HD;HD;Variedades;No
Ecuador;Prepago;Bronce SD Pre;1207;A&E Mundo HD;HD;Variedades;No
Ecuador;Prepago;Bronce SD Pre;1208;Sony HD;HD;Variedades;No
Ecuador;Prepago;Bronce SD Pre;1209;AXN HD;HD;Variedades;No
Ecuador;Prepago;Bronce SD Pre;1210;AMC HD;HD;Variedades;No
Ecuador;Prepago;Bronce SD Pre;1213;TNT Series HD;HD;Variedades;No
Ecuador;Prepago;Bronce SD Pre;1214;Atres HD;HD;Variedades;No
Ecuador;Prepago;Bronce SD Pre;1215;Comedy Central HD;HD;Variedades;No
Ecuador;Prepago;Bronce SD Pre;1217;FX HD;HD;Variedades;No
Ecuador;Prepago;Bronce SD Pre;1218;Universal TV HD;HD;Variedades;No
Ecuador;Prepago;Bronce SD Pre;1219;USA Network HD;HD;Variedades;No
Ecuador;Prepago;Bronce SD Pre;1221;Hola TV HD;HD;Variedades;No
Ecuador;Prepago;Bronce SD Pre;1222;E! Entertainment HD;HD;Variedades;No
Ecuador;Prepago;Bronce SD Pre;1223;Investigation Discovery (ID) HD;HD;Variedades;No
Ecuador;Prepago;Bronce SD Pre;1228;Lifetime HD;HD;Variedades;No
Ecuador;Prepago;Bronce SD Pre;1229;Discovery Home & Health;HD;Variedades;No
Ecuador;Prepago;Bronce SD Pre;1231;Alacocina TV;HD;Variedades;Si
Ecuador;Prepago;Bronce SD Pre;1232;El Gourmet HD;HD;Variedades;No
Ecuador;Prepago;Bronce SD Pre;1233;Food Network HD;HD;Variedades;No
Ecuador;Prepago;Bronce SD Pre;1234;HGTV HD;HD;Variedades;No
Ecuador;Prepago;Bronce SD Pre;1236;VePlus HD;HD;Variedades;No
Ecuador;Prepago;Bronce SD Pre;1264;MTV HD;HD;Variedades;No
Ecuador;Prepago;Bronce SD Pre;1265;Music Top HD;HD;Variedades;No
Ecuador;Prepago;Bronce SD Pre;1266;Tierra Mía HD;HD;Variedades;No
Ecuador;Prepago;Bronce SD Pre;1270;Latina TV;HD;Variedades;Si
Ecuador;Prepago;Bronce SD Pre;1273;INTI Network HD;HD;Variedades;No
Ecuador;Prepago;Bronce SD Pre;1304;Cartoon Network HD;HD;Infantil;No
Ecuador;Prepago;Bronce SD Pre;1308;Nickelodeon HD;HD;Infantil;No
Ecuador;Prepago;Bronce SD Pre;1309;Nick Jr. HD;HD;Infantil;No
Ecuador;Prepago;Bronce SD Pre;1312;Disney Channel HD;HD;Infantil;No
Ecuador;Prepago;Bronce SD Pre;1315;Disney Junior HD;HD;Infantil;No
Ecuador;Prepago;Bronce SD Pre;1318;Plim Plim;HD;Infantil;Si
Ecuador;Prepago;Bronce SD Pre;1319;El Reino Infantil;HD;Infantil;No
Ecuador;Prepago;Bronce SD Pre;1330;Discovery Kids HD;HD;Infantil;No
Ecuador;Prepago;Bronce SD Pre;1502;TNT HD;HD;Cine;No
Ecuador;Prepago;Bronce SD Pre;1503;Golden HD;HD;Cine;No
Ecuador;Prepago;Bronce SD Pre;1506;Sony Movies;HD;Cine;No
Ecuador;Prepago;Bronce SD Pre;1507;Cinecanal HD;HD;Cine;No
Ecuador;Prepago;Bronce SD Pre;1508;Studio Universal HD;HD;Cine;No
Ecuador;Prepago;Bronce SD Pre;1509;Cinemax HD;HD;Cine;No
Ecuador;Prepago;Bronce SD Pre;1510;Mórbido TV;HD;Cine;Si
Ecuador;Prepago;Bronce SD Pre;1513;DHE HD;HD;Cine;No
Ecuador;Prepago;Bronce SD Pre;1518;Space HD;HD;Cine;No
Ecuador;Prepago;Bronce SD Pre;1524;HBO HD;HD;Cine;No
Ecuador;Prepago;Bronce SD Pre;1525;HBO 2 HD;HD;Cine;No
Ecuador;Prepago;Bronce SD Pre;1528;HBO Signature HD;HD;Cine;No
Ecuador;Prepago;Bronce SD Pre;1532;HBO Plus HD;HD;Cine;No
Ecuador;Prepago;Bronce SD Pre;1534;HBO Family HD;HD;Cine;No
Ecuador;Prepago;Bronce SD Pre;1542;HBO Xtreme HD;HD;Cine;No
Ecuador;Prepago;Bronce SD Pre;1571;Universal Premiere Este HD;HD;Cine;No
Ecuador;Prepago;Bronce SD Pre;1572;Universal Cinema HD;HD;Cine;No
Ecuador;Prepago;Bronce SD Pre;1573;Universal Comedy HD;HD;Cine;No
Ecuador;Prepago;Bronce SD Pre;1574;Universal Crime Este HD;HD;Cine;No
Ecuador;Prepago;Bronce SD Pre;1575;Universal Reality HD;HD;Cine;No
Ecuador;Prepago;Bronce SD Pre;1576;Universal Premiere Oeste HD;HD;Cine;No
Ecuador;Prepago;Bronce SD Pre;1577;Universal Cinema Oeste;HD;Cine;No
Ecuador;Prepago;Bronce SD Pre;1610;DSports HD;HD;Deportes;No
Ecuador;Prepago;Bronce SD Pre;1612;DSports 2 HD;HD;Deportes;No
Ecuador;Prepago;Bronce SD Pre;1613;DSports+ HD;HD;Deportes;No
Ecuador;Prepago;Bronce SD Pre;1621;ESPN HD;HD;Deportes;No
Ecuador;Prepago;Bronce SD Pre;1622;ESPN 2 HD;HD;Deportes;No
Ecuador;Prepago;Bronce SD Pre;1623;ESPN 3 HD;HD;Deportes;No
Ecuador;Prepago;Bronce SD Pre;1624;ESPN 4 HD;HD;Deportes;No
Ecuador;Prepago;Bronce SD Pre;1625;ESPN 5 HD;HD;Deportes;No
Ecuador;Prepago;Bronce SD Pre;1626;ESPN 6 HD;HD;Deportes;Si
Ecuador;Prepago;Bronce SD Pre;1627;ESPN 7 HD;HD;Deportes;Si
Ecuador;Prepago;Bronce SD Pre;1628;Golf Channel HD;HD;Deportes;No
Ecuador;Prepago;Bronce SD Pre;1639;PX Sports;HD;Deportes;No
Ecuador;Prepago;Bronce SD Pre;1655;El Canal del Futbol;HD;Deportes;No
Ecuador;Prepago;Bronce SD Pre;1698;Dsports;HD;Deportes;No
Ecuador;Prepago;Bronce SD Pre;1699;DSports Eventos;HD;Deportes;No
Ecuador;Prepago;Bronce SD Pre;1700;DNews HD;HD;Mundo;No
Ecuador;Prepago;Bronce SD Pre;1727;Cable Noticias HD;HD;Mundo;No
Ecuador;Prepago;Bronce SD Pre;1730;National Geographic HD;HD;Mundo;No
Ecuador;Prepago;Bronce SD Pre;1731;Discovery Theater HD;HD;Mundo;No
Ecuador;Prepago;Bronce SD Pre;1732;Discovery Channel HD;HD;Mundo;No
Ecuador;Prepago;Bronce SD Pre;1734;Animal Planet HD;HD;Mundo;No
Ecuador;Prepago;Bronce SD Pre;1738;Discovery World HD;HD;Mundo;No
Ecuador;Prepago;Bronce SD Pre;1740;Discovery Travel & Living Channel (TLC) HD;HD;Mundo;No
Ecuador;Prepago;Bronce SD Pre;1742;History HD;HD;Mundo;No
Ecuador;Prepago;Bronce SD Pre;1744;History 2 HD;HD;Mundo;No
Ecuador;Prepago;Bronce SD Pre;1750;Encuentro;HD;Variedades;No
Ecuador;Prepago;Bronce SD Pre;1762;Antena 3 HD;HD;Mundo;No
Ecuador;Prepago;Bronce SD Pre;1764;France 24 Español;HD;Mundo;Si
Ecuador;Prepago;Bronce SD Pre;4000;Directv 4K;4K;4K;No
Ecuador;Prepago;Plata SD Pre;142;Telecaribe;SD;Mundo;Si
Ecuador;Prepago;Plata SD Pre;148;Canal TRO;SD;Mundo;Si
Ecuador;Prepago;Plata SD Pre;151;Telemedellin;SD;Mundo;Si
Ecuador;Prepago;Plata SD Pre;170;TV Familia;SD;Religioso;Si
Ecuador;Prepago;Plata SD Pre;177;RTU;SD;Nacional;Si
Ecuador;Prepago;Plata SD Pre;178;Redonda TV;SD;Variedades;Si
Ecuador;Prepago;Plata SD Pre;179;Teleamazonas Guayaquil;SD;Nacional;Si
Ecuador;Prepago;Plata SD Pre;180;Teleamazonas;SD;Nacional;Si
Ecuador;Prepago;Plata SD Pre;181;TC Television;SD;Nacional;Si
Ecuador;Prepago;Plata SD Pre;182;Ecuavisa;SD;Nacional;Si
Ecuador;Prepago;Plata SD Pre;183;Gama TV;SD;Nacional;Si
Ecuador;Prepago;Plata SD Pre;184;Ecuavisa;SD;Nacional;No
Ecuador;Prepago;Plata SD Pre;185;RTS;SD;Nacional;Si
Ecuador;Prepago;Plata SD Pre;187;Ecuador TV;SD;Nacional;Si
Ecuador;Prepago;Plata SD Pre;188;Telerama;SD;Nacional;Si
Ecuador;Prepago;Plata SD Pre;190;Oro Mar TV;SD;Nacional;Si
Ecuador;Prepago;Plata SD Pre;192;Televicentro;SD;Nacional;Si
Ecuador;Prepago;Plata SD Pre;194;Manavision;SD;Nacional;Si
Ecuador;Prepago;Plata SD Pre;202;Star Channel;SD;Variedades;Si
Ecuador;Prepago;Plata SD Pre;206;Warner Channel;SD;Variedades;Si
Ecuador;Prepago;Plata SD Pre;207;A&E;SD;Variedades;Si
Ecuador;Prepago;Plata SD Pre;208;Sony;SD;Variedades;Si
Ecuador;Prepago;Plata SD Pre;209;AXN;SD;Variedades;Si
Ecuador;Prepago;Plata SD Pre;210;AMC;SD;Variedades;Si
Ecuador;Prepago;Plata SD Pre;213;TNT Series;SD;Variedades;Si
Ecuador;Prepago;Plata SD Pre;214;Atres Series;SD;Variedades;No
Ecuador;Prepago;Plata SD Pre;215;Comedy Central;SD;Variedades;Si
Ecuador;Prepago;Plata SD Pre;216;TNT Novelas;SD;Variedades;Si
Ecuador;Prepago;Plata SD Pre;217;FX;SD;Variedades;Si
Ecuador;Prepago;Plata SD Pre;218;Universal TV;SD;Variedades;Si
Ecuador;Prepago;Plata SD Pre;219;USA Network;SD;Variedades;No
Ecuador;Prepago;Plata SD Pre;220;Adult Swim;SD;Variedades;Si
Ecuador;Prepago;Plata SD Pre;221;¡Hola! TV;SD;Variedades;Si
Ecuador;Prepago;Plata SD Pre;222;E! Entertainment;SD;Variedades;Si
Ecuador;Prepago;Plata SD Pre;223;Investigation Discovery (ID);SD;Variedades;Si
Ecuador;Prepago;Plata SD Pre;226;El Canal de las Estrellas;SD;Variedades;Si
Ecuador;Prepago;Plata SD Pre;227;TLnovelas;SD;Variedades;Si
Ecuador;Prepago;Plata SD Pre;228;Lifetime;SD;Variedades;No
Ecuador;Prepago;Plata SD Pre;229;Discovery Home & Health;SD;Variedades;Si
Ecuador;Prepago;Plata SD Pre;230;Más Chic;SD;Variedades;No
Ecuador;Prepago;Plata SD Pre;231;Telemundo Internacional;SD;Variedades;Si
Ecuador;Prepago;Plata SD Pre;232;El Gourmet;SD;Variedades;No
Ecuador;Prepago;Plata SD Pre;233;Food Network;SD;Variedades;Si
Ecuador;Prepago;Plata SD Pre;264;MTV;SD;Variedades;Si
Ecuador;Prepago;Plata SD Pre;269;Quiero Música en Mi Idioma (QMusic);SD;Variedades;Si
Ecuador;Prepago;Plata SD Pre;270;Mi Gente 3.0;SD;Variedades;No
Ecuador;Prepago;Plata SD Pre;304;Cartoon Network;SD;Infantil;Si
Ecuador;Prepago;Plata SD Pre;308;Nickelodeon;SD;Infantil;Si
Ecuador;Prepago;Plata SD Pre;309;Nick Jr.;SD;Infantil;Si
Ecuador;Prepago;Plata SD Pre;312;Disney Channel;SD;Infantil;Si
Ecuador;Prepago;Plata SD Pre;315;Disney Junior;SD;Infantil;Si
Ecuador;Prepago;Plata SD Pre;317;BabyTV;SD;Infantil;Si
Ecuador;Prepago;Plata SD Pre;318;Plim Plim;SD;Infantil;Si
Ecuador;Prepago;Plata SD Pre;319;El Reino Infantil;SD;Infantil;No
Ecuador;Prepago;Plata SD Pre;330;Discovery Kids;SD;Infantil;Si
Ecuador;Prepago;Plata SD Pre;334;Cartoonito;SD;Infantil;Si
Ecuador;Prepago;Plata SD Pre;350;EWTN;SD;Religioso;No
Ecuador;Prepago;Plata SD Pre;351;Canal Orbe 21;SD;Religioso;No
Ecuador;Prepago;Plata SD Pre;352;Enlace TBN;SD;Religioso;Si
Ecuador;Prepago;Plata SD Pre;464;Playboy TV;SD;Adultos;No
Ecuador;Prepago;Plata SD Pre;468;Venus;SD;Adultos;No
Ecuador;Prepago;Plata SD Pre;469;XTSY;SD;Adultos;No
Ecuador;Prepago;Plata SD Pre;470;Hustler;SD;Adultos;No
Ecuador;Prepago;Plata SD Pre;502;TNT;SD;Cine;Si
Ecuador;Prepago;Plata SD Pre;503;Golden;SD;Cine;No
Ecuador;Prepago;Plata SD Pre;506;Sony Movies;SD;Cine;No
Ecuador;Prepago;Plata SD Pre;507;Cinecanal;SD;Cine;Si
Ecuador;Prepago;Plata SD Pre;508;Studio Universal;SD;Cine;Si
Ecuador;Prepago;Plata SD Pre;509;Cinemax;SD;Cine;Si
Ecuador;Prepago;Plata SD Pre;510;Mórbido TV;SD;Cine;Si
Ecuador;Prepago;Plata SD Pre;513;DHE;SD;Cine;No
Ecuador;Prepago;Plata SD Pre;515;Cinema;SD;Cine;No
Ecuador;Prepago;Plata SD Pre;516;De Película;SD;Cine;Si
Ecuador;Prepago;Plata SD Pre;517;Golden Edge;SD;Cine;No
Ecuador;Prepago;Plata SD Pre;518;Space;SD;Cine;Si
Ecuador;Prepago;Plata SD Pre;524;HBO Este;SD;Cine;No
Ecuador;Prepago;Plata SD Pre;525;HBO 2;SD;Cine;No
Ecuador;Prepago;Plata SD Pre;526;HBO Plus Este;SD;Cine;No
Ecuador;Prepago;Plata SD Pre;528;HBO Signature;SD;Cine;No
Ecuador;Prepago;Plata SD Pre;532;HBO Plus Oeste;SD;Cine;No
Ecuador;Prepago;Plata SD Pre;534;HBO Family Este;SD;Cine;No
Ecuador;Prepago;Plata SD Pre;538;MAX Prime Oeste;SD;Cine;No
Ecuador;Prepago;Plata SD Pre;540;HBO Mundi;SD;Cine;No
Ecuador;Prepago;Plata SD Pre;541;HBO Pop;SD;Cine;No
Ecuador;Prepago;Plata SD Pre;542;HBO Xtreme;SD;Cine;No
Ecuador;Prepago;Plata SD Pre;571;Universal Premiere Este;SD;Cine;No
Ecuador;Prepago;Plata SD Pre;572;Universal Cinema;SD;Cine;No
Ecuador;Prepago;Plata SD Pre;573;Universal Comedy;SD;Cine;No
Ecuador;Prepago;Plata SD Pre;574;Universal Crime Este;SD;Cine;No
Ecuador;Prepago;Plata SD Pre;575;Universal Reality;SD;Cine;No
Ecuador;Prepago;Plata SD Pre;576;Universal Premiere Oeste;SD;Cine;No
Ecuador;Prepago;Plata SD Pre;577;Universal Cinema Oeste;SD;Cine;No
Ecuador;Prepago;Plata SD Pre;610;DSports;SD;Deportes;Si
Ecuador;Prepago;Plata SD Pre;612;DSports 2;SD;Deportes;Si
Ecuador;Prepago;Plata SD Pre;613;DSports+;SD;Deportes;Si
Ecuador;Prepago;Plata SD Pre;616;Liga;SD;Deportes;No
Ecuador;Prepago;Plata SD Pre;621;ESPN;SD;Deportes;Si
Ecuador;Prepago;Plata SD Pre;622;ESPN 2;SD;Deportes;Si
Ecuador;Prepago;Plata SD Pre;623;ESPN 3;SD;Deportes;Si
Ecuador;Prepago;Plata SD Pre;625;ESPN 5;SD;Deportes;Si
Ecuador;Prepago;Plata SD Pre;626;ESPN 6;SD;Deportes;Si
Ecuador;Prepago;Plata SD Pre;627;ESPN 7;SD;Deportes;Si
Ecuador;Prepago;Plata SD Pre;628;The Golf Channel;SD;Deportes;No
Ecuador;Prepago;Plata SD Pre;629;TyC Sports;SD;Deportes;No
Ecuador;Prepago;Plata SD Pre;655;El Canal del Futbol;SD;Deportes;No
Ecuador;Prepago;Plata SD Pre;680;MLB Temporada;SD;Deportes;No
Ecuador;Prepago;Plata SD Pre;681;MLB Temporada;SD;Deportes;No
Ecuador;Prepago;Plata SD Pre;683;Dsports Venezuela;SD;Deportes;Si
Ecuador;Prepago;Plata SD Pre;698;Dsports;SD;Deportes;No
Ecuador;Prepago;Plata SD Pre;699;DSports Eventos;SD;Deportes;No
Ecuador;Prepago;Plata SD Pre;700;DNews;SD;Mundo;No
Ecuador;Prepago;Plata SD Pre;704;CNN en Español;SD;Mundo;Si
Ecuador;Prepago;Plata SD Pre;706;CNN International;SD;Mundo;No
Ecuador;Prepago;Plata SD Pre;707;CNN Chile;SD;Mundo;No
Ecuador;Prepago;Plata SD Pre;708;TVN 24 HORAS;SD;Mundo;No
Ecuador;Prepago;Plata SD Pre;710;Bloomberg Television;SD;Mundo;No
Ecuador;Prepago;Plata SD Pre;716;Todo Noticias (TN);SD;Mundo;Si
Ecuador;Prepago;Plata SD Pre;720;Canal 26;SD;Mundo;Si
Ecuador;Prepago;Plata SD Pre;725;NTN 24;SD;Mundo;No
Ecuador;Prepago;Plata SD Pre;727;Cable Noticias;SD;Mundo;Si
Ecuador;Prepago;Plata SD Pre;730;National Geographic;SD;Mundo;Si
Ecuador;Prepago;Plata SD Pre;732;Discovery Channel;SD;Mundo;Si
Ecuador;Prepago;Plata SD Pre;734;Animal Planet;SD;Mundo;Si
Ecuador;Prepago;Plata SD Pre;736;Discovery Turbo;SD;Mundo;No
Ecuador;Prepago;Plata SD Pre;740;Discovery Travel & Living Channel (TLC);SD;Mundo;Si
Ecuador;Prepago;Plata SD Pre;742;History Channel;SD;Mundo;Si
Ecuador;Prepago;Plata SD Pre;744;History 2;SD;Mundo;Si
Ecuador;Prepago;Plata SD Pre;760;Univision;SD;Mundo;Si
Ecuador;Prepago;Plata SD Pre;762;Antena 3;SD;Mundo;No
Ecuador;Prepago;Plata SD Pre;764;France 24 Español;SD;Mundo;Si
Ecuador;Prepago;Plata SD Pre;766;Rai Italia;SD;Mundo;No
Ecuador;Prepago;Plata SD Pre;768;BBC News;SD;Mundo;No
Ecuador;Prepago;Plata SD Pre;770;Deutsche Welle (DW) Español;SD;Mundo;No
Ecuador;Prepago;Plata SD Pre;772;Caracol Internacional;SD;Mundo;Si
Ecuador;Prepago;Plata SD Pre;773;El Tiempo TV;SD;Mundo;Si
Ecuador;Prepago;Plata SD Pre;774;TV Chile;SD;Mundo;Si
Ecuador;Prepago;Plata SD Pre;775;RCN Nuestra Tele;SD;Mundo;Si
Ecuador;Prepago;Plata SD Pre;776;TV Globo;SD;Mundo;No
Ecuador;Prepago;Plata SD Pre;778;RTP Internacional;SD;Mundo;No
Ecuador;Prepago;Plata SD Pre;780;ZEE Mundo;SD;Mundo;No
Ecuador;Prepago;Plata SD Pre;782;NHK World;SD;Mundo;No
Ecuador;Prepago;Plata SD Pre;784;El Trece Internacional;SD;Mundo;Si
Ecuador;Prepago;Plata SD Pre;786;Telefe Internacional;SD;Mundo;Si
Ecuador;Prepago;Plata SD Pre;790;CGTN;SD;Mundo;Si
Ecuador;Prepago;Plata SD Pre;901;DSports Radio;Radio;Radio;No
Ecuador;Prepago;Plata SD Pre;980;Unión Radio Noticias;Radio;Radio;Si
Ecuador;Prepago;Plata SD Pre;982;Radio Caracol;Radio;Radio;Si
Ecuador;Prepago;Plata SD Pre;984;Radio France International;Radio;Radio;Si
Ecuador;Prepago;Plata SD Pre;1105;Gran Hermano - Experiencia Multicámara;HD;Variedades;No
Ecuador;Prepago;Plata SD Pre;1106;Gran Hermano - 24 hs;HD;Variedades;No
Ecuador;Prepago;Plata SD Pre;1107;Gran Hermano - Cámara 1;HD;Variedades;No
Ecuador;Prepago;Plata SD Pre;1108;Gran Hermano - Cámara 2;HD;Variedades;No
Ecuador;Prepago;Plata SD Pre;1109;Gran Hermano - Cámara 3;HD;Variedades;No
Ecuador;Prepago;Plata SD Pre;1180;Teleamazonas HD;HD;Nacional;No
Ecuador;Prepago;Plata SD Pre;1181;TC Television HD;HD;Nacional;No
Ecuador;Prepago;Plata SD Pre;1182;Ecuavisa HD;HD;Nacional;No
Ecuador;Prepago;Plata SD Pre;1204;Star Channel HD;HD;Variedades;No
Ecuador;Prepago;Plata SD Pre;1206;Warner Channel HD;HD;Variedades;No
Ecuador;Prepago;Plata SD Pre;1207;A&E Mundo HD;HD;Variedades;No
Ecuador;Prepago;Plata SD Pre;1208;Sony HD;HD;Variedades;No
Ecuador;Prepago;Plata SD Pre;1209;AXN HD;HD;Variedades;No
Ecuador;Prepago;Plata SD Pre;1210;AMC HD;HD;Variedades;No
Ecuador;Prepago;Plata SD Pre;1213;TNT Series HD;HD;Variedades;No
Ecuador;Prepago;Plata SD Pre;1214;Atres HD;HD;Variedades;No
Ecuador;Prepago;Plata SD Pre;1215;Comedy Central HD;HD;Variedades;No
Ecuador;Prepago;Plata SD Pre;1217;FX HD;HD;Variedades;No
Ecuador;Prepago;Plata SD Pre;1218;Universal TV HD;HD;Variedades;No
Ecuador;Prepago;Plata SD Pre;1219;USA Network HD;HD;Variedades;No
Ecuador;Prepago;Plata SD Pre;1221;Hola TV HD;HD;Variedades;No
Ecuador;Prepago;Plata SD Pre;1222;E! Entertainment HD;HD;Variedades;No
Ecuador;Prepago;Plata SD Pre;1223;Investigation Discovery (ID) HD;HD;Variedades;No
Ecuador;Prepago;Plata SD Pre;1228;Lifetime HD;HD;Variedades;No
Ecuador;Prepago;Plata SD Pre;1229;Discovery Home & Health;HD;Variedades;No
Ecuador;Prepago;Plata SD Pre;1231;Alacocina TV;HD;Variedades;Si
Ecuador;Prepago;Plata SD Pre;1232;El Gourmet HD;HD;Variedades;No
Ecuador;Prepago;Plata SD Pre;1233;Food Network HD;HD;Variedades;No
Ecuador;Prepago;Plata SD Pre;1234;HGTV HD;HD;Variedades;No
Ecuador;Prepago;Plata SD Pre;1236;VePlus HD;HD;Variedades;No
Ecuador;Prepago;Plata SD Pre;1264;MTV HD;HD;Variedades;No
Ecuador;Prepago;Plata SD Pre;1265;Music Top HD;HD;Variedades;No
Ecuador;Prepago;Plata SD Pre;1266;Tierra Mía HD;HD;Variedades;No
Ecuador;Prepago;Plata SD Pre;1270;Latina TV;HD;Variedades;Si
Ecuador;Prepago;Plata SD Pre;1273;INTI Network HD;HD;Variedades;No
Ecuador;Prepago;Plata SD Pre;1304;Cartoon Network HD;HD;Infantil;No
Ecuador;Prepago;Plata SD Pre;1308;Nickelodeon HD;HD;Infantil;No
Ecuador;Prepago;Plata SD Pre;1309;Nick Jr. HD;HD;Infantil;No
Ecuador;Prepago;Plata SD Pre;1312;Disney Channel HD;HD;Infantil;No
Ecuador;Prepago;Plata SD Pre;1315;Disney Junior HD;HD;Infantil;No
Ecuador;Prepago;Plata SD Pre;1318;Plim Plim;HD;Infantil;Si
Ecuador;Prepago;Plata SD Pre;1319;El Reino Infantil;HD;Infantil;No
Ecuador;Prepago;Plata SD Pre;1330;Discovery Kids HD;HD;Infantil;No
Ecuador;Prepago;Plata SD Pre;1502;TNT HD;HD;Cine;No
Ecuador;Prepago;Plata SD Pre;1503;Golden HD;HD;Cine;No
Ecuador;Prepago;Plata SD Pre;1506;Sony Movies;HD;Cine;No
Ecuador;Prepago;Plata SD Pre;1507;Cinecanal HD;HD;Cine;No
Ecuador;Prepago;Plata SD Pre;1508;Studio Universal HD;HD;Cine;No
Ecuador;Prepago;Plata SD Pre;1509;Cinemax HD;HD;Cine;No
Ecuador;Prepago;Plata SD Pre;1510;Mórbido TV;HD;Cine;Si
Ecuador;Prepago;Plata SD Pre;1513;DHE HD;HD;Cine;No
Ecuador;Prepago;Plata SD Pre;1518;Space HD;HD;Cine;No
Ecuador;Prepago;Plata SD Pre;1524;HBO HD;HD;Cine;No
Ecuador;Prepago;Plata SD Pre;1525;HBO 2 HD;HD;Cine;No
Ecuador;Prepago;Plata SD Pre;1528;HBO Signature HD;HD;Cine;No
Ecuador;Prepago;Plata SD Pre;1532;HBO Plus HD;HD;Cine;No
Ecuador;Prepago;Plata SD Pre;1534;HBO Family HD;HD;Cine;No
Ecuador;Prepago;Plata SD Pre;1542;HBO Xtreme HD;HD;Cine;No
Ecuador;Prepago;Plata SD Pre;1571;Universal Premiere Este HD;HD;Cine;No
Ecuador;Prepago;Plata SD Pre;1572;Universal Cinema HD;HD;Cine;No
Ecuador;Prepago;Plata SD Pre;1573;Universal Comedy HD;HD;Cine;No
Ecuador;Prepago;Plata SD Pre;1574;Universal Crime Este HD;HD;Cine;No
Ecuador;Prepago;Plata SD Pre;1575;Universal Reality HD;HD;Cine;No
Ecuador;Prepago;Plata SD Pre;1576;Universal Premiere Oeste HD;HD;Cine;No
Ecuador;Prepago;Plata SD Pre;1577;Universal Cinema Oeste;HD;Cine;No
Ecuador;Prepago;Plata SD Pre;1610;DSports HD;HD;Deportes;No
Ecuador;Prepago;Plata SD Pre;1612;DSports 2 HD;HD;Deportes;No
Ecuador;Prepago;Plata SD Pre;1613;DSports+ HD;HD;Deportes;No
Ecuador;Prepago;Plata SD Pre;1621;ESPN HD;HD;Deportes;No
Ecuador;Prepago;Plata SD Pre;1622;ESPN 2 HD;HD;Deportes;No
Ecuador;Prepago;Plata SD Pre;1623;ESPN 3 HD;HD;Deportes;No
Ecuador;Prepago;Plata SD Pre;1624;ESPN 4 HD;HD;Deportes;No
Ecuador;Prepago;Plata SD Pre;1625;ESPN 5 HD;HD;Deportes;No
Ecuador;Prepago;Plata SD Pre;1626;ESPN 6 HD;HD;Deportes;Si
Ecuador;Prepago;Plata SD Pre;1627;ESPN 7 HD;HD;Deportes;Si
Ecuador;Prepago;Plata SD Pre;1628;Golf Channel HD;HD;Deportes;No
Ecuador;Prepago;Plata SD Pre;1639;PX Sports;HD;Deportes;No
Ecuador;Prepago;Plata SD Pre;1655;El Canal del Futbol;HD;Deportes;No
Ecuador;Prepago;Plata SD Pre;1698;Dsports;HD;Deportes;No
Ecuador;Prepago;Plata SD Pre;1699;DSports Eventos;HD;Deportes;No
Ecuador;Prepago;Plata SD Pre;1700;DNews HD;HD;Mundo;No
Ecuador;Prepago;Plata SD Pre;1727;Cable Noticias HD;HD;Mundo;No
Ecuador;Prepago;Plata SD Pre;1730;National Geographic HD;HD;Mundo;No
Ecuador;Prepago;Plata SD Pre;1731;Discovery Theater HD;HD;Mundo;No
Ecuador;Prepago;Plata SD Pre;1732;Discovery Channel HD;HD;Mundo;No
Ecuador;Prepago;Plata SD Pre;1734;Animal Planet HD;HD;Mundo;No
Ecuador;Prepago;Plata SD Pre;1738;Discovery World HD;HD;Mundo;No
Ecuador;Prepago;Plata SD Pre;1740;Discovery Travel & Living Channel (TLC) HD;HD;Mundo;No
Ecuador;Prepago;Plata SD Pre;1742;History HD;HD;Mundo;No
Ecuador;Prepago;Plata SD Pre;1744;History 2 HD;HD;Mundo;No
Ecuador;Prepago;Plata SD Pre;1750;Encuentro;HD;Variedades;No
Ecuador;Prepago;Plata SD Pre;1762;Antena 3 HD;HD;Mundo;No
Ecuador;Prepago;Plata SD Pre;1764;France 24 Español;HD;Mundo;Si
Ecuador;Prepago;Plata SD Pre;4000;Directv 4K;4K;4K;No
Ecuador;Prepago;Plata HD Pre;142;Telecaribe;SD;Mundo;Si
Ecuador;Prepago;Plata HD Pre;148;Canal TRO;SD;Mundo;Si
Ecuador;Prepago;Plata HD Pre;151;Telemedellin;SD;Mundo;Si
Ecuador;Prepago;Plata HD Pre;170;TV Familia;SD;Religioso;Si
Ecuador;Prepago;Plata HD Pre;177;RTU;SD;Nacional;Si
Ecuador;Prepago;Plata HD Pre;178;Redonda TV;SD;Variedades;Si
Ecuador;Prepago;Plata HD Pre;179;Teleamazonas Guayaquil;SD;Nacional;Si
Ecuador;Prepago;Plata HD Pre;180;Teleamazonas;SD;Nacional;Si
Ecuador;Prepago;Plata HD Pre;181;TC Television;SD;Nacional;Si
Ecuador;Prepago;Plata HD Pre;182;Ecuavisa;SD;Nacional;Si
Ecuador;Prepago;Plata HD Pre;183;Gama TV;SD;Nacional;Si
Ecuador;Prepago;Plata HD Pre;184;Ecuavisa;SD;Nacional;No
Ecuador;Prepago;Plata HD Pre;185;RTS;SD;Nacional;Si
Ecuador;Prepago;Plata HD Pre;187;Ecuador TV;SD;Nacional;Si
Ecuador;Prepago;Plata HD Pre;188;Telerama;SD;Nacional;Si
Ecuador;Prepago;Plata HD Pre;190;Oro Mar TV;SD;Nacional;Si
Ecuador;Prepago;Plata HD Pre;192;Televicentro;SD;Nacional;Si
Ecuador;Prepago;Plata HD Pre;194;Manavision;SD;Nacional;Si
Ecuador;Prepago;Plata HD Pre;202;Star Channel;SD;Variedades;Si
Ecuador;Prepago;Plata HD Pre;206;Warner Channel;SD;Variedades;Si
Ecuador;Prepago;Plata HD Pre;207;A&E;SD;Variedades;Si
Ecuador;Prepago;Plata HD Pre;208;Sony;SD;Variedades;Si
Ecuador;Prepago;Plata HD Pre;209;AXN;SD;Variedades;Si
Ecuador;Prepago;Plata HD Pre;210;AMC;SD;Variedades;Si
Ecuador;Prepago;Plata HD Pre;213;TNT Series;SD;Variedades;Si
Ecuador;Prepago;Plata HD Pre;214;Atres Series;SD;Variedades;No
Ecuador;Prepago;Plata HD Pre;215;Comedy Central;SD;Variedades;Si
Ecuador;Prepago;Plata HD Pre;216;TNT Novelas;SD;Variedades;Si
Ecuador;Prepago;Plata HD Pre;217;FX;SD;Variedades;Si
Ecuador;Prepago;Plata HD Pre;218;Universal TV;SD;Variedades;Si
Ecuador;Prepago;Plata HD Pre;219;USA Network;SD;Variedades;No
Ecuador;Prepago;Plata HD Pre;220;Adult Swim;SD;Variedades;Si
Ecuador;Prepago;Plata HD Pre;221;¡Hola! TV;SD;Variedades;Si
Ecuador;Prepago;Plata HD Pre;222;E! Entertainment;SD;Variedades;Si
Ecuador;Prepago;Plata HD Pre;223;Investigation Discovery (ID);SD;Variedades;Si
Ecuador;Prepago;Plata HD Pre;226;El Canal de las Estrellas;SD;Variedades;Si
Ecuador;Prepago;Plata HD Pre;227;TLnovelas;SD;Variedades;Si
Ecuador;Prepago;Plata HD Pre;228;Lifetime;SD;Variedades;No
Ecuador;Prepago;Plata HD Pre;229;Discovery Home & Health;SD;Variedades;Si
Ecuador;Prepago;Plata HD Pre;230;Más Chic;SD;Variedades;No
Ecuador;Prepago;Plata HD Pre;231;Telemundo Internacional;SD;Variedades;Si
Ecuador;Prepago;Plata HD Pre;232;El Gourmet;SD;Variedades;No
Ecuador;Prepago;Plata HD Pre;233;Food Network;SD;Variedades;Si
Ecuador;Prepago;Plata HD Pre;264;MTV;SD;Variedades;Si
Ecuador;Prepago;Plata HD Pre;269;Quiero Música en Mi Idioma (QMusic);SD;Variedades;Si
Ecuador;Prepago;Plata HD Pre;270;Mi Gente 3.0;SD;Variedades;No
Ecuador;Prepago;Plata HD Pre;304;Cartoon Network;SD;Infantil;Si
Ecuador;Prepago;Plata HD Pre;308;Nickelodeon;SD;Infantil;Si
Ecuador;Prepago;Plata HD Pre;309;Nick Jr.;SD;Infantil;Si
Ecuador;Prepago;Plata HD Pre;312;Disney Channel;SD;Infantil;Si
Ecuador;Prepago;Plata HD Pre;315;Disney Junior;SD;Infantil;Si
Ecuador;Prepago;Plata HD Pre;317;BabyTV;SD;Infantil;No
Ecuador;Prepago;Plata HD Pre;318;Plim Plim;SD;Infantil;Si
Ecuador;Prepago;Plata HD Pre;319;El Reino Infantil;SD;Infantil;No
Ecuador;Prepago;Plata HD Pre;330;Discovery Kids;SD;Infantil;Si
Ecuador;Prepago;Plata HD Pre;334;Cartoonito;SD;Infantil;Si
Ecuador;Prepago;Plata HD Pre;350;EWTN;SD;Religioso;No
Ecuador;Prepago;Plata HD Pre;351;Canal Orbe 21;SD;Religioso;No
Ecuador;Prepago;Plata HD Pre;352;Enlace TBN;SD;Religioso;Si
Ecuador;Prepago;Plata HD Pre;464;Playboy TV;SD;Adultos;No
Ecuador;Prepago;Plata HD Pre;468;Venus;SD;Adultos;No
Ecuador;Prepago;Plata HD Pre;469;XTSY;SD;Adultos;No
Ecuador;Prepago;Plata HD Pre;470;Hustler;SD;Adultos;No
Ecuador;Prepago;Plata HD Pre;502;TNT;SD;Cine;Si
Ecuador;Prepago;Plata HD Pre;503;Golden;SD;Cine;No
Ecuador;Prepago;Plata HD Pre;506;Sony Movies;SD;Cine;No
Ecuador;Prepago;Plata HD Pre;507;Cinecanal;SD;Cine;Si
Ecuador;Prepago;Plata HD Pre;508;Studio Universal;SD;Cine;Si
Ecuador;Prepago;Plata HD Pre;509;Cinemax;SD;Cine;Si
Ecuador;Prepago;Plata HD Pre;510;Mórbido TV;SD;Cine;Si
Ecuador;Prepago;Plata HD Pre;513;DHE;SD;Cine;No
Ecuador;Prepago;Plata HD Pre;515;Cinema;SD;Cine;No
Ecuador;Prepago;Plata HD Pre;516;De Película;SD;Cine;Si
Ecuador;Prepago;Plata HD Pre;517;Golden Edge;SD;Cine;No
Ecuador;Prepago;Plata HD Pre;518;Space;SD;Cine;Si
Ecuador;Prepago;Plata HD Pre;524;HBO Este;SD;Cine;No
Ecuador;Prepago;Plata HD Pre;525;HBO 2;SD;Cine;No
Ecuador;Prepago;Plata HD Pre;526;HBO Plus Este;SD;Cine;No
Ecuador;Prepago;Plata HD Pre;528;HBO Signature;SD;Cine;No
Ecuador;Prepago;Plata HD Pre;532;HBO Plus Oeste;SD;Cine;No
Ecuador;Prepago;Plata HD Pre;534;HBO Family Este;SD;Cine;No
Ecuador;Prepago;Plata HD Pre;538;MAX Prime Oeste;SD;Cine;No
Ecuador;Prepago;Plata HD Pre;540;HBO Mundi;SD;Cine;No
Ecuador;Prepago;Plata HD Pre;541;HBO Pop;SD;Cine;No
Ecuador;Prepago;Plata HD Pre;542;HBO Xtreme;SD;Cine;No
Ecuador;Prepago;Plata HD Pre;571;Universal Premiere Este;SD;Cine;No
Ecuador;Prepago;Plata HD Pre;572;Universal Cinema;SD;Cine;No
Ecuador;Prepago;Plata HD Pre;573;Universal Comedy;SD;Cine;No
Ecuador;Prepago;Plata HD Pre;574;Universal Crime Este;SD;Cine;No
Ecuador;Prepago;Plata HD Pre;575;Universal Reality;SD;Cine;No
Ecuador;Prepago;Plata HD Pre;576;Universal Premiere Oeste;SD;Cine;No
Ecuador;Prepago;Plata HD Pre;577;Universal Cinema Oeste;SD;Cine;No
Ecuador;Prepago;Plata HD Pre;610;DSports;SD;Deportes;Si
Ecuador;Prepago;Plata HD Pre;612;DSports 2;SD;Deportes;Si
Ecuador;Prepago;Plata HD Pre;613;DSports+;SD;Deportes;Si
Ecuador;Prepago;Plata HD Pre;616;Liga;SD;Deportes;No
Ecuador;Prepago;Plata HD Pre;621;ESPN;SD;Deportes;Si
Ecuador;Prepago;Plata HD Pre;622;ESPN 2;SD;Deportes;Si
Ecuador;Prepago;Plata HD Pre;623;ESPN 3;SD;Deportes;Si
Ecuador;Prepago;Plata HD Pre;625;ESPN 5;SD;Deportes;Si
Ecuador;Prepago;Plata HD Pre;626;ESPN 6;SD;Deportes;Si
Ecuador;Prepago;Plata HD Pre;627;ESPN 7;SD;Deportes;Si
Ecuador;Prepago;Plata HD Pre;628;The Golf Channel;SD;Deportes;No
Ecuador;Prepago;Plata HD Pre;629;TyC Sports;SD;Deportes;No
Ecuador;Prepago;Plata HD Pre;655;El Canal del Futbol;SD;Deportes;No
Ecuador;Prepago;Plata HD Pre;680;MLB Temporada;SD;Deportes;No
Ecuador;Prepago;Plata HD Pre;681;MLB Temporada;SD;Deportes;No
Ecuador;Prepago;Plata HD Pre;683;Dsports Venezuela;SD;Deportes;Si
Ecuador;Prepago;Plata HD Pre;698;Dsports;SD;Deportes;No
Ecuador;Prepago;Plata HD Pre;699;DSports Eventos;SD;Deportes;No
Ecuador;Prepago;Plata HD Pre;700;DNews;SD;Mundo;No
Ecuador;Prepago;Plata HD Pre;704;CNN en Español;SD;Mundo;Si
Ecuador;Prepago;Plata HD Pre;706;CNN International;SD;Mundo;No
Ecuador;Prepago;Plata HD Pre;707;CNN Chile;SD;Mundo;No
Ecuador;Prepago;Plata HD Pre;708;TVN 24 HORAS;SD;Mundo;No
Ecuador;Prepago;Plata HD Pre;710;Bloomberg Television;SD;Mundo;No
Ecuador;Prepago;Plata HD Pre;716;Todo Noticias (TN);SD;Mundo;Si
Ecuador;Prepago;Plata HD Pre;720;Canal 26;SD;Mundo;Si
Ecuador;Prepago;Plata HD Pre;725;NTN 24;SD;Mundo;No
Ecuador;Prepago;Plata HD Pre;727;Cable Noticias;SD;Mundo;Si
Ecuador;Prepago;Plata HD Pre;730;National Geographic;SD;Mundo;Si
Ecuador;Prepago;Plata HD Pre;732;Discovery Channel;SD;Mundo;Si
Ecuador;Prepago;Plata HD Pre;734;Animal Planet;SD;Mundo;Si
Ecuador;Prepago;Plata HD Pre;736;Discovery Turbo;SD;Mundo;No
Ecuador;Prepago;Plata HD Pre;740;Discovery Travel & Living Channel (TLC);SD;Mundo;Si
Ecuador;Prepago;Plata HD Pre;742;History Channel;SD;Mundo;Si
Ecuador;Prepago;Plata HD Pre;744;History 2;SD;Mundo;Si
Ecuador;Prepago;Plata HD Pre;760;Univision;SD;Mundo;Si
Ecuador;Prepago;Plata HD Pre;762;Antena 3;SD;Mundo;No
Ecuador;Prepago;Plata HD Pre;764;France 24 Español;SD;Mundo;Si
Ecuador;Prepago;Plata HD Pre;766;Rai Italia;SD;Mundo;No
Ecuador;Prepago;Plata HD Pre;768;BBC News;SD;Mundo;No
Ecuador;Prepago;Plata HD Pre;770;Deutsche Welle (DW) Español;SD;Mundo;No
Ecuador;Prepago;Plata HD Pre;772;Caracol Internacional;SD;Mundo;Si
Ecuador;Prepago;Plata HD Pre;773;El Tiempo TV;SD;Mundo;Si
Ecuador;Prepago;Plata HD Pre;774;TV Chile;SD;Mundo;Si
Ecuador;Prepago;Plata HD Pre;775;RCN Nuestra Tele;SD;Mundo;Si
Ecuador;Prepago;Plata HD Pre;776;TV Globo;SD;Mundo;No
Ecuador;Prepago;Plata HD Pre;778;RTP Internacional;SD;Mundo;No
Ecuador;Prepago;Plata HD Pre;780;ZEE Mundo;SD;Mundo;No
Ecuador;Prepago;Plata HD Pre;782;NHK World;SD;Mundo;No
Ecuador;Prepago;Plata HD Pre;784;El Trece Internacional;SD;Mundo;Si
Ecuador;Prepago;Plata HD Pre;786;Telefe Internacional;SD;Mundo;Si
Ecuador;Prepago;Plata HD Pre;790;CGTN;SD;Mundo;Si
Ecuador;Prepago;Plata HD Pre;901;DSports Radio;Radio;Radio;No
Ecuador;Prepago;Plata HD Pre;980;Unión Radio Noticias;Radio;Radio;Si
Ecuador;Prepago;Plata HD Pre;982;Radio Caracol;Radio;Radio;Si
Ecuador;Prepago;Plata HD Pre;984;Radio France International;Radio;Radio;Si
Ecuador;Prepago;Plata HD Pre;1105;Gran Hermano - Experiencia Multicámara;HD;Variedades;No
Ecuador;Prepago;Plata HD Pre;1106;Gran Hermano - 24 hs;HD;Variedades;No
Ecuador;Prepago;Plata HD Pre;1107;Gran Hermano - Cámara 1;HD;Variedades;No
Ecuador;Prepago;Plata HD Pre;1108;Gran Hermano - Cámara 2;HD;Variedades;No
Ecuador;Prepago;Plata HD Pre;1109;Gran Hermano - Cámara 3;HD;Variedades;No
Ecuador;Prepago;Plata HD Pre;1180;Teleamazonas HD;HD;Nacional;Si
Ecuador;Prepago;Plata HD Pre;1181;TC Television HD;HD;Nacional;Si
Ecuador;Prepago;Plata HD Pre;1182;Ecuavisa HD;HD;Nacional;Si
Ecuador;Prepago;Plata HD Pre;1204;Star Channel HD;HD;Variedades;Si
Ecuador;Prepago;Plata HD Pre;1206;Warner Channel HD;HD;Variedades;Si
Ecuador;Prepago;Plata HD Pre;1207;A&E Mundo HD;HD;Variedades;Si
Ecuador;Prepago;Plata HD Pre;1208;Sony HD;HD;Variedades;Si
Ecuador;Prepago;Plata HD Pre;1209;AXN HD;HD;Variedades;Si
Ecuador;Prepago;Plata HD Pre;1210;AMC HD;HD;Variedades;Si
Ecuador;Prepago;Plata HD Pre;1213;TNT Series HD;HD;Variedades;Si
Ecuador;Prepago;Plata HD Pre;1214;Atres HD;HD;Variedades;No
Ecuador;Prepago;Plata HD Pre;1215;Comedy Central HD;HD;Variedades;Si
Ecuador;Prepago;Plata HD Pre;1217;FX HD;HD;Variedades;Si
Ecuador;Prepago;Plata HD Pre;1218;Universal TV HD;HD;Variedades;Si
Ecuador;Prepago;Plata HD Pre;1219;USA Network HD;HD;Variedades;No
Ecuador;Prepago;Plata HD Pre;1221;Hola TV HD;HD;Variedades;Si
Ecuador;Prepago;Plata HD Pre;1222;E! Entertainment HD;HD;Variedades;Si
Ecuador;Prepago;Plata HD Pre;1223;Investigation Discovery (ID) HD;HD;Variedades;Si
Ecuador;Prepago;Plata HD Pre;1228;Lifetime HD;HD;Variedades;No
Ecuador;Prepago;Plata HD Pre;1229;Discovery Home & Health;HD;Variedades;Si
Ecuador;Prepago;Plata HD Pre;1231;Alacocina TV;HD;Variedades;Si
Ecuador;Prepago;Plata HD Pre;1232;El Gourmet HD;HD;Variedades;Si
Ecuador;Prepago;Plata HD Pre;1233;Food Network HD;HD;Variedades;Si
Ecuador;Prepago;Plata HD Pre;1234;HGTV HD;HD;Variedades;No
Ecuador;Prepago;Plata HD Pre;1236;VePlus HD;HD;Variedades;Si
Ecuador;Prepago;Plata HD Pre;1264;MTV HD;HD;Variedades;Si
Ecuador;Prepago;Plata HD Pre;1265;Music Top HD;HD;Variedades;Si
Ecuador;Prepago;Plata HD Pre;1266;Tierra Mía HD;HD;Variedades;Si
Ecuador;Prepago;Plata HD Pre;1270;Latina TV;HD;Variedades;Si
Ecuador;Prepago;Plata HD Pre;1273;INTI Network HD;HD;Variedades;Si
Ecuador;Prepago;Plata HD Pre;1304;Cartoon Network HD;HD;Infantil;Si
Ecuador;Prepago;Plata HD Pre;1308;Nickelodeon HD;HD;Infantil;Si
Ecuador;Prepago;Plata HD Pre;1309;Nick Jr. HD;HD;Infantil;No
Ecuador;Prepago;Plata HD Pre;1312;Disney Channel HD;HD;Infantil;Si
Ecuador;Prepago;Plata HD Pre;1315;Disney Junior HD;HD;Infantil;Si
Ecuador;Prepago;Plata HD Pre;1318;Plim Plim;HD;Infantil;Si
Ecuador;Prepago;Plata HD Pre;1319;El Reino Infantil;HD;Infantil;No
Ecuador;Prepago;Plata HD Pre;1330;Discovery Kids HD;HD;Infantil;Si
Ecuador;Prepago;Plata HD Pre;1502;TNT HD;HD;Cine;Si
Ecuador;Prepago;Plata HD Pre;1503;Golden HD;HD;Cine;No
Ecuador;Prepago;Plata HD Pre;1506;Sony Movies;HD;Cine;No
Ecuador;Prepago;Plata HD Pre;1507;Cinecanal HD;HD;Cine;Si
Ecuador;Prepago;Plata HD Pre;1508;Studio Universal HD;HD;Cine;Si
Ecuador;Prepago;Plata HD Pre;1509;Cinemax HD;HD;Cine;Si
Ecuador;Prepago;Plata HD Pre;1510;Mórbido TV;HD;Cine;Si
Ecuador;Prepago;Plata HD Pre;1513;DHE HD;HD;Cine;No
Ecuador;Prepago;Plata HD Pre;1518;Space HD;HD;Cine;Si
Ecuador;Prepago;Plata HD Pre;1524;HBO HD;HD;Cine;No
Ecuador;Prepago;Plata HD Pre;1525;HBO 2 HD;HD;Cine;No
Ecuador;Prepago;Plata HD Pre;1528;HBO Signature HD;HD;Cine;No
Ecuador;Prepago;Plata HD Pre;1532;HBO Plus HD;HD;Cine;No
Ecuador;Prepago;Plata HD Pre;1534;HBO Family HD;HD;Cine;No
Ecuador;Prepago;Plata HD Pre;1542;HBO Xtreme HD;HD;Cine;No
Ecuador;Prepago;Plata HD Pre;1571;Universal Premiere Este HD;HD;Cine;No
Ecuador;Prepago;Plata HD Pre;1572;Universal Cinema HD;HD;Cine;No
Ecuador;Prepago;Plata HD Pre;1573;Universal Comedy HD;HD;Cine;No
Ecuador;Prepago;Plata HD Pre;1574;Universal Crime Este HD;HD;Cine;No
Ecuador;Prepago;Plata HD Pre;1575;Universal Reality HD;HD;Cine;No
Ecuador;Prepago;Plata HD Pre;1576;Universal Premiere Oeste HD;HD;Cine;No
Ecuador;Prepago;Plata HD Pre;1577;Universal Cinema Oeste;HD;Cine;No
Ecuador;Prepago;Plata HD Pre;1610;DSports HD;HD;Deportes;Si
Ecuador;Prepago;Plata HD Pre;1612;DSports 2 HD;HD;Deportes;Si
Ecuador;Prepago;Plata HD Pre;1613;DSports+ HD;HD;Deportes;Si
Ecuador;Prepago;Plata HD Pre;1621;ESPN HD;HD;Deportes;Si
Ecuador;Prepago;Plata HD Pre;1622;ESPN 2 HD;HD;Deportes;Si
Ecuador;Prepago;Plata HD Pre;1623;ESPN 3 HD;HD;Deportes;Si
Ecuador;Prepago;Plata HD Pre;1624;ESPN 4 HD;HD;Deportes;Si
Ecuador;Prepago;Plata HD Pre;1625;ESPN 5 HD;HD;Deportes;Si
Ecuador;Prepago;Plata HD Pre;1626;ESPN 6 HD;HD;Deportes;Si
Ecuador;Prepago;Plata HD Pre;1627;ESPN 7 HD;HD;Deportes;Si
Ecuador;Prepago;Plata HD Pre;1628;Golf Channel HD;HD;Deportes;No
Ecuador;Prepago;Plata HD Pre;1639;PX Sports;HD;Deportes;No
Ecuador;Prepago;Plata HD Pre;1655;El Canal del Futbol;HD;Deportes;No
Ecuador;Prepago;Plata HD Pre;1698;Dsports;HD;Deportes;No
Ecuador;Prepago;Plata HD Pre;1699;DSports Eventos;HD;Deportes;No
Ecuador;Prepago;Plata HD Pre;1700;DNews HD;HD;Mundo;No
Ecuador;Prepago;Plata HD Pre;1727;Cable Noticias HD;HD;Mundo;Si
Ecuador;Prepago;Plata HD Pre;1730;National Geographic HD;HD;Mundo;Si
Ecuador;Prepago;Plata HD Pre;1731;Discovery Theater HD;HD;Mundo;Si
Ecuador;Prepago;Plata HD Pre;1732;Discovery Channel HD;HD;Mundo;Si
Ecuador;Prepago;Plata HD Pre;1734;Animal Planet HD;HD;Mundo;Si
Ecuador;Prepago;Plata HD Pre;1738;Discovery World HD;HD;Mundo;No
Ecuador;Prepago;Plata HD Pre;1740;Discovery Travel & Living Channel (TLC) HD;HD;Mundo;Si
Ecuador;Prepago;Plata HD Pre;1742;History HD;HD;Mundo;Si
Ecuador;Prepago;Plata HD Pre;1744;History 2 HD;HD;Mundo;Si
Ecuador;Prepago;Plata HD Pre;1750;Encuentro;HD;Variedades;No
Ecuador;Prepago;Plata HD Pre;1762;Antena 3 HD;HD;Mundo;No
Ecuador;Prepago;Plata HD Pre;1764;France 24 Español;HD;Mundo;Si
Ecuador;Prepago;Plata HD Pre;4000;Directv 4K;4K;4K;No
Ecuador;Prepago;Oro SD Pre;142;Telecaribe;SD;Mundo;Si
Ecuador;Prepago;Oro SD Pre;148;Canal TRO;SD;Mundo;Si
Ecuador;Prepago;Oro SD Pre;151;Telemedellin;SD;Mundo;Si
Ecuador;Prepago;Oro SD Pre;170;TV Familia;SD;Religioso;Si
Ecuador;Prepago;Oro SD Pre;177;RTU;SD;Nacional;Si
Ecuador;Prepago;Oro SD Pre;178;Redonda TV;SD;Variedades;Si
Ecuador;Prepago;Oro SD Pre;179;Teleamazonas Guayaquil;SD;Nacional;Si
Ecuador;Prepago;Oro SD Pre;180;Teleamazonas;SD;Nacional;Si
Ecuador;Prepago;Oro SD Pre;181;TC Television;SD;Nacional;Si
Ecuador;Prepago;Oro SD Pre;182;Ecuavisa;SD;Nacional;Si
Ecuador;Prepago;Oro SD Pre;183;Gama TV;SD;Nacional;Si
Ecuador;Prepago;Oro SD Pre;184;Ecuavisa;SD;Nacional;No
Ecuador;Prepago;Oro SD Pre;185;RTS;SD;Nacional;Si
Ecuador;Prepago;Oro SD Pre;187;Ecuador TV;SD;Nacional;Si
Ecuador;Prepago;Oro SD Pre;188;Telerama;SD;Nacional;Si
Ecuador;Prepago;Oro SD Pre;190;Oro Mar TV;SD;Nacional;Si
Ecuador;Prepago;Oro SD Pre;192;Televicentro;SD;Nacional;Si
Ecuador;Prepago;Oro SD Pre;194;Manavision;SD;Nacional;Si
Ecuador;Prepago;Oro SD Pre;202;Star Channel;SD;Variedades;Si
Ecuador;Prepago;Oro SD Pre;206;Warner Channel;SD;Variedades;Si
Ecuador;Prepago;Oro SD Pre;207;A&E;SD;Variedades;Si
Ecuador;Prepago;Oro SD Pre;208;Sony;SD;Variedades;Si
Ecuador;Prepago;Oro SD Pre;209;AXN;SD;Variedades;Si
Ecuador;Prepago;Oro SD Pre;210;AMC;SD;Variedades;Si
Ecuador;Prepago;Oro SD Pre;213;TNT Series;SD;Variedades;Si
Ecuador;Prepago;Oro SD Pre;214;Atres Series;SD;Variedades;Si
Ecuador;Prepago;Oro SD Pre;215;Comedy Central;SD;Variedades;Si
Ecuador;Prepago;Oro SD Pre;216;TNT Novelas;SD;Variedades;Si
Ecuador;Prepago;Oro SD Pre;217;FX;SD;Variedades;Si
Ecuador;Prepago;Oro SD Pre;218;Universal TV;SD;Variedades;Si
Ecuador;Prepago;Oro SD Pre;219;USA Network;SD;Variedades;Si
Ecuador;Prepago;Oro SD Pre;220;Adult Swim;SD;Variedades;Si
Ecuador;Prepago;Oro SD Pre;221;¡Hola! TV;SD;Variedades;Si
Ecuador;Prepago;Oro SD Pre;222;E! Entertainment;SD;Variedades;Si
Ecuador;Prepago;Oro SD Pre;223;Investigation Discovery (ID);SD;Variedades;Si
Ecuador;Prepago;Oro SD Pre;226;El Canal de las Estrellas;SD;Variedades;Si
Ecuador;Prepago;Oro SD Pre;227;TLnovelas;SD;Variedades;Si
Ecuador;Prepago;Oro SD Pre;228;Lifetime;SD;Variedades;Si
Ecuador;Prepago;Oro SD Pre;229;Discovery Home & Health;SD;Variedades;Si
Ecuador;Prepago;Oro SD Pre;230;Más Chic;SD;Variedades;Si
Ecuador;Prepago;Oro SD Pre;231;Telemundo Internacional;SD;Variedades;Si
Ecuador;Prepago;Oro SD Pre;232;El Gourmet;SD;Variedades;Si
Ecuador;Prepago;Oro SD Pre;233;Food Network;SD;Variedades;Si
Ecuador;Prepago;Oro SD Pre;264;MTV;SD;Variedades;Si
Ecuador;Prepago;Oro SD Pre;269;Quiero Música en Mi Idioma (QMusic);SD;Variedades;Si
Ecuador;Prepago;Oro SD Pre;270;Mi Gente 3.0;SD;Variedades;No
Ecuador;Prepago;Oro SD Pre;304;Cartoon Network;SD;Infantil;Si
Ecuador;Prepago;Oro SD Pre;308;Nickelodeon;SD;Infantil;Si
Ecuador;Prepago;Oro SD Pre;309;Nick Jr.;SD;Infantil;Si
Ecuador;Prepago;Oro SD Pre;312;Disney Channel;SD;Infantil;Si
Ecuador;Prepago;Oro SD Pre;315;Disney Junior;SD;Infantil;Si
Ecuador;Prepago;Oro SD Pre;317;BabyTV;SD;Infantil;Si
Ecuador;Prepago;Oro SD Pre;318;Plim Plim;SD;Infantil;Si
Ecuador;Prepago;Oro SD Pre;319;El Reino Infantil;SD;Infantil;No
Ecuador;Prepago;Oro SD Pre;330;Discovery Kids;SD;Infantil;Si
Ecuador;Prepago;Oro SD Pre;334;Cartoonito;SD;Infantil;Si
Ecuador;Prepago;Oro SD Pre;350;EWTN;SD;Religioso;No
Ecuador;Prepago;Oro SD Pre;351;Canal Orbe 21;SD;Religioso;Si
Ecuador;Prepago;Oro SD Pre;352;Enlace TBN;SD;Religioso;Si
Ecuador;Prepago;Oro SD Pre;464;Playboy TV;SD;Adultos;No
Ecuador;Prepago;Oro SD Pre;468;Venus;SD;Adultos;No
Ecuador;Prepago;Oro SD Pre;469;XTSY;SD;Adultos;No
Ecuador;Prepago;Oro SD Pre;470;Hustler;SD;Adultos;No
Ecuador;Prepago;Oro SD Pre;502;TNT;SD;Cine;Si
Ecuador;Prepago;Oro SD Pre;503;Golden;SD;Cine;Si
Ecuador;Prepago;Oro SD Pre;506;Sony Movies;SD;Cine;No
Ecuador;Prepago;Oro SD Pre;507;Cinecanal;SD;Cine;Si
Ecuador;Prepago;Oro SD Pre;508;Studio Universal;SD;Cine;Si
Ecuador;Prepago;Oro SD Pre;509;Cinemax;SD;Cine;Si
Ecuador;Prepago;Oro SD Pre;510;Mórbido TV;SD;Cine;Si
Ecuador;Prepago;Oro SD Pre;513;DHE;SD;Cine;Si
Ecuador;Prepago;Oro SD Pre;515;Cinema;SD;Cine;No
Ecuador;Prepago;Oro SD Pre;516;De Película;SD;Cine;Si
Ecuador;Prepago;Oro SD Pre;517;Golden Edge;SD;Cine;Si
Ecuador;Prepago;Oro SD Pre;518;Space;SD;Cine;Si
Ecuador;Prepago;Oro SD Pre;524;HBO Este;SD;Cine;No
Ecuador;Prepago;Oro SD Pre;525;HBO 2;SD;Cine;No
Ecuador;Prepago;Oro SD Pre;526;HBO Plus Este;SD;Cine;No
Ecuador;Prepago;Oro SD Pre;528;HBO Signature;SD;Cine;No
Ecuador;Prepago;Oro SD Pre;532;HBO Plus Oeste;SD;Cine;No
Ecuador;Prepago;Oro SD Pre;534;HBO Family Este;SD;Cine;No
Ecuador;Prepago;Oro SD Pre;538;MAX Prime Oeste;SD;Cine;No
Ecuador;Prepago;Oro SD Pre;540;HBO Mundi;SD;Cine;No
Ecuador;Prepago;Oro SD Pre;541;HBO Pop;SD;Cine;No
Ecuador;Prepago;Oro SD Pre;542;HBO Xtreme;SD;Cine;No
Ecuador;Prepago;Oro SD Pre;571;Universal Premiere Este;SD;Cine;No
Ecuador;Prepago;Oro SD Pre;572;Universal Cinema;SD;Cine;No
Ecuador;Prepago;Oro SD Pre;573;Universal Comedy;SD;Cine;No
Ecuador;Prepago;Oro SD Pre;574;Universal Crime Este;SD;Cine;No
Ecuador;Prepago;Oro SD Pre;575;Universal Reality;SD;Cine;No
Ecuador;Prepago;Oro SD Pre;576;Universal Premiere Oeste;SD;Cine;No
Ecuador;Prepago;Oro SD Pre;577;Universal Cinema Oeste;SD;Cine;No
Ecuador;Prepago;Oro SD Pre;610;DSports;SD;Deportes;Si
Ecuador;Prepago;Oro SD Pre;612;DSports 2;SD;Deportes;Si
Ecuador;Prepago;Oro SD Pre;613;DSports+;SD;Deportes;Si
Ecuador;Prepago;Oro SD Pre;616;Liga;SD;Deportes;No
Ecuador;Prepago;Oro SD Pre;621;ESPN;SD;Deportes;Si
Ecuador;Prepago;Oro SD Pre;622;ESPN 2;SD;Deportes;Si
Ecuador;Prepago;Oro SD Pre;623;ESPN 3;SD;Deportes;Si
Ecuador;Prepago;Oro SD Pre;625;ESPN 5;SD;Deportes;Si
Ecuador;Prepago;Oro SD Pre;626;ESPN 6;SD;Deportes;Si
Ecuador;Prepago;Oro SD Pre;627;ESPN 7;SD;Deportes;Si
Ecuador;Prepago;Oro SD Pre;628;The Golf Channel;SD;Deportes;Si
Ecuador;Prepago;Oro SD Pre;629;TyC Sports;SD;Deportes;Si
Ecuador;Prepago;Oro SD Pre;655;El Canal del Futbol;SD;Deportes;No
Ecuador;Prepago;Oro SD Pre;680;MLB Temporada;SD;Deportes;No
Ecuador;Prepago;Oro SD Pre;681;MLB Temporada;SD;Deportes;No
Ecuador;Prepago;Oro SD Pre;683;Dsports Venezuela;SD;Deportes;Si
Ecuador;Prepago;Oro SD Pre;698;Dsports;SD;Deportes;No
Ecuador;Prepago;Oro SD Pre;699;DSports Eventos;SD;Deportes;No
Ecuador;Prepago;Oro SD Pre;700;DNews;SD;Mundo;No
Ecuador;Prepago;Oro SD Pre;704;CNN en Español;SD;Mundo;Si
Ecuador;Prepago;Oro SD Pre;706;CNN International;SD;Mundo;Si
Ecuador;Prepago;Oro SD Pre;707;CNN Chile;SD;Mundo;Si
Ecuador;Prepago;Oro SD Pre;708;TVN 24 HORAS;SD;Mundo;Si
Ecuador;Prepago;Oro SD Pre;710;Bloomberg Television;SD;Mundo;Si
Ecuador;Prepago;Oro SD Pre;716;Todo Noticias (TN);SD;Mundo;Si
Ecuador;Prepago;Oro SD Pre;720;Canal 26;SD;Mundo;Si
Ecuador;Prepago;Oro SD Pre;725;NTN 24;SD;Mundo;Si
Ecuador;Prepago;Oro SD Pre;727;Cable Noticias;SD;Mundo;Si
Ecuador;Prepago;Oro SD Pre;730;National Geographic;SD;Mundo;Si
Ecuador;Prepago;Oro SD Pre;732;Discovery Channel;SD;Mundo;Si
Ecuador;Prepago;Oro SD Pre;734;Animal Planet;SD;Mundo;Si
Ecuador;Prepago;Oro SD Pre;736;Discovery Turbo;SD;Mundo;Si
Ecuador;Prepago;Oro SD Pre;740;Discovery Travel & Living Channel (TLC);SD;Mundo;Si
Ecuador;Prepago;Oro SD Pre;742;History Channel;SD;Mundo;Si
Ecuador;Prepago;Oro SD Pre;744;History 2;SD;Mundo;Si
Ecuador;Prepago;Oro SD Pre;760;Univision;SD;Mundo;Si
Ecuador;Prepago;Oro SD Pre;762;Antena 3;SD;Mundo;Si
Ecuador;Prepago;Oro SD Pre;764;France 24 Español;SD;Mundo;Si
Ecuador;Prepago;Oro SD Pre;766;Rai Italia;SD;Mundo;Si
Ecuador;Prepago;Oro SD Pre;768;BBC News;SD;Mundo;Si
Ecuador;Prepago;Oro SD Pre;770;Deutsche Welle (DW) Español;SD;Mundo;Si
Ecuador;Prepago;Oro SD Pre;772;Caracol Internacional;SD;Mundo;Si
Ecuador;Prepago;Oro SD Pre;773;El Tiempo TV;SD;Mundo;Si
Ecuador;Prepago;Oro SD Pre;774;TV Chile;SD;Mundo;Si
Ecuador;Prepago;Oro SD Pre;775;RCN Nuestra Tele;SD;Mundo;Si
Ecuador;Prepago;Oro SD Pre;776;TV Globo;SD;Mundo;No
Ecuador;Prepago;Oro SD Pre;778;RTP Internacional;SD;Mundo;Si
Ecuador;Prepago;Oro SD Pre;780;ZEE Mundo;SD;Mundo;No
Ecuador;Prepago;Oro SD Pre;782;NHK World;SD;Mundo;Si
Ecuador;Prepago;Oro SD Pre;784;El Trece Internacional;SD;Mundo;Si
Ecuador;Prepago;Oro SD Pre;786;Telefe Internacional;SD;Mundo;Si
Ecuador;Prepago;Oro SD Pre;790;CGTN;SD;Mundo;Si
Ecuador;Prepago;Oro SD Pre;901;DSports Radio;Radio;Radio;No
Ecuador;Prepago;Oro SD Pre;980;Unión Radio Noticias;Radio;Radio;Si
Ecuador;Prepago;Oro SD Pre;982;Radio Caracol;Radio;Radio;Si
Ecuador;Prepago;Oro SD Pre;984;Radio France International;Radio;Radio;Si
Ecuador;Prepago;Oro SD Pre;1105;Gran Hermano - Experiencia Multicámara;HD;Variedades;No
Ecuador;Prepago;Oro SD Pre;1106;Gran Hermano - 24 hs;HD;Variedades;No
Ecuador;Prepago;Oro SD Pre;1107;Gran Hermano - Cámara 1;HD;Variedades;No
Ecuador;Prepago;Oro SD Pre;1108;Gran Hermano - Cámara 2;HD;Variedades;No
Ecuador;Prepago;Oro SD Pre;1109;Gran Hermano - Cámara 3;HD;Variedades;No
Ecuador;Prepago;Oro SD Pre;1180;Teleamazonas HD;HD;Nacional;No
Ecuador;Prepago;Oro SD Pre;1181;TC Television HD;HD;Nacional;No
Ecuador;Prepago;Oro SD Pre;1182;Ecuavisa HD;HD;Nacional;No
Ecuador;Prepago;Oro SD Pre;1204;Star Channel HD;HD;Variedades;No
Ecuador;Prepago;Oro SD Pre;1206;Warner Channel HD;HD;Variedades;No
Ecuador;Prepago;Oro SD Pre;1207;A&E Mundo HD;HD;Variedades;No
Ecuador;Prepago;Oro SD Pre;1208;Sony HD;HD;Variedades;No
Ecuador;Prepago;Oro SD Pre;1209;AXN HD;HD;Variedades;No
Ecuador;Prepago;Oro SD Pre;1210;AMC HD;HD;Variedades;No
Ecuador;Prepago;Oro SD Pre;1213;TNT Series HD;HD;Variedades;No
Ecuador;Prepago;Oro SD Pre;1214;Atres HD;HD;Variedades;No
Ecuador;Prepago;Oro SD Pre;1215;Comedy Central HD;HD;Variedades;No
Ecuador;Prepago;Oro SD Pre;1217;FX HD;HD;Variedades;No
Ecuador;Prepago;Oro SD Pre;1218;Universal TV HD;HD;Variedades;No
Ecuador;Prepago;Oro SD Pre;1219;USA Network HD;HD;Variedades;No
Ecuador;Prepago;Oro SD Pre;1221;Hola TV HD;HD;Variedades;No
Ecuador;Prepago;Oro SD Pre;1222;E! Entertainment HD;HD;Variedades;No
Ecuador;Prepago;Oro SD Pre;1223;Investigation Discovery (ID) HD;HD;Variedades;No
Ecuador;Prepago;Oro SD Pre;1228;Lifetime HD;HD;Variedades;No
Ecuador;Prepago;Oro SD Pre;1229;Discovery Home & Health;HD;Variedades;No
Ecuador;Prepago;Oro SD Pre;1231;Alacocina TV;HD;Variedades;Si
Ecuador;Prepago;Oro SD Pre;1232;El Gourmet HD;HD;Variedades;No
Ecuador;Prepago;Oro SD Pre;1233;Food Network HD;HD;Variedades;No
Ecuador;Prepago;Oro SD Pre;1234;HGTV HD;HD;Variedades;No
Ecuador;Prepago;Oro SD Pre;1236;VePlus HD;HD;Variedades;No
Ecuador;Prepago;Oro SD Pre;1264;MTV HD;HD;Variedades;No
Ecuador;Prepago;Oro SD Pre;1265;Music Top HD;HD;Variedades;No
Ecuador;Prepago;Oro SD Pre;1266;Tierra Mía HD;HD;Variedades;No
Ecuador;Prepago;Oro SD Pre;1270;Latina TV;HD;Variedades;Si
Ecuador;Prepago;Oro SD Pre;1273;INTI Network HD;HD;Variedades;No
Ecuador;Prepago;Oro SD Pre;1304;Cartoon Network HD;HD;Infantil;No
Ecuador;Prepago;Oro SD Pre;1308;Nickelodeon HD;HD;Infantil;No
Ecuador;Prepago;Oro SD Pre;1309;Nick Jr. HD;HD;Infantil;No
Ecuador;Prepago;Oro SD Pre;1312;Disney Channel HD;HD;Infantil;No
Ecuador;Prepago;Oro SD Pre;1315;Disney Junior HD;HD;Infantil;No
Ecuador;Prepago;Oro SD Pre;1318;Plim Plim;HD;Infantil;Si
Ecuador;Prepago;Oro SD Pre;1319;El Reino Infantil;HD;Infantil;No
Ecuador;Prepago;Oro SD Pre;1330;Discovery Kids HD;HD;Infantil;No
Ecuador;Prepago;Oro SD Pre;1502;TNT HD;HD;Cine;No
Ecuador;Prepago;Oro SD Pre;1503;Golden HD;HD;Cine;No
Ecuador;Prepago;Oro SD Pre;1506;Sony Movies;HD;Cine;No
Ecuador;Prepago;Oro SD Pre;1507;Cinecanal HD;HD;Cine;No
Ecuador;Prepago;Oro SD Pre;1508;Studio Universal HD;HD;Cine;No
Ecuador;Prepago;Oro SD Pre;1509;Cinemax HD;HD;Cine;No
Ecuador;Prepago;Oro SD Pre;1510;Mórbido TV;HD;Cine;Si
Ecuador;Prepago;Oro SD Pre;1513;DHE HD;HD;Cine;No
Ecuador;Prepago;Oro SD Pre;1518;Space HD;HD;Cine;No
Ecuador;Prepago;Oro SD Pre;1524;HBO HD;HD;Cine;No
Ecuador;Prepago;Oro SD Pre;1525;HBO 2 HD;HD;Cine;No
Ecuador;Prepago;Oro SD Pre;1528;HBO Signature HD;HD;Cine;No
Ecuador;Prepago;Oro SD Pre;1532;HBO Plus HD;HD;Cine;No
Ecuador;Prepago;Oro SD Pre;1534;HBO Family HD;HD;Cine;No
Ecuador;Prepago;Oro SD Pre;1542;HBO Xtreme HD;HD;Cine;No
Ecuador;Prepago;Oro SD Pre;1571;Universal Premiere Este HD;HD;Cine;No
Ecuador;Prepago;Oro SD Pre;1572;Universal Cinema HD;HD;Cine;No
Ecuador;Prepago;Oro SD Pre;1573;Universal Comedy HD;HD;Cine;No
Ecuador;Prepago;Oro SD Pre;1574;Universal Crime Este HD;HD;Cine;No
Ecuador;Prepago;Oro SD Pre;1575;Universal Reality HD;HD;Cine;No
Ecuador;Prepago;Oro SD Pre;1576;Universal Premiere Oeste HD;HD;Cine;No
Ecuador;Prepago;Oro SD Pre;1577;Universal Cinema Oeste;HD;Cine;No
Ecuador;Prepago;Oro SD Pre;1610;DSports HD;HD;Deportes;No
Ecuador;Prepago;Oro SD Pre;1612;DSports 2 HD;HD;Deportes;No
Ecuador;Prepago;Oro SD Pre;1613;DSports+ HD;HD;Deportes;No
Ecuador;Prepago;Oro SD Pre;1621;ESPN HD;HD;Deportes;No
Ecuador;Prepago;Oro SD Pre;1622;ESPN 2 HD;HD;Deportes;No
Ecuador;Prepago;Oro SD Pre;1623;ESPN 3 HD;HD;Deportes;No
Ecuador;Prepago;Oro SD Pre;1624;ESPN 4 HD;HD;Deportes;No
Ecuador;Prepago;Oro SD Pre;1625;ESPN 5 HD;HD;Deportes;No
Ecuador;Prepago;Oro SD Pre;1626;ESPN 6 HD;HD;Deportes;Si
Ecuador;Prepago;Oro SD Pre;1627;ESPN 7 HD;HD;Deportes;Si
Ecuador;Prepago;Oro SD Pre;1628;Golf Channel HD;HD;Deportes;No
Ecuador;Prepago;Oro SD Pre;1639;PX Sports;HD;Deportes;No
Ecuador;Prepago;Oro SD Pre;1655;El Canal del Futbol;HD;Deportes;No
Ecuador;Prepago;Oro SD Pre;1698;Dsports;HD;Deportes;No
Ecuador;Prepago;Oro SD Pre;1699;DSports Eventos;HD;Deportes;No
Ecuador;Prepago;Oro SD Pre;1700;DNews HD;HD;Mundo;No
Ecuador;Prepago;Oro SD Pre;1727;Cable Noticias HD;HD;Mundo;No
Ecuador;Prepago;Oro SD Pre;1730;National Geographic HD;HD;Mundo;No
Ecuador;Prepago;Oro SD Pre;1731;Discovery Theater HD;HD;Mundo;No
Ecuador;Prepago;Oro SD Pre;1732;Discovery Channel HD;HD;Mundo;No
Ecuador;Prepago;Oro SD Pre;1734;Animal Planet HD;HD;Mundo;No
Ecuador;Prepago;Oro SD Pre;1738;Discovery World HD;HD;Mundo;No
Ecuador;Prepago;Oro SD Pre;1740;Discovery Travel & Living Channel (TLC) HD;HD;Mundo;No
Ecuador;Prepago;Oro SD Pre;1742;History HD;HD;Mundo;No
Ecuador;Prepago;Oro SD Pre;1744;History 2 HD;HD;Mundo;No
Ecuador;Prepago;Oro SD Pre;1750;Encuentro;HD;Variedades;No
Ecuador;Prepago;Oro SD Pre;1762;Antena 3 HD;HD;Mundo;No
Ecuador;Prepago;Oro SD Pre;1764;France 24 Español;HD;Mundo;Si
Ecuador;Prepago;Oro SD Pre;4000;Directv 4K;4K;4K;No
Ecuador;Prepago;Oro HD Pre;142;Telecaribe;SD;Mundo;Si
Ecuador;Prepago;Oro HD Pre;148;Canal TRO;SD;Mundo;Si
Ecuador;Prepago;Oro HD Pre;151;Telemedellin;SD;Mundo;Si
Ecuador;Prepago;Oro HD Pre;170;TV Familia;SD;Religioso;Si
Ecuador;Prepago;Oro HD Pre;177;RTU;SD;Nacional;Si
Ecuador;Prepago;Oro HD Pre;178;Redonda TV;SD;Variedades;Si
Ecuador;Prepago;Oro HD Pre;179;Teleamazonas Guayaquil;SD;Nacional;Si
Ecuador;Prepago;Oro HD Pre;180;Teleamazonas;SD;Nacional;Si
Ecuador;Prepago;Oro HD Pre;181;TC Television;SD;Nacional;Si
Ecuador;Prepago;Oro HD Pre;182;Ecuavisa;SD;Nacional;Si
Ecuador;Prepago;Oro HD Pre;183;Gama TV;SD;Nacional;Si
Ecuador;Prepago;Oro HD Pre;184;Ecuavisa;SD;Nacional;No
Ecuador;Prepago;Oro HD Pre;185;RTS;SD;Nacional;Si
Ecuador;Prepago;Oro HD Pre;187;Ecuador TV;SD;Nacional;Si
Ecuador;Prepago;Oro HD Pre;188;Telerama;SD;Nacional;Si
Ecuador;Prepago;Oro HD Pre;190;Oro Mar TV;SD;Nacional;Si
Ecuador;Prepago;Oro HD Pre;192;Televicentro;SD;Nacional;Si
Ecuador;Prepago;Oro HD Pre;194;Manavision;SD;Nacional;Si
Ecuador;Prepago;Oro HD Pre;202;Star Channel;SD;Variedades;Si
Ecuador;Prepago;Oro HD Pre;206;Warner Channel;SD;Variedades;Si
Ecuador;Prepago;Oro HD Pre;207;A&E;SD;Variedades;Si
Ecuador;Prepago;Oro HD Pre;208;Sony;SD;Variedades;Si
Ecuador;Prepago;Oro HD Pre;209;AXN;SD;Variedades;Si
Ecuador;Prepago;Oro HD Pre;210;AMC;SD;Variedades;Si
Ecuador;Prepago;Oro HD Pre;213;TNT Series;SD;Variedades;Si
Ecuador;Prepago;Oro HD Pre;214;Atres Series;SD;Variedades;Si
Ecuador;Prepago;Oro HD Pre;215;Comedy Central;SD;Variedades;Si
Ecuador;Prepago;Oro HD Pre;216;TNT Novelas;SD;Variedades;Si
Ecuador;Prepago;Oro HD Pre;217;FX;SD;Variedades;Si
Ecuador;Prepago;Oro HD Pre;218;Universal TV;SD;Variedades;Si
Ecuador;Prepago;Oro HD Pre;219;USA Network;SD;Variedades;Si
Ecuador;Prepago;Oro HD Pre;220;Adult Swim;SD;Variedades;Si
Ecuador;Prepago;Oro HD Pre;221;¡Hola! TV;SD;Variedades;Si
Ecuador;Prepago;Oro HD Pre;222;E! Entertainment;SD;Variedades;Si
Ecuador;Prepago;Oro HD Pre;223;Investigation Discovery (ID);SD;Variedades;Si
Ecuador;Prepago;Oro HD Pre;226;El Canal de las Estrellas;SD;Variedades;Si
Ecuador;Prepago;Oro HD Pre;227;TLnovelas;SD;Variedades;Si
Ecuador;Prepago;Oro HD Pre;228;Lifetime;SD;Variedades;Si
Ecuador;Prepago;Oro HD Pre;229;Discovery Home & Health;SD;Variedades;Si
Ecuador;Prepago;Oro HD Pre;230;Más Chic;SD;Variedades;Si
Ecuador;Prepago;Oro HD Pre;231;Telemundo Internacional;SD;Variedades;Si
Ecuador;Prepago;Oro HD Pre;232;El Gourmet;SD;Variedades;Si
Ecuador;Prepago;Oro HD Pre;233;Food Network;SD;Variedades;Si
Ecuador;Prepago;Oro HD Pre;264;MTV;SD;Variedades;Si
Ecuador;Prepago;Oro HD Pre;269;Quiero Música en Mi Idioma (QMusic);SD;Variedades;Si
Ecuador;Prepago;Oro HD Pre;270;Mi Gente 3.0;SD;Variedades;No
Ecuador;Prepago;Oro HD Pre;304;Cartoon Network;SD;Infantil;Si
Ecuador;Prepago;Oro HD Pre;308;Nickelodeon;SD;Infantil;Si
Ecuador;Prepago;Oro HD Pre;309;Nick Jr.;SD;Infantil;Si
Ecuador;Prepago;Oro HD Pre;312;Disney Channel;SD;Infantil;Si
Ecuador;Prepago;Oro HD Pre;315;Disney Junior;SD;Infantil;Si
Ecuador;Prepago;Oro HD Pre;317;BabyTV;SD;Infantil;No
Ecuador;Prepago;Oro HD Pre;318;Plim Plim;SD;Infantil;Si
Ecuador;Prepago;Oro HD Pre;319;El Reino Infantil;SD;Infantil;No
Ecuador;Prepago;Oro HD Pre;330;Discovery Kids;SD;Infantil;Si
Ecuador;Prepago;Oro HD Pre;334;Cartoonito;SD;Infantil;Si
Ecuador;Prepago;Oro HD Pre;350;EWTN;SD;Religioso;No
Ecuador;Prepago;Oro HD Pre;351;Canal Orbe 21;SD;Religioso;Si
Ecuador;Prepago;Oro HD Pre;352;Enlace TBN;SD;Religioso;Si
Ecuador;Prepago;Oro HD Pre;464;Playboy TV;SD;Adultos;No
Ecuador;Prepago;Oro HD Pre;468;Venus;SD;Adultos;No
Ecuador;Prepago;Oro HD Pre;469;XTSY;SD;Adultos;No
Ecuador;Prepago;Oro HD Pre;470;Hustler;SD;Adultos;No
Ecuador;Prepago;Oro HD Pre;502;TNT;SD;Cine;Si
Ecuador;Prepago;Oro HD Pre;503;Golden;SD;Cine;Si
Ecuador;Prepago;Oro HD Pre;506;Sony Movies;SD;Cine;No
Ecuador;Prepago;Oro HD Pre;507;Cinecanal;SD;Cine;Si
Ecuador;Prepago;Oro HD Pre;508;Studio Universal;SD;Cine;Si
Ecuador;Prepago;Oro HD Pre;509;Cinemax;SD;Cine;Si
Ecuador;Prepago;Oro HD Pre;510;Mórbido TV;SD;Cine;Si
Ecuador;Prepago;Oro HD Pre;513;DHE;SD;Cine;Si
Ecuador;Prepago;Oro HD Pre;515;Cinema;SD;Cine;No
Ecuador;Prepago;Oro HD Pre;516;De Película;SD;Cine;Si
Ecuador;Prepago;Oro HD Pre;517;Golden Edge;SD;Cine;Si
Ecuador;Prepago;Oro HD Pre;518;Space;SD;Cine;Si
Ecuador;Prepago;Oro HD Pre;524;HBO Este;SD;Cine;No
Ecuador;Prepago;Oro HD Pre;525;HBO 2;SD;Cine;No
Ecuador;Prepago;Oro HD Pre;526;HBO Plus Este;SD;Cine;No
Ecuador;Prepago;Oro HD Pre;528;HBO Signature;SD;Cine;No
Ecuador;Prepago;Oro HD Pre;532;HBO Plus Oeste;SD;Cine;No
Ecuador;Prepago;Oro HD Pre;534;HBO Family Este;SD;Cine;No
Ecuador;Prepago;Oro HD Pre;538;MAX Prime Oeste;SD;Cine;No
Ecuador;Prepago;Oro HD Pre;540;HBO Mundi;SD;Cine;No
Ecuador;Prepago;Oro HD Pre;541;HBO Pop;SD;Cine;No
Ecuador;Prepago;Oro HD Pre;542;HBO Xtreme;SD;Cine;No
Ecuador;Prepago;Oro HD Pre;571;Universal Premiere Este;SD;Cine;No
Ecuador;Prepago;Oro HD Pre;572;Universal Cinema;SD;Cine;No
Ecuador;Prepago;Oro HD Pre;573;Universal Comedy;SD;Cine;No
Ecuador;Prepago;Oro HD Pre;574;Universal Crime Este;SD;Cine;No
Ecuador;Prepago;Oro HD Pre;575;Universal Reality;SD;Cine;No
Ecuador;Prepago;Oro HD Pre;576;Universal Premiere Oeste;SD;Cine;No
Ecuador;Prepago;Oro HD Pre;577;Universal Cinema Oeste;SD;Cine;No
Ecuador;Prepago;Oro HD Pre;610;DSports;SD;Deportes;Si
Ecuador;Prepago;Oro HD Pre;612;DSports 2;SD;Deportes;Si
Ecuador;Prepago;Oro HD Pre;613;DSports+;SD;Deportes;Si
Ecuador;Prepago;Oro HD Pre;616;Liga;SD;Deportes;No
Ecuador;Prepago;Oro HD Pre;621;ESPN;SD;Deportes;Si
Ecuador;Prepago;Oro HD Pre;622;ESPN 2;SD;Deportes;Si
Ecuador;Prepago;Oro HD Pre;623;ESPN 3;SD;Deportes;Si
Ecuador;Prepago;Oro HD Pre;625;ESPN 5;SD;Deportes;Si
Ecuador;Prepago;Oro HD Pre;626;ESPN 6;SD;Deportes;Si
Ecuador;Prepago;Oro HD Pre;627;ESPN 7;SD;Deportes;Si
Ecuador;Prepago;Oro HD Pre;628;The Golf Channel;SD;Deportes;Si
Ecuador;Prepago;Oro HD Pre;629;TyC Sports;SD;Deportes;Si
Ecuador;Prepago;Oro HD Pre;655;El Canal del Futbol;SD;Deportes;No
Ecuador;Prepago;Oro HD Pre;680;MLB Temporada;SD;Deportes;No
Ecuador;Prepago;Oro HD Pre;681;MLB Temporada;SD;Deportes;No
Ecuador;Prepago;Oro HD Pre;683;Dsports Venezuela;SD;Deportes;Si
Ecuador;Prepago;Oro HD Pre;698;Dsports;SD;Deportes;No
Ecuador;Prepago;Oro HD Pre;699;DSports Eventos;SD;Deportes;No
Ecuador;Prepago;Oro HD Pre;700;DNews;SD;Mundo;No
Ecuador;Prepago;Oro HD Pre;704;CNN en Español;SD;Mundo;Si
Ecuador;Prepago;Oro HD Pre;706;CNN International;SD;Mundo;Si
Ecuador;Prepago;Oro HD Pre;707;CNN Chile;SD;Mundo;Si
Ecuador;Prepago;Oro HD Pre;708;TVN 24 HORAS;SD;Mundo;Si
Ecuador;Prepago;Oro HD Pre;710;Bloomberg Television;SD;Mundo;Si
Ecuador;Prepago;Oro HD Pre;716;Todo Noticias (TN);SD;Mundo;Si
Ecuador;Prepago;Oro HD Pre;720;Canal 26;SD;Mundo;Si
Ecuador;Prepago;Oro HD Pre;725;NTN 24;SD;Mundo;Si
Ecuador;Prepago;Oro HD Pre;727;Cable Noticias;SD;Mundo;Si
Ecuador;Prepago;Oro HD Pre;730;National Geographic;SD;Mundo;Si
Ecuador;Prepago;Oro HD Pre;732;Discovery Channel;SD;Mundo;Si
Ecuador;Prepago;Oro HD Pre;734;Animal Planet;SD;Mundo;Si
Ecuador;Prepago;Oro HD Pre;736;Discovery Turbo;SD;Mundo;Si
Ecuador;Prepago;Oro HD Pre;740;Discovery Travel & Living Channel (TLC);SD;Mundo;Si
Ecuador;Prepago;Oro HD Pre;742;History Channel;SD;Mundo;Si
Ecuador;Prepago;Oro HD Pre;744;History 2;SD;Mundo;Si
Ecuador;Prepago;Oro HD Pre;760;Univision;SD;Mundo;Si
Ecuador;Prepago;Oro HD Pre;762;Antena 3;SD;Mundo;Si
Ecuador;Prepago;Oro HD Pre;764;France 24 Español;SD;Mundo;Si
Ecuador;Prepago;Oro HD Pre;766;Rai Italia;SD;Mundo;Si
Ecuador;Prepago;Oro HD Pre;768;BBC News;SD;Mundo;Si
Ecuador;Prepago;Oro HD Pre;770;Deutsche Welle (DW) Español;SD;Mundo;Si
Ecuador;Prepago;Oro HD Pre;772;Caracol Internacional;SD;Mundo;Si
Ecuador;Prepago;Oro HD Pre;773;El Tiempo TV;SD;Mundo;Si
Ecuador;Prepago;Oro HD Pre;774;TV Chile;SD;Mundo;Si
Ecuador;Prepago;Oro HD Pre;775;RCN Nuestra Tele;SD;Mundo;Si
Ecuador;Prepago;Oro HD Pre;776;TV Globo;SD;Mundo;No
Ecuador;Prepago;Oro HD Pre;778;RTP Internacional;SD;Mundo;Si
Ecuador;Prepago;Oro HD Pre;780;ZEE Mundo;SD;Mundo;No
Ecuador;Prepago;Oro HD Pre;782;NHK World;SD;Mundo;Si
Ecuador;Prepago;Oro HD Pre;784;El Trece Internacional;SD;Mundo;Si
Ecuador;Prepago;Oro HD Pre;786;Telefe Internacional;SD;Mundo;Si
Ecuador;Prepago;Oro HD Pre;790;CGTN;SD;Mundo;Si
Ecuador;Prepago;Oro HD Pre;901;DSports Radio;Radio;Radio;No
Ecuador;Prepago;Oro HD Pre;980;Unión Radio Noticias;Radio;Radio;Si
Ecuador;Prepago;Oro HD Pre;982;Radio Caracol;Radio;Radio;Si
Ecuador;Prepago;Oro HD Pre;984;Radio France International;Radio;Radio;Si
Ecuador;Prepago;Oro HD Pre;1105;Gran Hermano - Experiencia Multicámara;HD;Variedades;No
Ecuador;Prepago;Oro HD Pre;1106;Gran Hermano - 24 hs;HD;Variedades;No
Ecuador;Prepago;Oro HD Pre;1107;Gran Hermano - Cámara 1;HD;Variedades;No
Ecuador;Prepago;Oro HD Pre;1108;Gran Hermano - Cámara 2;HD;Variedades;No
Ecuador;Prepago;Oro HD Pre;1109;Gran Hermano - Cámara 3;HD;Variedades;No
Ecuador;Prepago;Oro HD Pre;1180;Teleamazonas HD;HD;Nacional;Si
Ecuador;Prepago;Oro HD Pre;1181;TC Television HD;HD;Nacional;Si
Ecuador;Prepago;Oro HD Pre;1182;Ecuavisa HD;HD;Nacional;Si
Ecuador;Prepago;Oro HD Pre;1204;Star Channel HD;HD;Variedades;Si
Ecuador;Prepago;Oro HD Pre;1206;Warner Channel HD;HD;Variedades;Si
Ecuador;Prepago;Oro HD Pre;1207;A&E Mundo HD;HD;Variedades;Si
Ecuador;Prepago;Oro HD Pre;1208;Sony HD;HD;Variedades;Si
Ecuador;Prepago;Oro HD Pre;1209;AXN HD;HD;Variedades;Si
Ecuador;Prepago;Oro HD Pre;1210;AMC HD;HD;Variedades;Si
Ecuador;Prepago;Oro HD Pre;1213;TNT Series HD;HD;Variedades;Si
Ecuador;Prepago;Oro HD Pre;1214;Atres HD;HD;Variedades;Si
Ecuador;Prepago;Oro HD Pre;1215;Comedy Central HD;HD;Variedades;Si
Ecuador;Prepago;Oro HD Pre;1217;FX HD;HD;Variedades;Si
Ecuador;Prepago;Oro HD Pre;1218;Universal TV HD;HD;Variedades;Si
Ecuador;Prepago;Oro HD Pre;1219;USA Network HD;HD;Variedades;Si
Ecuador;Prepago;Oro HD Pre;1221;Hola TV HD;HD;Variedades;Si
Ecuador;Prepago;Oro HD Pre;1222;E! Entertainment HD;HD;Variedades;Si
Ecuador;Prepago;Oro HD Pre;1223;Investigation Discovery (ID) HD;HD;Variedades;Si
Ecuador;Prepago;Oro HD Pre;1228;Lifetime HD;HD;Variedades;Si
Ecuador;Prepago;Oro HD Pre;1229;Discovery Home & Health;HD;Variedades;Si
Ecuador;Prepago;Oro HD Pre;1231;Alacocina TV;HD;Variedades;Si
Ecuador;Prepago;Oro HD Pre;1232;El Gourmet HD;HD;Variedades;Si
Ecuador;Prepago;Oro HD Pre;1233;Food Network HD;HD;Variedades;Si
Ecuador;Prepago;Oro HD Pre;1234;HGTV HD;HD;Variedades;Si
Ecuador;Prepago;Oro HD Pre;1236;VePlus HD;HD;Variedades;Si
Ecuador;Prepago;Oro HD Pre;1264;MTV HD;HD;Variedades;Si
Ecuador;Prepago;Oro HD Pre;1265;Music Top HD;HD;Variedades;Si
Ecuador;Prepago;Oro HD Pre;1266;Tierra Mía HD;HD;Variedades;Si
Ecuador;Prepago;Oro HD Pre;1270;Latina TV;HD;Variedades;Si
Ecuador;Prepago;Oro HD Pre;1273;INTI Network HD;HD;Variedades;Si
Ecuador;Prepago;Oro HD Pre;1304;Cartoon Network HD;HD;Infantil;Si
Ecuador;Prepago;Oro HD Pre;1308;Nickelodeon HD;HD;Infantil;Si
Ecuador;Prepago;Oro HD Pre;1309;Nick Jr. HD;HD;Infantil;Si
Ecuador;Prepago;Oro HD Pre;1312;Disney Channel HD;HD;Infantil;Si
Ecuador;Prepago;Oro HD Pre;1315;Disney Junior HD;HD;Infantil;Si
Ecuador;Prepago;Oro HD Pre;1318;Plim Plim;HD;Infantil;Si
Ecuador;Prepago;Oro HD Pre;1319;El Reino Infantil;HD;Infantil;No
Ecuador;Prepago;Oro HD Pre;1330;Discovery Kids HD;HD;Infantil;Si
Ecuador;Prepago;Oro HD Pre;1502;TNT HD;HD;Cine;Si
Ecuador;Prepago;Oro HD Pre;1503;Golden HD;HD;Cine;Si
Ecuador;Prepago;Oro HD Pre;1506;Sony Movies;HD;Cine;No
Ecuador;Prepago;Oro HD Pre;1507;Cinecanal HD;HD;Cine;Si
Ecuador;Prepago;Oro HD Pre;1508;Studio Universal HD;HD;Cine;Si
Ecuador;Prepago;Oro HD Pre;1509;Cinemax HD;HD;Cine;Si
Ecuador;Prepago;Oro HD Pre;1510;Mórbido TV;HD;Cine;Si
Ecuador;Prepago;Oro HD Pre;1513;DHE HD;HD;Cine;Si
Ecuador;Prepago;Oro HD Pre;1518;Space HD;HD;Cine;Si
Ecuador;Prepago;Oro HD Pre;1524;HBO HD;HD;Cine;No
Ecuador;Prepago;Oro HD Pre;1525;HBO 2 HD;HD;Cine;No
Ecuador;Prepago;Oro HD Pre;1528;HBO Signature HD;HD;Cine;No
Ecuador;Prepago;Oro HD Pre;1532;HBO Plus HD;HD;Cine;No
Ecuador;Prepago;Oro HD Pre;1534;HBO Family HD;HD;Cine;No
Ecuador;Prepago;Oro HD Pre;1542;HBO Xtreme HD;HD;Cine;No
Ecuador;Prepago;Oro HD Pre;1571;Universal Premiere Este HD;HD;Cine;No
Ecuador;Prepago;Oro HD Pre;1572;Universal Cinema HD;HD;Cine;No
Ecuador;Prepago;Oro HD Pre;1573;Universal Comedy HD;HD;Cine;No
Ecuador;Prepago;Oro HD Pre;1574;Universal Crime Este HD;HD;Cine;No
Ecuador;Prepago;Oro HD Pre;1575;Universal Reality HD;HD;Cine;No
Ecuador;Prepago;Oro HD Pre;1576;Universal Premiere Oeste HD;HD;Cine;No
Ecuador;Prepago;Oro HD Pre;1577;Universal Cinema Oeste;HD;Cine;No
Ecuador;Prepago;Oro HD Pre;1610;DSports HD;HD;Deportes;Si
Ecuador;Prepago;Oro HD Pre;1612;DSports 2 HD;HD;Deportes;Si
Ecuador;Prepago;Oro HD Pre;1613;DSports+ HD;HD;Deportes;Si
Ecuador;Prepago;Oro HD Pre;1621;ESPN HD;HD;Deportes;Si
Ecuador;Prepago;Oro HD Pre;1622;ESPN 2 HD;HD;Deportes;Si
Ecuador;Prepago;Oro HD Pre;1623;ESPN 3 HD;HD;Deportes;Si
Ecuador;Prepago;Oro HD Pre;1624;ESPN 4 HD;HD;Deportes;Si
Ecuador;Prepago;Oro HD Pre;1625;ESPN 5 HD;HD;Deportes;Si
Ecuador;Prepago;Oro HD Pre;1626;ESPN 6 HD;HD;Deportes;Si
Ecuador;Prepago;Oro HD Pre;1627;ESPN 7 HD;HD;Deportes;Si
Ecuador;Prepago;Oro HD Pre;1628;Golf Channel HD;HD;Deportes;Si
Ecuador;Prepago;Oro HD Pre;1639;PX Sports;HD;Deportes;Si
Ecuador;Prepago;Oro HD Pre;1655;El Canal del Futbol;HD;Deportes;No
Ecuador;Prepago;Oro HD Pre;1698;Dsports;HD;Deportes;No
Ecuador;Prepago;Oro HD Pre;1699;DSports Eventos;HD;Deportes;No
Ecuador;Prepago;Oro HD Pre;1700;DNews HD;HD;Mundo;No
Ecuador;Prepago;Oro HD Pre;1727;Cable Noticias HD;HD;Mundo;Si
Ecuador;Prepago;Oro HD Pre;1730;National Geographic HD;HD;Mundo;Si
Ecuador;Prepago;Oro HD Pre;1731;Discovery Theater HD;HD;Mundo;Si
Ecuador;Prepago;Oro HD Pre;1732;Discovery Channel HD;HD;Mundo;Si
Ecuador;Prepago;Oro HD Pre;1734;Animal Planet HD;HD;Mundo;Si
Ecuador;Prepago;Oro HD Pre;1738;Discovery World HD;HD;Mundo;Si
Ecuador;Prepago;Oro HD Pre;1740;Discovery Travel & Living Channel (TLC) HD;HD;Mundo;Si
Ecuador;Prepago;Oro HD Pre;1742;History HD;HD;Mundo;Si
Ecuador;Prepago;Oro HD Pre;1744;History 2 HD;HD;Mundo;Si
Ecuador;Prepago;Oro HD Pre;1750;Encuentro;HD;Variedades;Si
Ecuador;Prepago;Oro HD Pre;1762;Antena 3 HD;HD;Mundo;Si
Ecuador;Prepago;Oro HD Pre;1764;France 24 Español;HD;Mundo;Si
Ecuador;Prepago;Oro HD Pre;4000;Directv 4K;4K;4K;No
Ecuador;Prepago;Familiar Lite Pre;142;Telecaribe;SD;Mundo;No
Ecuador;Prepago;Familiar Lite Pre;148;Canal TRO;SD;Mundo;No
Ecuador;Prepago;Familiar Lite Pre;151;Telemedellin;SD;Mundo;No
Ecuador;Prepago;Familiar Lite Pre;170;TV Familia;SD;Religioso;No
Ecuador;Prepago;Familiar Lite Pre;177;RTU;SD;Nacional;Si
Ecuador;Prepago;Familiar Lite Pre;178;Redonda TV;SD;Variedades;Si
Ecuador;Prepago;Familiar Lite Pre;179;Teleamazonas Guayaquil;SD;Nacional;Si
Ecuador;Prepago;Familiar Lite Pre;180;Teleamazonas;SD;Nacional;Si
Ecuador;Prepago;Familiar Lite Pre;181;TC Television;SD;Nacional;Si
Ecuador;Prepago;Familiar Lite Pre;182;Ecuavisa;SD;Nacional;Si
Ecuador;Prepago;Familiar Lite Pre;183;Gama TV;SD;Nacional;Si
Ecuador;Prepago;Familiar Lite Pre;184;Ecuavisa;SD;Nacional;Si
Ecuador;Prepago;Familiar Lite Pre;185;RTS;SD;Nacional;Si
Ecuador;Prepago;Familiar Lite Pre;187;Ecuador TV;SD;Nacional;Si
Ecuador;Prepago;Familiar Lite Pre;188;Telerama;SD;Nacional;Si
Ecuador;Prepago;Familiar Lite Pre;190;Oro Mar TV;SD;Nacional;Si
Ecuador;Prepago;Familiar Lite Pre;192;Televicentro;SD;Nacional;Si
Ecuador;Prepago;Familiar Lite Pre;194;Manavision;SD;Nacional;Si
Ecuador;Prepago;Familiar Lite Pre;202;Star Channel;SD;Variedades;Si
Ecuador;Prepago;Familiar Lite Pre;206;Warner Channel;SD;Variedades;Si
Ecuador;Prepago;Familiar Lite Pre;207;A&E;SD;Variedades;Si
Ecuador;Prepago;Familiar Lite Pre;208;Sony;SD;Variedades;Si
Ecuador;Prepago;Familiar Lite Pre;209;AXN;SD;Variedades;Si
Ecuador;Prepago;Familiar Lite Pre;210;AMC;SD;Variedades;No
Ecuador;Prepago;Familiar Lite Pre;213;TNT Series;SD;Variedades;No
Ecuador;Prepago;Familiar Lite Pre;214;Atres Series;SD;Variedades;No
Ecuador;Prepago;Familiar Lite Pre;215;Comedy Central;SD;Variedades;No
Ecuador;Prepago;Familiar Lite Pre;216;TNT Novelas;SD;Variedades;No
Ecuador;Prepago;Familiar Lite Pre;217;FX;SD;Variedades;Si
Ecuador;Prepago;Familiar Lite Pre;218;Universal TV;SD;Variedades;Si
Ecuador;Prepago;Familiar Lite Pre;219;USA Network;SD;Variedades;No
Ecuador;Prepago;Familiar Lite Pre;220;Adult Swim;SD;Variedades;No
Ecuador;Prepago;Familiar Lite Pre;221;¡Hola! TV;SD;Variedades;Si
Ecuador;Prepago;Familiar Lite Pre;222;E! Entertainment;SD;Variedades;Si
Ecuador;Prepago;Familiar Lite Pre;223;Investigation Discovery (ID);SD;Variedades;No
Ecuador;Prepago;Familiar Lite Pre;226;El Canal de las Estrellas;SD;Variedades;Si
Ecuador;Prepago;Familiar Lite Pre;227;TLnovelas;SD;Variedades;No
Ecuador;Prepago;Familiar Lite Pre;228;Lifetime;SD;Variedades;No
Ecuador;Prepago;Familiar Lite Pre;229;Discovery Home & Health;SD;Variedades;No
Ecuador;Prepago;Familiar Lite Pre;230;Más Chic;SD;Variedades;No
Ecuador;Prepago;Familiar Lite Pre;231;Telemundo Internacional;SD;Variedades;Si
Ecuador;Prepago;Familiar Lite Pre;232;El Gourmet;SD;Variedades;No
Ecuador;Prepago;Familiar Lite Pre;233;Food Network;SD;Variedades;No
Ecuador;Prepago;Familiar Lite Pre;264;MTV;SD;Variedades;Si
Ecuador;Prepago;Familiar Lite Pre;269;Quiero Música en Mi Idioma (QMusic);SD;Variedades;No
Ecuador;Prepago;Familiar Lite Pre;270;Mi Gente 3.0;SD;Variedades;No
Ecuador;Prepago;Familiar Lite Pre;304;Cartoon Network;SD;Infantil;Si
Ecuador;Prepago;Familiar Lite Pre;308;Nickelodeon;SD;Infantil;No
Ecuador;Prepago;Familiar Lite Pre;309;Nick Jr.;SD;Infantil;No
Ecuador;Prepago;Familiar Lite Pre;312;Disney Channel;SD;Infantil;Si
Ecuador;Prepago;Familiar Lite Pre;315;Disney Junior;SD;Infantil;Si
Ecuador;Prepago;Familiar Lite Pre;317;BabyTV;SD;Infantil;No
Ecuador;Prepago;Familiar Lite Pre;318;Plim Plim;SD;Infantil;No
Ecuador;Prepago;Familiar Lite Pre;319;El Reino Infantil;SD;Infantil;No
Ecuador;Prepago;Familiar Lite Pre;330;Discovery Kids;SD;Infantil;Si
Ecuador;Prepago;Familiar Lite Pre;334;Cartoonito;SD;Infantil;No
Ecuador;Prepago;Familiar Lite Pre;350;EWTN;SD;Religioso;Si
Ecuador;Prepago;Familiar Lite Pre;351;Canal Orbe 21;SD;Religioso;No
Ecuador;Prepago;Familiar Lite Pre;352;Enlace TBN;SD;Religioso;Si
Ecuador;Prepago;Familiar Lite Pre;464;Playboy TV;SD;Adultos;No
Ecuador;Prepago;Familiar Lite Pre;468;Venus;SD;Adultos;No
Ecuador;Prepago;Familiar Lite Pre;469;XTSY;SD;Adultos;No
Ecuador;Prepago;Familiar Lite Pre;470;Hustler;SD;Adultos;No
Ecuador;Prepago;Familiar Lite Pre;502;TNT;SD;Cine;Si
Ecuador;Prepago;Familiar Lite Pre;503;Golden;SD;Cine;No
Ecuador;Prepago;Familiar Lite Pre;506;Sony Movies;SD;Cine;No
Ecuador;Prepago;Familiar Lite Pre;507;Cinecanal;SD;Cine;Si
Ecuador;Prepago;Familiar Lite Pre;508;Studio Universal;SD;Cine;Si
Ecuador;Prepago;Familiar Lite Pre;509;Cinemax;SD;Cine;No
Ecuador;Prepago;Familiar Lite Pre;510;Mórbido TV;SD;Cine;No
Ecuador;Prepago;Familiar Lite Pre;513;DHE;SD;Cine;No
Ecuador;Prepago;Familiar Lite Pre;515;Cinema;SD;Cine;No
Ecuador;Prepago;Familiar Lite Pre;516;De Película;SD;Cine;No
Ecuador;Prepago;Familiar Lite Pre;517;Golden Edge;SD;Cine;No
Ecuador;Prepago;Familiar Lite Pre;518;Space;SD;Cine;Si
Ecuador;Prepago;Familiar Lite Pre;524;HBO Este;SD;Cine;No
Ecuador;Prepago;Familiar Lite Pre;525;HBO 2;SD;Cine;No
Ecuador;Prepago;Familiar Lite Pre;526;HBO Plus Este;SD;Cine;No
Ecuador;Prepago;Familiar Lite Pre;528;HBO Signature;SD;Cine;No
Ecuador;Prepago;Familiar Lite Pre;532;HBO Plus Oeste;SD;Cine;No
Ecuador;Prepago;Familiar Lite Pre;534;HBO Family Este;SD;Cine;No
Ecuador;Prepago;Familiar Lite Pre;538;MAX Prime Oeste;SD;Cine;No
Ecuador;Prepago;Familiar Lite Pre;540;HBO Mundi;SD;Cine;No
Ecuador;Prepago;Familiar Lite Pre;541;HBO Pop;SD;Cine;No
Ecuador;Prepago;Familiar Lite Pre;542;HBO Xtreme;SD;Cine;No
Ecuador;Prepago;Familiar Lite Pre;571;Universal Premiere Este;SD;Cine;No
Ecuador;Prepago;Familiar Lite Pre;572;Universal Cinema;SD;Cine;No
Ecuador;Prepago;Familiar Lite Pre;573;Universal Comedy;SD;Cine;No
Ecuador;Prepago;Familiar Lite Pre;574;Universal Crime Este;SD;Cine;No
Ecuador;Prepago;Familiar Lite Pre;575;Universal Reality;SD;Cine;No
Ecuador;Prepago;Familiar Lite Pre;576;Universal Premiere Oeste;SD;Cine;No
Ecuador;Prepago;Familiar Lite Pre;577;Universal Cinema Oeste;SD;Cine;No
Ecuador;Prepago;Familiar Lite Pre;610;DSports;SD;Deportes;Si
Ecuador;Prepago;Familiar Lite Pre;612;DSports 2;SD;Deportes;Si
Ecuador;Prepago;Familiar Lite Pre;613;DSports+;SD;Deportes;Si
Ecuador;Prepago;Familiar Lite Pre;616;Liga;SD;Deportes;No
Ecuador;Prepago;Familiar Lite Pre;621;ESPN;SD;Deportes;Si
Ecuador;Prepago;Familiar Lite Pre;622;ESPN 2;SD;Deportes;Si
Ecuador;Prepago;Familiar Lite Pre;623;ESPN 3;SD;Deportes;Si
Ecuador;Prepago;Familiar Lite Pre;625;ESPN 5;SD;Deportes;Si
Ecuador;Prepago;Familiar Lite Pre;626;ESPN 6;SD;Deportes;Si
Ecuador;Prepago;Familiar Lite Pre;627;ESPN 7;SD;Deportes;Si
Ecuador;Prepago;Familiar Lite Pre;628;The Golf Channel;SD;Deportes;No
Ecuador;Prepago;Familiar Lite Pre;629;TyC Sports;SD;Deportes;No
Ecuador;Prepago;Familiar Lite Pre;655;El Canal del Futbol;SD;Deportes;No
Ecuador;Prepago;Familiar Lite Pre;680;MLB Temporada;SD;Deportes;No
Ecuador;Prepago;Familiar Lite Pre;681;MLB Temporada;SD;Deportes;No
Ecuador;Prepago;Familiar Lite Pre;683;Dsports Venezuela;SD;Deportes;No
Ecuador;Prepago;Familiar Lite Pre;698;Dsports;SD;Deportes;No
Ecuador;Prepago;Familiar Lite Pre;699;DSports Eventos;SD;Deportes;No
Ecuador;Prepago;Familiar Lite Pre;700;DNews;SD;Mundo;Si
Ecuador;Prepago;Familiar Lite Pre;704;CNN en Español;SD;Mundo;Si
Ecuador;Prepago;Familiar Lite Pre;706;CNN International;SD;Mundo;No
Ecuador;Prepago;Familiar Lite Pre;707;CNN Chile;SD;Mundo;No
Ecuador;Prepago;Familiar Lite Pre;708;TVN 24 HORAS;SD;Mundo;No
Ecuador;Prepago;Familiar Lite Pre;710;Bloomberg Television;SD;Mundo;No
Ecuador;Prepago;Familiar Lite Pre;716;Todo Noticias (TN);SD;Mundo;No
Ecuador;Prepago;Familiar Lite Pre;720;Canal 26;SD;Mundo;Si
Ecuador;Prepago;Familiar Lite Pre;725;NTN 24;SD;Mundo;Si
Ecuador;Prepago;Familiar Lite Pre;727;Cable Noticias;SD;Mundo;No
Ecuador;Prepago;Familiar Lite Pre;730;National Geographic;SD;Mundo;Si
Ecuador;Prepago;Familiar Lite Pre;732;Discovery Channel;SD;Mundo;Si
Ecuador;Prepago;Familiar Lite Pre;734;Animal Planet;SD;Mundo;Si
Ecuador;Prepago;Familiar Lite Pre;736;Discovery Turbo;SD;Mundo;No
Ecuador;Prepago;Familiar Lite Pre;740;Discovery Travel & Living Channel (TLC);SD;Mundo;No
Ecuador;Prepago;Familiar Lite Pre;742;History Channel;SD;Mundo;Si
Ecuador;Prepago;Familiar Lite Pre;744;History 2;SD;Mundo;No
Ecuador;Prepago;Familiar Lite Pre;760;Univision;SD;Mundo;No
Ecuador;Prepago;Familiar Lite Pre;762;Antena 3;SD;Mundo;No
Ecuador;Prepago;Familiar Lite Pre;764;France 24 Español;SD;Mundo;No
Ecuador;Prepago;Familiar Lite Pre;766;Rai Italia;SD;Mundo;No
Ecuador;Prepago;Familiar Lite Pre;768;BBC News;SD;Mundo;No
Ecuador;Prepago;Familiar Lite Pre;770;Deutsche Welle (DW) Español;SD;Mundo;No
Ecuador;Prepago;Familiar Lite Pre;772;Caracol Internacional;SD;Mundo;Si
Ecuador;Prepago;Familiar Lite Pre;773;El Tiempo TV;SD;Mundo;No
Ecuador;Prepago;Familiar Lite Pre;774;TV Chile;SD;Mundo;No
Ecuador;Prepago;Familiar Lite Pre;775;RCN Nuestra Tele;SD;Mundo;Si
Ecuador;Prepago;Familiar Lite Pre;776;TV Globo;SD;Mundo;No
Ecuador;Prepago;Familiar Lite Pre;778;RTP Internacional;SD;Mundo;No
Ecuador;Prepago;Familiar Lite Pre;780;ZEE Mundo;SD;Mundo;No
Ecuador;Prepago;Familiar Lite Pre;782;NHK World;SD;Mundo;No
Ecuador;Prepago;Familiar Lite Pre;784;El Trece Internacional;SD;Mundo;No
Ecuador;Prepago;Familiar Lite Pre;786;Telefe Internacional;SD;Mundo;No
Ecuador;Prepago;Familiar Lite Pre;790;CGTN;SD;Mundo;No
Ecuador;Prepago;Familiar Lite Pre;901;DSports Radio;Radio;Radio;No
Ecuador;Prepago;Familiar Lite Pre;980;Unión Radio Noticias;Radio;Radio;Si
Ecuador;Prepago;Familiar Lite Pre;982;Radio Caracol;Radio;Radio;Si
Ecuador;Prepago;Familiar Lite Pre;984;Radio France International;Radio;Radio;Si
Ecuador;Prepago;Familiar Lite Pre;1105;Gran Hermano - Experiencia Multicámara;HD;Variedades;No
Ecuador;Prepago;Familiar Lite Pre;1106;Gran Hermano - 24 hs;HD;Variedades;No
Ecuador;Prepago;Familiar Lite Pre;1107;Gran Hermano - Cámara 1;HD;Variedades;No
Ecuador;Prepago;Familiar Lite Pre;1108;Gran Hermano - Cámara 2;HD;Variedades;No
Ecuador;Prepago;Familiar Lite Pre;1109;Gran Hermano - Cámara 3;HD;Variedades;No
Ecuador;Prepago;Familiar Lite Pre;1180;Teleamazonas HD;HD;Nacional;No
Ecuador;Prepago;Familiar Lite Pre;1181;TC Television HD;HD;Nacional;Si
Ecuador;Prepago;Familiar Lite Pre;1182;Ecuavisa HD;HD;Nacional;Si
Ecuador;Prepago;Familiar Lite Pre;1204;Star Channel HD;HD;Variedades;Si
Ecuador;Prepago;Familiar Lite Pre;1206;Warner Channel HD;HD;Variedades;Si
Ecuador;Prepago;Familiar Lite Pre;1207;A&E Mundo HD;HD;Variedades;Si
Ecuador;Prepago;Familiar Lite Pre;1208;Sony HD;HD;Variedades;Si
Ecuador;Prepago;Familiar Lite Pre;1209;AXN HD;HD;Variedades;Si
Ecuador;Prepago;Familiar Lite Pre;1210;AMC HD;HD;Variedades;No
Ecuador;Prepago;Familiar Lite Pre;1213;TNT Series HD;HD;Variedades;No
Ecuador;Prepago;Familiar Lite Pre;1214;Atres HD;HD;Variedades;No
Ecuador;Prepago;Familiar Lite Pre;1215;Comedy Central HD;HD;Variedades;No
Ecuador;Prepago;Familiar Lite Pre;1217;FX HD;HD;Variedades;Si
Ecuador;Prepago;Familiar Lite Pre;1218;Universal TV HD;HD;Variedades;Si
Ecuador;Prepago;Familiar Lite Pre;1219;USA Network HD;HD;Variedades;No
Ecuador;Prepago;Familiar Lite Pre;1221;Hola TV HD;HD;Variedades;No
Ecuador;Prepago;Familiar Lite Pre;1222;E! Entertainment HD;HD;Variedades;Si
Ecuador;Prepago;Familiar Lite Pre;1223;Investigation Discovery (ID) HD;HD;Variedades;No
Ecuador;Prepago;Familiar Lite Pre;1228;Lifetime HD;HD;Variedades;No
Ecuador;Prepago;Familiar Lite Pre;1229;Discovery Home & Health;HD;Variedades;No
Ecuador;Prepago;Familiar Lite Pre;1231;Alacocina TV;HD;Variedades;Si
Ecuador;Prepago;Familiar Lite Pre;1232;El Gourmet HD;HD;Variedades;No
Ecuador;Prepago;Familiar Lite Pre;1233;Food Network HD;HD;Variedades;No
Ecuador;Prepago;Familiar Lite Pre;1234;HGTV HD;HD;Variedades;No
Ecuador;Prepago;Familiar Lite Pre;1236;VePlus HD;HD;Variedades;Si
Ecuador;Prepago;Familiar Lite Pre;1264;MTV HD;HD;Variedades;Si
Ecuador;Prepago;Familiar Lite Pre;1265;Music Top HD;HD;Variedades;Si
Ecuador;Prepago;Familiar Lite Pre;1266;Tierra Mía HD;HD;Variedades;Si
Ecuador;Prepago;Familiar Lite Pre;1270;Latina TV;HD;Variedades;Si
Ecuador;Prepago;Familiar Lite Pre;1273;INTI Network HD;HD;Variedades;No
Ecuador;Prepago;Familiar Lite Pre;1304;Cartoon Network HD;HD;Infantil;Si
Ecuador;Prepago;Familiar Lite Pre;1308;Nickelodeon HD;HD;Infantil;No
Ecuador;Prepago;Familiar Lite Pre;1309;Nick Jr. HD;HD;Infantil;No
Ecuador;Prepago;Familiar Lite Pre;1312;Disney Channel HD;HD;Infantil;Si
Ecuador;Prepago;Familiar Lite Pre;1315;Disney Junior HD;HD;Infantil;Si
Ecuador;Prepago;Familiar Lite Pre;1318;Plim Plim;HD;Infantil;No
Ecuador;Prepago;Familiar Lite Pre;1319;El Reino Infantil;HD;Infantil;No
Ecuador;Prepago;Familiar Lite Pre;1330;Discovery Kids HD;HD;Infantil;Si
Ecuador;Prepago;Familiar Lite Pre;1502;TNT HD;HD;Cine;Si
Ecuador;Prepago;Familiar Lite Pre;1503;Golden HD;HD;Cine;No
Ecuador;Prepago;Familiar Lite Pre;1506;Sony Movies;HD;Cine;No
Ecuador;Prepago;Familiar Lite Pre;1507;Cinecanal HD;HD;Cine;Si
Ecuador;Prepago;Familiar Lite Pre;1508;Studio Universal HD;HD;Cine;Si
Ecuador;Prepago;Familiar Lite Pre;1509;Cinemax HD;HD;Cine;No
Ecuador;Prepago;Familiar Lite Pre;1510;Mórbido TV;HD;Cine;No
Ecuador;Prepago;Familiar Lite Pre;1513;DHE HD;HD;Cine;No
Ecuador;Prepago;Familiar Lite Pre;1518;Space HD;HD;Cine;Si
Ecuador;Prepago;Familiar Lite Pre;1524;HBO HD;HD;Cine;No
Ecuador;Prepago;Familiar Lite Pre;1525;HBO 2 HD;HD;Cine;No
Ecuador;Prepago;Familiar Lite Pre;1528;HBO Signature HD;HD;Cine;No
Ecuador;Prepago;Familiar Lite Pre;1532;HBO Plus HD;HD;Cine;No
Ecuador;Prepago;Familiar Lite Pre;1534;HBO Family HD;HD;Cine;No
Ecuador;Prepago;Familiar Lite Pre;1542;HBO Xtreme HD;HD;Cine;No
Ecuador;Prepago;Familiar Lite Pre;1571;Universal Premiere Este HD;HD;Cine;No
Ecuador;Prepago;Familiar Lite Pre;1572;Universal Cinema HD;HD;Cine;No
Ecuador;Prepago;Familiar Lite Pre;1573;Universal Comedy HD;HD;Cine;No
Ecuador;Prepago;Familiar Lite Pre;1574;Universal Crime Este HD;HD;Cine;No
Ecuador;Prepago;Familiar Lite Pre;1575;Universal Reality HD;HD;Cine;No
Ecuador;Prepago;Familiar Lite Pre;1576;Universal Premiere Oeste HD;HD;Cine;No
Ecuador;Prepago;Familiar Lite Pre;1577;Universal Cinema Oeste;HD;Cine;No
Ecuador;Prepago;Familiar Lite Pre;1610;DSports HD;HD;Deportes;Si
Ecuador;Prepago;Familiar Lite Pre;1612;DSports 2 HD;HD;Deportes;Si
Ecuador;Prepago;Familiar Lite Pre;1613;DSports+ HD;HD;Deportes;Si
Ecuador;Prepago;Familiar Lite Pre;1621;ESPN HD;HD;Deportes;Si
Ecuador;Prepago;Familiar Lite Pre;1622;ESPN 2 HD;HD;Deportes;Si
Ecuador;Prepago;Familiar Lite Pre;1623;ESPN 3 HD;HD;Deportes;Si
Ecuador;Prepago;Familiar Lite Pre;1624;ESPN 4 HD;HD;Deportes;Si
Ecuador;Prepago;Familiar Lite Pre;1625;ESPN 5 HD;HD;Deportes;Si
Ecuador;Prepago;Familiar Lite Pre;1626;ESPN 6 HD;HD;Deportes;Si
Ecuador;Prepago;Familiar Lite Pre;1627;ESPN 7 HD;HD;Deportes;Si
Ecuador;Prepago;Familiar Lite Pre;1628;Golf Channel HD;HD;Deportes;No
Ecuador;Prepago;Familiar Lite Pre;1639;PX Sports;HD;Deportes;No
Ecuador;Prepago;Familiar Lite Pre;1655;El Canal del Futbol;HD;Deportes;No
Ecuador;Prepago;Familiar Lite Pre;1698;Dsports;HD;Deportes;No
Ecuador;Prepago;Familiar Lite Pre;1699;DSports Eventos;HD;Deportes;No
Ecuador;Prepago;Familiar Lite Pre;1700;DNews HD;HD;Mundo;Si
Ecuador;Prepago;Familiar Lite Pre;1727;Cable Noticias HD;HD;Mundo;No
Ecuador;Prepago;Familiar Lite Pre;1730;National Geographic HD;HD;Mundo;Si
Ecuador;Prepago;Familiar Lite Pre;1731;Discovery Theater HD;HD;Mundo;No
Ecuador;Prepago;Familiar Lite Pre;1732;Discovery Channel HD;HD;Mundo;Si
Ecuador;Prepago;Familiar Lite Pre;1734;Animal Planet HD;HD;Mundo;Si
Ecuador;Prepago;Familiar Lite Pre;1738;Discovery World HD;HD;Mundo;No
Ecuador;Prepago;Familiar Lite Pre;1740;Discovery Travel & Living Channel (TLC) HD;HD;Mundo;No
Ecuador;Prepago;Familiar Lite Pre;1742;History HD;HD;Mundo;Si
Ecuador;Prepago;Familiar Lite Pre;1744;History 2 HD;HD;Mundo;No
Ecuador;Prepago;Familiar Lite Pre;1750;Encuentro;HD;Variedades;No
Ecuador;Prepago;Familiar Lite Pre;1762;Antena 3 HD;HD;Mundo;No
Ecuador;Prepago;Familiar Lite Pre;1764;France 24 Español;HD;Mundo;No
Ecuador;Prepago;Familiar Lite Pre;4000;Directv 4K;4K;4K;No
Ecuador;DGO;OTT;N/A;A&E HD;N/A;Variedades;Si
Ecuador;DGO;OTT;N/A;Adult Swim;N/A;Variedades;No
Ecuador;DGO;OTT;N/A;AMC HD;N/A;Variedades;Si
Ecuador;DGO;OTT;N/A;Animal Planet HD;N/A;Mundo;Si
Ecuador;DGO;OTT;N/A;Antena 3 HD;N/A;Mundo;Si
Ecuador;DGO;OTT;N/A;Atres HD;N/A;Cine;Si
Ecuador;DGO;OTT;N/A;AXN HD;N/A;Variedades;Si
Ecuador;DGO;OTT;N/A;Azteca Internacional;N/A;Variedades;Si
Ecuador;DGO;OTT;N/A;BabyTV HD;N/A;Infantil;Si
Ecuador;DGO;OTT;N/A;Bloomberg;N/A;Mundo;Si
Ecuador;DGO;OTT;N/A;Caracol Mix;N/A;Variedades;Si
Ecuador;DGO;OTT;N/A;Cartoon Network HD;N/A;Infantil;Si
Ecuador;DGO;OTT;N/A;Cartoonito;N/A;Infantil;No
Ecuador;DGO;OTT;N/A;CGTN Español;N/A;Mundo;Si
Ecuador;DGO;OTT;N/A;Cinecanal HD;N/A;Cine;Si
Ecuador;DGO;OTT;N/A;Cinema;N/A;Cine;Si
Ecuador;DGO;OTT;N/A;Cinemax HD;N/A;Cine;Si
Ecuador;DGO;OTT;N/A;Clic;N/A;Variedades;Si
Ecuador;DGO;OTT;N/A;CNN en Español;N/A;Mundo;Si
Ecuador;DGO;OTT;N/A;CNN International;N/A;Mundo;Si
Ecuador;DGO;OTT;N/A;Comedy Central HD;N/A;Variedades;Si
Ecuador;DGO;OTT;N/A;Corazón;N/A;Variedades;Si
Ecuador;DGO;OTT;N/A;Daystar Español;N/A;Mundo;Si
Ecuador;DGO;OTT;N/A;Discovery Channel HD;N/A;Mundo;Si
Ecuador;DGO;OTT;N/A;Discovery Home & Health HD;N/A;Variedades;Si
Ecuador;DGO;OTT;N/A;Investigation Discovery (ID) HD;N/A;Variedades;Si
Ecuador;DGO;OTT;N/A;Discovery Kids HD;N/A;Infantil;Si
Ecuador;DGO;OTT;N/A;Discovery Theater;N/A;Mundo;Si
Ecuador;DGO;OTT;N/A;Discovery Travel & Living Channel (TLC) HD;N/A;Mundo;Si
Ecuador;DGO;OTT;N/A;Discovery Turbo;N/A;Mundo;Si
Ecuador;DGO;OTT;N/A;Discovery World;N/A;Mundo;Si
Ecuador;DGO;OTT;N/A;Disney Channel HD;N/A;Infantil;Si
Ecuador;DGO;OTT;N/A;Disney Junior HD;N/A;Infantil;Si
Ecuador;DGO;OTT;N/A;DNews;N/A;Mundo;No
Ecuador;DGO;OTT;N/A;DSports 2 HD;N/A;Deportes;Si
Ecuador;DGO;OTT;N/A;DSports HD;N/A;Deportes;Si
Ecuador;DGO;OTT;N/A;DSports+ HD;N/A;Deportes;Si
Ecuador;DGO;OTT;N/A;E! Entertainment México;N/A;Variedades;Si
Ecuador;DGO;OTT;N/A;Ecuavisa;N/A;Nacional;Si
Ecuador;DGO;OTT;N/A;Edye;N/A;Infantil;Si
Ecuador;DGO;OTT;N/A;El Gourmet HD;N/A;Variedades;Si
Ecuador;DGO;OTT;N/A;El Reino Infantil;N/A;Infantil;No
Ecuador;DGO;OTT;N/A;ESPN 2 HD;N/A;Deportes;Si
Ecuador;DGO;OTT;N/A;ESPN 3 HD;N/A;Deportes;Si
Ecuador;DGO;OTT;N/A;ESPN 4 HD;N/A;Deportes;No
Ecuador;DGO;OTT;N/A;ESPN 5 HD;N/A;Deportes;No
Ecuador;DGO;OTT;N/A;ESPN 6 HD;N/A;Deportes;No
Ecuador;DGO;OTT;N/A;ESPN 7 HD;N/A;Deportes;No
Ecuador;DGO;OTT;N/A;ESPN HD;N/A;Deportes;Si
Ecuador;DGO;OTT;N/A;Food Network HD;N/A;Variedades;Si
Ecuador;DGO;OTT;N/A;Fox News;N/A;Mundo;Si
Ecuador;DGO;OTT;N/A;France 24 Español;N/A;Mundo;No
Ecuador;DGO;OTT;N/A;Free TV Acción;N/A;Cine;Si
Ecuador;DGO;OTT;N/A;Free TV Drama;N/A;Cine;Si
Ecuador;DGO;OTT;N/A;Free TV Estelar;N/A;Cine;Si
Ecuador;DGO;OTT;N/A;FreeTV Familia;N/A;Cine;Si
Ecuador;DGO;OTT;N/A;FreeTV Hits;N/A;Cine;Si
Ecuador;DGO;OTT;N/A;FreeTV Terror;N/A;Cine;Si
Ecuador;DGO;OTT;N/A;FX HD;N/A;Variedades;Si
Ecuador;DGO;OTT;N/A;Golf Channel HD;N/A;Deportes;Si
Ecuador;DGO;OTT;N/A;HBO;N/A;Cine;Si
Ecuador;DGO;OTT;N/A;HBO 2;N/A;Cine;Si
Ecuador;DGO;OTT;N/A;HBO Family;N/A;Cine;Si
Ecuador;DGO;OTT;N/A;HBO Plus HD;N/A;Cine;Si
Ecuador;DGO;OTT;N/A;HBO Signature;N/A;Nacional;Si
Ecuador;DGO;OTT;N/A;HGTV HD;N/A;Variedades;Si
Ecuador;DGO;OTT;N/A;History 2 HD;N/A;Mundo;Si
Ecuador;DGO;OTT;N/A;History Channel HD;N/A;Mundo;Si
Ecuador;DGO;OTT;N/A;Hola TV HD;N/A;Variedades;Si
Ecuador;DGO;OTT;N/A;Lifetime HD;N/A;Variedades;Si
Ecuador;DGO;OTT;N/A;Más Chic;N/A;Variedades;Si
Ecuador;DGO;OTT;N/A;Mega Noticias;N/A;Mundo;Si
Ecuador;DGO;OTT;N/A;Mega Tiempo;N/A;Mundo;Si
Ecuador;DGO;OTT;N/A;Mórbido TV;N/A;Cine;No
Ecuador;DGO;OTT;N/A;MTV HD;N/A;Variedades;Si
Ecuador;DGO;OTT;N/A;National Geographic HD;N/A;Mundo;Si
Ecuador;DGO;OTT;N/A;Newsmax TV;N/A;Nacional;Si
Ecuador;DGO;OTT;N/A;Nick Jr. HD;N/A;Infantil;Si
Ecuador;DGO;OTT;N/A;Nickelodeon HD;N/A;Infantil;Si
Ecuador;DGO;OTT;N/A;OnDIRECTV HD;N/A;Cine;Si
Ecuador;DGO;OTT;N/A;Oro Mar TV;N/A;Nacional;Si
Ecuador;DGO;OTT;N/A;Pasiones HD;N/A;Variedades;Si
Ecuador;DGO;OTT;N/A;Plim Plim;N/A;Infantil;No
Ecuador;DGO;OTT;N/A;Rai Italia;N/A;Mundo;Si
Ecuador;DGO;OTT;N/A;RCN Más;N/A;Variedades;Si
Ecuador;DGO;OTT;N/A;RCN Noticias;N/A;Mundo;Si
Ecuador;DGO;OTT;N/A;RTS Red Telesistemas;N/A;Nacional;Si
Ecuador;DGO;OTT;N/A;Sony HD;N/A;Cine;Si
Ecuador;DGO;OTT;N/A;Sony Movies;N/A;Cine;No
Ecuador;DGO;OTT;N/A;Space HD;N/A;Cine;Si
Ecuador;DGO;OTT;N/A;Star Channel HD;N/A;Cine;Si
Ecuador;DGO;OTT;N/A;Studio Universal HD;N/A;Cine;Si
Ecuador;DGO;OTT;N/A;Tastemade;N/A;Variedades;Si
Ecuador;DGO;OTT;N/A;Tastemade Viajes;N/A;Variedades;Si
Ecuador;DGO;OTT;N/A;TC Television HD;N/A;Nacional;Si
Ecuador;DGO;OTT;N/A;TCM;N/A;Cine;No
Ecuador;DGO;OTT;N/A;Teleamazonas Guayaquil;N/A;Nacional;Si
Ecuador;DGO;OTT;N/A;Teleamazonas HD;N/A;Nacional;Si
Ecuador;DGO;OTT;N/A;Telemundo Internacional;N/A;Variedades;Si
Ecuador;DGO;OTT;N/A;Telerama;N/A;Nacional;Si
Ecuador;DGO;OTT;N/A;Televicentro;N/A;Nacional;Si
Ecuador;DGO;OTT;N/A;Discovery Travel & Living Channel (TLC);N/A;Variedades;No
Ecuador;DGO;OTT;N/A;TNT HD;N/A;Cine;Si
Ecuador;DGO;OTT;N/A;TNT Novelas;N/A;Variedades;No
Ecuador;DGO;OTT;N/A;TNT Series HD;N/A;Cine;Si
Ecuador;DGO;OTT;N/A;TyC Sports;N/A;Deportes;No
Ecuador;DGO;OTT;N/A;TyC Sports Fan;N/A;Deportes;Si
Ecuador;DGO;OTT;N/A;Universal TV HD;N/A;Deportes;Si
Ecuador;DGO;OTT;N/A;USA Network HD;N/A;Variedades;No
Ecuador;DGO;OTT;N/A;Warner Channel HD;N/A;Variedades;Si
Ecuador;DGO;OTT Lite;N/A;A&E HD;N/A;Variedades;Si
Ecuador;DGO;OTT Lite;N/A;Adult Swim;N/A;Variedades;No
Ecuador;DGO;OTT Lite;N/A;AMC HD;N/A;Variedades;No
Ecuador;DGO;OTT Lite;N/A;Animal Planet HD;N/A;Mundo;Si
Ecuador;DGO;OTT Lite;N/A;Antena 3 HD;N/A;Mundo;No
Ecuador;DGO;OTT Lite;N/A;Atres HD;N/A;Cine;No
Ecuador;DGO;OTT Lite;N/A;AXN HD;N/A;Variedades;Si
Ecuador;DGO;OTT Lite;N/A;Azteca Internacional;N/A;Variedades;Si
Ecuador;DGO;OTT Lite;N/A;BabyTV HD;N/A;Infantil;No
Ecuador;DGO;OTT Lite;N/A;Bloomberg;N/A;Mundo;No
Ecuador;DGO;OTT Lite;N/A;Caracol Mix;N/A;Variedades;Si
Ecuador;DGO;OTT Lite;N/A;Cartoon Network HD;N/A;Infantil;Si
Ecuador;DGO;OTT Lite;N/A;Cartoonito;N/A;Infantil;No
Ecuador;DGO;OTT Lite;N/A;CGTN Español;N/A;Mundo;Si
Ecuador;DGO;OTT Lite;N/A;Cinecanal HD;N/A;Cine;Si
Ecuador;DGO;OTT Lite;N/A;Cinema;N/A;Cine;Si
Ecuador;DGO;OTT Lite;N/A;Cinemax HD;N/A;Cine;Si
Ecuador;DGO;OTT Lite;N/A;Clic;N/A;Variedades;Si
Ecuador;DGO;OTT Lite;N/A;CNN en Español;N/A;Mundo;Si
Ecuador;DGO;OTT Lite;N/A;CNN International;N/A;Mundo;No
Ecuador;DGO;OTT Lite;N/A;Comedy Central HD;N/A;Variedades;No
Ecuador;DGO;OTT Lite;N/A;Corazón;N/A;Variedades;Si
Ecuador;DGO;OTT Lite;N/A;Daystar Español;N/A;Mundo;No
Ecuador;DGO;OTT Lite;N/A;Discovery Channel HD;N/A;Mundo;Si
Ecuador;DGO;OTT Lite;N/A;Discovery Home & Health HD;N/A;Variedades;No
Ecuador;DGO;OTT Lite;N/A;Investigation Discovery (ID) HD;N/A;Variedades;No
Ecuador;DGO;OTT Lite;N/A;Discovery Kids HD;N/A;Infantil;Si
Ecuador;DGO;OTT Lite;N/A;Discovery Theater;N/A;Mundo;No
Ecuador;DGO;OTT Lite;N/A;Discovery Travel & Living Channel (TLC) HD;N/A;Mundo;No
Ecuador;DGO;OTT Lite;N/A;Discovery Turbo;N/A;Mundo;No
Ecuador;DGO;OTT Lite;N/A;Discovery World;N/A;Mundo;No
Ecuador;DGO;OTT Lite;N/A;Disney Channel HD;N/A;Infantil;Si
Ecuador;DGO;OTT Lite;N/A;Disney Junior HD;N/A;Infantil;Si
Ecuador;DGO;OTT Lite;N/A;DNews;N/A;Mundo;No
Ecuador;DGO;OTT Lite;N/A;DSports 2 HD;N/A;Deportes;Si
Ecuador;DGO;OTT Lite;N/A;DSports HD;N/A;Deportes;Si
Ecuador;DGO;OTT Lite;N/A;DSports+ HD;N/A;Deportes;Si
Ecuador;DGO;OTT Lite;N/A;E! Entertainment México;N/A;Variedades;Si
Ecuador;DGO;OTT Lite;N/A;Ecuavisa;N/A;Nacional;Si
Ecuador;DGO;OTT Lite;N/A;Edye;N/A;Infantil;Si
Ecuador;DGO;OTT Lite;N/A;El Gourmet HD;N/A;Variedades;No
Ecuador;DGO;OTT Lite;N/A;El Reino Infantil;N/A;Infantil;No
Ecuador;DGO;OTT Lite;N/A;ESPN 2 HD;N/A;Deportes;Si
Ecuador;DGO;OTT Lite;N/A;ESPN 3 HD;N/A;Deportes;No
Ecuador;DGO;OTT Lite;N/A;ESPN 4 HD;N/A;Deportes;No
Ecuador;DGO;OTT Lite;N/A;ESPN 5 HD;N/A;Deportes;No
Ecuador;DGO;OTT Lite;N/A;ESPN 6 HD;N/A;Deportes;No
Ecuador;DGO;OTT Lite;N/A;ESPN 7 HD;N/A;Deportes;No
Ecuador;DGO;OTT Lite;N/A;ESPN HD;N/A;Deportes;Si
Ecuador;DGO;OTT Lite;N/A;Food Network HD;N/A;Variedades;Si
Ecuador;DGO;OTT Lite;N/A;Fox News;N/A;Mundo;Si
Ecuador;DGO;OTT Lite;N/A;France 24 Español;N/A;Mundo;No
Ecuador;DGO;OTT Lite;N/A;Free TV Acción;N/A;Cine;Si
Ecuador;DGO;OTT Lite;N/A;Free TV Drama;N/A;Cine;Si
Ecuador;DGO;OTT Lite;N/A;Free TV Estelar;N/A;Cine;Si
Ecuador;DGO;OTT Lite;N/A;FreeTV Familia;N/A;Cine;Si
Ecuador;DGO;OTT Lite;N/A;FreeTV Hits;N/A;Cine;Si
Ecuador;DGO;OTT Lite;N/A;FreeTV Terror;N/A;Cine;Si
Ecuador;DGO;OTT Lite;N/A;FX HD;N/A;Variedades;Si
Ecuador;DGO;OTT Lite;N/A;Golf Channel HD;N/A;Deportes;No
Ecuador;DGO;OTT Lite;N/A;HBO;N/A;Cine;No
Ecuador;DGO;OTT Lite;N/A;HBO 2;N/A;Cine;No
Ecuador;DGO;OTT Lite;N/A;HBO Family;N/A;Cine;No
Ecuador;DGO;OTT Lite;N/A;HBO Plus HD;N/A;Cine;No
Ecuador;DGO;OTT Lite;N/A;HBO Signature;N/A;Nacional;No
Ecuador;DGO;OTT Lite;N/A;HGTV HD;N/A;Variedades;No
Ecuador;DGO;OTT Lite;N/A;History 2 HD;N/A;Mundo;No
Ecuador;DGO;OTT Lite;N/A;History Channel HD;N/A;Mundo;Si
Ecuador;DGO;OTT Lite;N/A;Hola TV HD;N/A;Variedades;Si
Ecuador;DGO;OTT Lite;N/A;Lifetime HD;N/A;Variedades;No
Ecuador;DGO;OTT Lite;N/A;Más Chic;N/A;Variedades;No
Ecuador;DGO;OTT Lite;N/A;Mega Noticias;N/A;Mundo;Si
Ecuador;DGO;OTT Lite;N/A;Mega Tiempo;N/A;Mundo;Si
Ecuador;DGO;OTT Lite;N/A;Mórbido TV;N/A;Cine;No
Ecuador;DGO;OTT Lite;N/A;MTV HD;N/A;Variedades;Si
Ecuador;DGO;OTT Lite;N/A;National Geographic HD;N/A;Mundo;Si
Ecuador;DGO;OTT Lite;N/A;Newsmax TV;N/A;Nacional;Si
Ecuador;DGO;OTT Lite;N/A;Nick Jr. HD;N/A;Infantil;No
Ecuador;DGO;OTT Lite;N/A;Nickelodeon HD;N/A;Infantil;No
Ecuador;DGO;OTT Lite;N/A;OnDIRECTV HD;N/A;Cine;Si
Ecuador;DGO;OTT Lite;N/A;Oro Mar TV;N/A;Nacional;Si
Ecuador;DGO;OTT Lite;N/A;Pasiones HD;N/A;Variedades;Si
Ecuador;DGO;OTT Lite;N/A;Plim Plim;N/A;Infantil;No
Ecuador;DGO;OTT Lite;N/A;Rai Italia;N/A;Mundo;No
Ecuador;DGO;OTT Lite;N/A;RCN Más;N/A;Variedades;Si
Ecuador;DGO;OTT Lite;N/A;RCN Noticias;N/A;Mundo;Si
Ecuador;DGO;OTT Lite;N/A;RTS Red Telesistemas;N/A;Nacional;Si
Ecuador;DGO;OTT Lite;N/A;Sony HD;N/A;Cine;Si
Ecuador;DGO;OTT Lite;N/A;Sony Movies;N/A;Cine;No
Ecuador;DGO;OTT Lite;N/A;Space HD;N/A;Cine;Si
Ecuador;DGO;OTT Lite;N/A;Star Channel HD;N/A;Cine;Si
Ecuador;DGO;OTT Lite;N/A;Studio Universal HD;N/A;Cine;Si
Ecuador;DGO;OTT Lite;N/A;Tastemade;N/A;Variedades;Si
Ecuador;DGO;OTT Lite;N/A;Tastemade Viajes;N/A;Variedades;Si
Ecuador;DGO;OTT Lite;N/A;TC Television HD;N/A;Nacional;Si
Ecuador;DGO;OTT Lite;N/A;TCM;N/A;Cine;No
Ecuador;DGO;OTT Lite;N/A;Teleamazonas Guayaquil;N/A;Nacional;Si
Ecuador;DGO;OTT Lite;N/A;Teleamazonas HD;N/A;Nacional;Si
Ecuador;DGO;OTT Lite;N/A;Telemundo Internacional;N/A;Variedades;Si
Ecuador;DGO;OTT Lite;N/A;Telerama;N/A;Nacional;Si
Ecuador;DGO;OTT Lite;N/A;Televicentro;N/A;Nacional;Si
Ecuador;DGO;OTT Lite;N/A;Discovery Travel & Living Channel (TLC);N/A;Variedades;No
Ecuador;DGO;OTT Lite;N/A;TNT HD;N/A;Cine;Si
Ecuador;DGO;OTT Lite;N/A;TNT Novelas;N/A;Variedades;No
Ecuador;DGO;OTT Lite;N/A;TNT Series HD;N/A;Cine;Si
Ecuador;DGO;OTT Lite;N/A;TyC Sports;N/A;Deportes;No
Ecuador;DGO;OTT Lite;N/A;TyC Sports Fan;N/A;Deportes;Si
Ecuador;DGO;OTT Lite;N/A;Universal TV HD;N/A;Deportes;Si
Ecuador;DGO;OTT Lite;N/A;USA Network HD;N/A;Variedades;No
Ecuador;DGO;OTT Lite;N/A;Warner Channel HD;N/A;Variedades;Si
Ecuador;DGO;Alto HD 4K;N/A;A&E HD;N/A;Variedades;Si
Ecuador;DGO;Alto HD 4K;N/A;Adult Swim;N/A;Variedades;Si
Ecuador;DGO;Alto HD 4K;N/A;AMC HD;N/A;Variedades;Si
Ecuador;DGO;Alto HD 4K;N/A;Animal Planet HD;N/A;Mundo;Si
Ecuador;DGO;Alto HD 4K;N/A;Antena 3 HD;N/A;Mundo;Si
Ecuador;DGO;Alto HD 4K;N/A;Atres HD;N/A;Cine;Si
Ecuador;DGO;Alto HD 4K;N/A;AXN HD;N/A;Variedades;Si
Ecuador;DGO;Alto HD 4K;N/A;Azteca Internacional;N/A;Variedades;Si
Ecuador;DGO;Alto HD 4K;N/A;BabyTV HD;N/A;Infantil;Si
Ecuador;DGO;Alto HD 4K;N/A;Bloomberg;N/A;Mundo;Si
Ecuador;DGO;Alto HD 4K;N/A;Caracol Mix;N/A;Variedades;Si
Ecuador;DGO;Alto HD 4K;N/A;Cartoon Network HD;N/A;Infantil;Si
Ecuador;DGO;Alto HD 4K;N/A;Cartoonito;N/A;Infantil;Si
Ecuador;DGO;Alto HD 4K;N/A;CGTN Español;N/A;Mundo;Si
Ecuador;DGO;Alto HD 4K;N/A;Cinecanal HD;N/A;Cine;Si
Ecuador;DGO;Alto HD 4K;N/A;Cinema;N/A;Cine;Si
Ecuador;DGO;Alto HD 4K;N/A;Cinemax HD;N/A;Cine;Si
Ecuador;DGO;Alto HD 4K;N/A;Clic;N/A;Variedades;Si
Ecuador;DGO;Alto HD 4K;N/A;CNN en Español;N/A;Mundo;Si
Ecuador;DGO;Alto HD 4K;N/A;CNN International;N/A;Mundo;Si
Ecuador;DGO;Alto HD 4K;N/A;Comedy Central HD;N/A;Variedades;Si
Ecuador;DGO;Alto HD 4K;N/A;Corazón;N/A;Variedades;Si
Ecuador;DGO;Alto HD 4K;N/A;Daystar Español;N/A;Mundo;No
Ecuador;DGO;Alto HD 4K;N/A;Discovery Channel HD;N/A;Mundo;Si
Ecuador;DGO;Alto HD 4K;N/A;Discovery Home & Health HD;N/A;Variedades;Si
Ecuador;DGO;Alto HD 4K;N/A;Investigation Discovery (ID) HD;N/A;Variedades;Si
Ecuador;DGO;Alto HD 4K;N/A;Discovery Kids HD;N/A;Infantil;Si
Ecuador;DGO;Alto HD 4K;N/A;Discovery Theater;N/A;Mundo;Si
Ecuador;DGO;Alto HD 4K;N/A;Discovery Travel & Living Channel (TLC) HD;N/A;Mundo;Si
Ecuador;DGO;Alto HD 4K;N/A;Discovery Turbo;N/A;Mundo;Si
Ecuador;DGO;Alto HD 4K;N/A;Discovery World;N/A;Mundo;Si
Ecuador;DGO;Alto HD 4K;N/A;Disney Channel HD;N/A;Infantil;Si
Ecuador;DGO;Alto HD 4K;N/A;Disney Junior HD;N/A;Infantil;Si
Ecuador;DGO;Alto HD 4K;N/A;DNews;N/A;Mundo;Si
Ecuador;DGO;Alto HD 4K;N/A;DSports 2 HD;N/A;Deportes;Si
Ecuador;DGO;Alto HD 4K;N/A;DSports HD;N/A;Deportes;Si
Ecuador;DGO;Alto HD 4K;N/A;DSports+ HD;N/A;Deportes;Si
Ecuador;DGO;Alto HD 4K;N/A;E! Entertainment México;N/A;Variedades;Si
Ecuador;DGO;Alto HD 4K;N/A;Ecuavisa;N/A;Nacional;Si
Ecuador;DGO;Alto HD 4K;N/A;Edye;N/A;Infantil;Si
Ecuador;DGO;Alto HD 4K;N/A;El Gourmet HD;N/A;Variedades;Si
Ecuador;DGO;Alto HD 4K;N/A;El Reino Infantil;N/A;Infantil;Si
Ecuador;DGO;Alto HD 4K;N/A;ESPN 2 HD;N/A;Deportes;Si
Ecuador;DGO;Alto HD 4K;N/A;ESPN 3 HD;N/A;Deportes;Si
Ecuador;DGO;Alto HD 4K;N/A;ESPN 4 HD;N/A;Deportes;Si
Ecuador;DGO;Alto HD 4K;N/A;ESPN 5 HD;N/A;Deportes;Si
Ecuador;DGO;Alto HD 4K;N/A;ESPN 6 HD;N/A;Deportes;Si
Ecuador;DGO;Alto HD 4K;N/A;ESPN 7 HD;N/A;Deportes;Si
Ecuador;DGO;Alto HD 4K;N/A;ESPN HD;N/A;Deportes;Si
Ecuador;DGO;Alto HD 4K;N/A;Food Network HD;N/A;Variedades;Si
Ecuador;DGO;Alto HD 4K;N/A;Fox News;N/A;Mundo;Si
Ecuador;DGO;Alto HD 4K;N/A;France 24 Español;N/A;Mundo;Si
Ecuador;DGO;Alto HD 4K;N/A;Free TV Acción;N/A;Cine;Si
Ecuador;DGO;Alto HD 4K;N/A;Free TV Drama;N/A;Cine;Si
Ecuador;DGO;Alto HD 4K;N/A;Free TV Estelar;N/A;Cine;Si
Ecuador;DGO;Alto HD 4K;N/A;FreeTV Familia;N/A;Cine;Si
Ecuador;DGO;Alto HD 4K;N/A;FreeTV Hits;N/A;Cine;Si
Ecuador;DGO;Alto HD 4K;N/A;FreeTV Terror;N/A;Cine;Si
Ecuador;DGO;Alto HD 4K;N/A;FX HD;N/A;Variedades;Si
Ecuador;DGO;Alto HD 4K;N/A;Golf Channel HD;N/A;Deportes;Si
Ecuador;DGO;Alto HD 4K;N/A;HBO;N/A;Cine;Si
Ecuador;DGO;Alto HD 4K;N/A;HBO 2;N/A;Cine;Si
Ecuador;DGO;Alto HD 4K;N/A;HBO Family;N/A;Cine;Si
Ecuador;DGO;Alto HD 4K;N/A;HBO Plus HD;N/A;Cine;Si
Ecuador;DGO;Alto HD 4K;N/A;HBO Signature;N/A;Nacional;Si
Ecuador;DGO;Alto HD 4K;N/A;HGTV HD;N/A;Variedades;Si
Ecuador;DGO;Alto HD 4K;N/A;History 2 HD;N/A;Mundo;Si
Ecuador;DGO;Alto HD 4K;N/A;History Channel HD;N/A;Mundo;Si
Ecuador;DGO;Alto HD 4K;N/A;Hola TV HD;N/A;Variedades;Si
Ecuador;DGO;Alto HD 4K;N/A;Lifetime HD;N/A;Variedades;Si
Ecuador;DGO;Alto HD 4K;N/A;Más Chic;N/A;Variedades;Si
Ecuador;DGO;Alto HD 4K;N/A;Mega Noticias;N/A;Mundo;Si
Ecuador;DGO;Alto HD 4K;N/A;Mega Tiempo;N/A;Mundo;Si
Ecuador;DGO;Alto HD 4K;N/A;Mórbido TV;N/A;Cine;Si
Ecuador;DGO;Alto HD 4K;N/A;MTV HD;N/A;Variedades;Si
Ecuador;DGO;Alto HD 4K;N/A;National Geographic HD;N/A;Mundo;Si
Ecuador;DGO;Alto HD 4K;N/A;Newsmax TV;N/A;Nacional;Si
Ecuador;DGO;Alto HD 4K;N/A;Nick Jr. HD;N/A;Infantil;Si
Ecuador;DGO;Alto HD 4K;N/A;Nickelodeon HD;N/A;Infantil;Si
Ecuador;DGO;Alto HD 4K;N/A;OnDIRECTV HD;N/A;Cine;Si
Ecuador;DGO;Alto HD 4K;N/A;Oro Mar TV;N/A;Nacional;Si
Ecuador;DGO;Alto HD 4K;N/A;Pasiones HD;N/A;Variedades;Si
Ecuador;DGO;Alto HD 4K;N/A;Plim Plim;N/A;Infantil;Si
Ecuador;DGO;Alto HD 4K;N/A;Rai Italia;N/A;Mundo;Si
Ecuador;DGO;Alto HD 4K;N/A;RCN Más;N/A;Variedades;Si
Ecuador;DGO;Alto HD 4K;N/A;RCN Noticias;N/A;Mundo;Si
Ecuador;DGO;Alto HD 4K;N/A;RTS Red Telesistemas;N/A;Nacional;Si
Ecuador;DGO;Alto HD 4K;N/A;Sony HD;N/A;Cine;Si
Ecuador;DGO;Alto HD 4K;N/A;Sony Movies;N/A;Cine;Si
Ecuador;DGO;Alto HD 4K;N/A;Space HD;N/A;Cine;Si
Ecuador;DGO;Alto HD 4K;N/A;Star Channel HD;N/A;Cine;Si
Ecuador;DGO;Alto HD 4K;N/A;Studio Universal HD;N/A;Cine;Si
Ecuador;DGO;Alto HD 4K;N/A;Tastemade;N/A;Variedades;Si
Ecuador;DGO;Alto HD 4K;N/A;Tastemade Viajes;N/A;Variedades;Si
Ecuador;DGO;Alto HD 4K;N/A;TC Television HD;N/A;Nacional;Si
Ecuador;DGO;Alto HD 4K;N/A;TCM;N/A;Cine;No
Ecuador;DGO;Alto HD 4K;N/A;Teleamazonas Guayaquil;N/A;Nacional;Si
Ecuador;DGO;Alto HD 4K;N/A;Teleamazonas HD;N/A;Nacional;Si
Ecuador;DGO;Alto HD 4K;N/A;Telemundo Internacional;N/A;Variedades;Si
Ecuador;DGO;Alto HD 4K;N/A;Telerama;N/A;Nacional;Si
Ecuador;DGO;Alto HD 4K;N/A;Televicentro;N/A;Nacional;Si
Ecuador;DGO;Alto HD 4K;N/A;Discovery Travel & Living Channel (TLC);N/A;Variedades;No
Ecuador;DGO;Alto HD 4K;N/A;TNT HD;N/A;Cine;Si
Ecuador;DGO;Alto HD 4K;N/A;TNT Novelas;N/A;Variedades;Si
Ecuador;DGO;Alto HD 4K;N/A;TNT Series HD;N/A;Cine;Si
Ecuador;DGO;Alto HD 4K;N/A;TyC Sports;N/A;Deportes;Si
Ecuador;DGO;Alto HD 4K;N/A;TyC Sports Fan;N/A;Deportes;Si
Ecuador;DGO;Alto HD 4K;N/A;Universal TV HD;N/A;Deportes;Si
Ecuador;DGO;Alto HD 4K;N/A;USA Network HD;N/A;Variedades;Si
Ecuador;DGO;Alto HD 4K;N/A;Warner Channel HD;N/A;Variedades;Si
Ecuador;DGO;Alto SD;N/A;A&E HD;N/A;Variedades;Si
Ecuador;DGO;Alto SD;N/A;Adult Swim;N/A;Variedades;Si
Ecuador;DGO;Alto SD;N/A;AMC HD;N/A;Variedades;Si
Ecuador;DGO;Alto SD;N/A;Animal Planet HD;N/A;Mundo;Si
Ecuador;DGO;Alto SD;N/A;Antena 3 HD;N/A;Mundo;Si
Ecuador;DGO;Alto SD;N/A;Atres HD;N/A;Cine;Si
Ecuador;DGO;Alto SD;N/A;AXN HD;N/A;Variedades;Si
Ecuador;DGO;Alto SD;N/A;Azteca Internacional;N/A;Variedades;Si
Ecuador;DGO;Alto SD;N/A;BabyTV HD;N/A;Infantil;No
Ecuador;DGO;Alto SD;N/A;Bloomberg;N/A;Mundo;Si
Ecuador;DGO;Alto SD;N/A;Caracol Mix;N/A;Variedades;Si
Ecuador;DGO;Alto SD;N/A;Cartoon Network HD;N/A;Infantil;Si
Ecuador;DGO;Alto SD;N/A;Cartoonito;N/A;Infantil;Si
Ecuador;DGO;Alto SD;N/A;CGTN Español;N/A;Mundo;Si
Ecuador;DGO;Alto SD;N/A;Cinecanal HD;N/A;Cine;Si
Ecuador;DGO;Alto SD;N/A;Cinema;N/A;Cine;Si
Ecuador;DGO;Alto SD;N/A;Cinemax HD;N/A;Cine;Si
Ecuador;DGO;Alto SD;N/A;Clic;N/A;Variedades;Si
Ecuador;DGO;Alto SD;N/A;CNN en Español;N/A;Mundo;Si
Ecuador;DGO;Alto SD;N/A;CNN International;N/A;Mundo;Si
Ecuador;DGO;Alto SD;N/A;Comedy Central HD;N/A;Variedades;Si
Ecuador;DGO;Alto SD;N/A;Corazón;N/A;Variedades;Si
Ecuador;DGO;Alto SD;N/A;Daystar Español;N/A;Mundo;No
Ecuador;DGO;Alto SD;N/A;Discovery Channel HD;N/A;Mundo;Si
Ecuador;DGO;Alto SD;N/A;Discovery Home & Health HD;N/A;Variedades;Si
Ecuador;DGO;Alto SD;N/A;Investigation Discovery (ID) HD;N/A;Variedades;Si
Ecuador;DGO;Alto SD;N/A;Discovery Kids HD;N/A;Infantil;Si
Ecuador;DGO;Alto SD;N/A;Discovery Theater;N/A;Mundo;No
Ecuador;DGO;Alto SD;N/A;Discovery Travel & Living Channel (TLC) HD;N/A;Mundo;Si
Ecuador;DGO;Alto SD;N/A;Discovery Turbo;N/A;Mundo;Si
Ecuador;DGO;Alto SD;N/A;Discovery World;N/A;Mundo;No
Ecuador;DGO;Alto SD;N/A;Disney Channel HD;N/A;Infantil;Si
Ecuador;DGO;Alto SD;N/A;Disney Junior HD;N/A;Infantil;Si
Ecuador;DGO;Alto SD;N/A;DNews;N/A;Mundo;Si
Ecuador;DGO;Alto SD;N/A;DSports 2 HD;N/A;Deportes;Si
Ecuador;DGO;Alto SD;N/A;DSports HD;N/A;Deportes;Si
Ecuador;DGO;Alto SD;N/A;DSports+ HD;N/A;Deportes;Si
Ecuador;DGO;Alto SD;N/A;E! Entertainment México;N/A;Variedades;Si
Ecuador;DGO;Alto SD;N/A;Ecuavisa;N/A;Nacional;Si
Ecuador;DGO;Alto SD;N/A;Edye;N/A;Infantil;Si
Ecuador;DGO;Alto SD;N/A;El Gourmet HD;N/A;Variedades;Si
Ecuador;DGO;Alto SD;N/A;El Reino Infantil;N/A;Infantil;Si
Ecuador;DGO;Alto SD;N/A;ESPN 2 HD;N/A;Deportes;Si
Ecuador;DGO;Alto SD;N/A;ESPN 3 HD;N/A;Deportes;Si
Ecuador;DGO;Alto SD;N/A;ESPN 4 HD;N/A;Deportes;No
Ecuador;DGO;Alto SD;N/A;ESPN 5 HD;N/A;Deportes;Si
Ecuador;DGO;Alto SD;N/A;ESPN 6 HD;N/A;Deportes;Si
Ecuador;DGO;Alto SD;N/A;ESPN 7 HD;N/A;Deportes;Si
Ecuador;DGO;Alto SD;N/A;ESPN HD;N/A;Deportes;Si
Ecuador;DGO;Alto SD;N/A;Food Network HD;N/A;Variedades;Si
Ecuador;DGO;Alto SD;N/A;Fox News;N/A;Mundo;Si
Ecuador;DGO;Alto SD;N/A;France 24 Español;N/A;Mundo;Si
Ecuador;DGO;Alto SD;N/A;Free TV Acción;N/A;Cine;Si
Ecuador;DGO;Alto SD;N/A;Free TV Drama;N/A;Cine;Si
Ecuador;DGO;Alto SD;N/A;Free TV Estelar;N/A;Cine;Si
Ecuador;DGO;Alto SD;N/A;FreeTV Familia;N/A;Cine;Si
Ecuador;DGO;Alto SD;N/A;FreeTV Hits;N/A;Cine;Si
Ecuador;DGO;Alto SD;N/A;FreeTV Terror;N/A;Cine;Si
Ecuador;DGO;Alto SD;N/A;FX HD;N/A;Variedades;Si
Ecuador;DGO;Alto SD;N/A;Golf Channel HD;N/A;Deportes;Si
Ecuador;DGO;Alto SD;N/A;HBO;N/A;Cine;No
Ecuador;DGO;Alto SD;N/A;HBO 2;N/A;Cine;No
Ecuador;DGO;Alto SD;N/A;HBO Family;N/A;Cine;No
Ecuador;DGO;Alto SD;N/A;HBO Plus HD;N/A;Cine;No
Ecuador;DGO;Alto SD;N/A;HBO Signature;N/A;Nacional;No
Ecuador;DGO;Alto SD;N/A;HGTV HD;N/A;Variedades;No
Ecuador;DGO;Alto SD;N/A;History 2 HD;N/A;Mundo;Si
Ecuador;DGO;Alto SD;N/A;History Channel HD;N/A;Mundo;Si
Ecuador;DGO;Alto SD;N/A;Hola TV HD;N/A;Variedades;Si
Ecuador;DGO;Alto SD;N/A;Lifetime HD;N/A;Variedades;Si
Ecuador;DGO;Alto SD;N/A;Más Chic;N/A;Variedades;Si
Ecuador;DGO;Alto SD;N/A;Mega Noticias;N/A;Mundo;Si
Ecuador;DGO;Alto SD;N/A;Mega Tiempo;N/A;Mundo;Si
Ecuador;DGO;Alto SD;N/A;Mórbido TV;N/A;Cine;Si
Ecuador;DGO;Alto SD;N/A;MTV HD;N/A;Variedades;Si
Ecuador;DGO;Alto SD;N/A;National Geographic HD;N/A;Mundo;Si
Ecuador;DGO;Alto SD;N/A;Newsmax TV;N/A;Nacional;Si
Ecuador;DGO;Alto SD;N/A;Nick Jr. HD;N/A;Infantil;Si
Ecuador;DGO;Alto SD;N/A;Nickelodeon HD;N/A;Infantil;Si
Ecuador;DGO;Alto SD;N/A;OnDIRECTV HD;N/A;Cine;Si
Ecuador;DGO;Alto SD;N/A;Oro Mar TV;N/A;Nacional;Si
Ecuador;DGO;Alto SD;N/A;Pasiones HD;N/A;Variedades;Si
Ecuador;DGO;Alto SD;N/A;Plim Plim;N/A;Infantil;Si
Ecuador;DGO;Alto SD;N/A;Rai Italia;N/A;Mundo;Si
Ecuador;DGO;Alto SD;N/A;RCN Más;N/A;Variedades;Si
Ecuador;DGO;Alto SD;N/A;RCN Noticias;N/A;Mundo;Si
Ecuador;DGO;Alto SD;N/A;RTS Red Telesistemas;N/A;Nacional;Si
Ecuador;DGO;Alto SD;N/A;Sony HD;N/A;Cine;Si
Ecuador;DGO;Alto SD;N/A;Sony Movies;N/A;Cine;Si
Ecuador;DGO;Alto SD;N/A;Space HD;N/A;Cine;Si
Ecuador;DGO;Alto SD;N/A;Star Channel HD;N/A;Cine;Si
Ecuador;DGO;Alto SD;N/A;Studio Universal HD;N/A;Cine;Si
Ecuador;DGO;Alto SD;N/A;Tastemade;N/A;Variedades;Si
Ecuador;DGO;Alto SD;N/A;Tastemade Viajes;N/A;Variedades;Si
Ecuador;DGO;Alto SD;N/A;TC Television HD;N/A;Nacional;Si
Ecuador;DGO;Alto SD;N/A;TCM;N/A;Cine;No
Ecuador;DGO;Alto SD;N/A;Teleamazonas Guayaquil;N/A;Nacional;Si
Ecuador;DGO;Alto SD;N/A;Teleamazonas HD;N/A;Nacional;Si
Ecuador;DGO;Alto SD;N/A;Telemundo Internacional;N/A;Variedades;Si
Ecuador;DGO;Alto SD;N/A;Telerama;N/A;Nacional;Si
Ecuador;DGO;Alto SD;N/A;Televicentro;N/A;Nacional;Si
Ecuador;DGO;Alto SD;N/A;Discovery Travel & Living Channel (TLC);N/A;Variedades;No
Ecuador;DGO;Alto SD;N/A;TNT HD;N/A;Cine;Si
Ecuador;DGO;Alto SD;N/A;TNT Novelas;N/A;Variedades;Si
Ecuador;DGO;Alto SD;N/A;TNT Series HD;N/A;Cine;Si
Ecuador;DGO;Alto SD;N/A;TyC Sports;N/A;Deportes;Si
Ecuador;DGO;Alto SD;N/A;TyC Sports Fan;N/A;Deportes;Si
Ecuador;DGO;Alto SD;N/A;Universal TV HD;N/A;Deportes;Si
Ecuador;DGO;Alto SD;N/A;USA Network HD;N/A;Variedades;Si
Ecuador;DGO;Alto SD;N/A;Warner Channel HD;N/A;Variedades;Si
Ecuador;DGO;Medio;N/A;A&E HD;N/A;Variedades;Si
Ecuador;DGO;Medio;N/A;Adult Swim;N/A;Variedades;Si
Ecuador;DGO;Medio;N/A;AMC HD;N/A;Variedades;Si
Ecuador;DGO;Medio;N/A;Animal Planet HD;N/A;Mundo;Si
Ecuador;DGO;Medio;N/A;Antena 3 HD;N/A;Mundo;No
Ecuador;DGO;Medio;N/A;Atres HD;N/A;Cine;No
Ecuador;DGO;Medio;N/A;AXN HD;N/A;Variedades;Si
Ecuador;DGO;Medio;N/A;Azteca Internacional;N/A;Variedades;Si
Ecuador;DGO;Medio;N/A;BabyTV HD;N/A;Infantil;No
Ecuador;DGO;Medio;N/A;Bloomberg;N/A;Mundo;No
Ecuador;DGO;Medio;N/A;Caracol Mix;N/A;Variedades;Si
Ecuador;DGO;Medio;N/A;Cartoon Network HD;N/A;Infantil;Si
Ecuador;DGO;Medio;N/A;Cartoonito;N/A;Infantil;No
Ecuador;DGO;Medio;N/A;CGTN Español;N/A;Mundo;Si
Ecuador;DGO;Medio;N/A;Cinecanal HD;N/A;Cine;Si
Ecuador;DGO;Medio;N/A;Cinema;N/A;Cine;Si
Ecuador;DGO;Medio;N/A;Cinemax HD;N/A;Cine;Si
Ecuador;DGO;Medio;N/A;Clic;N/A;Variedades;Si
Ecuador;DGO;Medio;N/A;CNN en Español;N/A;Mundo;Si
Ecuador;DGO;Medio;N/A;CNN International;N/A;Mundo;No
Ecuador;DGO;Medio;N/A;Comedy Central HD;N/A;Variedades;Si
Ecuador;DGO;Medio;N/A;Corazón;N/A;Variedades;Si
Ecuador;DGO;Medio;N/A;Daystar Español;N/A;Mundo;No
Ecuador;DGO;Medio;N/A;Discovery Channel HD;N/A;Mundo;Si
Ecuador;DGO;Medio;N/A;Discovery Home & Health HD;N/A;Variedades;Si
Ecuador;DGO;Medio;N/A;Investigation Discovery (ID) HD;N/A;Variedades;Si
Ecuador;DGO;Medio;N/A;Discovery Kids HD;N/A;Infantil;Si
Ecuador;DGO;Medio;N/A;Discovery Theater;N/A;Mundo;No
Ecuador;DGO;Medio;N/A;Discovery Travel & Living Channel (TLC) HD;N/A;Mundo;Si
Ecuador;DGO;Medio;N/A;Discovery Turbo;N/A;Mundo;No
Ecuador;DGO;Medio;N/A;Discovery World;N/A;Mundo;No
Ecuador;DGO;Medio;N/A;Disney Channel HD;N/A;Infantil;Si
Ecuador;DGO;Medio;N/A;Disney Junior HD;N/A;Infantil;Si
Ecuador;DGO;Medio;N/A;DNews;N/A;Mundo;Si
Ecuador;DGO;Medio;N/A;DSports 2 HD;N/A;Deportes;Si
Ecuador;DGO;Medio;N/A;DSports HD;N/A;Deportes;Si
Ecuador;DGO;Medio;N/A;DSports+ HD;N/A;Deportes;Si
Ecuador;DGO;Medio;N/A;E! Entertainment México;N/A;Variedades;Si
Ecuador;DGO;Medio;N/A;Ecuavisa;N/A;Nacional;Si
Ecuador;DGO;Medio;N/A;Edye;N/A;Infantil;Si
Ecuador;DGO;Medio;N/A;El Gourmet HD;N/A;Variedades;Si
Ecuador;DGO;Medio;N/A;El Reino Infantil;N/A;Infantil;No
Ecuador;DGO;Medio;N/A;ESPN 2 HD;N/A;Deportes;Si
Ecuador;DGO;Medio;N/A;ESPN 3 HD;N/A;Deportes;Si
Ecuador;DGO;Medio;N/A;ESPN 4 HD;N/A;Deportes;No
Ecuador;DGO;Medio;N/A;ESPN 5 HD;N/A;Deportes;Si
Ecuador;DGO;Medio;N/A;ESPN 6 HD;N/A;Deportes;Si
Ecuador;DGO;Medio;N/A;ESPN 7 HD;N/A;Deportes;Si
Ecuador;DGO;Medio;N/A;ESPN HD;N/A;Deportes;Si
Ecuador;DGO;Medio;N/A;Food Network HD;N/A;Variedades;Si
Ecuador;DGO;Medio;N/A;Fox News;N/A;Mundo;Si
Ecuador;DGO;Medio;N/A;France 24 Español;N/A;Mundo;No
Ecuador;DGO;Medio;N/A;Free TV Acción;N/A;Cine;Si
Ecuador;DGO;Medio;N/A;Free TV Drama;N/A;Cine;Si
Ecuador;DGO;Medio;N/A;Free TV Estelar;N/A;Cine;Si
Ecuador;DGO;Medio;N/A;FreeTV Familia;N/A;Cine;Si
Ecuador;DGO;Medio;N/A;FreeTV Hits;N/A;Cine;Si
Ecuador;DGO;Medio;N/A;FreeTV Terror;N/A;Cine;Si
Ecuador;DGO;Medio;N/A;FX HD;N/A;Variedades;Si
Ecuador;DGO;Medio;N/A;Golf Channel HD;N/A;Deportes;No
Ecuador;DGO;Medio;N/A;HBO;N/A;Cine;No
Ecuador;DGO;Medio;N/A;HBO 2;N/A;Cine;No
Ecuador;DGO;Medio;N/A;HBO Family;N/A;Cine;No
Ecuador;DGO;Medio;N/A;HBO Plus HD;N/A;Cine;No
Ecuador;DGO;Medio;N/A;HBO Signature;N/A;Nacional;No
Ecuador;DGO;Medio;N/A;HGTV HD;N/A;Variedades;No
Ecuador;DGO;Medio;N/A;History 2 HD;N/A;Mundo;Si
Ecuador;DGO;Medio;N/A;History Channel HD;N/A;Mundo;Si
Ecuador;DGO;Medio;N/A;Hola TV HD;N/A;Variedades;Si
Ecuador;DGO;Medio;N/A;Lifetime HD;N/A;Variedades;No
Ecuador;DGO;Medio;N/A;Más Chic;N/A;Variedades;No
Ecuador;DGO;Medio;N/A;Mega Noticias;N/A;Mundo;Si
Ecuador;DGO;Medio;N/A;Mega Tiempo;N/A;Mundo;Si
Ecuador;DGO;Medio;N/A;Mórbido TV;N/A;Cine;No
Ecuador;DGO;Medio;N/A;MTV HD;N/A;Variedades;Si
Ecuador;DGO;Medio;N/A;National Geographic HD;N/A;Mundo;Si
Ecuador;DGO;Medio;N/A;Newsmax TV;N/A;Nacional;Si
Ecuador;DGO;Medio;N/A;Nick Jr. HD;N/A;Infantil;Si
Ecuador;DGO;Medio;N/A;Nickelodeon HD;N/A;Infantil;Si
Ecuador;DGO;Medio;N/A;OnDIRECTV HD;N/A;Cine;Si
Ecuador;DGO;Medio;N/A;Oro Mar TV;N/A;Nacional;Si
Ecuador;DGO;Medio;N/A;Pasiones HD;N/A;Variedades;Si
Ecuador;DGO;Medio;N/A;Plim Plim;N/A;Infantil;No
Ecuador;DGO;Medio;N/A;Rai Italia;N/A;Mundo;No
Ecuador;DGO;Medio;N/A;RCN Más;N/A;Variedades;Si
Ecuador;DGO;Medio;N/A;RCN Noticias;N/A;Mundo;Si
Ecuador;DGO;Medio;N/A;RTS Red Telesistemas;N/A;Nacional;Si
Ecuador;DGO;Medio;N/A;Sony HD;N/A;Cine;Si
Ecuador;DGO;Medio;N/A;Sony Movies;N/A;Cine;No
Ecuador;DGO;Medio;N/A;Space HD;N/A;Cine;No
Ecuador;DGO;Medio;N/A;Star Channel HD;N/A;Cine;Si
Ecuador;DGO;Medio;N/A;Studio Universal HD;N/A;Cine;Si
Ecuador;DGO;Medio;N/A;Tastemade;N/A;Variedades;Si
Ecuador;DGO;Medio;N/A;Tastemade Viajes;N/A;Variedades;Si
Ecuador;DGO;Medio;N/A;TC Television HD;N/A;Nacional;Si
Ecuador;DGO;Medio;N/A;TCM;N/A;Cine;No
Ecuador;DGO;Medio;N/A;Teleamazonas Guayaquil;N/A;Nacional;Si
Ecuador;DGO;Medio;N/A;Teleamazonas HD;N/A;Nacional;Si
Ecuador;DGO;Medio;N/A;Telemundo Internacional;N/A;Variedades;Si
Ecuador;DGO;Medio;N/A;Telerama;N/A;Nacional;Si
Ecuador;DGO;Medio;N/A;Televicentro;N/A;Nacional;Si
Ecuador;DGO;Medio;N/A;Discovery Travel & Living Channel (TLC);N/A;Variedades;No
Ecuador;DGO;Medio;N/A;TNT HD;N/A;Cine;Si
Ecuador;DGO;Medio;N/A;TNT Novelas;N/A;Variedades;No
Ecuador;DGO;Medio;N/A;TNT Series HD;N/A;Cine;Si
Ecuador;DGO;Medio;N/A;TyC Sports;N/A;Deportes;No
Ecuador;DGO;Medio;N/A;TyC Sports Fan;N/A;Deportes;Si
Ecuador;DGO;Medio;N/A;Universal TV HD;N/A;Deportes;Si
Ecuador;DGO;Medio;N/A;USA Network HD;N/A;Variedades;No
Ecuador;DGO;Medio;N/A;Warner Channel HD;N/A;Variedades;Si
Ecuador;DGO;Bajo;N/A;A&E HD;N/A;Variedades;Si
Ecuador;DGO;Bajo;N/A;Adult Swim;N/A;Variedades;No
Ecuador;DGO;Bajo;N/A;AMC HD;N/A;Variedades;No
Ecuador;DGO;Bajo;N/A;Animal Planet HD;N/A;Mundo;Si
Ecuador;DGO;Bajo;N/A;Antena 3 HD;N/A;Mundo;No
Ecuador;DGO;Bajo;N/A;Atres HD;N/A;Cine;No
Ecuador;DGO;Bajo;N/A;AXN HD;N/A;Variedades;Si
Ecuador;DGO;Bajo;N/A;Azteca Internacional;N/A;Variedades;Si
Ecuador;DGO;Bajo;N/A;BabyTV HD;N/A;Infantil;No
Ecuador;DGO;Bajo;N/A;Bloomberg;N/A;Mundo;No
Ecuador;DGO;Bajo;N/A;Caracol Mix;N/A;Variedades;Si
Ecuador;DGO;Bajo;N/A;Cartoon Network HD;N/A;Infantil;Si
Ecuador;DGO;Bajo;N/A;Cartoonito;N/A;Infantil;No
Ecuador;DGO;Bajo;N/A;CGTN Español;N/A;Mundo;Si
Ecuador;DGO;Bajo;N/A;Cinecanal HD;N/A;Cine;Si
Ecuador;DGO;Bajo;N/A;Cinema;N/A;Cine;Si
Ecuador;DGO;Bajo;N/A;Cinemax HD;N/A;Cine;Si
Ecuador;DGO;Bajo;N/A;Clic;N/A;Variedades;Si
Ecuador;DGO;Bajo;N/A;CNN en Español;N/A;Mundo;Si
Ecuador;DGO;Bajo;N/A;CNN International;N/A;Mundo;No
Ecuador;DGO;Bajo;N/A;Comedy Central HD;N/A;Variedades;Si
Ecuador;DGO;Bajo;N/A;Corazón;N/A;Variedades;Si
Ecuador;DGO;Bajo;N/A;Daystar Español;N/A;Mundo;No
Ecuador;DGO;Bajo;N/A;Discovery Channel HD;N/A;Mundo;Si
Ecuador;DGO;Bajo;N/A;Discovery Home & Health HD;N/A;Variedades;Si
Ecuador;DGO;Bajo;N/A;Investigation Discovery (ID) HD;N/A;Variedades;No
Ecuador;DGO;Bajo;N/A;Discovery Kids HD;N/A;Infantil;Si
Ecuador;DGO;Bajo;N/A;Discovery Theater;N/A;Mundo;No
Ecuador;DGO;Bajo;N/A;Discovery Travel & Living Channel (TLC) HD;N/A;Mundo;No
Ecuador;DGO;Bajo;N/A;Discovery Turbo;N/A;Mundo;No
Ecuador;DGO;Bajo;N/A;Discovery World;N/A;Mundo;No
Ecuador;DGO;Bajo;N/A;Disney Channel HD;N/A;Infantil;Si
Ecuador;DGO;Bajo;N/A;Disney Junior HD;N/A;Infantil;Si
Ecuador;DGO;Bajo;N/A;DNews;N/A;Mundo;Si
Ecuador;DGO;Bajo;N/A;DSports 2 HD;N/A;Deportes;Si
Ecuador;DGO;Bajo;N/A;DSports HD;N/A;Deportes;Si
Ecuador;DGO;Bajo;N/A;DSports+ HD;N/A;Deportes;Si
Ecuador;DGO;Bajo;N/A;E! Entertainment México;N/A;Variedades;Si
Ecuador;DGO;Bajo;N/A;Ecuavisa;N/A;Nacional;Si
Ecuador;DGO;Bajo;N/A;Edye;N/A;Infantil;Si
Ecuador;DGO;Bajo;N/A;El Gourmet HD;N/A;Variedades;No
Ecuador;DGO;Bajo;N/A;El Reino Infantil;N/A;Infantil;No
Ecuador;DGO;Bajo;N/A;ESPN 2 HD;N/A;Deportes;Si
Ecuador;DGO;Bajo;N/A;ESPN 3 HD;N/A;Deportes;Si
Ecuador;DGO;Bajo;N/A;ESPN 4 HD;N/A;Deportes;No
Ecuador;DGO;Bajo;N/A;ESPN 5 HD;N/A;Deportes;Si
Ecuador;DGO;Bajo;N/A;ESPN 6 HD;N/A;Deportes;Si
Ecuador;DGO;Bajo;N/A;ESPN 7 HD;N/A;Deportes;Si
Ecuador;DGO;Bajo;N/A;ESPN HD;N/A;Deportes;Si
Ecuador;DGO;Bajo;N/A;Food Network HD;N/A;Variedades;No
Ecuador;DGO;Bajo;N/A;Fox News;N/A;Mundo;Si
Ecuador;DGO;Bajo;N/A;France 24 Español;N/A;Mundo;No
Ecuador;DGO;Bajo;N/A;Free TV Acción;N/A;Cine;Si
Ecuador;DGO;Bajo;N/A;Free TV Drama;N/A;Cine;Si
Ecuador;DGO;Bajo;N/A;Free TV Estelar;N/A;Cine;Si
Ecuador;DGO;Bajo;N/A;FreeTV Familia;N/A;Cine;Si
Ecuador;DGO;Bajo;N/A;FreeTV Hits;N/A;Cine;Si
Ecuador;DGO;Bajo;N/A;FreeTV Terror;N/A;Cine;Si
Ecuador;DGO;Bajo;N/A;FX HD;N/A;Variedades;Si
Ecuador;DGO;Bajo;N/A;Golf Channel HD;N/A;Deportes;No
Ecuador;DGO;Bajo;N/A;HBO;N/A;Cine;No
Ecuador;DGO;Bajo;N/A;HBO 2;N/A;Cine;No
Ecuador;DGO;Bajo;N/A;HBO Family;N/A;Cine;No
Ecuador;DGO;Bajo;N/A;HBO Plus HD;N/A;Cine;No
Ecuador;DGO;Bajo;N/A;HBO Signature;N/A;Nacional;No
Ecuador;DGO;Bajo;N/A;HGTV HD;N/A;Variedades;No
Ecuador;DGO;Bajo;N/A;History 2 HD;N/A;Mundo;Si
Ecuador;DGO;Bajo;N/A;History Channel HD;N/A;Mundo;Si
Ecuador;DGO;Bajo;N/A;Hola TV HD;N/A;Variedades;Si
Ecuador;DGO;Bajo;N/A;Lifetime HD;N/A;Variedades;No
Ecuador;DGO;Bajo;N/A;Más Chic;N/A;Variedades;No
Ecuador;DGO;Bajo;N/A;Mega Noticias;N/A;Mundo;Si
Ecuador;DGO;Bajo;N/A;Mega Tiempo;N/A;Mundo;Si
Ecuador;DGO;Bajo;N/A;Mórbido TV;N/A;Cine;No
Ecuador;DGO;Bajo;N/A;MTV HD;N/A;Variedades;Si
Ecuador;DGO;Bajo;N/A;National Geographic HD;N/A;Mundo;Si
Ecuador;DGO;Bajo;N/A;Newsmax TV;N/A;Nacional;Si
Ecuador;DGO;Bajo;N/A;Nick Jr. HD;N/A;Infantil;No
Ecuador;DGO;Bajo;N/A;Nickelodeon HD;N/A;Infantil;Si
Ecuador;DGO;Bajo;N/A;OnDIRECTV HD;N/A;Cine;Si
Ecuador;DGO;Bajo;N/A;Oro Mar TV;N/A;Nacional;Si
Ecuador;DGO;Bajo;N/A;Pasiones HD;N/A;Variedades;Si
Ecuador;DGO;Bajo;N/A;Plim Plim;N/A;Infantil;No
Ecuador;DGO;Bajo;N/A;Rai Italia;N/A;Mundo;No
Ecuador;DGO;Bajo;N/A;RCN Más;N/A;Variedades;Si
Ecuador;DGO;Bajo;N/A;RCN Noticias;N/A;Mundo;Si
Ecuador;DGO;Bajo;N/A;RTS Red Telesistemas;N/A;Nacional;Si
Ecuador;DGO;Bajo;N/A;Sony HD;N/A;Cine;Si
Ecuador;DGO;Bajo;N/A;Sony Movies;N/A;Cine;No
Ecuador;DGO;Bajo;N/A;Space HD;N/A;Cine;Si
Ecuador;DGO;Bajo;N/A;Star Channel HD;N/A;Cine;Si
Ecuador;DGO;Bajo;N/A;Studio Universal HD;N/A;Cine;Si
Ecuador;DGO;Bajo;N/A;Tastemade;N/A;Variedades;Si
Ecuador;DGO;Bajo;N/A;Tastemade Viajes;N/A;Variedades;Si
Ecuador;DGO;Bajo;N/A;TC Television HD;N/A;Nacional;Si
Ecuador;DGO;Bajo;N/A;TCM;N/A;Cine;No
Ecuador;DGO;Bajo;N/A;Teleamazonas Guayaquil;N/A;Nacional;Si
Ecuador;DGO;Bajo;N/A;Teleamazonas HD;N/A;Nacional;Si
Ecuador;DGO;Bajo;N/A;Telemundo Internacional;N/A;Variedades;Si
Ecuador;DGO;Bajo;N/A;Telerama;N/A;Nacional;Si
Ecuador;DGO;Bajo;N/A;Televicentro;N/A;Nacional;Si
Ecuador;DGO;Bajo;N/A;Discovery Travel & Living Channel (TLC);N/A;Variedades;No
Ecuador;DGO;Bajo;N/A;TNT HD;N/A;Cine;Si
Ecuador;DGO;Bajo;N/A;TNT Novelas;N/A;Variedades;No
Ecuador;DGO;Bajo;N/A;TNT Series HD;N/A;Cine;No
Ecuador;DGO;Bajo;N/A;TyC Sports;N/A;Deportes;No
Ecuador;DGO;Bajo;N/A;TyC Sports Fan;N/A;Deportes;Si
Ecuador;DGO;Bajo;N/A;Universal TV HD;N/A;Deportes;Si
Ecuador;DGO;Bajo;N/A;USA Network HD;N/A;Variedades;No
Ecuador;DGO;Bajo;N/A;Warner Channel HD;N/A;Variedades;Si
Ecuador;DGO;DTH Ecuador 001;N/A;A&E HD;N/A;Variedades;Si
Ecuador;DGO;DTH Ecuador 001;N/A;Adult Swim;N/A;Variedades;No
Ecuador;DGO;DTH Ecuador 001;N/A;AMC HD;N/A;Variedades;Si
Ecuador;DGO;DTH Ecuador 001;N/A;Animal Planet HD;N/A;Mundo;Si
Ecuador;DGO;DTH Ecuador 001;N/A;Antena 3 HD;N/A;Mundo;Si
Ecuador;DGO;DTH Ecuador 001;N/A;Atres HD;N/A;Cine;Si
Ecuador;DGO;DTH Ecuador 001;N/A;AXN HD;N/A;Variedades;Si
Ecuador;DGO;DTH Ecuador 001;N/A;Azteca Internacional;N/A;Variedades;Si
Ecuador;DGO;DTH Ecuador 001;N/A;BabyTV HD;N/A;Infantil;No
Ecuador;DGO;DTH Ecuador 001;N/A;Bloomberg;N/A;Mundo;Si
Ecuador;DGO;DTH Ecuador 001;N/A;Caracol Mix;N/A;Variedades;Si
Ecuador;DGO;DTH Ecuador 001;N/A;Cartoon Network HD;N/A;Infantil;Si
Ecuador;DGO;DTH Ecuador 001;N/A;Cartoonito;N/A;Infantil;No
Ecuador;DGO;DTH Ecuador 001;N/A;CGTN Español;N/A;Mundo;Si
Ecuador;DGO;DTH Ecuador 001;N/A;Cinecanal HD;N/A;Cine;Si
Ecuador;DGO;DTH Ecuador 001;N/A;Cinema;N/A;Cine;Si
Ecuador;DGO;DTH Ecuador 001;N/A;Cinemax HD;N/A;Cine;Si
Ecuador;DGO;DTH Ecuador 001;N/A;Clic;N/A;Variedades;Si
Ecuador;DGO;DTH Ecuador 001;N/A;CNN en Español;N/A;Mundo;Si
Ecuador;DGO;DTH Ecuador 001;N/A;CNN International;N/A;Mundo;Si
Ecuador;DGO;DTH Ecuador 001;N/A;Comedy Central HD;N/A;Variedades;Si
Ecuador;DGO;DTH Ecuador 001;N/A;Corazón;N/A;Variedades;Si
Ecuador;DGO;DTH Ecuador 001;N/A;Daystar Español;N/A;Mundo;No
Ecuador;DGO;DTH Ecuador 001;N/A;Discovery Channel HD;N/A;Mundo;Si
Ecuador;DGO;DTH Ecuador 001;N/A;Discovery Home & Health HD;N/A;Variedades;Si
Ecuador;DGO;DTH Ecuador 001;N/A;Investigation Discovery (ID) HD;N/A;Variedades;Si
Ecuador;DGO;DTH Ecuador 001;N/A;Discovery Kids HD;N/A;Infantil;Si
Ecuador;DGO;DTH Ecuador 001;N/A;Discovery Theater;N/A;Mundo;No
Ecuador;DGO;DTH Ecuador 001;N/A;Discovery Travel & Living Channel (TLC) HD;N/A;Mundo;Si
Ecuador;DGO;DTH Ecuador 001;N/A;Discovery Turbo;N/A;Mundo;Si
Ecuador;DGO;DTH Ecuador 001;N/A;Discovery World;N/A;Mundo;No
Ecuador;DGO;DTH Ecuador 001;N/A;Disney Channel HD;N/A;Infantil;Si
Ecuador;DGO;DTH Ecuador 001;N/A;Disney Junior HD;N/A;Infantil;Si
Ecuador;DGO;DTH Ecuador 001;N/A;DNews;N/A;Mundo;No
Ecuador;DGO;DTH Ecuador 001;N/A;DSports 2 HD;N/A;Deportes;Si
Ecuador;DGO;DTH Ecuador 001;N/A;DSports HD;N/A;Deportes;Si
Ecuador;DGO;DTH Ecuador 001;N/A;DSports+ HD;N/A;Deportes;Si
Ecuador;DGO;DTH Ecuador 001;N/A;E! Entertainment México;N/A;Variedades;Si
Ecuador;DGO;DTH Ecuador 001;N/A;Ecuavisa;N/A;Nacional;Si
Ecuador;DGO;DTH Ecuador 001;N/A;Edye;N/A;Infantil;Si
Ecuador;DGO;DTH Ecuador 001;N/A;El Gourmet HD;N/A;Variedades;Si
Ecuador;DGO;DTH Ecuador 001;N/A;El Reino Infantil;N/A;Infantil;No
Ecuador;DGO;DTH Ecuador 001;N/A;ESPN 2 HD;N/A;Deportes;Si
Ecuador;DGO;DTH Ecuador 001;N/A;ESPN 3 HD;N/A;Deportes;Si
Ecuador;DGO;DTH Ecuador 001;N/A;ESPN 4 HD;N/A;Deportes;No
Ecuador;DGO;DTH Ecuador 001;N/A;ESPN 5 HD;N/A;Deportes;No
Ecuador;DGO;DTH Ecuador 001;N/A;ESPN 6 HD;N/A;Deportes;No
Ecuador;DGO;DTH Ecuador 001;N/A;ESPN 7 HD;N/A;Deportes;No
Ecuador;DGO;DTH Ecuador 001;N/A;ESPN HD;N/A;Deportes;Si
Ecuador;DGO;DTH Ecuador 001;N/A;Food Network HD;N/A;Variedades;Si
Ecuador;DGO;DTH Ecuador 001;N/A;Fox News;N/A;Mundo;Si
Ecuador;DGO;DTH Ecuador 001;N/A;France 24 Español;N/A;Mundo;No
Ecuador;DGO;DTH Ecuador 001;N/A;Free TV Acción;N/A;Cine;Si
Ecuador;DGO;DTH Ecuador 001;N/A;Free TV Drama;N/A;Cine;Si
Ecuador;DGO;DTH Ecuador 001;N/A;Free TV Estelar;N/A;Cine;Si
Ecuador;DGO;DTH Ecuador 001;N/A;FreeTV Familia;N/A;Cine;Si
Ecuador;DGO;DTH Ecuador 001;N/A;FreeTV Hits;N/A;Cine;Si
Ecuador;DGO;DTH Ecuador 001;N/A;FreeTV Terror;N/A;Cine;Si
Ecuador;DGO;DTH Ecuador 001;N/A;FX HD;N/A;Variedades;Si
Ecuador;DGO;DTH Ecuador 001;N/A;Golf Channel HD;N/A;Deportes;Si
Ecuador;DGO;DTH Ecuador 001;N/A;HBO;N/A;Cine;No
Ecuador;DGO;DTH Ecuador 001;N/A;HBO 2;N/A;Cine;No
Ecuador;DGO;DTH Ecuador 001;N/A;HBO Family;N/A;Cine;No
Ecuador;DGO;DTH Ecuador 001;N/A;HBO Plus HD;N/A;Cine;No
Ecuador;DGO;DTH Ecuador 001;N/A;HBO Signature;N/A;Nacional;No
Ecuador;DGO;DTH Ecuador 001;N/A;HGTV HD;N/A;Variedades;No
Ecuador;DGO;DTH Ecuador 001;N/A;History 2 HD;N/A;Mundo;Si
Ecuador;DGO;DTH Ecuador 001;N/A;History Channel HD;N/A;Mundo;Si
Ecuador;DGO;DTH Ecuador 001;N/A;Hola TV HD;N/A;Variedades;Si
Ecuador;DGO;DTH Ecuador 001;N/A;Lifetime HD;N/A;Variedades;Si
Ecuador;DGO;DTH Ecuador 001;N/A;Más Chic;N/A;Variedades;Si
Ecuador;DGO;DTH Ecuador 001;N/A;Mega Noticias;N/A;Mundo;Si
Ecuador;DGO;DTH Ecuador 001;N/A;Mega Tiempo;N/A;Mundo;Si
Ecuador;DGO;DTH Ecuador 001;N/A;Mórbido TV;N/A;Cine;No
Ecuador;DGO;DTH Ecuador 001;N/A;MTV HD;N/A;Variedades;Si
Ecuador;DGO;DTH Ecuador 001;N/A;National Geographic HD;N/A;Mundo;Si
Ecuador;DGO;DTH Ecuador 001;N/A;Newsmax TV;N/A;Nacional;Si
Ecuador;DGO;DTH Ecuador 001;N/A;Nick Jr. HD;N/A;Infantil;Si
Ecuador;DGO;DTH Ecuador 001;N/A;Nickelodeon HD;N/A;Infantil;Si
Ecuador;DGO;DTH Ecuador 001;N/A;OnDIRECTV HD;N/A;Cine;Si
Ecuador;DGO;DTH Ecuador 001;N/A;Oro Mar TV;N/A;Nacional;Si
Ecuador;DGO;DTH Ecuador 001;N/A;Pasiones HD;N/A;Variedades;Si
Ecuador;DGO;DTH Ecuador 001;N/A;Plim Plim;N/A;Infantil;No
Ecuador;DGO;DTH Ecuador 001;N/A;Rai Italia;N/A;Mundo;Si
Ecuador;DGO;DTH Ecuador 001;N/A;RCN Más;N/A;Variedades;Si
Ecuador;DGO;DTH Ecuador 001;N/A;RCN Noticias;N/A;Mundo;Si
Ecuador;DGO;DTH Ecuador 001;N/A;RTS Red Telesistemas;N/A;Nacional;Si
Ecuador;DGO;DTH Ecuador 001;N/A;Sony HD;N/A;Cine;Si
Ecuador;DGO;DTH Ecuador 001;N/A;Sony Movies;N/A;Cine;No
Ecuador;DGO;DTH Ecuador 001;N/A;Space HD;N/A;Cine;Si
Ecuador;DGO;DTH Ecuador 001;N/A;Star Channel HD;N/A;Cine;Si
Ecuador;DGO;DTH Ecuador 001;N/A;Studio Universal HD;N/A;Cine;Si
Ecuador;DGO;DTH Ecuador 001;N/A;Tastemade;N/A;Variedades;Si
Ecuador;DGO;DTH Ecuador 001;N/A;Tastemade Viajes;N/A;Variedades;Si
Ecuador;DGO;DTH Ecuador 001;N/A;TC Television HD;N/A;Nacional;Si
Ecuador;DGO;DTH Ecuador 001;N/A;TCM;N/A;Cine;No
Ecuador;DGO;DTH Ecuador 001;N/A;Teleamazonas Guayaquil;N/A;Nacional;Si
Ecuador;DGO;DTH Ecuador 001;N/A;Teleamazonas HD;N/A;Nacional;Si
Ecuador;DGO;DTH Ecuador 001;N/A;Telemundo Internacional;N/A;Variedades;Si
Ecuador;DGO;DTH Ecuador 001;N/A;Telerama;N/A;Nacional;Si
Ecuador;DGO;DTH Ecuador 001;N/A;Televicentro;N/A;Nacional;Si
Ecuador;DGO;DTH Ecuador 001;N/A;Discovery Travel & Living Channel (TLC);N/A;Variedades;No
Ecuador;DGO;DTH Ecuador 001;N/A;TNT HD;N/A;Cine;Si
Ecuador;DGO;DTH Ecuador 001;N/A;TNT Novelas;N/A;Variedades;No
Ecuador;DGO;DTH Ecuador 001;N/A;TNT Series HD;N/A;Cine;Si
Ecuador;DGO;DTH Ecuador 001;N/A;TyC Sports;N/A;Deportes;No
Ecuador;DGO;DTH Ecuador 001;N/A;TyC Sports Fan;N/A;Deportes;Si
Ecuador;DGO;DTH Ecuador 001;N/A;Universal TV HD;N/A;Deportes;Si
Ecuador;DGO;DTH Ecuador 001;N/A;USA Network HD;N/A;Variedades;No
Ecuador;DGO;DTH Ecuador 001;N/A;Warner Channel HD;N/A;Variedades;Si
Ecuador;DGO;DTH Ecuador 002;N/A;A&E HD;N/A;Variedades;Si
Ecuador;DGO;DTH Ecuador 002;N/A;Adult Swim;N/A;Variedades;No
Ecuador;DGO;DTH Ecuador 002;N/A;AMC HD;N/A;Variedades;Si
Ecuador;DGO;DTH Ecuador 002;N/A;Animal Planet HD;N/A;Mundo;Si
Ecuador;DGO;DTH Ecuador 002;N/A;Antena 3 HD;N/A;Mundo;Si
Ecuador;DGO;DTH Ecuador 002;N/A;Atres HD;N/A;Cine;Si
Ecuador;DGO;DTH Ecuador 002;N/A;AXN HD;N/A;Variedades;Si
Ecuador;DGO;DTH Ecuador 002;N/A;Azteca Internacional;N/A;Variedades;Si
Ecuador;DGO;DTH Ecuador 002;N/A;BabyTV HD;N/A;Infantil;Si
Ecuador;DGO;DTH Ecuador 002;N/A;Bloomberg;N/A;Mundo;Si
Ecuador;DGO;DTH Ecuador 002;N/A;Caracol Mix;N/A;Variedades;Si
Ecuador;DGO;DTH Ecuador 002;N/A;Cartoon Network HD;N/A;Infantil;Si
Ecuador;DGO;DTH Ecuador 002;N/A;Cartoonito;N/A;Infantil;No
Ecuador;DGO;DTH Ecuador 002;N/A;CGTN Español;N/A;Mundo;Si
Ecuador;DGO;DTH Ecuador 002;N/A;Cinecanal HD;N/A;Cine;Si
Ecuador;DGO;DTH Ecuador 002;N/A;Cinema;N/A;Cine;Si
Ecuador;DGO;DTH Ecuador 002;N/A;Cinemax HD;N/A;Cine;Si
Ecuador;DGO;DTH Ecuador 002;N/A;Clic;N/A;Variedades;Si
Ecuador;DGO;DTH Ecuador 002;N/A;CNN en Español;N/A;Mundo;Si
Ecuador;DGO;DTH Ecuador 002;N/A;CNN International;N/A;Mundo;Si
Ecuador;DGO;DTH Ecuador 002;N/A;Comedy Central HD;N/A;Variedades;Si
Ecuador;DGO;DTH Ecuador 002;N/A;Corazón;N/A;Variedades;Si
Ecuador;DGO;DTH Ecuador 002;N/A;Daystar Español;N/A;Mundo;No
Ecuador;DGO;DTH Ecuador 002;N/A;Discovery Channel HD;N/A;Mundo;Si
Ecuador;DGO;DTH Ecuador 002;N/A;Discovery Home & Health HD;N/A;Variedades;Si
Ecuador;DGO;DTH Ecuador 002;N/A;Investigation Discovery (ID) HD;N/A;Variedades;Si
Ecuador;DGO;DTH Ecuador 002;N/A;Discovery Kids HD;N/A;Infantil;Si
Ecuador;DGO;DTH Ecuador 002;N/A;Discovery Theater;N/A;Mundo;Si
Ecuador;DGO;DTH Ecuador 002;N/A;Discovery Travel & Living Channel (TLC) HD;N/A;Mundo;Si
Ecuador;DGO;DTH Ecuador 002;N/A;Discovery Turbo;N/A;Mundo;Si
Ecuador;DGO;DTH Ecuador 002;N/A;Discovery World;N/A;Mundo;Si
Ecuador;DGO;DTH Ecuador 002;N/A;Disney Channel HD;N/A;Infantil;Si
Ecuador;DGO;DTH Ecuador 002;N/A;Disney Junior HD;N/A;Infantil;Si
Ecuador;DGO;DTH Ecuador 002;N/A;DNews;N/A;Mundo;No
Ecuador;DGO;DTH Ecuador 002;N/A;DSports 2 HD;N/A;Deportes;Si
Ecuador;DGO;DTH Ecuador 002;N/A;DSports HD;N/A;Deportes;Si
Ecuador;DGO;DTH Ecuador 002;N/A;DSports+ HD;N/A;Deportes;Si
Ecuador;DGO;DTH Ecuador 002;N/A;E! Entertainment México;N/A;Variedades;Si
Ecuador;DGO;DTH Ecuador 002;N/A;Ecuavisa;N/A;Nacional;Si
Ecuador;DGO;DTH Ecuador 002;N/A;Edye;N/A;Infantil;Si
Ecuador;DGO;DTH Ecuador 002;N/A;El Gourmet HD;N/A;Variedades;Si
Ecuador;DGO;DTH Ecuador 002;N/A;El Reino Infantil;N/A;Infantil;No
Ecuador;DGO;DTH Ecuador 002;N/A;ESPN 2 HD;N/A;Deportes;Si
Ecuador;DGO;DTH Ecuador 002;N/A;ESPN 3 HD;N/A;Deportes;Si
Ecuador;DGO;DTH Ecuador 002;N/A;ESPN 4 HD;N/A;Deportes;No
Ecuador;DGO;DTH Ecuador 002;N/A;ESPN 5 HD;N/A;Deportes;No
Ecuador;DGO;DTH Ecuador 002;N/A;ESPN 6 HD;N/A;Deportes;No
Ecuador;DGO;DTH Ecuador 002;N/A;ESPN 7 HD;N/A;Deportes;No
Ecuador;DGO;DTH Ecuador 002;N/A;ESPN HD;N/A;Deportes;Si
Ecuador;DGO;DTH Ecuador 002;N/A;Food Network HD;N/A;Variedades;Si
Ecuador;DGO;DTH Ecuador 002;N/A;Fox News;N/A;Mundo;Si
Ecuador;DGO;DTH Ecuador 002;N/A;France 24 Español;N/A;Mundo;No
Ecuador;DGO;DTH Ecuador 002;N/A;Free TV Acción;N/A;Cine;Si
Ecuador;DGO;DTH Ecuador 002;N/A;Free TV Drama;N/A;Cine;Si
Ecuador;DGO;DTH Ecuador 002;N/A;Free TV Estelar;N/A;Cine;Si
Ecuador;DGO;DTH Ecuador 002;N/A;FreeTV Familia;N/A;Cine;Si
Ecuador;DGO;DTH Ecuador 002;N/A;FreeTV Hits;N/A;Cine;Si
Ecuador;DGO;DTH Ecuador 002;N/A;FreeTV Terror;N/A;Cine;Si
Ecuador;DGO;DTH Ecuador 002;N/A;FX HD;N/A;Variedades;Si
Ecuador;DGO;DTH Ecuador 002;N/A;Golf Channel HD;N/A;Deportes;Si
Ecuador;DGO;DTH Ecuador 002;N/A;HBO;N/A;Cine;No
Ecuador;DGO;DTH Ecuador 002;N/A;HBO 2;N/A;Cine;No
Ecuador;DGO;DTH Ecuador 002;N/A;HBO Family;N/A;Cine;No
Ecuador;DGO;DTH Ecuador 002;N/A;HBO Plus HD;N/A;Cine;No
Ecuador;DGO;DTH Ecuador 002;N/A;HBO Signature;N/A;Nacional;No
Ecuador;DGO;DTH Ecuador 002;N/A;HGTV HD;N/A;Variedades;Si
Ecuador;DGO;DTH Ecuador 002;N/A;History 2 HD;N/A;Mundo;Si
Ecuador;DGO;DTH Ecuador 002;N/A;History Channel HD;N/A;Mundo;Si
Ecuador;DGO;DTH Ecuador 002;N/A;Hola TV HD;N/A;Variedades;Si
Ecuador;DGO;DTH Ecuador 002;N/A;Lifetime HD;N/A;Variedades;Si
Ecuador;DGO;DTH Ecuador 002;N/A;Más Chic;N/A;Variedades;Si
Ecuador;DGO;DTH Ecuador 002;N/A;Mega Noticias;N/A;Mundo;Si
Ecuador;DGO;DTH Ecuador 002;N/A;Mega Tiempo;N/A;Mundo;Si
Ecuador;DGO;DTH Ecuador 002;N/A;Mórbido TV;N/A;Cine;No
Ecuador;DGO;DTH Ecuador 002;N/A;MTV HD;N/A;Variedades;Si
Ecuador;DGO;DTH Ecuador 002;N/A;National Geographic HD;N/A;Mundo;Si
Ecuador;DGO;DTH Ecuador 002;N/A;Newsmax TV;N/A;Nacional;Si
Ecuador;DGO;DTH Ecuador 002;N/A;Nick Jr. HD;N/A;Infantil;Si
Ecuador;DGO;DTH Ecuador 002;N/A;Nickelodeon HD;N/A;Infantil;Si
Ecuador;DGO;DTH Ecuador 002;N/A;OnDIRECTV HD;N/A;Cine;Si
Ecuador;DGO;DTH Ecuador 002;N/A;Oro Mar TV;N/A;Nacional;Si
Ecuador;DGO;DTH Ecuador 002;N/A;Pasiones HD;N/A;Variedades;Si
Ecuador;DGO;DTH Ecuador 002;N/A;Plim Plim;N/A;Infantil;No
Ecuador;DGO;DTH Ecuador 002;N/A;Rai Italia;N/A;Mundo;Si
Ecuador;DGO;DTH Ecuador 002;N/A;RCN Más;N/A;Variedades;Si
Ecuador;DGO;DTH Ecuador 002;N/A;RCN Noticias;N/A;Mundo;Si
Ecuador;DGO;DTH Ecuador 002;N/A;RTS Red Telesistemas;N/A;Nacional;Si
Ecuador;DGO;DTH Ecuador 002;N/A;Sony HD;N/A;Cine;Si
Ecuador;DGO;DTH Ecuador 002;N/A;Sony Movies;N/A;Cine;No
Ecuador;DGO;DTH Ecuador 002;N/A;Space HD;N/A;Cine;Si
Ecuador;DGO;DTH Ecuador 002;N/A;Star Channel HD;N/A;Cine;Si
Ecuador;DGO;DTH Ecuador 002;N/A;Studio Universal HD;N/A;Cine;Si
Ecuador;DGO;DTH Ecuador 002;N/A;Tastemade;N/A;Variedades;Si
Ecuador;DGO;DTH Ecuador 002;N/A;Tastemade Viajes;N/A;Variedades;Si
Ecuador;DGO;DTH Ecuador 002;N/A;TC Television HD;N/A;Nacional;Si
Ecuador;DGO;DTH Ecuador 002;N/A;TCM;N/A;Cine;No
Ecuador;DGO;DTH Ecuador 002;N/A;Teleamazonas Guayaquil;N/A;Nacional;Si
Ecuador;DGO;DTH Ecuador 002;N/A;Teleamazonas HD;N/A;Nacional;Si
Ecuador;DGO;DTH Ecuador 002;N/A;Telemundo Internacional;N/A;Variedades;Si
Ecuador;DGO;DTH Ecuador 002;N/A;Telerama;N/A;Nacional;Si
Ecuador;DGO;DTH Ecuador 002;N/A;Televicentro;N/A;Nacional;Si
Ecuador;DGO;DTH Ecuador 002;N/A;Discovery Travel & Living Channel (TLC);N/A;Variedades;No
Ecuador;DGO;DTH Ecuador 002;N/A;TNT HD;N/A;Cine;Si
Ecuador;DGO;DTH Ecuador 002;N/A;TNT Novelas;N/A;Variedades;No
Ecuador;DGO;DTH Ecuador 002;N/A;TNT Series HD;N/A;Cine;Si
Ecuador;DGO;DTH Ecuador 002;N/A;TyC Sports;N/A;Deportes;No
Ecuador;DGO;DTH Ecuador 002;N/A;TyC Sports Fan;N/A;Deportes;Si
Ecuador;DGO;DTH Ecuador 002;N/A;Universal TV HD;N/A;Deportes;Si
Ecuador;DGO;DTH Ecuador 002;N/A;USA Network HD;N/A;Variedades;No
Ecuador;DGO;DTH Ecuador 002;N/A;Warner Channel HD;N/A;Variedades;Si
Ecuador;DGO;DTH Ecuador 201;N/A;A&E HD;N/A;Variedades;Si
Ecuador;DGO;DTH Ecuador 201;N/A;Adult Swim;N/A;Variedades;No
Ecuador;DGO;DTH Ecuador 201;N/A;AMC HD;N/A;Variedades;Si
Ecuador;DGO;DTH Ecuador 201;N/A;Animal Planet HD;N/A;Mundo;Si
Ecuador;DGO;DTH Ecuador 201;N/A;Antena 3 HD;N/A;Mundo;No
Ecuador;DGO;DTH Ecuador 201;N/A;Atres HD;N/A;Cine;No
Ecuador;DGO;DTH Ecuador 201;N/A;AXN HD;N/A;Variedades;Si
Ecuador;DGO;DTH Ecuador 201;N/A;Azteca Internacional;N/A;Variedades;Si
Ecuador;DGO;DTH Ecuador 201;N/A;BabyTV HD;N/A;Infantil;No
Ecuador;DGO;DTH Ecuador 201;N/A;Bloomberg;N/A;Mundo;No
Ecuador;DGO;DTH Ecuador 201;N/A;Caracol Mix;N/A;Variedades;Si
Ecuador;DGO;DTH Ecuador 201;N/A;Cartoon Network HD;N/A;Infantil;Si
Ecuador;DGO;DTH Ecuador 201;N/A;Cartoonito;N/A;Infantil;No
Ecuador;DGO;DTH Ecuador 201;N/A;CGTN Español;N/A;Mundo;Si
Ecuador;DGO;DTH Ecuador 201;N/A;Cinecanal HD;N/A;Cine;Si
Ecuador;DGO;DTH Ecuador 201;N/A;Cinema;N/A;Cine;Si
Ecuador;DGO;DTH Ecuador 201;N/A;Cinemax HD;N/A;Cine;Si
Ecuador;DGO;DTH Ecuador 201;N/A;Clic;N/A;Variedades;Si
Ecuador;DGO;DTH Ecuador 201;N/A;CNN en Español;N/A;Mundo;Si
Ecuador;DGO;DTH Ecuador 201;N/A;CNN International;N/A;Mundo;No
Ecuador;DGO;DTH Ecuador 201;N/A;Comedy Central HD;N/A;Variedades;Si
Ecuador;DGO;DTH Ecuador 201;N/A;Corazón;N/A;Variedades;Si
Ecuador;DGO;DTH Ecuador 201;N/A;Daystar Español;N/A;Mundo;No
Ecuador;DGO;DTH Ecuador 201;N/A;Discovery Channel HD;N/A;Mundo;Si
Ecuador;DGO;DTH Ecuador 201;N/A;Discovery Home & Health HD;N/A;Variedades;Si
Ecuador;DGO;DTH Ecuador 201;N/A;Investigation Discovery (ID) HD;N/A;Variedades;Si
Ecuador;DGO;DTH Ecuador 201;N/A;Discovery Kids HD;N/A;Infantil;Si
Ecuador;DGO;DTH Ecuador 201;N/A;Discovery Theater;N/A;Mundo;No
Ecuador;DGO;DTH Ecuador 201;N/A;Discovery Travel & Living Channel (TLC) HD;N/A;Mundo;Si
Ecuador;DGO;DTH Ecuador 201;N/A;Discovery Turbo;N/A;Mundo;No
Ecuador;DGO;DTH Ecuador 201;N/A;Discovery World;N/A;Mundo;No
Ecuador;DGO;DTH Ecuador 201;N/A;Disney Channel HD;N/A;Infantil;Si
Ecuador;DGO;DTH Ecuador 201;N/A;Disney Junior HD;N/A;Infantil;Si
Ecuador;DGO;DTH Ecuador 201;N/A;DNews;N/A;Mundo;No
Ecuador;DGO;DTH Ecuador 201;N/A;DSports 2 HD;N/A;Deportes;Si
Ecuador;DGO;DTH Ecuador 201;N/A;DSports HD;N/A;Deportes;Si
Ecuador;DGO;DTH Ecuador 201;N/A;DSports+ HD;N/A;Deportes;Si
Ecuador;DGO;DTH Ecuador 201;N/A;E! Entertainment México;N/A;Variedades;Si
Ecuador;DGO;DTH Ecuador 201;N/A;Ecuavisa;N/A;Nacional;Si
Ecuador;DGO;DTH Ecuador 201;N/A;Edye;N/A;Infantil;Si
Ecuador;DGO;DTH Ecuador 201;N/A;El Gourmet HD;N/A;Variedades;Si
Ecuador;DGO;DTH Ecuador 201;N/A;El Reino Infantil;N/A;Infantil;No
Ecuador;DGO;DTH Ecuador 201;N/A;ESPN 2 HD;N/A;Deportes;Si
Ecuador;DGO;DTH Ecuador 201;N/A;ESPN 3 HD;N/A;Deportes;Si
Ecuador;DGO;DTH Ecuador 201;N/A;ESPN 4 HD;N/A;Deportes;No
Ecuador;DGO;DTH Ecuador 201;N/A;ESPN 5 HD;N/A;Deportes;No
Ecuador;DGO;DTH Ecuador 201;N/A;ESPN 6 HD;N/A;Deportes;No
Ecuador;DGO;DTH Ecuador 201;N/A;ESPN 7 HD;N/A;Deportes;No
Ecuador;DGO;DTH Ecuador 201;N/A;ESPN HD;N/A;Deportes;Si
Ecuador;DGO;DTH Ecuador 201;N/A;Food Network HD;N/A;Variedades;Si
Ecuador;DGO;DTH Ecuador 201;N/A;Fox News;N/A;Mundo;Si
Ecuador;DGO;DTH Ecuador 201;N/A;France 24 Español;N/A;Mundo;No
Ecuador;DGO;DTH Ecuador 201;N/A;Free TV Acción;N/A;Cine;Si
Ecuador;DGO;DTH Ecuador 201;N/A;Free TV Drama;N/A;Cine;Si
Ecuador;DGO;DTH Ecuador 201;N/A;Free TV Estelar;N/A;Cine;Si
Ecuador;DGO;DTH Ecuador 201;N/A;FreeTV Familia;N/A;Cine;Si
Ecuador;DGO;DTH Ecuador 201;N/A;FreeTV Hits;N/A;Cine;Si
Ecuador;DGO;DTH Ecuador 201;N/A;FreeTV Terror;N/A;Cine;Si
Ecuador;DGO;DTH Ecuador 201;N/A;FX HD;N/A;Variedades;Si
Ecuador;DGO;DTH Ecuador 201;N/A;Golf Channel HD;N/A;Deportes;No
Ecuador;DGO;DTH Ecuador 201;N/A;HBO;N/A;Cine;No
Ecuador;DGO;DTH Ecuador 201;N/A;HBO 2;N/A;Cine;No
Ecuador;DGO;DTH Ecuador 201;N/A;HBO Family;N/A;Cine;No
Ecuador;DGO;DTH Ecuador 201;N/A;HBO Plus HD;N/A;Cine;No
Ecuador;DGO;DTH Ecuador 201;N/A;HBO Signature;N/A;Nacional;No
Ecuador;DGO;DTH Ecuador 201;N/A;HGTV HD;N/A;Variedades;No
Ecuador;DGO;DTH Ecuador 201;N/A;History 2 HD;N/A;Mundo;Si
Ecuador;DGO;DTH Ecuador 201;N/A;History Channel HD;N/A;Mundo;Si
Ecuador;DGO;DTH Ecuador 201;N/A;Hola TV HD;N/A;Variedades;Si
Ecuador;DGO;DTH Ecuador 201;N/A;Lifetime HD;N/A;Variedades;No
Ecuador;DGO;DTH Ecuador 201;N/A;Más Chic;N/A;Variedades;No
Ecuador;DGO;DTH Ecuador 201;N/A;Mega Noticias;N/A;Mundo;Si
Ecuador;DGO;DTH Ecuador 201;N/A;Mega Tiempo;N/A;Mundo;Si
Ecuador;DGO;DTH Ecuador 201;N/A;Mórbido TV;N/A;Cine;No
Ecuador;DGO;DTH Ecuador 201;N/A;MTV HD;N/A;Variedades;Si
Ecuador;DGO;DTH Ecuador 201;N/A;National Geographic HD;N/A;Mundo;Si
Ecuador;DGO;DTH Ecuador 201;N/A;Newsmax TV;N/A;Nacional;Si
Ecuador;DGO;DTH Ecuador 201;N/A;Nick Jr. HD;N/A;Infantil;Si
Ecuador;DGO;DTH Ecuador 201;N/A;Nickelodeon HD;N/A;Infantil;Si
Ecuador;DGO;DTH Ecuador 201;N/A;OnDIRECTV HD;N/A;Cine;Si
Ecuador;DGO;DTH Ecuador 201;N/A;Oro Mar TV;N/A;Nacional;Si
Ecuador;DGO;DTH Ecuador 201;N/A;Pasiones HD;N/A;Variedades;Si
Ecuador;DGO;DTH Ecuador 201;N/A;Plim Plim;N/A;Infantil;No
Ecuador;DGO;DTH Ecuador 201;N/A;Rai Italia;N/A;Mundo;No
Ecuador;DGO;DTH Ecuador 201;N/A;RCN Más;N/A;Variedades;Si
Ecuador;DGO;DTH Ecuador 201;N/A;RCN Noticias;N/A;Mundo;Si
Ecuador;DGO;DTH Ecuador 201;N/A;RTS Red Telesistemas;N/A;Nacional;Si
Ecuador;DGO;DTH Ecuador 201;N/A;Sony HD;N/A;Cine;Si
Ecuador;DGO;DTH Ecuador 201;N/A;Sony Movies;N/A;Cine;No
Ecuador;DGO;DTH Ecuador 201;N/A;Space HD;N/A;Cine;Si
Ecuador;DGO;DTH Ecuador 201;N/A;Star Channel HD;N/A;Cine;Si
Ecuador;DGO;DTH Ecuador 201;N/A;Studio Universal HD;N/A;Cine;Si
Ecuador;DGO;DTH Ecuador 201;N/A;Tastemade;N/A;Variedades;Si
Ecuador;DGO;DTH Ecuador 201;N/A;Tastemade Viajes;N/A;Variedades;Si
Ecuador;DGO;DTH Ecuador 201;N/A;TC Television HD;N/A;Nacional;Si
Ecuador;DGO;DTH Ecuador 201;N/A;TCM;N/A;Cine;No
Ecuador;DGO;DTH Ecuador 201;N/A;Teleamazonas Guayaquil;N/A;Nacional;Si
Ecuador;DGO;DTH Ecuador 201;N/A;Teleamazonas HD;N/A;Nacional;Si
Ecuador;DGO;DTH Ecuador 201;N/A;Telemundo Internacional;N/A;Variedades;Si
Ecuador;DGO;DTH Ecuador 201;N/A;Telerama;N/A;Nacional;Si
Ecuador;DGO;DTH Ecuador 201;N/A;Televicentro;N/A;Nacional;Si
Ecuador;DGO;DTH Ecuador 201;N/A;Discovery Travel & Living Channel (TLC);N/A;Variedades;No
Ecuador;DGO;DTH Ecuador 201;N/A;TNT HD;N/A;Cine;Si
Ecuador;DGO;DTH Ecuador 201;N/A;TNT Novelas;N/A;Variedades;No
Ecuador;DGO;DTH Ecuador 201;N/A;TNT Series HD;N/A;Cine;Si
Ecuador;DGO;DTH Ecuador 201;N/A;TyC Sports;N/A;Deportes;No
Ecuador;DGO;DTH Ecuador 201;N/A;TyC Sports Fan;N/A;Deportes;Si
Ecuador;DGO;DTH Ecuador 201;N/A;Universal TV HD;N/A;Deportes;Si
Ecuador;DGO;DTH Ecuador 201;N/A;USA Network HD;N/A;Variedades;No
Ecuador;DGO;DTH Ecuador 201;N/A;Warner Channel HD;N/A;Variedades;Si
Ecuador;DGO;DTH Ecuador 301;N/A;A&E HD;N/A;Variedades;Si
Ecuador;DGO;DTH Ecuador 301;N/A;Adult Swim;N/A;Variedades;No
Ecuador;DGO;DTH Ecuador 301;N/A;AMC HD;N/A;Variedades;No
Ecuador;DGO;DTH Ecuador 301;N/A;Animal Planet HD;N/A;Mundo;Si
Ecuador;DGO;DTH Ecuador 301;N/A;Antena 3 HD;N/A;Mundo;No
Ecuador;DGO;DTH Ecuador 301;N/A;Atres HD;N/A;Cine;No
Ecuador;DGO;DTH Ecuador 301;N/A;AXN HD;N/A;Variedades;Si
Ecuador;DGO;DTH Ecuador 301;N/A;Azteca Internacional;N/A;Variedades;Si
Ecuador;DGO;DTH Ecuador 301;N/A;BabyTV HD;N/A;Infantil;No
Ecuador;DGO;DTH Ecuador 301;N/A;Bloomberg;N/A;Mundo;No
Ecuador;DGO;DTH Ecuador 301;N/A;Caracol Mix;N/A;Variedades;Si
Ecuador;DGO;DTH Ecuador 301;N/A;Cartoon Network HD;N/A;Infantil;Si
Ecuador;DGO;DTH Ecuador 301;N/A;Cartoonito;N/A;Infantil;No
Ecuador;DGO;DTH Ecuador 301;N/A;CGTN Español;N/A;Mundo;Si
Ecuador;DGO;DTH Ecuador 301;N/A;Cinecanal HD;N/A;Cine;Si
Ecuador;DGO;DTH Ecuador 301;N/A;Cinema;N/A;Cine;Si
Ecuador;DGO;DTH Ecuador 301;N/A;Cinemax HD;N/A;Cine;Si
Ecuador;DGO;DTH Ecuador 301;N/A;Clic;N/A;Variedades;Si
Ecuador;DGO;DTH Ecuador 301;N/A;CNN en Español;N/A;Mundo;Si
Ecuador;DGO;DTH Ecuador 301;N/A;CNN International;N/A;Mundo;No
Ecuador;DGO;DTH Ecuador 301;N/A;Comedy Central HD;N/A;Variedades;Si
Ecuador;DGO;DTH Ecuador 301;N/A;Corazón;N/A;Variedades;Si
Ecuador;DGO;DTH Ecuador 301;N/A;Daystar Español;N/A;Mundo;No
Ecuador;DGO;DTH Ecuador 301;N/A;Discovery Channel HD;N/A;Mundo;Si
Ecuador;DGO;DTH Ecuador 301;N/A;Discovery Home & Health HD;N/A;Variedades;Si
Ecuador;DGO;DTH Ecuador 301;N/A;Investigation Discovery (ID) HD;N/A;Variedades;No
Ecuador;DGO;DTH Ecuador 301;N/A;Discovery Kids HD;N/A;Infantil;Si
Ecuador;DGO;DTH Ecuador 301;N/A;Discovery Theater;N/A;Mundo;No
Ecuador;DGO;DTH Ecuador 301;N/A;Discovery Travel & Living Channel (TLC) HD;N/A;Mundo;No
Ecuador;DGO;DTH Ecuador 301;N/A;Discovery Turbo;N/A;Mundo;No
Ecuador;DGO;DTH Ecuador 301;N/A;Discovery World;N/A;Mundo;No
Ecuador;DGO;DTH Ecuador 301;N/A;Disney Channel HD;N/A;Infantil;Si
Ecuador;DGO;DTH Ecuador 301;N/A;Disney Junior HD;N/A;Infantil;Si
Ecuador;DGO;DTH Ecuador 301;N/A;DNews;N/A;Mundo;No
Ecuador;DGO;DTH Ecuador 301;N/A;DSports 2 HD;N/A;Deportes;Si
Ecuador;DGO;DTH Ecuador 301;N/A;DSports HD;N/A;Deportes;Si
Ecuador;DGO;DTH Ecuador 301;N/A;DSports+ HD;N/A;Deportes;Si
Ecuador;DGO;DTH Ecuador 301;N/A;E! Entertainment México;N/A;Variedades;Si
Ecuador;DGO;DTH Ecuador 301;N/A;Ecuavisa;N/A;Nacional;Si
Ecuador;DGO;DTH Ecuador 301;N/A;Edye;N/A;Infantil;Si
Ecuador;DGO;DTH Ecuador 301;N/A;El Gourmet HD;N/A;Variedades;No
Ecuador;DGO;DTH Ecuador 301;N/A;El Reino Infantil;N/A;Infantil;No
Ecuador;DGO;DTH Ecuador 301;N/A;ESPN 2 HD;N/A;Deportes;Si
Ecuador;DGO;DTH Ecuador 301;N/A;ESPN 3 HD;N/A;Deportes;Si
Ecuador;DGO;DTH Ecuador 301;N/A;ESPN 4 HD;N/A;Deportes;No
Ecuador;DGO;DTH Ecuador 301;N/A;ESPN 5 HD;N/A;Deportes;No
Ecuador;DGO;DTH Ecuador 301;N/A;ESPN 6 HD;N/A;Deportes;No
Ecuador;DGO;DTH Ecuador 301;N/A;ESPN 7 HD;N/A;Deportes;No
Ecuador;DGO;DTH Ecuador 301;N/A;ESPN HD;N/A;Deportes;Si
Ecuador;DGO;DTH Ecuador 301;N/A;Food Network HD;N/A;Variedades;No
Ecuador;DGO;DTH Ecuador 301;N/A;Fox News;N/A;Mundo;Si
Ecuador;DGO;DTH Ecuador 301;N/A;France 24 Español;N/A;Mundo;No
Ecuador;DGO;DTH Ecuador 301;N/A;Free TV Acción;N/A;Cine;Si
Ecuador;DGO;DTH Ecuador 301;N/A;Free TV Drama;N/A;Cine;Si
Ecuador;DGO;DTH Ecuador 301;N/A;Free TV Estelar;N/A;Cine;Si
Ecuador;DGO;DTH Ecuador 301;N/A;FreeTV Familia;N/A;Cine;Si
Ecuador;DGO;DTH Ecuador 301;N/A;FreeTV Hits;N/A;Cine;Si
Ecuador;DGO;DTH Ecuador 301;N/A;FreeTV Terror;N/A;Cine;Si
Ecuador;DGO;DTH Ecuador 301;N/A;FX HD;N/A;Variedades;Si
Ecuador;DGO;DTH Ecuador 301;N/A;Golf Channel HD;N/A;Deportes;No
Ecuador;DGO;DTH Ecuador 301;N/A;HBO;N/A;Cine;No
Ecuador;DGO;DTH Ecuador 301;N/A;HBO 2;N/A;Cine;No
Ecuador;DGO;DTH Ecuador 301;N/A;HBO Family;N/A;Cine;No
Ecuador;DGO;DTH Ecuador 301;N/A;HBO Plus HD;N/A;Cine;No
Ecuador;DGO;DTH Ecuador 301;N/A;HBO Signature;N/A;Nacional;No
Ecuador;DGO;DTH Ecuador 301;N/A;HGTV HD;N/A;Variedades;No
Ecuador;DGO;DTH Ecuador 301;N/A;History 2 HD;N/A;Mundo;Si
Ecuador;DGO;DTH Ecuador 301;N/A;History Channel HD;N/A;Mundo;Si
Ecuador;DGO;DTH Ecuador 301;N/A;Hola TV HD;N/A;Variedades;Si
Ecuador;DGO;DTH Ecuador 301;N/A;Lifetime HD;N/A;Variedades;No
Ecuador;DGO;DTH Ecuador 301;N/A;Más Chic;N/A;Variedades;No
Ecuador;DGO;DTH Ecuador 301;N/A;Mega Noticias;N/A;Mundo;Si
Ecuador;DGO;DTH Ecuador 301;N/A;Mega Tiempo;N/A;Mundo;Si
Ecuador;DGO;DTH Ecuador 301;N/A;Mórbido TV;N/A;Cine;No
Ecuador;DGO;DTH Ecuador 301;N/A;MTV HD;N/A;Variedades;Si
Ecuador;DGO;DTH Ecuador 301;N/A;National Geographic HD;N/A;Mundo;Si
Ecuador;DGO;DTH Ecuador 301;N/A;Newsmax TV;N/A;Nacional;Si
Ecuador;DGO;DTH Ecuador 301;N/A;Nick Jr. HD;N/A;Infantil;No
Ecuador;DGO;DTH Ecuador 301;N/A;Nickelodeon HD;N/A;Infantil;Si
Ecuador;DGO;DTH Ecuador 301;N/A;OnDIRECTV HD;N/A;Cine;Si
Ecuador;DGO;DTH Ecuador 301;N/A;Oro Mar TV;N/A;Nacional;Si
Ecuador;DGO;DTH Ecuador 301;N/A;Pasiones HD;N/A;Variedades;Si
Ecuador;DGO;DTH Ecuador 301;N/A;Plim Plim;N/A;Infantil;No
Ecuador;DGO;DTH Ecuador 301;N/A;Rai Italia;N/A;Mundo;No
Ecuador;DGO;DTH Ecuador 301;N/A;RCN Más;N/A;Variedades;Si
Ecuador;DGO;DTH Ecuador 301;N/A;RCN Noticias;N/A;Mundo;Si
Ecuador;DGO;DTH Ecuador 301;N/A;RTS Red Telesistemas;N/A;Nacional;Si
Ecuador;DGO;DTH Ecuador 301;N/A;Sony HD;N/A;Cine;Si
Ecuador;DGO;DTH Ecuador 301;N/A;Sony Movies;N/A;Cine;No
Ecuador;DGO;DTH Ecuador 301;N/A;Space HD;N/A;Cine;Si
Ecuador;DGO;DTH Ecuador 301;N/A;Star Channel HD;N/A;Cine;Si
Ecuador;DGO;DTH Ecuador 301;N/A;Studio Universal HD;N/A;Cine;Si
Ecuador;DGO;DTH Ecuador 301;N/A;Tastemade;N/A;Variedades;Si
Ecuador;DGO;DTH Ecuador 301;N/A;Tastemade Viajes;N/A;Variedades;Si
Ecuador;DGO;DTH Ecuador 301;N/A;TC Television HD;N/A;Nacional;Si
Ecuador;DGO;DTH Ecuador 301;N/A;TCM;N/A;Cine;No
Ecuador;DGO;DTH Ecuador 301;N/A;Teleamazonas Guayaquil;N/A;Nacional;Si
Ecuador;DGO;DTH Ecuador 301;N/A;Teleamazonas HD;N/A;Nacional;Si
Ecuador;DGO;DTH Ecuador 301;N/A;Telemundo Internacional;N/A;Variedades;Si
Ecuador;DGO;DTH Ecuador 301;N/A;Telerama;N/A;Nacional;Si
Ecuador;DGO;DTH Ecuador 301;N/A;Televicentro;N/A;Nacional;Si
Ecuador;DGO;DTH Ecuador 301;N/A;Discovery Travel & Living Channel (TLC);N/A;Variedades;No
Ecuador;DGO;DTH Ecuador 301;N/A;TNT HD;N/A;Cine;Si
Ecuador;DGO;DTH Ecuador 301;N/A;TNT Novelas;N/A;Variedades;No
Ecuador;DGO;DTH Ecuador 301;N/A;TNT Series HD;N/A;Cine;No
Ecuador;DGO;DTH Ecuador 301;N/A;TyC Sports;N/A;Deportes;No
Ecuador;DGO;DTH Ecuador 301;N/A;TyC Sports Fan;N/A;Deportes;Si
Ecuador;DGO;DTH Ecuador 301;N/A;Universal TV HD;N/A;Deportes;Si
Ecuador;DGO;DTH Ecuador 301;N/A;USA Network HD;N/A;Variedades;No
Ecuador;DGO;DTH Ecuador 301;N/A;Warner Channel HD;N/A;Variedades;Si
Ecuador;DGO;DTH Wow;N/A;A&E HD;N/A;Variedades;Si
Ecuador;DGO;DTH Wow;N/A;Adult Swim;N/A;Variedades;No
Ecuador;DGO;DTH Wow;N/A;AMC HD;N/A;Variedades;Si
Ecuador;DGO;DTH Wow;N/A;Animal Planet HD;N/A;Mundo;Si
Ecuador;DGO;DTH Wow;N/A;Antena 3 HD;N/A;Mundo;Si
Ecuador;DGO;DTH Wow;N/A;Atres HD;N/A;Cine;Si
Ecuador;DGO;DTH Wow;N/A;AXN HD;N/A;Variedades;Si
Ecuador;DGO;DTH Wow;N/A;Azteca Internacional;N/A;Variedades;Si
Ecuador;DGO;DTH Wow;N/A;BabyTV HD;N/A;Infantil;No
Ecuador;DGO;DTH Wow;N/A;Bloomberg;N/A;Mundo;Si
Ecuador;DGO;DTH Wow;N/A;Caracol Mix;N/A;Variedades;Si
Ecuador;DGO;DTH Wow;N/A;Cartoon Network HD;N/A;Infantil;Si
Ecuador;DGO;DTH Wow;N/A;Cartoonito;N/A;Infantil;No
Ecuador;DGO;DTH Wow;N/A;CGTN Español;N/A;Mundo;Si
Ecuador;DGO;DTH Wow;N/A;Cinecanal HD;N/A;Cine;Si
Ecuador;DGO;DTH Wow;N/A;Cinema;N/A;Cine;Si
Ecuador;DGO;DTH Wow;N/A;Cinemax HD;N/A;Cine;Si
Ecuador;DGO;DTH Wow;N/A;Clic;N/A;Variedades;Si
Ecuador;DGO;DTH Wow;N/A;CNN en Español;N/A;Mundo;Si
Ecuador;DGO;DTH Wow;N/A;CNN International;N/A;Mundo;Si
Ecuador;DGO;DTH Wow;N/A;Comedy Central HD;N/A;Variedades;Si
Ecuador;DGO;DTH Wow;N/A;Corazón;N/A;Variedades;Si
Ecuador;DGO;DTH Wow;N/A;Daystar Español;N/A;Mundo;No
Ecuador;DGO;DTH Wow;N/A;Discovery Channel HD;N/A;Mundo;Si
Ecuador;DGO;DTH Wow;N/A;Discovery Home & Health HD;N/A;Variedades;Si
Ecuador;DGO;DTH Wow;N/A;Investigation Discovery (ID) HD;N/A;Variedades;Si
Ecuador;DGO;DTH Wow;N/A;Discovery Kids HD;N/A;Infantil;Si
Ecuador;DGO;DTH Wow;N/A;Discovery Theater;N/A;Mundo;No
Ecuador;DGO;DTH Wow;N/A;Discovery Travel & Living Channel (TLC) HD;N/A;Mundo;Si
Ecuador;DGO;DTH Wow;N/A;Discovery Turbo;N/A;Mundo;No
Ecuador;DGO;DTH Wow;N/A;Discovery World;N/A;Mundo;No
Ecuador;DGO;DTH Wow;N/A;Disney Channel HD;N/A;Infantil;Si
Ecuador;DGO;DTH Wow;N/A;Disney Junior HD;N/A;Infantil;No
Ecuador;DGO;DTH Wow;N/A;DNews;N/A;Mundo;No
Ecuador;DGO;DTH Wow;N/A;DSports 2 HD;N/A;Deportes;Si
Ecuador;DGO;DTH Wow;N/A;DSports HD;N/A;Deportes;Si
Ecuador;DGO;DTH Wow;N/A;DSports+ HD;N/A;Deportes;Si
Ecuador;DGO;DTH Wow;N/A;E! Entertainment México;N/A;Variedades;Si
Ecuador;DGO;DTH Wow;N/A;Ecuavisa;N/A;Nacional;Si
Ecuador;DGO;DTH Wow;N/A;Edye;N/A;Infantil;Si
Ecuador;DGO;DTH Wow;N/A;El Gourmet HD;N/A;Variedades;Si
Ecuador;DGO;DTH Wow;N/A;El Reino Infantil;N/A;Infantil;No
Ecuador;DGO;DTH Wow;N/A;ESPN 2 HD;N/A;Deportes;Si
Ecuador;DGO;DTH Wow;N/A;ESPN 3 HD;N/A;Deportes;Si
Ecuador;DGO;DTH Wow;N/A;ESPN 4 HD;N/A;Deportes;No
Ecuador;DGO;DTH Wow;N/A;ESPN 5 HD;N/A;Deportes;No
Ecuador;DGO;DTH Wow;N/A;ESPN 6 HD;N/A;Deportes;No
Ecuador;DGO;DTH Wow;N/A;ESPN 7 HD;N/A;Deportes;No
Ecuador;DGO;DTH Wow;N/A;ESPN HD;N/A;Deportes;Si
Ecuador;DGO;DTH Wow;N/A;Food Network HD;N/A;Variedades;Si
Ecuador;DGO;DTH Wow;N/A;Fox News;N/A;Mundo;Si
Ecuador;DGO;DTH Wow;N/A;France 24 Español;N/A;Mundo;No
Ecuador;DGO;DTH Wow;N/A;Free TV Acción;N/A;Cine;Si
Ecuador;DGO;DTH Wow;N/A;Free TV Drama;N/A;Cine;Si
Ecuador;DGO;DTH Wow;N/A;Free TV Estelar;N/A;Cine;Si
Ecuador;DGO;DTH Wow;N/A;FreeTV Familia;N/A;Cine;Si
Ecuador;DGO;DTH Wow;N/A;FreeTV Hits;N/A;Cine;Si
Ecuador;DGO;DTH Wow;N/A;FreeTV Terror;N/A;Cine;Si
Ecuador;DGO;DTH Wow;N/A;FX HD;N/A;Variedades;Si
Ecuador;DGO;DTH Wow;N/A;Golf Channel HD;N/A;Deportes;Si
Ecuador;DGO;DTH Wow;N/A;HBO;N/A;Cine;No
Ecuador;DGO;DTH Wow;N/A;HBO 2;N/A;Cine;No
Ecuador;DGO;DTH Wow;N/A;HBO Family;N/A;Cine;No
Ecuador;DGO;DTH Wow;N/A;HBO Plus HD;N/A;Cine;No
Ecuador;DGO;DTH Wow;N/A;HBO Signature;N/A;Nacional;No
Ecuador;DGO;DTH Wow;N/A;HGTV HD;N/A;Variedades;Si
Ecuador;DGO;DTH Wow;N/A;History 2 HD;N/A;Mundo;Si
Ecuador;DGO;DTH Wow;N/A;History Channel HD;N/A;Mundo;Si
Ecuador;DGO;DTH Wow;N/A;Hola TV HD;N/A;Variedades;Si
Ecuador;DGO;DTH Wow;N/A;Lifetime HD;N/A;Variedades;Si
Ecuador;DGO;DTH Wow;N/A;Más Chic;N/A;Variedades;Si
Ecuador;DGO;DTH Wow;N/A;Mega Noticias;N/A;Mundo;Si
Ecuador;DGO;DTH Wow;N/A;Mega Tiempo;N/A;Mundo;Si
Ecuador;DGO;DTH Wow;N/A;Mórbido TV;N/A;Cine;No
Ecuador;DGO;DTH Wow;N/A;MTV HD;N/A;Variedades;Si
Ecuador;DGO;DTH Wow;N/A;National Geographic HD;N/A;Mundo;No
Ecuador;DGO;DTH Wow;N/A;Newsmax TV;N/A;Nacional;Si
Ecuador;DGO;DTH Wow;N/A;Nick Jr. HD;N/A;Infantil;Si
Ecuador;DGO;DTH Wow;N/A;Nickelodeon HD;N/A;Infantil;Si
Ecuador;DGO;DTH Wow;N/A;OnDIRECTV HD;N/A;Cine;Si
Ecuador;DGO;DTH Wow;N/A;Oro Mar TV;N/A;Nacional;Si
Ecuador;DGO;DTH Wow;N/A;Pasiones HD;N/A;Variedades;Si
Ecuador;DGO;DTH Wow;N/A;Plim Plim;N/A;Infantil;No
Ecuador;DGO;DTH Wow;N/A;Rai Italia;N/A;Mundo;Si
Ecuador;DGO;DTH Wow;N/A;RCN Más;N/A;Variedades;Si
Ecuador;DGO;DTH Wow;N/A;RCN Noticias;N/A;Mundo;Si
Ecuador;DGO;DTH Wow;N/A;RTS Red Telesistemas;N/A;Nacional;Si
Ecuador;DGO;DTH Wow;N/A;Sony HD;N/A;Cine;Si
Ecuador;DGO;DTH Wow;N/A;Sony Movies;N/A;Cine;No
Ecuador;DGO;DTH Wow;N/A;Space HD;N/A;Cine;Si
Ecuador;DGO;DTH Wow;N/A;Star Channel HD;N/A;Cine;Si
Ecuador;DGO;DTH Wow;N/A;Studio Universal HD;N/A;Cine;Si
Ecuador;DGO;DTH Wow;N/A;Tastemade;N/A;Variedades;Si
Ecuador;DGO;DTH Wow;N/A;Tastemade Viajes;N/A;Variedades;Si
Ecuador;DGO;DTH Wow;N/A;TC Television HD;N/A;Nacional;Si
Ecuador;DGO;DTH Wow;N/A;TCM;N/A;Cine;No
Ecuador;DGO;DTH Wow;N/A;Teleamazonas Guayaquil;N/A;Nacional;Si
Ecuador;DGO;DTH Wow;N/A;Teleamazonas HD;N/A;Nacional;No
Ecuador;DGO;DTH Wow;N/A;Telemundo Internacional;N/A;Variedades;Si
Ecuador;DGO;DTH Wow;N/A;Telerama;N/A;Nacional;Si
Ecuador;DGO;DTH Wow;N/A;Televicentro;N/A;Nacional;Si
Ecuador;DGO;DTH Wow;N/A;Discovery Travel & Living Channel (TLC);N/A;Variedades;No
Ecuador;DGO;DTH Wow;N/A;TNT HD;N/A;Cine;Si
Ecuador;DGO;DTH Wow;N/A;TNT Novelas;N/A;Variedades;No
Ecuador;DGO;DTH Wow;N/A;TNT Series HD;N/A;Cine;Si
Ecuador;DGO;DTH Wow;N/A;TyC Sports;N/A;Deportes;No
Ecuador;DGO;DTH Wow;N/A;TyC Sports Fan;N/A;Deportes;Si
Ecuador;DGO;DTH Wow;N/A;Universal TV HD;N/A;Deportes;Si
Ecuador;DGO;DTH Wow;N/A;USA Network HD;N/A;Variedades;No
Ecuador;DGO;DTH Wow;N/A;Warner Channel HD;N/A;Variedades;Si
Ecuador;DGO;DTVGO Ecuador 001;N/A;A&E HD;N/A;Variedades;Si
Ecuador;DGO;DTVGO Ecuador 001;N/A;Adult Swim;N/A;Variedades;No
Ecuador;DGO;DTVGO Ecuador 001;N/A;AMC HD;N/A;Variedades;Si
Ecuador;DGO;DTVGO Ecuador 001;N/A;Animal Planet HD;N/A;Mundo;Si
Ecuador;DGO;DTVGO Ecuador 001;N/A;Antena 3 HD;N/A;Mundo;Si
Ecuador;DGO;DTVGO Ecuador 001;N/A;Atres HD;N/A;Cine;Si
Ecuador;DGO;DTVGO Ecuador 001;N/A;AXN HD;N/A;Variedades;Si
Ecuador;DGO;DTVGO Ecuador 001;N/A;Azteca Internacional;N/A;Variedades;Si
Ecuador;DGO;DTVGO Ecuador 001;N/A;BabyTV HD;N/A;Infantil;Si
Ecuador;DGO;DTVGO Ecuador 001;N/A;Bloomberg;N/A;Mundo;Si
Ecuador;DGO;DTVGO Ecuador 001;N/A;Caracol Mix;N/A;Variedades;Si
Ecuador;DGO;DTVGO Ecuador 001;N/A;Cartoon Network HD;N/A;Infantil;Si
Ecuador;DGO;DTVGO Ecuador 001;N/A;Cartoonito;N/A;Infantil;No
Ecuador;DGO;DTVGO Ecuador 001;N/A;CGTN Español;N/A;Mundo;Si
Ecuador;DGO;DTVGO Ecuador 001;N/A;Cinecanal HD;N/A;Cine;Si
Ecuador;DGO;DTVGO Ecuador 001;N/A;Cinema;N/A;Cine;Si
Ecuador;DGO;DTVGO Ecuador 001;N/A;Cinemax HD;N/A;Cine;Si
Ecuador;DGO;DTVGO Ecuador 001;N/A;Clic;N/A;Variedades;Si
Ecuador;DGO;DTVGO Ecuador 001;N/A;CNN en Español;N/A;Mundo;Si
Ecuador;DGO;DTVGO Ecuador 001;N/A;CNN International;N/A;Mundo;Si
Ecuador;DGO;DTVGO Ecuador 001;N/A;Comedy Central HD;N/A;Variedades;Si
Ecuador;DGO;DTVGO Ecuador 001;N/A;Corazón;N/A;Variedades;Si
Ecuador;DGO;DTVGO Ecuador 001;N/A;Daystar Español;N/A;Mundo;No
Ecuador;DGO;DTVGO Ecuador 001;N/A;Discovery Channel HD;N/A;Mundo;Si
Ecuador;DGO;DTVGO Ecuador 001;N/A;Discovery Home & Health HD;N/A;Variedades;Si
Ecuador;DGO;DTVGO Ecuador 001;N/A;Investigation Discovery (ID) HD;N/A;Variedades;Si
Ecuador;DGO;DTVGO Ecuador 001;N/A;Discovery Kids HD;N/A;Infantil;Si
Ecuador;DGO;DTVGO Ecuador 001;N/A;Discovery Theater;N/A;Mundo;Si
Ecuador;DGO;DTVGO Ecuador 001;N/A;Discovery Travel & Living Channel (TLC) HD;N/A;Mundo;Si
Ecuador;DGO;DTVGO Ecuador 001;N/A;Discovery Turbo;N/A;Mundo;Si
Ecuador;DGO;DTVGO Ecuador 001;N/A;Discovery World;N/A;Mundo;Si
Ecuador;DGO;DTVGO Ecuador 001;N/A;Disney Channel HD;N/A;Infantil;Si
Ecuador;DGO;DTVGO Ecuador 001;N/A;Disney Junior HD;N/A;Infantil;Si
Ecuador;DGO;DTVGO Ecuador 001;N/A;DNews;N/A;Mundo;No
Ecuador;DGO;DTVGO Ecuador 001;N/A;DSports 2 HD;N/A;Deportes;Si
Ecuador;DGO;DTVGO Ecuador 001;N/A;DSports HD;N/A;Deportes;Si
Ecuador;DGO;DTVGO Ecuador 001;N/A;DSports+ HD;N/A;Deportes;Si
Ecuador;DGO;DTVGO Ecuador 001;N/A;E! Entertainment México;N/A;Variedades;Si
Ecuador;DGO;DTVGO Ecuador 001;N/A;Ecuavisa;N/A;Nacional;Si
Ecuador;DGO;DTVGO Ecuador 001;N/A;Edye;N/A;Infantil;Si
Ecuador;DGO;DTVGO Ecuador 001;N/A;El Gourmet HD;N/A;Variedades;Si
Ecuador;DGO;DTVGO Ecuador 001;N/A;El Reino Infantil;N/A;Infantil;No
Ecuador;DGO;DTVGO Ecuador 001;N/A;ESPN 2 HD;N/A;Deportes;Si
Ecuador;DGO;DTVGO Ecuador 001;N/A;ESPN 3 HD;N/A;Deportes;Si
Ecuador;DGO;DTVGO Ecuador 001;N/A;ESPN 4 HD;N/A;Deportes;No
Ecuador;DGO;DTVGO Ecuador 001;N/A;ESPN 5 HD;N/A;Deportes;No
Ecuador;DGO;DTVGO Ecuador 001;N/A;ESPN 6 HD;N/A;Deportes;No
Ecuador;DGO;DTVGO Ecuador 001;N/A;ESPN 7 HD;N/A;Deportes;No
Ecuador;DGO;DTVGO Ecuador 001;N/A;ESPN HD;N/A;Deportes;Si
Ecuador;DGO;DTVGO Ecuador 001;N/A;Food Network HD;N/A;Variedades;Si
Ecuador;DGO;DTVGO Ecuador 001;N/A;Fox News;N/A;Mundo;Si
Ecuador;DGO;DTVGO Ecuador 001;N/A;France 24 Español;N/A;Mundo;No
Ecuador;DGO;DTVGO Ecuador 001;N/A;Free TV Acción;N/A;Cine;Si
Ecuador;DGO;DTVGO Ecuador 001;N/A;Free TV Drama;N/A;Cine;Si
Ecuador;DGO;DTVGO Ecuador 001;N/A;Free TV Estelar;N/A;Cine;Si
Ecuador;DGO;DTVGO Ecuador 001;N/A;FreeTV Familia;N/A;Cine;Si
Ecuador;DGO;DTVGO Ecuador 001;N/A;FreeTV Hits;N/A;Cine;Si
Ecuador;DGO;DTVGO Ecuador 001;N/A;FreeTV Terror;N/A;Cine;Si
Ecuador;DGO;DTVGO Ecuador 001;N/A;FX HD;N/A;Variedades;Si
Ecuador;DGO;DTVGO Ecuador 001;N/A;Golf Channel HD;N/A;Deportes;Si
Ecuador;DGO;DTVGO Ecuador 001;N/A;HBO;N/A;Cine;No
Ecuador;DGO;DTVGO Ecuador 001;N/A;HBO 2;N/A;Cine;No
Ecuador;DGO;DTVGO Ecuador 001;N/A;HBO Family;N/A;Cine;No
Ecuador;DGO;DTVGO Ecuador 001;N/A;HBO Plus HD;N/A;Cine;No
Ecuador;DGO;DTVGO Ecuador 001;N/A;HBO Signature;N/A;Nacional;No
Ecuador;DGO;DTVGO Ecuador 001;N/A;HGTV HD;N/A;Variedades;Si
Ecuador;DGO;DTVGO Ecuador 001;N/A;History 2 HD;N/A;Mundo;Si
Ecuador;DGO;DTVGO Ecuador 001;N/A;History Channel HD;N/A;Mundo;Si
Ecuador;DGO;DTVGO Ecuador 001;N/A;Hola TV HD;N/A;Variedades;Si
Ecuador;DGO;DTVGO Ecuador 001;N/A;Lifetime HD;N/A;Variedades;Si
Ecuador;DGO;DTVGO Ecuador 001;N/A;Más Chic;N/A;Variedades;Si
Ecuador;DGO;DTVGO Ecuador 001;N/A;Mega Noticias;N/A;Mundo;Si
Ecuador;DGO;DTVGO Ecuador 001;N/A;Mega Tiempo;N/A;Mundo;Si
Ecuador;DGO;DTVGO Ecuador 001;N/A;Mórbido TV;N/A;Cine;No
Ecuador;DGO;DTVGO Ecuador 001;N/A;MTV HD;N/A;Variedades;Si
Ecuador;DGO;DTVGO Ecuador 001;N/A;National Geographic HD;N/A;Mundo;Si
Ecuador;DGO;DTVGO Ecuador 001;N/A;Newsmax TV;N/A;Nacional;Si
Ecuador;DGO;DTVGO Ecuador 001;N/A;Nick Jr. HD;N/A;Infantil;Si
Ecuador;DGO;DTVGO Ecuador 001;N/A;Nickelodeon HD;N/A;Infantil;Si
Ecuador;DGO;DTVGO Ecuador 001;N/A;OnDIRECTV HD;N/A;Cine;Si
Ecuador;DGO;DTVGO Ecuador 001;N/A;Oro Mar TV;N/A;Nacional;Si
Ecuador;DGO;DTVGO Ecuador 001;N/A;Pasiones HD;N/A;Variedades;Si
Ecuador;DGO;DTVGO Ecuador 001;N/A;Plim Plim;N/A;Infantil;No
Ecuador;DGO;DTVGO Ecuador 001;N/A;Rai Italia;N/A;Mundo;Si
Ecuador;DGO;DTVGO Ecuador 001;N/A;RCN Más;N/A;Variedades;Si
Ecuador;DGO;DTVGO Ecuador 001;N/A;RCN Noticias;N/A;Mundo;Si
Ecuador;DGO;DTVGO Ecuador 001;N/A;RTS Red Telesistemas;N/A;Nacional;Si
Ecuador;DGO;DTVGO Ecuador 001;N/A;Sony HD;N/A;Cine;Si
Ecuador;DGO;DTVGO Ecuador 001;N/A;Sony Movies;N/A;Cine;No
Ecuador;DGO;DTVGO Ecuador 001;N/A;Space HD;N/A;Cine;Si
Ecuador;DGO;DTVGO Ecuador 001;N/A;Star Channel HD;N/A;Cine;Si
Ecuador;DGO;DTVGO Ecuador 001;N/A;Studio Universal HD;N/A;Cine;Si
Ecuador;DGO;DTVGO Ecuador 001;N/A;Tastemade;N/A;Variedades;Si
Ecuador;DGO;DTVGO Ecuador 001;N/A;Tastemade Viajes;N/A;Variedades;Si
Ecuador;DGO;DTVGO Ecuador 001;N/A;TC Television HD;N/A;Nacional;Si
Ecuador;DGO;DTVGO Ecuador 001;N/A;TCM;N/A;Cine;No
Ecuador;DGO;DTVGO Ecuador 001;N/A;Teleamazonas Guayaquil;N/A;Nacional;Si
Ecuador;DGO;DTVGO Ecuador 001;N/A;Teleamazonas HD;N/A;Nacional;Si
Ecuador;DGO;DTVGO Ecuador 001;N/A;Telemundo Internacional;N/A;Variedades;Si
Ecuador;DGO;DTVGO Ecuador 001;N/A;Telerama;N/A;Nacional;Si
Ecuador;DGO;DTVGO Ecuador 001;N/A;Televicentro;N/A;Nacional;Si
Ecuador;DGO;DTVGO Ecuador 001;N/A;Discovery Travel & Living Channel (TLC);N/A;Variedades;No
Ecuador;DGO;DTVGO Ecuador 001;N/A;TNT HD;N/A;Cine;Si
Ecuador;DGO;DTVGO Ecuador 001;N/A;TNT Novelas;N/A;Variedades;No
Ecuador;DGO;DTVGO Ecuador 001;N/A;TNT Series HD;N/A;Cine;Si
Ecuador;DGO;DTVGO Ecuador 001;N/A;TyC Sports;N/A;Deportes;No
Ecuador;DGO;DTVGO Ecuador 001;N/A;TyC Sports Fan;N/A;Deportes;Si
Ecuador;DGO;DTVGO Ecuador 001;N/A;Universal TV HD;N/A;Deportes;Si
Ecuador;DGO;DTVGO Ecuador 001;N/A;USA Network HD;N/A;Variedades;No
Ecuador;DGO;DTVGO Ecuador 001;N/A;Warner Channel HD;N/A;Variedades;Si
Ecuador;DGO;DTVGO Ecuador 201;N/A;A&E HD;N/A;Variedades;Si
Ecuador;DGO;DTVGO Ecuador 201;N/A;Adult Swim;N/A;Variedades;No
Ecuador;DGO;DTVGO Ecuador 201;N/A;AMC HD;N/A;Variedades;No
Ecuador;DGO;DTVGO Ecuador 201;N/A;Animal Planet HD;N/A;Mundo;Si
Ecuador;DGO;DTVGO Ecuador 201;N/A;Antena 3 HD;N/A;Mundo;No
Ecuador;DGO;DTVGO Ecuador 201;N/A;Atres HD;N/A;Cine;No
Ecuador;DGO;DTVGO Ecuador 201;N/A;AXN HD;N/A;Variedades;Si
Ecuador;DGO;DTVGO Ecuador 201;N/A;Azteca Internacional;N/A;Variedades;Si
Ecuador;DGO;DTVGO Ecuador 201;N/A;BabyTV HD;N/A;Infantil;No
Ecuador;DGO;DTVGO Ecuador 201;N/A;Bloomberg;N/A;Mundo;No
Ecuador;DGO;DTVGO Ecuador 201;N/A;Caracol Mix;N/A;Variedades;Si
Ecuador;DGO;DTVGO Ecuador 201;N/A;Cartoon Network HD;N/A;Infantil;Si
Ecuador;DGO;DTVGO Ecuador 201;N/A;Cartoonito;N/A;Infantil;No
Ecuador;DGO;DTVGO Ecuador 201;N/A;CGTN Español;N/A;Mundo;Si
Ecuador;DGO;DTVGO Ecuador 201;N/A;Cinecanal HD;N/A;Cine;Si
Ecuador;DGO;DTVGO Ecuador 201;N/A;Cinema;N/A;Cine;Si
Ecuador;DGO;DTVGO Ecuador 201;N/A;Cinemax HD;N/A;Cine;Si
Ecuador;DGO;DTVGO Ecuador 201;N/A;Clic;N/A;Variedades;Si
Ecuador;DGO;DTVGO Ecuador 201;N/A;CNN en Español;N/A;Mundo;Si
Ecuador;DGO;DTVGO Ecuador 201;N/A;CNN International;N/A;Mundo;No
Ecuador;DGO;DTVGO Ecuador 201;N/A;Comedy Central HD;N/A;Variedades;No
Ecuador;DGO;DTVGO Ecuador 201;N/A;Corazón;N/A;Variedades;Si
Ecuador;DGO;DTVGO Ecuador 201;N/A;Daystar Español;N/A;Mundo;No
Ecuador;DGO;DTVGO Ecuador 201;N/A;Discovery Channel HD;N/A;Mundo;Si
Ecuador;DGO;DTVGO Ecuador 201;N/A;Discovery Home & Health HD;N/A;Variedades;No
Ecuador;DGO;DTVGO Ecuador 201;N/A;Investigation Discovery (ID) HD;N/A;Variedades;No
Ecuador;DGO;DTVGO Ecuador 201;N/A;Discovery Kids HD;N/A;Infantil;Si
Ecuador;DGO;DTVGO Ecuador 201;N/A;Discovery Theater;N/A;Mundo;No
Ecuador;DGO;DTVGO Ecuador 201;N/A;Discovery Travel & Living Channel (TLC) HD;N/A;Mundo;No
Ecuador;DGO;DTVGO Ecuador 201;N/A;Discovery Turbo;N/A;Mundo;No
Ecuador;DGO;DTVGO Ecuador 201;N/A;Discovery World;N/A;Mundo;No
Ecuador;DGO;DTVGO Ecuador 201;N/A;Disney Channel HD;N/A;Infantil;Si
Ecuador;DGO;DTVGO Ecuador 201;N/A;Disney Junior HD;N/A;Infantil;Si
Ecuador;DGO;DTVGO Ecuador 201;N/A;DNews;N/A;Mundo;No
Ecuador;DGO;DTVGO Ecuador 201;N/A;DSports 2 HD;N/A;Deportes;Si
Ecuador;DGO;DTVGO Ecuador 201;N/A;DSports HD;N/A;Deportes;Si
Ecuador;DGO;DTVGO Ecuador 201;N/A;DSports+ HD;N/A;Deportes;Si
Ecuador;DGO;DTVGO Ecuador 201;N/A;E! Entertainment México;N/A;Variedades;Si
Ecuador;DGO;DTVGO Ecuador 201;N/A;Ecuavisa;N/A;Nacional;Si
Ecuador;DGO;DTVGO Ecuador 201;N/A;Edye;N/A;Infantil;Si
Ecuador;DGO;DTVGO Ecuador 201;N/A;El Gourmet HD;N/A;Variedades;No
Ecuador;DGO;DTVGO Ecuador 201;N/A;El Reino Infantil;N/A;Infantil;No
Ecuador;DGO;DTVGO Ecuador 201;N/A;ESPN 2 HD;N/A;Deportes;Si
Ecuador;DGO;DTVGO Ecuador 201;N/A;ESPN 3 HD;N/A;Deportes;No
Ecuador;DGO;DTVGO Ecuador 201;N/A;ESPN 4 HD;N/A;Deportes;No
Ecuador;DGO;DTVGO Ecuador 201;N/A;ESPN 5 HD;N/A;Deportes;No
Ecuador;DGO;DTVGO Ecuador 201;N/A;ESPN 6 HD;N/A;Deportes;No
Ecuador;DGO;DTVGO Ecuador 201;N/A;ESPN 7 HD;N/A;Deportes;No
Ecuador;DGO;DTVGO Ecuador 201;N/A;ESPN HD;N/A;Deportes;Si
Ecuador;DGO;DTVGO Ecuador 201;N/A;Food Network HD;N/A;Variedades;Si
Ecuador;DGO;DTVGO Ecuador 201;N/A;Fox News;N/A;Mundo;Si
Ecuador;DGO;DTVGO Ecuador 201;N/A;France 24 Español;N/A;Mundo;No
Ecuador;DGO;DTVGO Ecuador 201;N/A;Free TV Acción;N/A;Cine;Si
Ecuador;DGO;DTVGO Ecuador 201;N/A;Free TV Drama;N/A;Cine;Si
Ecuador;DGO;DTVGO Ecuador 201;N/A;Free TV Estelar;N/A;Cine;Si
Ecuador;DGO;DTVGO Ecuador 201;N/A;FreeTV Familia;N/A;Cine;Si
Ecuador;DGO;DTVGO Ecuador 201;N/A;FreeTV Hits;N/A;Cine;Si
Ecuador;DGO;DTVGO Ecuador 201;N/A;FreeTV Terror;N/A;Cine;Si
Ecuador;DGO;DTVGO Ecuador 201;N/A;FX HD;N/A;Variedades;Si
Ecuador;DGO;DTVGO Ecuador 201;N/A;Golf Channel HD;N/A;Deportes;No
Ecuador;DGO;DTVGO Ecuador 201;N/A;HBO;N/A;Cine;No
Ecuador;DGO;DTVGO Ecuador 201;N/A;HBO 2;N/A;Cine;No
Ecuador;DGO;DTVGO Ecuador 201;N/A;HBO Family;N/A;Cine;No
Ecuador;DGO;DTVGO Ecuador 201;N/A;HBO Plus HD;N/A;Cine;No
Ecuador;DGO;DTVGO Ecuador 201;N/A;HBO Signature;N/A;Nacional;No
Ecuador;DGO;DTVGO Ecuador 201;N/A;HGTV HD;N/A;Variedades;No
Ecuador;DGO;DTVGO Ecuador 201;N/A;History 2 HD;N/A;Mundo;No
Ecuador;DGO;DTVGO Ecuador 201;N/A;History Channel HD;N/A;Mundo;Si
Ecuador;DGO;DTVGO Ecuador 201;N/A;Hola TV HD;N/A;Variedades;Si
Ecuador;DGO;DTVGO Ecuador 201;N/A;Lifetime HD;N/A;Variedades;No
Ecuador;DGO;DTVGO Ecuador 201;N/A;Más Chic;N/A;Variedades;No
Ecuador;DGO;DTVGO Ecuador 201;N/A;Mega Noticias;N/A;Mundo;Si
Ecuador;DGO;DTVGO Ecuador 201;N/A;Mega Tiempo;N/A;Mundo;Si
Ecuador;DGO;DTVGO Ecuador 201;N/A;Mórbido TV;N/A;Cine;No
Ecuador;DGO;DTVGO Ecuador 201;N/A;MTV HD;N/A;Variedades;Si
Ecuador;DGO;DTVGO Ecuador 201;N/A;National Geographic HD;N/A;Mundo;Si
Ecuador;DGO;DTVGO Ecuador 201;N/A;Newsmax TV;N/A;Nacional;Si
Ecuador;DGO;DTVGO Ecuador 201;N/A;Nick Jr. HD;N/A;Infantil;No
Ecuador;DGO;DTVGO Ecuador 201;N/A;Nickelodeon HD;N/A;Infantil;No
Ecuador;DGO;DTVGO Ecuador 201;N/A;OnDIRECTV HD;N/A;Cine;Si
Ecuador;DGO;DTVGO Ecuador 201;N/A;Oro Mar TV;N/A;Nacional;Si
Ecuador;DGO;DTVGO Ecuador 201;N/A;Pasiones HD;N/A;Variedades;Si
Ecuador;DGO;DTVGO Ecuador 201;N/A;Plim Plim;N/A;Infantil;No
Ecuador;DGO;DTVGO Ecuador 201;N/A;Rai Italia;N/A;Mundo;No
Ecuador;DGO;DTVGO Ecuador 201;N/A;RCN Más;N/A;Variedades;Si
Ecuador;DGO;DTVGO Ecuador 201;N/A;RCN Noticias;N/A;Mundo;Si
Ecuador;DGO;DTVGO Ecuador 201;N/A;RTS Red Telesistemas;N/A;Nacional;Si
Ecuador;DGO;DTVGO Ecuador 201;N/A;Sony HD;N/A;Cine;Si
Ecuador;DGO;DTVGO Ecuador 201;N/A;Sony Movies;N/A;Cine;No
Ecuador;DGO;DTVGO Ecuador 201;N/A;Space HD;N/A;Cine;Si
Ecuador;DGO;DTVGO Ecuador 201;N/A;Star Channel HD;N/A;Cine;Si
Ecuador;DGO;DTVGO Ecuador 201;N/A;Studio Universal HD;N/A;Cine;Si
Ecuador;DGO;DTVGO Ecuador 201;N/A;Tastemade;N/A;Variedades;Si
Ecuador;DGO;DTVGO Ecuador 201;N/A;Tastemade Viajes;N/A;Variedades;Si
Ecuador;DGO;DTVGO Ecuador 201;N/A;TC Television HD;N/A;Nacional;Si
Ecuador;DGO;DTVGO Ecuador 201;N/A;TCM;N/A;Cine;No
Ecuador;DGO;DTVGO Ecuador 201;N/A;Teleamazonas Guayaquil;N/A;Nacional;Si
Ecuador;DGO;DTVGO Ecuador 201;N/A;Teleamazonas HD;N/A;Nacional;Si
Ecuador;DGO;DTVGO Ecuador 201;N/A;Telemundo Internacional;N/A;Variedades;Si
Ecuador;DGO;DTVGO Ecuador 201;N/A;Telerama;N/A;Nacional;Si
Ecuador;DGO;DTVGO Ecuador 201;N/A;Televicentro;N/A;Nacional;Si
Ecuador;DGO;DTVGO Ecuador 201;N/A;Discovery Travel & Living Channel (TLC);N/A;Variedades;No
Ecuador;DGO;DTVGO Ecuador 201;N/A;TNT HD;N/A;Cine;Si
Ecuador;DGO;DTVGO Ecuador 201;N/A;TNT Novelas;N/A;Variedades;No
Ecuador;DGO;DTVGO Ecuador 201;N/A;TNT Series HD;N/A;Cine;Si
Ecuador;DGO;DTVGO Ecuador 201;N/A;TyC Sports;N/A;Deportes;No
Ecuador;DGO;DTVGO Ecuador 201;N/A;TyC Sports Fan;N/A;Deportes;Si
Ecuador;DGO;DTVGO Ecuador 201;N/A;Universal TV HD;N/A;Deportes;Si
Ecuador;DGO;DTVGO Ecuador 201;N/A;USA Network HD;N/A;Variedades;No
Ecuador;DGO;DTVGO Ecuador 201;N/A;Warner Channel HD;N/A;Variedades;Si
Ecuador;DGO;Retencion;N/A;A&E HD;N/A;Variedades;Si
Ecuador;DGO;Retencion;N/A;Adult Swim;N/A;Variedades;No
Ecuador;DGO;Retencion;N/A;AMC HD;N/A;Variedades;Si
Ecuador;DGO;Retencion;N/A;Animal Planet HD;N/A;Mundo;Si
Ecuador;DGO;Retencion;N/A;Antena 3 HD;N/A;Mundo;Si
Ecuador;DGO;Retencion;N/A;Atres HD;N/A;Cine;Si
Ecuador;DGO;Retencion;N/A;AXN HD;N/A;Variedades;Si
Ecuador;DGO;Retencion;N/A;Azteca Internacional;N/A;Variedades;Si
Ecuador;DGO;Retencion;N/A;BabyTV HD;N/A;Infantil;Si
Ecuador;DGO;Retencion;N/A;Bloomberg;N/A;Mundo;Si
Ecuador;DGO;Retencion;N/A;Caracol Mix;N/A;Variedades;Si
Ecuador;DGO;Retencion;N/A;Cartoon Network HD;N/A;Infantil;Si
Ecuador;DGO;Retencion;N/A;Cartoonito;N/A;Infantil;No
Ecuador;DGO;Retencion;N/A;CGTN Español;N/A;Mundo;Si
Ecuador;DGO;Retencion;N/A;Cinecanal HD;N/A;Cine;Si
Ecuador;DGO;Retencion;N/A;Cinema;N/A;Cine;Si
Ecuador;DGO;Retencion;N/A;Cinemax HD;N/A;Cine;Si
Ecuador;DGO;Retencion;N/A;Clic;N/A;Variedades;Si
Ecuador;DGO;Retencion;N/A;CNN en Español;N/A;Mundo;Si
Ecuador;DGO;Retencion;N/A;CNN International;N/A;Mundo;Si
Ecuador;DGO;Retencion;N/A;Comedy Central HD;N/A;Variedades;Si
Ecuador;DGO;Retencion;N/A;Corazón;N/A;Variedades;Si
Ecuador;DGO;Retencion;N/A;Daystar Español;N/A;Mundo;No
Ecuador;DGO;Retencion;N/A;Discovery Channel HD;N/A;Mundo;Si
Ecuador;DGO;Retencion;N/A;Discovery Home & Health HD;N/A;Variedades;Si
Ecuador;DGO;Retencion;N/A;Investigation Discovery (ID) HD;N/A;Variedades;Si
Ecuador;DGO;Retencion;N/A;Discovery Kids HD;N/A;Infantil;Si
Ecuador;DGO;Retencion;N/A;Discovery Theater;N/A;Mundo;Si
Ecuador;DGO;Retencion;N/A;Discovery Travel & Living Channel (TLC) HD;N/A;Mundo;Si
Ecuador;DGO;Retencion;N/A;Discovery Turbo;N/A;Mundo;Si
Ecuador;DGO;Retencion;N/A;Discovery World;N/A;Mundo;Si
Ecuador;DGO;Retencion;N/A;Disney Channel HD;N/A;Infantil;Si
Ecuador;DGO;Retencion;N/A;Disney Junior HD;N/A;Infantil;Si
Ecuador;DGO;Retencion;N/A;DNews;N/A;Mundo;No
Ecuador;DGO;Retencion;N/A;DSports 2 HD;N/A;Deportes;Si
Ecuador;DGO;Retencion;N/A;DSports HD;N/A;Deportes;Si
Ecuador;DGO;Retencion;N/A;DSports+ HD;N/A;Deportes;No
Ecuador;DGO;Retencion;N/A;E! Entertainment México;N/A;Variedades;Si
Ecuador;DGO;Retencion;N/A;Ecuavisa;N/A;Nacional;Si
Ecuador;DGO;Retencion;N/A;Edye;N/A;Infantil;Si
Ecuador;DGO;Retencion;N/A;El Gourmet HD;N/A;Variedades;Si
Ecuador;DGO;Retencion;N/A;El Reino Infantil;N/A;Infantil;No
Ecuador;DGO;Retencion;N/A;ESPN 2 HD;N/A;Deportes;No
Ecuador;DGO;Retencion;N/A;ESPN 3 HD;N/A;Deportes;No
Ecuador;DGO;Retencion;N/A;ESPN 4 HD;N/A;Deportes;No
Ecuador;DGO;Retencion;N/A;ESPN 5 HD;N/A;Deportes;No
Ecuador;DGO;Retencion;N/A;ESPN 6 HD;N/A;Deportes;No
Ecuador;DGO;Retencion;N/A;ESPN 7 HD;N/A;Deportes;No
Ecuador;DGO;Retencion;N/A;ESPN HD;N/A;Deportes;Si
Ecuador;DGO;Retencion;N/A;Food Network HD;N/A;Variedades;Si
Ecuador;DGO;Retencion;N/A;Fox News;N/A;Mundo;Si
Ecuador;DGO;Retencion;N/A;France 24 Español;N/A;Mundo;No
Ecuador;DGO;Retencion;N/A;Free TV Acción;N/A;Cine;Si
Ecuador;DGO;Retencion;N/A;Free TV Drama;N/A;Cine;Si
Ecuador;DGO;Retencion;N/A;Free TV Estelar;N/A;Cine;Si
Ecuador;DGO;Retencion;N/A;FreeTV Familia;N/A;Cine;Si
Ecuador;DGO;Retencion;N/A;FreeTV Hits;N/A;Cine;Si
Ecuador;DGO;Retencion;N/A;FreeTV Terror;N/A;Cine;Si
Ecuador;DGO;Retencion;N/A;FX HD;N/A;Variedades;Si
Ecuador;DGO;Retencion;N/A;Golf Channel HD;N/A;Deportes;Si
Ecuador;DGO;Retencion;N/A;HBO;N/A;Cine;No
Ecuador;DGO;Retencion;N/A;HBO 2;N/A;Cine;No
Ecuador;DGO;Retencion;N/A;HBO Family;N/A;Cine;No
Ecuador;DGO;Retencion;N/A;HBO Plus HD;N/A;Cine;No
Ecuador;DGO;Retencion;N/A;HBO Signature;N/A;Nacional;No
Ecuador;DGO;Retencion;N/A;HGTV HD;N/A;Variedades;Si
Ecuador;DGO;Retencion;N/A;History 2 HD;N/A;Mundo;Si
Ecuador;DGO;Retencion;N/A;History Channel HD;N/A;Mundo;Si
Ecuador;DGO;Retencion;N/A;Hola TV HD;N/A;Variedades;Si
Ecuador;DGO;Retencion;N/A;Lifetime HD;N/A;Variedades;Si
Ecuador;DGO;Retencion;N/A;Más Chic;N/A;Variedades;Si
Ecuador;DGO;Retencion;N/A;Mega Noticias;N/A;Mundo;Si
Ecuador;DGO;Retencion;N/A;Mega Tiempo;N/A;Mundo;Si
Ecuador;DGO;Retencion;N/A;Mórbido TV;N/A;Cine;No
Ecuador;DGO;Retencion;N/A;MTV HD;N/A;Variedades;Si
Ecuador;DGO;Retencion;N/A;National Geographic HD;N/A;Mundo;Si
Ecuador;DGO;Retencion;N/A;Newsmax TV;N/A;Nacional;Si
Ecuador;DGO;Retencion;N/A;Nick Jr. HD;N/A;Infantil;Si
Ecuador;DGO;Retencion;N/A;Nickelodeon HD;N/A;Infantil;Si
Ecuador;DGO;Retencion;N/A;OnDIRECTV HD;N/A;Cine;No
Ecuador;DGO;Retencion;N/A;Oro Mar TV;N/A;Nacional;Si
Ecuador;DGO;Retencion;N/A;Pasiones HD;N/A;Variedades;Si
Ecuador;DGO;Retencion;N/A;Plim Plim;N/A;Infantil;No
Ecuador;DGO;Retencion;N/A;Rai Italia;N/A;Mundo;Si
Ecuador;DGO;Retencion;N/A;RCN Más;N/A;Variedades;Si
Ecuador;DGO;Retencion;N/A;RCN Noticias;N/A;Mundo;Si
Ecuador;DGO;Retencion;N/A;RTS Red Telesistemas;N/A;Nacional;Si
Ecuador;DGO;Retencion;N/A;Sony HD;N/A;Cine;Si
Ecuador;DGO;Retencion;N/A;Sony Movies;N/A;Cine;No
Ecuador;DGO;Retencion;N/A;Space HD;N/A;Cine;Si
Ecuador;DGO;Retencion;N/A;Star Channel HD;N/A;Cine;Si
Ecuador;DGO;Retencion;N/A;Studio Universal HD;N/A;Cine;Si
Ecuador;DGO;Retencion;N/A;Tastemade;N/A;Variedades;Si
Ecuador;DGO;Retencion;N/A;Tastemade Viajes;N/A;Variedades;Si
Ecuador;DGO;Retencion;N/A;TC Television HD;N/A;Nacional;Si
Ecuador;DGO;Retencion;N/A;TCM;N/A;Cine;No
Ecuador;DGO;Retencion;N/A;Teleamazonas Guayaquil;N/A;Nacional;Si
Ecuador;DGO;Retencion;N/A;Teleamazonas HD;N/A;Nacional;No
Ecuador;DGO;Retencion;N/A;Telemundo Internacional;N/A;Variedades;Si
Ecuador;DGO;Retencion;N/A;Telerama;N/A;Nacional;Si
Ecuador;DGO;Retencion;N/A;Televicentro;N/A;Nacional;Si
Ecuador;DGO;Retencion;N/A;Discovery Travel & Living Channel (TLC);N/A;Variedades;No
Ecuador;DGO;Retencion;N/A;TNT HD;N/A;Cine;Si
Ecuador;DGO;Retencion;N/A;TNT Novelas;N/A;Variedades;No
Ecuador;DGO;Retencion;N/A;TNT Series HD;N/A;Cine;Si
Ecuador;DGO;Retencion;N/A;TyC Sports;N/A;Deportes;No
Ecuador;DGO;Retencion;N/A;TyC Sports Fan;N/A;Deportes;Si
Ecuador;DGO;Retencion;N/A;Universal TV HD;N/A;Deportes;Si
Ecuador;DGO;Retencion;N/A;USA Network HD;N/A;Variedades;No
Ecuador;DGO;Retencion;N/A;Warner Channel HD;N/A;Variedades;Si
