Pais;Cliente;Pacote;VC;Canal;Tecnología;Categoría;Disponibilidad
Argentina;Abono Mensual;Ahorro;100;Canal 100 DIRECTV;Portal;Portal;No
Argentina;Abono Mensual;Ahorro;101;Canal 101 Prepago;Portal;Portal;No
Argentina;Abono Mensual;Ahorro;105;Gran Hermano - Experiencia Multicámara;SD;Variedades;No
Argentina;Abono Mensual;Ahorro;106;Gran Hermano - 24 hs;SD;Variedades;No
Argentina;Abono Mensual;Ahorro;107;Gran Hermano - Cámara 1;SD;Variedades;No
Argentina;Abono Mensual;Ahorro;108;Gran Hermano - Cámara 2;SD;Variedades;No
Argentina;Abono Mensual;Ahorro;109;Gran Hermano - Cámara 3;SD;Variedades;No
Argentina;Abono Mensual;Ahorro;120;América;SD;Nacional;No
Argentina;Abono Mensual;Ahorro;121;TV Pública;SD;Nacional;Si
Argentina;Abono Mensual;Ahorro;122;El Nueve;SD;Nacional;Si
Argentina;Abono Mensual;Ahorro;123;Telefe;SD;Nacional;Si
Argentina;Abono Mensual;Ahorro;124;El Trece;SD;Nacional;Si
Argentina;Abono Mensual;Ahorro;125;Net TV;SD;Nacional;Si
Argentina;Abono Mensual;Ahorro;126;Bravo TV;SD;Variedades;No
Argentina;Abono Mensual;Ahorro;127;DSHOW;SD;Variedades;Si
Argentina;Abono Mensual;Ahorro;128;Encuentro;SD;Nacional;Si
Argentina;Abono Mensual;Ahorro;129;Canal de la Ciudad;SD;Local;No
Argentina;Abono Mensual;Ahorro;130;Canal 7 Mendoza;SD;Local;No
Argentina;Abono Mensual;Ahorro;131;Canal 9 Mendoza;SD;Local;No
Argentina;Abono Mensual;Ahorro;132;Telediario;SD;Local;No
Argentina;Abono Mensual;Ahorro;133;Canal 7 de Jujuy;SD;Local;No
Argentina;Abono Mensual;Ahorro;134;Canal 3 Rosario;SD;Nacional;No
Argentina;Abono Mensual;Ahorro;135;Canal 12 de Córdoba;SD;Local;No
Argentina;Abono Mensual;Ahorro;136;Telefé Córdoba;SD;Local;No
Argentina;Abono Mensual;Ahorro;137;Telefe Rosario;SD;Local;No
Argentina;Abono Mensual;Ahorro;139;Televisión Pública Pampeana;SD;Local;No
Argentina;Abono Mensual;Ahorro;140;Canal 8 San Juan;SD;Local;No
Argentina;Abono Mensual;Ahorro;160;Infomerciales;SD;Variedades;No
Argentina;Abono Mensual;Ahorro;199;KZO;SD;Variedades;Si
Argentina;Abono Mensual;Ahorro;200;DIRECTV Series;SD;Portal;No
Argentina;Abono Mensual;Ahorro;204;Star Channel;SD;Variedades;No
Argentina;Abono Mensual;Ahorro;206;Warner Channel;SD;Variedades;No
Argentina;Abono Mensual;Ahorro;207;A&E;SD;Variedades;No
Argentina;Abono Mensual;Ahorro;208;Sony;SD;Variedades;No
Argentina;Abono Mensual;Ahorro;209;AXN;SD;Variedades;No
Argentina;Abono Mensual;Ahorro;210;AMC;SD;Variedades;No
Argentina;Abono Mensual;Ahorro;213;TNT Series;SD;Variedades;No
Argentina;Abono Mensual;Ahorro;214;Atres Series;SD;Variedades;No
Argentina;Abono Mensual;Ahorro;215;Comedy Central;SD;Variedades;No
Argentina;Abono Mensual;Ahorro;216;TNT Novelas;SD;Variedades;No
Argentina;Abono Mensual;Ahorro;217;FX;SD;Variedades;No
Argentina;Abono Mensual;Ahorro;218;Universal TV;SD;Variedades;No
Argentina;Abono Mensual;Ahorro;219;USA Network;SD;Variedades;No
Argentina;Abono Mensual;Ahorro;220;Adult Swim;SD;Variedades;No
Argentina;Abono Mensual;Ahorro;221;¡Hola! TV;SD;Variedades;No
Argentina;Abono Mensual;Ahorro;222;E!;SD;Variedades;No
Argentina;Abono Mensual;Ahorro;223;Investigation Discovery (ID);SD;Variedades;No
Argentina;Abono Mensual;Ahorro;226;Las Estrellas;SD;Variedades;No
Argentina;Abono Mensual;Ahorro;227;TLnovelas;SD;Variedades;No
Argentina;Abono Mensual;Ahorro;228;Lifetime;SD;Variedades;No
Argentina;Abono Mensual;Ahorro;229;Discovery Home & Health;SD;Variedades;No
Argentina;Abono Mensual;Ahorro;230;Más Chic;SD;Variedades;No
Argentina;Abono Mensual;Ahorro;231;Telemundo;SD;Variedades;No
Argentina;Abono Mensual;Ahorro;232;El Gourmet;SD;Variedades;No
Argentina;Abono Mensual;Ahorro;233;Food Network;SD;Variedades;No
Argentina;Abono Mensual;Ahorro;236;Ciudad Magazine;SD;Variedades;No
Argentina;Abono Mensual;Ahorro;238;Volver;SD;Variedades;No
Argentina;Abono Mensual;Ahorro;240;Caras TV;SD;Mundo;No
Argentina;Abono Mensual;Ahorro;264;MTV;SD;Variedades;No
Argentina;Abono Mensual;Ahorro;267;DSHOW;SD;Variedades;No
Argentina;Abono Mensual;Ahorro;269;Quiero Música en Mi Idioma (QMusic);SD;Variedades;No
Argentina;Abono Mensual;Ahorro;296;Unión Radio Noticias;Radio;Radio;No
Argentina;Abono Mensual;Ahorro;300;OnDIRECTV;SD;Variedades;No
Argentina;Abono Mensual;Ahorro;301;Star Fun;SD;PPV;No
Argentina;Abono Mensual;Ahorro;302;HBO Family;SD;Cine;No
Argentina;Abono Mensual;Ahorro;303;Paka Paka;SD;Infantil;No
Argentina;Abono Mensual;Ahorro;304;Cartoon Network;SD;Infantil;No
Argentina;Abono Mensual;Ahorro;308;Nickelodeon;SD;Infantil;No
Argentina;Abono Mensual;Ahorro;309;Nick Jr.;SD;Infantil;No
Argentina;Abono Mensual;Ahorro;312;Disney Channel;SD;Infantil;No
Argentina;Abono Mensual;Ahorro;315;Disney Junior;SD;Infantil;No
Argentina;Abono Mensual;Ahorro;317;BabyTV;SD;Infantil;No
Argentina;Abono Mensual;Ahorro;318;Plim Plim;SD;Infantil;Si
Argentina;Abono Mensual;Ahorro;319;El Reino Infantil;SD;Infantil;Si
Argentina;Abono Mensual;Ahorro;330;Discovery Kids;SD;Infantil;No
Argentina;Abono Mensual;Ahorro;334;Cartoonito;SD;Infantil;No
Argentina;Abono Mensual;Ahorro;350;EWTN;SD;Religioso;No
Argentina;Abono Mensual;Ahorro;351;Orbe 21;SD;Religioso;No
Argentina;Abono Mensual;Ahorro;352;Enlace;SD;Religioso;No
Argentina;Abono Mensual;Ahorro;354;Canal Luz;SD;Religioso;No
Argentina;Abono Mensual;Ahorro;358;DayStar;SD;Religioso;No
Argentina;Abono Mensual;Ahorro;400;Placa DIRECTV GO;Portal;Portal;No
Argentina;Abono Mensual;Ahorro;401;SMS CINE PPV;Portal;Portal;No
Argentina;Abono Mensual;Ahorro;402;CINE;SD;PPV;No
Argentina;Abono Mensual;Ahorro;404;CINE;SD;PPV;No
Argentina;Abono Mensual;Ahorro;406;CINE;SD;PPV;No
Argentina;Abono Mensual;Ahorro;408;CINE;SD;PPV;No
Argentina;Abono Mensual;Ahorro;410;CINE;SD;PPV;No
Argentina;Abono Mensual;Ahorro;460;SMS ADULTOS PPV;Portal;Portal;No
Argentina;Abono Mensual;Ahorro;464;Playboy TV;SD;Adultos;No
Argentina;Abono Mensual;Ahorro;468;Venus;SD;Adultos;No
Argentina;Abono Mensual;Ahorro;469;XTSY;SD;Adultos;No
Argentina;Abono Mensual;Ahorro;470;Hustler TV HD;HD;Adultos;No
Argentina;Abono Mensual;Ahorro;500;OnDIRECTV;SD;Variedades;No
Argentina;Abono Mensual;Ahorro;502;TNT;SD;Cine;No
Argentina;Abono Mensual;Ahorro;503;Golden;SD;Cine;No
Argentina;Abono Mensual;Ahorro;506;Sony Movies;SD;Cine;No
Argentina;Abono Mensual;Ahorro;507;Cinecanal;SD;Cine;No
Argentina;Abono Mensual;Ahorro;508;Studio Universal;SD;Cine;No
Argentina;Abono Mensual;Ahorro;509;Cinemax;SD;Cine;No
Argentina;Abono Mensual;Ahorro;510;Mórbido TV;SD;Cine;Si
Argentina;Abono Mensual;Ahorro;512;Cine.AR;SD;Cine;No
Argentina;Abono Mensual;Ahorro;513;DHE;SD;Cine;No
Argentina;Abono Mensual;Ahorro;516;De Película;SD;Cine;No
Argentina;Abono Mensual;Ahorro;517;Golden Edge;SD;Cine;No
Argentina;Abono Mensual;Ahorro;518;Space;SD;Cine;No
Argentina;Abono Mensual;Ahorro;522;HBO Next;Portal;Portal;No
Argentina;Abono Mensual;Ahorro;524;HBO;SD;Cine;No
Argentina;Abono Mensual;Ahorro;525;HBO 2;SD;Cine;No
Argentina;Abono Mensual;Ahorro;526;HBO Plus Este;SD;Cine;No
Argentina;Abono Mensual;Ahorro;528;HBO Signature;SD;Cine;No
Argentina;Abono Mensual;Ahorro;534;HBO Family;SD;Cine;No
Argentina;Abono Mensual;Ahorro;540;HBO Mundi;SD;Cine;No
Argentina;Abono Mensual;Ahorro;541;HBO Pop;SD;Cine;No
Argentina;Abono Mensual;Ahorro;542;HBO Xtreme;SD;Cine;No
Argentina;Abono Mensual;Ahorro;544;HBO Next;Portal;Portal;No
Argentina;Abono Mensual;Ahorro;550;OnDIRECTV;SD;Variedades;No
Argentina;Abono Mensual;Ahorro;551;Cómo Contratar Premium;SD;Portal;No
Argentina;Abono Mensual;Ahorro;570;Portal Premium;SD;Portal;No
Argentina;Abono Mensual;Ahorro;571;UNIVERSAL Premiere Este;SD;Cine;No
Argentina;Abono Mensual;Ahorro;572;UNIVERSAL Cinema Oeste;SD;Cine;No
Argentina;Abono Mensual;Ahorro;573;UNIVERSAL Comedy;SD;Cine;No
Argentina;Abono Mensual;Ahorro;574;UNIVERSAL Crime;SD;Cine;No
Argentina;Abono Mensual;Ahorro;575;UNIVERSAL Reality;SD;Cine;No
Argentina;Abono Mensual;Ahorro;576;UNIVERSAL Premiere Oeste;SD;Cine;No
Argentina;Abono Mensual;Ahorro;577;UNIVERSAL Crime Oeste;SD;Cine;No
Argentina;Abono Mensual;Ahorro;599;Bienvenido a DIRECTV;Portal;Portal;No
Argentina;Abono Mensual;Ahorro;600;Portal DIRECTV Sports;Portal;Portal;No
Argentina;Abono Mensual;Ahorro;601;Nueva señal - Nombre TBD;SD;Variedades;No
Argentina;Abono Mensual;Ahorro;602;Portal Fútbol Premium;Portal;Portal;No
Argentina;Abono Mensual;Ahorro;603;TNT Sports;SD;Deportes;No
Argentina;Abono Mensual;Ahorro;604;ESPN Premium;SD;Deportes;No
Argentina;Abono Mensual;Ahorro;605;Fox Sports;SD;Deportes;No
Argentina;Abono Mensual;Ahorro;608;Fox Sports 2;SD;Deportes;No
Argentina;Abono Mensual;Ahorro;609;Fox Sports 3;SD;Deportes;No
Argentina;Abono Mensual;Ahorro;610;DSPORTS;SD;Deportes;No
Argentina;Abono Mensual;Ahorro;612;DSPORTS 2;SD;Deportes;No
Argentina;Abono Mensual;Ahorro;613;DSPORTS+;SD;Deportes;Si
Argentina;Abono Mensual;Ahorro;620;TyC Sports;SD;Deportes;No
Argentina;Abono Mensual;Ahorro;621;ESPN;SD;Deportes;No
Argentina;Abono Mensual;Ahorro;622;ESPN 2;SD;Deportes;No
Argentina;Abono Mensual;Ahorro;623;ESPN 3;SD;Deportes;No
Argentina;Abono Mensual;Ahorro;628;Golf Channel;SD;Deportes;No
Argentina;Abono Mensual;Ahorro;630;DIRECTV Sports;SD;Deportes;No
Argentina;Abono Mensual;Ahorro;631;DSPORTS Radio;Radio;Radio;Si
Argentina;Abono Mensual;Ahorro;632;TyC Sports 2 (virtual);SD;Deportes;No
Argentina;Abono Mensual;Ahorro;634;Fútbol de Paraguay;SD;Deportes;No
Argentina;Abono Mensual;Ahorro;635;Fútbol de Bolivia;SD;Deportes;No
Argentina;Abono Mensual;Ahorro;656;DeporTV;SD;Deportes;Si
Argentina;Abono Mensual;Ahorro;680;MLB Extra Innings;SD;Deportes;No
Argentina;Abono Mensual;Ahorro;681;MLB Extra Innings;SD;Deportes;No
Argentina;Abono Mensual;Ahorro;700;DNEWS;SD;Variedades;Si
Argentina;Abono Mensual;Ahorro;704;CNN en Español;SD;Mundo;No
Argentina;Abono Mensual;Ahorro;706;CNN International;SD;Mundo;No
Argentina;Abono Mensual;Ahorro;707;CNN Chile;SD;Mundo;No
Argentina;Abono Mensual;Ahorro;708;24 HORAS;SD;Mundo;No
Argentina;Abono Mensual;Ahorro;710;Bloomberg Television;SD;Mundo;No
Argentina;Abono Mensual;Ahorro;714;Nueva señal - TBD;SD;Variedades;No
Argentina;Abono Mensual;Ahorro;715;La Nación+;SD;Mundo;Si
Argentina;Abono Mensual;Ahorro;716;Todo Noticias (TN);SD;Mundo;No
Argentina;Abono Mensual;Ahorro;717;C5N;SD;Mundo;Si
Argentina;Abono Mensual;Ahorro;718;Crónica TV;SD;Mundo;No
Argentina;Abono Mensual;Ahorro;719;A24;SD;Mundo;No
Argentina;Abono Mensual;Ahorro;720;Canal 26;SD;Mundo;Si
Argentina;Abono Mensual;Ahorro;721;Argentina 12;SD;Mundo;Si
Argentina;Abono Mensual;Ahorro;724;Chacra TV;SD;Mundo;No
Argentina;Abono Mensual;Ahorro;725;NTN24;SD;Mundo;No
Argentina;Abono Mensual;Ahorro;726;Telemax;SD;Mundo;No
Argentina;Abono Mensual;Ahorro;727;Cable Noticias;SD;Mundo;No
Argentina;Abono Mensual;Ahorro;728;Canal Rural;SD;Nacional;No
Argentina;Abono Mensual;Ahorro;729;Construir TV;SD;Mundo;No
Argentina;Abono Mensual;Ahorro;730;National Geographic;SD;Mundo;No
Argentina;Abono Mensual;Ahorro;732;Discovery Channel;SD;Mundo;No
Argentina;Abono Mensual;Ahorro;734;Animal Planet;SD;Mundo;No
Argentina;Abono Mensual;Ahorro;736;Discovery Turbo;SD;Mundo;No
Argentina;Abono Mensual;Ahorro;740;TLC;SD;Mundo;No
Argentina;Abono Mensual;Ahorro;742;History Channel;SD;Mundo;No
Argentina;Abono Mensual;Ahorro;744;History 2;SD;Mundo;No
Argentina;Abono Mensual;Ahorro;760;Univision;SD;Mundo;No
Argentina;Abono Mensual;Ahorro;762;Antena 3;SD;Mundo;No
Argentina;Abono Mensual;Ahorro;764;France 24 Español;SD;Mundo;Si
Argentina;Abono Mensual;Ahorro;766;Rai Italia;SD;Mundo;No
Argentina;Abono Mensual;Ahorro;768;BBC News;SD;Mundo;No
Argentina;Abono Mensual;Ahorro;770;DW Español;SD;Mundo;No
Argentina;Abono Mensual;Ahorro;772;Caracol Internacional;SD;Mundo;No
Argentina;Abono Mensual;Ahorro;773;El Tiempo TV;SD;Mundo;No
Argentina;Abono Mensual;Ahorro;774;TV Chile;SD;Mundo;No
Argentina;Abono Mensual;Ahorro;775;Nuestra Tele;SD;Mundo;No
Argentina;Abono Mensual;Ahorro;776;TV Globo Internacional;SD;Mundo;No
Argentina;Abono Mensual;Ahorro;778;RTP Internacional;SD;Mundo;No
Argentina;Abono Mensual;Ahorro;780;Zee Mundo;SD;Mundo;No
Argentina;Abono Mensual;Ahorro;782;NHK World Japan;SD;Mundo;No
Argentina;Abono Mensual;Ahorro;790;CGTN Español;SD;Mundo;No
Argentina;Abono Mensual;Ahorro;795;TV Perú;SD;Mundo;No
Argentina;Abono Mensual;Ahorro;800;OnDIRECTV;SD;Variedades;No
Argentina;Abono Mensual;Ahorro;804;Escuela Más;SD;Variedades;No
Argentina;Abono Mensual;Ahorro;901;DSPORTS Radio;Radio;Radio;No
Argentina;Abono Mensual;Ahorro;973;FM Aspen;Radio;Radio;No
Argentina;Abono Mensual;Ahorro;974;Radio Nacional;Radio;Radio;No
Argentina;Abono Mensual;Ahorro;976;Radio del Plata;Radio;Radio;No
Argentina;Abono Mensual;Ahorro;977;Radio Disney;Radio;Radio;No
Argentina;Abono Mensual;Ahorro;980;Unión Radio Noticias;Radio;Radio;No
Argentina;Abono Mensual;Ahorro;981;FM Latina 101.1;Radio;Radio;No
Argentina;Abono Mensual;Ahorro;982;Radio Caracol;Radio;Radio;No
Argentina;Abono Mensual;Ahorro;984;Radio France Internationale;Radio;Radio;No
Argentina;Abono Mensual;Ahorro;999;OnDIRECTV;SD;Variedades;No
Argentina;Abono Mensual;Ahorro;1105;Gran Hermano - Experiencia Multicámara;SD;Variedades;No
Argentina;Abono Mensual;Ahorro;1106;Gran Hermano - 24 hs;SD;Variedades;No
Argentina;Abono Mensual;Ahorro;1107;Gran Hermano - Cámara 1;SD;Variedades;No
Argentina;Abono Mensual;Ahorro;1108;Gran Hermano - Cámara 2;SD;Variedades;No
Argentina;Abono Mensual;Ahorro;1109;Gran Hermano - Cámara 3;SD;Variedades;No
Argentina;Abono Mensual;Ahorro;1120;América HD;HD;Nacional;No
Argentina;Abono Mensual;Ahorro;1121;TV Pública HD;HD;Nacional;Si
Argentina;Abono Mensual;Ahorro;1122;El Nueve HD;HD;Nacional;Si
Argentina;Abono Mensual;Ahorro;1123;Telefe HD;HD;Nacional;Si
Argentina;Abono Mensual;Ahorro;1124;El Trece HD;HD;Nacional;Si
Argentina;Abono Mensual;Ahorro;1125;Net TV HD;HD;Nacional;Si
Argentina;Abono Mensual;Ahorro;1127;DSHOW HD;HD;Variedades;Si
Argentina;Abono Mensual;Ahorro;1128;Encuentro HD;HD;Nacional;Si
Argentina;Abono Mensual;Ahorro;1199;KZO HD;HD;Variedades;Si
Argentina;Abono Mensual;Ahorro;1200;DIRECTV Series HD;HD;Portal;No
Argentina;Abono Mensual;Ahorro;1204;Star Channel HD;HD;Variedades;No
Argentina;Abono Mensual;Ahorro;1206;Warner Channel HD;HD;Variedades;No
Argentina;Abono Mensual;Ahorro;1207;A&E HD;HD;Variedades;No
Argentina;Abono Mensual;Ahorro;1208;Sony HD;HD;Variedades;No
Argentina;Abono Mensual;Ahorro;1209;AXN HD;HD;Variedades;No
Argentina;Abono Mensual;Ahorro;1210;AMC HD;HD;Variedades;No
Argentina;Abono Mensual;Ahorro;1213;TNT Series HD;HD;Variedades;No
Argentina;Abono Mensual;Ahorro;1214;Atres Series HD;HD;Variedades;No
Argentina;Abono Mensual;Ahorro;1215;Comedy Central HD;HD;Variedades;No
Argentina;Abono Mensual;Ahorro;1217;FX HD;HD;Variedades;No
Argentina;Abono Mensual;Ahorro;1218;Universal TV HD;HD;Variedades;No
Argentina;Abono Mensual;Ahorro;1219;USA Network HD;HD;Variedades;No
Argentina;Abono Mensual;Ahorro;1221;Hola TV HD;HD;Variedades;No
Argentina;Abono Mensual;Ahorro;1222;E! HD;HD;Variedades;No
Argentina;Abono Mensual;Ahorro;1223;ID HD;HD;Variedades;No
Argentina;Abono Mensual;Ahorro;1228;Lifetime HD;HD;Variedades;No
Argentina;Abono Mensual;Ahorro;1229;Discovery Home & Health HD;HD;Variedades;No
Argentina;Abono Mensual;Ahorro;1231;A la Cocina TV;HD;Variedades;No
Argentina;Abono Mensual;Ahorro;1232;El Gourmet HD;HD;Variedades;No
Argentina;Abono Mensual;Ahorro;1233;Food Network HD;HD;Variedades;No
Argentina;Abono Mensual;Ahorro;1234;HGTV HD;HD;Variedades;No
Argentina;Abono Mensual;Ahorro;1236;Ciudad Magazine HD;HD;Variedades;No
Argentina;Abono Mensual;Ahorro;1237;VePlus HD;HD;Variedades;No
Argentina;Abono Mensual;Ahorro;1264;MTV HD;HD;Variedades;No
Argentina;Abono Mensual;Ahorro;1265;Music Top HD;HD;Variedades;No
Argentina;Abono Mensual;Ahorro;1266;Tierra Mía HD;HD;Variedades;No
Argentina;Abono Mensual;Ahorro;1267;DSHOW;SD;Variedades;No
Argentina;Abono Mensual;Ahorro;1269;Quiero Música en Mi Idioma (QMusic) HD;HD;Variedades;No
Argentina;Abono Mensual;Ahorro;1270;Latina TV;HD;Variedades;Si
Argentina;Abono Mensual;Ahorro;1304;Cartoon Network HD;HD;Infantil;No
Argentina;Abono Mensual;Ahorro;1308;Nick HD;HD;Infantil;No
Argentina;Abono Mensual;Ahorro;1309;Nick Jr. HD;HD;Infantil;No
Argentina;Abono Mensual;Ahorro;1312;Disney Channel HD;HD;Infantil;No
Argentina;Abono Mensual;Ahorro;1315;Disney Junior HD;HD;Infantil;No
Argentina;Abono Mensual;Ahorro;1317;BabyTV;SD;Infantil;No
Argentina;Abono Mensual;Ahorro;1318;Plim Plim;SD;Infantil;Si
Argentina;Abono Mensual;Ahorro;1319;El Reino Infantil;SD;Infantil;Si
Argentina;Abono Mensual;Ahorro;1330;Discovery Kids HD;HD;Infantil;No
Argentina;Abono Mensual;Ahorro;1402;PPV HD;HD;PPV;No
Argentina;Abono Mensual;Ahorro;1404;PPV HD;HD;PPV;No
Argentina;Abono Mensual;Ahorro;1406;PPV HD;HD;PPV;No
Argentina;Abono Mensual;Ahorro;1408;PPV HD;HD;PPV;No
Argentina;Abono Mensual;Ahorro;1410;PPV HD;HD;PPV;No
Argentina;Abono Mensual;Ahorro;1502;TNT HD;HD;Cine;No
Argentina;Abono Mensual;Ahorro;1503;Golden HD;HD;Cine;No
Argentina;Abono Mensual;Ahorro;1506;Sony Movies HD;HD;Cine;No
Argentina;Abono Mensual;Ahorro;1507;Cinecanal HD;HD;Cine;No
Argentina;Abono Mensual;Ahorro;1508;Studio Universal HD;HD;Cine;No
Argentina;Abono Mensual;Ahorro;1509;Cinemax HD;HD;Cine;No
Argentina;Abono Mensual;Ahorro;1510;Mórbido TV;SD;Cine;Si
Argentina;Abono Mensual;Ahorro;1513;DHE HD;HD;Cine;No
Argentina;Abono Mensual;Ahorro;1518;Space HD;HD;Cine;No
Argentina;Abono Mensual;Ahorro;1524;HBO HD;HD;Cine;No
Argentina;Abono Mensual;Ahorro;1525;HBO 2 HD;HD;Cine;No
Argentina;Abono Mensual;Ahorro;1528;HBO Signature HD;HD;Cine;No
Argentina;Abono Mensual;Ahorro;1532;HBO Plus HD;HD;Cine;No
Argentina;Abono Mensual;Ahorro;1534;HBO Family HD;HD;Cine;No
Argentina;Abono Mensual;Ahorro;1542;HBO Xtreme HD;HD;Cine;No
Argentina;Abono Mensual;Ahorro;1571;UNIVERSAL Premiere Este HD;HD;Cine;No
Argentina;Abono Mensual;Ahorro;1572;UNIVERSAL Cinema Oeste HD;HD;Cine;No
Argentina;Abono Mensual;Ahorro;1573;UNIVERSAL Comedy HD;HD;Cine;No
Argentina;Abono Mensual;Ahorro;1574;UNIVERSAL Crime HD;HD;Cine;No
Argentina;Abono Mensual;Ahorro;1575;UNIVERSAL Reality HD;HD;Cine;No
Argentina;Abono Mensual;Ahorro;1576;UNIVERSAL Premiere Oeste HD;HD;Cine;No
Argentina;Abono Mensual;Ahorro;1577;UNIVERSAL Crime Oeste HD;HD;Cine;No
Argentina;Abono Mensual;Ahorro;1601;Nueva señal - Nombre TBD;SD;Variedades;No
Argentina;Abono Mensual;Ahorro;1602;Portal Fútbol Premium;Portal;Portal;No
Argentina;Abono Mensual;Ahorro;1603;TNT Sports HD;HD;Deportes;No
Argentina;Abono Mensual;Ahorro;1604;Fox Sports Premium HD;HD;Deportes;No
Argentina;Abono Mensual;Ahorro;1605;Fox Sports HD;HD;Deportes;No
Argentina;Abono Mensual;Ahorro;1608;Fox Sports 2 HD;HD;Deportes;No
Argentina;Abono Mensual;Ahorro;1609;Fox Sports 3 HD;HD;Deportes;No
Argentina;Abono Mensual;Ahorro;1610;DSPORTS HD;HD;Deportes;No
Argentina;Abono Mensual;Ahorro;1612;DSPORTS 2 HD;HD;Deportes;No
Argentina;Abono Mensual;Ahorro;1613;DSPORTS+ HD;HD;Deportes;Si
Argentina;Abono Mensual;Ahorro;1620;TyC Sports HD;HD;Deportes;No
Argentina;Abono Mensual;Ahorro;1621;ESPN HD;HD;Deportes;No
Argentina;Abono Mensual;Ahorro;1622;ESPN 2 HD;HD;Deportes;No
Argentina;Abono Mensual;Ahorro;1623;ESPN 3 HD;HD;Deportes;No
Argentina;Abono Mensual;Ahorro;1624;ESPN 4;HD;Deportes;No
Argentina;Abono Mensual;Ahorro;1628;Golf Channel HD;HD;Deportes;No
Argentina;Abono Mensual;Ahorro;1630;DSPORTS;SD;Deportes;No
Argentina;Abono Mensual;Ahorro;1631;DSPORTS Radio;Radio;Radio;No
Argentina;Abono Mensual;Ahorro;1639;PX Sports;HD;Deportes;No
Argentina;Abono Mensual;Ahorro;1654;DeporTV HD;HD;Deportes;Si
Argentina;Abono Mensual;Ahorro;1656;DeporTV HD;HD;Deportes;No
Argentina;Abono Mensual;Ahorro;1677;NBA TV HD;HD;Deportes;No
Argentina;Abono Mensual;Ahorro;1700;DNEWS HD;HD;Variedades;Si
Argentina;Abono Mensual;Ahorro;1714;DSHOW;SD;Variedades;No
Argentina;Abono Mensual;Ahorro;1715;La Nación+ HD;HD;Mundo;Si
Argentina;Abono Mensual;Ahorro;1716;TN HD;HD;Mundo;No
Argentina;Abono Mensual;Ahorro;1717;C5N HD;HD;Local;Si
Argentina;Abono Mensual;Ahorro;1719;A24 HD;HD;Mundo;No
Argentina;Abono Mensual;Ahorro;1720;Canal 26 HD;HD;Mundo;Si
Argentina;Abono Mensual;Ahorro;1721;Argentina 12 HD;HD;Mundo;Si
Argentina;Abono Mensual;Ahorro;1722;Canal E;HD;Variedades;No
Argentina;Abono Mensual;Ahorro;1724;TV Perú Noticias HD;HD;Mundo;No
Argentina;Abono Mensual;Ahorro;1730;National Geographic HD;HD;Mundo;No
Argentina;Abono Mensual;Ahorro;1731;Discovery Theater HD;HD;Mundo;No
Argentina;Abono Mensual;Ahorro;1732;Discovery Channel HD;HD;Mundo;No
Argentina;Abono Mensual;Ahorro;1734;Animal Planet HD;HD;Mundo;No
Argentina;Abono Mensual;Ahorro;1738;Discovery World HD;HD;Mundo;No
Argentina;Abono Mensual;Ahorro;1740;TLC HD;HD;Mundo;No
Argentina;Abono Mensual;Ahorro;1742;History Channel HD;HD;Mundo;No
Argentina;Abono Mensual;Ahorro;1744;History 2 HD;HD;Mundo;No
Argentina;Abono Mensual;Ahorro;1748;Canal (A) HD;HD;Mundo;No
Argentina;Abono Mensual;Ahorro;1750;Encuentro Internacional HD;HD;Variedades;No
Argentina;Abono Mensual;Ahorro;1762;Antena 3 HD;HD;Mundo;No
Argentina;Abono Mensual;Ahorro;1764;France 24 Español;SD;Mundo;Si
Argentina;Abono Mensual;Ahorro;1789;TV Ciudad HD;HD;Variedades;No
Argentina;Abono Mensual;Ahorro;1795;TV Perú HD;HD;Mundo;No
Argentina;Abono Mensual;Ahorro;1804;Escuela Más HD;HD;Variedades;No
Argentina;Abono Mensual;Ahorro;4000;DIRECTV Ultra HD: 4K;4K;4K;No
Argentina;Abono Mensual;Bronce;100;Canal 100 DIRECTV;Portal;Portal;Si
Argentina;Abono Mensual;Bronce;101;Canal 101 Prepago;Portal;Portal;No
Argentina;Abono Mensual;Bronce;105;Gran Hermano - Experiencia Multicámara;SD;Variedades;No
Argentina;Abono Mensual;Bronce;106;Gran Hermano - 24 hs;SD;Variedades;No
Argentina;Abono Mensual;Bronce;107;Gran Hermano - Cámara 1;SD;Variedades;No
Argentina;Abono Mensual;Bronce;108;Gran Hermano - Cámara 2;SD;Variedades;No
Argentina;Abono Mensual;Bronce;109;Gran Hermano - Cámara 3;SD;Variedades;No
Argentina;Abono Mensual;Bronce;120;América;SD;Nacional;Si
Argentina;Abono Mensual;Bronce;121;TV Pública;SD;Nacional;Si
Argentina;Abono Mensual;Bronce;122;El Nueve;SD;Nacional;Si
Argentina;Abono Mensual;Bronce;123;Telefe;SD;Nacional;Si
Argentina;Abono Mensual;Bronce;124;El Trece;SD;Nacional;Si
Argentina;Abono Mensual;Bronce;125;Net TV;SD;Nacional;Si
Argentina;Abono Mensual;Bronce;126;Bravo TV;SD;Variedades;Si
Argentina;Abono Mensual;Bronce;127;DSHOW;SD;Variedades;Si
Argentina;Abono Mensual;Bronce;128;Encuentro;SD;Nacional;Si
Argentina;Abono Mensual;Bronce;129;Canal de la Ciudad;SD;Local;No
Argentina;Abono Mensual;Bronce;130;Canal 7 Mendoza;SD;Local;Si
Argentina;Abono Mensual;Bronce;131;Canal 9 Mendoza;SD;Local;Si
Argentina;Abono Mensual;Bronce;132;Telediario;SD;Local;Si
Argentina;Abono Mensual;Bronce;133;Canal 7 de Jujuy;SD;Local;Si
Argentina;Abono Mensual;Bronce;134;Canal 3 Rosario;SD;Nacional;Si
Argentina;Abono Mensual;Bronce;135;Canal 12 de Córdoba;SD;Local;Si
Argentina;Abono Mensual;Bronce;136;Telefé Córdoba;SD;Local;No
Argentina;Abono Mensual;Bronce;137;Telefe Rosario;SD;Local;Si
Argentina;Abono Mensual;Bronce;139;Televisión Pública Pampeana;SD;Local;No
Argentina;Abono Mensual;Bronce;140;Canal 8 San Juan;SD;Local;No
Argentina;Abono Mensual;Bronce;160;Infomerciales;SD;Variedades;Si
Argentina;Abono Mensual;Bronce;199;KZO;SD;Variedades;Si
Argentina;Abono Mensual;Bronce;200;DIRECTV Series;SD;Portal;No
Argentina;Abono Mensual;Bronce;204;Star Channel;SD;Variedades;Si
Argentina;Abono Mensual;Bronce;206;Warner Channel;SD;Variedades;Si
Argentina;Abono Mensual;Bronce;207;A&E;SD;Variedades;Si
Argentina;Abono Mensual;Bronce;208;Sony;SD;Variedades;Si
Argentina;Abono Mensual;Bronce;209;AXN;SD;Variedades;No
Argentina;Abono Mensual;Bronce;210;AMC;SD;Variedades;No
Argentina;Abono Mensual;Bronce;213;TNT Series;SD;Variedades;No
Argentina;Abono Mensual;Bronce;214;Atres Series;SD;Variedades;No
Argentina;Abono Mensual;Bronce;215;Comedy Central;SD;Variedades;No
Argentina;Abono Mensual;Bronce;216;TNT Novelas;SD;Variedades;No
Argentina;Abono Mensual;Bronce;217;FX;SD;Variedades;Si
Argentina;Abono Mensual;Bronce;218;Universal TV;SD;Variedades;Si
Argentina;Abono Mensual;Bronce;219;USA Network;SD;Variedades;No
Argentina;Abono Mensual;Bronce;220;Adult Swim;SD;Variedades;No
Argentina;Abono Mensual;Bronce;221;¡Hola! TV;SD;Variedades;Si
Argentina;Abono Mensual;Bronce;222;E!;SD;Variedades;Si
Argentina;Abono Mensual;Bronce;223;Investigation Discovery (ID);SD;Variedades;No
Argentina;Abono Mensual;Bronce;226;Las Estrellas;SD;Variedades;No
Argentina;Abono Mensual;Bronce;227;TLnovelas;SD;Variedades;No
Argentina;Abono Mensual;Bronce;228;Lifetime;SD;Variedades;No
Argentina;Abono Mensual;Bronce;229;Discovery Home & Health;SD;Variedades;Si
Argentina;Abono Mensual;Bronce;230;Más Chic;SD;Variedades;No
Argentina;Abono Mensual;Bronce;231;Telemundo;SD;Variedades;Si
Argentina;Abono Mensual;Bronce;232;El Gourmet;SD;Variedades;No
Argentina;Abono Mensual;Bronce;233;Food Network;SD;Variedades;No
Argentina;Abono Mensual;Bronce;236;Ciudad Magazine;SD;Variedades;Si
Argentina;Abono Mensual;Bronce;238;Volver;SD;Variedades;Si
Argentina;Abono Mensual;Bronce;240;Caras TV;SD;Mundo;Si
Argentina;Abono Mensual;Bronce;264;MTV;SD;Variedades;Si
Argentina;Abono Mensual;Bronce;267;DSHOW;SD;Variedades;No
Argentina;Abono Mensual;Bronce;269;Quiero Música en Mi Idioma (QMusic);SD;Variedades;Si
Argentina;Abono Mensual;Bronce;296;Unión Radio Noticias;Radio;Radio;Si
Argentina;Abono Mensual;Bronce;300;OnDIRECTV;SD;Variedades;Si
Argentina;Abono Mensual;Bronce;301;Star Fun;SD;PPV;No
Argentina;Abono Mensual;Bronce;302;HBO Family;SD;Cine;No (Adquirible)
Argentina;Abono Mensual;Bronce;303;Paka Paka;SD;Infantil;Si
Argentina;Abono Mensual;Bronce;304;Cartoon Network;SD;Infantil;Si
Argentina;Abono Mensual;Bronce;308;Nickelodeon;SD;Infantil;No
Argentina;Abono Mensual;Bronce;309;Nick Jr.;SD;Infantil;No
Argentina;Abono Mensual;Bronce;312;Disney Channel;SD;Infantil;Si
Argentina;Abono Mensual;Bronce;315;Disney Junior;SD;Infantil;Si
Argentina;Abono Mensual;Bronce;317;BabyTV;SD;Infantil;No
Argentina;Abono Mensual;Bronce;318;Plim Plim;SD;Infantil;Si
Argentina;Abono Mensual;Bronce;319;El Reino Infantil;SD;Infantil;No
Argentina;Abono Mensual;Bronce;330;Discovery Kids;SD;Infantil;Si
Argentina;Abono Mensual;Bronce;334;Cartoonito;SD;Infantil;No
Argentina;Abono Mensual;Bronce;350;EWTN;SD;Religioso;Si
Argentina;Abono Mensual;Bronce;351;Orbe 21;SD;Religioso;Si
Argentina;Abono Mensual;Bronce;352;Enlace;SD;Religioso;Si
Argentina;Abono Mensual;Bronce;354;Canal Luz;SD;Religioso;Si
Argentina;Abono Mensual;Bronce;358;DayStar;SD;Religioso;No
Argentina;Abono Mensual;Bronce;400;Placa DIRECTV GO;Portal;Portal;Si
Argentina;Abono Mensual;Bronce;401;SMS CINE PPV;Portal;Portal;Si
Argentina;Abono Mensual;Bronce;402;CINE;SD;PPV;No (PPV)
Argentina;Abono Mensual;Bronce;404;CINE;SD;PPV;No (PPV)
Argentina;Abono Mensual;Bronce;406;CINE;SD;PPV;No (PPV)
Argentina;Abono Mensual;Bronce;408;CINE;SD;PPV;No (PPV)
Argentina;Abono Mensual;Bronce;410;CINE;SD;PPV;No (PPV)
Argentina;Abono Mensual;Bronce;460;SMS ADULTOS PPV;Portal;Portal;Si
Argentina;Abono Mensual;Bronce;464;Playboy TV;SD;Adultos;No (Adquirible)
Argentina;Abono Mensual;Bronce;468;Venus;SD;Adultos;No (Adquirible)
Argentina;Abono Mensual;Bronce;469;XTSY;SD;Adultos;No (Adquirible)
Argentina;Abono Mensual;Bronce;470;Hustler TV HD;HD;Adultos;No (Adquirible)
Argentina;Abono Mensual;Bronce;500;OnDIRECTV;SD;Variedades;Si
Argentina;Abono Mensual;Bronce;502;TNT;SD;Cine;Si
Argentina;Abono Mensual;Bronce;503;Golden;SD;Cine;No
Argentina;Abono Mensual;Bronce;506;Sony Movies;SD;Cine;No
Argentina;Abono Mensual;Bronce;507;Cinecanal;SD;Cine;Si
Argentina;Abono Mensual;Bronce;508;Studio Universal;SD;Cine;Si
Argentina;Abono Mensual;Bronce;509;Cinemax;SD;Cine;No
Argentina;Abono Mensual;Bronce;510;Mórbido TV;SD;Cine;Si
Argentina;Abono Mensual;Bronce;512;Cine.AR;SD;Cine;Si
Argentina;Abono Mensual;Bronce;513;DHE;SD;Cine;No
Argentina;Abono Mensual;Bronce;516;De Película;SD;Cine;No
Argentina;Abono Mensual;Bronce;517;Golden Edge;SD;Cine;No
Argentina;Abono Mensual;Bronce;518;Space;SD;Cine;Si
Argentina;Abono Mensual;Bronce;522;HBO Next;Portal;Portal;Si
Argentina;Abono Mensual;Bronce;524;HBO;SD;Cine;No (Adquirible)
Argentina;Abono Mensual;Bronce;525;HBO 2;SD;Cine;No (Adquirible)
Argentina;Abono Mensual;Bronce;526;HBO Plus Este;SD;Cine;No (Adquirible)
Argentina;Abono Mensual;Bronce;528;HBO Signature;SD;Cine;No (Adquirible)
Argentina;Abono Mensual;Bronce;534;HBO Family;SD;Cine;No (Adquirible)
Argentina;Abono Mensual;Bronce;540;HBO Mundi;SD;Cine;No (Adquirible)
Argentina;Abono Mensual;Bronce;541;HBO Pop;SD;Cine;No (Adquirible)
Argentina;Abono Mensual;Bronce;542;HBO Xtreme;SD;Cine;No (Adquirible)
Argentina;Abono Mensual;Bronce;544;HBO Next;Portal;Portal;Si
Argentina;Abono Mensual;Bronce;550;OnDIRECTV;SD;Variedades;Si
Argentina;Abono Mensual;Bronce;551;Cómo Contratar Premium;SD;Portal;No
Argentina;Abono Mensual;Bronce;570;Portal Premium;SD;Portal;No
Argentina;Abono Mensual;Bronce;571;UNIVERSAL Premiere Este;SD;Cine;No (Adquirible)
Argentina;Abono Mensual;Bronce;572;UNIVERSAL Cinema Oeste;SD;Cine;No (Adquirible)
Argentina;Abono Mensual;Bronce;573;UNIVERSAL Comedy;SD;Cine;No (Adquirible)
Argentina;Abono Mensual;Bronce;574;UNIVERSAL Crime;SD;Cine;No (Adquirible)
Argentina;Abono Mensual;Bronce;575;UNIVERSAL Reality;SD;Cine;No (Adquirible)
Argentina;Abono Mensual;Bronce;576;UNIVERSAL Premiere Oeste;SD;Cine;No (Adquirible)
Argentina;Abono Mensual;Bronce;577;UNIVERSAL Crime Oeste;SD;Cine;No (Adquirible)
Argentina;Abono Mensual;Bronce;599;Bienvenido a DIRECTV;Portal;Portal;Si
Argentina;Abono Mensual;Bronce;600;Portal DIRECTV Sports;Portal;Portal;Si
Argentina;Abono Mensual;Bronce;601;Nueva señal - Nombre TBD;SD;Variedades;No
Argentina;Abono Mensual;Bronce;602;Portal Fútbol Premium;Portal;Portal;Si
Argentina;Abono Mensual;Bronce;603;TNT Sports;SD;Deportes;No (Adquirible)
Argentina;Abono Mensual;Bronce;604;ESPN Premium;SD;Deportes;No (Adquirible)
Argentina;Abono Mensual;Bronce;605;Fox Sports;SD;Deportes;Si
Argentina;Abono Mensual;Bronce;608;Fox Sports 2;SD;Deportes;Si
Argentina;Abono Mensual;Bronce;609;Fox Sports 3;SD;Deportes;Si
Argentina;Abono Mensual;Bronce;610;DSPORTS;SD;Deportes;Si
Argentina;Abono Mensual;Bronce;612;DSPORTS 2;SD;Deportes;Si
Argentina;Abono Mensual;Bronce;613;DSPORTS+;SD;Deportes;Si
Argentina;Abono Mensual;Bronce;620;TyC Sports;SD;Deportes;Si
Argentina;Abono Mensual;Bronce;621;ESPN;SD;Deportes;Si
Argentina;Abono Mensual;Bronce;622;ESPN 2;SD;Deportes;Si
Argentina;Abono Mensual;Bronce;623;ESPN 3;SD;Deportes;Si
Argentina;Abono Mensual;Bronce;628;Golf Channel;SD;Deportes;No
Argentina;Abono Mensual;Bronce;630;DIRECTV Sports;SD;Deportes;Si
Argentina;Abono Mensual;Bronce;631;DSPORTS Radio;Radio;Radio;Si
Argentina;Abono Mensual;Bronce;632;TyC Sports 2 (virtual);SD;Deportes;Si
Argentina;Abono Mensual;Bronce;634;Fútbol de Paraguay;SD;Deportes;No (Adquirible)
Argentina;Abono Mensual;Bronce;635;Fútbol de Bolivia;SD;Deportes;No (Adquirible)
Argentina;Abono Mensual;Bronce;656;DeporTV;SD;Deportes;Si
Argentina;Abono Mensual;Bronce;680;MLB Extra Innings;SD;Deportes;No (Adquirible)
Argentina;Abono Mensual;Bronce;681;MLB Extra Innings;SD;Deportes;No (Adquirible)
Argentina;Abono Mensual;Bronce;700;DNEWS;SD;Variedades;Si
Argentina;Abono Mensual;Bronce;704;CNN en Español;SD;Mundo;Si
Argentina;Abono Mensual;Bronce;706;CNN International;SD;Mundo;No
Argentina;Abono Mensual;Bronce;707;CNN Chile;SD;Mundo;No
Argentina;Abono Mensual;Bronce;708;24 HORAS;SD;Mundo;No
Argentina;Abono Mensual;Bronce;710;Bloomberg Television;SD;Mundo;No
Argentina;Abono Mensual;Bronce;714;Nueva señal - TBD;SD;Variedades;No
Argentina;Abono Mensual;Bronce;715;La Nación+;SD;Mundo;Si
Argentina;Abono Mensual;Bronce;716;Todo Noticias (TN);SD;Mundo;Si
Argentina;Abono Mensual;Bronce;717;C5N;SD;Mundo;Si
Argentina;Abono Mensual;Bronce;718;Crónica TV;SD;Mundo;Si
Argentina;Abono Mensual;Bronce;719;A24;SD;Mundo;Si
Argentina;Abono Mensual;Bronce;720;Canal 26;SD;Mundo;Si
Argentina;Abono Mensual;Bronce;721;Argentina 12;SD;Mundo;No
Argentina;Abono Mensual;Bronce;724;Chacra TV;SD;Mundo;No
Argentina;Abono Mensual;Bronce;725;NTN24;SD;Mundo;No
Argentina;Abono Mensual;Bronce;726;Telemax;SD;Mundo;Si
Argentina;Abono Mensual;Bronce;727;Cable Noticias;SD;Mundo;No
Argentina;Abono Mensual;Bronce;728;Canal Rural;SD;Nacional;Si
Argentina;Abono Mensual;Bronce;729;Construir TV;SD;Mundo;Si
Argentina;Abono Mensual;Bronce;730;National Geographic;SD;Mundo;Si
Argentina;Abono Mensual;Bronce;732;Discovery Channel;SD;Mundo;Si
Argentina;Abono Mensual;Bronce;734;Animal Planet;SD;Mundo;Si
Argentina;Abono Mensual;Bronce;736;Discovery Turbo;SD;Mundo;No
Argentina;Abono Mensual;Bronce;740;TLC;SD;Mundo;No
Argentina;Abono Mensual;Bronce;742;History Channel;SD;Mundo;No
Argentina;Abono Mensual;Bronce;744;History 2;SD;Mundo;No
Argentina;Abono Mensual;Bronce;760;Univision;SD;Mundo;No
Argentina;Abono Mensual;Bronce;762;Antena 3;SD;Mundo;No
Argentina;Abono Mensual;Bronce;764;France 24 Español;SD;Mundo;Si
Argentina;Abono Mensual;Bronce;766;Rai Italia;SD;Mundo;No
Argentina;Abono Mensual;Bronce;768;BBC News;SD;Mundo;No
Argentina;Abono Mensual;Bronce;770;DW Español;SD;Mundo;No
Argentina;Abono Mensual;Bronce;772;Caracol Internacional;SD;Mundo;No
Argentina;Abono Mensual;Bronce;773;El Tiempo TV;SD;Mundo;Si
Argentina;Abono Mensual;Bronce;774;TV Chile;SD;Mundo;Si
Argentina;Abono Mensual;Bronce;775;Nuestra Tele;SD;Mundo;No
Argentina;Abono Mensual;Bronce;776;TV Globo Internacional;SD;Mundo;No (Adquirible)
Argentina;Abono Mensual;Bronce;778;RTP Internacional;SD;Mundo;No
Argentina;Abono Mensual;Bronce;780;Zee Mundo;SD;Mundo;No (Adquirible)
Argentina;Abono Mensual;Bronce;782;NHK World Japan;SD;Mundo;No (Adquirible)
Argentina;Abono Mensual;Bronce;790;CGTN Español;SD;Mundo;No
Argentina;Abono Mensual;Bronce;795;TV Perú;SD;Mundo;Si
Argentina;Abono Mensual;Bronce;800;OnDIRECTV;SD;Variedades;Si
Argentina;Abono Mensual;Bronce;804;Escuela Más;SD;Variedades;No
Argentina;Abono Mensual;Bronce;901;DSPORTS Radio;Radio;Radio;Si
Argentina;Abono Mensual;Bronce;973;FM Aspen;Radio;Radio;Si
Argentina;Abono Mensual;Bronce;974;Radio Nacional;Radio;Radio;Si
Argentina;Abono Mensual;Bronce;976;Radio del Plata;Radio;Radio;Si
Argentina;Abono Mensual;Bronce;977;Radio Disney;Radio;Radio;Si
Argentina;Abono Mensual;Bronce;980;Unión Radio Noticias;Radio;Radio;Si
Argentina;Abono Mensual;Bronce;981;FM Latina 101.1;Radio;Radio;Si
Argentina;Abono Mensual;Bronce;982;Radio Caracol;Radio;Radio;Si
Argentina;Abono Mensual;Bronce;984;Radio France Internationale;Radio;Radio;Si
Argentina;Abono Mensual;Bronce;999;OnDIRECTV;SD;Variedades;Si
Argentina;Abono Mensual;Bronce;1105;Gran Hermano - Experiencia Multicámara;SD;Variedades;No
Argentina;Abono Mensual;Bronce;1106;Gran Hermano - 24 hs;SD;Variedades;No
Argentina;Abono Mensual;Bronce;1107;Gran Hermano - Cámara 1;SD;Variedades;No
Argentina;Abono Mensual;Bronce;1108;Gran Hermano - Cámara 2;SD;Variedades;No
Argentina;Abono Mensual;Bronce;1109;Gran Hermano - Cámara 3;SD;Variedades;No
Argentina;Abono Mensual;Bronce;1120;América HD;HD;Nacional;No
Argentina;Abono Mensual;Bronce;1121;TV Pública HD;HD;Nacional;No
Argentina;Abono Mensual;Bronce;1122;El Nueve HD;HD;Nacional;No
Argentina;Abono Mensual;Bronce;1123;Telefe HD;HD;Nacional;No
Argentina;Abono Mensual;Bronce;1124;El Trece HD;HD;Nacional;No
Argentina;Abono Mensual;Bronce;1125;Net TV HD;HD;Nacional;No
Argentina;Abono Mensual;Bronce;1127;DSHOW HD;HD;Variedades;No
Argentina;Abono Mensual;Bronce;1128;Encuentro HD;HD;Nacional;No
Argentina;Abono Mensual;Bronce;1199;KZO HD;HD;Variedades;Si
Argentina;Abono Mensual;Bronce;1200;DIRECTV Series HD;HD;Portal;No
Argentina;Abono Mensual;Bronce;1204;Star Channel HD;HD;Variedades;No
Argentina;Abono Mensual;Bronce;1206;Warner Channel HD;HD;Variedades;No
Argentina;Abono Mensual;Bronce;1207;A&E HD;HD;Variedades;No
Argentina;Abono Mensual;Bronce;1208;Sony HD;HD;Variedades;No
Argentina;Abono Mensual;Bronce;1209;AXN HD;HD;Variedades;No
Argentina;Abono Mensual;Bronce;1210;AMC HD;HD;Variedades;No
Argentina;Abono Mensual;Bronce;1213;TNT Series HD;HD;Variedades;No
Argentina;Abono Mensual;Bronce;1214;Atres Series HD;HD;Variedades;No
Argentina;Abono Mensual;Bronce;1215;Comedy Central HD;HD;Variedades;No
Argentina;Abono Mensual;Bronce;1217;FX HD;HD;Variedades;No
Argentina;Abono Mensual;Bronce;1218;Universal TV HD;HD;Variedades;No
Argentina;Abono Mensual;Bronce;1219;USA Network HD;HD;Variedades;No
Argentina;Abono Mensual;Bronce;1221;Hola TV HD;HD;Variedades;No
Argentina;Abono Mensual;Bronce;1222;E! HD;HD;Variedades;No
Argentina;Abono Mensual;Bronce;1223;ID HD;HD;Variedades;No
Argentina;Abono Mensual;Bronce;1228;Lifetime HD;HD;Variedades;No
Argentina;Abono Mensual;Bronce;1229;Discovery Home & Health HD;HD;Variedades;No
Argentina;Abono Mensual;Bronce;1231;A la Cocina TV;HD;Variedades;No
Argentina;Abono Mensual;Bronce;1232;El Gourmet HD;HD;Variedades;No
Argentina;Abono Mensual;Bronce;1233;Food Network HD;HD;Variedades;No
Argentina;Abono Mensual;Bronce;1234;HGTV HD;HD;Variedades;No
Argentina;Abono Mensual;Bronce;1236;Ciudad Magazine HD;HD;Variedades;No
Argentina;Abono Mensual;Bronce;1237;VePlus HD;HD;Variedades;No
Argentina;Abono Mensual;Bronce;1264;MTV HD;HD;Variedades;No
Argentina;Abono Mensual;Bronce;1265;Music Top HD;HD;Variedades;No
Argentina;Abono Mensual;Bronce;1266;Tierra Mía HD;HD;Variedades;No
Argentina;Abono Mensual;Bronce;1267;DSHOW;SD;Variedades;No
Argentina;Abono Mensual;Bronce;1269;Quiero Música en Mi Idioma (QMusic) HD;HD;Variedades;No
Argentina;Abono Mensual;Bronce;1270;Latina TV;HD;Variedades;Si
Argentina;Abono Mensual;Bronce;1304;Cartoon Network HD;HD;Infantil;No
Argentina;Abono Mensual;Bronce;1308;Nick HD;HD;Infantil;No
Argentina;Abono Mensual;Bronce;1309;Nick Jr. HD;HD;Infantil;No
Argentina;Abono Mensual;Bronce;1312;Disney Channel HD;HD;Infantil;No
Argentina;Abono Mensual;Bronce;1315;Disney Junior HD;HD;Infantil;No
Argentina;Abono Mensual;Bronce;1317;BabyTV;SD;Infantil;No
Argentina;Abono Mensual;Bronce;1318;Plim Plim;SD;Infantil;Si
Argentina;Abono Mensual;Bronce;1319;El Reino Infantil;SD;Infantil;No
Argentina;Abono Mensual;Bronce;1330;Discovery Kids HD;HD;Infantil;No
Argentina;Abono Mensual;Bronce;1402;PPV HD;HD;PPV;No
Argentina;Abono Mensual;Bronce;1404;PPV HD;HD;PPV;No
Argentina;Abono Mensual;Bronce;1406;PPV HD;HD;PPV;No
Argentina;Abono Mensual;Bronce;1408;PPV HD;HD;PPV;No
Argentina;Abono Mensual;Bronce;1410;PPV HD;HD;PPV;No
Argentina;Abono Mensual;Bronce;1502;TNT HD;HD;Cine;No
Argentina;Abono Mensual;Bronce;1503;Golden HD;HD;Cine;No
Argentina;Abono Mensual;Bronce;1506;Sony Movies HD;HD;Cine;No
Argentina;Abono Mensual;Bronce;1507;Cinecanal HD;HD;Cine;No
Argentina;Abono Mensual;Bronce;1508;Studio Universal HD;HD;Cine;No
Argentina;Abono Mensual;Bronce;1509;Cinemax HD;HD;Cine;No
Argentina;Abono Mensual;Bronce;1510;Mórbido TV;SD;Cine;Si
Argentina;Abono Mensual;Bronce;1513;DHE HD;HD;Cine;No
Argentina;Abono Mensual;Bronce;1518;Space HD;HD;Cine;No
Argentina;Abono Mensual;Bronce;1524;HBO HD;HD;Cine;No
Argentina;Abono Mensual;Bronce;1525;HBO 2 HD;HD;Cine;No
Argentina;Abono Mensual;Bronce;1528;HBO Signature HD;HD;Cine;No
Argentina;Abono Mensual;Bronce;1532;HBO Plus HD;HD;Cine;No
Argentina;Abono Mensual;Bronce;1534;HBO Family HD;HD;Cine;No
Argentina;Abono Mensual;Bronce;1542;HBO Xtreme HD;HD;Cine;No
Argentina;Abono Mensual;Bronce;1571;UNIVERSAL Premiere Este HD;HD;Cine;No (Adquirible)
Argentina;Abono Mensual;Bronce;1572;UNIVERSAL Cinema Oeste HD;HD;Cine;No (Adquirible)
Argentina;Abono Mensual;Bronce;1573;UNIVERSAL Comedy HD;HD;Cine;No (Adquirible)
Argentina;Abono Mensual;Bronce;1574;UNIVERSAL Crime HD;HD;Cine;No (Adquirible)
Argentina;Abono Mensual;Bronce;1575;UNIVERSAL Reality HD;HD;Cine;No (Adquirible)
Argentina;Abono Mensual;Bronce;1576;UNIVERSAL Premiere Oeste HD;HD;Cine;No (Adquirible)
Argentina;Abono Mensual;Bronce;1577;UNIVERSAL Crime Oeste HD;HD;Cine;No (Adquirible)
Argentina;Abono Mensual;Bronce;1601;Nueva señal - Nombre TBD;SD;Variedades;No
Argentina;Abono Mensual;Bronce;1602;Portal Fútbol Premium;Portal;Portal;Si
Argentina;Abono Mensual;Bronce;1603;TNT Sports HD;HD;Deportes;No
Argentina;Abono Mensual;Bronce;1604;Fox Sports Premium HD;HD;Deportes;No
Argentina;Abono Mensual;Bronce;1605;Fox Sports HD;HD;Deportes;No
Argentina;Abono Mensual;Bronce;1608;Fox Sports 2 HD;HD;Deportes;No
Argentina;Abono Mensual;Bronce;1609;Fox Sports 3 HD;HD;Deportes;No
Argentina;Abono Mensual;Bronce;1610;DSPORTS HD;HD;Deportes;No
Argentina;Abono Mensual;Bronce;1612;DSPORTS 2 HD;HD;Deportes;No
Argentina;Abono Mensual;Bronce;1613;DSPORTS+ HD;HD;Deportes;No
Argentina;Abono Mensual;Bronce;1620;TyC Sports HD;HD;Deportes;No
Argentina;Abono Mensual;Bronce;1621;ESPN HD;HD;Deportes;No
Argentina;Abono Mensual;Bronce;1622;ESPN 2 HD;HD;Deportes;No
Argentina;Abono Mensual;Bronce;1623;ESPN 3 HD;HD;Deportes;No
Argentina;Abono Mensual;Bronce;1624;ESPN 4;HD;Deportes;No
Argentina;Abono Mensual;Bronce;1628;Golf Channel HD;HD;Deportes;No
Argentina;Abono Mensual;Bronce;1630;DSPORTS;SD;Deportes;No
Argentina;Abono Mensual;Bronce;1631;DSPORTS Radio;Radio;Radio;No
Argentina;Abono Mensual;Bronce;1639;PX Sports;HD;Deportes;No
Argentina;Abono Mensual;Bronce;1654;DeporTV HD;HD;Deportes;No
Argentina;Abono Mensual;Bronce;1656;DeporTV HD;HD;Deportes;No
Argentina;Abono Mensual;Bronce;1677;NBA TV HD;HD;Deportes;No
Argentina;Abono Mensual;Bronce;1700;DNEWS HD;HD;Variedades;No
Argentina;Abono Mensual;Bronce;1714;DSHOW;SD;Variedades;No
Argentina;Abono Mensual;Bronce;1715;La Nación+ HD;HD;Mundo;No
Argentina;Abono Mensual;Bronce;1716;TN HD;HD;Mundo;No
Argentina;Abono Mensual;Bronce;1717;C5N HD;HD;Local;No
Argentina;Abono Mensual;Bronce;1719;A24 HD;HD;Mundo;No
Argentina;Abono Mensual;Bronce;1720;Canal 26 HD;HD;Mundo;No
Argentina;Abono Mensual;Bronce;1721;Argentina 12 HD;HD;Mundo;No
Argentina;Abono Mensual;Bronce;1722;Canal E;HD;Variedades;No
Argentina;Abono Mensual;Bronce;1724;TV Perú Noticias HD;HD;Mundo;No
Argentina;Abono Mensual;Bronce;1730;National Geographic HD;HD;Mundo;No
Argentina;Abono Mensual;Bronce;1731;Discovery Theater HD;HD;Mundo;No
Argentina;Abono Mensual;Bronce;1732;Discovery Channel HD;HD;Mundo;No
Argentina;Abono Mensual;Bronce;1734;Animal Planet HD;HD;Mundo;No
Argentina;Abono Mensual;Bronce;1738;Discovery World HD;HD;Mundo;No
Argentina;Abono Mensual;Bronce;1740;TLC HD;HD;Mundo;No
Argentina;Abono Mensual;Bronce;1742;History Channel HD;HD;Mundo;No
Argentina;Abono Mensual;Bronce;1744;History 2 HD;HD;Mundo;No
Argentina;Abono Mensual;Bronce;1748;Canal (A) HD;HD;Mundo;No
Argentina;Abono Mensual;Bronce;1750;Encuentro Internacional HD;HD;Variedades;No
Argentina;Abono Mensual;Bronce;1762;Antena 3 HD;HD;Mundo;No
Argentina;Abono Mensual;Bronce;1764;France 24 Español;SD;Mundo;Si
Argentina;Abono Mensual;Bronce;1789;TV Ciudad HD;HD;Variedades;No
Argentina;Abono Mensual;Bronce;1795;TV Perú HD;HD;Mundo;No
Argentina;Abono Mensual;Bronce;1804;Escuela Más HD;HD;Variedades;No
Argentina;Abono Mensual;Bronce;4000;DIRECTV Ultra HD: 4K;4K;4K;No
Argentina;Abono Mensual;Bronce HD;100;Canal 100 DIRECTV;Portal;Portal;Si
Argentina;Abono Mensual;Bronce HD;101;Canal 101 Prepago;Portal;Portal;No
Argentina;Abono Mensual;Bronce HD;105;Gran Hermano - Experiencia Multicámara;SD;Variedades;Si
Argentina;Abono Mensual;Bronce HD;106;Gran Hermano - 24 hs;SD;Variedades;Si
Argentina;Abono Mensual;Bronce HD;107;Gran Hermano - Cámara 1;SD;Variedades;Si
Argentina;Abono Mensual;Bronce HD;108;Gran Hermano - Cámara 2;SD;Variedades;Si
Argentina;Abono Mensual;Bronce HD;109;Gran Hermano - Cámara 3;SD;Variedades;Si
Argentina;Abono Mensual;Bronce HD;120;América;SD;Nacional;Si
Argentina;Abono Mensual;Bronce HD;121;TV Pública;SD;Nacional;Si
Argentina;Abono Mensual;Bronce HD;122;El Nueve;SD;Nacional;Si
Argentina;Abono Mensual;Bronce HD;123;Telefe;SD;Nacional;Si
Argentina;Abono Mensual;Bronce HD;124;El Trece;SD;Nacional;Si
Argentina;Abono Mensual;Bronce HD;125;Net TV;SD;Nacional;Si
Argentina;Abono Mensual;Bronce HD;126;Bravo TV;SD;Variedades;Si
Argentina;Abono Mensual;Bronce HD;127;DSHOW;SD;Variedades;Si
Argentina;Abono Mensual;Bronce HD;128;Encuentro;SD;Nacional;Si
Argentina;Abono Mensual;Bronce HD;129;Canal de la Ciudad;SD;Local;Si
Argentina;Abono Mensual;Bronce HD;130;Canal 7 Mendoza;SD;Local;Si
Argentina;Abono Mensual;Bronce HD;131;Canal 9 Mendoza;SD;Local;Si
Argentina;Abono Mensual;Bronce HD;132;Telediario;SD;Local;Si
Argentina;Abono Mensual;Bronce HD;133;Canal 7 de Jujuy;SD;Local;Si
Argentina;Abono Mensual;Bronce HD;134;Canal 3 Rosario;SD;Nacional;Si
Argentina;Abono Mensual;Bronce HD;135;Canal 12 de Córdoba;SD;Local;Si
Argentina;Abono Mensual;Bronce HD;136;Telefé Córdoba;SD;Local;Si
Argentina;Abono Mensual;Bronce HD;137;Telefe Rosario;SD;Local;Si
Argentina;Abono Mensual;Bronce HD;139;Televisión Pública Pampeana;SD;Local;Si
Argentina;Abono Mensual;Bronce HD;140;Canal 8 San Juan;SD;Local;No
Argentina;Abono Mensual;Bronce HD;160;Infomerciales;SD;Variedades;Si
Argentina;Abono Mensual;Bronce HD;199;KZO;SD;Variedades;Si
Argentina;Abono Mensual;Bronce HD;200;DIRECTV Series;SD;Portal;Si
Argentina;Abono Mensual;Bronce HD;204;Star Channel;SD;Variedades;Si
Argentina;Abono Mensual;Bronce HD;206;Warner Channel;SD;Variedades;Si
Argentina;Abono Mensual;Bronce HD;207;A&E;SD;Variedades;Si
Argentina;Abono Mensual;Bronce HD;208;Sony;SD;Variedades;Si
Argentina;Abono Mensual;Bronce HD;209;AXN;SD;Variedades;Si
Argentina;Abono Mensual;Bronce HD;210;AMC;SD;Variedades;No
Argentina;Abono Mensual;Bronce HD;213;TNT Series;SD;Variedades;No
Argentina;Abono Mensual;Bronce HD;214;Atres Series;SD;Variedades;No
Argentina;Abono Mensual;Bronce HD;215;Comedy Central;SD;Variedades;No
Argentina;Abono Mensual;Bronce HD;216;TNT Novelas;SD;Variedades;No
Argentina;Abono Mensual;Bronce HD;217;FX;SD;Variedades;Si
Argentina;Abono Mensual;Bronce HD;218;Universal TV;SD;Variedades;Si
Argentina;Abono Mensual;Bronce HD;219;USA Network;SD;Variedades;No
Argentina;Abono Mensual;Bronce HD;220;Adult Swim;SD;Variedades;No
Argentina;Abono Mensual;Bronce HD;221;¡Hola! TV;SD;Variedades;Si
Argentina;Abono Mensual;Bronce HD;222;E!;SD;Variedades;Si
Argentina;Abono Mensual;Bronce HD;223;Investigation Discovery (ID);SD;Variedades;No
Argentina;Abono Mensual;Bronce HD;226;Las Estrellas;SD;Variedades;No
Argentina;Abono Mensual;Bronce HD;227;TLnovelas;SD;Variedades;No
Argentina;Abono Mensual;Bronce HD;228;Lifetime;SD;Variedades;No
Argentina;Abono Mensual;Bronce HD;229;Discovery Home & Health;SD;Variedades;Si
Argentina;Abono Mensual;Bronce HD;230;Más Chic;SD;Variedades;No
Argentina;Abono Mensual;Bronce HD;231;Telemundo;SD;Variedades;Si
Argentina;Abono Mensual;Bronce HD;232;El Gourmet;SD;Variedades;No
Argentina;Abono Mensual;Bronce HD;233;Food Network;SD;Variedades;No
Argentina;Abono Mensual;Bronce HD;236;Ciudad Magazine;SD;Variedades;Si
Argentina;Abono Mensual;Bronce HD;238;Volver;SD;Variedades;Si
Argentina;Abono Mensual;Bronce HD;240;Caras TV;SD;Mundo;Si
Argentina;Abono Mensual;Bronce HD;264;MTV;SD;Variedades;Si
Argentina;Abono Mensual;Bronce HD;267;DSHOW;SD;Variedades;Si
Argentina;Abono Mensual;Bronce HD;269;Quiero Música en Mi Idioma (QMusic);SD;Variedades;Si
Argentina;Abono Mensual;Bronce HD;296;Unión Radio Noticias;Radio;Radio;Si
Argentina;Abono Mensual;Bronce HD;300;OnDIRECTV;SD;Variedades;Si
Argentina;Abono Mensual;Bronce HD;301;Star Fun;SD;PPV;No
Argentina;Abono Mensual;Bronce HD;302;HBO Family;SD;Cine;No (Adquirible)
Argentina;Abono Mensual;Bronce HD;303;Paka Paka;SD;Infantil;Si
Argentina;Abono Mensual;Bronce HD;304;Cartoon Network;SD;Infantil;Si
Argentina;Abono Mensual;Bronce HD;308;Nickelodeon;SD;Infantil;No
Argentina;Abono Mensual;Bronce HD;309;Nick Jr.;SD;Infantil;No
Argentina;Abono Mensual;Bronce HD;312;Disney Channel;SD;Infantil;Si
Argentina;Abono Mensual;Bronce HD;315;Disney Junior;SD;Infantil;Si
Argentina;Abono Mensual;Bronce HD;317;BabyTV;SD;Infantil;No
Argentina;Abono Mensual;Bronce HD;318;Plim Plim;SD;Infantil;Si
Argentina;Abono Mensual;Bronce HD;319;El Reino Infantil;SD;Infantil;No
Argentina;Abono Mensual;Bronce HD;330;Discovery Kids;SD;Infantil;Si
Argentina;Abono Mensual;Bronce HD;334;Cartoonito;SD;Infantil;No
Argentina;Abono Mensual;Bronce HD;350;EWTN;SD;Religioso;Si
Argentina;Abono Mensual;Bronce HD;351;Orbe 21;SD;Religioso;Si
Argentina;Abono Mensual;Bronce HD;352;Enlace;SD;Religioso;Si
Argentina;Abono Mensual;Bronce HD;354;Canal Luz;SD;Religioso;Si
Argentina;Abono Mensual;Bronce HD;358;DayStar;SD;Religioso;Si
Argentina;Abono Mensual;Bronce HD;400;Placa DIRECTV GO;Portal;Portal;Si
Argentina;Abono Mensual;Bronce HD;401;SMS CINE PPV;Portal;Portal;Si
Argentina;Abono Mensual;Bronce HD;402;CINE;SD;PPV;No
Argentina;Abono Mensual;Bronce HD;404;CINE;SD;PPV;No
Argentina;Abono Mensual;Bronce HD;406;CINE;SD;PPV;No
Argentina;Abono Mensual;Bronce HD;408;CINE;SD;PPV;No
Argentina;Abono Mensual;Bronce HD;410;CINE;SD;PPV;No
Argentina;Abono Mensual;Bronce HD;460;SMS ADULTOS PPV;Portal;Portal;Si
Argentina;Abono Mensual;Bronce HD;464;Playboy TV;SD;Adultos;No (Adquirible)
Argentina;Abono Mensual;Bronce HD;468;Venus;SD;Adultos;No (Adquirible)
Argentina;Abono Mensual;Bronce HD;469;XTSY;SD;Adultos;No (Adquirible)
Argentina;Abono Mensual;Bronce HD;470;Hustler TV HD;HD;Adultos;No (Adquirible)
Argentina;Abono Mensual;Bronce HD;500;OnDIRECTV;SD;Variedades;Si
Argentina;Abono Mensual;Bronce HD;502;TNT;SD;Cine;Si
Argentina;Abono Mensual;Bronce HD;503;Golden;SD;Cine;No
Argentina;Abono Mensual;Bronce HD;506;Sony Movies;SD;Cine;No
Argentina;Abono Mensual;Bronce HD;507;Cinecanal;SD;Cine;Si
Argentina;Abono Mensual;Bronce HD;508;Studio Universal;SD;Cine;Si
Argentina;Abono Mensual;Bronce HD;509;Cinemax;SD;Cine;No
Argentina;Abono Mensual;Bronce HD;510;Mórbido TV;SD;Cine;Si
Argentina;Abono Mensual;Bronce HD;512;Cine.AR;SD;Cine;Si
Argentina;Abono Mensual;Bronce HD;513;DHE;SD;Cine;No
Argentina;Abono Mensual;Bronce HD;516;De Película;SD;Cine;No
Argentina;Abono Mensual;Bronce HD;517;Golden Edge;SD;Cine;No
Argentina;Abono Mensual;Bronce HD;518;Space;SD;Cine;Si
Argentina;Abono Mensual;Bronce HD;522;HBO Next;Portal;Portal;Si
Argentina;Abono Mensual;Bronce HD;524;HBO;SD;Cine;No (Adquirible)
Argentina;Abono Mensual;Bronce HD;525;HBO 2;SD;Cine;No (Adquirible)
Argentina;Abono Mensual;Bronce HD;526;HBO Plus Este;SD;Cine;No (Adquirible)
Argentina;Abono Mensual;Bronce HD;528;HBO Signature;SD;Cine;No (Adquirible)
Argentina;Abono Mensual;Bronce HD;534;HBO Family;SD;Cine;No (Adquirible)
Argentina;Abono Mensual;Bronce HD;540;HBO Mundi;SD;Cine;No (Adquirible)
Argentina;Abono Mensual;Bronce HD;541;HBO Pop;SD;Cine;No (Adquirible)
Argentina;Abono Mensual;Bronce HD;542;HBO Xtreme;SD;Cine;No (Adquirible)
Argentina;Abono Mensual;Bronce HD;544;HBO Next;Portal;Portal;Si
Argentina;Abono Mensual;Bronce HD;550;OnDIRECTV;SD;Variedades;Si
Argentina;Abono Mensual;Bronce HD;551;Cómo Contratar Premium;SD;Portal;Si
Argentina;Abono Mensual;Bronce HD;570;Portal Premium;SD;Portal;Si
Argentina;Abono Mensual;Bronce HD;571;UNIVERSAL Premiere Este;SD;Cine;No (Adquirible)
Argentina;Abono Mensual;Bronce HD;572;UNIVERSAL Cinema Oeste;SD;Cine;No (Adquirible)
Argentina;Abono Mensual;Bronce HD;573;UNIVERSAL Comedy;SD;Cine;No (Adquirible)
Argentina;Abono Mensual;Bronce HD;574;UNIVERSAL Crime;SD;Cine;No (Adquirible)
Argentina;Abono Mensual;Bronce HD;575;UNIVERSAL Reality;SD;Cine;No (Adquirible)
Argentina;Abono Mensual;Bronce HD;576;UNIVERSAL Premiere Oeste;SD;Cine;No (Adquirible)
Argentina;Abono Mensual;Bronce HD;577;UNIVERSAL Crime Oeste;SD;Cine;No (Adquirible)
Argentina;Abono Mensual;Bronce HD;599;Bienvenido a DIRECTV;Portal;Portal;Si
Argentina;Abono Mensual;Bronce HD;600;Portal DIRECTV Sports;Portal;Portal;Si
Argentina;Abono Mensual;Bronce HD;601;Nueva señal - Nombre TBD;SD;Variedades;Si
Argentina;Abono Mensual;Bronce HD;602;Portal Fútbol Premium;Portal;Portal;Si
Argentina;Abono Mensual;Bronce HD;603;TNT Sports;SD;Deportes;No (Adquirible)
Argentina;Abono Mensual;Bronce HD;604;ESPN Premium;SD;Deportes;No (Adquirible)
Argentina;Abono Mensual;Bronce HD;605;Fox Sports;SD;Deportes;Si
Argentina;Abono Mensual;Bronce HD;608;Fox Sports 2;SD;Deportes;Si
Argentina;Abono Mensual;Bronce HD;609;Fox Sports 3;SD;Deportes;Si
Argentina;Abono Mensual;Bronce HD;610;DSPORTS;SD;Deportes;Si
Argentina;Abono Mensual;Bronce HD;612;DSPORTS 2;SD;Deportes;Si
Argentina;Abono Mensual;Bronce HD;613;DSPORTS+;SD;Deportes;Si
Argentina;Abono Mensual;Bronce HD;620;TyC Sports;SD;Deportes;Si
Argentina;Abono Mensual;Bronce HD;621;ESPN;SD;Deportes;Si
Argentina;Abono Mensual;Bronce HD;622;ESPN 2;SD;Deportes;Si
Argentina;Abono Mensual;Bronce HD;623;ESPN 3;SD;Deportes;Si
Argentina;Abono Mensual;Bronce HD;628;Golf Channel;SD;Deportes;No
Argentina;Abono Mensual;Bronce HD;630;DIRECTV Sports;SD;Deportes;Si
Argentina;Abono Mensual;Bronce HD;631;DSPORTS Radio;Radio;Radio;Si
Argentina;Abono Mensual;Bronce HD;632;TyC Sports 2 (virtual);SD;Deportes;Si
Argentina;Abono Mensual;Bronce HD;634;Fútbol de Paraguay;SD;Deportes;No (Adquirible)
Argentina;Abono Mensual;Bronce HD;635;Fútbol de Bolivia;SD;Deportes;No (Adquirible)
Argentina;Abono Mensual;Bronce HD;656;DeporTV;SD;Deportes;Si
Argentina;Abono Mensual;Bronce HD;680;MLB Extra Innings;SD;Deportes;No (Adquirible)
Argentina;Abono Mensual;Bronce HD;681;MLB Extra Innings;SD;Deportes;No (Adquirible)
Argentina;Abono Mensual;Bronce HD;700;DNEWS;SD;Variedades;Si
Argentina;Abono Mensual;Bronce HD;704;CNN en Español;SD;Mundo;Si
Argentina;Abono Mensual;Bronce HD;706;CNN International;SD;Mundo;No
Argentina;Abono Mensual;Bronce HD;707;CNN Chile;SD;Mundo;No
Argentina;Abono Mensual;Bronce HD;708;24 HORAS;SD;Mundo;No
Argentina;Abono Mensual;Bronce HD;710;Bloomberg Television;SD;Mundo;No
Argentina;Abono Mensual;Bronce HD;714;Nueva señal - TBD;SD;Variedades;Si
Argentina;Abono Mensual;Bronce HD;715;La Nación+;SD;Mundo;Si
Argentina;Abono Mensual;Bronce HD;716;Todo Noticias (TN);SD;Mundo;Si
Argentina;Abono Mensual;Bronce HD;717;C5N;SD;Mundo;Si
Argentina;Abono Mensual;Bronce HD;718;Crónica TV;SD;Mundo;Si
Argentina;Abono Mensual;Bronce HD;719;A24;SD;Mundo;Si
Argentina;Abono Mensual;Bronce HD;720;Canal 26;SD;Mundo;Si
Argentina;Abono Mensual;Bronce HD;721;Argentina 12;SD;Mundo;No
Argentina;Abono Mensual;Bronce HD;724;Chacra TV;SD;Mundo;Si
Argentina;Abono Mensual;Bronce HD;725;NTN24;SD;Mundo;No
Argentina;Abono Mensual;Bronce HD;726;Telemax;SD;Mundo;Si
Argentina;Abono Mensual;Bronce HD;727;Cable Noticias;SD;Mundo;No
Argentina;Abono Mensual;Bronce HD;728;Canal Rural;SD;Nacional;Si
Argentina;Abono Mensual;Bronce HD;729;Construir TV;SD;Mundo;Si
Argentina;Abono Mensual;Bronce HD;730;National Geographic;SD;Mundo;Si
Argentina;Abono Mensual;Bronce HD;732;Discovery Channel;SD;Mundo;Si
Argentina;Abono Mensual;Bronce HD;734;Animal Planet;SD;Mundo;Si
Argentina;Abono Mensual;Bronce HD;736;Discovery Turbo;SD;Mundo;No
Argentina;Abono Mensual;Bronce HD;740;TLC;SD;Mundo;No
Argentina;Abono Mensual;Bronce HD;742;History Channel;SD;Mundo;Si
Argentina;Abono Mensual;Bronce HD;744;History 2;SD;Mundo;No
Argentina;Abono Mensual;Bronce HD;760;Univision;SD;Mundo;No
Argentina;Abono Mensual;Bronce HD;762;Antena 3;SD;Mundo;No
Argentina;Abono Mensual;Bronce HD;764;France 24 Español;SD;Mundo;Si
Argentina;Abono Mensual;Bronce HD;766;Rai Italia;SD;Mundo;No
Argentina;Abono Mensual;Bronce HD;768;BBC News;SD;Mundo;No
Argentina;Abono Mensual;Bronce HD;770;DW Español;SD;Mundo;No
Argentina;Abono Mensual;Bronce HD;772;Caracol Internacional;SD;Mundo;No
Argentina;Abono Mensual;Bronce HD;773;El Tiempo TV;SD;Mundo;Si
Argentina;Abono Mensual;Bronce HD;774;TV Chile;SD;Mundo;Si
Argentina;Abono Mensual;Bronce HD;775;Nuestra Tele;SD;Mundo;No
Argentina;Abono Mensual;Bronce HD;776;TV Globo Internacional;SD;Mundo;No (Adquirible)
Argentina;Abono Mensual;Bronce HD;778;RTP Internacional;SD;Mundo;No
Argentina;Abono Mensual;Bronce HD;780;Zee Mundo;SD;Mundo;No (Adquirible)
Argentina;Abono Mensual;Bronce HD;782;NHK World Japan;SD;Mundo;No (Adquirible)
Argentina;Abono Mensual;Bronce HD;790;CGTN Español;SD;Mundo;Si
Argentina;Abono Mensual;Bronce HD;795;TV Perú;SD;Mundo;Si
Argentina;Abono Mensual;Bronce HD;800;OnDIRECTV;SD;Variedades;Si
Argentina;Abono Mensual;Bronce HD;804;Escuela Más;SD;Variedades;Si
Argentina;Abono Mensual;Bronce HD;901;DSPORTS Radio;Radio;Radio;Si
Argentina;Abono Mensual;Bronce HD;973;FM Aspen;Radio;Radio;Si
Argentina;Abono Mensual;Bronce HD;974;Radio Nacional;Radio;Radio;Si
Argentina;Abono Mensual;Bronce HD;976;Radio del Plata;Radio;Radio;Si
Argentina;Abono Mensual;Bronce HD;977;Radio Disney;Radio;Radio;Si
Argentina;Abono Mensual;Bronce HD;980;Unión Radio Noticias;Radio;Radio;Si
Argentina;Abono Mensual;Bronce HD;981;FM Latina 101.1;Radio;Radio;Si
Argentina;Abono Mensual;Bronce HD;982;Radio Caracol;Radio;Radio;Si
Argentina;Abono Mensual;Bronce HD;984;Radio France Internationale;Radio;Radio;Si
Argentina;Abono Mensual;Bronce HD;999;OnDIRECTV;SD;Variedades;Si
Argentina;Abono Mensual;Bronce HD;1105;Gran Hermano - Experiencia Multicámara;SD;Variedades;Si
Argentina;Abono Mensual;Bronce HD;1106;Gran Hermano - 24 hs;SD;Variedades;Si
Argentina;Abono Mensual;Bronce HD;1107;Gran Hermano - Cámara 1;SD;Variedades;Si
Argentina;Abono Mensual;Bronce HD;1108;Gran Hermano - Cámara 2;SD;Variedades;Si
Argentina;Abono Mensual;Bronce HD;1109;Gran Hermano - Cámara 3;SD;Variedades;Si
Argentina;Abono Mensual;Bronce HD;1120;América HD;HD;Nacional;Si
Argentina;Abono Mensual;Bronce HD;1121;TV Pública HD;HD;Nacional;Si
Argentina;Abono Mensual;Bronce HD;1122;El Nueve HD;HD;Nacional;Si
Argentina;Abono Mensual;Bronce HD;1123;Telefe HD;HD;Nacional;Si
Argentina;Abono Mensual;Bronce HD;1124;El Trece HD;HD;Nacional;Si
Argentina;Abono Mensual;Bronce HD;1125;Net TV HD;HD;Nacional;Si
Argentina;Abono Mensual;Bronce HD;1127;DSHOW HD;HD;Variedades;Si
Argentina;Abono Mensual;Bronce HD;1128;Encuentro HD;HD;Nacional;No
Argentina;Abono Mensual;Bronce HD;1199;KZO HD;HD;Variedades;Si
Argentina;Abono Mensual;Bronce HD;1200;DIRECTV Series HD;HD;Portal;Si
Argentina;Abono Mensual;Bronce HD;1204;Star Channel HD;HD;Variedades;Si
Argentina;Abono Mensual;Bronce HD;1206;Warner Channel HD;HD;Variedades;Si
Argentina;Abono Mensual;Bronce HD;1207;A&E HD;HD;Variedades;Si
Argentina;Abono Mensual;Bronce HD;1208;Sony HD;HD;Variedades;Si
Argentina;Abono Mensual;Bronce HD;1209;AXN HD;HD;Variedades;Si
Argentina;Abono Mensual;Bronce HD;1210;AMC HD;HD;Variedades;No
Argentina;Abono Mensual;Bronce HD;1213;TNT Series HD;HD;Variedades;Si
Argentina;Abono Mensual;Bronce HD;1214;Atres Series HD;HD;Variedades;No
Argentina;Abono Mensual;Bronce HD;1215;Comedy Central HD;HD;Variedades;No
Argentina;Abono Mensual;Bronce HD;1217;FX HD;HD;Variedades;Si
Argentina;Abono Mensual;Bronce HD;1218;Universal TV HD;HD;Variedades;Si
Argentina;Abono Mensual;Bronce HD;1219;USA Network HD;HD;Variedades;No
Argentina;Abono Mensual;Bronce HD;1221;Hola TV HD;HD;Variedades;Si
Argentina;Abono Mensual;Bronce HD;1222;E! HD;HD;Variedades;Si
Argentina;Abono Mensual;Bronce HD;1223;ID HD;HD;Variedades;No
Argentina;Abono Mensual;Bronce HD;1228;Lifetime HD;HD;Variedades;No
Argentina;Abono Mensual;Bronce HD;1229;Discovery Home & Health HD;HD;Variedades;Si
Argentina;Abono Mensual;Bronce HD;1231;A la Cocina TV;HD;Variedades;Si
Argentina;Abono Mensual;Bronce HD;1232;El Gourmet HD;HD;Variedades;Si
Argentina;Abono Mensual;Bronce HD;1233;Food Network HD;HD;Variedades;No
Argentina;Abono Mensual;Bronce HD;1234;HGTV HD;HD;Variedades;No
Argentina;Abono Mensual;Bronce HD;1236;Ciudad Magazine HD;HD;Variedades;Si
Argentina;Abono Mensual;Bronce HD;1237;VePlus HD;HD;Variedades;Si
Argentina;Abono Mensual;Bronce HD;1264;MTV HD;HD;Variedades;Si
Argentina;Abono Mensual;Bronce HD;1265;Music Top HD;HD;Variedades;Si
Argentina;Abono Mensual;Bronce HD;1266;Tierra Mía HD;HD;Variedades;No
Argentina;Abono Mensual;Bronce HD;1267;DSHOW;SD;Variedades;Si
Argentina;Abono Mensual;Bronce HD;1269;Quiero Música en Mi Idioma (QMusic) HD;HD;Variedades;Si
Argentina;Abono Mensual;Bronce HD;1270;Latina TV;HD;Variedades;Si
Argentina;Abono Mensual;Bronce HD;1304;Cartoon Network HD;HD;Infantil;Si
Argentina;Abono Mensual;Bronce HD;1308;Nick HD;HD;Infantil;Si
Argentina;Abono Mensual;Bronce HD;1309;Nick Jr. HD;HD;Infantil;No
Argentina;Abono Mensual;Bronce HD;1312;Disney Channel HD;HD;Infantil;Si
Argentina;Abono Mensual;Bronce HD;1315;Disney Junior HD;HD;Infantil;Si
Argentina;Abono Mensual;Bronce HD;1317;BabyTV;SD;Infantil;No
Argentina;Abono Mensual;Bronce HD;1318;Plim Plim;SD;Infantil;Si
Argentina;Abono Mensual;Bronce HD;1319;El Reino Infantil;SD;Infantil;Si
Argentina;Abono Mensual;Bronce HD;1330;Discovery Kids HD;HD;Infantil;Si
Argentina;Abono Mensual;Bronce HD;1402;PPV HD;HD;PPV;No
Argentina;Abono Mensual;Bronce HD;1404;PPV HD;HD;PPV;No
Argentina;Abono Mensual;Bronce HD;1406;PPV HD;HD;PPV;No
Argentina;Abono Mensual;Bronce HD;1408;PPV HD;HD;PPV;No
Argentina;Abono Mensual;Bronce HD;1410;PPV HD;HD;PPV;No
Argentina;Abono Mensual;Bronce HD;1502;TNT HD;HD;Cine;Si
Argentina;Abono Mensual;Bronce HD;1503;Golden HD;HD;Cine;No
Argentina;Abono Mensual;Bronce HD;1506;Sony Movies HD;HD;Cine;No
Argentina;Abono Mensual;Bronce HD;1507;Cinecanal HD;HD;Cine;Si
Argentina;Abono Mensual;Bronce HD;1508;Studio Universal HD;HD;Cine;Si
Argentina;Abono Mensual;Bronce HD;1509;Cinemax HD;HD;Cine;No
Argentina;Abono Mensual;Bronce HD;1510;Mórbido TV;SD;Cine;Si
Argentina;Abono Mensual;Bronce HD;1513;DHE HD;HD;Cine;No
Argentina;Abono Mensual;Bronce HD;1518;Space HD;HD;Cine;Si
Argentina;Abono Mensual;Bronce HD;1524;HBO HD;HD;Cine;No (Adquirible)
Argentina;Abono Mensual;Bronce HD;1525;HBO 2 HD;HD;Cine;No (Adquirible)
Argentina;Abono Mensual;Bronce HD;1528;HBO Signature HD;HD;Cine;No (Adquirible)
Argentina;Abono Mensual;Bronce HD;1532;HBO Plus HD;HD;Cine;No (Adquirible)
Argentina;Abono Mensual;Bronce HD;1534;HBO Family HD;HD;Cine;No (Adquirible)
Argentina;Abono Mensual;Bronce HD;1542;HBO Xtreme HD;HD;Cine;No (Adquirible)
Argentina;Abono Mensual;Bronce HD;1571;UNIVERSAL Premiere Este HD;HD;Cine;No (Adquirible)
Argentina;Abono Mensual;Bronce HD;1572;UNIVERSAL Cinema Oeste HD;HD;Cine;No (Adquirible)
Argentina;Abono Mensual;Bronce HD;1573;UNIVERSAL Comedy HD;HD;Cine;No (Adquirible)
Argentina;Abono Mensual;Bronce HD;1574;UNIVERSAL Crime HD;HD;Cine;No (Adquirible)
Argentina;Abono Mensual;Bronce HD;1575;UNIVERSAL Reality HD;HD;Cine;No (Adquirible)
Argentina;Abono Mensual;Bronce HD;1576;UNIVERSAL Premiere Oeste HD;HD;Cine;No (Adquirible)
Argentina;Abono Mensual;Bronce HD;1577;UNIVERSAL Crime Oeste HD;HD;Cine;No (Adquirible)
Argentina;Abono Mensual;Bronce HD;1601;Nueva señal - Nombre TBD;SD;Variedades;Si
Argentina;Abono Mensual;Bronce HD;1602;Portal Fútbol Premium;Portal;Portal;Si
Argentina;Abono Mensual;Bronce HD;1603;TNT Sports HD;HD;Deportes;No (Adquirible)
Argentina;Abono Mensual;Bronce HD;1604;Fox Sports Premium HD;HD;Deportes;No (Adquirible)
Argentina;Abono Mensual;Bronce HD;1605;Fox Sports HD;HD;Deportes;Si
Argentina;Abono Mensual;Bronce HD;1608;Fox Sports 2 HD;HD;Deportes;Si
Argentina;Abono Mensual;Bronce HD;1609;Fox Sports 3 HD;HD;Deportes;Si
Argentina;Abono Mensual;Bronce HD;1610;DSPORTS HD;HD;Deportes;Si
Argentina;Abono Mensual;Bronce HD;1612;DSPORTS 2 HD;HD;Deportes;Si
Argentina;Abono Mensual;Bronce HD;1613;DSPORTS+ HD;HD;Deportes;Si
Argentina;Abono Mensual;Bronce HD;1620;TyC Sports HD;HD;Deportes;Si
Argentina;Abono Mensual;Bronce HD;1621;ESPN HD;HD;Deportes;Si
Argentina;Abono Mensual;Bronce HD;1622;ESPN 2 HD;HD;Deportes;Si
Argentina;Abono Mensual;Bronce HD;1623;ESPN 3 HD;HD;Deportes;Si
Argentina;Abono Mensual;Bronce HD;1624;ESPN 4;HD;Deportes;No
Argentina;Abono Mensual;Bronce HD;1628;Golf Channel HD;HD;Deportes;No
Argentina;Abono Mensual;Bronce HD;1630;DSPORTS;SD;Deportes;Si
Argentina;Abono Mensual;Bronce HD;1631;DSPORTS Radio;Radio;Radio;Si
Argentina;Abono Mensual;Bronce HD;1639;PX Sports;HD;Deportes;No
Argentina;Abono Mensual;Bronce HD;1654;DeporTV HD;HD;Deportes;Si
Argentina;Abono Mensual;Bronce HD;1656;DeporTV HD;HD;Deportes;No
Argentina;Abono Mensual;Bronce HD;1677;NBA TV HD;HD;Deportes;No
Argentina;Abono Mensual;Bronce HD;1700;DNEWS HD;HD;Variedades;Si
Argentina;Abono Mensual;Bronce HD;1714;DSHOW;SD;Variedades;Si
Argentina;Abono Mensual;Bronce HD;1715;La Nación+ HD;HD;Mundo;Si
Argentina;Abono Mensual;Bronce HD;1716;TN HD;HD;Mundo;Si
Argentina;Abono Mensual;Bronce HD;1717;C5N HD;HD;Local;Si
Argentina;Abono Mensual;Bronce HD;1719;A24 HD;HD;Mundo;Si
Argentina;Abono Mensual;Bronce HD;1720;Canal 26 HD;HD;Mundo;Si
Argentina;Abono Mensual;Bronce HD;1721;Argentina 12 HD;HD;Mundo;Si
Argentina;Abono Mensual;Bronce HD;1722;Canal E;HD;Variedades;No
Argentina;Abono Mensual;Bronce HD;1724;TV Perú Noticias HD;HD;Mundo;Si
Argentina;Abono Mensual;Bronce HD;1730;National Geographic HD;HD;Mundo;Si
Argentina;Abono Mensual;Bronce HD;1731;Discovery Theater HD;HD;Mundo;No
Argentina;Abono Mensual;Bronce HD;1732;Discovery Channel HD;HD;Mundo;Si
Argentina;Abono Mensual;Bronce HD;1734;Animal Planet HD;HD;Mundo;Si
Argentina;Abono Mensual;Bronce HD;1738;Discovery World HD;HD;Mundo;No
Argentina;Abono Mensual;Bronce HD;1740;TLC HD;HD;Mundo;No
Argentina;Abono Mensual;Bronce HD;1742;History Channel HD;HD;Mundo;Si
Argentina;Abono Mensual;Bronce HD;1744;History 2 HD;HD;Mundo;No
Argentina;Abono Mensual;Bronce HD;1748;Canal (A) HD;HD;Mundo;No
Argentina;Abono Mensual;Bronce HD;1750;Encuentro Internacional HD;HD;Variedades;No
Argentina;Abono Mensual;Bronce HD;1762;Antena 3 HD;HD;Mundo;No
Argentina;Abono Mensual;Bronce HD;1764;France 24 Español;SD;Mundo;Si
Argentina;Abono Mensual;Bronce HD;1789;TV Ciudad HD;HD;Variedades;Si
Argentina;Abono Mensual;Bronce HD;1795;TV Perú HD;HD;Mundo;Si
Argentina;Abono Mensual;Bronce HD;1804;Escuela Más HD;HD;Variedades;Si
Argentina;Abono Mensual;Bronce HD;4000;DIRECTV Ultra HD: 4K;4K;4K;No
Argentina;Abono Mensual;Oro Plus 4K;100;Canal 100 DIRECTV;Portal;Portal;Si
Argentina;Abono Mensual;Oro Plus 4K;101;Canal 101 Prepago;Portal;Portal;No
Argentina;Abono Mensual;Oro Plus 4K;105;Gran Hermano - Experiencia Multicámara;SD;Variedades;No
Argentina;Abono Mensual;Oro Plus 4K;106;Gran Hermano - 24 hs;SD;Variedades;No
Argentina;Abono Mensual;Oro Plus 4K;107;Gran Hermano - Cámara 1;SD;Variedades;No
Argentina;Abono Mensual;Oro Plus 4K;108;Gran Hermano - Cámara 2;SD;Variedades;No
Argentina;Abono Mensual;Oro Plus 4K;109;Gran Hermano - Cámara 3;SD;Variedades;No
Argentina;Abono Mensual;Oro Plus 4K;120;América;SD;Nacional;Si
Argentina;Abono Mensual;Oro Plus 4K;121;TV Pública;SD;Nacional;Si
Argentina;Abono Mensual;Oro Plus 4K;122;El Nueve;SD;Nacional;Si
Argentina;Abono Mensual;Oro Plus 4K;123;Telefe;SD;Nacional;Si
Argentina;Abono Mensual;Oro Plus 4K;124;El Trece;SD;Nacional;Si
Argentina;Abono Mensual;Oro Plus 4K;125;Net TV;SD;Nacional;Si
Argentina;Abono Mensual;Oro Plus 4K;126;Bravo TV;SD;Variedades;Si
Argentina;Abono Mensual;Oro Plus 4K;127;DSHOW;SD;Variedades;Si
Argentina;Abono Mensual;Oro Plus 4K;128;Encuentro;SD;Nacional;Si
Argentina;Abono Mensual;Oro Plus 4K;129;Canal de la Ciudad;SD;Local;No
Argentina;Abono Mensual;Oro Plus 4K;130;Canal 7 Mendoza;SD;Local;Si
Argentina;Abono Mensual;Oro Plus 4K;131;Canal 9 Mendoza;SD;Local;Si
Argentina;Abono Mensual;Oro Plus 4K;132;Telediario;SD;Local;Si
Argentina;Abono Mensual;Oro Plus 4K;133;Canal 7 de Jujuy;SD;Local;Si
Argentina;Abono Mensual;Oro Plus 4K;134;Canal 3 Rosario;SD;Nacional;Si
Argentina;Abono Mensual;Oro Plus 4K;135;Canal 12 de Córdoba;SD;Local;Si
Argentina;Abono Mensual;Oro Plus 4K;136;Telefé Córdoba;SD;Local;No
Argentina;Abono Mensual;Oro Plus 4K;137;Telefe Rosario;SD;Local;Si
Argentina;Abono Mensual;Oro Plus 4K;139;Televisión Pública Pampeana;SD;Local;Si
Argentina;Abono Mensual;Oro Plus 4K;140;Canal 8 San Juan;SD;Local;No
Argentina;Abono Mensual;Oro Plus 4K;160;Infomerciales;SD;Variedades;Si
Argentina;Abono Mensual;Oro Plus 4K;199;KZO;SD;Variedades;Si
Argentina;Abono Mensual;Oro Plus 4K;200;DIRECTV Series;SD;Portal;Si
Argentina;Abono Mensual;Oro Plus 4K;204;Star Channel;SD;Variedades;Si
Argentina;Abono Mensual;Oro Plus 4K;206;Warner Channel;SD;Variedades;Si
Argentina;Abono Mensual;Oro Plus 4K;207;A&E;SD;Variedades;Si
Argentina;Abono Mensual;Oro Plus 4K;208;Sony;SD;Variedades;Si
Argentina;Abono Mensual;Oro Plus 4K;209;AXN;SD;Variedades;Si
Argentina;Abono Mensual;Oro Plus 4K;210;AMC;SD;Variedades;Si
Argentina;Abono Mensual;Oro Plus 4K;213;TNT Series;SD;Variedades;Si
Argentina;Abono Mensual;Oro Plus 4K;214;Atres Series;SD;Variedades;Si
Argentina;Abono Mensual;Oro Plus 4K;215;Comedy Central;SD;Variedades;Si
Argentina;Abono Mensual;Oro Plus 4K;216;TNT Novelas;SD;Variedades;Si
Argentina;Abono Mensual;Oro Plus 4K;217;FX;SD;Variedades;Si
Argentina;Abono Mensual;Oro Plus 4K;218;Universal TV;SD;Variedades;Si
Argentina;Abono Mensual;Oro Plus 4K;219;USA Network;SD;Variedades;Si
Argentina;Abono Mensual;Oro Plus 4K;220;Adult Swim;SD;Variedades;Si
Argentina;Abono Mensual;Oro Plus 4K;221;¡Hola! TV;SD;Variedades;Si
Argentina;Abono Mensual;Oro Plus 4K;222;E!;SD;Variedades;Si
Argentina;Abono Mensual;Oro Plus 4K;223;Investigation Discovery (ID);SD;Variedades;Si
Argentina;Abono Mensual;Oro Plus 4K;226;Las Estrellas;SD;Variedades;Si
Argentina;Abono Mensual;Oro Plus 4K;227;TLnovelas;SD;Variedades;Si
Argentina;Abono Mensual;Oro Plus 4K;228;Lifetime;SD;Variedades;Si
Argentina;Abono Mensual;Oro Plus 4K;229;Discovery Home & Health;SD;Variedades;Si
Argentina;Abono Mensual;Oro Plus 4K;230;Más Chic;SD;Variedades;Si
Argentina;Abono Mensual;Oro Plus 4K;231;Telemundo;SD;Variedades;Si
Argentina;Abono Mensual;Oro Plus 4K;232;El Gourmet;SD;Variedades;Si
Argentina;Abono Mensual;Oro Plus 4K;233;Food Network;SD;Variedades;Si
Argentina;Abono Mensual;Oro Plus 4K;236;Ciudad Magazine;SD;Variedades;Si
Argentina;Abono Mensual;Oro Plus 4K;238;Volver;SD;Variedades;Si
Argentina;Abono Mensual;Oro Plus 4K;240;Caras TV;SD;Mundo;Si
Argentina;Abono Mensual;Oro Plus 4K;264;MTV;SD;Variedades;Si
Argentina;Abono Mensual;Oro Plus 4K;267;DSHOW;SD;Variedades;No
Argentina;Abono Mensual;Oro Plus 4K;269;Quiero Música en Mi Idioma (QMusic);SD;Variedades;Si
Argentina;Abono Mensual;Oro Plus 4K;296;Unión Radio Noticias;Radio;Radio;Si
Argentina;Abono Mensual;Oro Plus 4K;300;OnDIRECTV;SD;Variedades;Si
Argentina;Abono Mensual;Oro Plus 4K;301;Star Fun;SD;PPV;No
Argentina;Abono Mensual;Oro Plus 4K;302;HBO Family;SD;Cine;No (Adquirible)
Argentina;Abono Mensual;Oro Plus 4K;303;Paka Paka;SD;Infantil;Si
Argentina;Abono Mensual;Oro Plus 4K;304;Cartoon Network;SD;Infantil;Si
Argentina;Abono Mensual;Oro Plus 4K;308;Nickelodeon;SD;Infantil;Si
Argentina;Abono Mensual;Oro Plus 4K;309;Nick Jr.;SD;Infantil;Si
Argentina;Abono Mensual;Oro Plus 4K;312;Disney Channel;SD;Infantil;Si
Argentina;Abono Mensual;Oro Plus 4K;315;Disney Junior;SD;Infantil;Si
Argentina;Abono Mensual;Oro Plus 4K;317;BabyTV;SD;Infantil;Si
Argentina;Abono Mensual;Oro Plus 4K;318;Plim Plim;SD;Infantil;Si
Argentina;Abono Mensual;Oro Plus 4K;319;El Reino Infantil;SD;Infantil;Si
Argentina;Abono Mensual;Oro Plus 4K;330;Discovery Kids;SD;Infantil;Si
Argentina;Abono Mensual;Oro Plus 4K;334;Cartoonito;SD;Infantil;Si
Argentina;Abono Mensual;Oro Plus 4K;350;EWTN;SD;Religioso;Si
Argentina;Abono Mensual;Oro Plus 4K;351;Orbe 21;SD;Religioso;Si
Argentina;Abono Mensual;Oro Plus 4K;352;Enlace;SD;Religioso;Si
Argentina;Abono Mensual;Oro Plus 4K;354;Canal Luz;SD;Religioso;Si
Argentina;Abono Mensual;Oro Plus 4K;358;DayStar;SD;Religioso;No
Argentina;Abono Mensual;Oro Plus 4K;400;Placa DIRECTV GO;Portal;Portal;Si
Argentina;Abono Mensual;Oro Plus 4K;401;SMS CINE PPV;Portal;Portal;Si
Argentina;Abono Mensual;Oro Plus 4K;402;CINE;SD;PPV;No (PPV)
Argentina;Abono Mensual;Oro Plus 4K;404;CINE;SD;PPV;No (PPV)
Argentina;Abono Mensual;Oro Plus 4K;406;CINE;SD;PPV;No (PPV)
Argentina;Abono Mensual;Oro Plus 4K;408;CINE;SD;PPV;No (PPV)
Argentina;Abono Mensual;Oro Plus 4K;410;CINE;SD;PPV;No (PPV)
Argentina;Abono Mensual;Oro Plus 4K;460;SMS ADULTOS PPV;Portal;Portal;Si
Argentina;Abono Mensual;Oro Plus 4K;464;Playboy TV;SD;Adultos;No (Adquirible)
Argentina;Abono Mensual;Oro Plus 4K;468;Venus;SD;Adultos;No (Adquirible)
Argentina;Abono Mensual;Oro Plus 4K;469;XTSY;SD;Adultos;No (Adquirible)
Argentina;Abono Mensual;Oro Plus 4K;470;Hustler TV HD;HD;Adultos;No (Adquirible)
Argentina;Abono Mensual;Oro Plus 4K;500;OnDIRECTV;SD;Variedades;Si
Argentina;Abono Mensual;Oro Plus 4K;502;TNT;SD;Cine;Si
Argentina;Abono Mensual;Oro Plus 4K;503;Golden;SD;Cine;Si
Argentina;Abono Mensual;Oro Plus 4K;506;Sony Movies;SD;Cine;Si
Argentina;Abono Mensual;Oro Plus 4K;507;Cinecanal;SD;Cine;Si
Argentina;Abono Mensual;Oro Plus 4K;508;Studio Universal;SD;Cine;Si
Argentina;Abono Mensual;Oro Plus 4K;509;Cinemax;SD;Cine;Si
Argentina;Abono Mensual;Oro Plus 4K;510;Mórbido TV;SD;Cine;Si
Argentina;Abono Mensual;Oro Plus 4K;512;Cine.AR;SD;Cine;Si
Argentina;Abono Mensual;Oro Plus 4K;513;DHE;SD;Cine;Si
Argentina;Abono Mensual;Oro Plus 4K;516;De Película;SD;Cine;Si
Argentina;Abono Mensual;Oro Plus 4K;517;Golden Edge;SD;Cine;Si
Argentina;Abono Mensual;Oro Plus 4K;518;Space;SD;Cine;Si
Argentina;Abono Mensual;Oro Plus 4K;522;HBO Next;Portal;Portal;Si
Argentina;Abono Mensual;Oro Plus 4K;524;HBO;SD;Cine;No (Adquirible)
Argentina;Abono Mensual;Oro Plus 4K;525;HBO 2;SD;Cine;No (Adquirible)
Argentina;Abono Mensual;Oro Plus 4K;526;HBO Plus Este;SD;Cine;No (Adquirible)
Argentina;Abono Mensual;Oro Plus 4K;528;HBO Signature;SD;Cine;No (Adquirible)
Argentina;Abono Mensual;Oro Plus 4K;534;HBO Family;SD;Cine;No (Adquirible)
Argentina;Abono Mensual;Oro Plus 4K;540;HBO Mundi;SD;Cine;No (Adquirible)
Argentina;Abono Mensual;Oro Plus 4K;541;HBO Pop;SD;Cine;No (Adquirible)
Argentina;Abono Mensual;Oro Plus 4K;542;HBO Xtreme;SD;Cine;No (Adquirible)
Argentina;Abono Mensual;Oro Plus 4K;544;HBO Next;Portal;Portal;Si
Argentina;Abono Mensual;Oro Plus 4K;550;OnDIRECTV;SD;Variedades;Si
Argentina;Abono Mensual;Oro Plus 4K;551;Cómo Contratar Premium;SD;Portal;Si
Argentina;Abono Mensual;Oro Plus 4K;570;Portal Premium;SD;Portal;Si
Argentina;Abono Mensual;Oro Plus 4K;571;UNIVERSAL Premiere Este;SD;Cine;No (Adquirible)
Argentina;Abono Mensual;Oro Plus 4K;572;UNIVERSAL Cinema Oeste;SD;Cine;No (Adquirible)
Argentina;Abono Mensual;Oro Plus 4K;573;UNIVERSAL Comedy;SD;Cine;No (Adquirible)
Argentina;Abono Mensual;Oro Plus 4K;574;UNIVERSAL Crime;SD;Cine;No (Adquirible)
Argentina;Abono Mensual;Oro Plus 4K;575;UNIVERSAL Reality;SD;Cine;No (Adquirible)
Argentina;Abono Mensual;Oro Plus 4K;576;UNIVERSAL Premiere Oeste;SD;Cine;No (Adquirible)
Argentina;Abono Mensual;Oro Plus 4K;577;UNIVERSAL Crime Oeste;SD;Cine;No (Adquirible)
Argentina;Abono Mensual;Oro Plus 4K;599;Bienvenido a DIRECTV;Portal;Portal;Si
Argentina;Abono Mensual;Oro Plus 4K;600;Portal DIRECTV Sports;Portal;Portal;Si
Argentina;Abono Mensual;Oro Plus 4K;601;Nueva señal - Nombre TBD;SD;Variedades;No
Argentina;Abono Mensual;Oro Plus 4K;602;Portal Fútbol Premium;Portal;Portal;Si
Argentina;Abono Mensual;Oro Plus 4K;603;TNT Sports;SD;Deportes;No (Adquirible)
Argentina;Abono Mensual;Oro Plus 4K;604;ESPN Premium;SD;Deportes;No (Adquirible)
Argentina;Abono Mensual;Oro Plus 4K;605;Fox Sports;SD;Deportes;Si
Argentina;Abono Mensual;Oro Plus 4K;608;Fox Sports 2;SD;Deportes;Si
Argentina;Abono Mensual;Oro Plus 4K;609;Fox Sports 3;SD;Deportes;Si
Argentina;Abono Mensual;Oro Plus 4K;610;DSPORTS;SD;Deportes;Si
Argentina;Abono Mensual;Oro Plus 4K;612;DSPORTS 2;SD;Deportes;Si
Argentina;Abono Mensual;Oro Plus 4K;613;DSPORTS+;SD;Deportes;Si
Argentina;Abono Mensual;Oro Plus 4K;620;TyC Sports;SD;Deportes;Si
Argentina;Abono Mensual;Oro Plus 4K;621;ESPN;SD;Deportes;Si
Argentina;Abono Mensual;Oro Plus 4K;622;ESPN 2;SD;Deportes;Si
Argentina;Abono Mensual;Oro Plus 4K;623;ESPN 3;SD;Deportes;Si
Argentina;Abono Mensual;Oro Plus 4K;628;Golf Channel;SD;Deportes;Si
Argentina;Abono Mensual;Oro Plus 4K;630;DIRECTV Sports;SD;Deportes;Si
Argentina;Abono Mensual;Oro Plus 4K;631;DSPORTS Radio;Radio;Radio;Si
Argentina;Abono Mensual;Oro Plus 4K;632;TyC Sports 2 (virtual);SD;Deportes;Si
Argentina;Abono Mensual;Oro Plus 4K;634;Fútbol de Paraguay;SD;Deportes;No (Adquirible)
Argentina;Abono Mensual;Oro Plus 4K;635;Fútbol de Bolivia;SD;Deportes;No (Adquirible)
Argentina;Abono Mensual;Oro Plus 4K;656;DeporTV;SD;Deportes;Si
Argentina;Abono Mensual;Oro Plus 4K;680;MLB Extra Innings;SD;Deportes;No (Adquirible)
Argentina;Abono Mensual;Oro Plus 4K;681;MLB Extra Innings;SD;Deportes;No (Adquirible)
Argentina;Abono Mensual;Oro Plus 4K;700;DNEWS;SD;Variedades;Si
Argentina;Abono Mensual;Oro Plus 4K;704;CNN en Español;SD;Mundo;Si
Argentina;Abono Mensual;Oro Plus 4K;706;CNN International;SD;Mundo;Si
Argentina;Abono Mensual;Oro Plus 4K;707;CNN Chile;SD;Mundo;Si
Argentina;Abono Mensual;Oro Plus 4K;708;24 HORAS;SD;Mundo;Si
Argentina;Abono Mensual;Oro Plus 4K;710;Bloomberg Television;SD;Mundo;Si
Argentina;Abono Mensual;Oro Plus 4K;714;Nueva señal - TBD;SD;Variedades;No
Argentina;Abono Mensual;Oro Plus 4K;715;La Nación+;SD;Mundo;Si
Argentina;Abono Mensual;Oro Plus 4K;716;Todo Noticias (TN);SD;Mundo;Si
Argentina;Abono Mensual;Oro Plus 4K;717;C5N;SD;Mundo;Si
Argentina;Abono Mensual;Oro Plus 4K;718;Crónica TV;SD;Mundo;Si
Argentina;Abono Mensual;Oro Plus 4K;719;A24;SD;Mundo;Si
Argentina;Abono Mensual;Oro Plus 4K;720;Canal 26;SD;Mundo;Si
Argentina;Abono Mensual;Oro Plus 4K;721;Argentina 12;SD;Mundo;Si
Argentina;Abono Mensual;Oro Plus 4K;724;Chacra TV;SD;Mundo;No
Argentina;Abono Mensual;Oro Plus 4K;725;NTN24;SD;Mundo;Si
Argentina;Abono Mensual;Oro Plus 4K;726;Telemax;SD;Mundo;Si
Argentina;Abono Mensual;Oro Plus 4K;727;Cable Noticias;SD;Mundo;Si
Argentina;Abono Mensual;Oro Plus 4K;728;Canal Rural;SD;Nacional;Si
Argentina;Abono Mensual;Oro Plus 4K;729;Construir TV;SD;Mundo;Si
Argentina;Abono Mensual;Oro Plus 4K;730;National Geographic;SD;Mundo;Si
Argentina;Abono Mensual;Oro Plus 4K;732;Discovery Channel;SD;Mundo;Si
Argentina;Abono Mensual;Oro Plus 4K;734;Animal Planet;SD;Mundo;Si
Argentina;Abono Mensual;Oro Plus 4K;736;Discovery Turbo;SD;Mundo;Si
Argentina;Abono Mensual;Oro Plus 4K;740;TLC;SD;Mundo;Si
Argentina;Abono Mensual;Oro Plus 4K;742;History Channel;SD;Mundo;Si
Argentina;Abono Mensual;Oro Plus 4K;744;History 2;SD;Mundo;Si
Argentina;Abono Mensual;Oro Plus 4K;760;Univision;SD;Mundo;Si
Argentina;Abono Mensual;Oro Plus 4K;762;Antena 3;SD;Mundo;Si
Argentina;Abono Mensual;Oro Plus 4K;764;France 24 Español;SD;Mundo;Si
Argentina;Abono Mensual;Oro Plus 4K;766;Rai Italia;SD;Mundo;Si
Argentina;Abono Mensual;Oro Plus 4K;768;BBC News;SD;Mundo;Si
Argentina;Abono Mensual;Oro Plus 4K;770;DW Español;SD;Mundo;Si
Argentina;Abono Mensual;Oro Plus 4K;772;Caracol Internacional;SD;Mundo;Si
Argentina;Abono Mensual;Oro Plus 4K;773;El Tiempo TV;SD;Mundo;Si
Argentina;Abono Mensual;Oro Plus 4K;774;TV Chile;SD;Mundo;Si
Argentina;Abono Mensual;Oro Plus 4K;775;Nuestra Tele;SD;Mundo;Si
Argentina;Abono Mensual;Oro Plus 4K;776;TV Globo Internacional;SD;Mundo;No (Adquirible)
Argentina;Abono Mensual;Oro Plus 4K;778;RTP Internacional;SD;Mundo;Si
Argentina;Abono Mensual;Oro Plus 4K;780;Zee Mundo;SD;Mundo;No (Adquirible)
Argentina;Abono Mensual;Oro Plus 4K;782;NHK World Japan;SD;Mundo;No (Adquirible)
Argentina;Abono Mensual;Oro Plus 4K;790;CGTN Español;SD;Mundo;Si
Argentina;Abono Mensual;Oro Plus 4K;795;TV Perú;SD;Mundo;Si
Argentina;Abono Mensual;Oro Plus 4K;800;OnDIRECTV;SD;Variedades;Si
Argentina;Abono Mensual;Oro Plus 4K;804;Escuela Más;SD;Variedades;Si
Argentina;Abono Mensual;Oro Plus 4K;901;DSPORTS Radio;Radio;Radio;Si
Argentina;Abono Mensual;Oro Plus 4K;973;FM Aspen;Radio;Radio;Si
Argentina;Abono Mensual;Oro Plus 4K;974;Radio Nacional;Radio;Radio;Si
Argentina;Abono Mensual;Oro Plus 4K;976;Radio del Plata;Radio;Radio;Si
Argentina;Abono Mensual;Oro Plus 4K;977;Radio Disney;Radio;Radio;Si
Argentina;Abono Mensual;Oro Plus 4K;980;Unión Radio Noticias;Radio;Radio;Si
Argentina;Abono Mensual;Oro Plus 4K;981;FM Latina 101.1;Radio;Radio;Si
Argentina;Abono Mensual;Oro Plus 4K;982;Radio Caracol;Radio;Radio;Si
Argentina;Abono Mensual;Oro Plus 4K;984;Radio France Internationale;Radio;Radio;Si
Argentina;Abono Mensual;Oro Plus 4K;999;OnDIRECTV;SD;Variedades;Si
Argentina;Abono Mensual;Oro Plus 4K;1105;Gran Hermano - Experiencia Multicámara;SD;Variedades;No
Argentina;Abono Mensual;Oro Plus 4K;1106;Gran Hermano - 24 hs;SD;Variedades;No
Argentina;Abono Mensual;Oro Plus 4K;1107;Gran Hermano - Cámara 1;SD;Variedades;No
Argentina;Abono Mensual;Oro Plus 4K;1108;Gran Hermano - Cámara 2;SD;Variedades;No
Argentina;Abono Mensual;Oro Plus 4K;1109;Gran Hermano - Cámara 3;SD;Variedades;No
Argentina;Abono Mensual;Oro Plus 4K;1120;América HD;HD;Nacional;Si
Argentina;Abono Mensual;Oro Plus 4K;1121;TV Pública HD;HD;Nacional;Si
Argentina;Abono Mensual;Oro Plus 4K;1122;El Nueve HD;HD;Nacional;Si
Argentina;Abono Mensual;Oro Plus 4K;1123;Telefe HD;HD;Nacional;Si
Argentina;Abono Mensual;Oro Plus 4K;1124;El Trece HD;HD;Nacional;Si
Argentina;Abono Mensual;Oro Plus 4K;1125;Net TV HD;HD;Nacional;Si
Argentina;Abono Mensual;Oro Plus 4K;1127;DSHOW HD;HD;Variedades;No
Argentina;Abono Mensual;Oro Plus 4K;1128;Encuentro HD;HD;Nacional;No
Argentina;Abono Mensual;Oro Plus 4K;1199;KZO HD;HD;Variedades;Si
Argentina;Abono Mensual;Oro Plus 4K;1200;DIRECTV Series HD;HD;Portal;Si
Argentina;Abono Mensual;Oro Plus 4K;1204;Star Channel HD;HD;Variedades;Si
Argentina;Abono Mensual;Oro Plus 4K;1206;Warner Channel HD;HD;Variedades;Si
Argentina;Abono Mensual;Oro Plus 4K;1207;A&E HD;HD;Variedades;Si
Argentina;Abono Mensual;Oro Plus 4K;1208;Sony HD;HD;Variedades;Si
Argentina;Abono Mensual;Oro Plus 4K;1209;AXN HD;HD;Variedades;Si
Argentina;Abono Mensual;Oro Plus 4K;1210;AMC HD;HD;Variedades;Si
Argentina;Abono Mensual;Oro Plus 4K;1213;TNT Series HD;HD;Variedades;Si
Argentina;Abono Mensual;Oro Plus 4K;1214;Atres Series HD;HD;Variedades;Si
Argentina;Abono Mensual;Oro Plus 4K;1215;Comedy Central HD;HD;Variedades;Si
Argentina;Abono Mensual;Oro Plus 4K;1217;FX HD;HD;Variedades;Si
Argentina;Abono Mensual;Oro Plus 4K;1218;Universal TV HD;HD;Variedades;Si
Argentina;Abono Mensual;Oro Plus 4K;1219;USA Network HD;HD;Variedades;Si
Argentina;Abono Mensual;Oro Plus 4K;1221;Hola TV HD;HD;Variedades;Si
Argentina;Abono Mensual;Oro Plus 4K;1222;E! HD;HD;Variedades;Si
Argentina;Abono Mensual;Oro Plus 4K;1223;ID HD;HD;Variedades;Si
Argentina;Abono Mensual;Oro Plus 4K;1228;Lifetime HD;HD;Variedades;Si
Argentina;Abono Mensual;Oro Plus 4K;1229;Discovery Home & Health HD;HD;Variedades;Si
Argentina;Abono Mensual;Oro Plus 4K;1231;A la Cocina TV;HD;Variedades;No
Argentina;Abono Mensual;Oro Plus 4K;1232;El Gourmet HD;HD;Variedades;Si
Argentina;Abono Mensual;Oro Plus 4K;1233;Food Network HD;HD;Variedades;Si
Argentina;Abono Mensual;Oro Plus 4K;1234;HGTV HD;HD;Variedades;Si
Argentina;Abono Mensual;Oro Plus 4K;1236;Ciudad Magazine HD;HD;Variedades;Si
Argentina;Abono Mensual;Oro Plus 4K;1237;VePlus HD;HD;Variedades;Si
Argentina;Abono Mensual;Oro Plus 4K;1264;MTV HD;HD;Variedades;Si
Argentina;Abono Mensual;Oro Plus 4K;1265;Music Top HD;HD;Variedades;Si
Argentina;Abono Mensual;Oro Plus 4K;1266;Tierra Mía HD;HD;Variedades;Si
Argentina;Abono Mensual;Oro Plus 4K;1267;DSHOW;SD;Variedades;No
Argentina;Abono Mensual;Oro Plus 4K;1269;Quiero Música en Mi Idioma (QMusic) HD;HD;Variedades;Si
Argentina;Abono Mensual;Oro Plus 4K;1270;Latina TV;HD;Variedades;Si
Argentina;Abono Mensual;Oro Plus 4K;1304;Cartoon Network HD;HD;Infantil;Si
Argentina;Abono Mensual;Oro Plus 4K;1308;Nick HD;HD;Infantil;Si
Argentina;Abono Mensual;Oro Plus 4K;1309;Nick Jr. HD;HD;Infantil;Si
Argentina;Abono Mensual;Oro Plus 4K;1312;Disney Channel HD;HD;Infantil;Si
Argentina;Abono Mensual;Oro Plus 4K;1315;Disney Junior HD;HD;Infantil;Si
Argentina;Abono Mensual;Oro Plus 4K;1317;BabyTV;SD;Infantil;Si
Argentina;Abono Mensual;Oro Plus 4K;1318;Plim Plim;SD;Infantil;Si
Argentina;Abono Mensual;Oro Plus 4K;1319;El Reino Infantil;SD;Infantil;Si
Argentina;Abono Mensual;Oro Plus 4K;1330;Discovery Kids HD;HD;Infantil;Si
Argentina;Abono Mensual;Oro Plus 4K;1402;PPV HD;HD;PPV;No
Argentina;Abono Mensual;Oro Plus 4K;1404;PPV HD;HD;PPV;No
Argentina;Abono Mensual;Oro Plus 4K;1406;PPV HD;HD;PPV;No
Argentina;Abono Mensual;Oro Plus 4K;1408;PPV HD;HD;PPV;No (PPV)
Argentina;Abono Mensual;Oro Plus 4K;1410;PPV HD;HD;PPV;No (PPV)
Argentina;Abono Mensual;Oro Plus 4K;1502;TNT HD;HD;Cine;Si
Argentina;Abono Mensual;Oro Plus 4K;1503;Golden HD;HD;Cine;Si
Argentina;Abono Mensual;Oro Plus 4K;1506;Sony Movies HD;HD;Cine;Si
Argentina;Abono Mensual;Oro Plus 4K;1507;Cinecanal HD;HD;Cine;Si
Argentina;Abono Mensual;Oro Plus 4K;1508;Studio Universal HD;HD;Cine;Si
Argentina;Abono Mensual;Oro Plus 4K;1509;Cinemax HD;HD;Cine;Si
Argentina;Abono Mensual;Oro Plus 4K;1510;Mórbido TV;SD;Cine;Si
Argentina;Abono Mensual;Oro Plus 4K;1513;DHE HD;HD;Cine;Si
Argentina;Abono Mensual;Oro Plus 4K;1518;Space HD;HD;Cine;Si
Argentina;Abono Mensual;Oro Plus 4K;1524;HBO HD;HD;Cine;No (Adquirible)
Argentina;Abono Mensual;Oro Plus 4K;1525;HBO 2 HD;HD;Cine;No (Adquirible)
Argentina;Abono Mensual;Oro Plus 4K;1528;HBO Signature HD;HD;Cine;No (Adquirible)
Argentina;Abono Mensual;Oro Plus 4K;1532;HBO Plus HD;HD;Cine;No (Adquirible)
Argentina;Abono Mensual;Oro Plus 4K;1534;HBO Family HD;HD;Cine;No (Adquirible)
Argentina;Abono Mensual;Oro Plus 4K;1542;HBO Xtreme HD;HD;Cine;No (Adquirible)
Argentina;Abono Mensual;Oro Plus 4K;1571;UNIVERSAL Premiere Este HD;HD;Cine;No (Adquirible)
Argentina;Abono Mensual;Oro Plus 4K;1572;UNIVERSAL Cinema Oeste HD;HD;Cine;No (Adquirible)
Argentina;Abono Mensual;Oro Plus 4K;1573;UNIVERSAL Comedy HD;HD;Cine;No (Adquirible)
Argentina;Abono Mensual;Oro Plus 4K;1574;UNIVERSAL Crime HD;HD;Cine;No (Adquirible)
Argentina;Abono Mensual;Oro Plus 4K;1575;UNIVERSAL Reality HD;HD;Cine;No (Adquirible)
Argentina;Abono Mensual;Oro Plus 4K;1576;UNIVERSAL Premiere Oeste HD;HD;Cine;No (Adquirible)
Argentina;Abono Mensual;Oro Plus 4K;1577;UNIVERSAL Crime Oeste HD;HD;Cine;No (Adquirible)
Argentina;Abono Mensual;Oro Plus 4K;1601;Nueva señal - Nombre TBD;SD;Variedades;No
Argentina;Abono Mensual;Oro Plus 4K;1602;Portal Fútbol Premium;Portal;Portal;Si
Argentina;Abono Mensual;Oro Plus 4K;1603;TNT Sports HD;HD;Deportes;No (Adquirible)
Argentina;Abono Mensual;Oro Plus 4K;1604;Fox Sports Premium HD;HD;Deportes;No (Adquirible)
Argentina;Abono Mensual;Oro Plus 4K;1605;Fox Sports HD;HD;Deportes;Si
Argentina;Abono Mensual;Oro Plus 4K;1608;Fox Sports 2 HD;HD;Deportes;Si
Argentina;Abono Mensual;Oro Plus 4K;1609;Fox Sports 3 HD;HD;Deportes;Si
Argentina;Abono Mensual;Oro Plus 4K;1610;DSPORTS HD;HD;Deportes;Si
Argentina;Abono Mensual;Oro Plus 4K;1612;DSPORTS 2 HD;HD;Deportes;Si
Argentina;Abono Mensual;Oro Plus 4K;1613;DSPORTS+ HD;HD;Deportes;Si
Argentina;Abono Mensual;Oro Plus 4K;1620;TyC Sports HD;HD;Deportes;Si
Argentina;Abono Mensual;Oro Plus 4K;1621;ESPN HD;HD;Deportes;Si
Argentina;Abono Mensual;Oro Plus 4K;1622;ESPN 2 HD;HD;Deportes;Si
Argentina;Abono Mensual;Oro Plus 4K;1623;ESPN 3 HD;HD;Deportes;Si
Argentina;Abono Mensual;Oro Plus 4K;1624;ESPN 4;HD;Deportes;Si
Argentina;Abono Mensual;Oro Plus 4K;1628;Golf Channel HD;HD;Deportes;Si
Argentina;Abono Mensual;Oro Plus 4K;1630;DSPORTS;SD;Deportes;Si
Argentina;Abono Mensual;Oro Plus 4K;1631;DSPORTS Radio;Radio;Radio;Si
Argentina;Abono Mensual;Oro Plus 4K;1639;PX Sports;HD;Deportes;Si
Argentina;Abono Mensual;Oro Plus 4K;1654;DeporTV HD;HD;Deportes;Si
Argentina;Abono Mensual;Oro Plus 4K;1656;DeporTV HD;HD;Deportes;No
Argentina;Abono Mensual;Oro Plus 4K;1677;NBA TV HD;HD;Deportes;Si
Argentina;Abono Mensual;Oro Plus 4K;1700;DNEWS HD;HD;Variedades;Si
Argentina;Abono Mensual;Oro Plus 4K;1714;DSHOW;SD;Variedades;No
Argentina;Abono Mensual;Oro Plus 4K;1715;La Nación+ HD;HD;Mundo;Si
Argentina;Abono Mensual;Oro Plus 4K;1716;TN HD;HD;Mundo;Si
Argentina;Abono Mensual;Oro Plus 4K;1717;C5N HD;HD;Local;Si
Argentina;Abono Mensual;Oro Plus 4K;1719;A24 HD;HD;Mundo;Si
Argentina;Abono Mensual;Oro Plus 4K;1720;Canal 26 HD;HD;Mundo;Si
Argentina;Abono Mensual;Oro Plus 4K;1721;Argentina 12 HD;HD;Mundo;Si
Argentina;Abono Mensual;Oro Plus 4K;1722;Canal E;HD;Variedades;No
Argentina;Abono Mensual;Oro Plus 4K;1724;TV Perú Noticias HD;HD;Mundo;Si
Argentina;Abono Mensual;Oro Plus 4K;1730;National Geographic HD;HD;Mundo;Si
Argentina;Abono Mensual;Oro Plus 4K;1731;Discovery Theater HD;HD;Mundo;Si
Argentina;Abono Mensual;Oro Plus 4K;1732;Discovery Channel HD;HD;Mundo;Si
Argentina;Abono Mensual;Oro Plus 4K;1734;Animal Planet HD;HD;Mundo;Si
Argentina;Abono Mensual;Oro Plus 4K;1738;Discovery World HD;HD;Mundo;Si
Argentina;Abono Mensual;Oro Plus 4K;1740;TLC HD;HD;Mundo;Si
Argentina;Abono Mensual;Oro Plus 4K;1742;History Channel HD;HD;Mundo;Si
Argentina;Abono Mensual;Oro Plus 4K;1744;History 2 HD;HD;Mundo;Si
Argentina;Abono Mensual;Oro Plus 4K;1748;Canal (A) HD;HD;Mundo;Si
Argentina;Abono Mensual;Oro Plus 4K;1750;Encuentro Internacional HD;HD;Variedades;Si
Argentina;Abono Mensual;Oro Plus 4K;1762;Antena 3 HD;HD;Mundo;Si
Argentina;Abono Mensual;Oro Plus 4K;1764;France 24 Español;SD;Mundo;Si
Argentina;Abono Mensual;Oro Plus 4K;1789;TV Ciudad HD;HD;Variedades;Si
Argentina;Abono Mensual;Oro Plus 4K;1795;TV Perú HD;HD;Mundo;Si
Argentina;Abono Mensual;Oro Plus 4K;1804;Escuela Más HD;HD;Variedades;Si
Argentina;Abono Mensual;Oro Plus 4K;4000;DIRECTV Ultra HD: 4K;4K;4K;Si
Argentina;Abono Mensual;Plata HD;100;Canal 100 DIRECTV;Portal;Portal;Si
Argentina;Abono Mensual;Plata HD;101;Canal 101 Prepago;Portal;Portal;No
Argentina;Abono Mensual;Plata HD;105;Gran Hermano - Experiencia Multicámara;SD;Variedades;Si
Argentina;Abono Mensual;Plata HD;106;Gran Hermano - 24 hs;SD;Variedades;Si
Argentina;Abono Mensual;Plata HD;107;Gran Hermano - Cámara 1;SD;Variedades;Si
Argentina;Abono Mensual;Plata HD;108;Gran Hermano - Cámara 2;SD;Variedades;Si
Argentina;Abono Mensual;Plata HD;109;Gran Hermano - Cámara 3;SD;Variedades;Si
Argentina;Abono Mensual;Plata HD;120;América;SD;Nacional;Si
Argentina;Abono Mensual;Plata HD;121;TV Pública;SD;Nacional;Si
Argentina;Abono Mensual;Plata HD;122;El Nueve;SD;Nacional;Si
Argentina;Abono Mensual;Plata HD;123;Telefe;SD;Nacional;Si
Argentina;Abono Mensual;Plata HD;124;El Trece;SD;Nacional;Si
Argentina;Abono Mensual;Plata HD;125;Net TV;SD;Nacional;Si
Argentina;Abono Mensual;Plata HD;126;Bravo TV;SD;Variedades;Si
Argentina;Abono Mensual;Plata HD;127;DSHOW;SD;Variedades;Si
Argentina;Abono Mensual;Plata HD;128;Encuentro;SD;Nacional;Si
Argentina;Abono Mensual;Plata HD;129;Canal de la Ciudad;SD;Local;Si
Argentina;Abono Mensual;Plata HD;130;Canal 7 Mendoza;SD;Local;Si
Argentina;Abono Mensual;Plata HD;131;Canal 9 Mendoza;SD;Local;Si
Argentina;Abono Mensual;Plata HD;132;Telediario;SD;Local;Si
Argentina;Abono Mensual;Plata HD;133;Canal 7 de Jujuy;SD;Local;Si
Argentina;Abono Mensual;Plata HD;134;Canal 3 Rosario;SD;Nacional;Si
Argentina;Abono Mensual;Plata HD;135;Canal 12 de Córdoba;SD;Local;Si
Argentina;Abono Mensual;Plata HD;136;Telefé Córdoba;SD;Local;Si
Argentina;Abono Mensual;Plata HD;137;Telefe Rosario;SD;Local;Si
Argentina;Abono Mensual;Plata HD;139;Televisión Pública Pampeana;SD;Local;Si
Argentina;Abono Mensual;Plata HD;140;Canal 8 San Juan;SD;Local;No
Argentina;Abono Mensual;Plata HD;160;Infomerciales;SD;Variedades;Si
Argentina;Abono Mensual;Plata HD;199;KZO;SD;Variedades;Si
Argentina;Abono Mensual;Plata HD;200;DIRECTV Series;SD;Portal;Si
Argentina;Abono Mensual;Plata HD;204;Star Channel;SD;Variedades;Si
Argentina;Abono Mensual;Plata HD;206;Warner Channel;SD;Variedades;Si
Argentina;Abono Mensual;Plata HD;207;A&E;SD;Variedades;Si
Argentina;Abono Mensual;Plata HD;208;Sony;SD;Variedades;Si
Argentina;Abono Mensual;Plata HD;209;AXN;SD;Variedades;Si
Argentina;Abono Mensual;Plata HD;210;AMC;SD;Variedades;No
Argentina;Abono Mensual;Plata HD;213;TNT Series;SD;Variedades;Si
Argentina;Abono Mensual;Plata HD;214;Atres Series;SD;Variedades;No
Argentina;Abono Mensual;Plata HD;215;Comedy Central;SD;Variedades;No
Argentina;Abono Mensual;Plata HD;216;TNT Novelas;SD;Variedades;No
Argentina;Abono Mensual;Plata HD;217;FX;SD;Variedades;Si
Argentina;Abono Mensual;Plata HD;218;Universal TV;SD;Variedades;Si
Argentina;Abono Mensual;Plata HD;219;USA Network;SD;Variedades;No
Argentina;Abono Mensual;Plata HD;220;Adult Swim;SD;Variedades;No
Argentina;Abono Mensual;Plata HD;221;¡Hola! TV;SD;Variedades;Si
Argentina;Abono Mensual;Plata HD;222;E!;SD;Variedades;Si
Argentina;Abono Mensual;Plata HD;223;Investigation Discovery (ID);SD;Variedades;No
Argentina;Abono Mensual;Plata HD;226;Las Estrellas;SD;Variedades;Si
Argentina;Abono Mensual;Plata HD;227;TLnovelas;SD;Variedades;Si
Argentina;Abono Mensual;Plata HD;228;Lifetime;SD;Variedades;No
Argentina;Abono Mensual;Plata HD;229;Discovery Home & Health;SD;Variedades;Si
Argentina;Abono Mensual;Plata HD;230;Más Chic;SD;Variedades;No
Argentina;Abono Mensual;Plata HD;231;Telemundo;SD;Variedades;Si
Argentina;Abono Mensual;Plata HD;232;El Gourmet;SD;Variedades;Si
Argentina;Abono Mensual;Plata HD;233;Food Network;SD;Variedades;No
Argentina;Abono Mensual;Plata HD;236;Ciudad Magazine;SD;Variedades;Si
Argentina;Abono Mensual;Plata HD;238;Volver;SD;Variedades;Si
Argentina;Abono Mensual;Plata HD;240;Caras TV;SD;Mundo;Si
Argentina;Abono Mensual;Plata HD;264;MTV;SD;Variedades;Si
Argentina;Abono Mensual;Plata HD;267;DSHOW;SD;Variedades;Si
Argentina;Abono Mensual;Plata HD;269;Quiero Música en Mi Idioma (QMusic);SD;Variedades;Si
Argentina;Abono Mensual;Plata HD;296;Unión Radio Noticias;Radio;Radio;Si
Argentina;Abono Mensual;Plata HD;300;OnDIRECTV;SD;Variedades;Si
Argentina;Abono Mensual;Plata HD;301;Star Fun;SD;PPV;No
Argentina;Abono Mensual;Plata HD;302;HBO Family;SD;Cine;No (Adquirible)
Argentina;Abono Mensual;Plata HD;303;Paka Paka;SD;Infantil;Si
Argentina;Abono Mensual;Plata HD;304;Cartoon Network;SD;Infantil;Si
Argentina;Abono Mensual;Plata HD;308;Nickelodeon;SD;Infantil;Si
Argentina;Abono Mensual;Plata HD;309;Nick Jr.;SD;Infantil;No
Argentina;Abono Mensual;Plata HD;312;Disney Channel;SD;Infantil;Si
Argentina;Abono Mensual;Plata HD;315;Disney Junior;SD;Infantil;Si
Argentina;Abono Mensual;Plata HD;317;BabyTV;SD;Infantil;No
Argentina;Abono Mensual;Plata HD;318;Plim Plim;SD;Infantil;Si
Argentina;Abono Mensual;Plata HD;319;El Reino Infantil;SD;Infantil;Si
Argentina;Abono Mensual;Plata HD;330;Discovery Kids;SD;Infantil;Si
Argentina;Abono Mensual;Plata HD;334;Cartoonito;SD;Infantil;No
Argentina;Abono Mensual;Plata HD;350;EWTN;SD;Religioso;Si
Argentina;Abono Mensual;Plata HD;351;Orbe 21;SD;Religioso;Si
Argentina;Abono Mensual;Plata HD;352;Enlace;SD;Religioso;Si
Argentina;Abono Mensual;Plata HD;354;Canal Luz;SD;Religioso;Si
Argentina;Abono Mensual;Plata HD;358;DayStar;SD;Religioso;Si
Argentina;Abono Mensual;Plata HD;400;Placa DIRECTV GO;Portal;Portal;Si
Argentina;Abono Mensual;Plata HD;401;SMS CINE PPV;Portal;Portal;Si
Argentina;Abono Mensual;Plata HD;402;CINE;SD;PPV;No
Argentina;Abono Mensual;Plata HD;404;CINE;SD;PPV;No
Argentina;Abono Mensual;Plata HD;406;CINE;SD;PPV;No
Argentina;Abono Mensual;Plata HD;408;CINE;SD;PPV;No
Argentina;Abono Mensual;Plata HD;410;CINE;SD;PPV;No
Argentina;Abono Mensual;Plata HD;460;SMS ADULTOS PPV;Portal;Portal;Si
Argentina;Abono Mensual;Plata HD;464;Playboy TV;SD;Adultos;No (Adquirible)
Argentina;Abono Mensual;Plata HD;468;Venus;SD;Adultos;No (Adquirible)
Argentina;Abono Mensual;Plata HD;469;XTSY;SD;Adultos;No (Adquirible)
Argentina;Abono Mensual;Plata HD;470;Hustler TV HD;HD;Adultos;No (Adquirible)
Argentina;Abono Mensual;Plata HD;500;OnDIRECTV;SD;Variedades;Si
Argentina;Abono Mensual;Plata HD;502;TNT;SD;Cine;Si
Argentina;Abono Mensual;Plata HD;503;Golden;SD;Cine;No
Argentina;Abono Mensual;Plata HD;506;Sony Movies;SD;Cine;Si
Argentina;Abono Mensual;Plata HD;507;Cinecanal;SD;Cine;Si
Argentina;Abono Mensual;Plata HD;508;Studio Universal;SD;Cine;Si
Argentina;Abono Mensual;Plata HD;509;Cinemax;SD;Cine;Si
Argentina;Abono Mensual;Plata HD;510;Mórbido TV;SD;Cine;Si
Argentina;Abono Mensual;Plata HD;512;Cine.AR;SD;Cine;Si
Argentina;Abono Mensual;Plata HD;513;DHE;SD;Cine;No
Argentina;Abono Mensual;Plata HD;516;De Película;SD;Cine;No
Argentina;Abono Mensual;Plata HD;517;Golden Edge;SD;Cine;No
Argentina;Abono Mensual;Plata HD;518;Space;SD;Cine;Si
Argentina;Abono Mensual;Plata HD;522;HBO Next;Portal;Portal;Si
Argentina;Abono Mensual;Plata HD;524;HBO;SD;Cine;No (Adquirible)
Argentina;Abono Mensual;Plata HD;525;HBO 2;SD;Cine;No (Adquirible)
Argentina;Abono Mensual;Plata HD;526;HBO Plus Este;SD;Cine;No (Adquirible)
Argentina;Abono Mensual;Plata HD;528;HBO Signature;SD;Cine;No (Adquirible)
Argentina;Abono Mensual;Plata HD;534;HBO Family;SD;Cine;No (Adquirible)
Argentina;Abono Mensual;Plata HD;540;HBO Mundi;SD;Cine;No (Adquirible)
Argentina;Abono Mensual;Plata HD;541;HBO Pop;SD;Cine;No (Adquirible)
Argentina;Abono Mensual;Plata HD;542;HBO Xtreme;SD;Cine;No (Adquirible)
Argentina;Abono Mensual;Plata HD;544;HBO Next;Portal;Portal;Si
Argentina;Abono Mensual;Plata HD;550;OnDIRECTV;SD;Variedades;Si
Argentina;Abono Mensual;Plata HD;551;Cómo Contratar Premium;SD;Portal;Si
Argentina;Abono Mensual;Plata HD;570;Portal Premium;SD;Portal;Si
Argentina;Abono Mensual;Plata HD;571;UNIVERSAL Premiere Este;SD;Cine;No (Adquirible)
Argentina;Abono Mensual;Plata HD;572;UNIVERSAL Cinema Oeste;SD;Cine;No (Adquirible)
Argentina;Abono Mensual;Plata HD;573;UNIVERSAL Comedy;SD;Cine;No (Adquirible)
Argentina;Abono Mensual;Plata HD;574;UNIVERSAL Crime;SD;Cine;No (Adquirible)
Argentina;Abono Mensual;Plata HD;575;UNIVERSAL Reality;SD;Cine;No (Adquirible)
Argentina;Abono Mensual;Plata HD;576;UNIVERSAL Premiere Oeste;SD;Cine;No (Adquirible)
Argentina;Abono Mensual;Plata HD;577;UNIVERSAL Crime Oeste;SD;Cine;No (Adquirible)
Argentina;Abono Mensual;Plata HD;599;Bienvenido a DIRECTV;Portal;Portal;Si
Argentina;Abono Mensual;Plata HD;600;Portal DIRECTV Sports;Portal;Portal;Si
Argentina;Abono Mensual;Plata HD;601;Nueva señal - Nombre TBD;SD;Variedades;Si
Argentina;Abono Mensual;Plata HD;602;Portal Fútbol Premium;Portal;Portal;Si
Argentina;Abono Mensual;Plata HD;603;TNT Sports;SD;Deportes;No (Adquirible)
Argentina;Abono Mensual;Plata HD;604;ESPN Premium;SD;Deportes;No (Adquirible)
Argentina;Abono Mensual;Plata HD;605;Fox Sports;SD;Deportes;Si
Argentina;Abono Mensual;Plata HD;608;Fox Sports 2;SD;Deportes;Si
Argentina;Abono Mensual;Plata HD;609;Fox Sports 3;SD;Deportes;Si
Argentina;Abono Mensual;Plata HD;610;DSPORTS;SD;Deportes;Si
Argentina;Abono Mensual;Plata HD;612;DSPORTS 2;SD;Deportes;Si
Argentina;Abono Mensual;Plata HD;613;DSPORTS+;SD;Deportes;Si
Argentina;Abono Mensual;Plata HD;620;TyC Sports;SD;Deportes;Si
Argentina;Abono Mensual;Plata HD;621;ESPN;SD;Deportes;Si
Argentina;Abono Mensual;Plata HD;622;ESPN 2;SD;Deportes;Si
Argentina;Abono Mensual;Plata HD;623;ESPN 3;SD;Deportes;Si
Argentina;Abono Mensual;Plata HD;628;Golf Channel;SD;Deportes;No
Argentina;Abono Mensual;Plata HD;630;DIRECTV Sports;SD;Deportes;Si
Argentina;Abono Mensual;Plata HD;631;DSPORTS Radio;Radio;Radio;Si
Argentina;Abono Mensual;Plata HD;632;TyC Sports 2 (virtual);SD;Deportes;Si
Argentina;Abono Mensual;Plata HD;634;Fútbol de Paraguay;SD;Deportes;No (Adquirible)
Argentina;Abono Mensual;Plata HD;635;Fútbol de Bolivia;SD;Deportes;No (Adquirible)
Argentina;Abono Mensual;Plata HD;656;DeporTV;SD;Deportes;Si
Argentina;Abono Mensual;Plata HD;680;MLB Extra Innings;SD;Deportes;No (Adquirible)
Argentina;Abono Mensual;Plata HD;681;MLB Extra Innings;SD;Deportes;No (Adquirible)
Argentina;Abono Mensual;Plata HD;700;DNEWS;SD;Variedades;Si
Argentina;Abono Mensual;Plata HD;704;CNN en Español;SD;Mundo;Si
Argentina;Abono Mensual;Plata HD;706;CNN International;SD;Mundo;No
Argentina;Abono Mensual;Plata HD;707;CNN Chile;SD;Mundo;No
Argentina;Abono Mensual;Plata HD;708;24 HORAS;SD;Mundo;No
Argentina;Abono Mensual;Plata HD;710;Bloomberg Television;SD;Mundo;No
Argentina;Abono Mensual;Plata HD;714;Nueva señal - TBD;SD;Variedades;Si
Argentina;Abono Mensual;Plata HD;715;La Nación+;SD;Mundo;Si
Argentina;Abono Mensual;Plata HD;716;Todo Noticias (TN);SD;Mundo;Si
Argentina;Abono Mensual;Plata HD;717;C5N;SD;Mundo;Si
Argentina;Abono Mensual;Plata HD;718;Crónica TV;SD;Mundo;Si
Argentina;Abono Mensual;Plata HD;719;A24;SD;Mundo;Si
Argentina;Abono Mensual;Plata HD;720;Canal 26;SD;Mundo;Si
Argentina;Abono Mensual;Plata HD;721;Argentina 12;SD;Mundo;No
Argentina;Abono Mensual;Plata HD;724;Chacra TV;SD;Mundo;Si
Argentina;Abono Mensual;Plata HD;725;NTN24;SD;Mundo;No
Argentina;Abono Mensual;Plata HD;726;Telemax;SD;Mundo;Si
Argentina;Abono Mensual;Plata HD;727;Cable Noticias;SD;Mundo;No
Argentina;Abono Mensual;Plata HD;728;Canal Rural;SD;Nacional;Si
Argentina;Abono Mensual;Plata HD;729;Construir TV;SD;Mundo;Si
Argentina;Abono Mensual;Plata HD;730;National Geographic;SD;Mundo;Si
Argentina;Abono Mensual;Plata HD;732;Discovery Channel;SD;Mundo;Si
Argentina;Abono Mensual;Plata HD;734;Animal Planet;SD;Mundo;Si
Argentina;Abono Mensual;Plata HD;736;Discovery Turbo;SD;Mundo;No
Argentina;Abono Mensual;Plata HD;740;TLC;SD;Mundo;Si
Argentina;Abono Mensual;Plata HD;742;History Channel;SD;Mundo;Si
Argentina;Abono Mensual;Plata HD;744;History 2;SD;Mundo;No
Argentina;Abono Mensual;Plata HD;760;Univision;SD;Mundo;Si
Argentina;Abono Mensual;Plata HD;762;Antena 3;SD;Mundo;No
Argentina;Abono Mensual;Plata HD;764;France 24 Español;SD;Mundo;Si
Argentina;Abono Mensual;Plata HD;766;Rai Italia;SD;Mundo;Si
Argentina;Abono Mensual;Plata HD;768;BBC News;SD;Mundo;No
Argentina;Abono Mensual;Plata HD;770;DW Español;SD;Mundo;No
Argentina;Abono Mensual;Plata HD;772;Caracol Internacional;SD;Mundo;No
Argentina;Abono Mensual;Plata HD;773;El Tiempo TV;SD;Mundo;Si
Argentina;Abono Mensual;Plata HD;774;TV Chile;SD;Mundo;Si
Argentina;Abono Mensual;Plata HD;775;Nuestra Tele;SD;Mundo;No
Argentina;Abono Mensual;Plata HD;776;TV Globo Internacional;SD;Mundo;No (Adquirible)
Argentina;Abono Mensual;Plata HD;778;RTP Internacional;SD;Mundo;No
Argentina;Abono Mensual;Plata HD;780;Zee Mundo;SD;Mundo;No (Adquirible)
Argentina;Abono Mensual;Plata HD;782;NHK World Japan;SD;Mundo;No (Adquirible)
Argentina;Abono Mensual;Plata HD;790;CGTN Español;SD;Mundo;Si
Argentina;Abono Mensual;Plata HD;795;TV Perú;SD;Mundo;Si
Argentina;Abono Mensual;Plata HD;800;OnDIRECTV;SD;Variedades;Si
Argentina;Abono Mensual;Plata HD;804;Escuela Más;SD;Variedades;Si
Argentina;Abono Mensual;Plata HD;901;DSPORTS Radio;Radio;Radio;Si
Argentina;Abono Mensual;Plata HD;973;FM Aspen;Radio;Radio;Si
Argentina;Abono Mensual;Plata HD;974;Radio Nacional;Radio;Radio;Si
Argentina;Abono Mensual;Plata HD;976;Radio del Plata;Radio;Radio;Si
Argentina;Abono Mensual;Plata HD;977;Radio Disney;Radio;Radio;Si
Argentina;Abono Mensual;Plata HD;980;Unión Radio Noticias;Radio;Radio;Si
Argentina;Abono Mensual;Plata HD;981;FM Latina 101.1;Radio;Radio;Si
Argentina;Abono Mensual;Plata HD;982;Radio Caracol;Radio;Radio;Si
Argentina;Abono Mensual;Plata HD;984;Radio France Internationale;Radio;Radio;Si
Argentina;Abono Mensual;Plata HD;999;OnDIRECTV;SD;Variedades;Si
Argentina;Abono Mensual;Plata HD;1105;Gran Hermano - Experiencia Multicámara;SD;Variedades;Si
Argentina;Abono Mensual;Plata HD;1106;Gran Hermano - 24 hs;SD;Variedades;Si
Argentina;Abono Mensual;Plata HD;1107;Gran Hermano - Cámara 1;SD;Variedades;Si
Argentina;Abono Mensual;Plata HD;1108;Gran Hermano - Cámara 2;SD;Variedades;Si
Argentina;Abono Mensual;Plata HD;1109;Gran Hermano - Cámara 3;SD;Variedades;Si
Argentina;Abono Mensual;Plata HD;1120;América HD;HD;Nacional;Si
Argentina;Abono Mensual;Plata HD;1121;TV Pública HD;HD;Nacional;Si
Argentina;Abono Mensual;Plata HD;1122;El Nueve HD;HD;Nacional;Si
Argentina;Abono Mensual;Plata HD;1123;Telefe HD;HD;Nacional;Si
Argentina;Abono Mensual;Plata HD;1124;El Trece HD;HD;Nacional;Si
Argentina;Abono Mensual;Plata HD;1125;Net TV HD;HD;Nacional;Si
Argentina;Abono Mensual;Plata HD;1127;DSHOW HD;HD;Variedades;Si
Argentina;Abono Mensual;Plata HD;1128;Encuentro HD;HD;Nacional;No
Argentina;Abono Mensual;Plata HD;1199;KZO HD;HD;Variedades;Si
Argentina;Abono Mensual;Plata HD;1200;DIRECTV Series HD;HD;Portal;Si
Argentina;Abono Mensual;Plata HD;1204;Star Channel HD;HD;Variedades;Si
Argentina;Abono Mensual;Plata HD;1206;Warner Channel HD;HD;Variedades;Si
Argentina;Abono Mensual;Plata HD;1207;A&E HD;HD;Variedades;Si
Argentina;Abono Mensual;Plata HD;1208;Sony HD;HD;Variedades;Si
Argentina;Abono Mensual;Plata HD;1209;AXN HD;HD;Variedades;Si
Argentina;Abono Mensual;Plata HD;1210;AMC HD;HD;Variedades;No
Argentina;Abono Mensual;Plata HD;1213;TNT Series HD;HD;Variedades;Si
Argentina;Abono Mensual;Plata HD;1214;Atres Series HD;HD;Variedades;No
Argentina;Abono Mensual;Plata HD;1215;Comedy Central HD;HD;Variedades;No
Argentina;Abono Mensual;Plata HD;1217;FX HD;HD;Variedades;Si
Argentina;Abono Mensual;Plata HD;1218;Universal TV HD;HD;Variedades;Si
Argentina;Abono Mensual;Plata HD;1219;USA Network HD;HD;Variedades;No
Argentina;Abono Mensual;Plata HD;1221;Hola TV HD;HD;Variedades;Si
Argentina;Abono Mensual;Plata HD;1222;E! HD;HD;Variedades;Si
Argentina;Abono Mensual;Plata HD;1223;ID HD;HD;Variedades;No
Argentina;Abono Mensual;Plata HD;1228;Lifetime HD;HD;Variedades;No
Argentina;Abono Mensual;Plata HD;1229;Discovery Home & Health HD;HD;Variedades;Si
Argentina;Abono Mensual;Plata HD;1231;A la Cocina TV;HD;Variedades;Si
Argentina;Abono Mensual;Plata HD;1232;El Gourmet HD;HD;Variedades;Si
Argentina;Abono Mensual;Plata HD;1233;Food Network HD;HD;Variedades;No
Argentina;Abono Mensual;Plata HD;1234;HGTV HD;HD;Variedades;No
Argentina;Abono Mensual;Plata HD;1236;Ciudad Magazine HD;HD;Variedades;Si
Argentina;Abono Mensual;Plata HD;1237;VePlus HD;HD;Variedades;Si
Argentina;Abono Mensual;Plata HD;1264;MTV HD;HD;Variedades;Si
Argentina;Abono Mensual;Plata HD;1265;Music Top HD;HD;Variedades;Si
Argentina;Abono Mensual;Plata HD;1266;Tierra Mía HD;HD;Variedades;No
Argentina;Abono Mensual;Plata HD;1267;DSHOW;SD;Variedades;Si
Argentina;Abono Mensual;Plata HD;1269;Quiero Música en Mi Idioma (QMusic) HD;HD;Variedades;Si
Argentina;Abono Mensual;Plata HD;1270;Latina TV;HD;Variedades;Si
Argentina;Abono Mensual;Plata HD;1304;Cartoon Network HD;HD;Infantil;Si
Argentina;Abono Mensual;Plata HD;1308;Nick HD;HD;Infantil;Si
Argentina;Abono Mensual;Plata HD;1309;Nick Jr. HD;HD;Infantil;No
Argentina;Abono Mensual;Plata HD;1312;Disney Channel HD;HD;Infantil;Si
Argentina;Abono Mensual;Plata HD;1315;Disney Junior HD;HD;Infantil;Si
Argentina;Abono Mensual;Plata HD;1317;BabyTV;SD;Infantil;No
Argentina;Abono Mensual;Plata HD;1318;Plim Plim;SD;Infantil;Si
Argentina;Abono Mensual;Plata HD;1319;El Reino Infantil;SD;Infantil;Si
Argentina;Abono Mensual;Plata HD;1330;Discovery Kids HD;HD;Infantil;Si
Argentina;Abono Mensual;Plata HD;1402;PPV HD;HD;PPV;No
Argentina;Abono Mensual;Plata HD;1404;PPV HD;HD;PPV;No
Argentina;Abono Mensual;Plata HD;1406;PPV HD;HD;PPV;No
Argentina;Abono Mensual;Plata HD;1408;PPV HD;HD;PPV;No
Argentina;Abono Mensual;Plata HD;1410;PPV HD;HD;PPV;No
Argentina;Abono Mensual;Plata HD;1502;TNT HD;HD;Cine;Si
Argentina;Abono Mensual;Plata HD;1503;Golden HD;HD;Cine;No
Argentina;Abono Mensual;Plata HD;1506;Sony Movies HD;HD;Cine;Si
Argentina;Abono Mensual;Plata HD;1507;Cinecanal HD;HD;Cine;Si
Argentina;Abono Mensual;Plata HD;1508;Studio Universal HD;HD;Cine;Si
Argentina;Abono Mensual;Plata HD;1509;Cinemax HD;HD;Cine;No
Argentina;Abono Mensual;Plata HD;1510;Mórbido TV;SD;Cine;Si
Argentina;Abono Mensual;Plata HD;1513;DHE HD;HD;Cine;No
Argentina;Abono Mensual;Plata HD;1518;Space HD;HD;Cine;Si
Argentina;Abono Mensual;Plata HD;1524;HBO HD;HD;Cine;No (Adquirible)
Argentina;Abono Mensual;Plata HD;1525;HBO 2 HD;HD;Cine;No (Adquirible)
Argentina;Abono Mensual;Plata HD;1528;HBO Signature HD;HD;Cine;No (Adquirible)
Argentina;Abono Mensual;Plata HD;1532;HBO Plus HD;HD;Cine;No (Adquirible)
Argentina;Abono Mensual;Plata HD;1534;HBO Family HD;HD;Cine;No (Adquirible)
Argentina;Abono Mensual;Plata HD;1542;HBO Xtreme HD;HD;Cine;No (Adquirible)
Argentina;Abono Mensual;Plata HD;1571;UNIVERSAL Premiere Este HD;HD;Cine;No (Adquirible)
Argentina;Abono Mensual;Plata HD;1572;UNIVERSAL Cinema Oeste HD;HD;Cine;No (Adquirible)
Argentina;Abono Mensual;Plata HD;1573;UNIVERSAL Comedy HD;HD;Cine;No (Adquirible)
Argentina;Abono Mensual;Plata HD;1574;UNIVERSAL Crime HD;HD;Cine;No (Adquirible)
Argentina;Abono Mensual;Plata HD;1575;UNIVERSAL Reality HD;HD;Cine;No (Adquirible)
Argentina;Abono Mensual;Plata HD;1576;UNIVERSAL Premiere Oeste HD;HD;Cine;No (Adquirible)
Argentina;Abono Mensual;Plata HD;1577;UNIVERSAL Crime Oeste HD;HD;Cine;No (Adquirible)
Argentina;Abono Mensual;Plata HD;1601;Nueva señal - Nombre TBD;SD;Variedades;Si
Argentina;Abono Mensual;Plata HD;1602;Portal Fútbol Premium;Portal;Portal;Si
Argentina;Abono Mensual;Plata HD;1603;TNT Sports HD;HD;Deportes;No (Adquirible)
Argentina;Abono Mensual;Plata HD;1604;Fox Sports Premium HD;HD;Deportes;No (Adquirible)
Argentina;Abono Mensual;Plata HD;1605;Fox Sports HD;HD;Deportes;Si
Argentina;Abono Mensual;Plata HD;1608;Fox Sports 2 HD;HD;Deportes;Si
Argentina;Abono Mensual;Plata HD;1609;Fox Sports 3 HD;HD;Deportes;Si
Argentina;Abono Mensual;Plata HD;1610;DSPORTS HD;HD;Deportes;Si
Argentina;Abono Mensual;Plata HD;1612;DSPORTS 2 HD;HD;Deportes;Si
Argentina;Abono Mensual;Plata HD;1613;DSPORTS+ HD;HD;Deportes;Si
Argentina;Abono Mensual;Plata HD;1620;TyC Sports HD;HD;Deportes;Si
Argentina;Abono Mensual;Plata HD;1621;ESPN HD;HD;Deportes;Si
Argentina;Abono Mensual;Plata HD;1622;ESPN 2 HD;HD;Deportes;Si
Argentina;Abono Mensual;Plata HD;1623;ESPN 3 HD;HD;Deportes;Si
Argentina;Abono Mensual;Plata HD;1624;ESPN 4;HD;Deportes;No
Argentina;Abono Mensual;Plata HD;1628;Golf Channel HD;HD;Deportes;No
Argentina;Abono Mensual;Plata HD;1630;DSPORTS;SD;Deportes;Si
Argentina;Abono Mensual;Plata HD;1631;DSPORTS Radio;Radio;Radio;Si
Argentina;Abono Mensual;Plata HD;1639;PX Sports;HD;Deportes;No
Argentina;Abono Mensual;Plata HD;1654;DeporTV HD;HD;Deportes;Si
Argentina;Abono Mensual;Plata HD;1656;DeporTV HD;HD;Deportes;No
Argentina;Abono Mensual;Plata HD;1677;NBA TV HD;HD;Deportes;No
Argentina;Abono Mensual;Plata HD;1700;DNEWS HD;HD;Variedades;Si
Argentina;Abono Mensual;Plata HD;1714;DSHOW;SD;Variedades;Si
Argentina;Abono Mensual;Plata HD;1715;La Nación+ HD;HD;Mundo;Si
Argentina;Abono Mensual;Plata HD;1716;TN HD;HD;Mundo;Si
Argentina;Abono Mensual;Plata HD;1717;C5N HD;HD;Local;Si
Argentina;Abono Mensual;Plata HD;1719;A24 HD;HD;Mundo;Si
Argentina;Abono Mensual;Plata HD;1720;Canal 26 HD;HD;Mundo;Si
Argentina;Abono Mensual;Plata HD;1721;Argentina 12 HD;HD;Mundo;Si
Argentina;Abono Mensual;Plata HD;1722;Canal E;HD;Variedades;No
Argentina;Abono Mensual;Plata HD;1724;TV Perú Noticias HD;HD;Mundo;Si
Argentina;Abono Mensual;Plata HD;1730;National Geographic HD;HD;Mundo;Si
Argentina;Abono Mensual;Plata HD;1731;Discovery Theater HD;HD;Mundo;No
Argentina;Abono Mensual;Plata HD;1732;Discovery Channel HD;HD;Mundo;Si
Argentina;Abono Mensual;Plata HD;1734;Animal Planet HD;HD;Mundo;Si
Argentina;Abono Mensual;Plata HD;1738;Discovery World HD;HD;Mundo;No
Argentina;Abono Mensual;Plata HD;1740;TLC HD;HD;Mundo;Si
Argentina;Abono Mensual;Plata HD;1742;History Channel HD;HD;Mundo;Si
Argentina;Abono Mensual;Plata HD;1744;History 2 HD;HD;Mundo;No
Argentina;Abono Mensual;Plata HD;1748;Canal (A) HD;HD;Mundo;No
Argentina;Abono Mensual;Plata HD;1750;Encuentro Internacional HD;HD;Variedades;No
Argentina;Abono Mensual;Plata HD;1762;Antena 3 HD;HD;Mundo;No
Argentina;Abono Mensual;Plata HD;1764;France 24 Español;SD;Mundo;Si
Argentina;Abono Mensual;Plata HD;1789;TV Ciudad HD;HD;Variedades;Si
Argentina;Abono Mensual;Plata HD;1795;TV Perú HD;HD;Mundo;Si
Argentina;Abono Mensual;Plata HD;1804;Escuela Más HD;HD;Variedades;Si
Argentina;Abono Mensual;Plata HD;4000;DIRECTV Ultra HD: 4K;4K;4K;No
Argentina;Abono Mensual;Family;100;Canal 100 DIRECTV;Portal;Portal;Si
Argentina;Abono Mensual;Family;101;Canal 101 Prepago;Portal;Portal;No
Argentina;Abono Mensual;Family;105;Gran Hermano - Experiencia Multicámara;SD;Variedades;No
Argentina;Abono Mensual;Family;106;Gran Hermano - 24 hs;SD;Variedades;No
Argentina;Abono Mensual;Family;107;Gran Hermano - Cámara 1;SD;Variedades;No
Argentina;Abono Mensual;Family;108;Gran Hermano - Cámara 2;SD;Variedades;No
Argentina;Abono Mensual;Family;109;Gran Hermano - Cámara 3;SD;Variedades;No
Argentina;Abono Mensual;Family;120;América;SD;Nacional;Si
Argentina;Abono Mensual;Family;121;TV Pública;SD;Nacional;Si
Argentina;Abono Mensual;Family;122;El Nueve;SD;Nacional;Si
Argentina;Abono Mensual;Family;123;Telefe;SD;Nacional;Si
Argentina;Abono Mensual;Family;124;El Trece;SD;Nacional;Si
Argentina;Abono Mensual;Family;125;Net TV;SD;Nacional;Si
Argentina;Abono Mensual;Family;126;Bravo TV;SD;Variedades;Si
Argentina;Abono Mensual;Family;127;DSHOW;SD;Variedades;Si
Argentina;Abono Mensual;Family;128;Encuentro;SD;Nacional;Si
Argentina;Abono Mensual;Family;129;Canal de la Ciudad;SD;Local;No
Argentina;Abono Mensual;Family;130;Canal 7 Mendoza;SD;Local;Si
Argentina;Abono Mensual;Family;131;Canal 9 Mendoza;SD;Local;Si
Argentina;Abono Mensual;Family;132;Telediario;SD;Local;Si
Argentina;Abono Mensual;Family;133;Canal 7 de Jujuy;SD;Local;Si
Argentina;Abono Mensual;Family;134;Canal 3 Rosario;SD;Nacional;Si
Argentina;Abono Mensual;Family;135;Canal 12 de Córdoba;SD;Local;Si
Argentina;Abono Mensual;Family;136;Telefé Córdoba;SD;Local;No
Argentina;Abono Mensual;Family;137;Telefe Rosario;SD;Local;Si
Argentina;Abono Mensual;Family;139;Televisión Pública Pampeana;SD;Local;No
Argentina;Abono Mensual;Family;140;Canal 8 San Juan;SD;Local;No
Argentina;Abono Mensual;Family;160;Infomerciales;SD;Variedades;Si
Argentina;Abono Mensual;Family;199;KZO;SD;Variedades;Si
Argentina;Abono Mensual;Family;200;DIRECTV Series;SD;Portal;No
Argentina;Abono Mensual;Family;204;Star Channel;SD;Variedades;Si
Argentina;Abono Mensual;Family;206;Warner Channel;SD;Variedades;Si
Argentina;Abono Mensual;Family;207;A&E;SD;Variedades;Si
Argentina;Abono Mensual;Family;208;Sony;SD;Variedades;Si
Argentina;Abono Mensual;Family;209;AXN;SD;Variedades;Si
Argentina;Abono Mensual;Family;210;AMC;SD;Variedades;No
Argentina;Abono Mensual;Family;213;TNT Series;SD;Variedades;Si
Argentina;Abono Mensual;Family;214;Atres Series;SD;Variedades;No
Argentina;Abono Mensual;Family;215;Comedy Central;SD;Variedades;Si
Argentina;Abono Mensual;Family;216;TNT Novelas;SD;Variedades;No
Argentina;Abono Mensual;Family;217;FX;SD;Variedades;Si
Argentina;Abono Mensual;Family;218;Universal TV;SD;Variedades;Si
Argentina;Abono Mensual;Family;219;USA Network;SD;Variedades;Si
Argentina;Abono Mensual;Family;220;Adult Swim;SD;Variedades;No
Argentina;Abono Mensual;Family;221;¡Hola! TV;SD;Variedades;Si
Argentina;Abono Mensual;Family;222;E!;SD;Variedades;Si
Argentina;Abono Mensual;Family;223;Investigation Discovery (ID);SD;Variedades;Si
Argentina;Abono Mensual;Family;226;Las Estrellas;SD;Variedades;Si
Argentina;Abono Mensual;Family;227;TLnovelas;SD;Variedades;No
Argentina;Abono Mensual;Family;228;Lifetime;SD;Variedades;Si
Argentina;Abono Mensual;Family;229;Discovery Home & Health;SD;Variedades;Si
Argentina;Abono Mensual;Family;230;Más Chic;SD;Variedades;No
Argentina;Abono Mensual;Family;231;Telemundo;SD;Variedades;Si
Argentina;Abono Mensual;Family;232;El Gourmet;SD;Variedades;No
Argentina;Abono Mensual;Family;233;Food Network;SD;Variedades;No
Argentina;Abono Mensual;Family;236;Ciudad Magazine;SD;Variedades;Si
Argentina;Abono Mensual;Family;238;Volver;SD;Variedades;Si
Argentina;Abono Mensual;Family;240;Caras TV;SD;Mundo;Si
Argentina;Abono Mensual;Family;264;MTV;SD;Variedades;Si
Argentina;Abono Mensual;Family;267;DSHOW;SD;Variedades;No
Argentina;Abono Mensual;Family;269;Quiero Música en Mi Idioma (QMusic);SD;Variedades;Si
Argentina;Abono Mensual;Family;296;Unión Radio Noticias;Radio;Radio;Si
Argentina;Abono Mensual;Family;300;OnDIRECTV;SD;Variedades;Si
Argentina;Abono Mensual;Family;301;Star Fun;SD;PPV;No
Argentina;Abono Mensual;Family;302;HBO Family;SD;Cine;No (Adquirible)
Argentina;Abono Mensual;Family;303;Paka Paka;SD;Infantil;Si
Argentina;Abono Mensual;Family;304;Cartoon Network;SD;Infantil;Si
Argentina;Abono Mensual;Family;308;Nickelodeon;SD;Infantil;Si
Argentina;Abono Mensual;Family;309;Nick Jr.;SD;Infantil;No
Argentina;Abono Mensual;Family;312;Disney Channel;SD;Infantil;Si
Argentina;Abono Mensual;Family;315;Disney Junior;SD;Infantil;Si
Argentina;Abono Mensual;Family;317;BabyTV;SD;Infantil;No
Argentina;Abono Mensual;Family;318;Plim Plim;SD;Infantil;Si
Argentina;Abono Mensual;Family;319;El Reino Infantil;SD;Infantil;No
Argentina;Abono Mensual;Family;330;Discovery Kids;SD;Infantil;Si
Argentina;Abono Mensual;Family;334;Cartoonito;SD;Infantil;Si
Argentina;Abono Mensual;Family;350;EWTN;SD;Religioso;No
Argentina;Abono Mensual;Family;351;Orbe 21;SD;Religioso;Si
Argentina;Abono Mensual;Family;352;Enlace;SD;Religioso;Si
Argentina;Abono Mensual;Family;354;Canal Luz;SD;Religioso;No
Argentina;Abono Mensual;Family;358;DayStar;SD;Religioso;No
Argentina;Abono Mensual;Family;400;Placa DIRECTV GO;Portal;Portal;Si
Argentina;Abono Mensual;Family;401;SMS CINE PPV;Portal;Portal;Si
Argentina;Abono Mensual;Family;402;CINE;SD;PPV;No (PPV)
Argentina;Abono Mensual;Family;404;CINE;SD;PPV;No (PPV)
Argentina;Abono Mensual;Family;406;CINE;SD;PPV;No (PPV)
Argentina;Abono Mensual;Family;408;CINE;SD;PPV;No (PPV)
Argentina;Abono Mensual;Family;410;CINE;SD;PPV;No (PPV)
Argentina;Abono Mensual;Family;460;SMS ADULTOS PPV;Portal;Portal;Si
Argentina;Abono Mensual;Family;464;Playboy TV;SD;Adultos;No (Adquirible)
Argentina;Abono Mensual;Family;468;Venus;SD;Adultos;No (Adquirible)
Argentina;Abono Mensual;Family;469;XTSY;SD;Adultos;No (Adquirible)
Argentina;Abono Mensual;Family;470;Hustler TV HD;HD;Adultos;No (Adquirible)
Argentina;Abono Mensual;Family;500;OnDIRECTV;SD;Variedades;Si
Argentina;Abono Mensual;Family;502;TNT;SD;Cine;Si
Argentina;Abono Mensual;Family;503;Golden;SD;Cine;No
Argentina;Abono Mensual;Family;506;Sony Movies;SD;Cine;No
Argentina;Abono Mensual;Family;507;Cinecanal;SD;Cine;Si
Argentina;Abono Mensual;Family;508;Studio Universal;SD;Cine;Si
Argentina;Abono Mensual;Family;509;Cinemax;SD;Cine;No
Argentina;Abono Mensual;Family;510;Mórbido TV;SD;Cine;Si
Argentina;Abono Mensual;Family;512;Cine.AR;SD;Cine;Si
Argentina;Abono Mensual;Family;513;DHE;SD;Cine;No
Argentina;Abono Mensual;Family;516;De Película;SD;Cine;No
Argentina;Abono Mensual;Family;517;Golden Edge;SD;Cine;No
Argentina;Abono Mensual;Family;518;Space;SD;Cine;Si
Argentina;Abono Mensual;Family;522;HBO Next;Portal;Portal;Si
Argentina;Abono Mensual;Family;524;HBO;SD;Cine;No (Adquirible)
Argentina;Abono Mensual;Family;525;HBO 2;SD;Cine;No (Adquirible)
Argentina;Abono Mensual;Family;526;HBO Plus Este;SD;Cine;No (Adquirible)
Argentina;Abono Mensual;Family;528;HBO Signature;SD;Cine;No (Adquirible)
Argentina;Abono Mensual;Family;534;HBO Family;SD;Cine;No (Adquirible)
Argentina;Abono Mensual;Family;540;HBO Mundi;SD;Cine;No (Adquirible)
Argentina;Abono Mensual;Family;541;HBO Pop;SD;Cine;No (Adquirible)
Argentina;Abono Mensual;Family;542;HBO Xtreme;SD;Cine;No (Adquirible)
Argentina;Abono Mensual;Family;544;HBO Next;Portal;Portal;Si
Argentina;Abono Mensual;Family;550;OnDIRECTV;SD;Variedades;Si
Argentina;Abono Mensual;Family;551;Cómo Contratar Premium;SD;Portal;No
Argentina;Abono Mensual;Family;570;Portal Premium;SD;Portal;No
Argentina;Abono Mensual;Family;571;UNIVERSAL Premiere Este;SD;Cine;No (Adquirible)
Argentina;Abono Mensual;Family;572;UNIVERSAL Cinema Oeste;SD;Cine;No (Adquirible)
Argentina;Abono Mensual;Family;573;UNIVERSAL Comedy;SD;Cine;No (Adquirible)
Argentina;Abono Mensual;Family;574;UNIVERSAL Crime;SD;Cine;No (Adquirible)
Argentina;Abono Mensual;Family;575;UNIVERSAL Reality;SD;Cine;No (Adquirible)
Argentina;Abono Mensual;Family;576;UNIVERSAL Premiere Oeste;SD;Cine;No (Adquirible)
Argentina;Abono Mensual;Family;577;UNIVERSAL Crime Oeste;SD;Cine;No (Adquirible)
Argentina;Abono Mensual;Family;599;Bienvenido a DIRECTV;Portal;Portal;Si
Argentina;Abono Mensual;Family;600;Portal DIRECTV Sports;Portal;Portal;Si
Argentina;Abono Mensual;Family;601;Nueva señal - Nombre TBD;SD;Variedades;No
Argentina;Abono Mensual;Family;602;Portal Fútbol Premium;Portal;Portal;Si
Argentina;Abono Mensual;Family;603;TNT Sports;SD;Deportes;No (Adquirible)
Argentina;Abono Mensual;Family;604;ESPN Premium;SD;Deportes;No (Adquirible)
Argentina;Abono Mensual;Family;605;Fox Sports;SD;Deportes;Si
Argentina;Abono Mensual;Family;608;Fox Sports 2;SD;Deportes;Si
Argentina;Abono Mensual;Family;609;Fox Sports 3;SD;Deportes;Si
Argentina;Abono Mensual;Family;610;DSPORTS;SD;Deportes;Si
Argentina;Abono Mensual;Family;612;DSPORTS 2;SD;Deportes;Si
Argentina;Abono Mensual;Family;613;DSPORTS+;SD;Deportes;No
Argentina;Abono Mensual;Family;620;TyC Sports;SD;Deportes;Si
Argentina;Abono Mensual;Family;621;ESPN;SD;Deportes;Si
Argentina;Abono Mensual;Family;622;ESPN 2;SD;Deportes;Si
Argentina;Abono Mensual;Family;623;ESPN 3;SD;Deportes;Si
Argentina;Abono Mensual;Family;628;Golf Channel;SD;Deportes;Si
Argentina;Abono Mensual;Family;630;DIRECTV Sports;SD;Deportes;Si
Argentina;Abono Mensual;Family;631;DSPORTS Radio;Radio;Radio;Si
Argentina;Abono Mensual;Family;632;TyC Sports 2 (virtual);SD;Deportes;Si
Argentina;Abono Mensual;Family;634;Fútbol de Paraguay;SD;Deportes;No (Adquirible)
Argentina;Abono Mensual;Family;635;Fútbol de Bolivia;SD;Deportes;No (Adquirible)
Argentina;Abono Mensual;Family;656;DeporTV;SD;Deportes;Si
Argentina;Abono Mensual;Family;680;MLB Extra Innings;SD;Deportes;No (Adquirible)
Argentina;Abono Mensual;Family;681;MLB Extra Innings;SD;Deportes;No (Adquirible)
Argentina;Abono Mensual;Family;700;DNEWS;SD;Variedades;Si
Argentina;Abono Mensual;Family;704;CNN en Español;SD;Mundo;Si
Argentina;Abono Mensual;Family;706;CNN International;SD;Mundo;Si
Argentina;Abono Mensual;Family;707;CNN Chile;SD;Mundo;No
Argentina;Abono Mensual;Family;708;24 HORAS;SD;Mundo;No
Argentina;Abono Mensual;Family;710;Bloomberg Television;SD;Mundo;No
Argentina;Abono Mensual;Family;714;Nueva señal - TBD;SD;Variedades;No
Argentina;Abono Mensual;Family;715;La Nación+;SD;Mundo;No
Argentina;Abono Mensual;Family;716;Todo Noticias (TN);SD;Mundo;Si
Argentina;Abono Mensual;Family;717;C5N;SD;Mundo;Si
Argentina;Abono Mensual;Family;718;Crónica TV;SD;Mundo;Si
Argentina;Abono Mensual;Family;719;A24;SD;Mundo;Si
Argentina;Abono Mensual;Family;720;Canal 26;SD;Mundo;Si
Argentina;Abono Mensual;Family;721;Argentina 12;SD;Mundo;No
Argentina;Abono Mensual;Family;724;Chacra TV;SD;Mundo;No
Argentina;Abono Mensual;Family;725;NTN24;SD;Mundo;Si
Argentina;Abono Mensual;Family;726;Telemax;SD;Mundo;Si
Argentina;Abono Mensual;Family;727;Cable Noticias;SD;Mundo;Si
Argentina;Abono Mensual;Family;728;Canal Rural;SD;Nacional;Si
Argentina;Abono Mensual;Family;729;Construir TV;SD;Mundo;Si
Argentina;Abono Mensual;Family;730;National Geographic;SD;Mundo;Si
Argentina;Abono Mensual;Family;732;Discovery Channel;SD;Mundo;Si
Argentina;Abono Mensual;Family;734;Animal Planet;SD;Mundo;Si
Argentina;Abono Mensual;Family;736;Discovery Turbo;SD;Mundo;Si
Argentina;Abono Mensual;Family;740;TLC;SD;Mundo;Si
Argentina;Abono Mensual;Family;742;History Channel;SD;Mundo;Si
Argentina;Abono Mensual;Family;744;History 2;SD;Mundo;Si
Argentina;Abono Mensual;Family;760;Univision;SD;Mundo;Si
Argentina;Abono Mensual;Family;762;Antena 3;SD;Mundo;No
Argentina;Abono Mensual;Family;764;France 24 Español;SD;Mundo;Si
Argentina;Abono Mensual;Family;766;Rai Italia;SD;Mundo;Si
Argentina;Abono Mensual;Family;768;BBC News;SD;Mundo;No
Argentina;Abono Mensual;Family;770;DW Español;SD;Mundo;No
Argentina;Abono Mensual;Family;772;Caracol Internacional;SD;Mundo;Si
Argentina;Abono Mensual;Family;773;El Tiempo TV;SD;Mundo;Si
Argentina;Abono Mensual;Family;774;TV Chile;SD;Mundo;Si
Argentina;Abono Mensual;Family;775;Nuestra Tele;SD;Mundo;Si
Argentina;Abono Mensual;Family;776;TV Globo Internacional;SD;Mundo;No (Adquirible)
Argentina;Abono Mensual;Family;778;RTP Internacional;SD;Mundo;No
Argentina;Abono Mensual;Family;780;Zee Mundo;SD;Mundo;No (Adquirible)
Argentina;Abono Mensual;Family;782;NHK World Japan;SD;Mundo;No (Adquirible)
Argentina;Abono Mensual;Family;790;CGTN Español;SD;Mundo;No
Argentina;Abono Mensual;Family;795;TV Perú;SD;Mundo;Si
Argentina;Abono Mensual;Family;800;OnDIRECTV;SD;Variedades;Si
Argentina;Abono Mensual;Family;804;Escuela Más;SD;Variedades;No
Argentina;Abono Mensual;Family;901;DSPORTS Radio;Radio;Radio;Si
Argentina;Abono Mensual;Family;973;FM Aspen;Radio;Radio;Si
Argentina;Abono Mensual;Family;974;Radio Nacional;Radio;Radio;Si
Argentina;Abono Mensual;Family;976;Radio del Plata;Radio;Radio;No
Argentina;Abono Mensual;Family;977;Radio Disney;Radio;Radio;No
Argentina;Abono Mensual;Family;980;Unión Radio Noticias;Radio;Radio;Si
Argentina;Abono Mensual;Family;981;FM Latina 101.1;Radio;Radio;No
Argentina;Abono Mensual;Family;982;Radio Caracol;Radio;Radio;Si
Argentina;Abono Mensual;Family;984;Radio France Internationale;Radio;Radio;Si
Argentina;Abono Mensual;Family;999;OnDIRECTV;SD;Variedades;Si
Argentina;Abono Mensual;Family;1105;Gran Hermano - Experiencia Multicámara;SD;Variedades;No
Argentina;Abono Mensual;Family;1106;Gran Hermano - 24 hs;SD;Variedades;No
Argentina;Abono Mensual;Family;1107;Gran Hermano - Cámara 1;SD;Variedades;No
Argentina;Abono Mensual;Family;1108;Gran Hermano - Cámara 2;SD;Variedades;No
Argentina;Abono Mensual;Family;1109;Gran Hermano - Cámara 3;SD;Variedades;No
Argentina;Abono Mensual;Family;1120;América HD;HD;Nacional;No
Argentina;Abono Mensual;Family;1121;TV Pública HD;HD;Nacional;No
Argentina;Abono Mensual;Family;1122;El Nueve HD;HD;Nacional;No
Argentina;Abono Mensual;Family;1123;Telefe HD;HD;Nacional;No
Argentina;Abono Mensual;Family;1124;El Trece HD;HD;Nacional;No
Argentina;Abono Mensual;Family;1125;Net TV HD;HD;Nacional;No
Argentina;Abono Mensual;Family;1127;DSHOW HD;HD;Variedades;No
Argentina;Abono Mensual;Family;1128;Encuentro HD;HD;Nacional;No
Argentina;Abono Mensual;Family;1199;KZO HD;HD;Variedades;Si
Argentina;Abono Mensual;Family;1200;DIRECTV Series HD;HD;Portal;No
Argentina;Abono Mensual;Family;1204;Star Channel HD;HD;Variedades;No
Argentina;Abono Mensual;Family;1206;Warner Channel HD;HD;Variedades;No
Argentina;Abono Mensual;Family;1207;A&E HD;HD;Variedades;No
Argentina;Abono Mensual;Family;1208;Sony HD;HD;Variedades;No
Argentina;Abono Mensual;Family;1209;AXN HD;HD;Variedades;No
Argentina;Abono Mensual;Family;1210;AMC HD;HD;Variedades;No
Argentina;Abono Mensual;Family;1213;TNT Series HD;HD;Variedades;No
Argentina;Abono Mensual;Family;1214;Atres Series HD;HD;Variedades;No
Argentina;Abono Mensual;Family;1215;Comedy Central HD;HD;Variedades;No
Argentina;Abono Mensual;Family;1217;FX HD;HD;Variedades;No
Argentina;Abono Mensual;Family;1218;Universal TV HD;HD;Variedades;No
Argentina;Abono Mensual;Family;1219;USA Network HD;HD;Variedades;No
Argentina;Abono Mensual;Family;1221;Hola TV HD;HD;Variedades;No
Argentina;Abono Mensual;Family;1222;E! HD;HD;Variedades;No
Argentina;Abono Mensual;Family;1223;ID HD;HD;Variedades;No
Argentina;Abono Mensual;Family;1228;Lifetime HD;HD;Variedades;No
Argentina;Abono Mensual;Family;1229;Discovery Home & Health HD;HD;Variedades;No
Argentina;Abono Mensual;Family;1231;A la Cocina TV;HD;Variedades;No
Argentina;Abono Mensual;Family;1232;El Gourmet HD;HD;Variedades;No
Argentina;Abono Mensual;Family;1233;Food Network HD;HD;Variedades;No
Argentina;Abono Mensual;Family;1234;HGTV HD;HD;Variedades;No
Argentina;Abono Mensual;Family;1236;Ciudad Magazine HD;HD;Variedades;No
Argentina;Abono Mensual;Family;1237;VePlus HD;HD;Variedades;No
Argentina;Abono Mensual;Family;1264;MTV HD;HD;Variedades;No
Argentina;Abono Mensual;Family;1265;Music Top HD;HD;Variedades;No
Argentina;Abono Mensual;Family;1266;Tierra Mía HD;HD;Variedades;No
Argentina;Abono Mensual;Family;1267;DSHOW;SD;Variedades;No
Argentina;Abono Mensual;Family;1269;Quiero Música en Mi Idioma (QMusic) HD;HD;Variedades;No
Argentina;Abono Mensual;Family;1270;Latina TV;HD;Variedades;Si
Argentina;Abono Mensual;Family;1304;Cartoon Network HD;HD;Infantil;No
Argentina;Abono Mensual;Family;1308;Nick HD;HD;Infantil;No
Argentina;Abono Mensual;Family;1309;Nick Jr. HD;HD;Infantil;No
Argentina;Abono Mensual;Family;1312;Disney Channel HD;HD;Infantil;No
Argentina;Abono Mensual;Family;1315;Disney Junior HD;HD;Infantil;No
Argentina;Abono Mensual;Family;1317;BabyTV;SD;Infantil;No
Argentina;Abono Mensual;Family;1318;Plim Plim;SD;Infantil;Si
Argentina;Abono Mensual;Family;1319;El Reino Infantil;SD;Infantil;No
Argentina;Abono Mensual;Family;1330;Discovery Kids HD;HD;Infantil;No
Argentina;Abono Mensual;Family;1402;PPV HD;HD;PPV;No
Argentina;Abono Mensual;Family;1404;PPV HD;HD;PPV;No
Argentina;Abono Mensual;Family;1406;PPV HD;HD;PPV;No
Argentina;Abono Mensual;Family;1408;PPV HD;HD;PPV;No
Argentina;Abono Mensual;Family;1410;PPV HD;HD;PPV;No
Argentina;Abono Mensual;Family;1502;TNT HD;HD;Cine;No
Argentina;Abono Mensual;Family;1503;Golden HD;HD;Cine;No
Argentina;Abono Mensual;Family;1506;Sony Movies HD;HD;Cine;No
Argentina;Abono Mensual;Family;1507;Cinecanal HD;HD;Cine;No
Argentina;Abono Mensual;Family;1508;Studio Universal HD;HD;Cine;No
Argentina;Abono Mensual;Family;1509;Cinemax HD;HD;Cine;No
Argentina;Abono Mensual;Family;1510;Mórbido TV;SD;Cine;Si
Argentina;Abono Mensual;Family;1513;DHE HD;HD;Cine;No
Argentina;Abono Mensual;Family;1518;Space HD;HD;Cine;No
Argentina;Abono Mensual;Family;1524;HBO HD;HD;Cine;No
Argentina;Abono Mensual;Family;1525;HBO 2 HD;HD;Cine;No
Argentina;Abono Mensual;Family;1528;HBO Signature HD;HD;Cine;No
Argentina;Abono Mensual;Family;1532;HBO Plus HD;HD;Cine;No
Argentina;Abono Mensual;Family;1534;HBO Family HD;HD;Cine;No
Argentina;Abono Mensual;Family;1542;HBO Xtreme HD;HD;Cine;No
Argentina;Abono Mensual;Family;1571;UNIVERSAL Premiere Este HD;HD;Cine;No (Adquirible)
Argentina;Abono Mensual;Family;1572;UNIVERSAL Cinema Oeste HD;HD;Cine;No (Adquirible)
Argentina;Abono Mensual;Family;1573;UNIVERSAL Comedy HD;HD;Cine;No (Adquirible)
Argentina;Abono Mensual;Family;1574;UNIVERSAL Crime HD;HD;Cine;No (Adquirible)
Argentina;Abono Mensual;Family;1575;UNIVERSAL Reality HD;HD;Cine;No (Adquirible)
Argentina;Abono Mensual;Family;1576;UNIVERSAL Premiere Oeste HD;HD;Cine;No (Adquirible)
Argentina;Abono Mensual;Family;1577;UNIVERSAL Crime Oeste HD;HD;Cine;No (Adquirible)
Argentina;Abono Mensual;Family;1601;Nueva señal - Nombre TBD;SD;Variedades;No
Argentina;Abono Mensual;Family;1602;Portal Fútbol Premium;Portal;Portal;No
Argentina;Abono Mensual;Family;1603;TNT Sports HD;HD;Deportes;No
Argentina;Abono Mensual;Family;1604;Fox Sports Premium HD;HD;Deportes;No
Argentina;Abono Mensual;Family;1605;Fox Sports HD;HD;Deportes;No
Argentina;Abono Mensual;Family;1608;Fox Sports 2 HD;HD;Deportes;No
Argentina;Abono Mensual;Family;1609;Fox Sports 3 HD;HD;Deportes;No
Argentina;Abono Mensual;Family;1610;DSPORTS HD;HD;Deportes;No
Argentina;Abono Mensual;Family;1612;DSPORTS 2 HD;HD;Deportes;No
Argentina;Abono Mensual;Family;1613;DSPORTS+ HD;HD;Deportes;No
Argentina;Abono Mensual;Family;1620;TyC Sports HD;HD;Deportes;No
Argentina;Abono Mensual;Family;1621;ESPN HD;HD;Deportes;No
Argentina;Abono Mensual;Family;1622;ESPN 2 HD;HD;Deportes;No
Argentina;Abono Mensual;Family;1623;ESPN 3 HD;HD;Deportes;No
Argentina;Abono Mensual;Family;1624;ESPN 4;HD;Deportes;No
Argentina;Abono Mensual;Family;1628;Golf Channel HD;HD;Deportes;No
Argentina;Abono Mensual;Family;1630;DSPORTS;SD;Deportes;No
Argentina;Abono Mensual;Family;1631;DSPORTS Radio;Radio;Radio;No
Argentina;Abono Mensual;Family;1639;PX Sports;HD;Deportes;No
Argentina;Abono Mensual;Family;1654;DeporTV HD;HD;Deportes;No
Argentina;Abono Mensual;Family;1656;DeporTV HD;HD;Deportes;No
Argentina;Abono Mensual;Family;1677;NBA TV HD;HD;Deportes;No
Argentina;Abono Mensual;Family;1700;DNEWS HD;HD;Variedades;No
Argentina;Abono Mensual;Family;1714;DSHOW;SD;Variedades;No
Argentina;Abono Mensual;Family;1715;La Nación+ HD;HD;Mundo;No
Argentina;Abono Mensual;Family;1716;TN HD;HD;Mundo;No
Argentina;Abono Mensual;Family;1717;C5N HD;HD;Local;No
Argentina;Abono Mensual;Family;1719;A24 HD;HD;Mundo;No
Argentina;Abono Mensual;Family;1720;Canal 26 HD;HD;Mundo;No
Argentina;Abono Mensual;Family;1721;Argentina 12 HD;HD;Mundo;No
Argentina;Abono Mensual;Family;1722;Canal E;HD;Variedades;No
Argentina;Abono Mensual;Family;1724;TV Perú Noticias HD;HD;Mundo;No
Argentina;Abono Mensual;Family;1730;National Geographic HD;HD;Mundo;No
Argentina;Abono Mensual;Family;1731;Discovery Theater HD;HD;Mundo;No
Argentina;Abono Mensual;Family;1732;Discovery Channel HD;HD;Mundo;No
Argentina;Abono Mensual;Family;1734;Animal Planet HD;HD;Mundo;No
Argentina;Abono Mensual;Family;1738;Discovery World HD;HD;Mundo;No
Argentina;Abono Mensual;Family;1740;TLC HD;HD;Mundo;No
Argentina;Abono Mensual;Family;1742;History Channel HD;HD;Mundo;No
Argentina;Abono Mensual;Family;1744;History 2 HD;HD;Mundo;No
Argentina;Abono Mensual;Family;1748;Canal (A) HD;HD;Mundo;No
Argentina;Abono Mensual;Family;1750;Encuentro Internacional HD;HD;Variedades;No
Argentina;Abono Mensual;Family;1762;Antena 3 HD;HD;Mundo;No
Argentina;Abono Mensual;Family;1764;France 24 Español;SD;Mundo;Si
Argentina;Abono Mensual;Family;1789;TV Ciudad HD;HD;Variedades;No
Argentina;Abono Mensual;Family;1795;TV Perú HD;HD;Mundo;No
Argentina;Abono Mensual;Family;1804;Escuela Más HD;HD;Variedades;No
Argentina;Abono Mensual;Family;4000;DIRECTV Ultra HD: 4K;4K;4K;No
Argentina;Abono Mensual;Oro;100;Canal 100 DIRECTV;Portal;Portal;Si
Argentina;Abono Mensual;Oro;101;Canal 101 Prepago;Portal;Portal;No
Argentina;Abono Mensual;Oro;105;Gran Hermano - Experiencia Multicámara;SD;Variedades;Si
Argentina;Abono Mensual;Oro;106;Gran Hermano - 24 hs;SD;Variedades;Si
Argentina;Abono Mensual;Oro;107;Gran Hermano - Cámara 1;SD;Variedades;Si
Argentina;Abono Mensual;Oro;108;Gran Hermano - Cámara 2;SD;Variedades;Si
Argentina;Abono Mensual;Oro;109;Gran Hermano - Cámara 3;SD;Variedades;Si
Argentina;Abono Mensual;Oro;120;América;SD;Nacional;Si
Argentina;Abono Mensual;Oro;121;TV Pública;SD;Nacional;Si
Argentina;Abono Mensual;Oro;122;El Nueve;SD;Nacional;Si
Argentina;Abono Mensual;Oro;123;Telefe;SD;Nacional;Si
Argentina;Abono Mensual;Oro;124;El Trece;SD;Nacional;Si
Argentina;Abono Mensual;Oro;125;Net TV;SD;Nacional;Si
Argentina;Abono Mensual;Oro;126;Bravo TV;SD;Variedades;Si
Argentina;Abono Mensual;Oro;127;DSHOW;SD;Variedades;Si
Argentina;Abono Mensual;Oro;128;Encuentro;SD;Nacional;Si
Argentina;Abono Mensual;Oro;129;Canal de la Ciudad;SD;Local;Si
Argentina;Abono Mensual;Oro;130;Canal 7 Mendoza;SD;Local;Si
Argentina;Abono Mensual;Oro;131;Canal 9 Mendoza;SD;Local;Si
Argentina;Abono Mensual;Oro;132;Telediario;SD;Local;Si
Argentina;Abono Mensual;Oro;133;Canal 7 de Jujuy;SD;Local;Si
Argentina;Abono Mensual;Oro;134;Canal 3 Rosario;SD;Nacional;Si
Argentina;Abono Mensual;Oro;135;Canal 12 de Córdoba;SD;Local;Si
Argentina;Abono Mensual;Oro;136;Telefé Córdoba;SD;Local;Si
Argentina;Abono Mensual;Oro;137;Telefe Rosario;SD;Local;Si
Argentina;Abono Mensual;Oro;139;Televisión Pública Pampeana;SD;Local;Si
Argentina;Abono Mensual;Oro;140;Canal 8 San Juan;SD;Local;No
Argentina;Abono Mensual;Oro;160;Infomerciales;SD;Variedades;Si
Argentina;Abono Mensual;Oro;199;KZO;SD;Variedades;Si
Argentina;Abono Mensual;Oro;200;DIRECTV Series;SD;Portal;Si
Argentina;Abono Mensual;Oro;204;Star Channel;SD;Variedades;Si
Argentina;Abono Mensual;Oro;206;Warner Channel;SD;Variedades;Si
Argentina;Abono Mensual;Oro;207;A&E;SD;Variedades;Si
Argentina;Abono Mensual;Oro;208;Sony;SD;Variedades;Si
Argentina;Abono Mensual;Oro;209;AXN;SD;Variedades;Si
Argentina;Abono Mensual;Oro;210;AMC;SD;Variedades;Si
Argentina;Abono Mensual;Oro;213;TNT Series;SD;Variedades;Si
Argentina;Abono Mensual;Oro;214;Atres Series;SD;Variedades;Si
Argentina;Abono Mensual;Oro;215;Comedy Central;SD;Variedades;Si
Argentina;Abono Mensual;Oro;216;TNT Novelas;SD;Variedades;Si
Argentina;Abono Mensual;Oro;217;FX;SD;Variedades;Si
Argentina;Abono Mensual;Oro;218;Universal TV;SD;Variedades;Si
Argentina;Abono Mensual;Oro;219;USA Network;SD;Variedades;Si
Argentina;Abono Mensual;Oro;220;Adult Swim;SD;Variedades;Si
Argentina;Abono Mensual;Oro;221;¡Hola! TV;SD;Variedades;Si
Argentina;Abono Mensual;Oro;222;E!;SD;Variedades;Si
Argentina;Abono Mensual;Oro;223;Investigation Discovery (ID);SD;Variedades;Si
Argentina;Abono Mensual;Oro;226;Las Estrellas;SD;Variedades;Si
Argentina;Abono Mensual;Oro;227;TLnovelas;SD;Variedades;Si
Argentina;Abono Mensual;Oro;228;Lifetime;SD;Variedades;Si
Argentina;Abono Mensual;Oro;229;Discovery Home & Health;SD;Variedades;Si
Argentina;Abono Mensual;Oro;230;Más Chic;SD;Variedades;Si
Argentina;Abono Mensual;Oro;231;Telemundo;SD;Variedades;Si
Argentina;Abono Mensual;Oro;232;El Gourmet;SD;Variedades;Si
Argentina;Abono Mensual;Oro;233;Food Network;SD;Variedades;Si
Argentina;Abono Mensual;Oro;236;Ciudad Magazine;SD;Variedades;Si
Argentina;Abono Mensual;Oro;238;Volver;SD;Variedades;Si
Argentina;Abono Mensual;Oro;240;Caras TV;SD;Mundo;Si
Argentina;Abono Mensual;Oro;264;MTV;SD;Variedades;Si
Argentina;Abono Mensual;Oro;267;DSHOW;SD;Variedades;Si
Argentina;Abono Mensual;Oro;269;Quiero Música en Mi Idioma (QMusic);SD;Variedades;Si
Argentina;Abono Mensual;Oro;296;Unión Radio Noticias;Radio;Radio;Si
Argentina;Abono Mensual;Oro;300;OnDIRECTV;SD;Variedades;Si
Argentina;Abono Mensual;Oro;301;Star Fun;SD;PPV;No
Argentina;Abono Mensual;Oro;302;HBO Family;SD;Cine;No (Adquirible)
Argentina;Abono Mensual;Oro;303;Paka Paka;SD;Infantil;Si
Argentina;Abono Mensual;Oro;304;Cartoon Network;SD;Infantil;Si
Argentina;Abono Mensual;Oro;308;Nickelodeon;SD;Infantil;Si
Argentina;Abono Mensual;Oro;309;Nick Jr.;SD;Infantil;Si
Argentina;Abono Mensual;Oro;312;Disney Channel;SD;Infantil;Si
Argentina;Abono Mensual;Oro;315;Disney Junior;SD;Infantil;Si
Argentina;Abono Mensual;Oro;317;BabyTV;SD;Infantil;No
Argentina;Abono Mensual;Oro;318;Plim Plim;SD;Infantil;Si
Argentina;Abono Mensual;Oro;319;El Reino Infantil;SD;Infantil;Si
Argentina;Abono Mensual;Oro;330;Discovery Kids;SD;Infantil;Si
Argentina;Abono Mensual;Oro;334;Cartoonito;SD;Infantil;Si
Argentina;Abono Mensual;Oro;350;EWTN;SD;Religioso;Si
Argentina;Abono Mensual;Oro;351;Orbe 21;SD;Religioso;Si
Argentina;Abono Mensual;Oro;352;Enlace;SD;Religioso;Si
Argentina;Abono Mensual;Oro;354;Canal Luz;SD;Religioso;Si
Argentina;Abono Mensual;Oro;358;DayStar;SD;Religioso;Si
Argentina;Abono Mensual;Oro;400;Placa DIRECTV GO;Portal;Portal;Si
Argentina;Abono Mensual;Oro;401;SMS CINE PPV;Portal;Portal;Si
Argentina;Abono Mensual;Oro;402;CINE;SD;PPV;No (PPV)
Argentina;Abono Mensual;Oro;404;CINE;SD;PPV;No (PPV)
Argentina;Abono Mensual;Oro;406;CINE;SD;PPV;No (PPV)
Argentina;Abono Mensual;Oro;408;CINE;SD;PPV;No (PPV)
Argentina;Abono Mensual;Oro;410;CINE;SD;PPV;No (PPV)
Argentina;Abono Mensual;Oro;460;SMS ADULTOS PPV;Portal;Portal;Si
Argentina;Abono Mensual;Oro;464;Playboy TV;SD;Adultos;No (Adquirible)
Argentina;Abono Mensual;Oro;468;Venus;SD;Adultos;No (Adquirible)
Argentina;Abono Mensual;Oro;469;XTSY;SD;Adultos;No (Adquirible)
Argentina;Abono Mensual;Oro;470;Hustler TV HD;HD;Adultos;No (Adquirible)
Argentina;Abono Mensual;Oro;500;OnDIRECTV;SD;Variedades;Si
Argentina;Abono Mensual;Oro;502;TNT;SD;Cine;Si
Argentina;Abono Mensual;Oro;503;Golden;SD;Cine;Si
Argentina;Abono Mensual;Oro;506;Sony Movies;SD;Cine;Si
Argentina;Abono Mensual;Oro;507;Cinecanal;SD;Cine;Si
Argentina;Abono Mensual;Oro;508;Studio Universal;SD;Cine;Si
Argentina;Abono Mensual;Oro;509;Cinemax;SD;Cine;Si
Argentina;Abono Mensual;Oro;510;Mórbido TV;SD;Cine;Si
Argentina;Abono Mensual;Oro;512;Cine.AR;SD;Cine;Si
Argentina;Abono Mensual;Oro;513;DHE;SD;Cine;Si
Argentina;Abono Mensual;Oro;516;De Película;SD;Cine;Si
Argentina;Abono Mensual;Oro;517;Golden Edge;SD;Cine;Si
Argentina;Abono Mensual;Oro;518;Space;SD;Cine;Si
Argentina;Abono Mensual;Oro;522;HBO Next;Portal;Portal;Si
Argentina;Abono Mensual;Oro;524;HBO;SD;Cine;No (Adquirible)
Argentina;Abono Mensual;Oro;525;HBO 2;SD;Cine;No (Adquirible)
Argentina;Abono Mensual;Oro;526;HBO Plus Este;SD;Cine;No (Adquirible)
Argentina;Abono Mensual;Oro;528;HBO Signature;SD;Cine;No (Adquirible)
Argentina;Abono Mensual;Oro;534;HBO Family;SD;Cine;No (Adquirible)
Argentina;Abono Mensual;Oro;540;HBO Mundi;SD;Cine;No (Adquirible)
Argentina;Abono Mensual;Oro;541;HBO Pop;SD;Cine;No (Adquirible)
Argentina;Abono Mensual;Oro;542;HBO Xtreme;SD;Cine;No (Adquirible)
Argentina;Abono Mensual;Oro;544;HBO Next;Portal;Portal;Si
Argentina;Abono Mensual;Oro;550;OnDIRECTV;SD;Variedades;Si
Argentina;Abono Mensual;Oro;551;Cómo Contratar Premium;SD;Portal;Si
Argentina;Abono Mensual;Oro;570;Portal Premium;SD;Portal;Si
Argentina;Abono Mensual;Oro;571;UNIVERSAL Premiere Este;SD;Cine;No (Adquirible)
Argentina;Abono Mensual;Oro;572;UNIVERSAL Cinema Oeste;SD;Cine;No (Adquirible)
Argentina;Abono Mensual;Oro;573;UNIVERSAL Comedy;SD;Cine;No (Adquirible)
Argentina;Abono Mensual;Oro;574;UNIVERSAL Crime;SD;Cine;No (Adquirible)
Argentina;Abono Mensual;Oro;575;UNIVERSAL Reality;SD;Cine;No (Adquirible)
Argentina;Abono Mensual;Oro;576;UNIVERSAL Premiere Oeste;SD;Cine;No (Adquirible)
Argentina;Abono Mensual;Oro;577;UNIVERSAL Crime Oeste;SD;Cine;No (Adquirible)
Argentina;Abono Mensual;Oro;599;Bienvenido a DIRECTV;Portal;Portal;Si
Argentina;Abono Mensual;Oro;600;Portal DIRECTV Sports;Portal;Portal;Si
Argentina;Abono Mensual;Oro;601;Nueva señal - Nombre TBD;SD;Variedades;Si
Argentina;Abono Mensual;Oro;602;Portal Fútbol Premium;Portal;Portal;Si
Argentina;Abono Mensual;Oro;603;TNT Sports;SD;Deportes;No (Adquirible)
Argentina;Abono Mensual;Oro;604;ESPN Premium;SD;Deportes;No (Adquirible)
Argentina;Abono Mensual;Oro;605;Fox Sports;SD;Deportes;Si
Argentina;Abono Mensual;Oro;608;Fox Sports 2;SD;Deportes;Si
Argentina;Abono Mensual;Oro;609;Fox Sports 3;SD;Deportes;Si
Argentina;Abono Mensual;Oro;610;DSPORTS;SD;Deportes;Si
Argentina;Abono Mensual;Oro;612;DSPORTS 2;SD;Deportes;Si
Argentina;Abono Mensual;Oro;613;DSPORTS+;SD;Deportes;Si
Argentina;Abono Mensual;Oro;620;TyC Sports;SD;Deportes;Si
Argentina;Abono Mensual;Oro;621;ESPN;SD;Deportes;Si
Argentina;Abono Mensual;Oro;622;ESPN 2;SD;Deportes;Si
Argentina;Abono Mensual;Oro;623;ESPN 3;SD;Deportes;Si
Argentina;Abono Mensual;Oro;628;Golf Channel;SD;Deportes;Si
Argentina;Abono Mensual;Oro;630;DIRECTV Sports;SD;Deportes;Si
Argentina;Abono Mensual;Oro;631;DSPORTS Radio;Radio;Radio;Si
Argentina;Abono Mensual;Oro;632;TyC Sports 2 (virtual);SD;Deportes;Si
Argentina;Abono Mensual;Oro;634;Fútbol de Paraguay;SD;Deportes;No (Adquirible)
Argentina;Abono Mensual;Oro;635;Fútbol de Bolivia;SD;Deportes;No (Adquirible)
Argentina;Abono Mensual;Oro;656;DeporTV;SD;Deportes;Si
Argentina;Abono Mensual;Oro;680;MLB Extra Innings;SD;Deportes;No (Adquirible)
Argentina;Abono Mensual;Oro;681;MLB Extra Innings;SD;Deportes;No (Adquirible)
Argentina;Abono Mensual;Oro;700;DNEWS;SD;Variedades;Si
Argentina;Abono Mensual;Oro;704;CNN en Español;SD;Mundo;Si
Argentina;Abono Mensual;Oro;706;CNN International;SD;Mundo;Si
Argentina;Abono Mensual;Oro;707;CNN Chile;SD;Mundo;Si
Argentina;Abono Mensual;Oro;708;24 HORAS;SD;Mundo;Si
Argentina;Abono Mensual;Oro;710;Bloomberg Television;SD;Mundo;Si
Argentina;Abono Mensual;Oro;714;Nueva señal - TBD;SD;Variedades;Si
Argentina;Abono Mensual;Oro;715;La Nación+;SD;Mundo;Si
Argentina;Abono Mensual;Oro;716;Todo Noticias (TN);SD;Mundo;Si
Argentina;Abono Mensual;Oro;717;C5N;SD;Mundo;Si
Argentina;Abono Mensual;Oro;718;Crónica TV;SD;Mundo;Si
Argentina;Abono Mensual;Oro;719;A24;SD;Mundo;Si
Argentina;Abono Mensual;Oro;720;Canal 26;SD;Mundo;Si
Argentina;Abono Mensual;Oro;721;Argentina 12;SD;Mundo;No
Argentina;Abono Mensual;Oro;724;Chacra TV;SD;Mundo;Si
Argentina;Abono Mensual;Oro;725;NTN24;SD;Mundo;Si
Argentina;Abono Mensual;Oro;726;Telemax;SD;Mundo;Si
Argentina;Abono Mensual;Oro;727;Cable Noticias;SD;Mundo;Si
Argentina;Abono Mensual;Oro;728;Canal Rural;SD;Nacional;Si
Argentina;Abono Mensual;Oro;729;Construir TV;SD;Mundo;Si
Argentina;Abono Mensual;Oro;730;National Geographic;SD;Mundo;Si
Argentina;Abono Mensual;Oro;732;Discovery Channel;SD;Mundo;Si
Argentina;Abono Mensual;Oro;734;Animal Planet;SD;Mundo;Si
Argentina;Abono Mensual;Oro;736;Discovery Turbo;SD;Mundo;Si
Argentina;Abono Mensual;Oro;740;TLC;SD;Mundo;Si
Argentina;Abono Mensual;Oro;742;History Channel;SD;Mundo;Si
Argentina;Abono Mensual;Oro;744;History 2;SD;Mundo;Si
Argentina;Abono Mensual;Oro;760;Univision;SD;Mundo;Si
Argentina;Abono Mensual;Oro;762;Antena 3;SD;Mundo;Si
Argentina;Abono Mensual;Oro;764;France 24 Español;SD;Mundo;Si
Argentina;Abono Mensual;Oro;766;Rai Italia;SD;Mundo;Si
Argentina;Abono Mensual;Oro;768;BBC News;SD;Mundo;Si
Argentina;Abono Mensual;Oro;770;DW Español;SD;Mundo;Si
Argentina;Abono Mensual;Oro;772;Caracol Internacional;SD;Mundo;Si
Argentina;Abono Mensual;Oro;773;El Tiempo TV;SD;Mundo;Si
Argentina;Abono Mensual;Oro;774;TV Chile;SD;Mundo;Si
Argentina;Abono Mensual;Oro;775;Nuestra Tele;SD;Mundo;Si
Argentina;Abono Mensual;Oro;776;TV Globo Internacional;SD;Mundo;No (Adquirible)
Argentina;Abono Mensual;Oro;778;RTP Internacional;SD;Mundo;Si
Argentina;Abono Mensual;Oro;780;Zee Mundo;SD;Mundo;No (Adquirible)
Argentina;Abono Mensual;Oro;782;NHK World Japan;SD;Mundo;No (Adquirible)
Argentina;Abono Mensual;Oro;790;CGTN Español;SD;Mundo;Si
Argentina;Abono Mensual;Oro;795;TV Perú;SD;Mundo;Si
Argentina;Abono Mensual;Oro;800;OnDIRECTV;SD;Variedades;Si
Argentina;Abono Mensual;Oro;804;Escuela Más;SD;Variedades;Si
Argentina;Abono Mensual;Oro;901;DSPORTS Radio;Radio;Radio;Si
Argentina;Abono Mensual;Oro;973;FM Aspen;Radio;Radio;Si
Argentina;Abono Mensual;Oro;974;Radio Nacional;Radio;Radio;Si
Argentina;Abono Mensual;Oro;976;Radio del Plata;Radio;Radio;Si
Argentina;Abono Mensual;Oro;977;Radio Disney;Radio;Radio;Si
Argentina;Abono Mensual;Oro;980;Unión Radio Noticias;Radio;Radio;Si
Argentina;Abono Mensual;Oro;981;FM Latina 101.1;Radio;Radio;Si
Argentina;Abono Mensual;Oro;982;Radio Caracol;Radio;Radio;Si
Argentina;Abono Mensual;Oro;984;Radio France Internationale;Radio;Radio;Si
Argentina;Abono Mensual;Oro;999;OnDIRECTV;SD;Variedades;Si
Argentina;Abono Mensual;Oro;1105;Gran Hermano - Experiencia Multicámara;SD;Variedades;No
Argentina;Abono Mensual;Oro;1106;Gran Hermano - 24 hs;SD;Variedades;No
Argentina;Abono Mensual;Oro;1107;Gran Hermano - Cámara 1;SD;Variedades;No
Argentina;Abono Mensual;Oro;1108;Gran Hermano - Cámara 2;SD;Variedades;No
Argentina;Abono Mensual;Oro;1109;Gran Hermano - Cámara 3;SD;Variedades;No
Argentina;Abono Mensual;Oro;1120;América HD;HD;Nacional;No
Argentina;Abono Mensual;Oro;1121;TV Pública HD;HD;Nacional;No
Argentina;Abono Mensual;Oro;1122;El Nueve HD;HD;Nacional;No
Argentina;Abono Mensual;Oro;1123;Telefe HD;HD;Nacional;No
Argentina;Abono Mensual;Oro;1124;El Trece HD;HD;Nacional;No
Argentina;Abono Mensual;Oro;1125;Net TV HD;HD;Nacional;No
Argentina;Abono Mensual;Oro;1127;DSHOW HD;HD;Variedades;Si
Argentina;Abono Mensual;Oro;1128;Encuentro HD;HD;Nacional;No
Argentina;Abono Mensual;Oro;1199;KZO HD;HD;Variedades;Si
Argentina;Abono Mensual;Oro;1200;DIRECTV Series HD;HD;Portal;No
Argentina;Abono Mensual;Oro;1204;Star Channel HD;HD;Variedades;No
Argentina;Abono Mensual;Oro;1206;Warner Channel HD;HD;Variedades;No
Argentina;Abono Mensual;Oro;1207;A&E HD;HD;Variedades;No
Argentina;Abono Mensual;Oro;1208;Sony HD;HD;Variedades;No
Argentina;Abono Mensual;Oro;1209;AXN HD;HD;Variedades;No
Argentina;Abono Mensual;Oro;1210;AMC HD;HD;Variedades;No
Argentina;Abono Mensual;Oro;1213;TNT Series HD;HD;Variedades;No
Argentina;Abono Mensual;Oro;1214;Atres Series HD;HD;Variedades;No
Argentina;Abono Mensual;Oro;1215;Comedy Central HD;HD;Variedades;No
Argentina;Abono Mensual;Oro;1217;FX HD;HD;Variedades;No
Argentina;Abono Mensual;Oro;1218;Universal TV HD;HD;Variedades;No
Argentina;Abono Mensual;Oro;1219;USA Network HD;HD;Variedades;No
Argentina;Abono Mensual;Oro;1221;Hola TV HD;HD;Variedades;No
Argentina;Abono Mensual;Oro;1222;E! HD;HD;Variedades;No
Argentina;Abono Mensual;Oro;1223;ID HD;HD;Variedades;No
Argentina;Abono Mensual;Oro;1228;Lifetime HD;HD;Variedades;No
Argentina;Abono Mensual;Oro;1229;Discovery Home & Health HD;HD;Variedades;No
Argentina;Abono Mensual;Oro;1231;A la Cocina TV;HD;Variedades;No
Argentina;Abono Mensual;Oro;1232;El Gourmet HD;HD;Variedades;No
Argentina;Abono Mensual;Oro;1233;Food Network HD;HD;Variedades;No
Argentina;Abono Mensual;Oro;1234;HGTV HD;HD;Variedades;No
Argentina;Abono Mensual;Oro;1236;Ciudad Magazine HD;HD;Variedades;No
Argentina;Abono Mensual;Oro;1237;VePlus HD;HD;Variedades;No
Argentina;Abono Mensual;Oro;1264;MTV HD;HD;Variedades;No
Argentina;Abono Mensual;Oro;1265;Music Top HD;HD;Variedades;No
Argentina;Abono Mensual;Oro;1266;Tierra Mía HD;HD;Variedades;No
Argentina;Abono Mensual;Oro;1267;DSHOW;SD;Variedades;Si
Argentina;Abono Mensual;Oro;1269;Quiero Música en Mi Idioma (QMusic) HD;HD;Variedades;No
Argentina;Abono Mensual;Oro;1270;Latina TV;HD;Variedades;Si
Argentina;Abono Mensual;Oro;1304;Cartoon Network HD;HD;Infantil;No
Argentina;Abono Mensual;Oro;1308;Nick HD;HD;Infantil;No
Argentina;Abono Mensual;Oro;1309;Nick Jr. HD;HD;Infantil;No
Argentina;Abono Mensual;Oro;1312;Disney Channel HD;HD;Infantil;No
Argentina;Abono Mensual;Oro;1315;Disney Junior HD;HD;Infantil;No
Argentina;Abono Mensual;Oro;1317;BabyTV;SD;Infantil;No
Argentina;Abono Mensual;Oro;1318;Plim Plim;SD;Infantil;Si
Argentina;Abono Mensual;Oro;1319;El Reino Infantil;SD;Infantil;Si
Argentina;Abono Mensual;Oro;1330;Discovery Kids HD;HD;Infantil;No
Argentina;Abono Mensual;Oro;1402;PPV HD;HD;PPV;No
Argentina;Abono Mensual;Oro;1404;PPV HD;HD;PPV;No
Argentina;Abono Mensual;Oro;1406;PPV HD;HD;PPV;No
Argentina;Abono Mensual;Oro;1408;PPV HD;HD;PPV;No
Argentina;Abono Mensual;Oro;1410;PPV HD;HD;PPV;No
Argentina;Abono Mensual;Oro;1502;TNT HD;HD;Cine;No
Argentina;Abono Mensual;Oro;1503;Golden HD;HD;Cine;No
Argentina;Abono Mensual;Oro;1506;Sony Movies HD;HD;Cine;No
Argentina;Abono Mensual;Oro;1507;Cinecanal HD;HD;Cine;No
Argentina;Abono Mensual;Oro;1508;Studio Universal HD;HD;Cine;No
Argentina;Abono Mensual;Oro;1509;Cinemax HD;HD;Cine;No
Argentina;Abono Mensual;Oro;1510;Mórbido TV;SD;Cine;Si
Argentina;Abono Mensual;Oro;1513;DHE HD;HD;Cine;No
Argentina;Abono Mensual;Oro;1518;Space HD;HD;Cine;No
Argentina;Abono Mensual;Oro;1524;HBO HD;HD;Cine;No
Argentina;Abono Mensual;Oro;1525;HBO 2 HD;HD;Cine;No
Argentina;Abono Mensual;Oro;1528;HBO Signature HD;HD;Cine;No
Argentina;Abono Mensual;Oro;1532;HBO Plus HD;HD;Cine;No
Argentina;Abono Mensual;Oro;1534;HBO Family HD;HD;Cine;No
Argentina;Abono Mensual;Oro;1542;HBO Xtreme HD;HD;Cine;No
Argentina;Abono Mensual;Oro;1571;UNIVERSAL Premiere Este HD;HD;Cine;No (Adquirible)
Argentina;Abono Mensual;Oro;1572;UNIVERSAL Cinema Oeste HD;HD;Cine;No (Adquirible)
Argentina;Abono Mensual;Oro;1573;UNIVERSAL Comedy HD;HD;Cine;No (Adquirible)
Argentina;Abono Mensual;Oro;1574;UNIVERSAL Crime HD;HD;Cine;No (Adquirible)
Argentina;Abono Mensual;Oro;1575;UNIVERSAL Reality HD;HD;Cine;No (Adquirible)
Argentina;Abono Mensual;Oro;1576;UNIVERSAL Premiere Oeste HD;HD;Cine;No (Adquirible)
Argentina;Abono Mensual;Oro;1577;UNIVERSAL Crime Oeste HD;HD;Cine;No (Adquirible)
Argentina;Abono Mensual;Oro;1601;Nueva señal - Nombre TBD;SD;Variedades;Si
Argentina;Abono Mensual;Oro;1602;Portal Fútbol Premium;Portal;Portal;Si
Argentina;Abono Mensual;Oro;1603;TNT Sports HD;HD;Deportes;No
Argentina;Abono Mensual;Oro;1604;Fox Sports Premium HD;HD;Deportes;No
Argentina;Abono Mensual;Oro;1605;Fox Sports HD;HD;Deportes;No
Argentina;Abono Mensual;Oro;1608;Fox Sports 2 HD;HD;Deportes;No
Argentina;Abono Mensual;Oro;1609;Fox Sports 3 HD;HD;Deportes;No
Argentina;Abono Mensual;Oro;1610;DSPORTS HD;HD;Deportes;No
Argentina;Abono Mensual;Oro;1612;DSPORTS 2 HD;HD;Deportes;No
Argentina;Abono Mensual;Oro;1613;DSPORTS+ HD;HD;Deportes;No
Argentina;Abono Mensual;Oro;1620;TyC Sports HD;HD;Deportes;No
Argentina;Abono Mensual;Oro;1621;ESPN HD;HD;Deportes;No
Argentina;Abono Mensual;Oro;1622;ESPN 2 HD;HD;Deportes;No
Argentina;Abono Mensual;Oro;1623;ESPN 3 HD;HD;Deportes;No
Argentina;Abono Mensual;Oro;1624;ESPN 4;HD;Deportes;No
Argentina;Abono Mensual;Oro;1628;Golf Channel HD;HD;Deportes;No
Argentina;Abono Mensual;Oro;1630;DSPORTS;SD;Deportes;No
Argentina;Abono Mensual;Oro;1631;DSPORTS Radio;Radio;Radio;No
Argentina;Abono Mensual;Oro;1639;PX Sports;HD;Deportes;No
Argentina;Abono Mensual;Oro;1654;DeporTV HD;HD;Deportes;No
Argentina;Abono Mensual;Oro;1656;DeporTV HD;HD;Deportes;No
Argentina;Abono Mensual;Oro;1677;NBA TV HD;HD;Deportes;No
Argentina;Abono Mensual;Oro;1700;DNEWS HD;HD;Variedades;No
Argentina;Abono Mensual;Oro;1714;DSHOW;SD;Variedades;Si
Argentina;Abono Mensual;Oro;1715;La Nación+ HD;HD;Mundo;No
Argentina;Abono Mensual;Oro;1716;TN HD;HD;Mundo;No
Argentina;Abono Mensual;Oro;1717;C5N HD;HD;Local;No
Argentina;Abono Mensual;Oro;1719;A24 HD;HD;Mundo;No
Argentina;Abono Mensual;Oro;1720;Canal 26 HD;HD;Mundo;No
Argentina;Abono Mensual;Oro;1721;Argentina 12 HD;HD;Mundo;No
Argentina;Abono Mensual;Oro;1722;Canal E;HD;Variedades;No
Argentina;Abono Mensual;Oro;1724;TV Perú Noticias HD;HD;Mundo;No
Argentina;Abono Mensual;Oro;1730;National Geographic HD;HD;Mundo;No
Argentina;Abono Mensual;Oro;1731;Discovery Theater HD;HD;Mundo;No
Argentina;Abono Mensual;Oro;1732;Discovery Channel HD;HD;Mundo;No
Argentina;Abono Mensual;Oro;1734;Animal Planet HD;HD;Mundo;No
Argentina;Abono Mensual;Oro;1738;Discovery World HD;HD;Mundo;No
Argentina;Abono Mensual;Oro;1740;TLC HD;HD;Mundo;No
Argentina;Abono Mensual;Oro;1742;History Channel HD;HD;Mundo;No
Argentina;Abono Mensual;Oro;1744;History 2 HD;HD;Mundo;No
Argentina;Abono Mensual;Oro;1748;Canal (A) HD;HD;Mundo;No
Argentina;Abono Mensual;Oro;1750;Encuentro Internacional HD;HD;Variedades;No
Argentina;Abono Mensual;Oro;1762;Antena 3 HD;HD;Mundo;No
Argentina;Abono Mensual;Oro;1764;France 24 Español;SD;Mundo;Si
Argentina;Abono Mensual;Oro;1789;TV Ciudad HD;HD;Variedades;No
Argentina;Abono Mensual;Oro;1795;TV Perú HD;HD;Mundo;No
Argentina;Abono Mensual;Oro;1804;Escuela Más HD;HD;Variedades;No
Argentina;Abono Mensual;Oro;4000;DIRECTV Ultra HD: 4K;4K;4K;No
Argentina;Abono Mensual;Oro HD;100;Canal 100 DIRECTV;Portal;Portal;Si
Argentina;Abono Mensual;Oro HD;101;Canal 101 Prepago;Portal;Portal;No
Argentina;Abono Mensual;Oro HD;105;Gran Hermano - Experiencia Multicámara;SD;Variedades;Si
Argentina;Abono Mensual;Oro HD;106;Gran Hermano - 24 hs;SD;Variedades;Si
Argentina;Abono Mensual;Oro HD;107;Gran Hermano - Cámara 1;SD;Variedades;Si
Argentina;Abono Mensual;Oro HD;108;Gran Hermano - Cámara 2;SD;Variedades;Si
Argentina;Abono Mensual;Oro HD;109;Gran Hermano - Cámara 3;SD;Variedades;Si
Argentina;Abono Mensual;Oro HD;120;América;SD;Nacional;Si
Argentina;Abono Mensual;Oro HD;121;TV Pública;SD;Nacional;Si
Argentina;Abono Mensual;Oro HD;122;El Nueve;SD;Nacional;Si
Argentina;Abono Mensual;Oro HD;123;Telefe;SD;Nacional;Si
Argentina;Abono Mensual;Oro HD;124;El Trece;SD;Nacional;Si
Argentina;Abono Mensual;Oro HD;125;Net TV;SD;Nacional;Si
Argentina;Abono Mensual;Oro HD;126;Bravo TV;SD;Variedades;Si
Argentina;Abono Mensual;Oro HD;127;DSHOW;SD;Variedades;Si
Argentina;Abono Mensual;Oro HD;128;Encuentro;SD;Nacional;Si
Argentina;Abono Mensual;Oro HD;129;Canal de la Ciudad;SD;Local;Si
Argentina;Abono Mensual;Oro HD;130;Canal 7 Mendoza;SD;Local;Si
Argentina;Abono Mensual;Oro HD;131;Canal 9 Mendoza;SD;Local;Si
Argentina;Abono Mensual;Oro HD;132;Telediario;SD;Local;Si
Argentina;Abono Mensual;Oro HD;133;Canal 7 de Jujuy;SD;Local;Si
Argentina;Abono Mensual;Oro HD;134;Canal 3 Rosario;SD;Nacional;Si
Argentina;Abono Mensual;Oro HD;135;Canal 12 de Córdoba;SD;Local;Si
Argentina;Abono Mensual;Oro HD;136;Telefé Córdoba;SD;Local;Si
Argentina;Abono Mensual;Oro HD;137;Telefe Rosario;SD;Local;Si
Argentina;Abono Mensual;Oro HD;139;Televisión Pública Pampeana;SD;Local;Si
Argentina;Abono Mensual;Oro HD;140;Canal 8 San Juan;SD;Local;No
Argentina;Abono Mensual;Oro HD;160;Infomerciales;SD;Variedades;Si
Argentina;Abono Mensual;Oro HD;199;KZO;SD;Variedades;Si
Argentina;Abono Mensual;Oro HD;200;DIRECTV Series;SD;Portal;Si
Argentina;Abono Mensual;Oro HD;204;Star Channel;SD;Variedades;Si
Argentina;Abono Mensual;Oro HD;206;Warner Channel;SD;Variedades;Si
Argentina;Abono Mensual;Oro HD;207;A&E;SD;Variedades;Si
Argentina;Abono Mensual;Oro HD;208;Sony;SD;Variedades;Si
Argentina;Abono Mensual;Oro HD;209;AXN;SD;Variedades;Si
Argentina;Abono Mensual;Oro HD;210;AMC;SD;Variedades;Si
Argentina;Abono Mensual;Oro HD;213;TNT Series;SD;Variedades;Si
Argentina;Abono Mensual;Oro HD;214;Atres Series;SD;Variedades;Si
Argentina;Abono Mensual;Oro HD;215;Comedy Central;SD;Variedades;Si
Argentina;Abono Mensual;Oro HD;216;TNT Novelas;SD;Variedades;Si
Argentina;Abono Mensual;Oro HD;217;FX;SD;Variedades;Si
Argentina;Abono Mensual;Oro HD;218;Universal TV;SD;Variedades;Si
Argentina;Abono Mensual;Oro HD;219;USA Network;SD;Variedades;Si
Argentina;Abono Mensual;Oro HD;220;Adult Swim;SD;Variedades;Si
Argentina;Abono Mensual;Oro HD;221;¡Hola! TV;SD;Variedades;Si
Argentina;Abono Mensual;Oro HD;222;E!;SD;Variedades;Si
Argentina;Abono Mensual;Oro HD;223;Investigation Discovery (ID);SD;Variedades;Si
Argentina;Abono Mensual;Oro HD;226;Las Estrellas;SD;Variedades;Si
Argentina;Abono Mensual;Oro HD;227;TLnovelas;SD;Variedades;Si
Argentina;Abono Mensual;Oro HD;228;Lifetime;SD;Variedades;Si
Argentina;Abono Mensual;Oro HD;229;Discovery Home & Health;SD;Variedades;Si
Argentina;Abono Mensual;Oro HD;230;Más Chic;SD;Variedades;Si
Argentina;Abono Mensual;Oro HD;231;Telemundo;SD;Variedades;Si
Argentina;Abono Mensual;Oro HD;232;El Gourmet;SD;Variedades;Si
Argentina;Abono Mensual;Oro HD;233;Food Network;SD;Variedades;Si
Argentina;Abono Mensual;Oro HD;236;Ciudad Magazine;SD;Variedades;Si
Argentina;Abono Mensual;Oro HD;238;Volver;SD;Variedades;Si
Argentina;Abono Mensual;Oro HD;240;Caras TV;SD;Mundo;Si
Argentina;Abono Mensual;Oro HD;264;MTV;SD;Variedades;Si
Argentina;Abono Mensual;Oro HD;267;DSHOW;SD;Variedades;Si
Argentina;Abono Mensual;Oro HD;269;Quiero Música en Mi Idioma (QMusic);SD;Variedades;Si
Argentina;Abono Mensual;Oro HD;296;Unión Radio Noticias;Radio;Radio;Si
Argentina;Abono Mensual;Oro HD;300;OnDIRECTV;SD;Variedades;Si
Argentina;Abono Mensual;Oro HD;301;Star Fun;SD;PPV;No
Argentina;Abono Mensual;Oro HD;302;HBO Family;SD;Cine;No (Adquirible)
Argentina;Abono Mensual;Oro HD;303;Paka Paka;SD;Infantil;Si
Argentina;Abono Mensual;Oro HD;304;Cartoon Network;SD;Infantil;Si
Argentina;Abono Mensual;Oro HD;308;Nickelodeon;SD;Infantil;Si
Argentina;Abono Mensual;Oro HD;309;Nick Jr.;SD;Infantil;Si
Argentina;Abono Mensual;Oro HD;312;Disney Channel;SD;Infantil;Si
Argentina;Abono Mensual;Oro HD;315;Disney Junior;SD;Infantil;Si
Argentina;Abono Mensual;Oro HD;317;BabyTV;SD;Infantil;Si
Argentina;Abono Mensual;Oro HD;318;Plim Plim;SD;Infantil;Si
Argentina;Abono Mensual;Oro HD;319;El Reino Infantil;SD;Infantil;Si
Argentina;Abono Mensual;Oro HD;330;Discovery Kids;SD;Infantil;Si
Argentina;Abono Mensual;Oro HD;334;Cartoonito;SD;Infantil;Si
Argentina;Abono Mensual;Oro HD;350;EWTN;SD;Religioso;Si
Argentina;Abono Mensual;Oro HD;351;Orbe 21;SD;Religioso;Si
Argentina;Abono Mensual;Oro HD;352;Enlace;SD;Religioso;Si
Argentina;Abono Mensual;Oro HD;354;Canal Luz;SD;Religioso;Si
Argentina;Abono Mensual;Oro HD;358;DayStar;SD;Religioso;Si
Argentina;Abono Mensual;Oro HD;400;Placa DIRECTV GO;Portal;Portal;Si
Argentina;Abono Mensual;Oro HD;401;SMS CINE PPV;Portal;Portal;Si
Argentina;Abono Mensual;Oro HD;402;CINE;SD;PPV;No (PPV)
Argentina;Abono Mensual;Oro HD;404;CINE;SD;PPV;No (PPV)
Argentina;Abono Mensual;Oro HD;406;CINE;SD;PPV;No (PPV)
Argentina;Abono Mensual;Oro HD;408;CINE;SD;PPV;No (PPV)
Argentina;Abono Mensual;Oro HD;410;CINE;SD;PPV;No (PPV)
Argentina;Abono Mensual;Oro HD;460;SMS ADULTOS PPV;Portal;Portal;Si
Argentina;Abono Mensual;Oro HD;464;Playboy TV;SD;Adultos;No (Adquirible)
Argentina;Abono Mensual;Oro HD;468;Venus;SD;Adultos;No (Adquirible)
Argentina;Abono Mensual;Oro HD;469;XTSY;SD;Adultos;No (Adquirible)
Argentina;Abono Mensual;Oro HD;470;Hustler TV HD;HD;Adultos;No (Adquirible)
Argentina;Abono Mensual;Oro HD;500;OnDIRECTV;SD;Variedades;Si
Argentina;Abono Mensual;Oro HD;502;TNT;SD;Cine;Si
Argentina;Abono Mensual;Oro HD;503;Golden;SD;Cine;Si
Argentina;Abono Mensual;Oro HD;506;Sony Movies;SD;Cine;Si
Argentina;Abono Mensual;Oro HD;507;Cinecanal;SD;Cine;Si
Argentina;Abono Mensual;Oro HD;508;Studio Universal;SD;Cine;Si
Argentina;Abono Mensual;Oro HD;509;Cinemax;SD;Cine;Si
Argentina;Abono Mensual;Oro HD;510;Mórbido TV;SD;Cine;Si
Argentina;Abono Mensual;Oro HD;512;Cine.AR;SD;Cine;Si
Argentina;Abono Mensual;Oro HD;513;DHE;SD;Cine;Si
Argentina;Abono Mensual;Oro HD;516;De Película;SD;Cine;Si
Argentina;Abono Mensual;Oro HD;517;Golden Edge;SD;Cine;Si
Argentina;Abono Mensual;Oro HD;518;Space;SD;Cine;Si
Argentina;Abono Mensual;Oro HD;522;HBO Next;Portal;Portal;Si
Argentina;Abono Mensual;Oro HD;524;HBO;SD;Cine;No (Adquirible)
Argentina;Abono Mensual;Oro HD;525;HBO 2;SD;Cine;No (Adquirible)
Argentina;Abono Mensual;Oro HD;526;HBO Plus Este;SD;Cine;No (Adquirible)
Argentina;Abono Mensual;Oro HD;528;HBO Signature;SD;Cine;No (Adquirible)
Argentina;Abono Mensual;Oro HD;534;HBO Family;SD;Cine;No (Adquirible)
Argentina;Abono Mensual;Oro HD;540;HBO Mundi;SD;Cine;No (Adquirible)
Argentina;Abono Mensual;Oro HD;541;HBO Pop;SD;Cine;No (Adquirible)
Argentina;Abono Mensual;Oro HD;542;HBO Xtreme;SD;Cine;No (Adquirible)
Argentina;Abono Mensual;Oro HD;544;HBO Next;Portal;Portal;Si
Argentina;Abono Mensual;Oro HD;550;OnDIRECTV;SD;Variedades;Si
Argentina;Abono Mensual;Oro HD;551;Cómo Contratar Premium;SD;Portal;Si
Argentina;Abono Mensual;Oro HD;570;Portal Premium;SD;Portal;Si
Argentina;Abono Mensual;Oro HD;571;UNIVERSAL Premiere Este;SD;Cine;No (Adquirible)
Argentina;Abono Mensual;Oro HD;572;UNIVERSAL Cinema Oeste;SD;Cine;No (Adquirible)
Argentina;Abono Mensual;Oro HD;573;UNIVERSAL Comedy;SD;Cine;No (Adquirible)
Argentina;Abono Mensual;Oro HD;574;UNIVERSAL Crime;SD;Cine;No (Adquirible)
Argentina;Abono Mensual;Oro HD;575;UNIVERSAL Reality;SD;Cine;No (Adquirible)
Argentina;Abono Mensual;Oro HD;576;UNIVERSAL Premiere Oeste;SD;Cine;No (Adquirible)
Argentina;Abono Mensual;Oro HD;577;UNIVERSAL Crime Oeste;SD;Cine;No (Adquirible)
Argentina;Abono Mensual;Oro HD;599;Bienvenido a DIRECTV;Portal;Portal;Si
Argentina;Abono Mensual;Oro HD;600;Portal DIRECTV Sports;Portal;Portal;Si
Argentina;Abono Mensual;Oro HD;601;Nueva señal - Nombre TBD;SD;Variedades;Si
Argentina;Abono Mensual;Oro HD;602;Portal Fútbol Premium;Portal;Portal;Si
Argentina;Abono Mensual;Oro HD;603;TNT Sports;SD;Deportes;No (Adquirible)
Argentina;Abono Mensual;Oro HD;604;ESPN Premium;SD;Deportes;No (Adquirible)
Argentina;Abono Mensual;Oro HD;605;Fox Sports;SD;Deportes;Si
Argentina;Abono Mensual;Oro HD;608;Fox Sports 2;SD;Deportes;Si
Argentina;Abono Mensual;Oro HD;609;Fox Sports 3;SD;Deportes;Si
Argentina;Abono Mensual;Oro HD;610;DSPORTS;SD;Deportes;Si
Argentina;Abono Mensual;Oro HD;612;DSPORTS 2;SD;Deportes;Si
Argentina;Abono Mensual;Oro HD;613;DSPORTS+;SD;Deportes;Si
Argentina;Abono Mensual;Oro HD;620;TyC Sports;SD;Deportes;Si
Argentina;Abono Mensual;Oro HD;621;ESPN;SD;Deportes;Si
Argentina;Abono Mensual;Oro HD;622;ESPN 2;SD;Deportes;Si
Argentina;Abono Mensual;Oro HD;623;ESPN 3;SD;Deportes;Si
Argentina;Abono Mensual;Oro HD;628;Golf Channel;SD;Deportes;Si
Argentina;Abono Mensual;Oro HD;630;DIRECTV Sports;SD;Deportes;Si
Argentina;Abono Mensual;Oro HD;631;DSPORTS Radio;Radio;Radio;Si
Argentina;Abono Mensual;Oro HD;632;TyC Sports 2 (virtual);SD;Deportes;Si
Argentina;Abono Mensual;Oro HD;634;Fútbol de Paraguay;SD;Deportes;No (Adquirible)
Argentina;Abono Mensual;Oro HD;635;Fútbol de Bolivia;SD;Deportes;No (Adquirible)
Argentina;Abono Mensual;Oro HD;656;DeporTV;SD;Deportes;Si
Argentina;Abono Mensual;Oro HD;680;MLB Extra Innings;SD;Deportes;No (Adquirible)
Argentina;Abono Mensual;Oro HD;681;MLB Extra Innings;SD;Deportes;No (Adquirible)
Argentina;Abono Mensual;Oro HD;700;DNEWS;SD;Variedades;Si
Argentina;Abono Mensual;Oro HD;704;CNN en Español;SD;Mundo;Si
Argentina;Abono Mensual;Oro HD;706;CNN International;SD;Mundo;Si
Argentina;Abono Mensual;Oro HD;707;CNN Chile;SD;Mundo;Si
Argentina;Abono Mensual;Oro HD;708;24 HORAS;SD;Mundo;Si
Argentina;Abono Mensual;Oro HD;710;Bloomberg Television;SD;Mundo;Si
Argentina;Abono Mensual;Oro HD;714;Nueva señal - TBD;SD;Variedades;Si
Argentina;Abono Mensual;Oro HD;715;La Nación+;SD;Mundo;Si
Argentina;Abono Mensual;Oro HD;716;Todo Noticias (TN);SD;Mundo;Si
Argentina;Abono Mensual;Oro HD;717;C5N;SD;Mundo;Si
Argentina;Abono Mensual;Oro HD;718;Crónica TV;SD;Mundo;Si
Argentina;Abono Mensual;Oro HD;719;A24;SD;Mundo;Si
Argentina;Abono Mensual;Oro HD;720;Canal 26;SD;Mundo;Si
Argentina;Abono Mensual;Oro HD;721;Argentina 12;SD;Mundo;Si
Argentina;Abono Mensual;Oro HD;724;Chacra TV;SD;Mundo;Si
Argentina;Abono Mensual;Oro HD;725;NTN24;SD;Mundo;Si
Argentina;Abono Mensual;Oro HD;726;Telemax;SD;Mundo;Si
Argentina;Abono Mensual;Oro HD;727;Cable Noticias;SD;Mundo;Si
Argentina;Abono Mensual;Oro HD;728;Canal Rural;SD;Nacional;Si
Argentina;Abono Mensual;Oro HD;729;Construir TV;SD;Mundo;Si
Argentina;Abono Mensual;Oro HD;730;National Geographic;SD;Mundo;Si
Argentina;Abono Mensual;Oro HD;732;Discovery Channel;SD;Mundo;Si
Argentina;Abono Mensual;Oro HD;734;Animal Planet;SD;Mundo;Si
Argentina;Abono Mensual;Oro HD;736;Discovery Turbo;SD;Mundo;Si
Argentina;Abono Mensual;Oro HD;740;TLC;SD;Mundo;Si
Argentina;Abono Mensual;Oro HD;742;History Channel;SD;Mundo;Si
Argentina;Abono Mensual;Oro HD;744;History 2;SD;Mundo;Si
Argentina;Abono Mensual;Oro HD;760;Univision;SD;Mundo;Si
Argentina;Abono Mensual;Oro HD;762;Antena 3;SD;Mundo;Si
Argentina;Abono Mensual;Oro HD;764;France 24 Español;SD;Mundo;Si
Argentina;Abono Mensual;Oro HD;766;Rai Italia;SD;Mundo;Si
Argentina;Abono Mensual;Oro HD;768;BBC News;SD;Mundo;Si
Argentina;Abono Mensual;Oro HD;770;DW Español;SD;Mundo;Si
Argentina;Abono Mensual;Oro HD;772;Caracol Internacional;SD;Mundo;Si
Argentina;Abono Mensual;Oro HD;773;El Tiempo TV;SD;Mundo;Si
Argentina;Abono Mensual;Oro HD;774;TV Chile;SD;Mundo;Si
Argentina;Abono Mensual;Oro HD;775;Nuestra Tele;SD;Mundo;Si
Argentina;Abono Mensual;Oro HD;776;TV Globo Internacional;SD;Mundo;No (Adquirible)
Argentina;Abono Mensual;Oro HD;778;RTP Internacional;SD;Mundo;Si
Argentina;Abono Mensual;Oro HD;780;Zee Mundo;SD;Mundo;No (Adquirible)
Argentina;Abono Mensual;Oro HD;782;NHK World Japan;SD;Mundo;No (Adquirible)
Argentina;Abono Mensual;Oro HD;790;CGTN Español;SD;Mundo;Si
Argentina;Abono Mensual;Oro HD;795;TV Perú;SD;Mundo;Si
Argentina;Abono Mensual;Oro HD;800;OnDIRECTV;SD;Variedades;Si
Argentina;Abono Mensual;Oro HD;804;Escuela Más;SD;Variedades;Si
Argentina;Abono Mensual;Oro HD;901;DSPORTS Radio;Radio;Radio;Si
Argentina;Abono Mensual;Oro HD;973;FM Aspen;Radio;Radio;Si
Argentina;Abono Mensual;Oro HD;974;Radio Nacional;Radio;Radio;Si
Argentina;Abono Mensual;Oro HD;976;Radio del Plata;Radio;Radio;Si
Argentina;Abono Mensual;Oro HD;977;Radio Disney;Radio;Radio;Si
Argentina;Abono Mensual;Oro HD;980;Unión Radio Noticias;Radio;Radio;Si
Argentina;Abono Mensual;Oro HD;981;FM Latina 101.1;Radio;Radio;Si
Argentina;Abono Mensual;Oro HD;982;Radio Caracol;Radio;Radio;Si
Argentina;Abono Mensual;Oro HD;984;Radio France Internationale;Radio;Radio;Si
Argentina;Abono Mensual;Oro HD;999;OnDIRECTV;SD;Variedades;Si
Argentina;Abono Mensual;Oro HD;1105;Gran Hermano - Experiencia Multicámara;SD;Variedades;Si
Argentina;Abono Mensual;Oro HD;1106;Gran Hermano - 24 hs;SD;Variedades;Si
Argentina;Abono Mensual;Oro HD;1107;Gran Hermano - Cámara 1;SD;Variedades;Si
Argentina;Abono Mensual;Oro HD;1108;Gran Hermano - Cámara 2;SD;Variedades;Si
Argentina;Abono Mensual;Oro HD;1109;Gran Hermano - Cámara 3;SD;Variedades;Si
Argentina;Abono Mensual;Oro HD;1120;América HD;HD;Nacional;Si
Argentina;Abono Mensual;Oro HD;1121;TV Pública HD;HD;Nacional;Si
Argentina;Abono Mensual;Oro HD;1122;El Nueve HD;HD;Nacional;Si
Argentina;Abono Mensual;Oro HD;1123;Telefe HD;HD;Nacional;Si
Argentina;Abono Mensual;Oro HD;1124;El Trece HD;HD;Nacional;Si
Argentina;Abono Mensual;Oro HD;1125;Net TV HD;HD;Nacional;Si
Argentina;Abono Mensual;Oro HD;1127;DSHOW HD;HD;Variedades;Si
Argentina;Abono Mensual;Oro HD;1128;Encuentro HD;HD;Nacional;No
Argentina;Abono Mensual;Oro HD;1199;KZO HD;HD;Variedades;Si
Argentina;Abono Mensual;Oro HD;1200;DIRECTV Series HD;HD;Portal;Si
Argentina;Abono Mensual;Oro HD;1204;Star Channel HD;HD;Variedades;Si
Argentina;Abono Mensual;Oro HD;1206;Warner Channel HD;HD;Variedades;Si
Argentina;Abono Mensual;Oro HD;1207;A&E HD;HD;Variedades;Si
Argentina;Abono Mensual;Oro HD;1208;Sony HD;HD;Variedades;Si
Argentina;Abono Mensual;Oro HD;1209;AXN HD;HD;Variedades;Si
Argentina;Abono Mensual;Oro HD;1210;AMC HD;HD;Variedades;Si
Argentina;Abono Mensual;Oro HD;1213;TNT Series HD;HD;Variedades;Si
Argentina;Abono Mensual;Oro HD;1214;Atres Series HD;HD;Variedades;Si
Argentina;Abono Mensual;Oro HD;1215;Comedy Central HD;HD;Variedades;Si
Argentina;Abono Mensual;Oro HD;1217;FX HD;HD;Variedades;Si
Argentina;Abono Mensual;Oro HD;1218;Universal TV HD;HD;Variedades;Si
Argentina;Abono Mensual;Oro HD;1219;USA Network HD;HD;Variedades;Si
Argentina;Abono Mensual;Oro HD;1221;Hola TV HD;HD;Variedades;Si
Argentina;Abono Mensual;Oro HD;1222;E! HD;HD;Variedades;Si
Argentina;Abono Mensual;Oro HD;1223;ID HD;HD;Variedades;Si
Argentina;Abono Mensual;Oro HD;1228;Lifetime HD;HD;Variedades;Si
Argentina;Abono Mensual;Oro HD;1229;Discovery Home & Health HD;HD;Variedades;Si
Argentina;Abono Mensual;Oro HD;1231;A la Cocina TV;HD;Variedades;Si
Argentina;Abono Mensual;Oro HD;1232;El Gourmet HD;HD;Variedades;Si
Argentina;Abono Mensual;Oro HD;1233;Food Network HD;HD;Variedades;Si
Argentina;Abono Mensual;Oro HD;1234;HGTV HD;HD;Variedades;Si
Argentina;Abono Mensual;Oro HD;1236;Ciudad Magazine HD;HD;Variedades;Si
Argentina;Abono Mensual;Oro HD;1237;VePlus HD;HD;Variedades;Si
Argentina;Abono Mensual;Oro HD;1264;MTV HD;HD;Variedades;Si
Argentina;Abono Mensual;Oro HD;1265;Music Top HD;HD;Variedades;Si
Argentina;Abono Mensual;Oro HD;1266;Tierra Mía HD;HD;Variedades;Si
Argentina;Abono Mensual;Oro HD;1267;DSHOW;SD;Variedades;Si
Argentina;Abono Mensual;Oro HD;1269;Quiero Música en Mi Idioma (QMusic) HD;HD;Variedades;Si
Argentina;Abono Mensual;Oro HD;1270;Latina TV;HD;Variedades;Si
Argentina;Abono Mensual;Oro HD;1304;Cartoon Network HD;HD;Infantil;Si
Argentina;Abono Mensual;Oro HD;1308;Nick HD;HD;Infantil;Si
Argentina;Abono Mensual;Oro HD;1309;Nick Jr. HD;HD;Infantil;Si
Argentina;Abono Mensual;Oro HD;1312;Disney Channel HD;HD;Infantil;Si
Argentina;Abono Mensual;Oro HD;1315;Disney Junior HD;HD;Infantil;Si
Argentina;Abono Mensual;Oro HD;1317;BabyTV;SD;Infantil;Si
Argentina;Abono Mensual;Oro HD;1318;Plim Plim;SD;Infantil;Si
Argentina;Abono Mensual;Oro HD;1319;El Reino Infantil;SD;Infantil;Si
Argentina;Abono Mensual;Oro HD;1330;Discovery Kids HD;HD;Infantil;Si
Argentina;Abono Mensual;Oro HD;1402;PPV HD;HD;PPV;No
Argentina;Abono Mensual;Oro HD;1404;PPV HD;HD;PPV;No
Argentina;Abono Mensual;Oro HD;1406;PPV HD;HD;PPV;No
Argentina;Abono Mensual;Oro HD;1408;PPV HD;HD;PPV;No (PPV)
Argentina;Abono Mensual;Oro HD;1410;PPV HD;HD;PPV;No (PPV)
Argentina;Abono Mensual;Oro HD;1502;TNT HD;HD;Cine;Si
Argentina;Abono Mensual;Oro HD;1503;Golden HD;HD;Cine;Si
Argentina;Abono Mensual;Oro HD;1506;Sony Movies HD;HD;Cine;Si
Argentina;Abono Mensual;Oro HD;1507;Cinecanal HD;HD;Cine;Si
Argentina;Abono Mensual;Oro HD;1508;Studio Universal HD;HD;Cine;Si
Argentina;Abono Mensual;Oro HD;1509;Cinemax HD;HD;Cine;Si
Argentina;Abono Mensual;Oro HD;1510;Mórbido TV;SD;Cine;Si
Argentina;Abono Mensual;Oro HD;1513;DHE HD;HD;Cine;Si
Argentina;Abono Mensual;Oro HD;1518;Space HD;HD;Cine;Si
Argentina;Abono Mensual;Oro HD;1524;HBO HD;HD;Cine;No (Adquirible)
Argentina;Abono Mensual;Oro HD;1525;HBO 2 HD;HD;Cine;No (Adquirible)
Argentina;Abono Mensual;Oro HD;1528;HBO Signature HD;HD;Cine;No (Adquirible)
Argentina;Abono Mensual;Oro HD;1532;HBO Plus HD;HD;Cine;No (Adquirible)
Argentina;Abono Mensual;Oro HD;1534;HBO Family HD;HD;Cine;No (Adquirible)
Argentina;Abono Mensual;Oro HD;1542;HBO Xtreme HD;HD;Cine;No (Adquirible)
Argentina;Abono Mensual;Oro HD;1571;UNIVERSAL Premiere Este HD;HD;Cine;No (Adquirible)
Argentina;Abono Mensual;Oro HD;1572;UNIVERSAL Cinema Oeste HD;HD;Cine;No (Adquirible)
Argentina;Abono Mensual;Oro HD;1573;UNIVERSAL Comedy HD;HD;Cine;No (Adquirible)
Argentina;Abono Mensual;Oro HD;1574;UNIVERSAL Crime HD;HD;Cine;No (Adquirible)
Argentina;Abono Mensual;Oro HD;1575;UNIVERSAL Reality HD;HD;Cine;No (Adquirible)
Argentina;Abono Mensual;Oro HD;1576;UNIVERSAL Premiere Oeste HD;HD;Cine;No (Adquirible)
Argentina;Abono Mensual;Oro HD;1577;UNIVERSAL Crime Oeste HD;HD;Cine;No (Adquirible)
Argentina;Abono Mensual;Oro HD;1601;Nueva señal - Nombre TBD;SD;Variedades;Si
Argentina;Abono Mensual;Oro HD;1602;Portal Fútbol Premium;Portal;Portal;Si
Argentina;Abono Mensual;Oro HD;1603;TNT Sports HD;HD;Deportes;No (Adquirible)
Argentina;Abono Mensual;Oro HD;1604;Fox Sports Premium HD;HD;Deportes;No (Adquirible)
Argentina;Abono Mensual;Oro HD;1605;Fox Sports HD;HD;Deportes;Si
Argentina;Abono Mensual;Oro HD;1608;Fox Sports 2 HD;HD;Deportes;Si
Argentina;Abono Mensual;Oro HD;1609;Fox Sports 3 HD;HD;Deportes;Si
Argentina;Abono Mensual;Oro HD;1610;DSPORTS HD;HD;Deportes;Si
Argentina;Abono Mensual;Oro HD;1612;DSPORTS 2 HD;HD;Deportes;Si
Argentina;Abono Mensual;Oro HD;1613;DSPORTS+ HD;HD;Deportes;Si
Argentina;Abono Mensual;Oro HD;1620;TyC Sports HD;HD;Deportes;Si
Argentina;Abono Mensual;Oro HD;1621;ESPN HD;HD;Deportes;Si
Argentina;Abono Mensual;Oro HD;1622;ESPN 2 HD;HD;Deportes;Si
Argentina;Abono Mensual;Oro HD;1623;ESPN 3 HD;HD;Deportes;Si
Argentina;Abono Mensual;Oro HD;1624;ESPN 4;HD;Deportes;Si
Argentina;Abono Mensual;Oro HD;1628;Golf Channel HD;HD;Deportes;Si
Argentina;Abono Mensual;Oro HD;1630;DSPORTS;SD;Deportes;Si
Argentina;Abono Mensual;Oro HD;1631;DSPORTS Radio;Radio;Radio;Si
Argentina;Abono Mensual;Oro HD;1639;PX Sports;HD;Deportes;Si
Argentina;Abono Mensual;Oro HD;1654;DeporTV HD;HD;Deportes;Si
Argentina;Abono Mensual;Oro HD;1656;DeporTV HD;HD;Deportes;No
Argentina;Abono Mensual;Oro HD;1677;NBA TV HD;HD;Deportes;Si
Argentina;Abono Mensual;Oro HD;1700;DNEWS HD;HD;Variedades;Si
Argentina;Abono Mensual;Oro HD;1714;DSHOW;SD;Variedades;Si
Argentina;Abono Mensual;Oro HD;1715;La Nación+ HD;HD;Mundo;Si
Argentina;Abono Mensual;Oro HD;1716;TN HD;HD;Mundo;Si
Argentina;Abono Mensual;Oro HD;1717;C5N HD;HD;Local;Si
Argentina;Abono Mensual;Oro HD;1719;A24 HD;HD;Mundo;Si
Argentina;Abono Mensual;Oro HD;1720;Canal 26 HD;HD;Mundo;Si
Argentina;Abono Mensual;Oro HD;1721;Argentina 12 HD;HD;Mundo;Si
Argentina;Abono Mensual;Oro HD;1722;Canal E;HD;Variedades;Si
Argentina;Abono Mensual;Oro HD;1724;TV Perú Noticias HD;HD;Mundo;Si
Argentina;Abono Mensual;Oro HD;1730;National Geographic HD;HD;Mundo;Si
Argentina;Abono Mensual;Oro HD;1731;Discovery Theater HD;HD;Mundo;Si
Argentina;Abono Mensual;Oro HD;1732;Discovery Channel HD;HD;Mundo;Si
Argentina;Abono Mensual;Oro HD;1734;Animal Planet HD;HD;Mundo;Si
Argentina;Abono Mensual;Oro HD;1738;Discovery World HD;HD;Mundo;Si
Argentina;Abono Mensual;Oro HD;1740;TLC HD;HD;Mundo;Si
Argentina;Abono Mensual;Oro HD;1742;History Channel HD;HD;Mundo;Si
Argentina;Abono Mensual;Oro HD;1744;History 2 HD;HD;Mundo;Si
Argentina;Abono Mensual;Oro HD;1748;Canal (A) HD;HD;Mundo;Si
Argentina;Abono Mensual;Oro HD;1750;Encuentro Internacional HD;HD;Variedades;Si
Argentina;Abono Mensual;Oro HD;1762;Antena 3 HD;HD;Mundo;Si
Argentina;Abono Mensual;Oro HD;1764;France 24 Español;SD;Mundo;Si
Argentina;Abono Mensual;Oro HD;1789;TV Ciudad HD;HD;Variedades;Si
Argentina;Abono Mensual;Oro HD;1795;TV Perú HD;HD;Mundo;Si
Argentina;Abono Mensual;Oro HD;1804;Escuela Más HD;HD;Variedades;Si
Argentina;Abono Mensual;Oro HD;4000;DIRECTV Ultra HD: 4K;4K;4K;No
Argentina;Abono Mensual;Oro Nexus;100;Canal 100 DIRECTV;Portal;Portal;Si
Argentina;Abono Mensual;Oro Nexus;101;Canal 101 Prepago;Portal;Portal;No
Argentina;Abono Mensual;Oro Nexus;105;Gran Hermano - Experiencia Multicámara;SD;Variedades;No
Argentina;Abono Mensual;Oro Nexus;106;Gran Hermano - 24 hs;SD;Variedades;No
Argentina;Abono Mensual;Oro Nexus;107;Gran Hermano - Cámara 1;SD;Variedades;No
Argentina;Abono Mensual;Oro Nexus;108;Gran Hermano - Cámara 2;SD;Variedades;No
Argentina;Abono Mensual;Oro Nexus;109;Gran Hermano - Cámara 3;SD;Variedades;No
Argentina;Abono Mensual;Oro Nexus;120;América;SD;Nacional;Si
Argentina;Abono Mensual;Oro Nexus;121;TV Pública;SD;Nacional;Si
Argentina;Abono Mensual;Oro Nexus;122;El Nueve;SD;Nacional;Si
Argentina;Abono Mensual;Oro Nexus;123;Telefe;SD;Nacional;Si
Argentina;Abono Mensual;Oro Nexus;124;El Trece;SD;Nacional;Si
Argentina;Abono Mensual;Oro Nexus;125;Net TV;SD;Nacional;Si
Argentina;Abono Mensual;Oro Nexus;126;Bravo TV;SD;Variedades;No
Argentina;Abono Mensual;Oro Nexus;127;DSHOW;SD;Variedades;Si
Argentina;Abono Mensual;Oro Nexus;128;Encuentro;SD;Nacional;Si
Argentina;Abono Mensual;Oro Nexus;129;Canal de la Ciudad;SD;Local;No
Argentina;Abono Mensual;Oro Nexus;130;Canal 7 Mendoza;SD;Local;Si
Argentina;Abono Mensual;Oro Nexus;131;Canal 9 Mendoza;SD;Local;Si
Argentina;Abono Mensual;Oro Nexus;132;Telediario;SD;Local;Si
Argentina;Abono Mensual;Oro Nexus;133;Canal 7 de Jujuy;SD;Local;Si
Argentina;Abono Mensual;Oro Nexus;134;Canal 3 Rosario;SD;Nacional;Si
Argentina;Abono Mensual;Oro Nexus;135;Canal 12 de Córdoba;SD;Local;Si
Argentina;Abono Mensual;Oro Nexus;136;Telefé Córdoba;SD;Local;No
Argentina;Abono Mensual;Oro Nexus;137;Telefe Rosario;SD;Local;Si
Argentina;Abono Mensual;Oro Nexus;139;Televisión Pública Pampeana;SD;Local;No
Argentina;Abono Mensual;Oro Nexus;140;Canal 8 San Juan;SD;Local;No
Argentina;Abono Mensual;Oro Nexus;160;Infomerciales;SD;Variedades;Si
Argentina;Abono Mensual;Oro Nexus;199;KZO;SD;Variedades;Si
Argentina;Abono Mensual;Oro Nexus;200;DIRECTV Series;SD;Portal;No
Argentina;Abono Mensual;Oro Nexus;204;Star Channel;SD;Variedades;Si
Argentina;Abono Mensual;Oro Nexus;206;Warner Channel;SD;Variedades;Si
Argentina;Abono Mensual;Oro Nexus;207;A&E;SD;Variedades;Si
Argentina;Abono Mensual;Oro Nexus;208;Sony;SD;Variedades;Si
Argentina;Abono Mensual;Oro Nexus;209;AXN;SD;Variedades;Si
Argentina;Abono Mensual;Oro Nexus;210;AMC;SD;Variedades;Si
Argentina;Abono Mensual;Oro Nexus;213;TNT Series;SD;Variedades;Si
Argentina;Abono Mensual;Oro Nexus;214;Atres Series;SD;Variedades;Si
Argentina;Abono Mensual;Oro Nexus;215;Comedy Central;SD;Variedades;Si
Argentina;Abono Mensual;Oro Nexus;216;TNT Novelas;SD;Variedades;Si
Argentina;Abono Mensual;Oro Nexus;217;FX;SD;Variedades;Si
Argentina;Abono Mensual;Oro Nexus;218;Universal TV;SD;Variedades;Si
Argentina;Abono Mensual;Oro Nexus;219;USA Network;SD;Variedades;Si
Argentina;Abono Mensual;Oro Nexus;220;Adult Swim;SD;Variedades;Si
Argentina;Abono Mensual;Oro Nexus;221;¡Hola! TV;SD;Variedades;Si
Argentina;Abono Mensual;Oro Nexus;222;E!;SD;Variedades;Si
Argentina;Abono Mensual;Oro Nexus;223;Investigation Discovery (ID);SD;Variedades;Si
Argentina;Abono Mensual;Oro Nexus;226;Las Estrellas;SD;Variedades;Si
Argentina;Abono Mensual;Oro Nexus;227;TLnovelas;SD;Variedades;Si
Argentina;Abono Mensual;Oro Nexus;228;Lifetime;SD;Variedades;Si
Argentina;Abono Mensual;Oro Nexus;229;Discovery Home & Health;SD;Variedades;Si
Argentina;Abono Mensual;Oro Nexus;230;Más Chic;SD;Variedades;Si
Argentina;Abono Mensual;Oro Nexus;231;Telemundo;SD;Variedades;Si
Argentina;Abono Mensual;Oro Nexus;232;El Gourmet;SD;Variedades;Si
Argentina;Abono Mensual;Oro Nexus;233;Food Network;SD;Variedades;Si
Argentina;Abono Mensual;Oro Nexus;236;Ciudad Magazine;SD;Variedades;Si
Argentina;Abono Mensual;Oro Nexus;238;Volver;SD;Variedades;Si
Argentina;Abono Mensual;Oro Nexus;240;Caras TV;SD;Mundo;Si
Argentina;Abono Mensual;Oro Nexus;264;MTV;SD;Variedades;Si
Argentina;Abono Mensual;Oro Nexus;267;DSHOW;SD;Variedades;No
Argentina;Abono Mensual;Oro Nexus;269;Quiero Música en Mi Idioma (QMusic);SD;Variedades;Si
Argentina;Abono Mensual;Oro Nexus;296;Unión Radio Noticias;Radio;Radio;Si
Argentina;Abono Mensual;Oro Nexus;300;OnDIRECTV;SD;Variedades;Si
Argentina;Abono Mensual;Oro Nexus;301;Star Fun;SD;PPV;No
Argentina;Abono Mensual;Oro Nexus;302;HBO Family;SD;Cine;No (Adquirible)
Argentina;Abono Mensual;Oro Nexus;303;Paka Paka;SD;Infantil;Si
Argentina;Abono Mensual;Oro Nexus;304;Cartoon Network;SD;Infantil;Si
Argentina;Abono Mensual;Oro Nexus;308;Nickelodeon;SD;Infantil;Si
Argentina;Abono Mensual;Oro Nexus;309;Nick Jr.;SD;Infantil;Si
Argentina;Abono Mensual;Oro Nexus;312;Disney Channel;SD;Infantil;Si
Argentina;Abono Mensual;Oro Nexus;315;Disney Junior;SD;Infantil;Si
Argentina;Abono Mensual;Oro Nexus;317;BabyTV;SD;Infantil;No
Argentina;Abono Mensual;Oro Nexus;318;Plim Plim;SD;Infantil;Si
Argentina;Abono Mensual;Oro Nexus;319;El Reino Infantil;SD;Infantil;Si
Argentina;Abono Mensual;Oro Nexus;330;Discovery Kids;SD;Infantil;Si
Argentina;Abono Mensual;Oro Nexus;334;Cartoonito;SD;Infantil;Si
Argentina;Abono Mensual;Oro Nexus;350;EWTN;SD;Religioso;Si
Argentina;Abono Mensual;Oro Nexus;351;Orbe 21;SD;Religioso;Si
Argentina;Abono Mensual;Oro Nexus;352;Enlace;SD;Religioso;Si
Argentina;Abono Mensual;Oro Nexus;354;Canal Luz;SD;Religioso;Si
Argentina;Abono Mensual;Oro Nexus;358;DayStar;SD;Religioso;No
Argentina;Abono Mensual;Oro Nexus;400;Placa DIRECTV GO;Portal;Portal;Si
Argentina;Abono Mensual;Oro Nexus;401;SMS CINE PPV;Portal;Portal;Si
Argentina;Abono Mensual;Oro Nexus;402;CINE;SD;PPV;No (PPV)
Argentina;Abono Mensual;Oro Nexus;404;CINE;SD;PPV;No (PPV)
Argentina;Abono Mensual;Oro Nexus;406;CINE;SD;PPV;No (PPV)
Argentina;Abono Mensual;Oro Nexus;408;CINE;SD;PPV;No (PPV)
Argentina;Abono Mensual;Oro Nexus;410;CINE;SD;PPV;No (PPV)
Argentina;Abono Mensual;Oro Nexus;460;SMS ADULTOS PPV;Portal;Portal;Si
Argentina;Abono Mensual;Oro Nexus;464;Playboy TV;SD;Adultos;No (Adquirible)
Argentina;Abono Mensual;Oro Nexus;468;Venus;SD;Adultos;No (Adquirible)
Argentina;Abono Mensual;Oro Nexus;469;XTSY;SD;Adultos;No (Adquirible)
Argentina;Abono Mensual;Oro Nexus;470;Hustler TV HD;HD;Adultos;No (Adquirible)
Argentina;Abono Mensual;Oro Nexus;500;OnDIRECTV;SD;Variedades;Si
Argentina;Abono Mensual;Oro Nexus;502;TNT;SD;Cine;Si
Argentina;Abono Mensual;Oro Nexus;503;Golden;SD;Cine;Si
Argentina;Abono Mensual;Oro Nexus;506;Sony Movies;SD;Cine;No
Argentina;Abono Mensual;Oro Nexus;507;Cinecanal;SD;Cine;Si
Argentina;Abono Mensual;Oro Nexus;508;Studio Universal;SD;Cine;Si
Argentina;Abono Mensual;Oro Nexus;509;Cinemax;SD;Cine;Si
Argentina;Abono Mensual;Oro Nexus;510;Mórbido TV;SD;Cine;Si
Argentina;Abono Mensual;Oro Nexus;512;Cine.AR;SD;Cine;Si
Argentina;Abono Mensual;Oro Nexus;513;DHE;SD;Cine;Si
Argentina;Abono Mensual;Oro Nexus;516;De Película;SD;Cine;Si
Argentina;Abono Mensual;Oro Nexus;517;Golden Edge;SD;Cine;Si
Argentina;Abono Mensual;Oro Nexus;518;Space;SD;Cine;Si
Argentina;Abono Mensual;Oro Nexus;522;HBO Next;Portal;Portal;Si
Argentina;Abono Mensual;Oro Nexus;524;HBO;SD;Cine;No (Adquirible)
Argentina;Abono Mensual;Oro Nexus;525;HBO 2;SD;Cine;No (Adquirible)
Argentina;Abono Mensual;Oro Nexus;526;HBO Plus Este;SD;Cine;No (Adquirible)
Argentina;Abono Mensual;Oro Nexus;528;HBO Signature;SD;Cine;No (Adquirible)
Argentina;Abono Mensual;Oro Nexus;534;HBO Family;SD;Cine;No (Adquirible)
Argentina;Abono Mensual;Oro Nexus;540;HBO Mundi;SD;Cine;No (Adquirible)
Argentina;Abono Mensual;Oro Nexus;541;HBO Pop;SD;Cine;No (Adquirible)
Argentina;Abono Mensual;Oro Nexus;542;HBO Xtreme;SD;Cine;No (Adquirible)
Argentina;Abono Mensual;Oro Nexus;544;HBO Next;Portal;Portal;Si
Argentina;Abono Mensual;Oro Nexus;550;OnDIRECTV;SD;Variedades;Si
Argentina;Abono Mensual;Oro Nexus;551;Cómo Contratar Premium;SD;Portal;No
Argentina;Abono Mensual;Oro Nexus;570;Portal Premium;SD;Portal;No
Argentina;Abono Mensual;Oro Nexus;571;UNIVERSAL Premiere Este;SD;Cine;No (Adquirible)
Argentina;Abono Mensual;Oro Nexus;572;UNIVERSAL Cinema Oeste;SD;Cine;No (Adquirible)
Argentina;Abono Mensual;Oro Nexus;573;UNIVERSAL Comedy;SD;Cine;No (Adquirible)
Argentina;Abono Mensual;Oro Nexus;574;UNIVERSAL Crime;SD;Cine;No (Adquirible)
Argentina;Abono Mensual;Oro Nexus;575;UNIVERSAL Reality;SD;Cine;No (Adquirible)
Argentina;Abono Mensual;Oro Nexus;576;UNIVERSAL Premiere Oeste;SD;Cine;No (Adquirible)
Argentina;Abono Mensual;Oro Nexus;577;UNIVERSAL Crime Oeste;SD;Cine;No (Adquirible)
Argentina;Abono Mensual;Oro Nexus;599;Bienvenido a DIRECTV;Portal;Portal;Si
Argentina;Abono Mensual;Oro Nexus;600;Portal DIRECTV Sports;Portal;Portal;Si
Argentina;Abono Mensual;Oro Nexus;601;Nueva señal - Nombre TBD;SD;Variedades;No
Argentina;Abono Mensual;Oro Nexus;602;Portal Fútbol Premium;Portal;Portal;Si
Argentina;Abono Mensual;Oro Nexus;603;TNT Sports;SD;Deportes;No (Adquirible)
Argentina;Abono Mensual;Oro Nexus;604;ESPN Premium;SD;Deportes;No (Adquirible)
Argentina;Abono Mensual;Oro Nexus;605;Fox Sports;SD;Deportes;Si
Argentina;Abono Mensual;Oro Nexus;608;Fox Sports 2;SD;Deportes;Si
Argentina;Abono Mensual;Oro Nexus;609;Fox Sports 3;SD;Deportes;Si
Argentina;Abono Mensual;Oro Nexus;610;DSPORTS;SD;Deportes;Si
Argentina;Abono Mensual;Oro Nexus;612;DSPORTS 2;SD;Deportes;Si
Argentina;Abono Mensual;Oro Nexus;613;DSPORTS+;SD;Deportes;Si
Argentina;Abono Mensual;Oro Nexus;620;TyC Sports;SD;Deportes;Si
Argentina;Abono Mensual;Oro Nexus;621;ESPN;SD;Deportes;Si
Argentina;Abono Mensual;Oro Nexus;622;ESPN 2;SD;Deportes;Si
Argentina;Abono Mensual;Oro Nexus;623;ESPN 3;SD;Deportes;Si
Argentina;Abono Mensual;Oro Nexus;628;Golf Channel;SD;Deportes;Si
Argentina;Abono Mensual;Oro Nexus;630;DIRECTV Sports;SD;Deportes;No
Argentina;Abono Mensual;Oro Nexus;631;DSPORTS Radio;Radio;Radio;No
Argentina;Abono Mensual;Oro Nexus;632;TyC Sports 2 (virtual);SD;Deportes;Si
Argentina;Abono Mensual;Oro Nexus;634;Fútbol de Paraguay;SD;Deportes;No (Adquirible)
Argentina;Abono Mensual;Oro Nexus;635;Fútbol de Bolivia;SD;Deportes;No (Adquirible)
Argentina;Abono Mensual;Oro Nexus;656;DeporTV;SD;Deportes;Si
Argentina;Abono Mensual;Oro Nexus;680;MLB Extra Innings;SD;Deportes;No (Adquirible)
Argentina;Abono Mensual;Oro Nexus;681;MLB Extra Innings;SD;Deportes;No (Adquirible)
Argentina;Abono Mensual;Oro Nexus;700;DNEWS;SD;Variedades;Si
Argentina;Abono Mensual;Oro Nexus;704;CNN en Español;SD;Mundo;Si
Argentina;Abono Mensual;Oro Nexus;706;CNN International;SD;Mundo;Si
Argentina;Abono Mensual;Oro Nexus;707;CNN Chile;SD;Mundo;Si
Argentina;Abono Mensual;Oro Nexus;708;24 HORAS;SD;Mundo;Si
Argentina;Abono Mensual;Oro Nexus;710;Bloomberg Television;SD;Mundo;Si
Argentina;Abono Mensual;Oro Nexus;714;Nueva señal - TBD;SD;Variedades;No
Argentina;Abono Mensual;Oro Nexus;715;La Nación+;SD;Mundo;Si
Argentina;Abono Mensual;Oro Nexus;716;Todo Noticias (TN);SD;Mundo;Si
Argentina;Abono Mensual;Oro Nexus;717;C5N;SD;Mundo;Si
Argentina;Abono Mensual;Oro Nexus;718;Crónica TV;SD;Mundo;Si
Argentina;Abono Mensual;Oro Nexus;719;A24;SD;Mundo;Si
Argentina;Abono Mensual;Oro Nexus;720;Canal 26;SD;Mundo;Si
Argentina;Abono Mensual;Oro Nexus;721;Argentina 12;SD;Mundo;No
Argentina;Abono Mensual;Oro Nexus;724;Chacra TV;SD;Mundo;No
Argentina;Abono Mensual;Oro Nexus;725;NTN24;SD;Mundo;Si
Argentina;Abono Mensual;Oro Nexus;726;Telemax;SD;Mundo;Si
Argentina;Abono Mensual;Oro Nexus;727;Cable Noticias;SD;Mundo;Si
Argentina;Abono Mensual;Oro Nexus;728;Canal Rural;SD;Nacional;Si
Argentina;Abono Mensual;Oro Nexus;729;Construir TV;SD;Mundo;Si
Argentina;Abono Mensual;Oro Nexus;730;National Geographic;SD;Mundo;Si
Argentina;Abono Mensual;Oro Nexus;732;Discovery Channel;SD;Mundo;Si
Argentina;Abono Mensual;Oro Nexus;734;Animal Planet;SD;Mundo;Si
Argentina;Abono Mensual;Oro Nexus;736;Discovery Turbo;SD;Mundo;Si
Argentina;Abono Mensual;Oro Nexus;740;TLC;SD;Mundo;Si
Argentina;Abono Mensual;Oro Nexus;742;History Channel;SD;Mundo;Si
Argentina;Abono Mensual;Oro Nexus;744;History 2;SD;Mundo;Si
Argentina;Abono Mensual;Oro Nexus;760;Univision;SD;Mundo;Si
Argentina;Abono Mensual;Oro Nexus;762;Antena 3;SD;Mundo;Si
Argentina;Abono Mensual;Oro Nexus;764;France 24 Español;SD;Mundo;Si
Argentina;Abono Mensual;Oro Nexus;766;Rai Italia;SD;Mundo;Si
Argentina;Abono Mensual;Oro Nexus;768;BBC News;SD;Mundo;Si
Argentina;Abono Mensual;Oro Nexus;770;DW Español;SD;Mundo;Si
Argentina;Abono Mensual;Oro Nexus;772;Caracol Internacional;SD;Mundo;Si
Argentina;Abono Mensual;Oro Nexus;773;El Tiempo TV;SD;Mundo;Si
Argentina;Abono Mensual;Oro Nexus;774;TV Chile;SD;Mundo;Si
Argentina;Abono Mensual;Oro Nexus;775;Nuestra Tele;SD;Mundo;Si
Argentina;Abono Mensual;Oro Nexus;776;TV Globo Internacional;SD;Mundo;No (Adquirible)
Argentina;Abono Mensual;Oro Nexus;778;RTP Internacional;SD;Mundo;Si
Argentina;Abono Mensual;Oro Nexus;780;Zee Mundo;SD;Mundo;No (Adquirible)
Argentina;Abono Mensual;Oro Nexus;782;NHK World Japan;SD;Mundo;No (Adquirible)
Argentina;Abono Mensual;Oro Nexus;790;CGTN Español;SD;Mundo;No
Argentina;Abono Mensual;Oro Nexus;795;TV Perú;SD;Mundo;Si
Argentina;Abono Mensual;Oro Nexus;800;OnDIRECTV;SD;Variedades;Si
Argentina;Abono Mensual;Oro Nexus;804;Escuela Más;SD;Variedades;No
Argentina;Abono Mensual;Oro Nexus;901;DSPORTS Radio;Radio;Radio;No
Argentina;Abono Mensual;Oro Nexus;973;FM Aspen;Radio;Radio;Si
Argentina;Abono Mensual;Oro Nexus;974;Radio Nacional;Radio;Radio;Si
Argentina;Abono Mensual;Oro Nexus;976;Radio del Plata;Radio;Radio;Si
Argentina;Abono Mensual;Oro Nexus;977;Radio Disney;Radio;Radio;Si
Argentina;Abono Mensual;Oro Nexus;980;Unión Radio Noticias;Radio;Radio;Si
Argentina;Abono Mensual;Oro Nexus;981;FM Latina 101.1;Radio;Radio;Si
Argentina;Abono Mensual;Oro Nexus;982;Radio Caracol;Radio;Radio;Si
Argentina;Abono Mensual;Oro Nexus;984;Radio France Internationale;Radio;Radio;Si
Argentina;Abono Mensual;Oro Nexus;999;OnDIRECTV;SD;Variedades;Si
Argentina;Abono Mensual;Oro Nexus;1105;Gran Hermano - Experiencia Multicámara;SD;Variedades;No
Argentina;Abono Mensual;Oro Nexus;1106;Gran Hermano - 24 hs;SD;Variedades;No
Argentina;Abono Mensual;Oro Nexus;1107;Gran Hermano - Cámara 1;SD;Variedades;No
Argentina;Abono Mensual;Oro Nexus;1108;Gran Hermano - Cámara 2;SD;Variedades;No
Argentina;Abono Mensual;Oro Nexus;1109;Gran Hermano - Cámara 3;SD;Variedades;No
Argentina;Abono Mensual;Oro Nexus;1120;América HD;HD;Nacional;Si
Argentina;Abono Mensual;Oro Nexus;1121;TV Pública HD;HD;Nacional;Si
Argentina;Abono Mensual;Oro Nexus;1122;El Nueve HD;HD;Nacional;Si
Argentina;Abono Mensual;Oro Nexus;1123;Telefe HD;HD;Nacional;Si
Argentina;Abono Mensual;Oro Nexus;1124;El Trece HD;HD;Nacional;Si
Argentina;Abono Mensual;Oro Nexus;1125;Net TV HD;HD;Nacional;Si
Argentina;Abono Mensual;Oro Nexus;1127;DSHOW HD;HD;Variedades;No
Argentina;Abono Mensual;Oro Nexus;1128;Encuentro HD;HD;Nacional;No
Argentina;Abono Mensual;Oro Nexus;1199;KZO HD;HD;Variedades;Si
Argentina;Abono Mensual;Oro Nexus;1200;DIRECTV Series HD;HD;Portal;No
Argentina;Abono Mensual;Oro Nexus;1204;Star Channel HD;HD;Variedades;Si
Argentina;Abono Mensual;Oro Nexus;1206;Warner Channel HD;HD;Variedades;Si
Argentina;Abono Mensual;Oro Nexus;1207;A&E HD;HD;Variedades;Si
Argentina;Abono Mensual;Oro Nexus;1208;Sony HD;HD;Variedades;Si
Argentina;Abono Mensual;Oro Nexus;1209;AXN HD;HD;Variedades;Si
Argentina;Abono Mensual;Oro Nexus;1210;AMC HD;HD;Variedades;Si
Argentina;Abono Mensual;Oro Nexus;1213;TNT Series HD;HD;Variedades;Si
Argentina;Abono Mensual;Oro Nexus;1214;Atres Series HD;HD;Variedades;Si
Argentina;Abono Mensual;Oro Nexus;1215;Comedy Central HD;HD;Variedades;Si
Argentina;Abono Mensual;Oro Nexus;1217;FX HD;HD;Variedades;Si
Argentina;Abono Mensual;Oro Nexus;1218;Universal TV HD;HD;Variedades;Si
Argentina;Abono Mensual;Oro Nexus;1219;USA Network HD;HD;Variedades;Si
Argentina;Abono Mensual;Oro Nexus;1221;Hola TV HD;HD;Variedades;Si
Argentina;Abono Mensual;Oro Nexus;1222;E! HD;HD;Variedades;Si
Argentina;Abono Mensual;Oro Nexus;1223;ID HD;HD;Variedades;Si
Argentina;Abono Mensual;Oro Nexus;1228;Lifetime HD;HD;Variedades;Si
Argentina;Abono Mensual;Oro Nexus;1229;Discovery Home & Health HD;HD;Variedades;Si
Argentina;Abono Mensual;Oro Nexus;1231;A la Cocina TV;HD;Variedades;No
Argentina;Abono Mensual;Oro Nexus;1232;El Gourmet HD;HD;Variedades;Si
Argentina;Abono Mensual;Oro Nexus;1233;Food Network HD;HD;Variedades;Si
Argentina;Abono Mensual;Oro Nexus;1234;HGTV HD;HD;Variedades;Si
Argentina;Abono Mensual;Oro Nexus;1236;Ciudad Magazine HD;HD;Variedades;Si
Argentina;Abono Mensual;Oro Nexus;1237;VePlus HD;HD;Variedades;Si
Argentina;Abono Mensual;Oro Nexus;1264;MTV HD;HD;Variedades;Si
Argentina;Abono Mensual;Oro Nexus;1265;Music Top HD;HD;Variedades;Si
Argentina;Abono Mensual;Oro Nexus;1266;Tierra Mía HD;HD;Variedades;Si
Argentina;Abono Mensual;Oro Nexus;1267;DSHOW;SD;Variedades;No
Argentina;Abono Mensual;Oro Nexus;1269;Quiero Música en Mi Idioma (QMusic) HD;HD;Variedades;Si
Argentina;Abono Mensual;Oro Nexus;1270;Latina TV;HD;Variedades;Si
Argentina;Abono Mensual;Oro Nexus;1304;Cartoon Network HD;HD;Infantil;Si
Argentina;Abono Mensual;Oro Nexus;1308;Nick HD;HD;Infantil;Si
Argentina;Abono Mensual;Oro Nexus;1309;Nick Jr. HD;HD;Infantil;Si
Argentina;Abono Mensual;Oro Nexus;1312;Disney Channel HD;HD;Infantil;Si
Argentina;Abono Mensual;Oro Nexus;1315;Disney Junior HD;HD;Infantil;Si
Argentina;Abono Mensual;Oro Nexus;1317;BabyTV;SD;Infantil;Si
Argentina;Abono Mensual;Oro Nexus;1318;Plim Plim;SD;Infantil;Si
Argentina;Abono Mensual;Oro Nexus;1319;El Reino Infantil;SD;Infantil;Si
Argentina;Abono Mensual;Oro Nexus;1330;Discovery Kids HD;HD;Infantil;Si
Argentina;Abono Mensual;Oro Nexus;1402;PPV HD;HD;PPV;No
Argentina;Abono Mensual;Oro Nexus;1404;PPV HD;HD;PPV;No
Argentina;Abono Mensual;Oro Nexus;1406;PPV HD;HD;PPV;No
Argentina;Abono Mensual;Oro Nexus;1408;PPV HD;HD;PPV;No (PPV)
Argentina;Abono Mensual;Oro Nexus;1410;PPV HD;HD;PPV;No (PPV)
Argentina;Abono Mensual;Oro Nexus;1502;TNT HD;HD;Cine;Si
Argentina;Abono Mensual;Oro Nexus;1503;Golden HD;HD;Cine;Si
Argentina;Abono Mensual;Oro Nexus;1506;Sony Movies HD;HD;Cine;No
Argentina;Abono Mensual;Oro Nexus;1507;Cinecanal HD;HD;Cine;Si
Argentina;Abono Mensual;Oro Nexus;1508;Studio Universal HD;HD;Cine;Si
Argentina;Abono Mensual;Oro Nexus;1509;Cinemax HD;HD;Cine;Si
Argentina;Abono Mensual;Oro Nexus;1510;Mórbido TV;SD;Cine;Si
Argentina;Abono Mensual;Oro Nexus;1513;DHE HD;HD;Cine;Si
Argentina;Abono Mensual;Oro Nexus;1518;Space HD;HD;Cine;Si
Argentina;Abono Mensual;Oro Nexus;1524;HBO HD;HD;Cine;No (Adquirible)
Argentina;Abono Mensual;Oro Nexus;1525;HBO 2 HD;HD;Cine;No (Adquirible)
Argentina;Abono Mensual;Oro Nexus;1528;HBO Signature HD;HD;Cine;No (Adquirible)
Argentina;Abono Mensual;Oro Nexus;1532;HBO Plus HD;HD;Cine;No (Adquirible)
Argentina;Abono Mensual;Oro Nexus;1534;HBO Family HD;HD;Cine;No (Adquirible)
Argentina;Abono Mensual;Oro Nexus;1542;HBO Xtreme HD;HD;Cine;No (Adquirible)
Argentina;Abono Mensual;Oro Nexus;1571;UNIVERSAL Premiere Este HD;HD;Cine;No (Adquirible)
Argentina;Abono Mensual;Oro Nexus;1572;UNIVERSAL Cinema Oeste HD;HD;Cine;No (Adquirible)
Argentina;Abono Mensual;Oro Nexus;1573;UNIVERSAL Comedy HD;HD;Cine;No (Adquirible)
Argentina;Abono Mensual;Oro Nexus;1574;UNIVERSAL Crime HD;HD;Cine;No (Adquirible)
Argentina;Abono Mensual;Oro Nexus;1575;UNIVERSAL Reality HD;HD;Cine;No (Adquirible)
Argentina;Abono Mensual;Oro Nexus;1576;UNIVERSAL Premiere Oeste HD;HD;Cine;No (Adquirible)
Argentina;Abono Mensual;Oro Nexus;1577;UNIVERSAL Crime Oeste HD;HD;Cine;No (Adquirible)
Argentina;Abono Mensual;Oro Nexus;1601;Nueva señal - Nombre TBD;SD;Variedades;No
Argentina;Abono Mensual;Oro Nexus;1602;Portal Fútbol Premium;Portal;Portal;Si
Argentina;Abono Mensual;Oro Nexus;1603;TNT Sports HD;HD;Deportes;No (Adquirible)
Argentina;Abono Mensual;Oro Nexus;1604;Fox Sports Premium HD;HD;Deportes;No (Adquirible)
Argentina;Abono Mensual;Oro Nexus;1605;Fox Sports HD;HD;Deportes;Si
Argentina;Abono Mensual;Oro Nexus;1608;Fox Sports 2 HD;HD;Deportes;Si
Argentina;Abono Mensual;Oro Nexus;1609;Fox Sports 3 HD;HD;Deportes;Si
Argentina;Abono Mensual;Oro Nexus;1610;DSPORTS HD;HD;Deportes;Si
Argentina;Abono Mensual;Oro Nexus;1612;DSPORTS 2 HD;HD;Deportes;Si
Argentina;Abono Mensual;Oro Nexus;1613;DSPORTS+ HD;HD;Deportes;Si
Argentina;Abono Mensual;Oro Nexus;1620;TyC Sports HD;HD;Deportes;Si
Argentina;Abono Mensual;Oro Nexus;1621;ESPN HD;HD;Deportes;Si
Argentina;Abono Mensual;Oro Nexus;1622;ESPN 2 HD;HD;Deportes;Si
Argentina;Abono Mensual;Oro Nexus;1623;ESPN 3 HD;HD;Deportes;Si
Argentina;Abono Mensual;Oro Nexus;1624;ESPN 4;HD;Deportes;Si
Argentina;Abono Mensual;Oro Nexus;1628;Golf Channel HD;HD;Deportes;Si
Argentina;Abono Mensual;Oro Nexus;1630;DSPORTS;SD;Deportes;No
Argentina;Abono Mensual;Oro Nexus;1631;DSPORTS Radio;Radio;Radio;No
Argentina;Abono Mensual;Oro Nexus;1639;PX Sports;HD;Deportes;Si
Argentina;Abono Mensual;Oro Nexus;1654;DeporTV HD;HD;Deportes;Si
Argentina;Abono Mensual;Oro Nexus;1656;DeporTV HD;HD;Deportes;No
Argentina;Abono Mensual;Oro Nexus;1677;NBA TV HD;HD;Deportes;No
Argentina;Abono Mensual;Oro Nexus;1700;DNEWS HD;HD;Variedades;No
Argentina;Abono Mensual;Oro Nexus;1714;DSHOW;SD;Variedades;No
Argentina;Abono Mensual;Oro Nexus;1715;La Nación+ HD;HD;Mundo;Si
Argentina;Abono Mensual;Oro Nexus;1716;TN HD;HD;Mundo;Si
Argentina;Abono Mensual;Oro Nexus;1717;C5N HD;HD;Local;Si
Argentina;Abono Mensual;Oro Nexus;1719;A24 HD;HD;Mundo;Si
Argentina;Abono Mensual;Oro Nexus;1720;Canal 26 HD;HD;Mundo;Si
Argentina;Abono Mensual;Oro Nexus;1721;Argentina 12 HD;HD;Mundo;Si
Argentina;Abono Mensual;Oro Nexus;1722;Canal E;HD;Variedades;No
Argentina;Abono Mensual;Oro Nexus;1724;TV Perú Noticias HD;HD;Mundo;Si
Argentina;Abono Mensual;Oro Nexus;1730;National Geographic HD;HD;Mundo;Si
Argentina;Abono Mensual;Oro Nexus;1731;Discovery Theater HD;HD;Mundo;Si
Argentina;Abono Mensual;Oro Nexus;1732;Discovery Channel HD;HD;Mundo;Si
Argentina;Abono Mensual;Oro Nexus;1734;Animal Planet HD;HD;Mundo;Si
Argentina;Abono Mensual;Oro Nexus;1738;Discovery World HD;HD;Mundo;Si
Argentina;Abono Mensual;Oro Nexus;1740;TLC HD;HD;Mundo;Si
Argentina;Abono Mensual;Oro Nexus;1742;History Channel HD;HD;Mundo;Si
Argentina;Abono Mensual;Oro Nexus;1744;History 2 HD;HD;Mundo;Si
Argentina;Abono Mensual;Oro Nexus;1748;Canal (A) HD;HD;Mundo;Si
Argentina;Abono Mensual;Oro Nexus;1750;Encuentro Internacional HD;HD;Variedades;Si
Argentina;Abono Mensual;Oro Nexus;1762;Antena 3 HD;HD;Mundo;Si
Argentina;Abono Mensual;Oro Nexus;1764;France 24 Español;SD;Mundo;Si
Argentina;Abono Mensual;Oro Nexus;1789;TV Ciudad HD;HD;Variedades;Si
Argentina;Abono Mensual;Oro Nexus;1795;TV Perú HD;HD;Mundo;Si
Argentina;Abono Mensual;Oro Nexus;1804;Escuela Más HD;HD;Variedades;No
Argentina;Abono Mensual;Oro Nexus;4000;DIRECTV Ultra HD: 4K;4K;4K;No
Argentina;Abono Mensual;Oro Plus HD;100;Canal 100 DIRECTV;Portal;Portal;Si
Argentina;Abono Mensual;Oro Plus HD;101;Canal 101 Prepago;Portal;Portal;No
Argentina;Abono Mensual;Oro Plus HD;105;Gran Hermano - Experiencia Multicámara;SD;Variedades;No
Argentina;Abono Mensual;Oro Plus HD;106;Gran Hermano - 24 hs;SD;Variedades;No
Argentina;Abono Mensual;Oro Plus HD;107;Gran Hermano - Cámara 1;SD;Variedades;No
Argentina;Abono Mensual;Oro Plus HD;108;Gran Hermano - Cámara 2;SD;Variedades;No
Argentina;Abono Mensual;Oro Plus HD;109;Gran Hermano - Cámara 3;SD;Variedades;No
Argentina;Abono Mensual;Oro Plus HD;120;América;SD;Nacional;Si
Argentina;Abono Mensual;Oro Plus HD;121;TV Pública;SD;Nacional;Si
Argentina;Abono Mensual;Oro Plus HD;122;El Nueve;SD;Nacional;Si
Argentina;Abono Mensual;Oro Plus HD;123;Telefe;SD;Nacional;Si
Argentina;Abono Mensual;Oro Plus HD;124;El Trece;SD;Nacional;Si
Argentina;Abono Mensual;Oro Plus HD;125;Net TV;SD;Nacional;Si
Argentina;Abono Mensual;Oro Plus HD;126;Bravo TV;SD;Variedades;Si
Argentina;Abono Mensual;Oro Plus HD;127;DSHOW;SD;Variedades;Si
Argentina;Abono Mensual;Oro Plus HD;128;Encuentro;SD;Nacional;Si
Argentina;Abono Mensual;Oro Plus HD;129;Canal de la Ciudad;SD;Local;No
Argentina;Abono Mensual;Oro Plus HD;130;Canal 7 Mendoza;SD;Local;Si
Argentina;Abono Mensual;Oro Plus HD;131;Canal 9 Mendoza;SD;Local;Si
Argentina;Abono Mensual;Oro Plus HD;132;Telediario;SD;Local;Si
Argentina;Abono Mensual;Oro Plus HD;133;Canal 7 de Jujuy;SD;Local;Si
Argentina;Abono Mensual;Oro Plus HD;134;Canal 3 Rosario;SD;Nacional;Si
Argentina;Abono Mensual;Oro Plus HD;135;Canal 12 de Córdoba;SD;Local;Si
Argentina;Abono Mensual;Oro Plus HD;136;Telefé Córdoba;SD;Local;No
Argentina;Abono Mensual;Oro Plus HD;137;Telefe Rosario;SD;Local;Si
Argentina;Abono Mensual;Oro Plus HD;139;Televisión Pública Pampeana;SD;Local;No
Argentina;Abono Mensual;Oro Plus HD;140;Canal 8 San Juan;SD;Local;No
Argentina;Abono Mensual;Oro Plus HD;160;Infomerciales;SD;Variedades;Si
Argentina;Abono Mensual;Oro Plus HD;199;KZO;SD;Variedades;Si
Argentina;Abono Mensual;Oro Plus HD;200;DIRECTV Series;SD;Portal;No
Argentina;Abono Mensual;Oro Plus HD;204;Star Channel;SD;Variedades;Si
Argentina;Abono Mensual;Oro Plus HD;206;Warner Channel;SD;Variedades;Si
Argentina;Abono Mensual;Oro Plus HD;207;A&E;SD;Variedades;Si
Argentina;Abono Mensual;Oro Plus HD;208;Sony;SD;Variedades;Si
Argentina;Abono Mensual;Oro Plus HD;209;AXN;SD;Variedades;Si
Argentina;Abono Mensual;Oro Plus HD;210;AMC;SD;Variedades;Si
Argentina;Abono Mensual;Oro Plus HD;213;TNT Series;SD;Variedades;Si
Argentina;Abono Mensual;Oro Plus HD;214;Atres Series;SD;Variedades;Si
Argentina;Abono Mensual;Oro Plus HD;215;Comedy Central;SD;Variedades;Si
Argentina;Abono Mensual;Oro Plus HD;216;TNT Novelas;SD;Variedades;Si
Argentina;Abono Mensual;Oro Plus HD;217;FX;SD;Variedades;Si
Argentina;Abono Mensual;Oro Plus HD;218;Universal TV;SD;Variedades;Si
Argentina;Abono Mensual;Oro Plus HD;219;USA Network;SD;Variedades;Si
Argentina;Abono Mensual;Oro Plus HD;220;Adult Swim;SD;Variedades;Si
Argentina;Abono Mensual;Oro Plus HD;221;¡Hola! TV;SD;Variedades;Si
Argentina;Abono Mensual;Oro Plus HD;222;E!;SD;Variedades;Si
Argentina;Abono Mensual;Oro Plus HD;223;Investigation Discovery (ID);SD;Variedades;Si
Argentina;Abono Mensual;Oro Plus HD;226;Las Estrellas;SD;Variedades;Si
Argentina;Abono Mensual;Oro Plus HD;227;TLnovelas;SD;Variedades;Si
Argentina;Abono Mensual;Oro Plus HD;228;Lifetime;SD;Variedades;Si
Argentina;Abono Mensual;Oro Plus HD;229;Discovery Home & Health;SD;Variedades;Si
Argentina;Abono Mensual;Oro Plus HD;230;Más Chic;SD;Variedades;Si
Argentina;Abono Mensual;Oro Plus HD;231;Telemundo;SD;Variedades;Si
Argentina;Abono Mensual;Oro Plus HD;232;El Gourmet;SD;Variedades;Si
Argentina;Abono Mensual;Oro Plus HD;233;Food Network;SD;Variedades;Si
Argentina;Abono Mensual;Oro Plus HD;236;Ciudad Magazine;SD;Variedades;Si
Argentina;Abono Mensual;Oro Plus HD;238;Volver;SD;Variedades;Si
Argentina;Abono Mensual;Oro Plus HD;240;Caras TV;SD;Mundo;Si
Argentina;Abono Mensual;Oro Plus HD;264;MTV;SD;Variedades;Si
Argentina;Abono Mensual;Oro Plus HD;267;DSHOW;SD;Variedades;No
Argentina;Abono Mensual;Oro Plus HD;269;Quiero Música en Mi Idioma (QMusic);SD;Variedades;Si
Argentina;Abono Mensual;Oro Plus HD;296;Unión Radio Noticias;Radio;Radio;Si
Argentina;Abono Mensual;Oro Plus HD;300;OnDIRECTV;SD;Variedades;Si
Argentina;Abono Mensual;Oro Plus HD;301;Star Fun;SD;PPV;No
Argentina;Abono Mensual;Oro Plus HD;302;HBO Family;SD;Cine;No (Adquirible)
Argentina;Abono Mensual;Oro Plus HD;303;Paka Paka;SD;Infantil;Si
Argentina;Abono Mensual;Oro Plus HD;304;Cartoon Network;SD;Infantil;Si
Argentina;Abono Mensual;Oro Plus HD;308;Nickelodeon;SD;Infantil;Si
Argentina;Abono Mensual;Oro Plus HD;309;Nick Jr.;SD;Infantil;Si
Argentina;Abono Mensual;Oro Plus HD;312;Disney Channel;SD;Infantil;Si
Argentina;Abono Mensual;Oro Plus HD;315;Disney Junior;SD;Infantil;Si
Argentina;Abono Mensual;Oro Plus HD;317;BabyTV;SD;Infantil;No
Argentina;Abono Mensual;Oro Plus HD;318;Plim Plim;SD;Infantil;Si
Argentina;Abono Mensual;Oro Plus HD;319;El Reino Infantil;SD;Infantil;No
Argentina;Abono Mensual;Oro Plus HD;330;Discovery Kids;SD;Infantil;Si
Argentina;Abono Mensual;Oro Plus HD;334;Cartoonito;SD;Infantil;Si
Argentina;Abono Mensual;Oro Plus HD;350;EWTN;SD;Religioso;Si
Argentina;Abono Mensual;Oro Plus HD;351;Orbe 21;SD;Religioso;Si
Argentina;Abono Mensual;Oro Plus HD;352;Enlace;SD;Religioso;Si
Argentina;Abono Mensual;Oro Plus HD;354;Canal Luz;SD;Religioso;Si
Argentina;Abono Mensual;Oro Plus HD;358;DayStar;SD;Religioso;No
Argentina;Abono Mensual;Oro Plus HD;400;Placa DIRECTV GO;Portal;Portal;Si
Argentina;Abono Mensual;Oro Plus HD;401;SMS CINE PPV;Portal;Portal;Si
Argentina;Abono Mensual;Oro Plus HD;402;CINE;SD;PPV;No (PPV)
Argentina;Abono Mensual;Oro Plus HD;404;CINE;SD;PPV;No (PPV)
Argentina;Abono Mensual;Oro Plus HD;406;CINE;SD;PPV;No (PPV)
Argentina;Abono Mensual;Oro Plus HD;408;CINE;SD;PPV;No (PPV)
Argentina;Abono Mensual;Oro Plus HD;410;CINE;SD;PPV;No (PPV)
Argentina;Abono Mensual;Oro Plus HD;460;SMS ADULTOS PPV;Portal;Portal;Si
Argentina;Abono Mensual;Oro Plus HD;464;Playboy TV;SD;Adultos;No (Adquirible)
Argentina;Abono Mensual;Oro Plus HD;468;Venus;SD;Adultos;No (Adquirible)
Argentina;Abono Mensual;Oro Plus HD;469;XTSY;SD;Adultos;No (Adquirible)
Argentina;Abono Mensual;Oro Plus HD;470;Hustler TV HD;HD;Adultos;No (Adquirible)
Argentina;Abono Mensual;Oro Plus HD;500;OnDIRECTV;SD;Variedades;Si
Argentina;Abono Mensual;Oro Plus HD;502;TNT;SD;Cine;Si
Argentina;Abono Mensual;Oro Plus HD;503;Golden;SD;Cine;Si
Argentina;Abono Mensual;Oro Plus HD;506;Sony Movies;SD;Cine;Si
Argentina;Abono Mensual;Oro Plus HD;507;Cinecanal;SD;Cine;Si
Argentina;Abono Mensual;Oro Plus HD;508;Studio Universal;SD;Cine;Si
Argentina;Abono Mensual;Oro Plus HD;509;Cinemax;SD;Cine;Si
Argentina;Abono Mensual;Oro Plus HD;510;Mórbido TV;SD;Cine;Si
Argentina;Abono Mensual;Oro Plus HD;512;Cine.AR;SD;Cine;Si
Argentina;Abono Mensual;Oro Plus HD;513;DHE;SD;Cine;Si
Argentina;Abono Mensual;Oro Plus HD;516;De Película;SD;Cine;Si
Argentina;Abono Mensual;Oro Plus HD;517;Golden Edge;SD;Cine;Si
Argentina;Abono Mensual;Oro Plus HD;518;Space;SD;Cine;Si
Argentina;Abono Mensual;Oro Plus HD;522;HBO Next;Portal;Portal;Si
Argentina;Abono Mensual;Oro Plus HD;524;HBO;SD;Cine;No (Adquirible)
Argentina;Abono Mensual;Oro Plus HD;525;HBO 2;SD;Cine;No (Adquirible)
Argentina;Abono Mensual;Oro Plus HD;526;HBO Plus Este;SD;Cine;No (Adquirible)
Argentina;Abono Mensual;Oro Plus HD;528;HBO Signature;SD;Cine;No (Adquirible)
Argentina;Abono Mensual;Oro Plus HD;534;HBO Family;SD;Cine;No (Adquirible)
Argentina;Abono Mensual;Oro Plus HD;540;HBO Mundi;SD;Cine;No (Adquirible)
Argentina;Abono Mensual;Oro Plus HD;541;HBO Pop;SD;Cine;No (Adquirible)
Argentina;Abono Mensual;Oro Plus HD;542;HBO Xtreme;SD;Cine;No (Adquirible)
Argentina;Abono Mensual;Oro Plus HD;544;HBO Next;Portal;Portal;Si
Argentina;Abono Mensual;Oro Plus HD;550;OnDIRECTV;SD;Variedades;Si
Argentina;Abono Mensual;Oro Plus HD;551;Cómo Contratar Premium;SD;Portal;No
Argentina;Abono Mensual;Oro Plus HD;570;Portal Premium;SD;Portal;No
Argentina;Abono Mensual;Oro Plus HD;571;UNIVERSAL Premiere Este;SD;Cine;No (Adquirible)
Argentina;Abono Mensual;Oro Plus HD;572;UNIVERSAL Cinema Oeste;SD;Cine;No (Adquirible)
Argentina;Abono Mensual;Oro Plus HD;573;UNIVERSAL Comedy;SD;Cine;No (Adquirible)
Argentina;Abono Mensual;Oro Plus HD;574;UNIVERSAL Crime;SD;Cine;No (Adquirible)
Argentina;Abono Mensual;Oro Plus HD;575;UNIVERSAL Reality;SD;Cine;No (Adquirible)
Argentina;Abono Mensual;Oro Plus HD;576;UNIVERSAL Premiere Oeste;SD;Cine;No (Adquirible)
Argentina;Abono Mensual;Oro Plus HD;577;UNIVERSAL Crime Oeste;SD;Cine;No (Adquirible)
Argentina;Abono Mensual;Oro Plus HD;599;Bienvenido a DIRECTV;Portal;Portal;Si
Argentina;Abono Mensual;Oro Plus HD;600;Portal DIRECTV Sports;Portal;Portal;Si
Argentina;Abono Mensual;Oro Plus HD;601;Nueva señal - Nombre TBD;SD;Variedades;No
Argentina;Abono Mensual;Oro Plus HD;602;Portal Fútbol Premium;Portal;Portal;Si
Argentina;Abono Mensual;Oro Plus HD;603;TNT Sports;SD;Deportes;No (Adquirible)
Argentina;Abono Mensual;Oro Plus HD;604;ESPN Premium;SD;Deportes;No (Adquirible)
Argentina;Abono Mensual;Oro Plus HD;605;Fox Sports;SD;Deportes;Si
Argentina;Abono Mensual;Oro Plus HD;608;Fox Sports 2;SD;Deportes;Si
Argentina;Abono Mensual;Oro Plus HD;609;Fox Sports 3;SD;Deportes;Si
Argentina;Abono Mensual;Oro Plus HD;610;DSPORTS;SD;Deportes;Si
Argentina;Abono Mensual;Oro Plus HD;612;DSPORTS 2;SD;Deportes;Si
Argentina;Abono Mensual;Oro Plus HD;613;DSPORTS+;SD;Deportes;Si
Argentina;Abono Mensual;Oro Plus HD;620;TyC Sports;SD;Deportes;Si
Argentina;Abono Mensual;Oro Plus HD;621;ESPN;SD;Deportes;Si
Argentina;Abono Mensual;Oro Plus HD;622;ESPN 2;SD;Deportes;Si
Argentina;Abono Mensual;Oro Plus HD;623;ESPN 3;SD;Deportes;Si
Argentina;Abono Mensual;Oro Plus HD;628;Golf Channel;SD;Deportes;Si
Argentina;Abono Mensual;Oro Plus HD;630;DIRECTV Sports;SD;Deportes;Si
Argentina;Abono Mensual;Oro Plus HD;631;DSPORTS Radio;Radio;Radio;Si
Argentina;Abono Mensual;Oro Plus HD;632;TyC Sports 2 (virtual);SD;Deportes;Si
Argentina;Abono Mensual;Oro Plus HD;634;Fútbol de Paraguay;SD;Deportes;No (Adquirible)
Argentina;Abono Mensual;Oro Plus HD;635;Fútbol de Bolivia;SD;Deportes;No (Adquirible)
Argentina;Abono Mensual;Oro Plus HD;656;DeporTV;SD;Deportes;Si
Argentina;Abono Mensual;Oro Plus HD;680;MLB Extra Innings;SD;Deportes;No (Adquirible)
Argentina;Abono Mensual;Oro Plus HD;681;MLB Extra Innings;SD;Deportes;No (Adquirible)
Argentina;Abono Mensual;Oro Plus HD;700;DNEWS;SD;Variedades;Si
Argentina;Abono Mensual;Oro Plus HD;704;CNN en Español;SD;Mundo;Si
Argentina;Abono Mensual;Oro Plus HD;706;CNN International;SD;Mundo;Si
Argentina;Abono Mensual;Oro Plus HD;707;CNN Chile;SD;Mundo;Si
Argentina;Abono Mensual;Oro Plus HD;708;24 HORAS;SD;Mundo;Si
Argentina;Abono Mensual;Oro Plus HD;710;Bloomberg Television;SD;Mundo;Si
Argentina;Abono Mensual;Oro Plus HD;714;Nueva señal - TBD;SD;Variedades;No
Argentina;Abono Mensual;Oro Plus HD;715;La Nación+;SD;Mundo;Si
Argentina;Abono Mensual;Oro Plus HD;716;Todo Noticias (TN);SD;Mundo;Si
Argentina;Abono Mensual;Oro Plus HD;717;C5N;SD;Mundo;Si
Argentina;Abono Mensual;Oro Plus HD;718;Crónica TV;SD;Mundo;Si
Argentina;Abono Mensual;Oro Plus HD;719;A24;SD;Mundo;Si
Argentina;Abono Mensual;Oro Plus HD;720;Canal 26;SD;Mundo;Si
Argentina;Abono Mensual;Oro Plus HD;721;Argentina 12;SD;Mundo;No
Argentina;Abono Mensual;Oro Plus HD;724;Chacra TV;SD;Mundo;No
Argentina;Abono Mensual;Oro Plus HD;725;NTN24;SD;Mundo;Si
Argentina;Abono Mensual;Oro Plus HD;726;Telemax;SD;Mundo;Si
Argentina;Abono Mensual;Oro Plus HD;727;Cable Noticias;SD;Mundo;Si
Argentina;Abono Mensual;Oro Plus HD;728;Canal Rural;SD;Nacional;Si
Argentina;Abono Mensual;Oro Plus HD;729;Construir TV;SD;Mundo;Si
Argentina;Abono Mensual;Oro Plus HD;730;National Geographic;SD;Mundo;Si
Argentina;Abono Mensual;Oro Plus HD;732;Discovery Channel;SD;Mundo;Si
Argentina;Abono Mensual;Oro Plus HD;734;Animal Planet;SD;Mundo;Si
Argentina;Abono Mensual;Oro Plus HD;736;Discovery Turbo;SD;Mundo;Si
Argentina;Abono Mensual;Oro Plus HD;740;TLC;SD;Mundo;Si
Argentina;Abono Mensual;Oro Plus HD;742;History Channel;SD;Mundo;Si
Argentina;Abono Mensual;Oro Plus HD;744;History 2;SD;Mundo;Si
Argentina;Abono Mensual;Oro Plus HD;760;Univision;SD;Mundo;Si
Argentina;Abono Mensual;Oro Plus HD;762;Antena 3;SD;Mundo;Si
Argentina;Abono Mensual;Oro Plus HD;764;France 24 Español;SD;Mundo;Si
Argentina;Abono Mensual;Oro Plus HD;766;Rai Italia;SD;Mundo;Si
Argentina;Abono Mensual;Oro Plus HD;768;BBC News;SD;Mundo;Si
Argentina;Abono Mensual;Oro Plus HD;770;DW Español;SD;Mundo;Si
Argentina;Abono Mensual;Oro Plus HD;772;Caracol Internacional;SD;Mundo;Si
Argentina;Abono Mensual;Oro Plus HD;773;El Tiempo TV;SD;Mundo;Si
Argentina;Abono Mensual;Oro Plus HD;774;TV Chile;SD;Mundo;Si
Argentina;Abono Mensual;Oro Plus HD;775;Nuestra Tele;SD;Mundo;Si
Argentina;Abono Mensual;Oro Plus HD;776;TV Globo Internacional;SD;Mundo;No (Adquirible)
Argentina;Abono Mensual;Oro Plus HD;778;RTP Internacional;SD;Mundo;Si
Argentina;Abono Mensual;Oro Plus HD;780;Zee Mundo;SD;Mundo;No (Adquirible)
Argentina;Abono Mensual;Oro Plus HD;782;NHK World Japan;SD;Mundo;No (Adquirible)
Argentina;Abono Mensual;Oro Plus HD;790;CGTN Español;SD;Mundo;No
Argentina;Abono Mensual;Oro Plus HD;795;TV Perú;SD;Mundo;Si
Argentina;Abono Mensual;Oro Plus HD;800;OnDIRECTV;SD;Variedades;Si
Argentina;Abono Mensual;Oro Plus HD;804;Escuela Más;SD;Variedades;No
Argentina;Abono Mensual;Oro Plus HD;901;DSPORTS Radio;Radio;Radio;Si
Argentina;Abono Mensual;Oro Plus HD;973;FM Aspen;Radio;Radio;Si
Argentina;Abono Mensual;Oro Plus HD;974;Radio Nacional;Radio;Radio;Si
Argentina;Abono Mensual;Oro Plus HD;976;Radio del Plata;Radio;Radio;Si
Argentina;Abono Mensual;Oro Plus HD;977;Radio Disney;Radio;Radio;Si
Argentina;Abono Mensual;Oro Plus HD;980;Unión Radio Noticias;Radio;Radio;Si
Argentina;Abono Mensual;Oro Plus HD;981;FM Latina 101.1;Radio;Radio;Si
Argentina;Abono Mensual;Oro Plus HD;982;Radio Caracol;Radio;Radio;Si
Argentina;Abono Mensual;Oro Plus HD;984;Radio France Internationale;Radio;Radio;Si
Argentina;Abono Mensual;Oro Plus HD;999;OnDIRECTV;SD;Variedades;Si
Argentina;Abono Mensual;Oro Plus HD;1105;Gran Hermano - Experiencia Multicámara;SD;Variedades;No
Argentina;Abono Mensual;Oro Plus HD;1106;Gran Hermano - 24 hs;SD;Variedades;No
Argentina;Abono Mensual;Oro Plus HD;1107;Gran Hermano - Cámara 1;SD;Variedades;No
Argentina;Abono Mensual;Oro Plus HD;1108;Gran Hermano - Cámara 2;SD;Variedades;No
Argentina;Abono Mensual;Oro Plus HD;1109;Gran Hermano - Cámara 3;SD;Variedades;No
Argentina;Abono Mensual;Oro Plus HD;1120;América HD;HD;Nacional;Si
Argentina;Abono Mensual;Oro Plus HD;1121;TV Pública HD;HD;Nacional;Si
Argentina;Abono Mensual;Oro Plus HD;1122;El Nueve HD;HD;Nacional;Si
Argentina;Abono Mensual;Oro Plus HD;1123;Telefe HD;HD;Nacional;Si
Argentina;Abono Mensual;Oro Plus HD;1124;El Trece HD;HD;Nacional;Si
Argentina;Abono Mensual;Oro Plus HD;1125;Net TV HD;HD;Nacional;Si
Argentina;Abono Mensual;Oro Plus HD;1127;DSHOW HD;HD;Variedades;No
Argentina;Abono Mensual;Oro Plus HD;1128;Encuentro HD;HD;Nacional;No
Argentina;Abono Mensual;Oro Plus HD;1199;KZO HD;HD;Variedades;Si
Argentina;Abono Mensual;Oro Plus HD;1200;DIRECTV Series HD;HD;Portal;No
Argentina;Abono Mensual;Oro Plus HD;1204;Star Channel HD;HD;Variedades;Si
Argentina;Abono Mensual;Oro Plus HD;1206;Warner Channel HD;HD;Variedades;Si
Argentina;Abono Mensual;Oro Plus HD;1207;A&E HD;HD;Variedades;Si
Argentina;Abono Mensual;Oro Plus HD;1208;Sony HD;HD;Variedades;Si
Argentina;Abono Mensual;Oro Plus HD;1209;AXN HD;HD;Variedades;Si
Argentina;Abono Mensual;Oro Plus HD;1210;AMC HD;HD;Variedades;Si
Argentina;Abono Mensual;Oro Plus HD;1213;TNT Series HD;HD;Variedades;Si
Argentina;Abono Mensual;Oro Plus HD;1214;Atres Series HD;HD;Variedades;Si
Argentina;Abono Mensual;Oro Plus HD;1215;Comedy Central HD;HD;Variedades;Si
Argentina;Abono Mensual;Oro Plus HD;1217;FX HD;HD;Variedades;Si
Argentina;Abono Mensual;Oro Plus HD;1218;Universal TV HD;HD;Variedades;Si
Argentina;Abono Mensual;Oro Plus HD;1219;USA Network HD;HD;Variedades;Si
Argentina;Abono Mensual;Oro Plus HD;1221;Hola TV HD;HD;Variedades;Si
Argentina;Abono Mensual;Oro Plus HD;1222;E! HD;HD;Variedades;Si
Argentina;Abono Mensual;Oro Plus HD;1223;ID HD;HD;Variedades;Si
Argentina;Abono Mensual;Oro Plus HD;1228;Lifetime HD;HD;Variedades;Si
Argentina;Abono Mensual;Oro Plus HD;1229;Discovery Home & Health HD;HD;Variedades;Si
Argentina;Abono Mensual;Oro Plus HD;1231;A la Cocina TV;HD;Variedades;No
Argentina;Abono Mensual;Oro Plus HD;1232;El Gourmet HD;HD;Variedades;Si
Argentina;Abono Mensual;Oro Plus HD;1233;Food Network HD;HD;Variedades;Si
Argentina;Abono Mensual;Oro Plus HD;1234;HGTV HD;HD;Variedades;Si
Argentina;Abono Mensual;Oro Plus HD;1236;Ciudad Magazine HD;HD;Variedades;Si
Argentina;Abono Mensual;Oro Plus HD;1237;VePlus HD;HD;Variedades;Si
Argentina;Abono Mensual;Oro Plus HD;1264;MTV HD;HD;Variedades;Si
Argentina;Abono Mensual;Oro Plus HD;1265;Music Top HD;HD;Variedades;Si
Argentina;Abono Mensual;Oro Plus HD;1266;Tierra Mía HD;HD;Variedades;Si
Argentina;Abono Mensual;Oro Plus HD;1267;DSHOW;SD;Variedades;No
Argentina;Abono Mensual;Oro Plus HD;1269;Quiero Música en Mi Idioma (QMusic) HD;HD;Variedades;Si
Argentina;Abono Mensual;Oro Plus HD;1270;Latina TV;HD;Variedades;Si
Argentina;Abono Mensual;Oro Plus HD;1304;Cartoon Network HD;HD;Infantil;Si
Argentina;Abono Mensual;Oro Plus HD;1308;Nick HD;HD;Infantil;Si
Argentina;Abono Mensual;Oro Plus HD;1309;Nick Jr. HD;HD;Infantil;Si
Argentina;Abono Mensual;Oro Plus HD;1312;Disney Channel HD;HD;Infantil;Si
Argentina;Abono Mensual;Oro Plus HD;1315;Disney Junior HD;HD;Infantil;Si
Argentina;Abono Mensual;Oro Plus HD;1317;BabyTV;SD;Infantil;Si
Argentina;Abono Mensual;Oro Plus HD;1318;Plim Plim;SD;Infantil;Si
Argentina;Abono Mensual;Oro Plus HD;1319;El Reino Infantil;SD;Infantil;No
Argentina;Abono Mensual;Oro Plus HD;1330;Discovery Kids HD;HD;Infantil;Si
Argentina;Abono Mensual;Oro Plus HD;1402;PPV HD;HD;PPV;No
Argentina;Abono Mensual;Oro Plus HD;1404;PPV HD;HD;PPV;No
Argentina;Abono Mensual;Oro Plus HD;1406;PPV HD;HD;PPV;No
Argentina;Abono Mensual;Oro Plus HD;1408;PPV HD;HD;PPV;No (PPV)
Argentina;Abono Mensual;Oro Plus HD;1410;PPV HD;HD;PPV;No (PPV)
Argentina;Abono Mensual;Oro Plus HD;1502;TNT HD;HD;Cine;Si
Argentina;Abono Mensual;Oro Plus HD;1503;Golden HD;HD;Cine;Si
Argentina;Abono Mensual;Oro Plus HD;1506;Sony Movies HD;HD;Cine;Si
Argentina;Abono Mensual;Oro Plus HD;1507;Cinecanal HD;HD;Cine;Si
Argentina;Abono Mensual;Oro Plus HD;1508;Studio Universal HD;HD;Cine;Si
Argentina;Abono Mensual;Oro Plus HD;1509;Cinemax HD;HD;Cine;Si
Argentina;Abono Mensual;Oro Plus HD;1510;Mórbido TV;SD;Cine;Si
Argentina;Abono Mensual;Oro Plus HD;1513;DHE HD;HD;Cine;Si
Argentina;Abono Mensual;Oro Plus HD;1518;Space HD;HD;Cine;Si
Argentina;Abono Mensual;Oro Plus HD;1524;HBO HD;HD;Cine;No (Adquirible)
Argentina;Abono Mensual;Oro Plus HD;1525;HBO 2 HD;HD;Cine;No (Adquirible)
Argentina;Abono Mensual;Oro Plus HD;1528;HBO Signature HD;HD;Cine;No (Adquirible)
Argentina;Abono Mensual;Oro Plus HD;1532;HBO Plus HD;HD;Cine;No (Adquirible)
Argentina;Abono Mensual;Oro Plus HD;1534;HBO Family HD;HD;Cine;No (Adquirible)
Argentina;Abono Mensual;Oro Plus HD;1542;HBO Xtreme HD;HD;Cine;No (Adquirible)
Argentina;Abono Mensual;Oro Plus HD;1571;UNIVERSAL Premiere Este HD;HD;Cine;No (Adquirible)
Argentina;Abono Mensual;Oro Plus HD;1572;UNIVERSAL Cinema Oeste HD;HD;Cine;No (Adquirible)
Argentina;Abono Mensual;Oro Plus HD;1573;UNIVERSAL Comedy HD;HD;Cine;No (Adquirible)
Argentina;Abono Mensual;Oro Plus HD;1574;UNIVERSAL Crime HD;HD;Cine;No (Adquirible)
Argentina;Abono Mensual;Oro Plus HD;1575;UNIVERSAL Reality HD;HD;Cine;No (Adquirible)
Argentina;Abono Mensual;Oro Plus HD;1576;UNIVERSAL Premiere Oeste HD;HD;Cine;No (Adquirible)
Argentina;Abono Mensual;Oro Plus HD;1577;UNIVERSAL Crime Oeste HD;HD;Cine;No (Adquirible)
Argentina;Abono Mensual;Oro Plus HD;1601;Nueva señal - Nombre TBD;SD;Variedades;No
Argentina;Abono Mensual;Oro Plus HD;1602;Portal Fútbol Premium;Portal;Portal;Si
Argentina;Abono Mensual;Oro Plus HD;1603;TNT Sports HD;HD;Deportes;No (Adquirible)
Argentina;Abono Mensual;Oro Plus HD;1604;Fox Sports Premium HD;HD;Deportes;No (Adquirible)
Argentina;Abono Mensual;Oro Plus HD;1605;Fox Sports HD;HD;Deportes;Si
Argentina;Abono Mensual;Oro Plus HD;1608;Fox Sports 2 HD;HD;Deportes;Si
Argentina;Abono Mensual;Oro Plus HD;1609;Fox Sports 3 HD;HD;Deportes;Si
Argentina;Abono Mensual;Oro Plus HD;1610;DSPORTS HD;HD;Deportes;Si
Argentina;Abono Mensual;Oro Plus HD;1612;DSPORTS 2 HD;HD;Deportes;Si
Argentina;Abono Mensual;Oro Plus HD;1613;DSPORTS+ HD;HD;Deportes;Si
Argentina;Abono Mensual;Oro Plus HD;1620;TyC Sports HD;HD;Deportes;Si
Argentina;Abono Mensual;Oro Plus HD;1621;ESPN HD;HD;Deportes;Si
Argentina;Abono Mensual;Oro Plus HD;1622;ESPN 2 HD;HD;Deportes;Si
Argentina;Abono Mensual;Oro Plus HD;1623;ESPN 3 HD;HD;Deportes;Si
Argentina;Abono Mensual;Oro Plus HD;1624;ESPN 4;HD;Deportes;Si
Argentina;Abono Mensual;Oro Plus HD;1628;Golf Channel HD;HD;Deportes;Si
Argentina;Abono Mensual;Oro Plus HD;1630;DSPORTS;SD;Deportes;Si
Argentina;Abono Mensual;Oro Plus HD;1631;DSPORTS Radio;Radio;Radio;Si
Argentina;Abono Mensual;Oro Plus HD;1639;PX Sports;HD;Deportes;Si
Argentina;Abono Mensual;Oro Plus HD;1654;DeporTV HD;HD;Deportes;Si
Argentina;Abono Mensual;Oro Plus HD;1656;DeporTV HD;HD;Deportes;No
Argentina;Abono Mensual;Oro Plus HD;1677;NBA TV HD;HD;Deportes;No
Argentina;Abono Mensual;Oro Plus HD;1700;DNEWS HD;HD;Variedades;Si
Argentina;Abono Mensual;Oro Plus HD;1714;DSHOW;SD;Variedades;No
Argentina;Abono Mensual;Oro Plus HD;1715;La Nación+ HD;HD;Mundo;Si
Argentina;Abono Mensual;Oro Plus HD;1716;TN HD;HD;Mundo;Si
Argentina;Abono Mensual;Oro Plus HD;1717;C5N HD;HD;Local;Si
Argentina;Abono Mensual;Oro Plus HD;1719;A24 HD;HD;Mundo;Si
Argentina;Abono Mensual;Oro Plus HD;1720;Canal 26 HD;HD;Mundo;Si
Argentina;Abono Mensual;Oro Plus HD;1721;Argentina 12 HD;HD;Mundo;Si
Argentina;Abono Mensual;Oro Plus HD;1722;Canal E;HD;Variedades;No
Argentina;Abono Mensual;Oro Plus HD;1724;TV Perú Noticias HD;HD;Mundo;Si
Argentina;Abono Mensual;Oro Plus HD;1730;National Geographic HD;HD;Mundo;Si
Argentina;Abono Mensual;Oro Plus HD;1731;Discovery Theater HD;HD;Mundo;Si
Argentina;Abono Mensual;Oro Plus HD;1732;Discovery Channel HD;HD;Mundo;Si
Argentina;Abono Mensual;Oro Plus HD;1734;Animal Planet HD;HD;Mundo;Si
Argentina;Abono Mensual;Oro Plus HD;1738;Discovery World HD;HD;Mundo;Si
Argentina;Abono Mensual;Oro Plus HD;1740;TLC HD;HD;Mundo;Si
Argentina;Abono Mensual;Oro Plus HD;1742;History Channel HD;HD;Mundo;Si
Argentina;Abono Mensual;Oro Plus HD;1744;History 2 HD;HD;Mundo;Si
Argentina;Abono Mensual;Oro Plus HD;1748;Canal (A) HD;HD;Mundo;Si
Argentina;Abono Mensual;Oro Plus HD;1750;Encuentro Internacional HD;HD;Variedades;No
Argentina;Abono Mensual;Oro Plus HD;1762;Antena 3 HD;HD;Mundo;Si
Argentina;Abono Mensual;Oro Plus HD;1764;France 24 Español;SD;Mundo;Si
Argentina;Abono Mensual;Oro Plus HD;1789;TV Ciudad HD;HD;Variedades;Si
Argentina;Abono Mensual;Oro Plus HD;1795;TV Perú HD;HD;Mundo;Si
Argentina;Abono Mensual;Oro Plus HD;1804;Escuela Más HD;HD;Variedades;No
Argentina;Abono Mensual;Oro Plus HD;4000;DIRECTV Ultra HD: 4K;4K;4K;No
Argentina;Abono Mensual;Plata;100;Canal 100 DIRECTV;Portal;Portal;Si
Argentina;Abono Mensual;Plata;101;Canal 101 Prepago;Portal;Portal;No
Argentina;Abono Mensual;Plata;105;Gran Hermano - Experiencia Multicámara;SD;Variedades;Si
Argentina;Abono Mensual;Plata;106;Gran Hermano - 24 hs;SD;Variedades;Si
Argentina;Abono Mensual;Plata;107;Gran Hermano - Cámara 1;SD;Variedades;Si
Argentina;Abono Mensual;Plata;108;Gran Hermano - Cámara 2;SD;Variedades;Si
Argentina;Abono Mensual;Plata;109;Gran Hermano - Cámara 3;SD;Variedades;Si
Argentina;Abono Mensual;Plata;120;América;SD;Nacional;Si
Argentina;Abono Mensual;Plata;121;TV Pública;SD;Nacional;Si
Argentina;Abono Mensual;Plata;122;El Nueve;SD;Nacional;Si
Argentina;Abono Mensual;Plata;123;Telefe;SD;Nacional;Si
Argentina;Abono Mensual;Plata;124;El Trece;SD;Nacional;Si
Argentina;Abono Mensual;Plata;125;Net TV;SD;Nacional;Si
Argentina;Abono Mensual;Plata;126;Bravo TV;SD;Variedades;Si
Argentina;Abono Mensual;Plata;127;DSHOW;SD;Variedades;Si
Argentina;Abono Mensual;Plata;128;Encuentro;SD;Nacional;Si
Argentina;Abono Mensual;Plata;129;Canal de la Ciudad;SD;Local;Si
Argentina;Abono Mensual;Plata;130;Canal 7 Mendoza;SD;Local;Si
Argentina;Abono Mensual;Plata;131;Canal 9 Mendoza;SD;Local;Si
Argentina;Abono Mensual;Plata;132;Telediario;SD;Local;Si
Argentina;Abono Mensual;Plata;133;Canal 7 de Jujuy;SD;Local;Si
Argentina;Abono Mensual;Plata;134;Canal 3 Rosario;SD;Nacional;Si
Argentina;Abono Mensual;Plata;135;Canal 12 de Córdoba;SD;Local;Si
Argentina;Abono Mensual;Plata;136;Telefé Córdoba;SD;Local;Si
Argentina;Abono Mensual;Plata;137;Telefe Rosario;SD;Local;Si
Argentina;Abono Mensual;Plata;139;Televisión Pública Pampeana;SD;Local;Si
Argentina;Abono Mensual;Plata;140;Canal 8 San Juan;SD;Local;No
Argentina;Abono Mensual;Plata;160;Infomerciales;SD;Variedades;Si
Argentina;Abono Mensual;Plata;199;KZO;SD;Variedades;Si
Argentina;Abono Mensual;Plata;200;DIRECTV Series;SD;Portal;Si
Argentina;Abono Mensual;Plata;204;Star Channel;SD;Variedades;Si
Argentina;Abono Mensual;Plata;206;Warner Channel;SD;Variedades;Si
Argentina;Abono Mensual;Plata;207;A&E;SD;Variedades;Si
Argentina;Abono Mensual;Plata;208;Sony;SD;Variedades;Si
Argentina;Abono Mensual;Plata;209;AXN;SD;Variedades;Si
Argentina;Abono Mensual;Plata;210;AMC;SD;Variedades;No
Argentina;Abono Mensual;Plata;213;TNT Series;SD;Variedades;Si
Argentina;Abono Mensual;Plata;214;Atres Series;SD;Variedades;No
Argentina;Abono Mensual;Plata;215;Comedy Central;SD;Variedades;No
Argentina;Abono Mensual;Plata;216;TNT Novelas;SD;Variedades;No
Argentina;Abono Mensual;Plata;217;FX;SD;Variedades;Si
Argentina;Abono Mensual;Plata;218;Universal TV;SD;Variedades;Si
Argentina;Abono Mensual;Plata;219;USA Network;SD;Variedades;No
Argentina;Abono Mensual;Plata;220;Adult Swim;SD;Variedades;No
Argentina;Abono Mensual;Plata;221;¡Hola! TV;SD;Variedades;Si
Argentina;Abono Mensual;Plata;222;E!;SD;Variedades;Si
Argentina;Abono Mensual;Plata;223;Investigation Discovery (ID);SD;Variedades;No
Argentina;Abono Mensual;Plata;226;Las Estrellas;SD;Variedades;Si
Argentina;Abono Mensual;Plata;227;TLnovelas;SD;Variedades;Si
Argentina;Abono Mensual;Plata;228;Lifetime;SD;Variedades;No
Argentina;Abono Mensual;Plata;229;Discovery Home & Health;SD;Variedades;Si
Argentina;Abono Mensual;Plata;230;Más Chic;SD;Variedades;No
Argentina;Abono Mensual;Plata;231;Telemundo;SD;Variedades;Si
Argentina;Abono Mensual;Plata;232;El Gourmet;SD;Variedades;Si
Argentina;Abono Mensual;Plata;233;Food Network;SD;Variedades;No
Argentina;Abono Mensual;Plata;236;Ciudad Magazine;SD;Variedades;Si
Argentina;Abono Mensual;Plata;238;Volver;SD;Variedades;Si
Argentina;Abono Mensual;Plata;240;Caras TV;SD;Mundo;Si
Argentina;Abono Mensual;Plata;264;MTV;SD;Variedades;Si
Argentina;Abono Mensual;Plata;267;DSHOW;SD;Variedades;Si
Argentina;Abono Mensual;Plata;269;Quiero Música en Mi Idioma (QMusic);SD;Variedades;Si
Argentina;Abono Mensual;Plata;296;Unión Radio Noticias;Radio;Radio;Si
Argentina;Abono Mensual;Plata;300;OnDIRECTV;SD;Variedades;Si
Argentina;Abono Mensual;Plata;301;Star Fun;SD;PPV;No
Argentina;Abono Mensual;Plata;302;HBO Family;SD;Cine;No (Adquirible)
Argentina;Abono Mensual;Plata;303;Paka Paka;SD;Infantil;Si
Argentina;Abono Mensual;Plata;304;Cartoon Network;SD;Infantil;Si
Argentina;Abono Mensual;Plata;308;Nickelodeon;SD;Infantil;Si
Argentina;Abono Mensual;Plata;309;Nick Jr.;SD;Infantil;No
Argentina;Abono Mensual;Plata;312;Disney Channel;SD;Infantil;Si
Argentina;Abono Mensual;Plata;315;Disney Junior;SD;Infantil;Si
Argentina;Abono Mensual;Plata;317;BabyTV;SD;Infantil;No
Argentina;Abono Mensual;Plata;318;Plim Plim;SD;Infantil;Si
Argentina;Abono Mensual;Plata;319;El Reino Infantil;SD;Infantil;No
Argentina;Abono Mensual;Plata;330;Discovery Kids;SD;Infantil;Si
Argentina;Abono Mensual;Plata;334;Cartoonito;SD;Infantil;No
Argentina;Abono Mensual;Plata;350;EWTN;SD;Religioso;Si
Argentina;Abono Mensual;Plata;351;Orbe 21;SD;Religioso;Si
Argentina;Abono Mensual;Plata;352;Enlace;SD;Religioso;Si
Argentina;Abono Mensual;Plata;354;Canal Luz;SD;Religioso;Si
Argentina;Abono Mensual;Plata;358;DayStar;SD;Religioso;Si
Argentina;Abono Mensual;Plata;400;Placa DIRECTV GO;Portal;Portal;Si
Argentina;Abono Mensual;Plata;401;SMS CINE PPV;Portal;Portal;Si
Argentina;Abono Mensual;Plata;402;CINE;SD;PPV;No (PPV)
Argentina;Abono Mensual;Plata;404;CINE;SD;PPV;No (PPV)
Argentina;Abono Mensual;Plata;406;CINE;SD;PPV;No (PPV)
Argentina;Abono Mensual;Plata;408;CINE;SD;PPV;No (PPV)
Argentina;Abono Mensual;Plata;410;CINE;SD;PPV;No (PPV)
Argentina;Abono Mensual;Plata;460;SMS ADULTOS PPV;Portal;Portal;Si
Argentina;Abono Mensual;Plata;464;Playboy TV;SD;Adultos;No (Adquirible)
Argentina;Abono Mensual;Plata;468;Venus;SD;Adultos;No (Adquirible)
Argentina;Abono Mensual;Plata;469;XTSY;SD;Adultos;No (Adquirible)
Argentina;Abono Mensual;Plata;470;Hustler TV HD;HD;Adultos;No (Adquirible)
Argentina;Abono Mensual;Plata;500;OnDIRECTV;SD;Variedades;Si
Argentina;Abono Mensual;Plata;502;TNT;SD;Cine;Si
Argentina;Abono Mensual;Plata;503;Golden;SD;Cine;No
Argentina;Abono Mensual;Plata;506;Sony Movies;SD;Cine;Si
Argentina;Abono Mensual;Plata;507;Cinecanal;SD;Cine;Si
Argentina;Abono Mensual;Plata;508;Studio Universal;SD;Cine;Si
Argentina;Abono Mensual;Plata;509;Cinemax;SD;Cine;Si
Argentina;Abono Mensual;Plata;510;Mórbido TV;SD;Cine;Si
Argentina;Abono Mensual;Plata;512;Cine.AR;SD;Cine;Si
Argentina;Abono Mensual;Plata;513;DHE;SD;Cine;No
Argentina;Abono Mensual;Plata;516;De Película;SD;Cine;No
Argentina;Abono Mensual;Plata;517;Golden Edge;SD;Cine;No
Argentina;Abono Mensual;Plata;518;Space;SD;Cine;Si
Argentina;Abono Mensual;Plata;522;HBO Next;Portal;Portal;Si
Argentina;Abono Mensual;Plata;524;HBO;SD;Cine;No (Adquirible)
Argentina;Abono Mensual;Plata;525;HBO 2;SD;Cine;No (Adquirible)
Argentina;Abono Mensual;Plata;526;HBO Plus Este;SD;Cine;No (Adquirible)
Argentina;Abono Mensual;Plata;528;HBO Signature;SD;Cine;No (Adquirible)
Argentina;Abono Mensual;Plata;534;HBO Family;SD;Cine;No (Adquirible)
Argentina;Abono Mensual;Plata;540;HBO Mundi;SD;Cine;No (Adquirible)
Argentina;Abono Mensual;Plata;541;HBO Pop;SD;Cine;No (Adquirible)
Argentina;Abono Mensual;Plata;542;HBO Xtreme;SD;Cine;No (Adquirible)
Argentina;Abono Mensual;Plata;544;HBO Next;Portal;Portal;Si
Argentina;Abono Mensual;Plata;550;OnDIRECTV;SD;Variedades;Si
Argentina;Abono Mensual;Plata;551;Cómo Contratar Premium;SD;Portal;Si
Argentina;Abono Mensual;Plata;570;Portal Premium;SD;Portal;Si
Argentina;Abono Mensual;Plata;571;UNIVERSAL Premiere Este;SD;Cine;No (Adquirible)
Argentina;Abono Mensual;Plata;572;UNIVERSAL Cinema Oeste;SD;Cine;No (Adquirible)
Argentina;Abono Mensual;Plata;573;UNIVERSAL Comedy;SD;Cine;No (Adquirible)
Argentina;Abono Mensual;Plata;574;UNIVERSAL Crime;SD;Cine;No (Adquirible)
Argentina;Abono Mensual;Plata;575;UNIVERSAL Reality;SD;Cine;No (Adquirible)
Argentina;Abono Mensual;Plata;576;UNIVERSAL Premiere Oeste;SD;Cine;No (Adquirible)
Argentina;Abono Mensual;Plata;577;UNIVERSAL Crime Oeste;SD;Cine;No (Adquirible)
Argentina;Abono Mensual;Plata;599;Bienvenido a DIRECTV;Portal;Portal;Si
Argentina;Abono Mensual;Plata;600;Portal DIRECTV Sports;Portal;Portal;Si
Argentina;Abono Mensual;Plata;601;Nueva señal - Nombre TBD;SD;Variedades;Si
Argentina;Abono Mensual;Plata;602;Portal Fútbol Premium;Portal;Portal;Si
Argentina;Abono Mensual;Plata;603;TNT Sports;SD;Deportes;No (Adquirible)
Argentina;Abono Mensual;Plata;604;ESPN Premium;SD;Deportes;No (Adquirible)
Argentina;Abono Mensual;Plata;605;Fox Sports;SD;Deportes;Si
Argentina;Abono Mensual;Plata;608;Fox Sports 2;SD;Deportes;Si
Argentina;Abono Mensual;Plata;609;Fox Sports 3;SD;Deportes;Si
Argentina;Abono Mensual;Plata;610;DSPORTS;SD;Deportes;Si
Argentina;Abono Mensual;Plata;612;DSPORTS 2;SD;Deportes;Si
Argentina;Abono Mensual;Plata;613;DSPORTS+;SD;Deportes;Si
Argentina;Abono Mensual;Plata;620;TyC Sports;SD;Deportes;Si
Argentina;Abono Mensual;Plata;621;ESPN;SD;Deportes;Si
Argentina;Abono Mensual;Plata;622;ESPN 2;SD;Deportes;Si
Argentina;Abono Mensual;Plata;623;ESPN 3;SD;Deportes;Si
Argentina;Abono Mensual;Plata;628;Golf Channel;SD;Deportes;No
Argentina;Abono Mensual;Plata;630;DIRECTV Sports;SD;Deportes;Si
Argentina;Abono Mensual;Plata;631;DSPORTS Radio;Radio;Radio;Si
Argentina;Abono Mensual;Plata;632;TyC Sports 2 (virtual);SD;Deportes;Si
Argentina;Abono Mensual;Plata;634;Fútbol de Paraguay;SD;Deportes;No (Adquirible)
Argentina;Abono Mensual;Plata;635;Fútbol de Bolivia;SD;Deportes;No (Adquirible)
Argentina;Abono Mensual;Plata;656;DeporTV;SD;Deportes;Si
Argentina;Abono Mensual;Plata;680;MLB Extra Innings;SD;Deportes;No (Adquirible)
Argentina;Abono Mensual;Plata;681;MLB Extra Innings;SD;Deportes;No (Adquirible)
Argentina;Abono Mensual;Plata;700;DNEWS;SD;Variedades;Si
Argentina;Abono Mensual;Plata;704;CNN en Español;SD;Mundo;Si
Argentina;Abono Mensual;Plata;706;CNN International;SD;Mundo;No
Argentina;Abono Mensual;Plata;707;CNN Chile;SD;Mundo;No
Argentina;Abono Mensual;Plata;708;24 HORAS;SD;Mundo;No
Argentina;Abono Mensual;Plata;710;Bloomberg Television;SD;Mundo;No
Argentina;Abono Mensual;Plata;714;Nueva señal - TBD;SD;Variedades;Si
Argentina;Abono Mensual;Plata;715;La Nación+;SD;Mundo;Si
Argentina;Abono Mensual;Plata;716;Todo Noticias (TN);SD;Mundo;Si
Argentina;Abono Mensual;Plata;717;C5N;SD;Mundo;Si
Argentina;Abono Mensual;Plata;718;Crónica TV;SD;Mundo;Si
Argentina;Abono Mensual;Plata;719;A24;SD;Mundo;Si
Argentina;Abono Mensual;Plata;720;Canal 26;SD;Mundo;Si
Argentina;Abono Mensual;Plata;721;Argentina 12;SD;Mundo;No
Argentina;Abono Mensual;Plata;724;Chacra TV;SD;Mundo;Si
Argentina;Abono Mensual;Plata;725;NTN24;SD;Mundo;No
Argentina;Abono Mensual;Plata;726;Telemax;SD;Mundo;Si
Argentina;Abono Mensual;Plata;727;Cable Noticias;SD;Mundo;No
Argentina;Abono Mensual;Plata;728;Canal Rural;SD;Nacional;Si
Argentina;Abono Mensual;Plata;729;Construir TV;SD;Mundo;Si
Argentina;Abono Mensual;Plata;730;National Geographic;SD;Mundo;Si
Argentina;Abono Mensual;Plata;732;Discovery Channel;SD;Mundo;Si
Argentina;Abono Mensual;Plata;734;Animal Planet;SD;Mundo;Si
Argentina;Abono Mensual;Plata;736;Discovery Turbo;SD;Mundo;No
Argentina;Abono Mensual;Plata;740;TLC;SD;Mundo;Si
Argentina;Abono Mensual;Plata;742;History Channel;SD;Mundo;Si
Argentina;Abono Mensual;Plata;744;History 2;SD;Mundo;No
Argentina;Abono Mensual;Plata;760;Univision;SD;Mundo;Si
Argentina;Abono Mensual;Plata;762;Antena 3;SD;Mundo;No
Argentina;Abono Mensual;Plata;764;France 24 Español;SD;Mundo;Si
Argentina;Abono Mensual;Plata;766;Rai Italia;SD;Mundo;Si
Argentina;Abono Mensual;Plata;768;BBC News;SD;Mundo;No
Argentina;Abono Mensual;Plata;770;DW Español;SD;Mundo;No
Argentina;Abono Mensual;Plata;772;Caracol Internacional;SD;Mundo;No
Argentina;Abono Mensual;Plata;773;El Tiempo TV;SD;Mundo;Si
Argentina;Abono Mensual;Plata;774;TV Chile;SD;Mundo;Si
Argentina;Abono Mensual;Plata;775;Nuestra Tele;SD;Mundo;No
Argentina;Abono Mensual;Plata;776;TV Globo Internacional;SD;Mundo;No (Adquirible)
Argentina;Abono Mensual;Plata;778;RTP Internacional;SD;Mundo;No
Argentina;Abono Mensual;Plata;780;Zee Mundo;SD;Mundo;No (Adquirible)
Argentina;Abono Mensual;Plata;782;NHK World Japan;SD;Mundo;No (Adquirible)
Argentina;Abono Mensual;Plata;790;CGTN Español;SD;Mundo;Si
Argentina;Abono Mensual;Plata;795;TV Perú;SD;Mundo;Si
Argentina;Abono Mensual;Plata;800;OnDIRECTV;SD;Variedades;Si
Argentina;Abono Mensual;Plata;804;Escuela Más;SD;Variedades;Si
Argentina;Abono Mensual;Plata;901;DSPORTS Radio;Radio;Radio;Si
Argentina;Abono Mensual;Plata;973;FM Aspen;Radio;Radio;Si
Argentina;Abono Mensual;Plata;974;Radio Nacional;Radio;Radio;Si
Argentina;Abono Mensual;Plata;976;Radio del Plata;Radio;Radio;Si
Argentina;Abono Mensual;Plata;977;Radio Disney;Radio;Radio;Si
Argentina;Abono Mensual;Plata;980;Unión Radio Noticias;Radio;Radio;Si
Argentina;Abono Mensual;Plata;981;FM Latina 101.1;Radio;Radio;Si
Argentina;Abono Mensual;Plata;982;Radio Caracol;Radio;Radio;Si
Argentina;Abono Mensual;Plata;984;Radio France Internationale;Radio;Radio;Si
Argentina;Abono Mensual;Plata;999;OnDIRECTV;SD;Variedades;Si
Argentina;Abono Mensual;Plata;1105;Gran Hermano - Experiencia Multicámara;SD;Variedades;No
Argentina;Abono Mensual;Plata;1106;Gran Hermano - 24 hs;SD;Variedades;No
Argentina;Abono Mensual;Plata;1107;Gran Hermano - Cámara 1;SD;Variedades;No
Argentina;Abono Mensual;Plata;1108;Gran Hermano - Cámara 2;SD;Variedades;No
Argentina;Abono Mensual;Plata;1109;Gran Hermano - Cámara 3;SD;Variedades;No
Argentina;Abono Mensual;Plata;1120;América HD;HD;Nacional;No
Argentina;Abono Mensual;Plata;1121;TV Pública HD;HD;Nacional;No
Argentina;Abono Mensual;Plata;1122;El Nueve HD;HD;Nacional;No
Argentina;Abono Mensual;Plata;1123;Telefe HD;HD;Nacional;No
Argentina;Abono Mensual;Plata;1124;El Trece HD;HD;Nacional;No
Argentina;Abono Mensual;Plata;1125;Net TV HD;HD;Nacional;No
Argentina;Abono Mensual;Plata;1127;DSHOW HD;HD;Variedades;Si
Argentina;Abono Mensual;Plata;1128;Encuentro HD;HD;Nacional;No
Argentina;Abono Mensual;Plata;1199;KZO HD;HD;Variedades;Si
Argentina;Abono Mensual;Plata;1200;DIRECTV Series HD;HD;Portal;No
Argentina;Abono Mensual;Plata;1204;Star Channel HD;HD;Variedades;No
Argentina;Abono Mensual;Plata;1206;Warner Channel HD;HD;Variedades;No
Argentina;Abono Mensual;Plata;1207;A&E HD;HD;Variedades;No
Argentina;Abono Mensual;Plata;1208;Sony HD;HD;Variedades;No
Argentina;Abono Mensual;Plata;1209;AXN HD;HD;Variedades;No
Argentina;Abono Mensual;Plata;1210;AMC HD;HD;Variedades;No
Argentina;Abono Mensual;Plata;1213;TNT Series HD;HD;Variedades;No
Argentina;Abono Mensual;Plata;1214;Atres Series HD;HD;Variedades;No
Argentina;Abono Mensual;Plata;1215;Comedy Central HD;HD;Variedades;No
Argentina;Abono Mensual;Plata;1217;FX HD;HD;Variedades;No
Argentina;Abono Mensual;Plata;1218;Universal TV HD;HD;Variedades;No
Argentina;Abono Mensual;Plata;1219;USA Network HD;HD;Variedades;No
Argentina;Abono Mensual;Plata;1221;Hola TV HD;HD;Variedades;No
Argentina;Abono Mensual;Plata;1222;E! HD;HD;Variedades;No
Argentina;Abono Mensual;Plata;1223;ID HD;HD;Variedades;No
Argentina;Abono Mensual;Plata;1228;Lifetime HD;HD;Variedades;No
Argentina;Abono Mensual;Plata;1229;Discovery Home & Health HD;HD;Variedades;No
Argentina;Abono Mensual;Plata;1231;A la Cocina TV;HD;Variedades;No
Argentina;Abono Mensual;Plata;1232;El Gourmet HD;HD;Variedades;No
Argentina;Abono Mensual;Plata;1233;Food Network HD;HD;Variedades;No
Argentina;Abono Mensual;Plata;1234;HGTV HD;HD;Variedades;No
Argentina;Abono Mensual;Plata;1236;Ciudad Magazine HD;HD;Variedades;No
Argentina;Abono Mensual;Plata;1237;VePlus HD;HD;Variedades;No
Argentina;Abono Mensual;Plata;1264;MTV HD;HD;Variedades;No
Argentina;Abono Mensual;Plata;1265;Music Top HD;HD;Variedades;No
Argentina;Abono Mensual;Plata;1266;Tierra Mía HD;HD;Variedades;No
Argentina;Abono Mensual;Plata;1267;DSHOW;SD;Variedades;Si
Argentina;Abono Mensual;Plata;1269;Quiero Música en Mi Idioma (QMusic) HD;HD;Variedades;No
Argentina;Abono Mensual;Plata;1270;Latina TV;HD;Variedades;Si
Argentina;Abono Mensual;Plata;1304;Cartoon Network HD;HD;Infantil;No
Argentina;Abono Mensual;Plata;1308;Nick HD;HD;Infantil;No
Argentina;Abono Mensual;Plata;1309;Nick Jr. HD;HD;Infantil;No
Argentina;Abono Mensual;Plata;1312;Disney Channel HD;HD;Infantil;No
Argentina;Abono Mensual;Plata;1315;Disney Junior HD;HD;Infantil;No
Argentina;Abono Mensual;Plata;1317;BabyTV;SD;Infantil;No
Argentina;Abono Mensual;Plata;1318;Plim Plim;SD;Infantil;Si
Argentina;Abono Mensual;Plata;1319;El Reino Infantil;SD;Infantil;No
Argentina;Abono Mensual;Plata;1330;Discovery Kids HD;HD;Infantil;No
Argentina;Abono Mensual;Plata;1402;PPV HD;HD;PPV;No
Argentina;Abono Mensual;Plata;1404;PPV HD;HD;PPV;No
Argentina;Abono Mensual;Plata;1406;PPV HD;HD;PPV;No
Argentina;Abono Mensual;Plata;1408;PPV HD;HD;PPV;No
Argentina;Abono Mensual;Plata;1410;PPV HD;HD;PPV;No
Argentina;Abono Mensual;Plata;1502;TNT HD;HD;Cine;No
Argentina;Abono Mensual;Plata;1503;Golden HD;HD;Cine;No
Argentina;Abono Mensual;Plata;1506;Sony Movies HD;HD;Cine;No
Argentina;Abono Mensual;Plata;1507;Cinecanal HD;HD;Cine;No
Argentina;Abono Mensual;Plata;1508;Studio Universal HD;HD;Cine;No
Argentina;Abono Mensual;Plata;1509;Cinemax HD;HD;Cine;No
Argentina;Abono Mensual;Plata;1510;Mórbido TV;SD;Cine;Si
Argentina;Abono Mensual;Plata;1513;DHE HD;HD;Cine;No
Argentina;Abono Mensual;Plata;1518;Space HD;HD;Cine;No
Argentina;Abono Mensual;Plata;1524;HBO HD;HD;Cine;No
Argentina;Abono Mensual;Plata;1525;HBO 2 HD;HD;Cine;No
Argentina;Abono Mensual;Plata;1528;HBO Signature HD;HD;Cine;No
Argentina;Abono Mensual;Plata;1532;HBO Plus HD;HD;Cine;No
Argentina;Abono Mensual;Plata;1534;HBO Family HD;HD;Cine;No
Argentina;Abono Mensual;Plata;1542;HBO Xtreme HD;HD;Cine;No
Argentina;Abono Mensual;Plata;1571;UNIVERSAL Premiere Este HD;HD;Cine;No (Adquirible)
Argentina;Abono Mensual;Plata;1572;UNIVERSAL Cinema Oeste HD;HD;Cine;No (Adquirible)
Argentina;Abono Mensual;Plata;1573;UNIVERSAL Comedy HD;HD;Cine;No (Adquirible)
Argentina;Abono Mensual;Plata;1574;UNIVERSAL Crime HD;HD;Cine;No (Adquirible)
Argentina;Abono Mensual;Plata;1575;UNIVERSAL Reality HD;HD;Cine;No (Adquirible)
Argentina;Abono Mensual;Plata;1576;UNIVERSAL Premiere Oeste HD;HD;Cine;No (Adquirible)
Argentina;Abono Mensual;Plata;1577;UNIVERSAL Crime Oeste HD;HD;Cine;No (Adquirible)
Argentina;Abono Mensual;Plata;1601;Nueva señal - Nombre TBD;SD;Variedades;Si
Argentina;Abono Mensual;Plata;1602;Portal Fútbol Premium;Portal;Portal;Si
Argentina;Abono Mensual;Plata;1603;TNT Sports HD;HD;Deportes;No
Argentina;Abono Mensual;Plata;1604;Fox Sports Premium HD;HD;Deportes;No
Argentina;Abono Mensual;Plata;1605;Fox Sports HD;HD;Deportes;No
Argentina;Abono Mensual;Plata;1608;Fox Sports 2 HD;HD;Deportes;No
Argentina;Abono Mensual;Plata;1609;Fox Sports 3 HD;HD;Deportes;No
Argentina;Abono Mensual;Plata;1610;DSPORTS HD;HD;Deportes;No
Argentina;Abono Mensual;Plata;1612;DSPORTS 2 HD;HD;Deportes;No
Argentina;Abono Mensual;Plata;1613;DSPORTS+ HD;HD;Deportes;No
Argentina;Abono Mensual;Plata;1620;TyC Sports HD;HD;Deportes;No
Argentina;Abono Mensual;Plata;1621;ESPN HD;HD;Deportes;No
Argentina;Abono Mensual;Plata;1622;ESPN 2 HD;HD;Deportes;No
Argentina;Abono Mensual;Plata;1623;ESPN 3 HD;HD;Deportes;No
Argentina;Abono Mensual;Plata;1624;ESPN 4;HD;Deportes;No
Argentina;Abono Mensual;Plata;1628;Golf Channel HD;HD;Deportes;No
Argentina;Abono Mensual;Plata;1630;DSPORTS;SD;Deportes;No
Argentina;Abono Mensual;Plata;1631;DSPORTS Radio;Radio;Radio;No
Argentina;Abono Mensual;Plata;1639;PX Sports;HD;Deportes;No
Argentina;Abono Mensual;Plata;1654;DeporTV HD;HD;Deportes;No
Argentina;Abono Mensual;Plata;1656;DeporTV HD;HD;Deportes;No
Argentina;Abono Mensual;Plata;1677;NBA TV HD;HD;Deportes;No
Argentina;Abono Mensual;Plata;1700;DNEWS HD;HD;Variedades;No
Argentina;Abono Mensual;Plata;1714;DSHOW;SD;Variedades;Si
Argentina;Abono Mensual;Plata;1715;La Nación+ HD;HD;Mundo;No
Argentina;Abono Mensual;Plata;1716;TN HD;HD;Mundo;No
Argentina;Abono Mensual;Plata;1717;C5N HD;HD;Local;No
Argentina;Abono Mensual;Plata;1719;A24 HD;HD;Mundo;No
Argentina;Abono Mensual;Plata;1720;Canal 26 HD;HD;Mundo;No
Argentina;Abono Mensual;Plata;1721;Argentina 12 HD;HD;Mundo;No
Argentina;Abono Mensual;Plata;1722;Canal E;HD;Variedades;No
Argentina;Abono Mensual;Plata;1724;TV Perú Noticias HD;HD;Mundo;No
Argentina;Abono Mensual;Plata;1730;National Geographic HD;HD;Mundo;No
Argentina;Abono Mensual;Plata;1731;Discovery Theater HD;HD;Mundo;No
Argentina;Abono Mensual;Plata;1732;Discovery Channel HD;HD;Mundo;No
Argentina;Abono Mensual;Plata;1734;Animal Planet HD;HD;Mundo;No
Argentina;Abono Mensual;Plata;1738;Discovery World HD;HD;Mundo;No
Argentina;Abono Mensual;Plata;1740;TLC HD;HD;Mundo;No
Argentina;Abono Mensual;Plata;1742;History Channel HD;HD;Mundo;No
Argentina;Abono Mensual;Plata;1744;History 2 HD;HD;Mundo;No
Argentina;Abono Mensual;Plata;1748;Canal (A) HD;HD;Mundo;No
Argentina;Abono Mensual;Plata;1750;Encuentro Internacional HD;HD;Variedades;No
Argentina;Abono Mensual;Plata;1762;Antena 3 HD;HD;Mundo;No
Argentina;Abono Mensual;Plata;1764;France 24 Español;SD;Mundo;Si
Argentina;Abono Mensual;Plata;1789;TV Ciudad HD;HD;Variedades;No
Argentina;Abono Mensual;Plata;1795;TV Perú HD;HD;Mundo;No
Argentina;Abono Mensual;Plata;1804;Escuela Más HD;HD;Variedades;No
Argentina;Abono Mensual;Plata;4000;DIRECTV Ultra HD: 4K;4K;4K;No
Argentina;Abono Mensual;Plata HD Lite;100;Canal 100 DIRECTV;Portal;Portal;Si
Argentina;Abono Mensual;Plata HD Lite;101;Canal 101 Prepago;Portal;Portal;No
Argentina;Abono Mensual;Plata HD Lite;105;Gran Hermano - Experiencia Multicámara;SD;Variedades;Si
Argentina;Abono Mensual;Plata HD Lite;106;Gran Hermano - 24 hs;SD;Variedades;Si
Argentina;Abono Mensual;Plata HD Lite;107;Gran Hermano - Cámara 1;SD;Variedades;Si
Argentina;Abono Mensual;Plata HD Lite;108;Gran Hermano - Cámara 2;SD;Variedades;Si
Argentina;Abono Mensual;Plata HD Lite;109;Gran Hermano - Cámara 3;SD;Variedades;Si
Argentina;Abono Mensual;Plata HD Lite;120;América;SD;Nacional;Si
Argentina;Abono Mensual;Plata HD Lite;121;TV Pública;SD;Nacional;Si
Argentina;Abono Mensual;Plata HD Lite;122;El Nueve;SD;Nacional;Si
Argentina;Abono Mensual;Plata HD Lite;123;Telefe;SD;Nacional;Si
Argentina;Abono Mensual;Plata HD Lite;124;El Trece;SD;Nacional;Si
Argentina;Abono Mensual;Plata HD Lite;125;Net TV;SD;Nacional;Si
Argentina;Abono Mensual;Plata HD Lite;126;Bravo TV;SD;Variedades;Si
Argentina;Abono Mensual;Plata HD Lite;127;DSHOW;SD;Variedades;Si
Argentina;Abono Mensual;Plata HD Lite;128;Encuentro;SD;Nacional;Si
Argentina;Abono Mensual;Plata HD Lite;129;Canal de la Ciudad;SD;Local;Si
Argentina;Abono Mensual;Plata HD Lite;130;Canal 7 Mendoza;SD;Local;Si
Argentina;Abono Mensual;Plata HD Lite;131;Canal 9 Mendoza;SD;Local;Si
Argentina;Abono Mensual;Plata HD Lite;132;Telediario;SD;Local;Si
Argentina;Abono Mensual;Plata HD Lite;133;Canal 7 de Jujuy;SD;Local;Si
Argentina;Abono Mensual;Plata HD Lite;134;Canal 3 Rosario;SD;Nacional;Si
Argentina;Abono Mensual;Plata HD Lite;135;Canal 12 de Córdoba;SD;Local;Si
Argentina;Abono Mensual;Plata HD Lite;136;Telefé Córdoba;SD;Local;Si
Argentina;Abono Mensual;Plata HD Lite;137;Telefe Rosario;SD;Local;Si
Argentina;Abono Mensual;Plata HD Lite;139;Televisión Pública Pampeana;SD;Local;Si
Argentina;Abono Mensual;Plata HD Lite;140;Canal 8 San Juan;SD;Local;No
Argentina;Abono Mensual;Plata HD Lite;160;Infomerciales;SD;Variedades;Si
Argentina;Abono Mensual;Plata HD Lite;199;KZO;SD;Variedades;Si
Argentina;Abono Mensual;Plata HD Lite;200;DIRECTV Series;SD;Portal;Si
Argentina;Abono Mensual;Plata HD Lite;204;Star Channel;SD;Variedades;Si
Argentina;Abono Mensual;Plata HD Lite;206;Warner Channel;SD;Variedades;Si
Argentina;Abono Mensual;Plata HD Lite;207;A&E;SD;Variedades;Si
Argentina;Abono Mensual;Plata HD Lite;208;Sony;SD;Variedades;Si
Argentina;Abono Mensual;Plata HD Lite;209;AXN;SD;Variedades;No
Argentina;Abono Mensual;Plata HD Lite;210;AMC;SD;Variedades;No
Argentina;Abono Mensual;Plata HD Lite;213;TNT Series;SD;Variedades;Si
Argentina;Abono Mensual;Plata HD Lite;214;Atres Series;SD;Variedades;No
Argentina;Abono Mensual;Plata HD Lite;215;Comedy Central;SD;Variedades;No
Argentina;Abono Mensual;Plata HD Lite;216;TNT Novelas;SD;Variedades;No
Argentina;Abono Mensual;Plata HD Lite;217;FX;SD;Variedades;Si
Argentina;Abono Mensual;Plata HD Lite;218;Universal TV;SD;Variedades;Si
Argentina;Abono Mensual;Plata HD Lite;219;USA Network;SD;Variedades;No
Argentina;Abono Mensual;Plata HD Lite;220;Adult Swim;SD;Variedades;No
Argentina;Abono Mensual;Plata HD Lite;221;¡Hola! TV;SD;Variedades;Si
Argentina;Abono Mensual;Plata HD Lite;222;E!;SD;Variedades;Si
Argentina;Abono Mensual;Plata HD Lite;223;Investigation Discovery (ID);SD;Variedades;No
Argentina;Abono Mensual;Plata HD Lite;226;Las Estrellas;SD;Variedades;Si
Argentina;Abono Mensual;Plata HD Lite;227;TLnovelas;SD;Variedades;Si
Argentina;Abono Mensual;Plata HD Lite;228;Lifetime;SD;Variedades;No
Argentina;Abono Mensual;Plata HD Lite;229;Discovery Home & Health;SD;Variedades;Si
Argentina;Abono Mensual;Plata HD Lite;230;Más Chic;SD;Variedades;No
Argentina;Abono Mensual;Plata HD Lite;231;Telemundo;SD;Variedades;Si
Argentina;Abono Mensual;Plata HD Lite;232;El Gourmet;SD;Variedades;Si
Argentina;Abono Mensual;Plata HD Lite;233;Food Network;SD;Variedades;No
Argentina;Abono Mensual;Plata HD Lite;236;Ciudad Magazine;SD;Variedades;Si
Argentina;Abono Mensual;Plata HD Lite;238;Volver;SD;Variedades;Si
Argentina;Abono Mensual;Plata HD Lite;240;Caras TV;SD;Mundo;Si
Argentina;Abono Mensual;Plata HD Lite;264;MTV;SD;Variedades;Si
Argentina;Abono Mensual;Plata HD Lite;267;DSHOW;SD;Variedades;Si
Argentina;Abono Mensual;Plata HD Lite;269;Quiero Música en Mi Idioma (QMusic);SD;Variedades;Si
Argentina;Abono Mensual;Plata HD Lite;296;Unión Radio Noticias;Radio;Radio;Si
Argentina;Abono Mensual;Plata HD Lite;300;OnDIRECTV;SD;Variedades;Si
Argentina;Abono Mensual;Plata HD Lite;301;Star Fun;SD;PPV;No
Argentina;Abono Mensual;Plata HD Lite;302;HBO Family;SD;Cine;No (Adquirible)
Argentina;Abono Mensual;Plata HD Lite;303;Paka Paka;SD;Infantil;Si
Argentina;Abono Mensual;Plata HD Lite;304;Cartoon Network;SD;Infantil;Si
Argentina;Abono Mensual;Plata HD Lite;308;Nickelodeon;SD;Infantil;Si
Argentina;Abono Mensual;Plata HD Lite;309;Nick Jr.;SD;Infantil;No
Argentina;Abono Mensual;Plata HD Lite;312;Disney Channel;SD;Infantil;Si
Argentina;Abono Mensual;Plata HD Lite;315;Disney Junior;SD;Infantil;Si
Argentina;Abono Mensual;Plata HD Lite;317;BabyTV;SD;Infantil;No
Argentina;Abono Mensual;Plata HD Lite;318;Plim Plim;SD;Infantil;No
Argentina;Abono Mensual;Plata HD Lite;319;El Reino Infantil;SD;Infantil;No
Argentina;Abono Mensual;Plata HD Lite;330;Discovery Kids;SD;Infantil;Si
Argentina;Abono Mensual;Plata HD Lite;334;Cartoonito;SD;Infantil;No
Argentina;Abono Mensual;Plata HD Lite;350;EWTN;SD;Religioso;Si
Argentina;Abono Mensual;Plata HD Lite;351;Orbe 21;SD;Religioso;Si
Argentina;Abono Mensual;Plata HD Lite;352;Enlace;SD;Religioso;Si
Argentina;Abono Mensual;Plata HD Lite;354;Canal Luz;SD;Religioso;Si
Argentina;Abono Mensual;Plata HD Lite;358;DayStar;SD;Religioso;Si
Argentina;Abono Mensual;Plata HD Lite;400;Placa DIRECTV GO;Portal;Portal;Si
Argentina;Abono Mensual;Plata HD Lite;401;SMS CINE PPV;Portal;Portal;Si
Argentina;Abono Mensual;Plata HD Lite;402;CINE;SD;PPV;No (PPV)
Argentina;Abono Mensual;Plata HD Lite;404;CINE;SD;PPV;No (PPV)
Argentina;Abono Mensual;Plata HD Lite;406;CINE;SD;PPV;No (PPV)
Argentina;Abono Mensual;Plata HD Lite;408;CINE;SD;PPV;No (PPV)
Argentina;Abono Mensual;Plata HD Lite;410;CINE;SD;PPV;No (PPV)
Argentina;Abono Mensual;Plata HD Lite;460;SMS ADULTOS PPV;Portal;Portal;Si
Argentina;Abono Mensual;Plata HD Lite;464;Playboy TV;SD;Adultos;No (Adquirible)
Argentina;Abono Mensual;Plata HD Lite;468;Venus;SD;Adultos;No (Adquirible)
Argentina;Abono Mensual;Plata HD Lite;469;XTSY;SD;Adultos;No (Adquirible)
Argentina;Abono Mensual;Plata HD Lite;470;Hustler TV HD;HD;Adultos;No (Adquirible)
Argentina;Abono Mensual;Plata HD Lite;500;OnDIRECTV;SD;Variedades;Si
Argentina;Abono Mensual;Plata HD Lite;502;TNT;SD;Cine;Si
Argentina;Abono Mensual;Plata HD Lite;503;Golden;SD;Cine;No
Argentina;Abono Mensual;Plata HD Lite;506;Sony Movies;SD;Cine;No
Argentina;Abono Mensual;Plata HD Lite;507;Cinecanal;SD;Cine;Si
Argentina;Abono Mensual;Plata HD Lite;508;Studio Universal;SD;Cine;Si
Argentina;Abono Mensual;Plata HD Lite;509;Cinemax;SD;Cine;No
Argentina;Abono Mensual;Plata HD Lite;510;Mórbido TV;SD;Cine;No
Argentina;Abono Mensual;Plata HD Lite;512;Cine.AR;SD;Cine;Si
Argentina;Abono Mensual;Plata HD Lite;513;DHE;SD;Cine;No
Argentina;Abono Mensual;Plata HD Lite;516;De Película;SD;Cine;No
Argentina;Abono Mensual;Plata HD Lite;517;Golden Edge;SD;Cine;No
Argentina;Abono Mensual;Plata HD Lite;518;Space;SD;Cine;Si
Argentina;Abono Mensual;Plata HD Lite;522;HBO Next;Portal;Portal;No
Argentina;Abono Mensual;Plata HD Lite;524;HBO;SD;Cine;No (Adquirible)
Argentina;Abono Mensual;Plata HD Lite;525;HBO 2;SD;Cine;No (Adquirible)
Argentina;Abono Mensual;Plata HD Lite;526;HBO Plus Este;SD;Cine;No (Adquirible)
Argentina;Abono Mensual;Plata HD Lite;528;HBO Signature;SD;Cine;No (Adquirible)
Argentina;Abono Mensual;Plata HD Lite;534;HBO Family;SD;Cine;No (Adquirible)
Argentina;Abono Mensual;Plata HD Lite;540;HBO Mundi;SD;Cine;No (Adquirible)
Argentina;Abono Mensual;Plata HD Lite;541;HBO Pop;SD;Cine;No (Adquirible)
Argentina;Abono Mensual;Plata HD Lite;542;HBO Xtreme;SD;Cine;No (Adquirible)
Argentina;Abono Mensual;Plata HD Lite;544;HBO Next;Portal;Portal;Si
Argentina;Abono Mensual;Plata HD Lite;550;OnDIRECTV;SD;Variedades;Si
Argentina;Abono Mensual;Plata HD Lite;551;Cómo Contratar Premium;SD;Portal;Si
Argentina;Abono Mensual;Plata HD Lite;570;Portal Premium;SD;Portal;Si
Argentina;Abono Mensual;Plata HD Lite;571;UNIVERSAL Premiere Este;SD;Cine;No (Adquirible)
Argentina;Abono Mensual;Plata HD Lite;572;UNIVERSAL Cinema Oeste;SD;Cine;No (Adquirible)
Argentina;Abono Mensual;Plata HD Lite;573;UNIVERSAL Comedy;SD;Cine;No (Adquirible)
Argentina;Abono Mensual;Plata HD Lite;574;UNIVERSAL Crime;SD;Cine;No (Adquirible)
Argentina;Abono Mensual;Plata HD Lite;575;UNIVERSAL Reality;SD;Cine;No (Adquirible)
Argentina;Abono Mensual;Plata HD Lite;576;UNIVERSAL Premiere Oeste;SD;Cine;No (Adquirible)
Argentina;Abono Mensual;Plata HD Lite;577;UNIVERSAL Crime Oeste;SD;Cine;No (Adquirible)
Argentina;Abono Mensual;Plata HD Lite;599;Bienvenido a DIRECTV;Portal;Portal;Si
Argentina;Abono Mensual;Plata HD Lite;600;Portal DIRECTV Sports;Portal;Portal;Si
Argentina;Abono Mensual;Plata HD Lite;601;Nueva señal - Nombre TBD;SD;Variedades;Si
Argentina;Abono Mensual;Plata HD Lite;602;Portal Fútbol Premium;Portal;Portal;Si
Argentina;Abono Mensual;Plata HD Lite;603;TNT Sports;SD;Deportes;No (Adquirible)
Argentina;Abono Mensual;Plata HD Lite;604;ESPN Premium;SD;Deportes;No (Adquirible)
Argentina;Abono Mensual;Plata HD Lite;605;Fox Sports;SD;Deportes;Si
Argentina;Abono Mensual;Plata HD Lite;608;Fox Sports 2;SD;Deportes;Si
Argentina;Abono Mensual;Plata HD Lite;609;Fox Sports 3;SD;Deportes;Si
Argentina;Abono Mensual;Plata HD Lite;610;DSPORTS;SD;Deportes;Si
Argentina;Abono Mensual;Plata HD Lite;612;DSPORTS 2;SD;Deportes;Si
Argentina;Abono Mensual;Plata HD Lite;613;DSPORTS+;SD;Deportes;Si
Argentina;Abono Mensual;Plata HD Lite;620;TyC Sports;SD;Deportes;Si
Argentina;Abono Mensual;Plata HD Lite;621;ESPN;SD;Deportes;Si
Argentina;Abono Mensual;Plata HD Lite;622;ESPN 2;SD;Deportes;Si
Argentina;Abono Mensual;Plata HD Lite;623;ESPN 3;SD;Deportes;Si
Argentina;Abono Mensual;Plata HD Lite;628;Golf Channel;SD;Deportes;No
Argentina;Abono Mensual;Plata HD Lite;630;DIRECTV Sports;SD;Deportes;Si
Argentina;Abono Mensual;Plata HD Lite;631;DSPORTS Radio;Radio;Radio;Si
Argentina;Abono Mensual;Plata HD Lite;632;TyC Sports 2 (virtual);SD;Deportes;Si
Argentina;Abono Mensual;Plata HD Lite;634;Fútbol de Paraguay;SD;Deportes;No (Adquirible)
Argentina;Abono Mensual;Plata HD Lite;635;Fútbol de Bolivia;SD;Deportes;No (Adquirible)
Argentina;Abono Mensual;Plata HD Lite;656;DeporTV;SD;Deportes;Si
Argentina;Abono Mensual;Plata HD Lite;680;MLB Extra Innings;SD;Deportes;No (Adquirible)
Argentina;Abono Mensual;Plata HD Lite;681;MLB Extra Innings;SD;Deportes;No (Adquirible)
Argentina;Abono Mensual;Plata HD Lite;700;DNEWS;SD;Variedades;Si
Argentina;Abono Mensual;Plata HD Lite;704;CNN en Español;SD;Mundo;Si
Argentina;Abono Mensual;Plata HD Lite;706;CNN International;SD;Mundo;No
Argentina;Abono Mensual;Plata HD Lite;707;CNN Chile;SD;Mundo;No
Argentina;Abono Mensual;Plata HD Lite;708;24 HORAS;SD;Mundo;No
Argentina;Abono Mensual;Plata HD Lite;710;Bloomberg Television;SD;Mundo;No
Argentina;Abono Mensual;Plata HD Lite;714;Nueva señal - TBD;SD;Variedades;Si
Argentina;Abono Mensual;Plata HD Lite;715;La Nación+;SD;Mundo;Si
Argentina;Abono Mensual;Plata HD Lite;716;Todo Noticias (TN);SD;Mundo;Si
Argentina;Abono Mensual;Plata HD Lite;717;C5N;SD;Mundo;Si
Argentina;Abono Mensual;Plata HD Lite;718;Crónica TV;SD;Mundo;Si
Argentina;Abono Mensual;Plata HD Lite;719;A24;SD;Mundo;Si
Argentina;Abono Mensual;Plata HD Lite;720;Canal 26;SD;Mundo;Si
Argentina;Abono Mensual;Plata HD Lite;721;Argentina 12;SD;Mundo;No
Argentina;Abono Mensual;Plata HD Lite;724;Chacra TV;SD;Mundo;Si
Argentina;Abono Mensual;Plata HD Lite;725;NTN24;SD;Mundo;No
Argentina;Abono Mensual;Plata HD Lite;726;Telemax;SD;Mundo;Si
Argentina;Abono Mensual;Plata HD Lite;727;Cable Noticias;SD;Mundo;No
Argentina;Abono Mensual;Plata HD Lite;728;Canal Rural;SD;Nacional;Si
Argentina;Abono Mensual;Plata HD Lite;729;Construir TV;SD;Mundo;Si
Argentina;Abono Mensual;Plata HD Lite;730;National Geographic;SD;Mundo;Si
Argentina;Abono Mensual;Plata HD Lite;732;Discovery Channel;SD;Mundo;Si
Argentina;Abono Mensual;Plata HD Lite;734;Animal Planet;SD;Mundo;Si
Argentina;Abono Mensual;Plata HD Lite;736;Discovery Turbo;SD;Mundo;No
Argentina;Abono Mensual;Plata HD Lite;740;TLC;SD;Mundo;Si
Argentina;Abono Mensual;Plata HD Lite;742;History Channel;SD;Mundo;No
Argentina;Abono Mensual;Plata HD Lite;744;History 2;SD;Mundo;No
Argentina;Abono Mensual;Plata HD Lite;760;Univision;SD;Mundo;Si
Argentina;Abono Mensual;Plata HD Lite;762;Antena 3;SD;Mundo;No
Argentina;Abono Mensual;Plata HD Lite;764;France 24 Español;SD;Mundo;Si
Argentina;Abono Mensual;Plata HD Lite;766;Rai Italia;SD;Mundo;Si
Argentina;Abono Mensual;Plata HD Lite;768;BBC News;SD;Mundo;No
Argentina;Abono Mensual;Plata HD Lite;770;DW Español;SD;Mundo;No
Argentina;Abono Mensual;Plata HD Lite;772;Caracol Internacional;SD;Mundo;No
Argentina;Abono Mensual;Plata HD Lite;773;El Tiempo TV;SD;Mundo;Si
Argentina;Abono Mensual;Plata HD Lite;774;TV Chile;SD;Mundo;Si
Argentina;Abono Mensual;Plata HD Lite;775;Nuestra Tele;SD;Mundo;No
Argentina;Abono Mensual;Plata HD Lite;776;TV Globo Internacional;SD;Mundo;No (Adquirible)
Argentina;Abono Mensual;Plata HD Lite;778;RTP Internacional;SD;Mundo;No
Argentina;Abono Mensual;Plata HD Lite;780;Zee Mundo;SD;Mundo;No (Adquirible)
Argentina;Abono Mensual;Plata HD Lite;782;NHK World Japan;SD;Mundo;No (Adquirible)
Argentina;Abono Mensual;Plata HD Lite;790;CGTN Español;SD;Mundo;Si
Argentina;Abono Mensual;Plata HD Lite;795;TV Perú;SD;Mundo;No
Argentina;Abono Mensual;Plata HD Lite;800;OnDIRECTV;SD;Variedades;Si
Argentina;Abono Mensual;Plata HD Lite;804;Escuela Más;SD;Variedades;Si
Argentina;Abono Mensual;Plata HD Lite;901;DSPORTS Radio;Radio;Radio;Si
Argentina;Abono Mensual;Plata HD Lite;973;FM Aspen;Radio;Radio;Si
Argentina;Abono Mensual;Plata HD Lite;974;Radio Nacional;Radio;Radio;Si
Argentina;Abono Mensual;Plata HD Lite;976;Radio del Plata;Radio;Radio;Si
Argentina;Abono Mensual;Plata HD Lite;977;Radio Disney;Radio;Radio;Si
Argentina;Abono Mensual;Plata HD Lite;980;Unión Radio Noticias;Radio;Radio;Si
Argentina;Abono Mensual;Plata HD Lite;981;FM Latina 101.1;Radio;Radio;Si
Argentina;Abono Mensual;Plata HD Lite;982;Radio Caracol;Radio;Radio;Si
Argentina;Abono Mensual;Plata HD Lite;984;Radio France Internationale;Radio;Radio;Si
Argentina;Abono Mensual;Plata HD Lite;999;OnDIRECTV;SD;Variedades;Si
Argentina;Abono Mensual;Plata HD Lite;1105;Gran Hermano - Experiencia Multicámara;SD;Variedades;Si
Argentina;Abono Mensual;Plata HD Lite;1106;Gran Hermano - 24 hs;SD;Variedades;Si
Argentina;Abono Mensual;Plata HD Lite;1107;Gran Hermano - Cámara 1;SD;Variedades;Si
Argentina;Abono Mensual;Plata HD Lite;1108;Gran Hermano - Cámara 2;SD;Variedades;Si
Argentina;Abono Mensual;Plata HD Lite;1109;Gran Hermano - Cámara 3;SD;Variedades;Si
Argentina;Abono Mensual;Plata HD Lite;1120;América HD;HD;Nacional;Si
Argentina;Abono Mensual;Plata HD Lite;1121;TV Pública HD;HD;Nacional;Si
Argentina;Abono Mensual;Plata HD Lite;1122;El Nueve HD;HD;Nacional;Si
Argentina;Abono Mensual;Plata HD Lite;1123;Telefe HD;HD;Nacional;Si
Argentina;Abono Mensual;Plata HD Lite;1124;El Trece HD;HD;Nacional;Si
Argentina;Abono Mensual;Plata HD Lite;1125;Net TV HD;HD;Nacional;Si
Argentina;Abono Mensual;Plata HD Lite;1127;DSHOW HD;HD;Variedades;No
Argentina;Abono Mensual;Plata HD Lite;1128;Encuentro HD;HD;Nacional;No
Argentina;Abono Mensual;Plata HD Lite;1199;KZO HD;HD;Variedades;Si
Argentina;Abono Mensual;Plata HD Lite;1200;DIRECTV Series HD;HD;Portal;Si
Argentina;Abono Mensual;Plata HD Lite;1204;Star Channel HD;HD;Variedades;Si
Argentina;Abono Mensual;Plata HD Lite;1206;Warner Channel HD;HD;Variedades;Si
Argentina;Abono Mensual;Plata HD Lite;1207;A&E HD;HD;Variedades;Si
Argentina;Abono Mensual;Plata HD Lite;1208;Sony HD;HD;Variedades;No
Argentina;Abono Mensual;Plata HD Lite;1209;AXN HD;HD;Variedades;No
Argentina;Abono Mensual;Plata HD Lite;1210;AMC HD;HD;Variedades;No
Argentina;Abono Mensual;Plata HD Lite;1213;TNT Series HD;HD;Variedades;No
Argentina;Abono Mensual;Plata HD Lite;1214;Atres Series HD;HD;Variedades;No
Argentina;Abono Mensual;Plata HD Lite;1215;Comedy Central HD;HD;Variedades;No
Argentina;Abono Mensual;Plata HD Lite;1217;FX HD;HD;Variedades;No
Argentina;Abono Mensual;Plata HD Lite;1218;Universal TV HD;HD;Variedades;No
Argentina;Abono Mensual;Plata HD Lite;1219;USA Network HD;HD;Variedades;No
Argentina;Abono Mensual;Plata HD Lite;1221;Hola TV HD;HD;Variedades;No
Argentina;Abono Mensual;Plata HD Lite;1222;E! HD;HD;Variedades;No
Argentina;Abono Mensual;Plata HD Lite;1223;ID HD;HD;Variedades;No
Argentina;Abono Mensual;Plata HD Lite;1228;Lifetime HD;HD;Variedades;No
Argentina;Abono Mensual;Plata HD Lite;1229;Discovery Home & Health HD;HD;Variedades;No
Argentina;Abono Mensual;Plata HD Lite;1231;A la Cocina TV;HD;Variedades;Si
Argentina;Abono Mensual;Plata HD Lite;1232;El Gourmet HD;HD;Variedades;Si
Argentina;Abono Mensual;Plata HD Lite;1233;Food Network HD;HD;Variedades;No
Argentina;Abono Mensual;Plata HD Lite;1234;HGTV HD;HD;Variedades;No
Argentina;Abono Mensual;Plata HD Lite;1236;Ciudad Magazine HD;HD;Variedades;No
Argentina;Abono Mensual;Plata HD Lite;1237;VePlus HD;HD;Variedades;No
Argentina;Abono Mensual;Plata HD Lite;1264;MTV HD;HD;Variedades;Si
Argentina;Abono Mensual;Plata HD Lite;1265;Music Top HD;HD;Variedades;No
Argentina;Abono Mensual;Plata HD Lite;1266;Tierra Mía HD;HD;Variedades;No
Argentina;Abono Mensual;Plata HD Lite;1267;DSHOW;SD;Variedades;Si
Argentina;Abono Mensual;Plata HD Lite;1269;Quiero Música en Mi Idioma (QMusic) HD;HD;Variedades;No
Argentina;Abono Mensual;Plata HD Lite;1270;Latina TV;HD;Variedades;Si
Argentina;Abono Mensual;Plata HD Lite;1304;Cartoon Network HD;HD;Infantil;No
Argentina;Abono Mensual;Plata HD Lite;1308;Nick HD;HD;Infantil;No
Argentina;Abono Mensual;Plata HD Lite;1309;Nick Jr. HD;HD;Infantil;No
Argentina;Abono Mensual;Plata HD Lite;1312;Disney Channel HD;HD;Infantil;Si
Argentina;Abono Mensual;Plata HD Lite;1315;Disney Junior HD;HD;Infantil;No
Argentina;Abono Mensual;Plata HD Lite;1317;BabyTV;SD;Infantil;No
Argentina;Abono Mensual;Plata HD Lite;1318;Plim Plim;SD;Infantil;No
Argentina;Abono Mensual;Plata HD Lite;1319;El Reino Infantil;SD;Infantil;No
Argentina;Abono Mensual;Plata HD Lite;1330;Discovery Kids HD;HD;Infantil;Si
Argentina;Abono Mensual;Plata HD Lite;1402;PPV HD;HD;PPV;No
Argentina;Abono Mensual;Plata HD Lite;1404;PPV HD;HD;PPV;No
Argentina;Abono Mensual;Plata HD Lite;1406;PPV HD;HD;PPV;No
Argentina;Abono Mensual;Plata HD Lite;1408;PPV HD;HD;PPV;No
Argentina;Abono Mensual;Plata HD Lite;1410;PPV HD;HD;PPV;No
Argentina;Abono Mensual;Plata HD Lite;1502;TNT HD;HD;Cine;Si
Argentina;Abono Mensual;Plata HD Lite;1503;Golden HD;HD;Cine;No
Argentina;Abono Mensual;Plata HD Lite;1506;Sony Movies HD;HD;Cine;No
Argentina;Abono Mensual;Plata HD Lite;1507;Cinecanal HD;HD;Cine;No
Argentina;Abono Mensual;Plata HD Lite;1508;Studio Universal HD;HD;Cine;No
Argentina;Abono Mensual;Plata HD Lite;1509;Cinemax HD;HD;Cine;No
Argentina;Abono Mensual;Plata HD Lite;1510;Mórbido TV;SD;Cine;No
Argentina;Abono Mensual;Plata HD Lite;1513;DHE HD;HD;Cine;No
Argentina;Abono Mensual;Plata HD Lite;1518;Space HD;HD;Cine;No
Argentina;Abono Mensual;Plata HD Lite;1524;HBO HD;HD;Cine;No
Argentina;Abono Mensual;Plata HD Lite;1525;HBO 2 HD;HD;Cine;No
Argentina;Abono Mensual;Plata HD Lite;1528;HBO Signature HD;HD;Cine;No
Argentina;Abono Mensual;Plata HD Lite;1532;HBO Plus HD;HD;Cine;No
Argentina;Abono Mensual;Plata HD Lite;1534;HBO Family HD;HD;Cine;No
Argentina;Abono Mensual;Plata HD Lite;1542;HBO Xtreme HD;HD;Cine;No
Argentina;Abono Mensual;Plata HD Lite;1571;UNIVERSAL Premiere Este HD;HD;Cine;No (Adquirible)
Argentina;Abono Mensual;Plata HD Lite;1572;UNIVERSAL Cinema Oeste HD;HD;Cine;No (Adquirible)
Argentina;Abono Mensual;Plata HD Lite;1573;UNIVERSAL Comedy HD;HD;Cine;No (Adquirible)
Argentina;Abono Mensual;Plata HD Lite;1574;UNIVERSAL Crime HD;HD;Cine;No (Adquirible)
Argentina;Abono Mensual;Plata HD Lite;1575;UNIVERSAL Reality HD;HD;Cine;No (Adquirible)
Argentina;Abono Mensual;Plata HD Lite;1576;UNIVERSAL Premiere Oeste HD;HD;Cine;No (Adquirible)
Argentina;Abono Mensual;Plata HD Lite;1577;UNIVERSAL Crime Oeste HD;HD;Cine;No (Adquirible)
Argentina;Abono Mensual;Plata HD Lite;1601;Nueva señal - Nombre TBD;SD;Variedades;Si
Argentina;Abono Mensual;Plata HD Lite;1602;Portal Fútbol Premium;Portal;Portal;Si
Argentina;Abono Mensual;Plata HD Lite;1603;TNT Sports HD;HD;Deportes;No
Argentina;Abono Mensual;Plata HD Lite;1604;Fox Sports Premium HD;HD;Deportes;No
Argentina;Abono Mensual;Plata HD Lite;1605;Fox Sports HD;HD;Deportes;Si
Argentina;Abono Mensual;Plata HD Lite;1608;Fox Sports 2 HD;HD;Deportes;No
Argentina;Abono Mensual;Plata HD Lite;1609;Fox Sports 3 HD;HD;Deportes;No
Argentina;Abono Mensual;Plata HD Lite;1610;DSPORTS HD;HD;Deportes;Si
Argentina;Abono Mensual;Plata HD Lite;1612;DSPORTS 2 HD;HD;Deportes;No
Argentina;Abono Mensual;Plata HD Lite;1613;DSPORTS+ HD;HD;Deportes;No
Argentina;Abono Mensual;Plata HD Lite;1620;TyC Sports HD;HD;Deportes;No
Argentina;Abono Mensual;Plata HD Lite;1621;ESPN HD;HD;Deportes;No
Argentina;Abono Mensual;Plata HD Lite;1622;ESPN 2 HD;HD;Deportes;No
Argentina;Abono Mensual;Plata HD Lite;1623;ESPN 3 HD;HD;Deportes;Si
Argentina;Abono Mensual;Plata HD Lite;1624;ESPN 4;HD;Deportes;Si
Argentina;Abono Mensual;Plata HD Lite;1628;Golf Channel HD;HD;Deportes;No
Argentina;Abono Mensual;Plata HD Lite;1630;DSPORTS;SD;Deportes;Si
Argentina;Abono Mensual;Plata HD Lite;1631;DSPORTS Radio;Radio;Radio;Si
Argentina;Abono Mensual;Plata HD Lite;1639;PX Sports;HD;Deportes;No
Argentina;Abono Mensual;Plata HD Lite;1654;DeporTV HD;HD;Deportes;No
Argentina;Abono Mensual;Plata HD Lite;1656;DeporTV HD;HD;Deportes;No
Argentina;Abono Mensual;Plata HD Lite;1677;NBA TV HD;HD;Deportes;No
Argentina;Abono Mensual;Plata HD Lite;1700;DNEWS HD;HD;Variedades;Si
Argentina;Abono Mensual;Plata HD Lite;1714;DSHOW;SD;Variedades;Si
Argentina;Abono Mensual;Plata HD Lite;1715;La Nación+ HD;HD;Mundo;No
Argentina;Abono Mensual;Plata HD Lite;1716;TN HD;HD;Mundo;No
Argentina;Abono Mensual;Plata HD Lite;1717;C5N HD;HD;Local;No
Argentina;Abono Mensual;Plata HD Lite;1719;A24 HD;HD;Mundo;No
Argentina;Abono Mensual;Plata HD Lite;1720;Canal 26 HD;HD;Mundo;No
Argentina;Abono Mensual;Plata HD Lite;1721;Argentina 12 HD;HD;Mundo;No
Argentina;Abono Mensual;Plata HD Lite;1722;Canal E;HD;Variedades;No
Argentina;Abono Mensual;Plata HD Lite;1724;TV Perú Noticias HD;HD;Mundo;No
Argentina;Abono Mensual;Plata HD Lite;1730;National Geographic HD;HD;Mundo;No
Argentina;Abono Mensual;Plata HD Lite;1731;Discovery Theater HD;HD;Mundo;No
Argentina;Abono Mensual;Plata HD Lite;1732;Discovery Channel HD;HD;Mundo;Si
Argentina;Abono Mensual;Plata HD Lite;1734;Animal Planet HD;HD;Mundo;No
Argentina;Abono Mensual;Plata HD Lite;1738;Discovery World HD;HD;Mundo;No
Argentina;Abono Mensual;Plata HD Lite;1740;TLC HD;HD;Mundo;No
Argentina;Abono Mensual;Plata HD Lite;1742;History Channel HD;HD;Mundo;No
Argentina;Abono Mensual;Plata HD Lite;1744;History 2 HD;HD;Mundo;No
Argentina;Abono Mensual;Plata HD Lite;1748;Canal (A) HD;HD;Mundo;No
Argentina;Abono Mensual;Plata HD Lite;1750;Encuentro Internacional HD;HD;Variedades;No
Argentina;Abono Mensual;Plata HD Lite;1762;Antena 3 HD;HD;Mundo;No
Argentina;Abono Mensual;Plata HD Lite;1764;France 24 Español;SD;Mundo;Si
Argentina;Abono Mensual;Plata HD Lite;1789;TV Ciudad HD;HD;Variedades;No
Argentina;Abono Mensual;Plata HD Lite;1795;TV Perú HD;HD;Mundo;No
Argentina;Abono Mensual;Plata HD Lite;1804;Escuela Más HD;HD;Variedades;Si
Argentina;Abono Mensual;Plata HD Lite;4000;DIRECTV Ultra HD: 4K;4K;4K;No
Argentina;Abono Mensual;Platino;100;Canal 100 DIRECTV;Portal;Portal;Si
Argentina;Abono Mensual;Platino;101;Canal 101 Prepago;Portal;Portal;No
Argentina;Abono Mensual;Platino;105;Gran Hermano - Experiencia Multicámara;SD;Variedades;No
Argentina;Abono Mensual;Platino;106;Gran Hermano - 24 hs;SD;Variedades;No
Argentina;Abono Mensual;Platino;107;Gran Hermano - Cámara 1;SD;Variedades;No
Argentina;Abono Mensual;Platino;108;Gran Hermano - Cámara 2;SD;Variedades;No
Argentina;Abono Mensual;Platino;109;Gran Hermano - Cámara 3;SD;Variedades;No
Argentina;Abono Mensual;Platino;120;América;SD;Nacional;Si
Argentina;Abono Mensual;Platino;121;TV Pública;SD;Nacional;Si
Argentina;Abono Mensual;Platino;122;El Nueve;SD;Nacional;Si
Argentina;Abono Mensual;Platino;123;Telefe;SD;Nacional;Si
Argentina;Abono Mensual;Platino;124;El Trece;SD;Nacional;Si
Argentina;Abono Mensual;Platino;125;Net TV;SD;Nacional;Si
Argentina;Abono Mensual;Platino;126;Bravo TV;SD;Variedades;Si
Argentina;Abono Mensual;Platino;127;DSHOW;SD;Variedades;Si
Argentina;Abono Mensual;Platino;128;Encuentro;SD;Nacional;Si
Argentina;Abono Mensual;Platino;129;Canal de la Ciudad;SD;Local;No
Argentina;Abono Mensual;Platino;130;Canal 7 Mendoza;SD;Local;Si
Argentina;Abono Mensual;Platino;131;Canal 9 Mendoza;SD;Local;Si
Argentina;Abono Mensual;Platino;132;Telediario;SD;Local;Si
Argentina;Abono Mensual;Platino;133;Canal 7 de Jujuy;SD;Local;Si
Argentina;Abono Mensual;Platino;134;Canal 3 Rosario;SD;Nacional;Si
Argentina;Abono Mensual;Platino;135;Canal 12 de Córdoba;SD;Local;Si
Argentina;Abono Mensual;Platino;136;Telefé Córdoba;SD;Local;No
Argentina;Abono Mensual;Platino;137;Telefe Rosario;SD;Local;Si
Argentina;Abono Mensual;Platino;139;Televisión Pública Pampeana;SD;Local;Si
Argentina;Abono Mensual;Platino;140;Canal 8 San Juan;SD;Local;No
Argentina;Abono Mensual;Platino;160;Infomerciales;SD;Variedades;Si
Argentina;Abono Mensual;Platino;199;KZO;SD;Variedades;Si
Argentina;Abono Mensual;Platino;200;DIRECTV Series;SD;Portal;Si
Argentina;Abono Mensual;Platino;204;Star Channel;SD;Variedades;Si
Argentina;Abono Mensual;Platino;206;Warner Channel;SD;Variedades;Si
Argentina;Abono Mensual;Platino;207;A&E;SD;Variedades;Si
Argentina;Abono Mensual;Platino;208;Sony;SD;Variedades;Si
Argentina;Abono Mensual;Platino;209;AXN;SD;Variedades;Si
Argentina;Abono Mensual;Platino;210;AMC;SD;Variedades;Si
Argentina;Abono Mensual;Platino;213;TNT Series;SD;Variedades;Si
Argentina;Abono Mensual;Platino;214;Atres Series;SD;Variedades;Si
Argentina;Abono Mensual;Platino;215;Comedy Central;SD;Variedades;Si
Argentina;Abono Mensual;Platino;216;TNT Novelas;SD;Variedades;Si
Argentina;Abono Mensual;Platino;217;FX;SD;Variedades;Si
Argentina;Abono Mensual;Platino;218;Universal TV;SD;Variedades;Si
Argentina;Abono Mensual;Platino;219;USA Network;SD;Variedades;Si
Argentina;Abono Mensual;Platino;220;Adult Swim;SD;Variedades;Si
Argentina;Abono Mensual;Platino;221;¡Hola! TV;SD;Variedades;Si
Argentina;Abono Mensual;Platino;222;E!;SD;Variedades;Si
Argentina;Abono Mensual;Platino;223;Investigation Discovery (ID);SD;Variedades;Si
Argentina;Abono Mensual;Platino;226;Las Estrellas;SD;Variedades;Si
Argentina;Abono Mensual;Platino;227;TLnovelas;SD;Variedades;Si
Argentina;Abono Mensual;Platino;228;Lifetime;SD;Variedades;Si
Argentina;Abono Mensual;Platino;229;Discovery Home & Health;SD;Variedades;Si
Argentina;Abono Mensual;Platino;230;Más Chic;SD;Variedades;Si
Argentina;Abono Mensual;Platino;231;Telemundo;SD;Variedades;Si
Argentina;Abono Mensual;Platino;232;El Gourmet;SD;Variedades;Si
Argentina;Abono Mensual;Platino;233;Food Network;SD;Variedades;Si
Argentina;Abono Mensual;Platino;236;Ciudad Magazine;SD;Variedades;Si
Argentina;Abono Mensual;Platino;238;Volver;SD;Variedades;Si
Argentina;Abono Mensual;Platino;240;Caras TV;SD;Mundo;Si
Argentina;Abono Mensual;Platino;264;MTV;SD;Variedades;Si
Argentina;Abono Mensual;Platino;267;DSHOW;SD;Variedades;No
Argentina;Abono Mensual;Platino;269;Quiero Música en Mi Idioma (QMusic);SD;Variedades;Si
Argentina;Abono Mensual;Platino;296;Unión Radio Noticias;Radio;Radio;Si
Argentina;Abono Mensual;Platino;300;OnDIRECTV;SD;Variedades;Si
Argentina;Abono Mensual;Platino;301;Star Fun;SD;PPV;Si
Argentina;Abono Mensual;Platino;302;HBO Family;SD;Cine;Si
Argentina;Abono Mensual;Platino;303;Paka Paka;SD;Infantil;Si
Argentina;Abono Mensual;Platino;304;Cartoon Network;SD;Infantil;Si
Argentina;Abono Mensual;Platino;308;Nickelodeon;SD;Infantil;Si
Argentina;Abono Mensual;Platino;309;Nick Jr.;SD;Infantil;Si
Argentina;Abono Mensual;Platino;312;Disney Channel;SD;Infantil;Si
Argentina;Abono Mensual;Platino;315;Disney Junior;SD;Infantil;Si
Argentina;Abono Mensual;Platino;317;BabyTV;SD;Infantil;Si
Argentina;Abono Mensual;Platino;318;Plim Plim;SD;Infantil;Si
Argentina;Abono Mensual;Platino;319;El Reino Infantil;SD;Infantil;Si
Argentina;Abono Mensual;Platino;330;Discovery Kids;SD;Infantil;Si
Argentina;Abono Mensual;Platino;334;Cartoonito;SD;Infantil;Si
Argentina;Abono Mensual;Platino;350;EWTN;SD;Religioso;Si
Argentina;Abono Mensual;Platino;351;Orbe 21;SD;Religioso;Si
Argentina;Abono Mensual;Platino;352;Enlace;SD;Religioso;Si
Argentina;Abono Mensual;Platino;354;Canal Luz;SD;Religioso;Si
Argentina;Abono Mensual;Platino;358;DayStar;SD;Religioso;No
Argentina;Abono Mensual;Platino;400;Placa DIRECTV GO;Portal;Portal;Si
Argentina;Abono Mensual;Platino;401;SMS CINE PPV;Portal;Portal;Si
Argentina;Abono Mensual;Platino;402;CINE;SD;PPV;No (PPV)
Argentina;Abono Mensual;Platino;404;CINE;SD;PPV;No (PPV)
Argentina;Abono Mensual;Platino;406;CINE;SD;PPV;No (PPV)
Argentina;Abono Mensual;Platino;408;CINE;SD;PPV;No (PPV)
Argentina;Abono Mensual;Platino;410;CINE;SD;PPV;No (PPV)
Argentina;Abono Mensual;Platino;460;SMS ADULTOS PPV;Portal;Portal;Si
Argentina;Abono Mensual;Platino;464;Playboy TV;SD;Adultos;No (Adquirible)
Argentina;Abono Mensual;Platino;468;Venus;SD;Adultos;No (Adquirible)
Argentina;Abono Mensual;Platino;469;XTSY;SD;Adultos;No (Adquirible)
Argentina;Abono Mensual;Platino;470;Hustler TV HD;HD;Adultos;No (Adquirible)
Argentina;Abono Mensual;Platino;500;OnDIRECTV;SD;Variedades;Si
Argentina;Abono Mensual;Platino;502;TNT;SD;Cine;Si
Argentina;Abono Mensual;Platino;503;Golden;SD;Cine;Si
Argentina;Abono Mensual;Platino;506;Sony Movies;SD;Cine;Si
Argentina;Abono Mensual;Platino;507;Cinecanal;SD;Cine;Si
Argentina;Abono Mensual;Platino;508;Studio Universal;SD;Cine;Si
Argentina;Abono Mensual;Platino;509;Cinemax;SD;Cine;Si
Argentina;Abono Mensual;Platino;510;Mórbido TV;SD;Cine;Si
Argentina;Abono Mensual;Platino;512;Cine.AR;SD;Cine;Si
Argentina;Abono Mensual;Platino;513;DHE;SD;Cine;Si
Argentina;Abono Mensual;Platino;516;De Película;SD;Cine;Si
Argentina;Abono Mensual;Platino;517;Golden Edge;SD;Cine;Si
Argentina;Abono Mensual;Platino;518;Space;SD;Cine;Si
Argentina;Abono Mensual;Platino;522;HBO Next;Portal;Portal;Si
Argentina;Abono Mensual;Platino;524;HBO;SD;Cine;Si
Argentina;Abono Mensual;Platino;525;HBO 2;SD;Cine;Si
Argentina;Abono Mensual;Platino;526;HBO Plus Este;SD;Cine;Si
Argentina;Abono Mensual;Platino;528;HBO Signature;SD;Cine;Si
Argentina;Abono Mensual;Platino;534;HBO Family;SD;Cine;Si
Argentina;Abono Mensual;Platino;540;HBO Mundi;SD;Cine;Si
Argentina;Abono Mensual;Platino;541;HBO Pop;SD;Cine;Si
Argentina;Abono Mensual;Platino;542;HBO Xtreme;SD;Cine;Si
Argentina;Abono Mensual;Platino;544;HBO Next;Portal;Portal;Si
Argentina;Abono Mensual;Platino;550;OnDIRECTV;SD;Variedades;Si
Argentina;Abono Mensual;Platino;551;Cómo Contratar Premium;SD;Portal;Si
Argentina;Abono Mensual;Platino;570;Portal Premium;SD;Portal;Si
Argentina;Abono Mensual;Platino;571;UNIVERSAL Premiere Este;SD;Cine;Si
Argentina;Abono Mensual;Platino;572;UNIVERSAL Cinema Oeste;SD;Cine;Si
Argentina;Abono Mensual;Platino;573;UNIVERSAL Comedy;SD;Cine;Si
Argentina;Abono Mensual;Platino;574;UNIVERSAL Crime;SD;Cine;Si
Argentina;Abono Mensual;Platino;575;UNIVERSAL Reality;SD;Cine;Si
Argentina;Abono Mensual;Platino;576;UNIVERSAL Premiere Oeste;SD;Cine;Si
Argentina;Abono Mensual;Platino;577;UNIVERSAL Crime Oeste;SD;Cine;Si
Argentina;Abono Mensual;Platino;599;Bienvenido a DIRECTV;Portal;Portal;Si
Argentina;Abono Mensual;Platino;600;Portal DIRECTV Sports;Portal;Portal;Si
Argentina;Abono Mensual;Platino;601;Nueva señal - Nombre TBD;SD;Variedades;No
Argentina;Abono Mensual;Platino;602;Portal Fútbol Premium;Portal;Portal;Si
Argentina;Abono Mensual;Platino;603;TNT Sports;SD;Deportes;No (Adquirible)
Argentina;Abono Mensual;Platino;604;ESPN Premium;SD;Deportes;No (Adquirible)
Argentina;Abono Mensual;Platino;605;Fox Sports;SD;Deportes;Si
Argentina;Abono Mensual;Platino;608;Fox Sports 2;SD;Deportes;Si
Argentina;Abono Mensual;Platino;609;Fox Sports 3;SD;Deportes;Si
Argentina;Abono Mensual;Platino;610;DSPORTS;SD;Deportes;Si
Argentina;Abono Mensual;Platino;612;DSPORTS 2;SD;Deportes;Si
Argentina;Abono Mensual;Platino;613;DSPORTS+;SD;Deportes;Si
Argentina;Abono Mensual;Platino;620;TyC Sports;SD;Deportes;Si
Argentina;Abono Mensual;Platino;621;ESPN;SD;Deportes;Si
Argentina;Abono Mensual;Platino;622;ESPN 2;SD;Deportes;Si
Argentina;Abono Mensual;Platino;623;ESPN 3;SD;Deportes;Si
Argentina;Abono Mensual;Platino;628;Golf Channel;SD;Deportes;Si
Argentina;Abono Mensual;Platino;630;DIRECTV Sports;SD;Deportes;Si
Argentina;Abono Mensual;Platino;631;DSPORTS Radio;Radio;Radio;Si
Argentina;Abono Mensual;Platino;632;TyC Sports 2 (virtual);SD;Deportes;Si
Argentina;Abono Mensual;Platino;634;Fútbol de Paraguay;SD;Deportes;No (Adquirible)
Argentina;Abono Mensual;Platino;635;Fútbol de Bolivia;SD;Deportes;No (Adquirible)
Argentina;Abono Mensual;Platino;656;DeporTV;SD;Deportes;Si
Argentina;Abono Mensual;Platino;680;MLB Extra Innings;SD;Deportes;No (Adquirible)
Argentina;Abono Mensual;Platino;681;MLB Extra Innings;SD;Deportes;No (Adquirible)
Argentina;Abono Mensual;Platino;700;DNEWS;SD;Variedades;Si
Argentina;Abono Mensual;Platino;704;CNN en Español;SD;Mundo;Si
Argentina;Abono Mensual;Platino;706;CNN International;SD;Mundo;Si
Argentina;Abono Mensual;Platino;707;CNN Chile;SD;Mundo;Si
Argentina;Abono Mensual;Platino;708;24 HORAS;SD;Mundo;Si
Argentina;Abono Mensual;Platino;710;Bloomberg Television;SD;Mundo;Si
Argentina;Abono Mensual;Platino;714;Nueva señal - TBD;SD;Variedades;No
Argentina;Abono Mensual;Platino;715;La Nación+;SD;Mundo;Si
Argentina;Abono Mensual;Platino;716;Todo Noticias (TN);SD;Mundo;Si
Argentina;Abono Mensual;Platino;717;C5N;SD;Mundo;Si
Argentina;Abono Mensual;Platino;718;Crónica TV;SD;Mundo;Si
Argentina;Abono Mensual;Platino;719;A24;SD;Mundo;Si
Argentina;Abono Mensual;Platino;720;Canal 26;SD;Mundo;Si
Argentina;Abono Mensual;Platino;721;Argentina 12;SD;Mundo;Si
Argentina;Abono Mensual;Platino;724;Chacra TV;SD;Mundo;No
Argentina;Abono Mensual;Platino;725;NTN24;SD;Mundo;Si
Argentina;Abono Mensual;Platino;726;Telemax;SD;Mundo;Si
Argentina;Abono Mensual;Platino;727;Cable Noticias;SD;Mundo;Si
Argentina;Abono Mensual;Platino;728;Canal Rural;SD;Nacional;Si
Argentina;Abono Mensual;Platino;729;Construir TV;SD;Mundo;Si
Argentina;Abono Mensual;Platino;730;National Geographic;SD;Mundo;Si
Argentina;Abono Mensual;Platino;732;Discovery Channel;SD;Mundo;Si
Argentina;Abono Mensual;Platino;734;Animal Planet;SD;Mundo;Si
Argentina;Abono Mensual;Platino;736;Discovery Turbo;SD;Mundo;Si
Argentina;Abono Mensual;Platino;740;TLC;SD;Mundo;Si
Argentina;Abono Mensual;Platino;742;History Channel;SD;Mundo;Si
Argentina;Abono Mensual;Platino;744;History 2;SD;Mundo;Si
Argentina;Abono Mensual;Platino;760;Univision;SD;Mundo;Si
Argentina;Abono Mensual;Platino;762;Antena 3;SD;Mundo;Si
Argentina;Abono Mensual;Platino;764;France 24 Español;SD;Mundo;Si
Argentina;Abono Mensual;Platino;766;Rai Italia;SD;Mundo;Si
Argentina;Abono Mensual;Platino;768;BBC News;SD;Mundo;Si
Argentina;Abono Mensual;Platino;770;DW Español;SD;Mundo;Si
Argentina;Abono Mensual;Platino;772;Caracol Internacional;SD;Mundo;Si
Argentina;Abono Mensual;Platino;773;El Tiempo TV;SD;Mundo;Si
Argentina;Abono Mensual;Platino;774;TV Chile;SD;Mundo;Si
Argentina;Abono Mensual;Platino;775;Nuestra Tele;SD;Mundo;Si
Argentina;Abono Mensual;Platino;776;TV Globo Internacional;SD;Mundo;No (Adquirible)
Argentina;Abono Mensual;Platino;778;RTP Internacional;SD;Mundo;Si
Argentina;Abono Mensual;Platino;780;Zee Mundo;SD;Mundo;No (Adquirible)
Argentina;Abono Mensual;Platino;782;NHK World Japan;SD;Mundo;No (Adquirible)
Argentina;Abono Mensual;Platino;790;CGTN Español;SD;Mundo;Si
Argentina;Abono Mensual;Platino;795;TV Perú;SD;Mundo;Si
Argentina;Abono Mensual;Platino;800;OnDIRECTV;SD;Variedades;Si
Argentina;Abono Mensual;Platino;804;Escuela Más;SD;Variedades;Si
Argentina;Abono Mensual;Platino;901;DSPORTS Radio;Radio;Radio;Si
Argentina;Abono Mensual;Platino;973;FM Aspen;Radio;Radio;Si
Argentina;Abono Mensual;Platino;974;Radio Nacional;Radio;Radio;Si
Argentina;Abono Mensual;Platino;976;Radio del Plata;Radio;Radio;Si
Argentina;Abono Mensual;Platino;977;Radio Disney;Radio;Radio;Si
Argentina;Abono Mensual;Platino;980;Unión Radio Noticias;Radio;Radio;Si
Argentina;Abono Mensual;Platino;981;FM Latina 101.1;Radio;Radio;Si
Argentina;Abono Mensual;Platino;982;Radio Caracol;Radio;Radio;Si
Argentina;Abono Mensual;Platino;984;Radio France Internationale;Radio;Radio;Si
Argentina;Abono Mensual;Platino;999;OnDIRECTV;SD;Variedades;Si
Argentina;Abono Mensual;Platino;1105;Gran Hermano - Experiencia Multicámara;SD;Variedades;No
Argentina;Abono Mensual;Platino;1106;Gran Hermano - 24 hs;SD;Variedades;No
Argentina;Abono Mensual;Platino;1107;Gran Hermano - Cámara 1;SD;Variedades;No
Argentina;Abono Mensual;Platino;1108;Gran Hermano - Cámara 2;SD;Variedades;No
Argentina;Abono Mensual;Platino;1109;Gran Hermano - Cámara 3;SD;Variedades;No
Argentina;Abono Mensual;Platino;1120;América HD;HD;Nacional;Si
Argentina;Abono Mensual;Platino;1121;TV Pública HD;HD;Nacional;Si
Argentina;Abono Mensual;Platino;1122;El Nueve HD;HD;Nacional;Si
Argentina;Abono Mensual;Platino;1123;Telefe HD;HD;Nacional;Si
Argentina;Abono Mensual;Platino;1124;El Trece HD;HD;Nacional;Si
Argentina;Abono Mensual;Platino;1125;Net TV HD;HD;Nacional;Si
Argentina;Abono Mensual;Platino;1127;DSHOW HD;HD;Variedades;No
Argentina;Abono Mensual;Platino;1128;Encuentro HD;HD;Nacional;No
Argentina;Abono Mensual;Platino;1199;KZO HD;HD;Variedades;Si
Argentina;Abono Mensual;Platino;1200;DIRECTV Series HD;HD;Portal;Si
Argentina;Abono Mensual;Platino;1204;Star Channel HD;HD;Variedades;Si
Argentina;Abono Mensual;Platino;1206;Warner Channel HD;HD;Variedades;Si
Argentina;Abono Mensual;Platino;1207;A&E HD;HD;Variedades;Si
Argentina;Abono Mensual;Platino;1208;Sony HD;HD;Variedades;Si
Argentina;Abono Mensual;Platino;1209;AXN HD;HD;Variedades;Si
Argentina;Abono Mensual;Platino;1210;AMC HD;HD;Variedades;Si
Argentina;Abono Mensual;Platino;1213;TNT Series HD;HD;Variedades;Si
Argentina;Abono Mensual;Platino;1214;Atres Series HD;HD;Variedades;Si
Argentina;Abono Mensual;Platino;1215;Comedy Central HD;HD;Variedades;Si
Argentina;Abono Mensual;Platino;1217;FX HD;HD;Variedades;Si
Argentina;Abono Mensual;Platino;1218;Universal TV HD;HD;Variedades;Si
Argentina;Abono Mensual;Platino;1219;USA Network HD;HD;Variedades;Si
Argentina;Abono Mensual;Platino;1221;Hola TV HD;HD;Variedades;Si
Argentina;Abono Mensual;Platino;1222;E! HD;HD;Variedades;Si
Argentina;Abono Mensual;Platino;1223;ID HD;HD;Variedades;Si
Argentina;Abono Mensual;Platino;1228;Lifetime HD;HD;Variedades;Si
Argentina;Abono Mensual;Platino;1229;Discovery Home & Health HD;HD;Variedades;Si
Argentina;Abono Mensual;Platino;1231;A la Cocina TV;HD;Variedades;No
Argentina;Abono Mensual;Platino;1232;El Gourmet HD;HD;Variedades;Si
Argentina;Abono Mensual;Platino;1233;Food Network HD;HD;Variedades;Si
Argentina;Abono Mensual;Platino;1234;HGTV HD;HD;Variedades;Si
Argentina;Abono Mensual;Platino;1236;Ciudad Magazine HD;HD;Variedades;Si
Argentina;Abono Mensual;Platino;1237;VePlus HD;HD;Variedades;Si
Argentina;Abono Mensual;Platino;1264;MTV HD;HD;Variedades;Si
Argentina;Abono Mensual;Platino;1265;Music Top HD;HD;Variedades;Si
Argentina;Abono Mensual;Platino;1266;Tierra Mía HD;HD;Variedades;Si
Argentina;Abono Mensual;Platino;1267;DSHOW;SD;Variedades;No
Argentina;Abono Mensual;Platino;1269;Quiero Música en Mi Idioma (QMusic) HD;HD;Variedades;Si
Argentina;Abono Mensual;Platino;1270;Latina TV;HD;Variedades;Si
Argentina;Abono Mensual;Platino;1304;Cartoon Network HD;HD;Infantil;Si
Argentina;Abono Mensual;Platino;1308;Nick HD;HD;Infantil;Si
Argentina;Abono Mensual;Platino;1309;Nick Jr. HD;HD;Infantil;Si
Argentina;Abono Mensual;Platino;1312;Disney Channel HD;HD;Infantil;Si
Argentina;Abono Mensual;Platino;1315;Disney Junior HD;HD;Infantil;Si
Argentina;Abono Mensual;Platino;1317;BabyTV;SD;Infantil;Si
Argentina;Abono Mensual;Platino;1318;Plim Plim;SD;Infantil;Si
Argentina;Abono Mensual;Platino;1319;El Reino Infantil;SD;Infantil;Si
Argentina;Abono Mensual;Platino;1330;Discovery Kids HD;HD;Infantil;Si
Argentina;Abono Mensual;Platino;1402;PPV HD;HD;PPV;No
Argentina;Abono Mensual;Platino;1404;PPV HD;HD;PPV;No
Argentina;Abono Mensual;Platino;1406;PPV HD;HD;PPV;No
Argentina;Abono Mensual;Platino;1408;PPV HD;HD;PPV;No (PPV)
Argentina;Abono Mensual;Platino;1410;PPV HD;HD;PPV;No (PPV)
Argentina;Abono Mensual;Platino;1502;TNT HD;HD;Cine;Si
Argentina;Abono Mensual;Platino;1503;Golden HD;HD;Cine;Si
Argentina;Abono Mensual;Platino;1506;Sony Movies HD;HD;Cine;Si
Argentina;Abono Mensual;Platino;1507;Cinecanal HD;HD;Cine;Si
Argentina;Abono Mensual;Platino;1508;Studio Universal HD;HD;Cine;Si
Argentina;Abono Mensual;Platino;1509;Cinemax HD;HD;Cine;Si
Argentina;Abono Mensual;Platino;1510;Mórbido TV;SD;Cine;Si
Argentina;Abono Mensual;Platino;1513;DHE HD;HD;Cine;Si
Argentina;Abono Mensual;Platino;1518;Space HD;HD;Cine;Si
Argentina;Abono Mensual;Platino;1524;HBO HD;HD;Cine;Si
Argentina;Abono Mensual;Platino;1525;HBO 2 HD;HD;Cine;Si
Argentina;Abono Mensual;Platino;1528;HBO Signature HD;HD;Cine;Si
Argentina;Abono Mensual;Platino;1532;HBO Plus HD;HD;Cine;Si
Argentina;Abono Mensual;Platino;1534;HBO Family HD;HD;Cine;Si
Argentina;Abono Mensual;Platino;1542;HBO Xtreme HD;HD;Cine;Si
Argentina;Abono Mensual;Platino;1571;UNIVERSAL Premiere Este HD;HD;Cine;Si
Argentina;Abono Mensual;Platino;1572;UNIVERSAL Cinema Oeste HD;HD;Cine;Si
Argentina;Abono Mensual;Platino;1573;UNIVERSAL Comedy HD;HD;Cine;Si
Argentina;Abono Mensual;Platino;1574;UNIVERSAL Crime HD;HD;Cine;Si
Argentina;Abono Mensual;Platino;1575;UNIVERSAL Reality HD;HD;Cine;Si
Argentina;Abono Mensual;Platino;1576;UNIVERSAL Premiere Oeste HD;HD;Cine;Si
Argentina;Abono Mensual;Platino;1577;UNIVERSAL Crime Oeste HD;HD;Cine;Si
Argentina;Abono Mensual;Platino;1601;Nueva señal - Nombre TBD;SD;Variedades;No
Argentina;Abono Mensual;Platino;1602;Portal Fútbol Premium;Portal;Portal;Si
Argentina;Abono Mensual;Platino;1603;TNT Sports HD;HD;Deportes;No (Adquirible)
Argentina;Abono Mensual;Platino;1604;Fox Sports Premium HD;HD;Deportes;No (Adquirible)
Argentina;Abono Mensual;Platino;1605;Fox Sports HD;HD;Deportes;Si
Argentina;Abono Mensual;Platino;1608;Fox Sports 2 HD;HD;Deportes;Si
Argentina;Abono Mensual;Platino;1609;Fox Sports 3 HD;HD;Deportes;Si
Argentina;Abono Mensual;Platino;1610;DSPORTS HD;HD;Deportes;Si
Argentina;Abono Mensual;Platino;1612;DSPORTS 2 HD;HD;Deportes;Si
Argentina;Abono Mensual;Platino;1613;DSPORTS+ HD;HD;Deportes;Si
Argentina;Abono Mensual;Platino;1620;TyC Sports HD;HD;Deportes;Si
Argentina;Abono Mensual;Platino;1621;ESPN HD;HD;Deportes;Si
Argentina;Abono Mensual;Platino;1622;ESPN 2 HD;HD;Deportes;Si
Argentina;Abono Mensual;Platino;1623;ESPN 3 HD;HD;Deportes;Si
Argentina;Abono Mensual;Platino;1624;ESPN 4;HD;Deportes;Si
Argentina;Abono Mensual;Platino;1628;Golf Channel HD;HD;Deportes;Si
Argentina;Abono Mensual;Platino;1630;DSPORTS;SD;Deportes;Si
Argentina;Abono Mensual;Platino;1631;DSPORTS Radio;Radio;Radio;Si
Argentina;Abono Mensual;Platino;1639;PX Sports;HD;Deportes;Si
Argentina;Abono Mensual;Platino;1654;DeporTV HD;HD;Deportes;Si
Argentina;Abono Mensual;Platino;1656;DeporTV HD;HD;Deportes;No
Argentina;Abono Mensual;Platino;1677;NBA TV HD;HD;Deportes;Si
Argentina;Abono Mensual;Platino;1700;DNEWS HD;HD;Variedades;Si
Argentina;Abono Mensual;Platino;1714;DSHOW;SD;Variedades;No
Argentina;Abono Mensual;Platino;1715;La Nación+ HD;HD;Mundo;Si
Argentina;Abono Mensual;Platino;1716;TN HD;HD;Mundo;Si
Argentina;Abono Mensual;Platino;1717;C5N HD;HD;Local;Si
Argentina;Abono Mensual;Platino;1719;A24 HD;HD;Mundo;Si
Argentina;Abono Mensual;Platino;1720;Canal 26 HD;HD;Mundo;Si
Argentina;Abono Mensual;Platino;1721;Argentina 12 HD;HD;Mundo;Si
Argentina;Abono Mensual;Platino;1722;Canal E;HD;Variedades;No
Argentina;Abono Mensual;Platino;1724;TV Perú Noticias HD;HD;Mundo;Si
Argentina;Abono Mensual;Platino;1730;National Geographic HD;HD;Mundo;Si
Argentina;Abono Mensual;Platino;1731;Discovery Theater HD;HD;Mundo;Si
Argentina;Abono Mensual;Platino;1732;Discovery Channel HD;HD;Mundo;Si
Argentina;Abono Mensual;Platino;1734;Animal Planet HD;HD;Mundo;Si
Argentina;Abono Mensual;Platino;1738;Discovery World HD;HD;Mundo;Si
Argentina;Abono Mensual;Platino;1740;TLC HD;HD;Mundo;Si
Argentina;Abono Mensual;Platino;1742;History Channel HD;HD;Mundo;Si
Argentina;Abono Mensual;Platino;1744;History 2 HD;HD;Mundo;Si
Argentina;Abono Mensual;Platino;1748;Canal (A) HD;HD;Mundo;Si
Argentina;Abono Mensual;Platino;1750;Encuentro Internacional HD;HD;Variedades;Si
Argentina;Abono Mensual;Platino;1762;Antena 3 HD;HD;Mundo;Si
Argentina;Abono Mensual;Platino;1764;France 24 Español;SD;Mundo;Si
Argentina;Abono Mensual;Platino;1789;TV Ciudad HD;HD;Variedades;Si
Argentina;Abono Mensual;Platino;1795;TV Perú HD;HD;Mundo;Si
Argentina;Abono Mensual;Platino;1804;Escuela Más HD;HD;Variedades;Si
Argentina;Abono Mensual;Platino;4000;DIRECTV Ultra HD: 4K;4K;4K;No
Argentina;Abono Mensual;Skinny Lite;100;Canal 100 DIRECTV;Portal;Portal;No
Argentina;Abono Mensual;Skinny Lite;101;Canal 101 Prepago;Portal;Portal;No
Argentina;Abono Mensual;Skinny Lite;105;Gran Hermano - Experiencia Multicámara;SD;Variedades;No
Argentina;Abono Mensual;Skinny Lite;106;Gran Hermano - 24 hs;SD;Variedades;No
Argentina;Abono Mensual;Skinny Lite;107;Gran Hermano - Cámara 1;SD;Variedades;No
Argentina;Abono Mensual;Skinny Lite;108;Gran Hermano - Cámara 2;SD;Variedades;No
Argentina;Abono Mensual;Skinny Lite;109;Gran Hermano - Cámara 3;SD;Variedades;No
Argentina;Abono Mensual;Skinny Lite;120;América;SD;Nacional;No
Argentina;Abono Mensual;Skinny Lite;121;TV Pública;SD;Nacional;Si
Argentina;Abono Mensual;Skinny Lite;122;El Nueve;SD;Nacional;Si
Argentina;Abono Mensual;Skinny Lite;123;Telefe;SD;Nacional;Si
Argentina;Abono Mensual;Skinny Lite;124;El Trece;SD;Nacional;Si
Argentina;Abono Mensual;Skinny Lite;125;Net TV;SD;Nacional;Si
Argentina;Abono Mensual;Skinny Lite;126;Bravo TV;SD;Variedades;No
Argentina;Abono Mensual;Skinny Lite;127;DSHOW;SD;Variedades;No
Argentina;Abono Mensual;Skinny Lite;128;Encuentro;SD;Nacional;Si
Argentina;Abono Mensual;Skinny Lite;129;Canal de la Ciudad;SD;Local;No
Argentina;Abono Mensual;Skinny Lite;130;Canal 7 Mendoza;SD;Local;No
Argentina;Abono Mensual;Skinny Lite;131;Canal 9 Mendoza;SD;Local;No
Argentina;Abono Mensual;Skinny Lite;132;Telediario;SD;Local;No
Argentina;Abono Mensual;Skinny Lite;133;Canal 7 de Jujuy;SD;Local;No
Argentina;Abono Mensual;Skinny Lite;134;Canal 3 Rosario;SD;Nacional;No
Argentina;Abono Mensual;Skinny Lite;135;Canal 12 de Córdoba;SD;Local;No
Argentina;Abono Mensual;Skinny Lite;136;Telefé Córdoba;SD;Local;No
Argentina;Abono Mensual;Skinny Lite;137;Telefe Rosario;SD;Local;No
Argentina;Abono Mensual;Skinny Lite;139;Televisión Pública Pampeana;SD;Local;No
Argentina;Abono Mensual;Skinny Lite;140;Canal 8 San Juan;SD;Local;No
Argentina;Abono Mensual;Skinny Lite;160;Infomerciales;SD;Variedades;No
Argentina;Abono Mensual;Skinny Lite;199;KZO;SD;Variedades;Si
Argentina;Abono Mensual;Skinny Lite;200;DIRECTV Series;SD;Portal;No
Argentina;Abono Mensual;Skinny Lite;204;Star Channel;SD;Variedades;No
Argentina;Abono Mensual;Skinny Lite;206;Warner Channel;SD;Variedades;No
Argentina;Abono Mensual;Skinny Lite;207;A&E;SD;Variedades;No
Argentina;Abono Mensual;Skinny Lite;208;Sony;SD;Variedades;No
Argentina;Abono Mensual;Skinny Lite;209;AXN;SD;Variedades;No
Argentina;Abono Mensual;Skinny Lite;210;AMC;SD;Variedades;No
Argentina;Abono Mensual;Skinny Lite;213;TNT Series;SD;Variedades;No
Argentina;Abono Mensual;Skinny Lite;214;Atres Series;SD;Variedades;No
Argentina;Abono Mensual;Skinny Lite;215;Comedy Central;SD;Variedades;No
Argentina;Abono Mensual;Skinny Lite;216;TNT Novelas;SD;Variedades;No
Argentina;Abono Mensual;Skinny Lite;217;FX;SD;Variedades;No
Argentina;Abono Mensual;Skinny Lite;218;Universal TV;SD;Variedades;No
Argentina;Abono Mensual;Skinny Lite;219;USA Network;SD;Variedades;No
Argentina;Abono Mensual;Skinny Lite;220;Adult Swim;SD;Variedades;No
Argentina;Abono Mensual;Skinny Lite;221;¡Hola! TV;SD;Variedades;No
Argentina;Abono Mensual;Skinny Lite;222;E!;SD;Variedades;No
Argentina;Abono Mensual;Skinny Lite;223;Investigation Discovery (ID);SD;Variedades;No
Argentina;Abono Mensual;Skinny Lite;226;Las Estrellas;SD;Variedades;No
Argentina;Abono Mensual;Skinny Lite;227;TLnovelas;SD;Variedades;No
Argentina;Abono Mensual;Skinny Lite;228;Lifetime;SD;Variedades;No
Argentina;Abono Mensual;Skinny Lite;229;Discovery Home & Health;SD;Variedades;No
Argentina;Abono Mensual;Skinny Lite;230;Más Chic;SD;Variedades;No
Argentina;Abono Mensual;Skinny Lite;231;Telemundo;SD;Variedades;No
Argentina;Abono Mensual;Skinny Lite;232;El Gourmet;SD;Variedades;No
Argentina;Abono Mensual;Skinny Lite;233;Food Network;SD;Variedades;No
Argentina;Abono Mensual;Skinny Lite;236;Ciudad Magazine;SD;Variedades;No
Argentina;Abono Mensual;Skinny Lite;238;Volver;SD;Variedades;No
Argentina;Abono Mensual;Skinny Lite;240;Caras TV;SD;Mundo;Si
Argentina;Abono Mensual;Skinny Lite;264;MTV;SD;Variedades;No
Argentina;Abono Mensual;Skinny Lite;267;DSHOW;SD;Variedades;No
Argentina;Abono Mensual;Skinny Lite;269;Quiero Música en Mi Idioma (QMusic);SD;Variedades;No
Argentina;Abono Mensual;Skinny Lite;296;Unión Radio Noticias;Radio;Radio;No
Argentina;Abono Mensual;Skinny Lite;300;OnDIRECTV;SD;Variedades;No
Argentina;Abono Mensual;Skinny Lite;301;Star Fun;SD;PPV;No
Argentina;Abono Mensual;Skinny Lite;302;HBO Family;SD;Cine;No
Argentina;Abono Mensual;Skinny Lite;303;Paka Paka;SD;Infantil;No
Argentina;Abono Mensual;Skinny Lite;304;Cartoon Network;SD;Infantil;No
Argentina;Abono Mensual;Skinny Lite;308;Nickelodeon;SD;Infantil;No
Argentina;Abono Mensual;Skinny Lite;309;Nick Jr.;SD;Infantil;No
Argentina;Abono Mensual;Skinny Lite;312;Disney Channel;SD;Infantil;No
Argentina;Abono Mensual;Skinny Lite;315;Disney Junior;SD;Infantil;No
Argentina;Abono Mensual;Skinny Lite;317;BabyTV;SD;Infantil;No
Argentina;Abono Mensual;Skinny Lite;318;Plim Plim;SD;Infantil;No
Argentina;Abono Mensual;Skinny Lite;319;El Reino Infantil;SD;Infantil;No
Argentina;Abono Mensual;Skinny Lite;330;Discovery Kids;SD;Infantil;No
Argentina;Abono Mensual;Skinny Lite;334;Cartoonito;SD;Infantil;No
Argentina;Abono Mensual;Skinny Lite;350;EWTN;SD;Religioso;No
Argentina;Abono Mensual;Skinny Lite;351;Orbe 21;SD;Religioso;No
Argentina;Abono Mensual;Skinny Lite;352;Enlace;SD;Religioso;No
Argentina;Abono Mensual;Skinny Lite;354;Canal Luz;SD;Religioso;No
Argentina;Abono Mensual;Skinny Lite;358;DayStar;SD;Religioso;Si
Argentina;Abono Mensual;Skinny Lite;400;Placa DIRECTV GO;Portal;Portal;No
Argentina;Abono Mensual;Skinny Lite;401;SMS CINE PPV;Portal;Portal;No
Argentina;Abono Mensual;Skinny Lite;402;CINE;SD;PPV;No
Argentina;Abono Mensual;Skinny Lite;404;CINE;SD;PPV;No
Argentina;Abono Mensual;Skinny Lite;406;CINE;SD;PPV;No
Argentina;Abono Mensual;Skinny Lite;408;CINE;SD;PPV;No
Argentina;Abono Mensual;Skinny Lite;410;CINE;SD;PPV;No
Argentina;Abono Mensual;Skinny Lite;460;SMS ADULTOS PPV;Portal;Portal;No
Argentina;Abono Mensual;Skinny Lite;464;Playboy TV;SD;Adultos;No
Argentina;Abono Mensual;Skinny Lite;468;Venus;SD;Adultos;No
Argentina;Abono Mensual;Skinny Lite;469;XTSY;SD;Adultos;No
Argentina;Abono Mensual;Skinny Lite;470;Hustler TV HD;HD;Adultos;No
Argentina;Abono Mensual;Skinny Lite;500;OnDIRECTV;SD;Variedades;No
Argentina;Abono Mensual;Skinny Lite;502;TNT;SD;Cine;No
Argentina;Abono Mensual;Skinny Lite;503;Golden;SD;Cine;No
Argentina;Abono Mensual;Skinny Lite;506;Sony Movies;SD;Cine;No
Argentina;Abono Mensual;Skinny Lite;507;Cinecanal;SD;Cine;No
Argentina;Abono Mensual;Skinny Lite;508;Studio Universal;SD;Cine;No
Argentina;Abono Mensual;Skinny Lite;509;Cinemax;SD;Cine;No
Argentina;Abono Mensual;Skinny Lite;510;Mórbido TV;SD;Cine;No
Argentina;Abono Mensual;Skinny Lite;512;Cine.AR;SD;Cine;No
Argentina;Abono Mensual;Skinny Lite;513;DHE;SD;Cine;No
Argentina;Abono Mensual;Skinny Lite;516;De Película;SD;Cine;No
Argentina;Abono Mensual;Skinny Lite;517;Golden Edge;SD;Cine;No
Argentina;Abono Mensual;Skinny Lite;518;Space;SD;Cine;No
Argentina;Abono Mensual;Skinny Lite;522;HBO Next;Portal;Portal;No
Argentina;Abono Mensual;Skinny Lite;524;HBO;SD;Cine;No
Argentina;Abono Mensual;Skinny Lite;525;HBO 2;SD;Cine;No
Argentina;Abono Mensual;Skinny Lite;526;HBO Plus Este;SD;Cine;No
Argentina;Abono Mensual;Skinny Lite;528;HBO Signature;SD;Cine;No
Argentina;Abono Mensual;Skinny Lite;534;HBO Family;SD;Cine;No
Argentina;Abono Mensual;Skinny Lite;540;HBO Mundi;SD;Cine;No
Argentina;Abono Mensual;Skinny Lite;541;HBO Pop;SD;Cine;No
Argentina;Abono Mensual;Skinny Lite;542;HBO Xtreme;SD;Cine;No
Argentina;Abono Mensual;Skinny Lite;544;HBO Next;Portal;Portal;No
Argentina;Abono Mensual;Skinny Lite;550;OnDIRECTV;SD;Variedades;No
Argentina;Abono Mensual;Skinny Lite;551;Cómo Contratar Premium;SD;Portal;No
Argentina;Abono Mensual;Skinny Lite;570;Portal Premium;SD;Portal;No
Argentina;Abono Mensual;Skinny Lite;571;UNIVERSAL Premiere Este;SD;Cine;No
Argentina;Abono Mensual;Skinny Lite;572;UNIVERSAL Cinema Oeste;SD;Cine;No
Argentina;Abono Mensual;Skinny Lite;573;UNIVERSAL Comedy;SD;Cine;No
Argentina;Abono Mensual;Skinny Lite;574;UNIVERSAL Crime;SD;Cine;No
Argentina;Abono Mensual;Skinny Lite;575;UNIVERSAL Reality;SD;Cine;No
Argentina;Abono Mensual;Skinny Lite;576;UNIVERSAL Premiere Oeste;SD;Cine;No
Argentina;Abono Mensual;Skinny Lite;577;UNIVERSAL Crime Oeste;SD;Cine;No
Argentina;Abono Mensual;Skinny Lite;599;Bienvenido a DIRECTV;Portal;Portal;No
Argentina;Abono Mensual;Skinny Lite;600;Portal DIRECTV Sports;Portal;Portal;No
Argentina;Abono Mensual;Skinny Lite;601;Nueva señal - Nombre TBD;SD;Variedades;No
Argentina;Abono Mensual;Skinny Lite;602;Portal Fútbol Premium;Portal;Portal;No
Argentina;Abono Mensual;Skinny Lite;603;TNT Sports;SD;Deportes;No
Argentina;Abono Mensual;Skinny Lite;604;ESPN Premium;SD;Deportes;No
Argentina;Abono Mensual;Skinny Lite;605;Fox Sports;SD;Deportes;No
Argentina;Abono Mensual;Skinny Lite;608;Fox Sports 2;SD;Deportes;No
Argentina;Abono Mensual;Skinny Lite;609;Fox Sports 3;SD;Deportes;No
Argentina;Abono Mensual;Skinny Lite;610;DSPORTS;SD;Deportes;Si
Argentina;Abono Mensual;Skinny Lite;612;DSPORTS 2;SD;Deportes;Si
Argentina;Abono Mensual;Skinny Lite;613;DSPORTS+;SD;Deportes;Si
Argentina;Abono Mensual;Skinny Lite;620;TyC Sports;SD;Deportes;No
Argentina;Abono Mensual;Skinny Lite;621;ESPN;SD;Deportes;No
Argentina;Abono Mensual;Skinny Lite;622;ESPN 2;SD;Deportes;No
Argentina;Abono Mensual;Skinny Lite;623;ESPN 3;SD;Deportes;No
Argentina;Abono Mensual;Skinny Lite;628;Golf Channel;SD;Deportes;No
Argentina;Abono Mensual;Skinny Lite;630;DIRECTV Sports;SD;Deportes;No
Argentina;Abono Mensual;Skinny Lite;631;DSPORTS Radio;Radio;Radio;Si
Argentina;Abono Mensual;Skinny Lite;632;TyC Sports 2 (virtual);SD;Deportes;No
Argentina;Abono Mensual;Skinny Lite;634;Fútbol de Paraguay;SD;Deportes;No
Argentina;Abono Mensual;Skinny Lite;635;Fútbol de Bolivia;SD;Deportes;No
Argentina;Abono Mensual;Skinny Lite;656;DeporTV;SD;Deportes;Si
Argentina;Abono Mensual;Skinny Lite;680;MLB Extra Innings;SD;Deportes;No
Argentina;Abono Mensual;Skinny Lite;681;MLB Extra Innings;SD;Deportes;No
Argentina;Abono Mensual;Skinny Lite;700;DNEWS;SD;Variedades;Si
Argentina;Abono Mensual;Skinny Lite;704;CNN en Español;SD;Mundo;No
Argentina;Abono Mensual;Skinny Lite;706;CNN International;SD;Mundo;No
Argentina;Abono Mensual;Skinny Lite;707;CNN Chile;SD;Mundo;No
Argentina;Abono Mensual;Skinny Lite;708;24 HORAS;SD;Mundo;No
Argentina;Abono Mensual;Skinny Lite;710;Bloomberg Television;SD;Mundo;No
Argentina;Abono Mensual;Skinny Lite;714;Nueva señal - TBD;SD;Variedades;No
Argentina;Abono Mensual;Skinny Lite;715;La Nación+;SD;Mundo;Si
Argentina;Abono Mensual;Skinny Lite;716;Todo Noticias (TN);SD;Mundo;No
Argentina;Abono Mensual;Skinny Lite;717;C5N;SD;Mundo;Si
Argentina;Abono Mensual;Skinny Lite;718;Crónica TV;SD;Mundo;No
Argentina;Abono Mensual;Skinny Lite;719;A24;SD;Mundo;No
Argentina;Abono Mensual;Skinny Lite;720;Canal 26;SD;Mundo;Si
Argentina;Abono Mensual;Skinny Lite;721;Argentina 12;SD;Mundo;No
Argentina;Abono Mensual;Skinny Lite;724;Chacra TV;SD;Mundo;No
Argentina;Abono Mensual;Skinny Lite;725;NTN24;SD;Mundo;No
Argentina;Abono Mensual;Skinny Lite;726;Telemax;SD;Mundo;No
Argentina;Abono Mensual;Skinny Lite;727;Cable Noticias;SD;Mundo;No
Argentina;Abono Mensual;Skinny Lite;728;Canal Rural;SD;Nacional;No
Argentina;Abono Mensual;Skinny Lite;729;Construir TV;SD;Mundo;No
Argentina;Abono Mensual;Skinny Lite;730;National Geographic;SD;Mundo;No
Argentina;Abono Mensual;Skinny Lite;732;Discovery Channel;SD;Mundo;No
Argentina;Abono Mensual;Skinny Lite;734;Animal Planet;SD;Mundo;No
Argentina;Abono Mensual;Skinny Lite;736;Discovery Turbo;SD;Mundo;No
Argentina;Abono Mensual;Skinny Lite;740;TLC;SD;Mundo;No
Argentina;Abono Mensual;Skinny Lite;742;History Channel;SD;Mundo;No
Argentina;Abono Mensual;Skinny Lite;744;History 2;SD;Mundo;No
Argentina;Abono Mensual;Skinny Lite;760;Univision;SD;Mundo;No
Argentina;Abono Mensual;Skinny Lite;762;Antena 3;SD;Mundo;No
Argentina;Abono Mensual;Skinny Lite;764;France 24 Español;SD;Mundo;No
Argentina;Abono Mensual;Skinny Lite;766;Rai Italia;SD;Mundo;No
Argentina;Abono Mensual;Skinny Lite;768;BBC News;SD;Mundo;No
Argentina;Abono Mensual;Skinny Lite;770;DW Español;SD;Mundo;No
Argentina;Abono Mensual;Skinny Lite;772;Caracol Internacional;SD;Mundo;No
Argentina;Abono Mensual;Skinny Lite;773;El Tiempo TV;SD;Mundo;No
Argentina;Abono Mensual;Skinny Lite;774;TV Chile;SD;Mundo;No
Argentina;Abono Mensual;Skinny Lite;775;Nuestra Tele;SD;Mundo;No
Argentina;Abono Mensual;Skinny Lite;776;TV Globo Internacional;SD;Mundo;No
Argentina;Abono Mensual;Skinny Lite;778;RTP Internacional;SD;Mundo;No
Argentina;Abono Mensual;Skinny Lite;780;Zee Mundo;SD;Mundo;No
Argentina;Abono Mensual;Skinny Lite;782;NHK World Japan;SD;Mundo;No
Argentina;Abono Mensual;Skinny Lite;790;CGTN Español;SD;Mundo;Si
Argentina;Abono Mensual;Skinny Lite;795;TV Perú;SD;Mundo;No
Argentina;Abono Mensual;Skinny Lite;800;OnDIRECTV;SD;Variedades;No
Argentina;Abono Mensual;Skinny Lite;804;Escuela Más;SD;Variedades;No
Argentina;Abono Mensual;Skinny Lite;901;DSPORTS Radio;Radio;Radio;No
Argentina;Abono Mensual;Skinny Lite;973;FM Aspen;Radio;Radio;No
Argentina;Abono Mensual;Skinny Lite;974;Radio Nacional;Radio;Radio;No
Argentina;Abono Mensual;Skinny Lite;976;Radio del Plata;Radio;Radio;No
Argentina;Abono Mensual;Skinny Lite;977;Radio Disney;Radio;Radio;No
Argentina;Abono Mensual;Skinny Lite;980;Unión Radio Noticias;Radio;Radio;No
Argentina;Abono Mensual;Skinny Lite;981;FM Latina 101.1;Radio;Radio;No
Argentina;Abono Mensual;Skinny Lite;982;Radio Caracol;Radio;Radio;No
Argentina;Abono Mensual;Skinny Lite;984;Radio France Internationale;Radio;Radio;No
Argentina;Abono Mensual;Skinny Lite;999;OnDIRECTV;SD;Variedades;No
Argentina;Abono Mensual;Skinny Lite;1105;Gran Hermano - Experiencia Multicámara;SD;Variedades;No
Argentina;Abono Mensual;Skinny Lite;1106;Gran Hermano - 24 hs;SD;Variedades;No
Argentina;Abono Mensual;Skinny Lite;1107;Gran Hermano - Cámara 1;SD;Variedades;No
Argentina;Abono Mensual;Skinny Lite;1108;Gran Hermano - Cámara 2;SD;Variedades;No
Argentina;Abono Mensual;Skinny Lite;1109;Gran Hermano - Cámara 3;SD;Variedades;No
Argentina;Abono Mensual;Skinny Lite;1120;América HD;HD;Nacional;No
Argentina;Abono Mensual;Skinny Lite;1121;TV Pública HD;HD;Nacional;Si
Argentina;Abono Mensual;Skinny Lite;1122;El Nueve HD;HD;Nacional;Si
Argentina;Abono Mensual;Skinny Lite;1123;Telefe HD;HD;Nacional;Si
Argentina;Abono Mensual;Skinny Lite;1124;El Trece HD;HD;Nacional;Si
Argentina;Abono Mensual;Skinny Lite;1125;Net TV HD;HD;Nacional;Si
Argentina;Abono Mensual;Skinny Lite;1127;DSHOW HD;HD;Variedades;No
Argentina;Abono Mensual;Skinny Lite;1128;Encuentro HD;HD;Nacional;No
Argentina;Abono Mensual;Skinny Lite;1199;KZO HD;HD;Variedades;Si
Argentina;Abono Mensual;Skinny Lite;1200;DIRECTV Series HD;HD;Portal;No
Argentina;Abono Mensual;Skinny Lite;1204;Star Channel HD;HD;Variedades;No
Argentina;Abono Mensual;Skinny Lite;1206;Warner Channel HD;HD;Variedades;No
Argentina;Abono Mensual;Skinny Lite;1207;A&E HD;HD;Variedades;No
Argentina;Abono Mensual;Skinny Lite;1208;Sony HD;HD;Variedades;No
Argentina;Abono Mensual;Skinny Lite;1209;AXN HD;HD;Variedades;No
Argentina;Abono Mensual;Skinny Lite;1210;AMC HD;HD;Variedades;No
Argentina;Abono Mensual;Skinny Lite;1213;TNT Series HD;HD;Variedades;No
Argentina;Abono Mensual;Skinny Lite;1214;Atres Series HD;HD;Variedades;No
Argentina;Abono Mensual;Skinny Lite;1215;Comedy Central HD;HD;Variedades;No
Argentina;Abono Mensual;Skinny Lite;1217;FX HD;HD;Variedades;No
Argentina;Abono Mensual;Skinny Lite;1218;Universal TV HD;HD;Variedades;No
Argentina;Abono Mensual;Skinny Lite;1219;USA Network HD;HD;Variedades;No
Argentina;Abono Mensual;Skinny Lite;1221;Hola TV HD;HD;Variedades;No
Argentina;Abono Mensual;Skinny Lite;1222;E! HD;HD;Variedades;No
Argentina;Abono Mensual;Skinny Lite;1223;ID HD;HD;Variedades;No
Argentina;Abono Mensual;Skinny Lite;1228;Lifetime HD;HD;Variedades;No
Argentina;Abono Mensual;Skinny Lite;1229;Discovery Home & Health HD;HD;Variedades;No
Argentina;Abono Mensual;Skinny Lite;1231;A la Cocina TV;HD;Variedades;No
Argentina;Abono Mensual;Skinny Lite;1232;El Gourmet HD;HD;Variedades;No
Argentina;Abono Mensual;Skinny Lite;1233;Food Network HD;HD;Variedades;No
Argentina;Abono Mensual;Skinny Lite;1234;HGTV HD;HD;Variedades;No
Argentina;Abono Mensual;Skinny Lite;1236;Ciudad Magazine HD;HD;Variedades;No
Argentina;Abono Mensual;Skinny Lite;1237;VePlus HD;HD;Variedades;No
Argentina;Abono Mensual;Skinny Lite;1264;MTV HD;HD;Variedades;No
Argentina;Abono Mensual;Skinny Lite;1265;Music Top HD;HD;Variedades;No
Argentina;Abono Mensual;Skinny Lite;1266;Tierra Mía HD;HD;Variedades;No
Argentina;Abono Mensual;Skinny Lite;1267;DSHOW;SD;Variedades;No
Argentina;Abono Mensual;Skinny Lite;1269;Quiero Música en Mi Idioma (QMusic) HD;HD;Variedades;No
Argentina;Abono Mensual;Skinny Lite;1270;Latina TV;HD;Variedades;No
Argentina;Abono Mensual;Skinny Lite;1304;Cartoon Network HD;HD;Infantil;No
Argentina;Abono Mensual;Skinny Lite;1308;Nick HD;HD;Infantil;No
Argentina;Abono Mensual;Skinny Lite;1309;Nick Jr. HD;HD;Infantil;No
Argentina;Abono Mensual;Skinny Lite;1312;Disney Channel HD;HD;Infantil;No
Argentina;Abono Mensual;Skinny Lite;1315;Disney Junior HD;HD;Infantil;No
Argentina;Abono Mensual;Skinny Lite;1317;BabyTV;SD;Infantil;No
Argentina;Abono Mensual;Skinny Lite;1318;Plim Plim;SD;Infantil;No
Argentina;Abono Mensual;Skinny Lite;1319;El Reino Infantil;SD;Infantil;No
Argentina;Abono Mensual;Skinny Lite;1330;Discovery Kids HD;HD;Infantil;No
Argentina;Abono Mensual;Skinny Lite;1402;PPV HD;HD;PPV;No
Argentina;Abono Mensual;Skinny Lite;1404;PPV HD;HD;PPV;No
Argentina;Abono Mensual;Skinny Lite;1406;PPV HD;HD;PPV;No
Argentina;Abono Mensual;Skinny Lite;1408;PPV HD;HD;PPV;No
Argentina;Abono Mensual;Skinny Lite;1410;PPV HD;HD;PPV;No
Argentina;Abono Mensual;Skinny Lite;1502;TNT HD;HD;Cine;No
Argentina;Abono Mensual;Skinny Lite;1503;Golden HD;HD;Cine;No
Argentina;Abono Mensual;Skinny Lite;1506;Sony Movies HD;HD;Cine;No
Argentina;Abono Mensual;Skinny Lite;1507;Cinecanal HD;HD;Cine;No
Argentina;Abono Mensual;Skinny Lite;1508;Studio Universal HD;HD;Cine;No
Argentina;Abono Mensual;Skinny Lite;1509;Cinemax HD;HD;Cine;No
Argentina;Abono Mensual;Skinny Lite;1510;Mórbido TV;SD;Cine;No
Argentina;Abono Mensual;Skinny Lite;1513;DHE HD;HD;Cine;No
Argentina;Abono Mensual;Skinny Lite;1518;Space HD;HD;Cine;No
Argentina;Abono Mensual;Skinny Lite;1524;HBO HD;HD;Cine;No
Argentina;Abono Mensual;Skinny Lite;1525;HBO 2 HD;HD;Cine;No
Argentina;Abono Mensual;Skinny Lite;1528;HBO Signature HD;HD;Cine;No
Argentina;Abono Mensual;Skinny Lite;1532;HBO Plus HD;HD;Cine;No
Argentina;Abono Mensual;Skinny Lite;1534;HBO Family HD;HD;Cine;No
Argentina;Abono Mensual;Skinny Lite;1542;HBO Xtreme HD;HD;Cine;No
Argentina;Abono Mensual;Skinny Lite;1571;UNIVERSAL Premiere Este HD;HD;Cine;No
Argentina;Abono Mensual;Skinny Lite;1572;UNIVERSAL Cinema Oeste HD;HD;Cine;No
Argentina;Abono Mensual;Skinny Lite;1573;UNIVERSAL Comedy HD;HD;Cine;No
Argentina;Abono Mensual;Skinny Lite;1574;UNIVERSAL Crime HD;HD;Cine;No
Argentina;Abono Mensual;Skinny Lite;1575;UNIVERSAL Reality HD;HD;Cine;No
Argentina;Abono Mensual;Skinny Lite;1576;UNIVERSAL Premiere Oeste HD;HD;Cine;No
Argentina;Abono Mensual;Skinny Lite;1577;UNIVERSAL Crime Oeste HD;HD;Cine;No
Argentina;Abono Mensual;Skinny Lite;1601;Nueva señal - Nombre TBD;SD;Variedades;No
Argentina;Abono Mensual;Skinny Lite;1602;Portal Fútbol Premium;Portal;Portal;No
Argentina;Abono Mensual;Skinny Lite;1603;TNT Sports HD;HD;Deportes;No
Argentina;Abono Mensual;Skinny Lite;1604;Fox Sports Premium HD;HD;Deportes;No
Argentina;Abono Mensual;Skinny Lite;1605;Fox Sports HD;HD;Deportes;No
Argentina;Abono Mensual;Skinny Lite;1608;Fox Sports 2 HD;HD;Deportes;No
Argentina;Abono Mensual;Skinny Lite;1609;Fox Sports 3 HD;HD;Deportes;Si
Argentina;Abono Mensual;Skinny Lite;1610;DSPORTS HD;HD;Deportes;Si
Argentina;Abono Mensual;Skinny Lite;1612;DSPORTS 2 HD;HD;Deportes;Si
Argentina;Abono Mensual;Skinny Lite;1613;DSPORTS+ HD;HD;Deportes;Si
Argentina;Abono Mensual;Skinny Lite;1620;TyC Sports HD;HD;Deportes;No
Argentina;Abono Mensual;Skinny Lite;1621;ESPN HD;HD;Deportes;No
Argentina;Abono Mensual;Skinny Lite;1622;ESPN 2 HD;HD;Deportes;No
Argentina;Abono Mensual;Skinny Lite;1623;ESPN 3 HD;HD;Deportes;No
Argentina;Abono Mensual;Skinny Lite;1624;ESPN 4;HD;Deportes;No
Argentina;Abono Mensual;Skinny Lite;1628;Golf Channel HD;HD;Deportes;No
Argentina;Abono Mensual;Skinny Lite;1630;DSPORTS;SD;Deportes;No
Argentina;Abono Mensual;Skinny Lite;1631;DSPORTS Radio;Radio;Radio;Si
Argentina;Abono Mensual;Skinny Lite;1639;PX Sports;HD;Deportes;No
Argentina;Abono Mensual;Skinny Lite;1654;DeporTV HD;HD;Deportes;No
Argentina;Abono Mensual;Skinny Lite;1656;DeporTV HD;HD;Deportes;Si
Argentina;Abono Mensual;Skinny Lite;1677;NBA TV HD;HD;Deportes;No
Argentina;Abono Mensual;Skinny Lite;1700;DNEWS HD;HD;Variedades;Si
Argentina;Abono Mensual;Skinny Lite;1714;DSHOW;SD;Variedades;No
Argentina;Abono Mensual;Skinny Lite;1715;La Nación+ HD;HD;Mundo;Si
Argentina;Abono Mensual;Skinny Lite;1716;TN HD;HD;Mundo;No
Argentina;Abono Mensual;Skinny Lite;1717;C5N HD;HD;Local;Si
Argentina;Abono Mensual;Skinny Lite;1719;A24 HD;HD;Mundo;No
Argentina;Abono Mensual;Skinny Lite;1720;Canal 26 HD;HD;Mundo;Si
Argentina;Abono Mensual;Skinny Lite;1721;Argentina 12 HD;HD;Mundo;Si
Argentina;Abono Mensual;Skinny Lite;1722;Canal E;HD;Variedades;No
Argentina;Abono Mensual;Skinny Lite;1724;TV Perú Noticias HD;HD;Mundo;No
Argentina;Abono Mensual;Skinny Lite;1730;National Geographic HD;HD;Mundo;No
Argentina;Abono Mensual;Skinny Lite;1731;Discovery Theater HD;HD;Mundo;No
Argentina;Abono Mensual;Skinny Lite;1732;Discovery Channel HD;HD;Mundo;No
Argentina;Abono Mensual;Skinny Lite;1734;Animal Planet HD;HD;Mundo;No
Argentina;Abono Mensual;Skinny Lite;1738;Discovery World HD;HD;Mundo;No
Argentina;Abono Mensual;Skinny Lite;1740;TLC HD;HD;Mundo;No
Argentina;Abono Mensual;Skinny Lite;1742;History Channel HD;HD;Mundo;No
Argentina;Abono Mensual;Skinny Lite;1744;History 2 HD;HD;Mundo;No
Argentina;Abono Mensual;Skinny Lite;1748;Canal (A) HD;HD;Mundo;No
Argentina;Abono Mensual;Skinny Lite;1750;Encuentro Internacional HD;HD;Variedades;No
Argentina;Abono Mensual;Skinny Lite;1762;Antena 3 HD;HD;Mundo;No
Argentina;Abono Mensual;Skinny Lite;1764;France 24 Español;SD;Mundo;No
Argentina;Abono Mensual;Skinny Lite;1789;TV Ciudad HD;HD;Variedades;No
Argentina;Abono Mensual;Skinny Lite;1795;TV Perú HD;HD;Mundo;No
Argentina;Abono Mensual;Skinny Lite;1804;Escuela Más HD;HD;Variedades;No
Argentina;Abono Mensual;Skinny Lite;4000;DIRECTV Ultra HD: 4K;4K;4K;No
Argentina;Abono Mensual;Super Lite HD;100;Canal 100 DIRECTV;Portal;Portal;Si
Argentina;Abono Mensual;Super Lite HD;101;Canal 101 Prepago;Portal;Portal;No
Argentina;Abono Mensual;Super Lite HD;105;Gran Hermano - Experiencia Multicámara;SD;Variedades;Si
Argentina;Abono Mensual;Super Lite HD;106;Gran Hermano - 24 hs;SD;Variedades;Si
Argentina;Abono Mensual;Super Lite HD;107;Gran Hermano - Cámara 1;SD;Variedades;Si
Argentina;Abono Mensual;Super Lite HD;108;Gran Hermano - Cámara 2;SD;Variedades;Si
Argentina;Abono Mensual;Super Lite HD;109;Gran Hermano - Cámara 3;SD;Variedades;Si
Argentina;Abono Mensual;Super Lite HD;120;América;SD;Nacional;Si
Argentina;Abono Mensual;Super Lite HD;121;TV Pública;SD;Nacional;Si
Argentina;Abono Mensual;Super Lite HD;122;El Nueve;SD;Nacional;Si
Argentina;Abono Mensual;Super Lite HD;123;Telefe;SD;Nacional;Si
Argentina;Abono Mensual;Super Lite HD;124;El Trece;SD;Nacional;Si
Argentina;Abono Mensual;Super Lite HD;125;Net TV;SD;Nacional;Si
Argentina;Abono Mensual;Super Lite HD;126;Bravo TV;SD;Variedades;Si
Argentina;Abono Mensual;Super Lite HD;127;DSHOW;SD;Variedades;No
Argentina;Abono Mensual;Super Lite HD;128;Encuentro;SD;Nacional;Si
Argentina;Abono Mensual;Super Lite HD;129;Canal de la Ciudad;SD;Local;Si
Argentina;Abono Mensual;Super Lite HD;130;Canal 7 Mendoza;SD;Local;Si
Argentina;Abono Mensual;Super Lite HD;131;Canal 9 Mendoza;SD;Local;Si
Argentina;Abono Mensual;Super Lite HD;132;Telediario;SD;Local;Si
Argentina;Abono Mensual;Super Lite HD;133;Canal 7 de Jujuy;SD;Local;Si
Argentina;Abono Mensual;Super Lite HD;134;Canal 3 Rosario;SD;Nacional;Si
Argentina;Abono Mensual;Super Lite HD;135;Canal 12 de Córdoba;SD;Local;Si
Argentina;Abono Mensual;Super Lite HD;136;Telefé Córdoba;SD;Local;Si
Argentina;Abono Mensual;Super Lite HD;137;Telefe Rosario;SD;Local;Si
Argentina;Abono Mensual;Super Lite HD;139;Televisión Pública Pampeana;SD;Local;Si
Argentina;Abono Mensual;Super Lite HD;140;Canal 8 San Juan;SD;Local;No
Argentina;Abono Mensual;Super Lite HD;160;Infomerciales;SD;Variedades;Si
Argentina;Abono Mensual;Super Lite HD;199;KZO;SD;Variedades;Si
Argentina;Abono Mensual;Super Lite HD;200;DIRECTV Series;SD;Portal;Si
Argentina;Abono Mensual;Super Lite HD;204;Star Channel;SD;Variedades;Si
Argentina;Abono Mensual;Super Lite HD;206;Warner Channel;SD;Variedades;Si
Argentina;Abono Mensual;Super Lite HD;207;A&E;SD;Variedades;Si
Argentina;Abono Mensual;Super Lite HD;208;Sony;SD;Variedades;Si
Argentina;Abono Mensual;Super Lite HD;209;AXN;SD;Variedades;No
Argentina;Abono Mensual;Super Lite HD;210;AMC;SD;Variedades;No
Argentina;Abono Mensual;Super Lite HD;213;TNT Series;SD;Variedades;No
Argentina;Abono Mensual;Super Lite HD;214;Atres Series;SD;Variedades;No
Argentina;Abono Mensual;Super Lite HD;215;Comedy Central;SD;Variedades;No
Argentina;Abono Mensual;Super Lite HD;216;TNT Novelas;SD;Variedades;No
Argentina;Abono Mensual;Super Lite HD;217;FX;SD;Variedades;Si
Argentina;Abono Mensual;Super Lite HD;218;Universal TV;SD;Variedades;Si
Argentina;Abono Mensual;Super Lite HD;219;USA Network;SD;Variedades;No
Argentina;Abono Mensual;Super Lite HD;220;Adult Swim;SD;Variedades;No
Argentina;Abono Mensual;Super Lite HD;221;¡Hola! TV;SD;Variedades;No
Argentina;Abono Mensual;Super Lite HD;222;E!;SD;Variedades;Si
Argentina;Abono Mensual;Super Lite HD;223;Investigation Discovery (ID);SD;Variedades;No
Argentina;Abono Mensual;Super Lite HD;226;Las Estrellas;SD;Variedades;No
Argentina;Abono Mensual;Super Lite HD;227;TLnovelas;SD;Variedades;No
Argentina;Abono Mensual;Super Lite HD;228;Lifetime;SD;Variedades;No
Argentina;Abono Mensual;Super Lite HD;229;Discovery Home & Health;SD;Variedades;Si
Argentina;Abono Mensual;Super Lite HD;230;Más Chic;SD;Variedades;No
Argentina;Abono Mensual;Super Lite HD;231;Telemundo;SD;Variedades;No
Argentina;Abono Mensual;Super Lite HD;232;El Gourmet;SD;Variedades;No
Argentina;Abono Mensual;Super Lite HD;233;Food Network;SD;Variedades;No
Argentina;Abono Mensual;Super Lite HD;236;Ciudad Magazine;SD;Variedades;Si
Argentina;Abono Mensual;Super Lite HD;238;Volver;SD;Variedades;Si
Argentina;Abono Mensual;Super Lite HD;240;Caras TV;SD;Mundo;Si
Argentina;Abono Mensual;Super Lite HD;264;MTV;SD;Variedades;Si
Argentina;Abono Mensual;Super Lite HD;267;DSHOW;SD;Variedades;No
Argentina;Abono Mensual;Super Lite HD;269;Quiero Música en Mi Idioma (QMusic);SD;Variedades;Si
Argentina;Abono Mensual;Super Lite HD;296;Unión Radio Noticias;Radio;Radio;No
Argentina;Abono Mensual;Super Lite HD;300;OnDIRECTV;SD;Variedades;No
Argentina;Abono Mensual;Super Lite HD;301;Star Fun;SD;PPV;No
Argentina;Abono Mensual;Super Lite HD;302;HBO Family;SD;Cine;No
Argentina;Abono Mensual;Super Lite HD;303;Paka Paka;SD;Infantil;Si
Argentina;Abono Mensual;Super Lite HD;304;Cartoon Network;SD;Infantil;Si
Argentina;Abono Mensual;Super Lite HD;308;Nickelodeon;SD;Infantil;No
Argentina;Abono Mensual;Super Lite HD;309;Nick Jr.;SD;Infantil;No
Argentina;Abono Mensual;Super Lite HD;312;Disney Channel;SD;Infantil;Si
Argentina;Abono Mensual;Super Lite HD;315;Disney Junior;SD;Infantil;Si
Argentina;Abono Mensual;Super Lite HD;317;BabyTV;SD;Infantil;No
Argentina;Abono Mensual;Super Lite HD;318;Plim Plim;SD;Infantil;No
Argentina;Abono Mensual;Super Lite HD;319;El Reino Infantil;SD;Infantil;No
Argentina;Abono Mensual;Super Lite HD;330;Discovery Kids;SD;Infantil;Si
Argentina;Abono Mensual;Super Lite HD;334;Cartoonito;SD;Infantil;No
Argentina;Abono Mensual;Super Lite HD;350;EWTN;SD;Religioso;No
Argentina;Abono Mensual;Super Lite HD;351;Orbe 21;SD;Religioso;Si
Argentina;Abono Mensual;Super Lite HD;352;Enlace;SD;Religioso;Si
Argentina;Abono Mensual;Super Lite HD;354;Canal Luz;SD;Religioso;Si
Argentina;Abono Mensual;Super Lite HD;358;DayStar;SD;Religioso;Si
Argentina;Abono Mensual;Super Lite HD;400;Placa DIRECTV GO;Portal;Portal;No
Argentina;Abono Mensual;Super Lite HD;401;SMS CINE PPV;Portal;Portal;No
Argentina;Abono Mensual;Super Lite HD;402;CINE;SD;PPV;No
Argentina;Abono Mensual;Super Lite HD;404;CINE;SD;PPV;No
Argentina;Abono Mensual;Super Lite HD;406;CINE;SD;PPV;No
Argentina;Abono Mensual;Super Lite HD;408;CINE;SD;PPV;No
Argentina;Abono Mensual;Super Lite HD;410;CINE;SD;PPV;No
Argentina;Abono Mensual;Super Lite HD;460;SMS ADULTOS PPV;Portal;Portal;Si
Argentina;Abono Mensual;Super Lite HD;464;Playboy TV;SD;Adultos;No
Argentina;Abono Mensual;Super Lite HD;468;Venus;SD;Adultos;No
Argentina;Abono Mensual;Super Lite HD;469;XTSY;SD;Adultos;No
Argentina;Abono Mensual;Super Lite HD;470;Hustler TV HD;HD;Adultos;No
Argentina;Abono Mensual;Super Lite HD;500;OnDIRECTV;SD;Variedades;No
Argentina;Abono Mensual;Super Lite HD;502;TNT;SD;Cine;Si
Argentina;Abono Mensual;Super Lite HD;503;Golden;SD;Cine;No
Argentina;Abono Mensual;Super Lite HD;506;Sony Movies;SD;Cine;No
Argentina;Abono Mensual;Super Lite HD;507;Cinecanal;SD;Cine;Si
Argentina;Abono Mensual;Super Lite HD;508;Studio Universal;SD;Cine;Si
Argentina;Abono Mensual;Super Lite HD;509;Cinemax;SD;Cine;No
Argentina;Abono Mensual;Super Lite HD;510;Mórbido TV;SD;Cine;No
Argentina;Abono Mensual;Super Lite HD;512;Cine.AR;SD;Cine;Si
Argentina;Abono Mensual;Super Lite HD;513;DHE;SD;Cine;No
Argentina;Abono Mensual;Super Lite HD;516;De Película;SD;Cine;No
Argentina;Abono Mensual;Super Lite HD;517;Golden Edge;SD;Cine;No
Argentina;Abono Mensual;Super Lite HD;518;Space;SD;Cine;Si
Argentina;Abono Mensual;Super Lite HD;522;HBO Next;Portal;Portal;No
Argentina;Abono Mensual;Super Lite HD;524;HBO;SD;Cine;No
Argentina;Abono Mensual;Super Lite HD;525;HBO 2;SD;Cine;No
Argentina;Abono Mensual;Super Lite HD;526;HBO Plus Este;SD;Cine;No
Argentina;Abono Mensual;Super Lite HD;528;HBO Signature;SD;Cine;No
Argentina;Abono Mensual;Super Lite HD;534;HBO Family;SD;Cine;No
Argentina;Abono Mensual;Super Lite HD;540;HBO Mundi;SD;Cine;No
Argentina;Abono Mensual;Super Lite HD;541;HBO Pop;SD;Cine;No
Argentina;Abono Mensual;Super Lite HD;542;HBO Xtreme;SD;Cine;No
Argentina;Abono Mensual;Super Lite HD;544;HBO Next;Portal;Portal;No
Argentina;Abono Mensual;Super Lite HD;550;OnDIRECTV;SD;Variedades;No
Argentina;Abono Mensual;Super Lite HD;551;Cómo Contratar Premium;SD;Portal;No
Argentina;Abono Mensual;Super Lite HD;570;Portal Premium;SD;Portal;Si
Argentina;Abono Mensual;Super Lite HD;571;UNIVERSAL Premiere Este;SD;Cine;No (Adquirible)
Argentina;Abono Mensual;Super Lite HD;572;UNIVERSAL Cinema Oeste;SD;Cine;No (Adquirible)
Argentina;Abono Mensual;Super Lite HD;573;UNIVERSAL Comedy;SD;Cine;No (Adquirible)
Argentina;Abono Mensual;Super Lite HD;574;UNIVERSAL Crime;SD;Cine;No (Adquirible)
Argentina;Abono Mensual;Super Lite HD;575;UNIVERSAL Reality;SD;Cine;No (Adquirible)
Argentina;Abono Mensual;Super Lite HD;576;UNIVERSAL Premiere Oeste;SD;Cine;No (Adquirible)
Argentina;Abono Mensual;Super Lite HD;577;UNIVERSAL Crime Oeste;SD;Cine;No (Adquirible)
Argentina;Abono Mensual;Super Lite HD;599;Bienvenido a DIRECTV;Portal;Portal;No
Argentina;Abono Mensual;Super Lite HD;600;Portal DIRECTV Sports;Portal;Portal;No
Argentina;Abono Mensual;Super Lite HD;601;Nueva señal - Nombre TBD;SD;Variedades;No
Argentina;Abono Mensual;Super Lite HD;602;Portal Fútbol Premium;Portal;Portal;No
Argentina;Abono Mensual;Super Lite HD;603;TNT Sports;SD;Deportes;No
Argentina;Abono Mensual;Super Lite HD;604;ESPN Premium;SD;Deportes;No
Argentina;Abono Mensual;Super Lite HD;605;Fox Sports;SD;Deportes;Si
Argentina;Abono Mensual;Super Lite HD;608;Fox Sports 2;SD;Deportes;No
Argentina;Abono Mensual;Super Lite HD;609;Fox Sports 3;SD;Deportes;Si
Argentina;Abono Mensual;Super Lite HD;610;DSPORTS;SD;Deportes;No
Argentina;Abono Mensual;Super Lite HD;612;DSPORTS 2;SD;Deportes;No
Argentina;Abono Mensual;Super Lite HD;613;DSPORTS+;SD;Deportes;No
Argentina;Abono Mensual;Super Lite HD;620;TyC Sports;SD;Deportes;Si
Argentina;Abono Mensual;Super Lite HD;621;ESPN;SD;Deportes;Si
Argentina;Abono Mensual;Super Lite HD;622;ESPN 2;SD;Deportes;Si
Argentina;Abono Mensual;Super Lite HD;623;ESPN 3;SD;Deportes;Si
Argentina;Abono Mensual;Super Lite HD;628;Golf Channel;SD;Deportes;No
Argentina;Abono Mensual;Super Lite HD;630;DIRECTV Sports;SD;Deportes;No
Argentina;Abono Mensual;Super Lite HD;631;DSPORTS Radio;Radio;Radio;Si
Argentina;Abono Mensual;Super Lite HD;632;TyC Sports 2 (virtual);SD;Deportes;No
Argentina;Abono Mensual;Super Lite HD;634;Fútbol de Paraguay;SD;Deportes;No
Argentina;Abono Mensual;Super Lite HD;635;Fútbol de Bolivia;SD;Deportes;No
Argentina;Abono Mensual;Super Lite HD;656;DeporTV;SD;Deportes;Si
Argentina;Abono Mensual;Super Lite HD;680;MLB Extra Innings;SD;Deportes;No
Argentina;Abono Mensual;Super Lite HD;681;MLB Extra Innings;SD;Deportes;No
Argentina;Abono Mensual;Super Lite HD;700;DNEWS;SD;Variedades;Si
Argentina;Abono Mensual;Super Lite HD;704;CNN en Español;SD;Mundo;Si
Argentina;Abono Mensual;Super Lite HD;706;CNN International;SD;Mundo;No
Argentina;Abono Mensual;Super Lite HD;707;CNN Chile;SD;Mundo;No
Argentina;Abono Mensual;Super Lite HD;708;24 HORAS;SD;Mundo;No
Argentina;Abono Mensual;Super Lite HD;710;Bloomberg Television;SD;Mundo;No
Argentina;Abono Mensual;Super Lite HD;714;Nueva señal - TBD;SD;Variedades;No
Argentina;Abono Mensual;Super Lite HD;715;La Nación+;SD;Mundo;Si
Argentina;Abono Mensual;Super Lite HD;716;Todo Noticias (TN);SD;Mundo;Si
Argentina;Abono Mensual;Super Lite HD;717;C5N;SD;Mundo;Si
Argentina;Abono Mensual;Super Lite HD;718;Crónica TV;SD;Mundo;Si
Argentina;Abono Mensual;Super Lite HD;719;A24;SD;Mundo;Si
Argentina;Abono Mensual;Super Lite HD;720;Canal 26;SD;Mundo;Si
Argentina;Abono Mensual;Super Lite HD;721;Argentina 12;SD;Mundo;No
Argentina;Abono Mensual;Super Lite HD;724;Chacra TV;SD;Mundo;Si
Argentina;Abono Mensual;Super Lite HD;725;NTN24;SD;Mundo;No
Argentina;Abono Mensual;Super Lite HD;726;Telemax;SD;Mundo;Si
Argentina;Abono Mensual;Super Lite HD;727;Cable Noticias;SD;Mundo;No
Argentina;Abono Mensual;Super Lite HD;728;Canal Rural;SD;Nacional;Si
Argentina;Abono Mensual;Super Lite HD;729;Construir TV;SD;Mundo;Si
Argentina;Abono Mensual;Super Lite HD;730;National Geographic;SD;Mundo;Si
Argentina;Abono Mensual;Super Lite HD;732;Discovery Channel;SD;Mundo;Si
Argentina;Abono Mensual;Super Lite HD;734;Animal Planet;SD;Mundo;Si
Argentina;Abono Mensual;Super Lite HD;736;Discovery Turbo;SD;Mundo;No
Argentina;Abono Mensual;Super Lite HD;740;TLC;SD;Mundo;No
Argentina;Abono Mensual;Super Lite HD;742;History Channel;SD;Mundo;Si
Argentina;Abono Mensual;Super Lite HD;744;History 2;SD;Mundo;No
Argentina;Abono Mensual;Super Lite HD;760;Univision;SD;Mundo;No
Argentina;Abono Mensual;Super Lite HD;762;Antena 3;SD;Mundo;No
Argentina;Abono Mensual;Super Lite HD;764;France 24 Español;SD;Mundo;No
Argentina;Abono Mensual;Super Lite HD;766;Rai Italia;SD;Mundo;No
Argentina;Abono Mensual;Super Lite HD;768;BBC News;SD;Mundo;No
Argentina;Abono Mensual;Super Lite HD;770;DW Español;SD;Mundo;No
Argentina;Abono Mensual;Super Lite HD;772;Caracol Internacional;SD;Mundo;No
Argentina;Abono Mensual;Super Lite HD;773;El Tiempo TV;SD;Mundo;No
Argentina;Abono Mensual;Super Lite HD;774;TV Chile;SD;Mundo;No
Argentina;Abono Mensual;Super Lite HD;775;Nuestra Tele;SD;Mundo;No
Argentina;Abono Mensual;Super Lite HD;776;TV Globo Internacional;SD;Mundo;No
Argentina;Abono Mensual;Super Lite HD;778;RTP Internacional;SD;Mundo;No
Argentina;Abono Mensual;Super Lite HD;780;Zee Mundo;SD;Mundo;No
Argentina;Abono Mensual;Super Lite HD;782;NHK World Japan;SD;Mundo;No
Argentina;Abono Mensual;Super Lite HD;790;CGTN Español;SD;Mundo;No
Argentina;Abono Mensual;Super Lite HD;795;TV Perú;SD;Mundo;No
Argentina;Abono Mensual;Super Lite HD;800;OnDIRECTV;SD;Variedades;No
Argentina;Abono Mensual;Super Lite HD;804;Escuela Más;SD;Variedades;No
Argentina;Abono Mensual;Super Lite HD;901;DSPORTS Radio;Radio;Radio;No
Argentina;Abono Mensual;Super Lite HD;973;FM Aspen;Radio;Radio;No
Argentina;Abono Mensual;Super Lite HD;974;Radio Nacional;Radio;Radio;No
Argentina;Abono Mensual;Super Lite HD;976;Radio del Plata;Radio;Radio;No
Argentina;Abono Mensual;Super Lite HD;977;Radio Disney;Radio;Radio;No
Argentina;Abono Mensual;Super Lite HD;980;Unión Radio Noticias;Radio;Radio;No
Argentina;Abono Mensual;Super Lite HD;981;FM Latina 101.1;Radio;Radio;No
Argentina;Abono Mensual;Super Lite HD;982;Radio Caracol;Radio;Radio;No
Argentina;Abono Mensual;Super Lite HD;984;Radio France Internationale;Radio;Radio;No
Argentina;Abono Mensual;Super Lite HD;999;OnDIRECTV;SD;Variedades;No
Argentina;Abono Mensual;Super Lite HD;1105;Gran Hermano - Experiencia Multicámara;SD;Variedades;Si
Argentina;Abono Mensual;Super Lite HD;1106;Gran Hermano - 24 hs;SD;Variedades;Si
Argentina;Abono Mensual;Super Lite HD;1107;Gran Hermano - Cámara 1;SD;Variedades;Si
Argentina;Abono Mensual;Super Lite HD;1108;Gran Hermano - Cámara 2;SD;Variedades;Si
Argentina;Abono Mensual;Super Lite HD;1109;Gran Hermano - Cámara 3;SD;Variedades;Si
Argentina;Abono Mensual;Super Lite HD;1120;América HD;HD;Nacional;Si
Argentina;Abono Mensual;Super Lite HD;1121;TV Pública HD;HD;Nacional;Si
Argentina;Abono Mensual;Super Lite HD;1122;El Nueve HD;HD;Nacional;Si
Argentina;Abono Mensual;Super Lite HD;1123;Telefe HD;HD;Nacional;Si
Argentina;Abono Mensual;Super Lite HD;1124;El Trece HD;HD;Nacional;Si
Argentina;Abono Mensual;Super Lite HD;1125;Net TV HD;HD;Nacional;Si
Argentina;Abono Mensual;Super Lite HD;1127;DSHOW HD;HD;Variedades;No
Argentina;Abono Mensual;Super Lite HD;1128;Encuentro HD;HD;Nacional;No
Argentina;Abono Mensual;Super Lite HD;1199;KZO HD;HD;Variedades;Si
Argentina;Abono Mensual;Super Lite HD;1200;DIRECTV Series HD;HD;Portal;Si
Argentina;Abono Mensual;Super Lite HD;1204;Star Channel HD;HD;Variedades;Si
Argentina;Abono Mensual;Super Lite HD;1206;Warner Channel HD;HD;Variedades;Si
Argentina;Abono Mensual;Super Lite HD;1207;A&E HD;HD;Variedades;Si
Argentina;Abono Mensual;Super Lite HD;1208;Sony HD;HD;Variedades;Si
Argentina;Abono Mensual;Super Lite HD;1209;AXN HD;HD;Variedades;Si
Argentina;Abono Mensual;Super Lite HD;1210;AMC HD;HD;Variedades;No
Argentina;Abono Mensual;Super Lite HD;1213;TNT Series HD;HD;Variedades;No
Argentina;Abono Mensual;Super Lite HD;1214;Atres Series HD;HD;Variedades;No
Argentina;Abono Mensual;Super Lite HD;1215;Comedy Central HD;HD;Variedades;No
Argentina;Abono Mensual;Super Lite HD;1217;FX HD;HD;Variedades;Si
Argentina;Abono Mensual;Super Lite HD;1218;Universal TV HD;HD;Variedades;Si
Argentina;Abono Mensual;Super Lite HD;1219;USA Network HD;HD;Variedades;No
Argentina;Abono Mensual;Super Lite HD;1221;Hola TV HD;HD;Variedades;No
Argentina;Abono Mensual;Super Lite HD;1222;E! HD;HD;Variedades;Si
Argentina;Abono Mensual;Super Lite HD;1223;ID HD;HD;Variedades;No
Argentina;Abono Mensual;Super Lite HD;1228;Lifetime HD;HD;Variedades;No
Argentina;Abono Mensual;Super Lite HD;1229;Discovery Home & Health HD;HD;Variedades;Si
Argentina;Abono Mensual;Super Lite HD;1231;A la Cocina TV;HD;Variedades;Si
Argentina;Abono Mensual;Super Lite HD;1232;El Gourmet HD;HD;Variedades;No
Argentina;Abono Mensual;Super Lite HD;1233;Food Network HD;HD;Variedades;No
Argentina;Abono Mensual;Super Lite HD;1234;HGTV HD;HD;Variedades;No
Argentina;Abono Mensual;Super Lite HD;1236;Ciudad Magazine HD;HD;Variedades;Si
Argentina;Abono Mensual;Super Lite HD;1237;VePlus HD;HD;Variedades;No
Argentina;Abono Mensual;Super Lite HD;1264;MTV HD;HD;Variedades;Si
Argentina;Abono Mensual;Super Lite HD;1265;Music Top HD;HD;Variedades;Si
Argentina;Abono Mensual;Super Lite HD;1266;Tierra Mía HD;HD;Variedades;Si
Argentina;Abono Mensual;Super Lite HD;1267;DSHOW;SD;Variedades;No
Argentina;Abono Mensual;Super Lite HD;1269;Quiero Música en Mi Idioma (QMusic) HD;HD;Variedades;Si
Argentina;Abono Mensual;Super Lite HD;1270;Latina TV;HD;Variedades;Si
Argentina;Abono Mensual;Super Lite HD;1304;Cartoon Network HD;HD;Infantil;Si
Argentina;Abono Mensual;Super Lite HD;1308;Nick HD;HD;Infantil;No
Argentina;Abono Mensual;Super Lite HD;1309;Nick Jr. HD;HD;Infantil;No
Argentina;Abono Mensual;Super Lite HD;1312;Disney Channel HD;HD;Infantil;Si
Argentina;Abono Mensual;Super Lite HD;1315;Disney Junior HD;HD;Infantil;Si
Argentina;Abono Mensual;Super Lite HD;1317;BabyTV;SD;Infantil;No
Argentina;Abono Mensual;Super Lite HD;1318;Plim Plim;SD;Infantil;No
Argentina;Abono Mensual;Super Lite HD;1319;El Reino Infantil;SD;Infantil;No
Argentina;Abono Mensual;Super Lite HD;1330;Discovery Kids HD;HD;Infantil;Si
Argentina;Abono Mensual;Super Lite HD;1402;PPV HD;HD;PPV;No
Argentina;Abono Mensual;Super Lite HD;1404;PPV HD;HD;PPV;No
Argentina;Abono Mensual;Super Lite HD;1406;PPV HD;HD;PPV;No
Argentina;Abono Mensual;Super Lite HD;1408;PPV HD;HD;PPV;No
Argentina;Abono Mensual;Super Lite HD;1410;PPV HD;HD;PPV;No
Argentina;Abono Mensual;Super Lite HD;1502;TNT HD;HD;Cine;Si
Argentina;Abono Mensual;Super Lite HD;1503;Golden HD;HD;Cine;No
Argentina;Abono Mensual;Super Lite HD;1506;Sony Movies HD;HD;Cine;No
Argentina;Abono Mensual;Super Lite HD;1507;Cinecanal HD;HD;Cine;Si
Argentina;Abono Mensual;Super Lite HD;1508;Studio Universal HD;HD;Cine;Si
Argentina;Abono Mensual;Super Lite HD;1509;Cinemax HD;HD;Cine;No
Argentina;Abono Mensual;Super Lite HD;1510;Mórbido TV;SD;Cine;No
Argentina;Abono Mensual;Super Lite HD;1513;DHE HD;HD;Cine;No
Argentina;Abono Mensual;Super Lite HD;1518;Space HD;HD;Cine;Si
Argentina;Abono Mensual;Super Lite HD;1524;HBO HD;HD;Cine;No
Argentina;Abono Mensual;Super Lite HD;1525;HBO 2 HD;HD;Cine;No
Argentina;Abono Mensual;Super Lite HD;1528;HBO Signature HD;HD;Cine;No
Argentina;Abono Mensual;Super Lite HD;1532;HBO Plus HD;HD;Cine;No
Argentina;Abono Mensual;Super Lite HD;1534;HBO Family HD;HD;Cine;No
Argentina;Abono Mensual;Super Lite HD;1542;HBO Xtreme HD;HD;Cine;No
Argentina;Abono Mensual;Super Lite HD;1571;UNIVERSAL Premiere Este HD;HD;Cine;No (Adquirible)
Argentina;Abono Mensual;Super Lite HD;1572;UNIVERSAL Cinema Oeste HD;HD;Cine;No (Adquirible)
Argentina;Abono Mensual;Super Lite HD;1573;UNIVERSAL Comedy HD;HD;Cine;No (Adquirible)
Argentina;Abono Mensual;Super Lite HD;1574;UNIVERSAL Crime HD;HD;Cine;No (Adquirible)
Argentina;Abono Mensual;Super Lite HD;1575;UNIVERSAL Reality HD;HD;Cine;No (Adquirible)
Argentina;Abono Mensual;Super Lite HD;1576;UNIVERSAL Premiere Oeste HD;HD;Cine;No (Adquirible)
Argentina;Abono Mensual;Super Lite HD;1577;UNIVERSAL Crime Oeste HD;HD;Cine;No (Adquirible)
Argentina;Abono Mensual;Super Lite HD;1601;Nueva señal - Nombre TBD;SD;Variedades;No
Argentina;Abono Mensual;Super Lite HD;1602;Portal Fútbol Premium;Portal;Portal;No
Argentina;Abono Mensual;Super Lite HD;1603;TNT Sports HD;HD;Deportes;No
Argentina;Abono Mensual;Super Lite HD;1604;Fox Sports Premium HD;HD;Deportes;No
Argentina;Abono Mensual;Super Lite HD;1605;Fox Sports HD;HD;Deportes;Si
Argentina;Abono Mensual;Super Lite HD;1608;Fox Sports 2 HD;HD;Deportes;No
Argentina;Abono Mensual;Super Lite HD;1609;Fox Sports 3 HD;HD;Deportes;Si
Argentina;Abono Mensual;Super Lite HD;1610;DSPORTS HD;HD;Deportes;No
Argentina;Abono Mensual;Super Lite HD;1612;DSPORTS 2 HD;HD;Deportes;No
Argentina;Abono Mensual;Super Lite HD;1613;DSPORTS+ HD;HD;Deportes;No
Argentina;Abono Mensual;Super Lite HD;1620;TyC Sports HD;HD;Deportes;Si
Argentina;Abono Mensual;Super Lite HD;1621;ESPN HD;HD;Deportes;Si
Argentina;Abono Mensual;Super Lite HD;1622;ESPN 2 HD;HD;Deportes;Si
Argentina;Abono Mensual;Super Lite HD;1623;ESPN 3 HD;HD;Deportes;Si
Argentina;Abono Mensual;Super Lite HD;1624;ESPN 4;HD;Deportes;No
Argentina;Abono Mensual;Super Lite HD;1628;Golf Channel HD;HD;Deportes;No
Argentina;Abono Mensual;Super Lite HD;1630;DSPORTS;SD;Deportes;No
Argentina;Abono Mensual;Super Lite HD;1631;DSPORTS Radio;Radio;Radio;Si
Argentina;Abono Mensual;Super Lite HD;1639;PX Sports;HD;Deportes;No
Argentina;Abono Mensual;Super Lite HD;1654;DeporTV HD;HD;Deportes;Si
Argentina;Abono Mensual;Super Lite HD;1656;DeporTV HD;HD;Deportes;No
Argentina;Abono Mensual;Super Lite HD;1677;NBA TV HD;HD;Deportes;No
Argentina;Abono Mensual;Super Lite HD;1700;DNEWS HD;HD;Variedades;Si
Argentina;Abono Mensual;Super Lite HD;1714;DSHOW;SD;Variedades;No
Argentina;Abono Mensual;Super Lite HD;1715;La Nación+ HD;HD;Mundo;Si
Argentina;Abono Mensual;Super Lite HD;1716;TN HD;HD;Mundo;Si
Argentina;Abono Mensual;Super Lite HD;1717;C5N HD;HD;Local;Si
Argentina;Abono Mensual;Super Lite HD;1719;A24 HD;HD;Mundo;Si
Argentina;Abono Mensual;Super Lite HD;1720;Canal 26 HD;HD;Mundo;Si
Argentina;Abono Mensual;Super Lite HD;1721;Argentina 12 HD;HD;Mundo;Si
Argentina;Abono Mensual;Super Lite HD;1722;Canal E;HD;Variedades;No
Argentina;Abono Mensual;Super Lite HD;1724;TV Perú Noticias HD;HD;Mundo;No
Argentina;Abono Mensual;Super Lite HD;1730;National Geographic HD;HD;Mundo;Si
Argentina;Abono Mensual;Super Lite HD;1731;Discovery Theater HD;HD;Mundo;No
Argentina;Abono Mensual;Super Lite HD;1732;Discovery Channel HD;HD;Mundo;Si
Argentina;Abono Mensual;Super Lite HD;1734;Animal Planet HD;HD;Mundo;Si
Argentina;Abono Mensual;Super Lite HD;1738;Discovery World HD;HD;Mundo;No
Argentina;Abono Mensual;Super Lite HD;1740;TLC HD;HD;Mundo;No
Argentina;Abono Mensual;Super Lite HD;1742;History Channel HD;HD;Mundo;Si
Argentina;Abono Mensual;Super Lite HD;1744;History 2 HD;HD;Mundo;No
Argentina;Abono Mensual;Super Lite HD;1748;Canal (A) HD;HD;Mundo;Si
Argentina;Abono Mensual;Super Lite HD;1750;Encuentro Internacional HD;HD;Variedades;No
Argentina;Abono Mensual;Super Lite HD;1762;Antena 3 HD;HD;Mundo;No
Argentina;Abono Mensual;Super Lite HD;1764;France 24 Español;SD;Mundo;No
Argentina;Abono Mensual;Super Lite HD;1789;TV Ciudad HD;HD;Variedades;No
Argentina;Abono Mensual;Super Lite HD;1795;TV Perú HD;HD;Mundo;No
Argentina;Abono Mensual;Super Lite HD;1804;Escuela Más HD;HD;Variedades;No
Argentina;Abono Mensual;Super Lite HD;4000;DIRECTV Ultra HD: 4K;4K;4K;No
Argentina;DGO;Alto HD 4K;N/A;A la Cocina TV;N/A;Variedades;No
Argentina;DGO;Alto HD 4K;N/A;A&E HD;N/A;Variedades;Si
Argentina;DGO;Alto HD 4K;N/A;A24 HD;N/A;Mundo;Si
Argentina;DGO;Alto HD 4K;N/A;Adult Swim;N/A;Variedades;No
Argentina;DGO;Alto HD 4K;N/A;AMC HD;N/A;Variedades;Si
Argentina;DGO;Alto HD 4K;N/A;América HD;N/A;Nacional;Si
Argentina;DGO;Alto HD 4K;N/A;Animal Planet HD;N/A;Mundo;Si
Argentina;DGO;Alto HD 4K;N/A;Antena 3 HD;N/A;Mundo;Si
Argentina;DGO;Alto HD 4K;N/A;Argentina 12 HD;N/A;Mundo;No
Argentina;DGO;Alto HD 4K;N/A;Atres Series HD;N/A;Variedades;Si
Argentina;DGO;Alto HD 4K;N/A;AXN HD;N/A;Variedades;Si
Argentina;DGO;Alto HD 4K;N/A;Azteca Internacional;N/A;Variedades;Si
Argentina;DGO;Alto HD 4K;N/A;BabyTV;N/A;Infantil;Si
Argentina;DGO;Alto HD 4K;N/A;Bloomberg;N/A;Mundo;Si
Argentina;DGO;Alto HD 4K;N/A;C5N HD;N/A;Local;Si
Argentina;DGO;Alto HD 4K;N/A;Canal 13;N/A;Nacional;No
Argentina;DGO;Alto HD 4K;N/A;Canal 26 HD;N/A;Mundo;Si
Argentina;DGO;Alto HD 4K;N/A;Canal 9;N/A;Nacional;No
Argentina;DGO;Alto HD 4K;N/A;Canal A HD;N/A;Nacional;Si
Argentina;DGO;Alto HD 4K;N/A;Caracol Mix;N/A;Variedades;Si
Argentina;DGO;Alto HD 4K;N/A;Cartoon Network HD;N/A;Infantil;Si
Argentina;DGO;Alto HD 4K;N/A;Cartoonito;N/A;Infantil;No
Argentina;DGO;Alto HD 4K;N/A;CGTN Español;N/A;Mundo;Si
Argentina;DGO;Alto HD 4K;N/A;Cinecanal HD;N/A;Cine;Si
Argentina;DGO;Alto HD 4K;N/A;Cinema;N/A;Cine;Si
Argentina;DGO;Alto HD 4K;N/A;Cinemax HD;N/A;Cine;Si
Argentina;DGO;Alto HD 4K;N/A;Ciudad Magazine;N/A;Variedades;Si
Argentina;DGO;Alto HD 4K;N/A;Ciudad Magazine HD;N/A;Variedades;No
Argentina;DGO;Alto HD 4K;N/A;Clic;N/A;Variedades;Si
Argentina;DGO;Alto HD 4K;N/A;CNN en Español;N/A;Mundo;Si
Argentina;DGO;Alto HD 4K;N/A;CNN International;N/A;Mundo;Si
Argentina;DGO;Alto HD 4K;N/A;Comedy Central HD;N/A;Variedades;Si
Argentina;DGO;Alto HD 4K;N/A;Corazón;N/A;Variedades;Si
Argentina;DGO;Alto HD 4K;N/A;Crónica TV;N/A;Mundo;Si
Argentina;DGO;Alto HD 4K;N/A;Daystar Español;N/A;Mundo;No
Argentina;DGO;Alto HD 4K;N/A;DeporTV;N/A;Deportes;Si
Argentina;DGO;Alto HD 4K;N/A;Discovery Channel HD;N/A;Mundo;Si
Argentina;DGO;Alto HD 4K;N/A;Discovery Home & Health HD;N/A;Variedades;Si
Argentina;DGO;Alto HD 4K;N/A;Discovery Kids HD;N/A;Infantil;Si
Argentina;DGO;Alto HD 4K;N/A;Discovery Theater HD;N/A;Mundo;Si
Argentina;DGO;Alto HD 4K;N/A;Discovery Turbo;N/A;Mundo;Si
Argentina;DGO;Alto HD 4K;N/A;Discovery World;N/A;Mundo;Si
Argentina;DGO;Alto HD 4K;N/A;Disney Channel HD;N/A;Infantil;Si
Argentina;DGO;Alto HD 4K;N/A;Disney Junior HD;N/A;Infantil;Si
Argentina;DGO;Alto HD 4K;N/A;DNEWS;N/A;Variedades;No
Argentina;DGO;Alto HD 4K;N/A;DSHOW;N/A;Variedades;No
Argentina;DGO;Alto HD 4K;N/A;DSPORTS 2 HD;N/A;Deportes;Si
Argentina;DGO;Alto HD 4K;N/A;DSPORTS Audio;N/A;Deportes;No
Argentina;DGO;Alto HD 4K;N/A;DSPORTS HD;N/A;Deportes;Si
Argentina;DGO;Alto HD 4K;N/A;DSPORTS+ HD;N/A;Deportes;Si
Argentina;DGO;Alto HD 4K;N/A;DSPORTS Radio;N/A;Radio;No
Argentina;DGO;Alto HD 4K;N/A;E! Entertainment México;N/A;Variedades;Si
Argentina;DGO;Alto HD 4K;N/A;Edye;N/A;Infantil;Si
Argentina;DGO;Alto HD 4K;N/A;El Nueve HD;N/A;Nacional;Si
Argentina;DGO;Alto HD 4K;N/A;El Reino Infantil;N/A;Infantil;Si
Argentina;DGO;Alto HD 4K;N/A;El Trece HD;N/A;Nacional;Si
Argentina;DGO;Alto HD 4K;N/A;Encuentro;N/A;Nacional;Si
Argentina;DGO;Alto HD 4K;N/A;Encuentro Internacional HD;N/A;Variedades;No
Argentina;DGO;Alto HD 4K;N/A;ESPN 2 HD;N/A;Deportes;Si
Argentina;DGO;Alto HD 4K;N/A;ESPN 3 HD;N/A;Deportes;Si
Argentina;DGO;Alto HD 4K;N/A;ESPN 4;N/A;Deportes;No
Argentina;DGO;Alto HD 4K;N/A;ESPN HD;N/A;Deportes;Si
Argentina;DGO;Alto HD 4K;N/A;Food Network HD;N/A;Variedades;Si
Argentina;DGO;Alto HD 4K;N/A;Fox News;N/A;Mundo;Si
Argentina;DGO;Alto HD 4K;N/A;Fox Sports 2 HD;N/A;Deportes;Si
Argentina;DGO;Alto HD 4K;N/A;Fox Sports 3 HD;N/A;Deportes;Si
Argentina;DGO;Alto HD 4K;N/A;Fox Sports HD;N/A;Deportes;Si
Argentina;DGO;Alto HD 4K;N/A;France 24 Español;N/A;Mundo;Si
Argentina;DGO;Alto HD 4K;N/A;FreeTV Acción;N/A;Cine;Si
Argentina;DGO;Alto HD 4K;N/A;FreeTV Drama;N/A;Cine;Si
Argentina;DGO;Alto HD 4K;N/A;FreeTV Estelar;N/A;Cine;Si
Argentina;DGO;Alto HD 4K;N/A;FreeTV Familia;N/A;Cine;Si
Argentina;DGO;Alto HD 4K;N/A;FreeTV Hits;N/A;Cine;Si
Argentina;DGO;Alto HD 4K;N/A;FreeTV Terror;N/A;Cine;Si
Argentina;DGO;Alto HD 4K;N/A;FX HD;N/A;Variedades;Si
Argentina;DGO;Alto HD 4K;N/A;Golf Channel HD;N/A;Deportes;Si
Argentina;DGO;Alto HD 4K;N/A;El Gourmet;N/A;Variedades;No
Argentina;DGO;Alto HD 4K;N/A;El Gourmet HD;N/A;Variedades;Si
Argentina;DGO;Alto HD 4K;N/A;Gran Hermano - 24 hs;N/A;Variedades;No
Argentina;DGO;Alto HD 4K;N/A;Gran Hermano - Cámara 1;N/A;Variedades;No
Argentina;DGO;Alto HD 4K;N/A;Gran Hermano - Cámara 2;N/A;Variedades;No
Argentina;DGO;Alto HD 4K;N/A;Gran Hermano - Cámara 3;N/A;Variedades;No
Argentina;DGO;Alto HD 4K;N/A;History 2 HD;N/A;Mundo;Si
Argentina;DGO;Alto HD 4K;N/A;HGTV HD;N/A;Variedades;Si
Argentina;DGO;Alto HD 4K;N/A;History Channel HD;N/A;Mundo;Si
Argentina;DGO;Alto HD 4K;N/A;Hola TV HD;N/A;Variedades;Si
Argentina;DGO;Alto HD 4K;N/A;ID HD;N/A;Variedades;Si
Argentina;DGO;Alto HD 4K;N/A;KZO;N/A;Variedades;Si
Argentina;DGO;Alto HD 4K;N/A;La Nación + HD;N/A;Nacional;Si
Argentina;DGO;Alto HD 4K;N/A;La TV Pública HD;N/A;Nacional;Si
Argentina;DGO;Alto HD 4K;N/A;Lifetime HD;N/A;Variedades;Si
Argentina;DGO;Alto HD 4K;N/A;LN+;N/A;Nacional;No
Argentina;DGO;Alto HD 4K;N/A;Más Chic;N/A;Variedades;Si
Argentina;DGO;Alto HD 4K;N/A;Mega Noticias;N/A;Mundo;Si
Argentina;DGO;Alto HD 4K;N/A;Mega Tiempo;N/A;Mundo;Si
Argentina;DGO;Alto HD 4K;N/A;Mórbido TV;N/A;Cine;Si
Argentina;DGO;Alto HD 4K;N/A;MTV HD;N/A;Variedades;Si
Argentina;DGO;Alto HD 4K;N/A;National Geographic HD;N/A;Mundo;Si
Argentina;DGO;Alto HD 4K;N/A;NBA TV HD;N/A;Deportes;No
Argentina;DGO;Alto HD 4K;N/A;Net TV HD;N/A;Nacional;Si
Argentina;DGO;Alto HD 4K;N/A;Newsmax TV;N/A;Nacional;Si
Argentina;DGO;Alto HD 4K;N/A;Nick HD;N/A;Infantil;Si
Argentina;DGO;Alto HD 4K;N/A;Nick Jr. HD;N/A;Infantil;Si
Argentina;DGO;Alto HD 4K;N/A;Nueva señal - Nombre TBD;N/A;Variedades;No
Argentina;DGO;Alto HD 4K;N/A;OnDIRECTV HD;N/A;Cine;Si
Argentina;DGO;Alto HD 4K;N/A;Paramount Channel HD;N/A;Cine;Si
Argentina;DGO;Alto HD 4K;N/A;Pasiones HD;N/A;Variedades;Si
Argentina;DGO;Alto HD 4K;N/A;Plim Plim;N/A;Infantil;Si
Argentina;DGO;Alto HD 4K;N/A;Quiero Música en Mi Idioma HD;N/A;Nacional;Si
Argentina;DGO;Alto HD 4K;N/A;Rai Italia;N/A;Mundo;Si
Argentina;DGO;Alto HD 4K;N/A;RCN Más;N/A;Variedades;Si
Argentina;DGO;Alto HD 4K;N/A;RCN Noticias;N/A;Mundo;Si
Argentina;DGO;Alto HD 4K;N/A;Sony HD;N/A;Variedades;Si
Argentina;DGO;Alto HD 4K;N/A;Sony Movies HD;N/A;Cine;No
Argentina;DGO;Alto HD 4K;N/A;Space;N/A;Cine;Si
Argentina;DGO;Alto HD 4K;N/A;Space HD;N/A;Cine;No
Argentina;DGO;Alto HD 4K;N/A;Star Channel;N/A;Variedades;Si
Argentina;DGO;Alto HD 4K;N/A;Star Channel HD;N/A;Variedades;No
Argentina;DGO;Alto HD 4K;N/A;Studio Universal HD;N/A;Cine;Si
Argentina;DGO;Alto HD 4K;N/A;Tastemade;N/A;Variedades;Si
Argentina;DGO;Alto HD 4K;N/A;Tastemade Viajes;N/A;Variedades;Si
Argentina;DGO;Alto HD 4K;N/A;Telefe HD;N/A;Nacional;Si
Argentina;DGO;Alto HD 4K;N/A;Telemundo;N/A;Variedades;Si
Argentina;DGO;Alto HD 4K;N/A;TLC HD;N/A;Mundo;No
Argentina;DGO;Alto HD 4K;N/A;TN HD;N/A;Mundo;Si
Argentina;DGO;Alto HD 4K;N/A;TNT HD;N/A;Cine;Si
Argentina;DGO;Alto HD 4K;N/A;TNT Novelas;N/A;Variedades;No
Argentina;DGO;Alto HD 4K;N/A;TNT Series HD;N/A;Variedades;Si
Argentina;DGO;Alto HD 4K;N/A;TV Pública HD;N/A;Nacional;No
Argentina;DGO;Alto HD 4K;N/A;Universal TV HD (South);N/A;Cine;Si
Argentina;DGO;Alto HD 4K;N/A;TyC Sports;N/A;Deportes;No
Argentina;DGO;Alto HD 4K;N/A;TyC Sports HD;N/A;Deportes;Si
Argentina;DGO;Alto HD 4K;N/A;Universal TV HD;N/A;Variedades;No
Argentina;DGO;Alto HD 4K;N/A;USA Network HD;N/A;Variedades;No
Argentina;DGO;Alto HD 4K;N/A;Volver;N/A;Variedades;Si
Argentina;DGO;Alto HD 4K;N/A;Warner Channel HD;N/A;Variedades;Si
Argentina;DGO;Alto SD;N/A;A la Cocina TV;N/A;Variedades;No
Argentina;DGO;Alto SD;N/A;A&E HD;N/A;Variedades;Si
Argentina;DGO;Alto SD;N/A;A24 HD;N/A;Mundo;Si
Argentina;DGO;Alto SD;N/A;Adult Swim;N/A;Variedades;No
Argentina;DGO;Alto SD;N/A;AMC HD;N/A;Variedades;Si
Argentina;DGO;Alto SD;N/A;América HD;N/A;Nacional;Si
Argentina;DGO;Alto SD;N/A;Animal Planet HD;N/A;Mundo;Si
Argentina;DGO;Alto SD;N/A;Antena 3 HD;N/A;Mundo;Si
Argentina;DGO;Alto SD;N/A;Argentina 12 HD;N/A;Mundo;No
Argentina;DGO;Alto SD;N/A;Atres Series HD;N/A;Variedades;Si
Argentina;DGO;Alto SD;N/A;AXN HD;N/A;Variedades;Si
Argentina;DGO;Alto SD;N/A;Azteca Internacional;N/A;Variedades;Si
Argentina;DGO;Alto SD;N/A;BabyTV;N/A;Infantil;No
Argentina;DGO;Alto SD;N/A;Bloomberg;N/A;Mundo;Si
Argentina;DGO;Alto SD;N/A;C5N HD;N/A;Local;Si
Argentina;DGO;Alto SD;N/A;Canal 13;N/A;Nacional;No
Argentina;DGO;Alto SD;N/A;Canal 26 HD;N/A;Mundo;Si
Argentina;DGO;Alto SD;N/A;Canal 9;N/A;Nacional;No
Argentina;DGO;Alto SD;N/A;Canal A HD;N/A;Nacional;Si
Argentina;DGO;Alto SD;N/A;Caracol Mix;N/A;Variedades;Si
Argentina;DGO;Alto SD;N/A;Cartoon Network HD;N/A;Infantil;Si
Argentina;DGO;Alto SD;N/A;Cartoonito;N/A;Infantil;No
Argentina;DGO;Alto SD;N/A;CGTN Español;N/A;Mundo;Si
Argentina;DGO;Alto SD;N/A;Cinecanal HD;N/A;Cine;Si
Argentina;DGO;Alto SD;N/A;Cinema;N/A;Cine;Si
Argentina;DGO;Alto SD;N/A;Cinemax HD;N/A;Cine;Si
Argentina;DGO;Alto SD;N/A;Ciudad Magazine;N/A;Variedades;Si
Argentina;DGO;Alto SD;N/A;Ciudad Magazine HD;N/A;Variedades;No
Argentina;DGO;Alto SD;N/A;Clic;N/A;Variedades;Si
Argentina;DGO;Alto SD;N/A;CNN en Español;N/A;Mundo;Si
Argentina;DGO;Alto SD;N/A;CNN International;N/A;Mundo;Si
Argentina;DGO;Alto SD;N/A;Comedy Central HD;N/A;Variedades;Si
Argentina;DGO;Alto SD;N/A;Corazón;N/A;Variedades;Si
Argentina;DGO;Alto SD;N/A;Crónica TV;N/A;Mundo;Si
Argentina;DGO;Alto SD;N/A;Daystar Español;N/A;Mundo;No
Argentina;DGO;Alto SD;N/A;DeporTV;N/A;Deportes;Si
Argentina;DGO;Alto SD;N/A;Discovery Channel HD;N/A;Mundo;Si
Argentina;DGO;Alto SD;N/A;Discovery Home & Health HD;N/A;Variedades;Si
Argentina;DGO;Alto SD;N/A;Discovery Kids HD;N/A;Infantil;Si
Argentina;DGO;Alto SD;N/A;Discovery Theater HD;N/A;Mundo;No
Argentina;DGO;Alto SD;N/A;Discovery Turbo;N/A;Mundo;Si
Argentina;DGO;Alto SD;N/A;Discovery World;N/A;Mundo;No
Argentina;DGO;Alto SD;N/A;Disney Channel HD;N/A;Infantil;Si
Argentina;DGO;Alto SD;N/A;Disney Junior HD;N/A;Infantil;Si
Argentina;DGO;Alto SD;N/A;DNEWS;N/A;Variedades;No
Argentina;DGO;Alto SD;N/A;DSHOW;N/A;Variedades;No
Argentina;DGO;Alto SD;N/A;DSPORTS 2 HD;N/A;Deportes;Si
Argentina;DGO;Alto SD;N/A;DSPORTS Audio;N/A;Deportes;No
Argentina;DGO;Alto SD;N/A;DSPORTS HD;N/A;Deportes;Si
Argentina;DGO;Alto SD;N/A;DSPORTS+ HD;N/A;Deportes;Si
Argentina;DGO;Alto SD;N/A;DSPORTS Radio;N/A;Radio;No
Argentina;DGO;Alto SD;N/A;E! Entertainment México;N/A;Variedades;Si
Argentina;DGO;Alto SD;N/A;Edye;N/A;Infantil;Si
Argentina;DGO;Alto SD;N/A;El Nueve HD;N/A;Nacional;Si
Argentina;DGO;Alto SD;N/A;El Reino Infantil;N/A;Infantil;Si
Argentina;DGO;Alto SD;N/A;El Trece HD;N/A;Nacional;Si
Argentina;DGO;Alto SD;N/A;Encuentro;N/A;Nacional;Si
Argentina;DGO;Alto SD;N/A;Encuentro Internacional HD;N/A;Variedades;No
Argentina;DGO;Alto SD;N/A;ESPN 2 HD;N/A;Deportes;Si
Argentina;DGO;Alto SD;N/A;ESPN 3 HD;N/A;Deportes;Si
Argentina;DGO;Alto SD;N/A;ESPN 4;N/A;Deportes;No
Argentina;DGO;Alto SD;N/A;ESPN HD;N/A;Deportes;Si
Argentina;DGO;Alto SD;N/A;Food Network HD;N/A;Variedades;Si
Argentina;DGO;Alto SD;N/A;Fox News;N/A;Mundo;Si
Argentina;DGO;Alto SD;N/A;Fox Sports 2 HD;N/A;Deportes;Si
Argentina;DGO;Alto SD;N/A;Fox Sports 3 HD;N/A;Deportes;Si
Argentina;DGO;Alto SD;N/A;Fox Sports HD;N/A;Deportes;Si
Argentina;DGO;Alto SD;N/A;France 24 Español;N/A;Mundo;Si
Argentina;DGO;Alto SD;N/A;FreeTV Acción;N/A;Cine;Si
Argentina;DGO;Alto SD;N/A;FreeTV Drama;N/A;Cine;Si
Argentina;DGO;Alto SD;N/A;FreeTV Estelar;N/A;Cine;Si
Argentina;DGO;Alto SD;N/A;FreeTV Familia;N/A;Cine;Si
Argentina;DGO;Alto SD;N/A;FreeTV Hits;N/A;Cine;Si
Argentina;DGO;Alto SD;N/A;FreeTV Terror;N/A;Cine;Si
Argentina;DGO;Alto SD;N/A;FX HD;N/A;Variedades;Si
Argentina;DGO;Alto SD;N/A;Golf Channel HD;N/A;Deportes;Si
Argentina;DGO;Alto SD;N/A;El Gourmet;N/A;Variedades;No
Argentina;DGO;Alto SD;N/A;El Gourmet HD;N/A;Variedades;Si
Argentina;DGO;Alto SD;N/A;Gran Hermano - 24 hs;N/A;Variedades;No
Argentina;DGO;Alto SD;N/A;Gran Hermano - Cámara 1;N/A;Variedades;No
Argentina;DGO;Alto SD;N/A;Gran Hermano - Cámara 2;N/A;Variedades;No
Argentina;DGO;Alto SD;N/A;Gran Hermano - Cámara 3;N/A;Variedades;No
Argentina;DGO;Alto SD;N/A;History 2 HD;N/A;Mundo;Si
Argentina;DGO;Alto SD;N/A;HGTV HD;N/A;Variedades;No
Argentina;DGO;Alto SD;N/A;History Channel HD;N/A;Mundo;Si
Argentina;DGO;Alto SD;N/A;Hola TV HD;N/A;Variedades;Si
Argentina;DGO;Alto SD;N/A;ID HD;N/A;Variedades;Si
Argentina;DGO;Alto SD;N/A;KZO;N/A;Variedades;Si
Argentina;DGO;Alto SD;N/A;La Nación + HD;N/A;Nacional;Si
Argentina;DGO;Alto SD;N/A;La TV Pública HD;N/A;Nacional;Si
Argentina;DGO;Alto SD;N/A;Lifetime HD;N/A;Variedades;Si
Argentina;DGO;Alto SD;N/A;LN+;N/A;Nacional;No
Argentina;DGO;Alto SD;N/A;Más Chic;N/A;Variedades;Si
Argentina;DGO;Alto SD;N/A;Mega Noticias;N/A;Mundo;Si
Argentina;DGO;Alto SD;N/A;Mega Tiempo;N/A;Mundo;Si
Argentina;DGO;Alto SD;N/A;Mórbido TV;N/A;Cine;Si
Argentina;DGO;Alto SD;N/A;MTV HD;N/A;Variedades;Si
Argentina;DGO;Alto SD;N/A;National Geographic HD;N/A;Mundo;Si
Argentina;DGO;Alto SD;N/A;NBA TV HD;N/A;Deportes;No
Argentina;DGO;Alto SD;N/A;Net TV HD;N/A;Nacional;Si
Argentina;DGO;Alto SD;N/A;Newsmax TV;N/A;Nacional;Si
Argentina;DGO;Alto SD;N/A;Nick HD;N/A;Infantil;Si
Argentina;DGO;Alto SD;N/A;Nick Jr. HD;N/A;Infantil;Si
Argentina;DGO;Alto SD;N/A;Nueva señal - Nombre TBD;N/A;Variedades;No
Argentina;DGO;Alto SD;N/A;OnDIRECTV HD;N/A;Cine;Si
Argentina;DGO;Alto SD;N/A;Paramount Channel HD;N/A;Cine;Si
Argentina;DGO;Alto SD;N/A;Pasiones HD;N/A;Variedades;Si
Argentina;DGO;Alto SD;N/A;Plim Plim;N/A;Infantil;Si
Argentina;DGO;Alto SD;N/A;Quiero Música en Mi Idioma HD;N/A;Nacional;Si
Argentina;DGO;Alto SD;N/A;Rai Italia;N/A;Mundo;Si
Argentina;DGO;Alto SD;N/A;RCN Más;N/A;Variedades;Si
Argentina;DGO;Alto SD;N/A;RCN Noticias;N/A;Mundo;Si
Argentina;DGO;Alto SD;N/A;Sony HD;N/A;Variedades;Si
Argentina;DGO;Alto SD;N/A;Sony Movies HD;N/A;Cine;No
Argentina;DGO;Alto SD;N/A;Space;N/A;Cine;Si
Argentina;DGO;Alto SD;N/A;Space HD;N/A;Cine;No
Argentina;DGO;Alto SD;N/A;Star Channel;N/A;Variedades;Si
Argentina;DGO;Alto SD;N/A;Star Channel HD;N/A;Variedades;No
Argentina;DGO;Alto SD;N/A;Studio Universal HD;N/A;Cine;Si
Argentina;DGO;Alto SD;N/A;Tastemade;N/A;Variedades;Si
Argentina;DGO;Alto SD;N/A;Tastemade Viajes;N/A;Variedades;Si
Argentina;DGO;Alto SD;N/A;Telefe HD;N/A;Nacional;Si
Argentina;DGO;Alto SD;N/A;Telemundo;N/A;Variedades;Si
Argentina;DGO;Alto SD;N/A;TLC HD;N/A;Mundo;No
Argentina;DGO;Alto SD;N/A;TN HD;N/A;Mundo;Si
Argentina;DGO;Alto SD;N/A;TNT HD;N/A;Cine;Si
Argentina;DGO;Alto SD;N/A;TNT Novelas;N/A;Variedades;No
Argentina;DGO;Alto SD;N/A;TNT Series HD;N/A;Variedades;Si
Argentina;DGO;Alto SD;N/A;TV Pública HD;N/A;Nacional;No
Argentina;DGO;Alto SD;N/A;Universal TV HD (South);N/A;Cine;Si
Argentina;DGO;Alto SD;N/A;TyC Sports;N/A;Deportes;No
Argentina;DGO;Alto SD;N/A;TyC Sports HD;N/A;Deportes;Si
Argentina;DGO;Alto SD;N/A;Universal TV HD;N/A;Variedades;No
Argentina;DGO;Alto SD;N/A;USA Network HD;N/A;Variedades;No
Argentina;DGO;Alto SD;N/A;Volver;N/A;Variedades;Si
Argentina;DGO;Alto SD;N/A;Warner Channel HD;N/A;Variedades;Si
Argentina;DGO;Retencion;N/A;A la Cocina TV;N/A;Variedades;No
Argentina;DGO;Retencion;N/A;A&E HD;N/A;Variedades;Si
Argentina;DGO;Retencion;N/A;A24 HD;N/A;Mundo;Si
Argentina;DGO;Retencion;N/A;Adult Swim;N/A;Variedades;No
Argentina;DGO;Retencion;N/A;AMC HD;N/A;Variedades;Si
Argentina;DGO;Retencion;N/A;América HD;N/A;Nacional;Si
Argentina;DGO;Retencion;N/A;Animal Planet HD;N/A;Mundo;Si
Argentina;DGO;Retencion;N/A;Antena 3 HD;N/A;Mundo;Si
Argentina;DGO;Retencion;N/A;Argentina 12 HD;N/A;Mundo;No
Argentina;DGO;Retencion;N/A;Atres Series HD;N/A;Variedades;Si
Argentina;DGO;Retencion;N/A;AXN HD;N/A;Variedades;Si
Argentina;DGO;Retencion;N/A;Azteca Internacional;N/A;Variedades;Si
Argentina;DGO;Retencion;N/A;BabyTV;N/A;Infantil;Si
Argentina;DGO;Retencion;N/A;Bloomberg;N/A;Mundo;Si
Argentina;DGO;Retencion;N/A;C5N HD;N/A;Local;Si
Argentina;DGO;Retencion;N/A;Canal 13;N/A;Nacional;No
Argentina;DGO;Retencion;N/A;Canal 26 HD;N/A;Mundo;Si
Argentina;DGO;Retencion;N/A;Canal 9;N/A;Nacional;No
Argentina;DGO;Retencion;N/A;Canal A HD;N/A;Nacional;Si
Argentina;DGO;Retencion;N/A;Caracol Mix;N/A;Variedades;Si
Argentina;DGO;Retencion;N/A;Cartoon Network HD;N/A;Infantil;Si
Argentina;DGO;Retencion;N/A;Cartoonito;N/A;Infantil;No
Argentina;DGO;Retencion;N/A;CGTN Español;N/A;Mundo;Si
Argentina;DGO;Retencion;N/A;Cinecanal HD;N/A;Cine;Si
Argentina;DGO;Retencion;N/A;Cinema;N/A;Cine;Si
Argentina;DGO;Retencion;N/A;Cinemax HD;N/A;Cine;Si
Argentina;DGO;Retencion;N/A;Ciudad Magazine;N/A;Variedades;Si
Argentina;DGO;Retencion;N/A;Ciudad Magazine HD;N/A;Variedades;No
Argentina;DGO;Retencion;N/A;Clic;N/A;Variedades;Si
Argentina;DGO;Retencion;N/A;CNN en Español;N/A;Mundo;Si
Argentina;DGO;Retencion;N/A;CNN International;N/A;Mundo;Si
Argentina;DGO;Retencion;N/A;Comedy Central HD;N/A;Variedades;Si
Argentina;DGO;Retencion;N/A;Corazón;N/A;Variedades;Si
Argentina;DGO;Retencion;N/A;Crónica TV;N/A;Mundo;Si
Argentina;DGO;Retencion;N/A;Daystar Español;N/A;Mundo;No
Argentina;DGO;Retencion;N/A;DeporTV;N/A;Deportes;Si
Argentina;DGO;Retencion;N/A;Discovery Channel HD;N/A;Mundo;Si
Argentina;DGO;Retencion;N/A;Discovery Home & Health HD;N/A;Variedades;Si
Argentina;DGO;Retencion;N/A;Discovery Kids HD;N/A;Infantil;Si
Argentina;DGO;Retencion;N/A;Discovery Theater HD;N/A;Mundo;Si
Argentina;DGO;Retencion;N/A;Discovery Turbo;N/A;Mundo;Si
Argentina;DGO;Retencion;N/A;Discovery World;N/A;Mundo;Si
Argentina;DGO;Retencion;N/A;Disney Channel HD;N/A;Infantil;Si
Argentina;DGO;Retencion;N/A;Disney Junior HD;N/A;Infantil;Si
Argentina;DGO;Retencion;N/A;DNEWS;N/A;Variedades;No
Argentina;DGO;Retencion;N/A;DSHOW;N/A;Variedades;No
Argentina;DGO;Retencion;N/A;DSPORTS 2 HD;N/A;Deportes;Si
Argentina;DGO;Retencion;N/A;DSPORTS Audio;N/A;Deportes;No
Argentina;DGO;Retencion;N/A;DSPORTS HD;N/A;Deportes;Si
Argentina;DGO;Retencion;N/A;DSPORTS+ HD;N/A;Deportes;No
Argentina;DGO;Retencion;N/A;DSPORTS Radio;N/A;Radio;No
Argentina;DGO;Retencion;N/A;E! Entertainment México;N/A;Variedades;Si
Argentina;DGO;Retencion;N/A;Edye;N/A;Infantil;Si
Argentina;DGO;Retencion;N/A;El Nueve HD;N/A;Nacional;Si
Argentina;DGO;Retencion;N/A;El Reino Infantil;N/A;Infantil;No
Argentina;DGO;Retencion;N/A;El Trece HD;N/A;Nacional;Si
Argentina;DGO;Retencion;N/A;Encuentro;N/A;Nacional;Si
Argentina;DGO;Retencion;N/A;Encuentro Internacional HD;N/A;Variedades;No
Argentina;DGO;Retencion;N/A;ESPN 2 HD;N/A;Deportes;No
Argentina;DGO;Retencion;N/A;ESPN 3 HD;N/A;Deportes;Si
Argentina;DGO;Retencion;N/A;ESPN 4;N/A;Deportes;No
Argentina;DGO;Retencion;N/A;ESPN HD;N/A;Deportes;No
Argentina;DGO;Retencion;N/A;Food Network HD;N/A;Variedades;Si
Argentina;DGO;Retencion;N/A;Fox News;N/A;Mundo;Si
Argentina;DGO;Retencion;N/A;Fox Sports 2 HD;N/A;Deportes;Si
Argentina;DGO;Retencion;N/A;Fox Sports 3 HD;N/A;Deportes;Si
Argentina;DGO;Retencion;N/A;Fox Sports HD;N/A;Deportes;Si
Argentina;DGO;Retencion;N/A;France 24 Español;N/A;Mundo;No
Argentina;DGO;Retencion;N/A;FreeTV Acción;N/A;Cine;Si
Argentina;DGO;Retencion;N/A;FreeTV Drama;N/A;Cine;Si
Argentina;DGO;Retencion;N/A;FreeTV Estelar;N/A;Cine;Si
Argentina;DGO;Retencion;N/A;FreeTV Familia;N/A;Cine;Si
Argentina;DGO;Retencion;N/A;FreeTV Hits;N/A;Cine;Si
Argentina;DGO;Retencion;N/A;FreeTV Terror;N/A;Cine;Si
Argentina;DGO;Retencion;N/A;FX HD;N/A;Variedades;Si
Argentina;DGO;Retencion;N/A;Golf Channel HD;N/A;Deportes;Si
Argentina;DGO;Retencion;N/A;El Gourmet;N/A;Variedades;No
Argentina;DGO;Retencion;N/A;El Gourmet HD;N/A;Variedades;Si
Argentina;DGO;Retencion;N/A;Gran Hermano - 24 hs;N/A;Variedades;No
Argentina;DGO;Retencion;N/A;Gran Hermano - Cámara 1;N/A;Variedades;No
Argentina;DGO;Retencion;N/A;Gran Hermano - Cámara 2;N/A;Variedades;No
Argentina;DGO;Retencion;N/A;Gran Hermano - Cámara 3;N/A;Variedades;No
Argentina;DGO;Retencion;N/A;History 2 HD;N/A;Mundo;Si
Argentina;DGO;Retencion;N/A;HGTV HD;N/A;Variedades;Si
Argentina;DGO;Retencion;N/A;History Channel HD;N/A;Mundo;Si
Argentina;DGO;Retencion;N/A;Hola TV HD;N/A;Variedades;Si
Argentina;DGO;Retencion;N/A;ID HD;N/A;Variedades;Si
Argentina;DGO;Retencion;N/A;KZO;N/A;Variedades;Si
Argentina;DGO;Retencion;N/A;La Nación + HD;N/A;Nacional;Si
Argentina;DGO;Retencion;N/A;La TV Pública HD;N/A;Nacional;No
Argentina;DGO;Retencion;N/A;Lifetime HD;N/A;Variedades;Si
Argentina;DGO;Retencion;N/A;LN+;N/A;Nacional;No
Argentina;DGO;Retencion;N/A;Más Chic;N/A;Variedades;Si
Argentina;DGO;Retencion;N/A;Mega Noticias;N/A;Mundo;Si
Argentina;DGO;Retencion;N/A;Mega Tiempo;N/A;Mundo;Si
Argentina;DGO;Retencion;N/A;Mórbido TV;N/A;Cine;No
Argentina;DGO;Retencion;N/A;MTV HD;N/A;Variedades;Si
Argentina;DGO;Retencion;N/A;National Geographic HD;N/A;Mundo;Si
Argentina;DGO;Retencion;N/A;NBA TV HD;N/A;Deportes;No
Argentina;DGO;Retencion;N/A;Net TV HD;N/A;Nacional;Si
Argentina;DGO;Retencion;N/A;Newsmax TV;N/A;Nacional;Si
Argentina;DGO;Retencion;N/A;Nick HD;N/A;Infantil;Si
Argentina;DGO;Retencion;N/A;Nick Jr. HD;N/A;Infantil;Si
Argentina;DGO;Retencion;N/A;Nueva señal - Nombre TBD;N/A;Variedades;No
Argentina;DGO;Retencion;N/A;OnDIRECTV HD;N/A;Cine;Si
Argentina;DGO;Retencion;N/A;Paramount Channel HD;N/A;Cine;Si
Argentina;DGO;Retencion;N/A;Pasiones HD;N/A;Variedades;Si
Argentina;DGO;Retencion;N/A;Plim Plim;N/A;Infantil;No
Argentina;DGO;Retencion;N/A;Quiero Música en Mi Idioma HD;N/A;Nacional;Si
Argentina;DGO;Retencion;N/A;Rai Italia;N/A;Mundo;Si
Argentina;DGO;Retencion;N/A;RCN Más;N/A;Variedades;Si
Argentina;DGO;Retencion;N/A;RCN Noticias;N/A;Mundo;Si
Argentina;DGO;Retencion;N/A;Sony HD;N/A;Variedades;Si
Argentina;DGO;Retencion;N/A;Sony Movies HD;N/A;Cine;No
Argentina;DGO;Retencion;N/A;Space;N/A;Cine;Si
Argentina;DGO;Retencion;N/A;Space HD;N/A;Cine;No
Argentina;DGO;Retencion;N/A;Star Channel;N/A;Variedades;Si
Argentina;DGO;Retencion;N/A;Star Channel HD;N/A;Variedades;No
Argentina;DGO;Retencion;N/A;Studio Universal HD;N/A;Cine;Si
Argentina;DGO;Retencion;N/A;Tastemade;N/A;Variedades;Si
Argentina;DGO;Retencion;N/A;Tastemade Viajes;N/A;Variedades;Si
Argentina;DGO;Retencion;N/A;Telefe HD;N/A;Nacional;Si
Argentina;DGO;Retencion;N/A;Telemundo;N/A;Variedades;Si
Argentina;DGO;Retencion;N/A;TLC HD;N/A;Mundo;No
Argentina;DGO;Retencion;N/A;TN HD;N/A;Mundo;Si
Argentina;DGO;Retencion;N/A;TNT HD;N/A;Cine;Si
Argentina;DGO;Retencion;N/A;TNT Novelas;N/A;Variedades;No
Argentina;DGO;Retencion;N/A;TNT Series HD;N/A;Variedades;Si
Argentina;DGO;Retencion;N/A;TV Pública HD;N/A;Nacional;No
Argentina;DGO;Retencion;N/A;Universal TV HD (South);N/A;Cine;Si
Argentina;DGO;Retencion;N/A;TyC Sports;N/A;Deportes;No
Argentina;DGO;Retencion;N/A;TyC Sports HD;N/A;Deportes;Si
Argentina;DGO;Retencion;N/A;Universal TV HD;N/A;Variedades;No
Argentina;DGO;Retencion;N/A;USA Network HD;N/A;Variedades;No
Argentina;DGO;Retencion;N/A;Volver;N/A;Variedades;Si
Argentina;DGO;Retencion;N/A;Warner Channel HD;N/A;Variedades;Si
Argentina;DGO;Base;N/A;A la Cocina TV;N/A;Variedades;No
Argentina;DGO;Base;N/A;A&E HD;N/A;Variedades;Si
Argentina;DGO;Base;N/A;A24 HD;N/A;Mundo;Si
Argentina;DGO;Base;N/A;Adult Swim;N/A;Variedades;No
Argentina;DGO;Base;N/A;AMC HD;N/A;Variedades;Si
Argentina;DGO;Base;N/A;América HD;N/A;Nacional;Si
Argentina;DGO;Base;N/A;Animal Planet HD;N/A;Mundo;Si
Argentina;DGO;Base;N/A;Antena 3 HD;N/A;Mundo;Si
Argentina;DGO;Base;N/A;Argentina 12 HD;N/A;Mundo;No
Argentina;DGO;Base;N/A;Atres Series HD;N/A;Variedades;Si
Argentina;DGO;Base;N/A;AXN HD;N/A;Variedades;Si
Argentina;DGO;Base;N/A;Azteca Internacional;N/A;Variedades;Si
Argentina;DGO;Base;N/A;BabyTV;N/A;Infantil;Si
Argentina;DGO;Base;N/A;Bloomberg;N/A;Mundo;Si
Argentina;DGO;Base;N/A;C5N HD;N/A;Local;Si
Argentina;DGO;Base;N/A;Canal 13;N/A;Nacional;No
Argentina;DGO;Base;N/A;Canal 26 HD;N/A;Mundo;Si
Argentina;DGO;Base;N/A;Canal 9;N/A;Nacional;No
Argentina;DGO;Base;N/A;Canal A HD;N/A;Nacional;Si
Argentina;DGO;Base;N/A;Caracol Mix;N/A;Variedades;Si
Argentina;DGO;Base;N/A;Cartoon Network HD;N/A;Infantil;Si
Argentina;DGO;Base;N/A;Cartoonito;N/A;Infantil;No
Argentina;DGO;Base;N/A;CGTN Español;N/A;Mundo;Si
Argentina;DGO;Base;N/A;Cinecanal HD;N/A;Cine;Si
Argentina;DGO;Base;N/A;Cinema;N/A;Cine;Si
Argentina;DGO;Base;N/A;Cinemax HD;N/A;Cine;Si
Argentina;DGO;Base;N/A;Ciudad Magazine;N/A;Variedades;Si
Argentina;DGO;Base;N/A;Ciudad Magazine HD;N/A;Variedades;No
Argentina;DGO;Base;N/A;Clic;N/A;Variedades;Si
Argentina;DGO;Base;N/A;CNN en Español;N/A;Mundo;Si
Argentina;DGO;Base;N/A;CNN International;N/A;Mundo;Si
Argentina;DGO;Base;N/A;Comedy Central HD;N/A;Variedades;Si
Argentina;DGO;Base;N/A;Corazón;N/A;Variedades;Si
Argentina;DGO;Base;N/A;Crónica TV;N/A;Mundo;Si
Argentina;DGO;Base;N/A;Daystar Español;N/A;Mundo;No
Argentina;DGO;Base;N/A;DeporTV;N/A;Deportes;Si
Argentina;DGO;Base;N/A;Discovery Channel HD;N/A;Mundo;Si
Argentina;DGO;Base;N/A;Discovery Home & Health HD;N/A;Variedades;Si
Argentina;DGO;Base;N/A;Discovery Kids HD;N/A;Infantil;Si
Argentina;DGO;Base;N/A;Discovery Theater HD;N/A;Mundo;Si
Argentina;DGO;Base;N/A;Discovery Turbo;N/A;Mundo;Si
Argentina;DGO;Base;N/A;Discovery World;N/A;Mundo;Si
Argentina;DGO;Base;N/A;Disney Channel HD;N/A;Infantil;Si
Argentina;DGO;Base;N/A;Disney Junior HD;N/A;Infantil;Si
Argentina;DGO;Base;N/A;DNEWS;N/A;Variedades;No
Argentina;DGO;Base;N/A;DSHOW;N/A;Variedades;No
Argentina;DGO;Base;N/A;DSPORTS 2 HD;N/A;Deportes;Si
Argentina;DGO;Base;N/A;DSPORTS Audio;N/A;Deportes;No
Argentina;DGO;Base;N/A;DSPORTS HD;N/A;Deportes;Si
Argentina;DGO;Base;N/A;DSPORTS+ HD;N/A;Deportes;Si
Argentina;DGO;Base;N/A;DSPORTS Radio;N/A;Radio;No
Argentina;DGO;Base;N/A;E! Entertainment México;N/A;Variedades;Si
Argentina;DGO;Base;N/A;Edye;N/A;Infantil;Si
Argentina;DGO;Base;N/A;El Nueve HD;N/A;Nacional;Si
Argentina;DGO;Base;N/A;El Reino Infantil;N/A;Infantil;No
Argentina;DGO;Base;N/A;El Trece HD;N/A;Nacional;Si
Argentina;DGO;Base;N/A;Encuentro;N/A;Nacional;Si
Argentina;DGO;Base;N/A;Encuentro Internacional HD;N/A;Variedades;No
Argentina;DGO;Base;N/A;ESPN 2 HD;N/A;Deportes;Si
Argentina;DGO;Base;N/A;ESPN 3 HD;N/A;Deportes;Si
Argentina;DGO;Base;N/A;ESPN 4;N/A;Deportes;No
Argentina;DGO;Base;N/A;ESPN HD;N/A;Deportes;No
Argentina;DGO;Base;N/A;Food Network HD;N/A;Variedades;Si
Argentina;DGO;Base;N/A;Fox News;N/A;Mundo;Si
Argentina;DGO;Base;N/A;Fox Sports 2 HD;N/A;Deportes;Si
Argentina;DGO;Base;N/A;Fox Sports 3 HD;N/A;Deportes;Si
Argentina;DGO;Base;N/A;Fox Sports HD;N/A;Deportes;Si
Argentina;DGO;Base;N/A;France 24 Español;N/A;Mundo;No
Argentina;DGO;Base;N/A;FreeTV Acción;N/A;Cine;Si
Argentina;DGO;Base;N/A;FreeTV Drama;N/A;Cine;Si
Argentina;DGO;Base;N/A;FreeTV Estelar;N/A;Cine;Si
Argentina;DGO;Base;N/A;FreeTV Familia;N/A;Cine;Si
Argentina;DGO;Base;N/A;FreeTV Hits;N/A;Cine;Si
Argentina;DGO;Base;N/A;FreeTV Terror;N/A;Cine;Si
Argentina;DGO;Base;N/A;FX HD;N/A;Variedades;No
Argentina;DGO;Base;N/A;Golf Channel HD;N/A;Deportes;Si
Argentina;DGO;Base;N/A;El Gourmet;N/A;Variedades;No
Argentina;DGO;Base;N/A;El Gourmet HD;N/A;Variedades;Si
Argentina;DGO;Base;N/A;Gran Hermano - 24 hs;N/A;Variedades;No
Argentina;DGO;Base;N/A;Gran Hermano - Cámara 1;N/A;Variedades;No
Argentina;DGO;Base;N/A;Gran Hermano - Cámara 2;N/A;Variedades;No
Argentina;DGO;Base;N/A;Gran Hermano - Cámara 3;N/A;Variedades;No
Argentina;DGO;Base;N/A;History 2 HD;N/A;Mundo;Si
Argentina;DGO;Base;N/A;HGTV HD;N/A;Variedades;Si
Argentina;DGO;Base;N/A;History Channel HD;N/A;Mundo;Si
Argentina;DGO;Base;N/A;Hola TV HD;N/A;Variedades;Si
Argentina;DGO;Base;N/A;ID HD;N/A;Variedades;Si
Argentina;DGO;Base;N/A;KZO;N/A;Variedades;Si
Argentina;DGO;Base;N/A;La Nación + HD;N/A;Nacional;Si
Argentina;DGO;Base;N/A;La TV Pública HD;N/A;Nacional;No
Argentina;DGO;Base;N/A;Lifetime HD;N/A;Variedades;Si
Argentina;DGO;Base;N/A;LN+;N/A;Nacional;No
Argentina;DGO;Base;N/A;Más Chic;N/A;Variedades;Si
Argentina;DGO;Base;N/A;Mega Noticias;N/A;Mundo;Si
Argentina;DGO;Base;N/A;Mega Tiempo;N/A;Mundo;Si
Argentina;DGO;Base;N/A;Mórbido TV;N/A;Cine;No
Argentina;DGO;Base;N/A;MTV HD;N/A;Variedades;Si
Argentina;DGO;Base;N/A;National Geographic HD;N/A;Mundo;Si
Argentina;DGO;Base;N/A;NBA TV HD;N/A;Deportes;No
Argentina;DGO;Base;N/A;Net TV HD;N/A;Nacional;Si
Argentina;DGO;Base;N/A;Newsmax TV;N/A;Nacional;Si
Argentina;DGO;Base;N/A;Nick HD;N/A;Infantil;Si
Argentina;DGO;Base;N/A;Nick Jr. HD;N/A;Infantil;Si
Argentina;DGO;Base;N/A;Nueva señal - Nombre TBD;N/A;Variedades;No
Argentina;DGO;Base;N/A;OnDIRECTV HD;N/A;Cine;Si
Argentina;DGO;Base;N/A;Paramount Channel HD;N/A;Cine;Si
Argentina;DGO;Base;N/A;Pasiones HD;N/A;Variedades;Si
Argentina;DGO;Base;N/A;Plim Plim;N/A;Infantil;No
Argentina;DGO;Base;N/A;Quiero Música en Mi Idioma HD;N/A;Nacional;Si
Argentina;DGO;Base;N/A;Rai Italia;N/A;Mundo;Si
Argentina;DGO;Base;N/A;RCN Más;N/A;Variedades;Si
Argentina;DGO;Base;N/A;RCN Noticias;N/A;Mundo;Si
Argentina;DGO;Base;N/A;Sony HD;N/A;Variedades;Si
Argentina;DGO;Base;N/A;Sony Movies HD;N/A;Cine;No
Argentina;DGO;Base;N/A;Space;N/A;Cine;Si
Argentina;DGO;Base;N/A;Space HD;N/A;Cine;No
Argentina;DGO;Base;N/A;Star Channel;N/A;Variedades;Si
Argentina;DGO;Base;N/A;Star Channel HD;N/A;Variedades;No
Argentina;DGO;Base;N/A;Studio Universal HD;N/A;Cine;Si
Argentina;DGO;Base;N/A;Tastemade;N/A;Variedades;Si
Argentina;DGO;Base;N/A;Tastemade Viajes;N/A;Variedades;Si
Argentina;DGO;Base;N/A;Telefe HD;N/A;Nacional;Si
Argentina;DGO;Base;N/A;Telemundo;N/A;Variedades;Si
Argentina;DGO;Base;N/A;TLC HD;N/A;Mundo;No
Argentina;DGO;Base;N/A;TN HD;N/A;Mundo;Si
Argentina;DGO;Base;N/A;TNT HD;N/A;Cine;Si
Argentina;DGO;Base;N/A;TNT Novelas;N/A;Variedades;No
Argentina;DGO;Base;N/A;TNT Series HD;N/A;Variedades;Si
Argentina;DGO;Base;N/A;TV Pública HD;N/A;Nacional;No
Argentina;DGO;Base;N/A;Universal TV HD (South);N/A;Cine;Si
Argentina;DGO;Base;N/A;TyC Sports;N/A;Deportes;No
Argentina;DGO;Base;N/A;TyC Sports HD;N/A;Deportes;Si
Argentina;DGO;Base;N/A;Universal TV HD;N/A;Variedades;No
Argentina;DGO;Base;N/A;USA Network HD;N/A;Variedades;No
Argentina;DGO;Base;N/A;Volver;N/A;Variedades;Si
Argentina;DGO;Base;N/A;Warner Channel HD;N/A;Variedades;Si
Argentina;DGO;Bajo;N/A;A la Cocina TV;N/A;Variedades;No
Argentina;DGO;Bajo;N/A;A&E HD;N/A;Variedades;Si
Argentina;DGO;Bajo;N/A;A24 HD;N/A;Mundo;Si
Argentina;DGO;Bajo;N/A;Adult Swim;N/A;Variedades;No
Argentina;DGO;Bajo;N/A;AMC HD;N/A;Variedades;No
Argentina;DGO;Bajo;N/A;América HD;N/A;Nacional;Si
Argentina;DGO;Bajo;N/A;Animal Planet HD;N/A;Mundo;Si
Argentina;DGO;Bajo;N/A;Antena 3 HD;N/A;Mundo;No
Argentina;DGO;Bajo;N/A;Argentina 12 HD;N/A;Mundo;No
Argentina;DGO;Bajo;N/A;Atres Series HD;N/A;Variedades;No
Argentina;DGO;Bajo;N/A;AXN HD;N/A;Variedades;No
Argentina;DGO;Bajo;N/A;Azteca Internacional;N/A;Variedades;Si
Argentina;DGO;Bajo;N/A;BabyTV;N/A;Infantil;No
Argentina;DGO;Bajo;N/A;Bloomberg;N/A;Mundo;No
Argentina;DGO;Bajo;N/A;C5N HD;N/A;Local;Si
Argentina;DGO;Bajo;N/A;Canal 13;N/A;Nacional;No
Argentina;DGO;Bajo;N/A;Canal 26 HD;N/A;Mundo;Si
Argentina;DGO;Bajo;N/A;Canal 9;N/A;Nacional;No
Argentina;DGO;Bajo;N/A;Canal A HD;N/A;Nacional;No
Argentina;DGO;Bajo;N/A;Caracol Mix;N/A;Variedades;Si
Argentina;DGO;Bajo;N/A;Cartoon Network HD;N/A;Infantil;Si
Argentina;DGO;Bajo;N/A;Cartoonito;N/A;Infantil;No
Argentina;DGO;Bajo;N/A;CGTN Español;N/A;Mundo;Si
Argentina;DGO;Bajo;N/A;Cinecanal HD;N/A;Cine;Si
Argentina;DGO;Bajo;N/A;Cinema;N/A;Cine;Si
Argentina;DGO;Bajo;N/A;Cinemax HD;N/A;Cine;No
Argentina;DGO;Bajo;N/A;Ciudad Magazine;N/A;Variedades;Si
Argentina;DGO;Bajo;N/A;Ciudad Magazine HD;N/A;Variedades;No
Argentina;DGO;Bajo;N/A;Clic;N/A;Variedades;Si
Argentina;DGO;Bajo;N/A;CNN en Español;N/A;Mundo;Si
Argentina;DGO;Bajo;N/A;CNN International;N/A;Mundo;No
Argentina;DGO;Bajo;N/A;Comedy Central HD;N/A;Variedades;No
Argentina;DGO;Bajo;N/A;Corazón;N/A;Variedades;Si
Argentina;DGO;Bajo;N/A;Crónica TV;N/A;Mundo;Si
Argentina;DGO;Bajo;N/A;Daystar Español;N/A;Mundo;No
Argentina;DGO;Bajo;N/A;DeporTV;N/A;Deportes;Si
Argentina;DGO;Bajo;N/A;Discovery Channel HD;N/A;Mundo;Si
Argentina;DGO;Bajo;N/A;Discovery Home & Health HD;N/A;Variedades;Si
Argentina;DGO;Bajo;N/A;Discovery Kids HD;N/A;Infantil;Si
Argentina;DGO;Bajo;N/A;Discovery Theater HD;N/A;Mundo;No
Argentina;DGO;Bajo;N/A;Discovery Turbo;N/A;Mundo;No
Argentina;DGO;Bajo;N/A;Discovery World;N/A;Mundo;No
Argentina;DGO;Bajo;N/A;Disney Channel HD;N/A;Infantil;Si
Argentina;DGO;Bajo;N/A;Disney Junior HD;N/A;Infantil;Si
Argentina;DGO;Bajo;N/A;DNEWS;N/A;Variedades;No
Argentina;DGO;Bajo;N/A;DSHOW;N/A;Variedades;No
Argentina;DGO;Bajo;N/A;DSPORTS 2 HD;N/A;Deportes;Si
Argentina;DGO;Bajo;N/A;DSPORTS Audio;N/A;Deportes;No
Argentina;DGO;Bajo;N/A;DSPORTS HD;N/A;Deportes;Si
Argentina;DGO;Bajo;N/A;DSPORTS+ HD;N/A;Deportes;Si
Argentina;DGO;Bajo;N/A;DSPORTS Radio;N/A;Radio;No
Argentina;DGO;Bajo;N/A;E! Entertainment México;N/A;Variedades;Si
Argentina;DGO;Bajo;N/A;Edye;N/A;Infantil;Si
Argentina;DGO;Bajo;N/A;El Nueve HD;N/A;Nacional;Si
Argentina;DGO;Bajo;N/A;El Reino Infantil;N/A;Infantil;No
Argentina;DGO;Bajo;N/A;El Trece HD;N/A;Nacional;Si
Argentina;DGO;Bajo;N/A;Encuentro;N/A;Nacional;Si
Argentina;DGO;Bajo;N/A;Encuentro Internacional HD;N/A;Variedades;No
Argentina;DGO;Bajo;N/A;ESPN 2 HD;N/A;Deportes;Si
Argentina;DGO;Bajo;N/A;ESPN 3 HD;N/A;Deportes;Si
Argentina;DGO;Bajo;N/A;ESPN 4;N/A;Deportes;No
Argentina;DGO;Bajo;N/A;ESPN HD;N/A;Deportes;Si
Argentina;DGO;Bajo;N/A;Food Network HD;N/A;Variedades;No
Argentina;DGO;Bajo;N/A;Fox News;N/A;Mundo;Si
Argentina;DGO;Bajo;N/A;Fox Sports 2 HD;N/A;Deportes;Si
Argentina;DGO;Bajo;N/A;Fox Sports 3 HD;N/A;Deportes;Si
Argentina;DGO;Bajo;N/A;Fox Sports HD;N/A;Deportes;Si
Argentina;DGO;Bajo;N/A;France 24 Español;N/A;Mundo;No
Argentina;DGO;Bajo;N/A;FreeTV Acción;N/A;Cine;Si
Argentina;DGO;Bajo;N/A;FreeTV Drama;N/A;Cine;Si
Argentina;DGO;Bajo;N/A;FreeTV Estelar;N/A;Cine;Si
Argentina;DGO;Bajo;N/A;FreeTV Familia;N/A;Cine;Si
Argentina;DGO;Bajo;N/A;FreeTV Hits;N/A;Cine;Si
Argentina;DGO;Bajo;N/A;FreeTV Terror;N/A;Cine;Si
Argentina;DGO;Bajo;N/A;FX HD;N/A;Variedades;Si
Argentina;DGO;Bajo;N/A;Golf Channel HD;N/A;Deportes;No
Argentina;DGO;Bajo;N/A;El Gourmet;N/A;Variedades;No
Argentina;DGO;Bajo;N/A;El Gourmet HD;N/A;Variedades;No
Argentina;DGO;Bajo;N/A;Gran Hermano - 24 hs;N/A;Variedades;No
Argentina;DGO;Bajo;N/A;Gran Hermano - Cámara 1;N/A;Variedades;No
Argentina;DGO;Bajo;N/A;Gran Hermano - Cámara 2;N/A;Variedades;No
Argentina;DGO;Bajo;N/A;Gran Hermano - Cámara 3;N/A;Variedades;No
Argentina;DGO;Bajo;N/A;History 2 HD;N/A;Mundo;No
Argentina;DGO;Bajo;N/A;HGTV HD;N/A;Variedades;No
Argentina;DGO;Bajo;N/A;History Channel HD;N/A;Mundo;No
Argentina;DGO;Bajo;N/A;Hola TV HD;N/A;Variedades;Si
Argentina;DGO;Bajo;N/A;ID HD;N/A;Variedades;No
Argentina;DGO;Bajo;N/A;KZO;N/A;Variedades;Si
Argentina;DGO;Bajo;N/A;La Nación + HD;N/A;Nacional;Si
Argentina;DGO;Bajo;N/A;La TV Pública HD;N/A;Nacional;Si
Argentina;DGO;Bajo;N/A;Lifetime HD;N/A;Variedades;No
Argentina;DGO;Bajo;N/A;LN+;N/A;Nacional;No
Argentina;DGO;Bajo;N/A;Más Chic;N/A;Variedades;No
Argentina;DGO;Bajo;N/A;Mega Noticias;N/A;Mundo;Si
Argentina;DGO;Bajo;N/A;Mega Tiempo;N/A;Mundo;Si
Argentina;DGO;Bajo;N/A;Mórbido TV;N/A;Cine;No
Argentina;DGO;Bajo;N/A;MTV HD;N/A;Variedades;Si
Argentina;DGO;Bajo;N/A;National Geographic HD;N/A;Mundo;Si
Argentina;DGO;Bajo;N/A;NBA TV HD;N/A;Deportes;No
Argentina;DGO;Bajo;N/A;Net TV HD;N/A;Nacional;Si
Argentina;DGO;Bajo;N/A;Newsmax TV;N/A;Nacional;Si
Argentina;DGO;Bajo;N/A;Nick HD;N/A;Infantil;No
Argentina;DGO;Bajo;N/A;Nick Jr. HD;N/A;Infantil;No
Argentina;DGO;Bajo;N/A;Nueva señal - Nombre TBD;N/A;Variedades;No
Argentina;DGO;Bajo;N/A;OnDIRECTV HD;N/A;Cine;Si
Argentina;DGO;Bajo;N/A;Paramount Channel HD;N/A;Cine;No
Argentina;DGO;Bajo;N/A;Pasiones HD;N/A;Variedades;No
Argentina;DGO;Bajo;N/A;Plim Plim;N/A;Infantil;No
Argentina;DGO;Bajo;N/A;Quiero Música en Mi Idioma HD;N/A;Nacional;Si
Argentina;DGO;Bajo;N/A;Rai Italia;N/A;Mundo;No
Argentina;DGO;Bajo;N/A;RCN Más;N/A;Variedades;Si
Argentina;DGO;Bajo;N/A;RCN Noticias;N/A;Mundo;Si
Argentina;DGO;Bajo;N/A;Sony HD;N/A;Variedades;Si
Argentina;DGO;Bajo;N/A;Sony Movies HD;N/A;Cine;No
Argentina;DGO;Bajo;N/A;Space;N/A;Cine;Si
Argentina;DGO;Bajo;N/A;Space HD;N/A;Cine;No
Argentina;DGO;Bajo;N/A;Star Channel;N/A;Variedades;Si
Argentina;DGO;Bajo;N/A;Star Channel HD;N/A;Variedades;No
Argentina;DGO;Bajo;N/A;Studio Universal HD;N/A;Cine;Si
Argentina;DGO;Bajo;N/A;Tastemade;N/A;Variedades;Si
Argentina;DGO;Bajo;N/A;Tastemade Viajes;N/A;Variedades;Si
Argentina;DGO;Bajo;N/A;Telefe HD;N/A;Nacional;Si
Argentina;DGO;Bajo;N/A;Telemundo;N/A;Variedades;Si
Argentina;DGO;Bajo;N/A;TLC HD;N/A;Mundo;No
Argentina;DGO;Bajo;N/A;TN HD;N/A;Mundo;Si
Argentina;DGO;Bajo;N/A;TNT HD;N/A;Cine;Si
Argentina;DGO;Bajo;N/A;TNT Novelas;N/A;Variedades;No
Argentina;DGO;Bajo;N/A;TNT Series HD;N/A;Variedades;No
Argentina;DGO;Bajo;N/A;TV Pública HD;N/A;Nacional;No
Argentina;DGO;Bajo;N/A;Universal TV HD (South);N/A;Cine;Si
Argentina;DGO;Bajo;N/A;TyC Sports;N/A;Deportes;No
Argentina;DGO;Bajo;N/A;TyC Sports HD;N/A;Deportes;Si
Argentina;DGO;Bajo;N/A;Universal TV HD;N/A;Variedades;No
Argentina;DGO;Bajo;N/A;USA Network HD;N/A;Variedades;No
Argentina;DGO;Bajo;N/A;Volver;N/A;Variedades;Si
Argentina;DGO;Bajo;N/A;Warner Channel HD;N/A;Variedades;Si
Argentina;DGO;DTH_Argentina_001;N/A;A la Cocina TV;N/A;Variedades;No
Argentina;DGO;DTH_Argentina_001;N/A;A&E HD;N/A;Variedades;Si
Argentina;DGO;DTH_Argentina_001;N/A;A24 HD;N/A;Mundo;Si
Argentina;DGO;DTH_Argentina_001;N/A;Adult Swim;N/A;Variedades;No
Argentina;DGO;DTH_Argentina_001;N/A;AMC HD;N/A;Variedades;Si
Argentina;DGO;DTH_Argentina_001;N/A;América HD;N/A;Nacional;Si
Argentina;DGO;DTH_Argentina_001;N/A;Animal Planet HD;N/A;Mundo;Si
Argentina;DGO;DTH_Argentina_001;N/A;Antena 3 HD;N/A;Mundo;Si
Argentina;DGO;DTH_Argentina_001;N/A;Argentina 12 HD;N/A;Mundo;No
Argentina;DGO;DTH_Argentina_001;N/A;Atres Series HD;N/A;Variedades;Si
Argentina;DGO;DTH_Argentina_001;N/A;AXN HD;N/A;Variedades;Si
Argentina;DGO;DTH_Argentina_001;N/A;Azteca Internacional;N/A;Variedades;Si
Argentina;DGO;DTH_Argentina_001;N/A;BabyTV;N/A;Infantil;No
Argentina;DGO;DTH_Argentina_001;N/A;Bloomberg;N/A;Mundo;Si
Argentina;DGO;DTH_Argentina_001;N/A;C5N HD;N/A;Local;Si
Argentina;DGO;DTH_Argentina_001;N/A;Canal 13;N/A;Nacional;No
Argentina;DGO;DTH_Argentina_001;N/A;Canal 26 HD;N/A;Mundo;Si
Argentina;DGO;DTH_Argentina_001;N/A;Canal 9;N/A;Nacional;No
Argentina;DGO;DTH_Argentina_001;N/A;Canal A HD;N/A;Nacional;Si
Argentina;DGO;DTH_Argentina_001;N/A;Caracol Mix;N/A;Variedades;Si
Argentina;DGO;DTH_Argentina_001;N/A;Cartoon Network HD;N/A;Infantil;Si
Argentina;DGO;DTH_Argentina_001;N/A;Cartoonito;N/A;Infantil;No
Argentina;DGO;DTH_Argentina_001;N/A;CGTN Español;N/A;Mundo;Si
Argentina;DGO;DTH_Argentina_001;N/A;Cinecanal HD;N/A;Cine;Si
Argentina;DGO;DTH_Argentina_001;N/A;Cinema;N/A;Cine;Si
Argentina;DGO;DTH_Argentina_001;N/A;Cinemax HD;N/A;Cine;Si
Argentina;DGO;DTH_Argentina_001;N/A;Ciudad Magazine;N/A;Variedades;Si
Argentina;DGO;DTH_Argentina_001;N/A;Ciudad Magazine HD;N/A;Variedades;No
Argentina;DGO;DTH_Argentina_001;N/A;Clic;N/A;Variedades;Si
Argentina;DGO;DTH_Argentina_001;N/A;CNN en Español;N/A;Mundo;Si
Argentina;DGO;DTH_Argentina_001;N/A;CNN International;N/A;Mundo;Si
Argentina;DGO;DTH_Argentina_001;N/A;Comedy Central HD;N/A;Variedades;Si
Argentina;DGO;DTH_Argentina_001;N/A;Corazón;N/A;Variedades;Si
Argentina;DGO;DTH_Argentina_001;N/A;Crónica TV;N/A;Mundo;Si
Argentina;DGO;DTH_Argentina_001;N/A;Daystar Español;N/A;Mundo;No
Argentina;DGO;DTH_Argentina_001;N/A;DeporTV;N/A;Deportes;Si
Argentina;DGO;DTH_Argentina_001;N/A;Discovery Channel HD;N/A;Mundo;Si
Argentina;DGO;DTH_Argentina_001;N/A;Discovery Home & Health HD;N/A;Variedades;Si
Argentina;DGO;DTH_Argentina_001;N/A;Discovery Kids HD;N/A;Infantil;Si
Argentina;DGO;DTH_Argentina_001;N/A;Discovery Theater HD;N/A;Mundo;No
Argentina;DGO;DTH_Argentina_001;N/A;Discovery Turbo;N/A;Mundo;Si
Argentina;DGO;DTH_Argentina_001;N/A;Discovery World;N/A;Mundo;No
Argentina;DGO;DTH_Argentina_001;N/A;Disney Channel HD;N/A;Infantil;Si
Argentina;DGO;DTH_Argentina_001;N/A;Disney Junior HD;N/A;Infantil;Si
Argentina;DGO;DTH_Argentina_001;N/A;DNEWS;N/A;Variedades;No
Argentina;DGO;DTH_Argentina_001;N/A;DSHOW;N/A;Variedades;No
Argentina;DGO;DTH_Argentina_001;N/A;DSPORTS 2 HD;N/A;Deportes;Si
Argentina;DGO;DTH_Argentina_001;N/A;DSPORTS Audio;N/A;Deportes;No
Argentina;DGO;DTH_Argentina_001;N/A;DSPORTS HD;N/A;Deportes;Si
Argentina;DGO;DTH_Argentina_001;N/A;DSPORTS+ HD;N/A;Deportes;Si
Argentina;DGO;DTH_Argentina_001;N/A;DSPORTS Radio;N/A;Radio;No
Argentina;DGO;DTH_Argentina_001;N/A;E! Entertainment México;N/A;Variedades;Si
Argentina;DGO;DTH_Argentina_001;N/A;Edye;N/A;Infantil;Si
Argentina;DGO;DTH_Argentina_001;N/A;El Nueve HD;N/A;Nacional;Si
Argentina;DGO;DTH_Argentina_001;N/A;El Reino Infantil;N/A;Infantil;No
Argentina;DGO;DTH_Argentina_001;N/A;El Trece HD;N/A;Nacional;Si
Argentina;DGO;DTH_Argentina_001;N/A;Encuentro;N/A;Nacional;Si
Argentina;DGO;DTH_Argentina_001;N/A;Encuentro Internacional HD;N/A;Variedades;No
Argentina;DGO;DTH_Argentina_001;N/A;ESPN 2 HD;N/A;Deportes;Si
Argentina;DGO;DTH_Argentina_001;N/A;ESPN 3 HD;N/A;Deportes;Si
Argentina;DGO;DTH_Argentina_001;N/A;ESPN 4;N/A;Deportes;No
Argentina;DGO;DTH_Argentina_001;N/A;ESPN HD;N/A;Deportes;Si
Argentina;DGO;DTH_Argentina_001;N/A;Food Network HD;N/A;Variedades;Si
Argentina;DGO;DTH_Argentina_001;N/A;Fox News;N/A;Mundo;Si
Argentina;DGO;DTH_Argentina_001;N/A;Fox Sports 2 HD;N/A;Deportes;Si
Argentina;DGO;DTH_Argentina_001;N/A;Fox Sports 3 HD;N/A;Deportes;Si
Argentina;DGO;DTH_Argentina_001;N/A;Fox Sports HD;N/A;Deportes;Si
Argentina;DGO;DTH_Argentina_001;N/A;France 24 Español;N/A;Mundo;No
Argentina;DGO;DTH_Argentina_001;N/A;FreeTV Acción;N/A;Cine;Si
Argentina;DGO;DTH_Argentina_001;N/A;FreeTV Drama;N/A;Cine;Si
Argentina;DGO;DTH_Argentina_001;N/A;FreeTV Estelar;N/A;Cine;Si
Argentina;DGO;DTH_Argentina_001;N/A;FreeTV Familia;N/A;Cine;Si
Argentina;DGO;DTH_Argentina_001;N/A;FreeTV Hits;N/A;Cine;Si
Argentina;DGO;DTH_Argentina_001;N/A;FreeTV Terror;N/A;Cine;Si
Argentina;DGO;DTH_Argentina_001;N/A;FX HD;N/A;Variedades;No
Argentina;DGO;DTH_Argentina_001;N/A;Golf Channel HD;N/A;Deportes;Si
Argentina;DGO;DTH_Argentina_001;N/A;El Gourmet;N/A;Variedades;No
Argentina;DGO;DTH_Argentina_001;N/A;El Gourmet HD;N/A;Variedades;Si
Argentina;DGO;DTH_Argentina_001;N/A;Gran Hermano - 24 hs;N/A;Variedades;No
Argentina;DGO;DTH_Argentina_001;N/A;Gran Hermano - Cámara 1;N/A;Variedades;No
Argentina;DGO;DTH_Argentina_001;N/A;Gran Hermano - Cámara 2;N/A;Variedades;No
Argentina;DGO;DTH_Argentina_001;N/A;Gran Hermano - Cámara 3;N/A;Variedades;No
Argentina;DGO;DTH_Argentina_001;N/A;History 2 HD;N/A;Mundo;Si
Argentina;DGO;DTH_Argentina_001;N/A;HGTV HD;N/A;Variedades;No
Argentina;DGO;DTH_Argentina_001;N/A;History Channel HD;N/A;Mundo;Si
Argentina;DGO;DTH_Argentina_001;N/A;Hola TV HD;N/A;Variedades;Si
Argentina;DGO;DTH_Argentina_001;N/A;ID HD;N/A;Variedades;Si
Argentina;DGO;DTH_Argentina_001;N/A;KZO;N/A;Variedades;Si
Argentina;DGO;DTH_Argentina_001;N/A;La Nación + HD;N/A;Nacional;Si
Argentina;DGO;DTH_Argentina_001;N/A;La TV Pública HD;N/A;Nacional;No
Argentina;DGO;DTH_Argentina_001;N/A;Lifetime HD;N/A;Variedades;Si
Argentina;DGO;DTH_Argentina_001;N/A;LN+;N/A;Nacional;No
Argentina;DGO;DTH_Argentina_001;N/A;Más Chic;N/A;Variedades;Si
Argentina;DGO;DTH_Argentina_001;N/A;Mega Noticias;N/A;Mundo;Si
Argentina;DGO;DTH_Argentina_001;N/A;Mega Tiempo;N/A;Mundo;Si
Argentina;DGO;DTH_Argentina_001;N/A;Mórbido TV;N/A;Cine;No
Argentina;DGO;DTH_Argentina_001;N/A;MTV HD;N/A;Variedades;Si
Argentina;DGO;DTH_Argentina_001;N/A;National Geographic HD;N/A;Mundo;Si
Argentina;DGO;DTH_Argentina_001;N/A;NBA TV HD;N/A;Deportes;No
Argentina;DGO;DTH_Argentina_001;N/A;Net TV HD;N/A;Nacional;Si
Argentina;DGO;DTH_Argentina_001;N/A;Newsmax TV;N/A;Nacional;Si
Argentina;DGO;DTH_Argentina_001;N/A;Nick HD;N/A;Infantil;Si
Argentina;DGO;DTH_Argentina_001;N/A;Nick Jr. HD;N/A;Infantil;Si
Argentina;DGO;DTH_Argentina_001;N/A;Nueva señal - Nombre TBD;N/A;Variedades;No
Argentina;DGO;DTH_Argentina_001;N/A;OnDIRECTV HD;N/A;Cine;Si
Argentina;DGO;DTH_Argentina_001;N/A;Paramount Channel HD;N/A;Cine;Si
Argentina;DGO;DTH_Argentina_001;N/A;Pasiones HD;N/A;Variedades;Si
Argentina;DGO;DTH_Argentina_001;N/A;Plim Plim;N/A;Infantil;No
Argentina;DGO;DTH_Argentina_001;N/A;Quiero Música en Mi Idioma HD;N/A;Nacional;Si
Argentina;DGO;DTH_Argentina_001;N/A;Rai Italia;N/A;Mundo;Si
Argentina;DGO;DTH_Argentina_001;N/A;RCN Más;N/A;Variedades;Si
Argentina;DGO;DTH_Argentina_001;N/A;RCN Noticias;N/A;Mundo;Si
Argentina;DGO;DTH_Argentina_001;N/A;Sony HD;N/A;Variedades;Si
Argentina;DGO;DTH_Argentina_001;N/A;Sony Movies HD;N/A;Cine;No
Argentina;DGO;DTH_Argentina_001;N/A;Space;N/A;Cine;Si
Argentina;DGO;DTH_Argentina_001;N/A;Space HD;N/A;Cine;No
Argentina;DGO;DTH_Argentina_001;N/A;Star Channel;N/A;Variedades;Si
Argentina;DGO;DTH_Argentina_001;N/A;Star Channel HD;N/A;Variedades;No
Argentina;DGO;DTH_Argentina_001;N/A;Studio Universal HD;N/A;Cine;Si
Argentina;DGO;DTH_Argentina_001;N/A;Tastemade;N/A;Variedades;Si
Argentina;DGO;DTH_Argentina_001;N/A;Tastemade Viajes;N/A;Variedades;Si
Argentina;DGO;DTH_Argentina_001;N/A;Telefe HD;N/A;Nacional;Si
Argentina;DGO;DTH_Argentina_001;N/A;Telemundo;N/A;Variedades;Si
Argentina;DGO;DTH_Argentina_001;N/A;TLC HD;N/A;Mundo;No
Argentina;DGO;DTH_Argentina_001;N/A;TN HD;N/A;Mundo;Si
Argentina;DGO;DTH_Argentina_001;N/A;TNT HD;N/A;Cine;Si
Argentina;DGO;DTH_Argentina_001;N/A;TNT Novelas;N/A;Variedades;No
Argentina;DGO;DTH_Argentina_001;N/A;TNT Series HD;N/A;Variedades;Si
Argentina;DGO;DTH_Argentina_001;N/A;TV Pública HD;N/A;Nacional;No
Argentina;DGO;DTH_Argentina_001;N/A;Universal TV HD (South);N/A;Cine;Si
Argentina;DGO;DTH_Argentina_001;N/A;TyC Sports;N/A;Deportes;No
Argentina;DGO;DTH_Argentina_001;N/A;TyC Sports HD;N/A;Deportes;Si
Argentina;DGO;DTH_Argentina_001;N/A;Universal TV HD;N/A;Variedades;No
Argentina;DGO;DTH_Argentina_001;N/A;USA Network HD;N/A;Variedades;No
Argentina;DGO;DTH_Argentina_001;N/A;Volver;N/A;Variedades;Si
Argentina;DGO;DTH_Argentina_001;N/A;Warner Channel HD;N/A;Variedades;Si
Argentina;DGO;DTH_Argentina_002;N/A;A la Cocina TV;N/A;Variedades;No
Argentina;DGO;DTH_Argentina_002;N/A;A&E HD;N/A;Variedades;Si
Argentina;DGO;DTH_Argentina_002;N/A;A24 HD;N/A;Mundo;Si
Argentina;DGO;DTH_Argentina_002;N/A;Adult Swim;N/A;Variedades;No
Argentina;DGO;DTH_Argentina_002;N/A;AMC HD;N/A;Variedades;Si
Argentina;DGO;DTH_Argentina_002;N/A;América HD;N/A;Nacional;Si
Argentina;DGO;DTH_Argentina_002;N/A;Animal Planet HD;N/A;Mundo;Si
Argentina;DGO;DTH_Argentina_002;N/A;Antena 3 HD;N/A;Mundo;Si
Argentina;DGO;DTH_Argentina_002;N/A;Argentina 12 HD;N/A;Mundo;No
Argentina;DGO;DTH_Argentina_002;N/A;Atres Series HD;N/A;Variedades;Si
Argentina;DGO;DTH_Argentina_002;N/A;AXN HD;N/A;Variedades;Si
Argentina;DGO;DTH_Argentina_002;N/A;Azteca Internacional;N/A;Variedades;Si
Argentina;DGO;DTH_Argentina_002;N/A;BabyTV;N/A;Infantil;Si
Argentina;DGO;DTH_Argentina_002;N/A;Bloomberg;N/A;Mundo;Si
Argentina;DGO;DTH_Argentina_002;N/A;C5N HD;N/A;Local;Si
Argentina;DGO;DTH_Argentina_002;N/A;Canal 13;N/A;Nacional;No
Argentina;DGO;DTH_Argentina_002;N/A;Canal 26 HD;N/A;Mundo;Si
Argentina;DGO;DTH_Argentina_002;N/A;Canal 9;N/A;Nacional;No
Argentina;DGO;DTH_Argentina_002;N/A;Canal A HD;N/A;Nacional;Si
Argentina;DGO;DTH_Argentina_002;N/A;Caracol Mix;N/A;Variedades;Si
Argentina;DGO;DTH_Argentina_002;N/A;Cartoon Network HD;N/A;Infantil;Si
Argentina;DGO;DTH_Argentina_002;N/A;Cartoonito;N/A;Infantil;No
Argentina;DGO;DTH_Argentina_002;N/A;CGTN Español;N/A;Mundo;Si
Argentina;DGO;DTH_Argentina_002;N/A;Cinecanal HD;N/A;Cine;Si
Argentina;DGO;DTH_Argentina_002;N/A;Cinema;N/A;Cine;Si
Argentina;DGO;DTH_Argentina_002;N/A;Cinemax HD;N/A;Cine;Si
Argentina;DGO;DTH_Argentina_002;N/A;Ciudad Magazine;N/A;Variedades;Si
Argentina;DGO;DTH_Argentina_002;N/A;Ciudad Magazine HD;N/A;Variedades;No
Argentina;DGO;DTH_Argentina_002;N/A;Clic;N/A;Variedades;Si
Argentina;DGO;DTH_Argentina_002;N/A;CNN en Español;N/A;Mundo;Si
Argentina;DGO;DTH_Argentina_002;N/A;CNN International;N/A;Mundo;Si
Argentina;DGO;DTH_Argentina_002;N/A;Comedy Central HD;N/A;Variedades;Si
Argentina;DGO;DTH_Argentina_002;N/A;Corazón;N/A;Variedades;Si
Argentina;DGO;DTH_Argentina_002;N/A;Crónica TV;N/A;Mundo;Si
Argentina;DGO;DTH_Argentina_002;N/A;Daystar Español;N/A;Mundo;No
Argentina;DGO;DTH_Argentina_002;N/A;DeporTV;N/A;Deportes;Si
Argentina;DGO;DTH_Argentina_002;N/A;Discovery Channel HD;N/A;Mundo;Si
Argentina;DGO;DTH_Argentina_002;N/A;Discovery Home & Health HD;N/A;Variedades;Si
Argentina;DGO;DTH_Argentina_002;N/A;Discovery Kids HD;N/A;Infantil;Si
Argentina;DGO;DTH_Argentina_002;N/A;Discovery Theater HD;N/A;Mundo;Si
Argentina;DGO;DTH_Argentina_002;N/A;Discovery Turbo;N/A;Mundo;Si
Argentina;DGO;DTH_Argentina_002;N/A;Discovery World;N/A;Mundo;Si
Argentina;DGO;DTH_Argentina_002;N/A;Disney Channel HD;N/A;Infantil;Si
Argentina;DGO;DTH_Argentina_002;N/A;Disney Junior HD;N/A;Infantil;Si
Argentina;DGO;DTH_Argentina_002;N/A;DNEWS;N/A;Variedades;No
Argentina;DGO;DTH_Argentina_002;N/A;DSHOW;N/A;Variedades;No
Argentina;DGO;DTH_Argentina_002;N/A;DSPORTS 2 HD;N/A;Deportes;Si
Argentina;DGO;DTH_Argentina_002;N/A;DSPORTS Audio;N/A;Deportes;No
Argentina;DGO;DTH_Argentina_002;N/A;DSPORTS HD;N/A;Deportes;Si
Argentina;DGO;DTH_Argentina_002;N/A;DSPORTS+ HD;N/A;Deportes;Si
Argentina;DGO;DTH_Argentina_002;N/A;DSPORTS Radio;N/A;Radio;No
Argentina;DGO;DTH_Argentina_002;N/A;E! Entertainment México;N/A;Variedades;Si
Argentina;DGO;DTH_Argentina_002;N/A;Edye;N/A;Infantil;Si
Argentina;DGO;DTH_Argentina_002;N/A;El Nueve HD;N/A;Nacional;Si
Argentina;DGO;DTH_Argentina_002;N/A;El Reino Infantil;N/A;Infantil;No
Argentina;DGO;DTH_Argentina_002;N/A;El Trece HD;N/A;Nacional;Si
Argentina;DGO;DTH_Argentina_002;N/A;Encuentro;N/A;Nacional;Si
Argentina;DGO;DTH_Argentina_002;N/A;Encuentro Internacional HD;N/A;Variedades;No
Argentina;DGO;DTH_Argentina_002;N/A;ESPN 2 HD;N/A;Deportes;Si
Argentina;DGO;DTH_Argentina_002;N/A;ESPN 3 HD;N/A;Deportes;Si
Argentina;DGO;DTH_Argentina_002;N/A;ESPN 4;N/A;Deportes;No
Argentina;DGO;DTH_Argentina_002;N/A;ESPN HD;N/A;Deportes;Si
Argentina;DGO;DTH_Argentina_002;N/A;Food Network HD;N/A;Variedades;Si
Argentina;DGO;DTH_Argentina_002;N/A;Fox News;N/A;Mundo;Si
Argentina;DGO;DTH_Argentina_002;N/A;Fox Sports 2 HD;N/A;Deportes;Si
Argentina;DGO;DTH_Argentina_002;N/A;Fox Sports 3 HD;N/A;Deportes;Si
Argentina;DGO;DTH_Argentina_002;N/A;Fox Sports HD;N/A;Deportes;Si
Argentina;DGO;DTH_Argentina_002;N/A;France 24 Español;N/A;Mundo;No
Argentina;DGO;DTH_Argentina_002;N/A;FreeTV Acción;N/A;Cine;Si
Argentina;DGO;DTH_Argentina_002;N/A;FreeTV Drama;N/A;Cine;Si
Argentina;DGO;DTH_Argentina_002;N/A;FreeTV Estelar;N/A;Cine;Si
Argentina;DGO;DTH_Argentina_002;N/A;FreeTV Familia;N/A;Cine;Si
Argentina;DGO;DTH_Argentina_002;N/A;FreeTV Hits;N/A;Cine;Si
Argentina;DGO;DTH_Argentina_002;N/A;FreeTV Terror;N/A;Cine;Si
Argentina;DGO;DTH_Argentina_002;N/A;FX HD;N/A;Variedades;No
Argentina;DGO;DTH_Argentina_002;N/A;Golf Channel HD;N/A;Deportes;Si
Argentina;DGO;DTH_Argentina_002;N/A;El Gourmet;N/A;Variedades;No
Argentina;DGO;DTH_Argentina_002;N/A;El Gourmet HD;N/A;Variedades;Si
Argentina;DGO;DTH_Argentina_002;N/A;Gran Hermano - 24 hs;N/A;Variedades;No
Argentina;DGO;DTH_Argentina_002;N/A;Gran Hermano - Cámara 1;N/A;Variedades;No
Argentina;DGO;DTH_Argentina_002;N/A;Gran Hermano - Cámara 2;N/A;Variedades;No
Argentina;DGO;DTH_Argentina_002;N/A;Gran Hermano - Cámara 3;N/A;Variedades;No
Argentina;DGO;DTH_Argentina_002;N/A;History 2 HD;N/A;Mundo;Si
Argentina;DGO;DTH_Argentina_002;N/A;HGTV HD;N/A;Variedades;Si
Argentina;DGO;DTH_Argentina_002;N/A;History Channel HD;N/A;Mundo;Si
Argentina;DGO;DTH_Argentina_002;N/A;Hola TV HD;N/A;Variedades;Si
Argentina;DGO;DTH_Argentina_002;N/A;ID HD;N/A;Variedades;Si
Argentina;DGO;DTH_Argentina_002;N/A;KZO;N/A;Variedades;Si
Argentina;DGO;DTH_Argentina_002;N/A;La Nación + HD;N/A;Nacional;Si
Argentina;DGO;DTH_Argentina_002;N/A;La TV Pública HD;N/A;Nacional;No
Argentina;DGO;DTH_Argentina_002;N/A;Lifetime HD;N/A;Variedades;Si
Argentina;DGO;DTH_Argentina_002;N/A;LN+;N/A;Nacional;No
Argentina;DGO;DTH_Argentina_002;N/A;Más Chic;N/A;Variedades;Si
Argentina;DGO;DTH_Argentina_002;N/A;Mega Noticias;N/A;Mundo;Si
Argentina;DGO;DTH_Argentina_002;N/A;Mega Tiempo;N/A;Mundo;Si
Argentina;DGO;DTH_Argentina_002;N/A;Mórbido TV;N/A;Cine;No
Argentina;DGO;DTH_Argentina_002;N/A;MTV HD;N/A;Variedades;Si
Argentina;DGO;DTH_Argentina_002;N/A;National Geographic HD;N/A;Mundo;Si
Argentina;DGO;DTH_Argentina_002;N/A;NBA TV HD;N/A;Deportes;No
Argentina;DGO;DTH_Argentina_002;N/A;Net TV HD;N/A;Nacional;Si
Argentina;DGO;DTH_Argentina_002;N/A;Newsmax TV;N/A;Nacional;Si
Argentina;DGO;DTH_Argentina_002;N/A;Nick HD;N/A;Infantil;Si
Argentina;DGO;DTH_Argentina_002;N/A;Nick Jr. HD;N/A;Infantil;Si
Argentina;DGO;DTH_Argentina_002;N/A;Nueva señal - Nombre TBD;N/A;Variedades;No
Argentina;DGO;DTH_Argentina_002;N/A;OnDIRECTV HD;N/A;Cine;Si
Argentina;DGO;DTH_Argentina_002;N/A;Paramount Channel HD;N/A;Cine;Si
Argentina;DGO;DTH_Argentina_002;N/A;Pasiones HD;N/A;Variedades;Si
Argentina;DGO;DTH_Argentina_002;N/A;Plim Plim;N/A;Infantil;No
Argentina;DGO;DTH_Argentina_002;N/A;Quiero Música en Mi Idioma HD;N/A;Nacional;Si
Argentina;DGO;DTH_Argentina_002;N/A;Rai Italia;N/A;Mundo;Si
Argentina;DGO;DTH_Argentina_002;N/A;RCN Más;N/A;Variedades;Si
Argentina;DGO;DTH_Argentina_002;N/A;RCN Noticias;N/A;Mundo;Si
Argentina;DGO;DTH_Argentina_002;N/A;Sony HD;N/A;Variedades;Si
Argentina;DGO;DTH_Argentina_002;N/A;Sony Movies HD;N/A;Cine;No
Argentina;DGO;DTH_Argentina_002;N/A;Space;N/A;Cine;Si
Argentina;DGO;DTH_Argentina_002;N/A;Space HD;N/A;Cine;No
Argentina;DGO;DTH_Argentina_002;N/A;Star Channel;N/A;Variedades;Si
Argentina;DGO;DTH_Argentina_002;N/A;Star Channel HD;N/A;Variedades;No
Argentina;DGO;DTH_Argentina_002;N/A;Studio Universal HD;N/A;Cine;Si
Argentina;DGO;DTH_Argentina_002;N/A;Tastemade;N/A;Variedades;Si
Argentina;DGO;DTH_Argentina_002;N/A;Tastemade Viajes;N/A;Variedades;Si
Argentina;DGO;DTH_Argentina_002;N/A;Telefe HD;N/A;Nacional;Si
Argentina;DGO;DTH_Argentina_002;N/A;Telemundo;N/A;Variedades;Si
Argentina;DGO;DTH_Argentina_002;N/A;TLC HD;N/A;Mundo;No
Argentina;DGO;DTH_Argentina_002;N/A;TN HD;N/A;Mundo;Si
Argentina;DGO;DTH_Argentina_002;N/A;TNT HD;N/A;Cine;Si
Argentina;DGO;DTH_Argentina_002;N/A;TNT Novelas;N/A;Variedades;No
Argentina;DGO;DTH_Argentina_002;N/A;TNT Series HD;N/A;Variedades;Si
Argentina;DGO;DTH_Argentina_002;N/A;TV Pública HD;N/A;Nacional;No
Argentina;DGO;DTH_Argentina_002;N/A;Universal TV HD (South);N/A;Cine;Si
Argentina;DGO;DTH_Argentina_002;N/A;TyC Sports;N/A;Deportes;No
Argentina;DGO;DTH_Argentina_002;N/A;TyC Sports HD;N/A;Deportes;Si
Argentina;DGO;DTH_Argentina_002;N/A;Universal TV HD;N/A;Variedades;No
Argentina;DGO;DTH_Argentina_002;N/A;USA Network HD;N/A;Variedades;No
Argentina;DGO;DTH_Argentina_002;N/A;Volver;N/A;Variedades;Si
Argentina;DGO;DTH_Argentina_002;N/A;Warner Channel HD;N/A;Variedades;Si
Argentina;DGO;DTH_Argentina_201;N/A;A la Cocina TV;N/A;Variedades;No
Argentina;DGO;DTH_Argentina_201;N/A;A&E HD;N/A;Variedades;Si
Argentina;DGO;DTH_Argentina_201;N/A;A24 HD;N/A;Mundo;Si
Argentina;DGO;DTH_Argentina_201;N/A;Adult Swim;N/A;Variedades;No
Argentina;DGO;DTH_Argentina_201;N/A;AMC HD;N/A;Variedades;No
Argentina;DGO;DTH_Argentina_201;N/A;América HD;N/A;Nacional;Si
Argentina;DGO;DTH_Argentina_201;N/A;Animal Planet HD;N/A;Mundo;Si
Argentina;DGO;DTH_Argentina_201;N/A;Antena 3 HD;N/A;Mundo;No
Argentina;DGO;DTH_Argentina_201;N/A;Argentina 12 HD;N/A;Mundo;No
Argentina;DGO;DTH_Argentina_201;N/A;Atres Series HD;N/A;Variedades;No
Argentina;DGO;DTH_Argentina_201;N/A;AXN HD;N/A;Variedades;No
Argentina;DGO;DTH_Argentina_201;N/A;Azteca Internacional;N/A;Variedades;Si
Argentina;DGO;DTH_Argentina_201;N/A;BabyTV;N/A;Infantil;No
Argentina;DGO;DTH_Argentina_201;N/A;Bloomberg;N/A;Mundo;No
Argentina;DGO;DTH_Argentina_201;N/A;C5N HD;N/A;Local;Si
Argentina;DGO;DTH_Argentina_201;N/A;Canal 13;N/A;Nacional;No
Argentina;DGO;DTH_Argentina_201;N/A;Canal 26 HD;N/A;Mundo;Si
Argentina;DGO;DTH_Argentina_201;N/A;Canal 9;N/A;Nacional;No
Argentina;DGO;DTH_Argentina_201;N/A;Canal A HD;N/A;Nacional;No
Argentina;DGO;DTH_Argentina_201;N/A;Caracol Mix;N/A;Variedades;Si
Argentina;DGO;DTH_Argentina_201;N/A;Cartoon Network HD;N/A;Infantil;Si
Argentina;DGO;DTH_Argentina_201;N/A;Cartoonito;N/A;Infantil;No
Argentina;DGO;DTH_Argentina_201;N/A;CGTN Español;N/A;Mundo;Si
Argentina;DGO;DTH_Argentina_201;N/A;Cinecanal HD;N/A;Cine;Si
Argentina;DGO;DTH_Argentina_201;N/A;Cinema;N/A;Cine;Si
Argentina;DGO;DTH_Argentina_201;N/A;Cinemax HD;N/A;Cine;Si
Argentina;DGO;DTH_Argentina_201;N/A;Ciudad Magazine;N/A;Variedades;Si
Argentina;DGO;DTH_Argentina_201;N/A;Ciudad Magazine HD;N/A;Variedades;No
Argentina;DGO;DTH_Argentina_201;N/A;Clic;N/A;Variedades;Si
Argentina;DGO;DTH_Argentina_201;N/A;CNN en Español;N/A;Mundo;Si
Argentina;DGO;DTH_Argentina_201;N/A;CNN International;N/A;Mundo;No
Argentina;DGO;DTH_Argentina_201;N/A;Comedy Central HD;N/A;Variedades;No
Argentina;DGO;DTH_Argentina_201;N/A;Corazón;N/A;Variedades;Si
Argentina;DGO;DTH_Argentina_201;N/A;Crónica TV;N/A;Mundo;Si
Argentina;DGO;DTH_Argentina_201;N/A;Daystar Español;N/A;Mundo;No
Argentina;DGO;DTH_Argentina_201;N/A;DeporTV;N/A;Deportes;Si
Argentina;DGO;DTH_Argentina_201;N/A;Discovery Channel HD;N/A;Mundo;Si
Argentina;DGO;DTH_Argentina_201;N/A;Discovery Home & Health HD;N/A;Variedades;Si
Argentina;DGO;DTH_Argentina_201;N/A;Discovery Kids HD;N/A;Infantil;Si
Argentina;DGO;DTH_Argentina_201;N/A;Discovery Theater HD;N/A;Mundo;No
Argentina;DGO;DTH_Argentina_201;N/A;Discovery Turbo;N/A;Mundo;No
Argentina;DGO;DTH_Argentina_201;N/A;Discovery World;N/A;Mundo;No
Argentina;DGO;DTH_Argentina_201;N/A;Disney Channel HD;N/A;Infantil;Si
Argentina;DGO;DTH_Argentina_201;N/A;Disney Junior HD;N/A;Infantil;Si
Argentina;DGO;DTH_Argentina_201;N/A;DNEWS;N/A;Variedades;No
Argentina;DGO;DTH_Argentina_201;N/A;DSHOW;N/A;Variedades;No
Argentina;DGO;DTH_Argentina_201;N/A;DSPORTS 2 HD;N/A;Deportes;Si
Argentina;DGO;DTH_Argentina_201;N/A;DSPORTS Audio;N/A;Deportes;No
Argentina;DGO;DTH_Argentina_201;N/A;DSPORTS HD;N/A;Deportes;Si
Argentina;DGO;DTH_Argentina_201;N/A;DSPORTS+ HD;N/A;Deportes;Si
Argentina;DGO;DTH_Argentina_201;N/A;DSPORTS Radio;N/A;Radio;No
Argentina;DGO;DTH_Argentina_201;N/A;E! Entertainment México;N/A;Variedades;Si
Argentina;DGO;DTH_Argentina_201;N/A;Edye;N/A;Infantil;Si
Argentina;DGO;DTH_Argentina_201;N/A;El Nueve HD;N/A;Nacional;Si
Argentina;DGO;DTH_Argentina_201;N/A;El Reino Infantil;N/A;Infantil;No
Argentina;DGO;DTH_Argentina_201;N/A;El Trece HD;N/A;Nacional;Si
Argentina;DGO;DTH_Argentina_201;N/A;Encuentro;N/A;Nacional;Si
Argentina;DGO;DTH_Argentina_201;N/A;Encuentro Internacional HD;N/A;Variedades;No
Argentina;DGO;DTH_Argentina_201;N/A;ESPN 2 HD;N/A;Deportes;Si
Argentina;DGO;DTH_Argentina_201;N/A;ESPN 3 HD;N/A;Deportes;Si
Argentina;DGO;DTH_Argentina_201;N/A;ESPN 4;N/A;Deportes;No
Argentina;DGO;DTH_Argentina_201;N/A;ESPN HD;N/A;Deportes;Si
Argentina;DGO;DTH_Argentina_201;N/A;Food Network HD;N/A;Variedades;No
Argentina;DGO;DTH_Argentina_201;N/A;Fox News;N/A;Mundo;Si
Argentina;DGO;DTH_Argentina_201;N/A;Fox Sports 2 HD;N/A;Deportes;Si
Argentina;DGO;DTH_Argentina_201;N/A;Fox Sports 3 HD;N/A;Deportes;Si
Argentina;DGO;DTH_Argentina_201;N/A;Fox Sports HD;N/A;Deportes;Si
Argentina;DGO;DTH_Argentina_201;N/A;France 24 Español;N/A;Mundo;No
Argentina;DGO;DTH_Argentina_201;N/A;FreeTV Acción;N/A;Cine;Si
Argentina;DGO;DTH_Argentina_201;N/A;FreeTV Drama;N/A;Cine;Si
Argentina;DGO;DTH_Argentina_201;N/A;FreeTV Estelar;N/A;Cine;Si
Argentina;DGO;DTH_Argentina_201;N/A;FreeTV Familia;N/A;Cine;Si
Argentina;DGO;DTH_Argentina_201;N/A;FreeTV Hits;N/A;Cine;Si
Argentina;DGO;DTH_Argentina_201;N/A;FreeTV Terror;N/A;Cine;Si
Argentina;DGO;DTH_Argentina_201;N/A;FX HD;N/A;Variedades;No
Argentina;DGO;DTH_Argentina_201;N/A;Golf Channel HD;N/A;Deportes;No
Argentina;DGO;DTH_Argentina_201;N/A;El Gourmet;N/A;Variedades;No
Argentina;DGO;DTH_Argentina_201;N/A;El Gourmet HD;N/A;Variedades;Si
Argentina;DGO;DTH_Argentina_201;N/A;Gran Hermano - 24 hs;N/A;Variedades;No
Argentina;DGO;DTH_Argentina_201;N/A;Gran Hermano - Cámara 1;N/A;Variedades;No
Argentina;DGO;DTH_Argentina_201;N/A;Gran Hermano - Cámara 2;N/A;Variedades;No
Argentina;DGO;DTH_Argentina_201;N/A;Gran Hermano - Cámara 3;N/A;Variedades;No
Argentina;DGO;DTH_Argentina_201;N/A;History 2 HD;N/A;Mundo;No
Argentina;DGO;DTH_Argentina_201;N/A;HGTV HD;N/A;Variedades;No
Argentina;DGO;DTH_Argentina_201;N/A;History Channel HD;N/A;Mundo;No
Argentina;DGO;DTH_Argentina_201;N/A;Hola TV HD;N/A;Variedades;Si
Argentina;DGO;DTH_Argentina_201;N/A;ID HD;N/A;Variedades;No
Argentina;DGO;DTH_Argentina_201;N/A;KZO;N/A;Variedades;Si
Argentina;DGO;DTH_Argentina_201;N/A;La Nación + HD;N/A;Nacional;Si
Argentina;DGO;DTH_Argentina_201;N/A;La TV Pública HD;N/A;Nacional;No
Argentina;DGO;DTH_Argentina_201;N/A;Lifetime HD;N/A;Variedades;No
Argentina;DGO;DTH_Argentina_201;N/A;LN+;N/A;Nacional;No
Argentina;DGO;DTH_Argentina_201;N/A;Más Chic;N/A;Variedades;No
Argentina;DGO;DTH_Argentina_201;N/A;Mega Noticias;N/A;Mundo;Si
Argentina;DGO;DTH_Argentina_201;N/A;Mega Tiempo;N/A;Mundo;Si
Argentina;DGO;DTH_Argentina_201;N/A;Mórbido TV;N/A;Cine;No
Argentina;DGO;DTH_Argentina_201;N/A;MTV HD;N/A;Variedades;Si
Argentina;DGO;DTH_Argentina_201;N/A;National Geographic HD;N/A;Mundo;Si
Argentina;DGO;DTH_Argentina_201;N/A;NBA TV HD;N/A;Deportes;No
Argentina;DGO;DTH_Argentina_201;N/A;Net TV HD;N/A;Nacional;Si
Argentina;DGO;DTH_Argentina_201;N/A;Newsmax TV;N/A;Nacional;Si
Argentina;DGO;DTH_Argentina_201;N/A;Nick HD;N/A;Infantil;Si
Argentina;DGO;DTH_Argentina_201;N/A;Nick Jr. HD;N/A;Infantil;No
Argentina;DGO;DTH_Argentina_201;N/A;Nueva señal - Nombre TBD;N/A;Variedades;No
Argentina;DGO;DTH_Argentina_201;N/A;OnDIRECTV HD;N/A;Cine;Si
Argentina;DGO;DTH_Argentina_201;N/A;Paramount Channel HD;N/A;Cine;No
Argentina;DGO;DTH_Argentina_201;N/A;Pasiones HD;N/A;Variedades;Si
Argentina;DGO;DTH_Argentina_201;N/A;Plim Plim;N/A;Infantil;No
Argentina;DGO;DTH_Argentina_201;N/A;Quiero Música en Mi Idioma HD;N/A;Nacional;Si
Argentina;DGO;DTH_Argentina_201;N/A;Rai Italia;N/A;Mundo;Si
Argentina;DGO;DTH_Argentina_201;N/A;RCN Más;N/A;Variedades;Si
Argentina;DGO;DTH_Argentina_201;N/A;RCN Noticias;N/A;Mundo;Si
Argentina;DGO;DTH_Argentina_201;N/A;Sony HD;N/A;Variedades;Si
Argentina;DGO;DTH_Argentina_201;N/A;Sony Movies HD;N/A;Cine;No
Argentina;DGO;DTH_Argentina_201;N/A;Space;N/A;Cine;Si
Argentina;DGO;DTH_Argentina_201;N/A;Space HD;N/A;Cine;No
Argentina;DGO;DTH_Argentina_201;N/A;Star Channel;N/A;Variedades;Si
Argentina;DGO;DTH_Argentina_201;N/A;Star Channel HD;N/A;Variedades;No
Argentina;DGO;DTH_Argentina_201;N/A;Studio Universal HD;N/A;Cine;Si
Argentina;DGO;DTH_Argentina_201;N/A;Tastemade;N/A;Variedades;Si
Argentina;DGO;DTH_Argentina_201;N/A;Tastemade Viajes;N/A;Variedades;Si
Argentina;DGO;DTH_Argentina_201;N/A;Telefe HD;N/A;Nacional;Si
Argentina;DGO;DTH_Argentina_201;N/A;Telemundo;N/A;Variedades;Si
Argentina;DGO;DTH_Argentina_201;N/A;TLC HD;N/A;Mundo;No
Argentina;DGO;DTH_Argentina_201;N/A;TN HD;N/A;Mundo;Si
Argentina;DGO;DTH_Argentina_201;N/A;TNT HD;N/A;Cine;Si
Argentina;DGO;DTH_Argentina_201;N/A;TNT Novelas;N/A;Variedades;No
Argentina;DGO;DTH_Argentina_201;N/A;TNT Series HD;N/A;Variedades;Si
Argentina;DGO;DTH_Argentina_201;N/A;TV Pública HD;N/A;Nacional;No
Argentina;DGO;DTH_Argentina_201;N/A;Universal TV HD (South);N/A;Cine;Si
Argentina;DGO;DTH_Argentina_201;N/A;TyC Sports;N/A;Deportes;No
Argentina;DGO;DTH_Argentina_201;N/A;TyC Sports HD;N/A;Deportes;Si
Argentina;DGO;DTH_Argentina_201;N/A;Universal TV HD;N/A;Variedades;No
Argentina;DGO;DTH_Argentina_201;N/A;USA Network HD;N/A;Variedades;No
Argentina;DGO;DTH_Argentina_201;N/A;Volver;N/A;Variedades;Si
Argentina;DGO;DTH_Argentina_201;N/A;Warner Channel HD;N/A;Variedades;Si
Argentina;DGO;DTH_Argentina_301;N/A;A la Cocina TV;N/A;Variedades;No
Argentina;DGO;DTH_Argentina_301;N/A;A&E HD;N/A;Variedades;Si
Argentina;DGO;DTH_Argentina_301;N/A;A24 HD;N/A;Mundo;Si
Argentina;DGO;DTH_Argentina_301;N/A;Adult Swim;N/A;Variedades;No
Argentina;DGO;DTH_Argentina_301;N/A;AMC HD;N/A;Variedades;No
Argentina;DGO;DTH_Argentina_301;N/A;América HD;N/A;Nacional;Si
Argentina;DGO;DTH_Argentina_301;N/A;Animal Planet HD;N/A;Mundo;Si
Argentina;DGO;DTH_Argentina_301;N/A;Antena 3 HD;N/A;Mundo;No
Argentina;DGO;DTH_Argentina_301;N/A;Argentina 12 HD;N/A;Mundo;No
Argentina;DGO;DTH_Argentina_301;N/A;Atres Series HD;N/A;Variedades;No
Argentina;DGO;DTH_Argentina_301;N/A;AXN HD;N/A;Variedades;No
Argentina;DGO;DTH_Argentina_301;N/A;Azteca Internacional;N/A;Variedades;Si
Argentina;DGO;DTH_Argentina_301;N/A;BabyTV;N/A;Infantil;No
Argentina;DGO;DTH_Argentina_301;N/A;Bloomberg;N/A;Mundo;No
Argentina;DGO;DTH_Argentina_301;N/A;C5N HD;N/A;Local;Si
Argentina;DGO;DTH_Argentina_301;N/A;Canal 13;N/A;Nacional;No
Argentina;DGO;DTH_Argentina_301;N/A;Canal 26 HD;N/A;Mundo;Si
Argentina;DGO;DTH_Argentina_301;N/A;Canal 9;N/A;Nacional;No
Argentina;DGO;DTH_Argentina_301;N/A;Canal A HD;N/A;Nacional;No
Argentina;DGO;DTH_Argentina_301;N/A;Caracol Mix;N/A;Variedades;Si
Argentina;DGO;DTH_Argentina_301;N/A;Cartoon Network HD;N/A;Infantil;Si
Argentina;DGO;DTH_Argentina_301;N/A;Cartoonito;N/A;Infantil;No
Argentina;DGO;DTH_Argentina_301;N/A;CGTN Español;N/A;Mundo;Si
Argentina;DGO;DTH_Argentina_301;N/A;Cinecanal HD;N/A;Cine;Si
Argentina;DGO;DTH_Argentina_301;N/A;Cinema;N/A;Cine;Si
Argentina;DGO;DTH_Argentina_301;N/A;Cinemax HD;N/A;Cine;No
Argentina;DGO;DTH_Argentina_301;N/A;Ciudad Magazine;N/A;Variedades;Si
Argentina;DGO;DTH_Argentina_301;N/A;Ciudad Magazine HD;N/A;Variedades;No
Argentina;DGO;DTH_Argentina_301;N/A;Clic;N/A;Variedades;Si
Argentina;DGO;DTH_Argentina_301;N/A;CNN en Español;N/A;Mundo;Si
Argentina;DGO;DTH_Argentina_301;N/A;CNN International;N/A;Mundo;No
Argentina;DGO;DTH_Argentina_301;N/A;Comedy Central HD;N/A;Variedades;No
Argentina;DGO;DTH_Argentina_301;N/A;Corazón;N/A;Variedades;Si
Argentina;DGO;DTH_Argentina_301;N/A;Crónica TV;N/A;Mundo;Si
Argentina;DGO;DTH_Argentina_301;N/A;Daystar Español;N/A;Mundo;No
Argentina;DGO;DTH_Argentina_301;N/A;DeporTV;N/A;Deportes;Si
Argentina;DGO;DTH_Argentina_301;N/A;Discovery Channel HD;N/A;Mundo;Si
Argentina;DGO;DTH_Argentina_301;N/A;Discovery Home & Health HD;N/A;Variedades;Si
Argentina;DGO;DTH_Argentina_301;N/A;Discovery Kids HD;N/A;Infantil;Si
Argentina;DGO;DTH_Argentina_301;N/A;Discovery Theater HD;N/A;Mundo;No
Argentina;DGO;DTH_Argentina_301;N/A;Discovery Turbo;N/A;Mundo;No
Argentina;DGO;DTH_Argentina_301;N/A;Discovery World;N/A;Mundo;No
Argentina;DGO;DTH_Argentina_301;N/A;Disney Channel HD;N/A;Infantil;Si
Argentina;DGO;DTH_Argentina_301;N/A;Disney Junior HD;N/A;Infantil;Si
Argentina;DGO;DTH_Argentina_301;N/A;DNEWS;N/A;Variedades;No
Argentina;DGO;DTH_Argentina_301;N/A;DSHOW;N/A;Variedades;No
Argentina;DGO;DTH_Argentina_301;N/A;DSPORTS 2 HD;N/A;Deportes;Si
Argentina;DGO;DTH_Argentina_301;N/A;DSPORTS Audio;N/A;Deportes;No
Argentina;DGO;DTH_Argentina_301;N/A;DSPORTS HD;N/A;Deportes;Si
Argentina;DGO;DTH_Argentina_301;N/A;DSPORTS+ HD;N/A;Deportes;Si
Argentina;DGO;DTH_Argentina_301;N/A;DSPORTS Radio;N/A;Radio;No
Argentina;DGO;DTH_Argentina_301;N/A;E! Entertainment México;N/A;Variedades;Si
Argentina;DGO;DTH_Argentina_301;N/A;Edye;N/A;Infantil;Si
Argentina;DGO;DTH_Argentina_301;N/A;El Nueve HD;N/A;Nacional;Si
Argentina;DGO;DTH_Argentina_301;N/A;El Reino Infantil;N/A;Infantil;No
Argentina;DGO;DTH_Argentina_301;N/A;El Trece HD;N/A;Nacional;Si
Argentina;DGO;DTH_Argentina_301;N/A;Encuentro;N/A;Nacional;Si
Argentina;DGO;DTH_Argentina_301;N/A;Encuentro Internacional HD;N/A;Variedades;No
Argentina;DGO;DTH_Argentina_301;N/A;ESPN 2 HD;N/A;Deportes;Si
Argentina;DGO;DTH_Argentina_301;N/A;ESPN 3 HD;N/A;Deportes;Si
Argentina;DGO;DTH_Argentina_301;N/A;ESPN 4;N/A;Deportes;No
Argentina;DGO;DTH_Argentina_301;N/A;ESPN HD;N/A;Deportes;Si
Argentina;DGO;DTH_Argentina_301;N/A;Food Network HD;N/A;Variedades;No
Argentina;DGO;DTH_Argentina_301;N/A;Fox News;N/A;Mundo;Si
Argentina;DGO;DTH_Argentina_301;N/A;Fox Sports 2 HD;N/A;Deportes;Si
Argentina;DGO;DTH_Argentina_301;N/A;Fox Sports 3 HD;N/A;Deportes;Si
Argentina;DGO;DTH_Argentina_301;N/A;Fox Sports HD;N/A;Deportes;Si
Argentina;DGO;DTH_Argentina_301;N/A;France 24 Español;N/A;Mundo;No
Argentina;DGO;DTH_Argentina_301;N/A;FreeTV Acción;N/A;Cine;Si
Argentina;DGO;DTH_Argentina_301;N/A;FreeTV Drama;N/A;Cine;Si
Argentina;DGO;DTH_Argentina_301;N/A;FreeTV Estelar;N/A;Cine;Si
Argentina;DGO;DTH_Argentina_301;N/A;FreeTV Familia;N/A;Cine;Si
Argentina;DGO;DTH_Argentina_301;N/A;FreeTV Hits;N/A;Cine;Si
Argentina;DGO;DTH_Argentina_301;N/A;FreeTV Terror;N/A;Cine;Si
Argentina;DGO;DTH_Argentina_301;N/A;FX HD;N/A;Variedades;No
Argentina;DGO;DTH_Argentina_301;N/A;Golf Channel HD;N/A;Deportes;No
Argentina;DGO;DTH_Argentina_301;N/A;El Gourmet;N/A;Variedades;No
Argentina;DGO;DTH_Argentina_301;N/A;El Gourmet HD;N/A;Variedades;No
Argentina;DGO;DTH_Argentina_301;N/A;Gran Hermano - 24 hs;N/A;Variedades;No
Argentina;DGO;DTH_Argentina_301;N/A;Gran Hermano - Cámara 1;N/A;Variedades;No
Argentina;DGO;DTH_Argentina_301;N/A;Gran Hermano - Cámara 2;N/A;Variedades;No
Argentina;DGO;DTH_Argentina_301;N/A;Gran Hermano - Cámara 3;N/A;Variedades;No
Argentina;DGO;DTH_Argentina_301;N/A;History 2 HD;N/A;Mundo;No
Argentina;DGO;DTH_Argentina_301;N/A;HGTV HD;N/A;Variedades;No
Argentina;DGO;DTH_Argentina_301;N/A;History Channel HD;N/A;Mundo;No
Argentina;DGO;DTH_Argentina_301;N/A;Hola TV HD;N/A;Variedades;Si
Argentina;DGO;DTH_Argentina_301;N/A;ID HD;N/A;Variedades;No
Argentina;DGO;DTH_Argentina_301;N/A;KZO;N/A;Variedades;Si
Argentina;DGO;DTH_Argentina_301;N/A;La Nación + HD;N/A;Nacional;Si
Argentina;DGO;DTH_Argentina_301;N/A;La TV Pública HD;N/A;Nacional;No
Argentina;DGO;DTH_Argentina_301;N/A;Lifetime HD;N/A;Variedades;No
Argentina;DGO;DTH_Argentina_301;N/A;LN+;N/A;Nacional;No
Argentina;DGO;DTH_Argentina_301;N/A;Más Chic;N/A;Variedades;No
Argentina;DGO;DTH_Argentina_301;N/A;Mega Noticias;N/A;Mundo;Si
Argentina;DGO;DTH_Argentina_301;N/A;Mega Tiempo;N/A;Mundo;Si
Argentina;DGO;DTH_Argentina_301;N/A;Mórbido TV;N/A;Cine;No
Argentina;DGO;DTH_Argentina_301;N/A;MTV HD;N/A;Variedades;Si
Argentina;DGO;DTH_Argentina_301;N/A;National Geographic HD;N/A;Mundo;Si
Argentina;DGO;DTH_Argentina_301;N/A;NBA TV HD;N/A;Deportes;No
Argentina;DGO;DTH_Argentina_301;N/A;Net TV HD;N/A;Nacional;Si
Argentina;DGO;DTH_Argentina_301;N/A;Newsmax TV;N/A;Nacional;Si
Argentina;DGO;DTH_Argentina_301;N/A;Nick HD;N/A;Infantil;No
Argentina;DGO;DTH_Argentina_301;N/A;Nick Jr. HD;N/A;Infantil;No
Argentina;DGO;DTH_Argentina_301;N/A;Nueva señal - Nombre TBD;N/A;Variedades;No
Argentina;DGO;DTH_Argentina_301;N/A;OnDIRECTV HD;N/A;Cine;Si
Argentina;DGO;DTH_Argentina_301;N/A;Paramount Channel HD;N/A;Cine;No
Argentina;DGO;DTH_Argentina_301;N/A;Pasiones HD;N/A;Variedades;No
Argentina;DGO;DTH_Argentina_301;N/A;Plim Plim;N/A;Infantil;No
Argentina;DGO;DTH_Argentina_301;N/A;Quiero Música en Mi Idioma HD;N/A;Nacional;Si
Argentina;DGO;DTH_Argentina_301;N/A;Rai Italia;N/A;Mundo;No
Argentina;DGO;DTH_Argentina_301;N/A;RCN Más;N/A;Variedades;Si
Argentina;DGO;DTH_Argentina_301;N/A;RCN Noticias;N/A;Mundo;Si
Argentina;DGO;DTH_Argentina_301;N/A;Sony HD;N/A;Variedades;Si
Argentina;DGO;DTH_Argentina_301;N/A;Sony Movies HD;N/A;Cine;No
Argentina;DGO;DTH_Argentina_301;N/A;Space;N/A;Cine;Si
Argentina;DGO;DTH_Argentina_301;N/A;Space HD;N/A;Cine;No
Argentina;DGO;DTH_Argentina_301;N/A;Star Channel;N/A;Variedades;Si
Argentina;DGO;DTH_Argentina_301;N/A;Star Channel HD;N/A;Variedades;No
Argentina;DGO;DTH_Argentina_301;N/A;Studio Universal HD;N/A;Cine;Si
Argentina;DGO;DTH_Argentina_301;N/A;Tastemade;N/A;Variedades;Si
Argentina;DGO;DTH_Argentina_301;N/A;Tastemade Viajes;N/A;Variedades;Si
Argentina;DGO;DTH_Argentina_301;N/A;Telefe HD;N/A;Nacional;Si
Argentina;DGO;DTH_Argentina_301;N/A;Telemundo;N/A;Variedades;Si
Argentina;DGO;DTH_Argentina_301;N/A;TLC HD;N/A;Mundo;No
Argentina;DGO;DTH_Argentina_301;N/A;TN HD;N/A;Mundo;Si
Argentina;DGO;DTH_Argentina_301;N/A;TNT HD;N/A;Cine;Si
Argentina;DGO;DTH_Argentina_301;N/A;TNT Novelas;N/A;Variedades;No
Argentina;DGO;DTH_Argentina_301;N/A;TNT Series HD;N/A;Variedades;No
Argentina;DGO;DTH_Argentina_301;N/A;TV Pública HD;N/A;Nacional;No
Argentina;DGO;DTH_Argentina_301;N/A;Universal TV HD (South);N/A;Cine;Si
Argentina;DGO;DTH_Argentina_301;N/A;TyC Sports;N/A;Deportes;No
Argentina;DGO;DTH_Argentina_301;N/A;TyC Sports HD;N/A;Deportes;Si
Argentina;DGO;DTH_Argentina_301;N/A;Universal TV HD;N/A;Variedades;No
Argentina;DGO;DTH_Argentina_301;N/A;USA Network HD;N/A;Variedades;No
Argentina;DGO;DTH_Argentina_301;N/A;Volver;N/A;Variedades;Si
Argentina;DGO;DTH_Argentina_301;N/A;Warner Channel HD;N/A;Variedades;Si
Argentina;DGO;DTH Wow;N/A;A la Cocina TV;N/A;Variedades;No
Argentina;DGO;DTH Wow;N/A;A&E HD;N/A;Variedades;Si
Argentina;DGO;DTH Wow;N/A;A24 HD;N/A;Mundo;Si
Argentina;DGO;DTH Wow;N/A;Adult Swim;N/A;Variedades;No
Argentina;DGO;DTH Wow;N/A;AMC HD;N/A;Variedades;Si
Argentina;DGO;DTH Wow;N/A;América HD;N/A;Nacional;Si
Argentina;DGO;DTH Wow;N/A;Animal Planet HD;N/A;Mundo;Si
Argentina;DGO;DTH Wow;N/A;Antena 3 HD;N/A;Mundo;Si
Argentina;DGO;DTH Wow;N/A;Argentina 12 HD;N/A;Mundo;No
Argentina;DGO;DTH Wow;N/A;Atres Series HD;N/A;Variedades;Si
Argentina;DGO;DTH Wow;N/A;AXN HD;N/A;Variedades;Si
Argentina;DGO;DTH Wow;N/A;Azteca Internacional;N/A;Variedades;Si
Argentina;DGO;DTH Wow;N/A;BabyTV;N/A;Infantil;No
Argentina;DGO;DTH Wow;N/A;Bloomberg;N/A;Mundo;Si
Argentina;DGO;DTH Wow;N/A;C5N HD;N/A;Local;Si
Argentina;DGO;DTH Wow;N/A;Canal 13;N/A;Nacional;No
Argentina;DGO;DTH Wow;N/A;Canal 26 HD;N/A;Mundo;Si
Argentina;DGO;DTH Wow;N/A;Canal 9;N/A;Nacional;No
Argentina;DGO;DTH Wow;N/A;Canal A HD;N/A;Nacional;Si
Argentina;DGO;DTH Wow;N/A;Caracol Mix;N/A;Variedades;Si
Argentina;DGO;DTH Wow;N/A;Cartoon Network HD;N/A;Infantil;Si
Argentina;DGO;DTH Wow;N/A;Cartoonito;N/A;Infantil;No
Argentina;DGO;DTH Wow;N/A;CGTN Español;N/A;Mundo;Si
Argentina;DGO;DTH Wow;N/A;Cinecanal HD;N/A;Cine;Si
Argentina;DGO;DTH Wow;N/A;Cinema;N/A;Cine;Si
Argentina;DGO;DTH Wow;N/A;Cinemax HD;N/A;Cine;Si
Argentina;DGO;DTH Wow;N/A;Ciudad Magazine;N/A;Variedades;Si
Argentina;DGO;DTH Wow;N/A;Ciudad Magazine HD;N/A;Variedades;No
Argentina;DGO;DTH Wow;N/A;Clic;N/A;Variedades;Si
Argentina;DGO;DTH Wow;N/A;CNN en Español;N/A;Mundo;Si
Argentina;DGO;DTH Wow;N/A;CNN International;N/A;Mundo;Si
Argentina;DGO;DTH Wow;N/A;Comedy Central HD;N/A;Variedades;Si
Argentina;DGO;DTH Wow;N/A;Corazón;N/A;Variedades;Si
Argentina;DGO;DTH Wow;N/A;Crónica TV;N/A;Mundo;Si
Argentina;DGO;DTH Wow;N/A;Daystar Español;N/A;Mundo;No
Argentina;DGO;DTH Wow;N/A;DeporTV;N/A;Deportes;Si
Argentina;DGO;DTH Wow;N/A;Discovery Channel HD;N/A;Mundo;Si
Argentina;DGO;DTH Wow;N/A;Discovery Home & Health HD;N/A;Variedades;Si
Argentina;DGO;DTH Wow;N/A;Discovery Kids HD;N/A;Infantil;Si
Argentina;DGO;DTH Wow;N/A;Discovery Theater HD;N/A;Mundo;No
Argentina;DGO;DTH Wow;N/A;Discovery Turbo;N/A;Mundo;No
Argentina;DGO;DTH Wow;N/A;Discovery World;N/A;Mundo;No
Argentina;DGO;DTH Wow;N/A;Disney Channel HD;N/A;Infantil;Si
Argentina;DGO;DTH Wow;N/A;Disney Junior HD;N/A;Infantil;Si
Argentina;DGO;DTH Wow;N/A;DNEWS;N/A;Variedades;No
Argentina;DGO;DTH Wow;N/A;DSHOW;N/A;Variedades;No
Argentina;DGO;DTH Wow;N/A;DSPORTS 2 HD;N/A;Deportes;Si
Argentina;DGO;DTH Wow;N/A;DSPORTS Audio;N/A;Deportes;No
Argentina;DGO;DTH Wow;N/A;DSPORTS HD;N/A;Deportes;Si
Argentina;DGO;DTH Wow;N/A;DSPORTS+ HD;N/A;Deportes;Si
Argentina;DGO;DTH Wow;N/A;DSPORTS Radio;N/A;Radio;No
Argentina;DGO;DTH Wow;N/A;E! Entertainment México;N/A;Variedades;Si
Argentina;DGO;DTH Wow;N/A;Edye;N/A;Infantil;Si
Argentina;DGO;DTH Wow;N/A;El Nueve HD;N/A;Nacional;Si
Argentina;DGO;DTH Wow;N/A;El Reino Infantil;N/A;Infantil;No
Argentina;DGO;DTH Wow;N/A;El Trece HD;N/A;Nacional;Si
Argentina;DGO;DTH Wow;N/A;Encuentro;N/A;Nacional;Si
Argentina;DGO;DTH Wow;N/A;Encuentro Internacional HD;N/A;Variedades;No
Argentina;DGO;DTH Wow;N/A;ESPN 2 HD;N/A;Deportes;Si
Argentina;DGO;DTH Wow;N/A;ESPN 3 HD;N/A;Deportes;Si
Argentina;DGO;DTH Wow;N/A;ESPN 4;N/A;Deportes;No
Argentina;DGO;DTH Wow;N/A;ESPN HD;N/A;Deportes;Si
Argentina;DGO;DTH Wow;N/A;Food Network HD;N/A;Variedades;Si
Argentina;DGO;DTH Wow;N/A;Fox News;N/A;Mundo;Si
Argentina;DGO;DTH Wow;N/A;Fox Sports 2 HD;N/A;Deportes;Si
Argentina;DGO;DTH Wow;N/A;Fox Sports 3 HD;N/A;Deportes;Si
Argentina;DGO;DTH Wow;N/A;Fox Sports HD;N/A;Deportes;Si
Argentina;DGO;DTH Wow;N/A;France 24 Español;N/A;Mundo;No
Argentina;DGO;DTH Wow;N/A;FreeTV Acción;N/A;Cine;Si
Argentina;DGO;DTH Wow;N/A;FreeTV Drama;N/A;Cine;Si
Argentina;DGO;DTH Wow;N/A;FreeTV Estelar;N/A;Cine;Si
Argentina;DGO;DTH Wow;N/A;FreeTV Familia;N/A;Cine;Si
Argentina;DGO;DTH Wow;N/A;FreeTV Hits;N/A;Cine;Si
Argentina;DGO;DTH Wow;N/A;FreeTV Terror;N/A;Cine;Si
Argentina;DGO;DTH Wow;N/A;FX HD;N/A;Variedades;No
Argentina;DGO;DTH Wow;N/A;Golf Channel HD;N/A;Deportes;Si
Argentina;DGO;DTH Wow;N/A;El Gourmet;N/A;Variedades;No
Argentina;DGO;DTH Wow;N/A;El Gourmet HD;N/A;Variedades;Si
Argentina;DGO;DTH Wow;N/A;Gran Hermano - 24 hs;N/A;Variedades;No
Argentina;DGO;DTH Wow;N/A;Gran Hermano - Cámara 1;N/A;Variedades;No
Argentina;DGO;DTH Wow;N/A;Gran Hermano - Cámara 2;N/A;Variedades;No
Argentina;DGO;DTH Wow;N/A;Gran Hermano - Cámara 3;N/A;Variedades;No
Argentina;DGO;DTH Wow;N/A;History 2 HD;N/A;Mundo;Si
Argentina;DGO;DTH Wow;N/A;HGTV HD;N/A;Variedades;Si
Argentina;DGO;DTH Wow;N/A;History Channel HD;N/A;Mundo;Si
Argentina;DGO;DTH Wow;N/A;Hola TV HD;N/A;Variedades;Si
Argentina;DGO;DTH Wow;N/A;ID HD;N/A;Variedades;Si
Argentina;DGO;DTH Wow;N/A;KZO;N/A;Variedades;Si
Argentina;DGO;DTH Wow;N/A;La Nación + HD;N/A;Nacional;Si
Argentina;DGO;DTH Wow;N/A;La TV Pública HD;N/A;Nacional;No
Argentina;DGO;DTH Wow;N/A;Lifetime HD;N/A;Variedades;Si
Argentina;DGO;DTH Wow;N/A;LN+;N/A;Nacional;No
Argentina;DGO;DTH Wow;N/A;Más Chic;N/A;Variedades;Si
Argentina;DGO;DTH Wow;N/A;Mega Noticias;N/A;Mundo;Si
Argentina;DGO;DTH Wow;N/A;Mega Tiempo;N/A;Mundo;Si
Argentina;DGO;DTH Wow;N/A;Mórbido TV;N/A;Cine;No
Argentina;DGO;DTH Wow;N/A;MTV HD;N/A;Variedades;Si
Argentina;DGO;DTH Wow;N/A;National Geographic HD;N/A;Mundo;Si
Argentina;DGO;DTH Wow;N/A;NBA TV HD;N/A;Deportes;No
Argentina;DGO;DTH Wow;N/A;Net TV HD;N/A;Nacional;Si
Argentina;DGO;DTH Wow;N/A;Newsmax TV;N/A;Nacional;Si
Argentina;DGO;DTH Wow;N/A;Nick HD;N/A;Infantil;Si
Argentina;DGO;DTH Wow;N/A;Nick Jr. HD;N/A;Infantil;Si
Argentina;DGO;DTH Wow;N/A;Nueva señal - Nombre TBD;N/A;Variedades;No
Argentina;DGO;DTH Wow;N/A;OnDIRECTV HD;N/A;Cine;Si
Argentina;DGO;DTH Wow;N/A;Paramount Channel HD;N/A;Cine;No
Argentina;DGO;DTH Wow;N/A;Pasiones HD;N/A;Variedades;Si
Argentina;DGO;DTH Wow;N/A;Plim Plim;N/A;Infantil;No
Argentina;DGO;DTH Wow;N/A;Quiero Música en Mi Idioma HD;N/A;Nacional;Si
Argentina;DGO;DTH Wow;N/A;Rai Italia;N/A;Mundo;Si
Argentina;DGO;DTH Wow;N/A;RCN Más;N/A;Variedades;Si
Argentina;DGO;DTH Wow;N/A;RCN Noticias;N/A;Mundo;Si
Argentina;DGO;DTH Wow;N/A;Sony HD;N/A;Variedades;Si
Argentina;DGO;DTH Wow;N/A;Sony Movies HD;N/A;Cine;No
Argentina;DGO;DTH Wow;N/A;Space;N/A;Cine;Si
Argentina;DGO;DTH Wow;N/A;Space HD;N/A;Cine;No
Argentina;DGO;DTH Wow;N/A;Star Channel;N/A;Variedades;Si
Argentina;DGO;DTH Wow;N/A;Star Channel HD;N/A;Variedades;No
Argentina;DGO;DTH Wow;N/A;Studio Universal HD;N/A;Cine;Si
Argentina;DGO;DTH Wow;N/A;Tastemade;N/A;Variedades;Si
Argentina;DGO;DTH Wow;N/A;Tastemade Viajes;N/A;Variedades;Si
Argentina;DGO;DTH Wow;N/A;Telefe HD;N/A;Nacional;Si
Argentina;DGO;DTH Wow;N/A;Telemundo;N/A;Variedades;Si
Argentina;DGO;DTH Wow;N/A;TLC HD;N/A;Mundo;No
Argentina;DGO;DTH Wow;N/A;TN HD;N/A;Mundo;Si
Argentina;DGO;DTH Wow;N/A;TNT HD;N/A;Cine;Si
Argentina;DGO;DTH Wow;N/A;TNT Novelas;N/A;Variedades;No
Argentina;DGO;DTH Wow;N/A;TNT Series HD;N/A;Variedades;Si
Argentina;DGO;DTH Wow;N/A;TV Pública HD;N/A;Nacional;No
Argentina;DGO;DTH Wow;N/A;Universal TV HD (South);N/A;Cine;Si
Argentina;DGO;DTH Wow;N/A;TyC Sports;N/A;Deportes;No
Argentina;DGO;DTH Wow;N/A;TyC Sports HD;N/A;Deportes;Si
Argentina;DGO;DTH Wow;N/A;Universal TV HD;N/A;Variedades;No
Argentina;DGO;DTH Wow;N/A;USA Network HD;N/A;Variedades;No
Argentina;DGO;DTH Wow;N/A;Volver;N/A;Variedades;Si
Argentina;DGO;DTH Wow;N/A;Warner Channel HD;N/A;Variedades;Si
Argentina;DGO;DTVGo_Argentina_201;N/A;A la Cocina TV;N/A;Variedades;No
Argentina;DGO;DTVGo_Argentina_201;N/A;A&E HD;N/A;Variedades;Si
Argentina;DGO;DTVGo_Argentina_201;N/A;A24 HD;N/A;Mundo;Si
Argentina;DGO;DTVGo_Argentina_201;N/A;Adult Swim;N/A;Variedades;No
Argentina;DGO;DTVGo_Argentina_201;N/A;AMC HD;N/A;Variedades;Si
Argentina;DGO;DTVGo_Argentina_201;N/A;América HD;N/A;Nacional;Si
Argentina;DGO;DTVGo_Argentina_201;N/A;Animal Planet HD;N/A;Mundo;Si
Argentina;DGO;DTVGo_Argentina_201;N/A;Antena 3 HD;N/A;Mundo;Si
Argentina;DGO;DTVGo_Argentina_201;N/A;Argentina 12 HD;N/A;Mundo;No
Argentina;DGO;DTVGo_Argentina_201;N/A;Atres Series HD;N/A;Variedades;Si
Argentina;DGO;DTVGo_Argentina_201;N/A;AXN HD;N/A;Variedades;Si
Argentina;DGO;DTVGo_Argentina_201;N/A;Azteca Internacional;N/A;Variedades;Si
Argentina;DGO;DTVGo_Argentina_201;N/A;BabyTV;N/A;Infantil;No
Argentina;DGO;DTVGo_Argentina_201;N/A;Bloomberg;N/A;Mundo;Si
Argentina;DGO;DTVGo_Argentina_201;N/A;C5N HD;N/A;Local;Si
Argentina;DGO;DTVGo_Argentina_201;N/A;Canal 13;N/A;Nacional;No
Argentina;DGO;DTVGo_Argentina_201;N/A;Canal 26 HD;N/A;Mundo;Si
Argentina;DGO;DTVGo_Argentina_201;N/A;Canal 9;N/A;Nacional;No
Argentina;DGO;DTVGo_Argentina_201;N/A;Canal A HD;N/A;Nacional;Si
Argentina;DGO;DTVGo_Argentina_201;N/A;Caracol Mix;N/A;Variedades;Si
Argentina;DGO;DTVGo_Argentina_201;N/A;Cartoon Network HD;N/A;Infantil;Si
Argentina;DGO;DTVGo_Argentina_201;N/A;Cartoonito;N/A;Infantil;No
Argentina;DGO;DTVGo_Argentina_201;N/A;CGTN Español;N/A;Mundo;Si
Argentina;DGO;DTVGo_Argentina_201;N/A;Cinecanal HD;N/A;Cine;Si
Argentina;DGO;DTVGo_Argentina_201;N/A;Cinema;N/A;Cine;Si
Argentina;DGO;DTVGo_Argentina_201;N/A;Cinemax HD;N/A;Cine;Si
Argentina;DGO;DTVGo_Argentina_201;N/A;Ciudad Magazine;N/A;Variedades;Si
Argentina;DGO;DTVGo_Argentina_201;N/A;Ciudad Magazine HD;N/A;Variedades;No
Argentina;DGO;DTVGo_Argentina_201;N/A;Clic;N/A;Variedades;Si
Argentina;DGO;DTVGo_Argentina_201;N/A;CNN en Español;N/A;Mundo;Si
Argentina;DGO;DTVGo_Argentina_201;N/A;CNN International;N/A;Mundo;Si
Argentina;DGO;DTVGo_Argentina_201;N/A;Comedy Central HD;N/A;Variedades;Si
Argentina;DGO;DTVGo_Argentina_201;N/A;Corazón;N/A;Variedades;Si
Argentina;DGO;DTVGo_Argentina_201;N/A;Crónica TV;N/A;Mundo;Si
Argentina;DGO;DTVGo_Argentina_201;N/A;Daystar Español;N/A;Mundo;No
Argentina;DGO;DTVGo_Argentina_201;N/A;DeporTV;N/A;Deportes;Si
Argentina;DGO;DTVGo_Argentina_201;N/A;Discovery Channel HD;N/A;Mundo;Si
Argentina;DGO;DTVGo_Argentina_201;N/A;Discovery Home & Health HD;N/A;Variedades;Si
Argentina;DGO;DTVGo_Argentina_201;N/A;Discovery Kids HD;N/A;Infantil;Si
Argentina;DGO;DTVGo_Argentina_201;N/A;Discovery Theater HD;N/A;Mundo;No
Argentina;DGO;DTVGo_Argentina_201;N/A;Discovery Turbo;N/A;Mundo;No
Argentina;DGO;DTVGo_Argentina_201;N/A;Discovery World;N/A;Mundo;No
Argentina;DGO;DTVGo_Argentina_201;N/A;Disney Channel HD;N/A;Infantil;Si
Argentina;DGO;DTVGo_Argentina_201;N/A;Disney Junior HD;N/A;Infantil;Si
Argentina;DGO;DTVGo_Argentina_201;N/A;DNEWS;N/A;Variedades;No
Argentina;DGO;DTVGo_Argentina_201;N/A;DSHOW;N/A;Variedades;No
Argentina;DGO;DTVGo_Argentina_201;N/A;DSPORTS 2 HD;N/A;Deportes;Si
Argentina;DGO;DTVGo_Argentina_201;N/A;DSPORTS Audio;N/A;Deportes;No
Argentina;DGO;DTVGo_Argentina_201;N/A;DSPORTS HD;N/A;Deportes;Si
Argentina;DGO;DTVGo_Argentina_201;N/A;DSPORTS+ HD;N/A;Deportes;Si
Argentina;DGO;DTVGo_Argentina_201;N/A;DSPORTS Radio;N/A;Radio;No
Argentina;DGO;DTVGo_Argentina_201;N/A;E! Entertainment México;N/A;Variedades;Si
Argentina;DGO;DTVGo_Argentina_201;N/A;Edye;N/A;Infantil;Si
Argentina;DGO;DTVGo_Argentina_201;N/A;El Nueve HD;N/A;Nacional;Si
Argentina;DGO;DTVGo_Argentina_201;N/A;El Reino Infantil;N/A;Infantil;No
Argentina;DGO;DTVGo_Argentina_201;N/A;El Trece HD;N/A;Nacional;Si
Argentina;DGO;DTVGo_Argentina_201;N/A;Encuentro;N/A;Nacional;Si
Argentina;DGO;DTVGo_Argentina_201;N/A;Encuentro Internacional HD;N/A;Variedades;No
Argentina;DGO;DTVGo_Argentina_201;N/A;ESPN 2 HD;N/A;Deportes;Si
Argentina;DGO;DTVGo_Argentina_201;N/A;ESPN 3 HD;N/A;Deportes;Si
Argentina;DGO;DTVGo_Argentina_201;N/A;ESPN 4;N/A;Deportes;No
Argentina;DGO;DTVGo_Argentina_201;N/A;ESPN HD;N/A;Deportes;Si
Argentina;DGO;DTVGo_Argentina_201;N/A;Food Network HD;N/A;Variedades;Si
Argentina;DGO;DTVGo_Argentina_201;N/A;Fox News;N/A;Mundo;Si
Argentina;DGO;DTVGo_Argentina_201;N/A;Fox Sports 2 HD;N/A;Deportes;Si
Argentina;DGO;DTVGo_Argentina_201;N/A;Fox Sports 3 HD;N/A;Deportes;Si
Argentina;DGO;DTVGo_Argentina_201;N/A;Fox Sports HD;N/A;Deportes;Si
Argentina;DGO;DTVGo_Argentina_201;N/A;France 24 Español;N/A;Mundo;No
Argentina;DGO;DTVGo_Argentina_201;N/A;FreeTV Acción;N/A;Cine;Si
Argentina;DGO;DTVGo_Argentina_201;N/A;FreeTV Drama;N/A;Cine;Si
Argentina;DGO;DTVGo_Argentina_201;N/A;FreeTV Estelar;N/A;Cine;Si
Argentina;DGO;DTVGo_Argentina_201;N/A;FreeTV Familia;N/A;Cine;Si
Argentina;DGO;DTVGo_Argentina_201;N/A;FreeTV Hits;N/A;Cine;Si
Argentina;DGO;DTVGo_Argentina_201;N/A;FreeTV Terror;N/A;Cine;Si
Argentina;DGO;DTVGo_Argentina_201;N/A;FX HD;N/A;Variedades;No
Argentina;DGO;DTVGo_Argentina_201;N/A;Golf Channel HD;N/A;Deportes;Si
Argentina;DGO;DTVGo_Argentina_201;N/A;El Gourmet;N/A;Variedades;No
Argentina;DGO;DTVGo_Argentina_201;N/A;El Gourmet HD;N/A;Variedades;Si
Argentina;DGO;DTVGo_Argentina_201;N/A;Gran Hermano - 24 hs;N/A;Variedades;No
Argentina;DGO;DTVGo_Argentina_201;N/A;Gran Hermano - Cámara 1;N/A;Variedades;No
Argentina;DGO;DTVGo_Argentina_201;N/A;Gran Hermano - Cámara 2;N/A;Variedades;No
Argentina;DGO;DTVGo_Argentina_201;N/A;Gran Hermano - Cámara 3;N/A;Variedades;No
Argentina;DGO;DTVGo_Argentina_201;N/A;History 2 HD;N/A;Mundo;Si
Argentina;DGO;DTVGo_Argentina_201;N/A;HGTV HD;N/A;Variedades;Si
Argentina;DGO;DTVGo_Argentina_201;N/A;History Channel HD;N/A;Mundo;Si
Argentina;DGO;DTVGo_Argentina_201;N/A;Hola TV HD;N/A;Variedades;Si
Argentina;DGO;DTVGo_Argentina_201;N/A;ID HD;N/A;Variedades;Si
Argentina;DGO;DTVGo_Argentina_201;N/A;KZO;N/A;Variedades;Si
Argentina;DGO;DTVGo_Argentina_201;N/A;La Nación + HD;N/A;Nacional;Si
Argentina;DGO;DTVGo_Argentina_201;N/A;La TV Pública HD;N/A;Nacional;No
Argentina;DGO;DTVGo_Argentina_201;N/A;Lifetime HD;N/A;Variedades;Si
Argentina;DGO;DTVGo_Argentina_201;N/A;LN+;N/A;Nacional;No
Argentina;DGO;DTVGo_Argentina_201;N/A;Más Chic;N/A;Variedades;Si
Argentina;DGO;DTVGo_Argentina_201;N/A;Mega Noticias;N/A;Mundo;Si
Argentina;DGO;DTVGo_Argentina_201;N/A;Mega Tiempo;N/A;Mundo;Si
Argentina;DGO;DTVGo_Argentina_201;N/A;Mórbido TV;N/A;Cine;No
Argentina;DGO;DTVGo_Argentina_201;N/A;MTV HD;N/A;Variedades;Si
Argentina;DGO;DTVGo_Argentina_201;N/A;National Geographic HD;N/A;Mundo;Si
Argentina;DGO;DTVGo_Argentina_201;N/A;NBA TV HD;N/A;Deportes;No
Argentina;DGO;DTVGo_Argentina_201;N/A;Net TV HD;N/A;Nacional;Si
Argentina;DGO;DTVGo_Argentina_201;N/A;Newsmax TV;N/A;Nacional;Si
Argentina;DGO;DTVGo_Argentina_201;N/A;Nick HD;N/A;Infantil;Si
Argentina;DGO;DTVGo_Argentina_201;N/A;Nick Jr. HD;N/A;Infantil;Si
Argentina;DGO;DTVGo_Argentina_201;N/A;Nueva señal - Nombre TBD;N/A;Variedades;No
Argentina;DGO;DTVGo_Argentina_201;N/A;OnDIRECTV HD;N/A;Cine;Si
Argentina;DGO;DTVGo_Argentina_201;N/A;Paramount Channel HD;N/A;Cine;No
Argentina;DGO;DTVGo_Argentina_201;N/A;Pasiones HD;N/A;Variedades;Si
Argentina;DGO;DTVGo_Argentina_201;N/A;Plim Plim;N/A;Infantil;No
Argentina;DGO;DTVGo_Argentina_201;N/A;Quiero Música en Mi Idioma HD;N/A;Nacional;Si
Argentina;DGO;DTVGo_Argentina_201;N/A;Rai Italia;N/A;Mundo;Si
Argentina;DGO;DTVGo_Argentina_201;N/A;RCN Más;N/A;Variedades;Si
Argentina;DGO;DTVGo_Argentina_201;N/A;RCN Noticias;N/A;Mundo;Si
Argentina;DGO;DTVGo_Argentina_201;N/A;Sony HD;N/A;Variedades;Si
Argentina;DGO;DTVGo_Argentina_201;N/A;Sony Movies HD;N/A;Cine;No
Argentina;DGO;DTVGo_Argentina_201;N/A;Space;N/A;Cine;Si
Argentina;DGO;DTVGo_Argentina_201;N/A;Space HD;N/A;Cine;No
Argentina;DGO;DTVGo_Argentina_201;N/A;Star Channel;N/A;Variedades;Si
Argentina;DGO;DTVGo_Argentina_201;N/A;Star Channel HD;N/A;Variedades;No
Argentina;DGO;DTVGo_Argentina_201;N/A;Studio Universal HD;N/A;Cine;Si
Argentina;DGO;DTVGo_Argentina_201;N/A;Tastemade;N/A;Variedades;Si
Argentina;DGO;DTVGo_Argentina_201;N/A;Tastemade Viajes;N/A;Variedades;Si
Argentina;DGO;DTVGo_Argentina_201;N/A;Telefe HD;N/A;Nacional;Si
Argentina;DGO;DTVGo_Argentina_201;N/A;Telemundo;N/A;Variedades;Si
Argentina;DGO;DTVGo_Argentina_201;N/A;TLC HD;N/A;Mundo;No
Argentina;DGO;DTVGo_Argentina_201;N/A;TN HD;N/A;Mundo;Si
Argentina;DGO;DTVGo_Argentina_201;N/A;TNT HD;N/A;Cine;Si
Argentina;DGO;DTVGo_Argentina_201;N/A;TNT Novelas;N/A;Variedades;No
Argentina;DGO;DTVGo_Argentina_201;N/A;TNT Series HD;N/A;Variedades;Si
Argentina;DGO;DTVGo_Argentina_201;N/A;TV Pública HD;N/A;Nacional;No
Argentina;DGO;DTVGo_Argentina_201;N/A;Universal TV HD (South);N/A;Cine;Si
Argentina;DGO;DTVGo_Argentina_201;N/A;TyC Sports;N/A;Deportes;No
Argentina;DGO;DTVGo_Argentina_201;N/A;TyC Sports HD;N/A;Deportes;Si
Argentina;DGO;DTVGo_Argentina_201;N/A;Universal TV HD;N/A;Variedades;No
Argentina;DGO;DTVGo_Argentina_201;N/A;USA Network HD;N/A;Variedades;No
Argentina;DGO;DTVGo_Argentina_201;N/A;Volver;N/A;Variedades;Si
Argentina;DGO;DTVGo_Argentina_201;N/A;Warner Channel HD;N/A;Variedades;Si
Argentina;DGO;Medio;N/A;A la Cocina TV;N/A;Variedades;No
Argentina;DGO;Medio;N/A;A&E HD;N/A;Variedades;Si
Argentina;DGO;Medio;N/A;A24 HD;N/A;Mundo;Si
Argentina;DGO;Medio;N/A;Adult Swim;N/A;Variedades;No
Argentina;DGO;Medio;N/A;AMC HD;N/A;Variedades;No
Argentina;DGO;Medio;N/A;América HD;N/A;Nacional;Si
Argentina;DGO;Medio;N/A;Animal Planet HD;N/A;Mundo;Si
Argentina;DGO;Medio;N/A;Antena 3 HD;N/A;Mundo;No
Argentina;DGO;Medio;N/A;Argentina 12 HD;N/A;Mundo;No
Argentina;DGO;Medio;N/A;Atres Series HD;N/A;Variedades;No
Argentina;DGO;Medio;N/A;AXN HD;N/A;Variedades;No
Argentina;DGO;Medio;N/A;Azteca Internacional;N/A;Variedades;Si
Argentina;DGO;Medio;N/A;BabyTV;N/A;Infantil;No
Argentina;DGO;Medio;N/A;Bloomberg;N/A;Mundo;No
Argentina;DGO;Medio;N/A;C5N HD;N/A;Local;Si
Argentina;DGO;Medio;N/A;Canal 13;N/A;Nacional;No
Argentina;DGO;Medio;N/A;Canal 26 HD;N/A;Mundo;Si
Argentina;DGO;Medio;N/A;Canal 9;N/A;Nacional;No
Argentina;DGO;Medio;N/A;Canal A HD;N/A;Nacional;No
Argentina;DGO;Medio;N/A;Caracol Mix;N/A;Variedades;Si
Argentina;DGO;Medio;N/A;Cartoon Network HD;N/A;Infantil;Si
Argentina;DGO;Medio;N/A;Cartoonito;N/A;Infantil;No
Argentina;DGO;Medio;N/A;CGTN Español;N/A;Mundo;Si
Argentina;DGO;Medio;N/A;Cinecanal HD;N/A;Cine;Si
Argentina;DGO;Medio;N/A;Cinema;N/A;Cine;Si
Argentina;DGO;Medio;N/A;Cinemax HD;N/A;Cine;Si
Argentina;DGO;Medio;N/A;Ciudad Magazine;N/A;Variedades;Si
Argentina;DGO;Medio;N/A;Ciudad Magazine HD;N/A;Variedades;No
Argentina;DGO;Medio;N/A;Clic;N/A;Variedades;Si
Argentina;DGO;Medio;N/A;CNN en Español;N/A;Mundo;Si
Argentina;DGO;Medio;N/A;CNN International;N/A;Mundo;No
Argentina;DGO;Medio;N/A;Comedy Central HD;N/A;Variedades;No
Argentina;DGO;Medio;N/A;Corazón;N/A;Variedades;Si
Argentina;DGO;Medio;N/A;Crónica TV;N/A;Mundo;Si
Argentina;DGO;Medio;N/A;Daystar Español;N/A;Mundo;No
Argentina;DGO;Medio;N/A;DeporTV;N/A;Deportes;Si
Argentina;DGO;Medio;N/A;Discovery Channel HD;N/A;Mundo;Si
Argentina;DGO;Medio;N/A;Discovery Home & Health HD;N/A;Variedades;Si
Argentina;DGO;Medio;N/A;Discovery Kids HD;N/A;Infantil;Si
Argentina;DGO;Medio;N/A;Discovery Theater HD;N/A;Mundo;No
Argentina;DGO;Medio;N/A;Discovery Turbo;N/A;Mundo;No
Argentina;DGO;Medio;N/A;Discovery World;N/A;Mundo;No
Argentina;DGO;Medio;N/A;Disney Channel HD;N/A;Infantil;Si
Argentina;DGO;Medio;N/A;Disney Junior HD;N/A;Infantil;Si
Argentina;DGO;Medio;N/A;DNEWS;N/A;Variedades;No
Argentina;DGO;Medio;N/A;DSHOW;N/A;Variedades;No
Argentina;DGO;Medio;N/A;DSPORTS 2 HD;N/A;Deportes;Si
Argentina;DGO;Medio;N/A;DSPORTS Audio;N/A;Deportes;No
Argentina;DGO;Medio;N/A;DSPORTS HD;N/A;Deportes;Si
Argentina;DGO;Medio;N/A;DSPORTS+ HD;N/A;Deportes;Si
Argentina;DGO;Medio;N/A;DSPORTS Radio;N/A;Radio;No
Argentina;DGO;Medio;N/A;E! Entertainment México;N/A;Variedades;Si
Argentina;DGO;Medio;N/A;Edye;N/A;Infantil;Si
Argentina;DGO;Medio;N/A;El Nueve HD;N/A;Nacional;Si
Argentina;DGO;Medio;N/A;El Reino Infantil;N/A;Infantil;No
Argentina;DGO;Medio;N/A;El Trece HD;N/A;Nacional;Si
Argentina;DGO;Medio;N/A;Encuentro;N/A;Nacional;Si
Argentina;DGO;Medio;N/A;Encuentro Internacional HD;N/A;Variedades;No
Argentina;DGO;Medio;N/A;ESPN 2 HD;N/A;Deportes;Si
Argentina;DGO;Medio;N/A;ESPN 3 HD;N/A;Deportes;Si
Argentina;DGO;Medio;N/A;ESPN 4;N/A;Deportes;No
Argentina;DGO;Medio;N/A;ESPN HD;N/A;Deportes;Si
Argentina;DGO;Medio;N/A;Food Network HD;N/A;Variedades;No
Argentina;DGO;Medio;N/A;Fox News;N/A;Mundo;Si
Argentina;DGO;Medio;N/A;Fox Sports 2 HD;N/A;Deportes;Si
Argentina;DGO;Medio;N/A;Fox Sports 3 HD;N/A;Deportes;Si
Argentina;DGO;Medio;N/A;Fox Sports HD;N/A;Deportes;Si
Argentina;DGO;Medio;N/A;France 24 Español;N/A;Mundo;No
Argentina;DGO;Medio;N/A;FreeTV Acción;N/A;Cine;Si
Argentina;DGO;Medio;N/A;FreeTV Drama;N/A;Cine;Si
Argentina;DGO;Medio;N/A;FreeTV Estelar;N/A;Cine;Si
Argentina;DGO;Medio;N/A;FreeTV Familia;N/A;Cine;Si
Argentina;DGO;Medio;N/A;FreeTV Hits;N/A;Cine;Si
Argentina;DGO;Medio;N/A;FreeTV Terror;N/A;Cine;Si
Argentina;DGO;Medio;N/A;FX HD;N/A;Variedades;Si
Argentina;DGO;Medio;N/A;Golf Channel HD;N/A;Deportes;No
Argentina;DGO;Medio;N/A;El Gourmet;N/A;Variedades;No
Argentina;DGO;Medio;N/A;El Gourmet HD;N/A;Variedades;Si
Argentina;DGO;Medio;N/A;Gran Hermano - 24 hs;N/A;Variedades;No
Argentina;DGO;Medio;N/A;Gran Hermano - Cámara 1;N/A;Variedades;No
Argentina;DGO;Medio;N/A;Gran Hermano - Cámara 2;N/A;Variedades;No
Argentina;DGO;Medio;N/A;Gran Hermano - Cámara 3;N/A;Variedades;No
Argentina;DGO;Medio;N/A;History 2 HD;N/A;Mundo;No
Argentina;DGO;Medio;N/A;HGTV HD;N/A;Variedades;No
Argentina;DGO;Medio;N/A;History Channel HD;N/A;Mundo;No
Argentina;DGO;Medio;N/A;Hola TV HD;N/A;Variedades;Si
Argentina;DGO;Medio;N/A;ID HD;N/A;Variedades;No
Argentina;DGO;Medio;N/A;KZO;N/A;Variedades;Si
Argentina;DGO;Medio;N/A;La Nación + HD;N/A;Nacional;Si
Argentina;DGO;Medio;N/A;La TV Pública HD;N/A;Nacional;Si
Argentina;DGO;Medio;N/A;Lifetime HD;N/A;Variedades;No
Argentina;DGO;Medio;N/A;LN+;N/A;Nacional;No
Argentina;DGO;Medio;N/A;Más Chic;N/A;Variedades;No
Argentina;DGO;Medio;N/A;Mega Noticias;N/A;Mundo;Si
Argentina;DGO;Medio;N/A;Mega Tiempo;N/A;Mundo;Si
Argentina;DGO;Medio;N/A;Mórbido TV;N/A;Cine;No
Argentina;DGO;Medio;N/A;MTV HD;N/A;Variedades;Si
Argentina;DGO;Medio;N/A;National Geographic HD;N/A;Mundo;Si
Argentina;DGO;Medio;N/A;NBA TV HD;N/A;Deportes;No
Argentina;DGO;Medio;N/A;Net TV HD;N/A;Nacional;Si
Argentina;DGO;Medio;N/A;Newsmax TV;N/A;Nacional;Si
Argentina;DGO;Medio;N/A;Nick HD;N/A;Infantil;Si
Argentina;DGO;Medio;N/A;Nick Jr. HD;N/A;Infantil;No
Argentina;DGO;Medio;N/A;Nueva señal - Nombre TBD;N/A;Variedades;No
Argentina;DGO;Medio;N/A;OnDIRECTV HD;N/A;Cine;Si
Argentina;DGO;Medio;N/A;Paramount Channel HD;N/A;Cine;No
Argentina;DGO;Medio;N/A;Pasiones HD;N/A;Variedades;Si
Argentina;DGO;Medio;N/A;Plim Plim;N/A;Infantil;No
Argentina;DGO;Medio;N/A;Quiero Música en Mi Idioma HD;N/A;Nacional;Si
Argentina;DGO;Medio;N/A;Rai Italia;N/A;Mundo;Si
Argentina;DGO;Medio;N/A;RCN Más;N/A;Variedades;Si
Argentina;DGO;Medio;N/A;RCN Noticias;N/A;Mundo;Si
Argentina;DGO;Medio;N/A;Sony HD;N/A;Variedades;Si
Argentina;DGO;Medio;N/A;Sony Movies HD;N/A;Cine;No
Argentina;DGO;Medio;N/A;Space;N/A;Cine;Si
Argentina;DGO;Medio;N/A;Space HD;N/A;Cine;No
Argentina;DGO;Medio;N/A;Star Channel;N/A;Variedades;Si
Argentina;DGO;Medio;N/A;Star Channel HD;N/A;Variedades;No
Argentina;DGO;Medio;N/A;Studio Universal HD;N/A;Cine;Si
Argentina;DGO;Medio;N/A;Tastemade;N/A;Variedades;Si
Argentina;DGO;Medio;N/A;Tastemade Viajes;N/A;Variedades;Si
Argentina;DGO;Medio;N/A;Telefe HD;N/A;Nacional;Si
Argentina;DGO;Medio;N/A;Telemundo;N/A;Variedades;Si
Argentina;DGO;Medio;N/A;TLC HD;N/A;Mundo;No
Argentina;DGO;Medio;N/A;TN HD;N/A;Mundo;Si
Argentina;DGO;Medio;N/A;TNT HD;N/A;Cine;Si
Argentina;DGO;Medio;N/A;TNT Novelas;N/A;Variedades;No
Argentina;DGO;Medio;N/A;TNT Series HD;N/A;Variedades;Si
Argentina;DGO;Medio;N/A;TV Pública HD;N/A;Nacional;No
Argentina;DGO;Medio;N/A;Universal TV HD (South);N/A;Cine;Si
Argentina;DGO;Medio;N/A;TyC Sports;N/A;Deportes;No
Argentina;DGO;Medio;N/A;TyC Sports HD;N/A;Deportes;Si
Argentina;DGO;Medio;N/A;Universal TV HD;N/A;Variedades;No
Argentina;DGO;Medio;N/A;USA Network HD;N/A;Variedades;No
Argentina;DGO;Medio;N/A;Volver;N/A;Variedades;Si
Argentina;DGO;Medio;N/A;Warner Channel HD;N/A;Variedades;Si
Argentina;DGO;OTT;N/A;A la Cocina TV;N/A;Variedades;No
Argentina;DGO;OTT;N/A;A&E HD;N/A;Variedades;Si
Argentina;DGO;OTT;N/A;A24 HD;N/A;Mundo;Si
Argentina;DGO;OTT;N/A;Adult Swim;N/A;Variedades;No
Argentina;DGO;OTT;N/A;AMC HD;N/A;Variedades;Si
Argentina;DGO;OTT;N/A;América HD;N/A;Nacional;Si
Argentina;DGO;OTT;N/A;Animal Planet HD;N/A;Mundo;Si
Argentina;DGO;OTT;N/A;Antena 3 HD;N/A;Mundo;Si
Argentina;DGO;OTT;N/A;Argentina 12 HD;N/A;Mundo;No
Argentina;DGO;OTT;N/A;Atres Series HD;N/A;Variedades;Si
Argentina;DGO;OTT;N/A;AXN HD;N/A;Variedades;Si
Argentina;DGO;OTT;N/A;Azteca Internacional;N/A;Variedades;Si
Argentina;DGO;OTT;N/A;BabyTV;N/A;Infantil;Si
Argentina;DGO;OTT;N/A;Bloomberg;N/A;Mundo;Si
Argentina;DGO;OTT;N/A;C5N HD;N/A;Local;Si
Argentina;DGO;OTT;N/A;Canal 13;N/A;Nacional;No
Argentina;DGO;OTT;N/A;Canal 26 HD;N/A;Mundo;Si
Argentina;DGO;OTT;N/A;Canal 9;N/A;Nacional;No
Argentina;DGO;OTT;N/A;Canal A HD;N/A;Nacional;Si
Argentina;DGO;OTT;N/A;Caracol Mix;N/A;Variedades;Si
Argentina;DGO;OTT;N/A;Cartoon Network HD;N/A;Infantil;Si
Argentina;DGO;OTT;N/A;Cartoonito;N/A;Infantil;No
Argentina;DGO;OTT;N/A;CGTN Español;N/A;Mundo;Si
Argentina;DGO;OTT;N/A;Cinecanal HD;N/A;Cine;Si
Argentina;DGO;OTT;N/A;Cinema;N/A;Cine;Si
Argentina;DGO;OTT;N/A;Cinemax HD;N/A;Cine;Si
Argentina;DGO;OTT;N/A;Ciudad Magazine;N/A;Variedades;Si
Argentina;DGO;OTT;N/A;Ciudad Magazine HD;N/A;Variedades;No
Argentina;DGO;OTT;N/A;Clic;N/A;Variedades;Si
Argentina;DGO;OTT;N/A;CNN en Español;N/A;Mundo;Si
Argentina;DGO;OTT;N/A;CNN International;N/A;Mundo;Si
Argentina;DGO;OTT;N/A;Comedy Central HD;N/A;Variedades;Si
Argentina;DGO;OTT;N/A;Corazón;N/A;Variedades;Si
Argentina;DGO;OTT;N/A;Crónica TV;N/A;Mundo;Si
Argentina;DGO;OTT;N/A;Daystar Español;N/A;Mundo;Si
Argentina;DGO;OTT;N/A;DeporTV;N/A;Deportes;Si
Argentina;DGO;OTT;N/A;Discovery Channel HD;N/A;Mundo;Si
Argentina;DGO;OTT;N/A;Discovery Home & Health HD;N/A;Variedades;Si
Argentina;DGO;OTT;N/A;Discovery Kids HD;N/A;Infantil;Si
Argentina;DGO;OTT;N/A;Discovery Theater HD;N/A;Mundo;Si
Argentina;DGO;OTT;N/A;Discovery Turbo;N/A;Mundo;Si
Argentina;DGO;OTT;N/A;Discovery World;N/A;Mundo;Si
Argentina;DGO;OTT;N/A;Disney Channel HD;N/A;Infantil;Si
Argentina;DGO;OTT;N/A;Disney Junior HD;N/A;Infantil;Si
Argentina;DGO;OTT;N/A;DNEWS;N/A;Variedades;No
Argentina;DGO;OTT;N/A;DSHOW;N/A;Variedades;No
Argentina;DGO;OTT;N/A;DSPORTS 2 HD;N/A;Deportes;Si
Argentina;DGO;OTT;N/A;DSPORTS Audio;N/A;Deportes;No
Argentina;DGO;OTT;N/A;DSPORTS HD;N/A;Deportes;Si
Argentina;DGO;OTT;N/A;DSPORTS+ HD;N/A;Deportes;Si
Argentina;DGO;OTT;N/A;DSPORTS Radio;N/A;Radio;No
Argentina;DGO;OTT;N/A;E! Entertainment México;N/A;Variedades;Si
Argentina;DGO;OTT;N/A;Edye;N/A;Infantil;Si
Argentina;DGO;OTT;N/A;El Nueve HD;N/A;Nacional;Si
Argentina;DGO;OTT;N/A;El Reino Infantil;N/A;Infantil;No
Argentina;DGO;OTT;N/A;El Trece HD;N/A;Nacional;Si
Argentina;DGO;OTT;N/A;Encuentro;N/A;Nacional;Si
Argentina;DGO;OTT;N/A;Encuentro Internacional HD;N/A;Variedades;No
Argentina;DGO;OTT;N/A;ESPN 2 HD;N/A;Deportes;Si
Argentina;DGO;OTT;N/A;ESPN 3 HD;N/A;Deportes;Si
Argentina;DGO;OTT;N/A;ESPN 4;N/A;Deportes;No
Argentina;DGO;OTT;N/A;ESPN HD;N/A;Deportes;Si
Argentina;DGO;OTT;N/A;Food Network HD;N/A;Variedades;Si
Argentina;DGO;OTT;N/A;Fox News;N/A;Mundo;Si
Argentina;DGO;OTT;N/A;Fox Sports 2 HD;N/A;Deportes;Si
Argentina;DGO;OTT;N/A;Fox Sports 3 HD;N/A;Deportes;Si
Argentina;DGO;OTT;N/A;Fox Sports HD;N/A;Deportes;Si
Argentina;DGO;OTT;N/A;France 24 Español;N/A;Mundo;No
Argentina;DGO;OTT;N/A;FreeTV Acción;N/A;Cine;Si
Argentina;DGO;OTT;N/A;FreeTV Drama;N/A;Cine;Si
Argentina;DGO;OTT;N/A;FreeTV Estelar;N/A;Cine;Si
Argentina;DGO;OTT;N/A;FreeTV Familia;N/A;Cine;Si
Argentina;DGO;OTT;N/A;FreeTV Hits;N/A;Cine;Si
Argentina;DGO;OTT;N/A;FreeTV Terror;N/A;Cine;Si
Argentina;DGO;OTT;N/A;FX HD;N/A;Variedades;Si
Argentina;DGO;OTT;N/A;Golf Channel HD;N/A;Deportes;Si
Argentina;DGO;OTT;N/A;El Gourmet;N/A;Variedades;No
Argentina;DGO;OTT;N/A;El Gourmet HD;N/A;Variedades;Si
Argentina;DGO;OTT;N/A;Gran Hermano - 24 hs;N/A;Variedades;No
Argentina;DGO;OTT;N/A;Gran Hermano - Cámara 1;N/A;Variedades;No
Argentina;DGO;OTT;N/A;Gran Hermano - Cámara 2;N/A;Variedades;No
Argentina;DGO;OTT;N/A;Gran Hermano - Cámara 3;N/A;Variedades;No
Argentina;DGO;OTT;N/A;History 2 HD;N/A;Mundo;Si
Argentina;DGO;OTT;N/A;HGTV HD;N/A;Variedades;Si
Argentina;DGO;OTT;N/A;History Channel HD;N/A;Mundo;Si
Argentina;DGO;OTT;N/A;Hola TV HD;N/A;Variedades;Si
Argentina;DGO;OTT;N/A;ID HD;N/A;Variedades;Si
Argentina;DGO;OTT;N/A;KZO;N/A;Variedades;Si
Argentina;DGO;OTT;N/A;La Nación + HD;N/A;Nacional;Si
Argentina;DGO;OTT;N/A;La TV Pública HD;N/A;Nacional;Si
Argentina;DGO;OTT;N/A;Lifetime HD;N/A;Variedades;Si
Argentina;DGO;OTT;N/A;LN+;N/A;Nacional;No
Argentina;DGO;OTT;N/A;Más Chic;N/A;Variedades;Si
Argentina;DGO;OTT;N/A;Mega Noticias;N/A;Mundo;Si
Argentina;DGO;OTT;N/A;Mega Tiempo;N/A;Mundo;Si
Argentina;DGO;OTT;N/A;Mórbido TV;N/A;Cine;No
Argentina;DGO;OTT;N/A;MTV HD;N/A;Variedades;Si
Argentina;DGO;OTT;N/A;National Geographic HD;N/A;Mundo;Si
Argentina;DGO;OTT;N/A;NBA TV HD;N/A;Deportes;No
Argentina;DGO;OTT;N/A;Net TV HD;N/A;Nacional;Si
Argentina;DGO;OTT;N/A;Newsmax TV;N/A;Nacional;Si
Argentina;DGO;OTT;N/A;Nick HD;N/A;Infantil;Si
Argentina;DGO;OTT;N/A;Nick Jr. HD;N/A;Infantil;Si
Argentina;DGO;OTT;N/A;Nueva señal - Nombre TBD;N/A;Variedades;No
Argentina;DGO;OTT;N/A;OnDIRECTV HD;N/A;Cine;Si
Argentina;DGO;OTT;N/A;Paramount Channel HD;N/A;Cine;Si
Argentina;DGO;OTT;N/A;Pasiones HD;N/A;Variedades;Si
Argentina;DGO;OTT;N/A;Plim Plim;N/A;Infantil;No
Argentina;DGO;OTT;N/A;Quiero Música en Mi Idioma HD;N/A;Nacional;Si
Argentina;DGO;OTT;N/A;Rai Italia;N/A;Mundo;Si
Argentina;DGO;OTT;N/A;RCN Más;N/A;Variedades;Si
Argentina;DGO;OTT;N/A;RCN Noticias;N/A;Mundo;Si
Argentina;DGO;OTT;N/A;Sony HD;N/A;Variedades;Si
Argentina;DGO;OTT;N/A;Sony Movies HD;N/A;Cine;No
Argentina;DGO;OTT;N/A;Space;N/A;Cine;Si
Argentina;DGO;OTT;N/A;Space HD;N/A;Cine;No
Argentina;DGO;OTT;N/A;Star Channel;N/A;Variedades;Si
Argentina;DGO;OTT;N/A;Star Channel HD;N/A;Variedades;No
Argentina;DGO;OTT;N/A;Studio Universal HD;N/A;Cine;Si
Argentina;DGO;OTT;N/A;Tastemade;N/A;Variedades;Si
Argentina;DGO;OTT;N/A;Tastemade Viajes;N/A;Variedades;Si
Argentina;DGO;OTT;N/A;Telefe HD;N/A;Nacional;Si
Argentina;DGO;OTT;N/A;Telemundo;N/A;Variedades;Si
Argentina;DGO;OTT;N/A;TLC HD;N/A;Mundo;No
Argentina;DGO;OTT;N/A;TN HD;N/A;Mundo;Si
Argentina;DGO;OTT;N/A;TNT HD;N/A;Cine;Si
Argentina;DGO;OTT;N/A;TNT Novelas;N/A;Variedades;No
Argentina;DGO;OTT;N/A;TNT Series HD;N/A;Variedades;Si
Argentina;DGO;OTT;N/A;TV Pública HD;N/A;Nacional;No
Argentina;DGO;OTT;N/A;Universal TV HD (South);N/A;Cine;Si
Argentina;DGO;OTT;N/A;TyC Sports;N/A;Deportes;No
Argentina;DGO;OTT;N/A;TyC Sports HD;N/A;Deportes;Si
Argentina;DGO;OTT;N/A;Universal TV HD;N/A;Variedades;No
Argentina;DGO;OTT;N/A;USA Network HD;N/A;Variedades;No
Argentina;DGO;OTT;N/A;Volver;N/A;Variedades;Si
Argentina;DGO;OTT;N/A;Warner Channel HD;N/A;Variedades;Si
Argentina;DGO;OTT Lite;N/A;A la Cocina TV;N/A;Variedades;No
Argentina;DGO;OTT Lite;N/A;A&E HD;N/A;Variedades;Si
Argentina;DGO;OTT Lite;N/A;A24 HD;N/A;Mundo;No
Argentina;DGO;OTT Lite;N/A;Adult Swim;N/A;Variedades;No
Argentina;DGO;OTT Lite;N/A;AMC HD;N/A;Variedades;No
Argentina;DGO;OTT Lite;N/A;América HD;N/A;Nacional;No
Argentina;DGO;OTT Lite;N/A;Animal Planet HD;N/A;Mundo;Si
Argentina;DGO;OTT Lite;N/A;Antena 3 HD;N/A;Mundo;No
Argentina;DGO;OTT Lite;N/A;Argentina 12 HD;N/A;Mundo;No
Argentina;DGO;OTT Lite;N/A;Atres Series HD;N/A;Variedades;No
Argentina;DGO;OTT Lite;N/A;AXN HD;N/A;Variedades;No
Argentina;DGO;OTT Lite;N/A;Azteca Internacional;N/A;Variedades;Si
Argentina;DGO;OTT Lite;N/A;BabyTV;N/A;Infantil;No
Argentina;DGO;OTT Lite;N/A;Bloomberg;N/A;Mundo;No
Argentina;DGO;OTT Lite;N/A;C5N HD;N/A;Local;No
Argentina;DGO;OTT Lite;N/A;Canal 13;N/A;Nacional;No
Argentina;DGO;OTT Lite;N/A;Canal 26 HD;N/A;Mundo;Si
Argentina;DGO;OTT Lite;N/A;Canal 9;N/A;Nacional;No
Argentina;DGO;OTT Lite;N/A;Canal A HD;N/A;Nacional;No
Argentina;DGO;OTT Lite;N/A;Caracol Mix;N/A;Variedades;Si
Argentina;DGO;OTT Lite;N/A;Cartoon Network HD;N/A;Infantil;Si
Argentina;DGO;OTT Lite;N/A;Cartoonito;N/A;Infantil;No
Argentina;DGO;OTT Lite;N/A;CGTN Español;N/A;Mundo;Si
Argentina;DGO;OTT Lite;N/A;Cinecanal HD;N/A;Cine;Si
Argentina;DGO;OTT Lite;N/A;Cinema;N/A;Cine;Si
Argentina;DGO;OTT Lite;N/A;Cinemax HD;N/A;Cine;Si
Argentina;DGO;OTT Lite;N/A;Ciudad Magazine;N/A;Variedades;Si
Argentina;DGO;OTT Lite;N/A;Ciudad Magazine HD;N/A;Variedades;No
Argentina;DGO;OTT Lite;N/A;Clic;N/A;Variedades;Si
Argentina;DGO;OTT Lite;N/A;CNN en Español;N/A;Mundo;Si
Argentina;DGO;OTT Lite;N/A;CNN International;N/A;Mundo;No
Argentina;DGO;OTT Lite;N/A;Comedy Central HD;N/A;Variedades;No
Argentina;DGO;OTT Lite;N/A;Corazón;N/A;Variedades;Si
Argentina;DGO;OTT Lite;N/A;Crónica TV;N/A;Mundo;No
Argentina;DGO;OTT Lite;N/A;Daystar Español;N/A;Mundo;No
Argentina;DGO;OTT Lite;N/A;DeporTV;N/A;Deportes;Si
Argentina;DGO;OTT Lite;N/A;Discovery Channel HD;N/A;Mundo;Si
Argentina;DGO;OTT Lite;N/A;Discovery Home & Health HD;N/A;Variedades;Si
Argentina;DGO;OTT Lite;N/A;Discovery Kids HD;N/A;Infantil;Si
Argentina;DGO;OTT Lite;N/A;Discovery Theater HD;N/A;Mundo;No
Argentina;DGO;OTT Lite;N/A;Discovery Turbo;N/A;Mundo;No
Argentina;DGO;OTT Lite;N/A;Discovery World;N/A;Mundo;No
Argentina;DGO;OTT Lite;N/A;Disney Channel HD;N/A;Infantil;Si
Argentina;DGO;OTT Lite;N/A;Disney Junior HD;N/A;Infantil;Si
Argentina;DGO;OTT Lite;N/A;DNEWS;N/A;Variedades;No
Argentina;DGO;OTT Lite;N/A;DSHOW;N/A;Variedades;No
Argentina;DGO;OTT Lite;N/A;DSPORTS 2 HD;N/A;Deportes;Si
Argentina;DGO;OTT Lite;N/A;DSPORTS Audio;N/A;Deportes;No
Argentina;DGO;OTT Lite;N/A;DSPORTS HD;N/A;Deportes;Si
Argentina;DGO;OTT Lite;N/A;DSPORTS+ HD;N/A;Deportes;Si
Argentina;DGO;OTT Lite;N/A;DSPORTS Radio;N/A;Radio;No
Argentina;DGO;OTT Lite;N/A;E! Entertainment México;N/A;Variedades;Si
Argentina;DGO;OTT Lite;N/A;Edye;N/A;Infantil;Si
Argentina;DGO;OTT Lite;N/A;El Nueve HD;N/A;Nacional;No
Argentina;DGO;OTT Lite;N/A;El Reino Infantil;N/A;Infantil;No
Argentina;DGO;OTT Lite;N/A;El Trece HD;N/A;Nacional;Si
Argentina;DGO;OTT Lite;N/A;Encuentro;N/A;Nacional;Si
Argentina;DGO;OTT Lite;N/A;Encuentro Internacional HD;N/A;Variedades;No
Argentina;DGO;OTT Lite;N/A;ESPN 2 HD;N/A;Deportes;Si
Argentina;DGO;OTT Lite;N/A;ESPN 3 HD;N/A;Deportes;No
Argentina;DGO;OTT Lite;N/A;ESPN 4;N/A;Deportes;No
Argentina;DGO;OTT Lite;N/A;ESPN HD;N/A;Deportes;Si
Argentina;DGO;OTT Lite;N/A;Food Network HD;N/A;Variedades;No
Argentina;DGO;OTT Lite;N/A;Fox News;N/A;Mundo;Si
Argentina;DGO;OTT Lite;N/A;Fox Sports 2 HD;N/A;Deportes;Si
Argentina;DGO;OTT Lite;N/A;Fox Sports 3 HD;N/A;Deportes;Si
Argentina;DGO;OTT Lite;N/A;Fox Sports HD;N/A;Deportes;Si
Argentina;DGO;OTT Lite;N/A;France 24 Español;N/A;Mundo;No
Argentina;DGO;OTT Lite;N/A;FreeTV Acción;N/A;Cine;Si
Argentina;DGO;OTT Lite;N/A;FreeTV Drama;N/A;Cine;Si
Argentina;DGO;OTT Lite;N/A;FreeTV Estelar;N/A;Cine;Si
Argentina;DGO;OTT Lite;N/A;FreeTV Familia;N/A;Cine;Si
Argentina;DGO;OTT Lite;N/A;FreeTV Hits;N/A;Cine;Si
Argentina;DGO;OTT Lite;N/A;FreeTV Terror;N/A;Cine;Si
Argentina;DGO;OTT Lite;N/A;FX HD;N/A;Variedades;Si
Argentina;DGO;OTT Lite;N/A;Golf Channel HD;N/A;Deportes;No
Argentina;DGO;OTT Lite;N/A;El Gourmet;N/A;Variedades;No
Argentina;DGO;OTT Lite;N/A;El Gourmet HD;N/A;Variedades;No
Argentina;DGO;OTT Lite;N/A;Gran Hermano - 24 hs;N/A;Variedades;No
Argentina;DGO;OTT Lite;N/A;Gran Hermano - Cámara 1;N/A;Variedades;No
Argentina;DGO;OTT Lite;N/A;Gran Hermano - Cámara 2;N/A;Variedades;No
Argentina;DGO;OTT Lite;N/A;Gran Hermano - Cámara 3;N/A;Variedades;No
Argentina;DGO;OTT Lite;N/A;History 2 HD;N/A;Mundo;No
Argentina;DGO;OTT Lite;N/A;HGTV HD;N/A;Variedades;No
Argentina;DGO;OTT Lite;N/A;History Channel HD;N/A;Mundo;No
Argentina;DGO;OTT Lite;N/A;Hola TV HD;N/A;Variedades;Si
Argentina;DGO;OTT Lite;N/A;ID HD;N/A;Variedades;No
Argentina;DGO;OTT Lite;N/A;KZO;N/A;Variedades;Si
Argentina;DGO;OTT Lite;N/A;La Nación + HD;N/A;Nacional;Si
Argentina;DGO;OTT Lite;N/A;La TV Pública HD;N/A;Nacional;Si
Argentina;DGO;OTT Lite;N/A;Lifetime HD;N/A;Variedades;No
Argentina;DGO;OTT Lite;N/A;LN+;N/A;Nacional;No
Argentina;DGO;OTT Lite;N/A;Más Chic;N/A;Variedades;No
Argentina;DGO;OTT Lite;N/A;Mega Noticias;N/A;Mundo;Si
Argentina;DGO;OTT Lite;N/A;Mega Tiempo;N/A;Mundo;Si
Argentina;DGO;OTT Lite;N/A;Mórbido TV;N/A;Cine;No
Argentina;DGO;OTT Lite;N/A;MTV HD;N/A;Variedades;Si
Argentina;DGO;OTT Lite;N/A;National Geographic HD;N/A;Mundo;Si
Argentina;DGO;OTT Lite;N/A;NBA TV HD;N/A;Deportes;No
Argentina;DGO;OTT Lite;N/A;Net TV HD;N/A;Nacional;Si
Argentina;DGO;OTT Lite;N/A;Newsmax TV;N/A;Nacional;Si
Argentina;DGO;OTT Lite;N/A;Nick HD;N/A;Infantil;No
Argentina;DGO;OTT Lite;N/A;Nick Jr. HD;N/A;Infantil;No
Argentina;DGO;OTT Lite;N/A;Nueva señal - Nombre TBD;N/A;Variedades;No
Argentina;DGO;OTT Lite;N/A;OnDIRECTV HD;N/A;Cine;Si
Argentina;DGO;OTT Lite;N/A;Paramount Channel HD;N/A;Cine;No
Argentina;DGO;OTT Lite;N/A;Pasiones HD;N/A;Variedades;Si
Argentina;DGO;OTT Lite;N/A;Plim Plim;N/A;Infantil;No
Argentina;DGO;OTT Lite;N/A;Quiero Música en Mi Idioma HD;N/A;Nacional;Si
Argentina;DGO;OTT Lite;N/A;Rai Italia;N/A;Mundo;No
Argentina;DGO;OTT Lite;N/A;RCN Más;N/A;Variedades;Si
Argentina;DGO;OTT Lite;N/A;RCN Noticias;N/A;Mundo;Si
Argentina;DGO;OTT Lite;N/A;Sony HD;N/A;Variedades;Si
Argentina;DGO;OTT Lite;N/A;Sony Movies HD;N/A;Cine;No
Argentina;DGO;OTT Lite;N/A;Space;N/A;Cine;Si
Argentina;DGO;OTT Lite;N/A;Space HD;N/A;Cine;No
Argentina;DGO;OTT Lite;N/A;Star Channel;N/A;Variedades;Si
Argentina;DGO;OTT Lite;N/A;Star Channel HD;N/A;Variedades;No
Argentina;DGO;OTT Lite;N/A;Studio Universal HD;N/A;Cine;Si
Argentina;DGO;OTT Lite;N/A;Tastemade;N/A;Variedades;Si
Argentina;DGO;OTT Lite;N/A;Tastemade Viajes;N/A;Variedades;Si
Argentina;DGO;OTT Lite;N/A;Telefe HD;N/A;Nacional;Si
Argentina;DGO;OTT Lite;N/A;Telemundo;N/A;Variedades;Si
Argentina;DGO;OTT Lite;N/A;TLC HD;N/A;Mundo;No
Argentina;DGO;OTT Lite;N/A;TN HD;N/A;Mundo;Si
Argentina;DGO;OTT Lite;N/A;TNT HD;N/A;Cine;Si
Argentina;DGO;OTT Lite;N/A;TNT Novelas;N/A;Variedades;No
Argentina;DGO;OTT Lite;N/A;TNT Series HD;N/A;Variedades;Si
Argentina;DGO;OTT Lite;N/A;TV Pública HD;N/A;Nacional;No
Argentina;DGO;OTT Lite;N/A;Universal TV HD (South);N/A;Cine;Si
Argentina;DGO;OTT Lite;N/A;TyC Sports;N/A;Deportes;No
Argentina;DGO;OTT Lite;N/A;TyC Sports HD;N/A;Deportes;Si
Argentina;DGO;OTT Lite;N/A;Universal TV HD;N/A;Variedades;No
Argentina;DGO;OTT Lite;N/A;USA Network HD;N/A;Variedades;No
Argentina;DGO;OTT Lite;N/A;Volver;N/A;Variedades;Si
Argentina;DGO;OTT Lite;N/A;Warner Channel HD;N/A;Variedades;Si
Argentina;DGO;Skinny Lite;N/A;A la Cocina TV;N/A;Variedades;No
Argentina;DGO;Skinny Lite;N/A;A&E HD;N/A;Variedades;No
Argentina;DGO;Skinny Lite;N/A;A24 HD;N/A;Mundo;No
Argentina;DGO;Skinny Lite;N/A;Adult Swim;N/A;Variedades;No
Argentina;DGO;Skinny Lite;N/A;AMC HD;N/A;Variedades;No
Argentina;DGO;Skinny Lite;N/A;América HD;N/A;Nacional;No
Argentina;DGO;Skinny Lite;N/A;Animal Planet HD;N/A;Mundo;No
Argentina;DGO;Skinny Lite;N/A;Antena 3 HD;N/A;Mundo;No
Argentina;DGO;Skinny Lite;N/A;Argentina 12 HD;N/A;Mundo;Si
Argentina;DGO;Skinny Lite;N/A;Atres Series HD;N/A;Variedades;No
Argentina;DGO;Skinny Lite;N/A;AXN HD;N/A;Variedades;No
Argentina;DGO;Skinny Lite;N/A;Azteca Internacional;N/A;Variedades;Si
Argentina;DGO;Skinny Lite;N/A;BabyTV;N/A;Infantil;No
Argentina;DGO;Skinny Lite;N/A;Bloomberg;N/A;Mundo;No
Argentina;DGO;Skinny Lite;N/A;C5N HD;N/A;Local;Si
Argentina;DGO;Skinny Lite;N/A;Canal 13;N/A;Nacional;Si
Argentina;DGO;Skinny Lite;N/A;Canal 26 HD;N/A;Mundo;Si
Argentina;DGO;Skinny Lite;N/A;Canal 9;N/A;Nacional;Si
Argentina;DGO;Skinny Lite;N/A;Canal A HD;N/A;Nacional;No
Argentina;DGO;Skinny Lite;N/A;Caracol Mix;N/A;Variedades;Si
Argentina;DGO;Skinny Lite;N/A;Cartoon Network HD;N/A;Infantil;No
Argentina;DGO;Skinny Lite;N/A;Cartoonito;N/A;Infantil;No
Argentina;DGO;Skinny Lite;N/A;CGTN Español;N/A;Mundo;Si
Argentina;DGO;Skinny Lite;N/A;Cinecanal HD;N/A;Cine;No
Argentina;DGO;Skinny Lite;N/A;Cinema;N/A;Cine;Si
Argentina;DGO;Skinny Lite;N/A;Cinemax HD;N/A;Cine;No
Argentina;DGO;Skinny Lite;N/A;Ciudad Magazine;N/A;Variedades;No
Argentina;DGO;Skinny Lite;N/A;Ciudad Magazine HD;N/A;Variedades;No
Argentina;DGO;Skinny Lite;N/A;Clic;N/A;Variedades;Si
Argentina;DGO;Skinny Lite;N/A;CNN en Español;N/A;Mundo;No
Argentina;DGO;Skinny Lite;N/A;CNN International;N/A;Mundo;No
Argentina;DGO;Skinny Lite;N/A;Comedy Central HD;N/A;Variedades;No
Argentina;DGO;Skinny Lite;N/A;Corazón;N/A;Variedades;Si
Argentina;DGO;Skinny Lite;N/A;Crónica TV;N/A;Mundo;No
Argentina;DGO;Skinny Lite;N/A;Daystar Español;N/A;Mundo;No
Argentina;DGO;Skinny Lite;N/A;DeporTV;N/A;Deportes;Si
Argentina;DGO;Skinny Lite;N/A;Discovery Channel HD;N/A;Mundo;No
Argentina;DGO;Skinny Lite;N/A;Discovery Home & Health HD;N/A;Variedades;No
Argentina;DGO;Skinny Lite;N/A;Discovery Kids HD;N/A;Infantil;No
Argentina;DGO;Skinny Lite;N/A;Discovery Theater HD;N/A;Mundo;No
Argentina;DGO;Skinny Lite;N/A;Discovery Turbo;N/A;Mundo;No
Argentina;DGO;Skinny Lite;N/A;Discovery World;N/A;Mundo;No
Argentina;DGO;Skinny Lite;N/A;Disney Channel HD;N/A;Infantil;No
Argentina;DGO;Skinny Lite;N/A;Disney Junior HD;N/A;Infantil;No
Argentina;DGO;Skinny Lite;N/A;DNEWS;N/A;Variedades;No
Argentina;DGO;Skinny Lite;N/A;DSHOW;N/A;Variedades;No
Argentina;DGO;Skinny Lite;N/A;DSPORTS 2 HD;N/A;Deportes;No
Argentina;DGO;Skinny Lite;N/A;DSPORTS Audio;N/A;Deportes;No
Argentina;DGO;Skinny Lite;N/A;DSPORTS HD;N/A;Deportes;No
Argentina;DGO;Skinny Lite;N/A;DSPORTS+ HD;N/A;Deportes;No
Argentina;DGO;Skinny Lite;N/A;DSPORTS Radio;N/A;Radio;No
Argentina;DGO;Skinny Lite;N/A;E! Entertainment México;N/A;Variedades;No
Argentina;DGO;Skinny Lite;N/A;Edye;N/A;Infantil;No
Argentina;DGO;Skinny Lite;N/A;El Nueve HD;N/A;Nacional;No
Argentina;DGO;Skinny Lite;N/A;El Reino Infantil;N/A;Infantil;No
Argentina;DGO;Skinny Lite;N/A;El Trece HD;N/A;Nacional;No
Argentina;DGO;Skinny Lite;N/A;Encuentro;N/A;Nacional;Si
Argentina;DGO;Skinny Lite;N/A;Encuentro Internacional HD;N/A;Variedades;No
Argentina;DGO;Skinny Lite;N/A;ESPN 2 HD;N/A;Deportes;No
Argentina;DGO;Skinny Lite;N/A;ESPN 3 HD;N/A;Deportes;No
Argentina;DGO;Skinny Lite;N/A;ESPN 4;N/A;Deportes;No
Argentina;DGO;Skinny Lite;N/A;ESPN HD;N/A;Deportes;No
Argentina;DGO;Skinny Lite;N/A;Food Network HD;N/A;Variedades;No
Argentina;DGO;Skinny Lite;N/A;Fox News;N/A;Mundo;Si
Argentina;DGO;Skinny Lite;N/A;Fox Sports 2 HD;N/A;Deportes;No
Argentina;DGO;Skinny Lite;N/A;Fox Sports 3 HD;N/A;Deportes;No
Argentina;DGO;Skinny Lite;N/A;Fox Sports HD;N/A;Deportes;No
Argentina;DGO;Skinny Lite;N/A;France 24 Español;N/A;Mundo;No
Argentina;DGO;Skinny Lite;N/A;FreeTV Acción;N/A;Cine;No
Argentina;DGO;Skinny Lite;N/A;FreeTV Drama;N/A;Cine;No
Argentina;DGO;Skinny Lite;N/A;FreeTV Estelar;N/A;Cine;No
Argentina;DGO;Skinny Lite;N/A;FreeTV Familia;N/A;Cine;No
Argentina;DGO;Skinny Lite;N/A;FreeTV Hits;N/A;Cine;No
Argentina;DGO;Skinny Lite;N/A;FreeTV Terror;N/A;Cine;No
Argentina;DGO;Skinny Lite;N/A;FX HD;N/A;Variedades;No
Argentina;DGO;Skinny Lite;N/A;Golf Channel HD;N/A;Deportes;No
Argentina;DGO;Skinny Lite;N/A;El Gourmet;N/A;Variedades;No
Argentina;DGO;Skinny Lite;N/A;El Gourmet HD;N/A;Variedades;No
Argentina;DGO;Skinny Lite;N/A;Gran Hermano - 24 hs;N/A;Variedades;No
Argentina;DGO;Skinny Lite;N/A;Gran Hermano - Cámara 1;N/A;Variedades;No
Argentina;DGO;Skinny Lite;N/A;Gran Hermano - Cámara 2;N/A;Variedades;No
Argentina;DGO;Skinny Lite;N/A;Gran Hermano - Cámara 3;N/A;Variedades;No
Argentina;DGO;Skinny Lite;N/A;History 2 HD;N/A;Mundo;No
Argentina;DGO;Skinny Lite;N/A;HGTV HD;N/A;Variedades;No
Argentina;DGO;Skinny Lite;N/A;History Channel HD;N/A;Mundo;No
Argentina;DGO;Skinny Lite;N/A;Hola TV HD;N/A;Variedades;No
Argentina;DGO;Skinny Lite;N/A;ID HD;N/A;Variedades;No
Argentina;DGO;Skinny Lite;N/A;KZO;N/A;Variedades;Si
Argentina;DGO;Skinny Lite;N/A;La Nación + HD;N/A;Nacional;No
Argentina;DGO;Skinny Lite;N/A;La TV Pública HD;N/A;Nacional;No
Argentina;DGO;Skinny Lite;N/A;Lifetime HD;N/A;Variedades;No
Argentina;DGO;Skinny Lite;N/A;LN+;N/A;Nacional;Si
Argentina;DGO;Skinny Lite;N/A;Más Chic;N/A;Variedades;No
Argentina;DGO;Skinny Lite;N/A;Mega Noticias;N/A;Mundo;Si
Argentina;DGO;Skinny Lite;N/A;Mega Tiempo;N/A;Mundo;Si
Argentina;DGO;Skinny Lite;N/A;Mórbido TV;N/A;Cine;No
Argentina;DGO;Skinny Lite;N/A;MTV HD;N/A;Variedades;No
Argentina;DGO;Skinny Lite;N/A;National Geographic HD;N/A;Mundo;No
Argentina;DGO;Skinny Lite;N/A;NBA TV HD;N/A;Deportes;No
Argentina;DGO;Skinny Lite;N/A;Net TV HD;N/A;Nacional;Si
Argentina;DGO;Skinny Lite;N/A;Newsmax TV;N/A;Nacional;No
Argentina;DGO;Skinny Lite;N/A;Nick HD;N/A;Infantil;No
Argentina;DGO;Skinny Lite;N/A;Nick Jr. HD;N/A;Infantil;No
Argentina;DGO;Skinny Lite;N/A;Nueva señal - Nombre TBD;N/A;Variedades;No
Argentina;DGO;Skinny Lite;N/A;OnDIRECTV HD;N/A;Cine;No
Argentina;DGO;Skinny Lite;N/A;Paramount Channel HD;N/A;Cine;No
Argentina;DGO;Skinny Lite;N/A;Pasiones HD;N/A;Variedades;No
Argentina;DGO;Skinny Lite;N/A;Plim Plim;N/A;Infantil;No
Argentina;DGO;Skinny Lite;N/A;Quiero Música en Mi Idioma HD;N/A;Nacional;No
Argentina;DGO;Skinny Lite;N/A;Rai Italia;N/A;Mundo;No
Argentina;DGO;Skinny Lite;N/A;RCN Más;N/A;Variedades;No
Argentina;DGO;Skinny Lite;N/A;RCN Noticias;N/A;Mundo;No
Argentina;DGO;Skinny Lite;N/A;Sony HD;N/A;Variedades;No
Argentina;DGO;Skinny Lite;N/A;Sony Movies HD;N/A;Cine;No
Argentina;DGO;Skinny Lite;N/A;Space;N/A;Cine;No
Argentina;DGO;Skinny Lite;N/A;Space HD;N/A;Cine;No
Argentina;DGO;Skinny Lite;N/A;Star Channel;N/A;Variedades;No
Argentina;DGO;Skinny Lite;N/A;Star Channel HD;N/A;Variedades;No
Argentina;DGO;Skinny Lite;N/A;Studio Universal HD;N/A;Cine;No
Argentina;DGO;Skinny Lite;N/A;Tastemade;N/A;Variedades;Si
Argentina;DGO;Skinny Lite;N/A;Tastemade Viajes;N/A;Variedades;Si
Argentina;DGO;Skinny Lite;N/A;Telefe HD;N/A;Nacional;Si
Argentina;DGO;Skinny Lite;N/A;Telemundo;N/A;Variedades;No
Argentina;DGO;Skinny Lite;N/A;TLC HD;N/A;Mundo;No
Argentina;DGO;Skinny Lite;N/A;TN HD;N/A;Mundo;No
Argentina;DGO;Skinny Lite;N/A;TNT HD;N/A;Cine;No
Argentina;DGO;Skinny Lite;N/A;TNT Novelas;N/A;Variedades;No
Argentina;DGO;Skinny Lite;N/A;TNT Series HD;N/A;Variedades;No
Argentina;DGO;Skinny Lite;N/A;TV Pública HD;N/A;Nacional;Si
Argentina;DGO;Skinny Lite;N/A;Universal TV HD (South);N/A;Cine;No
Argentina;DGO;Skinny Lite;N/A;TyC Sports;N/A;Deportes;No
Argentina;DGO;Skinny Lite;N/A;TyC Sports HD;N/A;Deportes;No
Argentina;DGO;Skinny Lite;N/A;Universal TV HD;N/A;Variedades;No
Argentina;DGO;Skinny Lite;N/A;USA Network HD;N/A;Variedades;No
Argentina;DGO;Skinny Lite;N/A;Volver;N/A;Variedades;No
Argentina;DGO;Skinny Lite;N/A;Warner Channel HD;N/A;Variedades;No
Argentina;Prepago;Bronce;100;Canal 100 DIRECTV;Portal;Portal;Si
Argentina;Prepago;Bronce;101;Canal 101 Prepago;Portal;Portal;Si
Argentina;Prepago;Bronce;105;Gran Hermano - Experiencia Multicámara;SD;Variedades;No
Argentina;Prepago;Bronce;106;Gran Hermano - 24 hs;SD;Variedades;No
Argentina;Prepago;Bronce;107;Gran Hermano - Cámara 1;SD;Variedades;No
Argentina;Prepago;Bronce;108;Gran Hermano - Cámara 2;SD;Variedades;No
Argentina;Prepago;Bronce;109;Gran Hermano - Cámara 3;SD;Variedades;No
Argentina;Prepago;Bronce;120;América;SD;Nacional;Si
Argentina;Prepago;Bronce;121;TV Pública;SD;Nacional;Si
Argentina;Prepago;Bronce;122;El Nueve;SD;Nacional;Si
Argentina;Prepago;Bronce;123;Telefe;SD;Nacional;Si
Argentina;Prepago;Bronce;124;El Trece;SD;Nacional;Si
Argentina;Prepago;Bronce;125;Net TV;SD;Nacional;Si
Argentina;Prepago;Bronce;126;Bravo TV;SD;Variedades;Si
Argentina;Prepago;Bronce;127;DSHOW;SD;Variedades;Si
Argentina;Prepago;Bronce;128;Encuentro;SD;Nacional;Si
Argentina;Prepago;Bronce;129;Canal de la Ciudad;SD;Local;No
Argentina;Prepago;Bronce;130;Canal 7 Mendoza;SD;Local;Si
Argentina;Prepago;Bronce;131;Canal 9 Mendoza;SD;Local;Si
Argentina;Prepago;Bronce;132;Telediario;SD;Local;Si
Argentina;Prepago;Bronce;133;Canal 7 de Jujuy;SD;Local;Si
Argentina;Prepago;Bronce;134;Canal 3 Rosario;SD;Nacional;Si
Argentina;Prepago;Bronce;135;Canal 12 de Córdoba;SD;Local;Si
Argentina;Prepago;Bronce;136;Telefé Córdoba;SD;Local;No
Argentina;Prepago;Bronce;137;Telefe Rosario;SD;Local;Si
Argentina;Prepago;Bronce;139;Televisión Pública Pampeana;SD;Local;No
Argentina;Prepago;Bronce;140;Canal 8 San Juan;SD;Local;No
Argentina;Prepago;Bronce;160;Infomerciales;SD;Variedades;Si
Argentina;Prepago;Bronce;199;KZO;SD;Variedades;Si
Argentina;Prepago;Bronce;200;DIRECTV Series;SD;Portal;No
Argentina;Prepago;Bronce;204;Star Channel;SD;Variedades;Si
Argentina;Prepago;Bronce;206;Warner Channel;SD;Variedades;Si
Argentina;Prepago;Bronce;207;A&E;SD;Variedades;Si
Argentina;Prepago;Bronce;208;Sony;SD;Variedades;Si
Argentina;Prepago;Bronce;209;AXN;SD;Variedades;No
Argentina;Prepago;Bronce;210;AMC;SD;Variedades;No
Argentina;Prepago;Bronce;213;TNT Series;SD;Variedades;No
Argentina;Prepago;Bronce;214;Atres Series;SD;Variedades;No
Argentina;Prepago;Bronce;215;Comedy Central;SD;Variedades;No
Argentina;Prepago;Bronce;216;TNT Novelas;SD;Variedades;No
Argentina;Prepago;Bronce;217;FX;SD;Variedades;Si
Argentina;Prepago;Bronce;218;Universal TV;SD;Variedades;Si
Argentina;Prepago;Bronce;219;USA Network;SD;Variedades;No
Argentina;Prepago;Bronce;220;Adult Swim;SD;Variedades;No
Argentina;Prepago;Bronce;221;¡Hola! TV;SD;Variedades;Si
Argentina;Prepago;Bronce;222;E!;SD;Variedades;Si
Argentina;Prepago;Bronce;223;Investigation Discovery (ID);SD;Variedades;No
Argentina;Prepago;Bronce;226;Las Estrellas;SD;Variedades;No
Argentina;Prepago;Bronce;227;TLnovelas;SD;Variedades;No
Argentina;Prepago;Bronce;228;Lifetime;SD;Variedades;No
Argentina;Prepago;Bronce;229;Discovery Home & Health;SD;Variedades;Si
Argentina;Prepago;Bronce;230;Más Chic;SD;Variedades;No
Argentina;Prepago;Bronce;231;Telemundo;SD;Variedades;Si
Argentina;Prepago;Bronce;232;El Gourmet;SD;Variedades;No
Argentina;Prepago;Bronce;233;Food Network;SD;Variedades;No
Argentina;Prepago;Bronce;236;Ciudad Magazine;SD;Variedades;Si
Argentina;Prepago;Bronce;238;Volver;SD;Variedades;Si
Argentina;Prepago;Bronce;240;Caras TV;SD;Mundo;Si
Argentina;Prepago;Bronce;264;MTV;SD;Variedades;Si
Argentina;Prepago;Bronce;267;DSHOW;SD;Variedades;No
Argentina;Prepago;Bronce;269;Quiero Música en Mi Idioma (QMusic);SD;Variedades;Si
Argentina;Prepago;Bronce;296;Unión Radio Noticias;Radio;Radio;Si
Argentina;Prepago;Bronce;300;OnDIRECTV;SD;Variedades;Si
Argentina;Prepago;Bronce;301;Star Fun;SD;PPV;No
Argentina;Prepago;Bronce;302;HBO Family;SD;Cine;No (Adquirible)
Argentina;Prepago;Bronce;303;Paka Paka;SD;Infantil;Si
Argentina;Prepago;Bronce;304;Cartoon Network;SD;Infantil;Si
Argentina;Prepago;Bronce;308;Nickelodeon;SD;Infantil;No
Argentina;Prepago;Bronce;309;Nick Jr.;SD;Infantil;No
Argentina;Prepago;Bronce;312;Disney Channel;SD;Infantil;Si
Argentina;Prepago;Bronce;315;Disney Junior;SD;Infantil;Si
Argentina;Prepago;Bronce;317;BabyTV;SD;Infantil;No
Argentina;Prepago;Bronce;318;Plim Plim;SD;Infantil;Si
Argentina;Prepago;Bronce;319;El Reino Infantil;SD;Infantil;Si
Argentina;Prepago;Bronce;330;Discovery Kids;SD;Infantil;Si
Argentina;Prepago;Bronce;334;Cartoonito;SD;Infantil;No
Argentina;Prepago;Bronce;350;EWTN;SD;Religioso;Si
Argentina;Prepago;Bronce;351;Orbe 21;SD;Religioso;Si
Argentina;Prepago;Bronce;352;Enlace;SD;Religioso;Si
Argentina;Prepago;Bronce;354;Canal Luz;SD;Religioso;Si
Argentina;Prepago;Bronce;358;DayStar;SD;Religioso;No
Argentina;Prepago;Bronce;400;Placa DIRECTV GO;Portal;Portal;Si
Argentina;Prepago;Bronce;401;SMS CINE PPV;Portal;Portal;No
Argentina;Prepago;Bronce;402;CINE;SD;PPV;No
Argentina;Prepago;Bronce;404;CINE;SD;PPV;No
Argentina;Prepago;Bronce;406;CINE;SD;PPV;No
Argentina;Prepago;Bronce;408;CINE;SD;PPV;No
Argentina;Prepago;Bronce;410;CINE;SD;PPV;No
Argentina;Prepago;Bronce;460;SMS ADULTOS PPV;Portal;Portal;Si
Argentina;Prepago;Bronce;464;Playboy TV;SD;Adultos;No (Adquirible)
Argentina;Prepago;Bronce;468;Venus;SD;Adultos;No (Adquirible)
Argentina;Prepago;Bronce;469;XTSY;SD;Adultos;No (No Adquirible)
Argentina;Prepago;Bronce;470;Hustler TV HD;HD;Adultos;No (No Adquirible)
Argentina;Prepago;Bronce;500;OnDIRECTV;SD;Variedades;Si
Argentina;Prepago;Bronce;502;TNT;SD;Cine;Si
Argentina;Prepago;Bronce;503;Golden;SD;Cine;No
Argentina;Prepago;Bronce;506;Sony Movies;SD;Cine;No
Argentina;Prepago;Bronce;507;Cinecanal;SD;Cine;Si
Argentina;Prepago;Bronce;508;Studio Universal;SD;Cine;Si
Argentina;Prepago;Bronce;509;Cinemax;SD;Cine;No
Argentina;Prepago;Bronce;510;Mórbido TV;SD;Cine;Si
Argentina;Prepago;Bronce;512;Cine.AR;SD;Cine;Si
Argentina;Prepago;Bronce;513;DHE;SD;Cine;No
Argentina;Prepago;Bronce;516;De Película;SD;Cine;No
Argentina;Prepago;Bronce;517;Golden Edge;SD;Cine;No
Argentina;Prepago;Bronce;518;Space;SD;Cine;Si
Argentina;Prepago;Bronce;522;HBO Next;Portal;Portal;No
Argentina;Prepago;Bronce;524;HBO;SD;Cine;No (Adquirible)
Argentina;Prepago;Bronce;525;HBO 2;SD;Cine;No (Adquirible)
Argentina;Prepago;Bronce;526;HBO Plus Este;SD;Cine;No (Adquirible)
Argentina;Prepago;Bronce;528;HBO Signature;SD;Cine;No (Adquirible)
Argentina;Prepago;Bronce;534;HBO Family;SD;Cine;No (Adquirible)
Argentina;Prepago;Bronce;540;HBO Mundi;SD;Cine;No (Adquirible)
Argentina;Prepago;Bronce;541;HBO Pop;SD;Cine;No (Adquirible)
Argentina;Prepago;Bronce;542;HBO Xtreme;SD;Cine;No (Adquirible)
Argentina;Prepago;Bronce;544;HBO Next;Portal;Portal;Si
Argentina;Prepago;Bronce;550;OnDIRECTV;SD;Variedades;Si
Argentina;Prepago;Bronce;551;Cómo Contratar Premium;SD;Portal;No
Argentina;Prepago;Bronce;570;Portal Premium;SD;Portal;No
Argentina;Prepago;Bronce;571;UNIVERSAL Premiere Este;SD;Cine;No (Adquirible)
Argentina;Prepago;Bronce;572;UNIVERSAL Cinema Oeste;SD;Cine;No (Adquirible)
Argentina;Prepago;Bronce;573;UNIVERSAL Comedy;SD;Cine;No (Adquirible)
Argentina;Prepago;Bronce;574;UNIVERSAL Crime;SD;Cine;No (Adquirible)
Argentina;Prepago;Bronce;575;UNIVERSAL Reality;SD;Cine;No (Adquirible)
Argentina;Prepago;Bronce;576;UNIVERSAL Premiere Oeste;SD;Cine;No (Adquirible)
Argentina;Prepago;Bronce;577;UNIVERSAL Crime Oeste;SD;Cine;No (Adquirible)
Argentina;Prepago;Bronce;599;Bienvenido a DIRECTV;Portal;Portal;Si
Argentina;Prepago;Bronce;600;Portal DIRECTV Sports;Portal;Portal;Si
Argentina;Prepago;Bronce;601;Nueva señal - Nombre TBD;SD;Variedades;No
Argentina;Prepago;Bronce;602;Portal Fútbol Premium;Portal;Portal;Si
Argentina;Prepago;Bronce;603;TNT Sports;SD;Deportes;No (Adquirible)
Argentina;Prepago;Bronce;604;ESPN Premium;SD;Deportes;No (Adquirible)
Argentina;Prepago;Bronce;605;Fox Sports;SD;Deportes;Si
Argentina;Prepago;Bronce;608;Fox Sports 2;SD;Deportes;Si
Argentina;Prepago;Bronce;609;Fox Sports 3;SD;Deportes;Si
Argentina;Prepago;Bronce;610;DSPORTS;SD;Deportes;Si
Argentina;Prepago;Bronce;612;DSPORTS 2;SD;Deportes;Si
Argentina;Prepago;Bronce;613;DSPORTS+;SD;Deportes;Si
Argentina;Prepago;Bronce;620;TyC Sports;SD;Deportes;Si
Argentina;Prepago;Bronce;621;ESPN;SD;Deportes;Si
Argentina;Prepago;Bronce;622;ESPN 2;SD;Deportes;Si
Argentina;Prepago;Bronce;623;ESPN 3;SD;Deportes;Si
Argentina;Prepago;Bronce;628;Golf Channel;SD;Deportes;No
Argentina;Prepago;Bronce;630;DIRECTV Sports;SD;Deportes;Si
Argentina;Prepago;Bronce;631;DSPORTS Radio;Radio;Radio;Si
Argentina;Prepago;Bronce;632;TyC Sports 2 (virtual);SD;Deportes;Si
Argentina;Prepago;Bronce;634;Fútbol de Paraguay;SD;Deportes;No (Adquirible)
Argentina;Prepago;Bronce;635;Fútbol de Bolivia;SD;Deportes;No (Adquirible)
Argentina;Prepago;Bronce;656;DeporTV;SD;Deportes;Si
Argentina;Prepago;Bronce;680;MLB Extra Innings;SD;Deportes;No (No Adquirible)
Argentina;Prepago;Bronce;681;MLB Extra Innings;SD;Deportes;No (No Adquirible)
Argentina;Prepago;Bronce;700;DNEWS;SD;Variedades;Si
Argentina;Prepago;Bronce;704;CNN en Español;SD;Mundo;Si
Argentina;Prepago;Bronce;706;CNN International;SD;Mundo;No
Argentina;Prepago;Bronce;707;CNN Chile;SD;Mundo;No
Argentina;Prepago;Bronce;708;24 HORAS;SD;Mundo;No
Argentina;Prepago;Bronce;710;Bloomberg Television;SD;Mundo;No
Argentina;Prepago;Bronce;714;Nueva señal - TBD;SD;Variedades;No
Argentina;Prepago;Bronce;715;La Nación+;SD;Mundo;Si
Argentina;Prepago;Bronce;716;Todo Noticias (TN);SD;Mundo;Si
Argentina;Prepago;Bronce;717;C5N;SD;Mundo;Si
Argentina;Prepago;Bronce;718;Crónica TV;SD;Mundo;Si
Argentina;Prepago;Bronce;719;A24;SD;Mundo;Si
Argentina;Prepago;Bronce;720;Canal 26;SD;Mundo;Si
Argentina;Prepago;Bronce;721;Argentina 12;SD;Mundo;No
Argentina;Prepago;Bronce;724;Chacra TV;SD;Mundo;No
Argentina;Prepago;Bronce;725;NTN24;SD;Mundo;No
Argentina;Prepago;Bronce;726;Telemax;SD;Mundo;Si
Argentina;Prepago;Bronce;727;Cable Noticias;SD;Mundo;No
Argentina;Prepago;Bronce;728;Canal Rural;SD;Nacional;Si
Argentina;Prepago;Bronce;729;Construir TV;SD;Mundo;Si
Argentina;Prepago;Bronce;730;National Geographic;SD;Mundo;Si
Argentina;Prepago;Bronce;732;Discovery Channel;SD;Mundo;Si
Argentina;Prepago;Bronce;734;Animal Planet;SD;Mundo;Si
Argentina;Prepago;Bronce;736;Discovery Turbo;SD;Mundo;No
Argentina;Prepago;Bronce;740;TLC;SD;Mundo;No
Argentina;Prepago;Bronce;742;History Channel;SD;Mundo;No
Argentina;Prepago;Bronce;744;History 2;SD;Mundo;No
Argentina;Prepago;Bronce;760;Univision;SD;Mundo;No
Argentina;Prepago;Bronce;762;Antena 3;SD;Mundo;No
Argentina;Prepago;Bronce;764;France 24 Español;SD;Mundo;Si
Argentina;Prepago;Bronce;766;Rai Italia;SD;Mundo;No
Argentina;Prepago;Bronce;768;BBC News;SD;Mundo;No
Argentina;Prepago;Bronce;770;DW Español;SD;Mundo;No
Argentina;Prepago;Bronce;772;Caracol Internacional;SD;Mundo;No
Argentina;Prepago;Bronce;773;El Tiempo TV;SD;Mundo;Si
Argentina;Prepago;Bronce;774;TV Chile;SD;Mundo;Si
Argentina;Prepago;Bronce;775;Nuestra Tele;SD;Mundo;No
Argentina;Prepago;Bronce;776;TV Globo Internacional;SD;Mundo;No (No Adquirible)
Argentina;Prepago;Bronce;778;RTP Internacional;SD;Mundo;No
Argentina;Prepago;Bronce;780;Zee Mundo;SD;Mundo;No (No Adquirible)
Argentina;Prepago;Bronce;782;NHK World Japan;SD;Mundo;No (No Adquirible)
Argentina;Prepago;Bronce;790;CGTN Español;SD;Mundo;No
Argentina;Prepago;Bronce;795;TV Perú;SD;Mundo;Si
Argentina;Prepago;Bronce;800;OnDIRECTV;SD;Variedades;Si
Argentina;Prepago;Bronce;804;Escuela Más;SD;Variedades;No
Argentina;Prepago;Bronce;901;DSPORTS Radio;Radio;Radio;Si
Argentina;Prepago;Bronce;973;FM Aspen;Radio;Radio;Si
Argentina;Prepago;Bronce;974;Radio Nacional;Radio;Radio;Si
Argentina;Prepago;Bronce;976;Radio del Plata;Radio;Radio;Si
Argentina;Prepago;Bronce;977;Radio Disney;Radio;Radio;Si
Argentina;Prepago;Bronce;980;Unión Radio Noticias;Radio;Radio;Si
Argentina;Prepago;Bronce;981;FM Latina 101.1;Radio;Radio;Si
Argentina;Prepago;Bronce;982;Radio Caracol;Radio;Radio;Si
Argentina;Prepago;Bronce;984;Radio France Internationale;Radio;Radio;Si
Argentina;Prepago;Bronce;999;OnDIRECTV;SD;Variedades;Si
Argentina;Prepago;Bronce;1105;Gran Hermano - Experiencia Multicámara;SD;Variedades;No
Argentina;Prepago;Bronce;1106;Gran Hermano - 24 hs;SD;Variedades;No
Argentina;Prepago;Bronce;1107;Gran Hermano - Cámara 1;SD;Variedades;No
Argentina;Prepago;Bronce;1108;Gran Hermano - Cámara 2;SD;Variedades;No
Argentina;Prepago;Bronce;1109;Gran Hermano - Cámara 3;SD;Variedades;No
Argentina;Prepago;Bronce;1120;América HD;HD;Nacional;No
Argentina;Prepago;Bronce;1121;TV Pública HD;HD;Nacional;No
Argentina;Prepago;Bronce;1122;El Nueve HD;HD;Nacional;No
Argentina;Prepago;Bronce;1123;Telefe HD;HD;Nacional;No
Argentina;Prepago;Bronce;1124;El Trece HD;HD;Nacional;No
Argentina;Prepago;Bronce;1125;Net TV HD;HD;Nacional;No
Argentina;Prepago;Bronce;1127;DSHOW HD;HD;Variedades;No
Argentina;Prepago;Bronce;1128;Encuentro HD;HD;Nacional;No
Argentina;Prepago;Bronce;1199;KZO HD;HD;Variedades;Si
Argentina;Prepago;Bronce;1200;DIRECTV Series HD;HD;Portal;No
Argentina;Prepago;Bronce;1204;Star Channel HD;HD;Variedades;No
Argentina;Prepago;Bronce;1206;Warner Channel HD;HD;Variedades;No
Argentina;Prepago;Bronce;1207;A&E HD;HD;Variedades;No
Argentina;Prepago;Bronce;1208;Sony HD;HD;Variedades;No
Argentina;Prepago;Bronce;1209;AXN HD;HD;Variedades;No
Argentina;Prepago;Bronce;1210;AMC HD;HD;Variedades;No
Argentina;Prepago;Bronce;1213;TNT Series HD;HD;Variedades;No
Argentina;Prepago;Bronce;1214;Atres Series HD;HD;Variedades;No
Argentina;Prepago;Bronce;1215;Comedy Central HD;HD;Variedades;No
Argentina;Prepago;Bronce;1217;FX HD;HD;Variedades;No
Argentina;Prepago;Bronce;1218;Universal TV HD;HD;Variedades;No
Argentina;Prepago;Bronce;1219;USA Network HD;HD;Variedades;No
Argentina;Prepago;Bronce;1221;Hola TV HD;HD;Variedades;No
Argentina;Prepago;Bronce;1222;E! HD;HD;Variedades;No
Argentina;Prepago;Bronce;1223;ID HD;HD;Variedades;No
Argentina;Prepago;Bronce;1228;Lifetime HD;HD;Variedades;No
Argentina;Prepago;Bronce;1229;Discovery Home & Health HD;HD;Variedades;No
Argentina;Prepago;Bronce;1231;A la Cocina TV;HD;Variedades;No
Argentina;Prepago;Bronce;1232;El Gourmet HD;HD;Variedades;No
Argentina;Prepago;Bronce;1233;Food Network HD;HD;Variedades;No
Argentina;Prepago;Bronce;1234;HGTV HD;HD;Variedades;No
Argentina;Prepago;Bronce;1236;Ciudad Magazine HD;HD;Variedades;No
Argentina;Prepago;Bronce;1237;VePlus HD;HD;Variedades;No
Argentina;Prepago;Bronce;1264;MTV HD;HD;Variedades;No
Argentina;Prepago;Bronce;1265;Music Top HD;HD;Variedades;No
Argentina;Prepago;Bronce;1266;Tierra Mía HD;HD;Variedades;No
Argentina;Prepago;Bronce;1267;DSHOW;SD;Variedades;No
Argentina;Prepago;Bronce;1269;Quiero Música en Mi Idioma (QMusic) HD;HD;Variedades;No
Argentina;Prepago;Bronce;1270;Latina TV;HD;Variedades;Si
Argentina;Prepago;Bronce;1304;Cartoon Network HD;HD;Infantil;No
Argentina;Prepago;Bronce;1308;Nick HD;HD;Infantil;No
Argentina;Prepago;Bronce;1309;Nick Jr. HD;HD;Infantil;No
Argentina;Prepago;Bronce;1312;Disney Channel HD;HD;Infantil;No
Argentina;Prepago;Bronce;1315;Disney Junior HD;HD;Infantil;No
Argentina;Prepago;Bronce;1317;BabyTV;SD;Infantil;No
Argentina;Prepago;Bronce;1318;Plim Plim;SD;Infantil;Si
Argentina;Prepago;Bronce;1319;El Reino Infantil;SD;Infantil;Si
Argentina;Prepago;Bronce;1330;Discovery Kids HD;HD;Infantil;No
Argentina;Prepago;Bronce;1402;PPV HD;HD;PPV;No
Argentina;Prepago;Bronce;1404;PPV HD;HD;PPV;No
Argentina;Prepago;Bronce;1406;PPV HD;HD;PPV;No
Argentina;Prepago;Bronce;1408;PPV HD;HD;PPV;No
Argentina;Prepago;Bronce;1410;PPV HD;HD;PPV;No
Argentina;Prepago;Bronce;1502;TNT HD;HD;Cine;No
Argentina;Prepago;Bronce;1503;Golden HD;HD;Cine;No
Argentina;Prepago;Bronce;1506;Sony Movies HD;HD;Cine;No
Argentina;Prepago;Bronce;1507;Cinecanal HD;HD;Cine;No
Argentina;Prepago;Bronce;1508;Studio Universal HD;HD;Cine;No
Argentina;Prepago;Bronce;1509;Cinemax HD;HD;Cine;No
Argentina;Prepago;Bronce;1510;Mórbido TV;SD;Cine;Si
Argentina;Prepago;Bronce;1513;DHE HD;HD;Cine;No
Argentina;Prepago;Bronce;1518;Space HD;HD;Cine;No
Argentina;Prepago;Bronce;1524;HBO HD;HD;Cine;No
Argentina;Prepago;Bronce;1525;HBO 2 HD;HD;Cine;No
Argentina;Prepago;Bronce;1528;HBO Signature HD;HD;Cine;No
Argentina;Prepago;Bronce;1532;HBO Plus HD;HD;Cine;No
Argentina;Prepago;Bronce;1534;HBO Family HD;HD;Cine;No
Argentina;Prepago;Bronce;1542;HBO Xtreme HD;HD;Cine;No
Argentina;Prepago;Bronce;1571;UNIVERSAL Premiere Este HD;HD;Cine;No (Adquirible)
Argentina;Prepago;Bronce;1572;UNIVERSAL Cinema Oeste HD;HD;Cine;No (Adquirible)
Argentina;Prepago;Bronce;1573;UNIVERSAL Comedy HD;HD;Cine;No (Adquirible)
Argentina;Prepago;Bronce;1574;UNIVERSAL Crime HD;HD;Cine;No (Adquirible)
Argentina;Prepago;Bronce;1575;UNIVERSAL Reality HD;HD;Cine;No (Adquirible)
Argentina;Prepago;Bronce;1576;UNIVERSAL Premiere Oeste HD;HD;Cine;No (Adquirible)
Argentina;Prepago;Bronce;1577;UNIVERSAL Crime Oeste HD;HD;Cine;No (Adquirible)
Argentina;Prepago;Bronce;1601;Nueva señal - Nombre TBD;SD;Variedades;No
Argentina;Prepago;Bronce;1602;Portal Fútbol Premium;Portal;Portal;Si
Argentina;Prepago;Bronce;1603;TNT Sports HD;HD;Deportes;No
Argentina;Prepago;Bronce;1604;Fox Sports Premium HD;HD;Deportes;No
Argentina;Prepago;Bronce;1605;Fox Sports HD;HD;Deportes;No
Argentina;Prepago;Bronce;1608;Fox Sports 2 HD;HD;Deportes;No
Argentina;Prepago;Bronce;1609;Fox Sports 3 HD;HD;Deportes;No
Argentina;Prepago;Bronce;1610;DSPORTS HD;HD;Deportes;No
Argentina;Prepago;Bronce;1612;DSPORTS 2 HD;HD;Deportes;No
Argentina;Prepago;Bronce;1613;DSPORTS+ HD;HD;Deportes;No
Argentina;Prepago;Bronce;1620;TyC Sports HD;HD;Deportes;No
Argentina;Prepago;Bronce;1621;ESPN HD;HD;Deportes;No
Argentina;Prepago;Bronce;1622;ESPN 2 HD;HD;Deportes;No
Argentina;Prepago;Bronce;1623;ESPN 3 HD;HD;Deportes;No
Argentina;Prepago;Bronce;1624;ESPN 4;HD;Deportes;No
Argentina;Prepago;Bronce;1628;Golf Channel HD;HD;Deportes;No
Argentina;Prepago;Bronce;1630;DSPORTS;SD;Deportes;No
Argentina;Prepago;Bronce;1631;DSPORTS Radio;Radio;Radio;Si
Argentina;Prepago;Bronce;1639;PX Sports;HD;Deportes;No
Argentina;Prepago;Bronce;1654;DeporTV HD;HD;Deportes;No
Argentina;Prepago;Bronce;1656;DeporTV HD;HD;Deportes;No
Argentina;Prepago;Bronce;1677;NBA TV HD;HD;Deportes;No
Argentina;Prepago;Bronce;1700;DNEWS HD;HD;Variedades;No
Argentina;Prepago;Bronce;1714;DSHOW;SD;Variedades;No
Argentina;Prepago;Bronce;1715;La Nación+ HD;HD;Mundo;No
Argentina;Prepago;Bronce;1716;TN HD;HD;Mundo;No
Argentina;Prepago;Bronce;1717;C5N HD;HD;Local;No
Argentina;Prepago;Bronce;1719;A24 HD;HD;Mundo;No
Argentina;Prepago;Bronce;1720;Canal 26 HD;HD;Mundo;No
Argentina;Prepago;Bronce;1721;Argentina 12 HD;HD;Mundo;No
Argentina;Prepago;Bronce;1722;Canal E;HD;Variedades;No
Argentina;Prepago;Bronce;1724;TV Perú Noticias HD;HD;Mundo;No
Argentina;Prepago;Bronce;1730;National Geographic HD;HD;Mundo;No
Argentina;Prepago;Bronce;1731;Discovery Theater HD;HD;Mundo;No
Argentina;Prepago;Bronce;1732;Discovery Channel HD;HD;Mundo;No
Argentina;Prepago;Bronce;1734;Animal Planet HD;HD;Mundo;No
Argentina;Prepago;Bronce;1738;Discovery World HD;HD;Mundo;No
Argentina;Prepago;Bronce;1740;TLC HD;HD;Mundo;No
Argentina;Prepago;Bronce;1742;History Channel HD;HD;Mundo;No
Argentina;Prepago;Bronce;1744;History 2 HD;HD;Mundo;No
Argentina;Prepago;Bronce;1748;Canal (A) HD;HD;Mundo;No
Argentina;Prepago;Bronce;1750;Encuentro Internacional HD;HD;Variedades;No
Argentina;Prepago;Bronce;1762;Antena 3 HD;HD;Mundo;No
Argentina;Prepago;Bronce;1764;France 24 Español;SD;Mundo;Si
Argentina;Prepago;Bronce;1789;TV Ciudad HD;HD;Variedades;No
Argentina;Prepago;Bronce;1795;TV Perú HD;HD;Mundo;No
Argentina;Prepago;Bronce;1804;Escuela Más HD;HD;Variedades;No
Argentina;Prepago;Bronce;4000;DIRECTV Ultra HD: 4K;4K;4K;No
Argentina;Prepago;Oro;100;Canal 100 DIRECTV;Portal;Portal;Si
Argentina;Prepago;Oro;101;Canal 101 Prepago;Portal;Portal;Si
Argentina;Prepago;Oro;105;Gran Hermano - Experiencia Multicámara;SD;Variedades;Si
Argentina;Prepago;Oro;106;Gran Hermano - 24 hs;SD;Variedades;Si
Argentina;Prepago;Oro;107;Gran Hermano - Cámara 1;SD;Variedades;Si
Argentina;Prepago;Oro;108;Gran Hermano - Cámara 2;SD;Variedades;Si
Argentina;Prepago;Oro;109;Gran Hermano - Cámara 3;SD;Variedades;Si
Argentina;Prepago;Oro;120;América;SD;Nacional;Si
Argentina;Prepago;Oro;121;TV Pública;SD;Nacional;Si
Argentina;Prepago;Oro;122;El Nueve;SD;Nacional;Si
Argentina;Prepago;Oro;123;Telefe;SD;Nacional;Si
Argentina;Prepago;Oro;124;El Trece;SD;Nacional;Si
Argentina;Prepago;Oro;125;Net TV;SD;Nacional;Si
Argentina;Prepago;Oro;126;Bravo TV;SD;Variedades;Si
Argentina;Prepago;Oro;127;DSHOW;SD;Variedades;Si
Argentina;Prepago;Oro;128;Encuentro;SD;Nacional;Si
Argentina;Prepago;Oro;129;Canal de la Ciudad;SD;Local;Si
Argentina;Prepago;Oro;130;Canal 7 Mendoza;SD;Local;Si
Argentina;Prepago;Oro;131;Canal 9 Mendoza;SD;Local;Si
Argentina;Prepago;Oro;132;Telediario;SD;Local;Si
Argentina;Prepago;Oro;133;Canal 7 de Jujuy;SD;Local;Si
Argentina;Prepago;Oro;134;Canal 3 Rosario;SD;Nacional;Si
Argentina;Prepago;Oro;135;Canal 12 de Córdoba;SD;Local;Si
Argentina;Prepago;Oro;136;Telefé Córdoba;SD;Local;Si
Argentina;Prepago;Oro;137;Telefe Rosario;SD;Local;Si
Argentina;Prepago;Oro;139;Televisión Pública Pampeana;SD;Local;Si
Argentina;Prepago;Oro;140;Canal 8 San Juan;SD;Local;No
Argentina;Prepago;Oro;160;Infomerciales;SD;Variedades;Si
Argentina;Prepago;Oro;199;KZO;SD;Variedades;Si
Argentina;Prepago;Oro;200;DIRECTV Series;SD;Portal;Si
Argentina;Prepago;Oro;204;Star Channel;SD;Variedades;Si
Argentina;Prepago;Oro;206;Warner Channel;SD;Variedades;Si
Argentina;Prepago;Oro;207;A&E;SD;Variedades;Si
Argentina;Prepago;Oro;208;Sony;SD;Variedades;Si
Argentina;Prepago;Oro;209;AXN;SD;Variedades;Si
Argentina;Prepago;Oro;210;AMC;SD;Variedades;Si
Argentina;Prepago;Oro;213;TNT Series;SD;Variedades;Si
Argentina;Prepago;Oro;214;Atres Series;SD;Variedades;Si
Argentina;Prepago;Oro;215;Comedy Central;SD;Variedades;Si
Argentina;Prepago;Oro;216;TNT Novelas;SD;Variedades;Si
Argentina;Prepago;Oro;217;FX;SD;Variedades;Si
Argentina;Prepago;Oro;218;Universal TV;SD;Variedades;Si
Argentina;Prepago;Oro;219;USA Network;SD;Variedades;Si
Argentina;Prepago;Oro;220;Adult Swim;SD;Variedades;Si
Argentina;Prepago;Oro;221;¡Hola! TV;SD;Variedades;Si
Argentina;Prepago;Oro;222;E!;SD;Variedades;Si
Argentina;Prepago;Oro;223;Investigation Discovery (ID);SD;Variedades;Si
Argentina;Prepago;Oro;226;Las Estrellas;SD;Variedades;Si
Argentina;Prepago;Oro;227;TLnovelas;SD;Variedades;Si
Argentina;Prepago;Oro;228;Lifetime;SD;Variedades;Si
Argentina;Prepago;Oro;229;Discovery Home & Health;SD;Variedades;Si
Argentina;Prepago;Oro;230;Más Chic;SD;Variedades;Si
Argentina;Prepago;Oro;231;Telemundo;SD;Variedades;Si
Argentina;Prepago;Oro;232;El Gourmet;SD;Variedades;Si
Argentina;Prepago;Oro;233;Food Network;SD;Variedades;Si
Argentina;Prepago;Oro;236;Ciudad Magazine;SD;Variedades;Si
Argentina;Prepago;Oro;238;Volver;SD;Variedades;Si
Argentina;Prepago;Oro;240;Caras TV;SD;Mundo;Si
Argentina;Prepago;Oro;264;MTV;SD;Variedades;Si
Argentina;Prepago;Oro;267;DSHOW;SD;Variedades;Si
Argentina;Prepago;Oro;269;Quiero Música en Mi Idioma (QMusic);SD;Variedades;Si
Argentina;Prepago;Oro;296;Unión Radio Noticias;Radio;Radio;Si
Argentina;Prepago;Oro;300;OnDIRECTV;SD;Variedades;Si
Argentina;Prepago;Oro;301;Star Fun;SD;PPV;No
Argentina;Prepago;Oro;302;HBO Family;SD;Cine;No (Adquirible)
Argentina;Prepago;Oro;303;Paka Paka;SD;Infantil;Si
Argentina;Prepago;Oro;304;Cartoon Network;SD;Infantil;Si
Argentina;Prepago;Oro;308;Nickelodeon;SD;Infantil;Si
Argentina;Prepago;Oro;309;Nick Jr.;SD;Infantil;Si
Argentina;Prepago;Oro;312;Disney Channel;SD;Infantil;Si
Argentina;Prepago;Oro;315;Disney Junior;SD;Infantil;Si
Argentina;Prepago;Oro;317;BabyTV;SD;Infantil;No
Argentina;Prepago;Oro;318;Plim Plim;SD;Infantil;Si
Argentina;Prepago;Oro;319;El Reino Infantil;SD;Infantil;Si
Argentina;Prepago;Oro;330;Discovery Kids;SD;Infantil;Si
Argentina;Prepago;Oro;334;Cartoonito;SD;Infantil;Si
Argentina;Prepago;Oro;350;EWTN;SD;Religioso;Si
Argentina;Prepago;Oro;351;Orbe 21;SD;Religioso;Si
Argentina;Prepago;Oro;352;Enlace;SD;Religioso;Si
Argentina;Prepago;Oro;354;Canal Luz;SD;Religioso;Si
Argentina;Prepago;Oro;358;DayStar;SD;Religioso;Si
Argentina;Prepago;Oro;400;Placa DIRECTV GO;Portal;Portal;Si
Argentina;Prepago;Oro;401;SMS CINE PPV;Portal;Portal;No
Argentina;Prepago;Oro;402;CINE;SD;PPV;No
Argentina;Prepago;Oro;404;CINE;SD;PPV;No
Argentina;Prepago;Oro;406;CINE;SD;PPV;No
Argentina;Prepago;Oro;408;CINE;SD;PPV;No
Argentina;Prepago;Oro;410;CINE;SD;PPV;No
Argentina;Prepago;Oro;460;SMS ADULTOS PPV;Portal;Portal;Si
Argentina;Prepago;Oro;464;Playboy TV;SD;Adultos;No (Adquirible)
Argentina;Prepago;Oro;468;Venus;SD;Adultos;No (Adquirible)
Argentina;Prepago;Oro;469;XTSY;SD;Adultos;No (No Adquirible)
Argentina;Prepago;Oro;470;Hustler TV HD;HD;Adultos;No (No Adquirible)
Argentina;Prepago;Oro;500;OnDIRECTV;SD;Variedades;Si
Argentina;Prepago;Oro;502;TNT;SD;Cine;Si
Argentina;Prepago;Oro;503;Golden;SD;Cine;Si
Argentina;Prepago;Oro;506;Sony Movies;SD;Cine;Si
Argentina;Prepago;Oro;507;Cinecanal;SD;Cine;Si
Argentina;Prepago;Oro;508;Studio Universal;SD;Cine;Si
Argentina;Prepago;Oro;509;Cinemax;SD;Cine;Si
Argentina;Prepago;Oro;510;Mórbido TV;SD;Cine;Si
Argentina;Prepago;Oro;512;Cine.AR;SD;Cine;Si
Argentina;Prepago;Oro;513;DHE;SD;Cine;Si
Argentina;Prepago;Oro;516;De Película;SD;Cine;Si
Argentina;Prepago;Oro;517;Golden Edge;SD;Cine;Si
Argentina;Prepago;Oro;518;Space;SD;Cine;Si
Argentina;Prepago;Oro;522;HBO Next;Portal;Portal;Si
Argentina;Prepago;Oro;524;HBO;SD;Cine;No (Adquirible)
Argentina;Prepago;Oro;525;HBO 2;SD;Cine;No (Adquirible)
Argentina;Prepago;Oro;526;HBO Plus Este;SD;Cine;No (Adquirible)
Argentina;Prepago;Oro;528;HBO Signature;SD;Cine;No (Adquirible)
Argentina;Prepago;Oro;534;HBO Family;SD;Cine;No (Adquirible)
Argentina;Prepago;Oro;540;HBO Mundi;SD;Cine;No (Adquirible)
Argentina;Prepago;Oro;541;HBO Pop;SD;Cine;No (Adquirible)
Argentina;Prepago;Oro;542;HBO Xtreme;SD;Cine;No (Adquirible)
Argentina;Prepago;Oro;544;HBO Next;Portal;Portal;Si
Argentina;Prepago;Oro;550;OnDIRECTV;SD;Variedades;Si
Argentina;Prepago;Oro;551;Cómo Contratar Premium;SD;Portal;Si
Argentina;Prepago;Oro;570;Portal Premium;SD;Portal;Si
Argentina;Prepago;Oro;571;UNIVERSAL Premiere Este;SD;Cine;No (Adquirible)
Argentina;Prepago;Oro;572;UNIVERSAL Cinema Oeste;SD;Cine;No (Adquirible)
Argentina;Prepago;Oro;573;UNIVERSAL Comedy;SD;Cine;No (Adquirible)
Argentina;Prepago;Oro;574;UNIVERSAL Crime;SD;Cine;No (Adquirible)
Argentina;Prepago;Oro;575;UNIVERSAL Reality;SD;Cine;No (Adquirible)
Argentina;Prepago;Oro;576;UNIVERSAL Premiere Oeste;SD;Cine;No (Adquirible)
Argentina;Prepago;Oro;577;UNIVERSAL Crime Oeste;SD;Cine;No (Adquirible)
Argentina;Prepago;Oro;599;Bienvenido a DIRECTV;Portal;Portal;Si
Argentina;Prepago;Oro;600;Portal DIRECTV Sports;Portal;Portal;Si
Argentina;Prepago;Oro;601;Nueva señal - Nombre TBD;SD;Variedades;Si
Argentina;Prepago;Oro;602;Portal Fútbol Premium;Portal;Portal;Si
Argentina;Prepago;Oro;603;TNT Sports;SD;Deportes;No (Adquirible)
Argentina;Prepago;Oro;604;ESPN Premium;SD;Deportes;No (Adquirible)
Argentina;Prepago;Oro;605;Fox Sports;SD;Deportes;Si
Argentina;Prepago;Oro;608;Fox Sports 2;SD;Deportes;Si
Argentina;Prepago;Oro;609;Fox Sports 3;SD;Deportes;Si
Argentina;Prepago;Oro;610;DSPORTS;SD;Deportes;Si
Argentina;Prepago;Oro;612;DSPORTS 2;SD;Deportes;Si
Argentina;Prepago;Oro;613;DSPORTS+;SD;Deportes;Si
Argentina;Prepago;Oro;620;TyC Sports;SD;Deportes;Si
Argentina;Prepago;Oro;621;ESPN;SD;Deportes;Si
Argentina;Prepago;Oro;622;ESPN 2;SD;Deportes;Si
Argentina;Prepago;Oro;623;ESPN 3;SD;Deportes;Si
Argentina;Prepago;Oro;628;Golf Channel;SD;Deportes;Si
Argentina;Prepago;Oro;630;DIRECTV Sports;SD;Deportes;Si
Argentina;Prepago;Oro;631;DSPORTS Radio;Radio;Radio;Si
Argentina;Prepago;Oro;632;TyC Sports 2 (virtual);SD;Deportes;Si
Argentina;Prepago;Oro;634;Fútbol de Paraguay;SD;Deportes;No (Adquirible)
Argentina;Prepago;Oro;635;Fútbol de Bolivia;SD;Deportes;No (Adquirible)
Argentina;Prepago;Oro;656;DeporTV;SD;Deportes;Si
Argentina;Prepago;Oro;680;MLB Extra Innings;SD;Deportes;No (No Adquirible)
Argentina;Prepago;Oro;681;MLB Extra Innings;SD;Deportes;No (No Adquirible)
Argentina;Prepago;Oro;700;DNEWS;SD;Variedades;Si
Argentina;Prepago;Oro;704;CNN en Español;SD;Mundo;Si
Argentina;Prepago;Oro;706;CNN International;SD;Mundo;Si
Argentina;Prepago;Oro;707;CNN Chile;SD;Mundo;Si
Argentina;Prepago;Oro;708;24 HORAS;SD;Mundo;Si
Argentina;Prepago;Oro;710;Bloomberg Television;SD;Mundo;Si
Argentina;Prepago;Oro;714;Nueva señal - TBD;SD;Variedades;Si
Argentina;Prepago;Oro;715;La Nación+;SD;Mundo;Si
Argentina;Prepago;Oro;716;Todo Noticias (TN);SD;Mundo;Si
Argentina;Prepago;Oro;717;C5N;SD;Mundo;Si
Argentina;Prepago;Oro;718;Crónica TV;SD;Mundo;Si
Argentina;Prepago;Oro;719;A24;SD;Mundo;Si
Argentina;Prepago;Oro;720;Canal 26;SD;Mundo;Si
Argentina;Prepago;Oro;721;Argentina 12;SD;Mundo;No
Argentina;Prepago;Oro;724;Chacra TV;SD;Mundo;Si
Argentina;Prepago;Oro;725;NTN24;SD;Mundo;Si
Argentina;Prepago;Oro;726;Telemax;SD;Mundo;Si
Argentina;Prepago;Oro;727;Cable Noticias;SD;Mundo;Si
Argentina;Prepago;Oro;728;Canal Rural;SD;Nacional;Si
Argentina;Prepago;Oro;729;Construir TV;SD;Mundo;Si
Argentina;Prepago;Oro;730;National Geographic;SD;Mundo;Si
Argentina;Prepago;Oro;732;Discovery Channel;SD;Mundo;Si
Argentina;Prepago;Oro;734;Animal Planet;SD;Mundo;Si
Argentina;Prepago;Oro;736;Discovery Turbo;SD;Mundo;Si
Argentina;Prepago;Oro;740;TLC;SD;Mundo;Si
Argentina;Prepago;Oro;742;History Channel;SD;Mundo;Si
Argentina;Prepago;Oro;744;History 2;SD;Mundo;Si
Argentina;Prepago;Oro;760;Univision;SD;Mundo;Si
Argentina;Prepago;Oro;762;Antena 3;SD;Mundo;Si
Argentina;Prepago;Oro;764;France 24 Español;SD;Mundo;Si
Argentina;Prepago;Oro;766;Rai Italia;SD;Mundo;Si
Argentina;Prepago;Oro;768;BBC News;SD;Mundo;Si
Argentina;Prepago;Oro;770;DW Español;SD;Mundo;Si
Argentina;Prepago;Oro;772;Caracol Internacional;SD;Mundo;Si
Argentina;Prepago;Oro;773;El Tiempo TV;SD;Mundo;Si
Argentina;Prepago;Oro;774;TV Chile;SD;Mundo;Si
Argentina;Prepago;Oro;775;Nuestra Tele;SD;Mundo;Si
Argentina;Prepago;Oro;776;TV Globo Internacional;SD;Mundo;No (No Adquirible)
Argentina;Prepago;Oro;778;RTP Internacional;SD;Mundo;Si
Argentina;Prepago;Oro;780;Zee Mundo;SD;Mundo;No (No Adquirible)
Argentina;Prepago;Oro;782;NHK World Japan;SD;Mundo;No (No Adquirible)
Argentina;Prepago;Oro;790;CGTN Español;SD;Mundo;Si
Argentina;Prepago;Oro;795;TV Perú;SD;Mundo;Si
Argentina;Prepago;Oro;800;OnDIRECTV;SD;Variedades;Si
Argentina;Prepago;Oro;804;Escuela Más;SD;Variedades;Si
Argentina;Prepago;Oro;901;DSPORTS Radio;Radio;Radio;Si
Argentina;Prepago;Oro;973;FM Aspen;Radio;Radio;Si
Argentina;Prepago;Oro;974;Radio Nacional;Radio;Radio;Si
Argentina;Prepago;Oro;976;Radio del Plata;Radio;Radio;Si
Argentina;Prepago;Oro;977;Radio Disney;Radio;Radio;Si
Argentina;Prepago;Oro;980;Unión Radio Noticias;Radio;Radio;Si
Argentina;Prepago;Oro;981;FM Latina 101.1;Radio;Radio;Si
Argentina;Prepago;Oro;982;Radio Caracol;Radio;Radio;Si
Argentina;Prepago;Oro;984;Radio France Internationale;Radio;Radio;Si
Argentina;Prepago;Oro;999;OnDIRECTV;SD;Variedades;Si
Argentina;Prepago;Oro;1105;Gran Hermano - Experiencia Multicámara;SD;Variedades;No
Argentina;Prepago;Oro;1106;Gran Hermano - 24 hs;SD;Variedades;No
Argentina;Prepago;Oro;1107;Gran Hermano - Cámara 1;SD;Variedades;No
Argentina;Prepago;Oro;1108;Gran Hermano - Cámara 2;SD;Variedades;No
Argentina;Prepago;Oro;1109;Gran Hermano - Cámara 3;SD;Variedades;No
Argentina;Prepago;Oro;1120;América HD;HD;Nacional;No
Argentina;Prepago;Oro;1121;TV Pública HD;HD;Nacional;No
Argentina;Prepago;Oro;1122;El Nueve HD;HD;Nacional;No
Argentina;Prepago;Oro;1123;Telefe HD;HD;Nacional;No
Argentina;Prepago;Oro;1124;El Trece HD;HD;Nacional;No
Argentina;Prepago;Oro;1125;Net TV HD;HD;Nacional;No
Argentina;Prepago;Oro;1127;DSHOW HD;HD;Variedades;No
Argentina;Prepago;Oro;1128;Encuentro HD;HD;Nacional;No
Argentina;Prepago;Oro;1199;KZO HD;HD;Variedades;Si
Argentina;Prepago;Oro;1200;DIRECTV Series HD;HD;Portal;No
Argentina;Prepago;Oro;1204;Star Channel HD;HD;Variedades;No
Argentina;Prepago;Oro;1206;Warner Channel HD;HD;Variedades;No
Argentina;Prepago;Oro;1207;A&E HD;HD;Variedades;No
Argentina;Prepago;Oro;1208;Sony HD;HD;Variedades;No
Argentina;Prepago;Oro;1209;AXN HD;HD;Variedades;No
Argentina;Prepago;Oro;1210;AMC HD;HD;Variedades;No
Argentina;Prepago;Oro;1213;TNT Series HD;HD;Variedades;No
Argentina;Prepago;Oro;1214;Atres Series HD;HD;Variedades;No
Argentina;Prepago;Oro;1215;Comedy Central HD;HD;Variedades;No
Argentina;Prepago;Oro;1217;FX HD;HD;Variedades;No
Argentina;Prepago;Oro;1218;Universal TV HD;HD;Variedades;No
Argentina;Prepago;Oro;1219;USA Network HD;HD;Variedades;No
Argentina;Prepago;Oro;1221;Hola TV HD;HD;Variedades;No
Argentina;Prepago;Oro;1222;E! HD;HD;Variedades;No
Argentina;Prepago;Oro;1223;ID HD;HD;Variedades;No
Argentina;Prepago;Oro;1228;Lifetime HD;HD;Variedades;No
Argentina;Prepago;Oro;1229;Discovery Home & Health HD;HD;Variedades;No
Argentina;Prepago;Oro;1231;A la Cocina TV;HD;Variedades;No
Argentina;Prepago;Oro;1232;El Gourmet HD;HD;Variedades;No
Argentina;Prepago;Oro;1233;Food Network HD;HD;Variedades;No
Argentina;Prepago;Oro;1234;HGTV HD;HD;Variedades;No
Argentina;Prepago;Oro;1236;Ciudad Magazine HD;HD;Variedades;No
Argentina;Prepago;Oro;1237;VePlus HD;HD;Variedades;No
Argentina;Prepago;Oro;1264;MTV HD;HD;Variedades;No
Argentina;Prepago;Oro;1265;Music Top HD;HD;Variedades;No
Argentina;Prepago;Oro;1266;Tierra Mía HD;HD;Variedades;No
Argentina;Prepago;Oro;1267;DSHOW;SD;Variedades;No
Argentina;Prepago;Oro;1269;Quiero Música en Mi Idioma (QMusic) HD;HD;Variedades;No
Argentina;Prepago;Oro;1270;Latina TV;HD;Variedades;Si
Argentina;Prepago;Oro;1304;Cartoon Network HD;HD;Infantil;No
Argentina;Prepago;Oro;1308;Nick HD;HD;Infantil;No
Argentina;Prepago;Oro;1309;Nick Jr. HD;HD;Infantil;No
Argentina;Prepago;Oro;1312;Disney Channel HD;HD;Infantil;No
Argentina;Prepago;Oro;1315;Disney Junior HD;HD;Infantil;No
Argentina;Prepago;Oro;1317;BabyTV;SD;Infantil;No
Argentina;Prepago;Oro;1318;Plim Plim;SD;Infantil;Si
Argentina;Prepago;Oro;1319;El Reino Infantil;SD;Infantil;Si
Argentina;Prepago;Oro;1330;Discovery Kids HD;HD;Infantil;No
Argentina;Prepago;Oro;1402;PPV HD;HD;PPV;No
Argentina;Prepago;Oro;1404;PPV HD;HD;PPV;No
Argentina;Prepago;Oro;1406;PPV HD;HD;PPV;No
Argentina;Prepago;Oro;1408;PPV HD;HD;PPV;No
Argentina;Prepago;Oro;1410;PPV HD;HD;PPV;No
Argentina;Prepago;Oro;1502;TNT HD;HD;Cine;No
Argentina;Prepago;Oro;1503;Golden HD;HD;Cine;No
Argentina;Prepago;Oro;1506;Sony Movies HD;HD;Cine;No
Argentina;Prepago;Oro;1507;Cinecanal HD;HD;Cine;No
Argentina;Prepago;Oro;1508;Studio Universal HD;HD;Cine;No
Argentina;Prepago;Oro;1509;Cinemax HD;HD;Cine;No
Argentina;Prepago;Oro;1510;Mórbido TV;SD;Cine;Si
Argentina;Prepago;Oro;1513;DHE HD;HD;Cine;No
Argentina;Prepago;Oro;1518;Space HD;HD;Cine;No
Argentina;Prepago;Oro;1524;HBO HD;HD;Cine;No
Argentina;Prepago;Oro;1525;HBO 2 HD;HD;Cine;No
Argentina;Prepago;Oro;1528;HBO Signature HD;HD;Cine;No
Argentina;Prepago;Oro;1532;HBO Plus HD;HD;Cine;No
Argentina;Prepago;Oro;1534;HBO Family HD;HD;Cine;No
Argentina;Prepago;Oro;1542;HBO Xtreme HD;HD;Cine;No
Argentina;Prepago;Oro;1571;UNIVERSAL Premiere Este HD;HD;Cine;No (Adquirible)
Argentina;Prepago;Oro;1572;UNIVERSAL Cinema Oeste HD;HD;Cine;No (Adquirible)
Argentina;Prepago;Oro;1573;UNIVERSAL Comedy HD;HD;Cine;No (Adquirible)
Argentina;Prepago;Oro;1574;UNIVERSAL Crime HD;HD;Cine;No (Adquirible)
Argentina;Prepago;Oro;1575;UNIVERSAL Reality HD;HD;Cine;No (Adquirible)
Argentina;Prepago;Oro;1576;UNIVERSAL Premiere Oeste HD;HD;Cine;No (Adquirible)
Argentina;Prepago;Oro;1577;UNIVERSAL Crime Oeste HD;HD;Cine;No (Adquirible)
Argentina;Prepago;Oro;1601;Nueva señal - Nombre TBD;SD;Variedades;No
Argentina;Prepago;Oro;1602;Portal Fútbol Premium;Portal;Portal;Si
Argentina;Prepago;Oro;1603;TNT Sports HD;HD;Deportes;No
Argentina;Prepago;Oro;1604;Fox Sports Premium HD;HD;Deportes;No
Argentina;Prepago;Oro;1605;Fox Sports HD;HD;Deportes;No
Argentina;Prepago;Oro;1608;Fox Sports 2 HD;HD;Deportes;No
Argentina;Prepago;Oro;1609;Fox Sports 3 HD;HD;Deportes;No
Argentina;Prepago;Oro;1610;DSPORTS HD;HD;Deportes;No
Argentina;Prepago;Oro;1612;DSPORTS 2 HD;HD;Deportes;No
Argentina;Prepago;Oro;1613;DSPORTS+ HD;HD;Deportes;No
Argentina;Prepago;Oro;1620;TyC Sports HD;HD;Deportes;No
Argentina;Prepago;Oro;1621;ESPN HD;HD;Deportes;No
Argentina;Prepago;Oro;1622;ESPN 2 HD;HD;Deportes;No
Argentina;Prepago;Oro;1623;ESPN 3 HD;HD;Deportes;No
Argentina;Prepago;Oro;1624;ESPN 4;HD;Deportes;No
Argentina;Prepago;Oro;1628;Golf Channel HD;HD;Deportes;No
Argentina;Prepago;Oro;1630;DSPORTS;SD;Deportes;No
Argentina;Prepago;Oro;1631;DSPORTS Radio;Radio;Radio;Si
Argentina;Prepago;Oro;1639;PX Sports;HD;Deportes;No
Argentina;Prepago;Oro;1654;DeporTV HD;HD;Deportes;No
Argentina;Prepago;Oro;1656;DeporTV HD;HD;Deportes;No
Argentina;Prepago;Oro;1677;NBA TV HD;HD;Deportes;No
Argentina;Prepago;Oro;1700;DNEWS HD;HD;Variedades;No
Argentina;Prepago;Oro;1714;DSHOW;SD;Variedades;No
Argentina;Prepago;Oro;1715;La Nación+ HD;HD;Mundo;No
Argentina;Prepago;Oro;1716;TN HD;HD;Mundo;No
Argentina;Prepago;Oro;1717;C5N HD;HD;Local;No
Argentina;Prepago;Oro;1719;A24 HD;HD;Mundo;No
Argentina;Prepago;Oro;1720;Canal 26 HD;HD;Mundo;No
Argentina;Prepago;Oro;1721;Argentina 12 HD;HD;Mundo;No
Argentina;Prepago;Oro;1722;Canal E;HD;Variedades;No
Argentina;Prepago;Oro;1724;TV Perú Noticias HD;HD;Mundo;No
Argentina;Prepago;Oro;1730;National Geographic HD;HD;Mundo;No
Argentina;Prepago;Oro;1731;Discovery Theater HD;HD;Mundo;No
Argentina;Prepago;Oro;1732;Discovery Channel HD;HD;Mundo;No
Argentina;Prepago;Oro;1734;Animal Planet HD;HD;Mundo;No
Argentina;Prepago;Oro;1738;Discovery World HD;HD;Mundo;No
Argentina;Prepago;Oro;1740;TLC HD;HD;Mundo;No
Argentina;Prepago;Oro;1742;History Channel HD;HD;Mundo;No
Argentina;Prepago;Oro;1744;History 2 HD;HD;Mundo;No
Argentina;Prepago;Oro;1748;Canal (A) HD;HD;Mundo;No
Argentina;Prepago;Oro;1750;Encuentro Internacional HD;HD;Variedades;No
Argentina;Prepago;Oro;1762;Antena 3 HD;HD;Mundo;No
Argentina;Prepago;Oro;1764;France 24 Español;SD;Mundo;Si
Argentina;Prepago;Oro;1789;TV Ciudad HD;HD;Variedades;No
Argentina;Prepago;Oro;1795;TV Perú HD;HD;Mundo;No
Argentina;Prepago;Oro;1804;Escuela Más HD;HD;Variedades;No
Argentina;Prepago;Oro;4000;DIRECTV Ultra HD: 4K;4K;4K;No
Argentina;Prepago;Plata;100;Canal 100 DIRECTV;Portal;Portal;Si
Argentina;Prepago;Plata;101;Canal 101 Prepago;Portal;Portal;Si
Argentina;Prepago;Plata;105;Gran Hermano - Experiencia Multicámara;SD;Variedades;Si
Argentina;Prepago;Plata;106;Gran Hermano - 24 hs;SD;Variedades;Si
Argentina;Prepago;Plata;107;Gran Hermano - Cámara 1;SD;Variedades;Si
Argentina;Prepago;Plata;108;Gran Hermano - Cámara 2;SD;Variedades;Si
Argentina;Prepago;Plata;109;Gran Hermano - Cámara 3;SD;Variedades;Si
Argentina;Prepago;Plata;120;América;SD;Nacional;Si
Argentina;Prepago;Plata;121;TV Pública;SD;Nacional;Si
Argentina;Prepago;Plata;122;El Nueve;SD;Nacional;Si
Argentina;Prepago;Plata;123;Telefe;SD;Nacional;Si
Argentina;Prepago;Plata;124;El Trece;SD;Nacional;Si
Argentina;Prepago;Plata;125;Net TV;SD;Nacional;Si
Argentina;Prepago;Plata;126;Bravo TV;SD;Variedades;Si
Argentina;Prepago;Plata;127;DSHOW;SD;Variedades;Si
Argentina;Prepago;Plata;128;Encuentro;SD;Nacional;Si
Argentina;Prepago;Plata;129;Canal de la Ciudad;SD;Local;Si
Argentina;Prepago;Plata;130;Canal 7 Mendoza;SD;Local;Si
Argentina;Prepago;Plata;131;Canal 9 Mendoza;SD;Local;Si
Argentina;Prepago;Plata;132;Telediario;SD;Local;Si
Argentina;Prepago;Plata;133;Canal 7 de Jujuy;SD;Local;Si
Argentina;Prepago;Plata;134;Canal 3 Rosario;SD;Nacional;Si
Argentina;Prepago;Plata;135;Canal 12 de Córdoba;SD;Local;Si
Argentina;Prepago;Plata;136;Telefé Córdoba;SD;Local;Si
Argentina;Prepago;Plata;137;Telefe Rosario;SD;Local;Si
Argentina;Prepago;Plata;139;Televisión Pública Pampeana;SD;Local;Si
Argentina;Prepago;Plata;140;Canal 8 San Juan;SD;Local;No
Argentina;Prepago;Plata;160;Infomerciales;SD;Variedades;Si
Argentina;Prepago;Plata;199;KZO;SD;Variedades;Si
Argentina;Prepago;Plata;200;DIRECTV Series;SD;Portal;Si
Argentina;Prepago;Plata;204;Star Channel;SD;Variedades;Si
Argentina;Prepago;Plata;206;Warner Channel;SD;Variedades;Si
Argentina;Prepago;Plata;207;A&E;SD;Variedades;Si
Argentina;Prepago;Plata;208;Sony;SD;Variedades;Si
Argentina;Prepago;Plata;209;AXN;SD;Variedades;Si
Argentina;Prepago;Plata;210;AMC;SD;Variedades;No
Argentina;Prepago;Plata;213;TNT Series;SD;Variedades;Si
Argentina;Prepago;Plata;214;Atres Series;SD;Variedades;No
Argentina;Prepago;Plata;215;Comedy Central;SD;Variedades;No
Argentina;Prepago;Plata;216;TNT Novelas;SD;Variedades;No
Argentina;Prepago;Plata;217;FX;SD;Variedades;Si
Argentina;Prepago;Plata;218;Universal TV;SD;Variedades;Si
Argentina;Prepago;Plata;219;USA Network;SD;Variedades;No
Argentina;Prepago;Plata;220;Adult Swim;SD;Variedades;No
Argentina;Prepago;Plata;221;¡Hola! TV;SD;Variedades;Si
Argentina;Prepago;Plata;222;E!;SD;Variedades;Si
Argentina;Prepago;Plata;223;Investigation Discovery (ID);SD;Variedades;No
Argentina;Prepago;Plata;226;Las Estrellas;SD;Variedades;Si
Argentina;Prepago;Plata;227;TLnovelas;SD;Variedades;Si
Argentina;Prepago;Plata;228;Lifetime;SD;Variedades;No
Argentina;Prepago;Plata;229;Discovery Home & Health;SD;Variedades;Si
Argentina;Prepago;Plata;230;Más Chic;SD;Variedades;No
Argentina;Prepago;Plata;231;Telemundo;SD;Variedades;Si
Argentina;Prepago;Plata;232;El Gourmet;SD;Variedades;Si
Argentina;Prepago;Plata;233;Food Network;SD;Variedades;No
Argentina;Prepago;Plata;236;Ciudad Magazine;SD;Variedades;Si
Argentina;Prepago;Plata;238;Volver;SD;Variedades;Si
Argentina;Prepago;Plata;240;Caras TV;SD;Mundo;Si
Argentina;Prepago;Plata;264;MTV;SD;Variedades;Si
Argentina;Prepago;Plata;267;DSHOW;SD;Variedades;Si
Argentina;Prepago;Plata;269;Quiero Música en Mi Idioma (QMusic);SD;Variedades;Si
Argentina;Prepago;Plata;296;Unión Radio Noticias;Radio;Radio;Si
Argentina;Prepago;Plata;300;OnDIRECTV;SD;Variedades;Si
Argentina;Prepago;Plata;301;Star Fun;SD;PPV;No
Argentina;Prepago;Plata;302;HBO Family;SD;Cine;No (Adquirible)
Argentina;Prepago;Plata;303;Paka Paka;SD;Infantil;Si
Argentina;Prepago;Plata;304;Cartoon Network;SD;Infantil;Si
Argentina;Prepago;Plata;308;Nickelodeon;SD;Infantil;Si
Argentina;Prepago;Plata;309;Nick Jr.;SD;Infantil;No
Argentina;Prepago;Plata;312;Disney Channel;SD;Infantil;Si
Argentina;Prepago;Plata;315;Disney Junior;SD;Infantil;Si
Argentina;Prepago;Plata;317;BabyTV;SD;Infantil;No
Argentina;Prepago;Plata;318;Plim Plim;SD;Infantil;Si
Argentina;Prepago;Plata;319;El Reino Infantil;SD;Infantil;Si
Argentina;Prepago;Plata;330;Discovery Kids;SD;Infantil;Si
Argentina;Prepago;Plata;334;Cartoonito;SD;Infantil;No
Argentina;Prepago;Plata;350;EWTN;SD;Religioso;Si
Argentina;Prepago;Plata;351;Orbe 21;SD;Religioso;Si
Argentina;Prepago;Plata;352;Enlace;SD;Religioso;Si
Argentina;Prepago;Plata;354;Canal Luz;SD;Religioso;Si
Argentina;Prepago;Plata;358;DayStar;SD;Religioso;Si
Argentina;Prepago;Plata;400;Placa DIRECTV GO;Portal;Portal;Si
Argentina;Prepago;Plata;401;SMS CINE PPV;Portal;Portal;No
Argentina;Prepago;Plata;402;CINE;SD;PPV;No
Argentina;Prepago;Plata;404;CINE;SD;PPV;No
Argentina;Prepago;Plata;406;CINE;SD;PPV;No
Argentina;Prepago;Plata;408;CINE;SD;PPV;No
Argentina;Prepago;Plata;410;CINE;SD;PPV;No
Argentina;Prepago;Plata;460;SMS ADULTOS PPV;Portal;Portal;Si
Argentina;Prepago;Plata;464;Playboy TV;SD;Adultos;No (Adquirible)
Argentina;Prepago;Plata;468;Venus;SD;Adultos;No (Adquirible)
Argentina;Prepago;Plata;469;XTSY;SD;Adultos;No (No Adquirible)
Argentina;Prepago;Plata;470;Hustler TV HD;HD;Adultos;No (No Adquirible)
Argentina;Prepago;Plata;500;OnDIRECTV;SD;Variedades;Si
Argentina;Prepago;Plata;502;TNT;SD;Cine;Si
Argentina;Prepago;Plata;503;Golden;SD;Cine;No
Argentina;Prepago;Plata;506;Sony Movies;SD;Cine;Si
Argentina;Prepago;Plata;507;Cinecanal;SD;Cine;Si
Argentina;Prepago;Plata;508;Studio Universal;SD;Cine;Si
Argentina;Prepago;Plata;509;Cinemax;SD;Cine;Si
Argentina;Prepago;Plata;510;Mórbido TV;SD;Cine;Si
Argentina;Prepago;Plata;512;Cine.AR;SD;Cine;Si
Argentina;Prepago;Plata;513;DHE;SD;Cine;No
Argentina;Prepago;Plata;516;De Película;SD;Cine;No
Argentina;Prepago;Plata;517;Golden Edge;SD;Cine;No
Argentina;Prepago;Plata;518;Space;SD;Cine;Si
Argentina;Prepago;Plata;522;HBO Next;Portal;Portal;No
Argentina;Prepago;Plata;524;HBO;SD;Cine;No (Adquirible)
Argentina;Prepago;Plata;525;HBO 2;SD;Cine;No (Adquirible)
Argentina;Prepago;Plata;526;HBO Plus Este;SD;Cine;No (Adquirible)
Argentina;Prepago;Plata;528;HBO Signature;SD;Cine;No (Adquirible)
Argentina;Prepago;Plata;534;HBO Family;SD;Cine;No (Adquirible)
Argentina;Prepago;Plata;540;HBO Mundi;SD;Cine;No (Adquirible)
Argentina;Prepago;Plata;541;HBO Pop;SD;Cine;No (Adquirible)
Argentina;Prepago;Plata;542;HBO Xtreme;SD;Cine;No (Adquirible)
Argentina;Prepago;Plata;544;HBO Next;Portal;Portal;Si
Argentina;Prepago;Plata;550;OnDIRECTV;SD;Variedades;Si
Argentina;Prepago;Plata;551;Cómo Contratar Premium;SD;Portal;Si
Argentina;Prepago;Plata;570;Portal Premium;SD;Portal;Si
Argentina;Prepago;Plata;571;UNIVERSAL Premiere Este;SD;Cine;No (Adquirible)
Argentina;Prepago;Plata;572;UNIVERSAL Cinema Oeste;SD;Cine;No (Adquirible)
Argentina;Prepago;Plata;573;UNIVERSAL Comedy;SD;Cine;No (Adquirible)
Argentina;Prepago;Plata;574;UNIVERSAL Crime;SD;Cine;No (Adquirible)
Argentina;Prepago;Plata;575;UNIVERSAL Reality;SD;Cine;No (Adquirible)
Argentina;Prepago;Plata;576;UNIVERSAL Premiere Oeste;SD;Cine;No (Adquirible)
Argentina;Prepago;Plata;577;UNIVERSAL Crime Oeste;SD;Cine;No (Adquirible)
Argentina;Prepago;Plata;599;Bienvenido a DIRECTV;Portal;Portal;Si
Argentina;Prepago;Plata;600;Portal DIRECTV Sports;Portal;Portal;Si
Argentina;Prepago;Plata;601;Nueva señal - Nombre TBD;SD;Variedades;Si
Argentina;Prepago;Plata;602;Portal Fútbol Premium;Portal;Portal;Si
Argentina;Prepago;Plata;603;TNT Sports;SD;Deportes;No (Adquirible)
Argentina;Prepago;Plata;604;ESPN Premium;SD;Deportes;No (Adquirible)
Argentina;Prepago;Plata;605;Fox Sports;SD;Deportes;Si
Argentina;Prepago;Plata;608;Fox Sports 2;SD;Deportes;Si
Argentina;Prepago;Plata;609;Fox Sports 3;SD;Deportes;Si
Argentina;Prepago;Plata;610;DSPORTS;SD;Deportes;Si
Argentina;Prepago;Plata;612;DSPORTS 2;SD;Deportes;Si
Argentina;Prepago;Plata;613;DSPORTS+;SD;Deportes;Si
Argentina;Prepago;Plata;620;TyC Sports;SD;Deportes;Si
Argentina;Prepago;Plata;621;ESPN;SD;Deportes;Si
Argentina;Prepago;Plata;622;ESPN 2;SD;Deportes;Si
Argentina;Prepago;Plata;623;ESPN 3;SD;Deportes;Si
Argentina;Prepago;Plata;628;Golf Channel;SD;Deportes;No
Argentina;Prepago;Plata;630;DIRECTV Sports;SD;Deportes;Si
Argentina;Prepago;Plata;631;DSPORTS Radio;Radio;Radio;Si
Argentina;Prepago;Plata;632;TyC Sports 2 (virtual);SD;Deportes;Si
Argentina;Prepago;Plata;634;Fútbol de Paraguay;SD;Deportes;No (Adquirible)
Argentina;Prepago;Plata;635;Fútbol de Bolivia;SD;Deportes;No (Adquirible)
Argentina;Prepago;Plata;656;DeporTV;SD;Deportes;Si
Argentina;Prepago;Plata;680;MLB Extra Innings;SD;Deportes;No (No Adquirible)
Argentina;Prepago;Plata;681;MLB Extra Innings;SD;Deportes;No (No Adquirible)
Argentina;Prepago;Plata;700;DNEWS;SD;Variedades;Si
Argentina;Prepago;Plata;704;CNN en Español;SD;Mundo;Si
Argentina;Prepago;Plata;706;CNN International;SD;Mundo;No
Argentina;Prepago;Plata;707;CNN Chile;SD;Mundo;No
Argentina;Prepago;Plata;708;24 HORAS;SD;Mundo;No
Argentina;Prepago;Plata;710;Bloomberg Television;SD;Mundo;No
Argentina;Prepago;Plata;714;Nueva señal - TBD;SD;Variedades;Si
Argentina;Prepago;Plata;715;La Nación+;SD;Mundo;Si
Argentina;Prepago;Plata;716;Todo Noticias (TN);SD;Mundo;Si
Argentina;Prepago;Plata;717;C5N;SD;Mundo;Si
Argentina;Prepago;Plata;718;Crónica TV;SD;Mundo;Si
Argentina;Prepago;Plata;719;A24;SD;Mundo;Si
Argentina;Prepago;Plata;720;Canal 26;SD;Mundo;Si
Argentina;Prepago;Plata;721;Argentina 12;SD;Mundo;No
Argentina;Prepago;Plata;724;Chacra TV;SD;Mundo;Si
Argentina;Prepago;Plata;725;NTN24;SD;Mundo;No
Argentina;Prepago;Plata;726;Telemax;SD;Mundo;Si
Argentina;Prepago;Plata;727;Cable Noticias;SD;Mundo;No
Argentina;Prepago;Plata;728;Canal Rural;SD;Nacional;Si
Argentina;Prepago;Plata;729;Construir TV;SD;Mundo;Si
Argentina;Prepago;Plata;730;National Geographic;SD;Mundo;Si
Argentina;Prepago;Plata;732;Discovery Channel;SD;Mundo;Si
Argentina;Prepago;Plata;734;Animal Planet;SD;Mundo;Si
Argentina;Prepago;Plata;736;Discovery Turbo;SD;Mundo;No
Argentina;Prepago;Plata;740;TLC;SD;Mundo;Si
Argentina;Prepago;Plata;742;History Channel;SD;Mundo;Si
Argentina;Prepago;Plata;744;History 2;SD;Mundo;No
Argentina;Prepago;Plata;760;Univision;SD;Mundo;Si
Argentina;Prepago;Plata;762;Antena 3;SD;Mundo;No
Argentina;Prepago;Plata;764;France 24 Español;SD;Mundo;Si
Argentina;Prepago;Plata;766;Rai Italia;SD;Mundo;Si
Argentina;Prepago;Plata;768;BBC News;SD;Mundo;No
Argentina;Prepago;Plata;770;DW Español;SD;Mundo;No
Argentina;Prepago;Plata;772;Caracol Internacional;SD;Mundo;No
Argentina;Prepago;Plata;773;El Tiempo TV;SD;Mundo;Si
Argentina;Prepago;Plata;774;TV Chile;SD;Mundo;Si
Argentina;Prepago;Plata;775;Nuestra Tele;SD;Mundo;No
Argentina;Prepago;Plata;776;TV Globo Internacional;SD;Mundo;No (No Adquirible)
Argentina;Prepago;Plata;778;RTP Internacional;SD;Mundo;No
Argentina;Prepago;Plata;780;Zee Mundo;SD;Mundo;No (No Adquirible)
Argentina;Prepago;Plata;782;NHK World Japan;SD;Mundo;No (No Adquirible)
Argentina;Prepago;Plata;790;CGTN Español;SD;Mundo;Si
Argentina;Prepago;Plata;795;TV Perú;SD;Mundo;Si
Argentina;Prepago;Plata;800;OnDIRECTV;SD;Variedades;Si
Argentina;Prepago;Plata;804;Escuela Más;SD;Variedades;Si
Argentina;Prepago;Plata;901;DSPORTS Radio;Radio;Radio;Si
Argentina;Prepago;Plata;973;FM Aspen;Radio;Radio;Si
Argentina;Prepago;Plata;974;Radio Nacional;Radio;Radio;Si
Argentina;Prepago;Plata;976;Radio del Plata;Radio;Radio;Si
Argentina;Prepago;Plata;977;Radio Disney;Radio;Radio;Si
Argentina;Prepago;Plata;980;Unión Radio Noticias;Radio;Radio;Si
Argentina;Prepago;Plata;981;FM Latina 101.1;Radio;Radio;Si
Argentina;Prepago;Plata;982;Radio Caracol;Radio;Radio;Si
Argentina;Prepago;Plata;984;Radio France Internationale;Radio;Radio;Si
Argentina;Prepago;Plata;999;OnDIRECTV;SD;Variedades;Si
Argentina;Prepago;Plata;1105;Gran Hermano - Experiencia Multicámara;SD;Variedades;No
Argentina;Prepago;Plata;1106;Gran Hermano - 24 hs;SD;Variedades;No
Argentina;Prepago;Plata;1107;Gran Hermano - Cámara 1;SD;Variedades;No
Argentina;Prepago;Plata;1108;Gran Hermano - Cámara 2;SD;Variedades;No
Argentina;Prepago;Plata;1109;Gran Hermano - Cámara 3;SD;Variedades;No
Argentina;Prepago;Plata;1120;América HD;HD;Nacional;No
Argentina;Prepago;Plata;1121;TV Pública HD;HD;Nacional;No
Argentina;Prepago;Plata;1122;El Nueve HD;HD;Nacional;No
Argentina;Prepago;Plata;1123;Telefe HD;HD;Nacional;No
Argentina;Prepago;Plata;1124;El Trece HD;HD;Nacional;No
Argentina;Prepago;Plata;1125;Net TV HD;HD;Nacional;No
Argentina;Prepago;Plata;1127;DSHOW HD;HD;Variedades;No
Argentina;Prepago;Plata;1128;Encuentro HD;HD;Nacional;No
Argentina;Prepago;Plata;1199;KZO HD;HD;Variedades;Si
Argentina;Prepago;Plata;1200;DIRECTV Series HD;HD;Portal;No
Argentina;Prepago;Plata;1204;Star Channel HD;HD;Variedades;No
Argentina;Prepago;Plata;1206;Warner Channel HD;HD;Variedades;No
Argentina;Prepago;Plata;1207;A&E HD;HD;Variedades;No
Argentina;Prepago;Plata;1208;Sony HD;HD;Variedades;No
Argentina;Prepago;Plata;1209;AXN HD;HD;Variedades;No
Argentina;Prepago;Plata;1210;AMC HD;HD;Variedades;No
Argentina;Prepago;Plata;1213;TNT Series HD;HD;Variedades;No
Argentina;Prepago;Plata;1214;Atres Series HD;HD;Variedades;No
Argentina;Prepago;Plata;1215;Comedy Central HD;HD;Variedades;No
Argentina;Prepago;Plata;1217;FX HD;HD;Variedades;No
Argentina;Prepago;Plata;1218;Universal TV HD;HD;Variedades;No
Argentina;Prepago;Plata;1219;USA Network HD;HD;Variedades;No
Argentina;Prepago;Plata;1221;Hola TV HD;HD;Variedades;No
Argentina;Prepago;Plata;1222;E! HD;HD;Variedades;No
Argentina;Prepago;Plata;1223;ID HD;HD;Variedades;No
Argentina;Prepago;Plata;1228;Lifetime HD;HD;Variedades;No
Argentina;Prepago;Plata;1229;Discovery Home & Health HD;HD;Variedades;No
Argentina;Prepago;Plata;1231;A la Cocina TV;HD;Variedades;No
Argentina;Prepago;Plata;1232;El Gourmet HD;HD;Variedades;No
Argentina;Prepago;Plata;1233;Food Network HD;HD;Variedades;No
Argentina;Prepago;Plata;1234;HGTV HD;HD;Variedades;No
Argentina;Prepago;Plata;1236;Ciudad Magazine HD;HD;Variedades;No
Argentina;Prepago;Plata;1237;VePlus HD;HD;Variedades;No
Argentina;Prepago;Plata;1264;MTV HD;HD;Variedades;No
Argentina;Prepago;Plata;1265;Music Top HD;HD;Variedades;No
Argentina;Prepago;Plata;1266;Tierra Mía HD;HD;Variedades;No
Argentina;Prepago;Plata;1267;DSHOW;SD;Variedades;No
Argentina;Prepago;Plata;1269;Quiero Música en Mi Idioma (QMusic) HD;HD;Variedades;No
Argentina;Prepago;Plata;1270;Latina TV;HD;Variedades;Si
Argentina;Prepago;Plata;1304;Cartoon Network HD;HD;Infantil;No
Argentina;Prepago;Plata;1308;Nick HD;HD;Infantil;No
Argentina;Prepago;Plata;1309;Nick Jr. HD;HD;Infantil;No
Argentina;Prepago;Plata;1312;Disney Channel HD;HD;Infantil;No
Argentina;Prepago;Plata;1315;Disney Junior HD;HD;Infantil;No
Argentina;Prepago;Plata;1317;BabyTV;SD;Infantil;No
Argentina;Prepago;Plata;1318;Plim Plim;SD;Infantil;Si
Argentina;Prepago;Plata;1319;El Reino Infantil;SD;Infantil;Si
Argentina;Prepago;Plata;1330;Discovery Kids HD;HD;Infantil;No
Argentina;Prepago;Plata;1402;PPV HD;HD;PPV;No
Argentina;Prepago;Plata;1404;PPV HD;HD;PPV;No
Argentina;Prepago;Plata;1406;PPV HD;HD;PPV;No
Argentina;Prepago;Plata;1408;PPV HD;HD;PPV;No
Argentina;Prepago;Plata;1410;PPV HD;HD;PPV;No
Argentina;Prepago;Plata;1502;TNT HD;HD;Cine;No
Argentina;Prepago;Plata;1503;Golden HD;HD;Cine;No
Argentina;Prepago;Plata;1506;Sony Movies HD;HD;Cine;No
Argentina;Prepago;Plata;1507;Cinecanal HD;HD;Cine;No
Argentina;Prepago;Plata;1508;Studio Universal HD;HD;Cine;No
Argentina;Prepago;Plata;1509;Cinemax HD;HD;Cine;No
Argentina;Prepago;Plata;1510;Mórbido TV;SD;Cine;Si
Argentina;Prepago;Plata;1513;DHE HD;HD;Cine;No
Argentina;Prepago;Plata;1518;Space HD;HD;Cine;No
Argentina;Prepago;Plata;1524;HBO HD;HD;Cine;No
Argentina;Prepago;Plata;1525;HBO 2 HD;HD;Cine;No
Argentina;Prepago;Plata;1528;HBO Signature HD;HD;Cine;No
Argentina;Prepago;Plata;1532;HBO Plus HD;HD;Cine;No
Argentina;Prepago;Plata;1534;HBO Family HD;HD;Cine;No
Argentina;Prepago;Plata;1542;HBO Xtreme HD;HD;Cine;No
Argentina;Prepago;Plata;1571;UNIVERSAL Premiere Este HD;HD;Cine;No (Adquirible)
Argentina;Prepago;Plata;1572;UNIVERSAL Cinema Oeste HD;HD;Cine;No (Adquirible)
Argentina;Prepago;Plata;1573;UNIVERSAL Comedy HD;HD;Cine;No (Adquirible)
Argentina;Prepago;Plata;1574;UNIVERSAL Crime HD;HD;Cine;No (Adquirible)
Argentina;Prepago;Plata;1575;UNIVERSAL Reality HD;HD;Cine;No (Adquirible)
Argentina;Prepago;Plata;1576;UNIVERSAL Premiere Oeste HD;HD;Cine;No (Adquirible)
Argentina;Prepago;Plata;1577;UNIVERSAL Crime Oeste HD;HD;Cine;No (Adquirible)
Argentina;Prepago;Plata;1601;Nueva señal - Nombre TBD;SD;Variedades;No
Argentina;Prepago;Plata;1602;Portal Fútbol Premium;Portal;Portal;Si
Argentina;Prepago;Plata;1603;TNT Sports HD;HD;Deportes;No
Argentina;Prepago;Plata;1604;Fox Sports Premium HD;HD;Deportes;No
Argentina;Prepago;Plata;1605;Fox Sports HD;HD;Deportes;No
Argentina;Prepago;Plata;1608;Fox Sports 2 HD;HD;Deportes;No
Argentina;Prepago;Plata;1609;Fox Sports 3 HD;HD;Deportes;No
Argentina;Prepago;Plata;1610;DSPORTS HD;HD;Deportes;No
Argentina;Prepago;Plata;1612;DSPORTS 2 HD;HD;Deportes;No
Argentina;Prepago;Plata;1613;DSPORTS+ HD;HD;Deportes;No
Argentina;Prepago;Plata;1620;TyC Sports HD;HD;Deportes;No
Argentina;Prepago;Plata;1621;ESPN HD;HD;Deportes;No
Argentina;Prepago;Plata;1622;ESPN 2 HD;HD;Deportes;No
Argentina;Prepago;Plata;1623;ESPN 3 HD;HD;Deportes;No
Argentina;Prepago;Plata;1624;ESPN 4;HD;Deportes;No
Argentina;Prepago;Plata;1628;Golf Channel HD;HD;Deportes;No
Argentina;Prepago;Plata;1630;DSPORTS;SD;Deportes;No
Argentina;Prepago;Plata;1631;DSPORTS Radio;Radio;Radio;Si
Argentina;Prepago;Plata;1639;PX Sports;HD;Deportes;No
Argentina;Prepago;Plata;1654;DeporTV HD;HD;Deportes;No
Argentina;Prepago;Plata;1656;DeporTV HD;HD;Deportes;No
Argentina;Prepago;Plata;1677;NBA TV HD;HD;Deportes;No
Argentina;Prepago;Plata;1700;DNEWS HD;HD;Variedades;No
Argentina;Prepago;Plata;1714;DSHOW;SD;Variedades;No
Argentina;Prepago;Plata;1715;La Nación+ HD;HD;Mundo;No
Argentina;Prepago;Plata;1716;TN HD;HD;Mundo;No
Argentina;Prepago;Plata;1717;C5N HD;HD;Local;No
Argentina;Prepago;Plata;1719;A24 HD;HD;Mundo;No
Argentina;Prepago;Plata;1720;Canal 26 HD;HD;Mundo;No
Argentina;Prepago;Plata;1721;Argentina 12 HD;HD;Mundo;No
Argentina;Prepago;Plata;1722;Canal E;HD;Variedades;No
Argentina;Prepago;Plata;1724;TV Perú Noticias HD;HD;Mundo;No
Argentina;Prepago;Plata;1730;National Geographic HD;HD;Mundo;No
Argentina;Prepago;Plata;1731;Discovery Theater HD;HD;Mundo;No
Argentina;Prepago;Plata;1732;Discovery Channel HD;HD;Mundo;No
Argentina;Prepago;Plata;1734;Animal Planet HD;HD;Mundo;No
Argentina;Prepago;Plata;1738;Discovery World HD;HD;Mundo;No
Argentina;Prepago;Plata;1740;TLC HD;HD;Mundo;No
Argentina;Prepago;Plata;1742;History Channel HD;HD;Mundo;No
Argentina;Prepago;Plata;1744;History 2 HD;HD;Mundo;No
Argentina;Prepago;Plata;1748;Canal (A) HD;HD;Mundo;No
Argentina;Prepago;Plata;1750;Encuentro Internacional HD;HD;Variedades;No
Argentina;Prepago;Plata;1762;Antena 3 HD;HD;Mundo;No
Argentina;Prepago;Plata;1764;France 24 Español;SD;Mundo;Si
Argentina;Prepago;Plata;1789;TV Ciudad HD;HD;Variedades;No
Argentina;Prepago;Plata;1795;TV Perú HD;HD;Mundo;No
Argentina;Prepago;Plata;1804;Escuela Más HD;HD;Variedades;No
Argentina;Prepago;Plata;4000;DIRECTV Ultra HD: 4K;4K;4K;No
Argentina;Prepago;Bronce HD;100;Canal 100 DIRECTV;Portal;Portal;Si
Argentina;Prepago;Bronce HD;101;Canal 101 Prepago;Portal;Portal;Si
Argentina;Prepago;Bronce HD;105;Gran Hermano - Experiencia Multicámara;SD;Variedades;Si
Argentina;Prepago;Bronce HD;106;Gran Hermano - 24 hs;SD;Variedades;Si
Argentina;Prepago;Bronce HD;107;Gran Hermano - Cámara 1;SD;Variedades;Si
Argentina;Prepago;Bronce HD;108;Gran Hermano - Cámara 2;SD;Variedades;Si
Argentina;Prepago;Bronce HD;109;Gran Hermano - Cámara 3;SD;Variedades;Si
Argentina;Prepago;Bronce HD;120;América;SD;Nacional;Si
Argentina;Prepago;Bronce HD;121;TV Pública;SD;Nacional;Si
Argentina;Prepago;Bronce HD;122;El Nueve;SD;Nacional;Si
Argentina;Prepago;Bronce HD;123;Telefe;SD;Nacional;Si
Argentina;Prepago;Bronce HD;124;El Trece;SD;Nacional;Si
Argentina;Prepago;Bronce HD;125;Net TV;SD;Nacional;Si
Argentina;Prepago;Bronce HD;126;Bravo TV;SD;Variedades;Si
Argentina;Prepago;Bronce HD;127;DSHOW;SD;Variedades;Si
Argentina;Prepago;Bronce HD;128;Encuentro;SD;Nacional;Si
Argentina;Prepago;Bronce HD;129;Canal de la Ciudad;SD;Local;No
Argentina;Prepago;Bronce HD;130;Canal 7 Mendoza;SD;Local;Si
Argentina;Prepago;Bronce HD;131;Canal 9 Mendoza;SD;Local;Si
Argentina;Prepago;Bronce HD;132;Telediario;SD;Local;Si
Argentina;Prepago;Bronce HD;133;Canal 7 de Jujuy;SD;Local;Si
Argentina;Prepago;Bronce HD;134;Canal 3 Rosario;SD;Nacional;Si
Argentina;Prepago;Bronce HD;135;Canal 12 de Córdoba;SD;Local;Si
Argentina;Prepago;Bronce HD;136;Telefé Córdoba;SD;Local;No
Argentina;Prepago;Bronce HD;137;Telefe Rosario;SD;Local;Si
Argentina;Prepago;Bronce HD;139;Televisión Pública Pampeana;SD;Local;No
Argentina;Prepago;Bronce HD;140;Canal 8 San Juan;SD;Local;No
Argentina;Prepago;Bronce HD;160;Infomerciales;SD;Variedades;Si
Argentina;Prepago;Bronce HD;199;KZO;SD;Variedades;Si
Argentina;Prepago;Bronce HD;200;DIRECTV Series;SD;Portal;No
Argentina;Prepago;Bronce HD;204;Star Channel;SD;Variedades;Si
Argentina;Prepago;Bronce HD;206;Warner Channel;SD;Variedades;Si
Argentina;Prepago;Bronce HD;207;A&E;SD;Variedades;Si
Argentina;Prepago;Bronce HD;208;Sony;SD;Variedades;Si
Argentina;Prepago;Bronce HD;209;AXN;SD;Variedades;No
Argentina;Prepago;Bronce HD;210;AMC;SD;Variedades;No
Argentina;Prepago;Bronce HD;213;TNT Series;SD;Variedades;No
Argentina;Prepago;Bronce HD;214;Atres Series;SD;Variedades;No
Argentina;Prepago;Bronce HD;215;Comedy Central;SD;Variedades;No
Argentina;Prepago;Bronce HD;216;TNT Novelas;SD;Variedades;No
Argentina;Prepago;Bronce HD;217;FX;SD;Variedades;Si
Argentina;Prepago;Bronce HD;218;Universal TV;SD;Variedades;Si
Argentina;Prepago;Bronce HD;219;USA Network;SD;Variedades;No
Argentina;Prepago;Bronce HD;220;Adult Swim;SD;Variedades;No
Argentina;Prepago;Bronce HD;221;¡Hola! TV;SD;Variedades;Si
Argentina;Prepago;Bronce HD;222;E!;SD;Variedades;Si
Argentina;Prepago;Bronce HD;223;Investigation Discovery (ID);SD;Variedades;No
Argentina;Prepago;Bronce HD;226;Las Estrellas;SD;Variedades;No
Argentina;Prepago;Bronce HD;227;TLnovelas;SD;Variedades;No
Argentina;Prepago;Bronce HD;228;Lifetime;SD;Variedades;No
Argentina;Prepago;Bronce HD;229;Discovery Home & Health;SD;Variedades;Si
Argentina;Prepago;Bronce HD;230;Más Chic;SD;Variedades;No
Argentina;Prepago;Bronce HD;231;Telemundo;SD;Variedades;Si
Argentina;Prepago;Bronce HD;232;El Gourmet;SD;Variedades;No
Argentina;Prepago;Bronce HD;233;Food Network;SD;Variedades;No
Argentina;Prepago;Bronce HD;236;Ciudad Magazine;SD;Variedades;Si
Argentina;Prepago;Bronce HD;238;Volver;SD;Variedades;Si
Argentina;Prepago;Bronce HD;240;Caras TV;SD;Mundo;Si
Argentina;Prepago;Bronce HD;264;MTV;SD;Variedades;Si
Argentina;Prepago;Bronce HD;267;DSHOW;SD;Variedades;No
Argentina;Prepago;Bronce HD;269;Quiero Música en Mi Idioma (QMusic);SD;Variedades;Si
Argentina;Prepago;Bronce HD;296;Unión Radio Noticias;Radio;Radio;Si
Argentina;Prepago;Bronce HD;300;OnDIRECTV;SD;Variedades;Si
Argentina;Prepago;Bronce HD;301;Star Fun;SD;PPV;No
Argentina;Prepago;Bronce HD;302;HBO Family;SD;Cine;No (Adquirible)
Argentina;Prepago;Bronce HD;303;Paka Paka;SD;Infantil;Si
Argentina;Prepago;Bronce HD;304;Cartoon Network;SD;Infantil;Si
Argentina;Prepago;Bronce HD;308;Nickelodeon;SD;Infantil;No
Argentina;Prepago;Bronce HD;309;Nick Jr.;SD;Infantil;No
Argentina;Prepago;Bronce HD;312;Disney Channel;SD;Infantil;Si
Argentina;Prepago;Bronce HD;315;Disney Junior;SD;Infantil;Si
Argentina;Prepago;Bronce HD;317;BabyTV;SD;Infantil;No
Argentina;Prepago;Bronce HD;318;Plim Plim;SD;Infantil;Si
Argentina;Prepago;Bronce HD;319;El Reino Infantil;SD;Infantil;Si
Argentina;Prepago;Bronce HD;330;Discovery Kids;SD;Infantil;Si
Argentina;Prepago;Bronce HD;334;Cartoonito;SD;Infantil;No
Argentina;Prepago;Bronce HD;350;EWTN;SD;Religioso;Si
Argentina;Prepago;Bronce HD;351;Orbe 21;SD;Religioso;Si
Argentina;Prepago;Bronce HD;352;Enlace;SD;Religioso;Si
Argentina;Prepago;Bronce HD;354;Canal Luz;SD;Religioso;Si
Argentina;Prepago;Bronce HD;358;DayStar;SD;Religioso;No
Argentina;Prepago;Bronce HD;400;Placa DIRECTV GO;Portal;Portal;Si
Argentina;Prepago;Bronce HD;401;SMS CINE PPV;Portal;Portal;No
Argentina;Prepago;Bronce HD;402;CINE;SD;PPV;No
Argentina;Prepago;Bronce HD;404;CINE;SD;PPV;No
Argentina;Prepago;Bronce HD;406;CINE;SD;PPV;No
Argentina;Prepago;Bronce HD;408;CINE;SD;PPV;No
Argentina;Prepago;Bronce HD;410;CINE;SD;PPV;No
Argentina;Prepago;Bronce HD;460;SMS ADULTOS PPV;Portal;Portal;Si
Argentina;Prepago;Bronce HD;464;Playboy TV;SD;Adultos;No (Adquirible)
Argentina;Prepago;Bronce HD;468;Venus;SD;Adultos;No (Adquirible)
Argentina;Prepago;Bronce HD;469;XTSY;SD;Adultos;No (No Adquirible)
Argentina;Prepago;Bronce HD;470;Hustler TV HD;HD;Adultos;No (No Adquirible)
Argentina;Prepago;Bronce HD;500;OnDIRECTV;SD;Variedades;Si
Argentina;Prepago;Bronce HD;502;TNT;SD;Cine;Si
Argentina;Prepago;Bronce HD;503;Golden;SD;Cine;No
Argentina;Prepago;Bronce HD;506;Sony Movies;SD;Cine;No
Argentina;Prepago;Bronce HD;507;Cinecanal;SD;Cine;Si
Argentina;Prepago;Bronce HD;508;Studio Universal;SD;Cine;Si
Argentina;Prepago;Bronce HD;509;Cinemax;SD;Cine;No
Argentina;Prepago;Bronce HD;510;Mórbido TV;SD;Cine;Si
Argentina;Prepago;Bronce HD;512;Cine.AR;SD;Cine;Si
Argentina;Prepago;Bronce HD;513;DHE;SD;Cine;No
Argentina;Prepago;Bronce HD;516;De Película;SD;Cine;No
Argentina;Prepago;Bronce HD;517;Golden Edge;SD;Cine;No
Argentina;Prepago;Bronce HD;518;Space;SD;Cine;Si
Argentina;Prepago;Bronce HD;522;HBO Next;Portal;Portal;No
Argentina;Prepago;Bronce HD;524;HBO;SD;Cine;No (Adquirible)
Argentina;Prepago;Bronce HD;525;HBO 2;SD;Cine;No (Adquirible)
Argentina;Prepago;Bronce HD;526;HBO Plus Este;SD;Cine;No (Adquirible)
Argentina;Prepago;Bronce HD;528;HBO Signature;SD;Cine;No (Adquirible)
Argentina;Prepago;Bronce HD;534;HBO Family;SD;Cine;No (Adquirible)
Argentina;Prepago;Bronce HD;540;HBO Mundi;SD;Cine;No (Adquirible)
Argentina;Prepago;Bronce HD;541;HBO Pop;SD;Cine;No (Adquirible)
Argentina;Prepago;Bronce HD;542;HBO Xtreme;SD;Cine;No (Adquirible)
Argentina;Prepago;Bronce HD;544;HBO Next;Portal;Portal;Si
Argentina;Prepago;Bronce HD;550;OnDIRECTV;SD;Variedades;Si
Argentina;Prepago;Bronce HD;551;Cómo Contratar Premium;SD;Portal;No
Argentina;Prepago;Bronce HD;570;Portal Premium;SD;Portal;No
Argentina;Prepago;Bronce HD;571;UNIVERSAL Premiere Este;SD;Cine;No (Adquirible)
Argentina;Prepago;Bronce HD;572;UNIVERSAL Cinema Oeste;SD;Cine;No (Adquirible)
Argentina;Prepago;Bronce HD;573;UNIVERSAL Comedy;SD;Cine;No (Adquirible)
Argentina;Prepago;Bronce HD;574;UNIVERSAL Crime;SD;Cine;No (Adquirible)
Argentina;Prepago;Bronce HD;575;UNIVERSAL Reality;SD;Cine;No (Adquirible)
Argentina;Prepago;Bronce HD;576;UNIVERSAL Premiere Oeste;SD;Cine;No (Adquirible)
Argentina;Prepago;Bronce HD;577;UNIVERSAL Crime Oeste;SD;Cine;No (Adquirible)
Argentina;Prepago;Bronce HD;599;Bienvenido a DIRECTV;Portal;Portal;Si
Argentina;Prepago;Bronce HD;600;Portal DIRECTV Sports;Portal;Portal;Si
Argentina;Prepago;Bronce HD;601;Nueva señal - Nombre TBD;SD;Variedades;No
Argentina;Prepago;Bronce HD;602;Portal Fútbol Premium;Portal;Portal;Si
Argentina;Prepago;Bronce HD;603;TNT Sports;SD;Deportes;No (Adquirible)
Argentina;Prepago;Bronce HD;604;ESPN Premium;SD;Deportes;No (Adquirible)
Argentina;Prepago;Bronce HD;605;Fox Sports;SD;Deportes;Si
Argentina;Prepago;Bronce HD;608;Fox Sports 2;SD;Deportes;Si
Argentina;Prepago;Bronce HD;609;Fox Sports 3;SD;Deportes;Si
Argentina;Prepago;Bronce HD;610;DSPORTS;SD;Deportes;Si
Argentina;Prepago;Bronce HD;612;DSPORTS 2;SD;Deportes;Si
Argentina;Prepago;Bronce HD;613;DSPORTS+;SD;Deportes;Si
Argentina;Prepago;Bronce HD;620;TyC Sports;SD;Deportes;Si
Argentina;Prepago;Bronce HD;621;ESPN;SD;Deportes;Si
Argentina;Prepago;Bronce HD;622;ESPN 2;SD;Deportes;Si
Argentina;Prepago;Bronce HD;623;ESPN 3;SD;Deportes;Si
Argentina;Prepago;Bronce HD;628;Golf Channel;SD;Deportes;No
Argentina;Prepago;Bronce HD;630;DIRECTV Sports;SD;Deportes;Si
Argentina;Prepago;Bronce HD;631;DSPORTS Radio;Radio;Radio;No
Argentina;Prepago;Bronce HD;632;TyC Sports 2 (virtual);SD;Deportes;Si
Argentina;Prepago;Bronce HD;634;Fútbol de Paraguay;SD;Deportes;No (Adquirible)
Argentina;Prepago;Bronce HD;635;Fútbol de Bolivia;SD;Deportes;No (Adquirible)
Argentina;Prepago;Bronce HD;656;DeporTV;SD;Deportes;Si
Argentina;Prepago;Bronce HD;680;MLB Extra Innings;SD;Deportes;No (No Adquirible)
Argentina;Prepago;Bronce HD;681;MLB Extra Innings;SD;Deportes;No (No Adquirible)
Argentina;Prepago;Bronce HD;700;DNEWS;SD;Variedades;Si
Argentina;Prepago;Bronce HD;704;CNN en Español;SD;Mundo;Si
Argentina;Prepago;Bronce HD;706;CNN International;SD;Mundo;No
Argentina;Prepago;Bronce HD;707;CNN Chile;SD;Mundo;No
Argentina;Prepago;Bronce HD;708;24 HORAS;SD;Mundo;No
Argentina;Prepago;Bronce HD;710;Bloomberg Television;SD;Mundo;No
Argentina;Prepago;Bronce HD;714;Nueva señal - TBD;SD;Variedades;No
Argentina;Prepago;Bronce HD;715;La Nación+;SD;Mundo;Si
Argentina;Prepago;Bronce HD;716;Todo Noticias (TN);SD;Mundo;Si
Argentina;Prepago;Bronce HD;717;C5N;SD;Mundo;Si
Argentina;Prepago;Bronce HD;718;Crónica TV;SD;Mundo;Si
Argentina;Prepago;Bronce HD;719;A24;SD;Mundo;Si
Argentina;Prepago;Bronce HD;720;Canal 26;SD;Mundo;Si
Argentina;Prepago;Bronce HD;721;Argentina 12;SD;Mundo;No
Argentina;Prepago;Bronce HD;724;Chacra TV;SD;Mundo;No
Argentina;Prepago;Bronce HD;725;NTN24;SD;Mundo;No
Argentina;Prepago;Bronce HD;726;Telemax;SD;Mundo;Si
Argentina;Prepago;Bronce HD;727;Cable Noticias;SD;Mundo;No
Argentina;Prepago;Bronce HD;728;Canal Rural;SD;Nacional;Si
Argentina;Prepago;Bronce HD;729;Construir TV;SD;Mundo;Si
Argentina;Prepago;Bronce HD;730;National Geographic;SD;Mundo;Si
Argentina;Prepago;Bronce HD;732;Discovery Channel;SD;Mundo;Si
Argentina;Prepago;Bronce HD;734;Animal Planet;SD;Mundo;Si
Argentina;Prepago;Bronce HD;736;Discovery Turbo;SD;Mundo;No
Argentina;Prepago;Bronce HD;740;TLC;SD;Mundo;No
Argentina;Prepago;Bronce HD;742;History Channel;SD;Mundo;No
Argentina;Prepago;Bronce HD;744;History 2;SD;Mundo;No
Argentina;Prepago;Bronce HD;760;Univision;SD;Mundo;No
Argentina;Prepago;Bronce HD;762;Antena 3;SD;Mundo;No
Argentina;Prepago;Bronce HD;764;France 24 Español;SD;Mundo;Si
Argentina;Prepago;Bronce HD;766;Rai Italia;SD;Mundo;No
Argentina;Prepago;Bronce HD;768;BBC News;SD;Mundo;No
Argentina;Prepago;Bronce HD;770;DW Español;SD;Mundo;No
Argentina;Prepago;Bronce HD;772;Caracol Internacional;SD;Mundo;No
Argentina;Prepago;Bronce HD;773;El Tiempo TV;SD;Mundo;Si
Argentina;Prepago;Bronce HD;774;TV Chile;SD;Mundo;Si
Argentina;Prepago;Bronce HD;775;Nuestra Tele;SD;Mundo;No
Argentina;Prepago;Bronce HD;776;TV Globo Internacional;SD;Mundo;No (No Adquirible)
Argentina;Prepago;Bronce HD;778;RTP Internacional;SD;Mundo;No
Argentina;Prepago;Bronce HD;780;Zee Mundo;SD;Mundo;No (No Adquirible)
Argentina;Prepago;Bronce HD;782;NHK World Japan;SD;Mundo;No (No Adquirible)
Argentina;Prepago;Bronce HD;790;CGTN Español;SD;Mundo;No
Argentina;Prepago;Bronce HD;795;TV Perú;SD;Mundo;Si
Argentina;Prepago;Bronce HD;800;OnDIRECTV;SD;Variedades;Si
Argentina;Prepago;Bronce HD;804;Escuela Más;SD;Variedades;No
Argentina;Prepago;Bronce HD;901;DSPORTS Radio;Radio;Radio;Si
Argentina;Prepago;Bronce HD;973;FM Aspen;Radio;Radio;Si
Argentina;Prepago;Bronce HD;974;Radio Nacional;Radio;Radio;Si
Argentina;Prepago;Bronce HD;976;Radio del Plata;Radio;Radio;Si
Argentina;Prepago;Bronce HD;977;Radio Disney;Radio;Radio;Si
Argentina;Prepago;Bronce HD;980;Unión Radio Noticias;Radio;Radio;Si
Argentina;Prepago;Bronce HD;981;FM Latina 101.1;Radio;Radio;Si
Argentina;Prepago;Bronce HD;982;Radio Caracol;Radio;Radio;Si
Argentina;Prepago;Bronce HD;984;Radio France Internationale;Radio;Radio;Si
Argentina;Prepago;Bronce HD;999;OnDIRECTV;SD;Variedades;Si
Argentina;Prepago;Bronce HD;1105;Gran Hermano - Experiencia Multicámara;SD;Variedades;Si
Argentina;Prepago;Bronce HD;1106;Gran Hermano - 24 hs;SD;Variedades;Si
Argentina;Prepago;Bronce HD;1107;Gran Hermano - Cámara 1;SD;Variedades;Si
Argentina;Prepago;Bronce HD;1108;Gran Hermano - Cámara 2;SD;Variedades;Si
Argentina;Prepago;Bronce HD;1109;Gran Hermano - Cámara 3;SD;Variedades;Si
Argentina;Prepago;Bronce HD;1120;América HD;HD;Nacional;Si
Argentina;Prepago;Bronce HD;1121;TV Pública HD;HD;Nacional;Si
Argentina;Prepago;Bronce HD;1122;El Nueve HD;HD;Nacional;Si
Argentina;Prepago;Bronce HD;1123;Telefe HD;HD;Nacional;Si
Argentina;Prepago;Bronce HD;1124;El Trece HD;HD;Nacional;Si
Argentina;Prepago;Bronce HD;1125;Net TV HD;HD;Nacional;Si
Argentina;Prepago;Bronce HD;1127;DSHOW HD;HD;Variedades;No
Argentina;Prepago;Bronce HD;1128;Encuentro HD;HD;Nacional;No
Argentina;Prepago;Bronce HD;1199;KZO HD;HD;Variedades;Si
Argentina;Prepago;Bronce HD;1200;DIRECTV Series HD;HD;Portal;No
Argentina;Prepago;Bronce HD;1204;Star Channel HD;HD;Variedades;Si
Argentina;Prepago;Bronce HD;1206;Warner Channel HD;HD;Variedades;Si
Argentina;Prepago;Bronce HD;1207;A&E HD;HD;Variedades;Si
Argentina;Prepago;Bronce HD;1208;Sony HD;HD;Variedades;No
Argentina;Prepago;Bronce HD;1209;AXN HD;HD;Variedades;No
Argentina;Prepago;Bronce HD;1210;AMC HD;HD;Variedades;No
Argentina;Prepago;Bronce HD;1213;TNT Series HD;HD;Variedades;No
Argentina;Prepago;Bronce HD;1214;Atres Series HD;HD;Variedades;No
Argentina;Prepago;Bronce HD;1215;Comedy Central HD;HD;Variedades;No
Argentina;Prepago;Bronce HD;1217;FX HD;HD;Variedades;Si
Argentina;Prepago;Bronce HD;1218;Universal TV HD;HD;Variedades;Si
Argentina;Prepago;Bronce HD;1219;USA Network HD;HD;Variedades;No
Argentina;Prepago;Bronce HD;1221;Hola TV HD;HD;Variedades;Si
Argentina;Prepago;Bronce HD;1222;E! HD;HD;Variedades;Si
Argentina;Prepago;Bronce HD;1223;ID HD;HD;Variedades;No
Argentina;Prepago;Bronce HD;1228;Lifetime HD;HD;Variedades;No
Argentina;Prepago;Bronce HD;1229;Discovery Home & Health HD;HD;Variedades;Si
Argentina;Prepago;Bronce HD;1231;A la Cocina TV;HD;Variedades;No
Argentina;Prepago;Bronce HD;1232;El Gourmet HD;HD;Variedades;No
Argentina;Prepago;Bronce HD;1233;Food Network HD;HD;Variedades;No
Argentina;Prepago;Bronce HD;1234;HGTV HD;HD;Variedades;No
Argentina;Prepago;Bronce HD;1236;Ciudad Magazine HD;HD;Variedades;Si
Argentina;Prepago;Bronce HD;1237;VePlus HD;HD;Variedades;Si
Argentina;Prepago;Bronce HD;1264;MTV HD;HD;Variedades;Si
Argentina;Prepago;Bronce HD;1265;Music Top HD;HD;Variedades;No
Argentina;Prepago;Bronce HD;1266;Tierra Mía HD;HD;Variedades;No
Argentina;Prepago;Bronce HD;1267;DSHOW;SD;Variedades;No
Argentina;Prepago;Bronce HD;1269;Quiero Música en Mi Idioma (QMusic) HD;HD;Variedades;Si
Argentina;Prepago;Bronce HD;1270;Latina TV;HD;Variedades;Si
Argentina;Prepago;Bronce HD;1304;Cartoon Network HD;HD;Infantil;Si
Argentina;Prepago;Bronce HD;1308;Nick HD;HD;Infantil;No
Argentina;Prepago;Bronce HD;1309;Nick Jr. HD;HD;Infantil;No
Argentina;Prepago;Bronce HD;1312;Disney Channel HD;HD;Infantil;Si
Argentina;Prepago;Bronce HD;1315;Disney Junior HD;HD;Infantil;Si
Argentina;Prepago;Bronce HD;1317;BabyTV;SD;Infantil;No
Argentina;Prepago;Bronce HD;1318;Plim Plim;SD;Infantil;Si
Argentina;Prepago;Bronce HD;1319;El Reino Infantil;SD;Infantil;Si
Argentina;Prepago;Bronce HD;1330;Discovery Kids HD;HD;Infantil;Si
Argentina;Prepago;Bronce HD;1402;PPV HD;HD;PPV;No
Argentina;Prepago;Bronce HD;1404;PPV HD;HD;PPV;No
Argentina;Prepago;Bronce HD;1406;PPV HD;HD;PPV;No
Argentina;Prepago;Bronce HD;1408;PPV HD;HD;PPV;No
Argentina;Prepago;Bronce HD;1410;PPV HD;HD;PPV;No
Argentina;Prepago;Bronce HD;1502;TNT HD;HD;Cine;Si
Argentina;Prepago;Bronce HD;1503;Golden HD;HD;Cine;No
Argentina;Prepago;Bronce HD;1506;Sony Movies HD;HD;Cine;No
Argentina;Prepago;Bronce HD;1507;Cinecanal HD;HD;Cine;Si
Argentina;Prepago;Bronce HD;1508;Studio Universal HD;HD;Cine;Si
Argentina;Prepago;Bronce HD;1509;Cinemax HD;HD;Cine;No
Argentina;Prepago;Bronce HD;1510;Mórbido TV;SD;Cine;Si
Argentina;Prepago;Bronce HD;1513;DHE HD;HD;Cine;No
Argentina;Prepago;Bronce HD;1518;Space HD;HD;Cine;Si
Argentina;Prepago;Bronce HD;1524;HBO HD;HD;Cine;No (Adquirible)
Argentina;Prepago;Bronce HD;1525;HBO 2 HD;HD;Cine;No (Adquirible)
Argentina;Prepago;Bronce HD;1528;HBO Signature HD;HD;Cine;No (Adquirible)
Argentina;Prepago;Bronce HD;1532;HBO Plus HD;HD;Cine;No (Adquirible)
Argentina;Prepago;Bronce HD;1534;HBO Family HD;HD;Cine;No (Adquirible)
Argentina;Prepago;Bronce HD;1542;HBO Xtreme HD;HD;Cine;No (Adquirible)
Argentina;Prepago;Bronce HD;1571;UNIVERSAL Premiere Este HD;HD;Cine;No (Adquirible)
Argentina;Prepago;Bronce HD;1572;UNIVERSAL Cinema Oeste HD;HD;Cine;No (Adquirible)
Argentina;Prepago;Bronce HD;1573;UNIVERSAL Comedy HD;HD;Cine;No (Adquirible)
Argentina;Prepago;Bronce HD;1574;UNIVERSAL Crime HD;HD;Cine;No (Adquirible)
Argentina;Prepago;Bronce HD;1575;UNIVERSAL Reality HD;HD;Cine;No (Adquirible)
Argentina;Prepago;Bronce HD;1576;UNIVERSAL Premiere Oeste HD;HD;Cine;No (Adquirible)
Argentina;Prepago;Bronce HD;1577;UNIVERSAL Crime Oeste HD;HD;Cine;No (Adquirible)
Argentina;Prepago;Bronce HD;1601;Nueva señal - Nombre TBD;SD;Variedades;No
Argentina;Prepago;Bronce HD;1602;Portal Fútbol Premium;Portal;Portal;Si
Argentina;Prepago;Bronce HD;1603;TNT Sports HD;HD;Deportes;No
Argentina;Prepago;Bronce HD;1604;Fox Sports Premium HD;HD;Deportes;No
Argentina;Prepago;Bronce HD;1605;Fox Sports HD;HD;Deportes;Si
Argentina;Prepago;Bronce HD;1608;Fox Sports 2 HD;HD;Deportes;Si
Argentina;Prepago;Bronce HD;1609;Fox Sports 3 HD;HD;Deportes;Si
Argentina;Prepago;Bronce HD;1610;DSPORTS HD;HD;Deportes;Si
Argentina;Prepago;Bronce HD;1612;DSPORTS 2 HD;HD;Deportes;Si
Argentina;Prepago;Bronce HD;1613;DSPORTS+ HD;HD;Deportes;Si
Argentina;Prepago;Bronce HD;1620;TyC Sports HD;HD;Deportes;Si
Argentina;Prepago;Bronce HD;1621;ESPN HD;HD;Deportes;Si
Argentina;Prepago;Bronce HD;1622;ESPN 2 HD;HD;Deportes;Si
Argentina;Prepago;Bronce HD;1623;ESPN 3 HD;HD;Deportes;Si
Argentina;Prepago;Bronce HD;1624;ESPN 4;HD;Deportes;No
Argentina;Prepago;Bronce HD;1628;Golf Channel HD;HD;Deportes;No
Argentina;Prepago;Bronce HD;1630;DSPORTS;SD;Deportes;Si
Argentina;Prepago;Bronce HD;1631;DSPORTS Radio;Radio;Radio;Si
Argentina;Prepago;Bronce HD;1639;PX Sports;HD;Deportes;No
Argentina;Prepago;Bronce HD;1654;DeporTV HD;HD;Deportes;Si
Argentina;Prepago;Bronce HD;1656;DeporTV HD;HD;Deportes;No
Argentina;Prepago;Bronce HD;1677;NBA TV HD;HD;Deportes;No
Argentina;Prepago;Bronce HD;1700;DNEWS HD;HD;Variedades;Si
Argentina;Prepago;Bronce HD;1714;DSHOW;SD;Variedades;No
Argentina;Prepago;Bronce HD;1715;La Nación+ HD;HD;Mundo;Si
Argentina;Prepago;Bronce HD;1716;TN HD;HD;Mundo;Si
Argentina;Prepago;Bronce HD;1717;C5N HD;HD;Local;Si
Argentina;Prepago;Bronce HD;1719;A24 HD;HD;Mundo;Si
Argentina;Prepago;Bronce HD;1720;Canal 26 HD;HD;Mundo;Si
Argentina;Prepago;Bronce HD;1721;Argentina 12 HD;HD;Mundo;Si
Argentina;Prepago;Bronce HD;1722;Canal E;HD;Variedades;No
Argentina;Prepago;Bronce HD;1724;TV Perú Noticias HD;HD;Mundo;Si
Argentina;Prepago;Bronce HD;1730;National Geographic HD;HD;Mundo;Si
Argentina;Prepago;Bronce HD;1731;Discovery Theater HD;HD;Mundo;No
Argentina;Prepago;Bronce HD;1732;Discovery Channel HD;HD;Mundo;Si
Argentina;Prepago;Bronce HD;1734;Animal Planet HD;HD;Mundo;Si
Argentina;Prepago;Bronce HD;1738;Discovery World HD;HD;Mundo;No
Argentina;Prepago;Bronce HD;1740;TLC HD;HD;Mundo;No
Argentina;Prepago;Bronce HD;1742;History Channel HD;HD;Mundo;No
Argentina;Prepago;Bronce HD;1744;History 2 HD;HD;Mundo;No
Argentina;Prepago;Bronce HD;1748;Canal (A) HD;HD;Mundo;No
Argentina;Prepago;Bronce HD;1750;Encuentro Internacional HD;HD;Variedades;No
Argentina;Prepago;Bronce HD;1762;Antena 3 HD;HD;Mundo;No
Argentina;Prepago;Bronce HD;1764;France 24 Español;SD;Mundo;Si
Argentina;Prepago;Bronce HD;1789;TV Ciudad HD;HD;Variedades;Si
Argentina;Prepago;Bronce HD;1795;TV Perú HD;HD;Mundo;Si
Argentina;Prepago;Bronce HD;1804;Escuela Más HD;HD;Variedades;No
Argentina;Prepago;Bronce HD;4000;DIRECTV Ultra HD: 4K;4K;4K;No
Argentina;Prepago;Oro HD;100;Canal 100 DIRECTV;Portal;Portal;Si
Argentina;Prepago;Oro HD;101;Canal 101 Prepago;Portal;Portal;No
Argentina;Prepago;Oro HD;105;Gran Hermano - Experiencia Multicámara;SD;Variedades;Si
Argentina;Prepago;Oro HD;106;Gran Hermano - 24 hs;SD;Variedades;Si
Argentina;Prepago;Oro HD;107;Gran Hermano - Cámara 1;SD;Variedades;Si
Argentina;Prepago;Oro HD;108;Gran Hermano - Cámara 2;SD;Variedades;Si
Argentina;Prepago;Oro HD;109;Gran Hermano - Cámara 3;SD;Variedades;Si
Argentina;Prepago;Oro HD;120;América;SD;Nacional;Si
Argentina;Prepago;Oro HD;121;TV Pública;SD;Nacional;Si
Argentina;Prepago;Oro HD;122;El Nueve;SD;Nacional;Si
Argentina;Prepago;Oro HD;123;Telefe;SD;Nacional;Si
Argentina;Prepago;Oro HD;124;El Trece;SD;Nacional;Si
Argentina;Prepago;Oro HD;125;Net TV;SD;Nacional;Si
Argentina;Prepago;Oro HD;126;Bravo TV;SD;Variedades;Si
Argentina;Prepago;Oro HD;127;DSHOW;SD;Variedades;No
Argentina;Prepago;Oro HD;128;Encuentro;SD;Nacional;Si
Argentina;Prepago;Oro HD;129;Canal de la Ciudad;SD;Local;Si
Argentina;Prepago;Oro HD;130;Canal 7 Mendoza;SD;Local;Si
Argentina;Prepago;Oro HD;131;Canal 9 Mendoza;SD;Local;Si
Argentina;Prepago;Oro HD;132;Telediario;SD;Local;Si
Argentina;Prepago;Oro HD;133;Canal 7 de Jujuy;SD;Local;Si
Argentina;Prepago;Oro HD;134;Canal 3 Rosario;SD;Nacional;Si
Argentina;Prepago;Oro HD;135;Canal 12 de Córdoba;SD;Local;Si
Argentina;Prepago;Oro HD;136;Telefé Córdoba;SD;Local;Si
Argentina;Prepago;Oro HD;137;Telefe Rosario;SD;Local;Si
Argentina;Prepago;Oro HD;139;Televisión Pública Pampeana;SD;Local;Si
Argentina;Prepago;Oro HD;140;Canal 8 San Juan;SD;Local;No
Argentina;Prepago;Oro HD;160;Infomerciales;SD;Variedades;Si
Argentina;Prepago;Oro HD;199;KZO;SD;Variedades;Si
Argentina;Prepago;Oro HD;200;DIRECTV Series;SD;Portal;Si
Argentina;Prepago;Oro HD;204;Star Channel;SD;Variedades;Si
Argentina;Prepago;Oro HD;206;Warner Channel;SD;Variedades;Si
Argentina;Prepago;Oro HD;207;A&E;SD;Variedades;Si
Argentina;Prepago;Oro HD;208;Sony;SD;Variedades;Si
Argentina;Prepago;Oro HD;209;AXN;SD;Variedades;No
Argentina;Prepago;Oro HD;210;AMC;SD;Variedades;No
Argentina;Prepago;Oro HD;213;TNT Series;SD;Variedades;No
Argentina;Prepago;Oro HD;214;Atres Series;SD;Variedades;No
Argentina;Prepago;Oro HD;215;Comedy Central;SD;Variedades;No
Argentina;Prepago;Oro HD;216;TNT Novelas;SD;Variedades;No
Argentina;Prepago;Oro HD;217;FX;SD;Variedades;Si
Argentina;Prepago;Oro HD;218;Universal TV;SD;Variedades;Si
Argentina;Prepago;Oro HD;219;USA Network;SD;Variedades;No
Argentina;Prepago;Oro HD;220;Adult Swim;SD;Variedades;No
Argentina;Prepago;Oro HD;221;¡Hola! TV;SD;Variedades;No
Argentina;Prepago;Oro HD;222;E!;SD;Variedades;Si
Argentina;Prepago;Oro HD;223;Investigation Discovery (ID);SD;Variedades;No
Argentina;Prepago;Oro HD;226;Las Estrellas;SD;Variedades;No
Argentina;Prepago;Oro HD;227;TLnovelas;SD;Variedades;No
Argentina;Prepago;Oro HD;228;Lifetime;SD;Variedades;No
Argentina;Prepago;Oro HD;229;Discovery Home & Health;SD;Variedades;Si
Argentina;Prepago;Oro HD;230;Más Chic;SD;Variedades;No
Argentina;Prepago;Oro HD;231;Telemundo;SD;Variedades;No
Argentina;Prepago;Oro HD;232;El Gourmet;SD;Variedades;No
Argentina;Prepago;Oro HD;233;Food Network;SD;Variedades;No
Argentina;Prepago;Oro HD;236;Ciudad Magazine;SD;Variedades;Si
Argentina;Prepago;Oro HD;238;Volver;SD;Variedades;Si
Argentina;Prepago;Oro HD;240;Caras TV;SD;Mundo;Si
Argentina;Prepago;Oro HD;264;MTV;SD;Variedades;Si
Argentina;Prepago;Oro HD;267;DSHOW;SD;Variedades;No
Argentina;Prepago;Oro HD;269;Quiero Música en Mi Idioma (QMusic);SD;Variedades;Si
Argentina;Prepago;Oro HD;296;Unión Radio Noticias;Radio;Radio;No
Argentina;Prepago;Oro HD;300;OnDIRECTV;SD;Variedades;No
Argentina;Prepago;Oro HD;301;Star Fun;SD;PPV;No
Argentina;Prepago;Oro HD;302;HBO Family;SD;Cine;No
Argentina;Prepago;Oro HD;303;Paka Paka;SD;Infantil;Si
Argentina;Prepago;Oro HD;304;Cartoon Network;SD;Infantil;Si
Argentina;Prepago;Oro HD;308;Nickelodeon;SD;Infantil;No
Argentina;Prepago;Oro HD;309;Nick Jr.;SD;Infantil;No
Argentina;Prepago;Oro HD;312;Disney Channel;SD;Infantil;Si
Argentina;Prepago;Oro HD;315;Disney Junior;SD;Infantil;Si
Argentina;Prepago;Oro HD;317;BabyTV;SD;Infantil;No
Argentina;Prepago;Oro HD;318;Plim Plim;SD;Infantil;No
Argentina;Prepago;Oro HD;319;El Reino Infantil;SD;Infantil;No
Argentina;Prepago;Oro HD;330;Discovery Kids;SD;Infantil;Si
Argentina;Prepago;Oro HD;334;Cartoonito;SD;Infantil;No
Argentina;Prepago;Oro HD;350;EWTN;SD;Religioso;No
Argentina;Prepago;Oro HD;351;Orbe 21;SD;Religioso;Si
Argentina;Prepago;Oro HD;352;Enlace;SD;Religioso;Si
Argentina;Prepago;Oro HD;354;Canal Luz;SD;Religioso;Si
Argentina;Prepago;Oro HD;358;DayStar;SD;Religioso;Si
Argentina;Prepago;Oro HD;400;Placa DIRECTV GO;Portal;Portal;No
Argentina;Prepago;Oro HD;401;SMS CINE PPV;Portal;Portal;No
Argentina;Prepago;Oro HD;402;CINE;SD;PPV;No
Argentina;Prepago;Oro HD;404;CINE;SD;PPV;No
Argentina;Prepago;Oro HD;406;CINE;SD;PPV;No
Argentina;Prepago;Oro HD;408;CINE;SD;PPV;No
Argentina;Prepago;Oro HD;410;CINE;SD;PPV;No
Argentina;Prepago;Oro HD;460;SMS ADULTOS PPV;Portal;Portal;Si
Argentina;Prepago;Oro HD;464;Playboy TV;SD;Adultos;No
Argentina;Prepago;Oro HD;468;Venus;SD;Adultos;No
Argentina;Prepago;Oro HD;469;XTSY;SD;Adultos;No
Argentina;Prepago;Oro HD;470;Hustler TV HD;HD;Adultos;No
Argentina;Prepago;Oro HD;500;OnDIRECTV;SD;Variedades;No
Argentina;Prepago;Oro HD;502;TNT;SD;Cine;Si
Argentina;Prepago;Oro HD;503;Golden;SD;Cine;No
Argentina;Prepago;Oro HD;506;Sony Movies;SD;Cine;No
Argentina;Prepago;Oro HD;507;Cinecanal;SD;Cine;Si
Argentina;Prepago;Oro HD;508;Studio Universal;SD;Cine;Si
Argentina;Prepago;Oro HD;509;Cinemax;SD;Cine;No
Argentina;Prepago;Oro HD;510;Mórbido TV;SD;Cine;No
Argentina;Prepago;Oro HD;512;Cine.AR;SD;Cine;Si
Argentina;Prepago;Oro HD;513;DHE;SD;Cine;No
Argentina;Prepago;Oro HD;516;De Película;SD;Cine;No
Argentina;Prepago;Oro HD;517;Golden Edge;SD;Cine;No
Argentina;Prepago;Oro HD;518;Space;SD;Cine;Si
Argentina;Prepago;Oro HD;522;HBO Next;Portal;Portal;No
Argentina;Prepago;Oro HD;524;HBO;SD;Cine;No
Argentina;Prepago;Oro HD;525;HBO 2;SD;Cine;No
Argentina;Prepago;Oro HD;526;HBO Plus Este;SD;Cine;No
Argentina;Prepago;Oro HD;528;HBO Signature;SD;Cine;No
Argentina;Prepago;Oro HD;534;HBO Family;SD;Cine;No
Argentina;Prepago;Oro HD;540;HBO Mundi;SD;Cine;No
Argentina;Prepago;Oro HD;541;HBO Pop;SD;Cine;No
Argentina;Prepago;Oro HD;542;HBO Xtreme;SD;Cine;No
Argentina;Prepago;Oro HD;544;HBO Next;Portal;Portal;No
Argentina;Prepago;Oro HD;550;OnDIRECTV;SD;Variedades;No
Argentina;Prepago;Oro HD;551;Cómo Contratar Premium;SD;Portal;No
Argentina;Prepago;Oro HD;570;Portal Premium;SD;Portal;Si
Argentina;Prepago;Oro HD;571;UNIVERSAL Premiere Este;SD;Cine;No (Adquirible)
Argentina;Prepago;Oro HD;572;UNIVERSAL Cinema Oeste;SD;Cine;No (Adquirible)
Argentina;Prepago;Oro HD;573;UNIVERSAL Comedy;SD;Cine;No (Adquirible)
Argentina;Prepago;Oro HD;574;UNIVERSAL Crime;SD;Cine;No (Adquirible)
Argentina;Prepago;Oro HD;575;UNIVERSAL Reality;SD;Cine;No (Adquirible)
Argentina;Prepago;Oro HD;576;UNIVERSAL Premiere Oeste;SD;Cine;No (Adquirible)
Argentina;Prepago;Oro HD;577;UNIVERSAL Crime Oeste;SD;Cine;No (Adquirible)
Argentina;Prepago;Oro HD;599;Bienvenido a DIRECTV;Portal;Portal;No
Argentina;Prepago;Oro HD;600;Portal DIRECTV Sports;Portal;Portal;No
Argentina;Prepago;Oro HD;601;Nueva señal - Nombre TBD;SD;Variedades;No
Argentina;Prepago;Oro HD;602;Portal Fútbol Premium;Portal;Portal;No
Argentina;Prepago;Oro HD;603;TNT Sports;SD;Deportes;No
Argentina;Prepago;Oro HD;604;ESPN Premium;SD;Deportes;No
Argentina;Prepago;Oro HD;605;Fox Sports;SD;Deportes;Si
Argentina;Prepago;Oro HD;608;Fox Sports 2;SD;Deportes;No
Argentina;Prepago;Oro HD;609;Fox Sports 3;SD;Deportes;Si
Argentina;Prepago;Oro HD;610;DSPORTS;SD;Deportes;No
Argentina;Prepago;Oro HD;612;DSPORTS 2;SD;Deportes;No
Argentina;Prepago;Oro HD;613;DSPORTS+;SD;Deportes;No
Argentina;Prepago;Oro HD;620;TyC Sports;SD;Deportes;Si
Argentina;Prepago;Oro HD;621;ESPN;SD;Deportes;Si
Argentina;Prepago;Oro HD;622;ESPN 2;SD;Deportes;Si
Argentina;Prepago;Oro HD;623;ESPN 3;SD;Deportes;Si
Argentina;Prepago;Oro HD;628;Golf Channel;SD;Deportes;No
Argentina;Prepago;Oro HD;630;DIRECTV Sports;SD;Deportes;No
Argentina;Prepago;Oro HD;631;DSPORTS Radio;Radio;Radio;Si
Argentina;Prepago;Oro HD;632;TyC Sports 2 (virtual);SD;Deportes;No
Argentina;Prepago;Oro HD;634;Fútbol de Paraguay;SD;Deportes;No
Argentina;Prepago;Oro HD;635;Fútbol de Bolivia;SD;Deportes;No
Argentina;Prepago;Oro HD;656;DeporTV;SD;Deportes;Si
Argentina;Prepago;Oro HD;680;MLB Extra Innings;SD;Deportes;No
Argentina;Prepago;Oro HD;681;MLB Extra Innings;SD;Deportes;No
Argentina;Prepago;Oro HD;700;DNEWS;SD;Variedades;Si
Argentina;Prepago;Oro HD;704;CNN en Español;SD;Mundo;Si
Argentina;Prepago;Oro HD;706;CNN International;SD;Mundo;No
Argentina;Prepago;Oro HD;707;CNN Chile;SD;Mundo;No
Argentina;Prepago;Oro HD;708;24 HORAS;SD;Mundo;No
Argentina;Prepago;Oro HD;710;Bloomberg Television;SD;Mundo;No
Argentina;Prepago;Oro HD;714;Nueva señal - TBD;SD;Variedades;No
Argentina;Prepago;Oro HD;715;La Nación+;SD;Mundo;Si
Argentina;Prepago;Oro HD;716;Todo Noticias (TN);SD;Mundo;Si
Argentina;Prepago;Oro HD;717;C5N;SD;Mundo;Si
Argentina;Prepago;Oro HD;718;Crónica TV;SD;Mundo;Si
Argentina;Prepago;Oro HD;719;A24;SD;Mundo;Si
Argentina;Prepago;Oro HD;720;Canal 26;SD;Mundo;Si
Argentina;Prepago;Oro HD;721;Argentina 12;SD;Mundo;No
Argentina;Prepago;Oro HD;724;Chacra TV;SD;Mundo;Si
Argentina;Prepago;Oro HD;725;NTN24;SD;Mundo;No
Argentina;Prepago;Oro HD;726;Telemax;SD;Mundo;Si
Argentina;Prepago;Oro HD;727;Cable Noticias;SD;Mundo;No
Argentina;Prepago;Oro HD;728;Canal Rural;SD;Nacional;Si
Argentina;Prepago;Oro HD;729;Construir TV;SD;Mundo;Si
Argentina;Prepago;Oro HD;730;National Geographic;SD;Mundo;Si
Argentina;Prepago;Oro HD;732;Discovery Channel;SD;Mundo;Si
Argentina;Prepago;Oro HD;734;Animal Planet;SD;Mundo;Si
Argentina;Prepago;Oro HD;736;Discovery Turbo;SD;Mundo;No
Argentina;Prepago;Oro HD;740;TLC;SD;Mundo;No
Argentina;Prepago;Oro HD;742;History Channel;SD;Mundo;Si
Argentina;Prepago;Oro HD;744;History 2;SD;Mundo;No
Argentina;Prepago;Oro HD;760;Univision;SD;Mundo;No
Argentina;Prepago;Oro HD;762;Antena 3;SD;Mundo;No
Argentina;Prepago;Oro HD;764;France 24 Español;SD;Mundo;No
Argentina;Prepago;Oro HD;766;Rai Italia;SD;Mundo;No
Argentina;Prepago;Oro HD;768;BBC News;SD;Mundo;No
Argentina;Prepago;Oro HD;770;DW Español;SD;Mundo;No
Argentina;Prepago;Oro HD;772;Caracol Internacional;SD;Mundo;No
Argentina;Prepago;Oro HD;773;El Tiempo TV;SD;Mundo;No
Argentina;Prepago;Oro HD;774;TV Chile;SD;Mundo;No
Argentina;Prepago;Oro HD;775;Nuestra Tele;SD;Mundo;No
Argentina;Prepago;Oro HD;776;TV Globo Internacional;SD;Mundo;No
Argentina;Prepago;Oro HD;778;RTP Internacional;SD;Mundo;No
Argentina;Prepago;Oro HD;780;Zee Mundo;SD;Mundo;No
Argentina;Prepago;Oro HD;782;NHK World Japan;SD;Mundo;No
Argentina;Prepago;Oro HD;790;CGTN Español;SD;Mundo;No
Argentina;Prepago;Oro HD;795;TV Perú;SD;Mundo;No
Argentina;Prepago;Oro HD;800;OnDIRECTV;SD;Variedades;No
Argentina;Prepago;Oro HD;804;Escuela Más;SD;Variedades;No
Argentina;Prepago;Oro HD;901;DSPORTS Radio;Radio;Radio;No
Argentina;Prepago;Oro HD;973;FM Aspen;Radio;Radio;No
Argentina;Prepago;Oro HD;974;Radio Nacional;Radio;Radio;No
Argentina;Prepago;Oro HD;976;Radio del Plata;Radio;Radio;No
Argentina;Prepago;Oro HD;977;Radio Disney;Radio;Radio;No
Argentina;Prepago;Oro HD;980;Unión Radio Noticias;Radio;Radio;No
Argentina;Prepago;Oro HD;981;FM Latina 101.1;Radio;Radio;No
Argentina;Prepago;Oro HD;982;Radio Caracol;Radio;Radio;No
Argentina;Prepago;Oro HD;984;Radio France Internationale;Radio;Radio;No
Argentina;Prepago;Oro HD;999;OnDIRECTV;SD;Variedades;No
Argentina;Prepago;Oro HD;1105;Gran Hermano - Experiencia Multicámara;SD;Variedades;Si
Argentina;Prepago;Oro HD;1106;Gran Hermano - 24 hs;SD;Variedades;Si
Argentina;Prepago;Oro HD;1107;Gran Hermano - Cámara 1;SD;Variedades;Si
Argentina;Prepago;Oro HD;1108;Gran Hermano - Cámara 2;SD;Variedades;Si
Argentina;Prepago;Oro HD;1109;Gran Hermano - Cámara 3;SD;Variedades;Si
Argentina;Prepago;Oro HD;1120;América HD;HD;Nacional;Si
Argentina;Prepago;Oro HD;1121;TV Pública HD;HD;Nacional;Si
Argentina;Prepago;Oro HD;1122;El Nueve HD;HD;Nacional;Si
Argentina;Prepago;Oro HD;1123;Telefe HD;HD;Nacional;Si
Argentina;Prepago;Oro HD;1124;El Trece HD;HD;Nacional;Si
Argentina;Prepago;Oro HD;1125;Net TV HD;HD;Nacional;Si
Argentina;Prepago;Oro HD;1127;DSHOW HD;HD;Variedades;No
Argentina;Prepago;Oro HD;1128;Encuentro HD;HD;Nacional;No
Argentina;Prepago;Oro HD;1199;KZO HD;HD;Variedades;Si
Argentina;Prepago;Oro HD;1200;DIRECTV Series HD;HD;Portal;Si
Argentina;Prepago;Oro HD;1204;Star Channel HD;HD;Variedades;Si
Argentina;Prepago;Oro HD;1206;Warner Channel HD;HD;Variedades;Si
Argentina;Prepago;Oro HD;1207;A&E HD;HD;Variedades;Si
Argentina;Prepago;Oro HD;1208;Sony HD;HD;Variedades;Si
Argentina;Prepago;Oro HD;1209;AXN HD;HD;Variedades;Si
Argentina;Prepago;Oro HD;1210;AMC HD;HD;Variedades;No
Argentina;Prepago;Oro HD;1213;TNT Series HD;HD;Variedades;No
Argentina;Prepago;Oro HD;1214;Atres Series HD;HD;Variedades;No
Argentina;Prepago;Oro HD;1215;Comedy Central HD;HD;Variedades;No
Argentina;Prepago;Oro HD;1217;FX HD;HD;Variedades;Si
Argentina;Prepago;Oro HD;1218;Universal TV HD;HD;Variedades;Si
Argentina;Prepago;Oro HD;1219;USA Network HD;HD;Variedades;No
Argentina;Prepago;Oro HD;1221;Hola TV HD;HD;Variedades;No
Argentina;Prepago;Oro HD;1222;E! HD;HD;Variedades;Si
Argentina;Prepago;Oro HD;1223;ID HD;HD;Variedades;No
Argentina;Prepago;Oro HD;1228;Lifetime HD;HD;Variedades;No
Argentina;Prepago;Oro HD;1229;Discovery Home & Health HD;HD;Variedades;Si
Argentina;Prepago;Oro HD;1231;A la Cocina TV;HD;Variedades;Si
Argentina;Prepago;Oro HD;1232;El Gourmet HD;HD;Variedades;No
Argentina;Prepago;Oro HD;1233;Food Network HD;HD;Variedades;No
Argentina;Prepago;Oro HD;1234;HGTV HD;HD;Variedades;No
Argentina;Prepago;Oro HD;1236;Ciudad Magazine HD;HD;Variedades;Si
Argentina;Prepago;Oro HD;1237;VePlus HD;HD;Variedades;No
Argentina;Prepago;Oro HD;1264;MTV HD;HD;Variedades;Si
Argentina;Prepago;Oro HD;1265;Music Top HD;HD;Variedades;Si
Argentina;Prepago;Oro HD;1266;Tierra Mía HD;HD;Variedades;Si
Argentina;Prepago;Oro HD;1267;DSHOW;SD;Variedades;No
Argentina;Prepago;Oro HD;1269;Quiero Música en Mi Idioma (QMusic) HD;HD;Variedades;Si
Argentina;Prepago;Oro HD;1270;Latina TV;HD;Variedades;Si
Argentina;Prepago;Oro HD;1304;Cartoon Network HD;HD;Infantil;Si
Argentina;Prepago;Oro HD;1308;Nick HD;HD;Infantil;No
Argentina;Prepago;Oro HD;1309;Nick Jr. HD;HD;Infantil;No
Argentina;Prepago;Oro HD;1312;Disney Channel HD;HD;Infantil;Si
Argentina;Prepago;Oro HD;1315;Disney Junior HD;HD;Infantil;Si
Argentina;Prepago;Oro HD;1317;BabyTV;SD;Infantil;No
Argentina;Prepago;Oro HD;1318;Plim Plim;SD;Infantil;No
Argentina;Prepago;Oro HD;1319;El Reino Infantil;SD;Infantil;No
Argentina;Prepago;Oro HD;1330;Discovery Kids HD;HD;Infantil;Si
Argentina;Prepago;Oro HD;1402;PPV HD;HD;PPV;No
Argentina;Prepago;Oro HD;1404;PPV HD;HD;PPV;No
Argentina;Prepago;Oro HD;1406;PPV HD;HD;PPV;No
Argentina;Prepago;Oro HD;1408;PPV HD;HD;PPV;No
Argentina;Prepago;Oro HD;1410;PPV HD;HD;PPV;No
Argentina;Prepago;Oro HD;1502;TNT HD;HD;Cine;Si
Argentina;Prepago;Oro HD;1503;Golden HD;HD;Cine;No
Argentina;Prepago;Oro HD;1506;Sony Movies HD;HD;Cine;No
Argentina;Prepago;Oro HD;1507;Cinecanal HD;HD;Cine;Si
Argentina;Prepago;Oro HD;1508;Studio Universal HD;HD;Cine;Si
Argentina;Prepago;Oro HD;1509;Cinemax HD;HD;Cine;No
Argentina;Prepago;Oro HD;1510;Mórbido TV;SD;Cine;No
Argentina;Prepago;Oro HD;1513;DHE HD;HD;Cine;No
Argentina;Prepago;Oro HD;1518;Space HD;HD;Cine;Si
Argentina;Prepago;Oro HD;1524;HBO HD;HD;Cine;No
Argentina;Prepago;Oro HD;1525;HBO 2 HD;HD;Cine;No
Argentina;Prepago;Oro HD;1528;HBO Signature HD;HD;Cine;No
Argentina;Prepago;Oro HD;1532;HBO Plus HD;HD;Cine;No
Argentina;Prepago;Oro HD;1534;HBO Family HD;HD;Cine;No
Argentina;Prepago;Oro HD;1542;HBO Xtreme HD;HD;Cine;No
Argentina;Prepago;Oro HD;1571;UNIVERSAL Premiere Este HD;HD;Cine;No (Adquirible)
Argentina;Prepago;Oro HD;1572;UNIVERSAL Cinema Oeste HD;HD;Cine;No (Adquirible)
Argentina;Prepago;Oro HD;1573;UNIVERSAL Comedy HD;HD;Cine;No (Adquirible)
Argentina;Prepago;Oro HD;1574;UNIVERSAL Crime HD;HD;Cine;No (Adquirible)
Argentina;Prepago;Oro HD;1575;UNIVERSAL Reality HD;HD;Cine;No (Adquirible)
Argentina;Prepago;Oro HD;1576;UNIVERSAL Premiere Oeste HD;HD;Cine;No (Adquirible)
Argentina;Prepago;Oro HD;1577;UNIVERSAL Crime Oeste HD;HD;Cine;No (Adquirible)
Argentina;Prepago;Oro HD;1601;Nueva señal - Nombre TBD;SD;Variedades;No
Argentina;Prepago;Oro HD;1602;Portal Fútbol Premium;Portal;Portal;No
Argentina;Prepago;Oro HD;1603;TNT Sports HD;HD;Deportes;No
Argentina;Prepago;Oro HD;1604;Fox Sports Premium HD;HD;Deportes;No
Argentina;Prepago;Oro HD;1605;Fox Sports HD;HD;Deportes;Si
Argentina;Prepago;Oro HD;1608;Fox Sports 2 HD;HD;Deportes;No
Argentina;Prepago;Oro HD;1609;Fox Sports 3 HD;HD;Deportes;Si
Argentina;Prepago;Oro HD;1610;DSPORTS HD;HD;Deportes;No
Argentina;Prepago;Oro HD;1612;DSPORTS 2 HD;HD;Deportes;No
Argentina;Prepago;Oro HD;1613;DSPORTS+ HD;HD;Deportes;No
Argentina;Prepago;Oro HD;1620;TyC Sports HD;HD;Deportes;Si
Argentina;Prepago;Oro HD;1621;ESPN HD;HD;Deportes;Si
Argentina;Prepago;Oro HD;1622;ESPN 2 HD;HD;Deportes;Si
Argentina;Prepago;Oro HD;1623;ESPN 3 HD;HD;Deportes;Si
Argentina;Prepago;Oro HD;1624;ESPN 4;HD;Deportes;No
Argentina;Prepago;Oro HD;1628;Golf Channel HD;HD;Deportes;No
Argentina;Prepago;Oro HD;1630;DSPORTS;SD;Deportes;No
Argentina;Prepago;Oro HD;1631;DSPORTS Radio;Radio;Radio;Si
Argentina;Prepago;Oro HD;1639;PX Sports;HD;Deportes;No
Argentina;Prepago;Oro HD;1654;DeporTV HD;HD;Deportes;Si
Argentina;Prepago;Oro HD;1656;DeporTV HD;HD;Deportes;No
Argentina;Prepago;Oro HD;1677;NBA TV HD;HD;Deportes;No
Argentina;Prepago;Oro HD;1700;DNEWS HD;HD;Variedades;Si
Argentina;Prepago;Oro HD;1714;DSHOW;SD;Variedades;No
Argentina;Prepago;Oro HD;1715;La Nación+ HD;HD;Mundo;Si
Argentina;Prepago;Oro HD;1716;TN HD;HD;Mundo;Si
Argentina;Prepago;Oro HD;1717;C5N HD;HD;Local;Si
Argentina;Prepago;Oro HD;1719;A24 HD;HD;Mundo;Si
Argentina;Prepago;Oro HD;1720;Canal 26 HD;HD;Mundo;Si
Argentina;Prepago;Oro HD;1721;Argentina 12 HD;HD;Mundo;Si
Argentina;Prepago;Oro HD;1722;Canal E;HD;Variedades;No
Argentina;Prepago;Oro HD;1724;TV Perú Noticias HD;HD;Mundo;No
Argentina;Prepago;Oro HD;1730;National Geographic HD;HD;Mundo;Si
Argentina;Prepago;Oro HD;1731;Discovery Theater HD;HD;Mundo;No
Argentina;Prepago;Oro HD;1732;Discovery Channel HD;HD;Mundo;Si
Argentina;Prepago;Oro HD;1734;Animal Planet HD;HD;Mundo;Si
Argentina;Prepago;Oro HD;1738;Discovery World HD;HD;Mundo;No
Argentina;Prepago;Oro HD;1740;TLC HD;HD;Mundo;No
Argentina;Prepago;Oro HD;1742;History Channel HD;HD;Mundo;Si
Argentina;Prepago;Oro HD;1744;History 2 HD;HD;Mundo;No
Argentina;Prepago;Oro HD;1748;Canal (A) HD;HD;Mundo;Si
Argentina;Prepago;Oro HD;1750;Encuentro Internacional HD;HD;Variedades;No
Argentina;Prepago;Oro HD;1762;Antena 3 HD;HD;Mundo;No
Argentina;Prepago;Oro HD;1764;France 24 Español;SD;Mundo;No
Argentina;Prepago;Oro HD;1789;TV Ciudad HD;HD;Variedades;No
Argentina;Prepago;Oro HD;1795;TV Perú HD;HD;Mundo;No
Argentina;Prepago;Oro HD;1804;Escuela Más HD;HD;Variedades;No
Argentina;Prepago;Oro HD;4000;DIRECTV Ultra HD: 4K;4K;4K;No
Argentina;Prepago;Plata HD;100;Canal 100 DIRECTV;Portal;Portal;Si
Argentina;Prepago;Plata HD;101;Canal 101 Prepago;Portal;Portal;Si
Argentina;Prepago;Plata HD;105;Gran Hermano - Experiencia Multicámara;SD;Variedades;Si
Argentina;Prepago;Plata HD;106;Gran Hermano - 24 hs;SD;Variedades;Si
Argentina;Prepago;Plata HD;107;Gran Hermano - Cámara 1;SD;Variedades;Si
Argentina;Prepago;Plata HD;108;Gran Hermano - Cámara 2;SD;Variedades;Si
Argentina;Prepago;Plata HD;109;Gran Hermano - Cámara 3;SD;Variedades;Si
Argentina;Prepago;Plata HD;120;América;SD;Nacional;Si
Argentina;Prepago;Plata HD;121;TV Pública;SD;Nacional;Si
Argentina;Prepago;Plata HD;122;El Nueve;SD;Nacional;Si
Argentina;Prepago;Plata HD;123;Telefe;SD;Nacional;Si
Argentina;Prepago;Plata HD;124;El Trece;SD;Nacional;Si
Argentina;Prepago;Plata HD;125;Net TV;SD;Nacional;Si
Argentina;Prepago;Plata HD;126;Bravo TV;SD;Variedades;Si
Argentina;Prepago;Plata HD;127;DSHOW;SD;Variedades;Si
Argentina;Prepago;Plata HD;128;Encuentro;SD;Nacional;Si
Argentina;Prepago;Plata HD;129;Canal de la Ciudad;SD;Local;Si
Argentina;Prepago;Plata HD;130;Canal 7 Mendoza;SD;Local;Si
Argentina;Prepago;Plata HD;131;Canal 9 Mendoza;SD;Local;Si
Argentina;Prepago;Plata HD;132;Telediario;SD;Local;Si
Argentina;Prepago;Plata HD;133;Canal 7 de Jujuy;SD;Local;Si
Argentina;Prepago;Plata HD;134;Canal 3 Rosario;SD;Nacional;Si
Argentina;Prepago;Plata HD;135;Canal 12 de Córdoba;SD;Local;Si
Argentina;Prepago;Plata HD;136;Telefé Córdoba;SD;Local;Si
Argentina;Prepago;Plata HD;137;Telefe Rosario;SD;Local;Si
Argentina;Prepago;Plata HD;139;Televisión Pública Pampeana;SD;Local;Si
Argentina;Prepago;Plata HD;140;Canal 8 San Juan;SD;Local;No
Argentina;Prepago;Plata HD;160;Infomerciales;SD;Variedades;Si
Argentina;Prepago;Plata HD;199;KZO;SD;Variedades;Si
Argentina;Prepago;Plata HD;200;DIRECTV Series;SD;Portal;Si
Argentina;Prepago;Plata HD;204;Star Channel;SD;Variedades;Si
Argentina;Prepago;Plata HD;206;Warner Channel;SD;Variedades;Si
Argentina;Prepago;Plata HD;207;A&E;SD;Variedades;Si
Argentina;Prepago;Plata HD;208;Sony;SD;Variedades;Si
Argentina;Prepago;Plata HD;209;AXN;SD;Variedades;Si
Argentina;Prepago;Plata HD;210;AMC;SD;Variedades;No
Argentina;Prepago;Plata HD;213;TNT Series;SD;Variedades;Si
Argentina;Prepago;Plata HD;214;Atres Series;SD;Variedades;No
Argentina;Prepago;Plata HD;215;Comedy Central;SD;Variedades;No
Argentina;Prepago;Plata HD;216;TNT Novelas;SD;Variedades;No
Argentina;Prepago;Plata HD;217;FX;SD;Variedades;Si
Argentina;Prepago;Plata HD;218;Universal TV;SD;Variedades;Si
Argentina;Prepago;Plata HD;219;USA Network;SD;Variedades;No
Argentina;Prepago;Plata HD;220;Adult Swim;SD;Variedades;No
Argentina;Prepago;Plata HD;221;¡Hola! TV;SD;Variedades;Si
Argentina;Prepago;Plata HD;222;E!;SD;Variedades;Si
Argentina;Prepago;Plata HD;223;Investigation Discovery (ID);SD;Variedades;No
Argentina;Prepago;Plata HD;226;Las Estrellas;SD;Variedades;Si
Argentina;Prepago;Plata HD;227;TLnovelas;SD;Variedades;Si
Argentina;Prepago;Plata HD;228;Lifetime;SD;Variedades;No
Argentina;Prepago;Plata HD;229;Discovery Home & Health;SD;Variedades;Si
Argentina;Prepago;Plata HD;230;Más Chic;SD;Variedades;No
Argentina;Prepago;Plata HD;231;Telemundo;SD;Variedades;Si
Argentina;Prepago;Plata HD;232;El Gourmet;SD;Variedades;Si
Argentina;Prepago;Plata HD;233;Food Network;SD;Variedades;No
Argentina;Prepago;Plata HD;236;Ciudad Magazine;SD;Variedades;Si
Argentina;Prepago;Plata HD;238;Volver;SD;Variedades;Si
Argentina;Prepago;Plata HD;240;Caras TV;SD;Mundo;Si
Argentina;Prepago;Plata HD;264;MTV;SD;Variedades;Si
Argentina;Prepago;Plata HD;267;DSHOW;SD;Variedades;Si
Argentina;Prepago;Plata HD;269;Quiero Música en Mi Idioma (QMusic);SD;Variedades;Si
Argentina;Prepago;Plata HD;296;Unión Radio Noticias;Radio;Radio;Si
Argentina;Prepago;Plata HD;300;OnDIRECTV;SD;Variedades;Si
Argentina;Prepago;Plata HD;301;Star Fun;SD;PPV;No
Argentina;Prepago;Plata HD;302;HBO Family;SD;Cine;No (Adquirible)
Argentina;Prepago;Plata HD;303;Paka Paka;SD;Infantil;Si
Argentina;Prepago;Plata HD;304;Cartoon Network;SD;Infantil;Si
Argentina;Prepago;Plata HD;308;Nickelodeon;SD;Infantil;Si
Argentina;Prepago;Plata HD;309;Nick Jr.;SD;Infantil;No
Argentina;Prepago;Plata HD;312;Disney Channel;SD;Infantil;Si
Argentina;Prepago;Plata HD;315;Disney Junior;SD;Infantil;Si
Argentina;Prepago;Plata HD;317;BabyTV;SD;Infantil;No
Argentina;Prepago;Plata HD;318;Plim Plim;SD;Infantil;Si
Argentina;Prepago;Plata HD;319;El Reino Infantil;SD;Infantil;Si
Argentina;Prepago;Plata HD;330;Discovery Kids;SD;Infantil;Si
Argentina;Prepago;Plata HD;334;Cartoonito;SD;Infantil;No
Argentina;Prepago;Plata HD;350;EWTN;SD;Religioso;Si
Argentina;Prepago;Plata HD;351;Orbe 21;SD;Religioso;Si
Argentina;Prepago;Plata HD;352;Enlace;SD;Religioso;Si
Argentina;Prepago;Plata HD;354;Canal Luz;SD;Religioso;Si
Argentina;Prepago;Plata HD;358;DayStar;SD;Religioso;Si
Argentina;Prepago;Plata HD;400;Placa DIRECTV GO;Portal;Portal;Si
Argentina;Prepago;Plata HD;401;SMS CINE PPV;Portal;Portal;No
Argentina;Prepago;Plata HD;402;CINE;SD;PPV;No
Argentina;Prepago;Plata HD;404;CINE;SD;PPV;No
Argentina;Prepago;Plata HD;406;CINE;SD;PPV;No
Argentina;Prepago;Plata HD;408;CINE;SD;PPV;No
Argentina;Prepago;Plata HD;410;CINE;SD;PPV;No
Argentina;Prepago;Plata HD;460;SMS ADULTOS PPV;Portal;Portal;Si
Argentina;Prepago;Plata HD;464;Playboy TV;SD;Adultos;No (Adquirible)
Argentina;Prepago;Plata HD;468;Venus;SD;Adultos;No (Adquirible)
Argentina;Prepago;Plata HD;469;XTSY;SD;Adultos;No (No Adquirible)
Argentina;Prepago;Plata HD;470;Hustler TV HD;HD;Adultos;No (No Adquirible)
Argentina;Prepago;Plata HD;500;OnDIRECTV;SD;Variedades;Si
Argentina;Prepago;Plata HD;502;TNT;SD;Cine;Si
Argentina;Prepago;Plata HD;503;Golden;SD;Cine;No
Argentina;Prepago;Plata HD;506;Sony Movies;SD;Cine;Si
Argentina;Prepago;Plata HD;507;Cinecanal;SD;Cine;Si
Argentina;Prepago;Plata HD;508;Studio Universal;SD;Cine;Si
Argentina;Prepago;Plata HD;509;Cinemax;SD;Cine;Si
Argentina;Prepago;Plata HD;510;Mórbido TV;SD;Cine;Si
Argentina;Prepago;Plata HD;512;Cine.AR;SD;Cine;Si
Argentina;Prepago;Plata HD;513;DHE;SD;Cine;No
Argentina;Prepago;Plata HD;516;De Película;SD;Cine;No
Argentina;Prepago;Plata HD;517;Golden Edge;SD;Cine;No
Argentina;Prepago;Plata HD;518;Space;SD;Cine;Si
Argentina;Prepago;Plata HD;522;HBO Next;Portal;Portal;No
Argentina;Prepago;Plata HD;524;HBO;SD;Cine;No (Adquirible)
Argentina;Prepago;Plata HD;525;HBO 2;SD;Cine;No (Adquirible)
Argentina;Prepago;Plata HD;526;HBO Plus Este;SD;Cine;No (Adquirible)
Argentina;Prepago;Plata HD;528;HBO Signature;SD;Cine;No (Adquirible)
Argentina;Prepago;Plata HD;534;HBO Family;SD;Cine;No (Adquirible)
Argentina;Prepago;Plata HD;540;HBO Mundi;SD;Cine;No (Adquirible)
Argentina;Prepago;Plata HD;541;HBO Pop;SD;Cine;No (Adquirible)
Argentina;Prepago;Plata HD;542;HBO Xtreme;SD;Cine;No (Adquirible)
Argentina;Prepago;Plata HD;544;HBO Next;Portal;Portal;Si
Argentina;Prepago;Plata HD;550;OnDIRECTV;SD;Variedades;Si
Argentina;Prepago;Plata HD;551;Cómo Contratar Premium;SD;Portal;Si
Argentina;Prepago;Plata HD;570;Portal Premium;SD;Portal;Si
Argentina;Prepago;Plata HD;571;UNIVERSAL Premiere Este;SD;Cine;No (Adquirible)
Argentina;Prepago;Plata HD;572;UNIVERSAL Cinema Oeste;SD;Cine;No (Adquirible)
Argentina;Prepago;Plata HD;573;UNIVERSAL Comedy;SD;Cine;No (Adquirible)
Argentina;Prepago;Plata HD;574;UNIVERSAL Crime;SD;Cine;No (Adquirible)
Argentina;Prepago;Plata HD;575;UNIVERSAL Reality;SD;Cine;No (Adquirible)
Argentina;Prepago;Plata HD;576;UNIVERSAL Premiere Oeste;SD;Cine;No (Adquirible)
Argentina;Prepago;Plata HD;577;UNIVERSAL Crime Oeste;SD;Cine;No (Adquirible)
Argentina;Prepago;Plata HD;599;Bienvenido a DIRECTV;Portal;Portal;Si
Argentina;Prepago;Plata HD;600;Portal DIRECTV Sports;Portal;Portal;Si
Argentina;Prepago;Plata HD;601;Nueva señal - Nombre TBD;SD;Variedades;Si
Argentina;Prepago;Plata HD;602;Portal Fútbol Premium;Portal;Portal;Si
Argentina;Prepago;Plata HD;603;TNT Sports;SD;Deportes;No (Adquirible)
Argentina;Prepago;Plata HD;604;ESPN Premium;SD;Deportes;No (Adquirible)
Argentina;Prepago;Plata HD;605;Fox Sports;SD;Deportes;Si
Argentina;Prepago;Plata HD;608;Fox Sports 2;SD;Deportes;Si
Argentina;Prepago;Plata HD;609;Fox Sports 3;SD;Deportes;Si
Argentina;Prepago;Plata HD;610;DSPORTS;SD;Deportes;Si
Argentina;Prepago;Plata HD;612;DSPORTS 2;SD;Deportes;Si
Argentina;Prepago;Plata HD;613;DSPORTS+;SD;Deportes;Si
Argentina;Prepago;Plata HD;620;TyC Sports;SD;Deportes;Si
Argentina;Prepago;Plata HD;621;ESPN;SD;Deportes;Si
Argentina;Prepago;Plata HD;622;ESPN 2;SD;Deportes;Si
Argentina;Prepago;Plata HD;623;ESPN 3;SD;Deportes;Si
Argentina;Prepago;Plata HD;628;Golf Channel;SD;Deportes;No
Argentina;Prepago;Plata HD;630;DIRECTV Sports;SD;Deportes;Si
Argentina;Prepago;Plata HD;631;DSPORTS Radio;Radio;Radio;Si
Argentina;Prepago;Plata HD;632;TyC Sports 2 (virtual);SD;Deportes;Si
Argentina;Prepago;Plata HD;634;Fútbol de Paraguay;SD;Deportes;No (Adquirible)
Argentina;Prepago;Plata HD;635;Fútbol de Bolivia;SD;Deportes;No (Adquirible)
Argentina;Prepago;Plata HD;656;DeporTV;SD;Deportes;Si
Argentina;Prepago;Plata HD;680;MLB Extra Innings;SD;Deportes;No (No Adquirible)
Argentina;Prepago;Plata HD;681;MLB Extra Innings;SD;Deportes;No (No Adquirible)
Argentina;Prepago;Plata HD;700;DNEWS;SD;Variedades;Si
Argentina;Prepago;Plata HD;704;CNN en Español;SD;Mundo;Si
Argentina;Prepago;Plata HD;706;CNN International;SD;Mundo;No
Argentina;Prepago;Plata HD;707;CNN Chile;SD;Mundo;No
Argentina;Prepago;Plata HD;708;24 HORAS;SD;Mundo;No
Argentina;Prepago;Plata HD;710;Bloomberg Television;SD;Mundo;No
Argentina;Prepago;Plata HD;714;Nueva señal - TBD;SD;Variedades;Si
Argentina;Prepago;Plata HD;715;La Nación+;SD;Mundo;Si
Argentina;Prepago;Plata HD;716;Todo Noticias (TN);SD;Mundo;Si
Argentina;Prepago;Plata HD;717;C5N;SD;Mundo;Si
Argentina;Prepago;Plata HD;718;Crónica TV;SD;Mundo;Si
Argentina;Prepago;Plata HD;719;A24;SD;Mundo;Si
Argentina;Prepago;Plata HD;720;Canal 26;SD;Mundo;Si
Argentina;Prepago;Plata HD;721;Argentina 12;SD;Mundo;Si
Argentina;Prepago;Plata HD;724;Chacra TV;SD;Mundo;Si
Argentina;Prepago;Plata HD;725;NTN24;SD;Mundo;No
Argentina;Prepago;Plata HD;726;Telemax;SD;Mundo;Si
Argentina;Prepago;Plata HD;727;Cable Noticias;SD;Mundo;No
Argentina;Prepago;Plata HD;728;Canal Rural;SD;Nacional;Si
Argentina;Prepago;Plata HD;729;Construir TV;SD;Mundo;Si
Argentina;Prepago;Plata HD;730;National Geographic;SD;Mundo;Si
Argentina;Prepago;Plata HD;732;Discovery Channel;SD;Mundo;Si
Argentina;Prepago;Plata HD;734;Animal Planet;SD;Mundo;Si
Argentina;Prepago;Plata HD;736;Discovery Turbo;SD;Mundo;No
Argentina;Prepago;Plata HD;740;TLC;SD;Mundo;Si
Argentina;Prepago;Plata HD;742;History Channel;SD;Mundo;Si
Argentina;Prepago;Plata HD;744;History 2;SD;Mundo;No
Argentina;Prepago;Plata HD;760;Univision;SD;Mundo;Si
Argentina;Prepago;Plata HD;762;Antena 3;SD;Mundo;No
Argentina;Prepago;Plata HD;764;France 24 Español;SD;Mundo;Si
Argentina;Prepago;Plata HD;766;Rai Italia;SD;Mundo;Si
Argentina;Prepago;Plata HD;768;BBC News;SD;Mundo;No
Argentina;Prepago;Plata HD;770;DW Español;SD;Mundo;No
Argentina;Prepago;Plata HD;772;Caracol Internacional;SD;Mundo;No
Argentina;Prepago;Plata HD;773;El Tiempo TV;SD;Mundo;Si
Argentina;Prepago;Plata HD;774;TV Chile;SD;Mundo;Si
Argentina;Prepago;Plata HD;775;Nuestra Tele;SD;Mundo;No
Argentina;Prepago;Plata HD;776;TV Globo Internacional;SD;Mundo;No (No Adquirible)
Argentina;Prepago;Plata HD;778;RTP Internacional;SD;Mundo;No
Argentina;Prepago;Plata HD;780;Zee Mundo;SD;Mundo;No (No Adquirible)
Argentina;Prepago;Plata HD;782;NHK World Japan;SD;Mundo;No (No Adquirible)
Argentina;Prepago;Plata HD;790;CGTN Español;SD;Mundo;Si
Argentina;Prepago;Plata HD;795;TV Perú;SD;Mundo;Si
Argentina;Prepago;Plata HD;800;OnDIRECTV;SD;Variedades;Si
Argentina;Prepago;Plata HD;804;Escuela Más;SD;Variedades;Si
Argentina;Prepago;Plata HD;901;DSPORTS Radio;Radio;Radio;Si
Argentina;Prepago;Plata HD;973;FM Aspen;Radio;Radio;Si
Argentina;Prepago;Plata HD;974;Radio Nacional;Radio;Radio;Si
Argentina;Prepago;Plata HD;976;Radio del Plata;Radio;Radio;Si
Argentina;Prepago;Plata HD;977;Radio Disney;Radio;Radio;Si
Argentina;Prepago;Plata HD;980;Unión Radio Noticias;Radio;Radio;Si
Argentina;Prepago;Plata HD;981;FM Latina 101.1;Radio;Radio;Si
Argentina;Prepago;Plata HD;982;Radio Caracol;Radio;Radio;Si
Argentina;Prepago;Plata HD;984;Radio France Internationale;Radio;Radio;Si
Argentina;Prepago;Plata HD;999;OnDIRECTV;SD;Variedades;Si
Argentina;Prepago;Plata HD;1105;Gran Hermano - Experiencia Multicámara;SD;Variedades;Si
Argentina;Prepago;Plata HD;1106;Gran Hermano - 24 hs;SD;Variedades;Si
Argentina;Prepago;Plata HD;1107;Gran Hermano - Cámara 1;SD;Variedades;Si
Argentina;Prepago;Plata HD;1108;Gran Hermano - Cámara 2;SD;Variedades;Si
Argentina;Prepago;Plata HD;1109;Gran Hermano - Cámara 3;SD;Variedades;Si
Argentina;Prepago;Plata HD;1120;América HD;HD;Nacional;Si
Argentina;Prepago;Plata HD;1121;TV Pública HD;HD;Nacional;Si
Argentina;Prepago;Plata HD;1122;El Nueve HD;HD;Nacional;Si
Argentina;Prepago;Plata HD;1123;Telefe HD;HD;Nacional;Si
Argentina;Prepago;Plata HD;1124;El Trece HD;HD;Nacional;Si
Argentina;Prepago;Plata HD;1125;Net TV HD;HD;Nacional;Si
Argentina;Prepago;Plata HD;1127;DSHOW HD;HD;Variedades;Si
Argentina;Prepago;Plata HD;1128;Encuentro HD;HD;Nacional;No
Argentina;Prepago;Plata HD;1199;KZO HD;HD;Variedades;Si
Argentina;Prepago;Plata HD;1200;DIRECTV Series HD;HD;Portal;Si
Argentina;Prepago;Plata HD;1204;Star Channel HD;HD;Variedades;Si
Argentina;Prepago;Plata HD;1206;Warner Channel HD;HD;Variedades;Si
Argentina;Prepago;Plata HD;1207;A&E HD;HD;Variedades;Si
Argentina;Prepago;Plata HD;1208;Sony HD;HD;Variedades;Si
Argentina;Prepago;Plata HD;1209;AXN HD;HD;Variedades;Si
Argentina;Prepago;Plata HD;1210;AMC HD;HD;Variedades;No
Argentina;Prepago;Plata HD;1213;TNT Series HD;HD;Variedades;Si
Argentina;Prepago;Plata HD;1214;Atres Series HD;HD;Variedades;No
Argentina;Prepago;Plata HD;1215;Comedy Central HD;HD;Variedades;No
Argentina;Prepago;Plata HD;1217;FX HD;HD;Variedades;Si
Argentina;Prepago;Plata HD;1218;Universal TV HD;HD;Variedades;Si
Argentina;Prepago;Plata HD;1219;USA Network HD;HD;Variedades;No
Argentina;Prepago;Plata HD;1221;Hola TV HD;HD;Variedades;Si
Argentina;Prepago;Plata HD;1222;E! HD;HD;Variedades;Si
Argentina;Prepago;Plata HD;1223;ID HD;HD;Variedades;No
Argentina;Prepago;Plata HD;1228;Lifetime HD;HD;Variedades;No
Argentina;Prepago;Plata HD;1229;Discovery Home & Health HD;HD;Variedades;Si
Argentina;Prepago;Plata HD;1231;A la Cocina TV;HD;Variedades;Si
Argentina;Prepago;Plata HD;1232;El Gourmet HD;HD;Variedades;Si
Argentina;Prepago;Plata HD;1233;Food Network HD;HD;Variedades;No
Argentina;Prepago;Plata HD;1234;HGTV HD;HD;Variedades;No
Argentina;Prepago;Plata HD;1236;Ciudad Magazine HD;HD;Variedades;Si
Argentina;Prepago;Plata HD;1237;VePlus HD;HD;Variedades;Si
Argentina;Prepago;Plata HD;1264;MTV HD;HD;Variedades;Si
Argentina;Prepago;Plata HD;1265;Music Top HD;HD;Variedades;Si
Argentina;Prepago;Plata HD;1266;Tierra Mía HD;HD;Variedades;No
Argentina;Prepago;Plata HD;1267;DSHOW;SD;Variedades;Si
Argentina;Prepago;Plata HD;1269;Quiero Música en Mi Idioma (QMusic) HD;HD;Variedades;Si
Argentina;Prepago;Plata HD;1270;Latina TV;HD;Variedades;Si
Argentina;Prepago;Plata HD;1304;Cartoon Network HD;HD;Infantil;Si
Argentina;Prepago;Plata HD;1308;Nick HD;HD;Infantil;Si
Argentina;Prepago;Plata HD;1309;Nick Jr. HD;HD;Infantil;No
Argentina;Prepago;Plata HD;1312;Disney Channel HD;HD;Infantil;Si
Argentina;Prepago;Plata HD;1315;Disney Junior HD;HD;Infantil;Si
Argentina;Prepago;Plata HD;1317;BabyTV;SD;Infantil;No
Argentina;Prepago;Plata HD;1318;Plim Plim;SD;Infantil;Si
Argentina;Prepago;Plata HD;1319;El Reino Infantil;SD;Infantil;Si
Argentina;Prepago;Plata HD;1330;Discovery Kids HD;HD;Infantil;Si
Argentina;Prepago;Plata HD;1402;PPV HD;HD;PPV;No
Argentina;Prepago;Plata HD;1404;PPV HD;HD;PPV;No
Argentina;Prepago;Plata HD;1406;PPV HD;HD;PPV;No
Argentina;Prepago;Plata HD;1408;PPV HD;HD;PPV;No
Argentina;Prepago;Plata HD;1410;PPV HD;HD;PPV;No
Argentina;Prepago;Plata HD;1502;TNT HD;HD;Cine;Si
Argentina;Prepago;Plata HD;1503;Golden HD;HD;Cine;No
Argentina;Prepago;Plata HD;1506;Sony Movies HD;HD;Cine;Si
Argentina;Prepago;Plata HD;1507;Cinecanal HD;HD;Cine;Si
Argentina;Prepago;Plata HD;1508;Studio Universal HD;HD;Cine;Si
Argentina;Prepago;Plata HD;1509;Cinemax HD;HD;Cine;No
Argentina;Prepago;Plata HD;1510;Mórbido TV;SD;Cine;Si
Argentina;Prepago;Plata HD;1513;DHE HD;HD;Cine;No
Argentina;Prepago;Plata HD;1518;Space HD;HD;Cine;Si
Argentina;Prepago;Plata HD;1524;HBO HD;HD;Cine;No (Adquirible)
Argentina;Prepago;Plata HD;1525;HBO 2 HD;HD;Cine;No (Adquirible)
Argentina;Prepago;Plata HD;1528;HBO Signature HD;HD;Cine;No (Adquirible)
Argentina;Prepago;Plata HD;1532;HBO Plus HD;HD;Cine;No (Adquirible)
Argentina;Prepago;Plata HD;1534;HBO Family HD;HD;Cine;No (Adquirible)
Argentina;Prepago;Plata HD;1542;HBO Xtreme HD;HD;Cine;No (Adquirible)
Argentina;Prepago;Plata HD;1571;UNIVERSAL Premiere Este HD;HD;Cine;No (Adquirible)
Argentina;Prepago;Plata HD;1572;UNIVERSAL Cinema Oeste HD;HD;Cine;No (Adquirible)
Argentina;Prepago;Plata HD;1573;UNIVERSAL Comedy HD;HD;Cine;No (Adquirible)
Argentina;Prepago;Plata HD;1574;UNIVERSAL Crime HD;HD;Cine;No (Adquirible)
Argentina;Prepago;Plata HD;1575;UNIVERSAL Reality HD;HD;Cine;No (Adquirible)
Argentina;Prepago;Plata HD;1576;UNIVERSAL Premiere Oeste HD;HD;Cine;No (Adquirible)
Argentina;Prepago;Plata HD;1577;UNIVERSAL Crime Oeste HD;HD;Cine;No (Adquirible)
Argentina;Prepago;Plata HD;1601;Nueva señal - Nombre TBD;SD;Variedades;Si
Argentina;Prepago;Plata HD;1602;Portal Fútbol Premium;Portal;Portal;Si
Argentina;Prepago;Plata HD;1603;TNT Sports HD;HD;Deportes;No
Argentina;Prepago;Plata HD;1604;Fox Sports Premium HD;HD;Deportes;No
Argentina;Prepago;Plata HD;1605;Fox Sports HD;HD;Deportes;Si
Argentina;Prepago;Plata HD;1608;Fox Sports 2 HD;HD;Deportes;Si
Argentina;Prepago;Plata HD;1609;Fox Sports 3 HD;HD;Deportes;Si
Argentina;Prepago;Plata HD;1610;DSPORTS HD;HD;Deportes;Si
Argentina;Prepago;Plata HD;1612;DSPORTS 2 HD;HD;Deportes;Si
Argentina;Prepago;Plata HD;1613;DSPORTS+ HD;HD;Deportes;Si
Argentina;Prepago;Plata HD;1620;TyC Sports HD;HD;Deportes;Si
Argentina;Prepago;Plata HD;1621;ESPN HD;HD;Deportes;Si
Argentina;Prepago;Plata HD;1622;ESPN 2 HD;HD;Deportes;Si
Argentina;Prepago;Plata HD;1623;ESPN 3 HD;HD;Deportes;Si
Argentina;Prepago;Plata HD;1624;ESPN 4;HD;Deportes;No
Argentina;Prepago;Plata HD;1628;Golf Channel HD;HD;Deportes;No
Argentina;Prepago;Plata HD;1630;DSPORTS;SD;Deportes;Si
Argentina;Prepago;Plata HD;1631;DSPORTS Radio;Radio;Radio;Si
Argentina;Prepago;Plata HD;1639;PX Sports;HD;Deportes;No
Argentina;Prepago;Plata HD;1654;DeporTV HD;HD;Deportes;Si
Argentina;Prepago;Plata HD;1656;DeporTV HD;HD;Deportes;No
Argentina;Prepago;Plata HD;1677;NBA TV HD;HD;Deportes;No
Argentina;Prepago;Plata HD;1700;DNEWS HD;HD;Variedades;Si
Argentina;Prepago;Plata HD;1714;DSHOW;SD;Variedades;Si
Argentina;Prepago;Plata HD;1715;La Nación+ HD;HD;Mundo;Si
Argentina;Prepago;Plata HD;1716;TN HD;HD;Mundo;Si
Argentina;Prepago;Plata HD;1717;C5N HD;HD;Local;Si
Argentina;Prepago;Plata HD;1719;A24 HD;HD;Mundo;Si
Argentina;Prepago;Plata HD;1720;Canal 26 HD;HD;Mundo;Si
Argentina;Prepago;Plata HD;1721;Argentina 12 HD;HD;Mundo;Si
Argentina;Prepago;Plata HD;1722;Canal E;HD;Variedades;No
Argentina;Prepago;Plata HD;1724;TV Perú Noticias HD;HD;Mundo;Si
Argentina;Prepago;Plata HD;1730;National Geographic HD;HD;Mundo;Si
Argentina;Prepago;Plata HD;1731;Discovery Theater HD;HD;Mundo;No
Argentina;Prepago;Plata HD;1732;Discovery Channel HD;HD;Mundo;Si
Argentina;Prepago;Plata HD;1734;Animal Planet HD;HD;Mundo;Si
Argentina;Prepago;Plata HD;1738;Discovery World HD;HD;Mundo;No
Argentina;Prepago;Plata HD;1740;TLC HD;HD;Mundo;Si
Argentina;Prepago;Plata HD;1742;History Channel HD;HD;Mundo;Si
Argentina;Prepago;Plata HD;1744;History 2 HD;HD;Mundo;No
Argentina;Prepago;Plata HD;1748;Canal (A) HD;HD;Mundo;No
Argentina;Prepago;Plata HD;1750;Encuentro Internacional HD;HD;Variedades;No
Argentina;Prepago;Plata HD;1762;Antena 3 HD;HD;Mundo;No
Argentina;Prepago;Plata HD;1764;France 24 Español;SD;Mundo;Si
Argentina;Prepago;Plata HD;1789;TV Ciudad HD;HD;Variedades;Si
Argentina;Prepago;Plata HD;1795;TV Perú HD;HD;Mundo;Si
Argentina;Prepago;Plata HD;1804;Escuela Más HD;HD;Variedades;Si
Argentina;Prepago;Plata HD;4000;DIRECTV Ultra HD: 4K;4K;4K;No
Argentina;Prepago;Super Lite HD;100;Canal 100 DIRECTV;Portal;Portal;Si
Argentina;Prepago;Super Lite HD;101;Canal 101 Prepago;Portal;Portal;No
Argentina;Prepago;Super Lite HD;105;Gran Hermano - Experiencia Multicámara;SD;Variedades;Si
Argentina;Prepago;Super Lite HD;106;Gran Hermano - 24 hs;SD;Variedades;Si
Argentina;Prepago;Super Lite HD;107;Gran Hermano - Cámara 1;SD;Variedades;Si
Argentina;Prepago;Super Lite HD;108;Gran Hermano - Cámara 2;SD;Variedades;Si
Argentina;Prepago;Super Lite HD;109;Gran Hermano - Cámara 3;SD;Variedades;Si
Argentina;Prepago;Super Lite HD;120;América;SD;Nacional;Si
Argentina;Prepago;Super Lite HD;121;TV Pública;SD;Nacional;Si
Argentina;Prepago;Super Lite HD;122;El Nueve;SD;Nacional;Si
Argentina;Prepago;Super Lite HD;123;Telefe;SD;Nacional;Si
Argentina;Prepago;Super Lite HD;124;El Trece;SD;Nacional;Si
Argentina;Prepago;Super Lite HD;125;Net TV;SD;Nacional;Si
Argentina;Prepago;Super Lite HD;126;Bravo TV;SD;Variedades;Si
Argentina;Prepago;Super Lite HD;127;DSHOW;SD;Variedades;Si
Argentina;Prepago;Super Lite HD;128;Encuentro;SD;Nacional;Si
Argentina;Prepago;Super Lite HD;129;Canal de la Ciudad;SD;Local;Si
Argentina;Prepago;Super Lite HD;130;Canal 7 Mendoza;SD;Local;Si
Argentina;Prepago;Super Lite HD;131;Canal 9 Mendoza;SD;Local;Si
Argentina;Prepago;Super Lite HD;132;Telediario;SD;Local;Si
Argentina;Prepago;Super Lite HD;133;Canal 7 de Jujuy;SD;Local;Si
Argentina;Prepago;Super Lite HD;134;Canal 3 Rosario;SD;Nacional;Si
Argentina;Prepago;Super Lite HD;135;Canal 12 de Córdoba;SD;Local;Si
Argentina;Prepago;Super Lite HD;136;Telefé Córdoba;SD;Local;Si
Argentina;Prepago;Super Lite HD;137;Telefe Rosario;SD;Local;Si
Argentina;Prepago;Super Lite HD;139;Televisión Pública Pampeana;SD;Local;Si
Argentina;Prepago;Super Lite HD;140;Canal 8 San Juan;SD;Local;No
Argentina;Prepago;Super Lite HD;160;Infomerciales;SD;Variedades;No
Argentina;Prepago;Super Lite HD;199;KZO;SD;Variedades;Si
Argentina;Prepago;Super Lite HD;200;DIRECTV Series;SD;Portal;No
Argentina;Prepago;Super Lite HD;204;Star Channel;SD;Variedades;Si
Argentina;Prepago;Super Lite HD;206;Warner Channel;SD;Variedades;Si
Argentina;Prepago;Super Lite HD;207;A&E;SD;Variedades;Si
Argentina;Prepago;Super Lite HD;208;Sony;SD;Variedades;Si
Argentina;Prepago;Super Lite HD;209;AXN;SD;Variedades;No
Argentina;Prepago;Super Lite HD;210;AMC;SD;Variedades;No
Argentina;Prepago;Super Lite HD;213;TNT Series;SD;Variedades;No
Argentina;Prepago;Super Lite HD;214;Atres Series;SD;Variedades;No
Argentina;Prepago;Super Lite HD;215;Comedy Central;SD;Variedades;No
Argentina;Prepago;Super Lite HD;216;TNT Novelas;SD;Variedades;No
Argentina;Prepago;Super Lite HD;217;FX;SD;Variedades;Si
Argentina;Prepago;Super Lite HD;218;Universal TV;SD;Variedades;Si
Argentina;Prepago;Super Lite HD;219;USA Network;SD;Variedades;No
Argentina;Prepago;Super Lite HD;220;Adult Swim;SD;Variedades;No
Argentina;Prepago;Super Lite HD;221;¡Hola! TV;SD;Variedades;No
Argentina;Prepago;Super Lite HD;222;E!;SD;Variedades;Si
Argentina;Prepago;Super Lite HD;223;Investigation Discovery (ID);SD;Variedades;No
Argentina;Prepago;Super Lite HD;226;Las Estrellas;SD;Variedades;No
Argentina;Prepago;Super Lite HD;227;TLnovelas;SD;Variedades;No
Argentina;Prepago;Super Lite HD;228;Lifetime;SD;Variedades;No
Argentina;Prepago;Super Lite HD;229;Discovery Home & Health;SD;Variedades;Si
Argentina;Prepago;Super Lite HD;230;Más Chic;SD;Variedades;No
Argentina;Prepago;Super Lite HD;231;Telemundo;SD;Variedades;No
Argentina;Prepago;Super Lite HD;232;El Gourmet;SD;Variedades;No
Argentina;Prepago;Super Lite HD;233;Food Network;SD;Variedades;No
Argentina;Prepago;Super Lite HD;236;Ciudad Magazine;SD;Variedades;Si
Argentina;Prepago;Super Lite HD;238;Volver;SD;Variedades;Si
Argentina;Prepago;Super Lite HD;240;Caras TV;SD;Mundo;Si
Argentina;Prepago;Super Lite HD;264;MTV;SD;Variedades;Si
Argentina;Prepago;Super Lite HD;267;DSHOW;SD;Variedades;No
Argentina;Prepago;Super Lite HD;269;Quiero Música en Mi Idioma (QMusic);SD;Variedades;Si
Argentina;Prepago;Super Lite HD;296;Unión Radio Noticias;Radio;Radio;No
Argentina;Prepago;Super Lite HD;300;OnDIRECTV;SD;Variedades;No
Argentina;Prepago;Super Lite HD;301;Star Fun;SD;PPV;No
Argentina;Prepago;Super Lite HD;302;HBO Family;SD;Cine;No
Argentina;Prepago;Super Lite HD;303;Paka Paka;SD;Infantil;Si
Argentina;Prepago;Super Lite HD;304;Cartoon Network;SD;Infantil;Si
Argentina;Prepago;Super Lite HD;308;Nickelodeon;SD;Infantil;No
Argentina;Prepago;Super Lite HD;309;Nick Jr.;SD;Infantil;No
Argentina;Prepago;Super Lite HD;312;Disney Channel;SD;Infantil;Si
Argentina;Prepago;Super Lite HD;315;Disney Junior;SD;Infantil;Si
Argentina;Prepago;Super Lite HD;317;BabyTV;SD;Infantil;No
Argentina;Prepago;Super Lite HD;318;Plim Plim;SD;Infantil;No
Argentina;Prepago;Super Lite HD;319;El Reino Infantil;SD;Infantil;No
Argentina;Prepago;Super Lite HD;330;Discovery Kids;SD;Infantil;Si
Argentina;Prepago;Super Lite HD;334;Cartoonito;SD;Infantil;No
Argentina;Prepago;Super Lite HD;350;EWTN;SD;Religioso;No
Argentina;Prepago;Super Lite HD;351;Orbe 21;SD;Religioso;Si
Argentina;Prepago;Super Lite HD;352;Enlace;SD;Religioso;Si
Argentina;Prepago;Super Lite HD;354;Canal Luz;SD;Religioso;Si
Argentina;Prepago;Super Lite HD;358;DayStar;SD;Religioso;Si
Argentina;Prepago;Super Lite HD;400;Placa DIRECTV GO;Portal;Portal;No
Argentina;Prepago;Super Lite HD;401;SMS CINE PPV;Portal;Portal;No
Argentina;Prepago;Super Lite HD;402;CINE;SD;PPV;No
Argentina;Prepago;Super Lite HD;404;CINE;SD;PPV;No
Argentina;Prepago;Super Lite HD;406;CINE;SD;PPV;No
Argentina;Prepago;Super Lite HD;408;CINE;SD;PPV;No
Argentina;Prepago;Super Lite HD;410;CINE;SD;PPV;No
Argentina;Prepago;Super Lite HD;460;SMS ADULTOS PPV;Portal;Portal;No
Argentina;Prepago;Super Lite HD;464;Playboy TV;SD;Adultos;No
Argentina;Prepago;Super Lite HD;468;Venus;SD;Adultos;No
Argentina;Prepago;Super Lite HD;469;XTSY;SD;Adultos;No
Argentina;Prepago;Super Lite HD;470;Hustler TV HD;HD;Adultos;No
Argentina;Prepago;Super Lite HD;500;OnDIRECTV;SD;Variedades;No
Argentina;Prepago;Super Lite HD;502;TNT;SD;Cine;Si
Argentina;Prepago;Super Lite HD;503;Golden;SD;Cine;No
Argentina;Prepago;Super Lite HD;506;Sony Movies;SD;Cine;No
Argentina;Prepago;Super Lite HD;507;Cinecanal;SD;Cine;Si
Argentina;Prepago;Super Lite HD;508;Studio Universal;SD;Cine;Si
Argentina;Prepago;Super Lite HD;509;Cinemax;SD;Cine;No
Argentina;Prepago;Super Lite HD;510;Mórbido TV;SD;Cine;No
Argentina;Prepago;Super Lite HD;512;Cine.AR;SD;Cine;Si
Argentina;Prepago;Super Lite HD;513;DHE;SD;Cine;No
Argentina;Prepago;Super Lite HD;516;De Película;SD;Cine;No
Argentina;Prepago;Super Lite HD;517;Golden Edge;SD;Cine;No
Argentina;Prepago;Super Lite HD;518;Space;SD;Cine;Si
Argentina;Prepago;Super Lite HD;522;HBO Next;Portal;Portal;No
Argentina;Prepago;Super Lite HD;524;HBO;SD;Cine;No
Argentina;Prepago;Super Lite HD;525;HBO 2;SD;Cine;No
Argentina;Prepago;Super Lite HD;526;HBO Plus Este;SD;Cine;No
Argentina;Prepago;Super Lite HD;528;HBO Signature;SD;Cine;No
Argentina;Prepago;Super Lite HD;534;HBO Family;SD;Cine;No
Argentina;Prepago;Super Lite HD;540;HBO Mundi;SD;Cine;No
Argentina;Prepago;Super Lite HD;541;HBO Pop;SD;Cine;No
Argentina;Prepago;Super Lite HD;542;HBO Xtreme;SD;Cine;No
Argentina;Prepago;Super Lite HD;544;HBO Next;Portal;Portal;Si
Argentina;Prepago;Super Lite HD;550;OnDIRECTV;SD;Variedades;No
Argentina;Prepago;Super Lite HD;551;Cómo Contratar Premium;SD;Portal;Si
Argentina;Prepago;Super Lite HD;570;Portal Premium;SD;Portal;Si
Argentina;Prepago;Super Lite HD;571;UNIVERSAL Premiere Este;SD;Cine;No (Adquirible)
Argentina;Prepago;Super Lite HD;572;UNIVERSAL Cinema Oeste;SD;Cine;No (Adquirible)
Argentina;Prepago;Super Lite HD;573;UNIVERSAL Comedy;SD;Cine;No (Adquirible)
Argentina;Prepago;Super Lite HD;574;UNIVERSAL Crime;SD;Cine;No (Adquirible)
Argentina;Prepago;Super Lite HD;575;UNIVERSAL Reality;SD;Cine;No (Adquirible)
Argentina;Prepago;Super Lite HD;576;UNIVERSAL Premiere Oeste;SD;Cine;No (Adquirible)
Argentina;Prepago;Super Lite HD;577;UNIVERSAL Crime Oeste;SD;Cine;No (Adquirible)
Argentina;Prepago;Super Lite HD;599;Bienvenido a DIRECTV;Portal;Portal;No
Argentina;Prepago;Super Lite HD;600;Portal DIRECTV Sports;Portal;Portal;No
Argentina;Prepago;Super Lite HD;601;Nueva señal - Nombre TBD;SD;Variedades;No
Argentina;Prepago;Super Lite HD;602;Portal Fútbol Premium;Portal;Portal;Si
Argentina;Prepago;Super Lite HD;603;TNT Sports;SD;Deportes;No
Argentina;Prepago;Super Lite HD;604;ESPN Premium;SD;Deportes;No
Argentina;Prepago;Super Lite HD;605;Fox Sports;SD;Deportes;Si
Argentina;Prepago;Super Lite HD;608;Fox Sports 2;SD;Deportes;No
Argentina;Prepago;Super Lite HD;609;Fox Sports 3;SD;Deportes;Si
Argentina;Prepago;Super Lite HD;610;DSPORTS;SD;Deportes;No
Argentina;Prepago;Super Lite HD;612;DSPORTS 2;SD;Deportes;No
Argentina;Prepago;Super Lite HD;613;DSPORTS+;SD;Deportes;No
Argentina;Prepago;Super Lite HD;620;TyC Sports;SD;Deportes;Si
Argentina;Prepago;Super Lite HD;621;ESPN;SD;Deportes;Si
Argentina;Prepago;Super Lite HD;622;ESPN 2;SD;Deportes;Si
Argentina;Prepago;Super Lite HD;623;ESPN 3;SD;Deportes;Si
Argentina;Prepago;Super Lite HD;628;Golf Channel;SD;Deportes;No
Argentina;Prepago;Super Lite HD;630;DIRECTV Sports;SD;Deportes;No
Argentina;Prepago;Super Lite HD;631;DSPORTS Radio;Radio;Radio;Si
Argentina;Prepago;Super Lite HD;632;TyC Sports 2 (virtual);SD;Deportes;No
Argentina;Prepago;Super Lite HD;634;Fútbol de Paraguay;SD;Deportes;No
Argentina;Prepago;Super Lite HD;635;Fútbol de Bolivia;SD;Deportes;No
Argentina;Prepago;Super Lite HD;656;DeporTV;SD;Deportes;Si
Argentina;Prepago;Super Lite HD;680;MLB Extra Innings;SD;Deportes;No
Argentina;Prepago;Super Lite HD;681;MLB Extra Innings;SD;Deportes;No
Argentina;Prepago;Super Lite HD;700;DNEWS;SD;Variedades;Si
Argentina;Prepago;Super Lite HD;704;CNN en Español;SD;Mundo;Si
Argentina;Prepago;Super Lite HD;706;CNN International;SD;Mundo;No
Argentina;Prepago;Super Lite HD;707;CNN Chile;SD;Mundo;No
Argentina;Prepago;Super Lite HD;708;24 HORAS;SD;Mundo;No
Argentina;Prepago;Super Lite HD;710;Bloomberg Television;SD;Mundo;No
Argentina;Prepago;Super Lite HD;714;Nueva señal - TBD;SD;Variedades;No
Argentina;Prepago;Super Lite HD;715;La Nación+;SD;Mundo;Si
Argentina;Prepago;Super Lite HD;716;Todo Noticias (TN);SD;Mundo;Si
Argentina;Prepago;Super Lite HD;717;C5N;SD;Mundo;Si
Argentina;Prepago;Super Lite HD;718;Crónica TV;SD;Mundo;Si
Argentina;Prepago;Super Lite HD;719;A24;SD;Mundo;Si
Argentina;Prepago;Super Lite HD;720;Canal 26;SD;Mundo;Si
Argentina;Prepago;Super Lite HD;721;Argentina 12;SD;Mundo;Si
Argentina;Prepago;Super Lite HD;724;Chacra TV;SD;Mundo;Si
Argentina;Prepago;Super Lite HD;725;NTN24;SD;Mundo;No
Argentina;Prepago;Super Lite HD;726;Telemax;SD;Mundo;Si
Argentina;Prepago;Super Lite HD;727;Cable Noticias;SD;Mundo;No
Argentina;Prepago;Super Lite HD;728;Canal Rural;SD;Nacional;Si
Argentina;Prepago;Super Lite HD;729;Construir TV;SD;Mundo;Si
Argentina;Prepago;Super Lite HD;730;National Geographic;SD;Mundo;Si
Argentina;Prepago;Super Lite HD;732;Discovery Channel;SD;Mundo;Si
Argentina;Prepago;Super Lite HD;734;Animal Planet;SD;Mundo;Si
Argentina;Prepago;Super Lite HD;736;Discovery Turbo;SD;Mundo;No
Argentina;Prepago;Super Lite HD;740;TLC;SD;Mundo;No
Argentina;Prepago;Super Lite HD;742;History Channel;SD;Mundo;Si
Argentina;Prepago;Super Lite HD;744;History 2;SD;Mundo;No
Argentina;Prepago;Super Lite HD;760;Univision;SD;Mundo;No
Argentina;Prepago;Super Lite HD;762;Antena 3;SD;Mundo;No
Argentina;Prepago;Super Lite HD;764;France 24 Español;SD;Mundo;No
Argentina;Prepago;Super Lite HD;766;Rai Italia;SD;Mundo;No
Argentina;Prepago;Super Lite HD;768;BBC News;SD;Mundo;No
Argentina;Prepago;Super Lite HD;770;DW Español;SD;Mundo;No
Argentina;Prepago;Super Lite HD;772;Caracol Internacional;SD;Mundo;No
Argentina;Prepago;Super Lite HD;773;El Tiempo TV;SD;Mundo;No
Argentina;Prepago;Super Lite HD;774;TV Chile;SD;Mundo;No
Argentina;Prepago;Super Lite HD;775;Nuestra Tele;SD;Mundo;No
Argentina;Prepago;Super Lite HD;776;TV Globo Internacional;SD;Mundo;No
Argentina;Prepago;Super Lite HD;778;RTP Internacional;SD;Mundo;No
Argentina;Prepago;Super Lite HD;780;Zee Mundo;SD;Mundo;No
Argentina;Prepago;Super Lite HD;782;NHK World Japan;SD;Mundo;No
Argentina;Prepago;Super Lite HD;790;CGTN Español;SD;Mundo;No
Argentina;Prepago;Super Lite HD;795;TV Perú;SD;Mundo;No
Argentina;Prepago;Super Lite HD;800;OnDIRECTV;SD;Variedades;No
Argentina;Prepago;Super Lite HD;804;Escuela Más;SD;Variedades;No
Argentina;Prepago;Super Lite HD;901;DSPORTS Radio;Radio;Radio;Si
Argentina;Prepago;Super Lite HD;973;FM Aspen;Radio;Radio;No
Argentina;Prepago;Super Lite HD;974;Radio Nacional;Radio;Radio;No
Argentina;Prepago;Super Lite HD;976;Radio del Plata;Radio;Radio;No
Argentina;Prepago;Super Lite HD;977;Radio Disney;Radio;Radio;No
Argentina;Prepago;Super Lite HD;980;Unión Radio Noticias;Radio;Radio;No
Argentina;Prepago;Super Lite HD;981;FM Latina 101.1;Radio;Radio;No
Argentina;Prepago;Super Lite HD;982;Radio Caracol;Radio;Radio;No
Argentina;Prepago;Super Lite HD;984;Radio France Internationale;Radio;Radio;No
Argentina;Prepago;Super Lite HD;999;OnDIRECTV;SD;Variedades;No
Argentina;Prepago;Super Lite HD;1105;Gran Hermano - Experiencia Multicámara;SD;Variedades;Si
Argentina;Prepago;Super Lite HD;1106;Gran Hermano - 24 hs;SD;Variedades;Si
Argentina;Prepago;Super Lite HD;1107;Gran Hermano - Cámara 1;SD;Variedades;Si
Argentina;Prepago;Super Lite HD;1108;Gran Hermano - Cámara 2;SD;Variedades;Si
Argentina;Prepago;Super Lite HD;1109;Gran Hermano - Cámara 3;SD;Variedades;Si
Argentina;Prepago;Super Lite HD;1120;América HD;HD;Nacional;Si
Argentina;Prepago;Super Lite HD;1121;TV Pública HD;HD;Nacional;Si
Argentina;Prepago;Super Lite HD;1122;El Nueve HD;HD;Nacional;Si
Argentina;Prepago;Super Lite HD;1123;Telefe HD;HD;Nacional;Si
Argentina;Prepago;Super Lite HD;1124;El Trece HD;HD;Nacional;Si
Argentina;Prepago;Super Lite HD;1125;Net TV HD;HD;Nacional;Si
Argentina;Prepago;Super Lite HD;1127;DSHOW HD;HD;Variedades;No
Argentina;Prepago;Super Lite HD;1128;Encuentro HD;HD;Nacional;No
Argentina;Prepago;Super Lite HD;1199;KZO HD;HD;Variedades;Si
Argentina;Prepago;Super Lite HD;1200;DIRECTV Series HD;HD;Portal;Si
Argentina;Prepago;Super Lite HD;1204;Star Channel HD;HD;Variedades;Si
Argentina;Prepago;Super Lite HD;1206;Warner Channel HD;HD;Variedades;Si
Argentina;Prepago;Super Lite HD;1207;A&E HD;HD;Variedades;Si
Argentina;Prepago;Super Lite HD;1208;Sony HD;HD;Variedades;Si
Argentina;Prepago;Super Lite HD;1209;AXN HD;HD;Variedades;Si
Argentina;Prepago;Super Lite HD;1210;AMC HD;HD;Variedades;No
Argentina;Prepago;Super Lite HD;1213;TNT Series HD;HD;Variedades;No
Argentina;Prepago;Super Lite HD;1214;Atres Series HD;HD;Variedades;No
Argentina;Prepago;Super Lite HD;1215;Comedy Central HD;HD;Variedades;No
Argentina;Prepago;Super Lite HD;1217;FX HD;HD;Variedades;Si
Argentina;Prepago;Super Lite HD;1218;Universal TV HD;HD;Variedades;Si
Argentina;Prepago;Super Lite HD;1219;USA Network HD;HD;Variedades;No
Argentina;Prepago;Super Lite HD;1221;Hola TV HD;HD;Variedades;No
Argentina;Prepago;Super Lite HD;1222;E! HD;HD;Variedades;Si
Argentina;Prepago;Super Lite HD;1223;ID HD;HD;Variedades;No
Argentina;Prepago;Super Lite HD;1228;Lifetime HD;HD;Variedades;No
Argentina;Prepago;Super Lite HD;1229;Discovery Home & Health HD;HD;Variedades;Si
Argentina;Prepago;Super Lite HD;1231;A la Cocina TV;HD;Variedades;Si
Argentina;Prepago;Super Lite HD;1232;El Gourmet HD;HD;Variedades;No
Argentina;Prepago;Super Lite HD;1233;Food Network HD;HD;Variedades;Si
Argentina;Prepago;Super Lite HD;1234;HGTV HD;HD;Variedades;No
Argentina;Prepago;Super Lite HD;1236;Ciudad Magazine HD;HD;Variedades;Si
Argentina;Prepago;Super Lite HD;1237;VePlus HD;HD;Variedades;No
Argentina;Prepago;Super Lite HD;1264;MTV HD;HD;Variedades;Si
Argentina;Prepago;Super Lite HD;1265;Music Top HD;HD;Variedades;Si
Argentina;Prepago;Super Lite HD;1266;Tierra Mía HD;HD;Variedades;Si
Argentina;Prepago;Super Lite HD;1267;DSHOW;SD;Variedades;No
Argentina;Prepago;Super Lite HD;1269;Quiero Música en Mi Idioma (QMusic) HD;HD;Variedades;Si
Argentina;Prepago;Super Lite HD;1270;Latina TV;HD;Variedades;Si
Argentina;Prepago;Super Lite HD;1304;Cartoon Network HD;HD;Infantil;Si
Argentina;Prepago;Super Lite HD;1308;Nick HD;HD;Infantil;No
Argentina;Prepago;Super Lite HD;1309;Nick Jr. HD;HD;Infantil;No
Argentina;Prepago;Super Lite HD;1312;Disney Channel HD;HD;Infantil;Si
Argentina;Prepago;Super Lite HD;1315;Disney Junior HD;HD;Infantil;Si
Argentina;Prepago;Super Lite HD;1317;BabyTV;SD;Infantil;No
Argentina;Prepago;Super Lite HD;1318;Plim Plim;SD;Infantil;No
Argentina;Prepago;Super Lite HD;1319;El Reino Infantil;SD;Infantil;No
Argentina;Prepago;Super Lite HD;1330;Discovery Kids HD;HD;Infantil;Si
Argentina;Prepago;Super Lite HD;1402;PPV HD;HD;PPV;No
Argentina;Prepago;Super Lite HD;1404;PPV HD;HD;PPV;No
Argentina;Prepago;Super Lite HD;1406;PPV HD;HD;PPV;No
Argentina;Prepago;Super Lite HD;1408;PPV HD;HD;PPV;No
Argentina;Prepago;Super Lite HD;1410;PPV HD;HD;PPV;No
Argentina;Prepago;Super Lite HD;1502;TNT HD;HD;Cine;Si
Argentina;Prepago;Super Lite HD;1503;Golden HD;HD;Cine;No
Argentina;Prepago;Super Lite HD;1506;Sony Movies HD;HD;Cine;No
Argentina;Prepago;Super Lite HD;1507;Cinecanal HD;HD;Cine;Si
Argentina;Prepago;Super Lite HD;1508;Studio Universal HD;HD;Cine;Si
Argentina;Prepago;Super Lite HD;1509;Cinemax HD;HD;Cine;No
Argentina;Prepago;Super Lite HD;1510;Mórbido TV;SD;Cine;No
Argentina;Prepago;Super Lite HD;1513;DHE HD;HD;Cine;No
Argentina;Prepago;Super Lite HD;1518;Space HD;HD;Cine;Si
Argentina;Prepago;Super Lite HD;1524;HBO HD;HD;Cine;No
Argentina;Prepago;Super Lite HD;1525;HBO 2 HD;HD;Cine;No
Argentina;Prepago;Super Lite HD;1528;HBO Signature HD;HD;Cine;No
Argentina;Prepago;Super Lite HD;1532;HBO Plus HD;HD;Cine;No
Argentina;Prepago;Super Lite HD;1534;HBO Family HD;HD;Cine;No
Argentina;Prepago;Super Lite HD;1542;HBO Xtreme HD;HD;Cine;No
Argentina;Prepago;Super Lite HD;1571;UNIVERSAL Premiere Este HD;HD;Cine;No (Adquirible)
Argentina;Prepago;Super Lite HD;1572;UNIVERSAL Cinema Oeste HD;HD;Cine;No (Adquirible)
Argentina;Prepago;Super Lite HD;1573;UNIVERSAL Comedy HD;HD;Cine;No (Adquirible)
Argentina;Prepago;Super Lite HD;1574;UNIVERSAL Crime HD;HD;Cine;No (Adquirible)
Argentina;Prepago;Super Lite HD;1575;UNIVERSAL Reality HD;HD;Cine;No (Adquirible)
Argentina;Prepago;Super Lite HD;1576;UNIVERSAL Premiere Oeste HD;HD;Cine;No (Adquirible)
Argentina;Prepago;Super Lite HD;1577;UNIVERSAL Crime Oeste HD;HD;Cine;No (Adquirible)
Argentina;Prepago;Super Lite HD;1601;Nueva señal - Nombre TBD;SD;Variedades;No
Argentina;Prepago;Super Lite HD;1602;Portal Fútbol Premium;Portal;Portal;Si
Argentina;Prepago;Super Lite HD;1603;TNT Sports HD;HD;Deportes;No
Argentina;Prepago;Super Lite HD;1604;Fox Sports Premium HD;HD;Deportes;No
Argentina;Prepago;Super Lite HD;1605;Fox Sports HD;HD;Deportes;Si
Argentina;Prepago;Super Lite HD;1608;Fox Sports 2 HD;HD;Deportes;No
Argentina;Prepago;Super Lite HD;1609;Fox Sports 3 HD;HD;Deportes;Si
Argentina;Prepago;Super Lite HD;1610;DSPORTS HD;HD;Deportes;No
Argentina;Prepago;Super Lite HD;1612;DSPORTS 2 HD;HD;Deportes;No
Argentina;Prepago;Super Lite HD;1613;DSPORTS+ HD;HD;Deportes;No
Argentina;Prepago;Super Lite HD;1620;TyC Sports HD;HD;Deportes;Si
Argentina;Prepago;Super Lite HD;1621;ESPN HD;HD;Deportes;Si
Argentina;Prepago;Super Lite HD;1622;ESPN 2 HD;HD;Deportes;Si
Argentina;Prepago;Super Lite HD;1623;ESPN 3 HD;HD;Deportes;Si
Argentina;Prepago;Super Lite HD;1624;ESPN 4;HD;Deportes;No
Argentina;Prepago;Super Lite HD;1628;Golf Channel HD;HD;Deportes;No
Argentina;Prepago;Super Lite HD;1630;DSPORTS;SD;Deportes;No
Argentina;Prepago;Super Lite HD;1631;DSPORTS Radio;Radio;Radio;Si
Argentina;Prepago;Super Lite HD;1639;PX Sports;HD;Deportes;No
Argentina;Prepago;Super Lite HD;1654;DeporTV HD;HD;Deportes;Si
Argentina;Prepago;Super Lite HD;1656;DeporTV HD;HD;Deportes;No
Argentina;Prepago;Super Lite HD;1677;NBA TV HD;HD;Deportes;No
Argentina;Prepago;Super Lite HD;1700;DNEWS HD;HD;Variedades;Si
Argentina;Prepago;Super Lite HD;1714;DSHOW;SD;Variedades;No
Argentina;Prepago;Super Lite HD;1715;La Nación+ HD;HD;Mundo;Si
Argentina;Prepago;Super Lite HD;1716;TN HD;HD;Mundo;Si
Argentina;Prepago;Super Lite HD;1717;C5N HD;HD;Local;Si
Argentina;Prepago;Super Lite HD;1719;A24 HD;HD;Mundo;Si
Argentina;Prepago;Super Lite HD;1720;Canal 26 HD;HD;Mundo;Si
Argentina;Prepago;Super Lite HD;1721;Argentina 12 HD;HD;Mundo;Si
Argentina;Prepago;Super Lite HD;1722;Canal E;HD;Variedades;No
Argentina;Prepago;Super Lite HD;1724;TV Perú Noticias HD;HD;Mundo;No
Argentina;Prepago;Super Lite HD;1730;National Geographic HD;HD;Mundo;Si
Argentina;Prepago;Super Lite HD;1731;Discovery Theater HD;HD;Mundo;No
Argentina;Prepago;Super Lite HD;1732;Discovery Channel HD;HD;Mundo;Si
Argentina;Prepago;Super Lite HD;1734;Animal Planet HD;HD;Mundo;Si
Argentina;Prepago;Super Lite HD;1738;Discovery World HD;HD;Mundo;No
Argentina;Prepago;Super Lite HD;1740;TLC HD;HD;Mundo;No
Argentina;Prepago;Super Lite HD;1742;History Channel HD;HD;Mundo;Si
Argentina;Prepago;Super Lite HD;1744;History 2 HD;HD;Mundo;No
Argentina;Prepago;Super Lite HD;1748;Canal (A) HD;HD;Mundo;Si
Argentina;Prepago;Super Lite HD;1750;Encuentro Internacional HD;HD;Variedades;No
Argentina;Prepago;Super Lite HD;1762;Antena 3 HD;HD;Mundo;No
Argentina;Prepago;Super Lite HD;1764;France 24 Español;SD;Mundo;No
Argentina;Prepago;Super Lite HD;1789;TV Ciudad HD;HD;Variedades;No
Argentina;Prepago;Super Lite HD;1795;TV Perú HD;HD;Mundo;No
Argentina;Prepago;Super Lite HD;1804;Escuela Más HD;HD;Variedades;No
Argentina;Prepago;Super Lite HD;4000;DIRECTV Ultra HD: 4K;4K;4K;No
