Pais;Cliente;Pacote;VC;Canal;Tecnología;Categoría;Disponibilidad
Uruguay;Abono Mensual;Plata;184;Clic Rural;SD;Variedades;Si
Uruguay;Abono Mensual;Plata;190;Canal 4;SD;Nacional;Si
Uruguay;Abono Mensual;Plata;191;Televisión Nacional;SD;Nacional;Si
Uruguay;Abono Mensual;Plata;192;Teledoce;SD;Nacional;Si
Uruguay;Abono Mensual;Plata;193;Saeta;SD;Nacional;Si
Uruguay;Abono Mensual;Plata;194;TV Ciudad HD;HD;Nacional;No
Uruguay;Abono Mensual;Plata;195;Campo Rural TV;HD;Nacional;No
Uruguay;Abono Mensual;Plata;196;UCL;SD;Nacional;Si
Uruguay;Abono Mensual;Plata;199;KZO;SD;Variedades;Si
Uruguay;Abono Mensual;Plata;200;DNews;SD;Mundo;Si
Uruguay;Abono Mensual;Plata;202;Todo Noticias (TN);SD;Mundo;Si
Uruguay;Abono Mensual;Plata;204;La Nación+;SD;Mundo;Si
Uruguay;Abono Mensual;Plata;206;Canal 26;SD;Mundo;No
Uruguay;Abono Mensual;Plata;208;Crónica TV;SD;Mundo;Si
Uruguay;Abono Mensual;Plata;210;Canal América;SD;Mundo;Si
Uruguay;Abono Mensual;Plata;212;Canal 9;SD;Mundo;Si
Uruguay;Abono Mensual;Plata;214;Canal 5 Noticias;HD;Mundo;Si
Uruguay;Abono Mensual;Plata;216;Argentina 12;SD;Mundo;Si
Uruguay;Abono Mensual;Plata;300;DSports Argentina;SD;Deportes;Si
Uruguay;Abono Mensual;Plata;303;DSports Uruguay Mas;SD;Deportes;Si
Uruguay;Abono Mensual;Plata;304;DSports Uruguay Mas;HD;Deportes;No
Uruguay;Abono Mensual;Plata;310;DSports Uruguay;SD;Deportes;Si
Uruguay;Abono Mensual;Plata;312;DSports 2;SD;Deportes;Si
Uruguay;Abono Mensual;Plata;313;DSports+;SD;Deportes;Si
Uruguay;Abono Mensual;Plata;320;TyC Sports;SD;Deportes;No
Uruguay;Abono Mensual;Plata;321;ESPN;SD;Deportes;Si
Uruguay;Abono Mensual;Plata;322;ESPN 2;SD;Deportes;Si
Uruguay;Abono Mensual;Plata;323;ESPN 3;SD;Deportes;Si
Uruguay;Abono Mensual;Plata;325;ESPN 4;SD;Deportes;Si
Uruguay;Abono Mensual;Plata;326;ESPN 6;SD;Deportes;Si
Uruguay;Abono Mensual;Plata;327;ESPN 7;SD;Deportes;Si
Uruguay;Abono Mensual;Plata;340;The Golf Channel;SD;Deportes;No
Uruguay;Abono Mensual;Plata;400;Disney Junior;SD;Infantil;Si
Uruguay;Abono Mensual;Plata;402;Cartoon Network;SD;Infantil;Si
Uruguay;Abono Mensual;Plata;404;Discovery Kids;SD;Infantil;Si
Uruguay;Abono Mensual;Plata;406;Nick Jr.;SD;Infantil;Si
Uruguay;Abono Mensual;Plata;408;Disney Channel;SD;Infantil;Si
Uruguay;Abono Mensual;Plata;410;Nickelodeon;SD;Infantil;Si
Uruguay;Abono Mensual;Plata;412;BabyTV;HD;Infantil;No
Uruguay;Abono Mensual;Plata;414;Cartoonito;SD;Infantil;No
Uruguay;Abono Mensual;Plata;416;Plim Plim;SD;Infantil;Si
Uruguay;Abono Mensual;Plata;418;El Reino Infantil;SD;Infantil;Si
Uruguay;Abono Mensual;Plata;420;Discovery Home & Health;SD;Variedades;Si
Uruguay;Abono Mensual;Plata;422;History Channel;SD;Variedades;Si
Uruguay;Abono Mensual;Plata;424;Discovery Channel;SD;Variedades;Si
Uruguay;Abono Mensual;Plata;426;Investigation Discovery (ID);SD;Variedades;No
Uruguay;Abono Mensual;Plata;428;National Geographic;SD;Variedades;Si
Uruguay;Abono Mensual;Plata;430;History 2;SD;Variedades;No
Uruguay;Abono Mensual;Plata;432;¡Hola! TV;SD;Variedades;Si
Uruguay;Abono Mensual;Plata;450;OnDIRECTV;HD;Variedades;No
Uruguay;Abono Mensual;Plata;452;Star Channel;SD;Cine;Si
Uruguay;Abono Mensual;Plata;454;TNT Latin America;SD;Cine;Si
Uruguay;Abono Mensual;Plata;456;AXN;SD;Cine;Si
Uruguay;Abono Mensual;Plata;458;Universal TV;SD;Cine;Si
Uruguay;Abono Mensual;Plata;460;Space;SD;Cine;Si
Uruguay;Abono Mensual;Plata;462;Warner Channel;SD;Cine;Si
Uruguay;Abono Mensual;Plata;464;TNT Series;SD;Cine;No
Uruguay;Abono Mensual;Plata;466;Cinecanal;SD;Cine;Si
Uruguay;Abono Mensual;Plata;468;Cinemax;SD;Cine;Si
Uruguay;Abono Mensual;Plata;470;Studio Universal;SD;Cine;Si
Uruguay;Abono Mensual;Plata;472;Sony Movies;SD;Cine;Si
Uruguay;Abono Mensual;Plata;474;Sony;SD;Cine;Si
Uruguay;Abono Mensual;Plata;476;Mórbido TV;SD;Cine;Si
Uruguay;Abono Mensual;Plata;478;Golden Plus;SD;Cine;Si
Uruguay;Abono Mensual;Plata;501;HBO;SD;Cine;No
Uruguay;Abono Mensual;Plata;504;TCM;SD;Cine;Si
Uruguay;Abono Mensual;Plata;530;Comedy Central;SD;Cine;No
Uruguay;Abono Mensual;Plata;532;FX;SD;Cine;Si
Uruguay;Abono Mensual;Plata;534;TLnovelas;SD;Cine;Si
Uruguay;Abono Mensual;Plata;536;A&E;SD;Cine;Si
Uruguay;Abono Mensual;Plata;538;AMC;SD;Cine;No
Uruguay;Abono Mensual;Plata;542;El Canal de las Estrellas;SD;Cine;Si
Uruguay;Abono Mensual;Plata;544;DHE;SD;Cine;No
Uruguay;Abono Mensual;Plata;546;Golden Edge;SD;Cine;No
Uruguay;Abono Mensual;Plata;550;Atres Series;SD;Cine;Si
Uruguay;Abono Mensual;Plata;552;USA Network;SD;Cine;No
Uruguay;Abono Mensual;Plata;558;De Película;SD;Cine;No
Uruguay;Abono Mensual;Plata;560;TNT Novelas;SD;Cine;No
Uruguay;Abono Mensual;Plata;568;Magazine;SD;Mundo;Si
Uruguay;Abono Mensual;Plata;590;El Gourmet;SD;Variedades;Si
Uruguay;Abono Mensual;Plata;592;Food Network;SD;Variedades;No
Uruguay;Abono Mensual;Plata;594;Home & Garden (HGTV);HD;Variedades;No
Uruguay;Abono Mensual;Plata;596;Lifetime;SD;Variedades;No
Uruguay;Abono Mensual;Plata;598;Más Chic;SD;Variedades;Si
Uruguay;Abono Mensual;Plata;600;Animal Planet;SD;Variedades;Si
Uruguay;Abono Mensual;Plata;602;Discovery Turbo;SD;Variedades;No
Uruguay;Abono Mensual;Plata;604;Discovery Travel & Living Channel (TLC);SD;Variedades;Si
Uruguay;Abono Mensual;Plata;608;E! Entertainment;SD;Variedades;Si
Uruguay;Abono Mensual;Plata;610;Discovery Theater HD;HD;Variedades;No
Uruguay;Abono Mensual;Plata;612;Discovery World;HD;Variedades;No
Uruguay;Abono Mensual;Plata;614;Adult Swim;SD;Variedades;No
Uruguay;Abono Mensual;Plata;620;MTV;SD;Variedades;Si
Uruguay;Abono Mensual;Plata;622;Quiero Música en Mi Idioma (QMusic);SD;Variedades;Si
Uruguay;Abono Mensual;Plata;626;Music Top;HD;Variedades;No
Uruguay;Abono Mensual;Plata;628;Tierra Mía;HD;Variedades;No
Uruguay;Abono Mensual;Plata;642;Canal Rural;SD;Mundo;Si
Uruguay;Abono Mensual;Plata;644;Chacra TV;SD;Mundo;Si
Uruguay;Abono Mensual;Plata;700;Telemundo Internacional;SD;Mundo;Si
Uruguay;Abono Mensual;Plata;702;Antena 3 Internacional;SD;Mundo;Si
Uruguay;Abono Mensual;Plata;704;Deutsche Welle (DW);SD;Mundo;No
Uruguay;Abono Mensual;Plata;706;CNN en Español;SD;Mundo;Si
Uruguay;Abono Mensual;Plata;708;CNN International;SD;Mundo;Si
Uruguay;Abono Mensual;Plata;712;RAI Internacional;SD;Mundo;Si
Uruguay;Abono Mensual;Plata;713;France 24 Español;SD;Mundo;Si
Uruguay;Abono Mensual;Plata;714;BBC World News;SD;Mundo;Si
Uruguay;Abono Mensual;Plata;718;CNN Chile;SD;Mundo;No
Uruguay;Abono Mensual;Plata;720;24 Horas;SD;Mundo;No
Uruguay;Abono Mensual;Plata;722;Bloomberg Television;SD;Mundo;No
Uruguay;Abono Mensual;Plata;724;Caracol Internacional;SD;Mundo;No
Uruguay;Abono Mensual;Plata;726;TV Perú Noticias;HD;Mundo;No
Uruguay;Abono Mensual;Plata;728;TV Perú;SD;Mundo;Si
Uruguay;Abono Mensual;Plata;730;Univisión;SD;Mundo;Si
Uruguay;Abono Mensual;Plata;732;NTN 24;SD;Mundo;No
Uruguay;Abono Mensual;Plata;734;CGTN Español;SD;Mundo;Si
Uruguay;Abono Mensual;Plata;736;Cable Noticias;SD;Mundo;No
Uruguay;Abono Mensual;Plata;740;El Tiempo TV;SD;Mundo;No
Uruguay;Abono Mensual;Plata;742;TV Chile;SD;Mundo;No
Uruguay;Abono Mensual;Plata;744;RTP Internacional;SD;Mundo;No
Uruguay;Abono Mensual;Plata;748;Telefe Internacional;SD;Mundo;Si
Uruguay;Abono Mensual;Plata;754;Ve Plus;HD;Variedades;No
Uruguay;Abono Mensual;Plata;780;EWTN;SD;Religioso;Si
Uruguay;Abono Mensual;Plata;782;Enlace;SD;Religioso;Si
Uruguay;Abono Mensual;Plata;784;Canal Luz;SD;Religioso;Si
Uruguay;Abono Mensual;Plata;786;DayStar;SD;Religioso;Si
Uruguay;Abono Mensual;Plata;788;Orbe 21;SD;Religioso;Si
Uruguay;Abono Mensual;Plata;805;PX Sports;HD;Deportes;No
Uruguay;Abono Mensual;Plata;904;Unión Radio Noticias;Radio;Radio;Si
Uruguay;Abono Mensual;Plata;906;Radio Caracol;Radio;Radio;Si
Uruguay;Abono Mensual;Plata;1206;Todo Noticias (TN);HD;Mundo;No
Uruguay;Abono Mensual;Plata;1325;ESPN Mas;HD;Deportes;No
Uruguay;Abono Mensual;Plata;2184;Clic Rural;HD;Variedades;Si
Uruguay;Abono Mensual;Plata;2190;Monte Carlo TV;HD;Nacional;Si
Uruguay;Abono Mensual;Plata;2192;Teledoce;HD;Nacional;Si
Uruguay;Abono Mensual;Plata;2193;Saeta;HD;Nacional;Si
Uruguay;Abono Mensual;Plata;2199;KZO;HD;Variedades;Si
Uruguay;Abono Mensual;Plata;2200;DNews;HD;Mundo;Si
Uruguay;Abono Mensual;Plata;2202;La Nación+;HD;Mundo;Si
Uruguay;Abono Mensual;Plata;2206;Canal 26;HD;Mundo;No
Uruguay;Abono Mensual;Plata;2210;Canal América;HD;Mundo;No
Uruguay;Abono Mensual;Plata;2212;Canal 9;HD;Mundo;Si
Uruguay;Abono Mensual;Plata;2216;Argentina 12;HD;Mundo;No
Uruguay;Abono Mensual;Plata;2300;DSports Argentina;HD;Deportes;Si
Uruguay;Abono Mensual;Plata;2310;DSports Uruguay;HD;Deportes;Si
Uruguay;Abono Mensual;Plata;2312;DSports 2;HD;Deportes;Si
Uruguay;Abono Mensual;Plata;2313;DSports+;HD;Deportes;Si
Uruguay;Abono Mensual;Plata;2320;TyC Sports;HD;Deportes;No
Uruguay;Abono Mensual;Plata;2321;ESPN;HD;Deportes;Si
Uruguay;Abono Mensual;Plata;2322;ESPN 2;HD;Deportes;Si
Uruguay;Abono Mensual;Plata;2323;ESPN 3;HD;Deportes;Si
Uruguay;Abono Mensual;Plata;2325;ESPN 4;HD;Deportes;No
Uruguay;Abono Mensual;Plata;2326;Fox Sports 3;HD;Deportes;No
Uruguay;Abono Mensual;Plata;2327;Fox Sports 2;HD;Deportes;No
Uruguay;Abono Mensual;Plata;2340;The Golf Channel;HD;Deportes;No
Uruguay;Abono Mensual;Plata;2400;Disney Junior;HD;Infantil;Si
Uruguay;Abono Mensual;Plata;2402;Cartoon Network;HD;Infantil;Si
Uruguay;Abono Mensual;Plata;2404;Discovery Kids;HD;Infantil;Si
Uruguay;Abono Mensual;Plata;2406;Nick Jr.;HD;Infantil;No
Uruguay;Abono Mensual;Plata;2408;Disney Channel;HD;Infantil;Si
Uruguay;Abono Mensual;Plata;2410;Nickelodeon;HD;Infantil;Si
Uruguay;Abono Mensual;Plata;2416;Plim Plim;HD;Infantil;Si
Uruguay;Abono Mensual;Plata;2418;El Reino Infantil;HD;Infantil;Si
Uruguay;Abono Mensual;Plata;2420;Discovery Home & Health;HD;Variedades;Si
Uruguay;Abono Mensual;Plata;2422;History Channel;HD;Variedades;Si
Uruguay;Abono Mensual;Plata;2424;Discovery Channel;HD;Variedades;Si
Uruguay;Abono Mensual;Plata;2426;Investigation Discovery (ID);HD;Variedades;No
Uruguay;Abono Mensual;Plata;2428;National Geographic;HD;Variedades;Si
Uruguay;Abono Mensual;Plata;2430;History 2;HD;Variedades;No
Uruguay;Abono Mensual;Plata;2432;¡Hola! TV;HD;Variedades;Si
Uruguay;Abono Mensual;Plata;2452;Star Channel;HD;Cine;Si
Uruguay;Abono Mensual;Plata;2454;TNT Latin America;HD;Cine;Si
Uruguay;Abono Mensual;Plata;2456;AXN;HD;Cine;Si
Uruguay;Abono Mensual;Plata;2458;Universal TV;HD;Cine;Si
Uruguay;Abono Mensual;Plata;2460;Space;HD;Cine;Si
Uruguay;Abono Mensual;Plata;2462;Warner Channel;HD;Cine;Si
Uruguay;Abono Mensual;Plata;2464;TNT Series;HD;Cine;No
Uruguay;Abono Mensual;Plata;2466;Cinecanal;HD;Cine;Si
Uruguay;Abono Mensual;Plata;2468;Cinemax;HD;Cine;Si
Uruguay;Abono Mensual;Plata;2470;Studio Universal;HD;Cine;Si
Uruguay;Abono Mensual;Plata;2472;Sony Movies;HD;Cine;Si
Uruguay;Abono Mensual;Plata;2474;Sony;HD;Cine;Si
Uruguay;Abono Mensual;Plata;2476;Mórbido TV;HD;Cine;Si
Uruguay;Abono Mensual;Plata;2478;Golden Plus;HD;Cine;Si
Uruguay;Abono Mensual;Plata;2530;Comedy Central;HD;Cine;No
Uruguay;Abono Mensual;Plata;2532;FX;HD;Cine;Si
Uruguay;Abono Mensual;Plata;2536;A&E;HD;Cine;Si
Uruguay;Abono Mensual;Plata;2538;AMC;HD;Cine;No
Uruguay;Abono Mensual;Plata;2544;DHE;HD;Cine;No
Uruguay;Abono Mensual;Plata;2550;Atres Series;HD;Cine;Si
Uruguay;Abono Mensual;Plata;2552;USA Network;HD;Cine;No
Uruguay;Abono Mensual;Plata;2590;El Gourmet;HD;Variedades;Si
Uruguay;Abono Mensual;Plata;2592;Food Network;HD;Variedades;No
Uruguay;Abono Mensual;Plata;2596;Lifetime;HD;Variedades;No
Uruguay;Abono Mensual;Plata;2600;Animal Planet;HD;Variedades;Si
Uruguay;Abono Mensual;Plata;2604;Discovery Travel & Living Channel (TLC);HD;Variedades;Si
Uruguay;Abono Mensual;Plata;2608;E! Entertainment;HD;Variedades;No
Uruguay;Abono Mensual;Plata;2620;MTV;HD;Variedades;Si
Uruguay;Abono Mensual;Plata;2702;Antena 3 Internacional;HD;Mundo;Si
Uruguay;Abono Mensual;Plata;2713;France 24 Español;HD;Mundo;Si
Uruguay;Abono Mensual;Plata;2728;TV Perú;HD;Mundo;No
Uruguay;Abono Mensual;Plata;2804;Escuela Plus;HD;Variedades;No
Uruguay;Abono Mensual;Plata HD;184;Clic Rural;SD;Variedades;Si
Uruguay;Abono Mensual;Plata HD;190;Canal 4;SD;Nacional;Si
Uruguay;Abono Mensual;Plata HD;191;Televisión Nacional;SD;Nacional;Si
Uruguay;Abono Mensual;Plata HD;192;Teledoce;SD;Nacional;Si
Uruguay;Abono Mensual;Plata HD;193;Saeta;SD;Nacional;Si
Uruguay;Abono Mensual;Plata HD;194;TV Ciudad HD;HD;Nacional;Si
Uruguay;Abono Mensual;Plata HD;195;Campo Rural TV;HD;Nacional;Si
Uruguay;Abono Mensual;Plata HD;196;UCL;SD;Nacional;Si
Uruguay;Abono Mensual;Plata HD;199;KZO;SD;Variedades;Si
Uruguay;Abono Mensual;Plata HD;200;DNews;SD;Mundo;Si
Uruguay;Abono Mensual;Plata HD;202;Todo Noticias (TN);SD;Mundo;Si
Uruguay;Abono Mensual;Plata HD;204;La Nación+;SD;Mundo;Si
Uruguay;Abono Mensual;Plata HD;206;Canal 26;SD;Mundo;Si
Uruguay;Abono Mensual;Plata HD;208;Crónica TV;SD;Mundo;Si
Uruguay;Abono Mensual;Plata HD;210;Canal América;SD;Mundo;Si
Uruguay;Abono Mensual;Plata HD;212;Canal 9;SD;Mundo;Si
Uruguay;Abono Mensual;Plata HD;214;Canal 5 Noticias;HD;Mundo;Si
Uruguay;Abono Mensual;Plata HD;216;Argentina 12;SD;Mundo;Si
Uruguay;Abono Mensual;Plata HD;300;DSports Argentina;SD;Deportes;Si
Uruguay;Abono Mensual;Plata HD;303;DSports Uruguay Mas;SD;Deportes;Si
Uruguay;Abono Mensual;Plata HD;304;DSports Uruguay Mas;HD;Deportes;No
Uruguay;Abono Mensual;Plata HD;310;DSports Uruguay;SD;Deportes;Si
Uruguay;Abono Mensual;Plata HD;312;DSports 2;SD;Deportes;Si
Uruguay;Abono Mensual;Plata HD;313;DSports+;SD;Deportes;Si
Uruguay;Abono Mensual;Plata HD;320;TyC Sports;SD;Deportes;No
Uruguay;Abono Mensual;Plata HD;321;ESPN;SD;Deportes;Si
Uruguay;Abono Mensual;Plata HD;322;ESPN 2;SD;Deportes;Si
Uruguay;Abono Mensual;Plata HD;323;ESPN 3;SD;Deportes;Si
Uruguay;Abono Mensual;Plata HD;325;ESPN 4;SD;Deportes;Si
Uruguay;Abono Mensual;Plata HD;326;ESPN 6;SD;Deportes;Si
Uruguay;Abono Mensual;Plata HD;327;ESPN 7;SD;Deportes;Si
Uruguay;Abono Mensual;Plata HD;340;The Golf Channel;SD;Deportes;No
Uruguay;Abono Mensual;Plata HD;400;Disney Junior;SD;Infantil;Si
Uruguay;Abono Mensual;Plata HD;402;Cartoon Network;SD;Infantil;Si
Uruguay;Abono Mensual;Plata HD;404;Discovery Kids;SD;Infantil;Si
Uruguay;Abono Mensual;Plata HD;406;Nick Jr.;SD;Infantil;Si
Uruguay;Abono Mensual;Plata HD;408;Disney Channel;SD;Infantil;Si
Uruguay;Abono Mensual;Plata HD;410;Nickelodeon;SD;Infantil;Si
Uruguay;Abono Mensual;Plata HD;412;BabyTV;HD;Infantil;No
Uruguay;Abono Mensual;Plata HD;414;Cartoonito;SD;Infantil;No
Uruguay;Abono Mensual;Plata HD;416;Plim Plim;SD;Infantil;Si
Uruguay;Abono Mensual;Plata HD;418;El Reino Infantil;SD;Infantil;Si
Uruguay;Abono Mensual;Plata HD;420;Discovery Home & Health;SD;Variedades;Si
Uruguay;Abono Mensual;Plata HD;422;History Channel;SD;Variedades;Si
Uruguay;Abono Mensual;Plata HD;424;Discovery Channel;SD;Variedades;Si
Uruguay;Abono Mensual;Plata HD;426;Investigation Discovery (ID);SD;Variedades;No
Uruguay;Abono Mensual;Plata HD;428;National Geographic;SD;Variedades;Si
Uruguay;Abono Mensual;Plata HD;430;History 2;SD;Variedades;No
Uruguay;Abono Mensual;Plata HD;432;¡Hola! TV;SD;Variedades;Si
Uruguay;Abono Mensual;Plata HD;450;OnDIRECTV;HD;Variedades;Si
Uruguay;Abono Mensual;Plata HD;452;Star Channel;SD;Cine;Si
Uruguay;Abono Mensual;Plata HD;454;TNT Latin America;SD;Cine;Si
Uruguay;Abono Mensual;Plata HD;456;AXN;SD;Cine;Si
Uruguay;Abono Mensual;Plata HD;458;Universal TV;SD;Cine;Si
Uruguay;Abono Mensual;Plata HD;460;Space;SD;Cine;Si
Uruguay;Abono Mensual;Plata HD;462;Warner Channel;SD;Cine;Si
Uruguay;Abono Mensual;Plata HD;464;TNT Series;SD;Cine;No
Uruguay;Abono Mensual;Plata HD;466;Cinecanal;SD;Cine;Si
Uruguay;Abono Mensual;Plata HD;468;Cinemax;SD;Cine;Si
Uruguay;Abono Mensual;Plata HD;470;Studio Universal;SD;Cine;Si
Uruguay;Abono Mensual;Plata HD;472;Sony Movies;SD;Cine;Si
Uruguay;Abono Mensual;Plata HD;474;Sony;SD;Cine;Si
Uruguay;Abono Mensual;Plata HD;476;Mórbido TV;SD;Cine;Si
Uruguay;Abono Mensual;Plata HD;478;Golden Plus;SD;Cine;Si
Uruguay;Abono Mensual;Plata HD;501;HBO;SD;Cine;No
Uruguay;Abono Mensual;Plata HD;504;TCM;SD;Cine;Si
Uruguay;Abono Mensual;Plata HD;530;Comedy Central;SD;Cine;No
Uruguay;Abono Mensual;Plata HD;532;FX;SD;Cine;Si
Uruguay;Abono Mensual;Plata HD;534;TLnovelas;SD;Cine;Si
Uruguay;Abono Mensual;Plata HD;536;A&E;SD;Cine;Si
Uruguay;Abono Mensual;Plata HD;538;AMC;SD;Cine;No
Uruguay;Abono Mensual;Plata HD;542;El Canal de las Estrellas;SD;Cine;Si
Uruguay;Abono Mensual;Plata HD;544;DHE;SD;Cine;No
Uruguay;Abono Mensual;Plata HD;546;Golden Edge;SD;Cine;No
Uruguay;Abono Mensual;Plata HD;550;Atres Series;SD;Cine;Si
Uruguay;Abono Mensual;Plata HD;552;USA Network;SD;Cine;No
Uruguay;Abono Mensual;Plata HD;558;De Película;SD;Cine;No
Uruguay;Abono Mensual;Plata HD;560;TNT Novelas;SD;Cine;No
Uruguay;Abono Mensual;Plata HD;568;Magazine;SD;Mundo;Si
Uruguay;Abono Mensual;Plata HD;590;El Gourmet;SD;Variedades;Si
Uruguay;Abono Mensual;Plata HD;592;Food Network;SD;Variedades;No
Uruguay;Abono Mensual;Plata HD;594;Home & Garden (HGTV);HD;Variedades;No
Uruguay;Abono Mensual;Plata HD;596;Lifetime;SD;Variedades;No
Uruguay;Abono Mensual;Plata HD;598;Más Chic;SD;Variedades;Si
Uruguay;Abono Mensual;Plata HD;600;Animal Planet;SD;Variedades;Si
Uruguay;Abono Mensual;Plata HD;602;Discovery Turbo;SD;Variedades;No
Uruguay;Abono Mensual;Plata HD;604;Discovery Travel & Living Channel (TLC);SD;Variedades;Si
Uruguay;Abono Mensual;Plata HD;608;E! Entertainment;SD;Variedades;Si
Uruguay;Abono Mensual;Plata HD;610;Discovery Theater HD;HD;Variedades;No
Uruguay;Abono Mensual;Plata HD;612;Discovery World;HD;Variedades;No
Uruguay;Abono Mensual;Plata HD;614;Adult Swim;SD;Variedades;No
Uruguay;Abono Mensual;Plata HD;620;MTV;SD;Variedades;Si
Uruguay;Abono Mensual;Plata HD;622;Quiero Música en Mi Idioma (QMusic);SD;Variedades;Si
Uruguay;Abono Mensual;Plata HD;626;Music Top;HD;Variedades;Si
Uruguay;Abono Mensual;Plata HD;628;Tierra Mía;HD;Variedades;Si
Uruguay;Abono Mensual;Plata HD;642;Canal Rural;SD;Mundo;Si
Uruguay;Abono Mensual;Plata HD;644;Chacra TV;SD;Mundo;Si
Uruguay;Abono Mensual;Plata HD;700;Telemundo Internacional;SD;Mundo;Si
Uruguay;Abono Mensual;Plata HD;702;Antena 3 Internacional;SD;Mundo;Si
Uruguay;Abono Mensual;Plata HD;704;Deutsche Welle (DW);SD;Mundo;No
Uruguay;Abono Mensual;Plata HD;706;CNN en Español;SD;Mundo;Si
Uruguay;Abono Mensual;Plata HD;708;CNN International;SD;Mundo;Si
Uruguay;Abono Mensual;Plata HD;712;RAI Internacional;SD;Mundo;Si
Uruguay;Abono Mensual;Plata HD;713;France 24 Español;SD;Mundo;Si
Uruguay;Abono Mensual;Plata HD;714;BBC World News;SD;Mundo;Si
Uruguay;Abono Mensual;Plata HD;718;CNN Chile;SD;Mundo;No
Uruguay;Abono Mensual;Plata HD;720;24 Horas;SD;Mundo;No
Uruguay;Abono Mensual;Plata HD;722;Bloomberg Television;SD;Mundo;No
Uruguay;Abono Mensual;Plata HD;724;Caracol Internacional;SD;Mundo;No
Uruguay;Abono Mensual;Plata HD;726;TV Perú Noticias;HD;Mundo;Si
Uruguay;Abono Mensual;Plata HD;728;TV Perú;SD;Mundo;Si
Uruguay;Abono Mensual;Plata HD;730;Univisión;SD;Mundo;Si
Uruguay;Abono Mensual;Plata HD;732;NTN 24;SD;Mundo;No
Uruguay;Abono Mensual;Plata HD;734;CGTN Español;SD;Mundo;Si
Uruguay;Abono Mensual;Plata HD;736;Cable Noticias;SD;Mundo;No
Uruguay;Abono Mensual;Plata HD;740;El Tiempo TV;SD;Mundo;No
Uruguay;Abono Mensual;Plata HD;742;TV Chile;SD;Mundo;No
Uruguay;Abono Mensual;Plata HD;744;RTP Internacional;SD;Mundo;No
Uruguay;Abono Mensual;Plata HD;748;Telefe Internacional;SD;Mundo;Si
Uruguay;Abono Mensual;Plata HD;754;Ve Plus;HD;Variedades;Si
Uruguay;Abono Mensual;Plata HD;780;EWTN;SD;Religioso;Si
Uruguay;Abono Mensual;Plata HD;782;Enlace;SD;Religioso;Si
Uruguay;Abono Mensual;Plata HD;784;Canal Luz;SD;Religioso;Si
Uruguay;Abono Mensual;Plata HD;786;DayStar;SD;Religioso;Si
Uruguay;Abono Mensual;Plata HD;788;Orbe 21;SD;Religioso;Si
Uruguay;Abono Mensual;Plata HD;805;PX Sports;HD;Deportes;No
Uruguay;Abono Mensual;Plata HD;904;Unión Radio Noticias;Radio;Radio;Si
Uruguay;Abono Mensual;Plata HD;906;Radio Caracol;Radio;Radio;Si
Uruguay;Abono Mensual;Plata HD;1206;Todo Noticias (TN);HD;Mundo;Si
Uruguay;Abono Mensual;Plata HD;1325;ESPN Mas;HD;Deportes;Si
Uruguay;Abono Mensual;Plata HD;2184;Clic Rural;HD;Variedades;Si
Uruguay;Abono Mensual;Plata HD;2190;Monte Carlo TV;HD;Nacional;Si
Uruguay;Abono Mensual;Plata HD;2192;Teledoce;HD;Nacional;Si
Uruguay;Abono Mensual;Plata HD;2193;Saeta;HD;Nacional;Si
Uruguay;Abono Mensual;Plata HD;2199;KZO;HD;Variedades;Si
Uruguay;Abono Mensual;Plata HD;2200;DNews;HD;Mundo;Si
Uruguay;Abono Mensual;Plata HD;2202;La Nación+;HD;Mundo;Si
Uruguay;Abono Mensual;Plata HD;2206;Canal 26;HD;Mundo;No
Uruguay;Abono Mensual;Plata HD;2210;Canal América;HD;Mundo;Si
Uruguay;Abono Mensual;Plata HD;2212;Canal 9;HD;Mundo;Si
Uruguay;Abono Mensual;Plata HD;2216;Argentina 12;HD;Mundo;Si
Uruguay;Abono Mensual;Plata HD;2300;DSports Argentina;HD;Deportes;Si
Uruguay;Abono Mensual;Plata HD;2310;DSports Uruguay;HD;Deportes;Si
Uruguay;Abono Mensual;Plata HD;2312;DSports 2;HD;Deportes;Si
Uruguay;Abono Mensual;Plata HD;2313;DSports+;HD;Deportes;Si
Uruguay;Abono Mensual;Plata HD;2320;TyC Sports;HD;Deportes;No
Uruguay;Abono Mensual;Plata HD;2321;ESPN;HD;Deportes;Si
Uruguay;Abono Mensual;Plata HD;2322;ESPN 2;HD;Deportes;Si
Uruguay;Abono Mensual;Plata HD;2323;ESPN 3;HD;Deportes;Si
Uruguay;Abono Mensual;Plata HD;2325;ESPN 4;HD;Deportes;Si
Uruguay;Abono Mensual;Plata HD;2326;Fox Sports 3;HD;Deportes;Si
Uruguay;Abono Mensual;Plata HD;2327;Fox Sports 2;HD;Deportes;Si
Uruguay;Abono Mensual;Plata HD;2340;The Golf Channel;HD;Deportes;No
Uruguay;Abono Mensual;Plata HD;2400;Disney Junior;HD;Infantil;Si
Uruguay;Abono Mensual;Plata HD;2402;Cartoon Network;HD;Infantil;Si
Uruguay;Abono Mensual;Plata HD;2404;Discovery Kids;HD;Infantil;Si
Uruguay;Abono Mensual;Plata HD;2406;Nick Jr.;HD;Infantil;No
Uruguay;Abono Mensual;Plata HD;2408;Disney Channel;HD;Infantil;Si
Uruguay;Abono Mensual;Plata HD;2410;Nickelodeon;HD;Infantil;Si
Uruguay;Abono Mensual;Plata HD;2416;Plim Plim;HD;Infantil;Si
Uruguay;Abono Mensual;Plata HD;2418;El Reino Infantil;HD;Infantil;Si
Uruguay;Abono Mensual;Plata HD;2420;Discovery Home & Health;HD;Variedades;Si
Uruguay;Abono Mensual;Plata HD;2422;History Channel;HD;Variedades;Si
Uruguay;Abono Mensual;Plata HD;2424;Discovery Channel;HD;Variedades;Si
Uruguay;Abono Mensual;Plata HD;2426;Investigation Discovery (ID);HD;Variedades;No
Uruguay;Abono Mensual;Plata HD;2428;National Geographic;HD;Variedades;Si
Uruguay;Abono Mensual;Plata HD;2430;History 2;HD;Variedades;No
Uruguay;Abono Mensual;Plata HD;2432;¡Hola! TV;HD;Variedades;Si
Uruguay;Abono Mensual;Plata HD;2452;Star Channel;HD;Cine;Si
Uruguay;Abono Mensual;Plata HD;2454;TNT Latin America;HD;Cine;Si
Uruguay;Abono Mensual;Plata HD;2456;AXN;HD;Cine;Si
Uruguay;Abono Mensual;Plata HD;2458;Universal TV;HD;Cine;Si
Uruguay;Abono Mensual;Plata HD;2460;Space;HD;Cine;Si
Uruguay;Abono Mensual;Plata HD;2462;Warner Channel;HD;Cine;Si
Uruguay;Abono Mensual;Plata HD;2464;TNT Series;HD;Cine;No
Uruguay;Abono Mensual;Plata HD;2466;Cinecanal;HD;Cine;Si
Uruguay;Abono Mensual;Plata HD;2468;Cinemax;HD;Cine;Si
Uruguay;Abono Mensual;Plata HD;2470;Studio Universal;HD;Cine;Si
Uruguay;Abono Mensual;Plata HD;2472;Sony Movies;HD;Cine;Si
Uruguay;Abono Mensual;Plata HD;2474;Sony;HD;Cine;Si
Uruguay;Abono Mensual;Plata HD;2476;Mórbido TV;HD;Cine;Si
Uruguay;Abono Mensual;Plata HD;2478;Golden Plus;HD;Cine;Si
Uruguay;Abono Mensual;Plata HD;2530;Comedy Central;HD;Cine;No
Uruguay;Abono Mensual;Plata HD;2532;FX;HD;Cine;Si
Uruguay;Abono Mensual;Plata HD;2536;A&E;HD;Cine;Si
Uruguay;Abono Mensual;Plata HD;2538;AMC;HD;Cine;No
Uruguay;Abono Mensual;Plata HD;2544;DHE;HD;Cine;No
Uruguay;Abono Mensual;Plata HD;2550;Atres Series;HD;Cine;Si
Uruguay;Abono Mensual;Plata HD;2552;USA Network;HD;Cine;No
Uruguay;Abono Mensual;Plata HD;2590;El Gourmet;HD;Variedades;Si
Uruguay;Abono Mensual;Plata HD;2592;Food Network;HD;Variedades;No
Uruguay;Abono Mensual;Plata HD;2596;Lifetime;HD;Variedades;No
Uruguay;Abono Mensual;Plata HD;2600;Animal Planet;HD;Variedades;Si
Uruguay;Abono Mensual;Plata HD;2604;Discovery Travel & Living Channel (TLC);HD;Variedades;Si
Uruguay;Abono Mensual;Plata HD;2608;E! Entertainment;HD;Variedades;Si
Uruguay;Abono Mensual;Plata HD;2620;MTV;HD;Variedades;Si
Uruguay;Abono Mensual;Plata HD;2702;Antena 3 Internacional;HD;Mundo;Si
Uruguay;Abono Mensual;Plata HD;2713;France 24 Español;HD;Mundo;Si
Uruguay;Abono Mensual;Plata HD;2728;TV Perú;HD;Mundo;Si
Uruguay;Abono Mensual;Plata HD;2804;Escuela Plus;HD;Variedades;No
Uruguay;Abono Mensual;Oro;184;Clic Rural;SD;Variedades;Si
Uruguay;Abono Mensual;Oro;190;Canal 4;SD;Nacional;Si
Uruguay;Abono Mensual;Oro;191;Televisión Nacional;SD;Nacional;Si
Uruguay;Abono Mensual;Oro;192;Teledoce;SD;Nacional;Si
Uruguay;Abono Mensual;Oro;193;Saeta;SD;Nacional;Si
Uruguay;Abono Mensual;Oro;194;TV Ciudad HD;HD;Nacional;No
Uruguay;Abono Mensual;Oro;195;Campo Rural TV;HD;Nacional;No
Uruguay;Abono Mensual;Oro;196;UCL;SD;Nacional;Si
Uruguay;Abono Mensual;Oro;199;KZO;SD;Variedades;Si
Uruguay;Abono Mensual;Oro;200;DNews;SD;Mundo;Si
Uruguay;Abono Mensual;Oro;202;Todo Noticias (TN);SD;Mundo;Si
Uruguay;Abono Mensual;Oro;204;La Nación+;SD;Mundo;Si
Uruguay;Abono Mensual;Oro;206;Canal 26;SD;Mundo;Si
Uruguay;Abono Mensual;Oro;208;Crónica TV;SD;Mundo;Si
Uruguay;Abono Mensual;Oro;210;Canal América;SD;Mundo;Si
Uruguay;Abono Mensual;Oro;212;Canal 9;SD;Mundo;Si
Uruguay;Abono Mensual;Oro;214;Canal 5 Noticias;HD;Mundo;Si
Uruguay;Abono Mensual;Oro;216;Argentina 12;SD;Mundo;Si
Uruguay;Abono Mensual;Oro;300;DSports Argentina;SD;Deportes;Si
Uruguay;Abono Mensual;Oro;303;DSports Uruguay Mas;SD;Deportes;Si
Uruguay;Abono Mensual;Oro;304;DSports Uruguay Mas;HD;Deportes;No
Uruguay;Abono Mensual;Oro;310;DSports Uruguay;SD;Deportes;Si
Uruguay;Abono Mensual;Oro;312;DSports 2;SD;Deportes;Si
Uruguay;Abono Mensual;Oro;313;DSports+;SD;Deportes;Si
Uruguay;Abono Mensual;Oro;320;TyC Sports;SD;Deportes;Si
Uruguay;Abono Mensual;Oro;321;ESPN;SD;Deportes;Si
Uruguay;Abono Mensual;Oro;322;ESPN 2;SD;Deportes;Si
Uruguay;Abono Mensual;Oro;323;ESPN 3;SD;Deportes;Si
Uruguay;Abono Mensual;Oro;325;ESPN 4;SD;Deportes;Si
Uruguay;Abono Mensual;Oro;326;ESPN 6;SD;Deportes;Si
Uruguay;Abono Mensual;Oro;327;ESPN 7;SD;Deportes;Si
Uruguay;Abono Mensual;Oro;340;The Golf Channel;SD;Deportes;Si
Uruguay;Abono Mensual;Oro;400;Disney Junior;SD;Infantil;Si
Uruguay;Abono Mensual;Oro;402;Cartoon Network;SD;Infantil;Si
Uruguay;Abono Mensual;Oro;404;Discovery Kids;SD;Infantil;Si
Uruguay;Abono Mensual;Oro;406;Nick Jr.;SD;Infantil;Si
Uruguay;Abono Mensual;Oro;408;Disney Channel;SD;Infantil;Si
Uruguay;Abono Mensual;Oro;410;Nickelodeon;SD;Infantil;Si
Uruguay;Abono Mensual;Oro;412;BabyTV;HD;Infantil;No
Uruguay;Abono Mensual;Oro;414;Cartoonito;SD;Infantil;Si
Uruguay;Abono Mensual;Oro;416;Plim Plim;SD;Infantil;Si
Uruguay;Abono Mensual;Oro;418;El Reino Infantil;SD;Infantil;Si
Uruguay;Abono Mensual;Oro;420;Discovery Home & Health;SD;Variedades;Si
Uruguay;Abono Mensual;Oro;422;History Channel;SD;Variedades;Si
Uruguay;Abono Mensual;Oro;424;Discovery Channel;SD;Variedades;Si
Uruguay;Abono Mensual;Oro;426;Investigation Discovery (ID);SD;Variedades;Si
Uruguay;Abono Mensual;Oro;428;National Geographic;SD;Variedades;Si
Uruguay;Abono Mensual;Oro;430;History 2;SD;Variedades;Si
Uruguay;Abono Mensual;Oro;432;¡Hola! TV;SD;Variedades;Si
Uruguay;Abono Mensual;Oro;450;OnDIRECTV;HD;Variedades;No
Uruguay;Abono Mensual;Oro;452;Star Channel;SD;Cine;Si
Uruguay;Abono Mensual;Oro;454;TNT Latin America;SD;Cine;Si
Uruguay;Abono Mensual;Oro;456;AXN;SD;Cine;Si
Uruguay;Abono Mensual;Oro;458;Universal TV;SD;Cine;Si
Uruguay;Abono Mensual;Oro;460;Space;SD;Cine;Si
Uruguay;Abono Mensual;Oro;462;Warner Channel;SD;Cine;Si
Uruguay;Abono Mensual;Oro;464;TNT Series;SD;Cine;Si
Uruguay;Abono Mensual;Oro;466;Cinecanal;SD;Cine;Si
Uruguay;Abono Mensual;Oro;468;Cinemax;SD;Cine;Si
Uruguay;Abono Mensual;Oro;470;Studio Universal;SD;Cine;Si
Uruguay;Abono Mensual;Oro;472;Sony Movies;SD;Cine;Si
Uruguay;Abono Mensual;Oro;474;Sony;SD;Cine;Si
Uruguay;Abono Mensual;Oro;476;Mórbido TV;SD;Cine;Si
Uruguay;Abono Mensual;Oro;478;Golden Plus;SD;Cine;Si
Uruguay;Abono Mensual;Oro;501;HBO;SD;Cine;Si
Uruguay;Abono Mensual;Oro;504;TCM;SD;Cine;Si
Uruguay;Abono Mensual;Oro;530;Comedy Central;SD;Cine;Si
Uruguay;Abono Mensual;Oro;532;FX;SD;Cine;Si
Uruguay;Abono Mensual;Oro;534;TLnovelas;SD;Cine;Si
Uruguay;Abono Mensual;Oro;536;A&E;SD;Cine;Si
Uruguay;Abono Mensual;Oro;538;AMC;SD;Cine;Si
Uruguay;Abono Mensual;Oro;542;El Canal de las Estrellas;SD;Cine;Si
Uruguay;Abono Mensual;Oro;544;DHE;SD;Cine;Si
Uruguay;Abono Mensual;Oro;546;Golden Edge;SD;Cine;Si
Uruguay;Abono Mensual;Oro;550;Atres Series;SD;Cine;Si
Uruguay;Abono Mensual;Oro;552;USA Network;SD;Cine;Si
Uruguay;Abono Mensual;Oro;558;De Película;SD;Cine;Si
Uruguay;Abono Mensual;Oro;560;TNT Novelas;SD;Cine;Si
Uruguay;Abono Mensual;Oro;568;Magazine;SD;Mundo;Si
Uruguay;Abono Mensual;Oro;590;El Gourmet;SD;Variedades;Si
Uruguay;Abono Mensual;Oro;592;Food Network;SD;Variedades;Si
Uruguay;Abono Mensual;Oro;594;Home & Garden (HGTV);HD;Variedades;No
Uruguay;Abono Mensual;Oro;596;Lifetime;SD;Variedades;Si
Uruguay;Abono Mensual;Oro;598;Más Chic;SD;Variedades;Si
Uruguay;Abono Mensual;Oro;600;Animal Planet;SD;Variedades;Si
Uruguay;Abono Mensual;Oro;602;Discovery Turbo;SD;Variedades;Si
Uruguay;Abono Mensual;Oro;604;Discovery Travel & Living Channel (TLC);SD;Variedades;Si
Uruguay;Abono Mensual;Oro;608;E! Entertainment;SD;Variedades;Si
Uruguay;Abono Mensual;Oro;610;Discovery Theater HD;HD;Variedades;No
Uruguay;Abono Mensual;Oro;612;Discovery World;HD;Variedades;No
Uruguay;Abono Mensual;Oro;614;Adult Swim;SD;Variedades;Si
Uruguay;Abono Mensual;Oro;620;MTV;SD;Variedades;Si
Uruguay;Abono Mensual;Oro;622;Quiero Música en Mi Idioma (QMusic);SD;Variedades;Si
Uruguay;Abono Mensual;Oro;626;Music Top;HD;Variedades;No
Uruguay;Abono Mensual;Oro;628;Tierra Mía;HD;Variedades;No
Uruguay;Abono Mensual;Oro;642;Canal Rural;SD;Mundo;Si
Uruguay;Abono Mensual;Oro;644;Chacra TV;SD;Mundo;Si
Uruguay;Abono Mensual;Oro;700;Telemundo Internacional;SD;Mundo;Si
Uruguay;Abono Mensual;Oro;702;Antena 3 Internacional;SD;Mundo;Si
Uruguay;Abono Mensual;Oro;704;Deutsche Welle (DW);SD;Mundo;Si
Uruguay;Abono Mensual;Oro;706;CNN en Español;SD;Mundo;Si
Uruguay;Abono Mensual;Oro;708;CNN International;SD;Mundo;Si
Uruguay;Abono Mensual;Oro;712;RAI Internacional;SD;Mundo;Si
Uruguay;Abono Mensual;Oro;713;France 24 Español;SD;Mundo;Si
Uruguay;Abono Mensual;Oro;714;BBC World News;SD;Mundo;Si
Uruguay;Abono Mensual;Oro;718;CNN Chile;SD;Mundo;Si
Uruguay;Abono Mensual;Oro;720;24 Horas;SD;Mundo;Si
Uruguay;Abono Mensual;Oro;722;Bloomberg Television;SD;Mundo;Si
Uruguay;Abono Mensual;Oro;724;Caracol Internacional;SD;Mundo;Si
Uruguay;Abono Mensual;Oro;726;TV Perú Noticias;HD;Mundo;No
Uruguay;Abono Mensual;Oro;728;TV Perú;SD;Mundo;Si
Uruguay;Abono Mensual;Oro;730;Univisión;SD;Mundo;Si
Uruguay;Abono Mensual;Oro;732;NTN 24;SD;Mundo;Si
Uruguay;Abono Mensual;Oro;734;CGTN Español;SD;Mundo;Si
Uruguay;Abono Mensual;Oro;736;Cable Noticias;SD;Mundo;Si
Uruguay;Abono Mensual;Oro;740;El Tiempo TV;SD;Mundo;Si
Uruguay;Abono Mensual;Oro;742;TV Chile;SD;Mundo;Si
Uruguay;Abono Mensual;Oro;744;RTP Internacional;SD;Mundo;Si
Uruguay;Abono Mensual;Oro;748;Telefe Internacional;SD;Mundo;Si
Uruguay;Abono Mensual;Oro;754;Ve Plus;HD;Variedades;No
Uruguay;Abono Mensual;Oro;780;EWTN;SD;Religioso;Si
Uruguay;Abono Mensual;Oro;782;Enlace;SD;Religioso;Si
Uruguay;Abono Mensual;Oro;784;Canal Luz;SD;Religioso;Si
Uruguay;Abono Mensual;Oro;786;DayStar;SD;Religioso;Si
Uruguay;Abono Mensual;Oro;788;Orbe 21;SD;Religioso;Si
Uruguay;Abono Mensual;Oro;805;PX Sports;HD;Deportes;No
Uruguay;Abono Mensual;Oro;904;Unión Radio Noticias;Radio;Radio;Si
Uruguay;Abono Mensual;Oro;906;Radio Caracol;Radio;Radio;Si
Uruguay;Abono Mensual;Oro;1206;Todo Noticias (TN);HD;Mundo;No
Uruguay;Abono Mensual;Oro;1325;ESPN Mas;HD;Deportes;No
Uruguay;Abono Mensual;Oro;2184;Clic Rural;HD;Variedades;Si
Uruguay;Abono Mensual;Oro;2190;Monte Carlo TV;HD;Nacional;Si
Uruguay;Abono Mensual;Oro;2192;Teledoce;HD;Nacional;Si
Uruguay;Abono Mensual;Oro;2193;Saeta;HD;Nacional;Si
Uruguay;Abono Mensual;Oro;2199;KZO;HD;Variedades;Si
Uruguay;Abono Mensual;Oro;2200;DNews;HD;Mundo;Si
Uruguay;Abono Mensual;Oro;2202;La Nación+;HD;Mundo;Si
Uruguay;Abono Mensual;Oro;2206;Canal 26;HD;Mundo;No
Uruguay;Abono Mensual;Oro;2210;Canal América;HD;Mundo;No
Uruguay;Abono Mensual;Oro;2212;Canal 9;HD;Mundo;Si
Uruguay;Abono Mensual;Oro;2216;Argentina 12;HD;Mundo;No
Uruguay;Abono Mensual;Oro;2300;DSports Argentina;HD;Deportes;Si
Uruguay;Abono Mensual;Oro;2310;DSports Uruguay;HD;Deportes;Si
Uruguay;Abono Mensual;Oro;2312;DSports 2;HD;Deportes;Si
Uruguay;Abono Mensual;Oro;2313;DSports+;HD;Deportes;Si
Uruguay;Abono Mensual;Oro;2320;TyC Sports;HD;Deportes;Si
Uruguay;Abono Mensual;Oro;2321;ESPN;HD;Deportes;Si
Uruguay;Abono Mensual;Oro;2322;ESPN 2;HD;Deportes;Si
Uruguay;Abono Mensual;Oro;2323;ESPN 3;HD;Deportes;Si
Uruguay;Abono Mensual;Oro;2325;ESPN 4;HD;Deportes;No
Uruguay;Abono Mensual;Oro;2326;Fox Sports 3;HD;Deportes;No
Uruguay;Abono Mensual;Oro;2327;Fox Sports 2;HD;Deportes;No
Uruguay;Abono Mensual;Oro;2340;The Golf Channel;HD;Deportes;Si
Uruguay;Abono Mensual;Oro;2400;Disney Junior;HD;Infantil;Si
Uruguay;Abono Mensual;Oro;2402;Cartoon Network;HD;Infantil;Si
Uruguay;Abono Mensual;Oro;2404;Discovery Kids;HD;Infantil;Si
Uruguay;Abono Mensual;Oro;2406;Nick Jr.;HD;Infantil;No
Uruguay;Abono Mensual;Oro;2408;Disney Channel;HD;Infantil;Si
Uruguay;Abono Mensual;Oro;2410;Nickelodeon;HD;Infantil;Si
Uruguay;Abono Mensual;Oro;2416;Plim Plim;HD;Infantil;Si
Uruguay;Abono Mensual;Oro;2418;El Reino Infantil;HD;Infantil;Si
Uruguay;Abono Mensual;Oro;2420;Discovery Home & Health;HD;Variedades;Si
Uruguay;Abono Mensual;Oro;2422;History Channel;HD;Variedades;Si
Uruguay;Abono Mensual;Oro;2424;Discovery Channel;HD;Variedades;Si
Uruguay;Abono Mensual;Oro;2426;Investigation Discovery (ID);HD;Variedades;Si
Uruguay;Abono Mensual;Oro;2428;National Geographic;HD;Variedades;Si
Uruguay;Abono Mensual;Oro;2430;History 2;HD;Variedades;Si
Uruguay;Abono Mensual;Oro;2432;¡Hola! TV;HD;Variedades;Si
Uruguay;Abono Mensual;Oro;2452;Star Channel;HD;Cine;Si
Uruguay;Abono Mensual;Oro;2454;TNT Latin America;HD;Cine;Si
Uruguay;Abono Mensual;Oro;2456;AXN;HD;Cine;Si
Uruguay;Abono Mensual;Oro;2458;Universal TV;HD;Cine;Si
Uruguay;Abono Mensual;Oro;2460;Space;HD;Cine;Si
Uruguay;Abono Mensual;Oro;2462;Warner Channel;HD;Cine;Si
Uruguay;Abono Mensual;Oro;2464;TNT Series;HD;Cine;Si
Uruguay;Abono Mensual;Oro;2466;Cinecanal;HD;Cine;Si
Uruguay;Abono Mensual;Oro;2468;Cinemax;HD;Cine;Si
Uruguay;Abono Mensual;Oro;2470;Studio Universal;HD;Cine;Si
Uruguay;Abono Mensual;Oro;2472;Sony Movies;HD;Cine;Si
Uruguay;Abono Mensual;Oro;2474;Sony;HD;Cine;Si
Uruguay;Abono Mensual;Oro;2476;Mórbido TV;HD;Cine;Si
Uruguay;Abono Mensual;Oro;2478;Golden Plus;HD;Cine;Si
Uruguay;Abono Mensual;Oro;2530;Comedy Central;HD;Cine;Si
Uruguay;Abono Mensual;Oro;2532;FX;HD;Cine;Si
Uruguay;Abono Mensual;Oro;2536;A&E;HD;Cine;Si
Uruguay;Abono Mensual;Oro;2538;AMC;HD;Cine;Si
Uruguay;Abono Mensual;Oro;2544;DHE;HD;Cine;Si
Uruguay;Abono Mensual;Oro;2550;Atres Series;HD;Cine;Si
Uruguay;Abono Mensual;Oro;2552;USA Network;HD;Cine;Si
Uruguay;Abono Mensual;Oro;2590;El Gourmet;HD;Variedades;Si
Uruguay;Abono Mensual;Oro;2592;Food Network;HD;Variedades;Si
Uruguay;Abono Mensual;Oro;2596;Lifetime;HD;Variedades;Si
Uruguay;Abono Mensual;Oro;2600;Animal Planet;HD;Variedades;Si
Uruguay;Abono Mensual;Oro;2604;Discovery Travel & Living Channel (TLC);HD;Variedades;Si
Uruguay;Abono Mensual;Oro;2608;E! Entertainment;HD;Variedades;No
Uruguay;Abono Mensual;Oro;2620;MTV;HD;Variedades;Si
Uruguay;Abono Mensual;Oro;2702;Antena 3 Internacional;HD;Mundo;Si
Uruguay;Abono Mensual;Oro;2713;France 24 Español;HD;Mundo;Si
Uruguay;Abono Mensual;Oro;2728;TV Perú;HD;Mundo;No
Uruguay;Abono Mensual;Oro;2804;Escuela Plus;HD;Variedades;No
Uruguay;Abono Mensual;Oro HD;184;Clic Rural;SD;Variedades;Si
Uruguay;Abono Mensual;Oro HD;190;Canal 4;SD;Nacional;Si
Uruguay;Abono Mensual;Oro HD;191;Televisión Nacional;SD;Nacional;Si
Uruguay;Abono Mensual;Oro HD;192;Teledoce;SD;Nacional;Si
Uruguay;Abono Mensual;Oro HD;193;Saeta;SD;Nacional;Si
Uruguay;Abono Mensual;Oro HD;194;TV Ciudad HD;HD;Nacional;Si
Uruguay;Abono Mensual;Oro HD;195;Campo Rural TV;HD;Nacional;Si
Uruguay;Abono Mensual;Oro HD;196;UCL;SD;Nacional;Si
Uruguay;Abono Mensual;Oro HD;199;KZO;SD;Variedades;Si
Uruguay;Abono Mensual;Oro HD;200;DNews;SD;Mundo;Si
Uruguay;Abono Mensual;Oro HD;202;Todo Noticias (TN);SD;Mundo;Si
Uruguay;Abono Mensual;Oro HD;204;La Nación+;SD;Mundo;Si
Uruguay;Abono Mensual;Oro HD;206;Canal 26;SD;Mundo;Si
Uruguay;Abono Mensual;Oro HD;208;Crónica TV;SD;Mundo;Si
Uruguay;Abono Mensual;Oro HD;210;Canal América;SD;Mundo;Si
Uruguay;Abono Mensual;Oro HD;212;Canal 9;SD;Mundo;Si
Uruguay;Abono Mensual;Oro HD;214;Canal 5 Noticias;HD;Mundo;Si
Uruguay;Abono Mensual;Oro HD;216;Argentina 12;SD;Mundo;Si
Uruguay;Abono Mensual;Oro HD;300;DSports Argentina;SD;Deportes;Si
Uruguay;Abono Mensual;Oro HD;303;DSports Uruguay Mas;SD;Deportes;Si
Uruguay;Abono Mensual;Oro HD;304;DSports Uruguay Mas;HD;Deportes;No
Uruguay;Abono Mensual;Oro HD;310;DSports Uruguay;SD;Deportes;Si
Uruguay;Abono Mensual;Oro HD;312;DSports 2;SD;Deportes;Si
Uruguay;Abono Mensual;Oro HD;313;DSports+;SD;Deportes;Si
Uruguay;Abono Mensual;Oro HD;320;TyC Sports;SD;Deportes;Si
Uruguay;Abono Mensual;Oro HD;321;ESPN;SD;Deportes;Si
Uruguay;Abono Mensual;Oro HD;322;ESPN 2;SD;Deportes;Si
Uruguay;Abono Mensual;Oro HD;323;ESPN 3;SD;Deportes;Si
Uruguay;Abono Mensual;Oro HD;325;ESPN 4;SD;Deportes;Si
Uruguay;Abono Mensual;Oro HD;326;ESPN 6;SD;Deportes;Si
Uruguay;Abono Mensual;Oro HD;327;ESPN 7;SD;Deportes;Si
Uruguay;Abono Mensual;Oro HD;340;The Golf Channel;SD;Deportes;Si
Uruguay;Abono Mensual;Oro HD;400;Disney Junior;SD;Infantil;Si
Uruguay;Abono Mensual;Oro HD;402;Cartoon Network;SD;Infantil;Si
Uruguay;Abono Mensual;Oro HD;404;Discovery Kids;SD;Infantil;Si
Uruguay;Abono Mensual;Oro HD;406;Nick Jr.;SD;Infantil;Si
Uruguay;Abono Mensual;Oro HD;408;Disney Channel;SD;Infantil;Si
Uruguay;Abono Mensual;Oro HD;410;Nickelodeon;SD;Infantil;Si
Uruguay;Abono Mensual;Oro HD;412;BabyTV;HD;Infantil;Si
Uruguay;Abono Mensual;Oro HD;414;Cartoonito;SD;Infantil;Si
Uruguay;Abono Mensual;Oro HD;416;Plim Plim;SD;Infantil;Si
Uruguay;Abono Mensual;Oro HD;418;El Reino Infantil;SD;Infantil;Si
Uruguay;Abono Mensual;Oro HD;420;Discovery Home & Health;SD;Variedades;Si
Uruguay;Abono Mensual;Oro HD;422;History Channel;SD;Variedades;Si
Uruguay;Abono Mensual;Oro HD;424;Discovery Channel;SD;Variedades;Si
Uruguay;Abono Mensual;Oro HD;426;Investigation Discovery (ID);SD;Variedades;Si
Uruguay;Abono Mensual;Oro HD;428;National Geographic;SD;Variedades;Si
Uruguay;Abono Mensual;Oro HD;430;History 2;SD;Variedades;Si
Uruguay;Abono Mensual;Oro HD;432;¡Hola! TV;SD;Variedades;Si
Uruguay;Abono Mensual;Oro HD;450;OnDIRECTV;HD;Variedades;Si
Uruguay;Abono Mensual;Oro HD;452;Star Channel;SD;Cine;Si
Uruguay;Abono Mensual;Oro HD;454;TNT Latin America;SD;Cine;Si
Uruguay;Abono Mensual;Oro HD;456;AXN;SD;Cine;Si
Uruguay;Abono Mensual;Oro HD;458;Universal TV;SD;Cine;Si
Uruguay;Abono Mensual;Oro HD;460;Space;SD;Cine;Si
Uruguay;Abono Mensual;Oro HD;462;Warner Channel;SD;Cine;Si
Uruguay;Abono Mensual;Oro HD;464;TNT Series;SD;Cine;Si
Uruguay;Abono Mensual;Oro HD;466;Cinecanal;SD;Cine;Si
Uruguay;Abono Mensual;Oro HD;468;Cinemax;SD;Cine;Si
Uruguay;Abono Mensual;Oro HD;470;Studio Universal;SD;Cine;Si
Uruguay;Abono Mensual;Oro HD;472;Sony Movies;SD;Cine;Si
Uruguay;Abono Mensual;Oro HD;474;Sony;SD;Cine;Si
Uruguay;Abono Mensual;Oro HD;476;Mórbido TV;SD;Cine;Si
Uruguay;Abono Mensual;Oro HD;478;Golden Plus;SD;Cine;Si
Uruguay;Abono Mensual;Oro HD;501;HBO;SD;Cine;Si
Uruguay;Abono Mensual;Oro HD;504;TCM;SD;Cine;Si
Uruguay;Abono Mensual;Oro HD;530;Comedy Central;SD;Cine;Si
Uruguay;Abono Mensual;Oro HD;532;FX;SD;Cine;Si
Uruguay;Abono Mensual;Oro HD;534;TLnovelas;SD;Cine;Si
Uruguay;Abono Mensual;Oro HD;536;A&E;SD;Cine;Si
Uruguay;Abono Mensual;Oro HD;538;AMC;SD;Cine;Si
Uruguay;Abono Mensual;Oro HD;542;El Canal de las Estrellas;SD;Cine;Si
Uruguay;Abono Mensual;Oro HD;544;DHE;SD;Cine;Si
Uruguay;Abono Mensual;Oro HD;546;Golden Edge;SD;Cine;Si
Uruguay;Abono Mensual;Oro HD;550;Atres Series;SD;Cine;Si
Uruguay;Abono Mensual;Oro HD;552;USA Network;SD;Cine;Si
Uruguay;Abono Mensual;Oro HD;558;De Película;SD;Cine;Si
Uruguay;Abono Mensual;Oro HD;560;TNT Novelas;SD;Cine;Si
Uruguay;Abono Mensual;Oro HD;568;Magazine;SD;Mundo;Si
Uruguay;Abono Mensual;Oro HD;590;El Gourmet;SD;Variedades;Si
Uruguay;Abono Mensual;Oro HD;592;Food Network;SD;Variedades;Si
Uruguay;Abono Mensual;Oro HD;594;Home & Garden (HGTV);HD;Variedades;Si
Uruguay;Abono Mensual;Oro HD;596;Lifetime;SD;Variedades;Si
Uruguay;Abono Mensual;Oro HD;598;Más Chic;SD;Variedades;Si
Uruguay;Abono Mensual;Oro HD;600;Animal Planet;SD;Variedades;Si
Uruguay;Abono Mensual;Oro HD;602;Discovery Turbo;SD;Variedades;Si
Uruguay;Abono Mensual;Oro HD;604;Discovery Travel & Living Channel (TLC);SD;Variedades;Si
Uruguay;Abono Mensual;Oro HD;608;E! Entertainment;SD;Variedades;Si
Uruguay;Abono Mensual;Oro HD;610;Discovery Theater HD;HD;Variedades;Si
Uruguay;Abono Mensual;Oro HD;612;Discovery World;HD;Variedades;Si
Uruguay;Abono Mensual;Oro HD;614;Adult Swim;SD;Variedades;Si
Uruguay;Abono Mensual;Oro HD;620;MTV;SD;Variedades;Si
Uruguay;Abono Mensual;Oro HD;622;Quiero Música en Mi Idioma (QMusic);SD;Variedades;Si
Uruguay;Abono Mensual;Oro HD;626;Music Top;HD;Variedades;Si
Uruguay;Abono Mensual;Oro HD;628;Tierra Mía;HD;Variedades;Si
Uruguay;Abono Mensual;Oro HD;642;Canal Rural;SD;Mundo;Si
Uruguay;Abono Mensual;Oro HD;644;Chacra TV;SD;Mundo;Si
Uruguay;Abono Mensual;Oro HD;700;Telemundo Internacional;SD;Mundo;Si
Uruguay;Abono Mensual;Oro HD;702;Antena 3 Internacional;SD;Mundo;Si
Uruguay;Abono Mensual;Oro HD;704;Deutsche Welle (DW);SD;Mundo;Si
Uruguay;Abono Mensual;Oro HD;706;CNN en Español;SD;Mundo;Si
Uruguay;Abono Mensual;Oro HD;708;CNN International;SD;Mundo;Si
Uruguay;Abono Mensual;Oro HD;712;RAI Internacional;SD;Mundo;Si
Uruguay;Abono Mensual;Oro HD;713;France 24 Español;SD;Mundo;Si
Uruguay;Abono Mensual;Oro HD;714;BBC World News;SD;Mundo;Si
Uruguay;Abono Mensual;Oro HD;718;CNN Chile;SD;Mundo;Si
Uruguay;Abono Mensual;Oro HD;720;24 Horas;SD;Mundo;Si
Uruguay;Abono Mensual;Oro HD;722;Bloomberg Television;SD;Mundo;Si
Uruguay;Abono Mensual;Oro HD;724;Caracol Internacional;SD;Mundo;Si
Uruguay;Abono Mensual;Oro HD;726;TV Perú Noticias;HD;Mundo;Si
Uruguay;Abono Mensual;Oro HD;728;TV Perú;SD;Mundo;Si
Uruguay;Abono Mensual;Oro HD;730;Univisión;SD;Mundo;Si
Uruguay;Abono Mensual;Oro HD;732;NTN 24;SD;Mundo;Si
Uruguay;Abono Mensual;Oro HD;734;CGTN Español;SD;Mundo;Si
Uruguay;Abono Mensual;Oro HD;736;Cable Noticias;SD;Mundo;Si
Uruguay;Abono Mensual;Oro HD;740;El Tiempo TV;SD;Mundo;Si
Uruguay;Abono Mensual;Oro HD;742;TV Chile;SD;Mundo;Si
Uruguay;Abono Mensual;Oro HD;744;RTP Internacional;SD;Mundo;Si
Uruguay;Abono Mensual;Oro HD;748;Telefe Internacional;SD;Mundo;Si
Uruguay;Abono Mensual;Oro HD;754;Ve Plus;HD;Variedades;Si
Uruguay;Abono Mensual;Oro HD;780;EWTN;SD;Religioso;Si
Uruguay;Abono Mensual;Oro HD;782;Enlace;SD;Religioso;Si
Uruguay;Abono Mensual;Oro HD;784;Canal Luz;SD;Religioso;Si
Uruguay;Abono Mensual;Oro HD;786;DayStar;SD;Religioso;Si
Uruguay;Abono Mensual;Oro HD;788;Orbe 21;SD;Religioso;Si
Uruguay;Abono Mensual;Oro HD;805;PX Sports;HD;Deportes;Si
Uruguay;Abono Mensual;Oro HD;904;Unión Radio Noticias;Radio;Radio;Si
Uruguay;Abono Mensual;Oro HD;906;Radio Caracol;Radio;Radio;Si
Uruguay;Abono Mensual;Oro HD;1206;Todo Noticias (TN);HD;Mundo;Si
Uruguay;Abono Mensual;Oro HD;1325;ESPN Mas;HD;Deportes;Si
Uruguay;Abono Mensual;Oro HD;2184;Clic Rural;HD;Variedades;Si
Uruguay;Abono Mensual;Oro HD;2190;Monte Carlo TV;HD;Nacional;Si
Uruguay;Abono Mensual;Oro HD;2192;Teledoce;HD;Nacional;Si
Uruguay;Abono Mensual;Oro HD;2193;Saeta;HD;Nacional;Si
Uruguay;Abono Mensual;Oro HD;2199;KZO;HD;Variedades;Si
Uruguay;Abono Mensual;Oro HD;2200;DNews;HD;Mundo;Si
Uruguay;Abono Mensual;Oro HD;2202;La Nación+;HD;Mundo;Si
Uruguay;Abono Mensual;Oro HD;2206;Canal 26;HD;Mundo;Si
Uruguay;Abono Mensual;Oro HD;2210;Canal América;HD;Mundo;Si
Uruguay;Abono Mensual;Oro HD;2212;Canal 9;HD;Mundo;Si
Uruguay;Abono Mensual;Oro HD;2216;Argentina 12;HD;Mundo;Si
Uruguay;Abono Mensual;Oro HD;2300;DSports Argentina;HD;Deportes;Si
Uruguay;Abono Mensual;Oro HD;2310;DSports Uruguay;HD;Deportes;Si
Uruguay;Abono Mensual;Oro HD;2312;DSports 2;HD;Deportes;Si
Uruguay;Abono Mensual;Oro HD;2313;DSports+;HD;Deportes;Si
Uruguay;Abono Mensual;Oro HD;2320;TyC Sports;HD;Deportes;Si
Uruguay;Abono Mensual;Oro HD;2321;ESPN;HD;Deportes;Si
Uruguay;Abono Mensual;Oro HD;2322;ESPN 2;HD;Deportes;Si
Uruguay;Abono Mensual;Oro HD;2323;ESPN 3;HD;Deportes;Si
Uruguay;Abono Mensual;Oro HD;2325;ESPN 4;HD;Deportes;Si
Uruguay;Abono Mensual;Oro HD;2326;Fox Sports 3;HD;Deportes;Si
Uruguay;Abono Mensual;Oro HD;2327;Fox Sports 2;HD;Deportes;Si
Uruguay;Abono Mensual;Oro HD;2340;The Golf Channel;HD;Deportes;Si
Uruguay;Abono Mensual;Oro HD;2400;Disney Junior;HD;Infantil;Si
Uruguay;Abono Mensual;Oro HD;2402;Cartoon Network;HD;Infantil;Si
Uruguay;Abono Mensual;Oro HD;2404;Discovery Kids;HD;Infantil;Si
Uruguay;Abono Mensual;Oro HD;2406;Nick Jr.;HD;Infantil;Si
Uruguay;Abono Mensual;Oro HD;2408;Disney Channel;HD;Infantil;Si
Uruguay;Abono Mensual;Oro HD;2410;Nickelodeon;HD;Infantil;Si
Uruguay;Abono Mensual;Oro HD;2416;Plim Plim;HD;Infantil;Si
Uruguay;Abono Mensual;Oro HD;2418;El Reino Infantil;HD;Infantil;Si
Uruguay;Abono Mensual;Oro HD;2420;Discovery Home & Health;HD;Variedades;Si
Uruguay;Abono Mensual;Oro HD;2422;History Channel;HD;Variedades;Si
Uruguay;Abono Mensual;Oro HD;2424;Discovery Channel;HD;Variedades;Si
Uruguay;Abono Mensual;Oro HD;2426;Investigation Discovery (ID);HD;Variedades;Si
Uruguay;Abono Mensual;Oro HD;2428;National Geographic;HD;Variedades;Si
Uruguay;Abono Mensual;Oro HD;2430;History 2;HD;Variedades;Si
Uruguay;Abono Mensual;Oro HD;2432;¡Hola! TV;HD;Variedades;Si
Uruguay;Abono Mensual;Oro HD;2452;Star Channel;HD;Cine;Si
Uruguay;Abono Mensual;Oro HD;2454;TNT Latin America;HD;Cine;Si
Uruguay;Abono Mensual;Oro HD;2456;AXN;HD;Cine;Si
Uruguay;Abono Mensual;Oro HD;2458;Universal TV;HD;Cine;Si
Uruguay;Abono Mensual;Oro HD;2460;Space;HD;Cine;Si
Uruguay;Abono Mensual;Oro HD;2462;Warner Channel;HD;Cine;Si
Uruguay;Abono Mensual;Oro HD;2464;TNT Series;HD;Cine;Si
Uruguay;Abono Mensual;Oro HD;2466;Cinecanal;HD;Cine;Si
Uruguay;Abono Mensual;Oro HD;2468;Cinemax;HD;Cine;Si
Uruguay;Abono Mensual;Oro HD;2470;Studio Universal;HD;Cine;Si
Uruguay;Abono Mensual;Oro HD;2472;Sony Movies;HD;Cine;Si
Uruguay;Abono Mensual;Oro HD;2474;Sony;HD;Cine;Si
Uruguay;Abono Mensual;Oro HD;2476;Mórbido TV;HD;Cine;Si
Uruguay;Abono Mensual;Oro HD;2478;Golden Plus;HD;Cine;Si
Uruguay;Abono Mensual;Oro HD;2530;Comedy Central;HD;Cine;Si
Uruguay;Abono Mensual;Oro HD;2532;FX;HD;Cine;Si
Uruguay;Abono Mensual;Oro HD;2536;A&E;HD;Cine;Si
Uruguay;Abono Mensual;Oro HD;2538;AMC;HD;Cine;Si
Uruguay;Abono Mensual;Oro HD;2544;DHE;HD;Cine;Si
Uruguay;Abono Mensual;Oro HD;2550;Atres Series;HD;Cine;Si
Uruguay;Abono Mensual;Oro HD;2552;USA Network;HD;Cine;Si
Uruguay;Abono Mensual;Oro HD;2590;El Gourmet;HD;Variedades;Si
Uruguay;Abono Mensual;Oro HD;2592;Food Network;HD;Variedades;Si
Uruguay;Abono Mensual;Oro HD;2596;Lifetime;HD;Variedades;Si
Uruguay;Abono Mensual;Oro HD;2600;Animal Planet;HD;Variedades;Si
Uruguay;Abono Mensual;Oro HD;2604;Discovery Travel & Living Channel (TLC);HD;Variedades;Si
Uruguay;Abono Mensual;Oro HD;2608;E! Entertainment;HD;Variedades;Si
Uruguay;Abono Mensual;Oro HD;2620;MTV;HD;Variedades;Si
Uruguay;Abono Mensual;Oro HD;2702;Antena 3 Internacional;HD;Mundo;Si
Uruguay;Abono Mensual;Oro HD;2713;France 24 Español;HD;Mundo;Si
Uruguay;Abono Mensual;Oro HD;2728;TV Perú;HD;Mundo;Si
Uruguay;Abono Mensual;Oro HD;2804;Escuela Plus;HD;Variedades;No
Uruguay;Abono Mensual;Platino;184;Clic Rural;SD;Variedades;No
Uruguay;Abono Mensual;Platino;190;Canal 4;SD;Nacional;Si
Uruguay;Abono Mensual;Platino;191;Televisión Nacional;SD;Nacional;Si
Uruguay;Abono Mensual;Platino;192;Teledoce;SD;Nacional;Si
Uruguay;Abono Mensual;Platino;193;Saeta;SD;Nacional;Si
Uruguay;Abono Mensual;Platino;194;TV Ciudad HD;HD;Nacional;Si
Uruguay;Abono Mensual;Platino;195;Campo Rural TV;HD;Nacional;Si
Uruguay;Abono Mensual;Platino;196;UCL;SD;Nacional;Si
Uruguay;Abono Mensual;Platino;199;KZO;SD;Variedades;Si
Uruguay;Abono Mensual;Platino;200;DNews;SD;Mundo;Si
Uruguay;Abono Mensual;Platino;202;Todo Noticias (TN);SD;Mundo;Si
Uruguay;Abono Mensual;Platino;204;La Nación+;SD;Mundo;Si
Uruguay;Abono Mensual;Platino;206;Canal 26;SD;Mundo;Si
Uruguay;Abono Mensual;Platino;208;Crónica TV;SD;Mundo;Si
Uruguay;Abono Mensual;Platino;210;Canal América;SD;Mundo;Si
Uruguay;Abono Mensual;Platino;212;Canal 9;SD;Mundo;Si
Uruguay;Abono Mensual;Platino;214;Canal 5 Noticias;HD;Mundo;Si
Uruguay;Abono Mensual;Platino;216;Argentina 12;SD;Mundo;Si
Uruguay;Abono Mensual;Platino;300;DSports Argentina;SD;Deportes;Si
Uruguay;Abono Mensual;Platino;303;DSports Uruguay Mas;SD;Deportes;Si
Uruguay;Abono Mensual;Platino;304;DSports Uruguay Mas;HD;Deportes;No
Uruguay;Abono Mensual;Platino;310;DSports Uruguay;SD;Deportes;Si
Uruguay;Abono Mensual;Platino;312;DSports 2;SD;Deportes;Si
Uruguay;Abono Mensual;Platino;313;DSports+;SD;Deportes;Si
Uruguay;Abono Mensual;Platino;320;TyC Sports;SD;Deportes;Si
Uruguay;Abono Mensual;Platino;321;ESPN;SD;Deportes;Si
Uruguay;Abono Mensual;Platino;322;ESPN 2;SD;Deportes;Si
Uruguay;Abono Mensual;Platino;323;ESPN 3;SD;Deportes;Si
Uruguay;Abono Mensual;Platino;325;ESPN 4;SD;Deportes;Si
Uruguay;Abono Mensual;Platino;326;ESPN 6;SD;Deportes;Si
Uruguay;Abono Mensual;Platino;327;ESPN 7;SD;Deportes;Si
Uruguay;Abono Mensual;Platino;340;The Golf Channel;SD;Deportes;Si
Uruguay;Abono Mensual;Platino;400;Disney Junior;SD;Infantil;Si
Uruguay;Abono Mensual;Platino;402;Cartoon Network;SD;Infantil;Si
Uruguay;Abono Mensual;Platino;404;Discovery Kids;SD;Infantil;Si
Uruguay;Abono Mensual;Platino;406;Nick Jr.;SD;Infantil;Si
Uruguay;Abono Mensual;Platino;408;Disney Channel;SD;Infantil;Si
Uruguay;Abono Mensual;Platino;410;Nickelodeon;SD;Infantil;Si
Uruguay;Abono Mensual;Platino;412;BabyTV;HD;Infantil;No
Uruguay;Abono Mensual;Platino;414;Cartoonito;SD;Infantil;Si
Uruguay;Abono Mensual;Platino;416;Plim Plim;SD;Infantil;Si
Uruguay;Abono Mensual;Platino;418;El Reino Infantil;SD;Infantil;No
Uruguay;Abono Mensual;Platino;420;Discovery Home & Health;SD;Variedades;Si
Uruguay;Abono Mensual;Platino;422;History Channel;SD;Variedades;Si
Uruguay;Abono Mensual;Platino;424;Discovery Channel;SD;Variedades;Si
Uruguay;Abono Mensual;Platino;426;Investigation Discovery (ID);SD;Variedades;Si
Uruguay;Abono Mensual;Platino;428;National Geographic;SD;Variedades;Si
Uruguay;Abono Mensual;Platino;430;History 2;SD;Variedades;Si
Uruguay;Abono Mensual;Platino;432;¡Hola! TV;SD;Variedades;Si
Uruguay;Abono Mensual;Platino;450;OnDIRECTV;HD;Variedades;No
Uruguay;Abono Mensual;Platino;452;Star Channel;SD;Cine;Si
Uruguay;Abono Mensual;Platino;454;TNT Latin America;SD;Cine;Si
Uruguay;Abono Mensual;Platino;456;AXN;SD;Cine;Si
Uruguay;Abono Mensual;Platino;458;Universal TV;SD;Cine;Si
Uruguay;Abono Mensual;Platino;460;Space;SD;Cine;Si
Uruguay;Abono Mensual;Platino;462;Warner Channel;SD;Cine;Si
Uruguay;Abono Mensual;Platino;464;TNT Series;SD;Cine;Si
Uruguay;Abono Mensual;Platino;466;Cinecanal;SD;Cine;Si
Uruguay;Abono Mensual;Platino;468;Cinemax;SD;Cine;Si
Uruguay;Abono Mensual;Platino;470;Studio Universal;SD;Cine;Si
Uruguay;Abono Mensual;Platino;472;Sony Movies;SD;Cine;Si
Uruguay;Abono Mensual;Platino;474;Sony;SD;Cine;Si
Uruguay;Abono Mensual;Platino;476;Mórbido TV;SD;Cine;Si
Uruguay;Abono Mensual;Platino;478;Golden Plus;SD;Cine;Si
Uruguay;Abono Mensual;Platino;501;HBO;SD;Cine;No
Uruguay;Abono Mensual;Platino;504;TCM;SD;Cine;Si
Uruguay;Abono Mensual;Platino;530;Comedy Central;SD;Cine;Si
Uruguay;Abono Mensual;Platino;532;FX;SD;Cine;Si
Uruguay;Abono Mensual;Platino;534;TLnovelas;SD;Cine;Si
Uruguay;Abono Mensual;Platino;536;A&E;SD;Cine;Si
Uruguay;Abono Mensual;Platino;538;AMC;SD;Cine;Si
Uruguay;Abono Mensual;Platino;542;El Canal de las Estrellas;SD;Cine;Si
Uruguay;Abono Mensual;Platino;544;DHE;SD;Cine;Si
Uruguay;Abono Mensual;Platino;546;Golden Edge;SD;Cine;Si
Uruguay;Abono Mensual;Platino;550;Atres Series;SD;Cine;Si
Uruguay;Abono Mensual;Platino;552;USA Network;SD;Cine;Si
Uruguay;Abono Mensual;Platino;558;De Película;SD;Cine;Si
Uruguay;Abono Mensual;Platino;560;TNT Novelas;SD;Cine;No
Uruguay;Abono Mensual;Platino;568;Magazine;SD;Mundo;Si
Uruguay;Abono Mensual;Platino;590;El Gourmet;SD;Variedades;Si
Uruguay;Abono Mensual;Platino;592;Food Network;SD;Variedades;Si
Uruguay;Abono Mensual;Platino;594;Home & Garden (HGTV);HD;Variedades;Si
Uruguay;Abono Mensual;Platino;596;Lifetime;SD;Variedades;Si
Uruguay;Abono Mensual;Platino;598;Más Chic;SD;Variedades;Si
Uruguay;Abono Mensual;Platino;600;Animal Planet;SD;Variedades;Si
Uruguay;Abono Mensual;Platino;602;Discovery Turbo;SD;Variedades;Si
Uruguay;Abono Mensual;Platino;604;Discovery Travel & Living Channel (TLC);SD;Variedades;Si
Uruguay;Abono Mensual;Platino;608;E! Entertainment;SD;Variedades;Si
Uruguay;Abono Mensual;Platino;610;Discovery Theater HD;HD;Variedades;Si
Uruguay;Abono Mensual;Platino;612;Discovery World;HD;Variedades;Si
Uruguay;Abono Mensual;Platino;614;Adult Swim;SD;Variedades;Si
Uruguay;Abono Mensual;Platino;620;MTV;SD;Variedades;Si
Uruguay;Abono Mensual;Platino;622;Quiero Música en Mi Idioma (QMusic);SD;Variedades;Si
Uruguay;Abono Mensual;Platino;626;Music Top;HD;Variedades;Si
Uruguay;Abono Mensual;Platino;628;Tierra Mía;HD;Variedades;Si
Uruguay;Abono Mensual;Platino;642;Canal Rural;SD;Mundo;Si
Uruguay;Abono Mensual;Platino;644;Chacra TV;SD;Mundo;Si
Uruguay;Abono Mensual;Platino;700;Telemundo Internacional;SD;Mundo;Si
Uruguay;Abono Mensual;Platino;702;Antena 3 Internacional;SD;Mundo;Si
Uruguay;Abono Mensual;Platino;704;Deutsche Welle (DW);SD;Mundo;Si
Uruguay;Abono Mensual;Platino;706;CNN en Español;SD;Mundo;Si
Uruguay;Abono Mensual;Platino;708;CNN International;SD;Mundo;Si
Uruguay;Abono Mensual;Platino;712;RAI Internacional;SD;Mundo;Si
Uruguay;Abono Mensual;Platino;713;France 24 Español;SD;Mundo;Si
Uruguay;Abono Mensual;Platino;714;BBC World News;SD;Mundo;Si
Uruguay;Abono Mensual;Platino;718;CNN Chile;SD;Mundo;Si
Uruguay;Abono Mensual;Platino;720;24 Horas;SD;Mundo;Si
Uruguay;Abono Mensual;Platino;722;Bloomberg Television;SD;Mundo;Si
Uruguay;Abono Mensual;Platino;724;Caracol Internacional;SD;Mundo;Si
Uruguay;Abono Mensual;Platino;726;TV Perú Noticias;HD;Mundo;Si
Uruguay;Abono Mensual;Platino;728;TV Perú;SD;Mundo;Si
Uruguay;Abono Mensual;Platino;730;Univisión;SD;Mundo;Si
Uruguay;Abono Mensual;Platino;732;NTN 24;SD;Mundo;Si
Uruguay;Abono Mensual;Platino;734;CGTN Español;SD;Mundo;Si
Uruguay;Abono Mensual;Platino;736;Cable Noticias;SD;Mundo;Si
Uruguay;Abono Mensual;Platino;740;El Tiempo TV;SD;Mundo;Si
Uruguay;Abono Mensual;Platino;742;TV Chile;SD;Mundo;Si
Uruguay;Abono Mensual;Platino;744;RTP Internacional;SD;Mundo;Si
Uruguay;Abono Mensual;Platino;748;Telefe Internacional;SD;Mundo;Si
Uruguay;Abono Mensual;Platino;754;Ve Plus;HD;Variedades;No
Uruguay;Abono Mensual;Platino;780;EWTN;SD;Religioso;Si
Uruguay;Abono Mensual;Platino;782;Enlace;SD;Religioso;Si
Uruguay;Abono Mensual;Platino;784;Canal Luz;SD;Religioso;Si
Uruguay;Abono Mensual;Platino;786;DayStar;SD;Religioso;Si
Uruguay;Abono Mensual;Platino;788;Orbe 21;SD;Religioso;No
Uruguay;Abono Mensual;Platino;805;PX Sports;HD;Deportes;Si
Uruguay;Abono Mensual;Platino;904;Unión Radio Noticias;Radio;Radio;Si
Uruguay;Abono Mensual;Platino;906;Radio Caracol;Radio;Radio;Si
Uruguay;Abono Mensual;Platino;1206;Todo Noticias (TN);HD;Mundo;No
Uruguay;Abono Mensual;Platino;1325;ESPN Mas;HD;Deportes;Si
Uruguay;Abono Mensual;Platino;2184;Clic Rural;HD;Variedades;No
Uruguay;Abono Mensual;Platino;2190;Monte Carlo TV;HD;Nacional;Si
Uruguay;Abono Mensual;Platino;2192;Teledoce;HD;Nacional;Si
Uruguay;Abono Mensual;Platino;2193;Saeta;HD;Nacional;Si
Uruguay;Abono Mensual;Platino;2199;KZO;HD;Variedades;Si
Uruguay;Abono Mensual;Platino;2200;DNews;HD;Mundo;Si
Uruguay;Abono Mensual;Platino;2202;La Nación+;HD;Mundo;Si
Uruguay;Abono Mensual;Platino;2206;Canal 26;HD;Mundo;No
Uruguay;Abono Mensual;Platino;2210;Canal América;HD;Mundo;No
Uruguay;Abono Mensual;Platino;2212;Canal 9;HD;Mundo;Si
Uruguay;Abono Mensual;Platino;2216;Argentina 12;HD;Mundo;No
Uruguay;Abono Mensual;Platino;2300;DSports Argentina;HD;Deportes;Si
Uruguay;Abono Mensual;Platino;2310;DSports Uruguay;HD;Deportes;Si
Uruguay;Abono Mensual;Platino;2312;DSports 2;HD;Deportes;Si
Uruguay;Abono Mensual;Platino;2313;DSports+;HD;Deportes;Si
Uruguay;Abono Mensual;Platino;2320;TyC Sports;HD;Deportes;Si
Uruguay;Abono Mensual;Platino;2321;ESPN;HD;Deportes;Si
Uruguay;Abono Mensual;Platino;2322;ESPN 2;HD;Deportes;Si
Uruguay;Abono Mensual;Platino;2323;ESPN 3;HD;Deportes;Si
Uruguay;Abono Mensual;Platino;2325;ESPN 4;HD;Deportes;No
Uruguay;Abono Mensual;Platino;2326;Fox Sports 3;HD;Deportes;No
Uruguay;Abono Mensual;Platino;2327;Fox Sports 2;HD;Deportes;No
Uruguay;Abono Mensual;Platino;2340;The Golf Channel;HD;Deportes;Si
Uruguay;Abono Mensual;Platino;2400;Disney Junior;HD;Infantil;Si
Uruguay;Abono Mensual;Platino;2402;Cartoon Network;HD;Infantil;Si
Uruguay;Abono Mensual;Platino;2404;Discovery Kids;HD;Infantil;Si
Uruguay;Abono Mensual;Platino;2406;Nick Jr.;HD;Infantil;No
Uruguay;Abono Mensual;Platino;2408;Disney Channel;HD;Infantil;Si
Uruguay;Abono Mensual;Platino;2410;Nickelodeon;HD;Infantil;Si
Uruguay;Abono Mensual;Platino;2416;Plim Plim;HD;Infantil;Si
Uruguay;Abono Mensual;Platino;2418;El Reino Infantil;HD;Infantil;No
Uruguay;Abono Mensual;Platino;2420;Discovery Home & Health;HD;Variedades;Si
Uruguay;Abono Mensual;Platino;2422;History Channel;HD;Variedades;Si
Uruguay;Abono Mensual;Platino;2424;Discovery Channel;HD;Variedades;Si
Uruguay;Abono Mensual;Platino;2426;Investigation Discovery (ID);HD;Variedades;Si
Uruguay;Abono Mensual;Platino;2428;National Geographic;HD;Variedades;Si
Uruguay;Abono Mensual;Platino;2430;History 2;HD;Variedades;Si
Uruguay;Abono Mensual;Platino;2432;¡Hola! TV;HD;Variedades;Si
Uruguay;Abono Mensual;Platino;2452;Star Channel;HD;Cine;Si
Uruguay;Abono Mensual;Platino;2454;TNT Latin America;HD;Cine;Si
Uruguay;Abono Mensual;Platino;2456;AXN;HD;Cine;Si
Uruguay;Abono Mensual;Platino;2458;Universal TV;HD;Cine;Si
Uruguay;Abono Mensual;Platino;2460;Space;HD;Cine;Si
Uruguay;Abono Mensual;Platino;2462;Warner Channel;HD;Cine;Si
Uruguay;Abono Mensual;Platino;2464;TNT Series;HD;Cine;Si
Uruguay;Abono Mensual;Platino;2466;Cinecanal;HD;Cine;Si
Uruguay;Abono Mensual;Platino;2468;Cinemax;HD;Cine;Si
Uruguay;Abono Mensual;Platino;2470;Studio Universal;HD;Cine;Si
Uruguay;Abono Mensual;Platino;2472;Sony Movies;HD;Cine;Si
Uruguay;Abono Mensual;Platino;2474;Sony;HD;Cine;Si
Uruguay;Abono Mensual;Platino;2476;Mórbido TV;HD;Cine;Si
Uruguay;Abono Mensual;Platino;2478;Golden Plus;HD;Cine;Si
Uruguay;Abono Mensual;Platino;2530;Comedy Central;HD;Cine;Si
Uruguay;Abono Mensual;Platino;2532;FX;HD;Cine;Si
Uruguay;Abono Mensual;Platino;2536;A&E;HD;Cine;Si
Uruguay;Abono Mensual;Platino;2538;AMC;HD;Cine;Si
Uruguay;Abono Mensual;Platino;2544;DHE;HD;Cine;Si
Uruguay;Abono Mensual;Platino;2550;Atres Series;HD;Cine;Si
Uruguay;Abono Mensual;Platino;2552;USA Network;HD;Cine;Si
Uruguay;Abono Mensual;Platino;2590;El Gourmet;HD;Variedades;Si
Uruguay;Abono Mensual;Platino;2592;Food Network;HD;Variedades;Si
Uruguay;Abono Mensual;Platino;2596;Lifetime;HD;Variedades;Si
Uruguay;Abono Mensual;Platino;2600;Animal Planet;HD;Variedades;Si
Uruguay;Abono Mensual;Platino;2604;Discovery Travel & Living Channel (TLC);HD;Variedades;Si
Uruguay;Abono Mensual;Platino;2608;E! Entertainment;HD;Variedades;No
Uruguay;Abono Mensual;Platino;2620;MTV;HD;Variedades;Si
Uruguay;Abono Mensual;Platino;2702;Antena 3 Internacional;HD;Mundo;Si
Uruguay;Abono Mensual;Platino;2713;France 24 Español;HD;Mundo;Si
Uruguay;Abono Mensual;Platino;2728;TV Perú;HD;Mundo;No
Uruguay;Abono Mensual;Platino;2804;Escuela Plus;HD;Variedades;No
Uruguay;Abono Mensual;4K;184;Clic Rural;SD;Variedades;No
Uruguay;Abono Mensual;4K;190;Canal 4;SD;Nacional;Si
Uruguay;Abono Mensual;4K;191;Televisión Nacional;SD;Nacional;Si
Uruguay;Abono Mensual;4K;192;Teledoce;SD;Nacional;Si
Uruguay;Abono Mensual;4K;193;Saeta;SD;Nacional;Si
Uruguay;Abono Mensual;4K;194;TV Ciudad HD;HD;Nacional;Si
Uruguay;Abono Mensual;4K;195;Campo Rural TV;HD;Nacional;Si
Uruguay;Abono Mensual;4K;196;UCL;SD;Nacional;Si
Uruguay;Abono Mensual;4K;199;KZO;SD;Variedades;Si
Uruguay;Abono Mensual;4K;200;DNews;SD;Mundo;Si
Uruguay;Abono Mensual;4K;202;Todo Noticias (TN);SD;Mundo;Si
Uruguay;Abono Mensual;4K;204;La Nación+;SD;Mundo;Si
Uruguay;Abono Mensual;4K;206;Canal 26;SD;Mundo;Si
Uruguay;Abono Mensual;4K;208;Crónica TV;SD;Mundo;Si
Uruguay;Abono Mensual;4K;210;Canal América;SD;Mundo;Si
Uruguay;Abono Mensual;4K;212;Canal 9;SD;Mundo;Si
Uruguay;Abono Mensual;4K;214;Canal 5 Noticias;HD;Mundo;Si
Uruguay;Abono Mensual;4K;216;Argentina 12;SD;Mundo;Si
Uruguay;Abono Mensual;4K;300;DSports Argentina;SD;Deportes;Si
Uruguay;Abono Mensual;4K;303;DSports Uruguay Mas;SD;Deportes;Si
Uruguay;Abono Mensual;4K;304;DSports Uruguay Mas;HD;Deportes;No
Uruguay;Abono Mensual;4K;310;DSports Uruguay;SD;Deportes;Si
Uruguay;Abono Mensual;4K;312;DSports 2;SD;Deportes;Si
Uruguay;Abono Mensual;4K;313;DSports+;SD;Deportes;Si
Uruguay;Abono Mensual;4K;320;TyC Sports;SD;Deportes;Si
Uruguay;Abono Mensual;4K;321;ESPN;SD;Deportes;Si
Uruguay;Abono Mensual;4K;322;ESPN 2;SD;Deportes;Si
Uruguay;Abono Mensual;4K;323;ESPN 3;SD;Deportes;Si
Uruguay;Abono Mensual;4K;325;ESPN 4;SD;Deportes;Si
Uruguay;Abono Mensual;4K;326;ESPN 6;SD;Deportes;Si
Uruguay;Abono Mensual;4K;327;ESPN 7;SD;Deportes;Si
Uruguay;Abono Mensual;4K;340;The Golf Channel;SD;Deportes;Si
Uruguay;Abono Mensual;4K;400;Disney Junior;SD;Infantil;Si
Uruguay;Abono Mensual;4K;402;Cartoon Network;SD;Infantil;Si
Uruguay;Abono Mensual;4K;404;Discovery Kids;SD;Infantil;Si
Uruguay;Abono Mensual;4K;406;Nick Jr.;SD;Infantil;Si
Uruguay;Abono Mensual;4K;408;Disney Channel;SD;Infantil;Si
Uruguay;Abono Mensual;4K;410;Nickelodeon;SD;Infantil;Si
Uruguay;Abono Mensual;4K;412;BabyTV;HD;Infantil;Si
Uruguay;Abono Mensual;4K;414;Cartoonito;SD;Infantil;Si
Uruguay;Abono Mensual;4K;416;Plim Plim;SD;Infantil;Si
Uruguay;Abono Mensual;4K;418;El Reino Infantil;SD;Infantil;Si
Uruguay;Abono Mensual;4K;420;Discovery Home & Health;SD;Variedades;Si
Uruguay;Abono Mensual;4K;422;History Channel;SD;Variedades;Si
Uruguay;Abono Mensual;4K;424;Discovery Channel;SD;Variedades;Si
Uruguay;Abono Mensual;4K;426;Investigation Discovery (ID);SD;Variedades;Si
Uruguay;Abono Mensual;4K;428;National Geographic;SD;Variedades;Si
Uruguay;Abono Mensual;4K;430;History 2;SD;Variedades;Si
Uruguay;Abono Mensual;4K;432;¡Hola! TV;SD;Variedades;Si
Uruguay;Abono Mensual;4K;450;OnDIRECTV;HD;Variedades;No
Uruguay;Abono Mensual;4K;452;Star Channel;SD;Cine;Si
Uruguay;Abono Mensual;4K;454;TNT Latin America;SD;Cine;Si
Uruguay;Abono Mensual;4K;456;AXN;SD;Cine;Si
Uruguay;Abono Mensual;4K;458;Universal TV;SD;Cine;Si
Uruguay;Abono Mensual;4K;460;Space;SD;Cine;Si
Uruguay;Abono Mensual;4K;462;Warner Channel;SD;Cine;Si
Uruguay;Abono Mensual;4K;464;TNT Series;SD;Cine;Si
Uruguay;Abono Mensual;4K;466;Cinecanal;SD;Cine;Si
Uruguay;Abono Mensual;4K;468;Cinemax;SD;Cine;Si
Uruguay;Abono Mensual;4K;470;Studio Universal;SD;Cine;Si
Uruguay;Abono Mensual;4K;472;Sony Movies;SD;Cine;Si
Uruguay;Abono Mensual;4K;474;Sony;SD;Cine;Si
Uruguay;Abono Mensual;4K;476;Mórbido TV;SD;Cine;Si
Uruguay;Abono Mensual;4K;478;Golden Plus;SD;Cine;Si
Uruguay;Abono Mensual;4K;501;HBO;SD;Cine;No
Uruguay;Abono Mensual;4K;504;TCM;SD;Cine;Si
Uruguay;Abono Mensual;4K;530;Comedy Central;SD;Cine;Si
Uruguay;Abono Mensual;4K;532;FX;SD;Cine;Si
Uruguay;Abono Mensual;4K;534;TLnovelas;SD;Cine;Si
Uruguay;Abono Mensual;4K;536;A&E;SD;Cine;Si
Uruguay;Abono Mensual;4K;538;AMC;SD;Cine;Si
Uruguay;Abono Mensual;4K;542;El Canal de las Estrellas;SD;Cine;Si
Uruguay;Abono Mensual;4K;544;DHE;SD;Cine;Si
Uruguay;Abono Mensual;4K;546;Golden Edge;SD;Cine;Si
Uruguay;Abono Mensual;4K;550;Atres Series;SD;Cine;Si
Uruguay;Abono Mensual;4K;552;USA Network;SD;Cine;Si
Uruguay;Abono Mensual;4K;558;De Película;SD;Cine;Si
Uruguay;Abono Mensual;4K;560;TNT Novelas;SD;Cine;No
Uruguay;Abono Mensual;4K;568;Magazine;SD;Mundo;Si
Uruguay;Abono Mensual;4K;590;El Gourmet;SD;Variedades;Si
Uruguay;Abono Mensual;4K;592;Food Network;SD;Variedades;Si
Uruguay;Abono Mensual;4K;594;Home & Garden (HGTV);HD;Variedades;Si
Uruguay;Abono Mensual;4K;596;Lifetime;SD;Variedades;Si
Uruguay;Abono Mensual;4K;598;Más Chic;SD;Variedades;Si
Uruguay;Abono Mensual;4K;600;Animal Planet;SD;Variedades;Si
Uruguay;Abono Mensual;4K;602;Discovery Turbo;SD;Variedades;Si
Uruguay;Abono Mensual;4K;604;Discovery Travel & Living Channel (TLC);SD;Variedades;Si
Uruguay;Abono Mensual;4K;608;E! Entertainment;SD;Variedades;Si
Uruguay;Abono Mensual;4K;610;Discovery Theater HD;HD;Variedades;Si
Uruguay;Abono Mensual;4K;612;Discovery World;HD;Variedades;Si
Uruguay;Abono Mensual;4K;614;Adult Swim;SD;Variedades;Si
Uruguay;Abono Mensual;4K;620;MTV;SD;Variedades;Si
Uruguay;Abono Mensual;4K;622;Quiero Música en Mi Idioma (QMusic);SD;Variedades;Si
Uruguay;Abono Mensual;4K;626;Music Top;HD;Variedades;Si
Uruguay;Abono Mensual;4K;628;Tierra Mía;HD;Variedades;Si
Uruguay;Abono Mensual;4K;642;Canal Rural;SD;Mundo;Si
Uruguay;Abono Mensual;4K;644;Chacra TV;SD;Mundo;Si
Uruguay;Abono Mensual;4K;700;Telemundo Internacional;SD;Mundo;Si
Uruguay;Abono Mensual;4K;702;Antena 3 Internacional;SD;Mundo;Si
Uruguay;Abono Mensual;4K;704;Deutsche Welle (DW);SD;Mundo;Si
Uruguay;Abono Mensual;4K;706;CNN en Español;SD;Mundo;Si
Uruguay;Abono Mensual;4K;708;CNN International;SD;Mundo;Si
Uruguay;Abono Mensual;4K;712;RAI Internacional;SD;Mundo;Si
Uruguay;Abono Mensual;4K;713;France 24 Español;SD;Mundo;Si
Uruguay;Abono Mensual;4K;714;BBC World News;SD;Mundo;Si
Uruguay;Abono Mensual;4K;718;CNN Chile;SD;Mundo;Si
Uruguay;Abono Mensual;4K;720;24 Horas;SD;Mundo;Si
Uruguay;Abono Mensual;4K;722;Bloomberg Television;SD;Mundo;Si
Uruguay;Abono Mensual;4K;724;Caracol Internacional;SD;Mundo;Si
Uruguay;Abono Mensual;4K;726;TV Perú Noticias;HD;Mundo;Si
Uruguay;Abono Mensual;4K;728;TV Perú;SD;Mundo;Si
Uruguay;Abono Mensual;4K;730;Univisión;SD;Mundo;Si
Uruguay;Abono Mensual;4K;732;NTN 24;SD;Mundo;Si
Uruguay;Abono Mensual;4K;734;CGTN Español;SD;Mundo;Si
Uruguay;Abono Mensual;4K;736;Cable Noticias;SD;Mundo;Si
Uruguay;Abono Mensual;4K;740;El Tiempo TV;SD;Mundo;Si
Uruguay;Abono Mensual;4K;742;TV Chile;SD;Mundo;Si
Uruguay;Abono Mensual;4K;744;RTP Internacional;SD;Mundo;Si
Uruguay;Abono Mensual;4K;748;Telefe Internacional;SD;Mundo;Si
Uruguay;Abono Mensual;4K;754;Ve Plus;HD;Variedades;No
Uruguay;Abono Mensual;4K;780;EWTN;SD;Religioso;Si
Uruguay;Abono Mensual;4K;782;Enlace;SD;Religioso;Si
Uruguay;Abono Mensual;4K;784;Canal Luz;SD;Religioso;Si
Uruguay;Abono Mensual;4K;786;DayStar;SD;Religioso;Si
Uruguay;Abono Mensual;4K;788;Orbe 21;SD;Religioso;No
Uruguay;Abono Mensual;4K;805;PX Sports;HD;Deportes;Si
Uruguay;Abono Mensual;4K;904;Unión Radio Noticias;Radio;Radio;Si
Uruguay;Abono Mensual;4K;906;Radio Caracol;Radio;Radio;Si
Uruguay;Abono Mensual;4K;1206;Todo Noticias (TN);HD;Mundo;No
Uruguay;Abono Mensual;4K;1325;ESPN Mas;HD;Deportes;Si
Uruguay;Abono Mensual;4K;2184;Clic Rural;HD;Variedades;No
Uruguay;Abono Mensual;4K;2190;Monte Carlo TV;HD;Nacional;Si
Uruguay;Abono Mensual;4K;2192;Teledoce;HD;Nacional;Si
Uruguay;Abono Mensual;4K;2193;Saeta;HD;Nacional;Si
Uruguay;Abono Mensual;4K;2199;KZO;HD;Variedades;Si
Uruguay;Abono Mensual;4K;2200;DNews;HD;Mundo;Si
Uruguay;Abono Mensual;4K;2202;La Nación+;HD;Mundo;Si
Uruguay;Abono Mensual;4K;2206;Canal 26;HD;Mundo;No
Uruguay;Abono Mensual;4K;2210;Canal América;HD;Mundo;No
Uruguay;Abono Mensual;4K;2212;Canal 9;HD;Mundo;Si
Uruguay;Abono Mensual;4K;2216;Argentina 12;HD;Mundo;No
Uruguay;Abono Mensual;4K;2300;DSports Argentina;HD;Deportes;Si
Uruguay;Abono Mensual;4K;2310;DSports Uruguay;HD;Deportes;Si
Uruguay;Abono Mensual;4K;2312;DSports 2;HD;Deportes;Si
Uruguay;Abono Mensual;4K;2313;DSports+;HD;Deportes;Si
Uruguay;Abono Mensual;4K;2320;TyC Sports;HD;Deportes;Si
Uruguay;Abono Mensual;4K;2321;ESPN;HD;Deportes;Si
Uruguay;Abono Mensual;4K;2322;ESPN 2;HD;Deportes;Si
Uruguay;Abono Mensual;4K;2323;ESPN 3;HD;Deportes;Si
Uruguay;Abono Mensual;4K;2325;ESPN 4;HD;Deportes;Si
Uruguay;Abono Mensual;4K;2326;Fox Sports 3;HD;Deportes;Si
Uruguay;Abono Mensual;4K;2327;Fox Sports 2;HD;Deportes;No
Uruguay;Abono Mensual;4K;2340;The Golf Channel;HD;Deportes;Si
Uruguay;Abono Mensual;4K;2400;Disney Junior;HD;Infantil;Si
Uruguay;Abono Mensual;4K;2402;Cartoon Network;HD;Infantil;Si
Uruguay;Abono Mensual;4K;2404;Discovery Kids;HD;Infantil;Si
Uruguay;Abono Mensual;4K;2406;Nick Jr.;HD;Infantil;No
Uruguay;Abono Mensual;4K;2408;Disney Channel;HD;Infantil;Si
Uruguay;Abono Mensual;4K;2410;Nickelodeon;HD;Infantil;Si
Uruguay;Abono Mensual;4K;2416;Plim Plim;HD;Infantil;Si
Uruguay;Abono Mensual;4K;2418;El Reino Infantil;HD;Infantil;Si
Uruguay;Abono Mensual;4K;2420;Discovery Home & Health;HD;Variedades;Si
Uruguay;Abono Mensual;4K;2422;History Channel;HD;Variedades;Si
Uruguay;Abono Mensual;4K;2424;Discovery Channel;HD;Variedades;Si
Uruguay;Abono Mensual;4K;2426;Investigation Discovery (ID);HD;Variedades;Si
Uruguay;Abono Mensual;4K;2428;National Geographic;HD;Variedades;Si
Uruguay;Abono Mensual;4K;2430;History 2;HD;Variedades;Si
Uruguay;Abono Mensual;4K;2432;¡Hola! TV;HD;Variedades;Si
Uruguay;Abono Mensual;4K;2452;Star Channel;HD;Cine;Si
Uruguay;Abono Mensual;4K;2454;TNT Latin America;HD;Cine;Si
Uruguay;Abono Mensual;4K;2456;AXN;HD;Cine;Si
Uruguay;Abono Mensual;4K;2458;Universal TV;HD;Cine;Si
Uruguay;Abono Mensual;4K;2460;Space;HD;Cine;Si
Uruguay;Abono Mensual;4K;2462;Warner Channel;HD;Cine;Si
Uruguay;Abono Mensual;4K;2464;TNT Series;HD;Cine;Si
Uruguay;Abono Mensual;4K;2466;Cinecanal;HD;Cine;Si
Uruguay;Abono Mensual;4K;2468;Cinemax;HD;Cine;Si
Uruguay;Abono Mensual;4K;2470;Studio Universal;HD;Cine;Si
Uruguay;Abono Mensual;4K;2472;Sony Movies;HD;Cine;Si
Uruguay;Abono Mensual;4K;2474;Sony;HD;Cine;Si
Uruguay;Abono Mensual;4K;2476;Mórbido TV;HD;Cine;Si
Uruguay;Abono Mensual;4K;2478;Golden Plus;HD;Cine;Si
Uruguay;Abono Mensual;4K;2530;Comedy Central;HD;Cine;Si
Uruguay;Abono Mensual;4K;2532;FX;HD;Cine;Si
Uruguay;Abono Mensual;4K;2536;A&E;HD;Cine;Si
Uruguay;Abono Mensual;4K;2538;AMC;HD;Cine;Si
Uruguay;Abono Mensual;4K;2544;DHE;HD;Cine;Si
Uruguay;Abono Mensual;4K;2550;Atres Series;HD;Cine;Si
Uruguay;Abono Mensual;4K;2552;USA Network;HD;Cine;Si
Uruguay;Abono Mensual;4K;2590;El Gourmet;HD;Variedades;Si
Uruguay;Abono Mensual;4K;2592;Food Network;HD;Variedades;Si
Uruguay;Abono Mensual;4K;2596;Lifetime;HD;Variedades;Si
Uruguay;Abono Mensual;4K;2600;Animal Planet;HD;Variedades;Si
Uruguay;Abono Mensual;4K;2604;Discovery Travel & Living Channel (TLC);HD;Variedades;Si
Uruguay;Abono Mensual;4K;2608;E! Entertainment;HD;Variedades;No
Uruguay;Abono Mensual;4K;2620;MTV;HD;Variedades;Si
Uruguay;Abono Mensual;4K;2702;Antena 3 Internacional;HD;Mundo;Si
Uruguay;Abono Mensual;4K;2713;France 24 Español;HD;Mundo;Si
Uruguay;Abono Mensual;4K;2728;TV Perú;HD;Mundo;No
Uruguay;Abono Mensual;4K;2804;Escuela Plus;HD;Variedades;No
Uruguay;Abono Mensual;Bronce HD;184;Clic Rural;SD;Variedades;Si
Uruguay;Abono Mensual;Bronce HD;190;Canal 4;SD;Nacional;Si
Uruguay;Abono Mensual;Bronce HD;191;Televisión Nacional;SD;Nacional;Si
Uruguay;Abono Mensual;Bronce HD;192;Teledoce;SD;Nacional;Si
Uruguay;Abono Mensual;Bronce HD;193;Saeta;SD;Nacional;Si
Uruguay;Abono Mensual;Bronce HD;194;TV Ciudad HD;HD;Nacional;Si
Uruguay;Abono Mensual;Bronce HD;195;Campo Rural TV;HD;Nacional;Si
Uruguay;Abono Mensual;Bronce HD;196;UCL;SD;Nacional;Si
Uruguay;Abono Mensual;Bronce HD;199;KZO;SD;Variedades;Si
Uruguay;Abono Mensual;Bronce HD;200;DNews;SD;Mundo;Si
Uruguay;Abono Mensual;Bronce HD;202;Todo Noticias (TN);SD;Mundo;Si
Uruguay;Abono Mensual;Bronce HD;204;La Nación+;SD;Mundo;Si
Uruguay;Abono Mensual;Bronce HD;206;Canal 26;SD;Mundo;Si
Uruguay;Abono Mensual;Bronce HD;208;Crónica TV;SD;Mundo;Si
Uruguay;Abono Mensual;Bronce HD;210;Canal América;SD;Mundo;Si
Uruguay;Abono Mensual;Bronce HD;212;Canal 9;SD;Mundo;Si
Uruguay;Abono Mensual;Bronce HD;214;Canal 5 Noticias;HD;Mundo;Si
Uruguay;Abono Mensual;Bronce HD;216;Argentina 12;SD;Mundo;Si
Uruguay;Abono Mensual;Bronce HD;300;DSports Argentina;SD;Deportes;Si
Uruguay;Abono Mensual;Bronce HD;303;DSports Uruguay Mas;SD;Deportes;Si
Uruguay;Abono Mensual;Bronce HD;304;DSports Uruguay Mas;HD;Deportes;No
Uruguay;Abono Mensual;Bronce HD;310;DSports Uruguay;SD;Deportes;Si
Uruguay;Abono Mensual;Bronce HD;312;DSports 2;SD;Deportes;Si
Uruguay;Abono Mensual;Bronce HD;313;DSports+;SD;Deportes;Si
Uruguay;Abono Mensual;Bronce HD;320;TyC Sports;SD;Deportes;No
Uruguay;Abono Mensual;Bronce HD;321;ESPN;SD;Deportes;Si
Uruguay;Abono Mensual;Bronce HD;322;ESPN 2;SD;Deportes;Si
Uruguay;Abono Mensual;Bronce HD;323;ESPN 3;SD;Deportes;Si
Uruguay;Abono Mensual;Bronce HD;325;ESPN 4;SD;Deportes;Si
Uruguay;Abono Mensual;Bronce HD;326;ESPN 6;SD;Deportes;Si
Uruguay;Abono Mensual;Bronce HD;327;ESPN 7;SD;Deportes;Si
Uruguay;Abono Mensual;Bronce HD;340;The Golf Channel;SD;Deportes;No
Uruguay;Abono Mensual;Bronce HD;400;Disney Junior;SD;Infantil;Si
Uruguay;Abono Mensual;Bronce HD;402;Cartoon Network;SD;Infantil;Si
Uruguay;Abono Mensual;Bronce HD;404;Discovery Kids;SD;Infantil;Si
Uruguay;Abono Mensual;Bronce HD;406;Nick Jr.;SD;Infantil;Si
Uruguay;Abono Mensual;Bronce HD;408;Disney Channel;SD;Infantil;Si
Uruguay;Abono Mensual;Bronce HD;410;Nickelodeon;SD;Infantil;Si
Uruguay;Abono Mensual;Bronce HD;412;BabyTV;HD;Infantil;No
Uruguay;Abono Mensual;Bronce HD;414;Cartoonito;SD;Infantil;No
Uruguay;Abono Mensual;Bronce HD;416;Plim Plim;SD;Infantil;Si
Uruguay;Abono Mensual;Bronce HD;418;El Reino Infantil;SD;Infantil;Si
Uruguay;Abono Mensual;Bronce HD;420;Discovery Home & Health;SD;Variedades;Si
Uruguay;Abono Mensual;Bronce HD;422;History Channel;SD;Variedades;Si
Uruguay;Abono Mensual;Bronce HD;424;Discovery Channel;SD;Variedades;Si
Uruguay;Abono Mensual;Bronce HD;426;Investigation Discovery (ID);SD;Variedades;No
Uruguay;Abono Mensual;Bronce HD;428;National Geographic;SD;Variedades;Si
Uruguay;Abono Mensual;Bronce HD;430;History 2;SD;Variedades;No
Uruguay;Abono Mensual;Bronce HD;432;¡Hola! TV;SD;Variedades;Si
Uruguay;Abono Mensual;Bronce HD;450;OnDIRECTV;HD;Variedades;Si
Uruguay;Abono Mensual;Bronce HD;452;Star Channel;SD;Cine;Si
Uruguay;Abono Mensual;Bronce HD;454;TNT Latin America;SD;Cine;Si
Uruguay;Abono Mensual;Bronce HD;456;AXN;SD;Cine;Si
Uruguay;Abono Mensual;Bronce HD;458;Universal TV;SD;Cine;Si
Uruguay;Abono Mensual;Bronce HD;460;Space;SD;Cine;Si
Uruguay;Abono Mensual;Bronce HD;462;Warner Channel;SD;Cine;Si
Uruguay;Abono Mensual;Bronce HD;464;TNT Series;SD;Cine;No
Uruguay;Abono Mensual;Bronce HD;466;Cinecanal;SD;Cine;Si
Uruguay;Abono Mensual;Bronce HD;468;Cinemax;SD;Cine;Si
Uruguay;Abono Mensual;Bronce HD;470;Studio Universal;SD;Cine;Si
Uruguay;Abono Mensual;Bronce HD;472;Sony Movies;SD;Cine;No
Uruguay;Abono Mensual;Bronce HD;474;Sony;SD;Cine;Si
Uruguay;Abono Mensual;Bronce HD;476;Mórbido TV;SD;Cine;Si
Uruguay;Abono Mensual;Bronce HD;478;Golden Plus;SD;Cine;No
Uruguay;Abono Mensual;Bronce HD;501;HBO;SD;Cine;No
Uruguay;Abono Mensual;Bronce HD;504;TCM;SD;Cine;Si
Uruguay;Abono Mensual;Bronce HD;530;Comedy Central;SD;Cine;No
Uruguay;Abono Mensual;Bronce HD;532;FX;SD;Cine;Si
Uruguay;Abono Mensual;Bronce HD;534;TLnovelas;SD;Cine;Si
Uruguay;Abono Mensual;Bronce HD;536;A&E;SD;Cine;Si
Uruguay;Abono Mensual;Bronce HD;538;AMC;SD;Cine;No
Uruguay;Abono Mensual;Bronce HD;542;El Canal de las Estrellas;SD;Cine;Si
Uruguay;Abono Mensual;Bronce HD;544;DHE;SD;Cine;No
Uruguay;Abono Mensual;Bronce HD;546;Golden Edge;SD;Cine;No
Uruguay;Abono Mensual;Bronce HD;550;Atres Series;SD;Cine;No
Uruguay;Abono Mensual;Bronce HD;552;USA Network;SD;Cine;No
Uruguay;Abono Mensual;Bronce HD;558;De Película;SD;Cine;No
Uruguay;Abono Mensual;Bronce HD;560;TNT Novelas;SD;Cine;No
Uruguay;Abono Mensual;Bronce HD;568;Magazine;SD;Mundo;Si
Uruguay;Abono Mensual;Bronce HD;590;El Gourmet;SD;Variedades;Si
Uruguay;Abono Mensual;Bronce HD;592;Food Network;SD;Variedades;No
Uruguay;Abono Mensual;Bronce HD;594;Home & Garden (HGTV);HD;Variedades;No
Uruguay;Abono Mensual;Bronce HD;596;Lifetime;SD;Variedades;No
Uruguay;Abono Mensual;Bronce HD;598;Más Chic;SD;Variedades;No
Uruguay;Abono Mensual;Bronce HD;600;Animal Planet;SD;Variedades;Si
Uruguay;Abono Mensual;Bronce HD;602;Discovery Turbo;SD;Variedades;No
Uruguay;Abono Mensual;Bronce HD;604;Discovery Travel & Living Channel (TLC);SD;Variedades;No
Uruguay;Abono Mensual;Bronce HD;608;E! Entertainment;SD;Variedades;Si
Uruguay;Abono Mensual;Bronce HD;610;Discovery Theater HD;HD;Variedades;No
Uruguay;Abono Mensual;Bronce HD;612;Discovery World;HD;Variedades;No
Uruguay;Abono Mensual;Bronce HD;614;Adult Swim;SD;Variedades;No
Uruguay;Abono Mensual;Bronce HD;620;MTV;SD;Variedades;Si
Uruguay;Abono Mensual;Bronce HD;622;Quiero Música en Mi Idioma (QMusic);SD;Variedades;Si
Uruguay;Abono Mensual;Bronce HD;626;Music Top;HD;Variedades;Si
Uruguay;Abono Mensual;Bronce HD;628;Tierra Mía;HD;Variedades;Si
Uruguay;Abono Mensual;Bronce HD;642;Canal Rural;SD;Mundo;No
Uruguay;Abono Mensual;Bronce HD;644;Chacra TV;SD;Mundo;Si
Uruguay;Abono Mensual;Bronce HD;700;Telemundo Internacional;SD;Mundo;Si
Uruguay;Abono Mensual;Bronce HD;702;Antena 3 Internacional;SD;Mundo;No
Uruguay;Abono Mensual;Bronce HD;704;Deutsche Welle (DW);SD;Mundo;No
Uruguay;Abono Mensual;Bronce HD;706;CNN en Español;SD;Mundo;Si
Uruguay;Abono Mensual;Bronce HD;708;CNN International;SD;Mundo;No
Uruguay;Abono Mensual;Bronce HD;712;RAI Internacional;SD;Mundo;No
Uruguay;Abono Mensual;Bronce HD;713;France 24 Español;SD;Mundo;Si
Uruguay;Abono Mensual;Bronce HD;714;BBC World News;SD;Mundo;No
Uruguay;Abono Mensual;Bronce HD;718;CNN Chile;SD;Mundo;No
Uruguay;Abono Mensual;Bronce HD;720;24 Horas;SD;Mundo;No
Uruguay;Abono Mensual;Bronce HD;722;Bloomberg Television;SD;Mundo;No
Uruguay;Abono Mensual;Bronce HD;724;Caracol Internacional;SD;Mundo;No
Uruguay;Abono Mensual;Bronce HD;726;TV Perú Noticias;HD;Mundo;Si
Uruguay;Abono Mensual;Bronce HD;728;TV Perú;SD;Mundo;Si
Uruguay;Abono Mensual;Bronce HD;730;Univisión;SD;Mundo;No
Uruguay;Abono Mensual;Bronce HD;732;NTN 24;SD;Mundo;No
Uruguay;Abono Mensual;Bronce HD;734;CGTN Español;SD;Mundo;Si
Uruguay;Abono Mensual;Bronce HD;736;Cable Noticias;SD;Mundo;No
Uruguay;Abono Mensual;Bronce HD;740;El Tiempo TV;SD;Mundo;No
Uruguay;Abono Mensual;Bronce HD;742;TV Chile;SD;Mundo;No
Uruguay;Abono Mensual;Bronce HD;744;RTP Internacional;SD;Mundo;No
Uruguay;Abono Mensual;Bronce HD;748;Telefe Internacional;SD;Mundo;Si
Uruguay;Abono Mensual;Bronce HD;754;Ve Plus;HD;Variedades;Si
Uruguay;Abono Mensual;Bronce HD;780;EWTN;SD;Religioso;Si
Uruguay;Abono Mensual;Bronce HD;782;Enlace;SD;Religioso;Si
Uruguay;Abono Mensual;Bronce HD;784;Canal Luz;SD;Religioso;Si
Uruguay;Abono Mensual;Bronce HD;786;DayStar;SD;Religioso;Si
Uruguay;Abono Mensual;Bronce HD;788;Orbe 21;SD;Religioso;No
Uruguay;Abono Mensual;Bronce HD;805;PX Sports;HD;Deportes;No
Uruguay;Abono Mensual;Bronce HD;904;Unión Radio Noticias;Radio;Radio;Si
Uruguay;Abono Mensual;Bronce HD;906;Radio Caracol;Radio;Radio;Si
Uruguay;Abono Mensual;Bronce HD;1206;Todo Noticias (TN);HD;Mundo;Si
Uruguay;Abono Mensual;Bronce HD;1325;ESPN Mas;HD;Deportes;Si
Uruguay;Abono Mensual;Bronce HD;2184;Clic Rural;HD;Variedades;Si
Uruguay;Abono Mensual;Bronce HD;2190;Monte Carlo TV;HD;Nacional;Si
Uruguay;Abono Mensual;Bronce HD;2192;Teledoce;HD;Nacional;Si
Uruguay;Abono Mensual;Bronce HD;2193;Saeta;HD;Nacional;Si
Uruguay;Abono Mensual;Bronce HD;2199;KZO;HD;Variedades;Si
Uruguay;Abono Mensual;Bronce HD;2200;DNews;HD;Mundo;Si
Uruguay;Abono Mensual;Bronce HD;2202;La Nación+;HD;Mundo;Si
Uruguay;Abono Mensual;Bronce HD;2206;Canal 26;HD;Mundo;No
Uruguay;Abono Mensual;Bronce HD;2210;Canal América;HD;Mundo;Si
Uruguay;Abono Mensual;Bronce HD;2212;Canal 9;HD;Mundo;Si
Uruguay;Abono Mensual;Bronce HD;2216;Argentina 12;HD;Mundo;Si
Uruguay;Abono Mensual;Bronce HD;2300;DSports Argentina;HD;Deportes;Si
Uruguay;Abono Mensual;Bronce HD;2310;DSports Uruguay;HD;Deportes;Si
Uruguay;Abono Mensual;Bronce HD;2312;DSports 2;HD;Deportes;Si
Uruguay;Abono Mensual;Bronce HD;2313;DSports+;HD;Deportes;Si
Uruguay;Abono Mensual;Bronce HD;2320;TyC Sports;HD;Deportes;No
Uruguay;Abono Mensual;Bronce HD;2321;ESPN;HD;Deportes;Si
Uruguay;Abono Mensual;Bronce HD;2322;ESPN 2;HD;Deportes;Si
Uruguay;Abono Mensual;Bronce HD;2323;ESPN 3;HD;Deportes;Si
Uruguay;Abono Mensual;Bronce HD;2325;ESPN 4;HD;Deportes;Si
Uruguay;Abono Mensual;Bronce HD;2326;Fox Sports 3;HD;Deportes;Si
Uruguay;Abono Mensual;Bronce HD;2327;Fox Sports 2;HD;Deportes;Si
Uruguay;Abono Mensual;Bronce HD;2340;The Golf Channel;HD;Deportes;No
Uruguay;Abono Mensual;Bronce HD;2400;Disney Junior;HD;Infantil;Si
Uruguay;Abono Mensual;Bronce HD;2402;Cartoon Network;HD;Infantil;Si
Uruguay;Abono Mensual;Bronce HD;2404;Discovery Kids;HD;Infantil;Si
Uruguay;Abono Mensual;Bronce HD;2406;Nick Jr.;HD;Infantil;No
Uruguay;Abono Mensual;Bronce HD;2408;Disney Channel;HD;Infantil;Si
Uruguay;Abono Mensual;Bronce HD;2410;Nickelodeon;HD;Infantil;Si
Uruguay;Abono Mensual;Bronce HD;2416;Plim Plim;HD;Infantil;Si
Uruguay;Abono Mensual;Bronce HD;2418;El Reino Infantil;HD;Infantil;Si
Uruguay;Abono Mensual;Bronce HD;2420;Discovery Home & Health;HD;Variedades;Si
Uruguay;Abono Mensual;Bronce HD;2422;History Channel;HD;Variedades;Si
Uruguay;Abono Mensual;Bronce HD;2424;Discovery Channel;HD;Variedades;Si
Uruguay;Abono Mensual;Bronce HD;2426;Investigation Discovery (ID);HD;Variedades;No
Uruguay;Abono Mensual;Bronce HD;2428;National Geographic;HD;Variedades;Si
Uruguay;Abono Mensual;Bronce HD;2430;History 2;HD;Variedades;No
Uruguay;Abono Mensual;Bronce HD;2432;¡Hola! TV;HD;Variedades;Si
Uruguay;Abono Mensual;Bronce HD;2452;Star Channel;HD;Cine;Si
Uruguay;Abono Mensual;Bronce HD;2454;TNT Latin America;HD;Cine;Si
Uruguay;Abono Mensual;Bronce HD;2456;AXN;HD;Cine;Si
Uruguay;Abono Mensual;Bronce HD;2458;Universal TV;HD;Cine;Si
Uruguay;Abono Mensual;Bronce HD;2460;Space;HD;Cine;Si
Uruguay;Abono Mensual;Bronce HD;2462;Warner Channel;HD;Cine;Si
Uruguay;Abono Mensual;Bronce HD;2464;TNT Series;HD;Cine;No
Uruguay;Abono Mensual;Bronce HD;2466;Cinecanal;HD;Cine;Si
Uruguay;Abono Mensual;Bronce HD;2468;Cinemax;HD;Cine;Si
Uruguay;Abono Mensual;Bronce HD;2470;Studio Universal;HD;Cine;Si
Uruguay;Abono Mensual;Bronce HD;2472;Sony Movies;HD;Cine;No
Uruguay;Abono Mensual;Bronce HD;2474;Sony;HD;Cine;Si
Uruguay;Abono Mensual;Bronce HD;2476;Mórbido TV;HD;Cine;Si
Uruguay;Abono Mensual;Bronce HD;2478;Golden Plus;HD;Cine;No
Uruguay;Abono Mensual;Bronce HD;2530;Comedy Central;HD;Cine;No
Uruguay;Abono Mensual;Bronce HD;2532;FX;HD;Cine;Si
Uruguay;Abono Mensual;Bronce HD;2536;A&E;HD;Cine;Si
Uruguay;Abono Mensual;Bronce HD;2538;AMC;HD;Cine;No
Uruguay;Abono Mensual;Bronce HD;2544;DHE;HD;Cine;No
Uruguay;Abono Mensual;Bronce HD;2550;Atres Series;HD;Cine;No
Uruguay;Abono Mensual;Bronce HD;2552;USA Network;HD;Cine;No
Uruguay;Abono Mensual;Bronce HD;2590;El Gourmet;HD;Variedades;Si
Uruguay;Abono Mensual;Bronce HD;2592;Food Network;HD;Variedades;No
Uruguay;Abono Mensual;Bronce HD;2596;Lifetime;HD;Variedades;No
Uruguay;Abono Mensual;Bronce HD;2600;Animal Planet;HD;Variedades;Si
Uruguay;Abono Mensual;Bronce HD;2604;Discovery Travel & Living Channel (TLC);HD;Variedades;No
Uruguay;Abono Mensual;Bronce HD;2608;E! Entertainment;HD;Variedades;Si
Uruguay;Abono Mensual;Bronce HD;2620;MTV;HD;Variedades;Si
Uruguay;Abono Mensual;Bronce HD;2702;Antena 3 Internacional;HD;Mundo;No
Uruguay;Abono Mensual;Bronce HD;2713;France 24 Español;HD;Mundo;Si
Uruguay;Abono Mensual;Bronce HD;2728;TV Perú;HD;Mundo;Si
Uruguay;Abono Mensual;Bronce HD;2804;Escuela Plus;HD;Variedades;No
Uruguay;Abono Mensual;Bronce;184;Clic Rural;SD;Variedades;Si
Uruguay;Abono Mensual;Bronce;190;Canal 4;SD;Nacional;Si
Uruguay;Abono Mensual;Bronce;191;Televisión Nacional;SD;Nacional;Si
Uruguay;Abono Mensual;Bronce;192;Teledoce;SD;Nacional;Si
Uruguay;Abono Mensual;Bronce;193;Saeta;SD;Nacional;Si
Uruguay;Abono Mensual;Bronce;194;TV Ciudad HD;HD;Nacional;No
Uruguay;Abono Mensual;Bronce;195;Campo Rural TV;HD;Nacional;No
Uruguay;Abono Mensual;Bronce;196;UCL;SD;Nacional;Si
Uruguay;Abono Mensual;Bronce;199;KZO;SD;Variedades;Si
Uruguay;Abono Mensual;Bronce;200;DNews;SD;Mundo;Si
Uruguay;Abono Mensual;Bronce;202;Todo Noticias (TN);SD;Mundo;Si
Uruguay;Abono Mensual;Bronce;204;La Nación+;SD;Mundo;Si
Uruguay;Abono Mensual;Bronce;206;Canal 26;SD;Mundo;No
Uruguay;Abono Mensual;Bronce;208;Crónica TV;SD;Mundo;Si
Uruguay;Abono Mensual;Bronce;210;Canal América;SD;Mundo;Si
Uruguay;Abono Mensual;Bronce;212;Canal 9;SD;Mundo;Si
Uruguay;Abono Mensual;Bronce;214;Canal 5 Noticias;HD;Mundo;Si
Uruguay;Abono Mensual;Bronce;216;Argentina 12;SD;Mundo;Si
Uruguay;Abono Mensual;Bronce;300;DSports Argentina;SD;Deportes;Si
Uruguay;Abono Mensual;Bronce;303;DSports Uruguay Mas;SD;Deportes;Si
Uruguay;Abono Mensual;Bronce;304;DSports Uruguay Mas;HD;Deportes;No
Uruguay;Abono Mensual;Bronce;310;DSports Uruguay;SD;Deportes;Si
Uruguay;Abono Mensual;Bronce;312;DSports 2;SD;Deportes;Si
Uruguay;Abono Mensual;Bronce;313;DSports+;SD;Deportes;Si
Uruguay;Abono Mensual;Bronce;320;TyC Sports;SD;Deportes;No
Uruguay;Abono Mensual;Bronce;321;ESPN;SD;Deportes;Si
Uruguay;Abono Mensual;Bronce;322;ESPN 2;SD;Deportes;Si
Uruguay;Abono Mensual;Bronce;323;ESPN 3;SD;Deportes;Si
Uruguay;Abono Mensual;Bronce;325;ESPN 4;SD;Deportes;Si
Uruguay;Abono Mensual;Bronce;326;ESPN 6;SD;Deportes;Si
Uruguay;Abono Mensual;Bronce;327;ESPN 7;SD;Deportes;Si
Uruguay;Abono Mensual;Bronce;340;The Golf Channel;SD;Deportes;No
Uruguay;Abono Mensual;Bronce;400;Disney Junior;SD;Infantil;Si
Uruguay;Abono Mensual;Bronce;402;Cartoon Network;SD;Infantil;Si
Uruguay;Abono Mensual;Bronce;404;Discovery Kids;SD;Infantil;Si
Uruguay;Abono Mensual;Bronce;406;Nick Jr.;SD;Infantil;Si
Uruguay;Abono Mensual;Bronce;408;Disney Channel;SD;Infantil;Si
Uruguay;Abono Mensual;Bronce;410;Nickelodeon;SD;Infantil;Si
Uruguay;Abono Mensual;Bronce;412;BabyTV;HD;Infantil;No
Uruguay;Abono Mensual;Bronce;414;Cartoonito;SD;Infantil;No
Uruguay;Abono Mensual;Bronce;416;Plim Plim;SD;Infantil;Si
Uruguay;Abono Mensual;Bronce;418;El Reino Infantil;SD;Infantil;Si
Uruguay;Abono Mensual;Bronce;420;Discovery Home & Health;SD;Variedades;Si
Uruguay;Abono Mensual;Bronce;422;History Channel;SD;Variedades;Si
Uruguay;Abono Mensual;Bronce;424;Discovery Channel;SD;Variedades;Si
Uruguay;Abono Mensual;Bronce;426;Investigation Discovery (ID);SD;Variedades;No
Uruguay;Abono Mensual;Bronce;428;National Geographic;SD;Variedades;Si
Uruguay;Abono Mensual;Bronce;430;History 2;SD;Variedades;No
Uruguay;Abono Mensual;Bronce;432;¡Hola! TV;SD;Variedades;Si
Uruguay;Abono Mensual;Bronce;450;OnDIRECTV;HD;Variedades;No
Uruguay;Abono Mensual;Bronce;452;Star Channel;SD;Cine;Si
Uruguay;Abono Mensual;Bronce;454;TNT Latin America;SD;Cine;Si
Uruguay;Abono Mensual;Bronce;456;AXN;SD;Cine;Si
Uruguay;Abono Mensual;Bronce;458;Universal TV;SD;Cine;Si
Uruguay;Abono Mensual;Bronce;460;Space;SD;Cine;Si
Uruguay;Abono Mensual;Bronce;462;Warner Channel;SD;Cine;Si
Uruguay;Abono Mensual;Bronce;464;TNT Series;SD;Cine;No
Uruguay;Abono Mensual;Bronce;466;Cinecanal;SD;Cine;Si
Uruguay;Abono Mensual;Bronce;468;Cinemax;SD;Cine;Si
Uruguay;Abono Mensual;Bronce;470;Studio Universal;SD;Cine;Si
Uruguay;Abono Mensual;Bronce;472;Sony Movies;SD;Cine;No
Uruguay;Abono Mensual;Bronce;474;Sony;SD;Cine;Si
Uruguay;Abono Mensual;Bronce;476;Mórbido TV;SD;Cine;Si
Uruguay;Abono Mensual;Bronce;478;Golden Plus;SD;Cine;No
Uruguay;Abono Mensual;Bronce;501;HBO;SD;Cine;No
Uruguay;Abono Mensual;Bronce;504;TCM;SD;Cine;Si
Uruguay;Abono Mensual;Bronce;530;Comedy Central;SD;Cine;No
Uruguay;Abono Mensual;Bronce;532;FX;SD;Cine;Si
Uruguay;Abono Mensual;Bronce;534;TLnovelas;SD;Cine;Si
Uruguay;Abono Mensual;Bronce;536;A&E;SD;Cine;Si
Uruguay;Abono Mensual;Bronce;538;AMC;SD;Cine;No
Uruguay;Abono Mensual;Bronce;542;El Canal de las Estrellas;SD;Cine;Si
Uruguay;Abono Mensual;Bronce;544;DHE;SD;Cine;No
Uruguay;Abono Mensual;Bronce;546;Golden Edge;SD;Cine;No
Uruguay;Abono Mensual;Bronce;550;Atres Series;SD;Cine;No
Uruguay;Abono Mensual;Bronce;552;USA Network;SD;Cine;No
Uruguay;Abono Mensual;Bronce;558;De Película;SD;Cine;No
Uruguay;Abono Mensual;Bronce;560;TNT Novelas;SD;Cine;No
Uruguay;Abono Mensual;Bronce;568;Magazine;SD;Mundo;Si
Uruguay;Abono Mensual;Bronce;590;El Gourmet;SD;Variedades;Si
Uruguay;Abono Mensual;Bronce;592;Food Network;SD;Variedades;No
Uruguay;Abono Mensual;Bronce;594;Home & Garden (HGTV);HD;Variedades;No
Uruguay;Abono Mensual;Bronce;596;Lifetime;SD;Variedades;No
Uruguay;Abono Mensual;Bronce;598;Más Chic;SD;Variedades;No
Uruguay;Abono Mensual;Bronce;600;Animal Planet;SD;Variedades;Si
Uruguay;Abono Mensual;Bronce;602;Discovery Turbo;SD;Variedades;No
Uruguay;Abono Mensual;Bronce;604;Discovery Travel & Living Channel (TLC);SD;Variedades;No
Uruguay;Abono Mensual;Bronce;608;E! Entertainment;SD;Variedades;Si
Uruguay;Abono Mensual;Bronce;610;Discovery Theater HD;HD;Variedades;No
Uruguay;Abono Mensual;Bronce;612;Discovery World;HD;Variedades;No
Uruguay;Abono Mensual;Bronce;614;Adult Swim;SD;Variedades;No
Uruguay;Abono Mensual;Bronce;620;MTV;SD;Variedades;Si
Uruguay;Abono Mensual;Bronce;622;Quiero Música en Mi Idioma (QMusic);SD;Variedades;Si
Uruguay;Abono Mensual;Bronce;626;Music Top;HD;Variedades;No
Uruguay;Abono Mensual;Bronce;628;Tierra Mía;HD;Variedades;No
Uruguay;Abono Mensual;Bronce;642;Canal Rural;SD;Mundo;No
Uruguay;Abono Mensual;Bronce;644;Chacra TV;SD;Mundo;Si
Uruguay;Abono Mensual;Bronce;700;Telemundo Internacional;SD;Mundo;Si
Uruguay;Abono Mensual;Bronce;702;Antena 3 Internacional;SD;Mundo;No
Uruguay;Abono Mensual;Bronce;704;Deutsche Welle (DW);SD;Mundo;No
Uruguay;Abono Mensual;Bronce;706;CNN en Español;SD;Mundo;Si
Uruguay;Abono Mensual;Bronce;708;CNN International;SD;Mundo;No
Uruguay;Abono Mensual;Bronce;712;RAI Internacional;SD;Mundo;No
Uruguay;Abono Mensual;Bronce;713;France 24 Español;SD;Mundo;Si
Uruguay;Abono Mensual;Bronce;714;BBC World News;SD;Mundo;No
Uruguay;Abono Mensual;Bronce;718;CNN Chile;SD;Mundo;No
Uruguay;Abono Mensual;Bronce;720;24 Horas;SD;Mundo;No
Uruguay;Abono Mensual;Bronce;722;Bloomberg Television;SD;Mundo;No
Uruguay;Abono Mensual;Bronce;724;Caracol Internacional;SD;Mundo;No
Uruguay;Abono Mensual;Bronce;726;TV Perú Noticias;HD;Mundo;No
Uruguay;Abono Mensual;Bronce;728;TV Perú;SD;Mundo;Si
Uruguay;Abono Mensual;Bronce;730;Univisión;SD;Mundo;No
Uruguay;Abono Mensual;Bronce;732;NTN 24;SD;Mundo;No
Uruguay;Abono Mensual;Bronce;734;CGTN Español;SD;Mundo;Si
Uruguay;Abono Mensual;Bronce;736;Cable Noticias;SD;Mundo;No
Uruguay;Abono Mensual;Bronce;740;El Tiempo TV;SD;Mundo;No
Uruguay;Abono Mensual;Bronce;742;TV Chile;SD;Mundo;No
Uruguay;Abono Mensual;Bronce;744;RTP Internacional;SD;Mundo;No
Uruguay;Abono Mensual;Bronce;748;Telefe Internacional;SD;Mundo;Si
Uruguay;Abono Mensual;Bronce;754;Ve Plus;HD;Variedades;No
Uruguay;Abono Mensual;Bronce;780;EWTN;SD;Religioso;Si
Uruguay;Abono Mensual;Bronce;782;Enlace;SD;Religioso;Si
Uruguay;Abono Mensual;Bronce;784;Canal Luz;SD;Religioso;Si
Uruguay;Abono Mensual;Bronce;786;DayStar;SD;Religioso;Si
Uruguay;Abono Mensual;Bronce;788;Orbe 21;SD;Religioso;No
Uruguay;Abono Mensual;Bronce;805;PX Sports;HD;Deportes;No
Uruguay;Abono Mensual;Bronce;904;Unión Radio Noticias;Radio;Radio;Si
Uruguay;Abono Mensual;Bronce;906;Radio Caracol;Radio;Radio;Si
Uruguay;Abono Mensual;Bronce;1206;Todo Noticias (TN);HD;Mundo;No
Uruguay;Abono Mensual;Bronce;1325;ESPN Mas;HD;Deportes;No
Uruguay;Abono Mensual;Bronce;2184;Clic Rural;HD;Variedades;Si
Uruguay;Abono Mensual;Bronce;2190;Monte Carlo TV;HD;Nacional;Si
Uruguay;Abono Mensual;Bronce;2192;Teledoce;HD;Nacional;Si
Uruguay;Abono Mensual;Bronce;2193;Saeta;HD;Nacional;Si
Uruguay;Abono Mensual;Bronce;2199;KZO;HD;Variedades;Si
Uruguay;Abono Mensual;Bronce;2200;DNews;HD;Mundo;Si
Uruguay;Abono Mensual;Bronce;2202;La Nación+;HD;Mundo;Si
Uruguay;Abono Mensual;Bronce;2206;Canal 26;HD;Mundo;No
Uruguay;Abono Mensual;Bronce;2210;Canal América;HD;Mundo;No
Uruguay;Abono Mensual;Bronce;2212;Canal 9;HD;Mundo;Si
Uruguay;Abono Mensual;Bronce;2216;Argentina 12;HD;Mundo;No
Uruguay;Abono Mensual;Bronce;2300;DSports Argentina;HD;Deportes;Si
Uruguay;Abono Mensual;Bronce;2310;DSports Uruguay;HD;Deportes;Si
Uruguay;Abono Mensual;Bronce;2312;DSports 2;HD;Deportes;Si
Uruguay;Abono Mensual;Bronce;2313;DSports+;HD;Deportes;Si
Uruguay;Abono Mensual;Bronce;2320;TyC Sports;HD;Deportes;No
Uruguay;Abono Mensual;Bronce;2321;ESPN;HD;Deportes;Si
Uruguay;Abono Mensual;Bronce;2322;ESPN 2;HD;Deportes;Si
Uruguay;Abono Mensual;Bronce;2323;ESPN 3;HD;Deportes;Si
Uruguay;Abono Mensual;Bronce;2325;ESPN 4;HD;Deportes;No
Uruguay;Abono Mensual;Bronce;2326;Fox Sports 3;HD;Deportes;No
Uruguay;Abono Mensual;Bronce;2327;Fox Sports 2;HD;Deportes;No
Uruguay;Abono Mensual;Bronce;2340;The Golf Channel;HD;Deportes;No
Uruguay;Abono Mensual;Bronce;2400;Disney Junior;HD;Infantil;Si
Uruguay;Abono Mensual;Bronce;2402;Cartoon Network;HD;Infantil;Si
Uruguay;Abono Mensual;Bronce;2404;Discovery Kids;HD;Infantil;Si
Uruguay;Abono Mensual;Bronce;2406;Nick Jr.;HD;Infantil;No
Uruguay;Abono Mensual;Bronce;2408;Disney Channel;HD;Infantil;Si
Uruguay;Abono Mensual;Bronce;2410;Nickelodeon;HD;Infantil;Si
Uruguay;Abono Mensual;Bronce;2416;Plim Plim;HD;Infantil;Si
Uruguay;Abono Mensual;Bronce;2418;El Reino Infantil;HD;Infantil;Si
Uruguay;Abono Mensual;Bronce;2420;Discovery Home & Health;HD;Variedades;Si
Uruguay;Abono Mensual;Bronce;2422;History Channel;HD;Variedades;Si
Uruguay;Abono Mensual;Bronce;2424;Discovery Channel;HD;Variedades;Si
Uruguay;Abono Mensual;Bronce;2426;Investigation Discovery (ID);HD;Variedades;No
Uruguay;Abono Mensual;Bronce;2428;National Geographic;HD;Variedades;Si
Uruguay;Abono Mensual;Bronce;2430;History 2;HD;Variedades;No
Uruguay;Abono Mensual;Bronce;2432;¡Hola! TV;HD;Variedades;Si
Uruguay;Abono Mensual;Bronce;2452;Star Channel;HD;Cine;Si
Uruguay;Abono Mensual;Bronce;2454;TNT Latin America;HD;Cine;Si
Uruguay;Abono Mensual;Bronce;2456;AXN;HD;Cine;Si
Uruguay;Abono Mensual;Bronce;2458;Universal TV;HD;Cine;Si
Uruguay;Abono Mensual;Bronce;2460;Space;HD;Cine;Si
Uruguay;Abono Mensual;Bronce;2462;Warner Channel;HD;Cine;Si
Uruguay;Abono Mensual;Bronce;2464;TNT Series;HD;Cine;No
Uruguay;Abono Mensual;Bronce;2466;Cinecanal;HD;Cine;Si
Uruguay;Abono Mensual;Bronce;2468;Cinemax;HD;Cine;Si
Uruguay;Abono Mensual;Bronce;2470;Studio Universal;HD;Cine;Si
Uruguay;Abono Mensual;Bronce;2472;Sony Movies;HD;Cine;No
Uruguay;Abono Mensual;Bronce;2474;Sony;HD;Cine;Si
Uruguay;Abono Mensual;Bronce;2476;Mórbido TV;HD;Cine;Si
Uruguay;Abono Mensual;Bronce;2478;Golden Plus;HD;Cine;No
Uruguay;Abono Mensual;Bronce;2530;Comedy Central;HD;Cine;No
Uruguay;Abono Mensual;Bronce;2532;FX;HD;Cine;Si
Uruguay;Abono Mensual;Bronce;2536;A&E;HD;Cine;Si
Uruguay;Abono Mensual;Bronce;2538;AMC;HD;Cine;No
Uruguay;Abono Mensual;Bronce;2544;DHE;HD;Cine;No
Uruguay;Abono Mensual;Bronce;2550;Atres Series;HD;Cine;No
Uruguay;Abono Mensual;Bronce;2552;USA Network;HD;Cine;No
Uruguay;Abono Mensual;Bronce;2590;El Gourmet;HD;Variedades;Si
Uruguay;Abono Mensual;Bronce;2592;Food Network;HD;Variedades;No
Uruguay;Abono Mensual;Bronce;2596;Lifetime;HD;Variedades;No
Uruguay;Abono Mensual;Bronce;2600;Animal Planet;HD;Variedades;Si
Uruguay;Abono Mensual;Bronce;2604;Discovery Travel & Living Channel (TLC);HD;Variedades;No
Uruguay;Abono Mensual;Bronce;2608;E! Entertainment;HD;Variedades;No
Uruguay;Abono Mensual;Bronce;2620;MTV;HD;Variedades;Si
Uruguay;Abono Mensual;Bronce;2702;Antena 3 Internacional;HD;Mundo;No
Uruguay;Abono Mensual;Bronce;2713;France 24 Español;HD;Mundo;Si
Uruguay;Abono Mensual;Bronce;2728;TV Perú;HD;Mundo;No
Uruguay;Abono Mensual;Bronce;2804;Escuela Plus;HD;Variedades;No
Uruguay;Abono Mensual;Lite;184;Clic Rural;SD;Variedades;Si
Uruguay;Abono Mensual;Lite;190;Canal 4;SD;Nacional;Si
Uruguay;Abono Mensual;Lite;191;Televisión Nacional;SD;Nacional;Si
Uruguay;Abono Mensual;Lite;192;Teledoce;SD;Nacional;Si
Uruguay;Abono Mensual;Lite;193;Saeta;SD;Nacional;Si
Uruguay;Abono Mensual;Lite;194;TV Ciudad HD;HD;Nacional;No
Uruguay;Abono Mensual;Lite;195;Campo Rural TV;HD;Nacional;No
Uruguay;Abono Mensual;Lite;196;UCL;SD;Nacional;No
Uruguay;Abono Mensual;Lite;199;KZO;SD;Variedades;Si
Uruguay;Abono Mensual;Lite;200;DNews;SD;Mundo;Si
Uruguay;Abono Mensual;Lite;202;Todo Noticias (TN);SD;Mundo;No
Uruguay;Abono Mensual;Lite;204;La Nación+;SD;Mundo;Si
Uruguay;Abono Mensual;Lite;206;Canal 26;SD;Mundo;No
Uruguay;Abono Mensual;Lite;208;Crónica TV;SD;Mundo;Si
Uruguay;Abono Mensual;Lite;210;Canal América;SD;Mundo;No
Uruguay;Abono Mensual;Lite;212;Canal 9;SD;Mundo;Si
Uruguay;Abono Mensual;Lite;214;Canal 5 Noticias;HD;Mundo;No
Uruguay;Abono Mensual;Lite;216;Argentina 12;SD;Mundo;Si
Uruguay;Abono Mensual;Lite;300;DSports Argentina;SD;Deportes;No
Uruguay;Abono Mensual;Lite;303;DSports Uruguay Mas;SD;Deportes;Si
Uruguay;Abono Mensual;Lite;304;DSports Uruguay Mas;HD;Deportes;No
Uruguay;Abono Mensual;Lite;310;DSports Uruguay;SD;Deportes;Si
Uruguay;Abono Mensual;Lite;312;DSports 2;SD;Deportes;Si
Uruguay;Abono Mensual;Lite;313;DSports+;SD;Deportes;No
Uruguay;Abono Mensual;Lite;320;TyC Sports;SD;Deportes;No
Uruguay;Abono Mensual;Lite;321;ESPN;SD;Deportes;Si
Uruguay;Abono Mensual;Lite;322;ESPN 2;SD;Deportes;Si
Uruguay;Abono Mensual;Lite;323;ESPN 3;SD;Deportes;No
Uruguay;Abono Mensual;Lite;325;ESPN 4;SD;Deportes;Si
Uruguay;Abono Mensual;Lite;326;ESPN 6;SD;Deportes;Si
Uruguay;Abono Mensual;Lite;327;ESPN 7;SD;Deportes;Si
Uruguay;Abono Mensual;Lite;340;The Golf Channel;SD;Deportes;No
Uruguay;Abono Mensual;Lite;400;Disney Junior;SD;Infantil;Si
Uruguay;Abono Mensual;Lite;402;Cartoon Network;SD;Infantil;Si
Uruguay;Abono Mensual;Lite;404;Discovery Kids;SD;Infantil;Si
Uruguay;Abono Mensual;Lite;406;Nick Jr.;SD;Infantil;No
Uruguay;Abono Mensual;Lite;408;Disney Channel;SD;Infantil;No
Uruguay;Abono Mensual;Lite;410;Nickelodeon;SD;Infantil;Si
Uruguay;Abono Mensual;Lite;412;BabyTV;HD;Infantil;No
Uruguay;Abono Mensual;Lite;414;Cartoonito;SD;Infantil;No
Uruguay;Abono Mensual;Lite;416;Plim Plim;SD;Infantil;No
Uruguay;Abono Mensual;Lite;418;El Reino Infantil;SD;Infantil;No
Uruguay;Abono Mensual;Lite;420;Discovery Home & Health;SD;Variedades;Si
Uruguay;Abono Mensual;Lite;422;History Channel;SD;Variedades;Si
Uruguay;Abono Mensual;Lite;424;Discovery Channel;SD;Variedades;Si
Uruguay;Abono Mensual;Lite;426;Investigation Discovery (ID);SD;Variedades;No
Uruguay;Abono Mensual;Lite;428;National Geographic;SD;Variedades;Si
Uruguay;Abono Mensual;Lite;430;History 2;SD;Variedades;No
Uruguay;Abono Mensual;Lite;432;¡Hola! TV;SD;Variedades;Si
Uruguay;Abono Mensual;Lite;450;OnDIRECTV;HD;Variedades;No
Uruguay;Abono Mensual;Lite;452;Star Channel;SD;Cine;Si
Uruguay;Abono Mensual;Lite;454;TNT Latin America;SD;Cine;Si
Uruguay;Abono Mensual;Lite;456;AXN;SD;Cine;Si
Uruguay;Abono Mensual;Lite;458;Universal TV;SD;Cine;Si
Uruguay;Abono Mensual;Lite;460;Space;SD;Cine;Si
Uruguay;Abono Mensual;Lite;462;Warner Channel;SD;Cine;Si
Uruguay;Abono Mensual;Lite;464;TNT Series;SD;Cine;No
Uruguay;Abono Mensual;Lite;466;Cinecanal;SD;Cine;Si
Uruguay;Abono Mensual;Lite;468;Cinemax;SD;Cine;Si
Uruguay;Abono Mensual;Lite;470;Studio Universal;SD;Cine;Si
Uruguay;Abono Mensual;Lite;472;Sony Movies;SD;Cine;No
Uruguay;Abono Mensual;Lite;474;Sony;SD;Cine;Si
Uruguay;Abono Mensual;Lite;476;Mórbido TV;SD;Cine;No
Uruguay;Abono Mensual;Lite;478;Golden Plus;SD;Cine;No
Uruguay;Abono Mensual;Lite;501;HBO;SD;Cine;No
Uruguay;Abono Mensual;Lite;504;TCM;SD;Cine;No
Uruguay;Abono Mensual;Lite;530;Comedy Central;SD;Cine;No
Uruguay;Abono Mensual;Lite;532;FX;SD;Cine;No
Uruguay;Abono Mensual;Lite;534;TLnovelas;SD;Cine;No
Uruguay;Abono Mensual;Lite;536;A&E;SD;Cine;No
Uruguay;Abono Mensual;Lite;538;AMC;SD;Cine;No
Uruguay;Abono Mensual;Lite;542;El Canal de las Estrellas;SD;Cine;No
Uruguay;Abono Mensual;Lite;544;DHE;SD;Cine;No
Uruguay;Abono Mensual;Lite;546;Golden Edge;SD;Cine;No
Uruguay;Abono Mensual;Lite;550;Atres Series;SD;Cine;No
Uruguay;Abono Mensual;Lite;552;USA Network;SD;Cine;No
Uruguay;Abono Mensual;Lite;558;De Película;SD;Cine;No
Uruguay;Abono Mensual;Lite;560;TNT Novelas;SD;Cine;No
Uruguay;Abono Mensual;Lite;568;Magazine;SD;Mundo;No
Uruguay;Abono Mensual;Lite;590;El Gourmet;SD;Variedades;No
Uruguay;Abono Mensual;Lite;592;Food Network;SD;Variedades;No
Uruguay;Abono Mensual;Lite;594;Home & Garden (HGTV);HD;Variedades;No
Uruguay;Abono Mensual;Lite;596;Lifetime;SD;Variedades;No
Uruguay;Abono Mensual;Lite;598;Más Chic;SD;Variedades;No
Uruguay;Abono Mensual;Lite;600;Animal Planet;SD;Variedades;No
Uruguay;Abono Mensual;Lite;602;Discovery Turbo;SD;Variedades;No
Uruguay;Abono Mensual;Lite;604;Discovery Travel & Living Channel (TLC);SD;Variedades;No
Uruguay;Abono Mensual;Lite;608;E! Entertainment;SD;Variedades;No
Uruguay;Abono Mensual;Lite;610;Discovery Theater HD;HD;Variedades;No
Uruguay;Abono Mensual;Lite;612;Discovery World;HD;Variedades;No
Uruguay;Abono Mensual;Lite;614;Adult Swim;SD;Variedades;No
Uruguay;Abono Mensual;Lite;620;MTV;SD;Variedades;No
Uruguay;Abono Mensual;Lite;622;Quiero Música en Mi Idioma (QMusic);SD;Variedades;No
Uruguay;Abono Mensual;Lite;626;Music Top;HD;Variedades;No
Uruguay;Abono Mensual;Lite;628;Tierra Mía;HD;Variedades;No
Uruguay;Abono Mensual;Lite;642;Canal Rural;SD;Mundo;No
Uruguay;Abono Mensual;Lite;644;Chacra TV;SD;Mundo;No
Uruguay;Abono Mensual;Lite;700;Telemundo Internacional;SD;Mundo;No
Uruguay;Abono Mensual;Lite;702;Antena 3 Internacional;SD;Mundo;No
Uruguay;Abono Mensual;Lite;704;Deutsche Welle (DW);SD;Mundo;No
Uruguay;Abono Mensual;Lite;706;CNN en Español;SD;Mundo;No
Uruguay;Abono Mensual;Lite;708;CNN International;SD;Mundo;No
Uruguay;Abono Mensual;Lite;712;RAI Internacional;SD;Mundo;No
Uruguay;Abono Mensual;Lite;713;France 24 Español;SD;Mundo;No
Uruguay;Abono Mensual;Lite;714;BBC World News;SD;Mundo;No
Uruguay;Abono Mensual;Lite;718;CNN Chile;SD;Mundo;No
Uruguay;Abono Mensual;Lite;720;24 Horas;SD;Mundo;No
Uruguay;Abono Mensual;Lite;722;Bloomberg Television;SD;Mundo;No
Uruguay;Abono Mensual;Lite;724;Caracol Internacional;SD;Mundo;No
Uruguay;Abono Mensual;Lite;726;TV Perú Noticias;HD;Mundo;No
Uruguay;Abono Mensual;Lite;728;TV Perú;SD;Mundo;No
Uruguay;Abono Mensual;Lite;730;Univisión;SD;Mundo;No
Uruguay;Abono Mensual;Lite;732;NTN 24;SD;Mundo;No
Uruguay;Abono Mensual;Lite;734;CGTN Español;SD;Mundo;No
Uruguay;Abono Mensual;Lite;736;Cable Noticias;SD;Mundo;No
Uruguay;Abono Mensual;Lite;740;El Tiempo TV;SD;Mundo;No
Uruguay;Abono Mensual;Lite;742;TV Chile;SD;Mundo;No
Uruguay;Abono Mensual;Lite;744;RTP Internacional;SD;Mundo;No
Uruguay;Abono Mensual;Lite;748;Telefe Internacional;SD;Mundo;No
Uruguay;Abono Mensual;Lite;754;Ve Plus;HD;Variedades;No
Uruguay;Abono Mensual;Lite;780;EWTN;SD;Religioso;No
Uruguay;Abono Mensual;Lite;782;Enlace;SD;Religioso;No
Uruguay;Abono Mensual;Lite;784;Canal Luz;SD;Religioso;No
Uruguay;Abono Mensual;Lite;786;DayStar;SD;Religioso;No
Uruguay;Abono Mensual;Lite;788;Orbe 21;SD;Religioso;No
Uruguay;Abono Mensual;Lite;805;PX Sports;HD;Deportes;No
Uruguay;Abono Mensual;Lite;904;Unión Radio Noticias;Radio;Radio;No
Uruguay;Abono Mensual;Lite;906;Radio Caracol;Radio;Radio;No
Uruguay;Abono Mensual;Lite;1206;Todo Noticias (TN);HD;Mundo;No
Uruguay;Abono Mensual;Lite;1325;ESPN Mas;HD;Deportes;No
Uruguay;Abono Mensual;Lite;2184;Clic Rural;HD;Variedades;Si
Uruguay;Abono Mensual;Lite;2190;Monte Carlo TV;HD;Nacional;No
Uruguay;Abono Mensual;Lite;2192;Teledoce;HD;Nacional;No
Uruguay;Abono Mensual;Lite;2193;Saeta;HD;Nacional;No
Uruguay;Abono Mensual;Lite;2199;KZO;HD;Variedades;Si
Uruguay;Abono Mensual;Lite;2200;DNews;HD;Mundo;No
Uruguay;Abono Mensual;Lite;2202;La Nación+;HD;Mundo;No
Uruguay;Abono Mensual;Lite;2206;Canal 26;HD;Mundo;No
Uruguay;Abono Mensual;Lite;2210;Canal América;HD;Mundo;No
Uruguay;Abono Mensual;Lite;2212;Canal 9;HD;Mundo;No
Uruguay;Abono Mensual;Lite;2216;Argentina 12;HD;Mundo;No
Uruguay;Abono Mensual;Lite;2300;DSports Argentina;HD;Deportes;No
Uruguay;Abono Mensual;Lite;2310;DSports Uruguay;HD;Deportes;No
Uruguay;Abono Mensual;Lite;2312;DSports 2;HD;Deportes;No
Uruguay;Abono Mensual;Lite;2313;DSports+;HD;Deportes;No
Uruguay;Abono Mensual;Lite;2320;TyC Sports;HD;Deportes;No
Uruguay;Abono Mensual;Lite;2321;ESPN;HD;Deportes;No
Uruguay;Abono Mensual;Lite;2322;ESPN 2;HD;Deportes;No
Uruguay;Abono Mensual;Lite;2323;ESPN 3;HD;Deportes;No
Uruguay;Abono Mensual;Lite;2325;ESPN 4;HD;Deportes;No
Uruguay;Abono Mensual;Lite;2326;Fox Sports 3;HD;Deportes;No
Uruguay;Abono Mensual;Lite;2327;Fox Sports 2;HD;Deportes;No
Uruguay;Abono Mensual;Lite;2340;The Golf Channel;HD;Deportes;No
Uruguay;Abono Mensual;Lite;2400;Disney Junior;HD;Infantil;No
Uruguay;Abono Mensual;Lite;2402;Cartoon Network;HD;Infantil;No
Uruguay;Abono Mensual;Lite;2404;Discovery Kids;HD;Infantil;No
Uruguay;Abono Mensual;Lite;2406;Nick Jr.;HD;Infantil;No
Uruguay;Abono Mensual;Lite;2408;Disney Channel;HD;Infantil;No
Uruguay;Abono Mensual;Lite;2410;Nickelodeon;HD;Infantil;No
Uruguay;Abono Mensual;Lite;2416;Plim Plim;HD;Infantil;No
Uruguay;Abono Mensual;Lite;2418;El Reino Infantil;HD;Infantil;No
Uruguay;Abono Mensual;Lite;2420;Discovery Home & Health;HD;Variedades;No
Uruguay;Abono Mensual;Lite;2422;History Channel;HD;Variedades;No
Uruguay;Abono Mensual;Lite;2424;Discovery Channel;HD;Variedades;No
Uruguay;Abono Mensual;Lite;2426;Investigation Discovery (ID);HD;Variedades;No
Uruguay;Abono Mensual;Lite;2428;National Geographic;HD;Variedades;No
Uruguay;Abono Mensual;Lite;2430;History 2;HD;Variedades;No
Uruguay;Abono Mensual;Lite;2432;¡Hola! TV;HD;Variedades;No
Uruguay;Abono Mensual;Lite;2452;Star Channel;HD;Cine;No
Uruguay;Abono Mensual;Lite;2454;TNT Latin America;HD;Cine;No
Uruguay;Abono Mensual;Lite;2456;AXN;HD;Cine;No
Uruguay;Abono Mensual;Lite;2458;Universal TV;HD;Cine;No
Uruguay;Abono Mensual;Lite;2460;Space;HD;Cine;No
Uruguay;Abono Mensual;Lite;2462;Warner Channel;HD;Cine;No
Uruguay;Abono Mensual;Lite;2464;TNT Series;HD;Cine;No
Uruguay;Abono Mensual;Lite;2466;Cinecanal;HD;Cine;No
Uruguay;Abono Mensual;Lite;2468;Cinemax;HD;Cine;No
Uruguay;Abono Mensual;Lite;2470;Studio Universal;HD;Cine;No
Uruguay;Abono Mensual;Lite;2472;Sony Movies;HD;Cine;No
Uruguay;Abono Mensual;Lite;2474;Sony;HD;Cine;No
Uruguay;Abono Mensual;Lite;2476;Mórbido TV;HD;Cine;No
Uruguay;Abono Mensual;Lite;2478;Golden Plus;HD;Cine;No
Uruguay;Abono Mensual;Lite;2530;Comedy Central;HD;Cine;No
Uruguay;Abono Mensual;Lite;2532;FX;HD;Cine;No
Uruguay;Abono Mensual;Lite;2536;A&E;HD;Cine;No
Uruguay;Abono Mensual;Lite;2538;AMC;HD;Cine;No
Uruguay;Abono Mensual;Lite;2544;DHE;HD;Cine;No
Uruguay;Abono Mensual;Lite;2550;Atres Series;HD;Cine;No
Uruguay;Abono Mensual;Lite;2552;USA Network;HD;Cine;No
Uruguay;Abono Mensual;Lite;2590;El Gourmet;HD;Variedades;No
Uruguay;Abono Mensual;Lite;2592;Food Network;HD;Variedades;No
Uruguay;Abono Mensual;Lite;2596;Lifetime;HD;Variedades;No
Uruguay;Abono Mensual;Lite;2600;Animal Planet;HD;Variedades;No
Uruguay;Abono Mensual;Lite;2604;Discovery Travel & Living Channel (TLC);HD;Variedades;No
Uruguay;Abono Mensual;Lite;2608;E! Entertainment;HD;Variedades;No
Uruguay;Abono Mensual;Lite;2620;MTV;HD;Variedades;No
Uruguay;Abono Mensual;Lite;2702;Antena 3 Internacional;HD;Mundo;No
Uruguay;Abono Mensual;Lite;2713;France 24 Español;HD;Mundo;No
Uruguay;Abono Mensual;Lite;2728;TV Perú;HD;Mundo;No
Uruguay;Abono Mensual;Lite;2804;Escuela Plus;HD;Variedades;No
Uruguay;Prepago;Bronce Pre;184;Clic Rural;SD;Variedades;No
Uruguay;Prepago;Bronce Pre;190;Canal 4;SD;Nacional;Si
Uruguay;Prepago;Bronce Pre;191;Televisión Nacional;SD;Nacional;Si
Uruguay;Prepago;Bronce Pre;192;Teledoce;SD;Nacional;Si
Uruguay;Prepago;Bronce Pre;193;Saeta;SD;Nacional;Si
Uruguay;Prepago;Bronce Pre;194;TV Ciudad HD;HD;Nacional;No
Uruguay;Prepago;Bronce Pre;195;Campo Rural TV;HD;Nacional;No
Uruguay;Prepago;Bronce Pre;196;UCL;SD;Nacional;Si
Uruguay;Prepago;Bronce Pre;199;KZO;SD;Variedades;Si
Uruguay;Prepago;Bronce Pre;200;DNews;SD;Mundo;Si
Uruguay;Prepago;Bronce Pre;202;Todo Noticias (TN);SD;Mundo;Si
Uruguay;Prepago;Bronce Pre;204;La Nación+;SD;Mundo;Si
Uruguay;Prepago;Bronce Pre;206;Canal 26;SD;Mundo;No
Uruguay;Prepago;Bronce Pre;208;Crónica TV;SD;Mundo;Si
Uruguay;Prepago;Bronce Pre;210;Canal América;SD;Mundo;Si
Uruguay;Prepago;Bronce Pre;212;Canal 9;SD;Mundo;Si
Uruguay;Prepago;Bronce Pre;214;Canal 5 Noticias;HD;Mundo;No
Uruguay;Prepago;Bronce Pre;216;Argentina 12;SD;Mundo;Si
Uruguay;Prepago;Bronce Pre;300;DSports Argentina;SD;Deportes;Si
Uruguay;Prepago;Bronce Pre;303;DSports Uruguay Mas;SD;Deportes;Si
Uruguay;Prepago;Bronce Pre;304;DSports Uruguay Mas;HD;Deportes;No
Uruguay;Prepago;Bronce Pre;310;DSports Uruguay;SD;Deportes;Si
Uruguay;Prepago;Bronce Pre;312;DSports 2;SD;Deportes;Si
Uruguay;Prepago;Bronce Pre;313;DSports+;SD;Deportes;Si
Uruguay;Prepago;Bronce Pre;320;TyC Sports;SD;Deportes;No
Uruguay;Prepago;Bronce Pre;321;ESPN;SD;Deportes;Si
Uruguay;Prepago;Bronce Pre;322;ESPN 2;SD;Deportes;Si
Uruguay;Prepago;Bronce Pre;323;ESPN 3;SD;Deportes;Si
Uruguay;Prepago;Bronce Pre;325;ESPN 4;SD;Deportes;Si
Uruguay;Prepago;Bronce Pre;326;ESPN 6;SD;Deportes;No
Uruguay;Prepago;Bronce Pre;327;ESPN 7;SD;Deportes;No
Uruguay;Prepago;Bronce Pre;340;The Golf Channel;SD;Deportes;No
Uruguay;Prepago;Bronce Pre;400;Disney Junior;SD;Infantil;Si
Uruguay;Prepago;Bronce Pre;402;Cartoon Network;SD;Infantil;Si
Uruguay;Prepago;Bronce Pre;404;Discovery Kids;SD;Infantil;Si
Uruguay;Prepago;Bronce Pre;406;Nick Jr.;SD;Infantil;Si
Uruguay;Prepago;Bronce Pre;408;Disney Channel;SD;Infantil;Si
Uruguay;Prepago;Bronce Pre;410;Nickelodeon;SD;Infantil;Si
Uruguay;Prepago;Bronce Pre;412;BabyTV;HD;Infantil;No
Uruguay;Prepago;Bronce Pre;414;Cartoonito;SD;Infantil;No
Uruguay;Prepago;Bronce Pre;416;Plim Plim;SD;Infantil;No
Uruguay;Prepago;Bronce Pre;418;El Reino Infantil;SD;Infantil;No
Uruguay;Prepago;Bronce Pre;420;Discovery Home & Health;SD;Variedades;Si
Uruguay;Prepago;Bronce Pre;422;History Channel;SD;Variedades;Si
Uruguay;Prepago;Bronce Pre;424;Discovery Channel;SD;Variedades;Si
Uruguay;Prepago;Bronce Pre;426;Investigation Discovery (ID);SD;Variedades;No
Uruguay;Prepago;Bronce Pre;428;National Geographic;SD;Variedades;Si
Uruguay;Prepago;Bronce Pre;430;History 2;SD;Variedades;No
Uruguay;Prepago;Bronce Pre;432;¡Hola! TV;SD;Variedades;Si
Uruguay;Prepago;Bronce Pre;450;OnDIRECTV;HD;Variedades;No
Uruguay;Prepago;Bronce Pre;452;Star Channel;SD;Cine;Si
Uruguay;Prepago;Bronce Pre;454;TNT Latin America;SD;Cine;Si
Uruguay;Prepago;Bronce Pre;456;AXN;SD;Cine;Si
Uruguay;Prepago;Bronce Pre;458;Universal TV;SD;Cine;Si
Uruguay;Prepago;Bronce Pre;460;Space;SD;Cine;Si
Uruguay;Prepago;Bronce Pre;462;Warner Channel;SD;Cine;Si
Uruguay;Prepago;Bronce Pre;464;TNT Series;SD;Cine;No
Uruguay;Prepago;Bronce Pre;466;Cinecanal;SD;Cine;Si
Uruguay;Prepago;Bronce Pre;468;Cinemax;SD;Cine;Si
Uruguay;Prepago;Bronce Pre;470;Studio Universal;SD;Cine;Si
Uruguay;Prepago;Bronce Pre;472;Sony Movies;SD;Cine;No
Uruguay;Prepago;Bronce Pre;474;Sony;SD;Cine;Si
Uruguay;Prepago;Bronce Pre;476;Mórbido TV;SD;Cine;No
Uruguay;Prepago;Bronce Pre;478;Golden Plus;SD;Cine;No
Uruguay;Prepago;Bronce Pre;501;HBO;SD;Cine;No
Uruguay;Prepago;Bronce Pre;504;TCM;SD;Cine;Si
Uruguay;Prepago;Bronce Pre;530;Comedy Central;SD;Cine;No
Uruguay;Prepago;Bronce Pre;532;FX;SD;Cine;Si
Uruguay;Prepago;Bronce Pre;534;TLnovelas;SD;Cine;Si
Uruguay;Prepago;Bronce Pre;536;A&E;SD;Cine;Si
Uruguay;Prepago;Bronce Pre;538;AMC;SD;Cine;No
Uruguay;Prepago;Bronce Pre;542;El Canal de las Estrellas;SD;Cine;Si
Uruguay;Prepago;Bronce Pre;544;DHE;SD;Cine;No
Uruguay;Prepago;Bronce Pre;546;Golden Edge;SD;Cine;No
Uruguay;Prepago;Bronce Pre;550;Atres Series;SD;Cine;No
Uruguay;Prepago;Bronce Pre;552;USA Network;SD;Cine;No
Uruguay;Prepago;Bronce Pre;558;De Película;SD;Cine;No
Uruguay;Prepago;Bronce Pre;560;TNT Novelas;SD;Cine;No
Uruguay;Prepago;Bronce Pre;568;Magazine;SD;Mundo;Si
Uruguay;Prepago;Bronce Pre;590;El Gourmet;SD;Variedades;Si
Uruguay;Prepago;Bronce Pre;592;Food Network;SD;Variedades;No
Uruguay;Prepago;Bronce Pre;594;Home & Garden (HGTV);HD;Variedades;No
Uruguay;Prepago;Bronce Pre;596;Lifetime;SD;Variedades;No
Uruguay;Prepago;Bronce Pre;598;Más Chic;SD;Variedades;No
Uruguay;Prepago;Bronce Pre;600;Animal Planet;SD;Variedades;Si
Uruguay;Prepago;Bronce Pre;602;Discovery Turbo;SD;Variedades;No
Uruguay;Prepago;Bronce Pre;604;Discovery Travel & Living Channel (TLC);SD;Variedades;No
Uruguay;Prepago;Bronce Pre;608;E! Entertainment;SD;Variedades;Si
Uruguay;Prepago;Bronce Pre;610;Discovery Theater HD;HD;Variedades;No
Uruguay;Prepago;Bronce Pre;612;Discovery World;HD;Variedades;No
Uruguay;Prepago;Bronce Pre;614;Adult Swim;SD;Variedades;No
Uruguay;Prepago;Bronce Pre;620;MTV;SD;Variedades;Si
Uruguay;Prepago;Bronce Pre;622;Quiero Música en Mi Idioma (QMusic);SD;Variedades;Si
Uruguay;Prepago;Bronce Pre;626;Music Top;HD;Variedades;No
Uruguay;Prepago;Bronce Pre;628;Tierra Mía;HD;Variedades;No
Uruguay;Prepago;Bronce Pre;642;Canal Rural;SD;Mundo;No
Uruguay;Prepago;Bronce Pre;644;Chacra TV;SD;Mundo;No
Uruguay;Prepago;Bronce Pre;700;Telemundo Internacional;SD;Mundo;Si
Uruguay;Prepago;Bronce Pre;702;Antena 3 Internacional;SD;Mundo;No
Uruguay;Prepago;Bronce Pre;704;Deutsche Welle (DW);SD;Mundo;No
Uruguay;Prepago;Bronce Pre;706;CNN en Español;SD;Mundo;Si
Uruguay;Prepago;Bronce Pre;708;CNN International;SD;Mundo;No
Uruguay;Prepago;Bronce Pre;712;RAI Internacional;SD;Mundo;No
Uruguay;Prepago;Bronce Pre;713;France 24 Español;SD;Mundo;No
Uruguay;Prepago;Bronce Pre;714;BBC World News;SD;Mundo;No
Uruguay;Prepago;Bronce Pre;718;CNN Chile;SD;Mundo;No
Uruguay;Prepago;Bronce Pre;720;24 Horas;SD;Mundo;No
Uruguay;Prepago;Bronce Pre;722;Bloomberg Television;SD;Mundo;No
Uruguay;Prepago;Bronce Pre;724;Caracol Internacional;SD;Mundo;No
Uruguay;Prepago;Bronce Pre;726;TV Perú Noticias;HD;Mundo;No
Uruguay;Prepago;Bronce Pre;728;TV Perú;SD;Mundo;Si
Uruguay;Prepago;Bronce Pre;730;Univisión;SD;Mundo;No
Uruguay;Prepago;Bronce Pre;732;NTN 24;SD;Mundo;No
Uruguay;Prepago;Bronce Pre;734;CGTN Español;SD;Mundo;Si
Uruguay;Prepago;Bronce Pre;736;Cable Noticias;SD;Mundo;No
Uruguay;Prepago;Bronce Pre;740;El Tiempo TV;SD;Mundo;No
Uruguay;Prepago;Bronce Pre;742;TV Chile;SD;Mundo;No
Uruguay;Prepago;Bronce Pre;744;RTP Internacional;SD;Mundo;No
Uruguay;Prepago;Bronce Pre;748;Telefe Internacional;SD;Mundo;Si
Uruguay;Prepago;Bronce Pre;754;Ve Plus;HD;Variedades;No
Uruguay;Prepago;Bronce Pre;780;EWTN;SD;Religioso;Si
Uruguay;Prepago;Bronce Pre;782;Enlace;SD;Religioso;Si
Uruguay;Prepago;Bronce Pre;784;Canal Luz;SD;Religioso;Si
Uruguay;Prepago;Bronce Pre;786;DayStar;SD;Religioso;Si
Uruguay;Prepago;Bronce Pre;788;Orbe 21;SD;Religioso;No
Uruguay;Prepago;Bronce Pre;805;PX Sports;HD;Deportes;No
Uruguay;Prepago;Bronce Pre;904;Unión Radio Noticias;Radio;Radio;Si
Uruguay;Prepago;Bronce Pre;906;Radio Caracol;Radio;Radio;Si
Uruguay;Prepago;Bronce Pre;1206;Todo Noticias (TN);HD;Mundo;No
Uruguay;Prepago;Bronce Pre;1325;ESPN Mas;HD;Deportes;No
Uruguay;Prepago;Bronce Pre;2184;Clic Rural;HD;Variedades;No
Uruguay;Prepago;Bronce Pre;2190;Monte Carlo TV;HD;Nacional;Si
Uruguay;Prepago;Bronce Pre;2192;Teledoce;HD;Nacional;Si
Uruguay;Prepago;Bronce Pre;2193;Saeta;HD;Nacional;Si
Uruguay;Prepago;Bronce Pre;2199;KZO;HD;Variedades;Si
Uruguay;Prepago;Bronce Pre;2200;DNews;HD;Mundo;Si
Uruguay;Prepago;Bronce Pre;2202;La Nación+;HD;Mundo;Si
Uruguay;Prepago;Bronce Pre;2206;Canal 26;HD;Mundo;No
Uruguay;Prepago;Bronce Pre;2210;Canal América;HD;Mundo;No
Uruguay;Prepago;Bronce Pre;2212;Canal 9;HD;Mundo;Si
Uruguay;Prepago;Bronce Pre;2216;Argentina 12;HD;Mundo;No
Uruguay;Prepago;Bronce Pre;2300;DSports Argentina;HD;Deportes;Si
Uruguay;Prepago;Bronce Pre;2310;DSports Uruguay;HD;Deportes;Si
Uruguay;Prepago;Bronce Pre;2312;DSports 2;HD;Deportes;Si
Uruguay;Prepago;Bronce Pre;2313;DSports+;HD;Deportes;Si
Uruguay;Prepago;Bronce Pre;2320;TyC Sports;HD;Deportes;No
Uruguay;Prepago;Bronce Pre;2321;ESPN;HD;Deportes;Si
Uruguay;Prepago;Bronce Pre;2322;ESPN 2;HD;Deportes;Si
Uruguay;Prepago;Bronce Pre;2323;ESPN 3;HD;Deportes;Si
Uruguay;Prepago;Bronce Pre;2325;ESPN 4;HD;Deportes;No
Uruguay;Prepago;Bronce Pre;2326;Fox Sports 3;HD;Deportes;No
Uruguay;Prepago;Bronce Pre;2327;Fox Sports 2;HD;Deportes;No
Uruguay;Prepago;Bronce Pre;2340;The Golf Channel;HD;Deportes;No
Uruguay;Prepago;Bronce Pre;2400;Disney Junior;HD;Infantil;Si
Uruguay;Prepago;Bronce Pre;2402;Cartoon Network;HD;Infantil;Si
Uruguay;Prepago;Bronce Pre;2404;Discovery Kids;HD;Infantil;Si
Uruguay;Prepago;Bronce Pre;2406;Nick Jr.;HD;Infantil;No
Uruguay;Prepago;Bronce Pre;2408;Disney Channel;HD;Infantil;Si
Uruguay;Prepago;Bronce Pre;2410;Nickelodeon;HD;Infantil;Si
Uruguay;Prepago;Bronce Pre;2416;Plim Plim;HD;Infantil;No
Uruguay;Prepago;Bronce Pre;2418;El Reino Infantil;HD;Infantil;No
Uruguay;Prepago;Bronce Pre;2420;Discovery Home & Health;HD;Variedades;Si
Uruguay;Prepago;Bronce Pre;2422;History Channel;HD;Variedades;Si
Uruguay;Prepago;Bronce Pre;2424;Discovery Channel;HD;Variedades;Si
Uruguay;Prepago;Bronce Pre;2426;Investigation Discovery (ID);HD;Variedades;No
Uruguay;Prepago;Bronce Pre;2428;National Geographic;HD;Variedades;Si
Uruguay;Prepago;Bronce Pre;2430;History 2;HD;Variedades;No
Uruguay;Prepago;Bronce Pre;2432;¡Hola! TV;HD;Variedades;Si
Uruguay;Prepago;Bronce Pre;2452;Star Channel;HD;Cine;Si
Uruguay;Prepago;Bronce Pre;2454;TNT Latin America;HD;Cine;Si
Uruguay;Prepago;Bronce Pre;2456;AXN;HD;Cine;Si
Uruguay;Prepago;Bronce Pre;2458;Universal TV;HD;Cine;Si
Uruguay;Prepago;Bronce Pre;2460;Space;HD;Cine;Si
Uruguay;Prepago;Bronce Pre;2462;Warner Channel;HD;Cine;Si
Uruguay;Prepago;Bronce Pre;2464;TNT Series;HD;Cine;No
Uruguay;Prepago;Bronce Pre;2466;Cinecanal;HD;Cine;Si
Uruguay;Prepago;Bronce Pre;2468;Cinemax;HD;Cine;Si
Uruguay;Prepago;Bronce Pre;2470;Studio Universal;HD;Cine;Si
Uruguay;Prepago;Bronce Pre;2472;Sony Movies;HD;Cine;No
Uruguay;Prepago;Bronce Pre;2474;Sony;HD;Cine;Si
Uruguay;Prepago;Bronce Pre;2476;Mórbido TV;HD;Cine;No
Uruguay;Prepago;Bronce Pre;2478;Golden Plus;HD;Cine;No
Uruguay;Prepago;Bronce Pre;2530;Comedy Central;HD;Cine;No
Uruguay;Prepago;Bronce Pre;2532;FX;HD;Cine;Si
Uruguay;Prepago;Bronce Pre;2536;A&E;HD;Cine;Si
Uruguay;Prepago;Bronce Pre;2538;AMC;HD;Cine;No
Uruguay;Prepago;Bronce Pre;2544;DHE;HD;Cine;No
Uruguay;Prepago;Bronce Pre;2550;Atres Series;HD;Cine;No
Uruguay;Prepago;Bronce Pre;2552;USA Network;HD;Cine;No
Uruguay;Prepago;Bronce Pre;2590;El Gourmet;HD;Variedades;Si
Uruguay;Prepago;Bronce Pre;2592;Food Network;HD;Variedades;No
Uruguay;Prepago;Bronce Pre;2596;Lifetime;HD;Variedades;No
Uruguay;Prepago;Bronce Pre;2600;Animal Planet;HD;Variedades;Si
Uruguay;Prepago;Bronce Pre;2604;Discovery Travel & Living Channel (TLC);HD;Variedades;No
Uruguay;Prepago;Bronce Pre;2608;E! Entertainment;HD;Variedades;No
Uruguay;Prepago;Bronce Pre;2620;MTV;HD;Variedades;Si
Uruguay;Prepago;Bronce Pre;2702;Antena 3 Internacional;HD;Mundo;No
Uruguay;Prepago;Bronce Pre;2713;France 24 Español;HD;Mundo;No
Uruguay;Prepago;Bronce Pre;2728;TV Perú;HD;Mundo;No
Uruguay;Prepago;Bronce Pre;2804;Escuela Plus;HD;Variedades;Si
Uruguay;Prepago;Bronce HD Pre;184;Clic Rural;SD;Variedades;No
Uruguay;Prepago;Bronce HD Pre;190;Canal 4;SD;Nacional;Si
Uruguay;Prepago;Bronce HD Pre;191;Televisión Nacional;SD;Nacional;Si
Uruguay;Prepago;Bronce HD Pre;192;Teledoce;SD;Nacional;Si
Uruguay;Prepago;Bronce HD Pre;193;Saeta;SD;Nacional;Si
Uruguay;Prepago;Bronce HD Pre;194;TV Ciudad HD;HD;Nacional;Si
Uruguay;Prepago;Bronce HD Pre;195;Campo Rural TV;HD;Nacional;Si
Uruguay;Prepago;Bronce HD Pre;196;UCL;SD;Nacional;Si
Uruguay;Prepago;Bronce HD Pre;199;KZO;SD;Variedades;Si
Uruguay;Prepago;Bronce HD Pre;200;DNews;SD;Mundo;Si
Uruguay;Prepago;Bronce HD Pre;202;Todo Noticias (TN);SD;Mundo;Si
Uruguay;Prepago;Bronce HD Pre;204;La Nación+;SD;Mundo;Si
Uruguay;Prepago;Bronce HD Pre;206;Canal 26;SD;Mundo;No
Uruguay;Prepago;Bronce HD Pre;208;Crónica TV;SD;Mundo;Si
Uruguay;Prepago;Bronce HD Pre;210;Canal América;SD;Mundo;Si
Uruguay;Prepago;Bronce HD Pre;212;Canal 9;SD;Mundo;Si
Uruguay;Prepago;Bronce HD Pre;214;Canal 5 Noticias;HD;Mundo;No
Uruguay;Prepago;Bronce HD Pre;216;Argentina 12;SD;Mundo;Si
Uruguay;Prepago;Bronce HD Pre;300;DSports Argentina;SD;Deportes;Si
Uruguay;Prepago;Bronce HD Pre;303;DSports Uruguay Mas;SD;Deportes;Si
Uruguay;Prepago;Bronce HD Pre;304;DSports Uruguay Mas;HD;Deportes;No
Uruguay;Prepago;Bronce HD Pre;310;DSports Uruguay;SD;Deportes;Si
Uruguay;Prepago;Bronce HD Pre;312;DSports 2;SD;Deportes;Si
Uruguay;Prepago;Bronce HD Pre;313;DSports+;SD;Deportes;Si
Uruguay;Prepago;Bronce HD Pre;320;TyC Sports;SD;Deportes;No
Uruguay;Prepago;Bronce HD Pre;321;ESPN;SD;Deportes;Si
Uruguay;Prepago;Bronce HD Pre;322;ESPN 2;SD;Deportes;Si
Uruguay;Prepago;Bronce HD Pre;323;ESPN 3;SD;Deportes;Si
Uruguay;Prepago;Bronce HD Pre;325;ESPN 4;SD;Deportes;Si
Uruguay;Prepago;Bronce HD Pre;326;ESPN 6;SD;Deportes;No
Uruguay;Prepago;Bronce HD Pre;327;ESPN 7;SD;Deportes;No
Uruguay;Prepago;Bronce HD Pre;340;The Golf Channel;SD;Deportes;No
Uruguay;Prepago;Bronce HD Pre;400;Disney Junior;SD;Infantil;Si
Uruguay;Prepago;Bronce HD Pre;402;Cartoon Network;SD;Infantil;Si
Uruguay;Prepago;Bronce HD Pre;404;Discovery Kids;SD;Infantil;Si
Uruguay;Prepago;Bronce HD Pre;406;Nick Jr.;SD;Infantil;Si
Uruguay;Prepago;Bronce HD Pre;408;Disney Channel;SD;Infantil;Si
Uruguay;Prepago;Bronce HD Pre;410;Nickelodeon;SD;Infantil;Si
Uruguay;Prepago;Bronce HD Pre;412;BabyTV;HD;Infantil;No
Uruguay;Prepago;Bronce HD Pre;414;Cartoonito;SD;Infantil;No
Uruguay;Prepago;Bronce HD Pre;416;Plim Plim;SD;Infantil;Si
Uruguay;Prepago;Bronce HD Pre;418;El Reino Infantil;SD;Infantil;Si
Uruguay;Prepago;Bronce HD Pre;420;Discovery Home & Health;SD;Variedades;Si
Uruguay;Prepago;Bronce HD Pre;422;History Channel;SD;Variedades;Si
Uruguay;Prepago;Bronce HD Pre;424;Discovery Channel;SD;Variedades;Si
Uruguay;Prepago;Bronce HD Pre;426;Investigation Discovery (ID);SD;Variedades;No
Uruguay;Prepago;Bronce HD Pre;428;National Geographic;SD;Variedades;Si
Uruguay;Prepago;Bronce HD Pre;430;History 2;SD;Variedades;No
Uruguay;Prepago;Bronce HD Pre;432;¡Hola! TV;SD;Variedades;Si
Uruguay;Prepago;Bronce HD Pre;450;OnDIRECTV;HD;Variedades;Si
Uruguay;Prepago;Bronce HD Pre;452;Star Channel;SD;Cine;Si
Uruguay;Prepago;Bronce HD Pre;454;TNT Latin America;SD;Cine;Si
Uruguay;Prepago;Bronce HD Pre;456;AXN;SD;Cine;Si
Uruguay;Prepago;Bronce HD Pre;458;Universal TV;SD;Cine;Si
Uruguay;Prepago;Bronce HD Pre;460;Space;SD;Cine;Si
Uruguay;Prepago;Bronce HD Pre;462;Warner Channel;SD;Cine;Si
Uruguay;Prepago;Bronce HD Pre;464;TNT Series;SD;Cine;No
Uruguay;Prepago;Bronce HD Pre;466;Cinecanal;SD;Cine;Si
Uruguay;Prepago;Bronce HD Pre;468;Cinemax;SD;Cine;Si
Uruguay;Prepago;Bronce HD Pre;470;Studio Universal;SD;Cine;Si
Uruguay;Prepago;Bronce HD Pre;472;Sony Movies;SD;Cine;No
Uruguay;Prepago;Bronce HD Pre;474;Sony;SD;Cine;Si
Uruguay;Prepago;Bronce HD Pre;476;Mórbido TV;SD;Cine;Si
Uruguay;Prepago;Bronce HD Pre;478;Golden Plus;SD;Cine;No
Uruguay;Prepago;Bronce HD Pre;501;HBO;SD;Cine;No
Uruguay;Prepago;Bronce HD Pre;504;TCM;SD;Cine;Si
Uruguay;Prepago;Bronce HD Pre;530;Comedy Central;SD;Cine;No
Uruguay;Prepago;Bronce HD Pre;532;FX;SD;Cine;Si
Uruguay;Prepago;Bronce HD Pre;534;TLnovelas;SD;Cine;Si
Uruguay;Prepago;Bronce HD Pre;536;A&E;SD;Cine;Si
Uruguay;Prepago;Bronce HD Pre;538;AMC;SD;Cine;No
Uruguay;Prepago;Bronce HD Pre;542;El Canal de las Estrellas;SD;Cine;Si
Uruguay;Prepago;Bronce HD Pre;544;DHE;SD;Cine;No
Uruguay;Prepago;Bronce HD Pre;546;Golden Edge;SD;Cine;No
Uruguay;Prepago;Bronce HD Pre;550;Atres Series;SD;Cine;No
Uruguay;Prepago;Bronce HD Pre;552;USA Network;SD;Cine;No
Uruguay;Prepago;Bronce HD Pre;558;De Película;SD;Cine;No
Uruguay;Prepago;Bronce HD Pre;560;TNT Novelas;SD;Cine;No
Uruguay;Prepago;Bronce HD Pre;568;Magazine;SD;Mundo;Si
Uruguay;Prepago;Bronce HD Pre;590;El Gourmet;SD;Variedades;Si
Uruguay;Prepago;Bronce HD Pre;592;Food Network;SD;Variedades;No
Uruguay;Prepago;Bronce HD Pre;594;Home & Garden (HGTV);HD;Variedades;No
Uruguay;Prepago;Bronce HD Pre;596;Lifetime;SD;Variedades;No
Uruguay;Prepago;Bronce HD Pre;598;Más Chic;SD;Variedades;No
Uruguay;Prepago;Bronce HD Pre;600;Animal Planet;SD;Variedades;Si
Uruguay;Prepago;Bronce HD Pre;602;Discovery Turbo;SD;Variedades;No
Uruguay;Prepago;Bronce HD Pre;604;Discovery Travel & Living Channel (TLC);SD;Variedades;No
Uruguay;Prepago;Bronce HD Pre;608;E! Entertainment;SD;Variedades;Si
Uruguay;Prepago;Bronce HD Pre;610;Discovery Theater HD;HD;Variedades;No
Uruguay;Prepago;Bronce HD Pre;612;Discovery World;HD;Variedades;No
Uruguay;Prepago;Bronce HD Pre;614;Adult Swim;SD;Variedades;No
Uruguay;Prepago;Bronce HD Pre;620;MTV;SD;Variedades;Si
Uruguay;Prepago;Bronce HD Pre;622;Quiero Música en Mi Idioma (QMusic);SD;Variedades;Si
Uruguay;Prepago;Bronce HD Pre;626;Music Top;HD;Variedades;Si
Uruguay;Prepago;Bronce HD Pre;628;Tierra Mía;HD;Variedades;Si
Uruguay;Prepago;Bronce HD Pre;642;Canal Rural;SD;Mundo;No
Uruguay;Prepago;Bronce HD Pre;644;Chacra TV;SD;Mundo;No
Uruguay;Prepago;Bronce HD Pre;700;Telemundo Internacional;SD;Mundo;Si
Uruguay;Prepago;Bronce HD Pre;702;Antena 3 Internacional;SD;Mundo;No
Uruguay;Prepago;Bronce HD Pre;704;Deutsche Welle (DW);SD;Mundo;No
Uruguay;Prepago;Bronce HD Pre;706;CNN en Español;SD;Mundo;Si
Uruguay;Prepago;Bronce HD Pre;708;CNN International;SD;Mundo;No
Uruguay;Prepago;Bronce HD Pre;712;RAI Internacional;SD;Mundo;No
Uruguay;Prepago;Bronce HD Pre;713;France 24 Español;SD;Mundo;Si
Uruguay;Prepago;Bronce HD Pre;714;BBC World News;SD;Mundo;No
Uruguay;Prepago;Bronce HD Pre;718;CNN Chile;SD;Mundo;No
Uruguay;Prepago;Bronce HD Pre;720;24 Horas;SD;Mundo;No
Uruguay;Prepago;Bronce HD Pre;722;Bloomberg Television;SD;Mundo;No
Uruguay;Prepago;Bronce HD Pre;724;Caracol Internacional;SD;Mundo;No
Uruguay;Prepago;Bronce HD Pre;726;TV Perú Noticias;HD;Mundo;Si
Uruguay;Prepago;Bronce HD Pre;728;TV Perú;SD;Mundo;Si
Uruguay;Prepago;Bronce HD Pre;730;Univisión;SD;Mundo;No
Uruguay;Prepago;Bronce HD Pre;732;NTN 24;SD;Mundo;No
Uruguay;Prepago;Bronce HD Pre;734;CGTN Español;SD;Mundo;Si
Uruguay;Prepago;Bronce HD Pre;736;Cable Noticias;SD;Mundo;No
Uruguay;Prepago;Bronce HD Pre;740;El Tiempo TV;SD;Mundo;No
Uruguay;Prepago;Bronce HD Pre;742;TV Chile;SD;Mundo;No
Uruguay;Prepago;Bronce HD Pre;744;RTP Internacional;SD;Mundo;No
Uruguay;Prepago;Bronce HD Pre;748;Telefe Internacional;SD;Mundo;Si
Uruguay;Prepago;Bronce HD Pre;754;Ve Plus;HD;Variedades;Si
Uruguay;Prepago;Bronce HD Pre;780;EWTN;SD;Religioso;Si
Uruguay;Prepago;Bronce HD Pre;782;Enlace;SD;Religioso;Si
Uruguay;Prepago;Bronce HD Pre;784;Canal Luz;SD;Religioso;Si
Uruguay;Prepago;Bronce HD Pre;786;DayStar;SD;Religioso;Si
Uruguay;Prepago;Bronce HD Pre;788;Orbe 21;SD;Religioso;No
Uruguay;Prepago;Bronce HD Pre;805;PX Sports;HD;Deportes;No
Uruguay;Prepago;Bronce HD Pre;904;Unión Radio Noticias;Radio;Radio;Si
Uruguay;Prepago;Bronce HD Pre;906;Radio Caracol;Radio;Radio;Si
Uruguay;Prepago;Bronce HD Pre;1206;Todo Noticias (TN);HD;Mundo;Si
Uruguay;Prepago;Bronce HD Pre;1325;ESPN Mas;HD;Deportes;Si
Uruguay;Prepago;Bronce HD Pre;2184;Clic Rural;HD;Variedades;No
Uruguay;Prepago;Bronce HD Pre;2190;Monte Carlo TV;HD;Nacional;Si
Uruguay;Prepago;Bronce HD Pre;2192;Teledoce;HD;Nacional;Si
Uruguay;Prepago;Bronce HD Pre;2193;Saeta;HD;Nacional;Si
Uruguay;Prepago;Bronce HD Pre;2199;KZO;HD;Variedades;Si
Uruguay;Prepago;Bronce HD Pre;2200;DNews;HD;Mundo;Si
Uruguay;Prepago;Bronce HD Pre;2202;La Nación+;HD;Mundo;Si
Uruguay;Prepago;Bronce HD Pre;2206;Canal 26;HD;Mundo;No
Uruguay;Prepago;Bronce HD Pre;2210;Canal América;HD;Mundo;Si
Uruguay;Prepago;Bronce HD Pre;2212;Canal 9;HD;Mundo;Si
Uruguay;Prepago;Bronce HD Pre;2216;Argentina 12;HD;Mundo;Si
Uruguay;Prepago;Bronce HD Pre;2300;DSports Argentina;HD;Deportes;Si
Uruguay;Prepago;Bronce HD Pre;2310;DSports Uruguay;HD;Deportes;Si
Uruguay;Prepago;Bronce HD Pre;2312;DSports 2;HD;Deportes;Si
Uruguay;Prepago;Bronce HD Pre;2313;DSports+;HD;Deportes;Si
Uruguay;Prepago;Bronce HD Pre;2320;TyC Sports;HD;Deportes;No
Uruguay;Prepago;Bronce HD Pre;2321;ESPN;HD;Deportes;Si
Uruguay;Prepago;Bronce HD Pre;2322;ESPN 2;HD;Deportes;Si
Uruguay;Prepago;Bronce HD Pre;2323;ESPN 3;HD;Deportes;Si
Uruguay;Prepago;Bronce HD Pre;2325;ESPN 4;HD;Deportes;No
Uruguay;Prepago;Bronce HD Pre;2326;Fox Sports 3;HD;Deportes;No
Uruguay;Prepago;Bronce HD Pre;2327;Fox Sports 2;HD;Deportes;No
Uruguay;Prepago;Bronce HD Pre;2340;The Golf Channel;HD;Deportes;No
Uruguay;Prepago;Bronce HD Pre;2400;Disney Junior;HD;Infantil;Si
Uruguay;Prepago;Bronce HD Pre;2402;Cartoon Network;HD;Infantil;Si
Uruguay;Prepago;Bronce HD Pre;2404;Discovery Kids;HD;Infantil;Si
Uruguay;Prepago;Bronce HD Pre;2406;Nick Jr.;HD;Infantil;No
Uruguay;Prepago;Bronce HD Pre;2408;Disney Channel;HD;Infantil;Si
Uruguay;Prepago;Bronce HD Pre;2410;Nickelodeon;HD;Infantil;Si
Uruguay;Prepago;Bronce HD Pre;2416;Plim Plim;HD;Infantil;Si
Uruguay;Prepago;Bronce HD Pre;2418;El Reino Infantil;HD;Infantil;Si
Uruguay;Prepago;Bronce HD Pre;2420;Discovery Home & Health;HD;Variedades;Si
Uruguay;Prepago;Bronce HD Pre;2422;History Channel;HD;Variedades;Si
Uruguay;Prepago;Bronce HD Pre;2424;Discovery Channel;HD;Variedades;Si
Uruguay;Prepago;Bronce HD Pre;2426;Investigation Discovery (ID);HD;Variedades;No
Uruguay;Prepago;Bronce HD Pre;2428;National Geographic;HD;Variedades;Si
Uruguay;Prepago;Bronce HD Pre;2430;History 2;HD;Variedades;No
Uruguay;Prepago;Bronce HD Pre;2432;¡Hola! TV;HD;Variedades;Si
Uruguay;Prepago;Bronce HD Pre;2452;Star Channel;HD;Cine;Si
Uruguay;Prepago;Bronce HD Pre;2454;TNT Latin America;HD;Cine;Si
Uruguay;Prepago;Bronce HD Pre;2456;AXN;HD;Cine;Si
Uruguay;Prepago;Bronce HD Pre;2458;Universal TV;HD;Cine;Si
Uruguay;Prepago;Bronce HD Pre;2460;Space;HD;Cine;Si
Uruguay;Prepago;Bronce HD Pre;2462;Warner Channel;HD;Cine;Si
Uruguay;Prepago;Bronce HD Pre;2464;TNT Series;HD;Cine;No
Uruguay;Prepago;Bronce HD Pre;2466;Cinecanal;HD;Cine;Si
Uruguay;Prepago;Bronce HD Pre;2468;Cinemax;HD;Cine;Si
Uruguay;Prepago;Bronce HD Pre;2470;Studio Universal;HD;Cine;Si
Uruguay;Prepago;Bronce HD Pre;2472;Sony Movies;HD;Cine;No
Uruguay;Prepago;Bronce HD Pre;2474;Sony;HD;Cine;Si
Uruguay;Prepago;Bronce HD Pre;2476;Mórbido TV;HD;Cine;Si
Uruguay;Prepago;Bronce HD Pre;2478;Golden Plus;HD;Cine;No
Uruguay;Prepago;Bronce HD Pre;2530;Comedy Central;HD;Cine;No
Uruguay;Prepago;Bronce HD Pre;2532;FX;HD;Cine;Si
Uruguay;Prepago;Bronce HD Pre;2536;A&E;HD;Cine;Si
Uruguay;Prepago;Bronce HD Pre;2538;AMC;HD;Cine;No
Uruguay;Prepago;Bronce HD Pre;2544;DHE;HD;Cine;No
Uruguay;Prepago;Bronce HD Pre;2550;Atres Series;HD;Cine;No
Uruguay;Prepago;Bronce HD Pre;2552;USA Network;HD;Cine;No
Uruguay;Prepago;Bronce HD Pre;2590;El Gourmet;HD;Variedades;Si
Uruguay;Prepago;Bronce HD Pre;2592;Food Network;HD;Variedades;No
Uruguay;Prepago;Bronce HD Pre;2596;Lifetime;HD;Variedades;No
Uruguay;Prepago;Bronce HD Pre;2600;Animal Planet;HD;Variedades;Si
Uruguay;Prepago;Bronce HD Pre;2604;Discovery Travel & Living Channel (TLC);HD;Variedades;No
Uruguay;Prepago;Bronce HD Pre;2608;E! Entertainment;HD;Variedades;Si
Uruguay;Prepago;Bronce HD Pre;2620;MTV;HD;Variedades;Si
Uruguay;Prepago;Bronce HD Pre;2702;Antena 3 Internacional;HD;Mundo;No
Uruguay;Prepago;Bronce HD Pre;2713;France 24 Español;HD;Mundo;Si
Uruguay;Prepago;Bronce HD Pre;2728;TV Perú;HD;Mundo;Si
Uruguay;Prepago;Bronce HD Pre;2804;Escuela Plus;HD;Variedades;Si
Uruguay;Prepago;Plata Pre;184;Clic Rural;SD;Variedades;Si
Uruguay;Prepago;Plata Pre;190;Canal 4;SD;Nacional;Si
Uruguay;Prepago;Plata Pre;191;Televisión Nacional;SD;Nacional;Si
Uruguay;Prepago;Plata Pre;192;Teledoce;SD;Nacional;Si
Uruguay;Prepago;Plata Pre;193;Saeta;SD;Nacional;Si
Uruguay;Prepago;Plata Pre;194;TV Ciudad HD;HD;Nacional;No
Uruguay;Prepago;Plata Pre;195;Campo Rural TV;HD;Nacional;No
Uruguay;Prepago;Plata Pre;196;UCL;SD;Nacional;Si
Uruguay;Prepago;Plata Pre;199;KZO;SD;Variedades;Si
Uruguay;Prepago;Plata Pre;200;DNews;SD;Mundo;Si
Uruguay;Prepago;Plata Pre;202;Todo Noticias (TN);SD;Mundo;Si
Uruguay;Prepago;Plata Pre;204;La Nación+;SD;Mundo;Si
Uruguay;Prepago;Plata Pre;206;Canal 26;SD;Mundo;No
Uruguay;Prepago;Plata Pre;208;Crónica TV;SD;Mundo;Si
Uruguay;Prepago;Plata Pre;210;Canal América;SD;Mundo;Si
Uruguay;Prepago;Plata Pre;212;Canal 9;SD;Mundo;Si
Uruguay;Prepago;Plata Pre;214;Canal 5 Noticias;HD;Mundo;Si
Uruguay;Prepago;Plata Pre;216;Argentina 12;SD;Mundo;Si
Uruguay;Prepago;Plata Pre;300;DSports Argentina;SD;Deportes;Si
Uruguay;Prepago;Plata Pre;303;DSports Uruguay Mas;SD;Deportes;Si
Uruguay;Prepago;Plata Pre;304;DSports Uruguay Mas;HD;Deportes;No
Uruguay;Prepago;Plata Pre;310;DSports Uruguay;SD;Deportes;Si
Uruguay;Prepago;Plata Pre;312;DSports 2;SD;Deportes;Si
Uruguay;Prepago;Plata Pre;313;DSports+;SD;Deportes;Si
Uruguay;Prepago;Plata Pre;320;TyC Sports;SD;Deportes;No
Uruguay;Prepago;Plata Pre;321;ESPN;SD;Deportes;Si
Uruguay;Prepago;Plata Pre;322;ESPN 2;SD;Deportes;Si
Uruguay;Prepago;Plata Pre;323;ESPN 3;SD;Deportes;Si
Uruguay;Prepago;Plata Pre;325;ESPN 4;SD;Deportes;Si
Uruguay;Prepago;Plata Pre;326;ESPN 6;SD;Deportes;No
Uruguay;Prepago;Plata Pre;327;ESPN 7;SD;Deportes;No
Uruguay;Prepago;Plata Pre;340;The Golf Channel;SD;Deportes;No
Uruguay;Prepago;Plata Pre;400;Disney Junior;SD;Infantil;Si
Uruguay;Prepago;Plata Pre;402;Cartoon Network;SD;Infantil;Si
Uruguay;Prepago;Plata Pre;404;Discovery Kids;SD;Infantil;Si
Uruguay;Prepago;Plata Pre;406;Nick Jr.;SD;Infantil;Si
Uruguay;Prepago;Plata Pre;408;Disney Channel;SD;Infantil;Si
Uruguay;Prepago;Plata Pre;410;Nickelodeon;SD;Infantil;Si
Uruguay;Prepago;Plata Pre;412;BabyTV;HD;Infantil;No
Uruguay;Prepago;Plata Pre;414;Cartoonito;SD;Infantil;No
Uruguay;Prepago;Plata Pre;416;Plim Plim;SD;Infantil;Si
Uruguay;Prepago;Plata Pre;418;El Reino Infantil;SD;Infantil;Si
Uruguay;Prepago;Plata Pre;420;Discovery Home & Health;SD;Variedades;Si
Uruguay;Prepago;Plata Pre;422;History Channel;SD;Variedades;Si
Uruguay;Prepago;Plata Pre;424;Discovery Channel;SD;Variedades;Si
Uruguay;Prepago;Plata Pre;426;Investigation Discovery (ID);SD;Variedades;No
Uruguay;Prepago;Plata Pre;428;National Geographic;SD;Variedades;Si
Uruguay;Prepago;Plata Pre;430;History 2;SD;Variedades;No
Uruguay;Prepago;Plata Pre;432;¡Hola! TV;SD;Variedades;Si
Uruguay;Prepago;Plata Pre;450;OnDIRECTV;HD;Variedades;No
Uruguay;Prepago;Plata Pre;452;Star Channel;SD;Cine;Si
Uruguay;Prepago;Plata Pre;454;TNT Latin America;SD;Cine;Si
Uruguay;Prepago;Plata Pre;456;AXN;SD;Cine;Si
Uruguay;Prepago;Plata Pre;458;Universal TV;SD;Cine;Si
Uruguay;Prepago;Plata Pre;460;Space;SD;Cine;Si
Uruguay;Prepago;Plata Pre;462;Warner Channel;SD;Cine;Si
Uruguay;Prepago;Plata Pre;464;TNT Series;SD;Cine;No
Uruguay;Prepago;Plata Pre;466;Cinecanal;SD;Cine;Si
Uruguay;Prepago;Plata Pre;468;Cinemax;SD;Cine;Si
Uruguay;Prepago;Plata Pre;470;Studio Universal;SD;Cine;Si
Uruguay;Prepago;Plata Pre;472;Sony Movies;SD;Cine;Si
Uruguay;Prepago;Plata Pre;474;Sony;SD;Cine;Si
Uruguay;Prepago;Plata Pre;476;Mórbido TV;SD;Cine;No
Uruguay;Prepago;Plata Pre;478;Golden Plus;SD;Cine;Si
Uruguay;Prepago;Plata Pre;501;HBO;SD;Cine;No
Uruguay;Prepago;Plata Pre;504;TCM;SD;Cine;Si
Uruguay;Prepago;Plata Pre;530;Comedy Central;SD;Cine;No
Uruguay;Prepago;Plata Pre;532;FX;SD;Cine;Si
Uruguay;Prepago;Plata Pre;534;TLnovelas;SD;Cine;Si
Uruguay;Prepago;Plata Pre;536;A&E;SD;Cine;Si
Uruguay;Prepago;Plata Pre;538;AMC;SD;Cine;No
Uruguay;Prepago;Plata Pre;542;El Canal de las Estrellas;SD;Cine;Si
Uruguay;Prepago;Plata Pre;544;DHE;SD;Cine;No
Uruguay;Prepago;Plata Pre;546;Golden Edge;SD;Cine;No
Uruguay;Prepago;Plata Pre;550;Atres Series;SD;Cine;Si
Uruguay;Prepago;Plata Pre;552;USA Network;SD;Cine;No
Uruguay;Prepago;Plata Pre;558;De Película;SD;Cine;No
Uruguay;Prepago;Plata Pre;560;TNT Novelas;SD;Cine;No
Uruguay;Prepago;Plata Pre;568;Magazine;SD;Mundo;Si
Uruguay;Prepago;Plata Pre;590;El Gourmet;SD;Variedades;Si
Uruguay;Prepago;Plata Pre;592;Food Network;SD;Variedades;No
Uruguay;Prepago;Plata Pre;594;Home & Garden (HGTV);HD;Variedades;No
Uruguay;Prepago;Plata Pre;596;Lifetime;SD;Variedades;No
Uruguay;Prepago;Plata Pre;598;Más Chic;SD;Variedades;Si
Uruguay;Prepago;Plata Pre;600;Animal Planet;SD;Variedades;Si
Uruguay;Prepago;Plata Pre;602;Discovery Turbo;SD;Variedades;No
Uruguay;Prepago;Plata Pre;604;Discovery Travel & Living Channel (TLC);SD;Variedades;Si
Uruguay;Prepago;Plata Pre;608;E! Entertainment;SD;Variedades;Si
Uruguay;Prepago;Plata Pre;610;Discovery Theater HD;HD;Variedades;No
Uruguay;Prepago;Plata Pre;612;Discovery World;HD;Variedades;No
Uruguay;Prepago;Plata Pre;614;Adult Swim;SD;Variedades;No
Uruguay;Prepago;Plata Pre;620;MTV;SD;Variedades;Si
Uruguay;Prepago;Plata Pre;622;Quiero Música en Mi Idioma (QMusic);SD;Variedades;Si
Uruguay;Prepago;Plata Pre;626;Music Top;HD;Variedades;No
Uruguay;Prepago;Plata Pre;628;Tierra Mía;HD;Variedades;No
Uruguay;Prepago;Plata Pre;642;Canal Rural;SD;Mundo;Si
Uruguay;Prepago;Plata Pre;644;Chacra TV;SD;Mundo;Si
Uruguay;Prepago;Plata Pre;700;Telemundo Internacional;SD;Mundo;Si
Uruguay;Prepago;Plata Pre;702;Antena 3 Internacional;SD;Mundo;Si
Uruguay;Prepago;Plata Pre;704;Deutsche Welle (DW);SD;Mundo;No
Uruguay;Prepago;Plata Pre;706;CNN en Español;SD;Mundo;Si
Uruguay;Prepago;Plata Pre;708;CNN International;SD;Mundo;Si
Uruguay;Prepago;Plata Pre;712;RAI Internacional;SD;Mundo;Si
Uruguay;Prepago;Plata Pre;713;France 24 Español;SD;Mundo;Si
Uruguay;Prepago;Plata Pre;714;BBC World News;SD;Mundo;Si
Uruguay;Prepago;Plata Pre;718;CNN Chile;SD;Mundo;No
Uruguay;Prepago;Plata Pre;720;24 Horas;SD;Mundo;No
Uruguay;Prepago;Plata Pre;722;Bloomberg Television;SD;Mundo;No
Uruguay;Prepago;Plata Pre;724;Caracol Internacional;SD;Mundo;No
Uruguay;Prepago;Plata Pre;726;TV Perú Noticias;HD;Mundo;No
Uruguay;Prepago;Plata Pre;728;TV Perú;SD;Mundo;Si
Uruguay;Prepago;Plata Pre;730;Univisión;SD;Mundo;Si
Uruguay;Prepago;Plata Pre;732;NTN 24;SD;Mundo;No
Uruguay;Prepago;Plata Pre;734;CGTN Español;SD;Mundo;Si
Uruguay;Prepago;Plata Pre;736;Cable Noticias;SD;Mundo;No
Uruguay;Prepago;Plata Pre;740;El Tiempo TV;SD;Mundo;No
Uruguay;Prepago;Plata Pre;742;TV Chile;SD;Mundo;No
Uruguay;Prepago;Plata Pre;744;RTP Internacional;SD;Mundo;No
Uruguay;Prepago;Plata Pre;748;Telefe Internacional;SD;Mundo;Si
Uruguay;Prepago;Plata Pre;754;Ve Plus;HD;Variedades;No
Uruguay;Prepago;Plata Pre;780;EWTN;SD;Religioso;Si
Uruguay;Prepago;Plata Pre;782;Enlace;SD;Religioso;Si
Uruguay;Prepago;Plata Pre;784;Canal Luz;SD;Religioso;Si
Uruguay;Prepago;Plata Pre;786;DayStar;SD;Religioso;Si
Uruguay;Prepago;Plata Pre;788;Orbe 21;SD;Religioso;No
Uruguay;Prepago;Plata Pre;805;PX Sports;HD;Deportes;No
Uruguay;Prepago;Plata Pre;904;Unión Radio Noticias;Radio;Radio;Si
Uruguay;Prepago;Plata Pre;906;Radio Caracol;Radio;Radio;Si
Uruguay;Prepago;Plata Pre;1206;Todo Noticias (TN);HD;Mundo;No
Uruguay;Prepago;Plata Pre;1325;ESPN Mas;HD;Deportes;No
Uruguay;Prepago;Plata Pre;2184;Clic Rural;HD;Variedades;Si
Uruguay;Prepago;Plata Pre;2190;Monte Carlo TV;HD;Nacional;Si
Uruguay;Prepago;Plata Pre;2192;Teledoce;HD;Nacional;Si
Uruguay;Prepago;Plata Pre;2193;Saeta;HD;Nacional;Si
Uruguay;Prepago;Plata Pre;2199;KZO;HD;Variedades;Si
Uruguay;Prepago;Plata Pre;2200;DNews;HD;Mundo;Si
Uruguay;Prepago;Plata Pre;2202;La Nación+;HD;Mundo;Si
Uruguay;Prepago;Plata Pre;2206;Canal 26;HD;Mundo;No
Uruguay;Prepago;Plata Pre;2210;Canal América;HD;Mundo;No
Uruguay;Prepago;Plata Pre;2212;Canal 9;HD;Mundo;Si
Uruguay;Prepago;Plata Pre;2216;Argentina 12;HD;Mundo;No
Uruguay;Prepago;Plata Pre;2300;DSports Argentina;HD;Deportes;Si
Uruguay;Prepago;Plata Pre;2310;DSports Uruguay;HD;Deportes;Si
Uruguay;Prepago;Plata Pre;2312;DSports 2;HD;Deportes;Si
Uruguay;Prepago;Plata Pre;2313;DSports+;HD;Deportes;Si
Uruguay;Prepago;Plata Pre;2320;TyC Sports;HD;Deportes;No
Uruguay;Prepago;Plata Pre;2321;ESPN;HD;Deportes;Si
Uruguay;Prepago;Plata Pre;2322;ESPN 2;HD;Deportes;Si
Uruguay;Prepago;Plata Pre;2323;ESPN 3;HD;Deportes;Si
Uruguay;Prepago;Plata Pre;2325;ESPN 4;HD;Deportes;No
Uruguay;Prepago;Plata Pre;2326;Fox Sports 3;HD;Deportes;No
Uruguay;Prepago;Plata Pre;2327;Fox Sports 2;HD;Deportes;No
Uruguay;Prepago;Plata Pre;2340;The Golf Channel;HD;Deportes;No
Uruguay;Prepago;Plata Pre;2400;Disney Junior;HD;Infantil;Si
Uruguay;Prepago;Plata Pre;2402;Cartoon Network;HD;Infantil;Si
Uruguay;Prepago;Plata Pre;2404;Discovery Kids;HD;Infantil;Si
Uruguay;Prepago;Plata Pre;2406;Nick Jr.;HD;Infantil;No
Uruguay;Prepago;Plata Pre;2408;Disney Channel;HD;Infantil;Si
Uruguay;Prepago;Plata Pre;2410;Nickelodeon;HD;Infantil;Si
Uruguay;Prepago;Plata Pre;2416;Plim Plim;HD;Infantil;Si
Uruguay;Prepago;Plata Pre;2418;El Reino Infantil;HD;Infantil;Si
Uruguay;Prepago;Plata Pre;2420;Discovery Home & Health;HD;Variedades;Si
Uruguay;Prepago;Plata Pre;2422;History Channel;HD;Variedades;Si
Uruguay;Prepago;Plata Pre;2424;Discovery Channel;HD;Variedades;Si
Uruguay;Prepago;Plata Pre;2426;Investigation Discovery (ID);HD;Variedades;No
Uruguay;Prepago;Plata Pre;2428;National Geographic;HD;Variedades;Si
Uruguay;Prepago;Plata Pre;2430;History 2;HD;Variedades;No
Uruguay;Prepago;Plata Pre;2432;¡Hola! TV;HD;Variedades;Si
Uruguay;Prepago;Plata Pre;2452;Star Channel;HD;Cine;Si
Uruguay;Prepago;Plata Pre;2454;TNT Latin America;HD;Cine;Si
Uruguay;Prepago;Plata Pre;2456;AXN;HD;Cine;Si
Uruguay;Prepago;Plata Pre;2458;Universal TV;HD;Cine;Si
Uruguay;Prepago;Plata Pre;2460;Space;HD;Cine;Si
Uruguay;Prepago;Plata Pre;2462;Warner Channel;HD;Cine;Si
Uruguay;Prepago;Plata Pre;2464;TNT Series;HD;Cine;No
Uruguay;Prepago;Plata Pre;2466;Cinecanal;HD;Cine;Si
Uruguay;Prepago;Plata Pre;2468;Cinemax;HD;Cine;Si
Uruguay;Prepago;Plata Pre;2470;Studio Universal;HD;Cine;Si
Uruguay;Prepago;Plata Pre;2472;Sony Movies;HD;Cine;Si
Uruguay;Prepago;Plata Pre;2474;Sony;HD;Cine;Si
Uruguay;Prepago;Plata Pre;2476;Mórbido TV;HD;Cine;No
Uruguay;Prepago;Plata Pre;2478;Golden Plus;HD;Cine;Si
Uruguay;Prepago;Plata Pre;2530;Comedy Central;HD;Cine;No
Uruguay;Prepago;Plata Pre;2532;FX;HD;Cine;Si
Uruguay;Prepago;Plata Pre;2536;A&E;HD;Cine;Si
Uruguay;Prepago;Plata Pre;2538;AMC;HD;Cine;No
Uruguay;Prepago;Plata Pre;2544;DHE;HD;Cine;No
Uruguay;Prepago;Plata Pre;2550;Atres Series;HD;Cine;Si
Uruguay;Prepago;Plata Pre;2552;USA Network;HD;Cine;No
Uruguay;Prepago;Plata Pre;2590;El Gourmet;HD;Variedades;Si
Uruguay;Prepago;Plata Pre;2592;Food Network;HD;Variedades;No
Uruguay;Prepago;Plata Pre;2596;Lifetime;HD;Variedades;No
Uruguay;Prepago;Plata Pre;2600;Animal Planet;HD;Variedades;Si
Uruguay;Prepago;Plata Pre;2604;Discovery Travel & Living Channel (TLC);HD;Variedades;Si
Uruguay;Prepago;Plata Pre;2608;E! Entertainment;HD;Variedades;No
Uruguay;Prepago;Plata Pre;2620;MTV;HD;Variedades;Si
Uruguay;Prepago;Plata Pre;2702;Antena 3 Internacional;HD;Mundo;Si
Uruguay;Prepago;Plata Pre;2713;France 24 Español;HD;Mundo;Si
Uruguay;Prepago;Plata Pre;2728;TV Perú;HD;Mundo;No
Uruguay;Prepago;Plata Pre;2804;Escuela Plus;HD;Variedades;Si
Uruguay;Prepago;Plata HD Pre;184;Clic Rural;SD;Variedades;Si
Uruguay;Prepago;Plata HD Pre;190;Canal 4;SD;Nacional;Si
Uruguay;Prepago;Plata HD Pre;191;Televisión Nacional;SD;Nacional;Si
Uruguay;Prepago;Plata HD Pre;192;Teledoce;SD;Nacional;Si
Uruguay;Prepago;Plata HD Pre;193;Saeta;SD;Nacional;Si
Uruguay;Prepago;Plata HD Pre;194;TV Ciudad HD;HD;Nacional;Si
Uruguay;Prepago;Plata HD Pre;195;Campo Rural TV;HD;Nacional;Si
Uruguay;Prepago;Plata HD Pre;196;UCL;SD;Nacional;Si
Uruguay;Prepago;Plata HD Pre;199;KZO;SD;Variedades;Si
Uruguay;Prepago;Plata HD Pre;200;DNews;SD;Mundo;Si
Uruguay;Prepago;Plata HD Pre;202;Todo Noticias (TN);SD;Mundo;Si
Uruguay;Prepago;Plata HD Pre;204;La Nación+;SD;Mundo;Si
Uruguay;Prepago;Plata HD Pre;206;Canal 26;SD;Mundo;No
Uruguay;Prepago;Plata HD Pre;208;Crónica TV;SD;Mundo;Si
Uruguay;Prepago;Plata HD Pre;210;Canal América;SD;Mundo;Si
Uruguay;Prepago;Plata HD Pre;212;Canal 9;SD;Mundo;Si
Uruguay;Prepago;Plata HD Pre;214;Canal 5 Noticias;HD;Mundo;Si
Uruguay;Prepago;Plata HD Pre;216;Argentina 12;SD;Mundo;Si
Uruguay;Prepago;Plata HD Pre;300;DSports Argentina;SD;Deportes;Si
Uruguay;Prepago;Plata HD Pre;303;DSports Uruguay Mas;SD;Deportes;Si
Uruguay;Prepago;Plata HD Pre;304;DSports Uruguay Mas;HD;Deportes;No
Uruguay;Prepago;Plata HD Pre;310;DSports Uruguay;SD;Deportes;Si
Uruguay;Prepago;Plata HD Pre;312;DSports 2;SD;Deportes;Si
Uruguay;Prepago;Plata HD Pre;313;DSports+;SD;Deportes;Si
Uruguay;Prepago;Plata HD Pre;320;TyC Sports;SD;Deportes;No
Uruguay;Prepago;Plata HD Pre;321;ESPN;SD;Deportes;Si
Uruguay;Prepago;Plata HD Pre;322;ESPN 2;SD;Deportes;Si
Uruguay;Prepago;Plata HD Pre;323;ESPN 3;SD;Deportes;Si
Uruguay;Prepago;Plata HD Pre;325;ESPN 4;SD;Deportes;Si
Uruguay;Prepago;Plata HD Pre;326;ESPN 6;SD;Deportes;No
Uruguay;Prepago;Plata HD Pre;327;ESPN 7;SD;Deportes;No
Uruguay;Prepago;Plata HD Pre;340;The Golf Channel;SD;Deportes;No
Uruguay;Prepago;Plata HD Pre;400;Disney Junior;SD;Infantil;Si
Uruguay;Prepago;Plata HD Pre;402;Cartoon Network;SD;Infantil;Si
Uruguay;Prepago;Plata HD Pre;404;Discovery Kids;SD;Infantil;Si
Uruguay;Prepago;Plata HD Pre;406;Nick Jr.;SD;Infantil;Si
Uruguay;Prepago;Plata HD Pre;408;Disney Channel;SD;Infantil;Si
Uruguay;Prepago;Plata HD Pre;410;Nickelodeon;SD;Infantil;Si
Uruguay;Prepago;Plata HD Pre;412;BabyTV;HD;Infantil;Si
Uruguay;Prepago;Plata HD Pre;414;Cartoonito;SD;Infantil;No
Uruguay;Prepago;Plata HD Pre;416;Plim Plim;SD;Infantil;Si
Uruguay;Prepago;Plata HD Pre;418;El Reino Infantil;SD;Infantil;Si
Uruguay;Prepago;Plata HD Pre;420;Discovery Home & Health;SD;Variedades;Si
Uruguay;Prepago;Plata HD Pre;422;History Channel;SD;Variedades;Si
Uruguay;Prepago;Plata HD Pre;424;Discovery Channel;SD;Variedades;Si
Uruguay;Prepago;Plata HD Pre;426;Investigation Discovery (ID);SD;Variedades;No
Uruguay;Prepago;Plata HD Pre;428;National Geographic;SD;Variedades;Si
Uruguay;Prepago;Plata HD Pre;430;History 2;SD;Variedades;No
Uruguay;Prepago;Plata HD Pre;432;¡Hola! TV;SD;Variedades;Si
Uruguay;Prepago;Plata HD Pre;450;OnDIRECTV;HD;Variedades;Si
Uruguay;Prepago;Plata HD Pre;452;Star Channel;SD;Cine;Si
Uruguay;Prepago;Plata HD Pre;454;TNT Latin America;SD;Cine;Si
Uruguay;Prepago;Plata HD Pre;456;AXN;SD;Cine;Si
Uruguay;Prepago;Plata HD Pre;458;Universal TV;SD;Cine;Si
Uruguay;Prepago;Plata HD Pre;460;Space;SD;Cine;Si
Uruguay;Prepago;Plata HD Pre;462;Warner Channel;SD;Cine;Si
Uruguay;Prepago;Plata HD Pre;464;TNT Series;SD;Cine;No
Uruguay;Prepago;Plata HD Pre;466;Cinecanal;SD;Cine;Si
Uruguay;Prepago;Plata HD Pre;468;Cinemax;SD;Cine;Si
Uruguay;Prepago;Plata HD Pre;470;Studio Universal;SD;Cine;Si
Uruguay;Prepago;Plata HD Pre;472;Sony Movies;SD;Cine;Si
Uruguay;Prepago;Plata HD Pre;474;Sony;SD;Cine;Si
Uruguay;Prepago;Plata HD Pre;476;Mórbido TV;SD;Cine;Si
Uruguay;Prepago;Plata HD Pre;478;Golden Plus;SD;Cine;Si
Uruguay;Prepago;Plata HD Pre;501;HBO;SD;Cine;No
Uruguay;Prepago;Plata HD Pre;504;TCM;SD;Cine;Si
Uruguay;Prepago;Plata HD Pre;530;Comedy Central;SD;Cine;No
Uruguay;Prepago;Plata HD Pre;532;FX;SD;Cine;Si
Uruguay;Prepago;Plata HD Pre;534;TLnovelas;SD;Cine;Si
Uruguay;Prepago;Plata HD Pre;536;A&E;SD;Cine;Si
Uruguay;Prepago;Plata HD Pre;538;AMC;SD;Cine;No
Uruguay;Prepago;Plata HD Pre;542;El Canal de las Estrellas;SD;Cine;Si
Uruguay;Prepago;Plata HD Pre;544;DHE;SD;Cine;No
Uruguay;Prepago;Plata HD Pre;546;Golden Edge;SD;Cine;No
Uruguay;Prepago;Plata HD Pre;550;Atres Series;SD;Cine;Si
Uruguay;Prepago;Plata HD Pre;552;USA Network;SD;Cine;No
Uruguay;Prepago;Plata HD Pre;558;De Película;SD;Cine;No
Uruguay;Prepago;Plata HD Pre;560;TNT Novelas;SD;Cine;No
Uruguay;Prepago;Plata HD Pre;568;Magazine;SD;Mundo;Si
Uruguay;Prepago;Plata HD Pre;590;El Gourmet;SD;Variedades;Si
Uruguay;Prepago;Plata HD Pre;592;Food Network;SD;Variedades;No
Uruguay;Prepago;Plata HD Pre;594;Home & Garden (HGTV);HD;Variedades;No
Uruguay;Prepago;Plata HD Pre;596;Lifetime;SD;Variedades;No
Uruguay;Prepago;Plata HD Pre;598;Más Chic;SD;Variedades;Si
Uruguay;Prepago;Plata HD Pre;600;Animal Planet;SD;Variedades;Si
Uruguay;Prepago;Plata HD Pre;602;Discovery Turbo;SD;Variedades;No
Uruguay;Prepago;Plata HD Pre;604;Discovery Travel & Living Channel (TLC);SD;Variedades;Si
Uruguay;Prepago;Plata HD Pre;608;E! Entertainment;SD;Variedades;Si
Uruguay;Prepago;Plata HD Pre;610;Discovery Theater HD;HD;Variedades;No
Uruguay;Prepago;Plata HD Pre;612;Discovery World;HD;Variedades;No
Uruguay;Prepago;Plata HD Pre;614;Adult Swim;SD;Variedades;No
Uruguay;Prepago;Plata HD Pre;620;MTV;SD;Variedades;Si
Uruguay;Prepago;Plata HD Pre;622;Quiero Música en Mi Idioma (QMusic);SD;Variedades;Si
Uruguay;Prepago;Plata HD Pre;626;Music Top;HD;Variedades;Si
Uruguay;Prepago;Plata HD Pre;628;Tierra Mía;HD;Variedades;Si
Uruguay;Prepago;Plata HD Pre;642;Canal Rural;SD;Mundo;Si
Uruguay;Prepago;Plata HD Pre;644;Chacra TV;SD;Mundo;Si
Uruguay;Prepago;Plata HD Pre;700;Telemundo Internacional;SD;Mundo;Si
Uruguay;Prepago;Plata HD Pre;702;Antena 3 Internacional;SD;Mundo;Si
Uruguay;Prepago;Plata HD Pre;704;Deutsche Welle (DW);SD;Mundo;No
Uruguay;Prepago;Plata HD Pre;706;CNN en Español;SD;Mundo;Si
Uruguay;Prepago;Plata HD Pre;708;CNN International;SD;Mundo;Si
Uruguay;Prepago;Plata HD Pre;712;RAI Internacional;SD;Mundo;Si
Uruguay;Prepago;Plata HD Pre;713;France 24 Español;SD;Mundo;Si
Uruguay;Prepago;Plata HD Pre;714;BBC World News;SD;Mundo;Si
Uruguay;Prepago;Plata HD Pre;718;CNN Chile;SD;Mundo;No
Uruguay;Prepago;Plata HD Pre;720;24 Horas;SD;Mundo;No
Uruguay;Prepago;Plata HD Pre;722;Bloomberg Television;SD;Mundo;No
Uruguay;Prepago;Plata HD Pre;724;Caracol Internacional;SD;Mundo;No
Uruguay;Prepago;Plata HD Pre;726;TV Perú Noticias;HD;Mundo;Si
Uruguay;Prepago;Plata HD Pre;728;TV Perú;SD;Mundo;Si
Uruguay;Prepago;Plata HD Pre;730;Univisión;SD;Mundo;Si
Uruguay;Prepago;Plata HD Pre;732;NTN 24;SD;Mundo;No
Uruguay;Prepago;Plata HD Pre;734;CGTN Español;SD;Mundo;Si
Uruguay;Prepago;Plata HD Pre;736;Cable Noticias;SD;Mundo;No
Uruguay;Prepago;Plata HD Pre;740;El Tiempo TV;SD;Mundo;No
Uruguay;Prepago;Plata HD Pre;742;TV Chile;SD;Mundo;No
Uruguay;Prepago;Plata HD Pre;744;RTP Internacional;SD;Mundo;No
Uruguay;Prepago;Plata HD Pre;748;Telefe Internacional;SD;Mundo;Si
Uruguay;Prepago;Plata HD Pre;754;Ve Plus;HD;Variedades;Si
Uruguay;Prepago;Plata HD Pre;780;EWTN;SD;Religioso;Si
Uruguay;Prepago;Plata HD Pre;782;Enlace;SD;Religioso;Si
Uruguay;Prepago;Plata HD Pre;784;Canal Luz;SD;Religioso;Si
Uruguay;Prepago;Plata HD Pre;786;DayStar;SD;Religioso;Si
Uruguay;Prepago;Plata HD Pre;788;Orbe 21;SD;Religioso;No
Uruguay;Prepago;Plata HD Pre;805;PX Sports;HD;Deportes;No
Uruguay;Prepago;Plata HD Pre;904;Unión Radio Noticias;Radio;Radio;Si
Uruguay;Prepago;Plata HD Pre;906;Radio Caracol;Radio;Radio;Si
Uruguay;Prepago;Plata HD Pre;1206;Todo Noticias (TN);HD;Mundo;Si
Uruguay;Prepago;Plata HD Pre;1325;ESPN Mas;HD;Deportes;Si
Uruguay;Prepago;Plata HD Pre;2184;Clic Rural;HD;Variedades;Si
Uruguay;Prepago;Plata HD Pre;2190;Monte Carlo TV;HD;Nacional;Si
Uruguay;Prepago;Plata HD Pre;2192;Teledoce;HD;Nacional;Si
Uruguay;Prepago;Plata HD Pre;2193;Saeta;HD;Nacional;Si
Uruguay;Prepago;Plata HD Pre;2199;KZO;HD;Variedades;Si
Uruguay;Prepago;Plata HD Pre;2200;DNews;HD;Mundo;Si
Uruguay;Prepago;Plata HD Pre;2202;La Nación+;HD;Mundo;Si
Uruguay;Prepago;Plata HD Pre;2206;Canal 26;HD;Mundo;No
Uruguay;Prepago;Plata HD Pre;2210;Canal América;HD;Mundo;Si
Uruguay;Prepago;Plata HD Pre;2212;Canal 9;HD;Mundo;Si
Uruguay;Prepago;Plata HD Pre;2216;Argentina 12;HD;Mundo;Si
Uruguay;Prepago;Plata HD Pre;2300;DSports Argentina;HD;Deportes;Si
Uruguay;Prepago;Plata HD Pre;2310;DSports Uruguay;HD;Deportes;Si
Uruguay;Prepago;Plata HD Pre;2312;DSports 2;HD;Deportes;Si
Uruguay;Prepago;Plata HD Pre;2313;DSports+;HD;Deportes;Si
Uruguay;Prepago;Plata HD Pre;2320;TyC Sports;HD;Deportes;No
Uruguay;Prepago;Plata HD Pre;2321;ESPN;HD;Deportes;Si
Uruguay;Prepago;Plata HD Pre;2322;ESPN 2;HD;Deportes;Si
Uruguay;Prepago;Plata HD Pre;2323;ESPN 3;HD;Deportes;Si
Uruguay;Prepago;Plata HD Pre;2325;ESPN 4;HD;Deportes;No
Uruguay;Prepago;Plata HD Pre;2326;Fox Sports 3;HD;Deportes;No
Uruguay;Prepago;Plata HD Pre;2327;Fox Sports 2;HD;Deportes;No
Uruguay;Prepago;Plata HD Pre;2340;The Golf Channel;HD;Deportes;No
Uruguay;Prepago;Plata HD Pre;2400;Disney Junior;HD;Infantil;Si
Uruguay;Prepago;Plata HD Pre;2402;Cartoon Network;HD;Infantil;Si
Uruguay;Prepago;Plata HD Pre;2404;Discovery Kids;HD;Infantil;Si
Uruguay;Prepago;Plata HD Pre;2406;Nick Jr.;HD;Infantil;No
Uruguay;Prepago;Plata HD Pre;2408;Disney Channel;HD;Infantil;Si
Uruguay;Prepago;Plata HD Pre;2410;Nickelodeon;HD;Infantil;Si
Uruguay;Prepago;Plata HD Pre;2416;Plim Plim;HD;Infantil;Si
Uruguay;Prepago;Plata HD Pre;2418;El Reino Infantil;HD;Infantil;Si
Uruguay;Prepago;Plata HD Pre;2420;Discovery Home & Health;HD;Variedades;Si
Uruguay;Prepago;Plata HD Pre;2422;History Channel;HD;Variedades;Si
Uruguay;Prepago;Plata HD Pre;2424;Discovery Channel;HD;Variedades;Si
Uruguay;Prepago;Plata HD Pre;2426;Investigation Discovery (ID);HD;Variedades;No
Uruguay;Prepago;Plata HD Pre;2428;National Geographic;HD;Variedades;Si
Uruguay;Prepago;Plata HD Pre;2430;History 2;HD;Variedades;No
Uruguay;Prepago;Plata HD Pre;2432;¡Hola! TV;HD;Variedades;Si
Uruguay;Prepago;Plata HD Pre;2452;Star Channel;HD;Cine;Si
Uruguay;Prepago;Plata HD Pre;2454;TNT Latin America;HD;Cine;Si
Uruguay;Prepago;Plata HD Pre;2456;AXN;HD;Cine;Si
Uruguay;Prepago;Plata HD Pre;2458;Universal TV;HD;Cine;Si
Uruguay;Prepago;Plata HD Pre;2460;Space;HD;Cine;Si
Uruguay;Prepago;Plata HD Pre;2462;Warner Channel;HD;Cine;Si
Uruguay;Prepago;Plata HD Pre;2464;TNT Series;HD;Cine;No
Uruguay;Prepago;Plata HD Pre;2466;Cinecanal;HD;Cine;Si
Uruguay;Prepago;Plata HD Pre;2468;Cinemax;HD;Cine;Si
Uruguay;Prepago;Plata HD Pre;2470;Studio Universal;HD;Cine;Si
Uruguay;Prepago;Plata HD Pre;2472;Sony Movies;HD;Cine;Si
Uruguay;Prepago;Plata HD Pre;2474;Sony;HD;Cine;Si
Uruguay;Prepago;Plata HD Pre;2476;Mórbido TV;HD;Cine;Si
Uruguay;Prepago;Plata HD Pre;2478;Golden Plus;HD;Cine;Si
Uruguay;Prepago;Plata HD Pre;2530;Comedy Central;HD;Cine;No
Uruguay;Prepago;Plata HD Pre;2532;FX;HD;Cine;Si
Uruguay;Prepago;Plata HD Pre;2536;A&E;HD;Cine;Si
Uruguay;Prepago;Plata HD Pre;2538;AMC;HD;Cine;No
Uruguay;Prepago;Plata HD Pre;2544;DHE;HD;Cine;No
Uruguay;Prepago;Plata HD Pre;2550;Atres Series;HD;Cine;Si
Uruguay;Prepago;Plata HD Pre;2552;USA Network;HD;Cine;No
Uruguay;Prepago;Plata HD Pre;2590;El Gourmet;HD;Variedades;Si
Uruguay;Prepago;Plata HD Pre;2592;Food Network;HD;Variedades;No
Uruguay;Prepago;Plata HD Pre;2596;Lifetime;HD;Variedades;No
Uruguay;Prepago;Plata HD Pre;2600;Animal Planet;HD;Variedades;Si
Uruguay;Prepago;Plata HD Pre;2604;Discovery Travel & Living Channel (TLC);HD;Variedades;Si
Uruguay;Prepago;Plata HD Pre;2608;E! Entertainment;HD;Variedades;Si
Uruguay;Prepago;Plata HD Pre;2620;MTV;HD;Variedades;Si
Uruguay;Prepago;Plata HD Pre;2702;Antena 3 Internacional;HD;Mundo;Si
Uruguay;Prepago;Plata HD Pre;2713;France 24 Español;HD;Mundo;Si
Uruguay;Prepago;Plata HD Pre;2728;TV Perú;HD;Mundo;Si
Uruguay;Prepago;Plata HD Pre;2804;Escuela Plus;HD;Variedades;Si
Uruguay;Prepago;Oro Pre;184;Clic Rural;SD;Variedades;Si
Uruguay;Prepago;Oro Pre;190;Canal 4;SD;Nacional;Si
Uruguay;Prepago;Oro Pre;191;Televisión Nacional;SD;Nacional;Si
Uruguay;Prepago;Oro Pre;192;Teledoce;SD;Nacional;Si
Uruguay;Prepago;Oro Pre;193;Saeta;SD;Nacional;Si
Uruguay;Prepago;Oro Pre;194;TV Ciudad HD;HD;Nacional;No
Uruguay;Prepago;Oro Pre;195;Campo Rural TV;HD;Nacional;No
Uruguay;Prepago;Oro Pre;196;UCL;SD;Nacional;Si
Uruguay;Prepago;Oro Pre;199;KZO;SD;Variedades;Si
Uruguay;Prepago;Oro Pre;200;DNews;SD;Mundo;Si
Uruguay;Prepago;Oro Pre;202;Todo Noticias (TN);SD;Mundo;Si
Uruguay;Prepago;Oro Pre;204;La Nación+;SD;Mundo;Si
Uruguay;Prepago;Oro Pre;206;Canal 26;SD;Mundo;Si
Uruguay;Prepago;Oro Pre;208;Crónica TV;SD;Mundo;Si
Uruguay;Prepago;Oro Pre;210;Canal América;SD;Mundo;Si
Uruguay;Prepago;Oro Pre;212;Canal 9;SD;Mundo;Si
Uruguay;Prepago;Oro Pre;214;Canal 5 Noticias;HD;Mundo;Si
Uruguay;Prepago;Oro Pre;216;Argentina 12;SD;Mundo;Si
Uruguay;Prepago;Oro Pre;300;DSports Argentina;SD;Deportes;Si
Uruguay;Prepago;Oro Pre;303;DSports Uruguay Mas;SD;Deportes;Si
Uruguay;Prepago;Oro Pre;304;DSports Uruguay Mas;HD;Deportes;No
Uruguay;Prepago;Oro Pre;310;DSports Uruguay;SD;Deportes;Si
Uruguay;Prepago;Oro Pre;312;DSports 2;SD;Deportes;Si
Uruguay;Prepago;Oro Pre;313;DSports+;SD;Deportes;Si
Uruguay;Prepago;Oro Pre;320;TyC Sports;SD;Deportes;Si
Uruguay;Prepago;Oro Pre;321;ESPN;SD;Deportes;Si
Uruguay;Prepago;Oro Pre;322;ESPN 2;SD;Deportes;Si
Uruguay;Prepago;Oro Pre;323;ESPN 3;SD;Deportes;Si
Uruguay;Prepago;Oro Pre;325;ESPN 4;SD;Deportes;Si
Uruguay;Prepago;Oro Pre;326;ESPN 6;SD;Deportes;Si
Uruguay;Prepago;Oro Pre;327;ESPN 7;SD;Deportes;Si
Uruguay;Prepago;Oro Pre;340;The Golf Channel;SD;Deportes;Si
Uruguay;Prepago;Oro Pre;400;Disney Junior;SD;Infantil;Si
Uruguay;Prepago;Oro Pre;402;Cartoon Network;SD;Infantil;Si
Uruguay;Prepago;Oro Pre;404;Discovery Kids;SD;Infantil;Si
Uruguay;Prepago;Oro Pre;406;Nick Jr.;SD;Infantil;Si
Uruguay;Prepago;Oro Pre;408;Disney Channel;SD;Infantil;Si
Uruguay;Prepago;Oro Pre;410;Nickelodeon;SD;Infantil;Si
Uruguay;Prepago;Oro Pre;412;BabyTV;HD;Infantil;No
Uruguay;Prepago;Oro Pre;414;Cartoonito;SD;Infantil;Si
Uruguay;Prepago;Oro Pre;416;Plim Plim;SD;Infantil;Si
Uruguay;Prepago;Oro Pre;418;El Reino Infantil;SD;Infantil;Si
Uruguay;Prepago;Oro Pre;420;Discovery Home & Health;SD;Variedades;Si
Uruguay;Prepago;Oro Pre;422;History Channel;SD;Variedades;Si
Uruguay;Prepago;Oro Pre;424;Discovery Channel;SD;Variedades;Si
Uruguay;Prepago;Oro Pre;426;Investigation Discovery (ID);SD;Variedades;Si
Uruguay;Prepago;Oro Pre;428;National Geographic;SD;Variedades;Si
Uruguay;Prepago;Oro Pre;430;History 2;SD;Variedades;Si
Uruguay;Prepago;Oro Pre;432;¡Hola! TV;SD;Variedades;Si
Uruguay;Prepago;Oro Pre;450;OnDIRECTV;HD;Variedades;No
Uruguay;Prepago;Oro Pre;452;Star Channel;SD;Cine;Si
Uruguay;Prepago;Oro Pre;454;TNT Latin America;SD;Cine;Si
Uruguay;Prepago;Oro Pre;456;AXN;SD;Cine;Si
Uruguay;Prepago;Oro Pre;458;Universal TV;SD;Cine;Si
Uruguay;Prepago;Oro Pre;460;Space;SD;Cine;Si
Uruguay;Prepago;Oro Pre;462;Warner Channel;SD;Cine;Si
Uruguay;Prepago;Oro Pre;464;TNT Series;SD;Cine;Si
Uruguay;Prepago;Oro Pre;466;Cinecanal;SD;Cine;Si
Uruguay;Prepago;Oro Pre;468;Cinemax;SD;Cine;Si
Uruguay;Prepago;Oro Pre;470;Studio Universal;SD;Cine;Si
Uruguay;Prepago;Oro Pre;472;Sony Movies;SD;Cine;Si
Uruguay;Prepago;Oro Pre;474;Sony;SD;Cine;Si
Uruguay;Prepago;Oro Pre;476;Mórbido TV;SD;Cine;Si
Uruguay;Prepago;Oro Pre;478;Golden Plus;SD;Cine;Si
Uruguay;Prepago;Oro Pre;501;HBO;SD;Cine;Si
Uruguay;Prepago;Oro Pre;504;TCM;SD;Cine;Si
Uruguay;Prepago;Oro Pre;530;Comedy Central;SD;Cine;Si
Uruguay;Prepago;Oro Pre;532;FX;SD;Cine;Si
Uruguay;Prepago;Oro Pre;534;TLnovelas;SD;Cine;Si
Uruguay;Prepago;Oro Pre;536;A&E;SD;Cine;Si
Uruguay;Prepago;Oro Pre;538;AMC;SD;Cine;Si
Uruguay;Prepago;Oro Pre;542;El Canal de las Estrellas;SD;Cine;Si
Uruguay;Prepago;Oro Pre;544;DHE;SD;Cine;Si
Uruguay;Prepago;Oro Pre;546;Golden Edge;SD;Cine;Si
Uruguay;Prepago;Oro Pre;550;Atres Series;SD;Cine;Si
Uruguay;Prepago;Oro Pre;552;USA Network;SD;Cine;Si
Uruguay;Prepago;Oro Pre;558;De Película;SD;Cine;Si
Uruguay;Prepago;Oro Pre;560;TNT Novelas;SD;Cine;No
Uruguay;Prepago;Oro Pre;568;Magazine;SD;Mundo;Si
Uruguay;Prepago;Oro Pre;590;El Gourmet;SD;Variedades;Si
Uruguay;Prepago;Oro Pre;592;Food Network;SD;Variedades;Si
Uruguay;Prepago;Oro Pre;594;Home & Garden (HGTV);HD;Variedades;No
Uruguay;Prepago;Oro Pre;596;Lifetime;SD;Variedades;Si
Uruguay;Prepago;Oro Pre;598;Más Chic;SD;Variedades;Si
Uruguay;Prepago;Oro Pre;600;Animal Planet;SD;Variedades;Si
Uruguay;Prepago;Oro Pre;602;Discovery Turbo;SD;Variedades;Si
Uruguay;Prepago;Oro Pre;604;Discovery Travel & Living Channel (TLC);SD;Variedades;Si
Uruguay;Prepago;Oro Pre;608;E! Entertainment;SD;Variedades;Si
Uruguay;Prepago;Oro Pre;610;Discovery Theater HD;HD;Variedades;No
Uruguay;Prepago;Oro Pre;612;Discovery World;HD;Variedades;No
Uruguay;Prepago;Oro Pre;614;Adult Swim;SD;Variedades;Si
Uruguay;Prepago;Oro Pre;620;MTV;SD;Variedades;Si
Uruguay;Prepago;Oro Pre;622;Quiero Música en Mi Idioma (QMusic);SD;Variedades;Si
Uruguay;Prepago;Oro Pre;626;Music Top;HD;Variedades;No
Uruguay;Prepago;Oro Pre;628;Tierra Mía;HD;Variedades;No
Uruguay;Prepago;Oro Pre;642;Canal Rural;SD;Mundo;Si
Uruguay;Prepago;Oro Pre;644;Chacra TV;SD;Mundo;Si
Uruguay;Prepago;Oro Pre;700;Telemundo Internacional;SD;Mundo;Si
Uruguay;Prepago;Oro Pre;702;Antena 3 Internacional;SD;Mundo;Si
Uruguay;Prepago;Oro Pre;704;Deutsche Welle (DW);SD;Mundo;Si
Uruguay;Prepago;Oro Pre;706;CNN en Español;SD;Mundo;Si
Uruguay;Prepago;Oro Pre;708;CNN International;SD;Mundo;Si
Uruguay;Prepago;Oro Pre;712;RAI Internacional;SD;Mundo;Si
Uruguay;Prepago;Oro Pre;713;France 24 Español;SD;Mundo;Si
Uruguay;Prepago;Oro Pre;714;BBC World News;SD;Mundo;Si
Uruguay;Prepago;Oro Pre;718;CNN Chile;SD;Mundo;Si
Uruguay;Prepago;Oro Pre;720;24 Horas;SD;Mundo;Si
Uruguay;Prepago;Oro Pre;722;Bloomberg Television;SD;Mundo;Si
Uruguay;Prepago;Oro Pre;724;Caracol Internacional;SD;Mundo;Si
Uruguay;Prepago;Oro Pre;726;TV Perú Noticias;HD;Mundo;No
Uruguay;Prepago;Oro Pre;728;TV Perú;SD;Mundo;Si
Uruguay;Prepago;Oro Pre;730;Univisión;SD;Mundo;Si
Uruguay;Prepago;Oro Pre;732;NTN 24;SD;Mundo;Si
Uruguay;Prepago;Oro Pre;734;CGTN Español;SD;Mundo;Si
Uruguay;Prepago;Oro Pre;736;Cable Noticias;SD;Mundo;Si
Uruguay;Prepago;Oro Pre;740;El Tiempo TV;SD;Mundo;Si
Uruguay;Prepago;Oro Pre;742;TV Chile;SD;Mundo;Si
Uruguay;Prepago;Oro Pre;744;RTP Internacional;SD;Mundo;Si
Uruguay;Prepago;Oro Pre;748;Telefe Internacional;SD;Mundo;Si
Uruguay;Prepago;Oro Pre;754;Ve Plus;HD;Variedades;No
Uruguay;Prepago;Oro Pre;780;EWTN;SD;Religioso;Si
Uruguay;Prepago;Oro Pre;782;Enlace;SD;Religioso;Si
Uruguay;Prepago;Oro Pre;784;Canal Luz;SD;Religioso;Si
Uruguay;Prepago;Oro Pre;786;DayStar;SD;Religioso;Si
Uruguay;Prepago;Oro Pre;788;Orbe 21;SD;Religioso;No
Uruguay;Prepago;Oro Pre;805;PX Sports;HD;Deportes;No
Uruguay;Prepago;Oro Pre;904;Unión Radio Noticias;Radio;Radio;Si
Uruguay;Prepago;Oro Pre;906;Radio Caracol;Radio;Radio;Si
Uruguay;Prepago;Oro Pre;1206;Todo Noticias (TN);HD;Mundo;No
Uruguay;Prepago;Oro Pre;1325;ESPN Mas;HD;Deportes;No
Uruguay;Prepago;Oro Pre;2184;Clic Rural;HD;Variedades;Si
Uruguay;Prepago;Oro Pre;2190;Monte Carlo TV;HD;Nacional;Si
Uruguay;Prepago;Oro Pre;2192;Teledoce;HD;Nacional;Si
Uruguay;Prepago;Oro Pre;2193;Saeta;HD;Nacional;Si
Uruguay;Prepago;Oro Pre;2199;KZO;HD;Variedades;Si
Uruguay;Prepago;Oro Pre;2200;DNews;HD;Mundo;Si
Uruguay;Prepago;Oro Pre;2202;La Nación+;HD;Mundo;Si
Uruguay;Prepago;Oro Pre;2206;Canal 26;HD;Mundo;No
Uruguay;Prepago;Oro Pre;2210;Canal América;HD;Mundo;No
Uruguay;Prepago;Oro Pre;2212;Canal 9;HD;Mundo;Si
Uruguay;Prepago;Oro Pre;2216;Argentina 12;HD;Mundo;No
Uruguay;Prepago;Oro Pre;2300;DSports Argentina;HD;Deportes;Si
Uruguay;Prepago;Oro Pre;2310;DSports Uruguay;HD;Deportes;Si
Uruguay;Prepago;Oro Pre;2312;DSports 2;HD;Deportes;Si
Uruguay;Prepago;Oro Pre;2313;DSports+;HD;Deportes;Si
Uruguay;Prepago;Oro Pre;2320;TyC Sports;HD;Deportes;Si
Uruguay;Prepago;Oro Pre;2321;ESPN;HD;Deportes;Si
Uruguay;Prepago;Oro Pre;2322;ESPN 2;HD;Deportes;Si
Uruguay;Prepago;Oro Pre;2323;ESPN 3;HD;Deportes;Si
Uruguay;Prepago;Oro Pre;2325;ESPN 4;HD;Deportes;Si
Uruguay;Prepago;Oro Pre;2326;Fox Sports 3;HD;Deportes;Si
Uruguay;Prepago;Oro Pre;2327;Fox Sports 2;HD;Deportes;Si
Uruguay;Prepago;Oro Pre;2340;The Golf Channel;HD;Deportes;Si
Uruguay;Prepago;Oro Pre;2400;Disney Junior;HD;Infantil;Si
Uruguay;Prepago;Oro Pre;2402;Cartoon Network;HD;Infantil;Si
Uruguay;Prepago;Oro Pre;2404;Discovery Kids;HD;Infantil;Si
Uruguay;Prepago;Oro Pre;2406;Nick Jr.;HD;Infantil;No
Uruguay;Prepago;Oro Pre;2408;Disney Channel;HD;Infantil;Si
Uruguay;Prepago;Oro Pre;2410;Nickelodeon;HD;Infantil;Si
Uruguay;Prepago;Oro Pre;2416;Plim Plim;HD;Infantil;Si
Uruguay;Prepago;Oro Pre;2418;El Reino Infantil;HD;Infantil;Si
Uruguay;Prepago;Oro Pre;2420;Discovery Home & Health;HD;Variedades;Si
Uruguay;Prepago;Oro Pre;2422;History Channel;HD;Variedades;Si
Uruguay;Prepago;Oro Pre;2424;Discovery Channel;HD;Variedades;Si
Uruguay;Prepago;Oro Pre;2426;Investigation Discovery (ID);HD;Variedades;Si
Uruguay;Prepago;Oro Pre;2428;National Geographic;HD;Variedades;Si
Uruguay;Prepago;Oro Pre;2430;History 2;HD;Variedades;Si
Uruguay;Prepago;Oro Pre;2432;¡Hola! TV;HD;Variedades;Si
Uruguay;Prepago;Oro Pre;2452;Star Channel;HD;Cine;Si
Uruguay;Prepago;Oro Pre;2454;TNT Latin America;HD;Cine;Si
Uruguay;Prepago;Oro Pre;2456;AXN;HD;Cine;Si
Uruguay;Prepago;Oro Pre;2458;Universal TV;HD;Cine;Si
Uruguay;Prepago;Oro Pre;2460;Space;HD;Cine;Si
Uruguay;Prepago;Oro Pre;2462;Warner Channel;HD;Cine;Si
Uruguay;Prepago;Oro Pre;2464;TNT Series;HD;Cine;Si
Uruguay;Prepago;Oro Pre;2466;Cinecanal;HD;Cine;Si
Uruguay;Prepago;Oro Pre;2468;Cinemax;HD;Cine;Si
Uruguay;Prepago;Oro Pre;2470;Studio Universal;HD;Cine;Si
Uruguay;Prepago;Oro Pre;2472;Sony Movies;HD;Cine;Si
Uruguay;Prepago;Oro Pre;2474;Sony;HD;Cine;Si
Uruguay;Prepago;Oro Pre;2476;Mórbido TV;HD;Cine;Si
Uruguay;Prepago;Oro Pre;2478;Golden Plus;HD;Cine;Si
Uruguay;Prepago;Oro Pre;2530;Comedy Central;HD;Cine;Si
Uruguay;Prepago;Oro Pre;2532;FX;HD;Cine;Si
Uruguay;Prepago;Oro Pre;2536;A&E;HD;Cine;Si
Uruguay;Prepago;Oro Pre;2538;AMC;HD;Cine;Si
Uruguay;Prepago;Oro Pre;2544;DHE;HD;Cine;Si
Uruguay;Prepago;Oro Pre;2550;Atres Series;HD;Cine;Si
Uruguay;Prepago;Oro Pre;2552;USA Network;HD;Cine;Si
Uruguay;Prepago;Oro Pre;2590;El Gourmet;HD;Variedades;Si
Uruguay;Prepago;Oro Pre;2592;Food Network;HD;Variedades;Si
Uruguay;Prepago;Oro Pre;2596;Lifetime;HD;Variedades;Si
Uruguay;Prepago;Oro Pre;2600;Animal Planet;HD;Variedades;Si
Uruguay;Prepago;Oro Pre;2604;Discovery Travel & Living Channel (TLC);HD;Variedades;Si
Uruguay;Prepago;Oro Pre;2608;E! Entertainment;HD;Variedades;No
Uruguay;Prepago;Oro Pre;2620;MTV;HD;Variedades;Si
Uruguay;Prepago;Oro Pre;2702;Antena 3 Internacional;HD;Mundo;Si
Uruguay;Prepago;Oro Pre;2713;France 24 Español;HD;Mundo;Si
Uruguay;Prepago;Oro Pre;2728;TV Perú;HD;Mundo;No
Uruguay;Prepago;Oro Pre;2804;Escuela Plus;HD;Variedades;Si
Uruguay;Prepago;Oro HD Pre;184;Clic Rural;SD;Variedades;Si
Uruguay;Prepago;Oro HD Pre;190;Canal 4;SD;Nacional;Si
Uruguay;Prepago;Oro HD Pre;191;Televisión Nacional;SD;Nacional;Si
Uruguay;Prepago;Oro HD Pre;192;Teledoce;SD;Nacional;Si
Uruguay;Prepago;Oro HD Pre;193;Saeta;SD;Nacional;Si
Uruguay;Prepago;Oro HD Pre;194;TV Ciudad HD;HD;Nacional;Si
Uruguay;Prepago;Oro HD Pre;195;Campo Rural TV;HD;Nacional;Si
Uruguay;Prepago;Oro HD Pre;196;UCL;SD;Nacional;Si
Uruguay;Prepago;Oro HD Pre;199;KZO;SD;Variedades;Si
Uruguay;Prepago;Oro HD Pre;200;DNews;SD;Mundo;Si
Uruguay;Prepago;Oro HD Pre;202;Todo Noticias (TN);SD;Mundo;Si
Uruguay;Prepago;Oro HD Pre;204;La Nación+;SD;Mundo;Si
Uruguay;Prepago;Oro HD Pre;206;Canal 26;SD;Mundo;Si
Uruguay;Prepago;Oro HD Pre;208;Crónica TV;SD;Mundo;Si
Uruguay;Prepago;Oro HD Pre;210;Canal América;SD;Mundo;Si
Uruguay;Prepago;Oro HD Pre;212;Canal 9;SD;Mundo;Si
Uruguay;Prepago;Oro HD Pre;214;Canal 5 Noticias;HD;Mundo;Si
Uruguay;Prepago;Oro HD Pre;216;Argentina 12;SD;Mundo;Si
Uruguay;Prepago;Oro HD Pre;300;DSports Argentina;SD;Deportes;Si
Uruguay;Prepago;Oro HD Pre;303;DSports Uruguay Mas;SD;Deportes;Si
Uruguay;Prepago;Oro HD Pre;304;DSports Uruguay Mas;HD;Deportes;No
Uruguay;Prepago;Oro HD Pre;310;DSports Uruguay;SD;Deportes;Si
Uruguay;Prepago;Oro HD Pre;312;DSports 2;SD;Deportes;Si
Uruguay;Prepago;Oro HD Pre;313;DSports+;SD;Deportes;Si
Uruguay;Prepago;Oro HD Pre;320;TyC Sports;SD;Deportes;Si
Uruguay;Prepago;Oro HD Pre;321;ESPN;SD;Deportes;Si
Uruguay;Prepago;Oro HD Pre;322;ESPN 2;SD;Deportes;Si
Uruguay;Prepago;Oro HD Pre;323;ESPN 3;SD;Deportes;Si
Uruguay;Prepago;Oro HD Pre;325;ESPN 4;SD;Deportes;Si
Uruguay;Prepago;Oro HD Pre;326;ESPN 6;SD;Deportes;Si
Uruguay;Prepago;Oro HD Pre;327;ESPN 7;SD;Deportes;Si
Uruguay;Prepago;Oro HD Pre;340;The Golf Channel;SD;Deportes;Si
Uruguay;Prepago;Oro HD Pre;400;Disney Junior;SD;Infantil;Si
Uruguay;Prepago;Oro HD Pre;402;Cartoon Network;SD;Infantil;Si
Uruguay;Prepago;Oro HD Pre;404;Discovery Kids;SD;Infantil;Si
Uruguay;Prepago;Oro HD Pre;406;Nick Jr.;SD;Infantil;Si
Uruguay;Prepago;Oro HD Pre;408;Disney Channel;SD;Infantil;Si
Uruguay;Prepago;Oro HD Pre;410;Nickelodeon;SD;Infantil;Si
Uruguay;Prepago;Oro HD Pre;412;BabyTV;HD;Infantil;Si
Uruguay;Prepago;Oro HD Pre;414;Cartoonito;SD;Infantil;Si
Uruguay;Prepago;Oro HD Pre;416;Plim Plim;SD;Infantil;Si
Uruguay;Prepago;Oro HD Pre;418;El Reino Infantil;SD;Infantil;Si
Uruguay;Prepago;Oro HD Pre;420;Discovery Home & Health;SD;Variedades;Si
Uruguay;Prepago;Oro HD Pre;422;History Channel;SD;Variedades;Si
Uruguay;Prepago;Oro HD Pre;424;Discovery Channel;SD;Variedades;Si
Uruguay;Prepago;Oro HD Pre;426;Investigation Discovery (ID);SD;Variedades;Si
Uruguay;Prepago;Oro HD Pre;428;National Geographic;SD;Variedades;Si
Uruguay;Prepago;Oro HD Pre;430;History 2;SD;Variedades;Si
Uruguay;Prepago;Oro HD Pre;432;¡Hola! TV;SD;Variedades;Si
Uruguay;Prepago;Oro HD Pre;450;OnDIRECTV;HD;Variedades;Si
Uruguay;Prepago;Oro HD Pre;452;Star Channel;SD;Cine;Si
Uruguay;Prepago;Oro HD Pre;454;TNT Latin America;SD;Cine;Si
Uruguay;Prepago;Oro HD Pre;456;AXN;SD;Cine;Si
Uruguay;Prepago;Oro HD Pre;458;Universal TV;SD;Cine;Si
Uruguay;Prepago;Oro HD Pre;460;Space;SD;Cine;Si
Uruguay;Prepago;Oro HD Pre;462;Warner Channel;SD;Cine;Si
Uruguay;Prepago;Oro HD Pre;464;TNT Series;SD;Cine;Si
Uruguay;Prepago;Oro HD Pre;466;Cinecanal;SD;Cine;Si
Uruguay;Prepago;Oro HD Pre;468;Cinemax;SD;Cine;Si
Uruguay;Prepago;Oro HD Pre;470;Studio Universal;SD;Cine;Si
Uruguay;Prepago;Oro HD Pre;472;Sony Movies;SD;Cine;Si
Uruguay;Prepago;Oro HD Pre;474;Sony;SD;Cine;Si
Uruguay;Prepago;Oro HD Pre;476;Mórbido TV;SD;Cine;Si
Uruguay;Prepago;Oro HD Pre;478;Golden Plus;SD;Cine;Si
Uruguay;Prepago;Oro HD Pre;501;HBO;SD;Cine;Si
Uruguay;Prepago;Oro HD Pre;504;TCM;SD;Cine;Si
Uruguay;Prepago;Oro HD Pre;530;Comedy Central;SD;Cine;Si
Uruguay;Prepago;Oro HD Pre;532;FX;SD;Cine;Si
Uruguay;Prepago;Oro HD Pre;534;TLnovelas;SD;Cine;Si
Uruguay;Prepago;Oro HD Pre;536;A&E;SD;Cine;Si
Uruguay;Prepago;Oro HD Pre;538;AMC;SD;Cine;Si
Uruguay;Prepago;Oro HD Pre;542;El Canal de las Estrellas;SD;Cine;Si
Uruguay;Prepago;Oro HD Pre;544;DHE;SD;Cine;Si
Uruguay;Prepago;Oro HD Pre;546;Golden Edge;SD;Cine;Si
Uruguay;Prepago;Oro HD Pre;550;Atres Series;SD;Cine;Si
Uruguay;Prepago;Oro HD Pre;552;USA Network;SD;Cine;Si
Uruguay;Prepago;Oro HD Pre;558;De Película;SD;Cine;Si
Uruguay;Prepago;Oro HD Pre;560;TNT Novelas;SD;Cine;No
Uruguay;Prepago;Oro HD Pre;568;Magazine;SD;Mundo;Si
Uruguay;Prepago;Oro HD Pre;590;El Gourmet;SD;Variedades;Si
Uruguay;Prepago;Oro HD Pre;592;Food Network;SD;Variedades;Si
Uruguay;Prepago;Oro HD Pre;594;Home & Garden (HGTV);HD;Variedades;Si
Uruguay;Prepago;Oro HD Pre;596;Lifetime;SD;Variedades;Si
Uruguay;Prepago;Oro HD Pre;598;Más Chic;SD;Variedades;Si
Uruguay;Prepago;Oro HD Pre;600;Animal Planet;SD;Variedades;Si
Uruguay;Prepago;Oro HD Pre;602;Discovery Turbo;SD;Variedades;Si
Uruguay;Prepago;Oro HD Pre;604;Discovery Travel & Living Channel (TLC);SD;Variedades;Si
Uruguay;Prepago;Oro HD Pre;608;E! Entertainment;SD;Variedades;Si
Uruguay;Prepago;Oro HD Pre;610;Discovery Theater HD;HD;Variedades;Si
Uruguay;Prepago;Oro HD Pre;612;Discovery World;HD;Variedades;Si
Uruguay;Prepago;Oro HD Pre;614;Adult Swim;SD;Variedades;Si
Uruguay;Prepago;Oro HD Pre;620;MTV;SD;Variedades;Si
Uruguay;Prepago;Oro HD Pre;622;Quiero Música en Mi Idioma (QMusic);SD;Variedades;Si
Uruguay;Prepago;Oro HD Pre;626;Music Top;HD;Variedades;Si
Uruguay;Prepago;Oro HD Pre;628;Tierra Mía;HD;Variedades;Si
Uruguay;Prepago;Oro HD Pre;642;Canal Rural;SD;Mundo;Si
Uruguay;Prepago;Oro HD Pre;644;Chacra TV;SD;Mundo;Si
Uruguay;Prepago;Oro HD Pre;700;Telemundo Internacional;SD;Mundo;Si
Uruguay;Prepago;Oro HD Pre;702;Antena 3 Internacional;SD;Mundo;Si
Uruguay;Prepago;Oro HD Pre;704;Deutsche Welle (DW);SD;Mundo;Si
Uruguay;Prepago;Oro HD Pre;706;CNN en Español;SD;Mundo;Si
Uruguay;Prepago;Oro HD Pre;708;CNN International;SD;Mundo;Si
Uruguay;Prepago;Oro HD Pre;712;RAI Internacional;SD;Mundo;Si
Uruguay;Prepago;Oro HD Pre;713;France 24 Español;SD;Mundo;Si
Uruguay;Prepago;Oro HD Pre;714;BBC World News;SD;Mundo;Si
Uruguay;Prepago;Oro HD Pre;718;CNN Chile;SD;Mundo;Si
Uruguay;Prepago;Oro HD Pre;720;24 Horas;SD;Mundo;Si
Uruguay;Prepago;Oro HD Pre;722;Bloomberg Television;SD;Mundo;Si
Uruguay;Prepago;Oro HD Pre;724;Caracol Internacional;SD;Mundo;Si
Uruguay;Prepago;Oro HD Pre;726;TV Perú Noticias;HD;Mundo;Si
Uruguay;Prepago;Oro HD Pre;728;TV Perú;SD;Mundo;Si
Uruguay;Prepago;Oro HD Pre;730;Univisión;SD;Mundo;Si
Uruguay;Prepago;Oro HD Pre;732;NTN 24;SD;Mundo;Si
Uruguay;Prepago;Oro HD Pre;734;CGTN Español;SD;Mundo;Si
Uruguay;Prepago;Oro HD Pre;736;Cable Noticias;SD;Mundo;Si
Uruguay;Prepago;Oro HD Pre;740;El Tiempo TV;SD;Mundo;Si
Uruguay;Prepago;Oro HD Pre;742;TV Chile;SD;Mundo;Si
Uruguay;Prepago;Oro HD Pre;744;RTP Internacional;SD;Mundo;Si
Uruguay;Prepago;Oro HD Pre;748;Telefe Internacional;SD;Mundo;Si
Uruguay;Prepago;Oro HD Pre;754;Ve Plus;HD;Variedades;Si
Uruguay;Prepago;Oro HD Pre;780;EWTN;SD;Religioso;Si
Uruguay;Prepago;Oro HD Pre;782;Enlace;SD;Religioso;Si
Uruguay;Prepago;Oro HD Pre;784;Canal Luz;SD;Religioso;Si
Uruguay;Prepago;Oro HD Pre;786;DayStar;SD;Religioso;Si
Uruguay;Prepago;Oro HD Pre;788;Orbe 21;SD;Religioso;No
Uruguay;Prepago;Oro HD Pre;805;PX Sports;HD;Deportes;Si
Uruguay;Prepago;Oro HD Pre;904;Unión Radio Noticias;Radio;Radio;Si
Uruguay;Prepago;Oro HD Pre;906;Radio Caracol;Radio;Radio;Si
Uruguay;Prepago;Oro HD Pre;1206;Todo Noticias (TN);HD;Mundo;Si
Uruguay;Prepago;Oro HD Pre;1325;ESPN Mas;HD;Deportes;Si
Uruguay;Prepago;Oro HD Pre;2184;Clic Rural;HD;Variedades;Si
Uruguay;Prepago;Oro HD Pre;2190;Monte Carlo TV;HD;Nacional;Si
Uruguay;Prepago;Oro HD Pre;2192;Teledoce;HD;Nacional;Si
Uruguay;Prepago;Oro HD Pre;2193;Saeta;HD;Nacional;Si
Uruguay;Prepago;Oro HD Pre;2199;KZO;HD;Variedades;Si
Uruguay;Prepago;Oro HD Pre;2200;DNews;HD;Mundo;Si
Uruguay;Prepago;Oro HD Pre;2202;La Nación+;HD;Mundo;Si
Uruguay;Prepago;Oro HD Pre;2206;Canal 26;HD;Mundo;Si
Uruguay;Prepago;Oro HD Pre;2210;Canal América;HD;Mundo;Si
Uruguay;Prepago;Oro HD Pre;2212;Canal 9;HD;Mundo;Si
Uruguay;Prepago;Oro HD Pre;2216;Argentina 12;HD;Mundo;Si
Uruguay;Prepago;Oro HD Pre;2300;DSports Argentina;HD;Deportes;Si
Uruguay;Prepago;Oro HD Pre;2310;DSports Uruguay;HD;Deportes;Si
Uruguay;Prepago;Oro HD Pre;2312;DSports 2;HD;Deportes;Si
Uruguay;Prepago;Oro HD Pre;2313;DSports+;HD;Deportes;Si
Uruguay;Prepago;Oro HD Pre;2320;TyC Sports;HD;Deportes;Si
Uruguay;Prepago;Oro HD Pre;2321;ESPN;HD;Deportes;Si
Uruguay;Prepago;Oro HD Pre;2322;ESPN 2;HD;Deportes;Si
Uruguay;Prepago;Oro HD Pre;2323;ESPN 3;HD;Deportes;Si
Uruguay;Prepago;Oro HD Pre;2325;ESPN 4;HD;Deportes;Si
Uruguay;Prepago;Oro HD Pre;2326;Fox Sports 3;HD;Deportes;Si
Uruguay;Prepago;Oro HD Pre;2327;Fox Sports 2;HD;Deportes;Si
Uruguay;Prepago;Oro HD Pre;2340;The Golf Channel;HD;Deportes;Si
Uruguay;Prepago;Oro HD Pre;2400;Disney Junior;HD;Infantil;Si
Uruguay;Prepago;Oro HD Pre;2402;Cartoon Network;HD;Infantil;Si
Uruguay;Prepago;Oro HD Pre;2404;Discovery Kids;HD;Infantil;Si
Uruguay;Prepago;Oro HD Pre;2406;Nick Jr.;HD;Infantil;Si
Uruguay;Prepago;Oro HD Pre;2408;Disney Channel;HD;Infantil;Si
Uruguay;Prepago;Oro HD Pre;2410;Nickelodeon;HD;Infantil;Si
Uruguay;Prepago;Oro HD Pre;2416;Plim Plim;HD;Infantil;Si
Uruguay;Prepago;Oro HD Pre;2418;El Reino Infantil;HD;Infantil;Si
Uruguay;Prepago;Oro HD Pre;2420;Discovery Home & Health;HD;Variedades;Si
Uruguay;Prepago;Oro HD Pre;2422;History Channel;HD;Variedades;Si
Uruguay;Prepago;Oro HD Pre;2424;Discovery Channel;HD;Variedades;Si
Uruguay;Prepago;Oro HD Pre;2426;Investigation Discovery (ID);HD;Variedades;Si
Uruguay;Prepago;Oro HD Pre;2428;National Geographic;HD;Variedades;Si
Uruguay;Prepago;Oro HD Pre;2430;History 2;HD;Variedades;Si
Uruguay;Prepago;Oro HD Pre;2432;¡Hola! TV;HD;Variedades;Si
Uruguay;Prepago;Oro HD Pre;2452;Star Channel;HD;Cine;Si
Uruguay;Prepago;Oro HD Pre;2454;TNT Latin America;HD;Cine;Si
Uruguay;Prepago;Oro HD Pre;2456;AXN;HD;Cine;Si
Uruguay;Prepago;Oro HD Pre;2458;Universal TV;HD;Cine;Si
Uruguay;Prepago;Oro HD Pre;2460;Space;HD;Cine;Si
Uruguay;Prepago;Oro HD Pre;2462;Warner Channel;HD;Cine;Si
Uruguay;Prepago;Oro HD Pre;2464;TNT Series;HD;Cine;Si
Uruguay;Prepago;Oro HD Pre;2466;Cinecanal;HD;Cine;Si
Uruguay;Prepago;Oro HD Pre;2468;Cinemax;HD;Cine;Si
Uruguay;Prepago;Oro HD Pre;2470;Studio Universal;HD;Cine;Si
Uruguay;Prepago;Oro HD Pre;2472;Sony Movies;HD;Cine;Si
Uruguay;Prepago;Oro HD Pre;2474;Sony;HD;Cine;Si
Uruguay;Prepago;Oro HD Pre;2476;Mórbido TV;HD;Cine;Si
Uruguay;Prepago;Oro HD Pre;2478;Golden Plus;HD;Cine;Si
Uruguay;Prepago;Oro HD Pre;2530;Comedy Central;HD;Cine;Si
Uruguay;Prepago;Oro HD Pre;2532;FX;HD;Cine;Si
Uruguay;Prepago;Oro HD Pre;2536;A&E;HD;Cine;Si
Uruguay;Prepago;Oro HD Pre;2538;AMC;HD;Cine;Si
Uruguay;Prepago;Oro HD Pre;2544;DHE;HD;Cine;Si
Uruguay;Prepago;Oro HD Pre;2550;Atres Series;HD;Cine;Si
Uruguay;Prepago;Oro HD Pre;2552;USA Network;HD;Cine;Si
Uruguay;Prepago;Oro HD Pre;2590;El Gourmet;HD;Variedades;Si
Uruguay;Prepago;Oro HD Pre;2592;Food Network;HD;Variedades;Si
Uruguay;Prepago;Oro HD Pre;2596;Lifetime;HD;Variedades;Si
Uruguay;Prepago;Oro HD Pre;2600;Animal Planet;HD;Variedades;Si
Uruguay;Prepago;Oro HD Pre;2604;Discovery Travel & Living Channel (TLC);HD;Variedades;Si
Uruguay;Prepago;Oro HD Pre;2608;E! Entertainment;HD;Variedades;Si
Uruguay;Prepago;Oro HD Pre;2620;MTV;HD;Variedades;Si
Uruguay;Prepago;Oro HD Pre;2702;Antena 3 Internacional;HD;Mundo;Si
Uruguay;Prepago;Oro HD Pre;2713;France 24 Español;HD;Mundo;Si
Uruguay;Prepago;Oro HD Pre;2728;TV Perú;HD;Mundo;Si
Uruguay;Prepago;Oro HD Pre;2804;Escuela Plus;HD;Variedades;Si
Uruguay;Prepago;Lite HD Prepago;184;Clic Rural;SD;Variedades;Si
Uruguay;Prepago;Lite HD Prepago;190;Canal 4;SD;Nacional;Si
Uruguay;Prepago;Lite HD Prepago;191;Televisión Nacional;SD;Nacional;Si
Uruguay;Prepago;Lite HD Prepago;192;Teledoce;SD;Nacional;Si
Uruguay;Prepago;Lite HD Prepago;193;Saeta;SD;Nacional;Si
Uruguay;Prepago;Lite HD Prepago;194;TV Ciudad HD;HD;Nacional;Si
Uruguay;Prepago;Lite HD Prepago;195;Campo Rural TV;HD;Nacional;No
Uruguay;Prepago;Lite HD Prepago;196;UCL;SD;Nacional;No
Uruguay;Prepago;Lite HD Prepago;199;KZO;SD;Variedades;Si
Uruguay;Prepago;Lite HD Prepago;200;DNews;SD;Mundo;Si
Uruguay;Prepago;Lite HD Prepago;202;Todo Noticias (TN);SD;Mundo;No
Uruguay;Prepago;Lite HD Prepago;204;La Nación+;SD;Mundo;Si
Uruguay;Prepago;Lite HD Prepago;206;Canal 26;SD;Mundo;No
Uruguay;Prepago;Lite HD Prepago;208;Crónica TV;SD;Mundo;Si
Uruguay;Prepago;Lite HD Prepago;210;Canal América;SD;Mundo;No
Uruguay;Prepago;Lite HD Prepago;212;Canal 9;SD;Mundo;Si
Uruguay;Prepago;Lite HD Prepago;214;Canal 5 Noticias;HD;Mundo;No
Uruguay;Prepago;Lite HD Prepago;216;Argentina 12;SD;Mundo;Si
Uruguay;Prepago;Lite HD Prepago;300;DSports Argentina;SD;Deportes;No
Uruguay;Prepago;Lite HD Prepago;303;DSports Uruguay Mas;SD;Deportes;Si
Uruguay;Prepago;Lite HD Prepago;304;DSports Uruguay Mas;HD;Deportes;No
Uruguay;Prepago;Lite HD Prepago;310;DSports Uruguay;SD;Deportes;No
Uruguay;Prepago;Lite HD Prepago;312;DSports 2;SD;Deportes;Si
Uruguay;Prepago;Lite HD Prepago;313;DSports+;SD;Deportes;No
Uruguay;Prepago;Lite HD Prepago;320;TyC Sports;SD;Deportes;No
Uruguay;Prepago;Lite HD Prepago;321;ESPN;SD;Deportes;Si
Uruguay;Prepago;Lite HD Prepago;322;ESPN 2;SD;Deportes;Si
Uruguay;Prepago;Lite HD Prepago;323;ESPN 3;SD;Deportes;No
Uruguay;Prepago;Lite HD Prepago;325;ESPN 4;SD;Deportes;Si
Uruguay;Prepago;Lite HD Prepago;326;ESPN 6;SD;Deportes;No
Uruguay;Prepago;Lite HD Prepago;327;ESPN 7;SD;Deportes;No
Uruguay;Prepago;Lite HD Prepago;340;The Golf Channel;SD;Deportes;No
Uruguay;Prepago;Lite HD Prepago;400;Disney Junior;SD;Infantil;Si
Uruguay;Prepago;Lite HD Prepago;402;Cartoon Network;SD;Infantil;Si
Uruguay;Prepago;Lite HD Prepago;404;Discovery Kids;SD;Infantil;Si
Uruguay;Prepago;Lite HD Prepago;406;Nick Jr.;SD;Infantil;No
Uruguay;Prepago;Lite HD Prepago;408;Disney Channel;SD;Infantil;No
Uruguay;Prepago;Lite HD Prepago;410;Nickelodeon;SD;Infantil;Si
Uruguay;Prepago;Lite HD Prepago;412;BabyTV;HD;Infantil;No
Uruguay;Prepago;Lite HD Prepago;414;Cartoonito;SD;Infantil;No
Uruguay;Prepago;Lite HD Prepago;416;Plim Plim;SD;Infantil;No
Uruguay;Prepago;Lite HD Prepago;418;El Reino Infantil;SD;Infantil;No
Uruguay;Prepago;Lite HD Prepago;420;Discovery Home & Health;SD;Variedades;Si
Uruguay;Prepago;Lite HD Prepago;422;History Channel;SD;Variedades;Si
Uruguay;Prepago;Lite HD Prepago;424;Discovery Channel;SD;Variedades;Si
Uruguay;Prepago;Lite HD Prepago;426;Investigation Discovery (ID);SD;Variedades;No
Uruguay;Prepago;Lite HD Prepago;428;National Geographic;SD;Variedades;Si
Uruguay;Prepago;Lite HD Prepago;430;History 2;SD;Variedades;No
Uruguay;Prepago;Lite HD Prepago;432;¡Hola! TV;SD;Variedades;Si
Uruguay;Prepago;Lite HD Prepago;450;OnDIRECTV;HD;Variedades;No
Uruguay;Prepago;Lite HD Prepago;452;Star Channel;SD;Cine;Si
Uruguay;Prepago;Lite HD Prepago;454;TNT Latin America;SD;Cine;Si
Uruguay;Prepago;Lite HD Prepago;456;AXN;SD;Cine;Si
Uruguay;Prepago;Lite HD Prepago;458;Universal TV;SD;Cine;Si
Uruguay;Prepago;Lite HD Prepago;460;Space;SD;Cine;Si
Uruguay;Prepago;Lite HD Prepago;462;Warner Channel;SD;Cine;Si
Uruguay;Prepago;Lite HD Prepago;464;TNT Series;SD;Cine;No
Uruguay;Prepago;Lite HD Prepago;466;Cinecanal;SD;Cine;Si
Uruguay;Prepago;Lite HD Prepago;468;Cinemax;SD;Cine;Si
Uruguay;Prepago;Lite HD Prepago;470;Studio Universal;SD;Cine;Si
Uruguay;Prepago;Lite HD Prepago;472;Sony Movies;SD;Cine;No
Uruguay;Prepago;Lite HD Prepago;474;Sony;SD;Cine;Si
Uruguay;Prepago;Lite HD Prepago;476;Mórbido TV;SD;Cine;No
Uruguay;Prepago;Lite HD Prepago;478;Golden Plus;SD;Cine;No
Uruguay;Prepago;Lite HD Prepago;501;HBO;SD;Cine;No
Uruguay;Prepago;Lite HD Prepago;504;TCM;SD;Cine;No
Uruguay;Prepago;Lite HD Prepago;530;Comedy Central;SD;Cine;No
Uruguay;Prepago;Lite HD Prepago;532;FX;SD;Cine;No
Uruguay;Prepago;Lite HD Prepago;534;TLnovelas;SD;Cine;No
Uruguay;Prepago;Lite HD Prepago;536;A&E;SD;Cine;No
Uruguay;Prepago;Lite HD Prepago;538;AMC;SD;Cine;No
Uruguay;Prepago;Lite HD Prepago;542;El Canal de las Estrellas;SD;Cine;No
Uruguay;Prepago;Lite HD Prepago;544;DHE;SD;Cine;No
Uruguay;Prepago;Lite HD Prepago;546;Golden Edge;SD;Cine;No
Uruguay;Prepago;Lite HD Prepago;550;Atres Series;SD;Cine;No
Uruguay;Prepago;Lite HD Prepago;552;USA Network;SD;Cine;No
Uruguay;Prepago;Lite HD Prepago;558;De Película;SD;Cine;No
Uruguay;Prepago;Lite HD Prepago;560;TNT Novelas;SD;Cine;No
Uruguay;Prepago;Lite HD Prepago;568;Magazine;SD;Mundo;No
Uruguay;Prepago;Lite HD Prepago;590;El Gourmet;SD;Variedades;No
Uruguay;Prepago;Lite HD Prepago;592;Food Network;SD;Variedades;No
Uruguay;Prepago;Lite HD Prepago;594;Home & Garden (HGTV);HD;Variedades;No
Uruguay;Prepago;Lite HD Prepago;596;Lifetime;SD;Variedades;No
Uruguay;Prepago;Lite HD Prepago;598;Más Chic;SD;Variedades;No
Uruguay;Prepago;Lite HD Prepago;600;Animal Planet;SD;Variedades;No
Uruguay;Prepago;Lite HD Prepago;602;Discovery Turbo;SD;Variedades;No
Uruguay;Prepago;Lite HD Prepago;604;Discovery Travel & Living Channel (TLC);SD;Variedades;No
Uruguay;Prepago;Lite HD Prepago;608;E! Entertainment;SD;Variedades;No
Uruguay;Prepago;Lite HD Prepago;610;Discovery Theater HD;HD;Variedades;No
Uruguay;Prepago;Lite HD Prepago;612;Discovery World;HD;Variedades;No
Uruguay;Prepago;Lite HD Prepago;614;Adult Swim;SD;Variedades;No
Uruguay;Prepago;Lite HD Prepago;620;MTV;SD;Variedades;No
Uruguay;Prepago;Lite HD Prepago;622;Quiero Música en Mi Idioma (QMusic);SD;Variedades;No
Uruguay;Prepago;Lite HD Prepago;626;Music Top;HD;Variedades;No
Uruguay;Prepago;Lite HD Prepago;628;Tierra Mía;HD;Variedades;No
Uruguay;Prepago;Lite HD Prepago;642;Canal Rural;SD;Mundo;No
Uruguay;Prepago;Lite HD Prepago;644;Chacra TV;SD;Mundo;No
Uruguay;Prepago;Lite HD Prepago;700;Telemundo Internacional;SD;Mundo;No
Uruguay;Prepago;Lite HD Prepago;702;Antena 3 Internacional;SD;Mundo;No
Uruguay;Prepago;Lite HD Prepago;704;Deutsche Welle (DW);SD;Mundo;No
Uruguay;Prepago;Lite HD Prepago;706;CNN en Español;SD;Mundo;No
Uruguay;Prepago;Lite HD Prepago;708;CNN International;SD;Mundo;No
Uruguay;Prepago;Lite HD Prepago;712;RAI Internacional;SD;Mundo;No
Uruguay;Prepago;Lite HD Prepago;713;France 24 Español;SD;Mundo;No
Uruguay;Prepago;Lite HD Prepago;714;BBC World News;SD;Mundo;No
Uruguay;Prepago;Lite HD Prepago;718;CNN Chile;SD;Mundo;No
Uruguay;Prepago;Lite HD Prepago;720;24 Horas;SD;Mundo;No
Uruguay;Prepago;Lite HD Prepago;722;Bloomberg Television;SD;Mundo;No
Uruguay;Prepago;Lite HD Prepago;724;Caracol Internacional;SD;Mundo;No
Uruguay;Prepago;Lite HD Prepago;726;TV Perú Noticias;HD;Mundo;No
Uruguay;Prepago;Lite HD Prepago;728;TV Perú;SD;Mundo;No
Uruguay;Prepago;Lite HD Prepago;730;Univisión;SD;Mundo;No
Uruguay;Prepago;Lite HD Prepago;732;NTN 24;SD;Mundo;No
Uruguay;Prepago;Lite HD Prepago;734;CGTN Español;SD;Mundo;No
Uruguay;Prepago;Lite HD Prepago;736;Cable Noticias;SD;Mundo;No
Uruguay;Prepago;Lite HD Prepago;740;El Tiempo TV;SD;Mundo;No
Uruguay;Prepago;Lite HD Prepago;742;TV Chile;SD;Mundo;No
Uruguay;Prepago;Lite HD Prepago;744;RTP Internacional;SD;Mundo;No
Uruguay;Prepago;Lite HD Prepago;748;Telefe Internacional;SD;Mundo;No
Uruguay;Prepago;Lite HD Prepago;754;Ve Plus;HD;Variedades;No
Uruguay;Prepago;Lite HD Prepago;780;EWTN;SD;Religioso;No
Uruguay;Prepago;Lite HD Prepago;782;Enlace;SD;Religioso;No
Uruguay;Prepago;Lite HD Prepago;784;Canal Luz;SD;Religioso;No
Uruguay;Prepago;Lite HD Prepago;786;DayStar;SD;Religioso;No
Uruguay;Prepago;Lite HD Prepago;788;Orbe 21;SD;Religioso;No
Uruguay;Prepago;Lite HD Prepago;805;PX Sports;HD;Deportes;No
Uruguay;Prepago;Lite HD Prepago;904;Unión Radio Noticias;Radio;Radio;No
Uruguay;Prepago;Lite HD Prepago;906;Radio Caracol;Radio;Radio;No
Uruguay;Prepago;Lite HD Prepago;1206;Todo Noticias (TN);HD;Mundo;No
Uruguay;Prepago;Lite HD Prepago;1325;ESPN Mas;HD;Deportes;No
Uruguay;Prepago;Lite HD Prepago;2184;Clic Rural;HD;Variedades;Si
Uruguay;Prepago;Lite HD Prepago;2190;Monte Carlo TV;HD;Nacional;No
Uruguay;Prepago;Lite HD Prepago;2192;Teledoce;HD;Nacional;No
Uruguay;Prepago;Lite HD Prepago;2193;Saeta;HD;Nacional;No
Uruguay;Prepago;Lite HD Prepago;2199;KZO;HD;Variedades;Si
Uruguay;Prepago;Lite HD Prepago;2200;DNews;HD;Mundo;No
Uruguay;Prepago;Lite HD Prepago;2202;La Nación+;HD;Mundo;No
Uruguay;Prepago;Lite HD Prepago;2206;Canal 26;HD;Mundo;No
Uruguay;Prepago;Lite HD Prepago;2210;Canal América;HD;Mundo;No
Uruguay;Prepago;Lite HD Prepago;2212;Canal 9;HD;Mundo;No
Uruguay;Prepago;Lite HD Prepago;2216;Argentina 12;HD;Mundo;No
Uruguay;Prepago;Lite HD Prepago;2300;DSports Argentina;HD;Deportes;No
Uruguay;Prepago;Lite HD Prepago;2310;DSports Uruguay;HD;Deportes;No
Uruguay;Prepago;Lite HD Prepago;2312;DSports 2;HD;Deportes;No
Uruguay;Prepago;Lite HD Prepago;2313;DSports+;HD;Deportes;No
Uruguay;Prepago;Lite HD Prepago;2320;TyC Sports;HD;Deportes;No
Uruguay;Prepago;Lite HD Prepago;2321;ESPN;HD;Deportes;No
Uruguay;Prepago;Lite HD Prepago;2322;ESPN 2;HD;Deportes;No
Uruguay;Prepago;Lite HD Prepago;2323;ESPN 3;HD;Deportes;No
Uruguay;Prepago;Lite HD Prepago;2325;ESPN 4;HD;Deportes;No
Uruguay;Prepago;Lite HD Prepago;2326;Fox Sports 3;HD;Deportes;No
Uruguay;Prepago;Lite HD Prepago;2327;Fox Sports 2;HD;Deportes;No
Uruguay;Prepago;Lite HD Prepago;2340;The Golf Channel;HD;Deportes;No
Uruguay;Prepago;Lite HD Prepago;2400;Disney Junior;HD;Infantil;No
Uruguay;Prepago;Lite HD Prepago;2402;Cartoon Network;HD;Infantil;No
Uruguay;Prepago;Lite HD Prepago;2404;Discovery Kids;HD;Infantil;No
Uruguay;Prepago;Lite HD Prepago;2406;Nick Jr.;HD;Infantil;No
Uruguay;Prepago;Lite HD Prepago;2408;Disney Channel;HD;Infantil;No
Uruguay;Prepago;Lite HD Prepago;2410;Nickelodeon;HD;Infantil;No
Uruguay;Prepago;Lite HD Prepago;2416;Plim Plim;HD;Infantil;No
Uruguay;Prepago;Lite HD Prepago;2418;El Reino Infantil;HD;Infantil;No
Uruguay;Prepago;Lite HD Prepago;2420;Discovery Home & Health;HD;Variedades;No
Uruguay;Prepago;Lite HD Prepago;2422;History Channel;HD;Variedades;No
Uruguay;Prepago;Lite HD Prepago;2424;Discovery Channel;HD;Variedades;No
Uruguay;Prepago;Lite HD Prepago;2426;Investigation Discovery (ID);HD;Variedades;No
Uruguay;Prepago;Lite HD Prepago;2428;National Geographic;HD;Variedades;No
Uruguay;Prepago;Lite HD Prepago;2430;History 2;HD;Variedades;No
Uruguay;Prepago;Lite HD Prepago;2432;¡Hola! TV;HD;Variedades;No
Uruguay;Prepago;Lite HD Prepago;2452;Star Channel;HD;Cine;No
Uruguay;Prepago;Lite HD Prepago;2454;TNT Latin America;HD;Cine;No
Uruguay;Prepago;Lite HD Prepago;2456;AXN;HD;Cine;No
Uruguay;Prepago;Lite HD Prepago;2458;Universal TV;HD;Cine;No
Uruguay;Prepago;Lite HD Prepago;2460;Space;HD;Cine;No
Uruguay;Prepago;Lite HD Prepago;2462;Warner Channel;HD;Cine;No
Uruguay;Prepago;Lite HD Prepago;2464;TNT Series;HD;Cine;No
Uruguay;Prepago;Lite HD Prepago;2466;Cinecanal;HD;Cine;No
Uruguay;Prepago;Lite HD Prepago;2468;Cinemax;HD;Cine;No
Uruguay;Prepago;Lite HD Prepago;2470;Studio Universal;HD;Cine;No
Uruguay;Prepago;Lite HD Prepago;2472;Sony Movies;HD;Cine;No
Uruguay;Prepago;Lite HD Prepago;2474;Sony;HD;Cine;No
Uruguay;Prepago;Lite HD Prepago;2476;Mórbido TV;HD;Cine;No
Uruguay;Prepago;Lite HD Prepago;2478;Golden Plus;HD;Cine;No
Uruguay;Prepago;Lite HD Prepago;2530;Comedy Central;HD;Cine;No
Uruguay;Prepago;Lite HD Prepago;2532;FX;HD;Cine;No
Uruguay;Prepago;Lite HD Prepago;2536;A&E;HD;Cine;No
Uruguay;Prepago;Lite HD Prepago;2538;AMC;HD;Cine;No
Uruguay;Prepago;Lite HD Prepago;2544;DHE;HD;Cine;No
Uruguay;Prepago;Lite HD Prepago;2550;Atres Series;HD;Cine;No
Uruguay;Prepago;Lite HD Prepago;2552;USA Network;HD;Cine;No
Uruguay;Prepago;Lite HD Prepago;2590;El Gourmet;HD;Variedades;No
Uruguay;Prepago;Lite HD Prepago;2592;Food Network;HD;Variedades;No
Uruguay;Prepago;Lite HD Prepago;2596;Lifetime;HD;Variedades;No
Uruguay;Prepago;Lite HD Prepago;2600;Animal Planet;HD;Variedades;No
Uruguay;Prepago;Lite HD Prepago;2604;Discovery Travel & Living Channel (TLC);HD;Variedades;No
Uruguay;Prepago;Lite HD Prepago;2608;E! Entertainment;HD;Variedades;No
Uruguay;Prepago;Lite HD Prepago;2620;MTV;HD;Variedades;No
Uruguay;Prepago;Lite HD Prepago;2702;Antena 3 Internacional;HD;Mundo;No
Uruguay;Prepago;Lite HD Prepago;2713;France 24 Español;HD;Mundo;No
Uruguay;Prepago;Lite HD Prepago;2728;TV Perú;HD;Mundo;No
Uruguay;Prepago;Lite HD Prepago;2804;Escuela Plus;HD;Variedades;No
Uruguay;DGO;OTT;N/A;A&E;N/A;Variedades;Si
Uruguay;DGO;OTT;N/A;Atres Cine;N/A;Cine;Si
Uruguay;DGO;OTT;N/A;AMC;N/A;Variedades;Si
Uruguay;DGO;OTT;N/A;America Television HD;N/A;Nacional;Si
Uruguay;DGO;OTT;N/A;Animal Planet HD;N/A;Mundo;Si
Uruguay;DGO;OTT;N/A;Antena 3 HD;N/A;Mundo;Si
Uruguay;DGO;OTT;N/A;Atres Series HD;N/A;Cine;Si
Uruguay;DGO;OTT;N/A;AXN;N/A;Variedades;Si
Uruguay;DGO;OTT;N/A;Azteca Internacional;N/A;Variedades;Si
Uruguay;DGO;OTT;N/A;BabyTV HD;N/A;Infantil;Si
Uruguay;DGO;OTT;N/A;Bloomberg;N/A;Mundo;Si
Uruguay;DGO;OTT;N/A;Boomerang;N/A;Infantil;Si
Uruguay;DGO;OTT;N/A;Canal 26 HD;N/A;Nacional;Si
Uruguay;DGO;OTT;N/A;Canal 9 HD;N/A;Nacional;Si
Uruguay;DGO;OTT;N/A;Caracol Mix;N/A;Variedades;Si
Uruguay;DGO;OTT;N/A;Cartoon Network HD;N/A;Infantil;Si
Uruguay;DGO;OTT;N/A;Cartoonito;N/A;Infantil;No
Uruguay;DGO;OTT;N/A;CGTN Español;N/A;Mundo;Si
Uruguay;DGO;OTT;N/A;Cinecanal Argentina;N/A;Cine;Si
Uruguay;DGO;OTT;N/A;Cinelatino;N/A;Cine;Si
Uruguay;DGO;OTT;N/A;Cinema;N/A;Cine;Si
Uruguay;DGO;OTT;N/A;Cinemax HD;N/A;Cine;Si
Uruguay;DGO;OTT;N/A;Clic;N/A;Variedades;Si
Uruguay;DGO;OTT;N/A;CNN International;N/A;Mundo;Si
Uruguay;DGO;OTT;N/A;CNN en Español;N/A;Mundo;Si
Uruguay;DGO;OTT;N/A;Comedy Central HD;N/A;Variedades;Si
Uruguay;DGO;OTT;N/A;Corazón;N/A;Variedades;Si
Uruguay;DGO;OTT;N/A;Daystar Español;N/A;Mundo;Si
Uruguay;DGO;OTT;N/A;DIRECTV Eventos 1;N/A;Occasional SSLA;Si
Uruguay;DGO;OTT;N/A;DIRECTV Eventos 2;N/A;Occasional SSLA;Si
Uruguay;DGO;OTT;N/A;DIRECTV Eventos 3;N/A;Occasional SSLA;Si
Uruguay;DGO;OTT;N/A;DIRECTV Eventos 4;N/A;Occasional SSLA;Si
Uruguay;DGO;OTT;N/A;DIRECTV Eventos 5;N/A;Occasional SSLA;Si
Uruguay;DGO;OTT;N/A;DIRECTV Eventos 6;N/A;Occasional SSLA;Si
Uruguay;DGO;OTT;N/A;DIRECTV Eventos 7;N/A;Occasional SSLA;Si
Uruguay;DGO;OTT;N/A;DSports Argentina;N/A;Deportes;Si
Uruguay;DGO;OTT;N/A;Dsports Uruguay;N/A;Deportes;Si
Uruguay;DGO;OTT;N/A;DSports 2 HD;N/A;Deportes;Si
Uruguay;DGO;OTT;N/A;DSports Fight;N/A;Deportes;Si
Uruguay;DGO;OTT;N/A;DSports Plus;N/A;Deportes;Si
Uruguay;DGO;OTT;N/A;Discovery Channel HD;N/A;Mundo;Si
Uruguay;DGO;OTT;N/A;Discovery Home & Health;N/A;Variedades;Si
Uruguay;DGO;OTT;N/A;Investigation Discovery (ID) HD;N/A;Variedades;Si
Uruguay;DGO;OTT;N/A;Discovery Kids HD;N/A;Infantil;Si
Uruguay;DGO;OTT;N/A;Discovery Theater;N/A;Mundo;Si
Uruguay;DGO;OTT;N/A;Discovery Travel & Living Channel (TLC) HD;N/A;Mundo;Si
Uruguay;DGO;OTT;N/A;Discovery Turbo;N/A;Mundo;Si
Uruguay;DGO;OTT;N/A;Discovery World;N/A;Mundo;Si
Uruguay;DGO;OTT;N/A;Disney Channel;N/A;Infantil;Si
Uruguay;DGO;OTT;N/A;Disney Junior Sur;N/A;Infantil;Si
Uruguay;DGO;OTT;N/A;DNews;N/A;Mundo;No
Uruguay;DGO;OTT;N/A;DSports Uruguay Plus;N/A;Deportes;Si
Uruguay;DGO;OTT;N/A;E! Entertainment México;N/A;Variedades;Si
Uruguay;DGO;OTT;N/A;Edye;N/A;Infantil;Si
Uruguay;DGO;OTT;N/A;El Gourmet;N/A;Variedades;Si
Uruguay;DGO;OTT;N/A;El Reino Infantil;N/A;Infantil;No
Uruguay;DGO;OTT;N/A;ESPN 2 Latin Andina HD;N/A;Deportes;Si
Uruguay;DGO;OTT;N/A;ESPN 3;N/A;Deportes;Si
Uruguay;DGO;OTT;N/A;ESPN 4;N/A;Deportes;No
Uruguay;DGO;OTT;N/A;ESPN Argentina HD;N/A;Deportes;Si
Uruguay;DGO;OTT;N/A;ESPN Extra;N/A;Deportes;Si
Uruguay;DGO;OTT;N/A;Food Network HD;N/A;Variedades;Si
Uruguay;DGO;OTT;N/A;Fox News;N/A;Mundo;Si
Uruguay;DGO;OTT;N/A;Fox Sports Argentina;N/A;Deportes;Si
Uruguay;DGO;OTT;N/A;Fox Sports 2;N/A;Deportes;Si
Uruguay;DGO;OTT;N/A;Fox Sports Sur 2;N/A;Deportes;Si
Uruguay;DGO;OTT;N/A;Fox Sports 3;N/A;Deportes;Si
Uruguay;DGO;OTT;N/A;France 24 Español;N/A;Mundo;No
Uruguay;DGO;OTT;N/A;FreeTV Acción;N/A;Cine;Si
Uruguay;DGO;OTT;N/A;FreeTV Drama;N/A;Cine;Si
Uruguay;DGO;OTT;N/A;FreeTV Estelar;N/A;Cine;Si
Uruguay;DGO;OTT;N/A;FreeTV Familia;N/A;Cine;Si
Uruguay;DGO;OTT;N/A;FreeTV Hits;N/A;Cine;Si
Uruguay;DGO;OTT;N/A;FreeTV Terror;N/A;Cine;Si
Uruguay;DGO;OTT;N/A;FX Colombia HD;N/A;Variedades;Si
Uruguay;DGO;OTT;N/A;Glitz;N/A;Variedades;Si
Uruguay;DGO;OTT;N/A;Golf Channel HD;N/A;Deportes;Si
Uruguay;DGO;OTT;N/A;HBO;N/A;Cine;Si
Uruguay;DGO;OTT;N/A;HBO 2;N/A;Cine;Si
Uruguay;DGO;OTT;N/A;HBO Family;N/A;Cine;Si
Uruguay;DGO;OTT;N/A;HBO Plus HD;N/A;Cine;Si
Uruguay;DGO;OTT;N/A;HBO Signature;N/A;Nacional;Si
Uruguay;DGO;OTT;N/A;HGTV;N/A;Variedades;Si
Uruguay;DGO;OTT;N/A;History 2 HD;N/A;Mundo;Si
Uruguay;DGO;OTT;N/A;History HD;N/A;Mundo;Si
Uruguay;DGO;OTT;N/A;Hola TV HD;N/A;Variedades;Si
Uruguay;DGO;OTT;N/A;HTV;N/A;Variedades;Si
Uruguay;DGO;OTT;N/A;IP Noticias;N/A;Mundo;Si
Uruguay;DGO;OTT;N/A;ISAT;N/A;Cine;Si
Uruguay;DGO;OTT;N/A;KZO;N/A;Variedades;Si
Uruguay;DGO;OTT;N/A;La Nación + HD;N/A;Nacional;Si
Uruguay;DGO;OTT;N/A;Lifetime HD;N/A;Variedades;Si
Uruguay;DGO;OTT;N/A;Más Chic;N/A;Variedades;Si
Uruguay;DGO;OTT;N/A;Mega Noticias;N/A;Mundo;Si
Uruguay;DGO;OTT;N/A;Mega Tiempo;N/A;Mundo;Si
Uruguay;DGO;OTT;N/A;Monte Carlo TV HD;N/A;Nacional;No
Uruguay;DGO;OTT;N/A;Mórbido TV;N/A;Cine;No
Uruguay;DGO;OTT;N/A;MTV HD;N/A;Variedades;Si
Uruguay;DGO;OTT;N/A;Nat Geo Sur HD;N/A;Mundo;Si
Uruguay;DGO;OTT;N/A;Newsmax TV;N/A;Nacional;Si
Uruguay;DGO;OTT;N/A;Nick Jr. HD;N/A;Infantil;Si
Uruguay;DGO;OTT;N/A;Nickelodeon HD;N/A;Infantil;Si
Uruguay;DGO;OTT;N/A;OnDIRECTV HD;N/A;Cine;Si
Uruguay;DGO;OTT;N/A;Plim Plim;N/A;Infantil;No
Uruguay;DGO;OTT;N/A;Rai Italia;N/A;Mundo;Si
Uruguay;DGO;OTT;N/A;RCN Más;N/A;Variedades;Si
Uruguay;DGO;OTT;N/A;RCN Noticias;N/A;Mundo;Si
Uruguay;DGO;OTT;N/A;Saeta TV;N/A;Nacional;No
Uruguay;DGO;OTT;N/A;Sony;N/A;Cine;Si
Uruguay;DGO;OTT;N/A;Sony Movies;N/A;Cine;No
Uruguay;DGO;OTT;N/A;Space Sur;N/A;Cine;Si
Uruguay;DGO;OTT;N/A;Star Channel (South);N/A;Cine;Si
Uruguay;DGO;OTT;N/A;Studio Universal HD;N/A;Cine;Si
Uruguay;DGO;OTT;N/A;SyFy HD;N/A;Variedades;Si
Uruguay;DGO;OTT;N/A;Tastemade;N/A;Variedades;Si
Uruguay;DGO;OTT;N/A;Tastemade Viajes;N/A;Variedades;Si
Uruguay;DGO;OTT;N/A;TBS Very Funny;N/A;Variedades;Si
Uruguay;DGO;OTT;N/A;TCM;N/A;Cine;No
Uruguay;DGO;OTT;N/A;Teledoce HD;N/A;Nacional;No
Uruguay;DGO;OTT;N/A;Telemundo Internacional;N/A;Variedades;Si
Uruguay;DGO;OTT;N/A;Television Nacional de Uruguay;N/A;Nacional;Si
Uruguay;DGO;OTT;N/A;Discovery Travel & Living Channel (TLC);N/A;Variedades;No
Uruguay;DGO;OTT;N/A;TNT HD;N/A;Cine;Si
Uruguay;DGO;OTT;N/A;TNT Novelas;N/A;Variedades;No
Uruguay;DGO;OTT;N/A;TNT Series;N/A;Cine;Si
Uruguay;DGO;OTT;N/A;TNT Series HD;N/A;Cine;Si
Uruguay;DGO;OTT;N/A;truTV;N/A;Variedades;Si
Uruguay;DGO;OTT;N/A;TCM;N/A;Cine;Si
Uruguay;DGO;OTT;N/A;TV Ciudad;N/A;Nacional;Si
Uruguay;DGO;OTT;N/A;TV Cortos;N/A;Cine;Si
Uruguay;DGO;OTT;N/A;TV Universal HD (South);N/A;Cine;Si
Uruguay;DGO;OTT;N/A;TyC Sports;N/A;Deportes;No
Uruguay;DGO;OTT;N/A;TyC Sports Fan;N/A;Deportes;Si
Uruguay;DGO;OTT;N/A;Warner Channel HD;N/A;Variedades;Si
Uruguay;DGO;OTT Lite;N/A;A&E;N/A;Variedades;Si
Uruguay;DGO;OTT Lite;N/A;Atres Cine;N/A;Cine;No
Uruguay;DGO;OTT Lite;N/A;AMC;N/A;Variedades;No
Uruguay;DGO;OTT Lite;N/A;America Television HD;N/A;Nacional;No
Uruguay;DGO;OTT Lite;N/A;Animal Planet HD;N/A;Mundo;Si
Uruguay;DGO;OTT Lite;N/A;Antena 3 HD;N/A;Mundo;No
Uruguay;DGO;OTT Lite;N/A;Atres Series HD;N/A;Cine;No
Uruguay;DGO;OTT Lite;N/A;AXN;N/A;Variedades;Si
Uruguay;DGO;OTT Lite;N/A;Azteca Internacional;N/A;Variedades;Si
Uruguay;DGO;OTT Lite;N/A;BabyTV HD;N/A;Infantil;No
Uruguay;DGO;OTT Lite;N/A;Bloomberg;N/A;Mundo;No
Uruguay;DGO;OTT Lite;N/A;Boomerang;N/A;Infantil;Si
Uruguay;DGO;OTT Lite;N/A;Canal 26 HD;N/A;Nacional;No
Uruguay;DGO;OTT Lite;N/A;Canal 9 HD;N/A;Nacional;No
Uruguay;DGO;OTT Lite;N/A;Caracol Mix;N/A;Variedades;Si
Uruguay;DGO;OTT Lite;N/A;Cartoon Network HD;N/A;Infantil;Si
Uruguay;DGO;OTT Lite;N/A;Cartoonito;N/A;Infantil;No
Uruguay;DGO;OTT Lite;N/A;CGTN Español;N/A;Mundo;Si
Uruguay;DGO;OTT Lite;N/A;Cinecanal Argentina;N/A;Cine;Si
Uruguay;DGO;OTT Lite;N/A;Cinelatino;N/A;Cine;Si
Uruguay;DGO;OTT Lite;N/A;Cinema;N/A;Cine;Si
Uruguay;DGO;OTT Lite;N/A;Cinemax HD;N/A;Cine;Si
Uruguay;DGO;OTT Lite;N/A;Clic;N/A;Variedades;Si
Uruguay;DGO;OTT Lite;N/A;CNN International;N/A;Mundo;No
Uruguay;DGO;OTT Lite;N/A;CNN en Español;N/A;Mundo;Si
Uruguay;DGO;OTT Lite;N/A;Comedy Central HD;N/A;Variedades;No
Uruguay;DGO;OTT Lite;N/A;Corazón;N/A;Variedades;Si
Uruguay;DGO;OTT Lite;N/A;Daystar Español;N/A;Mundo;No
Uruguay;DGO;OTT Lite;N/A;DIRECTV Eventos 1;N/A;Occasional SSLA;Si
Uruguay;DGO;OTT Lite;N/A;DIRECTV Eventos 2;N/A;Occasional SSLA;Si
Uruguay;DGO;OTT Lite;N/A;DIRECTV Eventos 3;N/A;Occasional SSLA;Si
Uruguay;DGO;OTT Lite;N/A;DIRECTV Eventos 4;N/A;Occasional SSLA;Si
Uruguay;DGO;OTT Lite;N/A;DIRECTV Eventos 5;N/A;Occasional SSLA;Si
Uruguay;DGO;OTT Lite;N/A;DIRECTV Eventos 6;N/A;Occasional SSLA;Si
Uruguay;DGO;OTT Lite;N/A;DIRECTV Eventos 7;N/A;Occasional SSLA;Si
Uruguay;DGO;OTT Lite;N/A;DSports Argentina;N/A;Deportes;No
Uruguay;DGO;OTT Lite;N/A;Dsports Uruguay;N/A;Deportes;Si
Uruguay;DGO;OTT Lite;N/A;DSports 2 HD;N/A;Deportes;Si
Uruguay;DGO;OTT Lite;N/A;DSports Fight;N/A;Deportes;Si
Uruguay;DGO;OTT Lite;N/A;DSports Plus;N/A;Deportes;Si
Uruguay;DGO;OTT Lite;N/A;Discovery Channel HD;N/A;Mundo;Si
Uruguay;DGO;OTT Lite;N/A;Discovery Home & Health;N/A;Variedades;Si
Uruguay;DGO;OTT Lite;N/A;Investigation Discovery (ID) HD;N/A;Variedades;No
Uruguay;DGO;OTT Lite;N/A;Discovery Kids HD;N/A;Infantil;Si
Uruguay;DGO;OTT Lite;N/A;Discovery Theater;N/A;Mundo;No
Uruguay;DGO;OTT Lite;N/A;Discovery Travel & Living Channel (TLC) HD;N/A;Mundo;No
Uruguay;DGO;OTT Lite;N/A;Discovery Turbo;N/A;Mundo;No
Uruguay;DGO;OTT Lite;N/A;Discovery World;N/A;Mundo;No
Uruguay;DGO;OTT Lite;N/A;Disney Channel;N/A;Infantil;Si
Uruguay;DGO;OTT Lite;N/A;Disney Junior Sur;N/A;Infantil;Si
Uruguay;DGO;OTT Lite;N/A;DNews;N/A;Mundo;No
Uruguay;DGO;OTT Lite;N/A;DSports Uruguay Plus;N/A;Deportes;Si
Uruguay;DGO;OTT Lite;N/A;E! Entertainment México;N/A;Variedades;Si
Uruguay;DGO;OTT Lite;N/A;Edye;N/A;Infantil;Si
Uruguay;DGO;OTT Lite;N/A;El Gourmet;N/A;Variedades;Si
Uruguay;DGO;OTT Lite;N/A;El Reino Infantil;N/A;Infantil;No
Uruguay;DGO;OTT Lite;N/A;ESPN 2 Latin Andina HD;N/A;Deportes;No
Uruguay;DGO;OTT Lite;N/A;ESPN 3;N/A;Deportes;No
Uruguay;DGO;OTT Lite;N/A;ESPN 4;N/A;Deportes;No
Uruguay;DGO;OTT Lite;N/A;ESPN Argentina HD;N/A;Deportes;Si
Uruguay;DGO;OTT Lite;N/A;ESPN Extra;N/A;Deportes;No
Uruguay;DGO;OTT Lite;N/A;Food Network HD;N/A;Variedades;No
Uruguay;DGO;OTT Lite;N/A;Fox News;N/A;Mundo;Si
Uruguay;DGO;OTT Lite;N/A;Fox Sports Argentina;N/A;Deportes;Si
Uruguay;DGO;OTT Lite;N/A;Fox Sports 2;N/A;Deportes;Si
Uruguay;DGO;OTT Lite;N/A;Fox Sports Sur 2;N/A;Deportes;Si
Uruguay;DGO;OTT Lite;N/A;Fox Sports 3;N/A;Deportes;Si
Uruguay;DGO;OTT Lite;N/A;France 24 Español;N/A;Mundo;No
Uruguay;DGO;OTT Lite;N/A;FreeTV Acción;N/A;Cine;Si
Uruguay;DGO;OTT Lite;N/A;FreeTV Drama;N/A;Cine;Si
Uruguay;DGO;OTT Lite;N/A;FreeTV Estelar;N/A;Cine;Si
Uruguay;DGO;OTT Lite;N/A;FreeTV Familia;N/A;Cine;Si
Uruguay;DGO;OTT Lite;N/A;FreeTV Hits;N/A;Cine;Si
Uruguay;DGO;OTT Lite;N/A;FreeTV Terror;N/A;Cine;Si
Uruguay;DGO;OTT Lite;N/A;FX Colombia HD;N/A;Variedades;Si
Uruguay;DGO;OTT Lite;N/A;Glitz;N/A;Variedades;No
Uruguay;DGO;OTT Lite;N/A;Golf Channel HD;N/A;Deportes;No
Uruguay;DGO;OTT Lite;N/A;HBO;N/A;Cine;No
Uruguay;DGO;OTT Lite;N/A;HBO 2;N/A;Cine;No
Uruguay;DGO;OTT Lite;N/A;HBO Family;N/A;Cine;No
Uruguay;DGO;OTT Lite;N/A;HBO Plus HD;N/A;Cine;No
Uruguay;DGO;OTT Lite;N/A;HBO Signature;N/A;Nacional;No
Uruguay;DGO;OTT Lite;N/A;HGTV;N/A;Variedades;No
Uruguay;DGO;OTT Lite;N/A;History 2 HD;N/A;Mundo;No
Uruguay;DGO;OTT Lite;N/A;History HD;N/A;Mundo;Si
Uruguay;DGO;OTT Lite;N/A;Hola TV HD;N/A;Variedades;Si
Uruguay;DGO;OTT Lite;N/A;HTV;N/A;Variedades;Si
Uruguay;DGO;OTT Lite;N/A;IP Noticias;N/A;Mundo;Si
Uruguay;DGO;OTT Lite;N/A;ISAT;N/A;Cine;Si
Uruguay;DGO;OTT Lite;N/A;KZO;N/A;Variedades;Si
Uruguay;DGO;OTT Lite;N/A;La Nación + HD;N/A;Nacional;Si
Uruguay;DGO;OTT Lite;N/A;Lifetime HD;N/A;Variedades;No
Uruguay;DGO;OTT Lite;N/A;Más Chic;N/A;Variedades;No
Uruguay;DGO;OTT Lite;N/A;Mega Noticias;N/A;Mundo;Si
Uruguay;DGO;OTT Lite;N/A;Mega Tiempo;N/A;Mundo;Si
Uruguay;DGO;OTT Lite;N/A;Monte Carlo TV HD;N/A;Nacional;No
Uruguay;DGO;OTT Lite;N/A;Mórbido TV;N/A;Cine;No
Uruguay;DGO;OTT Lite;N/A;MTV HD;N/A;Variedades;Si
Uruguay;DGO;OTT Lite;N/A;Nat Geo Sur HD;N/A;Mundo;Si
Uruguay;DGO;OTT Lite;N/A;Newsmax TV;N/A;Nacional;Si
Uruguay;DGO;OTT Lite;N/A;Nick Jr. HD;N/A;Infantil;Si
Uruguay;DGO;OTT Lite;N/A;Nickelodeon HD;N/A;Infantil;Si
Uruguay;DGO;OTT Lite;N/A;OnDIRECTV HD;N/A;Cine;Si
Uruguay;DGO;OTT Lite;N/A;Plim Plim;N/A;Infantil;No
Uruguay;DGO;OTT Lite;N/A;Rai Italia;N/A;Mundo;No
Uruguay;DGO;OTT Lite;N/A;RCN Más;N/A;Variedades;Si
Uruguay;DGO;OTT Lite;N/A;RCN Noticias;N/A;Mundo;Si
Uruguay;DGO;OTT Lite;N/A;Saeta TV;N/A;Nacional;No
Uruguay;DGO;OTT Lite;N/A;Sony;N/A;Cine;Si
Uruguay;DGO;OTT Lite;N/A;Sony Movies;N/A;Cine;No
Uruguay;DGO;OTT Lite;N/A;Space Sur;N/A;Cine;Si
Uruguay;DGO;OTT Lite;N/A;Star Channel (South);N/A;Cine;Si
Uruguay;DGO;OTT Lite;N/A;Studio Universal HD;N/A;Cine;Si
Uruguay;DGO;OTT Lite;N/A;SyFy HD;N/A;Variedades;No
Uruguay;DGO;OTT Lite;N/A;Tastemade;N/A;Variedades;Si
Uruguay;DGO;OTT Lite;N/A;Tastemade Viajes;N/A;Variedades;Si
Uruguay;DGO;OTT Lite;N/A;TBS Very Funny;N/A;Variedades;No
Uruguay;DGO;OTT Lite;N/A;TCM;N/A;Cine;No
Uruguay;DGO;OTT Lite;N/A;Teledoce HD;N/A;Nacional;No
Uruguay;DGO;OTT Lite;N/A;Telemundo Internacional;N/A;Variedades;Si
Uruguay;DGO;OTT Lite;N/A;Television Nacional de Uruguay;N/A;Nacional;Si
Uruguay;DGO;OTT Lite;N/A;Discovery Travel & Living Channel (TLC);N/A;Variedades;No
Uruguay;DGO;OTT Lite;N/A;TNT HD;N/A;Cine;Si
Uruguay;DGO;OTT Lite;N/A;TNT Novelas;N/A;Variedades;No
Uruguay;DGO;OTT Lite;N/A;TNT Series;N/A;Cine;Si
Uruguay;DGO;OTT Lite;N/A;TNT Series HD;N/A;Cine;Si
Uruguay;DGO;OTT Lite;N/A;truTV;N/A;Variedades;No
Uruguay;DGO;OTT Lite;N/A;TCM;N/A;Cine;Si
Uruguay;DGO;OTT Lite;N/A;TV Ciudad;N/A;Nacional;Si
Uruguay;DGO;OTT Lite;N/A;TV Cortos;N/A;Cine;No
Uruguay;DGO;OTT Lite;N/A;TV Universal HD (South);N/A;Cine;Si
Uruguay;DGO;OTT Lite;N/A;TyC Sports;N/A;Deportes;No
Uruguay;DGO;OTT Lite;N/A;TyC Sports Fan;N/A;Deportes;Si
Uruguay;DGO;OTT Lite;N/A;Warner Channel HD;N/A;Variedades;Si
Uruguay;DGO;Alto HD 4K;N/A;A&E;N/A;Variedades;Si
Uruguay;DGO;Alto HD 4K;N/A;Atres Cine;N/A;Cine;No
Uruguay;DGO;Alto HD 4K;N/A;AMC;N/A;Variedades;Si
Uruguay;DGO;Alto HD 4K;N/A;America Television HD;N/A;Nacional;Si
Uruguay;DGO;Alto HD 4K;N/A;Animal Planet HD;N/A;Mundo;Si
Uruguay;DGO;Alto HD 4K;N/A;Antena 3 HD;N/A;Mundo;Si
Uruguay;DGO;Alto HD 4K;N/A;Atres Series HD;N/A;Cine;Si
Uruguay;DGO;Alto HD 4K;N/A;AXN;N/A;Variedades;Si
Uruguay;DGO;Alto HD 4K;N/A;Azteca Internacional;N/A;Variedades;Si
Uruguay;DGO;Alto HD 4K;N/A;BabyTV HD;N/A;Infantil;No
Uruguay;DGO;Alto HD 4K;N/A;Bloomberg;N/A;Mundo;Si
Uruguay;DGO;Alto HD 4K;N/A;Boomerang;N/A;Infantil;Si
Uruguay;DGO;Alto HD 4K;N/A;Canal 26 HD;N/A;Nacional;Si
Uruguay;DGO;Alto HD 4K;N/A;Canal 9 HD;N/A;Nacional;Si
Uruguay;DGO;Alto HD 4K;N/A;Caracol Mix;N/A;Variedades;Si
Uruguay;DGO;Alto HD 4K;N/A;Cartoon Network HD;N/A;Infantil;Si
Uruguay;DGO;Alto HD 4K;N/A;Cartoonito;N/A;Infantil;No
Uruguay;DGO;Alto HD 4K;N/A;CGTN Español;N/A;Mundo;Si
Uruguay;DGO;Alto HD 4K;N/A;Cinecanal Argentina;N/A;Cine;Si
Uruguay;DGO;Alto HD 4K;N/A;Cinelatino;N/A;Cine;Si
Uruguay;DGO;Alto HD 4K;N/A;Cinema;N/A;Cine;Si
Uruguay;DGO;Alto HD 4K;N/A;Cinemax HD;N/A;Cine;Si
Uruguay;DGO;Alto HD 4K;N/A;Clic;N/A;Variedades;Si
Uruguay;DGO;Alto HD 4K;N/A;CNN International;N/A;Mundo;Si
Uruguay;DGO;Alto HD 4K;N/A;CNN en Español;N/A;Mundo;Si
Uruguay;DGO;Alto HD 4K;N/A;Comedy Central HD;N/A;Variedades;Si
Uruguay;DGO;Alto HD 4K;N/A;Corazón;N/A;Variedades;Si
Uruguay;DGO;Alto HD 4K;N/A;Daystar Español;N/A;Mundo;No
Uruguay;DGO;Alto HD 4K;N/A;DIRECTV Eventos 1;N/A;Occasional SSLA;Si
Uruguay;DGO;Alto HD 4K;N/A;DIRECTV Eventos 2;N/A;Occasional SSLA;Si
Uruguay;DGO;Alto HD 4K;N/A;DIRECTV Eventos 3;N/A;Occasional SSLA;Si
Uruguay;DGO;Alto HD 4K;N/A;DIRECTV Eventos 4;N/A;Occasional SSLA;Si
Uruguay;DGO;Alto HD 4K;N/A;DIRECTV Eventos 5;N/A;Occasional SSLA;Si
Uruguay;DGO;Alto HD 4K;N/A;DIRECTV Eventos 6;N/A;Occasional SSLA;Si
Uruguay;DGO;Alto HD 4K;N/A;DIRECTV Eventos 7;N/A;Occasional SSLA;Si
Uruguay;DGO;Alto HD 4K;N/A;DSports Argentina;N/A;Deportes;Si
Uruguay;DGO;Alto HD 4K;N/A;Dsports Uruguay;N/A;Deportes;Si
Uruguay;DGO;Alto HD 4K;N/A;DSports 2 HD;N/A;Deportes;Si
Uruguay;DGO;Alto HD 4K;N/A;DSports Fight;N/A;Deportes;Si
Uruguay;DGO;Alto HD 4K;N/A;DSports Plus;N/A;Deportes;Si
Uruguay;DGO;Alto HD 4K;N/A;Discovery Channel HD;N/A;Mundo;Si
Uruguay;DGO;Alto HD 4K;N/A;Discovery Home & Health;N/A;Variedades;Si
Uruguay;DGO;Alto HD 4K;N/A;Investigation Discovery (ID) HD;N/A;Variedades;Si
Uruguay;DGO;Alto HD 4K;N/A;Discovery Kids HD;N/A;Infantil;Si
Uruguay;DGO;Alto HD 4K;N/A;Discovery Theater;N/A;Mundo;No
Uruguay;DGO;Alto HD 4K;N/A;Discovery Travel & Living Channel (TLC) HD;N/A;Mundo;Si
Uruguay;DGO;Alto HD 4K;N/A;Discovery Turbo;N/A;Mundo;Si
Uruguay;DGO;Alto HD 4K;N/A;Discovery World;N/A;Mundo;No
Uruguay;DGO;Alto HD 4K;N/A;Disney Channel;N/A;Infantil;Si
Uruguay;DGO;Alto HD 4K;N/A;Disney Junior Sur;N/A;Infantil;Si
Uruguay;DGO;Alto HD 4K;N/A;DNews;N/A;Mundo;No
Uruguay;DGO;Alto HD 4K;N/A;DSports Uruguay Plus;N/A;Deportes;Si
Uruguay;DGO;Alto HD 4K;N/A;E! Entertainment México;N/A;Variedades;Si
Uruguay;DGO;Alto HD 4K;N/A;Edye;N/A;Infantil;Si
Uruguay;DGO;Alto HD 4K;N/A;El Gourmet;N/A;Variedades;Si
Uruguay;DGO;Alto HD 4K;N/A;El Reino Infantil;N/A;Infantil;Si
Uruguay;DGO;Alto HD 4K;N/A;ESPN 2 Latin Andina HD;N/A;Deportes;Si
Uruguay;DGO;Alto HD 4K;N/A;ESPN 3;N/A;Deportes;Si
Uruguay;DGO;Alto HD 4K;N/A;ESPN 4;N/A;Deportes;No
Uruguay;DGO;Alto HD 4K;N/A;ESPN Argentina HD;N/A;Deportes;Si
Uruguay;DGO;Alto HD 4K;N/A;ESPN Extra;N/A;Deportes;Si
Uruguay;DGO;Alto HD 4K;N/A;Food Network HD;N/A;Variedades;Si
Uruguay;DGO;Alto HD 4K;N/A;Fox News;N/A;Mundo;Si
Uruguay;DGO;Alto HD 4K;N/A;Fox Sports Argentina;N/A;Deportes;Si
Uruguay;DGO;Alto HD 4K;N/A;Fox Sports 2;N/A;Deportes;Si
Uruguay;DGO;Alto HD 4K;N/A;Fox Sports Sur 2;N/A;Deportes;Si
Uruguay;DGO;Alto HD 4K;N/A;Fox Sports 3;N/A;Deportes;Si
Uruguay;DGO;Alto HD 4K;N/A;France 24 Español;N/A;Mundo;Si
Uruguay;DGO;Alto HD 4K;N/A;FreeTV Acción;N/A;Cine;Si
Uruguay;DGO;Alto HD 4K;N/A;FreeTV Drama;N/A;Cine;Si
Uruguay;DGO;Alto HD 4K;N/A;FreeTV Estelar;N/A;Cine;Si
Uruguay;DGO;Alto HD 4K;N/A;FreeTV Familia;N/A;Cine;Si
Uruguay;DGO;Alto HD 4K;N/A;FreeTV Hits;N/A;Cine;Si
Uruguay;DGO;Alto HD 4K;N/A;FreeTV Terror;N/A;Cine;Si
Uruguay;DGO;Alto HD 4K;N/A;FX Colombia HD;N/A;Variedades;Si
Uruguay;DGO;Alto HD 4K;N/A;Glitz;N/A;Variedades;Si
Uruguay;DGO;Alto HD 4K;N/A;Golf Channel HD;N/A;Deportes;Si
Uruguay;DGO;Alto HD 4K;N/A;HBO;N/A;Cine;No
Uruguay;DGO;Alto HD 4K;N/A;HBO 2;N/A;Cine;No
Uruguay;DGO;Alto HD 4K;N/A;HBO Family;N/A;Cine;No
Uruguay;DGO;Alto HD 4K;N/A;HBO Plus HD;N/A;Cine;No
Uruguay;DGO;Alto HD 4K;N/A;HBO Signature;N/A;Nacional;No
Uruguay;DGO;Alto HD 4K;N/A;HGTV;N/A;Variedades;No
Uruguay;DGO;Alto HD 4K;N/A;History 2 HD;N/A;Mundo;Si
Uruguay;DGO;Alto HD 4K;N/A;History HD;N/A;Mundo;Si
Uruguay;DGO;Alto HD 4K;N/A;Hola TV HD;N/A;Variedades;Si
Uruguay;DGO;Alto HD 4K;N/A;HTV;N/A;Variedades;Si
Uruguay;DGO;Alto HD 4K;N/A;IP Noticias;N/A;Mundo;Si
Uruguay;DGO;Alto HD 4K;N/A;ISAT;N/A;Cine;Si
Uruguay;DGO;Alto HD 4K;N/A;KZO;N/A;Variedades;Si
Uruguay;DGO;Alto HD 4K;N/A;La Nación + HD;N/A;Nacional;Si
Uruguay;DGO;Alto HD 4K;N/A;Lifetime HD;N/A;Variedades;Si
Uruguay;DGO;Alto HD 4K;N/A;Más Chic;N/A;Variedades;Si
Uruguay;DGO;Alto HD 4K;N/A;Mega Noticias;N/A;Mundo;Si
Uruguay;DGO;Alto HD 4K;N/A;Mega Tiempo;N/A;Mundo;Si
Uruguay;DGO;Alto HD 4K;N/A;Monte Carlo TV HD;N/A;Nacional;Si
Uruguay;DGO;Alto HD 4K;N/A;Mórbido TV;N/A;Cine;Si
Uruguay;DGO;Alto HD 4K;N/A;MTV HD;N/A;Variedades;Si
Uruguay;DGO;Alto HD 4K;N/A;Nat Geo Sur HD;N/A;Mundo;Si
Uruguay;DGO;Alto HD 4K;N/A;Newsmax TV;N/A;Nacional;Si
Uruguay;DGO;Alto HD 4K;N/A;Nick Jr. HD;N/A;Infantil;Si
Uruguay;DGO;Alto HD 4K;N/A;Nickelodeon HD;N/A;Infantil;Si
Uruguay;DGO;Alto HD 4K;N/A;OnDIRECTV HD;N/A;Cine;Si
Uruguay;DGO;Alto HD 4K;N/A;Plim Plim;N/A;Infantil;Si
Uruguay;DGO;Alto HD 4K;N/A;Rai Italia;N/A;Mundo;Si
Uruguay;DGO;Alto HD 4K;N/A;RCN Más;N/A;Variedades;Si
Uruguay;DGO;Alto HD 4K;N/A;RCN Noticias;N/A;Mundo;Si
Uruguay;DGO;Alto HD 4K;N/A;Saeta TV;N/A;Nacional;Si
Uruguay;DGO;Alto HD 4K;N/A;Sony;N/A;Cine;Si
Uruguay;DGO;Alto HD 4K;N/A;Sony Movies;N/A;Cine;No
Uruguay;DGO;Alto HD 4K;N/A;Space Sur;N/A;Cine;Si
Uruguay;DGO;Alto HD 4K;N/A;Star Channel (South);N/A;Cine;Si
Uruguay;DGO;Alto HD 4K;N/A;Studio Universal HD;N/A;Cine;Si
Uruguay;DGO;Alto HD 4K;N/A;SyFy HD;N/A;Variedades;Si
Uruguay;DGO;Alto HD 4K;N/A;Tastemade;N/A;Variedades;Si
Uruguay;DGO;Alto HD 4K;N/A;Tastemade Viajes;N/A;Variedades;Si
Uruguay;DGO;Alto HD 4K;N/A;TBS Very Funny;N/A;Variedades;Si
Uruguay;DGO;Alto HD 4K;N/A;TCM;N/A;Cine;No
Uruguay;DGO;Alto HD 4K;N/A;Teledoce HD;N/A;Nacional;Si
Uruguay;DGO;Alto HD 4K;N/A;Telemundo Internacional;N/A;Variedades;Si
Uruguay;DGO;Alto HD 4K;N/A;Television Nacional de Uruguay;N/A;Nacional;Si
Uruguay;DGO;Alto HD 4K;N/A;Discovery Travel & Living Channel (TLC);N/A;Variedades;No
Uruguay;DGO;Alto HD 4K;N/A;TNT HD;N/A;Cine;Si
Uruguay;DGO;Alto HD 4K;N/A;TNT Novelas;N/A;Variedades;No
Uruguay;DGO;Alto HD 4K;N/A;TNT Series;N/A;Cine;Si
Uruguay;DGO;Alto HD 4K;N/A;TNT Series HD;N/A;Cine;Si
Uruguay;DGO;Alto HD 4K;N/A;truTV;N/A;Variedades;Si
Uruguay;DGO;Alto HD 4K;N/A;TCM;N/A;Cine;Si
Uruguay;DGO;Alto HD 4K;N/A;TV Ciudad;N/A;Nacional;Si
Uruguay;DGO;Alto HD 4K;N/A;TV Cortos;N/A;Cine;No
Uruguay;DGO;Alto HD 4K;N/A;TV Universal HD (South);N/A;Cine;Si
Uruguay;DGO;Alto HD 4K;N/A;TyC Sports;N/A;Deportes;No
Uruguay;DGO;Alto HD 4K;N/A;TyC Sports Fan;N/A;Deportes;Si
Uruguay;DGO;Alto HD 4K;N/A;Warner Channel HD;N/A;Variedades;Si
Uruguay;DGO;Alto SD;N/A;A&E;N/A;Variedades;No
Uruguay;DGO;Alto SD;N/A;Atres Cine;N/A;Cine;No
Uruguay;DGO;Alto SD;N/A;AMC;N/A;Variedades;No
Uruguay;DGO;Alto SD;N/A;America Television HD;N/A;Nacional;No
Uruguay;DGO;Alto SD;N/A;Animal Planet HD;N/A;Mundo;No
Uruguay;DGO;Alto SD;N/A;Antena 3 HD;N/A;Mundo;No
Uruguay;DGO;Alto SD;N/A;Atres Series HD;N/A;Cine;No
Uruguay;DGO;Alto SD;N/A;AXN;N/A;Variedades;No
Uruguay;DGO;Alto SD;N/A;Azteca Internacional;N/A;Variedades;Si
Uruguay;DGO;Alto SD;N/A;BabyTV HD;N/A;Infantil;No
Uruguay;DGO;Alto SD;N/A;Bloomberg;N/A;Mundo;No
Uruguay;DGO;Alto SD;N/A;Boomerang;N/A;Infantil;No
Uruguay;DGO;Alto SD;N/A;Canal 26 HD;N/A;Nacional;No
Uruguay;DGO;Alto SD;N/A;Canal 9 HD;N/A;Nacional;No
Uruguay;DGO;Alto SD;N/A;Caracol Mix;N/A;Variedades;Si
Uruguay;DGO;Alto SD;N/A;Cartoon Network HD;N/A;Infantil;No
Uruguay;DGO;Alto SD;N/A;Cartoonito;N/A;Infantil;No
Uruguay;DGO;Alto SD;N/A;CGTN Español;N/A;Mundo;Si
Uruguay;DGO;Alto SD;N/A;Cinecanal Argentina;N/A;Cine;No
Uruguay;DGO;Alto SD;N/A;Cinelatino;N/A;Cine;No
Uruguay;DGO;Alto SD;N/A;Cinema;N/A;Cine;Si
Uruguay;DGO;Alto SD;N/A;Cinemax HD;N/A;Cine;No
Uruguay;DGO;Alto SD;N/A;Clic;N/A;Variedades;Si
Uruguay;DGO;Alto SD;N/A;CNN International;N/A;Mundo;No
Uruguay;DGO;Alto SD;N/A;CNN en Español;N/A;Mundo;No
Uruguay;DGO;Alto SD;N/A;Comedy Central HD;N/A;Variedades;No
Uruguay;DGO;Alto SD;N/A;Corazón;N/A;Variedades;Si
Uruguay;DGO;Alto SD;N/A;Daystar Español;N/A;Mundo;No
Uruguay;DGO;Alto SD;N/A;DIRECTV Eventos 1;N/A;Occasional SSLA;No
Uruguay;DGO;Alto SD;N/A;DIRECTV Eventos 2;N/A;Occasional SSLA;No
Uruguay;DGO;Alto SD;N/A;DIRECTV Eventos 3;N/A;Occasional SSLA;No
Uruguay;DGO;Alto SD;N/A;DIRECTV Eventos 4;N/A;Occasional SSLA;No
Uruguay;DGO;Alto SD;N/A;DIRECTV Eventos 5;N/A;Occasional SSLA;No
Uruguay;DGO;Alto SD;N/A;DIRECTV Eventos 6;N/A;Occasional SSLA;No
Uruguay;DGO;Alto SD;N/A;DIRECTV Eventos 7;N/A;Occasional SSLA;No
Uruguay;DGO;Alto SD;N/A;DSports Argentina;N/A;Deportes;No
Uruguay;DGO;Alto SD;N/A;Dsports Uruguay;N/A;Deportes;No
Uruguay;DGO;Alto SD;N/A;DSports 2 HD;N/A;Deportes;No
Uruguay;DGO;Alto SD;N/A;DSports Fight;N/A;Deportes;Si
Uruguay;DGO;Alto SD;N/A;DSports Plus;N/A;Deportes;No
Uruguay;DGO;Alto SD;N/A;Discovery Channel HD;N/A;Mundo;No
Uruguay;DGO;Alto SD;N/A;Discovery Home & Health;N/A;Variedades;No
Uruguay;DGO;Alto SD;N/A;Investigation Discovery (ID) HD;N/A;Variedades;No
Uruguay;DGO;Alto SD;N/A;Discovery Kids HD;N/A;Infantil;No
Uruguay;DGO;Alto SD;N/A;Discovery Theater;N/A;Mundo;No
Uruguay;DGO;Alto SD;N/A;Discovery Travel & Living Channel (TLC) HD;N/A;Mundo;No
Uruguay;DGO;Alto SD;N/A;Discovery Turbo;N/A;Mundo;No
Uruguay;DGO;Alto SD;N/A;Discovery World;N/A;Mundo;No
Uruguay;DGO;Alto SD;N/A;Disney Channel;N/A;Infantil;No
Uruguay;DGO;Alto SD;N/A;Disney Junior Sur;N/A;Infantil;No
Uruguay;DGO;Alto SD;N/A;DNews;N/A;Mundo;No
Uruguay;DGO;Alto SD;N/A;DSports Uruguay Plus;N/A;Deportes;Si
Uruguay;DGO;Alto SD;N/A;E! Entertainment México;N/A;Variedades;No
Uruguay;DGO;Alto SD;N/A;Edye;N/A;Infantil;Si
Uruguay;DGO;Alto SD;N/A;El Gourmet;N/A;Variedades;No
Uruguay;DGO;Alto SD;N/A;El Reino Infantil;N/A;Infantil;Si
Uruguay;DGO;Alto SD;N/A;ESPN 2 Latin Andina HD;N/A;Deportes;No
Uruguay;DGO;Alto SD;N/A;ESPN 3;N/A;Deportes;No
Uruguay;DGO;Alto SD;N/A;ESPN 4;N/A;Deportes;No
Uruguay;DGO;Alto SD;N/A;ESPN Argentina HD;N/A;Deportes;No
Uruguay;DGO;Alto SD;N/A;ESPN Extra;N/A;Deportes;No
Uruguay;DGO;Alto SD;N/A;Food Network HD;N/A;Variedades;No
Uruguay;DGO;Alto SD;N/A;Fox News;N/A;Mundo;Si
Uruguay;DGO;Alto SD;N/A;Fox Sports Argentina;N/A;Deportes;No
Uruguay;DGO;Alto SD;N/A;Fox Sports 2;N/A;Deportes;No
Uruguay;DGO;Alto SD;N/A;Fox Sports Sur 2;N/A;Deportes;No
Uruguay;DGO;Alto SD;N/A;Fox Sports 3;N/A;Deportes;No
Uruguay;DGO;Alto SD;N/A;France 24 Español;N/A;Mundo;Si
Uruguay;DGO;Alto SD;N/A;FreeTV Acción;N/A;Cine;Si
Uruguay;DGO;Alto SD;N/A;FreeTV Drama;N/A;Cine;Si
Uruguay;DGO;Alto SD;N/A;FreeTV Estelar;N/A;Cine;Si
Uruguay;DGO;Alto SD;N/A;FreeTV Familia;N/A;Cine;Si
Uruguay;DGO;Alto SD;N/A;FreeTV Hits;N/A;Cine;Si
Uruguay;DGO;Alto SD;N/A;FreeTV Terror;N/A;Cine;Si
Uruguay;DGO;Alto SD;N/A;FX Colombia HD;N/A;Variedades;No
Uruguay;DGO;Alto SD;N/A;Glitz;N/A;Variedades;No
Uruguay;DGO;Alto SD;N/A;Golf Channel HD;N/A;Deportes;No
Uruguay;DGO;Alto SD;N/A;HBO;N/A;Cine;No
Uruguay;DGO;Alto SD;N/A;HBO 2;N/A;Cine;No
Uruguay;DGO;Alto SD;N/A;HBO Family;N/A;Cine;No
Uruguay;DGO;Alto SD;N/A;HBO Plus HD;N/A;Cine;No
Uruguay;DGO;Alto SD;N/A;HBO Signature;N/A;Nacional;No
Uruguay;DGO;Alto SD;N/A;HGTV;N/A;Variedades;No
Uruguay;DGO;Alto SD;N/A;History 2 HD;N/A;Mundo;No
Uruguay;DGO;Alto SD;N/A;History HD;N/A;Mundo;No
Uruguay;DGO;Alto SD;N/A;Hola TV HD;N/A;Variedades;No
Uruguay;DGO;Alto SD;N/A;HTV;N/A;Variedades;No
Uruguay;DGO;Alto SD;N/A;IP Noticias;N/A;Mundo;Si
Uruguay;DGO;Alto SD;N/A;ISAT;N/A;Cine;No
Uruguay;DGO;Alto SD;N/A;KZO;N/A;Variedades;Si
Uruguay;DGO;Alto SD;N/A;La Nación + HD;N/A;Nacional;No
Uruguay;DGO;Alto SD;N/A;Lifetime HD;N/A;Variedades;No
Uruguay;DGO;Alto SD;N/A;Más Chic;N/A;Variedades;No
Uruguay;DGO;Alto SD;N/A;Mega Noticias;N/A;Mundo;Si
Uruguay;DGO;Alto SD;N/A;Mega Tiempo;N/A;Mundo;Si
Uruguay;DGO;Alto SD;N/A;Monte Carlo TV HD;N/A;Nacional;No
Uruguay;DGO;Alto SD;N/A;Mórbido TV;N/A;Cine;Si
Uruguay;DGO;Alto SD;N/A;MTV HD;N/A;Variedades;No
Uruguay;DGO;Alto SD;N/A;Nat Geo Sur HD;N/A;Mundo;No
Uruguay;DGO;Alto SD;N/A;Newsmax TV;N/A;Nacional;Si
Uruguay;DGO;Alto SD;N/A;Nick Jr. HD;N/A;Infantil;No
Uruguay;DGO;Alto SD;N/A;Nickelodeon HD;N/A;Infantil;No
Uruguay;DGO;Alto SD;N/A;OnDIRECTV HD;N/A;Cine;No
Uruguay;DGO;Alto SD;N/A;Plim Plim;N/A;Infantil;Si
Uruguay;DGO;Alto SD;N/A;Rai Italia;N/A;Mundo;No
Uruguay;DGO;Alto SD;N/A;RCN Más;N/A;Variedades;Si
Uruguay;DGO;Alto SD;N/A;RCN Noticias;N/A;Mundo;Si
Uruguay;DGO;Alto SD;N/A;Saeta TV;N/A;Nacional;No
Uruguay;DGO;Alto SD;N/A;Sony;N/A;Cine;No
Uruguay;DGO;Alto SD;N/A;Sony Movies;N/A;Cine;No
Uruguay;DGO;Alto SD;N/A;Space Sur;N/A;Cine;No
Uruguay;DGO;Alto SD;N/A;Star Channel (South);N/A;Cine;No
Uruguay;DGO;Alto SD;N/A;Studio Universal HD;N/A;Cine;No
Uruguay;DGO;Alto SD;N/A;SyFy HD;N/A;Variedades;No
Uruguay;DGO;Alto SD;N/A;Tastemade;N/A;Variedades;Si
Uruguay;DGO;Alto SD;N/A;Tastemade Viajes;N/A;Variedades;Si
Uruguay;DGO;Alto SD;N/A;TBS Very Funny;N/A;Variedades;No
Uruguay;DGO;Alto SD;N/A;TCM;N/A;Cine;No
Uruguay;DGO;Alto SD;N/A;Teledoce HD;N/A;Nacional;No
Uruguay;DGO;Alto SD;N/A;Telemundo Internacional;N/A;Variedades;No
Uruguay;DGO;Alto SD;N/A;Television Nacional de Uruguay;N/A;Nacional;No
Uruguay;DGO;Alto SD;N/A;Discovery Travel & Living Channel (TLC);N/A;Variedades;No
Uruguay;DGO;Alto SD;N/A;TNT HD;N/A;Cine;No
Uruguay;DGO;Alto SD;N/A;TNT Novelas;N/A;Variedades;No
Uruguay;DGO;Alto SD;N/A;TNT Series;N/A;Cine;No
Uruguay;DGO;Alto SD;N/A;TNT Series HD;N/A;Cine;No
Uruguay;DGO;Alto SD;N/A;truTV;N/A;Variedades;No
Uruguay;DGO;Alto SD;N/A;TCM;N/A;Cine;No
Uruguay;DGO;Alto SD;N/A;TV Ciudad;N/A;Nacional;No
Uruguay;DGO;Alto SD;N/A;TV Cortos;N/A;Cine;No
Uruguay;DGO;Alto SD;N/A;TV Universal HD (South);N/A;Cine;No
Uruguay;DGO;Alto SD;N/A;TyC Sports;N/A;Deportes;No
Uruguay;DGO;Alto SD;N/A;TyC Sports Fan;N/A;Deportes;Si
Uruguay;DGO;Alto SD;N/A;Warner Channel HD;N/A;Variedades;No
Uruguay;DGO;Medio;N/A;A&E;N/A;Variedades;Si
Uruguay;DGO;Medio;N/A;Atres Cine;N/A;Cine;No
Uruguay;DGO;Medio;N/A;AMC;N/A;Variedades;No
Uruguay;DGO;Medio;N/A;America Television HD;N/A;Nacional;Si
Uruguay;DGO;Medio;N/A;Animal Planet HD;N/A;Mundo;Si
Uruguay;DGO;Medio;N/A;Antena 3 HD;N/A;Mundo;Si
Uruguay;DGO;Medio;N/A;Atres Series HD;N/A;Cine;Si
Uruguay;DGO;Medio;N/A;AXN;N/A;Variedades;Si
Uruguay;DGO;Medio;N/A;Azteca Internacional;N/A;Variedades;Si
Uruguay;DGO;Medio;N/A;BabyTV HD;N/A;Infantil;No
Uruguay;DGO;Medio;N/A;Bloomberg;N/A;Mundo;No
Uruguay;DGO;Medio;N/A;Boomerang;N/A;Infantil;No
Uruguay;DGO;Medio;N/A;Canal 26 HD;N/A;Nacional;No
Uruguay;DGO;Medio;N/A;Canal 9 HD;N/A;Nacional;Si
Uruguay;DGO;Medio;N/A;Caracol Mix;N/A;Variedades;Si
Uruguay;DGO;Medio;N/A;Cartoon Network HD;N/A;Infantil;Si
Uruguay;DGO;Medio;N/A;Cartoonito;N/A;Infantil;No
Uruguay;DGO;Medio;N/A;CGTN Español;N/A;Mundo;Si
Uruguay;DGO;Medio;N/A;Cinecanal Argentina;N/A;Cine;Si
Uruguay;DGO;Medio;N/A;Cinelatino;N/A;Cine;Si
Uruguay;DGO;Medio;N/A;Cinema;N/A;Cine;Si
Uruguay;DGO;Medio;N/A;Cinemax HD;N/A;Cine;Si
Uruguay;DGO;Medio;N/A;Clic;N/A;Variedades;Si
Uruguay;DGO;Medio;N/A;CNN International;N/A;Mundo;Si
Uruguay;DGO;Medio;N/A;CNN en Español;N/A;Mundo;Si
Uruguay;DGO;Medio;N/A;Comedy Central HD;N/A;Variedades;No
Uruguay;DGO;Medio;N/A;Corazón;N/A;Variedades;Si
Uruguay;DGO;Medio;N/A;Daystar Español;N/A;Mundo;No
Uruguay;DGO;Medio;N/A;DIRECTV Eventos 1;N/A;Occasional SSLA;Si
Uruguay;DGO;Medio;N/A;DIRECTV Eventos 2;N/A;Occasional SSLA;Si
Uruguay;DGO;Medio;N/A;DIRECTV Eventos 3;N/A;Occasional SSLA;Si
Uruguay;DGO;Medio;N/A;DIRECTV Eventos 4;N/A;Occasional SSLA;Si
Uruguay;DGO;Medio;N/A;DIRECTV Eventos 5;N/A;Occasional SSLA;Si
Uruguay;DGO;Medio;N/A;DIRECTV Eventos 6;N/A;Occasional SSLA;Si
Uruguay;DGO;Medio;N/A;DIRECTV Eventos 7;N/A;Occasional SSLA;Si
Uruguay;DGO;Medio;N/A;DSports Argentina;N/A;Deportes;Si
Uruguay;DGO;Medio;N/A;Dsports Uruguay;N/A;Deportes;Si
Uruguay;DGO;Medio;N/A;DSports 2 HD;N/A;Deportes;Si
Uruguay;DGO;Medio;N/A;DSports Fight;N/A;Deportes;Si
Uruguay;DGO;Medio;N/A;DSports Plus;N/A;Deportes;Si
Uruguay;DGO;Medio;N/A;Discovery Channel HD;N/A;Mundo;Si
Uruguay;DGO;Medio;N/A;Discovery Home & Health;N/A;Variedades;Si
Uruguay;DGO;Medio;N/A;Investigation Discovery (ID) HD;N/A;Variedades;No
Uruguay;DGO;Medio;N/A;Discovery Kids HD;N/A;Infantil;Si
Uruguay;DGO;Medio;N/A;Discovery Theater;N/A;Mundo;No
Uruguay;DGO;Medio;N/A;Discovery Travel & Living Channel (TLC) HD;N/A;Mundo;Si
Uruguay;DGO;Medio;N/A;Discovery Turbo;N/A;Mundo;No
Uruguay;DGO;Medio;N/A;Discovery World;N/A;Mundo;No
Uruguay;DGO;Medio;N/A;Disney Channel;N/A;Infantil;Si
Uruguay;DGO;Medio;N/A;Disney Junior Sur;N/A;Infantil;Si
Uruguay;DGO;Medio;N/A;DNews;N/A;Mundo;No
Uruguay;DGO;Medio;N/A;DSports Uruguay Plus;N/A;Deportes;Si
Uruguay;DGO;Medio;N/A;E! Entertainment México;N/A;Variedades;Si
Uruguay;DGO;Medio;N/A;Edye;N/A;Infantil;Si
Uruguay;DGO;Medio;N/A;El Gourmet;N/A;Variedades;Si
Uruguay;DGO;Medio;N/A;El Reino Infantil;N/A;Infantil;No
Uruguay;DGO;Medio;N/A;ESPN 2 Latin Andina HD;N/A;Deportes;Si
Uruguay;DGO;Medio;N/A;ESPN 3;N/A;Deportes;Si
Uruguay;DGO;Medio;N/A;ESPN 4;N/A;Deportes;No
Uruguay;DGO;Medio;N/A;ESPN Argentina HD;N/A;Deportes;Si
Uruguay;DGO;Medio;N/A;ESPN Extra;N/A;Deportes;No
Uruguay;DGO;Medio;N/A;Food Network HD;N/A;Variedades;No
Uruguay;DGO;Medio;N/A;Fox News;N/A;Mundo;Si
Uruguay;DGO;Medio;N/A;Fox Sports Argentina;N/A;Deportes;Si
Uruguay;DGO;Medio;N/A;Fox Sports 2;N/A;Deportes;Si
Uruguay;DGO;Medio;N/A;Fox Sports Sur 2;N/A;Deportes;Si
Uruguay;DGO;Medio;N/A;Fox Sports 3;N/A;Deportes;Si
Uruguay;DGO;Medio;N/A;France 24 Español;N/A;Mundo;No
Uruguay;DGO;Medio;N/A;FreeTV Acción;N/A;Cine;Si
Uruguay;DGO;Medio;N/A;FreeTV Drama;N/A;Cine;Si
Uruguay;DGO;Medio;N/A;FreeTV Estelar;N/A;Cine;Si
Uruguay;DGO;Medio;N/A;FreeTV Familia;N/A;Cine;Si
Uruguay;DGO;Medio;N/A;FreeTV Hits;N/A;Cine;Si
Uruguay;DGO;Medio;N/A;FreeTV Terror;N/A;Cine;Si
Uruguay;DGO;Medio;N/A;FX Colombia HD;N/A;Variedades;Si
Uruguay;DGO;Medio;N/A;Glitz;N/A;Variedades;Si
Uruguay;DGO;Medio;N/A;Golf Channel HD;N/A;Deportes;No
Uruguay;DGO;Medio;N/A;HBO;N/A;Cine;No
Uruguay;DGO;Medio;N/A;HBO 2;N/A;Cine;No
Uruguay;DGO;Medio;N/A;HBO Family;N/A;Cine;No
Uruguay;DGO;Medio;N/A;HBO Plus HD;N/A;Cine;No
Uruguay;DGO;Medio;N/A;HBO Signature;N/A;Nacional;No
Uruguay;DGO;Medio;N/A;HGTV;N/A;Variedades;No
Uruguay;DGO;Medio;N/A;History 2 HD;N/A;Mundo;No
Uruguay;DGO;Medio;N/A;History HD;N/A;Mundo;Si
Uruguay;DGO;Medio;N/A;Hola TV HD;N/A;Variedades;Si
Uruguay;DGO;Medio;N/A;HTV;N/A;Variedades;Si
Uruguay;DGO;Medio;N/A;IP Noticias;N/A;Mundo;Si
Uruguay;DGO;Medio;N/A;ISAT;N/A;Cine;Si
Uruguay;DGO;Medio;N/A;KZO;N/A;Variedades;Si
Uruguay;DGO;Medio;N/A;La Nación + HD;N/A;Nacional;Si
Uruguay;DGO;Medio;N/A;Lifetime HD;N/A;Variedades;No
Uruguay;DGO;Medio;N/A;Más Chic;N/A;Variedades;Si
Uruguay;DGO;Medio;N/A;Mega Noticias;N/A;Mundo;Si
Uruguay;DGO;Medio;N/A;Mega Tiempo;N/A;Mundo;Si
Uruguay;DGO;Medio;N/A;Monte Carlo TV HD;N/A;Nacional;Si
Uruguay;DGO;Medio;N/A;Mórbido TV;N/A;Cine;No
Uruguay;DGO;Medio;N/A;MTV HD;N/A;Variedades;Si
Uruguay;DGO;Medio;N/A;Nat Geo Sur HD;N/A;Mundo;Si
Uruguay;DGO;Medio;N/A;Newsmax TV;N/A;Nacional;Si
Uruguay;DGO;Medio;N/A;Nick Jr. HD;N/A;Infantil;Si
Uruguay;DGO;Medio;N/A;Nickelodeon HD;N/A;Infantil;Si
Uruguay;DGO;Medio;N/A;OnDIRECTV HD;N/A;Cine;Si
Uruguay;DGO;Medio;N/A;Plim Plim;N/A;Infantil;No
Uruguay;DGO;Medio;N/A;Rai Italia;N/A;Mundo;Si
Uruguay;DGO;Medio;N/A;RCN Más;N/A;Variedades;Si
Uruguay;DGO;Medio;N/A;RCN Noticias;N/A;Mundo;Si
Uruguay;DGO;Medio;N/A;Saeta TV;N/A;Nacional;Si
Uruguay;DGO;Medio;N/A;Sony;N/A;Cine;Si
Uruguay;DGO;Medio;N/A;Sony Movies;N/A;Cine;No
Uruguay;DGO;Medio;N/A;Space Sur;N/A;Cine;Si
Uruguay;DGO;Medio;N/A;Star Channel (South);N/A;Cine;Si
Uruguay;DGO;Medio;N/A;Studio Universal HD;N/A;Cine;Si
Uruguay;DGO;Medio;N/A;SyFy HD;N/A;Variedades;No
Uruguay;DGO;Medio;N/A;Tastemade;N/A;Variedades;Si
Uruguay;DGO;Medio;N/A;Tastemade Viajes;N/A;Variedades;Si
Uruguay;DGO;Medio;N/A;TBS Very Funny;N/A;Variedades;No
Uruguay;DGO;Medio;N/A;TCM;N/A;Cine;No
Uruguay;DGO;Medio;N/A;Teledoce HD;N/A;Nacional;Si
Uruguay;DGO;Medio;N/A;Telemundo Internacional;N/A;Variedades;Si
Uruguay;DGO;Medio;N/A;Television Nacional de Uruguay;N/A;Nacional;Si
Uruguay;DGO;Medio;N/A;Discovery Travel & Living Channel (TLC);N/A;Variedades;No
Uruguay;DGO;Medio;N/A;TNT HD;N/A;Cine;Si
Uruguay;DGO;Medio;N/A;TNT Novelas;N/A;Variedades;No
Uruguay;DGO;Medio;N/A;TNT Series;N/A;Cine;Si
Uruguay;DGO;Medio;N/A;TNT Series HD;N/A;Cine;Si
Uruguay;DGO;Medio;N/A;truTV;N/A;Variedades;No
Uruguay;DGO;Medio;N/A;TCM;N/A;Cine;Si
Uruguay;DGO;Medio;N/A;TV Ciudad;N/A;Nacional;Si
Uruguay;DGO;Medio;N/A;TV Cortos;N/A;Cine;No
Uruguay;DGO;Medio;N/A;TV Universal HD (South);N/A;Cine;Si
Uruguay;DGO;Medio;N/A;TyC Sports;N/A;Deportes;No
Uruguay;DGO;Medio;N/A;TyC Sports Fan;N/A;Deportes;Si
Uruguay;DGO;Medio;N/A;Warner Channel HD;N/A;Variedades;Si
Uruguay;DGO;Bajo;N/A;A&E;N/A;Variedades;Si
Uruguay;DGO;Bajo;N/A;Atres Cine;N/A;Cine;No
Uruguay;DGO;Bajo;N/A;AMC;N/A;Variedades;No
Uruguay;DGO;Bajo;N/A;America Television HD;N/A;Nacional;Si
Uruguay;DGO;Bajo;N/A;Animal Planet HD;N/A;Mundo;Si
Uruguay;DGO;Bajo;N/A;Antena 3 HD;N/A;Mundo;No
Uruguay;DGO;Bajo;N/A;Atres Series HD;N/A;Cine;No
Uruguay;DGO;Bajo;N/A;AXN;N/A;Variedades;Si
Uruguay;DGO;Bajo;N/A;Azteca Internacional;N/A;Variedades;Si
Uruguay;DGO;Bajo;N/A;BabyTV HD;N/A;Infantil;No
Uruguay;DGO;Bajo;N/A;Bloomberg;N/A;Mundo;No
Uruguay;DGO;Bajo;N/A;Boomerang;N/A;Infantil;No
Uruguay;DGO;Bajo;N/A;Canal 26 HD;N/A;Nacional;No
Uruguay;DGO;Bajo;N/A;Canal 9 HD;N/A;Nacional;Si
Uruguay;DGO;Bajo;N/A;Caracol Mix;N/A;Variedades;Si
Uruguay;DGO;Bajo;N/A;Cartoon Network HD;N/A;Infantil;Si
Uruguay;DGO;Bajo;N/A;Cartoonito;N/A;Infantil;No
Uruguay;DGO;Bajo;N/A;CGTN Español;N/A;Mundo;Si
Uruguay;DGO;Bajo;N/A;Cinecanal Argentina;N/A;Cine;Si
Uruguay;DGO;Bajo;N/A;Cinelatino;N/A;Cine;Si
Uruguay;DGO;Bajo;N/A;Cinema;N/A;Cine;Si
Uruguay;DGO;Bajo;N/A;Cinemax HD;N/A;Cine;Si
Uruguay;DGO;Bajo;N/A;Clic;N/A;Variedades;Si
Uruguay;DGO;Bajo;N/A;CNN International;N/A;Mundo;No
Uruguay;DGO;Bajo;N/A;CNN en Español;N/A;Mundo;Si
Uruguay;DGO;Bajo;N/A;Comedy Central HD;N/A;Variedades;No
Uruguay;DGO;Bajo;N/A;Corazón;N/A;Variedades;Si
Uruguay;DGO;Bajo;N/A;Daystar Español;N/A;Mundo;No
Uruguay;DGO;Bajo;N/A;DIRECTV Eventos 1;N/A;Occasional SSLA;Si
Uruguay;DGO;Bajo;N/A;DIRECTV Eventos 2;N/A;Occasional SSLA;Si
Uruguay;DGO;Bajo;N/A;DIRECTV Eventos 3;N/A;Occasional SSLA;Si
Uruguay;DGO;Bajo;N/A;DIRECTV Eventos 4;N/A;Occasional SSLA;Si
Uruguay;DGO;Bajo;N/A;DIRECTV Eventos 5;N/A;Occasional SSLA;Si
Uruguay;DGO;Bajo;N/A;DIRECTV Eventos 6;N/A;Occasional SSLA;Si
Uruguay;DGO;Bajo;N/A;DIRECTV Eventos 7;N/A;Occasional SSLA;Si
Uruguay;DGO;Bajo;N/A;DSports Argentina;N/A;Deportes;Si
Uruguay;DGO;Bajo;N/A;Dsports Uruguay;N/A;Deportes;Si
Uruguay;DGO;Bajo;N/A;DSports 2 HD;N/A;Deportes;Si
Uruguay;DGO;Bajo;N/A;DSports Fight;N/A;Deportes;Si
Uruguay;DGO;Bajo;N/A;DSports Plus;N/A;Deportes;Si
Uruguay;DGO;Bajo;N/A;Discovery Channel HD;N/A;Mundo;Si
Uruguay;DGO;Bajo;N/A;Discovery Home & Health;N/A;Variedades;Si
Uruguay;DGO;Bajo;N/A;Investigation Discovery (ID) HD;N/A;Variedades;No
Uruguay;DGO;Bajo;N/A;Discovery Kids HD;N/A;Infantil;Si
Uruguay;DGO;Bajo;N/A;Discovery Theater;N/A;Mundo;No
Uruguay;DGO;Bajo;N/A;Discovery Travel & Living Channel (TLC) HD;N/A;Mundo;No
Uruguay;DGO;Bajo;N/A;Discovery Turbo;N/A;Mundo;No
Uruguay;DGO;Bajo;N/A;Discovery World;N/A;Mundo;No
Uruguay;DGO;Bajo;N/A;Disney Channel;N/A;Infantil;Si
Uruguay;DGO;Bajo;N/A;Disney Junior Sur;N/A;Infantil;Si
Uruguay;DGO;Bajo;N/A;DNews;N/A;Mundo;No
Uruguay;DGO;Bajo;N/A;DSports Uruguay Plus;N/A;Deportes;Si
Uruguay;DGO;Bajo;N/A;E! Entertainment México;N/A;Variedades;Si
Uruguay;DGO;Bajo;N/A;Edye;N/A;Infantil;Si
Uruguay;DGO;Bajo;N/A;El Gourmet;N/A;Variedades;Si
Uruguay;DGO;Bajo;N/A;El Reino Infantil;N/A;Infantil;No
Uruguay;DGO;Bajo;N/A;ESPN 2 Latin Andina HD;N/A;Deportes;Si
Uruguay;DGO;Bajo;N/A;ESPN 3;N/A;Deportes;Si
Uruguay;DGO;Bajo;N/A;ESPN 4;N/A;Deportes;No
Uruguay;DGO;Bajo;N/A;ESPN Argentina HD;N/A;Deportes;Si
Uruguay;DGO;Bajo;N/A;ESPN Extra;N/A;Deportes;No
Uruguay;DGO;Bajo;N/A;Food Network HD;N/A;Variedades;No
Uruguay;DGO;Bajo;N/A;Fox News;N/A;Mundo;Si
Uruguay;DGO;Bajo;N/A;Fox Sports Argentina;N/A;Deportes;Si
Uruguay;DGO;Bajo;N/A;Fox Sports 2;N/A;Deportes;Si
Uruguay;DGO;Bajo;N/A;Fox Sports Sur 2;N/A;Deportes;Si
Uruguay;DGO;Bajo;N/A;Fox Sports 3;N/A;Deportes;Si
Uruguay;DGO;Bajo;N/A;France 24 Español;N/A;Mundo;No
Uruguay;DGO;Bajo;N/A;FreeTV Acción;N/A;Cine;Si
Uruguay;DGO;Bajo;N/A;FreeTV Drama;N/A;Cine;Si
Uruguay;DGO;Bajo;N/A;FreeTV Estelar;N/A;Cine;Si
Uruguay;DGO;Bajo;N/A;FreeTV Familia;N/A;Cine;Si
Uruguay;DGO;Bajo;N/A;FreeTV Hits;N/A;Cine;Si
Uruguay;DGO;Bajo;N/A;FreeTV Terror;N/A;Cine;Si
Uruguay;DGO;Bajo;N/A;FX Colombia HD;N/A;Variedades;Si
Uruguay;DGO;Bajo;N/A;Glitz;N/A;Variedades;No
Uruguay;DGO;Bajo;N/A;Golf Channel HD;N/A;Deportes;No
Uruguay;DGO;Bajo;N/A;HBO;N/A;Cine;No
Uruguay;DGO;Bajo;N/A;HBO 2;N/A;Cine;No
Uruguay;DGO;Bajo;N/A;HBO Family;N/A;Cine;No
Uruguay;DGO;Bajo;N/A;HBO Plus HD;N/A;Cine;No
Uruguay;DGO;Bajo;N/A;HBO Signature;N/A;Nacional;No
Uruguay;DGO;Bajo;N/A;HGTV;N/A;Variedades;No
Uruguay;DGO;Bajo;N/A;History 2 HD;N/A;Mundo;No
Uruguay;DGO;Bajo;N/A;History HD;N/A;Mundo;Si
Uruguay;DGO;Bajo;N/A;Hola TV HD;N/A;Variedades;Si
Uruguay;DGO;Bajo;N/A;HTV;N/A;Variedades;Si
Uruguay;DGO;Bajo;N/A;IP Noticias;N/A;Mundo;Si
Uruguay;DGO;Bajo;N/A;ISAT;N/A;Cine;Si
Uruguay;DGO;Bajo;N/A;KZO;N/A;Variedades;Si
Uruguay;DGO;Bajo;N/A;La Nación + HD;N/A;Nacional;Si
Uruguay;DGO;Bajo;N/A;Lifetime HD;N/A;Variedades;No
Uruguay;DGO;Bajo;N/A;Más Chic;N/A;Variedades;No
Uruguay;DGO;Bajo;N/A;Mega Noticias;N/A;Mundo;Si
Uruguay;DGO;Bajo;N/A;Mega Tiempo;N/A;Mundo;Si
Uruguay;DGO;Bajo;N/A;Monte Carlo TV HD;N/A;Nacional;Si
Uruguay;DGO;Bajo;N/A;Mórbido TV;N/A;Cine;No
Uruguay;DGO;Bajo;N/A;MTV HD;N/A;Variedades;Si
Uruguay;DGO;Bajo;N/A;Nat Geo Sur HD;N/A;Mundo;Si
Uruguay;DGO;Bajo;N/A;Newsmax TV;N/A;Nacional;Si
Uruguay;DGO;Bajo;N/A;Nick Jr. HD;N/A;Infantil;Si
Uruguay;DGO;Bajo;N/A;Nickelodeon HD;N/A;Infantil;Si
Uruguay;DGO;Bajo;N/A;OnDIRECTV HD;N/A;Cine;Si
Uruguay;DGO;Bajo;N/A;Plim Plim;N/A;Infantil;No
Uruguay;DGO;Bajo;N/A;Rai Italia;N/A;Mundo;No
Uruguay;DGO;Bajo;N/A;RCN Más;N/A;Variedades;Si
Uruguay;DGO;Bajo;N/A;RCN Noticias;N/A;Mundo;Si
Uruguay;DGO;Bajo;N/A;Saeta TV;N/A;Nacional;Si
Uruguay;DGO;Bajo;N/A;Sony;N/A;Cine;Si
Uruguay;DGO;Bajo;N/A;Sony Movies;N/A;Cine;No
Uruguay;DGO;Bajo;N/A;Space Sur;N/A;Cine;Si
Uruguay;DGO;Bajo;N/A;Star Channel (South);N/A;Cine;Si
Uruguay;DGO;Bajo;N/A;Studio Universal HD;N/A;Cine;Si
Uruguay;DGO;Bajo;N/A;SyFy HD;N/A;Variedades;No
Uruguay;DGO;Bajo;N/A;Tastemade;N/A;Variedades;Si
Uruguay;DGO;Bajo;N/A;Tastemade Viajes;N/A;Variedades;Si
Uruguay;DGO;Bajo;N/A;TBS Very Funny;N/A;Variedades;No
Uruguay;DGO;Bajo;N/A;TCM;N/A;Cine;No
Uruguay;DGO;Bajo;N/A;Teledoce HD;N/A;Nacional;Si
Uruguay;DGO;Bajo;N/A;Telemundo Internacional;N/A;Variedades;Si
Uruguay;DGO;Bajo;N/A;Television Nacional de Uruguay;N/A;Nacional;Si
Uruguay;DGO;Bajo;N/A;Discovery Travel & Living Channel (TLC);N/A;Variedades;No
Uruguay;DGO;Bajo;N/A;TNT HD;N/A;Cine;Si
Uruguay;DGO;Bajo;N/A;TNT Novelas;N/A;Variedades;No
Uruguay;DGO;Bajo;N/A;TNT Series;N/A;Cine;Si
Uruguay;DGO;Bajo;N/A;TNT Series HD;N/A;Cine;Si
Uruguay;DGO;Bajo;N/A;truTV;N/A;Variedades;No
Uruguay;DGO;Bajo;N/A;TCM;N/A;Cine;Si
Uruguay;DGO;Bajo;N/A;TV Ciudad;N/A;Nacional;Si
Uruguay;DGO;Bajo;N/A;TV Cortos;N/A;Cine;No
Uruguay;DGO;Bajo;N/A;TV Universal HD (South);N/A;Cine;Si
Uruguay;DGO;Bajo;N/A;TyC Sports;N/A;Deportes;No
Uruguay;DGO;Bajo;N/A;TyC Sports Fan;N/A;Deportes;Si
Uruguay;DGO;Bajo;N/A;Warner Channel HD;N/A;Variedades;Si
Uruguay;DGO;DTH Uruguay 001;N/A;A&E;N/A;Variedades;Si
Uruguay;DGO;DTH Uruguay 001;N/A;Atres Cine;N/A;Cine;No
Uruguay;DGO;DTH Uruguay 001;N/A;AMC;N/A;Variedades;Si
Uruguay;DGO;DTH Uruguay 001;N/A;America Television HD;N/A;Nacional;Si
Uruguay;DGO;DTH Uruguay 001;N/A;Animal Planet HD;N/A;Mundo;Si
Uruguay;DGO;DTH Uruguay 001;N/A;Antena 3 HD;N/A;Mundo;Si
Uruguay;DGO;DTH Uruguay 001;N/A;Atres Series HD;N/A;Cine;Si
Uruguay;DGO;DTH Uruguay 001;N/A;AXN;N/A;Variedades;Si
Uruguay;DGO;DTH Uruguay 001;N/A;Azteca Internacional;N/A;Variedades;Si
Uruguay;DGO;DTH Uruguay 001;N/A;BabyTV HD;N/A;Infantil;No
Uruguay;DGO;DTH Uruguay 001;N/A;Bloomberg;N/A;Mundo;Si
Uruguay;DGO;DTH Uruguay 001;N/A;Boomerang;N/A;Infantil;Si
Uruguay;DGO;DTH Uruguay 001;N/A;Canal 26 HD;N/A;Nacional;Si
Uruguay;DGO;DTH Uruguay 001;N/A;Canal 9 HD;N/A;Nacional;Si
Uruguay;DGO;DTH Uruguay 001;N/A;Caracol Mix;N/A;Variedades;Si
Uruguay;DGO;DTH Uruguay 001;N/A;Cartoon Network HD;N/A;Infantil;Si
Uruguay;DGO;DTH Uruguay 001;N/A;Cartoonito;N/A;Infantil;No
Uruguay;DGO;DTH Uruguay 001;N/A;CGTN Español;N/A;Mundo;Si
Uruguay;DGO;DTH Uruguay 001;N/A;Cinecanal Argentina;N/A;Cine;Si
Uruguay;DGO;DTH Uruguay 001;N/A;Cinelatino;N/A;Cine;Si
Uruguay;DGO;DTH Uruguay 001;N/A;Cinema;N/A;Cine;Si
Uruguay;DGO;DTH Uruguay 001;N/A;Cinemax HD;N/A;Cine;Si
Uruguay;DGO;DTH Uruguay 001;N/A;Clic;N/A;Variedades;Si
Uruguay;DGO;DTH Uruguay 001;N/A;CNN International;N/A;Mundo;Si
Uruguay;DGO;DTH Uruguay 001;N/A;CNN en Español;N/A;Mundo;Si
Uruguay;DGO;DTH Uruguay 001;N/A;Comedy Central HD;N/A;Variedades;Si
Uruguay;DGO;DTH Uruguay 001;N/A;Corazón;N/A;Variedades;Si
Uruguay;DGO;DTH Uruguay 001;N/A;Daystar Español;N/A;Mundo;No
Uruguay;DGO;DTH Uruguay 001;N/A;DIRECTV Eventos 1;N/A;Occasional SSLA;Si
Uruguay;DGO;DTH Uruguay 001;N/A;DIRECTV Eventos 2;N/A;Occasional SSLA;Si
Uruguay;DGO;DTH Uruguay 001;N/A;DIRECTV Eventos 3;N/A;Occasional SSLA;No
Uruguay;DGO;DTH Uruguay 001;N/A;DIRECTV Eventos 4;N/A;Occasional SSLA;Si
Uruguay;DGO;DTH Uruguay 001;N/A;DIRECTV Eventos 5;N/A;Occasional SSLA;No
Uruguay;DGO;DTH Uruguay 001;N/A;DIRECTV Eventos 6;N/A;Occasional SSLA;Si
Uruguay;DGO;DTH Uruguay 001;N/A;DIRECTV Eventos 7;N/A;Occasional SSLA;Si
Uruguay;DGO;DTH Uruguay 001;N/A;DSports Argentina;N/A;Deportes;Si
Uruguay;DGO;DTH Uruguay 001;N/A;Dsports Uruguay;N/A;Deportes;Si
Uruguay;DGO;DTH Uruguay 001;N/A;DSports 2 HD;N/A;Deportes;Si
Uruguay;DGO;DTH Uruguay 001;N/A;DSports Fight;N/A;Deportes;Si
Uruguay;DGO;DTH Uruguay 001;N/A;DSports Plus;N/A;Deportes;Si
Uruguay;DGO;DTH Uruguay 001;N/A;Discovery Channel HD;N/A;Mundo;No
Uruguay;DGO;DTH Uruguay 001;N/A;Discovery Home & Health;N/A;Variedades;Si
Uruguay;DGO;DTH Uruguay 001;N/A;Investigation Discovery (ID) HD;N/A;Variedades;Si
Uruguay;DGO;DTH Uruguay 001;N/A;Discovery Kids HD;N/A;Infantil;Si
Uruguay;DGO;DTH Uruguay 001;N/A;Discovery Theater;N/A;Mundo;No
Uruguay;DGO;DTH Uruguay 001;N/A;Discovery Travel & Living Channel (TLC) HD;N/A;Mundo;Si
Uruguay;DGO;DTH Uruguay 001;N/A;Discovery Turbo;N/A;Mundo;Si
Uruguay;DGO;DTH Uruguay 001;N/A;Discovery World;N/A;Mundo;No
Uruguay;DGO;DTH Uruguay 001;N/A;Disney Channel;N/A;Infantil;Si
Uruguay;DGO;DTH Uruguay 001;N/A;Disney Junior Sur;N/A;Infantil;Si
Uruguay;DGO;DTH Uruguay 001;N/A;DNews;N/A;Mundo;No
Uruguay;DGO;DTH Uruguay 001;N/A;DSports Uruguay Plus;N/A;Deportes;Si
Uruguay;DGO;DTH Uruguay 001;N/A;E! Entertainment México;N/A;Variedades;Si
Uruguay;DGO;DTH Uruguay 001;N/A;Edye;N/A;Infantil;Si
Uruguay;DGO;DTH Uruguay 001;N/A;El Gourmet;N/A;Variedades;Si
Uruguay;DGO;DTH Uruguay 001;N/A;El Reino Infantil;N/A;Infantil;No
Uruguay;DGO;DTH Uruguay 001;N/A;ESPN 2 Latin Andina HD;N/A;Deportes;Si
Uruguay;DGO;DTH Uruguay 001;N/A;ESPN 3;N/A;Deportes;Si
Uruguay;DGO;DTH Uruguay 001;N/A;ESPN 4;N/A;Deportes;No
Uruguay;DGO;DTH Uruguay 001;N/A;ESPN Argentina HD;N/A;Deportes;Si
Uruguay;DGO;DTH Uruguay 001;N/A;ESPN Extra;N/A;Deportes;Si
Uruguay;DGO;DTH Uruguay 001;N/A;Food Network HD;N/A;Variedades;Si
Uruguay;DGO;DTH Uruguay 001;N/A;Fox News;N/A;Mundo;Si
Uruguay;DGO;DTH Uruguay 001;N/A;Fox Sports Argentina;N/A;Deportes;Si
Uruguay;DGO;DTH Uruguay 001;N/A;Fox Sports 2;N/A;Deportes;Si
Uruguay;DGO;DTH Uruguay 001;N/A;Fox Sports Sur 2;N/A;Deportes;No
Uruguay;DGO;DTH Uruguay 001;N/A;Fox Sports 3;N/A;Deportes;Si
Uruguay;DGO;DTH Uruguay 001;N/A;France 24 Español;N/A;Mundo;No
Uruguay;DGO;DTH Uruguay 001;N/A;FreeTV Acción;N/A;Cine;Si
Uruguay;DGO;DTH Uruguay 001;N/A;FreeTV Drama;N/A;Cine;Si
Uruguay;DGO;DTH Uruguay 001;N/A;FreeTV Estelar;N/A;Cine;Si
Uruguay;DGO;DTH Uruguay 001;N/A;FreeTV Familia;N/A;Cine;Si
Uruguay;DGO;DTH Uruguay 001;N/A;FreeTV Hits;N/A;Cine;Si
Uruguay;DGO;DTH Uruguay 001;N/A;FreeTV Terror;N/A;Cine;Si
Uruguay;DGO;DTH Uruguay 001;N/A;FX Colombia HD;N/A;Variedades;Si
Uruguay;DGO;DTH Uruguay 001;N/A;Glitz;N/A;Variedades;Si
Uruguay;DGO;DTH Uruguay 001;N/A;Golf Channel HD;N/A;Deportes;Si
Uruguay;DGO;DTH Uruguay 001;N/A;HBO;N/A;Cine;No
Uruguay;DGO;DTH Uruguay 001;N/A;HBO 2;N/A;Cine;No
Uruguay;DGO;DTH Uruguay 001;N/A;HBO Family;N/A;Cine;No
Uruguay;DGO;DTH Uruguay 001;N/A;HBO Plus HD;N/A;Cine;No
Uruguay;DGO;DTH Uruguay 001;N/A;HBO Signature;N/A;Nacional;No
Uruguay;DGO;DTH Uruguay 001;N/A;HGTV;N/A;Variedades;No
Uruguay;DGO;DTH Uruguay 001;N/A;History 2 HD;N/A;Mundo;Si
Uruguay;DGO;DTH Uruguay 001;N/A;History HD;N/A;Mundo;Si
Uruguay;DGO;DTH Uruguay 001;N/A;Hola TV HD;N/A;Variedades;Si
Uruguay;DGO;DTH Uruguay 001;N/A;HTV;N/A;Variedades;Si
Uruguay;DGO;DTH Uruguay 001;N/A;IP Noticias;N/A;Mundo;Si
Uruguay;DGO;DTH Uruguay 001;N/A;ISAT;N/A;Cine;Si
Uruguay;DGO;DTH Uruguay 001;N/A;KZO;N/A;Variedades;Si
Uruguay;DGO;DTH Uruguay 001;N/A;La Nación + HD;N/A;Nacional;Si
Uruguay;DGO;DTH Uruguay 001;N/A;Lifetime HD;N/A;Variedades;Si
Uruguay;DGO;DTH Uruguay 001;N/A;Más Chic;N/A;Variedades;Si
Uruguay;DGO;DTH Uruguay 001;N/A;Mega Noticias;N/A;Mundo;Si
Uruguay;DGO;DTH Uruguay 001;N/A;Mega Tiempo;N/A;Mundo;Si
Uruguay;DGO;DTH Uruguay 001;N/A;Monte Carlo TV HD;N/A;Nacional;Si
Uruguay;DGO;DTH Uruguay 001;N/A;Mórbido TV;N/A;Cine;No
Uruguay;DGO;DTH Uruguay 001;N/A;MTV HD;N/A;Variedades;Si
Uruguay;DGO;DTH Uruguay 001;N/A;Nat Geo Sur HD;N/A;Mundo;Si
Uruguay;DGO;DTH Uruguay 001;N/A;Newsmax TV;N/A;Nacional;Si
Uruguay;DGO;DTH Uruguay 001;N/A;Nick Jr. HD;N/A;Infantil;Si
Uruguay;DGO;DTH Uruguay 001;N/A;Nickelodeon HD;N/A;Infantil;Si
Uruguay;DGO;DTH Uruguay 001;N/A;OnDIRECTV HD;N/A;Cine;Si
Uruguay;DGO;DTH Uruguay 001;N/A;Plim Plim;N/A;Infantil;No
Uruguay;DGO;DTH Uruguay 001;N/A;Rai Italia;N/A;Mundo;Si
Uruguay;DGO;DTH Uruguay 001;N/A;RCN Más;N/A;Variedades;Si
Uruguay;DGO;DTH Uruguay 001;N/A;RCN Noticias;N/A;Mundo;Si
Uruguay;DGO;DTH Uruguay 001;N/A;Saeta TV;N/A;Nacional;No
Uruguay;DGO;DTH Uruguay 001;N/A;Sony;N/A;Cine;Si
Uruguay;DGO;DTH Uruguay 001;N/A;Sony Movies;N/A;Cine;No
Uruguay;DGO;DTH Uruguay 001;N/A;Space Sur;N/A;Cine;Si
Uruguay;DGO;DTH Uruguay 001;N/A;Star Channel (South);N/A;Cine;Si
Uruguay;DGO;DTH Uruguay 001;N/A;Studio Universal HD;N/A;Cine;Si
Uruguay;DGO;DTH Uruguay 001;N/A;SyFy HD;N/A;Variedades;Si
Uruguay;DGO;DTH Uruguay 001;N/A;Tastemade;N/A;Variedades;Si
Uruguay;DGO;DTH Uruguay 001;N/A;Tastemade Viajes;N/A;Variedades;Si
Uruguay;DGO;DTH Uruguay 001;N/A;TBS Very Funny;N/A;Variedades;Si
Uruguay;DGO;DTH Uruguay 001;N/A;TCM;N/A;Cine;No
Uruguay;DGO;DTH Uruguay 001;N/A;Teledoce HD;N/A;Nacional;Si
Uruguay;DGO;DTH Uruguay 001;N/A;Telemundo Internacional;N/A;Variedades;Si
Uruguay;DGO;DTH Uruguay 001;N/A;Television Nacional de Uruguay;N/A;Nacional;No
Uruguay;DGO;DTH Uruguay 001;N/A;Discovery Travel & Living Channel (TLC);N/A;Variedades;No
Uruguay;DGO;DTH Uruguay 001;N/A;TNT HD;N/A;Cine;Si
Uruguay;DGO;DTH Uruguay 001;N/A;TNT Novelas;N/A;Variedades;No
Uruguay;DGO;DTH Uruguay 001;N/A;TNT Series;N/A;Cine;Si
Uruguay;DGO;DTH Uruguay 001;N/A;TNT Series HD;N/A;Cine;Si
Uruguay;DGO;DTH Uruguay 001;N/A;truTV;N/A;Variedades;Si
Uruguay;DGO;DTH Uruguay 001;N/A;TCM;N/A;Cine;Si
Uruguay;DGO;DTH Uruguay 001;N/A;TV Ciudad;N/A;Nacional;Si
Uruguay;DGO;DTH Uruguay 001;N/A;TV Cortos;N/A;Cine;No
Uruguay;DGO;DTH Uruguay 001;N/A;TV Universal HD (South);N/A;Cine;Si
Uruguay;DGO;DTH Uruguay 001;N/A;TyC Sports;N/A;Deportes;No
Uruguay;DGO;DTH Uruguay 001;N/A;TyC Sports Fan;N/A;Deportes;Si
Uruguay;DGO;DTH Uruguay 001;N/A;Warner Channel HD;N/A;Variedades;Si
Uruguay;DGO;DTH Uruguay 002;N/A;A&E;N/A;Variedades;No
Uruguay;DGO;DTH Uruguay 002;N/A;Atres Cine;N/A;Cine;No
Uruguay;DGO;DTH Uruguay 002;N/A;AMC;N/A;Variedades;No
Uruguay;DGO;DTH Uruguay 002;N/A;America Television HD;N/A;Nacional;No
Uruguay;DGO;DTH Uruguay 002;N/A;Animal Planet HD;N/A;Mundo;No
Uruguay;DGO;DTH Uruguay 002;N/A;Antena 3 HD;N/A;Mundo;No
Uruguay;DGO;DTH Uruguay 002;N/A;Atres Series HD;N/A;Cine;No
Uruguay;DGO;DTH Uruguay 002;N/A;AXN;N/A;Variedades;No
Uruguay;DGO;DTH Uruguay 002;N/A;Azteca Internacional;N/A;Variedades;Si
Uruguay;DGO;DTH Uruguay 002;N/A;BabyTV HD;N/A;Infantil;No
Uruguay;DGO;DTH Uruguay 002;N/A;Bloomberg;N/A;Mundo;No
Uruguay;DGO;DTH Uruguay 002;N/A;Boomerang;N/A;Infantil;No
Uruguay;DGO;DTH Uruguay 002;N/A;Canal 26 HD;N/A;Nacional;No
Uruguay;DGO;DTH Uruguay 002;N/A;Canal 9 HD;N/A;Nacional;No
Uruguay;DGO;DTH Uruguay 002;N/A;Caracol Mix;N/A;Variedades;Si
Uruguay;DGO;DTH Uruguay 002;N/A;Cartoon Network HD;N/A;Infantil;No
Uruguay;DGO;DTH Uruguay 002;N/A;Cartoonito;N/A;Infantil;No
Uruguay;DGO;DTH Uruguay 002;N/A;CGTN Español;N/A;Mundo;Si
Uruguay;DGO;DTH Uruguay 002;N/A;Cinecanal Argentina;N/A;Cine;No
Uruguay;DGO;DTH Uruguay 002;N/A;Cinelatino;N/A;Cine;No
Uruguay;DGO;DTH Uruguay 002;N/A;Cinema;N/A;Cine;Si
Uruguay;DGO;DTH Uruguay 002;N/A;Cinemax HD;N/A;Cine;No
Uruguay;DGO;DTH Uruguay 002;N/A;Clic;N/A;Variedades;Si
Uruguay;DGO;DTH Uruguay 002;N/A;CNN International;N/A;Mundo;No
Uruguay;DGO;DTH Uruguay 002;N/A;CNN en Español;N/A;Mundo;No
Uruguay;DGO;DTH Uruguay 002;N/A;Comedy Central HD;N/A;Variedades;No
Uruguay;DGO;DTH Uruguay 002;N/A;Corazón;N/A;Variedades;Si
Uruguay;DGO;DTH Uruguay 002;N/A;Daystar Español;N/A;Mundo;No
Uruguay;DGO;DTH Uruguay 002;N/A;DIRECTV Eventos 1;N/A;Occasional SSLA;No
Uruguay;DGO;DTH Uruguay 002;N/A;DIRECTV Eventos 2;N/A;Occasional SSLA;No
Uruguay;DGO;DTH Uruguay 002;N/A;DIRECTV Eventos 3;N/A;Occasional SSLA;No
Uruguay;DGO;DTH Uruguay 002;N/A;DIRECTV Eventos 4;N/A;Occasional SSLA;No
Uruguay;DGO;DTH Uruguay 002;N/A;DIRECTV Eventos 5;N/A;Occasional SSLA;No
Uruguay;DGO;DTH Uruguay 002;N/A;DIRECTV Eventos 6;N/A;Occasional SSLA;No
Uruguay;DGO;DTH Uruguay 002;N/A;DIRECTV Eventos 7;N/A;Occasional SSLA;No
Uruguay;DGO;DTH Uruguay 002;N/A;DSports Argentina;N/A;Deportes;No
Uruguay;DGO;DTH Uruguay 002;N/A;Dsports Uruguay;N/A;Deportes;No
Uruguay;DGO;DTH Uruguay 002;N/A;DSports 2 HD;N/A;Deportes;No
Uruguay;DGO;DTH Uruguay 002;N/A;DSports Fight;N/A;Deportes;Si
Uruguay;DGO;DTH Uruguay 002;N/A;DSports Plus;N/A;Deportes;No
Uruguay;DGO;DTH Uruguay 002;N/A;Discovery Channel HD;N/A;Mundo;No
Uruguay;DGO;DTH Uruguay 002;N/A;Discovery Home & Health;N/A;Variedades;No
Uruguay;DGO;DTH Uruguay 002;N/A;Investigation Discovery (ID) HD;N/A;Variedades;No
Uruguay;DGO;DTH Uruguay 002;N/A;Discovery Kids HD;N/A;Infantil;No
Uruguay;DGO;DTH Uruguay 002;N/A;Discovery Theater;N/A;Mundo;No
Uruguay;DGO;DTH Uruguay 002;N/A;Discovery Travel & Living Channel (TLC) HD;N/A;Mundo;No
Uruguay;DGO;DTH Uruguay 002;N/A;Discovery Turbo;N/A;Mundo;No
Uruguay;DGO;DTH Uruguay 002;N/A;Discovery World;N/A;Mundo;No
Uruguay;DGO;DTH Uruguay 002;N/A;Disney Channel;N/A;Infantil;No
Uruguay;DGO;DTH Uruguay 002;N/A;Disney Junior Sur;N/A;Infantil;No
Uruguay;DGO;DTH Uruguay 002;N/A;DNews;N/A;Mundo;No
Uruguay;DGO;DTH Uruguay 002;N/A;DSports Uruguay Plus;N/A;Deportes;Si
Uruguay;DGO;DTH Uruguay 002;N/A;E! Entertainment México;N/A;Variedades;No
Uruguay;DGO;DTH Uruguay 002;N/A;Edye;N/A;Infantil;Si
Uruguay;DGO;DTH Uruguay 002;N/A;El Gourmet;N/A;Variedades;No
Uruguay;DGO;DTH Uruguay 002;N/A;El Reino Infantil;N/A;Infantil;No
Uruguay;DGO;DTH Uruguay 002;N/A;ESPN 2 Latin Andina HD;N/A;Deportes;No
Uruguay;DGO;DTH Uruguay 002;N/A;ESPN 3;N/A;Deportes;No
Uruguay;DGO;DTH Uruguay 002;N/A;ESPN 4;N/A;Deportes;No
Uruguay;DGO;DTH Uruguay 002;N/A;ESPN Argentina HD;N/A;Deportes;No
Uruguay;DGO;DTH Uruguay 002;N/A;ESPN Extra;N/A;Deportes;No
Uruguay;DGO;DTH Uruguay 002;N/A;Food Network HD;N/A;Variedades;No
Uruguay;DGO;DTH Uruguay 002;N/A;Fox News;N/A;Mundo;Si
Uruguay;DGO;DTH Uruguay 002;N/A;Fox Sports Argentina;N/A;Deportes;No
Uruguay;DGO;DTH Uruguay 002;N/A;Fox Sports 2;N/A;Deportes;No
Uruguay;DGO;DTH Uruguay 002;N/A;Fox Sports Sur 2;N/A;Deportes;No
Uruguay;DGO;DTH Uruguay 002;N/A;Fox Sports 3;N/A;Deportes;No
Uruguay;DGO;DTH Uruguay 002;N/A;France 24 Español;N/A;Mundo;No
Uruguay;DGO;DTH Uruguay 002;N/A;FreeTV Acción;N/A;Cine;Si
Uruguay;DGO;DTH Uruguay 002;N/A;FreeTV Drama;N/A;Cine;Si
Uruguay;DGO;DTH Uruguay 002;N/A;FreeTV Estelar;N/A;Cine;Si
Uruguay;DGO;DTH Uruguay 002;N/A;FreeTV Familia;N/A;Cine;Si
Uruguay;DGO;DTH Uruguay 002;N/A;FreeTV Hits;N/A;Cine;Si
Uruguay;DGO;DTH Uruguay 002;N/A;FreeTV Terror;N/A;Cine;Si
Uruguay;DGO;DTH Uruguay 002;N/A;FX Colombia HD;N/A;Variedades;No
Uruguay;DGO;DTH Uruguay 002;N/A;Glitz;N/A;Variedades;No
Uruguay;DGO;DTH Uruguay 002;N/A;Golf Channel HD;N/A;Deportes;No
Uruguay;DGO;DTH Uruguay 002;N/A;HBO;N/A;Cine;No
Uruguay;DGO;DTH Uruguay 002;N/A;HBO 2;N/A;Cine;No
Uruguay;DGO;DTH Uruguay 002;N/A;HBO Family;N/A;Cine;No
Uruguay;DGO;DTH Uruguay 002;N/A;HBO Plus HD;N/A;Cine;No
Uruguay;DGO;DTH Uruguay 002;N/A;HBO Signature;N/A;Nacional;No
Uruguay;DGO;DTH Uruguay 002;N/A;HGTV;N/A;Variedades;No
Uruguay;DGO;DTH Uruguay 002;N/A;History 2 HD;N/A;Mundo;No
Uruguay;DGO;DTH Uruguay 002;N/A;History HD;N/A;Mundo;No
Uruguay;DGO;DTH Uruguay 002;N/A;Hola TV HD;N/A;Variedades;No
Uruguay;DGO;DTH Uruguay 002;N/A;HTV;N/A;Variedades;No
Uruguay;DGO;DTH Uruguay 002;N/A;IP Noticias;N/A;Mundo;Si
Uruguay;DGO;DTH Uruguay 002;N/A;ISAT;N/A;Cine;No
Uruguay;DGO;DTH Uruguay 002;N/A;KZO;N/A;Variedades;Si
Uruguay;DGO;DTH Uruguay 002;N/A;La Nación + HD;N/A;Nacional;No
Uruguay;DGO;DTH Uruguay 002;N/A;Lifetime HD;N/A;Variedades;No
Uruguay;DGO;DTH Uruguay 002;N/A;Más Chic;N/A;Variedades;No
Uruguay;DGO;DTH Uruguay 002;N/A;Mega Noticias;N/A;Mundo;Si
Uruguay;DGO;DTH Uruguay 002;N/A;Mega Tiempo;N/A;Mundo;Si
Uruguay;DGO;DTH Uruguay 002;N/A;Monte Carlo TV HD;N/A;Nacional;No
Uruguay;DGO;DTH Uruguay 002;N/A;Mórbido TV;N/A;Cine;No
Uruguay;DGO;DTH Uruguay 002;N/A;MTV HD;N/A;Variedades;No
Uruguay;DGO;DTH Uruguay 002;N/A;Nat Geo Sur HD;N/A;Mundo;No
Uruguay;DGO;DTH Uruguay 002;N/A;Newsmax TV;N/A;Nacional;Si
Uruguay;DGO;DTH Uruguay 002;N/A;Nick Jr. HD;N/A;Infantil;No
Uruguay;DGO;DTH Uruguay 002;N/A;Nickelodeon HD;N/A;Infantil;No
Uruguay;DGO;DTH Uruguay 002;N/A;OnDIRECTV HD;N/A;Cine;No
Uruguay;DGO;DTH Uruguay 002;N/A;Plim Plim;N/A;Infantil;No
Uruguay;DGO;DTH Uruguay 002;N/A;Rai Italia;N/A;Mundo;No
Uruguay;DGO;DTH Uruguay 002;N/A;RCN Más;N/A;Variedades;Si
Uruguay;DGO;DTH Uruguay 002;N/A;RCN Noticias;N/A;Mundo;Si
Uruguay;DGO;DTH Uruguay 002;N/A;Saeta TV;N/A;Nacional;No
Uruguay;DGO;DTH Uruguay 002;N/A;Sony;N/A;Cine;No
Uruguay;DGO;DTH Uruguay 002;N/A;Sony Movies;N/A;Cine;No
Uruguay;DGO;DTH Uruguay 002;N/A;Space Sur;N/A;Cine;No
Uruguay;DGO;DTH Uruguay 002;N/A;Star Channel (South);N/A;Cine;No
Uruguay;DGO;DTH Uruguay 002;N/A;Studio Universal HD;N/A;Cine;No
Uruguay;DGO;DTH Uruguay 002;N/A;SyFy HD;N/A;Variedades;No
Uruguay;DGO;DTH Uruguay 002;N/A;Tastemade;N/A;Variedades;Si
Uruguay;DGO;DTH Uruguay 002;N/A;Tastemade Viajes;N/A;Variedades;Si
Uruguay;DGO;DTH Uruguay 002;N/A;TBS Very Funny;N/A;Variedades;No
Uruguay;DGO;DTH Uruguay 002;N/A;TCM;N/A;Cine;No
Uruguay;DGO;DTH Uruguay 002;N/A;Teledoce HD;N/A;Nacional;No
Uruguay;DGO;DTH Uruguay 002;N/A;Telemundo Internacional;N/A;Variedades;No
Uruguay;DGO;DTH Uruguay 002;N/A;Television Nacional de Uruguay;N/A;Nacional;No
Uruguay;DGO;DTH Uruguay 002;N/A;Discovery Travel & Living Channel (TLC);N/A;Variedades;No
Uruguay;DGO;DTH Uruguay 002;N/A;TNT HD;N/A;Cine;No
Uruguay;DGO;DTH Uruguay 002;N/A;TNT Novelas;N/A;Variedades;No
Uruguay;DGO;DTH Uruguay 002;N/A;TNT Series;N/A;Cine;No
Uruguay;DGO;DTH Uruguay 002;N/A;TNT Series HD;N/A;Cine;No
Uruguay;DGO;DTH Uruguay 002;N/A;truTV;N/A;Variedades;No
Uruguay;DGO;DTH Uruguay 002;N/A;TCM;N/A;Cine;No
Uruguay;DGO;DTH Uruguay 002;N/A;TV Ciudad;N/A;Nacional;No
Uruguay;DGO;DTH Uruguay 002;N/A;TV Cortos;N/A;Cine;No
Uruguay;DGO;DTH Uruguay 002;N/A;TV Universal HD (South);N/A;Cine;No
Uruguay;DGO;DTH Uruguay 002;N/A;TyC Sports;N/A;Deportes;No
Uruguay;DGO;DTH Uruguay 002;N/A;TyC Sports Fan;N/A;Deportes;Si
Uruguay;DGO;DTH Uruguay 002;N/A;Warner Channel HD;N/A;Variedades;No
Uruguay;DGO;DTH Uruguay 201;N/A;A&E;N/A;Variedades;Si
Uruguay;DGO;DTH Uruguay 201;N/A;Atres Cine;N/A;Cine;No
Uruguay;DGO;DTH Uruguay 201;N/A;AMC;N/A;Variedades;No
Uruguay;DGO;DTH Uruguay 201;N/A;America Television HD;N/A;Nacional;Si
Uruguay;DGO;DTH Uruguay 201;N/A;Animal Planet HD;N/A;Mundo;Si
Uruguay;DGO;DTH Uruguay 201;N/A;Antena 3 HD;N/A;Mundo;Si
Uruguay;DGO;DTH Uruguay 201;N/A;Atres Series HD;N/A;Cine;Si
Uruguay;DGO;DTH Uruguay 201;N/A;AXN;N/A;Variedades;Si
Uruguay;DGO;DTH Uruguay 201;N/A;Azteca Internacional;N/A;Variedades;Si
Uruguay;DGO;DTH Uruguay 201;N/A;BabyTV HD;N/A;Infantil;No
Uruguay;DGO;DTH Uruguay 201;N/A;Bloomberg;N/A;Mundo;No
Uruguay;DGO;DTH Uruguay 201;N/A;Boomerang;N/A;Infantil;No
Uruguay;DGO;DTH Uruguay 201;N/A;Canal 26 HD;N/A;Nacional;No
Uruguay;DGO;DTH Uruguay 201;N/A;Canal 9 HD;N/A;Nacional;Si
Uruguay;DGO;DTH Uruguay 201;N/A;Caracol Mix;N/A;Variedades;Si
Uruguay;DGO;DTH Uruguay 201;N/A;Cartoon Network HD;N/A;Infantil;Si
Uruguay;DGO;DTH Uruguay 201;N/A;Cartoonito;N/A;Infantil;No
Uruguay;DGO;DTH Uruguay 201;N/A;CGTN Español;N/A;Mundo;Si
Uruguay;DGO;DTH Uruguay 201;N/A;Cinecanal Argentina;N/A;Cine;Si
Uruguay;DGO;DTH Uruguay 201;N/A;Cinelatino;N/A;Cine;Si
Uruguay;DGO;DTH Uruguay 201;N/A;Cinema;N/A;Cine;Si
Uruguay;DGO;DTH Uruguay 201;N/A;Cinemax HD;N/A;Cine;Si
Uruguay;DGO;DTH Uruguay 201;N/A;Clic;N/A;Variedades;Si
Uruguay;DGO;DTH Uruguay 201;N/A;CNN International;N/A;Mundo;Si
Uruguay;DGO;DTH Uruguay 201;N/A;CNN en Español;N/A;Mundo;Si
Uruguay;DGO;DTH Uruguay 201;N/A;Comedy Central HD;N/A;Variedades;No
Uruguay;DGO;DTH Uruguay 201;N/A;Corazón;N/A;Variedades;Si
Uruguay;DGO;DTH Uruguay 201;N/A;Daystar Español;N/A;Mundo;No
Uruguay;DGO;DTH Uruguay 201;N/A;DIRECTV Eventos 1;N/A;Occasional SSLA;Si
Uruguay;DGO;DTH Uruguay 201;N/A;DIRECTV Eventos 2;N/A;Occasional SSLA;Si
Uruguay;DGO;DTH Uruguay 201;N/A;DIRECTV Eventos 3;N/A;Occasional SSLA;No
Uruguay;DGO;DTH Uruguay 201;N/A;DIRECTV Eventos 4;N/A;Occasional SSLA;Si
Uruguay;DGO;DTH Uruguay 201;N/A;DIRECTV Eventos 5;N/A;Occasional SSLA;No
Uruguay;DGO;DTH Uruguay 201;N/A;DIRECTV Eventos 6;N/A;Occasional SSLA;Si
Uruguay;DGO;DTH Uruguay 201;N/A;DIRECTV Eventos 7;N/A;Occasional SSLA;Si
Uruguay;DGO;DTH Uruguay 201;N/A;DSports Argentina;N/A;Deportes;Si
Uruguay;DGO;DTH Uruguay 201;N/A;Dsports Uruguay;N/A;Deportes;Si
Uruguay;DGO;DTH Uruguay 201;N/A;DSports 2 HD;N/A;Deportes;Si
Uruguay;DGO;DTH Uruguay 201;N/A;DSports Fight;N/A;Deportes;Si
Uruguay;DGO;DTH Uruguay 201;N/A;DSports Plus;N/A;Deportes;Si
Uruguay;DGO;DTH Uruguay 201;N/A;Discovery Channel HD;N/A;Mundo;No
Uruguay;DGO;DTH Uruguay 201;N/A;Discovery Home & Health;N/A;Variedades;Si
Uruguay;DGO;DTH Uruguay 201;N/A;Investigation Discovery (ID) HD;N/A;Variedades;No
Uruguay;DGO;DTH Uruguay 201;N/A;Discovery Kids HD;N/A;Infantil;Si
Uruguay;DGO;DTH Uruguay 201;N/A;Discovery Theater;N/A;Mundo;No
Uruguay;DGO;DTH Uruguay 201;N/A;Discovery Travel & Living Channel (TLC) HD;N/A;Mundo;Si
Uruguay;DGO;DTH Uruguay 201;N/A;Discovery Turbo;N/A;Mundo;No
Uruguay;DGO;DTH Uruguay 201;N/A;Discovery World;N/A;Mundo;No
Uruguay;DGO;DTH Uruguay 201;N/A;Disney Channel;N/A;Infantil;Si
Uruguay;DGO;DTH Uruguay 201;N/A;Disney Junior Sur;N/A;Infantil;Si
Uruguay;DGO;DTH Uruguay 201;N/A;DNews;N/A;Mundo;No
Uruguay;DGO;DTH Uruguay 201;N/A;DSports Uruguay Plus;N/A;Deportes;Si
Uruguay;DGO;DTH Uruguay 201;N/A;E! Entertainment México;N/A;Variedades;Si
Uruguay;DGO;DTH Uruguay 201;N/A;Edye;N/A;Infantil;Si
Uruguay;DGO;DTH Uruguay 201;N/A;El Gourmet;N/A;Variedades;Si
Uruguay;DGO;DTH Uruguay 201;N/A;El Reino Infantil;N/A;Infantil;No
Uruguay;DGO;DTH Uruguay 201;N/A;ESPN 2 Latin Andina HD;N/A;Deportes;Si
Uruguay;DGO;DTH Uruguay 201;N/A;ESPN 3;N/A;Deportes;Si
Uruguay;DGO;DTH Uruguay 201;N/A;ESPN 4;N/A;Deportes;No
Uruguay;DGO;DTH Uruguay 201;N/A;ESPN Argentina HD;N/A;Deportes;Si
Uruguay;DGO;DTH Uruguay 201;N/A;ESPN Extra;N/A;Deportes;No
Uruguay;DGO;DTH Uruguay 201;N/A;Food Network HD;N/A;Variedades;No
Uruguay;DGO;DTH Uruguay 201;N/A;Fox News;N/A;Mundo;Si
Uruguay;DGO;DTH Uruguay 201;N/A;Fox Sports Argentina;N/A;Deportes;Si
Uruguay;DGO;DTH Uruguay 201;N/A;Fox Sports 2;N/A;Deportes;Si
Uruguay;DGO;DTH Uruguay 201;N/A;Fox Sports Sur 2;N/A;Deportes;No
Uruguay;DGO;DTH Uruguay 201;N/A;Fox Sports 3;N/A;Deportes;Si
Uruguay;DGO;DTH Uruguay 201;N/A;France 24 Español;N/A;Mundo;No
Uruguay;DGO;DTH Uruguay 201;N/A;FreeTV Acción;N/A;Cine;Si
Uruguay;DGO;DTH Uruguay 201;N/A;FreeTV Drama;N/A;Cine;Si
Uruguay;DGO;DTH Uruguay 201;N/A;FreeTV Estelar;N/A;Cine;Si
Uruguay;DGO;DTH Uruguay 201;N/A;FreeTV Familia;N/A;Cine;Si
Uruguay;DGO;DTH Uruguay 201;N/A;FreeTV Hits;N/A;Cine;Si
Uruguay;DGO;DTH Uruguay 201;N/A;FreeTV Terror;N/A;Cine;Si
Uruguay;DGO;DTH Uruguay 201;N/A;FX Colombia HD;N/A;Variedades;Si
Uruguay;DGO;DTH Uruguay 201;N/A;Glitz;N/A;Variedades;Si
Uruguay;DGO;DTH Uruguay 201;N/A;Golf Channel HD;N/A;Deportes;No
Uruguay;DGO;DTH Uruguay 201;N/A;HBO;N/A;Cine;No
Uruguay;DGO;DTH Uruguay 201;N/A;HBO 2;N/A;Cine;No
Uruguay;DGO;DTH Uruguay 201;N/A;HBO Family;N/A;Cine;No
Uruguay;DGO;DTH Uruguay 201;N/A;HBO Plus HD;N/A;Cine;No
Uruguay;DGO;DTH Uruguay 201;N/A;HBO Signature;N/A;Nacional;No
Uruguay;DGO;DTH Uruguay 201;N/A;HGTV;N/A;Variedades;No
Uruguay;DGO;DTH Uruguay 201;N/A;History 2 HD;N/A;Mundo;No
Uruguay;DGO;DTH Uruguay 201;N/A;History HD;N/A;Mundo;Si
Uruguay;DGO;DTH Uruguay 201;N/A;Hola TV HD;N/A;Variedades;Si
Uruguay;DGO;DTH Uruguay 201;N/A;HTV;N/A;Variedades;Si
Uruguay;DGO;DTH Uruguay 201;N/A;IP Noticias;N/A;Mundo;Si
Uruguay;DGO;DTH Uruguay 201;N/A;ISAT;N/A;Cine;Si
Uruguay;DGO;DTH Uruguay 201;N/A;KZO;N/A;Variedades;Si
Uruguay;DGO;DTH Uruguay 201;N/A;La Nación + HD;N/A;Nacional;Si
Uruguay;DGO;DTH Uruguay 201;N/A;Lifetime HD;N/A;Variedades;No
Uruguay;DGO;DTH Uruguay 201;N/A;Más Chic;N/A;Variedades;Si
Uruguay;DGO;DTH Uruguay 201;N/A;Mega Noticias;N/A;Mundo;Si
Uruguay;DGO;DTH Uruguay 201;N/A;Mega Tiempo;N/A;Mundo;Si
Uruguay;DGO;DTH Uruguay 201;N/A;Monte Carlo TV HD;N/A;Nacional;Si
Uruguay;DGO;DTH Uruguay 201;N/A;Mórbido TV;N/A;Cine;No
Uruguay;DGO;DTH Uruguay 201;N/A;MTV HD;N/A;Variedades;Si
Uruguay;DGO;DTH Uruguay 201;N/A;Nat Geo Sur HD;N/A;Mundo;Si
Uruguay;DGO;DTH Uruguay 201;N/A;Newsmax TV;N/A;Nacional;Si
Uruguay;DGO;DTH Uruguay 201;N/A;Nick Jr. HD;N/A;Infantil;Si
Uruguay;DGO;DTH Uruguay 201;N/A;Nickelodeon HD;N/A;Infantil;Si
Uruguay;DGO;DTH Uruguay 201;N/A;OnDIRECTV HD;N/A;Cine;Si
Uruguay;DGO;DTH Uruguay 201;N/A;Plim Plim;N/A;Infantil;No
Uruguay;DGO;DTH Uruguay 201;N/A;Rai Italia;N/A;Mundo;Si
Uruguay;DGO;DTH Uruguay 201;N/A;RCN Más;N/A;Variedades;Si
Uruguay;DGO;DTH Uruguay 201;N/A;RCN Noticias;N/A;Mundo;Si
Uruguay;DGO;DTH Uruguay 201;N/A;Saeta TV;N/A;Nacional;No
Uruguay;DGO;DTH Uruguay 201;N/A;Sony;N/A;Cine;Si
Uruguay;DGO;DTH Uruguay 201;N/A;Sony Movies;N/A;Cine;No
Uruguay;DGO;DTH Uruguay 201;N/A;Space Sur;N/A;Cine;Si
Uruguay;DGO;DTH Uruguay 201;N/A;Star Channel (South);N/A;Cine;Si
Uruguay;DGO;DTH Uruguay 201;N/A;Studio Universal HD;N/A;Cine;Si
Uruguay;DGO;DTH Uruguay 201;N/A;SyFy HD;N/A;Variedades;No
Uruguay;DGO;DTH Uruguay 201;N/A;Tastemade;N/A;Variedades;Si
Uruguay;DGO;DTH Uruguay 201;N/A;Tastemade Viajes;N/A;Variedades;Si
Uruguay;DGO;DTH Uruguay 201;N/A;TBS Very Funny;N/A;Variedades;No
Uruguay;DGO;DTH Uruguay 201;N/A;TCM;N/A;Cine;No
Uruguay;DGO;DTH Uruguay 201;N/A;Teledoce HD;N/A;Nacional;Si
Uruguay;DGO;DTH Uruguay 201;N/A;Telemundo Internacional;N/A;Variedades;Si
Uruguay;DGO;DTH Uruguay 201;N/A;Television Nacional de Uruguay;N/A;Nacional;No
Uruguay;DGO;DTH Uruguay 201;N/A;Discovery Travel & Living Channel (TLC);N/A;Variedades;No
Uruguay;DGO;DTH Uruguay 201;N/A;TNT HD;N/A;Cine;Si
Uruguay;DGO;DTH Uruguay 201;N/A;TNT Novelas;N/A;Variedades;No
Uruguay;DGO;DTH Uruguay 201;N/A;TNT Series;N/A;Cine;No
Uruguay;DGO;DTH Uruguay 201;N/A;TNT Series HD;N/A;Cine;No
Uruguay;DGO;DTH Uruguay 201;N/A;truTV;N/A;Variedades;No
Uruguay;DGO;DTH Uruguay 201;N/A;TCM;N/A;Cine;Si
Uruguay;DGO;DTH Uruguay 201;N/A;TV Ciudad;N/A;Nacional;Si
Uruguay;DGO;DTH Uruguay 201;N/A;TV Cortos;N/A;Cine;No
Uruguay;DGO;DTH Uruguay 201;N/A;TV Universal HD (South);N/A;Cine;Si
Uruguay;DGO;DTH Uruguay 201;N/A;TyC Sports;N/A;Deportes;No
Uruguay;DGO;DTH Uruguay 201;N/A;TyC Sports Fan;N/A;Deportes;Si
Uruguay;DGO;DTH Uruguay 201;N/A;Warner Channel HD;N/A;Variedades;Si
Uruguay;DGO;DTH Uruguay 301;N/A;A&E;N/A;Variedades;Si
Uruguay;DGO;DTH Uruguay 301;N/A;Atres Cine;N/A;Cine;No
Uruguay;DGO;DTH Uruguay 301;N/A;AMC;N/A;Variedades;No
Uruguay;DGO;DTH Uruguay 301;N/A;America Television HD;N/A;Nacional;Si
Uruguay;DGO;DTH Uruguay 301;N/A;Animal Planet HD;N/A;Mundo;Si
Uruguay;DGO;DTH Uruguay 301;N/A;Antena 3 HD;N/A;Mundo;No
Uruguay;DGO;DTH Uruguay 301;N/A;Atres Series HD;N/A;Cine;No
Uruguay;DGO;DTH Uruguay 301;N/A;AXN;N/A;Variedades;Si
Uruguay;DGO;DTH Uruguay 301;N/A;Azteca Internacional;N/A;Variedades;Si
Uruguay;DGO;DTH Uruguay 301;N/A;BabyTV HD;N/A;Infantil;No
Uruguay;DGO;DTH Uruguay 301;N/A;Bloomberg;N/A;Mundo;No
Uruguay;DGO;DTH Uruguay 301;N/A;Boomerang;N/A;Infantil;No
Uruguay;DGO;DTH Uruguay 301;N/A;Canal 26 HD;N/A;Nacional;No
Uruguay;DGO;DTH Uruguay 301;N/A;Canal 9 HD;N/A;Nacional;Si
Uruguay;DGO;DTH Uruguay 301;N/A;Caracol Mix;N/A;Variedades;Si
Uruguay;DGO;DTH Uruguay 301;N/A;Cartoon Network HD;N/A;Infantil;Si
Uruguay;DGO;DTH Uruguay 301;N/A;Cartoonito;N/A;Infantil;No
Uruguay;DGO;DTH Uruguay 301;N/A;CGTN Español;N/A;Mundo;Si
Uruguay;DGO;DTH Uruguay 301;N/A;Cinecanal Argentina;N/A;Cine;Si
Uruguay;DGO;DTH Uruguay 301;N/A;Cinelatino;N/A;Cine;Si
Uruguay;DGO;DTH Uruguay 301;N/A;Cinema;N/A;Cine;Si
Uruguay;DGO;DTH Uruguay 301;N/A;Cinemax HD;N/A;Cine;Si
Uruguay;DGO;DTH Uruguay 301;N/A;Clic;N/A;Variedades;Si
Uruguay;DGO;DTH Uruguay 301;N/A;CNN International;N/A;Mundo;No
Uruguay;DGO;DTH Uruguay 301;N/A;CNN en Español;N/A;Mundo;Si
Uruguay;DGO;DTH Uruguay 301;N/A;Comedy Central HD;N/A;Variedades;No
Uruguay;DGO;DTH Uruguay 301;N/A;Corazón;N/A;Variedades;Si
Uruguay;DGO;DTH Uruguay 301;N/A;Daystar Español;N/A;Mundo;No
Uruguay;DGO;DTH Uruguay 301;N/A;DIRECTV Eventos 1;N/A;Occasional SSLA;Si
Uruguay;DGO;DTH Uruguay 301;N/A;DIRECTV Eventos 2;N/A;Occasional SSLA;Si
Uruguay;DGO;DTH Uruguay 301;N/A;DIRECTV Eventos 3;N/A;Occasional SSLA;No
Uruguay;DGO;DTH Uruguay 301;N/A;DIRECTV Eventos 4;N/A;Occasional SSLA;Si
Uruguay;DGO;DTH Uruguay 301;N/A;DIRECTV Eventos 5;N/A;Occasional SSLA;No
Uruguay;DGO;DTH Uruguay 301;N/A;DIRECTV Eventos 6;N/A;Occasional SSLA;Si
Uruguay;DGO;DTH Uruguay 301;N/A;DIRECTV Eventos 7;N/A;Occasional SSLA;Si
Uruguay;DGO;DTH Uruguay 301;N/A;DSports Argentina;N/A;Deportes;Si
Uruguay;DGO;DTH Uruguay 301;N/A;Dsports Uruguay;N/A;Deportes;Si
Uruguay;DGO;DTH Uruguay 301;N/A;DSports 2 HD;N/A;Deportes;Si
Uruguay;DGO;DTH Uruguay 301;N/A;DSports Fight;N/A;Deportes;Si
Uruguay;DGO;DTH Uruguay 301;N/A;DSports Plus;N/A;Deportes;Si
Uruguay;DGO;DTH Uruguay 301;N/A;Discovery Channel HD;N/A;Mundo;No
Uruguay;DGO;DTH Uruguay 301;N/A;Discovery Home & Health;N/A;Variedades;Si
Uruguay;DGO;DTH Uruguay 301;N/A;Investigation Discovery (ID) HD;N/A;Variedades;No
Uruguay;DGO;DTH Uruguay 301;N/A;Discovery Kids HD;N/A;Infantil;Si
Uruguay;DGO;DTH Uruguay 301;N/A;Discovery Theater;N/A;Mundo;No
Uruguay;DGO;DTH Uruguay 301;N/A;Discovery Travel & Living Channel (TLC) HD;N/A;Mundo;No
Uruguay;DGO;DTH Uruguay 301;N/A;Discovery Turbo;N/A;Mundo;No
Uruguay;DGO;DTH Uruguay 301;N/A;Discovery World;N/A;Mundo;No
Uruguay;DGO;DTH Uruguay 301;N/A;Disney Channel;N/A;Infantil;Si
Uruguay;DGO;DTH Uruguay 301;N/A;Disney Junior Sur;N/A;Infantil;Si
Uruguay;DGO;DTH Uruguay 301;N/A;DNews;N/A;Mundo;No
Uruguay;DGO;DTH Uruguay 301;N/A;DSports Uruguay Plus;N/A;Deportes;Si
Uruguay;DGO;DTH Uruguay 301;N/A;E! Entertainment México;N/A;Variedades;Si
Uruguay;DGO;DTH Uruguay 301;N/A;Edye;N/A;Infantil;Si
Uruguay;DGO;DTH Uruguay 301;N/A;El Gourmet;N/A;Variedades;Si
Uruguay;DGO;DTH Uruguay 301;N/A;El Reino Infantil;N/A;Infantil;No
Uruguay;DGO;DTH Uruguay 301;N/A;ESPN 2 Latin Andina HD;N/A;Deportes;Si
Uruguay;DGO;DTH Uruguay 301;N/A;ESPN 3;N/A;Deportes;Si
Uruguay;DGO;DTH Uruguay 301;N/A;ESPN 4;N/A;Deportes;No
Uruguay;DGO;DTH Uruguay 301;N/A;ESPN Argentina HD;N/A;Deportes;Si
Uruguay;DGO;DTH Uruguay 301;N/A;ESPN Extra;N/A;Deportes;No
Uruguay;DGO;DTH Uruguay 301;N/A;Food Network HD;N/A;Variedades;No
Uruguay;DGO;DTH Uruguay 301;N/A;Fox News;N/A;Mundo;Si
Uruguay;DGO;DTH Uruguay 301;N/A;Fox Sports Argentina;N/A;Deportes;Si
Uruguay;DGO;DTH Uruguay 301;N/A;Fox Sports 2;N/A;Deportes;Si
Uruguay;DGO;DTH Uruguay 301;N/A;Fox Sports Sur 2;N/A;Deportes;No
Uruguay;DGO;DTH Uruguay 301;N/A;Fox Sports 3;N/A;Deportes;Si
Uruguay;DGO;DTH Uruguay 301;N/A;France 24 Español;N/A;Mundo;No
Uruguay;DGO;DTH Uruguay 301;N/A;FreeTV Acción;N/A;Cine;Si
Uruguay;DGO;DTH Uruguay 301;N/A;FreeTV Drama;N/A;Cine;Si
Uruguay;DGO;DTH Uruguay 301;N/A;FreeTV Estelar;N/A;Cine;Si
Uruguay;DGO;DTH Uruguay 301;N/A;FreeTV Familia;N/A;Cine;Si
Uruguay;DGO;DTH Uruguay 301;N/A;FreeTV Hits;N/A;Cine;Si
Uruguay;DGO;DTH Uruguay 301;N/A;FreeTV Terror;N/A;Cine;Si
Uruguay;DGO;DTH Uruguay 301;N/A;FX Colombia HD;N/A;Variedades;Si
Uruguay;DGO;DTH Uruguay 301;N/A;Glitz;N/A;Variedades;No
Uruguay;DGO;DTH Uruguay 301;N/A;Golf Channel HD;N/A;Deportes;No
Uruguay;DGO;DTH Uruguay 301;N/A;HBO;N/A;Cine;No
Uruguay;DGO;DTH Uruguay 301;N/A;HBO 2;N/A;Cine;No
Uruguay;DGO;DTH Uruguay 301;N/A;HBO Family;N/A;Cine;No
Uruguay;DGO;DTH Uruguay 301;N/A;HBO Plus HD;N/A;Cine;No
Uruguay;DGO;DTH Uruguay 301;N/A;HBO Signature;N/A;Nacional;No
Uruguay;DGO;DTH Uruguay 301;N/A;HGTV;N/A;Variedades;No
Uruguay;DGO;DTH Uruguay 301;N/A;History 2 HD;N/A;Mundo;No
Uruguay;DGO;DTH Uruguay 301;N/A;History HD;N/A;Mundo;Si
Uruguay;DGO;DTH Uruguay 301;N/A;Hola TV HD;N/A;Variedades;Si
Uruguay;DGO;DTH Uruguay 301;N/A;HTV;N/A;Variedades;Si
Uruguay;DGO;DTH Uruguay 301;N/A;IP Noticias;N/A;Mundo;Si
Uruguay;DGO;DTH Uruguay 301;N/A;ISAT;N/A;Cine;Si
Uruguay;DGO;DTH Uruguay 301;N/A;KZO;N/A;Variedades;Si
Uruguay;DGO;DTH Uruguay 301;N/A;La Nación + HD;N/A;Nacional;Si
Uruguay;DGO;DTH Uruguay 301;N/A;Lifetime HD;N/A;Variedades;No
Uruguay;DGO;DTH Uruguay 301;N/A;Más Chic;N/A;Variedades;No
Uruguay;DGO;DTH Uruguay 301;N/A;Mega Noticias;N/A;Mundo;Si
Uruguay;DGO;DTH Uruguay 301;N/A;Mega Tiempo;N/A;Mundo;Si
Uruguay;DGO;DTH Uruguay 301;N/A;Monte Carlo TV HD;N/A;Nacional;Si
Uruguay;DGO;DTH Uruguay 301;N/A;Mórbido TV;N/A;Cine;No
Uruguay;DGO;DTH Uruguay 301;N/A;MTV HD;N/A;Variedades;Si
Uruguay;DGO;DTH Uruguay 301;N/A;Nat Geo Sur HD;N/A;Mundo;Si
Uruguay;DGO;DTH Uruguay 301;N/A;Newsmax TV;N/A;Nacional;Si
Uruguay;DGO;DTH Uruguay 301;N/A;Nick Jr. HD;N/A;Infantil;Si
Uruguay;DGO;DTH Uruguay 301;N/A;Nickelodeon HD;N/A;Infantil;Si
Uruguay;DGO;DTH Uruguay 301;N/A;OnDIRECTV HD;N/A;Cine;Si
Uruguay;DGO;DTH Uruguay 301;N/A;Plim Plim;N/A;Infantil;No
Uruguay;DGO;DTH Uruguay 301;N/A;Rai Italia;N/A;Mundo;No
Uruguay;DGO;DTH Uruguay 301;N/A;RCN Más;N/A;Variedades;Si
Uruguay;DGO;DTH Uruguay 301;N/A;RCN Noticias;N/A;Mundo;Si
Uruguay;DGO;DTH Uruguay 301;N/A;Saeta TV;N/A;Nacional;No
Uruguay;DGO;DTH Uruguay 301;N/A;Sony;N/A;Cine;Si
Uruguay;DGO;DTH Uruguay 301;N/A;Sony Movies;N/A;Cine;No
Uruguay;DGO;DTH Uruguay 301;N/A;Space Sur;N/A;Cine;Si
Uruguay;DGO;DTH Uruguay 301;N/A;Star Channel (South);N/A;Cine;Si
Uruguay;DGO;DTH Uruguay 301;N/A;Studio Universal HD;N/A;Cine;Si
Uruguay;DGO;DTH Uruguay 301;N/A;SyFy HD;N/A;Variedades;No
Uruguay;DGO;DTH Uruguay 301;N/A;Tastemade;N/A;Variedades;Si
Uruguay;DGO;DTH Uruguay 301;N/A;Tastemade Viajes;N/A;Variedades;Si
Uruguay;DGO;DTH Uruguay 301;N/A;TBS Very Funny;N/A;Variedades;No
Uruguay;DGO;DTH Uruguay 301;N/A;TCM;N/A;Cine;No
Uruguay;DGO;DTH Uruguay 301;N/A;Teledoce HD;N/A;Nacional;Si
Uruguay;DGO;DTH Uruguay 301;N/A;Telemundo Internacional;N/A;Variedades;Si
Uruguay;DGO;DTH Uruguay 301;N/A;Television Nacional de Uruguay;N/A;Nacional;No
Uruguay;DGO;DTH Uruguay 301;N/A;Discovery Travel & Living Channel (TLC);N/A;Variedades;No
Uruguay;DGO;DTH Uruguay 301;N/A;TNT HD;N/A;Cine;Si
Uruguay;DGO;DTH Uruguay 301;N/A;TNT Novelas;N/A;Variedades;No
Uruguay;DGO;DTH Uruguay 301;N/A;TNT Series;N/A;Cine;No
Uruguay;DGO;DTH Uruguay 301;N/A;TNT Series HD;N/A;Cine;No
Uruguay;DGO;DTH Uruguay 301;N/A;truTV;N/A;Variedades;No
Uruguay;DGO;DTH Uruguay 301;N/A;TCM;N/A;Cine;Si
Uruguay;DGO;DTH Uruguay 301;N/A;TV Ciudad;N/A;Nacional;Si
Uruguay;DGO;DTH Uruguay 301;N/A;TV Cortos;N/A;Cine;No
Uruguay;DGO;DTH Uruguay 301;N/A;TV Universal HD (South);N/A;Cine;Si
Uruguay;DGO;DTH Uruguay 301;N/A;TyC Sports;N/A;Deportes;No
Uruguay;DGO;DTH Uruguay 301;N/A;TyC Sports Fan;N/A;Deportes;Si
Uruguay;DGO;DTH Uruguay 301;N/A;Warner Channel HD;N/A;Variedades;Si
Uruguay;DGO;DTH Wow;N/A;A&E;N/A;Variedades;Si
Uruguay;DGO;DTH Wow;N/A;Atres Cine;N/A;Cine;Si
Uruguay;DGO;DTH Wow;N/A;AMC;N/A;Variedades;Si
Uruguay;DGO;DTH Wow;N/A;America Television HD;N/A;Nacional;Si
Uruguay;DGO;DTH Wow;N/A;Animal Planet HD;N/A;Mundo;Si
Uruguay;DGO;DTH Wow;N/A;Antena 3 HD;N/A;Mundo;Si
Uruguay;DGO;DTH Wow;N/A;Atres Series HD;N/A;Cine;Si
Uruguay;DGO;DTH Wow;N/A;AXN;N/A;Variedades;Si
Uruguay;DGO;DTH Wow;N/A;Azteca Internacional;N/A;Variedades;Si
Uruguay;DGO;DTH Wow;N/A;BabyTV HD;N/A;Infantil;No
Uruguay;DGO;DTH Wow;N/A;Bloomberg;N/A;Mundo;Si
Uruguay;DGO;DTH Wow;N/A;Boomerang;N/A;Infantil;Si
Uruguay;DGO;DTH Wow;N/A;Canal 26 HD;N/A;Nacional;No
Uruguay;DGO;DTH Wow;N/A;Canal 9 HD;N/A;Nacional;No
Uruguay;DGO;DTH Wow;N/A;Caracol Mix;N/A;Variedades;Si
Uruguay;DGO;DTH Wow;N/A;Cartoon Network HD;N/A;Infantil;Si
Uruguay;DGO;DTH Wow;N/A;Cartoonito;N/A;Infantil;No
Uruguay;DGO;DTH Wow;N/A;CGTN Español;N/A;Mundo;Si
Uruguay;DGO;DTH Wow;N/A;Cinecanal Argentina;N/A;Cine;Si
Uruguay;DGO;DTH Wow;N/A;Cinelatino;N/A;Cine;Si
Uruguay;DGO;DTH Wow;N/A;Cinema;N/A;Cine;Si
Uruguay;DGO;DTH Wow;N/A;Cinemax HD;N/A;Cine;Si
Uruguay;DGO;DTH Wow;N/A;Clic;N/A;Variedades;Si
Uruguay;DGO;DTH Wow;N/A;CNN International;N/A;Mundo;Si
Uruguay;DGO;DTH Wow;N/A;CNN en Español;N/A;Mundo;Si
Uruguay;DGO;DTH Wow;N/A;Comedy Central HD;N/A;Variedades;Si
Uruguay;DGO;DTH Wow;N/A;Corazón;N/A;Variedades;Si
Uruguay;DGO;DTH Wow;N/A;Daystar Español;N/A;Mundo;No
Uruguay;DGO;DTH Wow;N/A;DIRECTV Eventos 1;N/A;Occasional SSLA;No
Uruguay;DGO;DTH Wow;N/A;DIRECTV Eventos 2;N/A;Occasional SSLA;No
Uruguay;DGO;DTH Wow;N/A;DIRECTV Eventos 3;N/A;Occasional SSLA;No
Uruguay;DGO;DTH Wow;N/A;DIRECTV Eventos 4;N/A;Occasional SSLA;No
Uruguay;DGO;DTH Wow;N/A;DIRECTV Eventos 5;N/A;Occasional SSLA;No
Uruguay;DGO;DTH Wow;N/A;DIRECTV Eventos 6;N/A;Occasional SSLA;No
Uruguay;DGO;DTH Wow;N/A;DIRECTV Eventos 7;N/A;Occasional SSLA;No
Uruguay;DGO;DTH Wow;N/A;DSports Argentina;N/A;Deportes;Si
Uruguay;DGO;DTH Wow;N/A;Dsports Uruguay;N/A;Deportes;Si
Uruguay;DGO;DTH Wow;N/A;DSports 2 HD;N/A;Deportes;Si
Uruguay;DGO;DTH Wow;N/A;DSports Fight;N/A;Deportes;Si
Uruguay;DGO;DTH Wow;N/A;DSports Plus;N/A;Deportes;Si
Uruguay;DGO;DTH Wow;N/A;Discovery Channel HD;N/A;Mundo;No
Uruguay;DGO;DTH Wow;N/A;Discovery Home & Health;N/A;Variedades;Si
Uruguay;DGO;DTH Wow;N/A;Investigation Discovery (ID) HD;N/A;Variedades;Si
Uruguay;DGO;DTH Wow;N/A;Discovery Kids HD;N/A;Infantil;Si
Uruguay;DGO;DTH Wow;N/A;Discovery Theater;N/A;Mundo;No
Uruguay;DGO;DTH Wow;N/A;Discovery Travel & Living Channel (TLC) HD;N/A;Mundo;Si
Uruguay;DGO;DTH Wow;N/A;Discovery Turbo;N/A;Mundo;No
Uruguay;DGO;DTH Wow;N/A;Discovery World;N/A;Mundo;No
Uruguay;DGO;DTH Wow;N/A;Disney Channel;N/A;Infantil;Si
Uruguay;DGO;DTH Wow;N/A;Disney Junior Sur;N/A;Infantil;Si
Uruguay;DGO;DTH Wow;N/A;DNews;N/A;Mundo;No
Uruguay;DGO;DTH Wow;N/A;DSports Uruguay Plus;N/A;Deportes;Si
Uruguay;DGO;DTH Wow;N/A;E! Entertainment México;N/A;Variedades;Si
Uruguay;DGO;DTH Wow;N/A;Edye;N/A;Infantil;Si
Uruguay;DGO;DTH Wow;N/A;El Gourmet;N/A;Variedades;Si
Uruguay;DGO;DTH Wow;N/A;El Reino Infantil;N/A;Infantil;No
Uruguay;DGO;DTH Wow;N/A;ESPN 2 Latin Andina HD;N/A;Deportes;Si
Uruguay;DGO;DTH Wow;N/A;ESPN 3;N/A;Deportes;Si
Uruguay;DGO;DTH Wow;N/A;ESPN 4;N/A;Deportes;No
Uruguay;DGO;DTH Wow;N/A;ESPN Argentina HD;N/A;Deportes;Si
Uruguay;DGO;DTH Wow;N/A;ESPN Extra;N/A;Deportes;No
Uruguay;DGO;DTH Wow;N/A;Food Network HD;N/A;Variedades;Si
Uruguay;DGO;DTH Wow;N/A;Fox News;N/A;Mundo;Si
Uruguay;DGO;DTH Wow;N/A;Fox Sports Argentina;N/A;Deportes;Si
Uruguay;DGO;DTH Wow;N/A;Fox Sports 2;N/A;Deportes;Si
Uruguay;DGO;DTH Wow;N/A;Fox Sports Sur 2;N/A;Deportes;No
Uruguay;DGO;DTH Wow;N/A;Fox Sports 3;N/A;Deportes;Si
Uruguay;DGO;DTH Wow;N/A;France 24 Español;N/A;Mundo;No
Uruguay;DGO;DTH Wow;N/A;FreeTV Acción;N/A;Cine;Si
Uruguay;DGO;DTH Wow;N/A;FreeTV Drama;N/A;Cine;Si
Uruguay;DGO;DTH Wow;N/A;FreeTV Estelar;N/A;Cine;Si
Uruguay;DGO;DTH Wow;N/A;FreeTV Familia;N/A;Cine;Si
Uruguay;DGO;DTH Wow;N/A;FreeTV Hits;N/A;Cine;Si
Uruguay;DGO;DTH Wow;N/A;FreeTV Terror;N/A;Cine;Si
Uruguay;DGO;DTH Wow;N/A;FX Colombia HD;N/A;Variedades;Si
Uruguay;DGO;DTH Wow;N/A;Glitz;N/A;Variedades;Si
Uruguay;DGO;DTH Wow;N/A;Golf Channel HD;N/A;Deportes;Si
Uruguay;DGO;DTH Wow;N/A;HBO;N/A;Cine;No
Uruguay;DGO;DTH Wow;N/A;HBO 2;N/A;Cine;No
Uruguay;DGO;DTH Wow;N/A;HBO Family;N/A;Cine;No
Uruguay;DGO;DTH Wow;N/A;HBO Plus HD;N/A;Cine;No
Uruguay;DGO;DTH Wow;N/A;HBO Signature;N/A;Nacional;No
Uruguay;DGO;DTH Wow;N/A;HGTV;N/A;Variedades;Si
Uruguay;DGO;DTH Wow;N/A;History 2 HD;N/A;Mundo;Si
Uruguay;DGO;DTH Wow;N/A;History HD;N/A;Mundo;Si
Uruguay;DGO;DTH Wow;N/A;Hola TV HD;N/A;Variedades;Si
Uruguay;DGO;DTH Wow;N/A;HTV;N/A;Variedades;Si
Uruguay;DGO;DTH Wow;N/A;IP Noticias;N/A;Mundo;Si
Uruguay;DGO;DTH Wow;N/A;ISAT;N/A;Cine;Si
Uruguay;DGO;DTH Wow;N/A;KZO;N/A;Variedades;Si
Uruguay;DGO;DTH Wow;N/A;La Nación + HD;N/A;Nacional;No
Uruguay;DGO;DTH Wow;N/A;Lifetime HD;N/A;Variedades;Si
Uruguay;DGO;DTH Wow;N/A;Más Chic;N/A;Variedades;Si
Uruguay;DGO;DTH Wow;N/A;Mega Noticias;N/A;Mundo;Si
Uruguay;DGO;DTH Wow;N/A;Mega Tiempo;N/A;Mundo;Si
Uruguay;DGO;DTH Wow;N/A;Monte Carlo TV HD;N/A;Nacional;No
Uruguay;DGO;DTH Wow;N/A;Mórbido TV;N/A;Cine;No
Uruguay;DGO;DTH Wow;N/A;MTV HD;N/A;Variedades;Si
Uruguay;DGO;DTH Wow;N/A;Nat Geo Sur HD;N/A;Mundo;Si
Uruguay;DGO;DTH Wow;N/A;Newsmax TV;N/A;Nacional;Si
Uruguay;DGO;DTH Wow;N/A;Nick Jr. HD;N/A;Infantil;Si
Uruguay;DGO;DTH Wow;N/A;Nickelodeon HD;N/A;Infantil;Si
Uruguay;DGO;DTH Wow;N/A;OnDIRECTV HD;N/A;Cine;Si
Uruguay;DGO;DTH Wow;N/A;Plim Plim;N/A;Infantil;No
Uruguay;DGO;DTH Wow;N/A;Rai Italia;N/A;Mundo;Si
Uruguay;DGO;DTH Wow;N/A;RCN Más;N/A;Variedades;Si
Uruguay;DGO;DTH Wow;N/A;RCN Noticias;N/A;Mundo;Si
Uruguay;DGO;DTH Wow;N/A;Saeta TV;N/A;Nacional;No
Uruguay;DGO;DTH Wow;N/A;Sony;N/A;Cine;Si
Uruguay;DGO;DTH Wow;N/A;Sony Movies;N/A;Cine;No
Uruguay;DGO;DTH Wow;N/A;Space Sur;N/A;Cine;Si
Uruguay;DGO;DTH Wow;N/A;Star Channel (South);N/A;Cine;Si
Uruguay;DGO;DTH Wow;N/A;Studio Universal HD;N/A;Cine;Si
Uruguay;DGO;DTH Wow;N/A;SyFy HD;N/A;Variedades;Si
Uruguay;DGO;DTH Wow;N/A;Tastemade;N/A;Variedades;Si
Uruguay;DGO;DTH Wow;N/A;Tastemade Viajes;N/A;Variedades;Si
Uruguay;DGO;DTH Wow;N/A;TBS Very Funny;N/A;Variedades;Si
Uruguay;DGO;DTH Wow;N/A;TCM;N/A;Cine;No
Uruguay;DGO;DTH Wow;N/A;Teledoce HD;N/A;Nacional;No
Uruguay;DGO;DTH Wow;N/A;Telemundo Internacional;N/A;Variedades;Si
Uruguay;DGO;DTH Wow;N/A;Television Nacional de Uruguay;N/A;Nacional;No
Uruguay;DGO;DTH Wow;N/A;Discovery Travel & Living Channel (TLC);N/A;Variedades;No
Uruguay;DGO;DTH Wow;N/A;TNT HD;N/A;Cine;Si
Uruguay;DGO;DTH Wow;N/A;TNT Novelas;N/A;Variedades;No
Uruguay;DGO;DTH Wow;N/A;TNT Series;N/A;Cine;Si
Uruguay;DGO;DTH Wow;N/A;TNT Series HD;N/A;Cine;Si
Uruguay;DGO;DTH Wow;N/A;truTV;N/A;Variedades;Si
Uruguay;DGO;DTH Wow;N/A;TCM;N/A;Cine;Si
Uruguay;DGO;DTH Wow;N/A;TV Ciudad;N/A;Nacional;Si
Uruguay;DGO;DTH Wow;N/A;TV Cortos;N/A;Cine;No
Uruguay;DGO;DTH Wow;N/A;TV Universal HD (South);N/A;Cine;Si
Uruguay;DGO;DTH Wow;N/A;TyC Sports;N/A;Deportes;No
Uruguay;DGO;DTH Wow;N/A;TyC Sports Fan;N/A;Deportes;Si
Uruguay;DGO;DTH Wow;N/A;Warner Channel HD;N/A;Variedades;Si
Uruguay;DGO;DTVGO Uruguay 001;N/A;A&E;N/A;Variedades;Si
Uruguay;DGO;DTVGO Uruguay 001;N/A;Atres Cine;N/A;Cine;Si
Uruguay;DGO;DTVGO Uruguay 001;N/A;AMC;N/A;Variedades;Si
Uruguay;DGO;DTVGO Uruguay 001;N/A;America Television HD;N/A;Nacional;Si
Uruguay;DGO;DTVGO Uruguay 001;N/A;Animal Planet HD;N/A;Mundo;Si
Uruguay;DGO;DTVGO Uruguay 001;N/A;Antena 3 HD;N/A;Mundo;Si
Uruguay;DGO;DTVGO Uruguay 001;N/A;Atres Series HD;N/A;Cine;Si
Uruguay;DGO;DTVGO Uruguay 001;N/A;AXN;N/A;Variedades;Si
Uruguay;DGO;DTVGO Uruguay 001;N/A;Azteca Internacional;N/A;Variedades;Si
Uruguay;DGO;DTVGO Uruguay 001;N/A;BabyTV HD;N/A;Infantil;Si
Uruguay;DGO;DTVGO Uruguay 001;N/A;Bloomberg;N/A;Mundo;Si
Uruguay;DGO;DTVGO Uruguay 001;N/A;Boomerang;N/A;Infantil;Si
Uruguay;DGO;DTVGO Uruguay 001;N/A;Canal 26 HD;N/A;Nacional;Si
Uruguay;DGO;DTVGO Uruguay 001;N/A;Canal 9 HD;N/A;Nacional;Si
Uruguay;DGO;DTVGO Uruguay 001;N/A;Caracol Mix;N/A;Variedades;Si
Uruguay;DGO;DTVGO Uruguay 001;N/A;Cartoon Network HD;N/A;Infantil;Si
Uruguay;DGO;DTVGO Uruguay 001;N/A;Cartoonito;N/A;Infantil;No
Uruguay;DGO;DTVGO Uruguay 001;N/A;CGTN Español;N/A;Mundo;Si
Uruguay;DGO;DTVGO Uruguay 001;N/A;Cinecanal Argentina;N/A;Cine;Si
Uruguay;DGO;DTVGO Uruguay 001;N/A;Cinelatino;N/A;Cine;Si
Uruguay;DGO;DTVGO Uruguay 001;N/A;Cinema;N/A;Cine;Si
Uruguay;DGO;DTVGO Uruguay 001;N/A;Cinemax HD;N/A;Cine;Si
Uruguay;DGO;DTVGO Uruguay 001;N/A;Clic;N/A;Variedades;Si
Uruguay;DGO;DTVGO Uruguay 001;N/A;CNN International;N/A;Mundo;Si
Uruguay;DGO;DTVGO Uruguay 001;N/A;CNN en Español;N/A;Mundo;Si
Uruguay;DGO;DTVGO Uruguay 001;N/A;Comedy Central HD;N/A;Variedades;Si
Uruguay;DGO;DTVGO Uruguay 001;N/A;Corazón;N/A;Variedades;Si
Uruguay;DGO;DTVGO Uruguay 001;N/A;Daystar Español;N/A;Mundo;No
Uruguay;DGO;DTVGO Uruguay 001;N/A;DIRECTV Eventos 1;N/A;Occasional SSLA;Si
Uruguay;DGO;DTVGO Uruguay 001;N/A;DIRECTV Eventos 2;N/A;Occasional SSLA;Si
Uruguay;DGO;DTVGO Uruguay 001;N/A;DIRECTV Eventos 3;N/A;Occasional SSLA;No
Uruguay;DGO;DTVGO Uruguay 001;N/A;DIRECTV Eventos 4;N/A;Occasional SSLA;Si
Uruguay;DGO;DTVGO Uruguay 001;N/A;DIRECTV Eventos 5;N/A;Occasional SSLA;No
Uruguay;DGO;DTVGO Uruguay 001;N/A;DIRECTV Eventos 6;N/A;Occasional SSLA;Si
Uruguay;DGO;DTVGO Uruguay 001;N/A;DIRECTV Eventos 7;N/A;Occasional SSLA;Si
Uruguay;DGO;DTVGO Uruguay 001;N/A;DSports Argentina;N/A;Deportes;Si
Uruguay;DGO;DTVGO Uruguay 001;N/A;Dsports Uruguay;N/A;Deportes;Si
Uruguay;DGO;DTVGO Uruguay 001;N/A;DSports 2 HD;N/A;Deportes;Si
Uruguay;DGO;DTVGO Uruguay 001;N/A;DSports Fight;N/A;Deportes;Si
Uruguay;DGO;DTVGO Uruguay 001;N/A;DSports Plus;N/A;Deportes;Si
Uruguay;DGO;DTVGO Uruguay 001;N/A;Discovery Channel HD;N/A;Mundo;No
Uruguay;DGO;DTVGO Uruguay 001;N/A;Discovery Home & Health;N/A;Variedades;Si
Uruguay;DGO;DTVGO Uruguay 001;N/A;Investigation Discovery (ID) HD;N/A;Variedades;Si
Uruguay;DGO;DTVGO Uruguay 001;N/A;Discovery Kids HD;N/A;Infantil;Si
Uruguay;DGO;DTVGO Uruguay 001;N/A;Discovery Theater;N/A;Mundo;Si
Uruguay;DGO;DTVGO Uruguay 001;N/A;Discovery Travel & Living Channel (TLC) HD;N/A;Mundo;Si
Uruguay;DGO;DTVGO Uruguay 001;N/A;Discovery Turbo;N/A;Mundo;Si
Uruguay;DGO;DTVGO Uruguay 001;N/A;Discovery World;N/A;Mundo;Si
Uruguay;DGO;DTVGO Uruguay 001;N/A;Disney Channel;N/A;Infantil;Si
Uruguay;DGO;DTVGO Uruguay 001;N/A;Disney Junior Sur;N/A;Infantil;Si
Uruguay;DGO;DTVGO Uruguay 001;N/A;DNews;N/A;Mundo;No
Uruguay;DGO;DTVGO Uruguay 001;N/A;DSports Uruguay Plus;N/A;Deportes;Si
Uruguay;DGO;DTVGO Uruguay 001;N/A;E! Entertainment México;N/A;Variedades;Si
Uruguay;DGO;DTVGO Uruguay 001;N/A;Edye;N/A;Infantil;Si
Uruguay;DGO;DTVGO Uruguay 001;N/A;El Gourmet;N/A;Variedades;Si
Uruguay;DGO;DTVGO Uruguay 001;N/A;El Reino Infantil;N/A;Infantil;No
Uruguay;DGO;DTVGO Uruguay 001;N/A;ESPN 2 Latin Andina HD;N/A;Deportes;Si
Uruguay;DGO;DTVGO Uruguay 001;N/A;ESPN 3;N/A;Deportes;Si
Uruguay;DGO;DTVGO Uruguay 001;N/A;ESPN 4;N/A;Deportes;No
Uruguay;DGO;DTVGO Uruguay 001;N/A;ESPN Argentina HD;N/A;Deportes;Si
Uruguay;DGO;DTVGO Uruguay 001;N/A;ESPN Extra;N/A;Deportes;Si
Uruguay;DGO;DTVGO Uruguay 001;N/A;Food Network HD;N/A;Variedades;Si
Uruguay;DGO;DTVGO Uruguay 001;N/A;Fox News;N/A;Mundo;Si
Uruguay;DGO;DTVGO Uruguay 001;N/A;Fox Sports Argentina;N/A;Deportes;Si
Uruguay;DGO;DTVGO Uruguay 001;N/A;Fox Sports 2;N/A;Deportes;Si
Uruguay;DGO;DTVGO Uruguay 001;N/A;Fox Sports Sur 2;N/A;Deportes;No
Uruguay;DGO;DTVGO Uruguay 001;N/A;Fox Sports 3;N/A;Deportes;Si
Uruguay;DGO;DTVGO Uruguay 001;N/A;France 24 Español;N/A;Mundo;No
Uruguay;DGO;DTVGO Uruguay 001;N/A;FreeTV Acción;N/A;Cine;Si
Uruguay;DGO;DTVGO Uruguay 001;N/A;FreeTV Drama;N/A;Cine;Si
Uruguay;DGO;DTVGO Uruguay 001;N/A;FreeTV Estelar;N/A;Cine;Si
Uruguay;DGO;DTVGO Uruguay 001;N/A;FreeTV Familia;N/A;Cine;Si
Uruguay;DGO;DTVGO Uruguay 001;N/A;FreeTV Hits;N/A;Cine;Si
Uruguay;DGO;DTVGO Uruguay 001;N/A;FreeTV Terror;N/A;Cine;Si
Uruguay;DGO;DTVGO Uruguay 001;N/A;FX Colombia HD;N/A;Variedades;Si
Uruguay;DGO;DTVGO Uruguay 001;N/A;Glitz;N/A;Variedades;Si
Uruguay;DGO;DTVGO Uruguay 001;N/A;Golf Channel HD;N/A;Deportes;Si
Uruguay;DGO;DTVGO Uruguay 001;N/A;HBO;N/A;Cine;No
Uruguay;DGO;DTVGO Uruguay 001;N/A;HBO 2;N/A;Cine;No
Uruguay;DGO;DTVGO Uruguay 001;N/A;HBO Family;N/A;Cine;No
Uruguay;DGO;DTVGO Uruguay 001;N/A;HBO Plus HD;N/A;Cine;No
Uruguay;DGO;DTVGO Uruguay 001;N/A;HBO Signature;N/A;Nacional;No
Uruguay;DGO;DTVGO Uruguay 001;N/A;HGTV;N/A;Variedades;Si
Uruguay;DGO;DTVGO Uruguay 001;N/A;History 2 HD;N/A;Mundo;Si
Uruguay;DGO;DTVGO Uruguay 001;N/A;History HD;N/A;Mundo;Si
Uruguay;DGO;DTVGO Uruguay 001;N/A;Hola TV HD;N/A;Variedades;Si
Uruguay;DGO;DTVGO Uruguay 001;N/A;HTV;N/A;Variedades;Si
Uruguay;DGO;DTVGO Uruguay 001;N/A;IP Noticias;N/A;Mundo;Si
Uruguay;DGO;DTVGO Uruguay 001;N/A;ISAT;N/A;Cine;Si
Uruguay;DGO;DTVGO Uruguay 001;N/A;KZO;N/A;Variedades;Si
Uruguay;DGO;DTVGO Uruguay 001;N/A;La Nación + HD;N/A;Nacional;Si
Uruguay;DGO;DTVGO Uruguay 001;N/A;Lifetime HD;N/A;Variedades;Si
Uruguay;DGO;DTVGO Uruguay 001;N/A;Más Chic;N/A;Variedades;Si
Uruguay;DGO;DTVGO Uruguay 001;N/A;Mega Noticias;N/A;Mundo;Si
Uruguay;DGO;DTVGO Uruguay 001;N/A;Mega Tiempo;N/A;Mundo;Si
Uruguay;DGO;DTVGO Uruguay 001;N/A;Monte Carlo TV HD;N/A;Nacional;No
Uruguay;DGO;DTVGO Uruguay 001;N/A;Mórbido TV;N/A;Cine;No
Uruguay;DGO;DTVGO Uruguay 001;N/A;MTV HD;N/A;Variedades;Si
Uruguay;DGO;DTVGO Uruguay 001;N/A;Nat Geo Sur HD;N/A;Mundo;Si
Uruguay;DGO;DTVGO Uruguay 001;N/A;Newsmax TV;N/A;Nacional;Si
Uruguay;DGO;DTVGO Uruguay 001;N/A;Nick Jr. HD;N/A;Infantil;Si
Uruguay;DGO;DTVGO Uruguay 001;N/A;Nickelodeon HD;N/A;Infantil;Si
Uruguay;DGO;DTVGO Uruguay 001;N/A;OnDIRECTV HD;N/A;Cine;Si
Uruguay;DGO;DTVGO Uruguay 001;N/A;Plim Plim;N/A;Infantil;No
Uruguay;DGO;DTVGO Uruguay 001;N/A;Rai Italia;N/A;Mundo;Si
Uruguay;DGO;DTVGO Uruguay 001;N/A;RCN Más;N/A;Variedades;Si
Uruguay;DGO;DTVGO Uruguay 001;N/A;RCN Noticias;N/A;Mundo;Si
Uruguay;DGO;DTVGO Uruguay 001;N/A;Saeta TV;N/A;Nacional;No
Uruguay;DGO;DTVGO Uruguay 001;N/A;Sony;N/A;Cine;Si
Uruguay;DGO;DTVGO Uruguay 001;N/A;Sony Movies;N/A;Cine;No
Uruguay;DGO;DTVGO Uruguay 001;N/A;Space Sur;N/A;Cine;Si
Uruguay;DGO;DTVGO Uruguay 001;N/A;Star Channel (South);N/A;Cine;Si
Uruguay;DGO;DTVGO Uruguay 001;N/A;Studio Universal HD;N/A;Cine;Si
Uruguay;DGO;DTVGO Uruguay 001;N/A;SyFy HD;N/A;Variedades;Si
Uruguay;DGO;DTVGO Uruguay 001;N/A;Tastemade;N/A;Variedades;Si
Uruguay;DGO;DTVGO Uruguay 001;N/A;Tastemade Viajes;N/A;Variedades;Si
Uruguay;DGO;DTVGO Uruguay 001;N/A;TBS Very Funny;N/A;Variedades;Si
Uruguay;DGO;DTVGO Uruguay 001;N/A;TCM;N/A;Cine;No
Uruguay;DGO;DTVGO Uruguay 001;N/A;Teledoce HD;N/A;Nacional;No
Uruguay;DGO;DTVGO Uruguay 001;N/A;Telemundo Internacional;N/A;Variedades;Si
Uruguay;DGO;DTVGO Uruguay 001;N/A;Television Nacional de Uruguay;N/A;Nacional;No
Uruguay;DGO;DTVGO Uruguay 001;N/A;Discovery Travel & Living Channel (TLC);N/A;Variedades;No
Uruguay;DGO;DTVGO Uruguay 001;N/A;TNT HD;N/A;Cine;Si
Uruguay;DGO;DTVGO Uruguay 001;N/A;TNT Novelas;N/A;Variedades;No
Uruguay;DGO;DTVGO Uruguay 001;N/A;TNT Series;N/A;Cine;Si
Uruguay;DGO;DTVGO Uruguay 001;N/A;TNT Series HD;N/A;Cine;Si
Uruguay;DGO;DTVGO Uruguay 001;N/A;truTV;N/A;Variedades;Si
Uruguay;DGO;DTVGO Uruguay 001;N/A;TCM;N/A;Cine;Si
Uruguay;DGO;DTVGO Uruguay 001;N/A;TV Ciudad;N/A;Nacional;Si
Uruguay;DGO;DTVGO Uruguay 001;N/A;TV Cortos;N/A;Cine;Si
Uruguay;DGO;DTVGO Uruguay 001;N/A;TV Universal HD (South);N/A;Cine;Si
Uruguay;DGO;DTVGO Uruguay 001;N/A;TyC Sports;N/A;Deportes;No
Uruguay;DGO;DTVGO Uruguay 001;N/A;TyC Sports Fan;N/A;Deportes;Si
Uruguay;DGO;DTVGO Uruguay 001;N/A;Warner Channel HD;N/A;Variedades;Si
Uruguay;DGO;DTVGO Uruguay 201;N/A;A&E;N/A;Variedades;Si
Uruguay;DGO;DTVGO Uruguay 201;N/A;Atres Cine;N/A;Cine;No
Uruguay;DGO;DTVGO Uruguay 201;N/A;AMC;N/A;Variedades;No
Uruguay;DGO;DTVGO Uruguay 201;N/A;America Television HD;N/A;Nacional;No
Uruguay;DGO;DTVGO Uruguay 201;N/A;Animal Planet HD;N/A;Mundo;Si
Uruguay;DGO;DTVGO Uruguay 201;N/A;Antena 3 HD;N/A;Mundo;No
Uruguay;DGO;DTVGO Uruguay 201;N/A;Atres Series HD;N/A;Cine;No
Uruguay;DGO;DTVGO Uruguay 201;N/A;AXN;N/A;Variedades;Si
Uruguay;DGO;DTVGO Uruguay 201;N/A;Azteca Internacional;N/A;Variedades;Si
Uruguay;DGO;DTVGO Uruguay 201;N/A;BabyTV HD;N/A;Infantil;No
Uruguay;DGO;DTVGO Uruguay 201;N/A;Bloomberg;N/A;Mundo;No
Uruguay;DGO;DTVGO Uruguay 201;N/A;Boomerang;N/A;Infantil;Si
Uruguay;DGO;DTVGO Uruguay 201;N/A;Canal 26 HD;N/A;Nacional;No
Uruguay;DGO;DTVGO Uruguay 201;N/A;Canal 9 HD;N/A;Nacional;No
Uruguay;DGO;DTVGO Uruguay 201;N/A;Caracol Mix;N/A;Variedades;Si
Uruguay;DGO;DTVGO Uruguay 201;N/A;Cartoon Network HD;N/A;Infantil;Si
Uruguay;DGO;DTVGO Uruguay 201;N/A;Cartoonito;N/A;Infantil;No
Uruguay;DGO;DTVGO Uruguay 201;N/A;CGTN Español;N/A;Mundo;Si
Uruguay;DGO;DTVGO Uruguay 201;N/A;Cinecanal Argentina;N/A;Cine;Si
Uruguay;DGO;DTVGO Uruguay 201;N/A;Cinelatino;N/A;Cine;Si
Uruguay;DGO;DTVGO Uruguay 201;N/A;Cinema;N/A;Cine;Si
Uruguay;DGO;DTVGO Uruguay 201;N/A;Cinemax HD;N/A;Cine;Si
Uruguay;DGO;DTVGO Uruguay 201;N/A;Clic;N/A;Variedades;Si
Uruguay;DGO;DTVGO Uruguay 201;N/A;CNN International;N/A;Mundo;No
Uruguay;DGO;DTVGO Uruguay 201;N/A;CNN en Español;N/A;Mundo;Si
Uruguay;DGO;DTVGO Uruguay 201;N/A;Comedy Central HD;N/A;Variedades;No
Uruguay;DGO;DTVGO Uruguay 201;N/A;Corazón;N/A;Variedades;Si
Uruguay;DGO;DTVGO Uruguay 201;N/A;Daystar Español;N/A;Mundo;No
Uruguay;DGO;DTVGO Uruguay 201;N/A;DIRECTV Eventos 1;N/A;Occasional SSLA;Si
Uruguay;DGO;DTVGO Uruguay 201;N/A;DIRECTV Eventos 2;N/A;Occasional SSLA;Si
Uruguay;DGO;DTVGO Uruguay 201;N/A;DIRECTV Eventos 3;N/A;Occasional SSLA;No
Uruguay;DGO;DTVGO Uruguay 201;N/A;DIRECTV Eventos 4;N/A;Occasional SSLA;Si
Uruguay;DGO;DTVGO Uruguay 201;N/A;DIRECTV Eventos 5;N/A;Occasional SSLA;No
Uruguay;DGO;DTVGO Uruguay 201;N/A;DIRECTV Eventos 6;N/A;Occasional SSLA;Si
Uruguay;DGO;DTVGO Uruguay 201;N/A;DIRECTV Eventos 7;N/A;Occasional SSLA;Si
Uruguay;DGO;DTVGO Uruguay 201;N/A;DSports Argentina;N/A;Deportes;Si
Uruguay;DGO;DTVGO Uruguay 201;N/A;Dsports Uruguay;N/A;Deportes;Si
Uruguay;DGO;DTVGO Uruguay 201;N/A;DSports 2 HD;N/A;Deportes;Si
Uruguay;DGO;DTVGO Uruguay 201;N/A;DSports Fight;N/A;Deportes;Si
Uruguay;DGO;DTVGO Uruguay 201;N/A;DSports Plus;N/A;Deportes;Si
Uruguay;DGO;DTVGO Uruguay 201;N/A;Discovery Channel HD;N/A;Mundo;No
Uruguay;DGO;DTVGO Uruguay 201;N/A;Discovery Home & Health;N/A;Variedades;Si
Uruguay;DGO;DTVGO Uruguay 201;N/A;Investigation Discovery (ID) HD;N/A;Variedades;No
Uruguay;DGO;DTVGO Uruguay 201;N/A;Discovery Kids HD;N/A;Infantil;Si
Uruguay;DGO;DTVGO Uruguay 201;N/A;Discovery Theater;N/A;Mundo;No
Uruguay;DGO;DTVGO Uruguay 201;N/A;Discovery Travel & Living Channel (TLC) HD;N/A;Mundo;No
Uruguay;DGO;DTVGO Uruguay 201;N/A;Discovery Turbo;N/A;Mundo;No
Uruguay;DGO;DTVGO Uruguay 201;N/A;Discovery World;N/A;Mundo;No
Uruguay;DGO;DTVGO Uruguay 201;N/A;Disney Channel;N/A;Infantil;Si
Uruguay;DGO;DTVGO Uruguay 201;N/A;Disney Junior Sur;N/A;Infantil;Si
Uruguay;DGO;DTVGO Uruguay 201;N/A;DNews;N/A;Mundo;No
Uruguay;DGO;DTVGO Uruguay 201;N/A;DSports Uruguay Plus;N/A;Deportes;Si
Uruguay;DGO;DTVGO Uruguay 201;N/A;E! Entertainment México;N/A;Variedades;Si
Uruguay;DGO;DTVGO Uruguay 201;N/A;Edye;N/A;Infantil;Si
Uruguay;DGO;DTVGO Uruguay 201;N/A;El Gourmet;N/A;Variedades;Si
Uruguay;DGO;DTVGO Uruguay 201;N/A;El Reino Infantil;N/A;Infantil;No
Uruguay;DGO;DTVGO Uruguay 201;N/A;ESPN 2 Latin Andina HD;N/A;Deportes;Si
Uruguay;DGO;DTVGO Uruguay 201;N/A;ESPN 3;N/A;Deportes;No
Uruguay;DGO;DTVGO Uruguay 201;N/A;ESPN 4;N/A;Deportes;No
Uruguay;DGO;DTVGO Uruguay 201;N/A;ESPN Argentina HD;N/A;Deportes;Si
Uruguay;DGO;DTVGO Uruguay 201;N/A;ESPN Extra;N/A;Deportes;No
Uruguay;DGO;DTVGO Uruguay 201;N/A;Food Network HD;N/A;Variedades;No
Uruguay;DGO;DTVGO Uruguay 201;N/A;Fox News;N/A;Mundo;Si
Uruguay;DGO;DTVGO Uruguay 201;N/A;Fox Sports Argentina;N/A;Deportes;Si
Uruguay;DGO;DTVGO Uruguay 201;N/A;Fox Sports 2;N/A;Deportes;Si
Uruguay;DGO;DTVGO Uruguay 201;N/A;Fox Sports Sur 2;N/A;Deportes;No
Uruguay;DGO;DTVGO Uruguay 201;N/A;Fox Sports 3;N/A;Deportes;Si
Uruguay;DGO;DTVGO Uruguay 201;N/A;France 24 Español;N/A;Mundo;No
Uruguay;DGO;DTVGO Uruguay 201;N/A;FreeTV Acción;N/A;Cine;Si
Uruguay;DGO;DTVGO Uruguay 201;N/A;FreeTV Drama;N/A;Cine;Si
Uruguay;DGO;DTVGO Uruguay 201;N/A;FreeTV Estelar;N/A;Cine;Si
Uruguay;DGO;DTVGO Uruguay 201;N/A;FreeTV Familia;N/A;Cine;Si
Uruguay;DGO;DTVGO Uruguay 201;N/A;FreeTV Hits;N/A;Cine;Si
Uruguay;DGO;DTVGO Uruguay 201;N/A;FreeTV Terror;N/A;Cine;Si
Uruguay;DGO;DTVGO Uruguay 201;N/A;FX Colombia HD;N/A;Variedades;Si
Uruguay;DGO;DTVGO Uruguay 201;N/A;Glitz;N/A;Variedades;No
Uruguay;DGO;DTVGO Uruguay 201;N/A;Golf Channel HD;N/A;Deportes;No
Uruguay;DGO;DTVGO Uruguay 201;N/A;HBO;N/A;Cine;No
Uruguay;DGO;DTVGO Uruguay 201;N/A;HBO 2;N/A;Cine;No
Uruguay;DGO;DTVGO Uruguay 201;N/A;HBO Family;N/A;Cine;No
Uruguay;DGO;DTVGO Uruguay 201;N/A;HBO Plus HD;N/A;Cine;No
Uruguay;DGO;DTVGO Uruguay 201;N/A;HBO Signature;N/A;Nacional;No
Uruguay;DGO;DTVGO Uruguay 201;N/A;HGTV;N/A;Variedades;No
Uruguay;DGO;DTVGO Uruguay 201;N/A;History 2 HD;N/A;Mundo;No
Uruguay;DGO;DTVGO Uruguay 201;N/A;History HD;N/A;Mundo;Si
Uruguay;DGO;DTVGO Uruguay 201;N/A;Hola TV HD;N/A;Variedades;Si
Uruguay;DGO;DTVGO Uruguay 201;N/A;HTV;N/A;Variedades;Si
Uruguay;DGO;DTVGO Uruguay 201;N/A;IP Noticias;N/A;Mundo;Si
Uruguay;DGO;DTVGO Uruguay 201;N/A;ISAT;N/A;Cine;Si
Uruguay;DGO;DTVGO Uruguay 201;N/A;KZO;N/A;Variedades;Si
Uruguay;DGO;DTVGO Uruguay 201;N/A;La Nación + HD;N/A;Nacional;Si
Uruguay;DGO;DTVGO Uruguay 201;N/A;Lifetime HD;N/A;Variedades;No
Uruguay;DGO;DTVGO Uruguay 201;N/A;Más Chic;N/A;Variedades;No
Uruguay;DGO;DTVGO Uruguay 201;N/A;Mega Noticias;N/A;Mundo;Si
Uruguay;DGO;DTVGO Uruguay 201;N/A;Mega Tiempo;N/A;Mundo;Si
Uruguay;DGO;DTVGO Uruguay 201;N/A;Monte Carlo TV HD;N/A;Nacional;No
Uruguay;DGO;DTVGO Uruguay 201;N/A;Mórbido TV;N/A;Cine;No
Uruguay;DGO;DTVGO Uruguay 201;N/A;MTV HD;N/A;Variedades;Si
Uruguay;DGO;DTVGO Uruguay 201;N/A;Nat Geo Sur HD;N/A;Mundo;Si
Uruguay;DGO;DTVGO Uruguay 201;N/A;Newsmax TV;N/A;Nacional;Si
Uruguay;DGO;DTVGO Uruguay 201;N/A;Nick Jr. HD;N/A;Infantil;Si
Uruguay;DGO;DTVGO Uruguay 201;N/A;Nickelodeon HD;N/A;Infantil;Si
Uruguay;DGO;DTVGO Uruguay 201;N/A;OnDIRECTV HD;N/A;Cine;Si
Uruguay;DGO;DTVGO Uruguay 201;N/A;Plim Plim;N/A;Infantil;No
Uruguay;DGO;DTVGO Uruguay 201;N/A;Rai Italia;N/A;Mundo;No
Uruguay;DGO;DTVGO Uruguay 201;N/A;RCN Más;N/A;Variedades;Si
Uruguay;DGO;DTVGO Uruguay 201;N/A;RCN Noticias;N/A;Mundo;Si
Uruguay;DGO;DTVGO Uruguay 201;N/A;Saeta TV;N/A;Nacional;No
Uruguay;DGO;DTVGO Uruguay 201;N/A;Sony;N/A;Cine;Si
Uruguay;DGO;DTVGO Uruguay 201;N/A;Sony Movies;N/A;Cine;No
Uruguay;DGO;DTVGO Uruguay 201;N/A;Space Sur;N/A;Cine;Si
Uruguay;DGO;DTVGO Uruguay 201;N/A;Star Channel (South);N/A;Cine;Si
Uruguay;DGO;DTVGO Uruguay 201;N/A;Studio Universal HD;N/A;Cine;Si
Uruguay;DGO;DTVGO Uruguay 201;N/A;SyFy HD;N/A;Variedades;No
Uruguay;DGO;DTVGO Uruguay 201;N/A;Tastemade;N/A;Variedades;Si
Uruguay;DGO;DTVGO Uruguay 201;N/A;Tastemade Viajes;N/A;Variedades;Si
Uruguay;DGO;DTVGO Uruguay 201;N/A;TBS Very Funny;N/A;Variedades;No
Uruguay;DGO;DTVGO Uruguay 201;N/A;TCM;N/A;Cine;No
Uruguay;DGO;DTVGO Uruguay 201;N/A;Teledoce HD;N/A;Nacional;No
Uruguay;DGO;DTVGO Uruguay 201;N/A;Telemundo Internacional;N/A;Variedades;Si
Uruguay;DGO;DTVGO Uruguay 201;N/A;Television Nacional de Uruguay;N/A;Nacional;No
Uruguay;DGO;DTVGO Uruguay 201;N/A;Discovery Travel & Living Channel (TLC);N/A;Variedades;No
Uruguay;DGO;DTVGO Uruguay 201;N/A;TNT HD;N/A;Cine;Si
Uruguay;DGO;DTVGO Uruguay 201;N/A;TNT Novelas;N/A;Variedades;No
Uruguay;DGO;DTVGO Uruguay 201;N/A;TNT Series;N/A;Cine;Si
Uruguay;DGO;DTVGO Uruguay 201;N/A;TNT Series HD;N/A;Cine;Si
Uruguay;DGO;DTVGO Uruguay 201;N/A;truTV;N/A;Variedades;No
Uruguay;DGO;DTVGO Uruguay 201;N/A;TCM;N/A;Cine;Si
Uruguay;DGO;DTVGO Uruguay 201;N/A;TV Ciudad;N/A;Nacional;Si
Uruguay;DGO;DTVGO Uruguay 201;N/A;TV Cortos;N/A;Cine;No
Uruguay;DGO;DTVGO Uruguay 201;N/A;TV Universal HD (South);N/A;Cine;Si
Uruguay;DGO;DTVGO Uruguay 201;N/A;TyC Sports;N/A;Deportes;No
Uruguay;DGO;DTVGO Uruguay 201;N/A;TyC Sports Fan;N/A;Deportes;Si
Uruguay;DGO;DTVGO Uruguay 201;N/A;Warner Channel HD;N/A;Variedades;Si
Uruguay;DGO;Retencion;N/A;A&E;N/A;Variedades;Si
Uruguay;DGO;Retencion;N/A;Atres Cine;N/A;Cine;Si
Uruguay;DGO;Retencion;N/A;AMC;N/A;Variedades;Si
Uruguay;DGO;Retencion;N/A;America Television HD;N/A;Nacional;Si
Uruguay;DGO;Retencion;N/A;Animal Planet HD;N/A;Mundo;Si
Uruguay;DGO;Retencion;N/A;Antena 3 HD;N/A;Mundo;Si
Uruguay;DGO;Retencion;N/A;Atres Series HD;N/A;Cine;Si
Uruguay;DGO;Retencion;N/A;AXN;N/A;Variedades;Si
Uruguay;DGO;Retencion;N/A;Azteca Internacional;N/A;Variedades;Si
Uruguay;DGO;Retencion;N/A;BabyTV HD;N/A;Infantil;Si
Uruguay;DGO;Retencion;N/A;Bloomberg;N/A;Mundo;Si
Uruguay;DGO;Retencion;N/A;Boomerang;N/A;Infantil;Si
Uruguay;DGO;Retencion;N/A;Canal 26 HD;N/A;Nacional;Si
Uruguay;DGO;Retencion;N/A;Canal 9 HD;N/A;Nacional;Si
Uruguay;DGO;Retencion;N/A;Caracol Mix;N/A;Variedades;Si
Uruguay;DGO;Retencion;N/A;Cartoon Network HD;N/A;Infantil;Si
Uruguay;DGO;Retencion;N/A;Cartoonito;N/A;Infantil;No
Uruguay;DGO;Retencion;N/A;CGTN Español;N/A;Mundo;Si
Uruguay;DGO;Retencion;N/A;Cinecanal Argentina;N/A;Cine;Si
Uruguay;DGO;Retencion;N/A;Cinelatino;N/A;Cine;Si
Uruguay;DGO;Retencion;N/A;Cinema;N/A;Cine;Si
Uruguay;DGO;Retencion;N/A;Cinemax HD;N/A;Cine;Si
Uruguay;DGO;Retencion;N/A;Clic;N/A;Variedades;Si
Uruguay;DGO;Retencion;N/A;CNN International;N/A;Mundo;Si
Uruguay;DGO;Retencion;N/A;CNN en Español;N/A;Mundo;Si
Uruguay;DGO;Retencion;N/A;Comedy Central HD;N/A;Variedades;Si
Uruguay;DGO;Retencion;N/A;Corazón;N/A;Variedades;Si
Uruguay;DGO;Retencion;N/A;Daystar Español;N/A;Mundo;No
Uruguay;DGO;Retencion;N/A;DIRECTV Eventos 1;N/A;Occasional SSLA;No
Uruguay;DGO;Retencion;N/A;DIRECTV Eventos 2;N/A;Occasional SSLA;No
Uruguay;DGO;Retencion;N/A;DIRECTV Eventos 3;N/A;Occasional SSLA;No
Uruguay;DGO;Retencion;N/A;DIRECTV Eventos 4;N/A;Occasional SSLA;No
Uruguay;DGO;Retencion;N/A;DIRECTV Eventos 5;N/A;Occasional SSLA;No
Uruguay;DGO;Retencion;N/A;DIRECTV Eventos 6;N/A;Occasional SSLA;No
Uruguay;DGO;Retencion;N/A;DIRECTV Eventos 7;N/A;Occasional SSLA;No
Uruguay;DGO;Retencion;N/A;DSports Argentina;N/A;Deportes;Si
Uruguay;DGO;Retencion;N/A;Dsports Uruguay;N/A;Deportes;Si
Uruguay;DGO;Retencion;N/A;DSports 2 HD;N/A;Deportes;Si
Uruguay;DGO;Retencion;N/A;DSports Fight;N/A;Deportes;No
Uruguay;DGO;Retencion;N/A;DSports Plus;N/A;Deportes;No
Uruguay;DGO;Retencion;N/A;Discovery Channel HD;N/A;Mundo;Si
Uruguay;DGO;Retencion;N/A;Discovery Home & Health;N/A;Variedades;Si
Uruguay;DGO;Retencion;N/A;Investigation Discovery (ID) HD;N/A;Variedades;Si
Uruguay;DGO;Retencion;N/A;Discovery Kids HD;N/A;Infantil;Si
Uruguay;DGO;Retencion;N/A;Discovery Theater;N/A;Mundo;Si
Uruguay;DGO;Retencion;N/A;Discovery Travel & Living Channel (TLC) HD;N/A;Mundo;Si
Uruguay;DGO;Retencion;N/A;Discovery Turbo;N/A;Mundo;Si
Uruguay;DGO;Retencion;N/A;Discovery World;N/A;Mundo;Si
Uruguay;DGO;Retencion;N/A;Disney Channel;N/A;Infantil;Si
Uruguay;DGO;Retencion;N/A;Disney Junior Sur;N/A;Infantil;Si
Uruguay;DGO;Retencion;N/A;DNews;N/A;Mundo;No
Uruguay;DGO;Retencion;N/A;DSports Uruguay Plus;N/A;Deportes;Si
Uruguay;DGO;Retencion;N/A;E! Entertainment México;N/A;Variedades;Si
Uruguay;DGO;Retencion;N/A;Edye;N/A;Infantil;Si
Uruguay;DGO;Retencion;N/A;El Gourmet;N/A;Variedades;Si
Uruguay;DGO;Retencion;N/A;El Reino Infantil;N/A;Infantil;No
Uruguay;DGO;Retencion;N/A;ESPN 2 Latin Andina HD;N/A;Deportes;No
Uruguay;DGO;Retencion;N/A;ESPN 3;N/A;Deportes;No
Uruguay;DGO;Retencion;N/A;ESPN 4;N/A;Deportes;No
Uruguay;DGO;Retencion;N/A;ESPN Argentina HD;N/A;Deportes;No
Uruguay;DGO;Retencion;N/A;ESPN Extra;N/A;Deportes;Si
Uruguay;DGO;Retencion;N/A;Food Network HD;N/A;Variedades;Si
Uruguay;DGO;Retencion;N/A;Fox News;N/A;Mundo;Si
Uruguay;DGO;Retencion;N/A;Fox Sports Argentina;N/A;Deportes;Si
Uruguay;DGO;Retencion;N/A;Fox Sports 2;N/A;Deportes;No
Uruguay;DGO;Retencion;N/A;Fox Sports Sur 2;N/A;Deportes;Si
Uruguay;DGO;Retencion;N/A;Fox Sports 3;N/A;Deportes;Si
Uruguay;DGO;Retencion;N/A;France 24 Español;N/A;Mundo;No
Uruguay;DGO;Retencion;N/A;FreeTV Acción;N/A;Cine;Si
Uruguay;DGO;Retencion;N/A;FreeTV Drama;N/A;Cine;Si
Uruguay;DGO;Retencion;N/A;FreeTV Estelar;N/A;Cine;Si
Uruguay;DGO;Retencion;N/A;FreeTV Familia;N/A;Cine;Si
Uruguay;DGO;Retencion;N/A;FreeTV Hits;N/A;Cine;Si
Uruguay;DGO;Retencion;N/A;FreeTV Terror;N/A;Cine;Si
Uruguay;DGO;Retencion;N/A;FX Colombia HD;N/A;Variedades;No
Uruguay;DGO;Retencion;N/A;Glitz;N/A;Variedades;Si
Uruguay;DGO;Retencion;N/A;Golf Channel HD;N/A;Deportes;Si
Uruguay;DGO;Retencion;N/A;HBO;N/A;Cine;No
Uruguay;DGO;Retencion;N/A;HBO 2;N/A;Cine;No
Uruguay;DGO;Retencion;N/A;HBO Family;N/A;Cine;No
Uruguay;DGO;Retencion;N/A;HBO Plus HD;N/A;Cine;No
Uruguay;DGO;Retencion;N/A;HBO Signature;N/A;Nacional;No
Uruguay;DGO;Retencion;N/A;HGTV;N/A;Variedades;Si
Uruguay;DGO;Retencion;N/A;History 2 HD;N/A;Mundo;Si
Uruguay;DGO;Retencion;N/A;History HD;N/A;Mundo;Si
Uruguay;DGO;Retencion;N/A;Hola TV HD;N/A;Variedades;Si
Uruguay;DGO;Retencion;N/A;HTV;N/A;Variedades;Si
Uruguay;DGO;Retencion;N/A;IP Noticias;N/A;Mundo;Si
Uruguay;DGO;Retencion;N/A;ISAT;N/A;Cine;Si
Uruguay;DGO;Retencion;N/A;KZO;N/A;Variedades;Si
Uruguay;DGO;Retencion;N/A;La Nación + HD;N/A;Nacional;No
Uruguay;DGO;Retencion;N/A;Lifetime HD;N/A;Variedades;Si
Uruguay;DGO;Retencion;N/A;Más Chic;N/A;Variedades;Si
Uruguay;DGO;Retencion;N/A;Mega Noticias;N/A;Mundo;Si
Uruguay;DGO;Retencion;N/A;Mega Tiempo;N/A;Mundo;Si
Uruguay;DGO;Retencion;N/A;Monte Carlo TV HD;N/A;Nacional;No
Uruguay;DGO;Retencion;N/A;Mórbido TV;N/A;Cine;No
Uruguay;DGO;Retencion;N/A;MTV HD;N/A;Variedades;Si
Uruguay;DGO;Retencion;N/A;Nat Geo Sur HD;N/A;Mundo;Si
Uruguay;DGO;Retencion;N/A;Newsmax TV;N/A;Nacional;Si
Uruguay;DGO;Retencion;N/A;Nick Jr. HD;N/A;Infantil;Si
Uruguay;DGO;Retencion;N/A;Nickelodeon HD;N/A;Infantil;Si
Uruguay;DGO;Retencion;N/A;OnDIRECTV HD;N/A;Cine;Si
Uruguay;DGO;Retencion;N/A;Plim Plim;N/A;Infantil;No
Uruguay;DGO;Retencion;N/A;Rai Italia;N/A;Mundo;Si
Uruguay;DGO;Retencion;N/A;RCN Más;N/A;Variedades;Si
Uruguay;DGO;Retencion;N/A;RCN Noticias;N/A;Mundo;Si
Uruguay;DGO;Retencion;N/A;Saeta TV;N/A;Nacional;No
Uruguay;DGO;Retencion;N/A;Sony;N/A;Cine;Si
Uruguay;DGO;Retencion;N/A;Sony Movies;N/A;Cine;No
Uruguay;DGO;Retencion;N/A;Space Sur;N/A;Cine;Si
Uruguay;DGO;Retencion;N/A;Star Channel (South);N/A;Cine;Si
Uruguay;DGO;Retencion;N/A;Studio Universal HD;N/A;Cine;Si
Uruguay;DGO;Retencion;N/A;SyFy HD;N/A;Variedades;Si
Uruguay;DGO;Retencion;N/A;Tastemade;N/A;Variedades;Si
Uruguay;DGO;Retencion;N/A;Tastemade Viajes;N/A;Variedades;Si
Uruguay;DGO;Retencion;N/A;TBS Very Funny;N/A;Variedades;Si
Uruguay;DGO;Retencion;N/A;TCM;N/A;Cine;No
Uruguay;DGO;Retencion;N/A;Teledoce HD;N/A;Nacional;No
Uruguay;DGO;Retencion;N/A;Telemundo Internacional;N/A;Variedades;Si
Uruguay;DGO;Retencion;N/A;Television Nacional de Uruguay;N/A;Nacional;Si
Uruguay;DGO;Retencion;N/A;Discovery Travel & Living Channel (TLC);N/A;Variedades;No
Uruguay;DGO;Retencion;N/A;TNT HD;N/A;Cine;Si
Uruguay;DGO;Retencion;N/A;TNT Novelas;N/A;Variedades;No
Uruguay;DGO;Retencion;N/A;TNT Series;N/A;Cine;No
Uruguay;DGO;Retencion;N/A;TNT Series HD;N/A;Cine;Si
Uruguay;DGO;Retencion;N/A;truTV;N/A;Variedades;Si
Uruguay;DGO;Retencion;N/A;TCM;N/A;Cine;Si
Uruguay;DGO;Retencion;N/A;TV Ciudad;N/A;Nacional;Si
Uruguay;DGO;Retencion;N/A;TV Cortos;N/A;Cine;Si
Uruguay;DGO;Retencion;N/A;TV Universal HD (South);N/A;Cine;Si
Uruguay;DGO;Retencion;N/A;TyC Sports;N/A;Deportes;No
Uruguay;DGO;Retencion;N/A;TyC Sports Fan;N/A;Deportes;Si
Uruguay;DGO;Retencion;N/A;Warner Channel HD;N/A;Variedades;Si
