Pais;Cliente;Pacote;VC;Canal;Tecnología;Categoría
COLOMBIA;POSPAGO;ACCESS ID;117;TV FAMILIA;SD;RELIGIOSO
COLOMBIA;POSPAGO;ACCESS ID;127;DSHOW;SD;HOGAR Y VARIEDADES
COLOMBIA;POSPAGO;ACCESS ID;130;RCN;SD;NACIONAL
COLOMBIA;POSPAGO;ACCESS ID;132;CARACOL;SD;NACIONAL
COLOMBIA;POSPAGO;ACCESS ID;133;CITY TV;SD;NACIONAL
COLOMBIA;POSPAGO;ACCESS ID;134;CARACOL INTERNACIONAL;SD;NACIONAL
COLOMBIA;POSPAGO;ACCESS ID;135;RCN NUESTRA TELE;SD;NACIONAL
COLOMBIA;POSPAGO;ACCESS ID;136;CANAL UNO;SD;NACIONAL
COLOMBIA;POSPAGO;ACCESS ID;137;SEÑAL COLOMBIA;SD;EDUCATIVO
COLOMBIA;POSPAGO;ACCESS ID;138;SEÑAL INSTITUCIONAL;SD;INFORMATIVO
COLOMBIA;POSPAGO;ACCESS ID;139;CANAL CONGRESO;SD;INFORMATIVO
COLOMBIA;POSPAGO;ACCESS ID;140;TELEANTIOQUIA;SD;NACIONAL
COLOMBIA;POSPAGO;ACCESS ID;141;TELEPACIFICO;SD;NACIONAL
COLOMBIA;POSPAGO;ACCESS ID;142;TELECAFE;SD;NACIONAL
COLOMBIA;POSPAGO;ACCESS ID;143;CANAL CAPITAL;SD;NACIONAL
COLOMBIA;POSPAGO;ACCESS ID;144;TELECAFE;SD;NACIONAL
COLOMBIA;POSPAGO;ACCESS ID;145;NTN 24;SD;NOTICIAS
COLOMBIA;POSPAGO;ACCESS ID;146;EL TIEMPO;SD;NOTICIAS
COLOMBIA;POSPAGO;ACCESS ID;147;CABLE NOTICIAS;SD;NOTICIAS
COLOMBIA;POSPAGO;ACCESS ID;148;TRO;SD;NACIONAL
COLOMBIA;POSPAGO;ACCESS ID;149;TRECE;SD;NACIONAL
COLOMBIA;POSPAGO;ACCESS ID;150;TELE ISLAS;SD;NACIONAL
COLOMBIA;POSPAGO;ACCESS ID;151;TELEMEDELLIN;SD;NACIONAL
COLOMBIA;POSPAGO;ACCESS ID;152;TV AGRO;SD;EDUCATIVO
COLOMBIA;POSPAGO;ACCESS ID;202;STAR CHANNEL;SD;SERIES Y PELICULAS
COLOMBIA;POSPAGO;ACCESS ID;204;STAR CHANNEL HD;SD;SERIES Y PELICULAS
COLOMBIA;POSPAGO;ACCESS ID;206;WARNER;SD;SERIES Y PELICULAS
COLOMBIA;POSPAGO;ACCESS ID;207;A&E;SD;SERIES Y PELICULAS
COLOMBIA;POSPAGO;ACCESS ID;208;SONY;SD;SERIES Y PELICULAS
COLOMBIA;POSPAGO;ACCESS ID;217;FX;SD;SERIES Y PELICULAS
COLOMBIA;POSPAGO;ACCESS ID;218;UNIVERSAL;SD;SERIES Y PELICULAS
COLOMBIA;POSPAGO;ACCESS ID;221;¡HOLA! TV;SD;HOGAR Y VARIEDADES
COLOMBIA;POSPAGO;ACCESS ID;222;E!;SD;HOGAR Y VARIEDADES
COLOMBIA;POSPAGO;ACCESS ID;223;ID;SD;CIENCIA Y CULTURA
COLOMBIA;POSPAGO;ACCESS ID;226;CANAL DE LAS ESTRELLAS;SD;NACIONAL
COLOMBIA;POSPAGO;ACCESS ID;227;TL NOVELAS;SD;TELENOVELAS
COLOMBIA;POSPAGO;ACCESS ID;229;DISCOVERY HOME & HEALTH;SD;HOGAR Y VARIEDADES
COLOMBIA;POSPAGO;ACCESS ID;230;AMC SERIES;SD;SERIES Y PELICULAS
COLOMBIA;POSPAGO;ACCESS ID;231;TELEMUNDO;SD;TELENOVELAS
COLOMBIA;POSPAGO;ACCESS ID;232;EL GOURMET;SD;GASTRONÓMICO
COLOMBIA;POSPAGO;ACCESS ID;264;MTV;SD;MUSICAL
COLOMBIA;POSPAGO;ACCESS ID;269;QUIERO MÚSICA EN MI IDIOMA;SD;MUSICAL
COLOMBIA;POSPAGO;ACCESS ID;270;MI GENTE 3.0;SD;HOGAR Y VARIEDADES
COLOMBIA;POSPAGO;ACCESS ID;302;ESCUELA+;SD;EDUCATIVO
COLOMBIA;POSPAGO;ACCESS ID;304;CARTOON NETWORK;SD;INFANTIL
COLOMBIA;POSPAGO;ACCESS ID;308;NICKELODEON;SD;INFANTIL
COLOMBIA;POSPAGO;ACCESS ID;309;NICK JR.;SD;INFANTIL
COLOMBIA;POSPAGO;ACCESS ID;312;DISNEY CHANNEL HD;SD;INFANTIL
COLOMBIA;POSPAGO;ACCESS ID;314;DISNEY CHANNEL (MULTI);SD;INFANTIL
COLOMBIA;POSPAGO;ACCESS ID;315;DISNEY JUNIOR;SD;INFANTIL
COLOMBIA;POSPAGO;ACCESS ID;318;PLIM PLIM;SD;INFANTIL
COLOMBIA;POSPAGO;ACCESS ID;330;DISCOVERY KIDS;SD;INFANTIL
COLOMBIA;POSPAGO;ACCESS ID;350;EWTN;SD;RELIGIOSO
COLOMBIA;POSPAGO;ACCESS ID;352;ENLACE;SD;RELIGIOSO
COLOMBIA;POSPAGO;ACCESS ID;353;CRISTOVISIÓN;SD;RELIGIOSO
COLOMBIA;POSPAGO;ACCESS ID;358;DAYSTAR;SD;RELIGIOSO
COLOMBIA;POSPAGO;ACCESS ID;502;TNT;SD;SERIES Y PELICULAS
COLOMBIA;POSPAGO;ACCESS ID;507;CINECANAL;SD;SERIES Y PELICULAS
COLOMBIA;POSPAGO;ACCESS ID;508;STUDIO UNIVERSAL;SD;SERIES Y PELICULAS
COLOMBIA;POSPAGO;ACCESS ID;518;SPACE;SD;SERIES Y PELICULAS
COLOMBIA;POSPAGO;ACCESS ID;610;DSPORTS;SD;DEPORTES
COLOMBIA;POSPAGO;ACCESS ID;612;DSPORTS 2;SD;DEPORTES
COLOMBIA;POSPAGO;ACCESS ID;613;DSPORTS +;SD;DEPORTES
COLOMBIA;POSPAGO;ACCESS ID;621;ESPN;SD;DEPORTES
COLOMBIA;POSPAGO;ACCESS ID;622;ESPN 2 ANDINA;SD;DEPORTES
COLOMBIA;POSPAGO;ACCESS ID;623;ESPN 3;SD;DEPORTES
COLOMBIA;POSPAGO;ACCESS ID;625;ESPN 5;SD;DEPORTES
COLOMBIA;POSPAGO;ACCESS ID;626;ESPN 6;SD;DEPORTES
COLOMBIA;POSPAGO;ACCESS ID;627;ESPN 7;SD;DEPORTES
COLOMBIA;POSPAGO;ACCESS ID;631;DSPORTS RADIO;AUDIO;DEPORTES
COLOMBIA;POSPAGO;ACCESS ID;633;WIN SPORTS;SD;DEPORTES
COLOMBIA;POSPAGO;ACCESS ID;700;D NEWS;SD;NOTICIAS
COLOMBIA;POSPAGO;ACCESS ID;704;CNN EN ESPAÑOL;SD;NOTICIAS
COLOMBIA;POSPAGO;ACCESS ID;716;TODO NOTICIAS;SD;NOTICIAS
COLOMBIA;POSPAGO;ACCESS ID;720;CANAL 26;SD;NOTICIAS
COLOMBIA;POSPAGO;ACCESS ID;726;CANAL RURAL;SD;EDUCATIVO
COLOMBIA;POSPAGO;ACCESS ID;730;NATIONAL GEOGRAPHIC;SD;CIENCIA Y CULTURA
COLOMBIA;POSPAGO;ACCESS ID;732;DISCOVERY;SD;CIENCIA Y CULTURA
COLOMBIA;POSPAGO;ACCESS ID;764;FRANCE 24;SD;NOTICIAS
COLOMBIA;POSPAGO;ACCESS ID;774;TV CHILE INTERNACIONAL;SD;NACIONAL
COLOMBIA;POSPAGO;ACCESS ID;784;EL TRECE;SD;NACIONAL
COLOMBIA;POSPAGO;ACCESS ID;786;TELEFÉ;SD;NACIONAL
COLOMBIA;POSPAGO;ACCESS ID;790;CGTN;SD;NOTICIAS
COLOMBIA;POSPAGO;ACCESS ID;980;UNIÓN RADIO NOTICIAS;AUDIO;AUDIO
COLOMBIA;POSPAGO;ACCESS ID;982;RADIO CARACOL;AUDIO;AUDIO
COLOMBIA;POSPAGO;ACCESS ID;984;RADIO FRANCE INTERNACIONAL;AUDIO;AUDIO
COLOMBIA;POSPAGO;ACCESS ID;991;LA FM PLUS;AUDIO;AUDIO
COLOMBIA;POSPAGO;ACCESS ID;992;ALERTA BOGOTÁ;AUDIO;NOTICIAS
COLOMBIA;POSPAGO;ACCESS ID;993;LA W RADIO;AUDIO;AUDIO
COLOMBIA;POSPAGO;ACCESS ID;1127;DSHOW;SD;HOGAR Y VARIEDADES
COLOMBIA;POSPAGO;ACCESS ID;1130;RCN;HD;NACIONAL
COLOMBIA;POSPAGO;ACCESS ID;1132;CARACOL;HD;NACIONAL
COLOMBIA;POSPAGO;ACCESS ID;1136;CANAL UNO;HD;NACIONAL
COLOMBIA;POSPAGO;ACCESS ID;1137;SEÑAL COLOMBIA;HD;EDUCATIVO
COLOMBIA;POSPAGO;ACCESS ID;1138;SEÑAL INSTITUCIONAL;HD;INFORMATIVO
COLOMBIA;POSPAGO;ACCESS ID;1140;TELEANTIOQUIA;HD;NACIONAL
COLOMBIA;POSPAGO;ACCESS ID;1141;TELEPACIFICO;HD;NACIONAL
COLOMBIA;POSPAGO;ACCESS ID;1142;TELECAFE;HD;NACIONAL
COLOMBIA;POSPAGO;ACCESS ID;1147;CABLE NOTICIAS;HD;NOTICIAS
COLOMBIA;POSPAGO;ACCESS ID;1204;STAR CHANNEL;HD;SERIES Y PELICULAS
COLOMBIA;POSPAGO;ACCESS ID;1206;WARNER;HD;SERIES Y PELICULAS
COLOMBIA;POSPAGO;ACCESS ID;1207;A&E;HD;SERIES Y PELICULAS
COLOMBIA;POSPAGO;ACCESS ID;1208;SONY;HD;SERIES Y PELICULAS
COLOMBIA;POSPAGO;ACCESS ID;1217;FX;HD;SERIES Y PELICULAS
COLOMBIA;POSPAGO;ACCESS ID;1218;UNIVERSAL;HD;SERIES Y PELICULAS
COLOMBIA;POSPAGO;ACCESS ID;1221;¡HOLA! TV;HD;HOGAR Y VARIEDADES
COLOMBIA;POSPAGO;ACCESS ID;1222;E!;HD;HOGAR Y VARIEDADES
COLOMBIA;POSPAGO;ACCESS ID;1223;ID HD;HD;CIENCIA Y CULTURA
COLOMBIA;POSPAGO;ACCESS ID;1229;DISCOVERY HOME & HEALTH;HD;HOGAR Y VARIEDADES
COLOMBIA;POSPAGO;ACCESS ID;1232;EL GOURMET;HD;GASTRONÓMICO
COLOMBIA;POSPAGO;ACCESS ID;1236;VEPLUS;HD;HOGAR Y VARIEDADES
COLOMBIA;POSPAGO;ACCESS ID;1264;MTV;HD;MUSICAL
COLOMBIA;POSPAGO;ACCESS ID;1265;MUSIC TOP;HD;MUSICAL
COLOMBIA;POSPAGO;ACCESS ID;1266;TIERRA MIA;HD;CIENCIA Y CULTURA
COLOMBIA;POSPAGO;ACCESS ID;1270;LATINA TV;HD;NACIONAL
COLOMBIA;POSPAGO;ACCESS ID;1302;ESCUELA+;HD;EDUCATIVO
COLOMBIA;POSPAGO;ACCESS ID;1304;CARTOON NETWORK;HD;INFANTIL
COLOMBIA;POSPAGO;ACCESS ID;1308;NICKELODEON;HD;INFANTIL
COLOMBIA;POSPAGO;ACCESS ID;1312;DISNEY CHANNEL;HD;INFANTIL
COLOMBIA;POSPAGO;ACCESS ID;1315;DISNEY JUNIOR;HD;INFANTIL
COLOMBIA;POSPAGO;ACCESS ID;1318;PLIM PLIM;HD;INFANTIL
COLOMBIA;POSPAGO;ACCESS ID;1330;DISCOVERY KIDS;HD;INFANTIL
COLOMBIA;POSPAGO;ACCESS ID;1502;TNT;HD;SERIES Y PELICULAS
COLOMBIA;POSPAGO;ACCESS ID;1507;CINECANAL;HD;SERIES Y PELICULAS
COLOMBIA;POSPAGO;ACCESS ID;1508;STUDIO UNIVERSAL;HD;SERIES Y PELICULAS
COLOMBIA;POSPAGO;ACCESS ID;1518;SPACE;HD;SERIES Y PELICULAS
COLOMBIA;POSPAGO;ACCESS ID;1610;DSPORTS;HD;DEPORTES
COLOMBIA;POSPAGO;ACCESS ID;1612;DSPORTS 2;HD;DEPORTES
COLOMBIA;POSPAGO;ACCESS ID;1613;DSPORTS +;HD;DEPORTES
COLOMBIA;POSPAGO;ACCESS ID;1621;ESPN;HD;DEPORTES
COLOMBIA;POSPAGO;ACCESS ID;1622;ESPN 2;HD;DEPORTES
COLOMBIA;POSPAGO;ACCESS ID;1623;ESPN 3;HD;DEPORTES
COLOMBIA;POSPAGO;ACCESS ID;1625;ESPN 5;HD;DEPORTES
COLOMBIA;POSPAGO;ACCESS ID;1626;ESPN 6;HD;DEPORTES
COLOMBIA;POSPAGO;ACCESS ID;1627;ESPN 7;HD;DEPORTES
COLOMBIA;POSPAGO;ACCESS ID;1633;WIN SPORTS;HD;DEPORTES
COLOMBIA;POSPAGO;ACCESS ID;1700;D NEWS;HD;NOTICIAS
COLOMBIA;POSPAGO;ACCESS ID;1730;NATIONAL GEOGRAPHIC;HD;CIENCIA Y CULTURA
COLOMBIA;POSPAGO;ACCESS ID;1732;DISCOVERY;HD;CIENCIA Y CULTURA
COLOMBIA;POSPAGO;ACCESS ID;1764;FRANCE 24;HD;NOTICIAS
COLOMBIA;POSPAGO;ACCESS ID;N/A;AMAZON PRIME;DIGITAL PREMIUM;AMAZON
COLOMBIA;POSPAGO;ACCESS+;117;TV FAMILIA;SD;RELIGIOSO
COLOMBIA;POSPAGO;ACCESS+;127;DSHOW;SD;HOGAR Y VARIEDADES
COLOMBIA;POSPAGO;ACCESS+;130;RCN;SD;NACIONAL
COLOMBIA;POSPAGO;ACCESS+;132;CARACOL;SD;NACIONAL
COLOMBIA;POSPAGO;ACCESS+;133;CITY TV;SD;NACIONAL
COLOMBIA;POSPAGO;ACCESS+;134;CARACOL INTERNACIONAL;SD;NACIONAL
COLOMBIA;POSPAGO;ACCESS+;135;RCN NUESTRA TELE;SD;NACIONAL
COLOMBIA;POSPAGO;ACCESS+;136;CANAL UNO;SD;NACIONAL
COLOMBIA;POSPAGO;ACCESS+;137;SEÑAL COLOMBIA;SD;EDUCATIVO
COLOMBIA;POSPAGO;ACCESS+;138;SEÑAL INSTITUCIONAL;SD;INFORMATIVO
COLOMBIA;POSPAGO;ACCESS+;139;CANAL CONGRESO;SD;INFORMATIVO
COLOMBIA;POSPAGO;ACCESS+;140;TELEANTIOQUIA;SD;NACIONAL
COLOMBIA;POSPAGO;ACCESS+;141;TELEPACIFICO;SD;NACIONAL
COLOMBIA;POSPAGO;ACCESS+;142;TELECAFE;SD;NACIONAL
COLOMBIA;POSPAGO;ACCESS+;143;CANAL CAPITAL;SD;NACIONAL
COLOMBIA;POSPAGO;ACCESS+;144;TELECAFE;SD;NACIONAL
COLOMBIA;POSPAGO;ACCESS+;145;NTN 24;SD;NOTICIAS
COLOMBIA;POSPAGO;ACCESS+;146;EL TIEMPO;SD;NOTICIAS
COLOMBIA;POSPAGO;ACCESS+;147;CABLE NOTICIAS;SD;NOTICIAS
COLOMBIA;POSPAGO;ACCESS+;148;TRO;SD;NACIONAL
COLOMBIA;POSPAGO;ACCESS+;149;TRECE;SD;NACIONAL
COLOMBIA;POSPAGO;ACCESS+;150;TELE ISLAS;SD;NACIONAL
COLOMBIA;POSPAGO;ACCESS+;151;TELEMEDELLIN;SD;NACIONAL
COLOMBIA;POSPAGO;ACCESS+;152;TV AGRO;SD;EDUCATIVO
COLOMBIA;POSPAGO;ACCESS+;202;STAR CHANNEL;SD;SERIES Y PELICULAS
COLOMBIA;POSPAGO;ACCESS+;204;STAR CHANNEL HD;SD;SERIES Y PELICULAS
COLOMBIA;POSPAGO;ACCESS+;206;WARNER;SD;SERIES Y PELICULAS
COLOMBIA;POSPAGO;ACCESS+;207;A&E;SD;SERIES Y PELICULAS
COLOMBIA;POSPAGO;ACCESS+;208;SONY;SD;SERIES Y PELICULAS
COLOMBIA;POSPAGO;ACCESS+;217;FX;SD;SERIES Y PELICULAS
COLOMBIA;POSPAGO;ACCESS+;218;UNIVERSAL;SD;SERIES Y PELICULAS
COLOMBIA;POSPAGO;ACCESS+;221;¡HOLA! TV;SD;HOGAR Y VARIEDADES
COLOMBIA;POSPAGO;ACCESS+;222;E!;SD;HOGAR Y VARIEDADES
COLOMBIA;POSPAGO;ACCESS+;223;ID;SD;CIENCIA Y CULTURA
COLOMBIA;POSPAGO;ACCESS+;226;CANAL DE LAS ESTRELLAS;SD;NACIONAL
COLOMBIA;POSPAGO;ACCESS+;227;TL NOVELAS;SD;TELENOVELAS
COLOMBIA;POSPAGO;ACCESS+;229;DISCOVERY HOME & HEALTH;SD;HOGAR Y VARIEDADES
COLOMBIA;POSPAGO;ACCESS+;230;AMC SERIES;SD;SERIES Y PELICULAS
COLOMBIA;POSPAGO;ACCESS+;231;TELEMUNDO;SD;TELENOVELAS
COLOMBIA;POSPAGO;ACCESS+;232;EL GOURMET;SD;GASTRONÓMICO
COLOMBIA;POSPAGO;ACCESS+;264;MTV;SD;MUSICAL
COLOMBIA;POSPAGO;ACCESS+;269;QUIERO MÚSICA EN MI IDIOMA;SD;MUSICAL
COLOMBIA;POSPAGO;ACCESS+;270;MI GENTE 3.0;SD;HOGAR Y VARIEDADES
COLOMBIA;POSPAGO;ACCESS+;302;ESCUELA+;SD;EDUCATIVO
COLOMBIA;POSPAGO;ACCESS+;304;CARTOON NETWORK;SD;INFANTIL
COLOMBIA;POSPAGO;ACCESS+;308;NICKELODEON;SD;INFANTIL
COLOMBIA;POSPAGO;ACCESS+;309;NICK JR.;SD;INFANTIL
COLOMBIA;POSPAGO;ACCESS+;312;DISNEY CHANNEL HD;SD;INFANTIL
COLOMBIA;POSPAGO;ACCESS+;314;DISNEY CHANNEL (MULTI);SD;INFANTIL
COLOMBIA;POSPAGO;ACCESS+;315;DISNEY JUNIOR;SD;INFANTIL
COLOMBIA;POSPAGO;ACCESS+;318;PLIM PLIM;SD;INFANTIL
COLOMBIA;POSPAGO;ACCESS+;330;DISCOVERY KIDS;SD;INFANTIL
COLOMBIA;POSPAGO;ACCESS+;350;EWTN;SD;RELIGIOSO
COLOMBIA;POSPAGO;ACCESS+;352;ENLACE;SD;RELIGIOSO
COLOMBIA;POSPAGO;ACCESS+;353;CRISTOVISIÓN;SD;RELIGIOSO
COLOMBIA;POSPAGO;ACCESS+;358;DAYSTAR;SD;RELIGIOSO
COLOMBIA;POSPAGO;ACCESS+;502;TNT;SD;SERIES Y PELICULAS
COLOMBIA;POSPAGO;ACCESS+;507;CINECANAL;SD;SERIES Y PELICULAS
COLOMBIA;POSPAGO;ACCESS+;508;STUDIO UNIVERSAL;SD;SERIES Y PELICULAS
COLOMBIA;POSPAGO;ACCESS+;518;SPACE;SD;SERIES Y PELICULAS
COLOMBIA;POSPAGO;ACCESS+;610;DSPORTS;SD;DEPORTES
COLOMBIA;POSPAGO;ACCESS+;612;DSPORTS 2;SD;DEPORTES
COLOMBIA;POSPAGO;ACCESS+;613;DSPORTS +;SD;DEPORTES
COLOMBIA;POSPAGO;ACCESS+;621;ESPN;SD;DEPORTES
COLOMBIA;POSPAGO;ACCESS+;622;ESPN 2 ANDINA;SD;DEPORTES
COLOMBIA;POSPAGO;ACCESS+;623;ESPN 3;SD;DEPORTES
COLOMBIA;POSPAGO;ACCESS+;625;ESPN 5;SD;DEPORTES
COLOMBIA;POSPAGO;ACCESS+;626;ESPN 6;SD;DEPORTES
COLOMBIA;POSPAGO;ACCESS+;627;ESPN 7;SD;DEPORTES
COLOMBIA;POSPAGO;ACCESS+;631;DSPORTS RADIO;AUDIO;DEPORTES
COLOMBIA;POSPAGO;ACCESS+;633;WIN SPORTS;SD;DEPORTES
COLOMBIA;POSPAGO;ACCESS+;700;D NEWS;SD;NOTICIAS
COLOMBIA;POSPAGO;ACCESS+;704;CNN EN ESPAÑOL;SD;NOTICIAS
COLOMBIA;POSPAGO;ACCESS+;716;TODO NOTICIAS;SD;NOTICIAS
COLOMBIA;POSPAGO;ACCESS+;720;CANAL 26;SD;NOTICIAS
COLOMBIA;POSPAGO;ACCESS+;726;CANAL RURAL;SD;EDUCATIVO
COLOMBIA;POSPAGO;ACCESS+;730;NATIONAL GEOGRAPHIC;SD;CIENCIA Y CULTURA
COLOMBIA;POSPAGO;ACCESS+;732;DISCOVERY;SD;CIENCIA Y CULTURA
COLOMBIA;POSPAGO;ACCESS+;764;FRANCE 24;SD;NOTICIAS
COLOMBIA;POSPAGO;ACCESS+;774;TV CHILE INTERNACIONAL;SD;NACIONAL
COLOMBIA;POSPAGO;ACCESS+;784;EL TRECE;SD;NACIONAL
COLOMBIA;POSPAGO;ACCESS+;786;TELEFÉ;SD;NACIONAL
COLOMBIA;POSPAGO;ACCESS+;790;CGTN;SD;NOTICIAS
COLOMBIA;POSPAGO;ACCESS+;980;UNIÓN RADIO NOTICIAS;AUDIO;AUDIO
COLOMBIA;POSPAGO;ACCESS+;982;RADIO CARACOL;AUDIO;AUDIO
COLOMBIA;POSPAGO;ACCESS+;984;RADIO FRANCE INTERNACIONAL;AUDIO;AUDIO
COLOMBIA;POSPAGO;ACCESS+;991;LA FM PLUS;AUDIO;AUDIO
COLOMBIA;POSPAGO;ACCESS+;992;ALERTA BOGOTÁ;AUDIO;NOTICIAS
COLOMBIA;POSPAGO;ACCESS+;993;LA W RADIO;AUDIO;AUDIO
COLOMBIA;POSPAGO;ACCESS+;1127;DSHOW;SD;HOGAR Y VARIEDADES
COLOMBIA;POSPAGO;ACCESS+;1130;RCN;HD;NACIONAL
COLOMBIA;POSPAGO;ACCESS+;1132;CARACOL;HD;NACIONAL
COLOMBIA;POSPAGO;ACCESS+;1136;CANAL UNO;HD;NACIONAL
COLOMBIA;POSPAGO;ACCESS+;1137;SEÑAL COLOMBIA;HD;EDUCATIVO
COLOMBIA;POSPAGO;ACCESS+;1138;SEÑAL INSTITUCIONAL;HD;INFORMATIVO
COLOMBIA;POSPAGO;ACCESS+;1140;TELEANTIOQUIA;HD;NACIONAL
COLOMBIA;POSPAGO;ACCESS+;1141;TELEPACIFICO;HD;NACIONAL
COLOMBIA;POSPAGO;ACCESS+;1142;TELECAFE;HD;NACIONAL
COLOMBIA;POSPAGO;ACCESS+;1147;CABLE NOTICIAS;HD;NOTICIAS
COLOMBIA;POSPAGO;ACCESS+;1204;STAR CHANNEL;HD;SERIES Y PELICULAS
COLOMBIA;POSPAGO;ACCESS+;1206;WARNER;HD;SERIES Y PELICULAS
COLOMBIA;POSPAGO;ACCESS+;1207;A&E;HD;SERIES Y PELICULAS
COLOMBIA;POSPAGO;ACCESS+;1208;SONY;HD;SERIES Y PELICULAS
COLOMBIA;POSPAGO;ACCESS+;1217;FX;HD;SERIES Y PELICULAS
COLOMBIA;POSPAGO;ACCESS+;1218;UNIVERSAL;HD;SERIES Y PELICULAS
COLOMBIA;POSPAGO;ACCESS+;1221;¡HOLA! TV;HD;HOGAR Y VARIEDADES
COLOMBIA;POSPAGO;ACCESS+;1222;E!;HD;HOGAR Y VARIEDADES
COLOMBIA;POSPAGO;ACCESS+;1223;ID HD;HD;CIENCIA Y CULTURA
COLOMBIA;POSPAGO;ACCESS+;1229;DISCOVERY HOME & HEALTH;HD;HOGAR Y VARIEDADES
COLOMBIA;POSPAGO;ACCESS+;1232;EL GOURMET;HD;GASTRONÓMICO
COLOMBIA;POSPAGO;ACCESS+;1236;VEPLUS;HD;HOGAR Y VARIEDADES
COLOMBIA;POSPAGO;ACCESS+;1264;MTV;HD;MUSICAL
COLOMBIA;POSPAGO;ACCESS+;1265;MUSIC TOP;HD;MUSICAL
COLOMBIA;POSPAGO;ACCESS+;1266;TIERRA MIA;HD;CIENCIA Y CULTURA
COLOMBIA;POSPAGO;ACCESS+;1270;LATINA TV;HD;NACIONAL
COLOMBIA;POSPAGO;ACCESS+;1302;ESCUELA+;HD;EDUCATIVO
COLOMBIA;POSPAGO;ACCESS+;1304;CARTOON NETWORK;HD;INFANTIL
COLOMBIA;POSPAGO;ACCESS+;1308;NICKELODEON;HD;INFANTIL
COLOMBIA;POSPAGO;ACCESS+;1312;DISNEY CHANNEL;HD;INFANTIL
COLOMBIA;POSPAGO;ACCESS+;1315;DISNEY JUNIOR;HD;INFANTIL
COLOMBIA;POSPAGO;ACCESS+;1318;PLIM PLIM;HD;INFANTIL
COLOMBIA;POSPAGO;ACCESS+;1330;DISCOVERY KIDS;HD;INFANTIL
COLOMBIA;POSPAGO;ACCESS+;1502;TNT;HD;SERIES Y PELICULAS
COLOMBIA;POSPAGO;ACCESS+;1507;CINECANAL;HD;SERIES Y PELICULAS
COLOMBIA;POSPAGO;ACCESS+;1508;STUDIO UNIVERSAL;HD;SERIES Y PELICULAS
COLOMBIA;POSPAGO;ACCESS+;1518;SPACE;HD;SERIES Y PELICULAS
COLOMBIA;POSPAGO;ACCESS+;1610;DSPORTS;HD;DEPORTES
COLOMBIA;POSPAGO;ACCESS+;1612;DSPORTS 2;HD;DEPORTES
COLOMBIA;POSPAGO;ACCESS+;1613;DSPORTS +;HD;DEPORTES
COLOMBIA;POSPAGO;ACCESS+;1621;ESPN;HD;DEPORTES
COLOMBIA;POSPAGO;ACCESS+;1622;ESPN 2;HD;DEPORTES
COLOMBIA;POSPAGO;ACCESS+;1623;ESPN 3;HD;DEPORTES
COLOMBIA;POSPAGO;ACCESS+;1625;ESPN 5;HD;DEPORTES
COLOMBIA;POSPAGO;ACCESS+;1626;ESPN 6;HD;DEPORTES
COLOMBIA;POSPAGO;ACCESS+;1627;ESPN 7;HD;DEPORTES
COLOMBIA;POSPAGO;ACCESS+;1633;WIN SPORTS;HD;DEPORTES
COLOMBIA;POSPAGO;ACCESS+;1700;D NEWS;HD;NOTICIAS
COLOMBIA;POSPAGO;ACCESS+;1730;NATIONAL GEOGRAPHIC;HD;CIENCIA Y CULTURA
COLOMBIA;POSPAGO;ACCESS+;1732;DISCOVERY;HD;CIENCIA Y CULTURA
COLOMBIA;POSPAGO;ACCESS+;1764;FRANCE 24;HD;NOTICIAS
COLOMBIA;POSPAGO;ACCESS+;N/A;AMAZON PRIME;DIGITAL PREMIUM;AMAZON
COLOMBIA;POSPAGO;BRONCE;117;TV FAMILIA;SD;RELIGIOSO
COLOMBIA;POSPAGO;BRONCE;127;DSHOW;SD;HOGAR Y VARIEDADES
COLOMBIA;POSPAGO;BRONCE;130;RCN;SD;NACIONAL
COLOMBIA;POSPAGO;BRONCE;132;CARACOL;SD;NACIONAL
COLOMBIA;POSPAGO;BRONCE;133;CITY TV;SD;NACIONAL
COLOMBIA;POSPAGO;BRONCE;134;CARACOL INTERNACIONAL;SD;NACIONAL
COLOMBIA;POSPAGO;BRONCE;135;RCN NUESTRA TELE;SD;NACIONAL
COLOMBIA;POSPAGO;BRONCE;136;CANAL UNO;SD;NACIONAL
COLOMBIA;POSPAGO;BRONCE;137;SEÑAL COLOMBIA;SD;EDUCATIVO
COLOMBIA;POSPAGO;BRONCE;138;SEÑAL INSTITUCIONAL;SD;INFORMATIVO
COLOMBIA;POSPAGO;BRONCE;139;CANAL CONGRESO;SD;INFORMATIVO
COLOMBIA;POSPAGO;BRONCE;140;TELEANTIOQUIA;SD;NACIONAL
COLOMBIA;POSPAGO;BRONCE;141;TELEPACIFICO;SD;NACIONAL
COLOMBIA;POSPAGO;BRONCE;142;TELECAFE;SD;NACIONAL
COLOMBIA;POSPAGO;BRONCE;143;CANAL CAPITAL;SD;NACIONAL
COLOMBIA;POSPAGO;BRONCE;144;TELECAFE;SD;NACIONAL
COLOMBIA;POSPAGO;BRONCE;145;NTN 24;SD;NOTICIAS
COLOMBIA;POSPAGO;BRONCE;146;EL TIEMPO;SD;NOTICIAS
COLOMBIA;POSPAGO;BRONCE;147;CABLE NOTICIAS;SD;NOTICIAS
COLOMBIA;POSPAGO;BRONCE;148;TRO;SD;NACIONAL
COLOMBIA;POSPAGO;BRONCE;149;TRECE;SD;NACIONAL
COLOMBIA;POSPAGO;BRONCE;150;TELE ISLAS;SD;NACIONAL
COLOMBIA;POSPAGO;BRONCE;151;TELEMEDELLIN;SD;NACIONAL
COLOMBIA;POSPAGO;BRONCE;152;TV AGRO;SD;EDUCATIVO
COLOMBIA;POSPAGO;BRONCE;202;STAR CHANNEL;SD;SERIES Y PELICULAS
COLOMBIA;POSPAGO;BRONCE;206;WARNER;SD;SERIES Y PELICULAS
COLOMBIA;POSPAGO;BRONCE;207;A&E;SD;SERIES Y PELICULAS
COLOMBIA;POSPAGO;BRONCE;208;SONY;SD;SERIES Y PELICULAS
COLOMBIA;POSPAGO;BRONCE;209;AXN HD;SD;SERIES Y PELICULAS
COLOMBIA;POSPAGO;BRONCE;214;ATRES SERIES;SD;SERIES Y PELICULAS
COLOMBIA;POSPAGO;BRONCE;217;FX;SD;SERIES Y PELICULAS
COLOMBIA;POSPAGO;BRONCE;218;UNIVERSAL;SD;SERIES Y PELICULAS
COLOMBIA;POSPAGO;BRONCE;221;¡HOLA! TV;SD;HOGAR Y VARIEDADES
COLOMBIA;POSPAGO;BRONCE;222;E!;SD;HOGAR Y VARIEDADES
COLOMBIA;POSPAGO;BRONCE;223;ID;SD;CIENCIA Y CULTURA
COLOMBIA;POSPAGO;BRONCE;226;CANAL DE LAS ESTRELLAS;SD;NACIONAL
COLOMBIA;POSPAGO;BRONCE;227;TL NOVELAS;SD;TELENOVELAS
COLOMBIA;POSPAGO;BRONCE;229;DISCOVERY HOME & HEALTH;SD;HOGAR Y VARIEDADES
COLOMBIA;POSPAGO;BRONCE;230;AMC SERIES;SD;SERIES Y PELICULAS
COLOMBIA;POSPAGO;BRONCE;231;TELEMUNDO;SD;TELENOVELAS
COLOMBIA;POSPAGO;BRONCE;232;EL GOURMET;SD;GASTRONÓMICO
COLOMBIA;POSPAGO;BRONCE;264;MTV;SD;MUSICAL
COLOMBIA;POSPAGO;BRONCE;269;QUIERO MÚSICA EN MI IDIOMA;SD;MUSICAL
COLOMBIA;POSPAGO;BRONCE;270;MI GENTE 3.0;SD;HOGAR Y VARIEDADES
COLOMBIA;POSPAGO;BRONCE;302;ESCUELA+;SD;EDUCATIVO
COLOMBIA;POSPAGO;BRONCE;304;CARTOON NETWORK;SD;INFANTIL
COLOMBIA;POSPAGO;BRONCE;308;NICKELODEON;SD;INFANTIL
COLOMBIA;POSPAGO;BRONCE;309;NICK JR.;SD;INFANTIL
COLOMBIA;POSPAGO;BRONCE;314;DISNEY CHANNEL (MULTI);SD;INFANTIL
COLOMBIA;POSPAGO;BRONCE;315;DISNEY JUNIOR;SD;INFANTIL
COLOMBIA;POSPAGO;BRONCE;318;PLIM PLIM;SD;INFANTIL
COLOMBIA;POSPAGO;BRONCE;330;DISCOVERY KIDS;SD;INFANTIL
COLOMBIA;POSPAGO;BRONCE;334;CARTOONITO;SD;INFANTIL
COLOMBIA;POSPAGO;BRONCE;350;EWTN;SD;RELIGIOSO
COLOMBIA;POSPAGO;BRONCE;351;ORBE 21;SD;RELIGIOSO
COLOMBIA;POSPAGO;BRONCE;352;ENLACE;SD;RELIGIOSO
COLOMBIA;POSPAGO;BRONCE;353;CRISTOVISIÓN;SD;RELIGIOSO
COLOMBIA;POSPAGO;BRONCE;358;DAYSTAR;SD;RELIGIOSO
COLOMBIA;POSPAGO;BRONCE;502;TNT;SD;SERIES Y PELICULAS
COLOMBIA;POSPAGO;BRONCE;503;GOLDEN;SD;SERIES Y PELICULAS
COLOMBIA;POSPAGO;BRONCE;507;CINECANAL;SD;SERIES Y PELICULAS
COLOMBIA;POSPAGO;BRONCE;508;STUDIO UNIVERSAL;SD;SERIES Y PELICULAS
COLOMBIA;POSPAGO;BRONCE;509;CINEMAX;SD;SERIES Y PELICULAS
COLOMBIA;POSPAGO;BRONCE;510;MÓRBIDO TV;SD;SERIES Y PELICULAS
COLOMBIA;POSPAGO;BRONCE;516;DE PELÍCULA;SD;SERIES Y PELICULAS
COLOMBIA;POSPAGO;BRONCE;518;SPACE;SD;SERIES Y PELICULAS
COLOMBIA;POSPAGO;BRONCE;610;DSPORTS;SD;DEPORTES
COLOMBIA;POSPAGO;BRONCE;612;DSPORTS 2;SD;DEPORTES
COLOMBIA;POSPAGO;BRONCE;613;DSPORTS +;SD;DEPORTES
COLOMBIA;POSPAGO;BRONCE;621;ESPN;SD;DEPORTES
COLOMBIA;POSPAGO;BRONCE;622;ESPN 2 ANDINA;SD;DEPORTES
COLOMBIA;POSPAGO;BRONCE;623;ESPN 3;SD;DEPORTES
COLOMBIA;POSPAGO;BRONCE;625;ESPN 5;SD;DEPORTES
COLOMBIA;POSPAGO;BRONCE;626;ESPN 6;SD;DEPORTES
COLOMBIA;POSPAGO;BRONCE;627;ESPN 7;SD;DEPORTES
COLOMBIA;POSPAGO;BRONCE;631;DSPORTS RADIO;AUDIO;DEPORTES
COLOMBIA;POSPAGO;BRONCE;633;WIN SPORTS;SD;DEPORTES
COLOMBIA;POSPAGO;BRONCE;700;D NEWS;SD;NOTICIAS
COLOMBIA;POSPAGO;BRONCE;704;CNN EN ESPAÑOL;SD;NOTICIAS
COLOMBIA;POSPAGO;BRONCE;716;TODO NOTICIAS;SD;NOTICIAS
COLOMBIA;POSPAGO;BRONCE;720;CANAL 26;SD;NOTICIAS
COLOMBIA;POSPAGO;BRONCE;726;CANAL RURAL;SD;EDUCATIVO
COLOMBIA;POSPAGO;BRONCE;730;NATIONAL GEOGRAPHIC;SD;CIENCIA Y CULTURA
COLOMBIA;POSPAGO;BRONCE;732;DISCOVERY;SD;CIENCIA Y CULTURA
COLOMBIA;POSPAGO;BRONCE;742;HISTORY;SD;CIENCIA Y CULTURA
COLOMBIA;POSPAGO;BRONCE;764;FRANCE 24;SD;NOTICIAS
COLOMBIA;POSPAGO;BRONCE;774;TV CHILE INTERNACIONAL;SD;NACIONAL
COLOMBIA;POSPAGO;BRONCE;784;EL TRECE;SD;NACIONAL
COLOMBIA;POSPAGO;BRONCE;786;TELEFÉ;SD;NACIONAL
COLOMBIA;POSPAGO;BRONCE;790;CGTN;SD;NOTICIAS
COLOMBIA;POSPAGO;BRONCE;980;UNIÓN RADIO NOTICIAS;AUDIO;AUDIO
COLOMBIA;POSPAGO;BRONCE;982;RADIO CARACOL;AUDIO;AUDIO
COLOMBIA;POSPAGO;BRONCE;984;RADIO FRANCE INTERNACIONAL;AUDIO;AUDIO
COLOMBIA;POSPAGO;BRONCE;991;LA FM PLUS;AUDIO;AUDIO
COLOMBIA;POSPAGO;BRONCE;992;ALERTA BOGOTÁ;AUDIO;NOTICIAS
COLOMBIA;POSPAGO;BRONCE;993;LA W RADIO;AUDIO;AUDIO
COLOMBIA;POSPAGO;BRONCE;1127;DSHOW;SD;HOGAR Y VARIEDADES
COLOMBIA;POSPAGO;BRONCE;1147;CABLE NOTICIAS;HD;NOTICIAS
COLOMBIA;POSPAGO;BRONCE;1217;FX;HD;SERIES Y PELICULAS
COLOMBIA;POSPAGO;BRONCE;1222;E!;HD;HOGAR Y VARIEDADES
COLOMBIA;POSPAGO;BRONCE;1265;MUSIC TOP;HD;MUSICAL
COLOMBIA;POSPAGO;BRONCE;1270;LATINA TV;HD;NACIONAL
COLOMBIA;POSPAGO;BRONCE;1302;ESCUELA+;HD;EDUCATIVO
COLOMBIA;POSPAGO;BRONCE;1318;PLIM PLIM;HD;INFANTIL
COLOMBIA;POSPAGO;BRONCE;1623;ESPN 3;HD;DEPORTES
COLOMBIA;POSPAGO;BRONCE;1700;D NEWS;HD;NOTICIAS
COLOMBIA;POSPAGO;BRONCE;N/A;AMAZON PRIME;DIGITAL PREMIUM;AMAZON
COLOMBIA;POSPAGO;BRONCE DIGITAL;117;TV FAMILIA;SD;RELIGIOSO
COLOMBIA;POSPAGO;BRONCE DIGITAL;127;DSHOW;SD;HOGAR Y VARIEDADES
COLOMBIA;POSPAGO;BRONCE DIGITAL;130;RCN;SD;NACIONAL
COLOMBIA;POSPAGO;BRONCE DIGITAL;132;CARACOL;SD;NACIONAL
COLOMBIA;POSPAGO;BRONCE DIGITAL;133;CITY TV;SD;NACIONAL
COLOMBIA;POSPAGO;BRONCE DIGITAL;134;CARACOL INTERNACIONAL;SD;NACIONAL
COLOMBIA;POSPAGO;BRONCE DIGITAL;135;RCN NUESTRA TELE;SD;NACIONAL
COLOMBIA;POSPAGO;BRONCE DIGITAL;136;CANAL UNO;SD;NACIONAL
COLOMBIA;POSPAGO;BRONCE DIGITAL;137;SEÑAL COLOMBIA;SD;EDUCATIVO
COLOMBIA;POSPAGO;BRONCE DIGITAL;138;SEÑAL INSTITUCIONAL;SD;INFORMATIVO
COLOMBIA;POSPAGO;BRONCE DIGITAL;139;CANAL CONGRESO;SD;INFORMATIVO
COLOMBIA;POSPAGO;BRONCE DIGITAL;140;TELEANTIOQUIA;SD;NACIONAL
COLOMBIA;POSPAGO;BRONCE DIGITAL;141;TELEPACIFICO;SD;NACIONAL
COLOMBIA;POSPAGO;BRONCE DIGITAL;142;TELECAFE;SD;NACIONAL
COLOMBIA;POSPAGO;BRONCE DIGITAL;143;CANAL CAPITAL;SD;NACIONAL
COLOMBIA;POSPAGO;BRONCE DIGITAL;144;TELECAFE;SD;NACIONAL
COLOMBIA;POSPAGO;BRONCE DIGITAL;145;NTN 24;SD;NOTICIAS
COLOMBIA;POSPAGO;BRONCE DIGITAL;146;EL TIEMPO;SD;NOTICIAS
COLOMBIA;POSPAGO;BRONCE DIGITAL;147;CABLE NOTICIAS;SD;NOTICIAS
COLOMBIA;POSPAGO;BRONCE DIGITAL;202;STAR CHANNEL;SD;SERIES Y PELICULAS
COLOMBIA;POSPAGO;BRONCE DIGITAL;206;WARNER;SD;SERIES Y PELICULAS
COLOMBIA;POSPAGO;BRONCE DIGITAL;207;A&E;SD;SERIES Y PELICULAS
COLOMBIA;POSPAGO;BRONCE DIGITAL;208;SONY;SD;SERIES Y PELICULAS
COLOMBIA;POSPAGO;BRONCE DIGITAL;209;AXN HD;SD;SERIES Y PELICULAS
COLOMBIA;POSPAGO;BRONCE DIGITAL;217;FX;SD;SERIES Y PELICULAS
COLOMBIA;POSPAGO;BRONCE DIGITAL;218;UNIVERSAL;SD;SERIES Y PELICULAS
COLOMBIA;POSPAGO;BRONCE DIGITAL;221;¡HOLA! TV;SD;HOGAR Y VARIEDADES
COLOMBIA;POSPAGO;BRONCE DIGITAL;222;E!;SD;HOGAR Y VARIEDADES
COLOMBIA;POSPAGO;BRONCE DIGITAL;223;ID;SD;CIENCIA Y CULTURA
COLOMBIA;POSPAGO;BRONCE DIGITAL;226;CANAL DE LAS ESTRELLAS;SD;NACIONAL
COLOMBIA;POSPAGO;BRONCE DIGITAL;227;TL NOVELAS;SD;TELENOVELAS
COLOMBIA;POSPAGO;BRONCE DIGITAL;229;DISCOVERY HOME & HEALTH;SD;HOGAR Y VARIEDADES
COLOMBIA;POSPAGO;BRONCE DIGITAL;230;AMC SERIES;SD;SERIES Y PELICULAS
COLOMBIA;POSPAGO;BRONCE DIGITAL;231;TELEMUNDO;SD;TELENOVELAS
COLOMBIA;POSPAGO;BRONCE DIGITAL;232;EL GOURMET;SD;GASTRONÓMICO
COLOMBIA;POSPAGO;BRONCE DIGITAL;233;FOOD NETWORK;SD;GASTRONÓMICO
COLOMBIA;POSPAGO;BRONCE DIGITAL;264;MTV;SD;MUSICAL
COLOMBIA;POSPAGO;BRONCE DIGITAL;269;QUIERO MÚSICA EN MI IDIOMA;SD;MUSICAL
COLOMBIA;POSPAGO;BRONCE DIGITAL;270;MI GENTE 3.0;SD;HOGAR Y VARIEDADES
COLOMBIA;POSPAGO;BRONCE DIGITAL;302;ESCUELA+;SD;EDUCATIVO
COLOMBIA;POSPAGO;BRONCE DIGITAL;304;CARTOON NETWORK;SD;INFANTIL
COLOMBIA;POSPAGO;BRONCE DIGITAL;308;NICKELODEON;SD;INFANTIL
COLOMBIA;POSPAGO;BRONCE DIGITAL;309;NICK JR.;SD;INFANTIL
COLOMBIA;POSPAGO;BRONCE DIGITAL;314;DISNEY CHANNEL (MULTI);SD;INFANTIL
COLOMBIA;POSPAGO;BRONCE DIGITAL;315;DISNEY JUNIOR;SD;INFANTIL
COLOMBIA;POSPAGO;BRONCE DIGITAL;318;PLIM PLIM;SD;INFANTIL
COLOMBIA;POSPAGO;BRONCE DIGITAL;330;DISCOVERY KIDS;SD;INFANTIL
COLOMBIA;POSPAGO;BRONCE DIGITAL;334;CARTOONITO;SD;INFANTIL
COLOMBIA;POSPAGO;BRONCE DIGITAL;350;EWTN;SD;RELIGIOSO
COLOMBIA;POSPAGO;BRONCE DIGITAL;352;ENLACE;SD;RELIGIOSO
COLOMBIA;POSPAGO;BRONCE DIGITAL;353;CRISTOVISIÓN;SD;RELIGIOSO
COLOMBIA;POSPAGO;BRONCE DIGITAL;358;DAYSTAR;SD;RELIGIOSO
COLOMBIA;POSPAGO;BRONCE DIGITAL;502;TNT;SD;SERIES Y PELICULAS
COLOMBIA;POSPAGO;BRONCE DIGITAL;507;CINECANAL;SD;SERIES Y PELICULAS
COLOMBIA;POSPAGO;BRONCE DIGITAL;508;STUDIO UNIVERSAL;SD;SERIES Y PELICULAS
COLOMBIA;POSPAGO;BRONCE DIGITAL;509;CINEMAX;SD;SERIES Y PELICULAS
COLOMBIA;POSPAGO;BRONCE DIGITAL;518;SPACE;SD;SERIES Y PELICULAS
COLOMBIA;POSPAGO;BRONCE DIGITAL;610;DSPORTS;SD;DEPORTES
COLOMBIA;POSPAGO;BRONCE DIGITAL;612;DSPORTS 2;SD;DEPORTES
COLOMBIA;POSPAGO;BRONCE DIGITAL;621;ESPN;SD;DEPORTES
COLOMBIA;POSPAGO;BRONCE DIGITAL;622;ESPN 2 ANDINA;SD;DEPORTES
COLOMBIA;POSPAGO;BRONCE DIGITAL;623;ESPN 3;SD;DEPORTES
COLOMBIA;POSPAGO;BRONCE DIGITAL;625;ESPN 5;SD;DEPORTES
COLOMBIA;POSPAGO;BRONCE DIGITAL;626;ESPN 6;SD;DEPORTES
COLOMBIA;POSPAGO;BRONCE DIGITAL;627;ESPN 7;SD;DEPORTES
COLOMBIA;POSPAGO;BRONCE DIGITAL;631;DSPORTS RADIO;AUDIO;DEPORTES
COLOMBIA;POSPAGO;BRONCE DIGITAL;633;WIN SPORTS;SD;DEPORTES
COLOMBIA;POSPAGO;BRONCE DIGITAL;700;D NEWS;SD;NOTICIAS
COLOMBIA;POSPAGO;BRONCE DIGITAL;704;CNN EN ESPAÑOL;SD;NOTICIAS
COLOMBIA;POSPAGO;BRONCE DIGITAL;716;TODO NOTICIAS;SD;NOTICIAS
COLOMBIA;POSPAGO;BRONCE DIGITAL;720;CANAL 26;SD;NOTICIAS
COLOMBIA;POSPAGO;BRONCE DIGITAL;726;CANAL RURAL;SD;EDUCATIVO
COLOMBIA;POSPAGO;BRONCE DIGITAL;730;NATIONAL GEOGRAPHIC;SD;CIENCIA Y CULTURA
COLOMBIA;POSPAGO;BRONCE DIGITAL;732;DISCOVERY;SD;CIENCIA Y CULTURA
COLOMBIA;POSPAGO;BRONCE DIGITAL;742;HISTORY;SD;CIENCIA Y CULTURA
COLOMBIA;POSPAGO;BRONCE DIGITAL;764;FRANCE 24;SD;NOTICIAS
COLOMBIA;POSPAGO;BRONCE DIGITAL;774;TV CHILE INTERNACIONAL;SD;NACIONAL
COLOMBIA;POSPAGO;BRONCE DIGITAL;784;EL TRECE;SD;NACIONAL
COLOMBIA;POSPAGO;BRONCE DIGITAL;786;TELEFÉ;SD;NACIONAL
COLOMBIA;POSPAGO;BRONCE DIGITAL;980;UNIÓN RADIO NOTICIAS;AUDIO;AUDIO
COLOMBIA;POSPAGO;BRONCE DIGITAL;982;RADIO CARACOL;AUDIO;AUDIO
COLOMBIA;POSPAGO;BRONCE DIGITAL;984;RADIO FRANCE INTERNACIONAL;AUDIO;AUDIO
COLOMBIA;POSPAGO;BRONCE DIGITAL;991;LA FM PLUS;AUDIO;AUDIO
COLOMBIA;POSPAGO;BRONCE DIGITAL;992;ALERTA BOGOTÁ;AUDIO;NOTICIAS
COLOMBIA;POSPAGO;BRONCE DIGITAL;993;LA W RADIO;AUDIO;AUDIO
COLOMBIA;POSPAGO;BRONCE DIGITAL;1127;DSHOW;SD;HOGAR Y VARIEDADES
COLOMBIA;POSPAGO;BRONCE DIGITAL;1136;CANAL UNO;HD;NACIONAL
COLOMBIA;POSPAGO;BRONCE DIGITAL;1137;SEÑAL COLOMBIA;HD;EDUCATIVO
COLOMBIA;POSPAGO;BRONCE DIGITAL;1140;TELEANTIOQUIA;HD;NACIONAL
COLOMBIA;POSPAGO;BRONCE DIGITAL;1141;TELEPACIFICO;HD;NACIONAL
COLOMBIA;POSPAGO;BRONCE DIGITAL;1142;TELECAFE;HD;NACIONAL
COLOMBIA;POSPAGO;BRONCE DIGITAL;1217;FX;HD;SERIES Y PELICULAS
COLOMBIA;POSPAGO;BRONCE DIGITAL;1222;E!;HD;HOGAR Y VARIEDADES
COLOMBIA;POSPAGO;BRONCE DIGITAL;1270;LATINA TV;HD;NACIONAL
COLOMBIA;POSPAGO;BRONCE DIGITAL;1302;ESCUELA+;HD;EDUCATIVO
COLOMBIA;POSPAGO;BRONCE DIGITAL;1318;PLIM PLIM;HD;INFANTIL
COLOMBIA;POSPAGO;BRONCE DIGITAL;1623;ESPN 3;HD;DEPORTES
COLOMBIA;POSPAGO;BRONCE DIGITAL;1633;WIN SPORTS;HD;DEPORTES
COLOMBIA;POSPAGO;BRONCE DIGITAL;1700;D NEWS;HD;NOTICIAS
COLOMBIA;POSPAGO;BRONCE DIGITAL;N/A;AMAZON PRIME;DIGITAL PREMIUM;AMAZON
COLOMBIA;POSPAGO;BRONCE HD;117;TV FAMILIA;SD;RELIGIOSO
COLOMBIA;POSPAGO;BRONCE HD;127;DSHOW;SD;HOGAR Y VARIEDADES
COLOMBIA;POSPAGO;BRONCE HD;130;RCN;SD;NACIONAL
COLOMBIA;POSPAGO;BRONCE HD;132;CARACOL;SD;NACIONAL
COLOMBIA;POSPAGO;BRONCE HD;133;CITY TV;SD;NACIONAL
COLOMBIA;POSPAGO;BRONCE HD;134;CARACOL INTERNACIONAL;SD;NACIONAL
COLOMBIA;POSPAGO;BRONCE HD;135;RCN NUESTRA TELE;SD;NACIONAL
COLOMBIA;POSPAGO;BRONCE HD;136;CANAL UNO;SD;NACIONAL
COLOMBIA;POSPAGO;BRONCE HD;137;SEÑAL COLOMBIA;SD;EDUCATIVO
COLOMBIA;POSPAGO;BRONCE HD;138;SEÑAL INSTITUCIONAL;SD;INFORMATIVO
COLOMBIA;POSPAGO;BRONCE HD;139;CANAL CONGRESO;SD;INFORMATIVO
COLOMBIA;POSPAGO;BRONCE HD;140;TELEANTIOQUIA;SD;NACIONAL
COLOMBIA;POSPAGO;BRONCE HD;141;TELEPACIFICO;SD;NACIONAL
COLOMBIA;POSPAGO;BRONCE HD;142;TELECAFE;SD;NACIONAL
COLOMBIA;POSPAGO;BRONCE HD;143;CANAL CAPITAL;SD;NACIONAL
COLOMBIA;POSPAGO;BRONCE HD;144;TELECAFE;SD;NACIONAL
COLOMBIA;POSPAGO;BRONCE HD;145;NTN 24;SD;NOTICIAS
COLOMBIA;POSPAGO;BRONCE HD;146;EL TIEMPO;SD;NOTICIAS
COLOMBIA;POSPAGO;BRONCE HD;147;CABLE NOTICIAS;SD;NOTICIAS
COLOMBIA;POSPAGO;BRONCE HD;148;TRO;SD;NACIONAL
COLOMBIA;POSPAGO;BRONCE HD;149;TRECE;SD;NACIONAL
COLOMBIA;POSPAGO;BRONCE HD;150;TELE ISLAS;SD;NACIONAL
COLOMBIA;POSPAGO;BRONCE HD;151;TELEMEDELLIN;SD;NACIONAL
COLOMBIA;POSPAGO;BRONCE HD;152;TV AGRO;SD;EDUCATIVO
COLOMBIA;POSPAGO;BRONCE HD;202;STAR CHANNEL;SD;SERIES Y PELICULAS
COLOMBIA;POSPAGO;BRONCE HD;206;WARNER;SD;SERIES Y PELICULAS
COLOMBIA;POSPAGO;BRONCE HD;207;A&E;SD;SERIES Y PELICULAS
COLOMBIA;POSPAGO;BRONCE HD;208;SONY;SD;SERIES Y PELICULAS
COLOMBIA;POSPAGO;BRONCE HD;209;AXN HD;SD;SERIES Y PELICULAS
COLOMBIA;POSPAGO;BRONCE HD;214;ATRES SERIES;SD;SERIES Y PELICULAS
COLOMBIA;POSPAGO;BRONCE HD;217;FX;SD;SERIES Y PELICULAS
COLOMBIA;POSPAGO;BRONCE HD;218;UNIVERSAL;SD;SERIES Y PELICULAS
COLOMBIA;POSPAGO;BRONCE HD;221;¡HOLA! TV;SD;HOGAR Y VARIEDADES
COLOMBIA;POSPAGO;BRONCE HD;222;E!;SD;HOGAR Y VARIEDADES
COLOMBIA;POSPAGO;BRONCE HD;223;ID;SD;CIENCIA Y CULTURA
COLOMBIA;POSPAGO;BRONCE HD;226;CANAL DE LAS ESTRELLAS;SD;NACIONAL
COLOMBIA;POSPAGO;BRONCE HD;227;TL NOVELAS;SD;TELENOVELAS
COLOMBIA;POSPAGO;BRONCE HD;229;DISCOVERY HOME & HEALTH;SD;HOGAR Y VARIEDADES
COLOMBIA;POSPAGO;BRONCE HD;230;AMC SERIES;SD;SERIES Y PELICULAS
COLOMBIA;POSPAGO;BRONCE HD;231;TELEMUNDO;SD;TELENOVELAS
COLOMBIA;POSPAGO;BRONCE HD;232;EL GOURMET;SD;GASTRONÓMICO
COLOMBIA;POSPAGO;BRONCE HD;264;MTV;SD;MUSICAL
COLOMBIA;POSPAGO;BRONCE HD;269;QUIERO MÚSICA EN MI IDIOMA;SD;MUSICAL
COLOMBIA;POSPAGO;BRONCE HD;270;MI GENTE 3.0;SD;HOGAR Y VARIEDADES
COLOMBIA;POSPAGO;BRONCE HD;302;ESCUELA+;SD;EDUCATIVO
COLOMBIA;POSPAGO;BRONCE HD;304;CARTOON NETWORK;SD;INFANTIL
COLOMBIA;POSPAGO;BRONCE HD;308;NICKELODEON;SD;INFANTIL
COLOMBIA;POSPAGO;BRONCE HD;309;NICK JR.;SD;INFANTIL
COLOMBIA;POSPAGO;BRONCE HD;314;DISNEY CHANNEL (MULTI);SD;INFANTIL
COLOMBIA;POSPAGO;BRONCE HD;315;DISNEY JUNIOR;SD;INFANTIL
COLOMBIA;POSPAGO;BRONCE HD;318;PLIM PLIM;SD;INFANTIL
COLOMBIA;POSPAGO;BRONCE HD;330;DISCOVERY KIDS;SD;INFANTIL
COLOMBIA;POSPAGO;BRONCE HD;334;CARTOONITO;SD;INFANTIL
COLOMBIA;POSPAGO;BRONCE HD;350;EWTN;SD;RELIGIOSO
COLOMBIA;POSPAGO;BRONCE HD;351;ORBE 21;SD;RELIGIOSO
COLOMBIA;POSPAGO;BRONCE HD;352;ENLACE;SD;RELIGIOSO
COLOMBIA;POSPAGO;BRONCE HD;353;CRISTOVISIÓN;SD;RELIGIOSO
COLOMBIA;POSPAGO;BRONCE HD;358;DAYSTAR;SD;RELIGIOSO
COLOMBIA;POSPAGO;BRONCE HD;502;TNT;SD;SERIES Y PELICULAS
COLOMBIA;POSPAGO;BRONCE HD;503;GOLDEN;SD;SERIES Y PELICULAS
COLOMBIA;POSPAGO;BRONCE HD;507;CINECANAL;SD;SERIES Y PELICULAS
COLOMBIA;POSPAGO;BRONCE HD;508;STUDIO UNIVERSAL;SD;SERIES Y PELICULAS
COLOMBIA;POSPAGO;BRONCE HD;509;CINEMAX;SD;SERIES Y PELICULAS
COLOMBIA;POSPAGO;BRONCE HD;510;MÓRBIDO TV;SD;SERIES Y PELICULAS
COLOMBIA;POSPAGO;BRONCE HD;516;DE PELÍCULA;SD;SERIES Y PELICULAS
COLOMBIA;POSPAGO;BRONCE HD;518;SPACE;SD;SERIES Y PELICULAS
COLOMBIA;POSPAGO;BRONCE HD;610;DSPORTS;SD;DEPORTES
COLOMBIA;POSPAGO;BRONCE HD;612;DSPORTS 2;SD;DEPORTES
COLOMBIA;POSPAGO;BRONCE HD;613;DSPORTS +;SD;DEPORTES
COLOMBIA;POSPAGO;BRONCE HD;621;ESPN;SD;DEPORTES
COLOMBIA;POSPAGO;BRONCE HD;622;ESPN 2 ANDINA;SD;DEPORTES
COLOMBIA;POSPAGO;BRONCE HD;623;ESPN 3;SD;DEPORTES
COLOMBIA;POSPAGO;BRONCE HD;625;ESPN 5;SD;DEPORTES
COLOMBIA;POSPAGO;BRONCE HD;626;ESPN 6;SD;DEPORTES
COLOMBIA;POSPAGO;BRONCE HD;627;ESPN 7;SD;DEPORTES
COLOMBIA;POSPAGO;BRONCE HD;631;DSPORTS RADIO;AUDIO;DEPORTES
COLOMBIA;POSPAGO;BRONCE HD;633;WIN SPORTS;SD;DEPORTES
COLOMBIA;POSPAGO;BRONCE HD;700;D NEWS;SD;NOTICIAS
COLOMBIA;POSPAGO;BRONCE HD;704;CNN EN ESPAÑOL;SD;NOTICIAS
COLOMBIA;POSPAGO;BRONCE HD;716;TODO NOTICIAS;SD;NOTICIAS
COLOMBIA;POSPAGO;BRONCE HD;720;CANAL 26;SD;NOTICIAS
COLOMBIA;POSPAGO;BRONCE HD;726;CANAL RURAL;SD;EDUCATIVO
COLOMBIA;POSPAGO;BRONCE HD;730;NATIONAL GEOGRAPHIC;SD;CIENCIA Y CULTURA
COLOMBIA;POSPAGO;BRONCE HD;732;DISCOVERY;SD;CIENCIA Y CULTURA
COLOMBIA;POSPAGO;BRONCE HD;742;HISTORY;SD;CIENCIA Y CULTURA
COLOMBIA;POSPAGO;BRONCE HD;764;FRANCE 24;SD;NOTICIAS
COLOMBIA;POSPAGO;BRONCE HD;774;TV CHILE INTERNACIONAL;SD;NACIONAL
COLOMBIA;POSPAGO;BRONCE HD;784;EL TRECE;SD;NACIONAL
COLOMBIA;POSPAGO;BRONCE HD;786;TELEFÉ;SD;NACIONAL
COLOMBIA;POSPAGO;BRONCE HD;790;CGTN;SD;NOTICIAS
COLOMBIA;POSPAGO;BRONCE HD;980;UNIÓN RADIO NOTICIAS;AUDIO;AUDIO
COLOMBIA;POSPAGO;BRONCE HD;982;RADIO CARACOL;AUDIO;AUDIO
COLOMBIA;POSPAGO;BRONCE HD;984;RADIO FRANCE INTERNACIONAL;AUDIO;AUDIO
COLOMBIA;POSPAGO;BRONCE HD;991;LA FM PLUS;AUDIO;AUDIO
COLOMBIA;POSPAGO;BRONCE HD;992;ALERTA BOGOTÁ;AUDIO;NOTICIAS
COLOMBIA;POSPAGO;BRONCE HD;993;LA W RADIO;AUDIO;AUDIO
COLOMBIA;POSPAGO;BRONCE HD;1127;DSHOW;SD;HOGAR Y VARIEDADES
COLOMBIA;POSPAGO;BRONCE HD;1130;RCN;HD;NACIONAL
COLOMBIA;POSPAGO;BRONCE HD;1132;CARACOL;HD;NACIONAL
COLOMBIA;POSPAGO;BRONCE HD;1136;CANAL UNO;HD;NACIONAL
COLOMBIA;POSPAGO;BRONCE HD;1137;SEÑAL COLOMBIA;HD;EDUCATIVO
COLOMBIA;POSPAGO;BRONCE HD;1138;SEÑAL INSTITUCIONAL;HD;INFORMATIVO
COLOMBIA;POSPAGO;BRONCE HD;1140;TELEANTIOQUIA;HD;NACIONAL
COLOMBIA;POSPAGO;BRONCE HD;1141;TELEPACIFICO;HD;NACIONAL
COLOMBIA;POSPAGO;BRONCE HD;1142;TELECAFE;HD;NACIONAL
COLOMBIA;POSPAGO;BRONCE HD;1147;CABLE NOTICIAS;HD;NOTICIAS
COLOMBIA;POSPAGO;BRONCE HD;1217;FX;HD;SERIES Y PELICULAS
COLOMBIA;POSPAGO;BRONCE HD;1222;E!;HD;HOGAR Y VARIEDADES
COLOMBIA;POSPAGO;BRONCE HD;1232;EL GOURMET;HD;GASTRONÓMICO
COLOMBIA;POSPAGO;BRONCE HD;1236;VEPLUS;HD;HOGAR Y VARIEDADES
COLOMBIA;POSPAGO;BRONCE HD;1265;MUSIC TOP;HD;MUSICAL
COLOMBIA;POSPAGO;BRONCE HD;1270;LATINA TV;HD;NACIONAL
COLOMBIA;POSPAGO;BRONCE HD;1302;ESCUELA+;HD;EDUCATIVO
COLOMBIA;POSPAGO;BRONCE HD;1315;DISNEY JUNIOR;HD;INFANTIL
COLOMBIA;POSPAGO;BRONCE HD;1318;PLIM PLIM;HD;INFANTIL
COLOMBIA;POSPAGO;BRONCE HD;1610;DSPORTS;HD;DEPORTES
COLOMBIA;POSPAGO;BRONCE HD;1612;DSPORTS 2;HD;DEPORTES
COLOMBIA;POSPAGO;BRONCE HD;1613;DSPORTS +;HD;DEPORTES
COLOMBIA;POSPAGO;BRONCE HD;1623;ESPN 3;HD;DEPORTES
COLOMBIA;POSPAGO;BRONCE HD;1633;WIN SPORTS;HD;DEPORTES
COLOMBIA;POSPAGO;BRONCE HD;1700;D NEWS;HD;NOTICIAS
COLOMBIA;POSPAGO;BRONCE HD;1764;FRANCE 24;HD;NOTICIAS
COLOMBIA;POSPAGO;BRONCE HD;N/A;AMAZON PRIME;DIGITAL PREMIUM;AMAZON
COLOMBIA;POSPAGO;HOGAR+;127;DSHOW;SD;HOGAR Y VARIEDADES
COLOMBIA;POSPAGO;HOGAR+;130;RCN;SD;NACIONAL
COLOMBIA;POSPAGO;HOGAR+;132;CARACOL;SD;NACIONAL
COLOMBIA;POSPAGO;HOGAR+;133;CITY TV;SD;NACIONAL
COLOMBIA;POSPAGO;HOGAR+;134;CARACOL INTERNACIONAL;SD;NACIONAL
COLOMBIA;POSPAGO;HOGAR+;135;RCN NUESTRA TELE;SD;NACIONAL
COLOMBIA;POSPAGO;HOGAR+;136;CANAL UNO;SD;NACIONAL
COLOMBIA;POSPAGO;HOGAR+;137;SEÑAL COLOMBIA;SD;EDUCATIVO
COLOMBIA;POSPAGO;HOGAR+;138;SEÑAL INSTITUCIONAL;SD;INFORMATIVO
COLOMBIA;POSPAGO;HOGAR+;139;CANAL CONGRESO;SD;INFORMATIVO
COLOMBIA;POSPAGO;HOGAR+;140;TELEANTIOQUIA;SD;NACIONAL
COLOMBIA;POSPAGO;HOGAR+;141;TELEPACIFICO;SD;NACIONAL
COLOMBIA;POSPAGO;HOGAR+;142;TELECAFE;SD;NACIONAL
COLOMBIA;POSPAGO;HOGAR+;143;CANAL CAPITAL;SD;NACIONAL
COLOMBIA;POSPAGO;HOGAR+;144;TELECAFE;SD;NACIONAL
COLOMBIA;POSPAGO;HOGAR+;145;NTN 24;SD;NOTICIAS
COLOMBIA;POSPAGO;HOGAR+;146;EL TIEMPO;SD;NOTICIAS
COLOMBIA;POSPAGO;HOGAR+;147;CABLE NOTICIAS;SD;NOTICIAS
COLOMBIA;POSPAGO;HOGAR+;148;TRO;SD;NACIONAL
COLOMBIA;POSPAGO;HOGAR+;149;TRECE;SD;NACIONAL
COLOMBIA;POSPAGO;HOGAR+;150;TELE ISLAS;SD;NACIONAL
COLOMBIA;POSPAGO;HOGAR+;151;TELEMEDELLIN;SD;NACIONAL
COLOMBIA;POSPAGO;HOGAR+;152;TV AGRO;SD;EDUCATIVO
COLOMBIA;POSPAGO;HOGAR+;202;STAR CHANNEL;SD;SERIES Y PELICULAS
COLOMBIA;POSPAGO;HOGAR+;204;STAR CHANNEL HD;SD;SERIES Y PELICULAS
COLOMBIA;POSPAGO;HOGAR+;206;WARNER;SD;SERIES Y PELICULAS
COLOMBIA;POSPAGO;HOGAR+;207;A&E;SD;SERIES Y PELICULAS
COLOMBIA;POSPAGO;HOGAR+;208;SONY;SD;SERIES Y PELICULAS
COLOMBIA;POSPAGO;HOGAR+;217;FX;SD;SERIES Y PELICULAS
COLOMBIA;POSPAGO;HOGAR+;218;UNIVERSAL;SD;SERIES Y PELICULAS
COLOMBIA;POSPAGO;HOGAR+;222;E!;SD;HOGAR Y VARIEDADES
COLOMBIA;POSPAGO;HOGAR+;223;ID;SD;CIENCIA Y CULTURA
COLOMBIA;POSPAGO;HOGAR+;229;DISCOVERY HOME & HEALTH;SD;HOGAR Y VARIEDADES
COLOMBIA;POSPAGO;HOGAR+;232;EL GOURMET;SD;GASTRONÓMICO
COLOMBIA;POSPAGO;HOGAR+;264;MTV;SD;MUSICAL
COLOMBIA;POSPAGO;HOGAR+;270;MI GENTE 3.0;SD;HOGAR Y VARIEDADES
COLOMBIA;POSPAGO;HOGAR+;302;ESCUELA+;SD;EDUCATIVO
COLOMBIA;POSPAGO;HOGAR+;304;CARTOON NETWORK;SD;INFANTIL
COLOMBIA;POSPAGO;HOGAR+;308;NICKELODEON;SD;INFANTIL
COLOMBIA;POSPAGO;HOGAR+;312;DISNEY CHANNEL HD;SD;INFANTIL
COLOMBIA;POSPAGO;HOGAR+;314;DISNEY CHANNEL (MULTI);SD;INFANTIL
COLOMBIA;POSPAGO;HOGAR+;315;DISNEY JUNIOR;SD;INFANTIL
COLOMBIA;POSPAGO;HOGAR+;330;DISCOVERY KIDS;SD;INFANTIL
COLOMBIA;POSPAGO;HOGAR+;353;CRISTOVISIÓN;SD;RELIGIOSO
COLOMBIA;POSPAGO;HOGAR+;358;DAYSTAR;SD;RELIGIOSO
COLOMBIA;POSPAGO;HOGAR+;502;TNT;SD;SERIES Y PELICULAS
COLOMBIA;POSPAGO;HOGAR+;507;CINECANAL;SD;SERIES Y PELICULAS
COLOMBIA;POSPAGO;HOGAR+;508;STUDIO UNIVERSAL;SD;SERIES Y PELICULAS
COLOMBIA;POSPAGO;HOGAR+;518;SPACE;SD;SERIES Y PELICULAS
COLOMBIA;POSPAGO;HOGAR+;610;DSPORTS;SD;DEPORTES
COLOMBIA;POSPAGO;HOGAR+;612;DSPORTS 2;SD;DEPORTES
COLOMBIA;POSPAGO;HOGAR+;613;DSPORTS +;SD;DEPORTES
COLOMBIA;POSPAGO;HOGAR+;621;ESPN;SD;DEPORTES
COLOMBIA;POSPAGO;HOGAR+;622;ESPN 2 ANDINA;SD;DEPORTES
COLOMBIA;POSPAGO;HOGAR+;623;ESPN 3;SD;DEPORTES
COLOMBIA;POSPAGO;HOGAR+;625;ESPN 5;SD;DEPORTES
COLOMBIA;POSPAGO;HOGAR+;626;ESPN 6;SD;DEPORTES
COLOMBIA;POSPAGO;HOGAR+;631;DSPORTS RADIO;AUDIO;DEPORTES
COLOMBIA;POSPAGO;HOGAR+;633;WIN SPORTS;SD;DEPORTES
COLOMBIA;POSPAGO;HOGAR+;700;D NEWS;SD;NOTICIAS
COLOMBIA;POSPAGO;HOGAR+;704;CNN EN ESPAÑOL;SD;NOTICIAS
COLOMBIA;POSPAGO;HOGAR+;730;NATIONAL GEOGRAPHIC;SD;CIENCIA Y CULTURA
COLOMBIA;POSPAGO;HOGAR+;732;DISCOVERY;SD;CIENCIA Y CULTURA
COLOMBIA;POSPAGO;HOGAR+;1127;DSHOW;SD;HOGAR Y VARIEDADES
COLOMBIA;POSPAGO;HOGAR+;1130;RCN;HD;NACIONAL
COLOMBIA;POSPAGO;HOGAR+;1132;CARACOL;HD;NACIONAL
COLOMBIA;POSPAGO;HOGAR+;1136;CANAL UNO;HD;NACIONAL
COLOMBIA;POSPAGO;HOGAR+;1137;SEÑAL COLOMBIA;HD;EDUCATIVO
COLOMBIA;POSPAGO;HOGAR+;1138;SEÑAL INSTITUCIONAL;HD;INFORMATIVO
COLOMBIA;POSPAGO;HOGAR+;1140;TELEANTIOQUIA;HD;NACIONAL
COLOMBIA;POSPAGO;HOGAR+;1141;TELEPACIFICO;HD;NACIONAL
COLOMBIA;POSPAGO;HOGAR+;1142;TELECAFE;HD;NACIONAL
COLOMBIA;POSPAGO;HOGAR+;1147;CABLE NOTICIAS;HD;NOTICIAS
COLOMBIA;POSPAGO;HOGAR+;1204;STAR CHANNEL;HD;SERIES Y PELICULAS
COLOMBIA;POSPAGO;HOGAR+;1206;WARNER;HD;SERIES Y PELICULAS
COLOMBIA;POSPAGO;HOGAR+;1207;A&E;HD;SERIES Y PELICULAS
COLOMBIA;POSPAGO;HOGAR+;1208;SONY;HD;SERIES Y PELICULAS
COLOMBIA;POSPAGO;HOGAR+;1217;FX;HD;SERIES Y PELICULAS
COLOMBIA;POSPAGO;HOGAR+;1218;UNIVERSAL;HD;SERIES Y PELICULAS
COLOMBIA;POSPAGO;HOGAR+;1222;E!;HD;HOGAR Y VARIEDADES
COLOMBIA;POSPAGO;HOGAR+;1223;ID HD;HD;CIENCIA Y CULTURA
COLOMBIA;POSPAGO;HOGAR+;1229;DISCOVERY HOME & HEALTH;HD;HOGAR Y VARIEDADES
COLOMBIA;POSPAGO;HOGAR+;1232;EL GOURMET;HD;GASTRONÓMICO
COLOMBIA;POSPAGO;HOGAR+;1264;MTV;HD;MUSICAL
COLOMBIA;POSPAGO;HOGAR+;1302;ESCUELA+;HD;EDUCATIVO
COLOMBIA;POSPAGO;HOGAR+;1304;CARTOON NETWORK;HD;INFANTIL
COLOMBIA;POSPAGO;HOGAR+;1308;NICKELODEON;HD;INFANTIL
COLOMBIA;POSPAGO;HOGAR+;1312;DISNEY CHANNEL;HD;INFANTIL
COLOMBIA;POSPAGO;HOGAR+;1315;DISNEY JUNIOR;HD;INFANTIL
COLOMBIA;POSPAGO;HOGAR+;1330;DISCOVERY KIDS;HD;INFANTIL
COLOMBIA;POSPAGO;HOGAR+;1502;TNT;HD;SERIES Y PELICULAS
COLOMBIA;POSPAGO;HOGAR+;1507;CINECANAL;HD;SERIES Y PELICULAS
COLOMBIA;POSPAGO;HOGAR+;1508;STUDIO UNIVERSAL;HD;SERIES Y PELICULAS
COLOMBIA;POSPAGO;HOGAR+;1518;SPACE;HD;SERIES Y PELICULAS
COLOMBIA;POSPAGO;HOGAR+;1610;DSPORTS;HD;DEPORTES
COLOMBIA;POSPAGO;HOGAR+;1612;DSPORTS 2;HD;DEPORTES
COLOMBIA;POSPAGO;HOGAR+;1613;DSPORTS +;HD;DEPORTES
COLOMBIA;POSPAGO;HOGAR+;1621;ESPN;HD;DEPORTES
COLOMBIA;POSPAGO;HOGAR+;1622;ESPN 2;HD;DEPORTES
COLOMBIA;POSPAGO;HOGAR+;1623;ESPN 3;HD;DEPORTES
COLOMBIA;POSPAGO;HOGAR+;1625;ESPN 5;HD;DEPORTES
COLOMBIA;POSPAGO;HOGAR+;1626;ESPN 6;HD;DEPORTES
COLOMBIA;POSPAGO;HOGAR+;1633;WIN SPORTS;HD;DEPORTES
COLOMBIA;POSPAGO;HOGAR+;1700;D NEWS;HD;NOTICIAS
COLOMBIA;POSPAGO;HOGAR+;1730;NATIONAL GEOGRAPHIC;HD;CIENCIA Y CULTURA
COLOMBIA;POSPAGO;HOGAR+;1732;DISCOVERY;HD;CIENCIA Y CULTURA
COLOMBIA;POSPAGO;HOGAR+;N/A;AMAZON PRIME;DIGITAL PREMIUM;AMAZON
COLOMBIA;POSPAGO;ORO;117;TV FAMILIA;SD;RELIGIOSO
COLOMBIA;POSPAGO;ORO;127;DSHOW;SD;HOGAR Y VARIEDADES
COLOMBIA;POSPAGO;ORO;130;RCN;SD;NACIONAL
COLOMBIA;POSPAGO;ORO;132;CARACOL;SD;NACIONAL
COLOMBIA;POSPAGO;ORO;133;CITY TV;SD;NACIONAL
COLOMBIA;POSPAGO;ORO;134;CARACOL INTERNACIONAL;SD;NACIONAL
COLOMBIA;POSPAGO;ORO;135;RCN NUESTRA TELE;SD;NACIONAL
COLOMBIA;POSPAGO;ORO;136;CANAL UNO;SD;NACIONAL
COLOMBIA;POSPAGO;ORO;137;SEÑAL COLOMBIA;SD;EDUCATIVO
COLOMBIA;POSPAGO;ORO;138;SEÑAL INSTITUCIONAL;SD;INFORMATIVO
COLOMBIA;POSPAGO;ORO;139;CANAL CONGRESO;SD;INFORMATIVO
COLOMBIA;POSPAGO;ORO;140;TELEANTIOQUIA;SD;NACIONAL
COLOMBIA;POSPAGO;ORO;141;TELEPACIFICO;SD;NACIONAL
COLOMBIA;POSPAGO;ORO;142;TELECAFE;SD;NACIONAL
COLOMBIA;POSPAGO;ORO;143;CANAL CAPITAL;SD;NACIONAL
COLOMBIA;POSPAGO;ORO;144;TELECAFE;SD;NACIONAL
COLOMBIA;POSPAGO;ORO;145;NTN 24;SD;NOTICIAS
COLOMBIA;POSPAGO;ORO;146;EL TIEMPO;SD;NOTICIAS
COLOMBIA;POSPAGO;ORO;147;CABLE NOTICIAS;SD;NOTICIAS
COLOMBIA;POSPAGO;ORO;148;TRO;SD;NACIONAL
COLOMBIA;POSPAGO;ORO;149;TRECE;SD;NACIONAL
COLOMBIA;POSPAGO;ORO;150;TELE ISLAS;SD;NACIONAL
COLOMBIA;POSPAGO;ORO;151;TELEMEDELLIN;SD;NACIONAL
COLOMBIA;POSPAGO;ORO;152;TV AGRO;SD;EDUCATIVO
COLOMBIA;POSPAGO;ORO;202;STAR CHANNEL;SD;SERIES Y PELICULAS
COLOMBIA;POSPAGO;ORO;206;WARNER;SD;SERIES Y PELICULAS
COLOMBIA;POSPAGO;ORO;207;A&E;SD;SERIES Y PELICULAS
COLOMBIA;POSPAGO;ORO;208;SONY;SD;SERIES Y PELICULAS
COLOMBIA;POSPAGO;ORO;209;AXN HD;SD;SERIES Y PELICULAS
COLOMBIA;POSPAGO;ORO;210;AMC;SD;SERIES Y PELICULAS
COLOMBIA;POSPAGO;ORO;213;TNT SERIES;SD;SERIES Y PELICULAS
COLOMBIA;POSPAGO;ORO;214;ATRES SERIES;SD;SERIES Y PELICULAS
COLOMBIA;POSPAGO;ORO;215;COMEDY CENTRAL;SD;SERIES Y PELICULAS
COLOMBIA;POSPAGO;ORO;216;TNT NOVELAS;SD;TELENOVELAS
COLOMBIA;POSPAGO;ORO;217;FX;SD;SERIES Y PELICULAS
COLOMBIA;POSPAGO;ORO;218;UNIVERSAL;SD;SERIES Y PELICULAS
COLOMBIA;POSPAGO;ORO;219;USA;SD;SERIES Y PELICULAS
COLOMBIA;POSPAGO;ORO;220;ADULT SWIM;SD;INFANTIL
COLOMBIA;POSPAGO;ORO;221;¡HOLA! TV;SD;HOGAR Y VARIEDADES
COLOMBIA;POSPAGO;ORO;222;E!;SD;HOGAR Y VARIEDADES
COLOMBIA;POSPAGO;ORO;223;ID;SD;CIENCIA Y CULTURA
COLOMBIA;POSPAGO;ORO;226;CANAL DE LAS ESTRELLAS;SD;NACIONAL
COLOMBIA;POSPAGO;ORO;227;TL NOVELAS;SD;TELENOVELAS
COLOMBIA;POSPAGO;ORO;228;LIFETIME;SD;SERIES Y PELICULAS
COLOMBIA;POSPAGO;ORO;229;DISCOVERY HOME & HEALTH;SD;HOGAR Y VARIEDADES
COLOMBIA;POSPAGO;ORO;230;AMC SERIES;SD;SERIES Y PELICULAS
COLOMBIA;POSPAGO;ORO;231;TELEMUNDO;SD;TELENOVELAS
COLOMBIA;POSPAGO;ORO;232;EL GOURMET;SD;GASTRONÓMICO
COLOMBIA;POSPAGO;ORO;233;FOOD NETWORK;SD;GASTRONÓMICO
COLOMBIA;POSPAGO;ORO;264;MTV;SD;MUSICAL
COLOMBIA;POSPAGO;ORO;269;QUIERO MÚSICA EN MI IDIOMA;SD;MUSICAL
COLOMBIA;POSPAGO;ORO;270;MI GENTE 3.0;SD;HOGAR Y VARIEDADES
COLOMBIA;POSPAGO;ORO;302;ESCUELA+;SD;EDUCATIVO
COLOMBIA;POSPAGO;ORO;304;CARTOON NETWORK;SD;INFANTIL
COLOMBIA;POSPAGO;ORO;308;NICKELODEON;SD;INFANTIL
COLOMBIA;POSPAGO;ORO;309;NICK JR.;SD;INFANTIL
COLOMBIA;POSPAGO;ORO;310;EL REINO INFANTIL;SD;INFANTIL
COLOMBIA;POSPAGO;ORO;314;DISNEY CHANNEL (MULTI);SD;INFANTIL
COLOMBIA;POSPAGO;ORO;315;DISNEY JUNIOR;SD;INFANTIL
COLOMBIA;POSPAGO;ORO;318;PLIM PLIM;SD;INFANTIL
COLOMBIA;POSPAGO;ORO;330;DISCOVERY KIDS;SD;INFANTIL
COLOMBIA;POSPAGO;ORO;334;CARTOONITO;SD;INFANTIL
COLOMBIA;POSPAGO;ORO;350;EWTN;SD;RELIGIOSO
COLOMBIA;POSPAGO;ORO;351;ORBE 21;SD;RELIGIOSO
COLOMBIA;POSPAGO;ORO;352;ENLACE;SD;RELIGIOSO
COLOMBIA;POSPAGO;ORO;353;CRISTOVISIÓN;SD;RELIGIOSO
COLOMBIA;POSPAGO;ORO;358;DAYSTAR;SD;RELIGIOSO
COLOMBIA;POSPAGO;ORO;502;TNT;SD;SERIES Y PELICULAS
COLOMBIA;POSPAGO;ORO;503;GOLDEN;SD;SERIES Y PELICULAS
COLOMBIA;POSPAGO;ORO;506;SONY MOVIES;SD;SERIES Y PELICULAS
COLOMBIA;POSPAGO;ORO;507;CINECANAL;SD;SERIES Y PELICULAS
COLOMBIA;POSPAGO;ORO;508;STUDIO UNIVERSAL;SD;SERIES Y PELICULAS
COLOMBIA;POSPAGO;ORO;509;CINEMAX;SD;SERIES Y PELICULAS
COLOMBIA;POSPAGO;ORO;510;MÓRBIDO TV;SD;SERIES Y PELICULAS
COLOMBIA;POSPAGO;ORO;513;DHE;SD;SERIES Y PELICULAS
COLOMBIA;POSPAGO;ORO;516;DE PELÍCULA;SD;SERIES Y PELICULAS
COLOMBIA;POSPAGO;ORO;517;GOLDEN EDGE;SD;SERIES Y PELICULAS
COLOMBIA;POSPAGO;ORO;518;SPACE;SD;SERIES Y PELICULAS
COLOMBIA;POSPAGO;ORO;610;DSPORTS;SD;DEPORTES
COLOMBIA;POSPAGO;ORO;612;DSPORTS 2;SD;DEPORTES
COLOMBIA;POSPAGO;ORO;613;DSPORTS +;SD;DEPORTES
COLOMBIA;POSPAGO;ORO;621;ESPN;SD;DEPORTES
COLOMBIA;POSPAGO;ORO;622;ESPN 2 ANDINA;SD;DEPORTES
COLOMBIA;POSPAGO;ORO;623;ESPN 3;SD;DEPORTES
COLOMBIA;POSPAGO;ORO;625;ESPN 5;SD;DEPORTES
COLOMBIA;POSPAGO;ORO;626;ESPN 6;SD;DEPORTES
COLOMBIA;POSPAGO;ORO;627;ESPN 7;SD;DEPORTES
COLOMBIA;POSPAGO;ORO;628;GOLF CHANNEL LATIN AMERICA;SD;DEPORTES
COLOMBIA;POSPAGO;ORO;629;TYC SPORTS INTERNACIONAL;SD;DEPORTES
COLOMBIA;POSPAGO;ORO;631;DSPORTS RADIO;AUDIO;DEPORTES
COLOMBIA;POSPAGO;ORO;633;WIN SPORTS;SD;DEPORTES
COLOMBIA;POSPAGO;ORO;700;D NEWS;SD;NOTICIAS
COLOMBIA;POSPAGO;ORO;704;CNN EN ESPAÑOL;SD;NOTICIAS
COLOMBIA;POSPAGO;ORO;706;CNN INTERNACIONAL;SD;NOTICIAS
COLOMBIA;POSPAGO;ORO;707;CNN CHILE;SD;NOTICIAS
COLOMBIA;POSPAGO;ORO;708;TVN 24 HORAS;SD;NOTICIAS
COLOMBIA;POSPAGO;ORO;710;BLOOMBERG;SD;NOTICIAS
COLOMBIA;POSPAGO;ORO;716;TODO NOTICIAS;SD;NOTICIAS
COLOMBIA;POSPAGO;ORO;720;CANAL 26;SD;NOTICIAS
COLOMBIA;POSPAGO;ORO;726;CANAL RURAL;SD;EDUCATIVO
COLOMBIA;POSPAGO;ORO;730;NATIONAL GEOGRAPHIC;SD;CIENCIA Y CULTURA
COLOMBIA;POSPAGO;ORO;732;DISCOVERY;SD;CIENCIA Y CULTURA
COLOMBIA;POSPAGO;ORO;734;ANIMAL PLANET;SD;CIENCIA Y CULTURA
COLOMBIA;POSPAGO;ORO;736;DISCOVERY TURBO;SD;HOGAR Y VARIEDADES
COLOMBIA;POSPAGO;ORO;740;TLC;SD;HOGAR Y VARIEDADES
COLOMBIA;POSPAGO;ORO;742;HISTORY;SD;CIENCIA Y CULTURA
COLOMBIA;POSPAGO;ORO;744;HISTORY 2;SD;CIENCIA Y CULTURA
COLOMBIA;POSPAGO;ORO;760;UNIVISION;SD;NACIONAL
COLOMBIA;POSPAGO;ORO;762;ANTENA 3 INTERNACIONAL;SD;NACIONAL
COLOMBIA;POSPAGO;ORO;764;FRANCE 24;SD;NOTICIAS
COLOMBIA;POSPAGO;ORO;766;RAI ITALIA;SD;NACIONAL
COLOMBIA;POSPAGO;ORO;768;BBC WORLD;SD;NOTICIAS
COLOMBIA;POSPAGO;ORO;770;DW;SD;NOTICIAS
COLOMBIA;POSPAGO;ORO;774;TV CHILE INTERNACIONAL;SD;NACIONAL
COLOMBIA;POSPAGO;ORO;778;RTP;SD;NACIONAL
COLOMBIA;POSPAGO;ORO;784;EL TRECE;SD;NACIONAL
COLOMBIA;POSPAGO;ORO;786;TELEFÉ;SD;NACIONAL
COLOMBIA;POSPAGO;ORO;790;CGTN;SD;NOTICIAS
COLOMBIA;POSPAGO;ORO;980;UNIÓN RADIO NOTICIAS;AUDIO;AUDIO
COLOMBIA;POSPAGO;ORO;982;RADIO CARACOL;AUDIO;AUDIO
COLOMBIA;POSPAGO;ORO;984;RADIO FRANCE INTERNACIONAL;AUDIO;AUDIO
COLOMBIA;POSPAGO;ORO;991;LA FM PLUS;AUDIO;AUDIO
COLOMBIA;POSPAGO;ORO;992;ALERTA BOGOTÁ;AUDIO;NOTICIAS
COLOMBIA;POSPAGO;ORO;993;LA W RADIO;AUDIO;AUDIO
COLOMBIA;POSPAGO;ORO;1127;DSHOW;SD;HOGAR Y VARIEDADES
COLOMBIA;POSPAGO;ORO;1147;CABLE NOTICIAS;HD;NOTICIAS
COLOMBIA;POSPAGO;ORO;1217;FX;HD;SERIES Y PELICULAS
COLOMBIA;POSPAGO;ORO;1222;E!;HD;HOGAR Y VARIEDADES
COLOMBIA;POSPAGO;ORO;1265;MUSIC TOP;HD;MUSICAL
COLOMBIA;POSPAGO;ORO;1270;LATINA TV;HD;NACIONAL
COLOMBIA;POSPAGO;ORO;1302;ESCUELA+;HD;EDUCATIVO
COLOMBIA;POSPAGO;ORO;1310;EL REINO INFANTIL;HD;INFANTIL
COLOMBIA;POSPAGO;ORO;1318;PLIM PLIM;HD;INFANTIL
COLOMBIA;POSPAGO;ORO;1506;SONY MOVIES;HD;SERIES Y PELICULAS
COLOMBIA;POSPAGO;ORO;1513;DHE;HD;SERIES Y PELICULAS
COLOMBIA;POSPAGO;ORO;1613;DSPORTS +;HD;DEPORTES
COLOMBIA;POSPAGO;ORO;1623;ESPN 3;HD;DEPORTES
COLOMBIA;POSPAGO;ORO;1639;PX SPORTS;HD;DEPORTES
COLOMBIA;POSPAGO;ORO;1700;D NEWS;HD;NOTICIAS
COLOMBIA;POSPAGO;ORO;N/A;AMAZON PRIME;DIGITAL PREMIUM;AMAZON
COLOMBIA;POSPAGO;ORO 4K;127;DSHOW;SD;HOGAR Y VARIEDADES
COLOMBIA;POSPAGO;ORO 4K;134;CARACOL INTERNACIONAL;SD;NACIONAL
COLOMBIA;POSPAGO;ORO 4K;138;SEÑAL INSTITUCIONAL;SD;INFORMATIVO
COLOMBIA;POSPAGO;ORO 4K;143;CANAL CAPITAL;SD;NACIONAL
COLOMBIA;POSPAGO;ORO 4K;144;TELECAFE;SD;NACIONAL
COLOMBIA;POSPAGO;ORO 4K;148;TRO;SD;NACIONAL
COLOMBIA;POSPAGO;ORO 4K;149;TRECE;SD;NACIONAL
COLOMBIA;POSPAGO;ORO 4K;150;TELE ISLAS;SD;NACIONAL
COLOMBIA;POSPAGO;ORO 4K;151;TELEMEDELLIN;SD;NACIONAL
COLOMBIA;POSPAGO;ORO 4K;152;TV AGRO;SD;EDUCATIVO
COLOMBIA;POSPAGO;ORO 4K;222;E!;SD;HOGAR Y VARIEDADES
COLOMBIA;POSPAGO;ORO 4K;232;EL GOURMET;SD;GASTRONÓMICO
COLOMBIA;POSPAGO;ORO 4K;270;MI GENTE 3.0;SD;HOGAR Y VARIEDADES
COLOMBIA;POSPAGO;ORO 4K;302;ESCUELA+;SD;EDUCATIVO
COLOMBIA;POSPAGO;ORO 4K;309;NICK JR.;SD;INFANTIL
COLOMBIA;POSPAGO;ORO 4K;310;EL REINO INFANTIL;SD;INFANTIL
COLOMBIA;POSPAGO;ORO 4K;315;DISNEY JUNIOR;SD;INFANTIL
COLOMBIA;POSPAGO;ORO 4K;358;DAYSTAR;SD;RELIGIOSO
COLOMBIA;POSPAGO;ORO 4K;506;SONY MOVIES;SD;SERIES Y PELICULAS
COLOMBIA;POSPAGO;ORO 4K;513;DHE;SD;SERIES Y PELICULAS
COLOMBIA;POSPAGO;ORO 4K;610;DSPORTS;SD;DEPORTES
COLOMBIA;POSPAGO;ORO 4K;612;DSPORTS 2;SD;DEPORTES
COLOMBIA;POSPAGO;ORO 4K;623;ESPN 3;SD;DEPORTES
COLOMBIA;POSPAGO;ORO 4K;631;DSPORTS RADIO;AUDIO;DEPORTES
COLOMBIA;POSPAGO;ORO 4K;700;D NEWS;SD;NOTICIAS
COLOMBIA;POSPAGO;ORO 4K;760;UNIVISION;SD;NACIONAL
COLOMBIA;POSPAGO;ORO 4K;790;CGTN;SD;NOTICIAS
COLOMBIA;POSPAGO;ORO 4K;1127;DSHOW;SD;HOGAR Y VARIEDADES
COLOMBIA;POSPAGO;ORO 4K;1138;SEÑAL INSTITUCIONAL;HD;INFORMATIVO
COLOMBIA;POSPAGO;ORO 4K;1147;CABLE NOTICIAS;HD;NOTICIAS
COLOMBIA;POSPAGO;ORO 4K;1217;FX;HD;SERIES Y PELICULAS
COLOMBIA;POSPAGO;ORO 4K;1222;E!;HD;HOGAR Y VARIEDADES
COLOMBIA;POSPAGO;ORO 4K;1231;A LA COCINA;HD;GASTRONÓMICO
COLOMBIA;POSPAGO;ORO 4K;1232;EL GOURMET;HD;GASTRONÓMICO
COLOMBIA;POSPAGO;ORO 4K;1234;HGTV;HD;HOGAR Y VARIEDADES
COLOMBIA;POSPAGO;ORO 4K;1236;VEPLUS;HD;HOGAR Y VARIEDADES
COLOMBIA;POSPAGO;ORO 4K;1265;MUSIC TOP;HD;MUSICAL
COLOMBIA;POSPAGO;ORO 4K;1266;TIERRA MIA;HD;CIENCIA Y CULTURA
COLOMBIA;POSPAGO;ORO 4K;1273;INTI;HD;EDUCATIVO
COLOMBIA;POSPAGO;ORO 4K;1302;ESCUELA+;HD;EDUCATIVO
COLOMBIA;POSPAGO;ORO 4K;1309;NICK JR.;HD;INFANTIL
COLOMBIA;POSPAGO;ORO 4K;1310;EL REINO INFANTIL;HD;INFANTIL
COLOMBIA;POSPAGO;ORO 4K;1315;DISNEY JUNIOR;HD;INFANTIL
COLOMBIA;POSPAGO;ORO 4K;1506;SONY MOVIES;HD;SERIES Y PELICULAS
COLOMBIA;POSPAGO;ORO 4K;1513;DHE;HD;SERIES Y PELICULAS
COLOMBIA;POSPAGO;ORO 4K;1623;ESPN 3;HD;DEPORTES
COLOMBIA;POSPAGO;ORO 4K;1639;PX SPORTS;HD;DEPORTES
COLOMBIA;POSPAGO;ORO 4K;1700;D NEWS;HD;NOTICIAS
COLOMBIA;POSPAGO;ORO 4K;1750;ENCUENTRO INTERNACIONAL;HD;EDUCATIVO
COLOMBIA;POSPAGO;ORO 4K;4000;CANAL 4K;4K;HOGAR Y VARIEDADES
COLOMBIA;POSPAGO;ORO 4K;N/A;AMAZON PRIME;DIGITAL PREMIUM;AMAZON
COLOMBIA;POSPAGO;ORO HD;117;TV FAMILIA;SD;RELIGIOSO
COLOMBIA;POSPAGO;ORO HD;127;DSHOW;SD;HOGAR Y VARIEDADES
COLOMBIA;POSPAGO;ORO HD;130;RCN;SD;NACIONAL
COLOMBIA;POSPAGO;ORO HD;132;CARACOL;SD;NACIONAL
COLOMBIA;POSPAGO;ORO HD;133;CITY TV;SD;NACIONAL
COLOMBIA;POSPAGO;ORO HD;134;CARACOL INTERNACIONAL;SD;NACIONAL
COLOMBIA;POSPAGO;ORO HD;135;RCN NUESTRA TELE;SD;NACIONAL
COLOMBIA;POSPAGO;ORO HD;136;CANAL UNO;SD;NACIONAL
COLOMBIA;POSPAGO;ORO HD;137;SEÑAL COLOMBIA;SD;EDUCATIVO
COLOMBIA;POSPAGO;ORO HD;138;SEÑAL INSTITUCIONAL;SD;INFORMATIVO
COLOMBIA;POSPAGO;ORO HD;139;CANAL CONGRESO;SD;INFORMATIVO
COLOMBIA;POSPAGO;ORO HD;140;TELEANTIOQUIA;SD;NACIONAL
COLOMBIA;POSPAGO;ORO HD;141;TELEPACIFICO;SD;NACIONAL
COLOMBIA;POSPAGO;ORO HD;142;TELECAFE;SD;NACIONAL
COLOMBIA;POSPAGO;ORO HD;143;CANAL CAPITAL;SD;NACIONAL
COLOMBIA;POSPAGO;ORO HD;144;TELECAFE;SD;NACIONAL
COLOMBIA;POSPAGO;ORO HD;145;NTN 24;SD;NOTICIAS
COLOMBIA;POSPAGO;ORO HD;146;EL TIEMPO;SD;NOTICIAS
COLOMBIA;POSPAGO;ORO HD;147;CABLE NOTICIAS;SD;NOTICIAS
COLOMBIA;POSPAGO;ORO HD;148;TRO;SD;NACIONAL
COLOMBIA;POSPAGO;ORO HD;149;TRECE;SD;NACIONAL
COLOMBIA;POSPAGO;ORO HD;150;TELE ISLAS;SD;NACIONAL
COLOMBIA;POSPAGO;ORO HD;151;TELEMEDELLIN;SD;NACIONAL
COLOMBIA;POSPAGO;ORO HD;152;TV AGRO;SD;EDUCATIVO
COLOMBIA;POSPAGO;ORO HD;202;STAR CHANNEL;SD;SERIES Y PELICULAS
COLOMBIA;POSPAGO;ORO HD;204;STAR CHANNEL HD;SD;SERIES Y PELICULAS
COLOMBIA;POSPAGO;ORO HD;206;WARNER;SD;SERIES Y PELICULAS
COLOMBIA;POSPAGO;ORO HD;207;A&E;SD;SERIES Y PELICULAS
COLOMBIA;POSPAGO;ORO HD;208;SONY;SD;SERIES Y PELICULAS
COLOMBIA;POSPAGO;ORO HD;209;AXN HD;SD;SERIES Y PELICULAS
COLOMBIA;POSPAGO;ORO HD;210;AMC;SD;SERIES Y PELICULAS
COLOMBIA;POSPAGO;ORO HD;213;TNT SERIES;SD;SERIES Y PELICULAS
COLOMBIA;POSPAGO;ORO HD;214;ATRES SERIES;SD;SERIES Y PELICULAS
COLOMBIA;POSPAGO;ORO HD;215;COMEDY CENTRAL;SD;SERIES Y PELICULAS
COLOMBIA;POSPAGO;ORO HD;216;TNT NOVELAS;SD;TELENOVELAS
COLOMBIA;POSPAGO;ORO HD;217;FX;SD;SERIES Y PELICULAS
COLOMBIA;POSPAGO;ORO HD;218;UNIVERSAL;SD;SERIES Y PELICULAS
COLOMBIA;POSPAGO;ORO HD;219;USA;SD;SERIES Y PELICULAS
COLOMBIA;POSPAGO;ORO HD;220;ADULT SWIM;SD;INFANTIL
COLOMBIA;POSPAGO;ORO HD;221;¡HOLA! TV;SD;HOGAR Y VARIEDADES
COLOMBIA;POSPAGO;ORO HD;222;E!;SD;HOGAR Y VARIEDADES
COLOMBIA;POSPAGO;ORO HD;223;ID;SD;CIENCIA Y CULTURA
COLOMBIA;POSPAGO;ORO HD;226;CANAL DE LAS ESTRELLAS;SD;NACIONAL
COLOMBIA;POSPAGO;ORO HD;227;TL NOVELAS;SD;TELENOVELAS
COLOMBIA;POSPAGO;ORO HD;228;LIFETIME;SD;SERIES Y PELICULAS
COLOMBIA;POSPAGO;ORO HD;229;DISCOVERY HOME & HEALTH;SD;HOGAR Y VARIEDADES
COLOMBIA;POSPAGO;ORO HD;230;AMC SERIES;SD;SERIES Y PELICULAS
COLOMBIA;POSPAGO;ORO HD;231;TELEMUNDO;SD;TELENOVELAS
COLOMBIA;POSPAGO;ORO HD;232;EL GOURMET;SD;GASTRONÓMICO
COLOMBIA;POSPAGO;ORO HD;233;FOOD NETWORK;SD;GASTRONÓMICO
COLOMBIA;POSPAGO;ORO HD;264;MTV;SD;MUSICAL
COLOMBIA;POSPAGO;ORO HD;269;QUIERO MÚSICA EN MI IDIOMA;SD;MUSICAL
COLOMBIA;POSPAGO;ORO HD;270;MI GENTE 3.0;SD;HOGAR Y VARIEDADES
COLOMBIA;POSPAGO;ORO HD;302;ESCUELA+;SD;EDUCATIVO
COLOMBIA;POSPAGO;ORO HD;304;CARTOON NETWORK;SD;INFANTIL
COLOMBIA;POSPAGO;ORO HD;308;NICKELODEON;SD;INFANTIL
COLOMBIA;POSPAGO;ORO HD;309;NICK JR.;SD;INFANTIL
COLOMBIA;POSPAGO;ORO HD;310;EL REINO INFANTIL;SD;INFANTIL
COLOMBIA;POSPAGO;ORO HD;312;DISNEY CHANNEL HD;SD;INFANTIL
COLOMBIA;POSPAGO;ORO HD;314;DISNEY CHANNEL (MULTI);SD;INFANTIL
COLOMBIA;POSPAGO;ORO HD;315;DISNEY JUNIOR;SD;INFANTIL
COLOMBIA;POSPAGO;ORO HD;317;BABY TV;SD;INFANTIL
COLOMBIA;POSPAGO;ORO HD;318;PLIM PLIM;SD;INFANTIL
COLOMBIA;POSPAGO;ORO HD;330;DISCOVERY KIDS;SD;INFANTIL
COLOMBIA;POSPAGO;ORO HD;334;CARTOONITO;SD;INFANTIL
COLOMBIA;POSPAGO;ORO HD;350;EWTN;SD;RELIGIOSO
COLOMBIA;POSPAGO;ORO HD;351;ORBE 21;SD;RELIGIOSO
COLOMBIA;POSPAGO;ORO HD;352;ENLACE;SD;RELIGIOSO
COLOMBIA;POSPAGO;ORO HD;353;CRISTOVISIÓN;SD;RELIGIOSO
COLOMBIA;POSPAGO;ORO HD;358;DAYSTAR;SD;RELIGIOSO
COLOMBIA;POSPAGO;ORO HD;502;TNT;SD;SERIES Y PELICULAS
COLOMBIA;POSPAGO;ORO HD;503;GOLDEN;SD;SERIES Y PELICULAS
COLOMBIA;POSPAGO;ORO HD;506;SONY MOVIES;SD;SERIES Y PELICULAS
COLOMBIA;POSPAGO;ORO HD;507;CINECANAL;SD;SERIES Y PELICULAS
COLOMBIA;POSPAGO;ORO HD;508;STUDIO UNIVERSAL;SD;SERIES Y PELICULAS
COLOMBIA;POSPAGO;ORO HD;509;CINEMAX;SD;SERIES Y PELICULAS
COLOMBIA;POSPAGO;ORO HD;510;MÓRBIDO TV;SD;SERIES Y PELICULAS
COLOMBIA;POSPAGO;ORO HD;513;DHE;SD;SERIES Y PELICULAS
COLOMBIA;POSPAGO;ORO HD;516;DE PELÍCULA;SD;SERIES Y PELICULAS
COLOMBIA;POSPAGO;ORO HD;517;GOLDEN EDGE;SD;SERIES Y PELICULAS
COLOMBIA;POSPAGO;ORO HD;518;SPACE;SD;SERIES Y PELICULAS
COLOMBIA;POSPAGO;ORO HD;610;DSPORTS;SD;DEPORTES
COLOMBIA;POSPAGO;ORO HD;612;DSPORTS 2;SD;DEPORTES
COLOMBIA;POSPAGO;ORO HD;613;DSPORTS +;SD;DEPORTES
COLOMBIA;POSPAGO;ORO HD;621;ESPN;SD;DEPORTES
COLOMBIA;POSPAGO;ORO HD;622;ESPN 2 ANDINA;SD;DEPORTES
COLOMBIA;POSPAGO;ORO HD;623;ESPN 3;SD;DEPORTES
COLOMBIA;POSPAGO;ORO HD;625;ESPN 5;SD;DEPORTES
COLOMBIA;POSPAGO;ORO HD;626;ESPN 6;SD;DEPORTES
COLOMBIA;POSPAGO;ORO HD;627;ESPN 7;SD;DEPORTES
COLOMBIA;POSPAGO;ORO HD;628;GOLF CHANNEL LATIN AMERICA;SD;DEPORTES
COLOMBIA;POSPAGO;ORO HD;629;TYC SPORTS INTERNACIONAL;SD;DEPORTES
COLOMBIA;POSPAGO;ORO HD;631;DSPORTS RADIO;AUDIO;DEPORTES
COLOMBIA;POSPAGO;ORO HD;633;WIN SPORTS;SD;DEPORTES
COLOMBIA;POSPAGO;ORO HD;700;D NEWS;SD;NOTICIAS
COLOMBIA;POSPAGO;ORO HD;704;CNN EN ESPAÑOL;SD;NOTICIAS
COLOMBIA;POSPAGO;ORO HD;706;CNN INTERNACIONAL;SD;NOTICIAS
COLOMBIA;POSPAGO;ORO HD;707;CNN CHILE;SD;NOTICIAS
COLOMBIA;POSPAGO;ORO HD;708;TVN 24 HORAS;SD;NOTICIAS
COLOMBIA;POSPAGO;ORO HD;710;BLOOMBERG;SD;NOTICIAS
COLOMBIA;POSPAGO;ORO HD;716;TODO NOTICIAS;SD;NOTICIAS
COLOMBIA;POSPAGO;ORO HD;720;CANAL 26;SD;NOTICIAS
COLOMBIA;POSPAGO;ORO HD;726;CANAL RURAL;SD;EDUCATIVO
COLOMBIA;POSPAGO;ORO HD;730;NATIONAL GEOGRAPHIC;SD;CIENCIA Y CULTURA
COLOMBIA;POSPAGO;ORO HD;732;DISCOVERY;SD;CIENCIA Y CULTURA
COLOMBIA;POSPAGO;ORO HD;734;ANIMAL PLANET;SD;CIENCIA Y CULTURA
COLOMBIA;POSPAGO;ORO HD;736;DISCOVERY TURBO;SD;HOGAR Y VARIEDADES
COLOMBIA;POSPAGO;ORO HD;740;TLC;SD;HOGAR Y VARIEDADES
COLOMBIA;POSPAGO;ORO HD;742;HISTORY;SD;CIENCIA Y CULTURA
COLOMBIA;POSPAGO;ORO HD;744;HISTORY 2;SD;CIENCIA Y CULTURA
COLOMBIA;POSPAGO;ORO HD;760;UNIVISION;SD;NACIONAL
COLOMBIA;POSPAGO;ORO HD;762;ANTENA 3 INTERNACIONAL;SD;NACIONAL
COLOMBIA;POSPAGO;ORO HD;764;FRANCE 24;SD;NOTICIAS
COLOMBIA;POSPAGO;ORO HD;766;RAI ITALIA;SD;NACIONAL
COLOMBIA;POSPAGO;ORO HD;768;BBC WORLD;SD;NOTICIAS
COLOMBIA;POSPAGO;ORO HD;770;DW;SD;NOTICIAS
COLOMBIA;POSPAGO;ORO HD;774;TV CHILE INTERNACIONAL;SD;NACIONAL
COLOMBIA;POSPAGO;ORO HD;778;RTP;SD;NACIONAL
COLOMBIA;POSPAGO;ORO HD;784;EL TRECE;SD;NACIONAL
COLOMBIA;POSPAGO;ORO HD;786;TELEFÉ;SD;NACIONAL
COLOMBIA;POSPAGO;ORO HD;790;CGTN;SD;NOTICIAS
COLOMBIA;POSPAGO;ORO HD;980;UNIÓN RADIO NOTICIAS;AUDIO;AUDIO
COLOMBIA;POSPAGO;ORO HD;982;RADIO CARACOL;AUDIO;AUDIO
COLOMBIA;POSPAGO;ORO HD;984;RADIO FRANCE INTERNACIONAL;AUDIO;AUDIO
COLOMBIA;POSPAGO;ORO HD;991;LA FM PLUS;AUDIO;AUDIO
COLOMBIA;POSPAGO;ORO HD;992;ALERTA BOGOTÁ;AUDIO;NOTICIAS
COLOMBIA;POSPAGO;ORO HD;993;LA W RADIO;AUDIO;AUDIO
COLOMBIA;POSPAGO;ORO HD;1127;DSHOW;SD;HOGAR Y VARIEDADES
COLOMBIA;POSPAGO;ORO HD;1130;RCN;HD;NACIONAL
COLOMBIA;POSPAGO;ORO HD;1132;CARACOL;HD;NACIONAL
COLOMBIA;POSPAGO;ORO HD;1136;CANAL UNO;HD;NACIONAL
COLOMBIA;POSPAGO;ORO HD;1137;SEÑAL COLOMBIA;HD;EDUCATIVO
COLOMBIA;POSPAGO;ORO HD;1138;SEÑAL INSTITUCIONAL;HD;INFORMATIVO
COLOMBIA;POSPAGO;ORO HD;1140;TELEANTIOQUIA;HD;NACIONAL
COLOMBIA;POSPAGO;ORO HD;1141;TELEPACIFICO;HD;NACIONAL
COLOMBIA;POSPAGO;ORO HD;1142;TELECAFE;HD;NACIONAL
COLOMBIA;POSPAGO;ORO HD;1147;CABLE NOTICIAS;HD;NOTICIAS
COLOMBIA;POSPAGO;ORO HD;1204;STAR CHANNEL;HD;SERIES Y PELICULAS
COLOMBIA;POSPAGO;ORO HD;1206;WARNER;HD;SERIES Y PELICULAS
COLOMBIA;POSPAGO;ORO HD;1207;A&E;HD;SERIES Y PELICULAS
COLOMBIA;POSPAGO;ORO HD;1208;SONY;HD;SERIES Y PELICULAS
COLOMBIA;POSPAGO;ORO HD;1209;AXN;HD;SERIES Y PELICULAS
COLOMBIA;POSPAGO;ORO HD;1210;AMC;HD;SERIES Y PELICULAS
COLOMBIA;POSPAGO;ORO HD;1213;TNT SERIES;HD;SERIES Y PELICULAS
COLOMBIA;POSPAGO;ORO HD;1214;ATRES SERIES;HD;SERIES Y PELICULAS
COLOMBIA;POSPAGO;ORO HD;1215;COMEDY CENTRAL;HD;SERIES Y PELICULAS
COLOMBIA;POSPAGO;ORO HD;1217;FX;HD;SERIES Y PELICULAS
COLOMBIA;POSPAGO;ORO HD;1218;UNIVERSAL;HD;SERIES Y PELICULAS
COLOMBIA;POSPAGO;ORO HD;1219;USA;HD;SERIES Y PELICULAS
COLOMBIA;POSPAGO;ORO HD;1221;¡HOLA! TV;HD;HOGAR Y VARIEDADES
COLOMBIA;POSPAGO;ORO HD;1222;E!;HD;HOGAR Y VARIEDADES
COLOMBIA;POSPAGO;ORO HD;1223;ID HD;HD;CIENCIA Y CULTURA
COLOMBIA;POSPAGO;ORO HD;1228;LIFETIME;HD;SERIES Y PELICULAS
COLOMBIA;POSPAGO;ORO HD;1229;DISCOVERY HOME & HEALTH;HD;HOGAR Y VARIEDADES
COLOMBIA;POSPAGO;ORO HD;1231;A LA COCINA;HD;GASTRONÓMICO
COLOMBIA;POSPAGO;ORO HD;1232;EL GOURMET;HD;GASTRONÓMICO
COLOMBIA;POSPAGO;ORO HD;1233;FOOD NETWORK;HD;GASTRONÓMICO
COLOMBIA;POSPAGO;ORO HD;1234;HGTV;HD;HOGAR Y VARIEDADES
COLOMBIA;POSPAGO;ORO HD;1236;VEPLUS;HD;HOGAR Y VARIEDADES
COLOMBIA;POSPAGO;ORO HD;1264;MTV;HD;MUSICAL
COLOMBIA;POSPAGO;ORO HD;1265;MUSIC TOP;HD;MUSICAL
COLOMBIA;POSPAGO;ORO HD;1266;TIERRA MIA;HD;CIENCIA Y CULTURA
COLOMBIA;POSPAGO;ORO HD;1270;LATINA TV;HD;NACIONAL
COLOMBIA;POSPAGO;ORO HD;1273;INTI;HD;EDUCATIVO
COLOMBIA;POSPAGO;ORO HD;1302;ESCUELA+;HD;EDUCATIVO
COLOMBIA;POSPAGO;ORO HD;1304;CARTOON NETWORK;HD;INFANTIL
COLOMBIA;POSPAGO;ORO HD;1308;NICKELODEON;HD;INFANTIL
COLOMBIA;POSPAGO;ORO HD;1309;NICK JR.;HD;INFANTIL
COLOMBIA;POSPAGO;ORO HD;1310;EL REINO INFANTIL;HD;INFANTIL
COLOMBIA;POSPAGO;ORO HD;1312;DISNEY CHANNEL;HD;INFANTIL
COLOMBIA;POSPAGO;ORO HD;1315;DISNEY JUNIOR;HD;INFANTIL
COLOMBIA;POSPAGO;ORO HD;1317;BABY TV;SD;INFANTIL
COLOMBIA;POSPAGO;ORO HD;1318;PLIM PLIM;HD;INFANTIL
COLOMBIA;POSPAGO;ORO HD;1330;DISCOVERY KIDS;HD;INFANTIL
COLOMBIA;POSPAGO;ORO HD;1502;TNT;HD;SERIES Y PELICULAS
COLOMBIA;POSPAGO;ORO HD;1503;GOLDEN;HD;SERIES Y PELICULAS
COLOMBIA;POSPAGO;ORO HD;1506;SONY MOVIES;HD;SERIES Y PELICULAS
COLOMBIA;POSPAGO;ORO HD;1507;CINECANAL;HD;SERIES Y PELICULAS
COLOMBIA;POSPAGO;ORO HD;1508;STUDIO UNIVERSAL;HD;SERIES Y PELICULAS
COLOMBIA;POSPAGO;ORO HD;1509;CINEMAX;HD;SERIES Y PELICULAS
COLOMBIA;POSPAGO;ORO HD;1510;MÓRBIDO TV;HD;SERIES Y PELICULAS
COLOMBIA;POSPAGO;ORO HD;1513;DHE;HD;SERIES Y PELICULAS
COLOMBIA;POSPAGO;ORO HD;1518;SPACE;HD;SERIES Y PELICULAS
COLOMBIA;POSPAGO;ORO HD;1610;DSPORTS;HD;DEPORTES
COLOMBIA;POSPAGO;ORO HD;1612;DSPORTS 2;HD;DEPORTES
COLOMBIA;POSPAGO;ORO HD;1613;DSPORTS +;HD;DEPORTES
COLOMBIA;POSPAGO;ORO HD;1621;ESPN;HD;DEPORTES
COLOMBIA;POSPAGO;ORO HD;1622;ESPN 2;HD;DEPORTES
COLOMBIA;POSPAGO;ORO HD;1623;ESPN 3;HD;DEPORTES
COLOMBIA;POSPAGO;ORO HD;1624;ESPN 4;HD;DEPORTES
COLOMBIA;POSPAGO;ORO HD;1625;ESPN 5;HD;DEPORTES
COLOMBIA;POSPAGO;ORO HD;1626;ESPN 6;HD;DEPORTES
COLOMBIA;POSPAGO;ORO HD;1627;ESPN 7;HD;DEPORTES
COLOMBIA;POSPAGO;ORO HD;1628;GOLF CHANNEL;HD;DEPORTES
COLOMBIA;POSPAGO;ORO HD;1633;WIN SPORTS;HD;DEPORTES
COLOMBIA;POSPAGO;ORO HD;1639;PX SPORTS;HD;DEPORTES
COLOMBIA;POSPAGO;ORO HD;1700;D NEWS;HD;NOTICIAS
COLOMBIA;POSPAGO;ORO HD;1730;NATIONAL GEOGRAPHIC;HD;CIENCIA Y CULTURA
COLOMBIA;POSPAGO;ORO HD;1731;DISCOVERY THEATER;HD;CIENCIA Y CULTURA
COLOMBIA;POSPAGO;ORO HD;1732;DISCOVERY;HD;CIENCIA Y CULTURA
COLOMBIA;POSPAGO;ORO HD;1734;ANIMAL PLANET;HD;CIENCIA Y CULTURA
COLOMBIA;POSPAGO;ORO HD;1738;DISCOVERY WORLD;HD;CIENCIA Y CULTURA
COLOMBIA;POSPAGO;ORO HD;1740;TLC;HD;HOGAR Y VARIEDADES
COLOMBIA;POSPAGO;ORO HD;1742;HISTORY;HD;CIENCIA Y CULTURA
COLOMBIA;POSPAGO;ORO HD;1744;HISTORY 2;HD;CIENCIA Y CULTURA
COLOMBIA;POSPAGO;ORO HD;1750;ENCUENTRO INTERNACIONAL;HD;EDUCATIVO
COLOMBIA;POSPAGO;ORO HD;1762;ANTENA 3 INTERNACIONAL;HD;NACIONAL
COLOMBIA;POSPAGO;ORO HD;1764;FRANCE 24;HD;NOTICIAS
COLOMBIA;POSPAGO;ORO HD;N/A;AMAZON PRIME;DIGITAL PREMIUM;AMAZON
COLOMBIA;POSPAGO;PLATA;117;TV FAMILIA;SD;RELIGIOSO
COLOMBIA;POSPAGO;PLATA;127;DSHOW;SD;HOGAR Y VARIEDADES
COLOMBIA;POSPAGO;PLATA;130;RCN;SD;NACIONAL
COLOMBIA;POSPAGO;PLATA;132;CARACOL;SD;NACIONAL
COLOMBIA;POSPAGO;PLATA;133;CITY TV;SD;NACIONAL
COLOMBIA;POSPAGO;PLATA;134;CARACOL INTERNACIONAL;SD;NACIONAL
COLOMBIA;POSPAGO;PLATA;135;RCN NUESTRA TELE;SD;NACIONAL
COLOMBIA;POSPAGO;PLATA;136;CANAL UNO;SD;NACIONAL
COLOMBIA;POSPAGO;PLATA;137;SEÑAL COLOMBIA;SD;EDUCATIVO
COLOMBIA;POSPAGO;PLATA;138;SEÑAL INSTITUCIONAL;SD;INFORMATIVO
COLOMBIA;POSPAGO;PLATA;139;CANAL CONGRESO;SD;INFORMATIVO
COLOMBIA;POSPAGO;PLATA;140;TELEANTIOQUIA;SD;NACIONAL
COLOMBIA;POSPAGO;PLATA;141;TELEPACIFICO;SD;NACIONAL
COLOMBIA;POSPAGO;PLATA;142;TELECAFE;SD;NACIONAL
COLOMBIA;POSPAGO;PLATA;143;CANAL CAPITAL;SD;NACIONAL
COLOMBIA;POSPAGO;PLATA;144;TELECAFE;SD;NACIONAL
COLOMBIA;POSPAGO;PLATA;145;NTN 24;SD;NOTICIAS
COLOMBIA;POSPAGO;PLATA;146;EL TIEMPO;SD;NOTICIAS
COLOMBIA;POSPAGO;PLATA;147;CABLE NOTICIAS;SD;NOTICIAS
COLOMBIA;POSPAGO;PLATA;148;TRO;SD;NACIONAL
COLOMBIA;POSPAGO;PLATA;149;TRECE;SD;NACIONAL
COLOMBIA;POSPAGO;PLATA;150;TELE ISLAS;SD;NACIONAL
COLOMBIA;POSPAGO;PLATA;151;TELEMEDELLIN;SD;NACIONAL
COLOMBIA;POSPAGO;PLATA;152;TV AGRO;SD;EDUCATIVO
COLOMBIA;POSPAGO;PLATA;202;STAR CHANNEL;SD;SERIES Y PELICULAS
COLOMBIA;POSPAGO;PLATA;206;WARNER;SD;SERIES Y PELICULAS
COLOMBIA;POSPAGO;PLATA;207;A&E;SD;SERIES Y PELICULAS
COLOMBIA;POSPAGO;PLATA;208;SONY;SD;SERIES Y PELICULAS
COLOMBIA;POSPAGO;PLATA;209;AXN HD;SD;SERIES Y PELICULAS
COLOMBIA;POSPAGO;PLATA;210;AMC;SD;SERIES Y PELICULAS
COLOMBIA;POSPAGO;PLATA;214;ATRES SERIES;SD;SERIES Y PELICULAS
COLOMBIA;POSPAGO;PLATA;215;COMEDY CENTRAL;SD;SERIES Y PELICULAS
COLOMBIA;POSPAGO;PLATA;216;TNT NOVELAS;SD;TELENOVELAS
COLOMBIA;POSPAGO;PLATA;217;FX;SD;SERIES Y PELICULAS
COLOMBIA;POSPAGO;PLATA;218;UNIVERSAL;SD;SERIES Y PELICULAS
COLOMBIA;POSPAGO;PLATA;221;¡HOLA! TV;SD;HOGAR Y VARIEDADES
COLOMBIA;POSPAGO;PLATA;222;E!;SD;HOGAR Y VARIEDADES
COLOMBIA;POSPAGO;PLATA;223;ID;SD;CIENCIA Y CULTURA
COLOMBIA;POSPAGO;PLATA;226;CANAL DE LAS ESTRELLAS;SD;NACIONAL
COLOMBIA;POSPAGO;PLATA;227;TL NOVELAS;SD;TELENOVELAS
COLOMBIA;POSPAGO;PLATA;228;LIFETIME;SD;SERIES Y PELICULAS
COLOMBIA;POSPAGO;PLATA;229;DISCOVERY HOME & HEALTH;SD;HOGAR Y VARIEDADES
COLOMBIA;POSPAGO;PLATA;230;AMC SERIES;SD;SERIES Y PELICULAS
COLOMBIA;POSPAGO;PLATA;231;TELEMUNDO;SD;TELENOVELAS
COLOMBIA;POSPAGO;PLATA;232;EL GOURMET;SD;GASTRONÓMICO
COLOMBIA;POSPAGO;PLATA;233;FOOD NETWORK;SD;GASTRONÓMICO
COLOMBIA;POSPAGO;PLATA;264;MTV;SD;MUSICAL
COLOMBIA;POSPAGO;PLATA;269;QUIERO MÚSICA EN MI IDIOMA;SD;MUSICAL
COLOMBIA;POSPAGO;PLATA;270;MI GENTE 3.0;SD;HOGAR Y VARIEDADES
COLOMBIA;POSPAGO;PLATA;302;ESCUELA+;SD;EDUCATIVO
COLOMBIA;POSPAGO;PLATA;304;CARTOON NETWORK;SD;INFANTIL
COLOMBIA;POSPAGO;PLATA;308;NICKELODEON;SD;INFANTIL
COLOMBIA;POSPAGO;PLATA;309;NICK JR.;SD;INFANTIL
COLOMBIA;POSPAGO;PLATA;314;DISNEY CHANNEL (MULTI);SD;INFANTIL
COLOMBIA;POSPAGO;PLATA;315;DISNEY JUNIOR;SD;INFANTIL
COLOMBIA;POSPAGO;PLATA;318;PLIM PLIM;SD;INFANTIL
COLOMBIA;POSPAGO;PLATA;330;DISCOVERY KIDS;SD;INFANTIL
COLOMBIA;POSPAGO;PLATA;334;CARTOONITO;SD;INFANTIL
COLOMBIA;POSPAGO;PLATA;350;EWTN;SD;RELIGIOSO
COLOMBIA;POSPAGO;PLATA;351;ORBE 21;SD;RELIGIOSO
COLOMBIA;POSPAGO;PLATA;352;ENLACE;SD;RELIGIOSO
COLOMBIA;POSPAGO;PLATA;353;CRISTOVISIÓN;SD;RELIGIOSO
COLOMBIA;POSPAGO;PLATA;358;DAYSTAR;SD;RELIGIOSO
COLOMBIA;POSPAGO;PLATA;502;TNT;SD;SERIES Y PELICULAS
COLOMBIA;POSPAGO;PLATA;503;GOLDEN;SD;SERIES Y PELICULAS
COLOMBIA;POSPAGO;PLATA;506;SONY MOVIES;SD;SERIES Y PELICULAS
COLOMBIA;POSPAGO;PLATA;507;CINECANAL;SD;SERIES Y PELICULAS
COLOMBIA;POSPAGO;PLATA;508;STUDIO UNIVERSAL;SD;SERIES Y PELICULAS
COLOMBIA;POSPAGO;PLATA;509;CINEMAX;SD;SERIES Y PELICULAS
COLOMBIA;POSPAGO;PLATA;510;MÓRBIDO TV;SD;SERIES Y PELICULAS
COLOMBIA;POSPAGO;PLATA;516;DE PELÍCULA;SD;SERIES Y PELICULAS
COLOMBIA;POSPAGO;PLATA;518;SPACE;SD;SERIES Y PELICULAS
COLOMBIA;POSPAGO;PLATA;610;DSPORTS;SD;DEPORTES
COLOMBIA;POSPAGO;PLATA;612;DSPORTS 2;SD;DEPORTES
COLOMBIA;POSPAGO;PLATA;613;DSPORTS +;SD;DEPORTES
COLOMBIA;POSPAGO;PLATA;621;ESPN;SD;DEPORTES
COLOMBIA;POSPAGO;PLATA;622;ESPN 2 ANDINA;SD;DEPORTES
COLOMBIA;POSPAGO;PLATA;623;ESPN 3;SD;DEPORTES
COLOMBIA;POSPAGO;PLATA;625;ESPN 5;SD;DEPORTES
COLOMBIA;POSPAGO;PLATA;626;ESPN 6;SD;DEPORTES
COLOMBIA;POSPAGO;PLATA;627;ESPN 7;SD;DEPORTES
COLOMBIA;POSPAGO;PLATA;631;DSPORTS RADIO;AUDIO;DEPORTES
COLOMBIA;POSPAGO;PLATA;633;WIN SPORTS;SD;DEPORTES
COLOMBIA;POSPAGO;PLATA;700;D NEWS;SD;NOTICIAS
COLOMBIA;POSPAGO;PLATA;704;CNN EN ESPAÑOL;SD;NOTICIAS
COLOMBIA;POSPAGO;PLATA;716;TODO NOTICIAS;SD;NOTICIAS
COLOMBIA;POSPAGO;PLATA;720;CANAL 26;SD;NOTICIAS
COLOMBIA;POSPAGO;PLATA;726;CANAL RURAL;SD;EDUCATIVO
COLOMBIA;POSPAGO;PLATA;730;NATIONAL GEOGRAPHIC;SD;CIENCIA Y CULTURA
COLOMBIA;POSPAGO;PLATA;732;DISCOVERY;SD;CIENCIA Y CULTURA
COLOMBIA;POSPAGO;PLATA;734;ANIMAL PLANET;SD;CIENCIA Y CULTURA
COLOMBIA;POSPAGO;PLATA;740;TLC;SD;HOGAR Y VARIEDADES
COLOMBIA;POSPAGO;PLATA;742;HISTORY;SD;CIENCIA Y CULTURA
COLOMBIA;POSPAGO;PLATA;744;HISTORY 2;SD;CIENCIA Y CULTURA
COLOMBIA;POSPAGO;PLATA;762;ANTENA 3 INTERNACIONAL;SD;NACIONAL
COLOMBIA;POSPAGO;PLATA;764;FRANCE 24;SD;NOTICIAS
COLOMBIA;POSPAGO;PLATA;774;TV CHILE INTERNACIONAL;SD;NACIONAL
COLOMBIA;POSPAGO;PLATA;784;EL TRECE;SD;NACIONAL
COLOMBIA;POSPAGO;PLATA;786;TELEFÉ;SD;NACIONAL
COLOMBIA;POSPAGO;PLATA;790;CGTN;SD;NOTICIAS
COLOMBIA;POSPAGO;PLATA;980;UNIÓN RADIO NOTICIAS;AUDIO;AUDIO
COLOMBIA;POSPAGO;PLATA;982;RADIO CARACOL;AUDIO;AUDIO
COLOMBIA;POSPAGO;PLATA;984;RADIO FRANCE INTERNACIONAL;AUDIO;AUDIO
COLOMBIA;POSPAGO;PLATA;991;LA FM PLUS;AUDIO;AUDIO
COLOMBIA;POSPAGO;PLATA;992;ALERTA BOGOTÁ;AUDIO;NOTICIAS
COLOMBIA;POSPAGO;PLATA;993;LA W RADIO;AUDIO;AUDIO
COLOMBIA;POSPAGO;PLATA;1127;DSHOW;SD;HOGAR Y VARIEDADES
COLOMBIA;POSPAGO;PLATA;1147;CABLE NOTICIAS;HD;NOTICIAS
COLOMBIA;POSPAGO;PLATA;1217;FX;HD;SERIES Y PELICULAS
COLOMBIA;POSPAGO;PLATA;1222;E!;HD;HOGAR Y VARIEDADES
COLOMBIA;POSPAGO;PLATA;1265;MUSIC TOP;HD;MUSICAL
COLOMBIA;POSPAGO;PLATA;1270;LATINA TV;HD;NACIONAL
COLOMBIA;POSPAGO;PLATA;1302;ESCUELA+;HD;EDUCATIVO
COLOMBIA;POSPAGO;PLATA;1318;PLIM PLIM;HD;INFANTIL
COLOMBIA;POSPAGO;PLATA;1506;SONY MOVIES;HD;SERIES Y PELICULAS
COLOMBIA;POSPAGO;PLATA;1623;ESPN 3;HD;DEPORTES
COLOMBIA;POSPAGO;PLATA;1700;D NEWS;HD;NOTICIAS
COLOMBIA;POSPAGO;PLATA;N/A;AMAZON PRIME;DIGITAL PREMIUM;AMAZON
COLOMBIA;POSPAGO;PLATA HD;117;TV FAMILIA;SD;RELIGIOSO
COLOMBIA;POSPAGO;PLATA HD;127;DSHOW;SD;HOGAR Y VARIEDADES
COLOMBIA;POSPAGO;PLATA HD;130;RCN;SD;NACIONAL
COLOMBIA;POSPAGO;PLATA HD;132;CARACOL;SD;NACIONAL
COLOMBIA;POSPAGO;PLATA HD;133;CITY TV;SD;NACIONAL
COLOMBIA;POSPAGO;PLATA HD;134;CARACOL INTERNACIONAL;SD;NACIONAL
COLOMBIA;POSPAGO;PLATA HD;135;RCN NUESTRA TELE;SD;NACIONAL
COLOMBIA;POSPAGO;PLATA HD;136;CANAL UNO;SD;NACIONAL
COLOMBIA;POSPAGO;PLATA HD;137;SEÑAL COLOMBIA;SD;EDUCATIVO
COLOMBIA;POSPAGO;PLATA HD;138;SEÑAL INSTITUCIONAL;SD;INFORMATIVO
COLOMBIA;POSPAGO;PLATA HD;139;CANAL CONGRESO;SD;INFORMATIVO
COLOMBIA;POSPAGO;PLATA HD;140;TELEANTIOQUIA;SD;NACIONAL
COLOMBIA;POSPAGO;PLATA HD;141;TELEPACIFICO;SD;NACIONAL
COLOMBIA;POSPAGO;PLATA HD;142;TELECAFE;SD;NACIONAL
COLOMBIA;POSPAGO;PLATA HD;143;CANAL CAPITAL;SD;NACIONAL
COLOMBIA;POSPAGO;PLATA HD;144;TELECAFE;SD;NACIONAL
COLOMBIA;POSPAGO;PLATA HD;145;NTN 24;SD;NOTICIAS
COLOMBIA;POSPAGO;PLATA HD;146;EL TIEMPO;SD;NOTICIAS
COLOMBIA;POSPAGO;PLATA HD;147;CABLE NOTICIAS;SD;NOTICIAS
COLOMBIA;POSPAGO;PLATA HD;148;TRO;SD;NACIONAL
COLOMBIA;POSPAGO;PLATA HD;149;TRECE;SD;NACIONAL
COLOMBIA;POSPAGO;PLATA HD;150;TELE ISLAS;SD;NACIONAL
COLOMBIA;POSPAGO;PLATA HD;151;TELEMEDELLIN;SD;NACIONAL
COLOMBIA;POSPAGO;PLATA HD;152;TV AGRO;SD;EDUCATIVO
COLOMBIA;POSPAGO;PLATA HD;202;STAR CHANNEL;SD;SERIES Y PELICULAS
COLOMBIA;POSPAGO;PLATA HD;204;STAR CHANNEL HD;SD;SERIES Y PELICULAS
COLOMBIA;POSPAGO;PLATA HD;206;WARNER;SD;SERIES Y PELICULAS
COLOMBIA;POSPAGO;PLATA HD;207;A&E;SD;SERIES Y PELICULAS
COLOMBIA;POSPAGO;PLATA HD;208;SONY;SD;SERIES Y PELICULAS
COLOMBIA;POSPAGO;PLATA HD;209;AXN HD;SD;SERIES Y PELICULAS
COLOMBIA;POSPAGO;PLATA HD;210;AMC;SD;SERIES Y PELICULAS
COLOMBIA;POSPAGO;PLATA HD;214;ATRES SERIES;SD;SERIES Y PELICULAS
COLOMBIA;POSPAGO;PLATA HD;215;COMEDY CENTRAL;SD;SERIES Y PELICULAS
COLOMBIA;POSPAGO;PLATA HD;216;TNT NOVELAS;SD;TELENOVELAS
COLOMBIA;POSPAGO;PLATA HD;217;FX;SD;SERIES Y PELICULAS
COLOMBIA;POSPAGO;PLATA HD;218;UNIVERSAL;SD;SERIES Y PELICULAS
COLOMBIA;POSPAGO;PLATA HD;221;¡HOLA! TV;SD;HOGAR Y VARIEDADES
COLOMBIA;POSPAGO;PLATA HD;222;E!;SD;HOGAR Y VARIEDADES
COLOMBIA;POSPAGO;PLATA HD;223;ID;SD;CIENCIA Y CULTURA
COLOMBIA;POSPAGO;PLATA HD;226;CANAL DE LAS ESTRELLAS;SD;NACIONAL
COLOMBIA;POSPAGO;PLATA HD;227;TL NOVELAS;SD;TELENOVELAS
COLOMBIA;POSPAGO;PLATA HD;228;LIFETIME;SD;SERIES Y PELICULAS
COLOMBIA;POSPAGO;PLATA HD;229;DISCOVERY HOME & HEALTH;SD;HOGAR Y VARIEDADES
COLOMBIA;POSPAGO;PLATA HD;230;AMC SERIES;SD;SERIES Y PELICULAS
COLOMBIA;POSPAGO;PLATA HD;231;TELEMUNDO;SD;TELENOVELAS
COLOMBIA;POSPAGO;PLATA HD;232;EL GOURMET;SD;GASTRONÓMICO
COLOMBIA;POSPAGO;PLATA HD;233;FOOD NETWORK;SD;GASTRONÓMICO
COLOMBIA;POSPAGO;PLATA HD;264;MTV;SD;MUSICAL
COLOMBIA;POSPAGO;PLATA HD;269;QUIERO MÚSICA EN MI IDIOMA;SD;MUSICAL
COLOMBIA;POSPAGO;PLATA HD;270;MI GENTE 3.0;SD;HOGAR Y VARIEDADES
COLOMBIA;POSPAGO;PLATA HD;302;ESCUELA+;SD;EDUCATIVO
COLOMBIA;POSPAGO;PLATA HD;304;CARTOON NETWORK;SD;INFANTIL
COLOMBIA;POSPAGO;PLATA HD;308;NICKELODEON;SD;INFANTIL
COLOMBIA;POSPAGO;PLATA HD;309;NICK JR.;SD;INFANTIL
COLOMBIA;POSPAGO;PLATA HD;312;DISNEY CHANNEL HD;SD;INFANTIL
COLOMBIA;POSPAGO;PLATA HD;314;DISNEY CHANNEL (MULTI);SD;INFANTIL
COLOMBIA;POSPAGO;PLATA HD;315;DISNEY JUNIOR;SD;INFANTIL
COLOMBIA;POSPAGO;PLATA HD;317;BABY TV;SD;INFANTIL
COLOMBIA;POSPAGO;PLATA HD;318;PLIM PLIM;SD;INFANTIL
COLOMBIA;POSPAGO;PLATA HD;330;DISCOVERY KIDS;SD;INFANTIL
COLOMBIA;POSPAGO;PLATA HD;334;CARTOONITO;SD;INFANTIL
COLOMBIA;POSPAGO;PLATA HD;350;EWTN;SD;RELIGIOSO
COLOMBIA;POSPAGO;PLATA HD;351;ORBE 21;SD;RELIGIOSO
COLOMBIA;POSPAGO;PLATA HD;352;ENLACE;SD;RELIGIOSO
COLOMBIA;POSPAGO;PLATA HD;353;CRISTOVISIÓN;SD;RELIGIOSO
COLOMBIA;POSPAGO;PLATA HD;358;DAYSTAR;SD;RELIGIOSO
COLOMBIA;POSPAGO;PLATA HD;502;TNT;SD;SERIES Y PELICULAS
COLOMBIA;POSPAGO;PLATA HD;503;GOLDEN;SD;SERIES Y PELICULAS
COLOMBIA;POSPAGO;PLATA HD;506;SONY MOVIES;SD;SERIES Y PELICULAS
COLOMBIA;POSPAGO;PLATA HD;507;CINECANAL;SD;SERIES Y PELICULAS
COLOMBIA;POSPAGO;PLATA HD;508;STUDIO UNIVERSAL;SD;SERIES Y PELICULAS
COLOMBIA;POSPAGO;PLATA HD;509;CINEMAX;SD;SERIES Y PELICULAS
COLOMBIA;POSPAGO;PLATA HD;510;MÓRBIDO TV;SD;SERIES Y PELICULAS
COLOMBIA;POSPAGO;PLATA HD;516;DE PELÍCULA;SD;SERIES Y PELICULAS
COLOMBIA;POSPAGO;PLATA HD;518;SPACE;SD;SERIES Y PELICULAS
COLOMBIA;POSPAGO;PLATA HD;610;DSPORTS;SD;DEPORTES
COLOMBIA;POSPAGO;PLATA HD;612;DSPORTS 2;SD;DEPORTES
COLOMBIA;POSPAGO;PLATA HD;613;DSPORTS +;SD;DEPORTES
COLOMBIA;POSPAGO;PLATA HD;621;ESPN;SD;DEPORTES
COLOMBIA;POSPAGO;PLATA HD;622;ESPN 2 ANDINA;SD;DEPORTES
COLOMBIA;POSPAGO;PLATA HD;623;ESPN 3;SD;DEPORTES
COLOMBIA;POSPAGO;PLATA HD;625;ESPN 5;SD;DEPORTES
COLOMBIA;POSPAGO;PLATA HD;626;ESPN 6;SD;DEPORTES
COLOMBIA;POSPAGO;PLATA HD;627;ESPN 7;SD;DEPORTES
COLOMBIA;POSPAGO;PLATA HD;631;DSPORTS RADIO;AUDIO;DEPORTES
COLOMBIA;POSPAGO;PLATA HD;633;WIN SPORTS;SD;DEPORTES
COLOMBIA;POSPAGO;PLATA HD;700;D NEWS;SD;NOTICIAS
COLOMBIA;POSPAGO;PLATA HD;704;CNN EN ESPAÑOL;SD;NOTICIAS
COLOMBIA;POSPAGO;PLATA HD;716;TODO NOTICIAS;SD;NOTICIAS
COLOMBIA;POSPAGO;PLATA HD;720;CANAL 26;SD;NOTICIAS
COLOMBIA;POSPAGO;PLATA HD;726;CANAL RURAL;SD;EDUCATIVO
COLOMBIA;POSPAGO;PLATA HD;730;NATIONAL GEOGRAPHIC;SD;CIENCIA Y CULTURA
COLOMBIA;POSPAGO;PLATA HD;732;DISCOVERY;SD;CIENCIA Y CULTURA
COLOMBIA;POSPAGO;PLATA HD;734;ANIMAL PLANET;SD;CIENCIA Y CULTURA
COLOMBIA;POSPAGO;PLATA HD;740;TLC;SD;HOGAR Y VARIEDADES
COLOMBIA;POSPAGO;PLATA HD;742;HISTORY;SD;CIENCIA Y CULTURA
COLOMBIA;POSPAGO;PLATA HD;744;HISTORY 2;SD;CIENCIA Y CULTURA
COLOMBIA;POSPAGO;PLATA HD;762;ANTENA 3 INTERNACIONAL;SD;NACIONAL
COLOMBIA;POSPAGO;PLATA HD;764;FRANCE 24;SD;NOTICIAS
COLOMBIA;POSPAGO;PLATA HD;774;TV CHILE INTERNACIONAL;SD;NACIONAL
COLOMBIA;POSPAGO;PLATA HD;784;EL TRECE;SD;NACIONAL
COLOMBIA;POSPAGO;PLATA HD;786;TELEFÉ;SD;NACIONAL
COLOMBIA;POSPAGO;PLATA HD;790;CGTN;SD;NOTICIAS
COLOMBIA;POSPAGO;PLATA HD;980;UNIÓN RADIO NOTICIAS;AUDIO;AUDIO
COLOMBIA;POSPAGO;PLATA HD;982;RADIO CARACOL;AUDIO;AUDIO
COLOMBIA;POSPAGO;PLATA HD;984;RADIO FRANCE INTERNACIONAL;AUDIO;AUDIO
COLOMBIA;POSPAGO;PLATA HD;991;LA FM PLUS;AUDIO;AUDIO
COLOMBIA;POSPAGO;PLATA HD;992;ALERTA BOGOTÁ;AUDIO;NOTICIAS
COLOMBIA;POSPAGO;PLATA HD;993;LA W RADIO;AUDIO;AUDIO
COLOMBIA;POSPAGO;PLATA HD;1127;DSHOW;SD;HOGAR Y VARIEDADES
COLOMBIA;POSPAGO;PLATA HD;1130;RCN;HD;NACIONAL
COLOMBIA;POSPAGO;PLATA HD;1132;CARACOL;HD;NACIONAL
COLOMBIA;POSPAGO;PLATA HD;1136;CANAL UNO;HD;NACIONAL
COLOMBIA;POSPAGO;PLATA HD;1137;SEÑAL COLOMBIA;HD;EDUCATIVO
COLOMBIA;POSPAGO;PLATA HD;1138;SEÑAL INSTITUCIONAL;HD;INFORMATIVO
COLOMBIA;POSPAGO;PLATA HD;1140;TELEANTIOQUIA;HD;NACIONAL
COLOMBIA;POSPAGO;PLATA HD;1141;TELEPACIFICO;HD;NACIONAL
COLOMBIA;POSPAGO;PLATA HD;1142;TELECAFE;HD;NACIONAL
COLOMBIA;POSPAGO;PLATA HD;1147;CABLE NOTICIAS;HD;NOTICIAS
COLOMBIA;POSPAGO;PLATA HD;1204;STAR CHANNEL;HD;SERIES Y PELICULAS
COLOMBIA;POSPAGO;PLATA HD;1206;WARNER;HD;SERIES Y PELICULAS
COLOMBIA;POSPAGO;PLATA HD;1207;A&E;HD;SERIES Y PELICULAS
COLOMBIA;POSPAGO;PLATA HD;1208;SONY;HD;SERIES Y PELICULAS
COLOMBIA;POSPAGO;PLATA HD;1209;AXN;HD;SERIES Y PELICULAS
COLOMBIA;POSPAGO;PLATA HD;1210;AMC;HD;SERIES Y PELICULAS
COLOMBIA;POSPAGO;PLATA HD;1214;ATRES SERIES;HD;SERIES Y PELICULAS
COLOMBIA;POSPAGO;PLATA HD;1215;COMEDY CENTRAL;HD;SERIES Y PELICULAS
COLOMBIA;POSPAGO;PLATA HD;1217;FX;HD;SERIES Y PELICULAS
COLOMBIA;POSPAGO;PLATA HD;1218;UNIVERSAL;HD;SERIES Y PELICULAS
COLOMBIA;POSPAGO;PLATA HD;1221;¡HOLA! TV;HD;HOGAR Y VARIEDADES
COLOMBIA;POSPAGO;PLATA HD;1222;E!;HD;HOGAR Y VARIEDADES
COLOMBIA;POSPAGO;PLATA HD;1223;ID HD;HD;CIENCIA Y CULTURA
COLOMBIA;POSPAGO;PLATA HD;1228;LIFETIME;HD;SERIES Y PELICULAS
COLOMBIA;POSPAGO;PLATA HD;1229;DISCOVERY HOME & HEALTH;HD;HOGAR Y VARIEDADES
COLOMBIA;POSPAGO;PLATA HD;1232;EL GOURMET;HD;GASTRONÓMICO
COLOMBIA;POSPAGO;PLATA HD;1233;FOOD NETWORK;HD;GASTRONÓMICO
COLOMBIA;POSPAGO;PLATA HD;1236;VEPLUS;HD;HOGAR Y VARIEDADES
COLOMBIA;POSPAGO;PLATA HD;1264;MTV;HD;MUSICAL
COLOMBIA;POSPAGO;PLATA HD;1265;MUSIC TOP;HD;MUSICAL
COLOMBIA;POSPAGO;PLATA HD;1266;TIERRA MIA;HD;CIENCIA Y CULTURA
COLOMBIA;POSPAGO;PLATA HD;1270;LATINA TV;HD;NACIONAL
COLOMBIA;POSPAGO;PLATA HD;1302;ESCUELA+;HD;EDUCATIVO
COLOMBIA;POSPAGO;PLATA HD;1304;CARTOON NETWORK;HD;INFANTIL
COLOMBIA;POSPAGO;PLATA HD;1308;NICKELODEON;HD;INFANTIL
COLOMBIA;POSPAGO;PLATA HD;1312;DISNEY CHANNEL;HD;INFANTIL
COLOMBIA;POSPAGO;PLATA HD;1315;DISNEY JUNIOR;HD;INFANTIL
COLOMBIA;POSPAGO;PLATA HD;1317;BABY TV;SD;INFANTIL
COLOMBIA;POSPAGO;PLATA HD;1318;PLIM PLIM;HD;INFANTIL
COLOMBIA;POSPAGO;PLATA HD;1330;DISCOVERY KIDS;HD;INFANTIL
COLOMBIA;POSPAGO;PLATA HD;1502;TNT;HD;SERIES Y PELICULAS
COLOMBIA;POSPAGO;PLATA HD;1503;GOLDEN;HD;SERIES Y PELICULAS
COLOMBIA;POSPAGO;PLATA HD;1506;SONY MOVIES;HD;SERIES Y PELICULAS
COLOMBIA;POSPAGO;PLATA HD;1507;CINECANAL;HD;SERIES Y PELICULAS
COLOMBIA;POSPAGO;PLATA HD;1508;STUDIO UNIVERSAL;HD;SERIES Y PELICULAS
COLOMBIA;POSPAGO;PLATA HD;1509;CINEMAX;HD;SERIES Y PELICULAS
COLOMBIA;POSPAGO;PLATA HD;1510;MÓRBIDO TV;HD;SERIES Y PELICULAS
COLOMBIA;POSPAGO;PLATA HD;1518;SPACE;HD;SERIES Y PELICULAS
COLOMBIA;POSPAGO;PLATA HD;1610;DSPORTS;HD;DEPORTES
COLOMBIA;POSPAGO;PLATA HD;1612;DSPORTS 2;HD;DEPORTES
COLOMBIA;POSPAGO;PLATA HD;1613;DSPORTS +;HD;DEPORTES
COLOMBIA;POSPAGO;PLATA HD;1621;ESPN;HD;DEPORTES
COLOMBIA;POSPAGO;PLATA HD;1622;ESPN 2;HD;DEPORTES
COLOMBIA;POSPAGO;PLATA HD;1623;ESPN 3;HD;DEPORTES
COLOMBIA;POSPAGO;PLATA HD;1625;ESPN 5;HD;DEPORTES
COLOMBIA;POSPAGO;PLATA HD;1626;ESPN 6;HD;DEPORTES
COLOMBIA;POSPAGO;PLATA HD;1627;ESPN 7;HD;DEPORTES
COLOMBIA;POSPAGO;PLATA HD;1633;WIN SPORTS;HD;DEPORTES
COLOMBIA;POSPAGO;PLATA HD;1700;D NEWS;HD;NOTICIAS
COLOMBIA;POSPAGO;PLATA HD;1730;NATIONAL GEOGRAPHIC;HD;CIENCIA Y CULTURA
COLOMBIA;POSPAGO;PLATA HD;1731;DISCOVERY THEATER;HD;CIENCIA Y CULTURA
COLOMBIA;POSPAGO;PLATA HD;1732;DISCOVERY;HD;CIENCIA Y CULTURA
COLOMBIA;POSPAGO;PLATA HD;1734;ANIMAL PLANET;HD;CIENCIA Y CULTURA
COLOMBIA;POSPAGO;PLATA HD;1740;TLC;HD;HOGAR Y VARIEDADES
COLOMBIA;POSPAGO;PLATA HD;1742;HISTORY;HD;CIENCIA Y CULTURA
COLOMBIA;POSPAGO;PLATA HD;1744;HISTORY 2;HD;CIENCIA Y CULTURA
COLOMBIA;POSPAGO;PLATA HD;1762;ANTENA 3 INTERNACIONAL;HD;NACIONAL
COLOMBIA;POSPAGO;PLATA HD;1764;FRANCE 24;HD;NOTICIAS
COLOMBIA;POSPAGO;PLATA HD;N/A;AMAZON PRIME;DIGITAL PREMIUM;AMAZON
COLOMBIA;POSPAGO;PLATINO;117;TV FAMILIA;SD;RELIGIOSO
COLOMBIA;POSPAGO;PLATINO;127;DSHOW;SD;HOGAR Y VARIEDADES
COLOMBIA;POSPAGO;PLATINO;130;RCN;SD;NACIONAL
COLOMBIA;POSPAGO;PLATINO;132;CARACOL;SD;NACIONAL
COLOMBIA;POSPAGO;PLATINO;133;CITY TV;SD;NACIONAL
COLOMBIA;POSPAGO;PLATINO;134;CARACOL INTERNACIONAL;SD;NACIONAL
COLOMBIA;POSPAGO;PLATINO;135;RCN NUESTRA TELE;SD;NACIONAL
COLOMBIA;POSPAGO;PLATINO;136;CANAL UNO;SD;NACIONAL
COLOMBIA;POSPAGO;PLATINO;137;SEÑAL COLOMBIA;SD;EDUCATIVO
COLOMBIA;POSPAGO;PLATINO;138;SEÑAL INSTITUCIONAL;SD;INFORMATIVO
COLOMBIA;POSPAGO;PLATINO;139;CANAL CONGRESO;SD;INFORMATIVO
COLOMBIA;POSPAGO;PLATINO;140;TELEANTIOQUIA;SD;NACIONAL
COLOMBIA;POSPAGO;PLATINO;141;TELEPACIFICO;SD;NACIONAL
COLOMBIA;POSPAGO;PLATINO;142;TELECAFE;SD;NACIONAL
COLOMBIA;POSPAGO;PLATINO;143;CANAL CAPITAL;SD;NACIONAL
COLOMBIA;POSPAGO;PLATINO;144;TELECAFE;SD;NACIONAL
COLOMBIA;POSPAGO;PLATINO;146;EL TIEMPO;SD;NOTICIAS
COLOMBIA;POSPAGO;PLATINO;147;CABLE NOTICIAS;SD;NOTICIAS
COLOMBIA;POSPAGO;PLATINO;148;TRO;SD;NACIONAL
COLOMBIA;POSPAGO;PLATINO;149;TRECE;SD;NACIONAL
COLOMBIA;POSPAGO;PLATINO;150;TELE ISLAS;SD;NACIONAL
COLOMBIA;POSPAGO;PLATINO;151;TELEMEDELLIN;SD;NACIONAL
COLOMBIA;POSPAGO;PLATINO;152;TV AGRO;SD;EDUCATIVO
COLOMBIA;POSPAGO;PLATINO;202;STAR CHANNEL;SD;SERIES Y PELICULAS
COLOMBIA;POSPAGO;PLATINO;206;WARNER;SD;SERIES Y PELICULAS
COLOMBIA;POSPAGO;PLATINO;207;A&E;SD;SERIES Y PELICULAS
COLOMBIA;POSPAGO;PLATINO;208;SONY;SD;SERIES Y PELICULAS
COLOMBIA;POSPAGO;PLATINO;209;AXN HD;SD;SERIES Y PELICULAS
COLOMBIA;POSPAGO;PLATINO;213;TNT SERIES;SD;SERIES Y PELICULAS
COLOMBIA;POSPAGO;PLATINO;215;COMEDY CENTRAL;SD;SERIES Y PELICULAS
COLOMBIA;POSPAGO;PLATINO;216;TNT NOVELAS;SD;TELENOVELAS
COLOMBIA;POSPAGO;PLATINO;217;FX;SD;SERIES Y PELICULAS
COLOMBIA;POSPAGO;PLATINO;218;UNIVERSAL;SD;SERIES Y PELICULAS
COLOMBIA;POSPAGO;PLATINO;219;USA;SD;SERIES Y PELICULAS
COLOMBIA;POSPAGO;PLATINO;220;ADULT SWIM;SD;INFANTIL
COLOMBIA;POSPAGO;PLATINO;222;E!;SD;HOGAR Y VARIEDADES
COLOMBIA;POSPAGO;PLATINO;223;ID;SD;CIENCIA Y CULTURA
COLOMBIA;POSPAGO;PLATINO;226;CANAL DE LAS ESTRELLAS;SD;NACIONAL
COLOMBIA;POSPAGO;PLATINO;227;TL NOVELAS;SD;TELENOVELAS
COLOMBIA;POSPAGO;PLATINO;228;LIFETIME;SD;SERIES Y PELICULAS
COLOMBIA;POSPAGO;PLATINO;229;DISCOVERY HOME & HEALTH;SD;HOGAR Y VARIEDADES
COLOMBIA;POSPAGO;PLATINO;230;AMC SERIES;SD;SERIES Y PELICULAS
COLOMBIA;POSPAGO;PLATINO;232;EL GOURMET;SD;GASTRONÓMICO
COLOMBIA;POSPAGO;PLATINO;264;MTV;SD;MUSICAL
COLOMBIA;POSPAGO;PLATINO;269;QUIERO MÚSICA EN MI IDIOMA;SD;MUSICAL
COLOMBIA;POSPAGO;PLATINO;270;MI GENTE 3.0;SD;HOGAR Y VARIEDADES
COLOMBIA;POSPAGO;PLATINO;302;ESCUELA+;SD;EDUCATIVO
COLOMBIA;POSPAGO;PLATINO;304;CARTOON NETWORK;SD;INFANTIL
COLOMBIA;POSPAGO;PLATINO;308;NICKELODEON;SD;INFANTIL
COLOMBIA;POSPAGO;PLATINO;309;NICK JR.;SD;INFANTIL
COLOMBIA;POSPAGO;PLATINO;310;EL REINO INFANTIL;SD;INFANTIL
COLOMBIA;POSPAGO;PLATINO;314;DISNEY CHANNEL (MULTI);SD;INFANTIL
COLOMBIA;POSPAGO;PLATINO;315;DISNEY JUNIOR;SD;INFANTIL
COLOMBIA;POSPAGO;PLATINO;318;PLIM PLIM;SD;INFANTIL
COLOMBIA;POSPAGO;PLATINO;330;DISCOVERY KIDS;SD;INFANTIL
COLOMBIA;POSPAGO;PLATINO;334;CARTOONITO;SD;INFANTIL
COLOMBIA;POSPAGO;PLATINO;350;EWTN;SD;RELIGIOSO
COLOMBIA;POSPAGO;PLATINO;351;ORBE 21;SD;RELIGIOSO
COLOMBIA;POSPAGO;PLATINO;352;ENLACE;SD;RELIGIOSO
COLOMBIA;POSPAGO;PLATINO;353;CRISTOVISIÓN;SD;RELIGIOSO
COLOMBIA;POSPAGO;PLATINO;358;DAYSTAR;SD;RELIGIOSO
COLOMBIA;POSPAGO;PLATINO;502;TNT;SD;SERIES Y PELICULAS
COLOMBIA;POSPAGO;PLATINO;503;GOLDEN;SD;SERIES Y PELICULAS
COLOMBIA;POSPAGO;PLATINO;506;SONY MOVIES;SD;SERIES Y PELICULAS
COLOMBIA;POSPAGO;PLATINO;507;CINECANAL;SD;SERIES Y PELICULAS
COLOMBIA;POSPAGO;PLATINO;508;STUDIO UNIVERSAL;SD;SERIES Y PELICULAS
COLOMBIA;POSPAGO;PLATINO;509;CINEMAX;SD;SERIES Y PELICULAS
COLOMBIA;POSPAGO;PLATINO;513;DHE;SD;SERIES Y PELICULAS
COLOMBIA;POSPAGO;PLATINO;516;DE PELÍCULA;SD;SERIES Y PELICULAS
COLOMBIA;POSPAGO;PLATINO;517;GOLDEN EDGE;SD;SERIES Y PELICULAS
COLOMBIA;POSPAGO;PLATINO;518;SPACE;SD;SERIES Y PELICULAS
COLOMBIA;POSPAGO;PLATINO;524;HBO;SD;SERIES Y PELICULAS
COLOMBIA;POSPAGO;PLATINO;528;HBO SIGNATURE;SD;SERIES Y PELICULAS
COLOMBIA;POSPAGO;PLATINO;534;HBO FAMILY EAST;SD;SERIES Y PELICULAS
COLOMBIA;POSPAGO;PLATINO;542;HBO XTREME;SD;SERIES Y PELICULAS
COLOMBIA;POSPAGO;PLATINO;571;UNIVERSAL PREMIERE ESTE;SD;SERIES Y PELICULAS
COLOMBIA;POSPAGO;PLATINO;572;UNIVERSAL CINEMA;SD;SERIES Y PELICULAS
COLOMBIA;POSPAGO;PLATINO;573;UNIVERSAL COMEDY;SD;SERIES Y PELICULAS
COLOMBIA;POSPAGO;PLATINO;574;UNIVERSAL CRIME ESTE;SD;SERIES Y PELICULAS
COLOMBIA;POSPAGO;PLATINO;575;UNIVERSAL REALITY;SD;HOGAR Y VARIEDADES
COLOMBIA;POSPAGO;PLATINO;576;UNIVERSAL PREMIERE OESTE;SD;SERIES Y PELICULAS
COLOMBIA;POSPAGO;PLATINO;577;UNIVERSAL CINEMA OESTE;SD;SERIES Y PELICULAS
COLOMBIA;POSPAGO;PLATINO;610;DSPORTS;SD;DEPORTES
COLOMBIA;POSPAGO;PLATINO;612;DSPORTS 2;SD;DEPORTES
COLOMBIA;POSPAGO;PLATINO;621;ESPN;SD;DEPORTES
COLOMBIA;POSPAGO;PLATINO;622;ESPN 2 ANDINA;SD;DEPORTES
COLOMBIA;POSPAGO;PLATINO;623;ESPN 3;SD;DEPORTES
COLOMBIA;POSPAGO;PLATINO;625;ESPN 5;SD;DEPORTES
COLOMBIA;POSPAGO;PLATINO;626;ESPN 6;SD;DEPORTES
COLOMBIA;POSPAGO;PLATINO;627;ESPN 7;SD;DEPORTES
COLOMBIA;POSPAGO;PLATINO;628;GOLF CHANNEL LATIN AMERICA;SD;DEPORTES
COLOMBIA;POSPAGO;PLATINO;631;DSPORTS RADIO;AUDIO;DEPORTES
COLOMBIA;POSPAGO;PLATINO;633;WIN SPORTS;SD;DEPORTES
COLOMBIA;POSPAGO;PLATINO;700;D NEWS;SD;NOTICIAS
COLOMBIA;POSPAGO;PLATINO;704;CNN EN ESPAÑOL;SD;NOTICIAS
COLOMBIA;POSPAGO;PLATINO;706;CNN INTERNACIONAL;SD;NOTICIAS
COLOMBIA;POSPAGO;PLATINO;707;CNN CHILE;SD;NOTICIAS
COLOMBIA;POSPAGO;PLATINO;708;TVN 24 HORAS;SD;NOTICIAS
COLOMBIA;POSPAGO;PLATINO;710;BLOOMBERG;SD;NOTICIAS
COLOMBIA;POSPAGO;PLATINO;716;TODO NOTICIAS;SD;NOTICIAS
COLOMBIA;POSPAGO;PLATINO;720;CANAL 26;SD;NOTICIAS
COLOMBIA;POSPAGO;PLATINO;726;CANAL RURAL;SD;EDUCATIVO
COLOMBIA;POSPAGO;PLATINO;730;NATIONAL GEOGRAPHIC;SD;CIENCIA Y CULTURA
COLOMBIA;POSPAGO;PLATINO;732;DISCOVERY;SD;CIENCIA Y CULTURA
COLOMBIA;POSPAGO;PLATINO;734;ANIMAL PLANET;SD;CIENCIA Y CULTURA
COLOMBIA;POSPAGO;PLATINO;736;DISCOVERY TURBO;SD;HOGAR Y VARIEDADES
COLOMBIA;POSPAGO;PLATINO;740;TLC;SD;HOGAR Y VARIEDADES
COLOMBIA;POSPAGO;PLATINO;742;HISTORY;SD;CIENCIA Y CULTURA
COLOMBIA;POSPAGO;PLATINO;744;HISTORY 2;SD;CIENCIA Y CULTURA
COLOMBIA;POSPAGO;PLATINO;760;UNIVISION;SD;NACIONAL
COLOMBIA;POSPAGO;PLATINO;762;ANTENA 3 INTERNACIONAL;SD;NACIONAL
COLOMBIA;POSPAGO;PLATINO;764;FRANCE 24;SD;NOTICIAS
COLOMBIA;POSPAGO;PLATINO;766;RAI ITALIA;SD;NACIONAL
COLOMBIA;POSPAGO;PLATINO;768;BBC WORLD;SD;NOTICIAS
COLOMBIA;POSPAGO;PLATINO;770;DW;SD;NOTICIAS
COLOMBIA;POSPAGO;PLATINO;774;TV CHILE INTERNACIONAL;SD;NACIONAL
COLOMBIA;POSPAGO;PLATINO;778;RTP;SD;NACIONAL
COLOMBIA;POSPAGO;PLATINO;784;EL TRECE;SD;NACIONAL
COLOMBIA;POSPAGO;PLATINO;786;TELEFÉ;SD;NACIONAL
COLOMBIA;POSPAGO;PLATINO;790;CGTN;SD;NOTICIAS
COLOMBIA;POSPAGO;PLATINO;980;UNIÓN RADIO NOTICIAS;AUDIO;AUDIO
COLOMBIA;POSPAGO;PLATINO;982;RADIO CARACOL;AUDIO;AUDIO
COLOMBIA;POSPAGO;PLATINO;984;RADIO FRANCE INTERNACIONAL;AUDIO;AUDIO
COLOMBIA;POSPAGO;PLATINO;991;LA FM PLUS;AUDIO;AUDIO
COLOMBIA;POSPAGO;PLATINO;992;ALERTA BOGOTÁ;AUDIO;NOTICIAS
COLOMBIA;POSPAGO;PLATINO;993;LA W RADIO;AUDIO;AUDIO
COLOMBIA;POSPAGO;PLATINO;1127;DSHOW;SD;HOGAR Y VARIEDADES
COLOMBIA;POSPAGO;PLATINO;1138;SEÑAL INSTITUCIONAL;HD;INFORMATIVO
COLOMBIA;POSPAGO;PLATINO;1147;CABLE NOTICIAS;HD;NOTICIAS
COLOMBIA;POSPAGO;PLATINO;1217;FX;HD;SERIES Y PELICULAS
COLOMBIA;POSPAGO;PLATINO;1222;E!;HD;HOGAR Y VARIEDADES
COLOMBIA;POSPAGO;PLATINO;1231;A LA COCINA;HD;GASTRONÓMICO
COLOMBIA;POSPAGO;PLATINO;1232;EL GOURMET;HD;GASTRONÓMICO
COLOMBIA;POSPAGO;PLATINO;1234;HGTV;HD;HOGAR Y VARIEDADES
COLOMBIA;POSPAGO;PLATINO;1236;VEPLUS;HD;HOGAR Y VARIEDADES
COLOMBIA;POSPAGO;PLATINO;1264;MTV;HD;MUSICAL
COLOMBIA;POSPAGO;PLATINO;1266;TIERRA MIA;HD;CIENCIA Y CULTURA
COLOMBIA;POSPAGO;PLATINO;1270;LATINA TV;HD;NACIONAL
COLOMBIA;POSPAGO;PLATINO;1273;INTI;HD;EDUCATIVO
COLOMBIA;POSPAGO;PLATINO;1302;ESCUELA+;HD;EDUCATIVO
COLOMBIA;POSPAGO;PLATINO;1309;NICK JR.;HD;INFANTIL
COLOMBIA;POSPAGO;PLATINO;1310;EL REINO INFANTIL;HD;INFANTIL
COLOMBIA;POSPAGO;PLATINO;1315;DISNEY JUNIOR;HD;INFANTIL
COLOMBIA;POSPAGO;PLATINO;1318;PLIM PLIM;HD;INFANTIL
COLOMBIA;POSPAGO;PLATINO;1506;SONY MOVIES;HD;SERIES Y PELICULAS
COLOMBIA;POSPAGO;PLATINO;1513;DHE;HD;SERIES Y PELICULAS
COLOMBIA;POSPAGO;PLATINO;1524;HBO;HD;SERIES Y PELICULAS
COLOMBIA;POSPAGO;PLATINO;1528;HBO SIGNATURE;HD;SERIES Y PELICULAS
COLOMBIA;POSPAGO;PLATINO;1534;HBO FAMILY;HD;SERIES Y PELICULAS
COLOMBIA;POSPAGO;PLATINO;1542;HBO XTREME;HD;SERIES Y PELICULAS
COLOMBIA;POSPAGO;PLATINO;1571;UNIVERSAL PREMIERE ESTE;HD;SERIES Y PELICULAS
COLOMBIA;POSPAGO;PLATINO;1572;UNIVERSAL CINEMA;HD;SERIES Y PELICULAS
COLOMBIA;POSPAGO;PLATINO;1573;UNIVERSAL COMEDY;HD;SERIES Y PELICULAS
COLOMBIA;POSPAGO;PLATINO;1574;UNIVERSAL CRIME ESTE;HD;SERIES Y PELICULAS
COLOMBIA;POSPAGO;PLATINO;1575;UNIVERSAL REALITY;HD;HOGAR Y VARIEDADES
COLOMBIA;POSPAGO;PLATINO;1576;UNIVERSAL PREMIERE OESTE;HD;SERIES Y PELICULAS
COLOMBIA;POSPAGO;PLATINO;1577;UNIVERSAL CINEMA OESTE;HD;SERIES Y PELICULAS
COLOMBIA;POSPAGO;PLATINO;1623;ESPN 3;HD;DEPORTES
COLOMBIA;POSPAGO;PLATINO;1624;ESPN 4;HD;DEPORTES
COLOMBIA;POSPAGO;PLATINO;1626;ESPN 6;HD;DEPORTES
COLOMBIA;POSPAGO;PLATINO;1639;PX SPORTS;HD;DEPORTES
COLOMBIA;POSPAGO;PLATINO;1700;D NEWS;HD;NOTICIAS
COLOMBIA;POSPAGO;PLATINO;1740;TLC;HD;HOGAR Y VARIEDADES
COLOMBIA;POSPAGO;PLATINO;1744;HISTORY 2;HD;CIENCIA Y CULTURA
COLOMBIA;POSPAGO;PLATINO;1750;ENCUENTRO INTERNACIONAL;HD;EDUCATIVO
COLOMBIA;POSPAGO;PLATINO;N/A;AMAZON PRIME;DIGITAL PREMIUM;AMAZON
COLOMBIA;POSPAGO;RETENCION;130;RCN;SD;NACIONAL
COLOMBIA;POSPAGO;RETENCION;132;CARACOL;SD;NACIONAL
COLOMBIA;POSPAGO;RETENCION;133;CITY TV;SD;NACIONAL
COLOMBIA;POSPAGO;RETENCION;134;CARACOL INTERNACIONAL;SD;NACIONAL
COLOMBIA;POSPAGO;RETENCION;135;RCN NUESTRA TELE;SD;NACIONAL
COLOMBIA;POSPAGO;RETENCION;136;CANAL UNO;SD;NACIONAL
COLOMBIA;POSPAGO;RETENCION;137;SEÑAL COLOMBIA;SD;EDUCATIVO
COLOMBIA;POSPAGO;RETENCION;138;SEÑAL INSTITUCIONAL;SD;INFORMATIVO
COLOMBIA;POSPAGO;RETENCION;139;CANAL CONGRESO;SD;INFORMATIVO
COLOMBIA;POSPAGO;RETENCION;140;TELEANTIOQUIA;SD;NACIONAL
COLOMBIA;POSPAGO;RETENCION;141;TELEPACIFICO;SD;NACIONAL
COLOMBIA;POSPAGO;RETENCION;142;TELECAFE;SD;NACIONAL
COLOMBIA;POSPAGO;RETENCION;143;CANAL CAPITAL;SD;NACIONAL
COLOMBIA;POSPAGO;RETENCION;144;TELECAFE;SD;NACIONAL
COLOMBIA;POSPAGO;RETENCION;145;NTN 24;SD;NOTICIAS
COLOMBIA;POSPAGO;RETENCION;146;EL TIEMPO;SD;NOTICIAS
COLOMBIA;POSPAGO;RETENCION;148;TRO;SD;NACIONAL
COLOMBIA;POSPAGO;RETENCION;149;TRECE;SD;NACIONAL
COLOMBIA;POSPAGO;RETENCION;150;TELE ISLAS;SD;NACIONAL
COLOMBIA;POSPAGO;RETENCION;151;TELEMEDELLIN;SD;NACIONAL
COLOMBIA;POSPAGO;RETENCION;152;TV AGRO;SD;EDUCATIVO
COLOMBIA;POSPAGO;RETENCION;982;RADIO CARACOL;AUDIO;AUDIO
COLOMBIA;POSPAGO;RETENCION;991;LA FM PLUS;AUDIO;AUDIO
COLOMBIA;POSPAGO;RETENCION;992;ALERTA BOGOTÁ;AUDIO;NOTICIAS
COLOMBIA;POSPAGO;RETENCION;993;LA W RADIO;AUDIO;AUDIO
COLOMBIA;POSPAGO;RETENCION;1130;RCN;HD;NACIONAL
COLOMBIA;POSPAGO;RETENCION;1132;CARACOL;HD;NACIONAL
COLOMBIA;POSPAGO;RETENCION;1136;CANAL UNO;HD;NACIONAL
COLOMBIA;POSPAGO;RETENCION;1137;SEÑAL COLOMBIA;HD;EDUCATIVO
COLOMBIA;POSPAGO;RETENCION;1138;SEÑAL INSTITUCIONAL;HD;INFORMATIVO
COLOMBIA;POSPAGO;RETENCION;1140;TELEANTIOQUIA;HD;NACIONAL
COLOMBIA;POSPAGO;RETENCION;1141;TELEPACIFICO;HD;NACIONAL
COLOMBIA;POSPAGO;RETENCION;1142;TELECAFE;HD;NACIONAL
COLOMBIA;POSPAGO;TV FLEX;127;DSHOW;SD;HOGAR Y VARIEDADES
COLOMBIA;POSPAGO;TV FLEX;130;RCN;SD;NACIONAL
COLOMBIA;POSPAGO;TV FLEX;132;CARACOL;SD;NACIONAL
COLOMBIA;POSPAGO;TV FLEX;133;CITY TV;SD;NACIONAL
COLOMBIA;POSPAGO;TV FLEX;134;CARACOL INTERNACIONAL;SD;NACIONAL
COLOMBIA;POSPAGO;TV FLEX;135;RCN NUESTRA TELE;SD;NACIONAL
COLOMBIA;POSPAGO;TV FLEX;136;CANAL UNO;SD;NACIONAL
COLOMBIA;POSPAGO;TV FLEX;137;SEÑAL COLOMBIA;SD;EDUCATIVO
COLOMBIA;POSPAGO;TV FLEX;138;SEÑAL INSTITUCIONAL;SD;INFORMATIVO
COLOMBIA;POSPAGO;TV FLEX;139;CANAL CONGRESO;SD;INFORMATIVO
COLOMBIA;POSPAGO;TV FLEX;140;TELEANTIOQUIA;SD;NACIONAL
COLOMBIA;POSPAGO;TV FLEX;141;TELEPACIFICO;SD;NACIONAL
COLOMBIA;POSPAGO;TV FLEX;142;TELECAFE;SD;NACIONAL
COLOMBIA;POSPAGO;TV FLEX;143;CANAL CAPITAL;SD;NACIONAL
COLOMBIA;POSPAGO;TV FLEX;144;TELECAFE;SD;NACIONAL
COLOMBIA;POSPAGO;TV FLEX;145;NTN 24;SD;NOTICIAS
COLOMBIA;POSPAGO;TV FLEX;146;EL TIEMPO;SD;NOTICIAS
COLOMBIA;POSPAGO;TV FLEX;147;CABLE NOTICIAS;SD;NOTICIAS
COLOMBIA;POSPAGO;TV FLEX;148;TRO;SD;NACIONAL
COLOMBIA;POSPAGO;TV FLEX;149;TRECE;SD;NACIONAL
COLOMBIA;POSPAGO;TV FLEX;150;TELE ISLAS;SD;NACIONAL
COLOMBIA;POSPAGO;TV FLEX;151;TELEMEDELLIN;SD;NACIONAL
COLOMBIA;POSPAGO;TV FLEX;152;TV AGRO;SD;EDUCATIVO
COLOMBIA;POSPAGO;TV FLEX;270;MI GENTE 3.0;SD;HOGAR Y VARIEDADES
COLOMBIA;POSPAGO;TV FLEX;302;ESCUELA+;SD;EDUCATIVO
COLOMBIA;POSPAGO;TV FLEX;353;CRISTOVISIÓN;SD;RELIGIOSO
COLOMBIA;POSPAGO;TV FLEX;610;DSPORTS;SD;DEPORTES
COLOMBIA;POSPAGO;TV FLEX;612;DSPORTS 2;SD;DEPORTES
COLOMBIA;POSPAGO;TV FLEX;613;DSPORTS +;SD;DEPORTES
COLOMBIA;POSPAGO;TV FLEX;631;DSPORTS RADIO;AUDIO;DEPORTES
COLOMBIA;POSPAGO;TV FLEX;633;WIN SPORTS;SD;DEPORTES
COLOMBIA;POSPAGO;TV FLEX;700;D NEWS;SD;NOTICIAS
COLOMBIA;POSPAGO;TV FLEX;982;RADIO CARACOL;AUDIO;AUDIO
COLOMBIA;POSPAGO;TV FLEX;991;LA FM PLUS;AUDIO;AUDIO
COLOMBIA;POSPAGO;TV FLEX;992;ALERTA BOGOTÁ;AUDIO;NOTICIAS
COLOMBIA;POSPAGO;TV FLEX;993;LA W RADIO;AUDIO;AUDIO
COLOMBIA;POSPAGO;TV FLEX;1127;DSHOW;SD;HOGAR Y VARIEDADES
COLOMBIA;POSPAGO;TV FLEX;1130;RCN;HD;NACIONAL
COLOMBIA;POSPAGO;TV FLEX;1132;CARACOL;HD;NACIONAL
COLOMBIA;POSPAGO;TV FLEX;1136;CANAL UNO;HD;NACIONAL
COLOMBIA;POSPAGO;TV FLEX;1137;SEÑAL COLOMBIA;HD;EDUCATIVO
COLOMBIA;POSPAGO;TV FLEX;1138;SEÑAL INSTITUCIONAL;HD;INFORMATIVO
COLOMBIA;POSPAGO;TV FLEX;1140;TELEANTIOQUIA;HD;NACIONAL
COLOMBIA;POSPAGO;TV FLEX;1141;TELEPACIFICO;HD;NACIONAL
COLOMBIA;POSPAGO;TV FLEX;1142;TELECAFE;HD;NACIONAL
COLOMBIA;POSPAGO;TV FLEX;1147;CABLE NOTICIAS;HD;NOTICIAS
COLOMBIA;POSPAGO;TV FLEX;1302;ESCUELA+;HD;EDUCATIVO
COLOMBIA;POSPAGO;TV FLEX;1610;DSPORTS;HD;DEPORTES
COLOMBIA;POSPAGO;TV FLEX;1612;DSPORTS 2;HD;DEPORTES
COLOMBIA;POSPAGO;TV FLEX;1613;DSPORTS +;HD;DEPORTES
COLOMBIA;POSPAGO;TV FLEX;1633;WIN SPORTS;HD;DEPORTES
COLOMBIA;POSPAGO;TV FLEX;1700;D NEWS;HD;NOTICIAS
COLOMBIA;PREPAGO;ACTIVO IDEAL;117;TV FAMILIA;SD;RELIGIOSO
COLOMBIA;PREPAGO;ACTIVO IDEAL;130;RCN;SD;NACIONAL
COLOMBIA;PREPAGO;ACTIVO IDEAL;132;CARACOL;SD;NACIONAL
COLOMBIA;PREPAGO;ACTIVO IDEAL;133;CITY TV;SD;NACIONAL
COLOMBIA;PREPAGO;ACTIVO IDEAL;134;CARACOL INTERNACIONAL;SD;NACIONAL
COLOMBIA;PREPAGO;ACTIVO IDEAL;135;RCN NUESTRA TELE;SD;NACIONAL
COLOMBIA;PREPAGO;ACTIVO IDEAL;136;CANAL UNO;SD;NACIONAL
COLOMBIA;PREPAGO;ACTIVO IDEAL;137;SEÑAL COLOMBIA;SD;EDUCATIVO
COLOMBIA;PREPAGO;ACTIVO IDEAL;138;SEÑAL INSTITUCIONAL;SD;INFORMATIVO
COLOMBIA;PREPAGO;ACTIVO IDEAL;139;CANAL CONGRESO;SD;INFORMATIVO
COLOMBIA;PREPAGO;ACTIVO IDEAL;140;TELEANTIOQUIA;SD;NACIONAL
COLOMBIA;PREPAGO;ACTIVO IDEAL;141;TELEPACIFICO;SD;NACIONAL
COLOMBIA;PREPAGO;ACTIVO IDEAL;142;TELECAFE;SD;NACIONAL
COLOMBIA;PREPAGO;ACTIVO IDEAL;143;CANAL CAPITAL;SD;NACIONAL
COLOMBIA;PREPAGO;ACTIVO IDEAL;144;TELECAFE;SD;NACIONAL
COLOMBIA;PREPAGO;ACTIVO IDEAL;145;NTN 24;SD;NOTICIAS
COLOMBIA;PREPAGO;ACTIVO IDEAL;146;EL TIEMPO;SD;NOTICIAS
COLOMBIA;PREPAGO;ACTIVO IDEAL;147;CABLE NOTICIAS;SD;NOTICIAS
COLOMBIA;PREPAGO;ACTIVO IDEAL;202;STAR CHANNEL;SD;SERIES Y PELICULAS
COLOMBIA;PREPAGO;ACTIVO IDEAL;206;WARNER;SD;SERIES Y PELICULAS
COLOMBIA;PREPAGO;ACTIVO IDEAL;207;A&E;SD;SERIES Y PELICULAS
COLOMBIA;PREPAGO;ACTIVO IDEAL;208;SONY;SD;SERIES Y PELICULAS
COLOMBIA;PREPAGO;ACTIVO IDEAL;209;AXN HD;SD;SERIES Y PELICULAS
COLOMBIA;PREPAGO;ACTIVO IDEAL;217;FX;SD;SERIES Y PELICULAS
COLOMBIA;PREPAGO;ACTIVO IDEAL;218;UNIVERSAL;SD;SERIES Y PELICULAS
COLOMBIA;PREPAGO;ACTIVO IDEAL;221;¡HOLA! TV;SD;HOGAR Y VARIEDADES
COLOMBIA;PREPAGO;ACTIVO IDEAL;222;E!;SD;HOGAR Y VARIEDADES
COLOMBIA;PREPAGO;ACTIVO IDEAL;223;ID;SD;CIENCIA Y CULTURA
COLOMBIA;PREPAGO;ACTIVO IDEAL;226;CANAL DE LAS ESTRELLAS;SD;NACIONAL
COLOMBIA;PREPAGO;ACTIVO IDEAL;227;TL NOVELAS;SD;TELENOVELAS
COLOMBIA;PREPAGO;ACTIVO IDEAL;229;DISCOVERY HOME & HEALTH;SD;HOGAR Y VARIEDADES
COLOMBIA;PREPAGO;ACTIVO IDEAL;230;AMC SERIES;SD;SERIES Y PELICULAS
COLOMBIA;PREPAGO;ACTIVO IDEAL;231;TELEMUNDO;SD;TELENOVELAS
COLOMBIA;PREPAGO;ACTIVO IDEAL;232;EL GOURMET;SD;GASTRONÓMICO
COLOMBIA;PREPAGO;ACTIVO IDEAL;264;MTV;SD;MUSICAL
COLOMBIA;PREPAGO;ACTIVO IDEAL;269;QUIERO MÚSICA EN MI IDIOMA;SD;MUSICAL
COLOMBIA;PREPAGO;ACTIVO IDEAL;302;ESCUELA+;SD;EDUCATIVO
COLOMBIA;PREPAGO;ACTIVO IDEAL;304;CARTOON NETWORK;SD;INFANTIL
COLOMBIA;PREPAGO;ACTIVO IDEAL;308;NICKELODEON;SD;INFANTIL
COLOMBIA;PREPAGO;ACTIVO IDEAL;314;DISNEY CHANNEL (MULTI);SD;INFANTIL
COLOMBIA;PREPAGO;ACTIVO IDEAL;315;DISNEY JUNIOR;SD;INFANTIL
COLOMBIA;PREPAGO;ACTIVO IDEAL;330;DISCOVERY KIDS;SD;INFANTIL
COLOMBIA;PREPAGO;ACTIVO IDEAL;334;CARTOONITO;SD;INFANTIL
COLOMBIA;PREPAGO;ACTIVO IDEAL;350;EWTN;SD;RELIGIOSO
COLOMBIA;PREPAGO;ACTIVO IDEAL;352;ENLACE;SD;RELIGIOSO
COLOMBIA;PREPAGO;ACTIVO IDEAL;353;CRISTOVISIÓN;SD;RELIGIOSO
COLOMBIA;PREPAGO;ACTIVO IDEAL;502;TNT;SD;SERIES Y PELICULAS
COLOMBIA;PREPAGO;ACTIVO IDEAL;507;CINECANAL;SD;SERIES Y PELICULAS
COLOMBIA;PREPAGO;ACTIVO IDEAL;508;STUDIO UNIVERSAL;SD;SERIES Y PELICULAS
COLOMBIA;PREPAGO;ACTIVO IDEAL;509;CINEMAX;SD;SERIES Y PELICULAS
COLOMBIA;PREPAGO;ACTIVO IDEAL;518;SPACE;SD;SERIES Y PELICULAS
COLOMBIA;PREPAGO;ACTIVO IDEAL;610;DSPORTS;SD;DEPORTES
COLOMBIA;PREPAGO;ACTIVO IDEAL;612;DSPORTS 2;SD;DEPORTES
COLOMBIA;PREPAGO;ACTIVO IDEAL;613;DSPORTS +;SD;DEPORTES
COLOMBIA;PREPAGO;ACTIVO IDEAL;622;ESPN 2 ANDINA;SD;DEPORTES
COLOMBIA;PREPAGO;ACTIVO IDEAL;623;ESPN 3;SD;DEPORTES
COLOMBIA;PREPAGO;ACTIVO IDEAL;625;ESPN 5;SD;DEPORTES
COLOMBIA;PREPAGO;ACTIVO IDEAL;626;ESPN 6;SD;DEPORTES
COLOMBIA;PREPAGO;ACTIVO IDEAL;627;ESPN 7;SD;DEPORTES
COLOMBIA;PREPAGO;ACTIVO IDEAL;631;DSPORTS RADIO;AUDIO;DEPORTES
COLOMBIA;PREPAGO;ACTIVO IDEAL;633;WIN SPORTS;SD;DEPORTES
COLOMBIA;PREPAGO;ACTIVO IDEAL;700;D NEWS;SD;NOTICIAS
COLOMBIA;PREPAGO;ACTIVO IDEAL;704;CNN EN ESPAÑOL;SD;NOTICIAS
COLOMBIA;PREPAGO;ACTIVO IDEAL;726;CANAL RURAL;SD;EDUCATIVO
COLOMBIA;PREPAGO;ACTIVO IDEAL;730;NATIONAL GEOGRAPHIC;SD;CIENCIA Y CULTURA
COLOMBIA;PREPAGO;ACTIVO IDEAL;732;DISCOVERY;SD;CIENCIA Y CULTURA
COLOMBIA;PREPAGO;ACTIVO IDEAL;734;ANIMAL PLANET;SD;CIENCIA Y CULTURA
COLOMBIA;PREPAGO;ACTIVO IDEAL;740;TLC;SD;HOGAR Y VARIEDADES
COLOMBIA;PREPAGO;ACTIVO IDEAL;742;HISTORY;SD;CIENCIA Y CULTURA
COLOMBIA;PREPAGO;ACTIVO IDEAL;764;FRANCE 24;SD;NOTICIAS
COLOMBIA;PREPAGO;ACTIVO IDEAL;980;UNIÓN RADIO NOTICIAS;AUDIO;AUDIO
COLOMBIA;PREPAGO;ACTIVO IDEAL;982;RADIO CARACOL;AUDIO;AUDIO
COLOMBIA;PREPAGO;ACTIVO IDEAL;984;RADIO FRANCE INTERNACIONAL;AUDIO;AUDIO
COLOMBIA;PREPAGO;ACTIVO IDEAL;991;LA FM PLUS;AUDIO;AUDIO
COLOMBIA;PREPAGO;ACTIVO IDEAL;992;ALERTA BOGOTÁ;AUDIO;NOTICIAS
COLOMBIA;PREPAGO;ACTIVO IDEAL;993;LA W RADIO;AUDIO;AUDIO
COLOMBIA;PREPAGO;ACTIVO IDEAL;1217;FX;HD;SERIES Y PELICULAS
COLOMBIA;PREPAGO;ACTIVO IDEAL;1222;E!;HD;HOGAR Y VARIEDADES
COLOMBIA;PREPAGO;ACTIVO IDEAL;1270;LATINA TV;HD;NACIONAL
COLOMBIA;PREPAGO;ACTIVO IDEAL;1302;ESCUELA+;HD;EDUCATIVO
COLOMBIA;PREPAGO;ACTIVO IDEAL;1623;ESPN 3;HD;DEPORTES
COLOMBIA;PREPAGO;ACTIVO IDEAL;1633;WIN SPORTS;HD;DEPORTES
COLOMBIA;PREPAGO;ACTIVO IDEAL;1700;D NEWS;HD;NOTICIAS
COLOMBIA;PREPAGO;FAMILIA;117;TV FAMILIA;SD;RELIGIOSO
COLOMBIA;PREPAGO;FAMILIA;127;DSHOW;SD;HOGAR Y VARIEDADES
COLOMBIA;PREPAGO;FAMILIA;130;RCN;SD;NACIONAL
COLOMBIA;PREPAGO;FAMILIA;132;CARACOL;SD;NACIONAL
COLOMBIA;PREPAGO;FAMILIA;133;CITY TV;SD;NACIONAL
COLOMBIA;PREPAGO;FAMILIA;134;CARACOL INTERNACIONAL;SD;NACIONAL
COLOMBIA;PREPAGO;FAMILIA;135;RCN NUESTRA TELE;SD;NACIONAL
COLOMBIA;PREPAGO;FAMILIA;136;CANAL UNO;SD;NACIONAL
COLOMBIA;PREPAGO;FAMILIA;137;SEÑAL COLOMBIA;SD;EDUCATIVO
COLOMBIA;PREPAGO;FAMILIA;138;SEÑAL INSTITUCIONAL;SD;INFORMATIVO
COLOMBIA;PREPAGO;FAMILIA;139;CANAL CONGRESO;SD;INFORMATIVO
COLOMBIA;PREPAGO;FAMILIA;140;TELEANTIOQUIA;SD;NACIONAL
COLOMBIA;PREPAGO;FAMILIA;141;TELEPACIFICO;SD;NACIONAL
COLOMBIA;PREPAGO;FAMILIA;142;TELECAFE;SD;NACIONAL
COLOMBIA;PREPAGO;FAMILIA;143;CANAL CAPITAL;SD;NACIONAL
COLOMBIA;PREPAGO;FAMILIA;144;TELECAFE;SD;NACIONAL
COLOMBIA;PREPAGO;FAMILIA;145;NTN 24;SD;NOTICIAS
COLOMBIA;PREPAGO;FAMILIA;146;EL TIEMPO;SD;NOTICIAS
COLOMBIA;PREPAGO;FAMILIA;147;CABLE NOTICIAS;SD;NOTICIAS
COLOMBIA;PREPAGO;FAMILIA;148;TRO;SD;NACIONAL
COLOMBIA;PREPAGO;FAMILIA;149;TRECE;SD;NACIONAL
COLOMBIA;PREPAGO;FAMILIA;150;TELE ISLAS;SD;NACIONAL
COLOMBIA;PREPAGO;FAMILIA;151;TELEMEDELLIN;SD;NACIONAL
COLOMBIA;PREPAGO;FAMILIA;152;TV AGRO;SD;EDUCATIVO
COLOMBIA;PREPAGO;FAMILIA;202;STAR CHANNEL;SD;SERIES Y PELICULAS
COLOMBIA;PREPAGO;FAMILIA;206;WARNER;SD;SERIES Y PELICULAS
COLOMBIA;PREPAGO;FAMILIA;207;A&E;SD;SERIES Y PELICULAS
COLOMBIA;PREPAGO;FAMILIA;208;SONY;SD;SERIES Y PELICULAS
COLOMBIA;PREPAGO;FAMILIA;217;FX;SD;SERIES Y PELICULAS
COLOMBIA;PREPAGO;FAMILIA;218;UNIVERSAL;SD;SERIES Y PELICULAS
COLOMBIA;PREPAGO;FAMILIA;221;¡HOLA! TV;SD;HOGAR Y VARIEDADES
COLOMBIA;PREPAGO;FAMILIA;222;E!;SD;HOGAR Y VARIEDADES
COLOMBIA;PREPAGO;FAMILIA;223;ID;SD;CIENCIA Y CULTURA
COLOMBIA;PREPAGO;FAMILIA;226;CANAL DE LAS ESTRELLAS;SD;NACIONAL
COLOMBIA;PREPAGO;FAMILIA;227;TL NOVELAS;SD;TELENOVELAS
COLOMBIA;PREPAGO;FAMILIA;229;DISCOVERY HOME & HEALTH;SD;HOGAR Y VARIEDADES
COLOMBIA;PREPAGO;FAMILIA;230;AMC SERIES;SD;SERIES Y PELICULAS
COLOMBIA;PREPAGO;FAMILIA;231;TELEMUNDO;SD;TELENOVELAS
COLOMBIA;PREPAGO;FAMILIA;232;EL GOURMET;SD;GASTRONÓMICO
COLOMBIA;PREPAGO;FAMILIA;264;MTV;SD;MUSICAL
COLOMBIA;PREPAGO;FAMILIA;269;QUIERO MÚSICA EN MI IDIOMA;SD;MUSICAL
COLOMBIA;PREPAGO;FAMILIA;270;MI GENTE 3.0;SD;HOGAR Y VARIEDADES
COLOMBIA;PREPAGO;FAMILIA;302;ESCUELA+;SD;EDUCATIVO
COLOMBIA;PREPAGO;FAMILIA;304;CARTOON NETWORK;SD;INFANTIL
COLOMBIA;PREPAGO;FAMILIA;308;NICKELODEON;SD;INFANTIL
COLOMBIA;PREPAGO;FAMILIA;309;NICK JR.;SD;INFANTIL
COLOMBIA;PREPAGO;FAMILIA;314;DISNEY CHANNEL (MULTI);SD;INFANTIL
COLOMBIA;PREPAGO;FAMILIA;315;DISNEY JUNIOR;SD;INFANTIL
COLOMBIA;PREPAGO;FAMILIA;318;PLIM PLIM;SD;INFANTIL
COLOMBIA;PREPAGO;FAMILIA;330;DISCOVERY KIDS;SD;INFANTIL
COLOMBIA;PREPAGO;FAMILIA;350;EWTN;SD;RELIGIOSO
COLOMBIA;PREPAGO;FAMILIA;352;ENLACE;SD;RELIGIOSO
COLOMBIA;PREPAGO;FAMILIA;353;CRISTOVISIÓN;SD;RELIGIOSO
COLOMBIA;PREPAGO;FAMILIA;358;DAYSTAR;SD;RELIGIOSO
COLOMBIA;PREPAGO;FAMILIA;502;TNT;SD;SERIES Y PELICULAS
COLOMBIA;PREPAGO;FAMILIA;507;CINECANAL;SD;SERIES Y PELICULAS
COLOMBIA;PREPAGO;FAMILIA;508;STUDIO UNIVERSAL;SD;SERIES Y PELICULAS
COLOMBIA;PREPAGO;FAMILIA;518;SPACE;SD;SERIES Y PELICULAS
COLOMBIA;PREPAGO;FAMILIA;610;DSPORTS;SD;DEPORTES
COLOMBIA;PREPAGO;FAMILIA;612;DSPORTS 2;SD;DEPORTES
COLOMBIA;PREPAGO;FAMILIA;613;DSPORTS +;SD;DEPORTES
COLOMBIA;PREPAGO;FAMILIA;621;ESPN;SD;DEPORTES
COLOMBIA;PREPAGO;FAMILIA;622;ESPN 2 ANDINA;SD;DEPORTES
COLOMBIA;PREPAGO;FAMILIA;623;ESPN 3;SD;DEPORTES
COLOMBIA;PREPAGO;FAMILIA;625;ESPN 5;SD;DEPORTES
COLOMBIA;PREPAGO;FAMILIA;626;ESPN 6;SD;DEPORTES
COLOMBIA;PREPAGO;FAMILIA;627;ESPN 7;SD;DEPORTES
COLOMBIA;PREPAGO;FAMILIA;631;DSPORTS RADIO;AUDIO;DEPORTES
COLOMBIA;PREPAGO;FAMILIA;633;WIN SPORTS;SD;DEPORTES
COLOMBIA;PREPAGO;FAMILIA;700;D NEWS;SD;NOTICIAS
COLOMBIA;PREPAGO;FAMILIA;704;CNN EN ESPAÑOL;SD;NOTICIAS
COLOMBIA;PREPAGO;FAMILIA;716;TODO NOTICIAS;SD;NOTICIAS
COLOMBIA;PREPAGO;FAMILIA;720;CANAL 26;SD;NOTICIAS
COLOMBIA;PREPAGO;FAMILIA;726;CANAL RURAL;SD;EDUCATIVO
COLOMBIA;PREPAGO;FAMILIA;730;NATIONAL GEOGRAPHIC;SD;CIENCIA Y CULTURA
COLOMBIA;PREPAGO;FAMILIA;732;DISCOVERY;SD;CIENCIA Y CULTURA
COLOMBIA;PREPAGO;FAMILIA;764;FRANCE 24;SD;NOTICIAS
COLOMBIA;PREPAGO;FAMILIA;774;TV CHILE INTERNACIONAL;SD;NACIONAL
COLOMBIA;PREPAGO;FAMILIA;784;EL TRECE;SD;NACIONAL
COLOMBIA;PREPAGO;FAMILIA;786;TELEFÉ;SD;NACIONAL
COLOMBIA;PREPAGO;FAMILIA;790;CGTN;SD;NOTICIAS
COLOMBIA;PREPAGO;FAMILIA;980;UNIÓN RADIO NOTICIAS;AUDIO;AUDIO
COLOMBIA;PREPAGO;FAMILIA;982;RADIO CARACOL;AUDIO;AUDIO
COLOMBIA;PREPAGO;FAMILIA;984;RADIO FRANCE INTERNACIONAL;AUDIO;AUDIO
COLOMBIA;PREPAGO;FAMILIA;991;LA FM PLUS;AUDIO;AUDIO
COLOMBIA;PREPAGO;FAMILIA;992;ALERTA BOGOTÁ;AUDIO;NOTICIAS
COLOMBIA;PREPAGO;FAMILIA;993;LA W RADIO;AUDIO;AUDIO
COLOMBIA;PREPAGO;FAMILIA;1127;DSHOW;SD;HOGAR Y VARIEDADES
COLOMBIA;PREPAGO;FAMILIA;1147;CABLE NOTICIAS;HD;NOTICIAS
COLOMBIA;PREPAGO;FAMILIA;1217;FX;HD;SERIES Y PELICULAS
COLOMBIA;PREPAGO;FAMILIA;1222;E!;HD;HOGAR Y VARIEDADES
COLOMBIA;PREPAGO;FAMILIA;1265;MUSIC TOP;HD;MUSICAL
COLOMBIA;PREPAGO;FAMILIA;1270;LATINA TV;HD;NACIONAL
COLOMBIA;PREPAGO;FAMILIA;1302;ESCUELA+;HD;EDUCATIVO
COLOMBIA;PREPAGO;FAMILIA;1318;PLIM PLIM;HD;INFANTIL
COLOMBIA;PREPAGO;FAMILIA;1623;ESPN 3;HD;DEPORTES
COLOMBIA;PREPAGO;FAMILIA;1700;D NEWS;HD;NOTICIAS
COLOMBIA;PREPAGO;FAMILIA HD2;117;TV FAMILIA;SD;RELIGIOSO
COLOMBIA;PREPAGO;FAMILIA HD2;127;DSHOW;SD;HOGAR Y VARIEDADES
COLOMBIA;PREPAGO;FAMILIA HD2;130;RCN;SD;NACIONAL
COLOMBIA;PREPAGO;FAMILIA HD2;132;CARACOL;SD;NACIONAL
COLOMBIA;PREPAGO;FAMILIA HD2;133;CITY TV;SD;NACIONAL
COLOMBIA;PREPAGO;FAMILIA HD2;134;CARACOL INTERNACIONAL;SD;NACIONAL
COLOMBIA;PREPAGO;FAMILIA HD2;135;RCN NUESTRA TELE;SD;NACIONAL
COLOMBIA;PREPAGO;FAMILIA HD2;136;CANAL UNO;SD;NACIONAL
COLOMBIA;PREPAGO;FAMILIA HD2;137;SEÑAL COLOMBIA;SD;EDUCATIVO
COLOMBIA;PREPAGO;FAMILIA HD2;138;SEÑAL INSTITUCIONAL;SD;INFORMATIVO
COLOMBIA;PREPAGO;FAMILIA HD2;139;CANAL CONGRESO;SD;INFORMATIVO
COLOMBIA;PREPAGO;FAMILIA HD2;140;TELEANTIOQUIA;SD;NACIONAL
COLOMBIA;PREPAGO;FAMILIA HD2;141;TELEPACIFICO;SD;NACIONAL
COLOMBIA;PREPAGO;FAMILIA HD2;142;TELECAFE;SD;NACIONAL
COLOMBIA;PREPAGO;FAMILIA HD2;143;CANAL CAPITAL;SD;NACIONAL
COLOMBIA;PREPAGO;FAMILIA HD2;144;TELECAFE;SD;NACIONAL
COLOMBIA;PREPAGO;FAMILIA HD2;145;NTN 24;SD;NOTICIAS
COLOMBIA;PREPAGO;FAMILIA HD2;146;EL TIEMPO;SD;NOTICIAS
COLOMBIA;PREPAGO;FAMILIA HD2;147;CABLE NOTICIAS;SD;NOTICIAS
COLOMBIA;PREPAGO;FAMILIA HD2;148;TRO;SD;NACIONAL
COLOMBIA;PREPAGO;FAMILIA HD2;149;TRECE;SD;NACIONAL
COLOMBIA;PREPAGO;FAMILIA HD2;150;TELE ISLAS;SD;NACIONAL
COLOMBIA;PREPAGO;FAMILIA HD2;151;TELEMEDELLIN;SD;NACIONAL
COLOMBIA;PREPAGO;FAMILIA HD2;152;TV AGRO;SD;EDUCATIVO
COLOMBIA;PREPAGO;FAMILIA HD2;202;STAR CHANNEL;SD;SERIES Y PELICULAS
COLOMBIA;PREPAGO;FAMILIA HD2;206;WARNER;SD;SERIES Y PELICULAS
COLOMBIA;PREPAGO;FAMILIA HD2;207;A&E;SD;SERIES Y PELICULAS
COLOMBIA;PREPAGO;FAMILIA HD2;208;SONY;SD;SERIES Y PELICULAS
COLOMBIA;PREPAGO;FAMILIA HD2;217;FX;SD;SERIES Y PELICULAS
COLOMBIA;PREPAGO;FAMILIA HD2;218;UNIVERSAL;SD;SERIES Y PELICULAS
COLOMBIA;PREPAGO;FAMILIA HD2;221;¡HOLA! TV;SD;HOGAR Y VARIEDADES
COLOMBIA;PREPAGO;FAMILIA HD2;222;E!;SD;HOGAR Y VARIEDADES
COLOMBIA;PREPAGO;FAMILIA HD2;223;ID;SD;CIENCIA Y CULTURA
COLOMBIA;PREPAGO;FAMILIA HD2;226;CANAL DE LAS ESTRELLAS;SD;NACIONAL
COLOMBIA;PREPAGO;FAMILIA HD2;227;TL NOVELAS;SD;TELENOVELAS
COLOMBIA;PREPAGO;FAMILIA HD2;229;DISCOVERY HOME & HEALTH;SD;HOGAR Y VARIEDADES
COLOMBIA;PREPAGO;FAMILIA HD2;230;AMC SERIES;SD;SERIES Y PELICULAS
COLOMBIA;PREPAGO;FAMILIA HD2;231;TELEMUNDO;SD;TELENOVELAS
COLOMBIA;PREPAGO;FAMILIA HD2;232;EL GOURMET;SD;GASTRONÓMICO
COLOMBIA;PREPAGO;FAMILIA HD2;264;MTV;SD;MUSICAL
COLOMBIA;PREPAGO;FAMILIA HD2;269;QUIERO MÚSICA EN MI IDIOMA;SD;MUSICAL
COLOMBIA;PREPAGO;FAMILIA HD2;270;MI GENTE 3.0;SD;HOGAR Y VARIEDADES
COLOMBIA;PREPAGO;FAMILIA HD2;302;ESCUELA+;SD;EDUCATIVO
COLOMBIA;PREPAGO;FAMILIA HD2;304;CARTOON NETWORK;SD;INFANTIL
COLOMBIA;PREPAGO;FAMILIA HD2;308;NICKELODEON;SD;INFANTIL
COLOMBIA;PREPAGO;FAMILIA HD2;309;NICK JR.;SD;INFANTIL
COLOMBIA;PREPAGO;FAMILIA HD2;314;DISNEY CHANNEL (MULTI);SD;INFANTIL
COLOMBIA;PREPAGO;FAMILIA HD2;315;DISNEY JUNIOR;SD;INFANTIL
COLOMBIA;PREPAGO;FAMILIA HD2;318;PLIM PLIM;SD;INFANTIL
COLOMBIA;PREPAGO;FAMILIA HD2;330;DISCOVERY KIDS;SD;INFANTIL
COLOMBIA;PREPAGO;FAMILIA HD2;350;EWTN;SD;RELIGIOSO
COLOMBIA;PREPAGO;FAMILIA HD2;352;ENLACE;SD;RELIGIOSO
COLOMBIA;PREPAGO;FAMILIA HD2;353;CRISTOVISIÓN;SD;RELIGIOSO
COLOMBIA;PREPAGO;FAMILIA HD2;358;DAYSTAR;SD;RELIGIOSO
COLOMBIA;PREPAGO;FAMILIA HD2;502;TNT;SD;SERIES Y PELICULAS
COLOMBIA;PREPAGO;FAMILIA HD2;507;CINECANAL;SD;SERIES Y PELICULAS
COLOMBIA;PREPAGO;FAMILIA HD2;508;STUDIO UNIVERSAL;SD;SERIES Y PELICULAS
COLOMBIA;PREPAGO;FAMILIA HD2;518;SPACE;SD;SERIES Y PELICULAS
COLOMBIA;PREPAGO;FAMILIA HD2;610;DSPORTS;SD;DEPORTES
COLOMBIA;PREPAGO;FAMILIA HD2;612;DSPORTS 2;SD;DEPORTES
COLOMBIA;PREPAGO;FAMILIA HD2;613;DSPORTS +;SD;DEPORTES
COLOMBIA;PREPAGO;FAMILIA HD2;621;ESPN;SD;DEPORTES
COLOMBIA;PREPAGO;FAMILIA HD2;622;ESPN 2 ANDINA;SD;DEPORTES
COLOMBIA;PREPAGO;FAMILIA HD2;623;ESPN 3;SD;DEPORTES
COLOMBIA;PREPAGO;FAMILIA HD2;625;ESPN 5;SD;DEPORTES
COLOMBIA;PREPAGO;FAMILIA HD2;626;ESPN 6;SD;DEPORTES
COLOMBIA;PREPAGO;FAMILIA HD2;627;ESPN 7;SD;DEPORTES
COLOMBIA;PREPAGO;FAMILIA HD2;631;DSPORTS RADIO;AUDIO;DEPORTES
COLOMBIA;PREPAGO;FAMILIA HD2;633;WIN SPORTS;SD;DEPORTES
COLOMBIA;PREPAGO;FAMILIA HD2;700;D NEWS;SD;NOTICIAS
COLOMBIA;PREPAGO;FAMILIA HD2;704;CNN EN ESPAÑOL;SD;NOTICIAS
COLOMBIA;PREPAGO;FAMILIA HD2;716;TODO NOTICIAS;SD;NOTICIAS
COLOMBIA;PREPAGO;FAMILIA HD2;720;CANAL 26;SD;NOTICIAS
COLOMBIA;PREPAGO;FAMILIA HD2;726;CANAL RURAL;SD;EDUCATIVO
COLOMBIA;PREPAGO;FAMILIA HD2;730;NATIONAL GEOGRAPHIC;SD;CIENCIA Y CULTURA
COLOMBIA;PREPAGO;FAMILIA HD2;732;DISCOVERY;SD;CIENCIA Y CULTURA
COLOMBIA;PREPAGO;FAMILIA HD2;764;FRANCE 24;SD;NOTICIAS
COLOMBIA;PREPAGO;FAMILIA HD2;774;TV CHILE INTERNACIONAL;SD;NACIONAL
COLOMBIA;PREPAGO;FAMILIA HD2;784;EL TRECE;SD;NACIONAL
COLOMBIA;PREPAGO;FAMILIA HD2;786;TELEFÉ;SD;NACIONAL
COLOMBIA;PREPAGO;FAMILIA HD2;790;CGTN;SD;NOTICIAS
COLOMBIA;PREPAGO;FAMILIA HD2;980;UNIÓN RADIO NOTICIAS;AUDIO;AUDIO
COLOMBIA;PREPAGO;FAMILIA HD2;982;RADIO CARACOL;AUDIO;AUDIO
COLOMBIA;PREPAGO;FAMILIA HD2;984;RADIO FRANCE INTERNACIONAL;AUDIO;AUDIO
COLOMBIA;PREPAGO;FAMILIA HD2;991;LA FM PLUS;AUDIO;AUDIO
COLOMBIA;PREPAGO;FAMILIA HD2;992;ALERTA BOGOTÁ;AUDIO;NOTICIAS
COLOMBIA;PREPAGO;FAMILIA HD2;993;LA W RADIO;AUDIO;AUDIO
COLOMBIA;PREPAGO;FAMILIA HD2;1127;DSHOW;SD;HOGAR Y VARIEDADES
COLOMBIA;PREPAGO;FAMILIA HD2;1147;CABLE NOTICIAS;HD;NOTICIAS
COLOMBIA;PREPAGO;FAMILIA HD2;1207;A&E;HD;SERIES Y PELICULAS
COLOMBIA;PREPAGO;FAMILIA HD2;1217;FX;HD;SERIES Y PELICULAS
COLOMBIA;PREPAGO;FAMILIA HD2;1222;E!;HD;HOGAR Y VARIEDADES
COLOMBIA;PREPAGO;FAMILIA HD2;1265;MUSIC TOP;HD;MUSICAL
COLOMBIA;PREPAGO;FAMILIA HD2;1270;LATINA TV;HD;NACIONAL
COLOMBIA;PREPAGO;FAMILIA HD2;1302;ESCUELA+;HD;EDUCATIVO
COLOMBIA;PREPAGO;FAMILIA HD2;1318;PLIM PLIM;HD;INFANTIL
COLOMBIA;PREPAGO;FAMILIA HD2;1623;ESPN 3;HD;DEPORTES
COLOMBIA;PREPAGO;FAMILIA HD2;1700;D NEWS;HD;NOTICIAS
COLOMBIA;PREPAGO;FAMILIA PLUS HD;117;TV FAMILIA;SD;RELIGIOSO
COLOMBIA;PREPAGO;FAMILIA PLUS HD;127;DSHOW;SD;HOGAR Y VARIEDADES
COLOMBIA;PREPAGO;FAMILIA PLUS HD;130;RCN;SD;NACIONAL
COLOMBIA;PREPAGO;FAMILIA PLUS HD;132;CARACOL;SD;NACIONAL
COLOMBIA;PREPAGO;FAMILIA PLUS HD;133;CITY TV;SD;NACIONAL
COLOMBIA;PREPAGO;FAMILIA PLUS HD;134;CARACOL INTERNACIONAL;SD;NACIONAL
COLOMBIA;PREPAGO;FAMILIA PLUS HD;135;RCN NUESTRA TELE;SD;NACIONAL
COLOMBIA;PREPAGO;FAMILIA PLUS HD;136;CANAL UNO;SD;NACIONAL
COLOMBIA;PREPAGO;FAMILIA PLUS HD;137;SEÑAL COLOMBIA;SD;EDUCATIVO
COLOMBIA;PREPAGO;FAMILIA PLUS HD;138;SEÑAL INSTITUCIONAL;SD;INFORMATIVO
COLOMBIA;PREPAGO;FAMILIA PLUS HD;139;CANAL CONGRESO;SD;INFORMATIVO
COLOMBIA;PREPAGO;FAMILIA PLUS HD;140;TELEANTIOQUIA;SD;NACIONAL
COLOMBIA;PREPAGO;FAMILIA PLUS HD;141;TELEPACIFICO;SD;NACIONAL
COLOMBIA;PREPAGO;FAMILIA PLUS HD;142;TELECAFE;SD;NACIONAL
COLOMBIA;PREPAGO;FAMILIA PLUS HD;143;CANAL CAPITAL;SD;NACIONAL
COLOMBIA;PREPAGO;FAMILIA PLUS HD;144;TELECAFE;SD;NACIONAL
COLOMBIA;PREPAGO;FAMILIA PLUS HD;145;NTN 24;SD;NOTICIAS
COLOMBIA;PREPAGO;FAMILIA PLUS HD;146;EL TIEMPO;SD;NOTICIAS
COLOMBIA;PREPAGO;FAMILIA PLUS HD;147;CABLE NOTICIAS;SD;NOTICIAS
COLOMBIA;PREPAGO;FAMILIA PLUS HD;148;TRO;SD;NACIONAL
COLOMBIA;PREPAGO;FAMILIA PLUS HD;149;TRECE;SD;NACIONAL
COLOMBIA;PREPAGO;FAMILIA PLUS HD;150;TELE ISLAS;SD;NACIONAL
COLOMBIA;PREPAGO;FAMILIA PLUS HD;151;TELEMEDELLIN;SD;NACIONAL
COLOMBIA;PREPAGO;FAMILIA PLUS HD;152;TV AGRO;SD;EDUCATIVO
COLOMBIA;PREPAGO;FAMILIA PLUS HD;202;STAR CHANNEL;SD;SERIES Y PELICULAS
COLOMBIA;PREPAGO;FAMILIA PLUS HD;204;STAR CHANNEL HD;SD;SERIES Y PELICULAS
COLOMBIA;PREPAGO;FAMILIA PLUS HD;206;WARNER;SD;SERIES Y PELICULAS
COLOMBIA;PREPAGO;FAMILIA PLUS HD;207;A&E;SD;SERIES Y PELICULAS
COLOMBIA;PREPAGO;FAMILIA PLUS HD;208;SONY;SD;SERIES Y PELICULAS
COLOMBIA;PREPAGO;FAMILIA PLUS HD;217;FX;SD;SERIES Y PELICULAS
COLOMBIA;PREPAGO;FAMILIA PLUS HD;218;UNIVERSAL;SD;SERIES Y PELICULAS
COLOMBIA;PREPAGO;FAMILIA PLUS HD;221;¡HOLA! TV;SD;HOGAR Y VARIEDADES
COLOMBIA;PREPAGO;FAMILIA PLUS HD;222;E!;SD;HOGAR Y VARIEDADES
COLOMBIA;PREPAGO;FAMILIA PLUS HD;223;ID;SD;CIENCIA Y CULTURA
COLOMBIA;PREPAGO;FAMILIA PLUS HD;226;CANAL DE LAS ESTRELLAS;SD;NACIONAL
COLOMBIA;PREPAGO;FAMILIA PLUS HD;227;TL NOVELAS;SD;TELENOVELAS
COLOMBIA;PREPAGO;FAMILIA PLUS HD;229;DISCOVERY HOME & HEALTH;SD;HOGAR Y VARIEDADES
COLOMBIA;PREPAGO;FAMILIA PLUS HD;230;AMC SERIES;SD;SERIES Y PELICULAS
COLOMBIA;PREPAGO;FAMILIA PLUS HD;231;TELEMUNDO;SD;TELENOVELAS
COLOMBIA;PREPAGO;FAMILIA PLUS HD;232;EL GOURMET;SD;GASTRONÓMICO
COLOMBIA;PREPAGO;FAMILIA PLUS HD;264;MTV;SD;MUSICAL
COLOMBIA;PREPAGO;FAMILIA PLUS HD;269;QUIERO MÚSICA EN MI IDIOMA;SD;MUSICAL
COLOMBIA;PREPAGO;FAMILIA PLUS HD;270;MI GENTE 3.0;SD;HOGAR Y VARIEDADES
COLOMBIA;PREPAGO;FAMILIA PLUS HD;302;ESCUELA+;SD;EDUCATIVO
COLOMBIA;PREPAGO;FAMILIA PLUS HD;304;CARTOON NETWORK;SD;INFANTIL
COLOMBIA;PREPAGO;FAMILIA PLUS HD;308;NICKELODEON;SD;INFANTIL
COLOMBIA;PREPAGO;FAMILIA PLUS HD;309;NICK JR.;SD;INFANTIL
COLOMBIA;PREPAGO;FAMILIA PLUS HD;312;DISNEY CHANNEL HD;SD;INFANTIL
COLOMBIA;PREPAGO;FAMILIA PLUS HD;314;DISNEY CHANNEL (MULTI);SD;INFANTIL
COLOMBIA;PREPAGO;FAMILIA PLUS HD;315;DISNEY JUNIOR;SD;INFANTIL
COLOMBIA;PREPAGO;FAMILIA PLUS HD;318;PLIM PLIM;SD;INFANTIL
COLOMBIA;PREPAGO;FAMILIA PLUS HD;330;DISCOVERY KIDS;SD;INFANTIL
COLOMBIA;PREPAGO;FAMILIA PLUS HD;350;EWTN;SD;RELIGIOSO
COLOMBIA;PREPAGO;FAMILIA PLUS HD;352;ENLACE;SD;RELIGIOSO
COLOMBIA;PREPAGO;FAMILIA PLUS HD;353;CRISTOVISIÓN;SD;RELIGIOSO
COLOMBIA;PREPAGO;FAMILIA PLUS HD;358;DAYSTAR;SD;RELIGIOSO
COLOMBIA;PREPAGO;FAMILIA PLUS HD;502;TNT;SD;SERIES Y PELICULAS
COLOMBIA;PREPAGO;FAMILIA PLUS HD;507;CINECANAL;SD;SERIES Y PELICULAS
COLOMBIA;PREPAGO;FAMILIA PLUS HD;508;STUDIO UNIVERSAL;SD;SERIES Y PELICULAS
COLOMBIA;PREPAGO;FAMILIA PLUS HD;518;SPACE;SD;SERIES Y PELICULAS
COLOMBIA;PREPAGO;FAMILIA PLUS HD;610;DSPORTS;SD;DEPORTES
COLOMBIA;PREPAGO;FAMILIA PLUS HD;612;DSPORTS 2;SD;DEPORTES
COLOMBIA;PREPAGO;FAMILIA PLUS HD;613;DSPORTS +;SD;DEPORTES
COLOMBIA;PREPAGO;FAMILIA PLUS HD;621;ESPN;SD;DEPORTES
COLOMBIA;PREPAGO;FAMILIA PLUS HD;622;ESPN 2 ANDINA;SD;DEPORTES
COLOMBIA;PREPAGO;FAMILIA PLUS HD;623;ESPN 3;SD;DEPORTES
COLOMBIA;PREPAGO;FAMILIA PLUS HD;625;ESPN 5;SD;DEPORTES
COLOMBIA;PREPAGO;FAMILIA PLUS HD;626;ESPN 6;SD;DEPORTES
COLOMBIA;PREPAGO;FAMILIA PLUS HD;627;ESPN 7;SD;DEPORTES
COLOMBIA;PREPAGO;FAMILIA PLUS HD;631;DSPORTS RADIO;AUDIO;DEPORTES
COLOMBIA;PREPAGO;FAMILIA PLUS HD;633;WIN SPORTS;SD;DEPORTES
COLOMBIA;PREPAGO;FAMILIA PLUS HD;700;D NEWS;SD;NOTICIAS
COLOMBIA;PREPAGO;FAMILIA PLUS HD;704;CNN EN ESPAÑOL;SD;NOTICIAS
COLOMBIA;PREPAGO;FAMILIA PLUS HD;716;TODO NOTICIAS;SD;NOTICIAS
COLOMBIA;PREPAGO;FAMILIA PLUS HD;720;CANAL 26;SD;NOTICIAS
COLOMBIA;PREPAGO;FAMILIA PLUS HD;726;CANAL RURAL;SD;EDUCATIVO
COLOMBIA;PREPAGO;FAMILIA PLUS HD;730;NATIONAL GEOGRAPHIC;SD;CIENCIA Y CULTURA
COLOMBIA;PREPAGO;FAMILIA PLUS HD;732;DISCOVERY;SD;CIENCIA Y CULTURA
COLOMBIA;PREPAGO;FAMILIA PLUS HD;764;FRANCE 24;SD;NOTICIAS
COLOMBIA;PREPAGO;FAMILIA PLUS HD;774;TV CHILE INTERNACIONAL;SD;NACIONAL
COLOMBIA;PREPAGO;FAMILIA PLUS HD;784;EL TRECE;SD;NACIONAL
COLOMBIA;PREPAGO;FAMILIA PLUS HD;786;TELEFÉ;SD;NACIONAL
COLOMBIA;PREPAGO;FAMILIA PLUS HD;790;CGTN;SD;NOTICIAS
COLOMBIA;PREPAGO;FAMILIA PLUS HD;980;UNIÓN RADIO NOTICIAS;AUDIO;AUDIO
COLOMBIA;PREPAGO;FAMILIA PLUS HD;982;RADIO CARACOL;AUDIO;AUDIO
COLOMBIA;PREPAGO;FAMILIA PLUS HD;984;RADIO FRANCE INTERNACIONAL;AUDIO;AUDIO
COLOMBIA;PREPAGO;FAMILIA PLUS HD;991;LA FM PLUS;AUDIO;AUDIO
COLOMBIA;PREPAGO;FAMILIA PLUS HD;992;ALERTA BOGOTÁ;AUDIO;NOTICIAS
COLOMBIA;PREPAGO;FAMILIA PLUS HD;993;LA W RADIO;AUDIO;AUDIO
COLOMBIA;PREPAGO;FAMILIA PLUS HD;1127;DSHOW;SD;HOGAR Y VARIEDADES
COLOMBIA;PREPAGO;FAMILIA PLUS HD;1130;RCN;HD;NACIONAL
COLOMBIA;PREPAGO;FAMILIA PLUS HD;1132;CARACOL;HD;NACIONAL
COLOMBIA;PREPAGO;FAMILIA PLUS HD;1136;CANAL UNO;HD;NACIONAL
COLOMBIA;PREPAGO;FAMILIA PLUS HD;1137;SEÑAL COLOMBIA;HD;EDUCATIVO
COLOMBIA;PREPAGO;FAMILIA PLUS HD;1138;SEÑAL INSTITUCIONAL;HD;INFORMATIVO
COLOMBIA;PREPAGO;FAMILIA PLUS HD;1140;TELEANTIOQUIA;HD;NACIONAL
COLOMBIA;PREPAGO;FAMILIA PLUS HD;1141;TELEPACIFICO;HD;NACIONAL
COLOMBIA;PREPAGO;FAMILIA PLUS HD;1142;TELECAFE;HD;NACIONAL
COLOMBIA;PREPAGO;FAMILIA PLUS HD;1147;CABLE NOTICIAS;HD;NOTICIAS
COLOMBIA;PREPAGO;FAMILIA PLUS HD;1204;STAR CHANNEL;HD;SERIES Y PELICULAS
COLOMBIA;PREPAGO;FAMILIA PLUS HD;1206;WARNER;HD;SERIES Y PELICULAS
COLOMBIA;PREPAGO;FAMILIA PLUS HD;1207;A&E;HD;SERIES Y PELICULAS
COLOMBIA;PREPAGO;FAMILIA PLUS HD;1208;SONY;HD;SERIES Y PELICULAS
COLOMBIA;PREPAGO;FAMILIA PLUS HD;1217;FX;HD;SERIES Y PELICULAS
COLOMBIA;PREPAGO;FAMILIA PLUS HD;1218;UNIVERSAL;HD;SERIES Y PELICULAS
COLOMBIA;PREPAGO;FAMILIA PLUS HD;1221;¡HOLA! TV;HD;HOGAR Y VARIEDADES
COLOMBIA;PREPAGO;FAMILIA PLUS HD;1222;E!;HD;HOGAR Y VARIEDADES
COLOMBIA;PREPAGO;FAMILIA PLUS HD;1223;ID HD;HD;CIENCIA Y CULTURA
COLOMBIA;PREPAGO;FAMILIA PLUS HD;1229;DISCOVERY HOME & HEALTH;HD;HOGAR Y VARIEDADES
COLOMBIA;PREPAGO;FAMILIA PLUS HD;1232;EL GOURMET;HD;GASTRONÓMICO
COLOMBIA;PREPAGO;FAMILIA PLUS HD;1236;VEPLUS;HD;HOGAR Y VARIEDADES
COLOMBIA;PREPAGO;FAMILIA PLUS HD;1264;MTV;HD;MUSICAL
COLOMBIA;PREPAGO;FAMILIA PLUS HD;1265;MUSIC TOP;HD;MUSICAL
COLOMBIA;PREPAGO;FAMILIA PLUS HD;1266;TIERRA MIA;HD;CIENCIA Y CULTURA
COLOMBIA;PREPAGO;FAMILIA PLUS HD;1270;LATINA TV;HD;NACIONAL
COLOMBIA;PREPAGO;FAMILIA PLUS HD;1302;ESCUELA+;HD;EDUCATIVO
COLOMBIA;PREPAGO;FAMILIA PLUS HD;1304;CARTOON NETWORK;HD;INFANTIL
COLOMBIA;PREPAGO;FAMILIA PLUS HD;1308;NICKELODEON;HD;INFANTIL
COLOMBIA;PREPAGO;FAMILIA PLUS HD;1312;DISNEY CHANNEL;HD;INFANTIL
COLOMBIA;PREPAGO;FAMILIA PLUS HD;1315;DISNEY JUNIOR;HD;INFANTIL
COLOMBIA;PREPAGO;FAMILIA PLUS HD;1318;PLIM PLIM;HD;INFANTIL
COLOMBIA;PREPAGO;FAMILIA PLUS HD;1330;DISCOVERY KIDS;HD;INFANTIL
COLOMBIA;PREPAGO;FAMILIA PLUS HD;1502;TNT;HD;SERIES Y PELICULAS
COLOMBIA;PREPAGO;FAMILIA PLUS HD;1507;CINECANAL;HD;SERIES Y PELICULAS
COLOMBIA;PREPAGO;FAMILIA PLUS HD;1508;STUDIO UNIVERSAL;HD;SERIES Y PELICULAS
COLOMBIA;PREPAGO;FAMILIA PLUS HD;1518;SPACE;HD;SERIES Y PELICULAS
COLOMBIA;PREPAGO;FAMILIA PLUS HD;1610;DSPORTS;HD;DEPORTES
COLOMBIA;PREPAGO;FAMILIA PLUS HD;1612;DSPORTS 2;HD;DEPORTES
COLOMBIA;PREPAGO;FAMILIA PLUS HD;1613;DSPORTS +;HD;DEPORTES
COLOMBIA;PREPAGO;FAMILIA PLUS HD;1621;ESPN;HD;DEPORTES
COLOMBIA;PREPAGO;FAMILIA PLUS HD;1622;ESPN 2;HD;DEPORTES
COLOMBIA;PREPAGO;FAMILIA PLUS HD;1623;ESPN 3;HD;DEPORTES
COLOMBIA;PREPAGO;FAMILIA PLUS HD;1625;ESPN 5;HD;DEPORTES
COLOMBIA;PREPAGO;FAMILIA PLUS HD;1626;ESPN 6;HD;DEPORTES
COLOMBIA;PREPAGO;FAMILIA PLUS HD;1627;ESPN 7;HD;DEPORTES
COLOMBIA;PREPAGO;FAMILIA PLUS HD;1633;WIN SPORTS;HD;DEPORTES
COLOMBIA;PREPAGO;FAMILIA PLUS HD;1700;D NEWS;HD;NOTICIAS
COLOMBIA;PREPAGO;FAMILIA PLUS HD;1730;NATIONAL GEOGRAPHIC;HD;CIENCIA Y CULTURA
COLOMBIA;PREPAGO;FAMILIA PLUS HD;1732;DISCOVERY;HD;CIENCIA Y CULTURA
COLOMBIA;PREPAGO;FAMILIA PLUS HD;1764;FRANCE 24;HD;NOTICIAS
COLOMBIA;PREPAGO;FAMILIA+;127;DSHOW;SD;HOGAR Y VARIEDADES
COLOMBIA;PREPAGO;FAMILIA+;130;RCN;SD;NACIONAL
COLOMBIA;PREPAGO;FAMILIA+;132;CARACOL;SD;NACIONAL
COLOMBIA;PREPAGO;FAMILIA+;133;CITY TV;SD;NACIONAL
COLOMBIA;PREPAGO;FAMILIA+;134;CARACOL INTERNACIONAL;SD;NACIONAL
COLOMBIA;PREPAGO;FAMILIA+;135;RCN NUESTRA TELE;SD;NACIONAL
COLOMBIA;PREPAGO;FAMILIA+;136;CANAL UNO;SD;NACIONAL
COLOMBIA;PREPAGO;FAMILIA+;137;SEÑAL COLOMBIA;SD;EDUCATIVO
COLOMBIA;PREPAGO;FAMILIA+;138;SEÑAL INSTITUCIONAL;SD;INFORMATIVO
COLOMBIA;PREPAGO;FAMILIA+;139;CANAL CONGRESO;SD;INFORMATIVO
COLOMBIA;PREPAGO;FAMILIA+;140;TELEANTIOQUIA;SD;NACIONAL
COLOMBIA;PREPAGO;FAMILIA+;141;TELEPACIFICO;SD;NACIONAL
COLOMBIA;PREPAGO;FAMILIA+;142;TELECAFE;SD;NACIONAL
COLOMBIA;PREPAGO;FAMILIA+;143;CANAL CAPITAL;SD;NACIONAL
COLOMBIA;PREPAGO;FAMILIA+;144;TELECAFE;SD;NACIONAL
COLOMBIA;PREPAGO;FAMILIA+;145;NTN 24;SD;NOTICIAS
COLOMBIA;PREPAGO;FAMILIA+;146;EL TIEMPO;SD;NOTICIAS
COLOMBIA;PREPAGO;FAMILIA+;147;CABLE NOTICIAS;SD;NOTICIAS
COLOMBIA;PREPAGO;FAMILIA+;148;TRO;SD;NACIONAL
COLOMBIA;PREPAGO;FAMILIA+;149;TRECE;SD;NACIONAL
COLOMBIA;PREPAGO;FAMILIA+;150;TELE ISLAS;SD;NACIONAL
COLOMBIA;PREPAGO;FAMILIA+;151;TELEMEDELLIN;SD;NACIONAL
COLOMBIA;PREPAGO;FAMILIA+;152;TV AGRO;SD;EDUCATIVO
COLOMBIA;PREPAGO;FAMILIA+;202;STAR CHANNEL;SD;SERIES Y PELICULAS
COLOMBIA;PREPAGO;FAMILIA+;204;STAR CHANNEL HD;SD;SERIES Y PELICULAS
COLOMBIA;PREPAGO;FAMILIA+;206;WARNER;SD;SERIES Y PELICULAS
COLOMBIA;PREPAGO;FAMILIA+;207;A&E;SD;SERIES Y PELICULAS
COLOMBIA;PREPAGO;FAMILIA+;208;SONY;SD;SERIES Y PELICULAS
COLOMBIA;PREPAGO;FAMILIA+;217;FX;SD;SERIES Y PELICULAS
COLOMBIA;PREPAGO;FAMILIA+;218;UNIVERSAL;SD;SERIES Y PELICULAS
COLOMBIA;PREPAGO;FAMILIA+;222;E!;SD;HOGAR Y VARIEDADES
COLOMBIA;PREPAGO;FAMILIA+;223;ID;SD;CIENCIA Y CULTURA
COLOMBIA;PREPAGO;FAMILIA+;229;DISCOVERY HOME & HEALTH;SD;HOGAR Y VARIEDADES
COLOMBIA;PREPAGO;FAMILIA+;232;EL GOURMET;SD;GASTRONÓMICO
COLOMBIA;PREPAGO;FAMILIA+;264;MTV;SD;MUSICAL
COLOMBIA;PREPAGO;FAMILIA+;270;MI GENTE 3.0;SD;HOGAR Y VARIEDADES
COLOMBIA;PREPAGO;FAMILIA+;302;ESCUELA+;SD;EDUCATIVO
COLOMBIA;PREPAGO;FAMILIA+;304;CARTOON NETWORK;SD;INFANTIL
COLOMBIA;PREPAGO;FAMILIA+;308;NICKELODEON;SD;INFANTIL
COLOMBIA;PREPAGO;FAMILIA+;312;DISNEY CHANNEL HD;SD;INFANTIL
COLOMBIA;PREPAGO;FAMILIA+;314;DISNEY CHANNEL (MULTI);SD;INFANTIL
COLOMBIA;PREPAGO;FAMILIA+;315;DISNEY JUNIOR;SD;INFANTIL
COLOMBIA;PREPAGO;FAMILIA+;330;DISCOVERY KIDS;SD;INFANTIL
COLOMBIA;PREPAGO;FAMILIA+;353;CRISTOVISIÓN;SD;RELIGIOSO
COLOMBIA;PREPAGO;FAMILIA+;358;DAYSTAR;SD;RELIGIOSO
COLOMBIA;PREPAGO;FAMILIA+;502;TNT;SD;SERIES Y PELICULAS
COLOMBIA;PREPAGO;FAMILIA+;507;CINECANAL;SD;SERIES Y PELICULAS
COLOMBIA;PREPAGO;FAMILIA+;508;STUDIO UNIVERSAL;SD;SERIES Y PELICULAS
COLOMBIA;PREPAGO;FAMILIA+;518;SPACE;SD;SERIES Y PELICULAS
COLOMBIA;PREPAGO;FAMILIA+;610;DSPORTS;SD;DEPORTES
COLOMBIA;PREPAGO;FAMILIA+;612;DSPORTS 2;SD;DEPORTES
COLOMBIA;PREPAGO;FAMILIA+;613;DSPORTS +;SD;DEPORTES
COLOMBIA;PREPAGO;FAMILIA+;621;ESPN;SD;DEPORTES
COLOMBIA;PREPAGO;FAMILIA+;622;ESPN 2 ANDINA;SD;DEPORTES
COLOMBIA;PREPAGO;FAMILIA+;623;ESPN 3;SD;DEPORTES
COLOMBIA;PREPAGO;FAMILIA+;625;ESPN 5;SD;DEPORTES
COLOMBIA;PREPAGO;FAMILIA+;626;ESPN 6;SD;DEPORTES
COLOMBIA;PREPAGO;FAMILIA+;631;DSPORTS RADIO;AUDIO;DEPORTES
COLOMBIA;PREPAGO;FAMILIA+;633;WIN SPORTS;SD;DEPORTES
COLOMBIA;PREPAGO;FAMILIA+;700;D NEWS;SD;NOTICIAS
COLOMBIA;PREPAGO;FAMILIA+;704;CNN EN ESPAÑOL;SD;NOTICIAS
COLOMBIA;PREPAGO;FAMILIA+;730;NATIONAL GEOGRAPHIC;SD;CIENCIA Y CULTURA
COLOMBIA;PREPAGO;FAMILIA+;732;DISCOVERY;SD;CIENCIA Y CULTURA
COLOMBIA;PREPAGO;FAMILIA+;1127;DSHOW;SD;HOGAR Y VARIEDADES
COLOMBIA;PREPAGO;FAMILIA+;1130;RCN;HD;NACIONAL
COLOMBIA;PREPAGO;FAMILIA+;1132;CARACOL;HD;NACIONAL
COLOMBIA;PREPAGO;FAMILIA+;1136;CANAL UNO;HD;NACIONAL
COLOMBIA;PREPAGO;FAMILIA+;1137;SEÑAL COLOMBIA;HD;EDUCATIVO
COLOMBIA;PREPAGO;FAMILIA+;1138;SEÑAL INSTITUCIONAL;HD;INFORMATIVO
COLOMBIA;PREPAGO;FAMILIA+;1140;TELEANTIOQUIA;HD;NACIONAL
COLOMBIA;PREPAGO;FAMILIA+;1141;TELEPACIFICO;HD;NACIONAL
COLOMBIA;PREPAGO;FAMILIA+;1142;TELECAFE;HD;NACIONAL
COLOMBIA;PREPAGO;FAMILIA+;1147;CABLE NOTICIAS;HD;NOTICIAS
COLOMBIA;PREPAGO;FAMILIA+;1204;STAR CHANNEL;HD;SERIES Y PELICULAS
COLOMBIA;PREPAGO;FAMILIA+;1206;WARNER;HD;SERIES Y PELICULAS
COLOMBIA;PREPAGO;FAMILIA+;1207;A&E;HD;SERIES Y PELICULAS
COLOMBIA;PREPAGO;FAMILIA+;1208;SONY;HD;SERIES Y PELICULAS
COLOMBIA;PREPAGO;FAMILIA+;1217;FX;HD;SERIES Y PELICULAS
COLOMBIA;PREPAGO;FAMILIA+;1218;UNIVERSAL;HD;SERIES Y PELICULAS
COLOMBIA;PREPAGO;FAMILIA+;1222;E!;HD;HOGAR Y VARIEDADES
COLOMBIA;PREPAGO;FAMILIA+;1223;ID HD;HD;CIENCIA Y CULTURA
COLOMBIA;PREPAGO;FAMILIA+;1229;DISCOVERY HOME & HEALTH;HD;HOGAR Y VARIEDADES
COLOMBIA;PREPAGO;FAMILIA+;1232;EL GOURMET;HD;GASTRONÓMICO
COLOMBIA;PREPAGO;FAMILIA+;1264;MTV;HD;MUSICAL
COLOMBIA;PREPAGO;FAMILIA+;1302;ESCUELA+;HD;EDUCATIVO
COLOMBIA;PREPAGO;FAMILIA+;1304;CARTOON NETWORK;HD;INFANTIL
COLOMBIA;PREPAGO;FAMILIA+;1308;NICKELODEON;HD;INFANTIL
COLOMBIA;PREPAGO;FAMILIA+;1312;DISNEY CHANNEL;HD;INFANTIL
COLOMBIA;PREPAGO;FAMILIA+;1315;DISNEY JUNIOR;HD;INFANTIL
COLOMBIA;PREPAGO;FAMILIA+;1330;DISCOVERY KIDS;HD;INFANTIL
COLOMBIA;PREPAGO;FAMILIA+;1502;TNT;HD;SERIES Y PELICULAS
COLOMBIA;PREPAGO;FAMILIA+;1507;CINECANAL;HD;SERIES Y PELICULAS
COLOMBIA;PREPAGO;FAMILIA+;1508;STUDIO UNIVERSAL;HD;SERIES Y PELICULAS
COLOMBIA;PREPAGO;FAMILIA+;1518;SPACE;HD;SERIES Y PELICULAS
COLOMBIA;PREPAGO;FAMILIA+;1610;DSPORTS;HD;DEPORTES
COLOMBIA;PREPAGO;FAMILIA+;1612;DSPORTS 2;HD;DEPORTES
COLOMBIA;PREPAGO;FAMILIA+;1613;DSPORTS +;HD;DEPORTES
COLOMBIA;PREPAGO;FAMILIA+;1621;ESPN;HD;DEPORTES
COLOMBIA;PREPAGO;FAMILIA+;1622;ESPN 2;HD;DEPORTES
COLOMBIA;PREPAGO;FAMILIA+;1623;ESPN 3;HD;DEPORTES
COLOMBIA;PREPAGO;FAMILIA+;1625;ESPN 5;HD;DEPORTES
COLOMBIA;PREPAGO;FAMILIA+;1626;ESPN 6;HD;DEPORTES
COLOMBIA;PREPAGO;FAMILIA+;1633;WIN SPORTS;HD;DEPORTES
COLOMBIA;PREPAGO;FAMILIA+;1700;D NEWS;HD;NOTICIAS
COLOMBIA;PREPAGO;FAMILIA+;1730;NATIONAL GEOGRAPHIC;HD;CIENCIA Y CULTURA
COLOMBIA;PREPAGO;FAMILIA+;1732;DISCOVERY;HD;CIENCIA Y CULTURA
COLOMBIA;PREPAGO;ORO HD PREPAGO;117;TV FAMILIA;SD;RELIGIOSO
COLOMBIA;PREPAGO;ORO HD PREPAGO;127;DSHOW;SD;HOGAR Y VARIEDADES
COLOMBIA;PREPAGO;ORO HD PREPAGO;130;RCN;SD;NACIONAL
COLOMBIA;PREPAGO;ORO HD PREPAGO;132;CARACOL;SD;NACIONAL
COLOMBIA;PREPAGO;ORO HD PREPAGO;133;CITY TV;SD;NACIONAL
COLOMBIA;PREPAGO;ORO HD PREPAGO;134;CARACOL INTERNACIONAL;SD;NACIONAL
COLOMBIA;PREPAGO;ORO HD PREPAGO;135;RCN NUESTRA TELE;SD;NACIONAL
COLOMBIA;PREPAGO;ORO HD PREPAGO;136;CANAL UNO;SD;NACIONAL
COLOMBIA;PREPAGO;ORO HD PREPAGO;137;SEÑAL COLOMBIA;SD;EDUCATIVO
COLOMBIA;PREPAGO;ORO HD PREPAGO;138;SEÑAL INSTITUCIONAL;SD;INFORMATIVO
COLOMBIA;PREPAGO;ORO HD PREPAGO;139;CANAL CONGRESO;SD;INFORMATIVO
COLOMBIA;PREPAGO;ORO HD PREPAGO;140;TELEANTIOQUIA;SD;NACIONAL
COLOMBIA;PREPAGO;ORO HD PREPAGO;141;TELEPACIFICO;SD;NACIONAL
COLOMBIA;PREPAGO;ORO HD PREPAGO;142;TELECAFE;SD;NACIONAL
COLOMBIA;PREPAGO;ORO HD PREPAGO;143;CANAL CAPITAL;SD;NACIONAL
COLOMBIA;PREPAGO;ORO HD PREPAGO;144;TELECAFE;SD;NACIONAL
COLOMBIA;PREPAGO;ORO HD PREPAGO;145;NTN 24;SD;NOTICIAS
COLOMBIA;PREPAGO;ORO HD PREPAGO;146;EL TIEMPO;SD;NOTICIAS
COLOMBIA;PREPAGO;ORO HD PREPAGO;147;CABLE NOTICIAS;SD;NOTICIAS
COLOMBIA;PREPAGO;ORO HD PREPAGO;148;TRO;SD;NACIONAL
COLOMBIA;PREPAGO;ORO HD PREPAGO;149;TRECE;SD;NACIONAL
COLOMBIA;PREPAGO;ORO HD PREPAGO;150;TELE ISLAS;SD;NACIONAL
COLOMBIA;PREPAGO;ORO HD PREPAGO;151;TELEMEDELLIN;SD;NACIONAL
COLOMBIA;PREPAGO;ORO HD PREPAGO;152;TV AGRO;SD;EDUCATIVO
COLOMBIA;PREPAGO;ORO HD PREPAGO;202;STAR CHANNEL;SD;SERIES Y PELICULAS
COLOMBIA;PREPAGO;ORO HD PREPAGO;204;STAR CHANNEL HD;SD;SERIES Y PELICULAS
COLOMBIA;PREPAGO;ORO HD PREPAGO;206;WARNER;SD;SERIES Y PELICULAS
COLOMBIA;PREPAGO;ORO HD PREPAGO;207;A&E;SD;SERIES Y PELICULAS
COLOMBIA;PREPAGO;ORO HD PREPAGO;208;SONY;SD;SERIES Y PELICULAS
COLOMBIA;PREPAGO;ORO HD PREPAGO;209;AXN HD;SD;SERIES Y PELICULAS
COLOMBIA;PREPAGO;ORO HD PREPAGO;210;AMC;SD;SERIES Y PELICULAS
COLOMBIA;PREPAGO;ORO HD PREPAGO;213;TNT SERIES;SD;SERIES Y PELICULAS
COLOMBIA;PREPAGO;ORO HD PREPAGO;214;ATRES SERIES;SD;SERIES Y PELICULAS
COLOMBIA;PREPAGO;ORO HD PREPAGO;215;COMEDY CENTRAL;SD;SERIES Y PELICULAS
COLOMBIA;PREPAGO;ORO HD PREPAGO;216;TNT NOVELAS;SD;TELENOVELAS
COLOMBIA;PREPAGO;ORO HD PREPAGO;217;FX;SD;SERIES Y PELICULAS
COLOMBIA;PREPAGO;ORO HD PREPAGO;218;UNIVERSAL;SD;SERIES Y PELICULAS
COLOMBIA;PREPAGO;ORO HD PREPAGO;219;USA;SD;SERIES Y PELICULAS
COLOMBIA;PREPAGO;ORO HD PREPAGO;220;ADULT SWIM;SD;INFANTIL
COLOMBIA;PREPAGO;ORO HD PREPAGO;221;¡HOLA! TV;SD;HOGAR Y VARIEDADES
COLOMBIA;PREPAGO;ORO HD PREPAGO;222;E!;SD;HOGAR Y VARIEDADES
COLOMBIA;PREPAGO;ORO HD PREPAGO;223;ID;SD;CIENCIA Y CULTURA
COLOMBIA;PREPAGO;ORO HD PREPAGO;226;CANAL DE LAS ESTRELLAS;SD;NACIONAL
COLOMBIA;PREPAGO;ORO HD PREPAGO;227;TL NOVELAS;SD;TELENOVELAS
COLOMBIA;PREPAGO;ORO HD PREPAGO;228;LIFETIME;SD;SERIES Y PELICULAS
COLOMBIA;PREPAGO;ORO HD PREPAGO;229;DISCOVERY HOME & HEALTH;SD;HOGAR Y VARIEDADES
COLOMBIA;PREPAGO;ORO HD PREPAGO;230;AMC SERIES;SD;SERIES Y PELICULAS
COLOMBIA;PREPAGO;ORO HD PREPAGO;231;TELEMUNDO;SD;TELENOVELAS
COLOMBIA;PREPAGO;ORO HD PREPAGO;232;EL GOURMET;SD;GASTRONÓMICO
COLOMBIA;PREPAGO;ORO HD PREPAGO;233;FOOD NETWORK;SD;GASTRONÓMICO
COLOMBIA;PREPAGO;ORO HD PREPAGO;264;MTV;SD;MUSICAL
COLOMBIA;PREPAGO;ORO HD PREPAGO;269;QUIERO MÚSICA EN MI IDIOMA;SD;MUSICAL
COLOMBIA;PREPAGO;ORO HD PREPAGO;270;MI GENTE 3.0;SD;HOGAR Y VARIEDADES
COLOMBIA;PREPAGO;ORO HD PREPAGO;302;ESCUELA+;SD;EDUCATIVO
COLOMBIA;PREPAGO;ORO HD PREPAGO;304;CARTOON NETWORK;SD;INFANTIL
COLOMBIA;PREPAGO;ORO HD PREPAGO;308;NICKELODEON;SD;INFANTIL
COLOMBIA;PREPAGO;ORO HD PREPAGO;309;NICK JR.;SD;INFANTIL
COLOMBIA;PREPAGO;ORO HD PREPAGO;310;EL REINO INFANTIL;SD;INFANTIL
COLOMBIA;PREPAGO;ORO HD PREPAGO;312;DISNEY CHANNEL HD;SD;INFANTIL
COLOMBIA;PREPAGO;ORO HD PREPAGO;314;DISNEY CHANNEL (MULTI);SD;INFANTIL
COLOMBIA;PREPAGO;ORO HD PREPAGO;315;DISNEY JUNIOR;SD;INFANTIL
COLOMBIA;PREPAGO;ORO HD PREPAGO;317;BABY TV;SD;INFANTIL
COLOMBIA;PREPAGO;ORO HD PREPAGO;318;PLIM PLIM;SD;INFANTIL
COLOMBIA;PREPAGO;ORO HD PREPAGO;330;DISCOVERY KIDS;SD;INFANTIL
COLOMBIA;PREPAGO;ORO HD PREPAGO;334;CARTOONITO;SD;INFANTIL
COLOMBIA;PREPAGO;ORO HD PREPAGO;350;EWTN;SD;RELIGIOSO
COLOMBIA;PREPAGO;ORO HD PREPAGO;351;ORBE 21;SD;RELIGIOSO
COLOMBIA;PREPAGO;ORO HD PREPAGO;352;ENLACE;SD;RELIGIOSO
COLOMBIA;PREPAGO;ORO HD PREPAGO;353;CRISTOVISIÓN;SD;RELIGIOSO
COLOMBIA;PREPAGO;ORO HD PREPAGO;358;DAYSTAR;SD;RELIGIOSO
COLOMBIA;PREPAGO;ORO HD PREPAGO;502;TNT;SD;SERIES Y PELICULAS
COLOMBIA;PREPAGO;ORO HD PREPAGO;503;GOLDEN;SD;SERIES Y PELICULAS
COLOMBIA;PREPAGO;ORO HD PREPAGO;506;SONY MOVIES;SD;SERIES Y PELICULAS
COLOMBIA;PREPAGO;ORO HD PREPAGO;507;CINECANAL;SD;SERIES Y PELICULAS
COLOMBIA;PREPAGO;ORO HD PREPAGO;508;STUDIO UNIVERSAL;SD;SERIES Y PELICULAS
COLOMBIA;PREPAGO;ORO HD PREPAGO;509;CINEMAX;SD;SERIES Y PELICULAS
COLOMBIA;PREPAGO;ORO HD PREPAGO;510;MÓRBIDO TV;SD;SERIES Y PELICULAS
COLOMBIA;PREPAGO;ORO HD PREPAGO;513;DHE;SD;SERIES Y PELICULAS
COLOMBIA;PREPAGO;ORO HD PREPAGO;516;DE PELÍCULA;SD;SERIES Y PELICULAS
COLOMBIA;PREPAGO;ORO HD PREPAGO;517;GOLDEN EDGE;SD;SERIES Y PELICULAS
COLOMBIA;PREPAGO;ORO HD PREPAGO;518;SPACE;SD;SERIES Y PELICULAS
COLOMBIA;PREPAGO;ORO HD PREPAGO;610;DSPORTS;SD;DEPORTES
COLOMBIA;PREPAGO;ORO HD PREPAGO;612;DSPORTS 2;SD;DEPORTES
COLOMBIA;PREPAGO;ORO HD PREPAGO;613;DSPORTS +;SD;DEPORTES
COLOMBIA;PREPAGO;ORO HD PREPAGO;621;ESPN;SD;DEPORTES
COLOMBIA;PREPAGO;ORO HD PREPAGO;622;ESPN 2 ANDINA;SD;DEPORTES
COLOMBIA;PREPAGO;ORO HD PREPAGO;623;ESPN 3;SD;DEPORTES
COLOMBIA;PREPAGO;ORO HD PREPAGO;625;ESPN 5;SD;DEPORTES
COLOMBIA;PREPAGO;ORO HD PREPAGO;626;ESPN 6;SD;DEPORTES
COLOMBIA;PREPAGO;ORO HD PREPAGO;627;ESPN 7;SD;DEPORTES
COLOMBIA;PREPAGO;ORO HD PREPAGO;628;GOLF CHANNEL LATIN AMERICA;SD;DEPORTES
COLOMBIA;PREPAGO;ORO HD PREPAGO;629;TYC SPORTS INTERNACIONAL;SD;DEPORTES
COLOMBIA;PREPAGO;ORO HD PREPAGO;631;DSPORTS RADIO;AUDIO;DEPORTES
COLOMBIA;PREPAGO;ORO HD PREPAGO;633;WIN SPORTS;SD;DEPORTES
COLOMBIA;PREPAGO;ORO HD PREPAGO;700;D NEWS;SD;NOTICIAS
COLOMBIA;PREPAGO;ORO HD PREPAGO;704;CNN EN ESPAÑOL;SD;NOTICIAS
COLOMBIA;PREPAGO;ORO HD PREPAGO;706;CNN INTERNACIONAL;SD;NOTICIAS
COLOMBIA;PREPAGO;ORO HD PREPAGO;707;CNN CHILE;SD;NOTICIAS
COLOMBIA;PREPAGO;ORO HD PREPAGO;708;TVN 24 HORAS;SD;NOTICIAS
COLOMBIA;PREPAGO;ORO HD PREPAGO;710;BLOOMBERG;SD;NOTICIAS
COLOMBIA;PREPAGO;ORO HD PREPAGO;716;TODO NOTICIAS;SD;NOTICIAS
COLOMBIA;PREPAGO;ORO HD PREPAGO;720;CANAL 26;SD;NOTICIAS
COLOMBIA;PREPAGO;ORO HD PREPAGO;726;CANAL RURAL;SD;EDUCATIVO
COLOMBIA;PREPAGO;ORO HD PREPAGO;730;NATIONAL GEOGRAPHIC;SD;CIENCIA Y CULTURA
COLOMBIA;PREPAGO;ORO HD PREPAGO;732;DISCOVERY;SD;CIENCIA Y CULTURA
COLOMBIA;PREPAGO;ORO HD PREPAGO;734;ANIMAL PLANET;SD;CIENCIA Y CULTURA
COLOMBIA;PREPAGO;ORO HD PREPAGO;736;DISCOVERY TURBO;SD;HOGAR Y VARIEDADES
COLOMBIA;PREPAGO;ORO HD PREPAGO;740;TLC;SD;HOGAR Y VARIEDADES
COLOMBIA;PREPAGO;ORO HD PREPAGO;742;HISTORY;SD;CIENCIA Y CULTURA
COLOMBIA;PREPAGO;ORO HD PREPAGO;744;HISTORY 2;SD;CIENCIA Y CULTURA
COLOMBIA;PREPAGO;ORO HD PREPAGO;760;UNIVISION;SD;NACIONAL
COLOMBIA;PREPAGO;ORO HD PREPAGO;762;ANTENA 3 INTERNACIONAL;SD;NACIONAL
COLOMBIA;PREPAGO;ORO HD PREPAGO;764;FRANCE 24;SD;NOTICIAS
COLOMBIA;PREPAGO;ORO HD PREPAGO;766;RAI ITALIA;SD;NACIONAL
COLOMBIA;PREPAGO;ORO HD PREPAGO;768;BBC WORLD;SD;NOTICIAS
COLOMBIA;PREPAGO;ORO HD PREPAGO;770;DW;SD;NOTICIAS
COLOMBIA;PREPAGO;ORO HD PREPAGO;774;TV CHILE INTERNACIONAL;SD;NACIONAL
COLOMBIA;PREPAGO;ORO HD PREPAGO;778;RTP;SD;NACIONAL
COLOMBIA;PREPAGO;ORO HD PREPAGO;784;EL TRECE;SD;NACIONAL
COLOMBIA;PREPAGO;ORO HD PREPAGO;786;TELEFÉ;SD;NACIONAL
COLOMBIA;PREPAGO;ORO HD PREPAGO;790;CGTN;SD;NOTICIAS
COLOMBIA;PREPAGO;ORO HD PREPAGO;980;UNIÓN RADIO NOTICIAS;AUDIO;AUDIO
COLOMBIA;PREPAGO;ORO HD PREPAGO;982;RADIO CARACOL;AUDIO;AUDIO
COLOMBIA;PREPAGO;ORO HD PREPAGO;984;RADIO FRANCE INTERNACIONAL;AUDIO;AUDIO
COLOMBIA;PREPAGO;ORO HD PREPAGO;991;LA FM PLUS;AUDIO;AUDIO
COLOMBIA;PREPAGO;ORO HD PREPAGO;992;ALERTA BOGOTÁ;AUDIO;NOTICIAS
COLOMBIA;PREPAGO;ORO HD PREPAGO;993;LA W RADIO;AUDIO;AUDIO
COLOMBIA;PREPAGO;ORO HD PREPAGO;1127;DSHOW;SD;HOGAR Y VARIEDADES
COLOMBIA;PREPAGO;ORO HD PREPAGO;1130;RCN;HD;NACIONAL
COLOMBIA;PREPAGO;ORO HD PREPAGO;1132;CARACOL;HD;NACIONAL
COLOMBIA;PREPAGO;ORO HD PREPAGO;1136;CANAL UNO;HD;NACIONAL
COLOMBIA;PREPAGO;ORO HD PREPAGO;1137;SEÑAL COLOMBIA;HD;EDUCATIVO
COLOMBIA;PREPAGO;ORO HD PREPAGO;1138;SEÑAL INSTITUCIONAL;HD;INFORMATIVO
COLOMBIA;PREPAGO;ORO HD PREPAGO;1140;TELEANTIOQUIA;HD;NACIONAL
COLOMBIA;PREPAGO;ORO HD PREPAGO;1141;TELEPACIFICO;HD;NACIONAL
COLOMBIA;PREPAGO;ORO HD PREPAGO;1142;TELECAFE;HD;NACIONAL
COLOMBIA;PREPAGO;ORO HD PREPAGO;1147;CABLE NOTICIAS;HD;NOTICIAS
COLOMBIA;PREPAGO;ORO HD PREPAGO;1204;STAR CHANNEL;HD;SERIES Y PELICULAS
COLOMBIA;PREPAGO;ORO HD PREPAGO;1206;WARNER;HD;SERIES Y PELICULAS
COLOMBIA;PREPAGO;ORO HD PREPAGO;1207;A&E;HD;SERIES Y PELICULAS
COLOMBIA;PREPAGO;ORO HD PREPAGO;1208;SONY;HD;SERIES Y PELICULAS
COLOMBIA;PREPAGO;ORO HD PREPAGO;1209;AXN;HD;SERIES Y PELICULAS
COLOMBIA;PREPAGO;ORO HD PREPAGO;1210;AMC;HD;SERIES Y PELICULAS
COLOMBIA;PREPAGO;ORO HD PREPAGO;1213;TNT SERIES;HD;SERIES Y PELICULAS
COLOMBIA;PREPAGO;ORO HD PREPAGO;1214;ATRES SERIES;HD;SERIES Y PELICULAS
COLOMBIA;PREPAGO;ORO HD PREPAGO;1215;COMEDY CENTRAL;HD;SERIES Y PELICULAS
COLOMBIA;PREPAGO;ORO HD PREPAGO;1217;FX;HD;SERIES Y PELICULAS
COLOMBIA;PREPAGO;ORO HD PREPAGO;1218;UNIVERSAL;HD;SERIES Y PELICULAS
COLOMBIA;PREPAGO;ORO HD PREPAGO;1219;USA;HD;SERIES Y PELICULAS
COLOMBIA;PREPAGO;ORO HD PREPAGO;1221;¡HOLA! TV;HD;HOGAR Y VARIEDADES
COLOMBIA;PREPAGO;ORO HD PREPAGO;1222;E!;HD;HOGAR Y VARIEDADES
COLOMBIA;PREPAGO;ORO HD PREPAGO;1223;ID HD;HD;CIENCIA Y CULTURA
COLOMBIA;PREPAGO;ORO HD PREPAGO;1228;LIFETIME;HD;SERIES Y PELICULAS
COLOMBIA;PREPAGO;ORO HD PREPAGO;1229;DISCOVERY HOME & HEALTH;HD;HOGAR Y VARIEDADES
COLOMBIA;PREPAGO;ORO HD PREPAGO;1231;A LA COCINA;HD;GASTRONÓMICO
COLOMBIA;PREPAGO;ORO HD PREPAGO;1232;EL GOURMET;HD;GASTRONÓMICO
COLOMBIA;PREPAGO;ORO HD PREPAGO;1233;FOOD NETWORK;HD;GASTRONÓMICO
COLOMBIA;PREPAGO;ORO HD PREPAGO;1234;HGTV;HD;HOGAR Y VARIEDADES
COLOMBIA;PREPAGO;ORO HD PREPAGO;1236;VEPLUS;HD;HOGAR Y VARIEDADES
COLOMBIA;PREPAGO;ORO HD PREPAGO;1264;MTV;HD;MUSICAL
COLOMBIA;PREPAGO;ORO HD PREPAGO;1265;MUSIC TOP;HD;MUSICAL
COLOMBIA;PREPAGO;ORO HD PREPAGO;1266;TIERRA MIA;HD;CIENCIA Y CULTURA
COLOMBIA;PREPAGO;ORO HD PREPAGO;1270;LATINA TV;HD;NACIONAL
COLOMBIA;PREPAGO;ORO HD PREPAGO;1273;INTI;HD;EDUCATIVO
COLOMBIA;PREPAGO;ORO HD PREPAGO;1302;ESCUELA+;HD;EDUCATIVO
COLOMBIA;PREPAGO;ORO HD PREPAGO;1304;CARTOON NETWORK;HD;INFANTIL
COLOMBIA;PREPAGO;ORO HD PREPAGO;1308;NICKELODEON;HD;INFANTIL
COLOMBIA;PREPAGO;ORO HD PREPAGO;1309;NICK JR.;HD;INFANTIL
COLOMBIA;PREPAGO;ORO HD PREPAGO;1310;EL REINO INFANTIL;HD;INFANTIL
COLOMBIA;PREPAGO;ORO HD PREPAGO;1312;DISNEY CHANNEL;HD;INFANTIL
COLOMBIA;PREPAGO;ORO HD PREPAGO;1315;DISNEY JUNIOR;HD;INFANTIL
COLOMBIA;PREPAGO;ORO HD PREPAGO;1317;BABY TV;SD;INFANTIL
COLOMBIA;PREPAGO;ORO HD PREPAGO;1318;PLIM PLIM;HD;INFANTIL
COLOMBIA;PREPAGO;ORO HD PREPAGO;1330;DISCOVERY KIDS;HD;INFANTIL
COLOMBIA;PREPAGO;ORO HD PREPAGO;1502;TNT;HD;SERIES Y PELICULAS
COLOMBIA;PREPAGO;ORO HD PREPAGO;1503;GOLDEN;HD;SERIES Y PELICULAS
COLOMBIA;PREPAGO;ORO HD PREPAGO;1506;SONY MOVIES;HD;SERIES Y PELICULAS
COLOMBIA;PREPAGO;ORO HD PREPAGO;1507;CINECANAL;HD;SERIES Y PELICULAS
COLOMBIA;PREPAGO;ORO HD PREPAGO;1508;STUDIO UNIVERSAL;HD;SERIES Y PELICULAS
COLOMBIA;PREPAGO;ORO HD PREPAGO;1509;CINEMAX;HD;SERIES Y PELICULAS
COLOMBIA;PREPAGO;ORO HD PREPAGO;1510;MÓRBIDO TV;HD;SERIES Y PELICULAS
COLOMBIA;PREPAGO;ORO HD PREPAGO;1513;DHE;HD;SERIES Y PELICULAS
COLOMBIA;PREPAGO;ORO HD PREPAGO;1518;SPACE;HD;SERIES Y PELICULAS
COLOMBIA;PREPAGO;ORO HD PREPAGO;1610;DSPORTS;HD;DEPORTES
COLOMBIA;PREPAGO;ORO HD PREPAGO;1612;DSPORTS 2;HD;DEPORTES
COLOMBIA;PREPAGO;ORO HD PREPAGO;1613;DSPORTS +;HD;DEPORTES
COLOMBIA;PREPAGO;ORO HD PREPAGO;1621;ESPN;HD;DEPORTES
COLOMBIA;PREPAGO;ORO HD PREPAGO;1622;ESPN 2;HD;DEPORTES
COLOMBIA;PREPAGO;ORO HD PREPAGO;1623;ESPN 3;HD;DEPORTES
COLOMBIA;PREPAGO;ORO HD PREPAGO;1624;ESPN 4;HD;DEPORTES
COLOMBIA;PREPAGO;ORO HD PREPAGO;1625;ESPN 5;HD;DEPORTES
COLOMBIA;PREPAGO;ORO HD PREPAGO;1626;ESPN 6;HD;DEPORTES
COLOMBIA;PREPAGO;ORO HD PREPAGO;1627;ESPN 7;HD;DEPORTES
COLOMBIA;PREPAGO;ORO HD PREPAGO;1628;GOLF CHANNEL;HD;DEPORTES
COLOMBIA;PREPAGO;ORO HD PREPAGO;1633;WIN SPORTS;HD;DEPORTES
COLOMBIA;PREPAGO;ORO HD PREPAGO;1639;PX SPORTS;HD;DEPORTES
COLOMBIA;PREPAGO;ORO HD PREPAGO;1700;D NEWS;HD;NOTICIAS
COLOMBIA;PREPAGO;ORO HD PREPAGO;1730;NATIONAL GEOGRAPHIC;HD;CIENCIA Y CULTURA
COLOMBIA;PREPAGO;ORO HD PREPAGO;1731;DISCOVERY THEATER;HD;CIENCIA Y CULTURA
COLOMBIA;PREPAGO;ORO HD PREPAGO;1732;DISCOVERY;HD;CIENCIA Y CULTURA
COLOMBIA;PREPAGO;ORO HD PREPAGO;1734;ANIMAL PLANET;HD;CIENCIA Y CULTURA
COLOMBIA;PREPAGO;ORO HD PREPAGO;1738;DISCOVERY WORLD;HD;CIENCIA Y CULTURA
COLOMBIA;PREPAGO;ORO HD PREPAGO;1740;TLC;HD;HOGAR Y VARIEDADES
COLOMBIA;PREPAGO;ORO HD PREPAGO;1742;HISTORY;HD;CIENCIA Y CULTURA
COLOMBIA;PREPAGO;ORO HD PREPAGO;1744;HISTORY 2;HD;CIENCIA Y CULTURA
COLOMBIA;PREPAGO;ORO HD PREPAGO;1750;ENCUENTRO INTERNACIONAL;HD;EDUCATIVO
COLOMBIA;PREPAGO;ORO HD PREPAGO;1762;ANTENA 3 INTERNACIONAL;HD;NACIONAL
COLOMBIA;PREPAGO;ORO HD PREPAGO;1764;FRANCE 24;HD;NOTICIAS
COLOMBIA;PREPAGO;ORO HD PREPAGO 2;117;TV FAMILIA;SD;RELIGIOSO
COLOMBIA;PREPAGO;ORO HD PREPAGO 2;127;DSHOW;SD;HOGAR Y VARIEDADES
COLOMBIA;PREPAGO;ORO HD PREPAGO 2;130;RCN;SD;NACIONAL
COLOMBIA;PREPAGO;ORO HD PREPAGO 2;132;CARACOL;SD;NACIONAL
COLOMBIA;PREPAGO;ORO HD PREPAGO 2;133;CITY TV;SD;NACIONAL
COLOMBIA;PREPAGO;ORO HD PREPAGO 2;134;CARACOL INTERNACIONAL;SD;NACIONAL
COLOMBIA;PREPAGO;ORO HD PREPAGO 2;135;RCN NUESTRA TELE;SD;NACIONAL
COLOMBIA;PREPAGO;ORO HD PREPAGO 2;136;CANAL UNO;SD;NACIONAL
COLOMBIA;PREPAGO;ORO HD PREPAGO 2;137;SEÑAL COLOMBIA;SD;EDUCATIVO
COLOMBIA;PREPAGO;ORO HD PREPAGO 2;138;SEÑAL INSTITUCIONAL;SD;INFORMATIVO
COLOMBIA;PREPAGO;ORO HD PREPAGO 2;139;CANAL CONGRESO;SD;INFORMATIVO
COLOMBIA;PREPAGO;ORO HD PREPAGO 2;140;TELEANTIOQUIA;SD;NACIONAL
COLOMBIA;PREPAGO;ORO HD PREPAGO 2;141;TELEPACIFICO;SD;NACIONAL
COLOMBIA;PREPAGO;ORO HD PREPAGO 2;142;TELECAFE;SD;NACIONAL
COLOMBIA;PREPAGO;ORO HD PREPAGO 2;143;CANAL CAPITAL;SD;NACIONAL
COLOMBIA;PREPAGO;ORO HD PREPAGO 2;144;TELECAFE;SD;NACIONAL
COLOMBIA;PREPAGO;ORO HD PREPAGO 2;145;NTN 24;SD;NOTICIAS
COLOMBIA;PREPAGO;ORO HD PREPAGO 2;146;EL TIEMPO;SD;NOTICIAS
COLOMBIA;PREPAGO;ORO HD PREPAGO 2;147;CABLE NOTICIAS;SD;NOTICIAS
COLOMBIA;PREPAGO;ORO HD PREPAGO 2;148;TRO;SD;NACIONAL
COLOMBIA;PREPAGO;ORO HD PREPAGO 2;149;TRECE;SD;NACIONAL
COLOMBIA;PREPAGO;ORO HD PREPAGO 2;150;TELE ISLAS;SD;NACIONAL
COLOMBIA;PREPAGO;ORO HD PREPAGO 2;202;STAR CHANNEL;SD;SERIES Y PELICULAS
COLOMBIA;PREPAGO;ORO HD PREPAGO 2;206;WARNER;SD;SERIES Y PELICULAS
COLOMBIA;PREPAGO;ORO HD PREPAGO 2;207;A&E;SD;SERIES Y PELICULAS
COLOMBIA;PREPAGO;ORO HD PREPAGO 2;208;SONY;SD;SERIES Y PELICULAS
COLOMBIA;PREPAGO;ORO HD PREPAGO 2;217;FX;SD;SERIES Y PELICULAS
COLOMBIA;PREPAGO;ORO HD PREPAGO 2;218;UNIVERSAL;SD;SERIES Y PELICULAS
COLOMBIA;PREPAGO;ORO HD PREPAGO 2;221;¡HOLA! TV;SD;HOGAR Y VARIEDADES
COLOMBIA;PREPAGO;ORO HD PREPAGO 2;222;E!;SD;HOGAR Y VARIEDADES
COLOMBIA;PREPAGO;ORO HD PREPAGO 2;223;ID;SD;CIENCIA Y CULTURA
COLOMBIA;PREPAGO;ORO HD PREPAGO 2;226;CANAL DE LAS ESTRELLAS;SD;NACIONAL
COLOMBIA;PREPAGO;ORO HD PREPAGO 2;227;TL NOVELAS;SD;TELENOVELAS
COLOMBIA;PREPAGO;ORO HD PREPAGO 2;229;DISCOVERY HOME & HEALTH;SD;HOGAR Y VARIEDADES
COLOMBIA;PREPAGO;ORO HD PREPAGO 2;230;AMC SERIES;SD;SERIES Y PELICULAS
COLOMBIA;PREPAGO;ORO HD PREPAGO 2;231;TELEMUNDO;SD;TELENOVELAS
COLOMBIA;PREPAGO;ORO HD PREPAGO 2;264;MTV;SD;MUSICAL
COLOMBIA;PREPAGO;ORO HD PREPAGO 2;269;QUIERO MÚSICA EN MI IDIOMA;SD;MUSICAL
COLOMBIA;PREPAGO;ORO HD PREPAGO 2;270;MI GENTE 3.0;SD;HOGAR Y VARIEDADES
COLOMBIA;PREPAGO;ORO HD PREPAGO 2;302;ESCUELA+;SD;EDUCATIVO
COLOMBIA;PREPAGO;ORO HD PREPAGO 2;304;CARTOON NETWORK;SD;INFANTIL
COLOMBIA;PREPAGO;ORO HD PREPAGO 2;308;NICKELODEON;SD;INFANTIL
COLOMBIA;PREPAGO;ORO HD PREPAGO 2;309;NICK JR.;SD;INFANTIL
COLOMBIA;PREPAGO;ORO HD PREPAGO 2;310;EL REINO INFANTIL;SD;INFANTIL
COLOMBIA;PREPAGO;ORO HD PREPAGO 2;314;DISNEY CHANNEL (MULTI);SD;INFANTIL
COLOMBIA;PREPAGO;ORO HD PREPAGO 2;315;DISNEY JUNIOR;SD;INFANTIL
COLOMBIA;PREPAGO;ORO HD PREPAGO 2;318;PLIM PLIM;SD;INFANTIL
COLOMBIA;PREPAGO;ORO HD PREPAGO 2;330;DISCOVERY KIDS;SD;INFANTIL
COLOMBIA;PREPAGO;ORO HD PREPAGO 2;350;EWTN;SD;RELIGIOSO
COLOMBIA;PREPAGO;ORO HD PREPAGO 2;352;ENLACE;SD;RELIGIOSO
COLOMBIA;PREPAGO;ORO HD PREPAGO 2;353;CRISTOVISIÓN;SD;RELIGIOSO
COLOMBIA;PREPAGO;ORO HD PREPAGO 2;358;DAYSTAR;SD;RELIGIOSO
COLOMBIA;PREPAGO;ORO HD PREPAGO 2;502;TNT;SD;SERIES Y PELICULAS
COLOMBIA;PREPAGO;ORO HD PREPAGO 2;507;CINECANAL;SD;SERIES Y PELICULAS
COLOMBIA;PREPAGO;ORO HD PREPAGO 2;508;STUDIO UNIVERSAL;SD;SERIES Y PELICULAS
COLOMBIA;PREPAGO;ORO HD PREPAGO 2;518;SPACE;SD;SERIES Y PELICULAS
COLOMBIA;PREPAGO;ORO HD PREPAGO 2;610;DSPORTS;SD;DEPORTES
COLOMBIA;PREPAGO;ORO HD PREPAGO 2;612;DSPORTS 2;SD;DEPORTES
COLOMBIA;PREPAGO;ORO HD PREPAGO 2;613;DSPORTS +;SD;DEPORTES
COLOMBIA;PREPAGO;ORO HD PREPAGO 2;621;ESPN;SD;DEPORTES
COLOMBIA;PREPAGO;ORO HD PREPAGO 2;622;ESPN 2 ANDINA;SD;DEPORTES
COLOMBIA;PREPAGO;ORO HD PREPAGO 2;623;ESPN 3;SD;DEPORTES
COLOMBIA;PREPAGO;ORO HD PREPAGO 2;625;ESPN 5;SD;DEPORTES
COLOMBIA;PREPAGO;ORO HD PREPAGO 2;626;ESPN 6;SD;DEPORTES
COLOMBIA;PREPAGO;ORO HD PREPAGO 2;627;ESPN 7;SD;DEPORTES
COLOMBIA;PREPAGO;ORO HD PREPAGO 2;631;DSPORTS RADIO;AUDIO;DEPORTES
COLOMBIA;PREPAGO;ORO HD PREPAGO 2;633;WIN SPORTS;SD;DEPORTES
COLOMBIA;PREPAGO;ORO HD PREPAGO 2;700;D NEWS;SD;NOTICIAS
COLOMBIA;PREPAGO;ORO HD PREPAGO 2;704;CNN EN ESPAÑOL;SD;NOTICIAS
COLOMBIA;PREPAGO;ORO HD PREPAGO 2;716;TODO NOTICIAS;SD;NOTICIAS
COLOMBIA;PREPAGO;ORO HD PREPAGO 2;720;CANAL 26;SD;NOTICIAS
COLOMBIA;PREPAGO;ORO HD PREPAGO 2;726;CANAL RURAL;SD;EDUCATIVO
COLOMBIA;PREPAGO;ORO HD PREPAGO 2;730;NATIONAL GEOGRAPHIC;SD;CIENCIA Y CULTURA
COLOMBIA;PREPAGO;ORO HD PREPAGO 2;732;DISCOVERY;SD;CIENCIA Y CULTURA
COLOMBIA;PREPAGO;ORO HD PREPAGO 2;764;FRANCE 24;SD;NOTICIAS
COLOMBIA;PREPAGO;ORO HD PREPAGO 2;774;TV CHILE INTERNACIONAL;SD;NACIONAL
COLOMBIA;PREPAGO;ORO HD PREPAGO 2;784;EL TRECE;SD;NACIONAL
COLOMBIA;PREPAGO;ORO HD PREPAGO 2;786;TELEFÉ;SD;NACIONAL
COLOMBIA;PREPAGO;ORO HD PREPAGO 2;980;UNIÓN RADIO NOTICIAS;AUDIO;AUDIO
COLOMBIA;PREPAGO;ORO HD PREPAGO 2;982;RADIO CARACOL;AUDIO;AUDIO
COLOMBIA;PREPAGO;ORO HD PREPAGO 2;984;RADIO FRANCE INTERNACIONAL;AUDIO;AUDIO
COLOMBIA;PREPAGO;ORO HD PREPAGO 2;991;LA FM PLUS;AUDIO;AUDIO
COLOMBIA;PREPAGO;ORO HD PREPAGO 2;992;ALERTA BOGOTÁ;AUDIO;NOTICIAS
COLOMBIA;PREPAGO;ORO HD PREPAGO 2;993;LA W RADIO;AUDIO;AUDIO
COLOMBIA;PREPAGO;ORO HD PREPAGO 2;1127;DSHOW;SD;HOGAR Y VARIEDADES
COLOMBIA;PREPAGO;ORO HD PREPAGO 2;1130;RCN;HD;NACIONAL
COLOMBIA;PREPAGO;ORO HD PREPAGO 2;1132;CARACOL;HD;NACIONAL
COLOMBIA;PREPAGO;ORO HD PREPAGO 2;1136;CANAL UNO;HD;NACIONAL
COLOMBIA;PREPAGO;ORO HD PREPAGO 2;1137;SEÑAL COLOMBIA;HD;EDUCATIVO
COLOMBIA;PREPAGO;ORO HD PREPAGO 2;1138;SEÑAL INSTITUCIONAL;HD;INFORMATIVO
COLOMBIA;PREPAGO;ORO HD PREPAGO 2;1140;TELEANTIOQUIA;HD;NACIONAL
COLOMBIA;PREPAGO;ORO HD PREPAGO 2;1141;TELEPACIFICO;HD;NACIONAL
COLOMBIA;PREPAGO;ORO HD PREPAGO 2;1142;TELECAFE;HD;NACIONAL
COLOMBIA;PREPAGO;ORO HD PREPAGO 2;1217;FX;HD;SERIES Y PELICULAS
COLOMBIA;PREPAGO;ORO HD PREPAGO 2;1222;E!;HD;HOGAR Y VARIEDADES
COLOMBIA;PREPAGO;ORO HD PREPAGO 2;1231;A LA COCINA;HD;GASTRONÓMICO
COLOMBIA;PREPAGO;ORO HD PREPAGO 2;1270;LATINA TV;HD;NACIONAL
COLOMBIA;PREPAGO;ORO HD PREPAGO 2;1302;ESCUELA+;HD;EDUCATIVO
COLOMBIA;PREPAGO;ORO HD PREPAGO 2;1310;EL REINO INFANTIL;HD;INFANTIL
COLOMBIA;PREPAGO;ORO HD PREPAGO 2;1318;PLIM PLIM;HD;INFANTIL
COLOMBIA;PREPAGO;ORO HD PREPAGO 2;1610;DSPORTS;HD;DEPORTES
COLOMBIA;PREPAGO;ORO HD PREPAGO 2;1612;DSPORTS 2;HD;DEPORTES
COLOMBIA;PREPAGO;ORO HD PREPAGO 2;1613;DSPORTS +;HD;DEPORTES
COLOMBIA;PREPAGO;ORO HD PREPAGO 2;1623;ESPN 3;HD;DEPORTES
COLOMBIA;PREPAGO;ORO HD PREPAGO 2;1700;D NEWS;HD;NOTICIAS
COLOMBIA;PREPAGO;ORO HD PREPAGO 2;1764;FRANCE 24;HD;NOTICIAS
COLOMBIA;PREPAGO;PREPAGO ACTIVO;117;TV FAMILIA;SD;RELIGIOSO
COLOMBIA;PREPAGO;PREPAGO ACTIVO;130;RCN;SD;NACIONAL
COLOMBIA;PREPAGO;PREPAGO ACTIVO;132;CARACOL;SD;NACIONAL
COLOMBIA;PREPAGO;PREPAGO ACTIVO;133;CITY TV;SD;NACIONAL
COLOMBIA;PREPAGO;PREPAGO ACTIVO;134;CARACOL INTERNACIONAL;SD;NACIONAL
COLOMBIA;PREPAGO;PREPAGO ACTIVO;135;RCN NUESTRA TELE;SD;NACIONAL
COLOMBIA;PREPAGO;PREPAGO ACTIVO;136;CANAL UNO;SD;NACIONAL
COLOMBIA;PREPAGO;PREPAGO ACTIVO;137;SEÑAL COLOMBIA;SD;EDUCATIVO
COLOMBIA;PREPAGO;PREPAGO ACTIVO;138;SEÑAL INSTITUCIONAL;SD;INFORMATIVO
COLOMBIA;PREPAGO;PREPAGO ACTIVO;139;CANAL CONGRESO;SD;INFORMATIVO
COLOMBIA;PREPAGO;PREPAGO ACTIVO;140;TELEANTIOQUIA;SD;NACIONAL
COLOMBIA;PREPAGO;PREPAGO ACTIVO;141;TELEPACIFICO;SD;NACIONAL
COLOMBIA;PREPAGO;PREPAGO ACTIVO;142;TELECAFE;SD;NACIONAL
COLOMBIA;PREPAGO;PREPAGO ACTIVO;143;CANAL CAPITAL;SD;NACIONAL
COLOMBIA;PREPAGO;PREPAGO ACTIVO;144;TELECAFE;SD;NACIONAL
COLOMBIA;PREPAGO;PREPAGO ACTIVO;145;NTN 24;SD;NOTICIAS
COLOMBIA;PREPAGO;PREPAGO ACTIVO;146;EL TIEMPO;SD;NOTICIAS
COLOMBIA;PREPAGO;PREPAGO ACTIVO;147;CABLE NOTICIAS;SD;NOTICIAS
COLOMBIA;PREPAGO;PREPAGO ACTIVO;148;TRO;SD;NACIONAL
COLOMBIA;PREPAGO;PREPAGO ACTIVO;149;TRECE;SD;NACIONAL
COLOMBIA;PREPAGO;PREPAGO ACTIVO;150;TELE ISLAS;SD;NACIONAL
COLOMBIA;PREPAGO;PREPAGO ACTIVO;151;TELEMEDELLIN;SD;NACIONAL
COLOMBIA;PREPAGO;PREPAGO ACTIVO;202;STAR CHANNEL;SD;SERIES Y PELICULAS
COLOMBIA;PREPAGO;PREPAGO ACTIVO;206;WARNER;SD;SERIES Y PELICULAS
COLOMBIA;PREPAGO;PREPAGO ACTIVO;207;A&E;SD;SERIES Y PELICULAS
COLOMBIA;PREPAGO;PREPAGO ACTIVO;208;SONY;SD;SERIES Y PELICULAS
COLOMBIA;PREPAGO;PREPAGO ACTIVO;209;AXN HD;SD;SERIES Y PELICULAS
COLOMBIA;PREPAGO;PREPAGO ACTIVO;217;FX;SD;SERIES Y PELICULAS
COLOMBIA;PREPAGO;PREPAGO ACTIVO;218;UNIVERSAL;SD;SERIES Y PELICULAS
COLOMBIA;PREPAGO;PREPAGO ACTIVO;221;¡HOLA! TV;SD;HOGAR Y VARIEDADES
COLOMBIA;PREPAGO;PREPAGO ACTIVO;222;E!;SD;HOGAR Y VARIEDADES
COLOMBIA;PREPAGO;PREPAGO ACTIVO;223;ID;SD;CIENCIA Y CULTURA
COLOMBIA;PREPAGO;PREPAGO ACTIVO;226;CANAL DE LAS ESTRELLAS;SD;NACIONAL
COLOMBIA;PREPAGO;PREPAGO ACTIVO;227;TL NOVELAS;SD;TELENOVELAS
COLOMBIA;PREPAGO;PREPAGO ACTIVO;229;DISCOVERY HOME & HEALTH;SD;HOGAR Y VARIEDADES
COLOMBIA;PREPAGO;PREPAGO ACTIVO;230;AMC SERIES;SD;SERIES Y PELICULAS
COLOMBIA;PREPAGO;PREPAGO ACTIVO;231;TELEMUNDO;SD;TELENOVELAS
COLOMBIA;PREPAGO;PREPAGO ACTIVO;264;MTV;SD;MUSICAL
COLOMBIA;PREPAGO;PREPAGO ACTIVO;269;QUIERO MÚSICA EN MI IDIOMA;SD;MUSICAL
COLOMBIA;PREPAGO;PREPAGO ACTIVO;302;ESCUELA+;SD;EDUCATIVO
COLOMBIA;PREPAGO;PREPAGO ACTIVO;304;CARTOON NETWORK;SD;INFANTIL
COLOMBIA;PREPAGO;PREPAGO ACTIVO;308;NICKELODEON;SD;INFANTIL
COLOMBIA;PREPAGO;PREPAGO ACTIVO;314;DISNEY CHANNEL (MULTI);SD;INFANTIL
COLOMBIA;PREPAGO;PREPAGO ACTIVO;315;DISNEY JUNIOR;SD;INFANTIL
COLOMBIA;PREPAGO;PREPAGO ACTIVO;330;DISCOVERY KIDS;SD;INFANTIL
COLOMBIA;PREPAGO;PREPAGO ACTIVO;334;CARTOONITO;SD;INFANTIL
COLOMBIA;PREPAGO;PREPAGO ACTIVO;350;EWTN;SD;RELIGIOSO
COLOMBIA;PREPAGO;PREPAGO ACTIVO;352;ENLACE;SD;RELIGIOSO
COLOMBIA;PREPAGO;PREPAGO ACTIVO;353;CRISTOVISIÓN;SD;RELIGIOSO
COLOMBIA;PREPAGO;PREPAGO ACTIVO;502;TNT;SD;SERIES Y PELICULAS
COLOMBIA;PREPAGO;PREPAGO ACTIVO;507;CINECANAL;SD;SERIES Y PELICULAS
COLOMBIA;PREPAGO;PREPAGO ACTIVO;508;STUDIO UNIVERSAL;SD;SERIES Y PELICULAS
COLOMBIA;PREPAGO;PREPAGO ACTIVO;509;CINEMAX;SD;SERIES Y PELICULAS
COLOMBIA;PREPAGO;PREPAGO ACTIVO;518;SPACE;SD;SERIES Y PELICULAS
COLOMBIA;PREPAGO;PREPAGO ACTIVO;610;DSPORTS;SD;DEPORTES
COLOMBIA;PREPAGO;PREPAGO ACTIVO;612;DSPORTS 2;SD;DEPORTES
COLOMBIA;PREPAGO;PREPAGO ACTIVO;621;ESPN;SD;DEPORTES
COLOMBIA;PREPAGO;PREPAGO ACTIVO;622;ESPN 2 ANDINA;SD;DEPORTES
COLOMBIA;PREPAGO;PREPAGO ACTIVO;623;ESPN 3;SD;DEPORTES
COLOMBIA;PREPAGO;PREPAGO ACTIVO;625;ESPN 5;SD;DEPORTES
COLOMBIA;PREPAGO;PREPAGO ACTIVO;626;ESPN 6;SD;DEPORTES
COLOMBIA;PREPAGO;PREPAGO ACTIVO;627;ESPN 7;SD;DEPORTES
COLOMBIA;PREPAGO;PREPAGO ACTIVO;631;DSPORTS RADIO;AUDIO;DEPORTES
COLOMBIA;PREPAGO;PREPAGO ACTIVO;633;WIN SPORTS;SD;DEPORTES
COLOMBIA;PREPAGO;PREPAGO ACTIVO;700;D NEWS;SD;NOTICIAS
COLOMBIA;PREPAGO;PREPAGO ACTIVO;704;CNN EN ESPAÑOL;SD;NOTICIAS
COLOMBIA;PREPAGO;PREPAGO ACTIVO;726;CANAL RURAL;SD;EDUCATIVO
COLOMBIA;PREPAGO;PREPAGO ACTIVO;730;NATIONAL GEOGRAPHIC;SD;CIENCIA Y CULTURA
COLOMBIA;PREPAGO;PREPAGO ACTIVO;732;DISCOVERY;SD;CIENCIA Y CULTURA
COLOMBIA;PREPAGO;PREPAGO ACTIVO;734;ANIMAL PLANET;SD;CIENCIA Y CULTURA
COLOMBIA;PREPAGO;PREPAGO ACTIVO;740;TLC;SD;HOGAR Y VARIEDADES
COLOMBIA;PREPAGO;PREPAGO ACTIVO;742;HISTORY;SD;CIENCIA Y CULTURA
COLOMBIA;PREPAGO;PREPAGO ACTIVO;764;FRANCE 24;SD;NOTICIAS
COLOMBIA;PREPAGO;PREPAGO ACTIVO;980;UNIÓN RADIO NOTICIAS;AUDIO;AUDIO
COLOMBIA;PREPAGO;PREPAGO ACTIVO;982;RADIO CARACOL;AUDIO;AUDIO
COLOMBIA;PREPAGO;PREPAGO ACTIVO;984;RADIO FRANCE INTERNACIONAL;AUDIO;AUDIO
COLOMBIA;PREPAGO;PREPAGO ACTIVO;991;LA FM PLUS;AUDIO;AUDIO
COLOMBIA;PREPAGO;PREPAGO ACTIVO;992;ALERTA BOGOTÁ;AUDIO;NOTICIAS
COLOMBIA;PREPAGO;PREPAGO ACTIVO;993;LA W RADIO;AUDIO;AUDIO
COLOMBIA;PREPAGO;PREPAGO ACTIVO;1217;FX;HD;SERIES Y PELICULAS
COLOMBIA;PREPAGO;PREPAGO ACTIVO;1222;E!;HD;HOGAR Y VARIEDADES
COLOMBIA;PREPAGO;PREPAGO ACTIVO;1270;LATINA TV;HD;NACIONAL
COLOMBIA;PREPAGO;PREPAGO ACTIVO;1302;ESCUELA+;HD;EDUCATIVO
COLOMBIA;PREPAGO;PREPAGO ACTIVO;1623;ESPN 3;HD;DEPORTES
COLOMBIA;PREPAGO;PREPAGO ACTIVO;1633;WIN SPORTS;HD;DEPORTES
COLOMBIA;PREPAGO;PREPAGO ACTIVO;1700;D NEWS;HD;NOTICIAS
COLOMBIA;PREPAGO;SUPER PAQUETE;143;CANAL CAPITAL;SD;NACIONAL
COLOMBIA;PREPAGO;SUPER PAQUETE;150;TELE ISLAS;SD;NACIONAL
COLOMBIA;PREPAGO;SUPER PAQUETE;209;AXN HD;SD;SERIES Y PELICULAS
COLOMBIA;PREPAGO;SUPER PAQUETE;210;AMC;SD;SERIES Y PELICULAS
COLOMBIA;PREPAGO;SUPER PAQUETE;214;ATRES SERIES;SD;SERIES Y PELICULAS
COLOMBIA;PREPAGO;SUPER PAQUETE;222;E!;SD;HOGAR Y VARIEDADES
COLOMBIA;PREPAGO;SUPER PAQUETE;228;LIFETIME;SD;SERIES Y PELICULAS
COLOMBIA;PREPAGO;SUPER PAQUETE;232;EL GOURMET;SD;GASTRONÓMICO
COLOMBIA;PREPAGO;SUPER PAQUETE;302;ESCUELA+;SD;EDUCATIVO
COLOMBIA;PREPAGO;SUPER PAQUETE;310;EL REINO INFANTIL;SD;INFANTIL
COLOMBIA;PREPAGO;SUPER PAQUETE;315;DISNEY JUNIOR;SD;INFANTIL
COLOMBIA;PREPAGO;SUPER PAQUETE;351;ORBE 21;SD;RELIGIOSO
COLOMBIA;PREPAGO;SUPER PAQUETE;503;GOLDEN;SD;SERIES Y PELICULAS
COLOMBIA;PREPAGO;SUPER PAQUETE;516;DE PELÍCULA;SD;SERIES Y PELICULAS
COLOMBIA;PREPAGO;SUPER PAQUETE;517;GOLDEN EDGE;SD;SERIES Y PELICULAS
COLOMBIA;PREPAGO;SUPER PAQUETE;613;DSPORTS +;SD;DEPORTES
COLOMBIA;PREPAGO;SUPER PAQUETE;621;ESPN;SD;DEPORTES
COLOMBIA;PREPAGO;SUPER PAQUETE;623;ESPN 3;SD;DEPORTES
COLOMBIA;PREPAGO;SUPER PAQUETE;626;ESPN 6;SD;DEPORTES
COLOMBIA;PREPAGO;SUPER PAQUETE;627;ESPN 7;SD;DEPORTES
COLOMBIA;PREPAGO;SUPER PAQUETE;628;GOLF CHANNEL LATIN AMERICA;SD;DEPORTES
COLOMBIA;PREPAGO;SUPER PAQUETE;629;TYC SPORTS INTERNACIONAL;SD;DEPORTES
COLOMBIA;PREPAGO;SUPER PAQUETE;631;DSPORTS RADIO;AUDIO;DEPORTES
COLOMBIA;PREPAGO;SUPER PAQUETE;700;D NEWS;SD;NOTICIAS
COLOMBIA;PREPAGO;SUPER PAQUETE;710;BLOOMBERG;SD;NOTICIAS
COLOMBIA;PREPAGO;SUPER PAQUETE;734;ANIMAL PLANET;SD;CIENCIA Y CULTURA
COLOMBIA;PREPAGO;SUPER PAQUETE;736;DISCOVERY TURBO;SD;HOGAR Y VARIEDADES
COLOMBIA;PREPAGO;SUPER PAQUETE;740;TLC;SD;HOGAR Y VARIEDADES
COLOMBIA;PREPAGO;SUPER PAQUETE;742;HISTORY;SD;CIENCIA Y CULTURA
COLOMBIA;PREPAGO;SUPER PAQUETE;744;HISTORY 2;SD;CIENCIA Y CULTURA
COLOMBIA;PREPAGO;SUPER PAQUETE;760;UNIVISION;SD;NACIONAL
COLOMBIA;PREPAGO;SUPER PAQUETE;762;ANTENA 3 INTERNACIONAL;SD;NACIONAL
COLOMBIA;PREPAGO;SUPER PAQUETE;766;RAI ITALIA;SD;NACIONAL
COLOMBIA;PREPAGO;SUPER PAQUETE;768;BBC WORLD;SD;NOTICIAS
COLOMBIA;PREPAGO;SUPER PAQUETE;770;DW;SD;NOTICIAS
COLOMBIA;PREPAGO;SUPER PAQUETE;778;RTP;SD;NACIONAL
COLOMBIA;PREPAGO;SUPER PAQUETE;1209;AXN;HD;SERIES Y PELICULAS
COLOMBIA;PREPAGO;SUPER PAQUETE;1210;AMC;HD;SERIES Y PELICULAS
COLOMBIA;PREPAGO;SUPER PAQUETE;1214;ATRES SERIES;HD;SERIES Y PELICULAS
COLOMBIA;PREPAGO;SUPER PAQUETE;1217;FX;HD;SERIES Y PELICULAS
COLOMBIA;PREPAGO;SUPER PAQUETE;1222;E!;HD;HOGAR Y VARIEDADES
COLOMBIA;PREPAGO;SUPER PAQUETE;1228;LIFETIME;HD;SERIES Y PELICULAS
COLOMBIA;PREPAGO;SUPER PAQUETE;1302;ESCUELA+;HD;EDUCATIVO
COLOMBIA;PREPAGO;SUPER PAQUETE;1310;EL REINO INFANTIL;HD;INFANTIL
COLOMBIA;PREPAGO;SUPER PAQUETE;1503;GOLDEN;HD;SERIES Y PELICULAS
COLOMBIA;PREPAGO;SUPER PAQUETE;1623;ESPN 3;HD;DEPORTES
COLOMBIA;PREPAGO;SUPER PAQUETE;1628;GOLF CHANNEL;HD;DEPORTES
COLOMBIA;PREPAGO;SUPER PAQUETE;1700;D NEWS;HD;NOTICIAS
COLOMBIA;PREPAGO;SUPER PAQUETE;1734;ANIMAL PLANET;HD;CIENCIA Y CULTURA
COLOMBIA;PREPAGO;SUPER PAQUETE;1740;TLC;HD;HOGAR Y VARIEDADES
COLOMBIA;PREPAGO;SUPER PAQUETE;1742;HISTORY;HD;CIENCIA Y CULTURA
COLOMBIA;PREPAGO;SUPER PAQUETE;1744;HISTORY 2;HD;CIENCIA Y CULTURA
COLOMBIA;PREPAGO;SUPER PAQUETE;1762;ANTENA 3 INTERNACIONAL;HD;NACIONAL
