Pais;Cliente;Pacote;VC;Canal;Tecnología;Categoría
PUERTO RICO;CORPORATIVO;BASIC BARS PLUS PR;162;TELEMUNDO PR;HD;NACIONAL
PUERTO RICO;CORPORATIVO;BASIC BARS PLUS PR;164;WAPA TV;HD;NACIONAL
PUERTO RICO;CORPORATIVO;BASIC BARS PLUS PR;166;WIPR;SD;NACIONAL
PUERTO RICO;CORPORATIVO;BASIC BARS PLUS PR;167;UNIVISION;SD;NACIONAL
PUERTO RICO;CORPORATIVO;BASIC BARS PLUS PR;168;TELEONCE;HD;NACIONAL
PUERTO RICO;CORPORATIVO;BASIC BARS PLUS PR;169;DAYSTAR ESPAÑOL;SD;RELIGIOSO
PUERTO RICO;CORPORATIVO;BASIC BARS PLUS PR;170;FOX PR;HD;NACIONAL
PUERTO RICO;CORPORATIVO;BASIC BARS PLUS PR;172;ABC5 PR;HD;NACIONAL
PUERTO RICO;CORPORATIVO;BASIC BARS PLUS PR;174;CBS PR;HD;NACIONAL
PUERTO RICO;CORPORATIVO;BASIC BARS PLUS PR;176;NBC PR;HD;NACIONAL
PUERTO RICO;CORPORATIVO;BASIC BARS PLUS PR;179;PUNTO 2;HD;NACIONAL
PUERTO RICO;CORPORATIVO;BASIC BARS PLUS PR;181;TV DOMINICANA;SD;NACIONAL
PUERTO RICO;CORPORATIVO;BASIC BARS PLUS PR;183;TELEORO;SD;NACIONAL
PUERTO RICO;CORPORATIVO;BASIC BARS PLUS PR;185;TELECINCO;SD;NACIONAL
PUERTO RICO;CORPORATIVO;BASIC BARS PLUS PR;188;QVC;HD;HOGAR Y VARIEDADES
PUERTO RICO;CORPORATIVO;BASIC BARS PLUS PR;189;QVC 2;SD;HOGAR Y VARIEDADES
PUERTO RICO;CORPORATIVO;BASIC BARS PLUS PR;190;HOME SHOPPING NETWORK;HD;HOGAR Y VARIEDADES
PUERTO RICO;CORPORATIVO;BASIC BARS PLUS PR;191;HOME SHOPPING NETWORK 2;SD;HOGAR Y VARIEDADES
PUERTO RICO;CORPORATIVO;BASIC BARS PLUS PR;226;QVC;HD;HOGAR Y VARIEDADES
PUERTO RICO;CORPORATIVO;BASIC BARS PLUS PR;227;HOME SHOPPING NETWORK;HD;HOGAR Y VARIEDADES
PUERTO RICO;CORPORATIVO;BASIC BARS PLUS PR;228;FOOD NETWORK;HD;GASTRONÓMICO
PUERTO RICO;CORPORATIVO;BASIC BARS PLUS PR;229;BLOSSOM;SD;HOGAR Y VARIEDADES
PUERTO RICO;CORPORATIVO;BASIC BARS PLUS PR;230;BET;SD;HOGAR Y VARIEDADES
PUERTO RICO;CORPORATIVO;BASIC BARS PLUS PR;244;TNT;HD;SERIES Y PELICULAS
PUERTO RICO;CORPORATIVO;BASIC BARS PLUS PR;248;TBS;HD;SERIES Y PELICULAS
PUERTO RICO;CORPORATIVO;BASIC BARS PLUS PR;249;TL NOVELAS;SD;TELENOVELAS
PUERTO RICO;CORPORATIVO;BASIC BARS PLUS PR;254;PARAMOUNT;HD;SERIES Y PELICULAS
PUERTO RICO;CORPORATIVO;BASIC BARS PLUS PR;260;MTV;HD;MUSICAL
PUERTO RICO;CORPORATIVO;BASIC BARS PLUS PR;261;MTV 2;HD;MUSICAL
PUERTO RICO;CORPORATIVO;BASIC BARS PLUS PR;262;VH1;HD;MUSICAL
PUERTO RICO;CORPORATIVO;BASIC BARS PLUS PR;264;VICE;SD;INFORMATIVO
PUERTO RICO;CORPORATIVO;BASIC BARS PLUS PR;268;SO YUMMY!;SD;GASTRONÓMICO
PUERTO RICO;CORPORATIVO;BASIC BARS PLUS PR;320;CARTOON NETWORK;HD;INFANTIL
PUERTO RICO;CORPORATIVO;BASIC BARS PLUS PR;322;NICKELODEON;HD;INFANTIL
PUERTO RICO;CORPORATIVO;BASIC BARS PLUS PR;330;DISCOVERY KIDS LA;SD;INFANTIL
PUERTO RICO;CORPORATIVO;BASIC BARS PLUS PR;332;LOOLOO KIDS;SD;INFANTIL
PUERTO RICO;CORPORATIVO;BASIC BARS PLUS PR;336;BOOMERANG;SD;INFANTIL
PUERTO RICO;CORPORATIVO;BASIC BARS PLUS PR;338;VME;SD;NACIONAL
PUERTO RICO;CORPORATIVO;BASIC BARS PLUS PR;339;BABY FIRST TV;SD;INFANTIL
PUERTO RICO;CORPORATIVO;BASIC BARS PLUS PR;350;EWTN;SD;RELIGIOSO
PUERTO RICO;CORPORATIVO;BASIC BARS PLUS PR;352;ENLACE;SD;RELIGIOSO
PUERTO RICO;CORPORATIVO;BASIC BARS PLUS PR;354;CHRISTIAN TELEVISION NETWORK (CTN);SD;RELIGIOSO
PUERTO RICO;CORPORATIVO;BASIC BARS PLUS PR;516;DE PELÍCULA;SD;SERIES Y PELICULAS
PUERTO RICO;CORPORATIVO;BASIC BARS PLUS PR;520;HALLMARK;HD;SERIES Y PELICULAS
PUERTO RICO;CORPORATIVO;BASIC BARS PLUS PR;521;HALLMARK FAMILY;HD;SERIES Y PELICULAS
PUERTO RICO;CORPORATIVO;BASIC BARS PLUS PR;522;HALLMARK MYSTERY;HD;SERIES Y PELICULAS
PUERTO RICO;CORPORATIVO;BASIC BARS PLUS PR;649;ESPN DEPORTES;HD;DEPORTES
PUERTO RICO;CORPORATIVO;BASIC BARS PLUS PR;657;WAPA DEPORTES;HD;DEPORTES
PUERTO RICO;CORPORATIVO;BASIC BARS PLUS PR;659;RACER NETWORK;HD;DEPORTES
PUERTO RICO;CORPORATIVO;BASIC BARS PLUS PR;702;CNN;HD;NOTICIAS
PUERTO RICO;CORPORATIVO;BASIC BARS PLUS PR;704;CNN EN ESPAÑOL;SD;NOTICIAS
PUERTO RICO;CORPORATIVO;BASIC BARS PLUS PR;708;HEADLINE NEWS;HD;NOTICIAS
PUERTO RICO;CORPORATIVO;BASIC BARS PLUS PR;710;BLOOMBERG;HD;NOTICIAS
PUERTO RICO;CORPORATIVO;BASIC BARS PLUS PR;712;ACCUWEATHER;HD;NOTICIAS
PUERTO RICO;CORPORATIVO;BASIC BARS PLUS PR;714;ESTRELLA TV;SD;NACIONAL
PUERTO RICO;CORPORATIVO;BASIC BARS PLUS PR;720;C-SPAN2;SD;INFORMATIVO
PUERTO RICO;CORPORATIVO;BASIC BARS PLUS PR;730;NAT GEO MUNDO;SD;CIENCIA Y CULTURA
PUERTO RICO;CORPORATIVO;BASIC BARS PLUS PR;732;DISCOVERY EN ESPAÑOL;SD;CIENCIA Y CULTURA
PUERTO RICO;CORPORATIVO;BASIC BARS PLUS PR;734;ANIMAL PLANET LA;SD;CIENCIA Y CULTURA
PUERTO RICO;CORPORATIVO;BASIC BARS PLUS PR;735;ANIMAL PLANET US;HD;CIENCIA Y CULTURA
PUERTO RICO;CORPORATIVO;BASIC BARS PLUS PR;742;HISTORY ANDES;SD;CIENCIA Y CULTURA
PUERTO RICO;CORPORATIVO;BASIC BARS PLUS PR;744;FYI;HD;HOGAR Y VARIEDADES
PUERTO RICO;CORPORATIVO;BASIC BARS PLUS PR;754;THE LEARNING CHANNEL;HD;HOGAR Y VARIEDADES
PUERTO RICO;CORPORATIVO;BASIC BARS PLUS PR;756;HISTORY US;HD;CIENCIA Y CULTURA
PUERTO RICO;CORPORATIVO;BASIC BARS PLUS PR;760;TVE;SD;NACIONAL
PUERTO RICO;CORPORATIVO;BASIC BARS PLUS PR;764;HITN;SD;EDUCATIVO
PUERTO RICO;CORPORATIVO;BASIC BARS PR;162;TELEMUNDO PR;HD;NACIONAL
PUERTO RICO;CORPORATIVO;BASIC BARS PR;164;WAPA TV;HD;NACIONAL
PUERTO RICO;CORPORATIVO;BASIC BARS PR;166;WIPR;SD;NACIONAL
PUERTO RICO;CORPORATIVO;BASIC BARS PR;167;UNIVISION;SD;NACIONAL
PUERTO RICO;CORPORATIVO;BASIC BARS PR;168;TELEONCE;HD;NACIONAL
PUERTO RICO;CORPORATIVO;BASIC BARS PR;169;DAYSTAR ESPAÑOL;SD;RELIGIOSO
PUERTO RICO;CORPORATIVO;BASIC BARS PR;170;FOX PR;HD;NACIONAL
PUERTO RICO;CORPORATIVO;BASIC BARS PR;172;ABC5 PR;HD;NACIONAL
PUERTO RICO;CORPORATIVO;BASIC BARS PR;174;CBS PR;HD;NACIONAL
PUERTO RICO;CORPORATIVO;BASIC BARS PR;176;NBC PR;HD;NACIONAL
PUERTO RICO;CORPORATIVO;BASIC BARS PR;179;PUNTO 2;HD;NACIONAL
PUERTO RICO;CORPORATIVO;BASIC BARS PR;181;TV DOMINICANA;SD;NACIONAL
PUERTO RICO;CORPORATIVO;BASIC BARS PR;182;TV CHILE;SD;NACIONAL
PUERTO RICO;CORPORATIVO;BASIC BARS PR;183;TELEORO;SD;NACIONAL
PUERTO RICO;CORPORATIVO;BASIC BARS PR;185;TELECINCO;SD;NACIONAL
PUERTO RICO;CORPORATIVO;BASIC BARS PR;188;QVC;HD;HOGAR Y VARIEDADES
PUERTO RICO;CORPORATIVO;BASIC BARS PR;189;QVC 2;SD;HOGAR Y VARIEDADES
PUERTO RICO;CORPORATIVO;BASIC BARS PR;190;HOME SHOPPING NETWORK;HD;HOGAR Y VARIEDADES
PUERTO RICO;CORPORATIVO;BASIC BARS PR;191;HOME SHOPPING NETWORK 2;SD;HOGAR Y VARIEDADES
PUERTO RICO;CORPORATIVO;BASIC BARS PR;225;PASIONES;SD;TELENOVELAS
PUERTO RICO;CORPORATIVO;BASIC BARS PR;226;QVC;HD;HOGAR Y VARIEDADES
PUERTO RICO;CORPORATIVO;BASIC BARS PR;227;HOME SHOPPING NETWORK;HD;HOGAR Y VARIEDADES
PUERTO RICO;CORPORATIVO;BASIC BARS PR;229;BLOSSOM;SD;HOGAR Y VARIEDADES
PUERTO RICO;CORPORATIVO;BASIC BARS PR;230;BET;SD;HOGAR Y VARIEDADES
PUERTO RICO;CORPORATIVO;BASIC BARS PR;249;TL NOVELAS;SD;TELENOVELAS
PUERTO RICO;CORPORATIVO;BASIC BARS PR;264;VICE;SD;INFORMATIVO
PUERTO RICO;CORPORATIVO;BASIC BARS PR;268;SO YUMMY!;SD;GASTRONÓMICO
PUERTO RICO;CORPORATIVO;BASIC BARS PR;330;DISCOVERY KIDS LA;SD;INFANTIL
PUERTO RICO;CORPORATIVO;BASIC BARS PR;332;LOOLOO KIDS;SD;INFANTIL
PUERTO RICO;CORPORATIVO;BASIC BARS PR;338;VME;SD;NACIONAL
PUERTO RICO;CORPORATIVO;BASIC BARS PR;339;BABY FIRST TV;SD;INFANTIL
PUERTO RICO;CORPORATIVO;BASIC BARS PR;350;EWTN;SD;RELIGIOSO
PUERTO RICO;CORPORATIVO;BASIC BARS PR;352;ENLACE;SD;RELIGIOSO
PUERTO RICO;CORPORATIVO;BASIC BARS PR;354;CHRISTIAN TELEVISION NETWORK (CTN);SD;RELIGIOSO
PUERTO RICO;CORPORATIVO;BASIC BARS PR;516;DE PELÍCULA;SD;SERIES Y PELICULAS
PUERTO RICO;CORPORATIVO;BASIC BARS PR;649;ESPN DEPORTES;HD;DEPORTES
PUERTO RICO;CORPORATIVO;BASIC BARS PR;657;WAPA DEPORTES;HD;DEPORTES
PUERTO RICO;CORPORATIVO;BASIC BARS PR;704;CNN EN ESPAÑOL;SD;NOTICIAS
PUERTO RICO;CORPORATIVO;BASIC BARS PR;712;ACCUWEATHER;HD;NOTICIAS
PUERTO RICO;CORPORATIVO;BASIC BARS PR;720;C-SPAN2;SD;INFORMATIVO
PUERTO RICO;CORPORATIVO;BASIC BARS PR;730;NAT GEO MUNDO;SD;CIENCIA Y CULTURA
PUERTO RICO;CORPORATIVO;BASIC BARS PR;732;DISCOVERY EN ESPAÑOL;SD;CIENCIA Y CULTURA
PUERTO RICO;CORPORATIVO;BASIC BARS PR;735;ANIMAL PLANET US;HD;CIENCIA Y CULTURA
PUERTO RICO;CORPORATIVO;BASIC BARS PR;742;HISTORY ANDES;SD;CIENCIA Y CULTURA
PUERTO RICO;CORPORATIVO;BASIC BARS PR;760;TVE;SD;NACIONAL
PUERTO RICO;CORPORATIVO;BASIC BARS PR;764;HITN;SD;EDUCATIVO
PUERTO RICO;CORPORATIVO;CMBAR ST;162;TELEMUNDO PR;HD;NACIONAL
PUERTO RICO;CORPORATIVO;CMBAR ST;164;WAPA TV;HD;NACIONAL
PUERTO RICO;CORPORATIVO;CMBAR ST;166;WIPR;SD;NACIONAL
PUERTO RICO;CORPORATIVO;CMBAR ST;167;UNIVISION;SD;NACIONAL
PUERTO RICO;CORPORATIVO;CMBAR ST;168;TELEONCE;HD;NACIONAL
PUERTO RICO;CORPORATIVO;CMBAR ST;169;DAYSTAR ESPAÑOL;SD;RELIGIOSO
PUERTO RICO;CORPORATIVO;CMBAR ST;170;FOX PR;HD;NACIONAL
PUERTO RICO;CORPORATIVO;CMBAR ST;172;ABC5 PR;HD;NACIONAL
PUERTO RICO;CORPORATIVO;CMBAR ST;174;CBS PR;HD;NACIONAL
PUERTO RICO;CORPORATIVO;CMBAR ST;176;NBC PR;HD;NACIONAL
PUERTO RICO;CORPORATIVO;CMBAR ST;179;PUNTO 2;HD;NACIONAL
PUERTO RICO;CORPORATIVO;CMBAR ST;181;TV DOMINICANA;SD;NACIONAL
PUERTO RICO;CORPORATIVO;CMBAR ST;185;TELECINCO;SD;NACIONAL
PUERTO RICO;CORPORATIVO;CMBAR ST;188;QVC;HD;HOGAR Y VARIEDADES
PUERTO RICO;CORPORATIVO;CMBAR ST;189;QVC 2;SD;HOGAR Y VARIEDADES
PUERTO RICO;CORPORATIVO;CMBAR ST;190;HOME SHOPPING NETWORK;HD;HOGAR Y VARIEDADES
PUERTO RICO;CORPORATIVO;CMBAR ST;191;HOME SHOPPING NETWORK 2;SD;HOGAR Y VARIEDADES
PUERTO RICO;CORPORATIVO;CMBAR ST;220;BRAVO TV;HD;HOGAR Y VARIEDADES
PUERTO RICO;CORPORATIVO;CMBAR ST;225;PASIONES;SD;TELENOVELAS
PUERTO RICO;CORPORATIVO;CMBAR ST;226;QVC;HD;HOGAR Y VARIEDADES
PUERTO RICO;CORPORATIVO;CMBAR ST;227;HOME SHOPPING NETWORK;HD;HOGAR Y VARIEDADES
PUERTO RICO;CORPORATIVO;CMBAR ST;228;FOOD NETWORK;HD;GASTRONÓMICO
PUERTO RICO;CORPORATIVO;CMBAR ST;229;BLOSSOM;SD;HOGAR Y VARIEDADES
PUERTO RICO;CORPORATIVO;CMBAR ST;244;TNT;HD;SERIES Y PELICULAS
PUERTO RICO;CORPORATIVO;CMBAR ST;246;USA;HD;SERIES Y PELICULAS
PUERTO RICO;CORPORATIVO;CMBAR ST;248;TBS;HD;SERIES Y PELICULAS
PUERTO RICO;CORPORATIVO;CMBAR ST;249;TL NOVELAS;SD;TELENOVELAS
PUERTO RICO;CORPORATIVO;CMBAR ST;250;HGTV;HD;HOGAR Y VARIEDADES
PUERTO RICO;CORPORATIVO;CMBAR ST;252;FREEFORM;HD;SERIES Y PELICULAS
PUERTO RICO;CORPORATIVO;CMBAR ST;254;PARAMOUNT;HD;SERIES Y PELICULAS
PUERTO RICO;CORPORATIVO;CMBAR ST;256;A&E;HD;SERIES Y PELICULAS
PUERTO RICO;CORPORATIVO;CMBAR ST;260;MTV;HD;MUSICAL
PUERTO RICO;CORPORATIVO;CMBAR ST;262;VH1;HD;MUSICAL
PUERTO RICO;CORPORATIVO;CMBAR ST;263;COMEDY CENTRAL;HD;SERIES Y PELICULAS
PUERTO RICO;CORPORATIVO;CMBAR ST;268;SO YUMMY!;SD;GASTRONÓMICO
PUERTO RICO;CORPORATIVO;CMBAR ST;320;CARTOON NETWORK;HD;INFANTIL
PUERTO RICO;CORPORATIVO;CMBAR ST;322;NICKELODEON;HD;INFANTIL
PUERTO RICO;CORPORATIVO;CMBAR ST;324;DISNEY CHANNEL;HD;INFANTIL
PUERTO RICO;CORPORATIVO;CMBAR ST;326;DISNEY XD;HD;INFANTIL
PUERTO RICO;CORPORATIVO;CMBAR ST;330;DISCOVERY KIDS LA;SD;INFANTIL
PUERTO RICO;CORPORATIVO;CMBAR ST;332;LOOLOO KIDS;SD;INFANTIL
PUERTO RICO;CORPORATIVO;CMBAR ST;336;BOOMERANG;SD;INFANTIL
PUERTO RICO;CORPORATIVO;CMBAR ST;338;VME;SD;NACIONAL
PUERTO RICO;CORPORATIVO;CMBAR ST;339;BABY FIRST TV;SD;INFANTIL
PUERTO RICO;CORPORATIVO;CMBAR ST;350;EWTN;SD;RELIGIOSO
PUERTO RICO;CORPORATIVO;CMBAR ST;352;ENLACE;SD;RELIGIOSO
PUERTO RICO;CORPORATIVO;CMBAR ST;511;AMC;HD;SERIES Y PELICULAS
PUERTO RICO;CORPORATIVO;CMBAR ST;514;CINE LATINO;SD;SERIES Y PELICULAS
PUERTO RICO;CORPORATIVO;CMBAR ST;516;DE PELÍCULA;SD;SERIES Y PELICULAS
PUERTO RICO;CORPORATIVO;CMBAR ST;702;CNN;HD;NOTICIAS
PUERTO RICO;CORPORATIVO;CMBAR ST;704;CNN EN ESPAÑOL;SD;NOTICIAS
PUERTO RICO;CORPORATIVO;CMBAR ST;708;HEADLINE NEWS;HD;NOTICIAS
PUERTO RICO;CORPORATIVO;CMBAR ST;710;BLOOMBERG;HD;NOTICIAS
PUERTO RICO;CORPORATIVO;CMBAR ST;712;ACCUWEATHER;HD;NOTICIAS
PUERTO RICO;CORPORATIVO;CMBAR ST;720;C-SPAN2;SD;INFORMATIVO
PUERTO RICO;CORPORATIVO;CMBAR ST;730;NAT GEO MUNDO;SD;CIENCIA Y CULTURA
PUERTO RICO;CORPORATIVO;CMBAR ST;732;DISCOVERY EN ESPAÑOL;SD;CIENCIA Y CULTURA
PUERTO RICO;CORPORATIVO;CMBAR ST;734;ANIMAL PLANET LA;SD;CIENCIA Y CULTURA
PUERTO RICO;CORPORATIVO;CMBAR ST;742;HISTORY ANDES;SD;CIENCIA Y CULTURA
PUERTO RICO;CORPORATIVO;CMBAR ST;744;FYI;HD;HOGAR Y VARIEDADES
PUERTO RICO;CORPORATIVO;CMBAR ST;745;SYFY;HD;SERIES Y PELICULAS
PUERTO RICO;CORPORATIVO;CMBAR ST;752;DISCOVERY US;HD;CIENCIA Y CULTURA
PUERTO RICO;CORPORATIVO;CMBAR ST;754;THE LEARNING CHANNEL;HD;HOGAR Y VARIEDADES
PUERTO RICO;CORPORATIVO;CMBAR ST;756;HISTORY US;HD;CIENCIA Y CULTURA
PUERTO RICO;CORPORATIVO;CMBAR ST;760;TVE;SD;NACIONAL
PUERTO RICO;CORPORATIVO;CMBAR ST;762;ANTENA 3;SD;NACIONAL
PUERTO RICO;CORPORATIVO;CMBAR ST;764;HITN;SD;EDUCATIVO
PUERTO RICO;CORPORATIVO;CMOFF ST;162;TELEMUNDO PR;HD;NACIONAL
PUERTO RICO;CORPORATIVO;CMOFF ST;164;WAPA TV;HD;NACIONAL
PUERTO RICO;CORPORATIVO;CMOFF ST;166;WIPR;SD;NACIONAL
PUERTO RICO;CORPORATIVO;CMOFF ST;167;UNIVISION;SD;NACIONAL
PUERTO RICO;CORPORATIVO;CMOFF ST;168;TELEONCE;HD;NACIONAL
PUERTO RICO;CORPORATIVO;CMOFF ST;169;DAYSTAR ESPAÑOL;SD;RELIGIOSO
PUERTO RICO;CORPORATIVO;CMOFF ST;170;FOX PR;HD;NACIONAL
PUERTO RICO;CORPORATIVO;CMOFF ST;172;ABC5 PR;HD;NACIONAL
PUERTO RICO;CORPORATIVO;CMOFF ST;174;CBS PR;HD;NACIONAL
PUERTO RICO;CORPORATIVO;CMOFF ST;176;NBC PR;HD;NACIONAL
PUERTO RICO;CORPORATIVO;CMOFF ST;179;PUNTO 2;HD;NACIONAL
PUERTO RICO;CORPORATIVO;CMOFF ST;181;TV DOMINICANA;SD;NACIONAL
PUERTO RICO;CORPORATIVO;CMOFF ST;185;TELECINCO;SD;NACIONAL
PUERTO RICO;CORPORATIVO;CMOFF ST;188;QVC;HD;HOGAR Y VARIEDADES
PUERTO RICO;CORPORATIVO;CMOFF ST;189;QVC 2;SD;HOGAR Y VARIEDADES
PUERTO RICO;CORPORATIVO;CMOFF ST;190;HOME SHOPPING NETWORK;HD;HOGAR Y VARIEDADES
PUERTO RICO;CORPORATIVO;CMOFF ST;191;HOME SHOPPING NETWORK 2;SD;HOGAR Y VARIEDADES
PUERTO RICO;CORPORATIVO;CMOFF ST;220;BRAVO TV;HD;HOGAR Y VARIEDADES
PUERTO RICO;CORPORATIVO;CMOFF ST;225;PASIONES;SD;TELENOVELAS
PUERTO RICO;CORPORATIVO;CMOFF ST;226;QVC;HD;HOGAR Y VARIEDADES
PUERTO RICO;CORPORATIVO;CMOFF ST;227;HOME SHOPPING NETWORK;HD;HOGAR Y VARIEDADES
PUERTO RICO;CORPORATIVO;CMOFF ST;228;FOOD NETWORK;HD;GASTRONÓMICO
PUERTO RICO;CORPORATIVO;CMOFF ST;229;BLOSSOM;SD;HOGAR Y VARIEDADES
PUERTO RICO;CORPORATIVO;CMOFF ST;244;TNT;HD;SERIES Y PELICULAS
PUERTO RICO;CORPORATIVO;CMOFF ST;246;USA;HD;SERIES Y PELICULAS
PUERTO RICO;CORPORATIVO;CMOFF ST;248;TBS;HD;SERIES Y PELICULAS
PUERTO RICO;CORPORATIVO;CMOFF ST;249;TL NOVELAS;SD;TELENOVELAS
PUERTO RICO;CORPORATIVO;CMOFF ST;250;HGTV;HD;HOGAR Y VARIEDADES
PUERTO RICO;CORPORATIVO;CMOFF ST;252;FREEFORM;HD;SERIES Y PELICULAS
PUERTO RICO;CORPORATIVO;CMOFF ST;254;PARAMOUNT;HD;SERIES Y PELICULAS
PUERTO RICO;CORPORATIVO;CMOFF ST;256;A&E;HD;SERIES Y PELICULAS
PUERTO RICO;CORPORATIVO;CMOFF ST;260;MTV;HD;MUSICAL
PUERTO RICO;CORPORATIVO;CMOFF ST;262;VH1;HD;MUSICAL
PUERTO RICO;CORPORATIVO;CMOFF ST;263;COMEDY CENTRAL;HD;SERIES Y PELICULAS
PUERTO RICO;CORPORATIVO;CMOFF ST;268;SO YUMMY!;SD;GASTRONÓMICO
PUERTO RICO;CORPORATIVO;CMOFF ST;320;CARTOON NETWORK;HD;INFANTIL
PUERTO RICO;CORPORATIVO;CMOFF ST;322;NICKELODEON;HD;INFANTIL
PUERTO RICO;CORPORATIVO;CMOFF ST;324;DISNEY CHANNEL;HD;INFANTIL
PUERTO RICO;CORPORATIVO;CMOFF ST;326;DISNEY XD;HD;INFANTIL
PUERTO RICO;CORPORATIVO;CMOFF ST;330;DISCOVERY KIDS LA;SD;INFANTIL
PUERTO RICO;CORPORATIVO;CMOFF ST;332;LOOLOO KIDS;SD;INFANTIL
PUERTO RICO;CORPORATIVO;CMOFF ST;336;BOOMERANG;SD;INFANTIL
PUERTO RICO;CORPORATIVO;CMOFF ST;338;VME;SD;NACIONAL
PUERTO RICO;CORPORATIVO;CMOFF ST;339;BABY FIRST TV;SD;INFANTIL
PUERTO RICO;CORPORATIVO;CMOFF ST;350;EWTN;SD;RELIGIOSO
PUERTO RICO;CORPORATIVO;CMOFF ST;352;ENLACE;SD;RELIGIOSO
PUERTO RICO;CORPORATIVO;CMOFF ST;511;AMC;HD;SERIES Y PELICULAS
PUERTO RICO;CORPORATIVO;CMOFF ST;514;CINE LATINO;SD;SERIES Y PELICULAS
PUERTO RICO;CORPORATIVO;CMOFF ST;516;DE PELÍCULA;SD;SERIES Y PELICULAS
PUERTO RICO;CORPORATIVO;CMOFF ST;702;CNN;HD;NOTICIAS
PUERTO RICO;CORPORATIVO;CMOFF ST;704;CNN EN ESPAÑOL;SD;NOTICIAS
PUERTO RICO;CORPORATIVO;CMOFF ST;708;HEADLINE NEWS;HD;NOTICIAS
PUERTO RICO;CORPORATIVO;CMOFF ST;710;BLOOMBERG;HD;NOTICIAS
PUERTO RICO;CORPORATIVO;CMOFF ST;712;ACCUWEATHER;HD;NOTICIAS
PUERTO RICO;CORPORATIVO;CMOFF ST;720;C-SPAN2;SD;INFORMATIVO
PUERTO RICO;CORPORATIVO;CMOFF ST;730;NAT GEO MUNDO;SD;CIENCIA Y CULTURA
PUERTO RICO;CORPORATIVO;CMOFF ST;732;DISCOVERY EN ESPAÑOL;SD;CIENCIA Y CULTURA
PUERTO RICO;CORPORATIVO;CMOFF ST;734;ANIMAL PLANET LA;SD;CIENCIA Y CULTURA
PUERTO RICO;CORPORATIVO;CMOFF ST;742;HISTORY ANDES;SD;CIENCIA Y CULTURA
PUERTO RICO;CORPORATIVO;CMOFF ST;744;FYI;HD;HOGAR Y VARIEDADES
PUERTO RICO;CORPORATIVO;CMOFF ST;745;SYFY;HD;SERIES Y PELICULAS
PUERTO RICO;CORPORATIVO;CMOFF ST;752;DISCOVERY US;HD;CIENCIA Y CULTURA
PUERTO RICO;CORPORATIVO;CMOFF ST;754;THE LEARNING CHANNEL;HD;HOGAR Y VARIEDADES
PUERTO RICO;CORPORATIVO;CMOFF ST;756;HISTORY US;HD;CIENCIA Y CULTURA
PUERTO RICO;CORPORATIVO;CMOFF ST;760;TVE;SD;NACIONAL
PUERTO RICO;CORPORATIVO;CMOFF ST;764;HITN;SD;EDUCATIVO
PUERTO RICO;CORPORATIVO;HOTEL XTRA (10/15//20/25/30/40/50/55/60);162;TELEMUNDO PR;HD;NACIONAL
PUERTO RICO;CORPORATIVO;HOTEL XTRA (10/15//20/25/30/40/50/55/60);164;WAPA TV;HD;NACIONAL
PUERTO RICO;CORPORATIVO;HOTEL XTRA (10/15//20/25/30/40/50/55/60);166;WIPR;SD;NACIONAL
PUERTO RICO;CORPORATIVO;HOTEL XTRA (10/15//20/25/30/40/50/55/60);167;UNIVISION;SD;NACIONAL
PUERTO RICO;CORPORATIVO;HOTEL XTRA (10/15//20/25/30/40/50/55/60);168;TELEONCE;HD;NACIONAL
PUERTO RICO;CORPORATIVO;HOTEL XTRA (10/15//20/25/30/40/50/55/60);169;DAYSTAR ESPAÑOL;SD;RELIGIOSO
PUERTO RICO;CORPORATIVO;HOTEL XTRA (10/15//20/25/30/40/50/55/60);170;FOX PR;HD;NACIONAL
PUERTO RICO;CORPORATIVO;HOTEL XTRA (10/15//20/25/30/40/50/55/60);172;ABC5 PR;HD;NACIONAL
PUERTO RICO;CORPORATIVO;HOTEL XTRA (10/15//20/25/30/40/50/55/60);174;CBS PR;HD;NACIONAL
PUERTO RICO;CORPORATIVO;HOTEL XTRA (10/15//20/25/30/40/50/55/60);176;NBC PR;HD;NACIONAL
PUERTO RICO;CORPORATIVO;HOTEL XTRA (10/15//20/25/30/40/50/55/60);179;PUNTO 2;HD;NACIONAL
PUERTO RICO;CORPORATIVO;HOTEL XTRA (10/15//20/25/30/40/50/55/60);181;TV DOMINICANA;SD;NACIONAL
PUERTO RICO;CORPORATIVO;HOTEL XTRA (10/15//20/25/30/40/50/55/60);182;TV CHILE;SD;NACIONAL
PUERTO RICO;CORPORATIVO;HOTEL XTRA (10/15//20/25/30/40/50/55/60);183;TELEORO;SD;NACIONAL
PUERTO RICO;CORPORATIVO;HOTEL XTRA (10/15//20/25/30/40/50/55/60);185;TELECINCO;SD;NACIONAL
PUERTO RICO;CORPORATIVO;HOTEL XTRA (10/15//20/25/30/40/50/55/60);188;QVC;HD;HOGAR Y VARIEDADES
PUERTO RICO;CORPORATIVO;HOTEL XTRA (10/15//20/25/30/40/50/55/60);189;QVC 2;SD;HOGAR Y VARIEDADES
PUERTO RICO;CORPORATIVO;HOTEL XTRA (10/15//20/25/30/40/50/55/60);190;HOME SHOPPING NETWORK;HD;HOGAR Y VARIEDADES
PUERTO RICO;CORPORATIVO;HOTEL XTRA (10/15//20/25/30/40/50/55/60);191;HOME SHOPPING NETWORK 2;SD;HOGAR Y VARIEDADES
PUERTO RICO;CORPORATIVO;HOTEL XTRA (10/15//20/25/30/40/50/55/60);220;BRAVO TV;HD;HOGAR Y VARIEDADES
PUERTO RICO;CORPORATIVO;HOTEL XTRA (10/15//20/25/30/40/50/55/60);221;¡HOLA! TV;SD;HOGAR Y VARIEDADES
PUERTO RICO;CORPORATIVO;HOTEL XTRA (10/15//20/25/30/40/50/55/60);222;E! US HD;HD;HOGAR Y VARIEDADES
PUERTO RICO;CORPORATIVO;HOTEL XTRA (10/15//20/25/30/40/50/55/60);225;PASIONES;SD;TELENOVELAS
PUERTO RICO;CORPORATIVO;HOTEL XTRA (10/15//20/25/30/40/50/55/60);226;QVC;HD;HOGAR Y VARIEDADES
PUERTO RICO;CORPORATIVO;HOTEL XTRA (10/15//20/25/30/40/50/55/60);227;HOME SHOPPING NETWORK;HD;HOGAR Y VARIEDADES
PUERTO RICO;CORPORATIVO;HOTEL XTRA (10/15//20/25/30/40/50/55/60);228;FOOD NETWORK;HD;GASTRONÓMICO
PUERTO RICO;CORPORATIVO;HOTEL XTRA (10/15//20/25/30/40/50/55/60);229;BLOSSOM;SD;HOGAR Y VARIEDADES
PUERTO RICO;CORPORATIVO;HOTEL XTRA (10/15//20/25/30/40/50/55/60);230;BET;SD;HOGAR Y VARIEDADES
PUERTO RICO;CORPORATIVO;HOTEL XTRA (10/15//20/25/30/40/50/55/60);242;FX HD;HD;SERIES Y PELICULAS
PUERTO RICO;CORPORATIVO;HOTEL XTRA (10/15//20/25/30/40/50/55/60);244;TNT;HD;SERIES Y PELICULAS
PUERTO RICO;CORPORATIVO;HOTEL XTRA (10/15//20/25/30/40/50/55/60);246;USA;HD;SERIES Y PELICULAS
PUERTO RICO;CORPORATIVO;HOTEL XTRA (10/15//20/25/30/40/50/55/60);248;TBS;HD;SERIES Y PELICULAS
PUERTO RICO;CORPORATIVO;HOTEL XTRA (10/15//20/25/30/40/50/55/60);249;TL NOVELAS;SD;TELENOVELAS
PUERTO RICO;CORPORATIVO;HOTEL XTRA (10/15//20/25/30/40/50/55/60);250;HGTV;HD;HOGAR Y VARIEDADES
PUERTO RICO;CORPORATIVO;HOTEL XTRA (10/15//20/25/30/40/50/55/60);252;FREEFORM;HD;SERIES Y PELICULAS
PUERTO RICO;CORPORATIVO;HOTEL XTRA (10/15//20/25/30/40/50/55/60);254;PARAMOUNT;HD;SERIES Y PELICULAS
PUERTO RICO;CORPORATIVO;HOTEL XTRA (10/15//20/25/30/40/50/55/60);256;A&E;HD;SERIES Y PELICULAS
PUERTO RICO;CORPORATIVO;HOTEL XTRA (10/15//20/25/30/40/50/55/60);260;MTV;HD;MUSICAL
PUERTO RICO;CORPORATIVO;HOTEL XTRA (10/15//20/25/30/40/50/55/60);261;MTV 2;HD;MUSICAL
PUERTO RICO;CORPORATIVO;HOTEL XTRA (10/15//20/25/30/40/50/55/60);262;VH1;HD;MUSICAL
PUERTO RICO;CORPORATIVO;HOTEL XTRA (10/15//20/25/30/40/50/55/60);263;COMEDY CENTRAL;HD;SERIES Y PELICULAS
PUERTO RICO;CORPORATIVO;HOTEL XTRA (10/15//20/25/30/40/50/55/60);264;VICE;SD;INFORMATIVO
PUERTO RICO;CORPORATIVO;HOTEL XTRA (10/15//20/25/30/40/50/55/60);267;COOKING CHANNEL;HD;GASTRONÓMICO
PUERTO RICO;CORPORATIVO;HOTEL XTRA (10/15//20/25/30/40/50/55/60);268;SO YUMMY!;SD;GASTRONÓMICO
PUERTO RICO;CORPORATIVO;HOTEL XTRA (10/15//20/25/30/40/50/55/60);320;CARTOON NETWORK;HD;INFANTIL
PUERTO RICO;CORPORATIVO;HOTEL XTRA (10/15//20/25/30/40/50/55/60);322;NICKELODEON;HD;INFANTIL
PUERTO RICO;CORPORATIVO;HOTEL XTRA (10/15//20/25/30/40/50/55/60);324;DISNEY CHANNEL;HD;INFANTIL
PUERTO RICO;CORPORATIVO;HOTEL XTRA (10/15//20/25/30/40/50/55/60);326;DISNEY XD;HD;INFANTIL
PUERTO RICO;CORPORATIVO;HOTEL XTRA (10/15//20/25/30/40/50/55/60);330;DISCOVERY KIDS LA;SD;INFANTIL
PUERTO RICO;CORPORATIVO;HOTEL XTRA (10/15//20/25/30/40/50/55/60);332;LOOLOO KIDS;SD;INFANTIL
PUERTO RICO;CORPORATIVO;HOTEL XTRA (10/15//20/25/30/40/50/55/60);336;BOOMERANG;SD;INFANTIL
PUERTO RICO;CORPORATIVO;HOTEL XTRA (10/15//20/25/30/40/50/55/60);337;NICK JR.;HD;INFANTIL
PUERTO RICO;CORPORATIVO;HOTEL XTRA (10/15//20/25/30/40/50/55/60);338;VME;SD;NACIONAL
PUERTO RICO;CORPORATIVO;HOTEL XTRA (10/15//20/25/30/40/50/55/60);339;BABY FIRST TV;SD;INFANTIL
PUERTO RICO;CORPORATIVO;HOTEL XTRA (10/15//20/25/30/40/50/55/60);350;EWTN;SD;RELIGIOSO
PUERTO RICO;CORPORATIVO;HOTEL XTRA (10/15//20/25/30/40/50/55/60);352;ENLACE;SD;RELIGIOSO
PUERTO RICO;CORPORATIVO;HOTEL XTRA (10/15//20/25/30/40/50/55/60);354;CHRISTIAN TELEVISION NETWORK (CTN);SD;RELIGIOSO
PUERTO RICO;CORPORATIVO;HOTEL XTRA (10/15//20/25/30/40/50/55/60);511;AMC;HD;SERIES Y PELICULAS
PUERTO RICO;CORPORATIVO;HOTEL XTRA (10/15//20/25/30/40/50/55/60);514;CINE LATINO;SD;SERIES Y PELICULAS
PUERTO RICO;CORPORATIVO;HOTEL XTRA (10/15//20/25/30/40/50/55/60);516;DE PELÍCULA;SD;SERIES Y PELICULAS
PUERTO RICO;CORPORATIVO;HOTEL XTRA (10/15//20/25/30/40/50/55/60);517;LIFETIME;HD;SERIES Y PELICULAS
PUERTO RICO;CORPORATIVO;HOTEL XTRA (10/15//20/25/30/40/50/55/60);518;LIFETIME MOVIE NETWORK;HD;SERIES Y PELICULAS
PUERTO RICO;CORPORATIVO;HOTEL XTRA (10/15//20/25/30/40/50/55/60);520;HALLMARK;HD;SERIES Y PELICULAS
PUERTO RICO;CORPORATIVO;HOTEL XTRA (10/15//20/25/30/40/50/55/60);521;HALLMARK FAMILY;HD;SERIES Y PELICULAS
PUERTO RICO;CORPORATIVO;HOTEL XTRA (10/15//20/25/30/40/50/55/60);522;HALLMARK MYSTERY;HD;SERIES Y PELICULAS
PUERTO RICO;CORPORATIVO;HOTEL XTRA (10/15//20/25/30/40/50/55/60);645;ESPN;HD;DEPORTES
PUERTO RICO;CORPORATIVO;HOTEL XTRA (10/15//20/25/30/40/50/55/60);646;ESPN NEWS;HD;DEPORTES
PUERTO RICO;CORPORATIVO;HOTEL XTRA (10/15//20/25/30/40/50/55/60);648;ESPN 2;HD;DEPORTES
PUERTO RICO;CORPORATIVO;HOTEL XTRA (10/15//20/25/30/40/50/55/60);649;ESPN DEPORTES;HD;DEPORTES
PUERTO RICO;CORPORATIVO;HOTEL XTRA (10/15//20/25/30/40/50/55/60);651;FOX DEPORTES;SD;DEPORTES
PUERTO RICO;CORPORATIVO;HOTEL XTRA (10/15//20/25/30/40/50/55/60);652;THE TENNIS CHANNEL;HD;DEPORTES
PUERTO RICO;CORPORATIVO;HOTEL XTRA (10/15//20/25/30/40/50/55/60);653;NBA TV;HD;DEPORTES
PUERTO RICO;CORPORATIVO;HOTEL XTRA (10/15//20/25/30/40/50/55/60);654;THE GOLF CHANNEL;HD;DEPORTES
PUERTO RICO;CORPORATIVO;HOTEL XTRA (10/15//20/25/30/40/50/55/60);655;FOX SPORTS;HD;DEPORTES
PUERTO RICO;CORPORATIVO;HOTEL XTRA (10/15//20/25/30/40/50/55/60);656;MLB NETWORK;HD;DEPORTES
PUERTO RICO;CORPORATIVO;HOTEL XTRA (10/15//20/25/30/40/50/55/60);657;WAPA DEPORTES;HD;DEPORTES
PUERTO RICO;CORPORATIVO;HOTEL XTRA (10/15//20/25/30/40/50/55/60);659;RACER NETWORK;HD;DEPORTES
PUERTO RICO;CORPORATIVO;HOTEL XTRA (10/15//20/25/30/40/50/55/60);702;CNN;HD;NOTICIAS
PUERTO RICO;CORPORATIVO;HOTEL XTRA (10/15//20/25/30/40/50/55/60);704;CNN EN ESPAÑOL;SD;NOTICIAS
PUERTO RICO;CORPORATIVO;HOTEL XTRA (10/15//20/25/30/40/50/55/60);708;HEADLINE NEWS;HD;NOTICIAS
PUERTO RICO;CORPORATIVO;HOTEL XTRA (10/15//20/25/30/40/50/55/60);710;BLOOMBERG;HD;NOTICIAS
PUERTO RICO;CORPORATIVO;HOTEL XTRA (10/15//20/25/30/40/50/55/60);712;ACCUWEATHER;HD;NOTICIAS
PUERTO RICO;CORPORATIVO;HOTEL XTRA (10/15//20/25/30/40/50/55/60);714;ESTRELLA TV;SD;NACIONAL
PUERTO RICO;CORPORATIVO;HOTEL XTRA (10/15//20/25/30/40/50/55/60);720;C-SPAN2;SD;INFORMATIVO
PUERTO RICO;CORPORATIVO;HOTEL XTRA (10/15//20/25/30/40/50/55/60);730;NAT GEO MUNDO;SD;CIENCIA Y CULTURA
PUERTO RICO;CORPORATIVO;HOTEL XTRA (10/15//20/25/30/40/50/55/60);732;DISCOVERY EN ESPAÑOL;SD;CIENCIA Y CULTURA
PUERTO RICO;CORPORATIVO;HOTEL XTRA (10/15//20/25/30/40/50/55/60);734;ANIMAL PLANET LA;SD;CIENCIA Y CULTURA
PUERTO RICO;CORPORATIVO;HOTEL XTRA (10/15//20/25/30/40/50/55/60);735;ANIMAL PLANET US;HD;CIENCIA Y CULTURA
PUERTO RICO;CORPORATIVO;HOTEL XTRA (10/15//20/25/30/40/50/55/60);742;HISTORY ANDES;SD;CIENCIA Y CULTURA
PUERTO RICO;CORPORATIVO;HOTEL XTRA (10/15//20/25/30/40/50/55/60);744;FYI;HD;HOGAR Y VARIEDADES
PUERTO RICO;CORPORATIVO;HOTEL XTRA (10/15//20/25/30/40/50/55/60);745;SYFY;HD;SERIES Y PELICULAS
PUERTO RICO;CORPORATIVO;HOTEL XTRA (10/15//20/25/30/40/50/55/60);746;DISCOVERY TURBO;HD;HOGAR Y VARIEDADES
PUERTO RICO;CORPORATIVO;HOTEL XTRA (10/15//20/25/30/40/50/55/60);752;DISCOVERY US;HD;CIENCIA Y CULTURA
PUERTO RICO;CORPORATIVO;HOTEL XTRA (10/15//20/25/30/40/50/55/60);754;THE LEARNING CHANNEL;HD;HOGAR Y VARIEDADES
PUERTO RICO;CORPORATIVO;HOTEL XTRA (10/15//20/25/30/40/50/55/60);756;HISTORY US;HD;CIENCIA Y CULTURA
PUERTO RICO;CORPORATIVO;HOTEL XTRA (10/15//20/25/30/40/50/55/60);760;TVE;SD;NACIONAL
PUERTO RICO;CORPORATIVO;HOTEL XTRA (10/15//20/25/30/40/50/55/60);762;ANTENA 3;SD;NACIONAL
PUERTO RICO;CORPORATIVO;HOTEL XTRA (10/15//20/25/30/40/50/55/60);764;HITN;SD;EDUCATIVO
PUERTO RICO;CORPORATIVO;HOTEL XTRA (10/15//20/25/30/40/50/55/60);768;BBC AMERICA;HD;SERIES Y PELICULAS
PUERTO RICO;CORPORATIVO;HOTEL XTRA (10/15//20/25/30/40/50/55/60);901;MUSIC CHOICE ROCK HITS;AUDIO;AUDIO
PUERTO RICO;CORPORATIVO;HOTEL XTRA (10/15//20/25/30/40/50/55/60);902;MUSIC CHOICE ‘80S ROCK;AUDIO;AUDIO
PUERTO RICO;CORPORATIVO;HOTEL XTRA (10/15//20/25/30/40/50/55/60);903;MUSIC CHOICE JAZZ VOCAL HITS;AUDIO;AUDIO
PUERTO RICO;CORPORATIVO;HOTEL XTRA (10/15//20/25/30/40/50/55/60);904;MUSIC CHOICE COUNTRY HITS;AUDIO;AUDIO
PUERTO RICO;CORPORATIVO;HOTEL XTRA (10/15//20/25/30/40/50/55/60);905;MUSIC CHOICE NEW AGE;AUDIO;AUDIO
PUERTO RICO;CORPORATIVO;HOTEL XTRA (10/15//20/25/30/40/50/55/60);906;MUSIC CHOICE FUNK;AUDIO;AUDIO
PUERTO RICO;CORPORATIVO;HOTEL XTRA (10/15//20/25/30/40/50/55/60);907;MUSIC CHOICE '90S;AUDIO;AUDIO
PUERTO RICO;CORPORATIVO;HOTEL XTRA (10/15//20/25/30/40/50/55/60);908;MUSIC CHOICE BLUES;AUDIO;AUDIO
PUERTO RICO;CORPORATIVO;HOTEL XTRA (10/15//20/25/30/40/50/55/60);909;MUSIC CHOICE LOVE SONGS;AUDIO;AUDIO
PUERTO RICO;CORPORATIVO;HOTEL XTRA (10/15//20/25/30/40/50/55/60);910;MUSIC CHOICE MUSICA URBANA;AUDIO;AUDIO
PUERTO RICO;CORPORATIVO;HOTEL XTRA (10/15//20/25/30/40/50/55/60);911;MUSIC CHOICE R&B CLASSICS;AUDIO;AUDIO
PUERTO RICO;CORPORATIVO;HOTEL XTRA (10/15//20/25/30/40/50/55/60);912;MUSIC CHOICE LATIN JAZZ;AUDIO;AUDIO
PUERTO RICO;CORPORATIVO;HOTEL XTRA (10/15//20/25/30/40/50/55/60);913;MUSIC CHOICE SOFT ROCK;AUDIO;AUDIO
PUERTO RICO;CORPORATIVO;HOTEL XTRA (10/15//20/25/30/40/50/55/60);914;MUSIC CHOICE RAP;AUDIO;AUDIO
PUERTO RICO;CORPORATIVO;HOTEL XTRA (10/15//20/25/30/40/50/55/60);915;MUSIC CHOICE CLASSIC CHRISTMAS;AUDIO;AUDIO
PUERTO RICO;CORPORATIVO;HOTEL XTRA (10/15//20/25/30/40/50/55/60);916;MUSIC CHOICE WORKOUT;AUDIO;AUDIO
PUERTO RICO;CORPORATIVO;HOTEL XTRA (10/15//20/25/30/40/50/55/60);917;MUSIC CHOICE BROADWAY;AUDIO;AUDIO
PUERTO RICO;CORPORATIVO;HOTEL XTRA (10/15//20/25/30/40/50/55/60);918;MUSIC CHOICE ADULT ALTERNATIVE;AUDIO;AUDIO
PUERTO RICO;CORPORATIVO;HOTEL XTRA (10/15//20/25/30/40/50/55/60);919;MUSIC CHOICE POP HITS;AUDIO;AUDIO
PUERTO RICO;CORPORATIVO;HOTEL XTRA (10/15//20/25/30/40/50/55/60);920;MUSIC CHOICE NEW WAVE;AUDIO;AUDIO
PUERTO RICO;CORPORATIVO;HOTEL XTRA (10/15//20/25/30/40/50/55/60);921;MUSIC CHOICE '70S;AUDIO;AUDIO
PUERTO RICO;CORPORATIVO;HOTEL XTRA (10/15//20/25/30/40/50/55/60);922;MUSIC CHOICE KIDS ONLY!;AUDIO;AUDIO
PUERTO RICO;CORPORATIVO;HOTEL XTRA (10/15//20/25/30/40/50/55/60);923;MUSIC CHOICE '80S;AUDIO;AUDIO
PUERTO RICO;CORPORATIVO;HOTEL XTRA (10/15//20/25/30/40/50/55/60);924;MUSIC CHOICE ROCK LATINO;AUDIO;AUDIO
PUERTO RICO;CORPORATIVO;HOTEL XTRA (10/15//20/25/30/40/50/55/60);925;MUSIC CHOICE RETRO WORKOUT;AUDIO;AUDIO
PUERTO RICO;CORPORATIVO;HOTEL XTRA (10/15//20/25/30/40/50/55/60);926;MUSIC CHOICE CONTEMPORARY CHRISTIAN;AUDIO;AUDIO
PUERTO RICO;CORPORATIVO;HOTEL XTRA (10/15//20/25/30/40/50/55/60);927;MUSIC CHOICE REGGAE;AUDIO;AUDIO
PUERTO RICO;CORPORATIVO;HOTEL XTRA (10/15//20/25/30/40/50/55/60);928;MUSIC CHOICE ALTERNATIVE;AUDIO;AUDIO
PUERTO RICO;CORPORATIVO;HOTEL XTRA (10/15//20/25/30/40/50/55/60);929;MUSIC CHOICE POP & COUNTRY;AUDIO;AUDIO
PUERTO RICO;CORPORATIVO;HOTEL XTRA (10/15//20/25/30/40/50/55/60);930;MUSIC CHOICE POP LATINO;AUDIO;AUDIO
PUERTO RICO;CORPORATIVO;HOTEL XTRA (10/15//20/25/30/40/50/55/60);931;MUSIC CHOICE CLASSIC COUNTRY;AUDIO;AUDIO
PUERTO RICO;CORPORATIVO;HOTEL XTRA (10/15//20/25/30/40/50/55/60);932;MUSIC CHOICE BIG BAND;AUDIO;AUDIO
PUERTO RICO;CORPORATIVO;HOTEL XTRA (10/15//20/25/30/40/50/55/60);933;MUSIC CHOICE TODAY'S COUNTRY;AUDIO;AUDIO
PUERTO RICO;CORPORATIVO;HOTEL XTRA (10/15//20/25/30/40/50/55/60);934;MUSIC CHOICE HIT LIST;AUDIO;AUDIO
PUERTO RICO;CORPORATIVO;HOTEL XTRA (10/15//20/25/30/40/50/55/60);935;MUSIC CHOICE HIP-HOP AND R&B;AUDIO;AUDIO
PUERTO RICO;CORPORATIVO;HOTEL XTRA (10/15//20/25/30/40/50/55/60);936;MUSIC CHOICE TEEN BEATS;AUDIO;AUDIO
PUERTO RICO;CORPORATIVO;HOTEL XTRA (10/15//20/25/30/40/50/55/60);937;MUSIC CHOICE COFFEE SHOP CUTS;AUDIO;AUDIO
PUERTO RICO;CORPORATIVO;HOTEL XTRA (10/15//20/25/30/40/50/55/60);938;MUSIC CHOICE HONKY TONK;AUDIO;AUDIO
PUERTO RICO;CORPORATIVO;HOTEL XTRA (10/15//20/25/30/40/50/55/60);939;MUSIC CHOICE SOUNDSCAPES;AUDIO;AUDIO
PUERTO RICO;CORPORATIVO;HOTEL XTRA (10/15//20/25/30/40/50/55/60);940;MUSIC CHOICE LIGHT CLASSICAL;AUDIO;AUDIO
PUERTO RICO;CORPORATIVO;HOTEL XTRA (10/15//20/25/30/40/50/55/60);941;MUSIC CHOICE CLASSIC ALTERNATIVE;AUDIO;AUDIO
PUERTO RICO;CORPORATIVO;HOTEL XTRA (10/15//20/25/30/40/50/55/60);942;MUSIC CHOICE INDIE;AUDIO;AUDIO
PUERTO RICO;CORPORATIVO;HOTEL XTRA (10/15//20/25/30/40/50/55/60);943;MUSIC CHOICE MALT SHOP FAVORITES;AUDIO;AUDIO
PUERTO RICO;CORPORATIVO;HOTEL XTRA (10/15//20/25/30/40/50/55/60);944;MUSIC CHOICE SMOOTH JAZZ;AUDIO;AUDIO
PUERTO RICO;CORPORATIVO;HOTEL XTRA (10/15//20/25/30/40/50/55/60);945;MUSIC CHOICE CONTEMPORARY INSTRUMENTALS;AUDIO;AUDIO
PUERTO RICO;CORPORATIVO;HOTEL XTRA (10/15//20/25/30/40/50/55/60);946;MUSIC CHOICE HARD ROCK;AUDIO;AUDIO
PUERTO RICO;CORPORATIVO;HOTEL XTRA (10/15//20/25/30/40/50/55/60);947;MUSIC CHOICE THROWBACK JAMZ;AUDIO;AUDIO
PUERTO RICO;CORPORATIVO;HOTEL XTRA (10/15//20/25/30/40/50/55/60);948;MUSIC CHOICE CLASSIC ROCK;AUDIO;AUDIO
PUERTO RICO;CORPORATIVO;HOTEL XTRA (10/15//20/25/30/40/50/55/60);949;MUSIC CHOICE MOVIE SCORES;AUDIO;AUDIO
PUERTO RICO;CORPORATIVO;HOTEL XTRA (10/15//20/25/30/40/50/55/60);950;MUSIC CHOICE MAX;AUDIO;AUDIO
PUERTO RICO;CORPORATIVO;HOTEL XTRA (10/15//20/25/30/40/50/55/60);951;MUSIC CHOICE MAINSTREAM RAP;AUDIO;AUDIO
PUERTO RICO;CORPORATIVO;HOTEL XTRA (10/15//20/25/30/40/50/55/60);952;MUSIC CHOICE AMERICANA;AUDIO;AUDIO
PUERTO RICO;CORPORATIVO;HOTEL XTRA (10/15//20/25/30/40/50/55/60);953;MUSIC CHOICE SYMPHONY;AUDIO;AUDIO
PUERTO RICO;CORPORATIVO;HOTEL XTRA (10/15//20/25/30/40/50/55/60);954;MUSIC CHOICE DANCE/EDM;AUDIO;AUDIO
PUERTO RICO;CORPORATIVO;HOTEL XTRA (10/15//20/25/30/40/50/55/60);955;MUSIC CHOICE FOLK;AUDIO;AUDIO
PUERTO RICO;CORPORATIVO;HOTEL XTRA (10/15//20/25/30/40/50/55/60);956;MUSIC CHOICE CLASSIC DANCE;AUDIO;AUDIO
PUERTO RICO;CORPORATIVO;HOTEL XTRA (10/15//20/25/30/40/50/55/60);957;MUSIC CHOICE GOSPEL HALLELUJAH;AUDIO;AUDIO
PUERTO RICO;CORPORATIVO;HOTEL XTRA (10/15//20/25/30/40/50/55/60);958;MUSIC CHOICE TROPICALES;AUDIO;AUDIO
PUERTO RICO;CORPORATIVO;HOTEL XTRA (10/15//20/25/30/40/50/55/60);959;MUSIC CHOICE METAL;AUDIO;AUDIO
PUERTO RICO;CORPORATIVO;HOTEL XTRA (10/15//20/25/30/40/50/55/60);960;MUSIC CHOICE TODDLER TUNES;AUDIO;AUDIO
PUERTO RICO;CORPORATIVO;HOTEL XTRA (10/15//20/25/30/40/50/55/60);961;MUSIC CHOICE Y2K;AUDIO;AUDIO
PUERTO RICO;CORPORATIVO;HOTEL XTRA (10/15//20/25/30/40/50/55/60);962;MUSIC CHOICE BLUEGRASS;AUDIO;AUDIO
PUERTO RICO;CORPORATIVO;HOTEL XTRA (10/15//20/25/30/40/50/55/60);963;MUSIC CHOICE VIETNAMESE;AUDIO;AUDIO
PUERTO RICO;CORPORATIVO;HOTEL XTRA (10/15//20/25/30/40/50/55/60);964;MUSIC CHOICE GOSPEL;AUDIO;AUDIO
PUERTO RICO;CORPORATIVO;HOTEL XTRA (10/15//20/25/30/40/50/55/60);965;MUSIC CHOICE '60S MOVEMENT;AUDIO;AUDIO
PUERTO RICO;CORPORATIVO;HOTEL XTRA (10/15//20/25/30/40/50/55/60);966;MUSIC CHOICE FILIPINO;AUDIO;AUDIO
PUERTO RICO;CORPORATIVO;HOTEL XTRA (10/15//20/25/30/40/50/55/60);967;MUSIC CHOICE SOUNDS OF THE SEASON;AUDIO;AUDIO
PUERTO RICO;CORPORATIVO;HOTEL XTRA (10/15//20/25/30/40/50/55/60);921-1;MUSIC CHOICE '70S ULTRA;AUDIO;AUDIO
PUERTO RICO;CORPORATIVO;HOTEL XTRA (10/15//20/25/30/40/50/55/60);923-1;MUSIC CHOICE '80S ULTRA;AUDIO;AUDIO
PUERTO RICO;CORPORATIVO;HOTEL XTRA (10/15//20/25/30/40/50/55/60);931-1;MUSIC CHOICE COUNTRY CLASSIC ULTRA;AUDIO;AUDIO
PUERTO RICO;CORPORATIVO;HOTEL XTRA (10/15//20/25/30/40/50/55/60);933-1;MUSIC CHOICE TODAY'S COUNTRY ULTRA;AUDIO;AUDIO
PUERTO RICO;CORPORATIVO;HOTEL XTRA (10/15//20/25/30/40/50/55/60);939-1;MUSIC CHOICE SOUNDSCAPES ULTRA;AUDIO;AUDIO
PUERTO RICO;CORPORATIVO;HOTEL XTRA (10/15//20/25/30/40/50/55/60);967-1;MUSIC CHOICE CLASSIC ROCK ULTRA;AUDIO;AUDIO
PUERTO RICO;CORPORATIVO;ST HOTEL CINEMAX;571;CINEMAX;HD;SERIES Y PELICULAS
PUERTO RICO;CORPORATIVO;ST HOTEL CINEMAX;572;CINEMAX HITS;HD;SERIES Y PELICULAS
PUERTO RICO;CORPORATIVO;ST HOTEL CINEMAX;574;CINEMAX ACTION;HD;SERIES Y PELICULAS
PUERTO RICO;CORPORATIVO;ST HOTEL HBO;564;HBO;HD;SERIES Y PELICULAS
PUERTO RICO;CORPORATIVO;ST HOTEL HBO;565;HBO HITS;HD;SERIES Y PELICULAS
PUERTO RICO;CORPORATIVO;ST HOTEL HBO;566;HBO MOVIES;HD;SERIES Y PELICULAS
PUERTO RICO;CORPORATIVO;ST HOTEL HBO;567;HBO DRAMA;HD;SERIES Y PELICULAS
PUERTO RICO;CORPORATIVO;ST HOTEL HBO;569;HBO COMEDY;HD;SERIES Y PELICULAS
PUERTO RICO;CORPORATIVO;ST HOTEL HBO;570;HBO LATINO;HD;SERIES Y PELICULAS
PUERTO RICO;CORPORATIVO;ST HOTEL PARAMOUNT+;577;PARAMOUNT;HD;SERIES Y PELICULAS
PUERTO RICO;CORPORATIVO;ST HOTEL PARAMOUNT+;578;SHOWTIME 2;HD;SERIES Y PELICULAS
PUERTO RICO;CORPORATIVO;ST HOTEL PARAMOUNT+;579;SHO*BET;HD;SERIES Y PELICULAS
PUERTO RICO;CORPORATIVO;ST HOTEL PARAMOUNT+;580;SHOWCASE;HD;SERIES Y PELICULAS
PUERTO RICO;CORPORATIVO;ST HOTEL PARAMOUNT+;581;SHOWTIME EXTREME;HD;SERIES Y PELICULAS
PUERTO RICO;CORPORATIVO;ST HOTEL PARAMOUNT+;582;THE MOVIE CHANNEL;SD;SERIES Y PELICULAS
PUERTO RICO;CORPORATIVO;ST HOTEL STARZ;585;STARZ;HD;SERIES Y PELICULAS
PUERTO RICO;CORPORATIVO;ST HOTEL STARZ;586;STARZ KIDS & FAMILY;HD;INFANTIL
PUERTO RICO;CORPORATIVO;ST HOTEL STARZ;587;STARZ CINEMA;HD;SERIES Y PELICULAS
PUERTO RICO;CORPORATIVO;ST HOTEL STARZ;588;ENCORE ACTION;SD;SERIES Y PELICULAS
PUERTO RICO;CORPORATIVO;ST HOTEL STARZ;589;ENCORE;HD;SERIES Y PELICULAS
PUERTO RICO;CORPORATIVO;ST HOTEL STARZ;590;ENCORE FAMILY;SD;SERIES Y PELICULAS
PUERTO RICO;POSPAGO;CHOICE PR;162;TELEMUNDO PR;HD;NACIONAL
PUERTO RICO;POSPAGO;CHOICE PR;164;WAPA TV;HD;NACIONAL
PUERTO RICO;POSPAGO;CHOICE PR;166;WIPR;SD;NACIONAL
PUERTO RICO;POSPAGO;CHOICE PR;167;UNIVISION;SD;NACIONAL
PUERTO RICO;POSPAGO;CHOICE PR;168;TELEONCE;HD;NACIONAL
PUERTO RICO;POSPAGO;CHOICE PR;169;DAYSTAR ESPAÑOL;SD;RELIGIOSO
PUERTO RICO;POSPAGO;CHOICE PR;170;FOX PR;HD;NACIONAL
PUERTO RICO;POSPAGO;CHOICE PR;172;ABC5 PR;HD;NACIONAL
PUERTO RICO;POSPAGO;CHOICE PR;174;CBS PR;HD;NACIONAL
PUERTO RICO;POSPAGO;CHOICE PR;176;NBC PR;HD;NACIONAL
PUERTO RICO;POSPAGO;CHOICE PR;179;PUNTO 2;HD;NACIONAL
PUERTO RICO;POSPAGO;CHOICE PR;181;TV DOMINICANA;SD;NACIONAL
PUERTO RICO;POSPAGO;CHOICE PR;182;TV CHILE;SD;NACIONAL
PUERTO RICO;POSPAGO;CHOICE PR;183;TELEORO;SD;NACIONAL
PUERTO RICO;POSPAGO;CHOICE PR;185;TELECINCO;SD;NACIONAL
PUERTO RICO;POSPAGO;CHOICE PR;188;QVC;HD;HOGAR Y VARIEDADES
PUERTO RICO;POSPAGO;CHOICE PR;189;QVC 2;SD;HOGAR Y VARIEDADES
PUERTO RICO;POSPAGO;CHOICE PR;190;HOME SHOPPING NETWORK;HD;HOGAR Y VARIEDADES
PUERTO RICO;POSPAGO;CHOICE PR;191;HOME SHOPPING NETWORK 2;SD;HOGAR Y VARIEDADES
PUERTO RICO;POSPAGO;CHOICE PR;220;BRAVO TV;HD;HOGAR Y VARIEDADES
PUERTO RICO;POSPAGO;CHOICE PR;222;E! US HD;HD;HOGAR Y VARIEDADES
PUERTO RICO;POSPAGO;CHOICE PR;225;PASIONES;SD;TELENOVELAS
PUERTO RICO;POSPAGO;CHOICE PR;226;QVC;HD;HOGAR Y VARIEDADES
PUERTO RICO;POSPAGO;CHOICE PR;227;HOME SHOPPING NETWORK;HD;HOGAR Y VARIEDADES
PUERTO RICO;POSPAGO;CHOICE PR;228;FOOD NETWORK;HD;GASTRONÓMICO
PUERTO RICO;POSPAGO;CHOICE PR;229;BLOSSOM;SD;HOGAR Y VARIEDADES
PUERTO RICO;POSPAGO;CHOICE PR;230;BET;SD;HOGAR Y VARIEDADES
PUERTO RICO;POSPAGO;CHOICE PR;242;FX HD;HD;SERIES Y PELICULAS
PUERTO RICO;POSPAGO;CHOICE PR;244;TNT;HD;SERIES Y PELICULAS
PUERTO RICO;POSPAGO;CHOICE PR;246;USA;HD;SERIES Y PELICULAS
PUERTO RICO;POSPAGO;CHOICE PR;248;TBS;HD;SERIES Y PELICULAS
PUERTO RICO;POSPAGO;CHOICE PR;249;TL NOVELAS;SD;TELENOVELAS
PUERTO RICO;POSPAGO;CHOICE PR;250;HGTV;HD;HOGAR Y VARIEDADES
PUERTO RICO;POSPAGO;CHOICE PR;252;FREEFORM;HD;SERIES Y PELICULAS
PUERTO RICO;POSPAGO;CHOICE PR;254;PARAMOUNT;HD;SERIES Y PELICULAS
PUERTO RICO;POSPAGO;CHOICE PR;256;A&E;HD;SERIES Y PELICULAS
PUERTO RICO;POSPAGO;CHOICE PR;260;MTV;HD;MUSICAL
PUERTO RICO;POSPAGO;CHOICE PR;261;MTV 2;HD;MUSICAL
PUERTO RICO;POSPAGO;CHOICE PR;262;VH1;HD;MUSICAL
PUERTO RICO;POSPAGO;CHOICE PR;263;COMEDY CENTRAL;HD;SERIES Y PELICULAS
PUERTO RICO;POSPAGO;CHOICE PR;264;VICE;SD;INFORMATIVO
PUERTO RICO;POSPAGO;CHOICE PR;268;SO YUMMY!;SD;GASTRONÓMICO
PUERTO RICO;POSPAGO;CHOICE PR;320;CARTOON NETWORK;HD;INFANTIL
PUERTO RICO;POSPAGO;CHOICE PR;322;NICKELODEON;HD;INFANTIL
PUERTO RICO;POSPAGO;CHOICE PR;324;DISNEY CHANNEL;HD;INFANTIL
PUERTO RICO;POSPAGO;CHOICE PR;326;DISNEY XD;HD;INFANTIL
PUERTO RICO;POSPAGO;CHOICE PR;330;DISCOVERY KIDS LA;SD;INFANTIL
PUERTO RICO;POSPAGO;CHOICE PR;332;LOOLOO KIDS;SD;INFANTIL
PUERTO RICO;POSPAGO;CHOICE PR;336;BOOMERANG;SD;INFANTIL
PUERTO RICO;POSPAGO;CHOICE PR;337;NICK JR.;HD;INFANTIL
PUERTO RICO;POSPAGO;CHOICE PR;338;VME;SD;NACIONAL
PUERTO RICO;POSPAGO;CHOICE PR;339;BABY FIRST TV;SD;INFANTIL
PUERTO RICO;POSPAGO;CHOICE PR;350;EWTN;SD;RELIGIOSO
PUERTO RICO;POSPAGO;CHOICE PR;352;ENLACE;SD;RELIGIOSO
PUERTO RICO;POSPAGO;CHOICE PR;354;CHRISTIAN TELEVISION NETWORK (CTN);SD;RELIGIOSO
PUERTO RICO;POSPAGO;CHOICE PR;511;AMC;HD;SERIES Y PELICULAS
PUERTO RICO;POSPAGO;CHOICE PR;516;DE PELÍCULA;SD;SERIES Y PELICULAS
PUERTO RICO;POSPAGO;CHOICE PR;517;LIFETIME;HD;SERIES Y PELICULAS
PUERTO RICO;POSPAGO;CHOICE PR;520;HALLMARK;HD;SERIES Y PELICULAS
PUERTO RICO;POSPAGO;CHOICE PR;521;HALLMARK FAMILY;HD;SERIES Y PELICULAS
PUERTO RICO;POSPAGO;CHOICE PR;522;HALLMARK MYSTERY;HD;SERIES Y PELICULAS
PUERTO RICO;POSPAGO;CHOICE PR;645;ESPN;HD;DEPORTES
PUERTO RICO;POSPAGO;CHOICE PR;646;ESPN NEWS;HD;DEPORTES
PUERTO RICO;POSPAGO;CHOICE PR;648;ESPN 2;HD;DEPORTES
PUERTO RICO;POSPAGO;CHOICE PR;649;ESPN DEPORTES;HD;DEPORTES
PUERTO RICO;POSPAGO;CHOICE PR;651;FOX DEPORTES;SD;DEPORTES
PUERTO RICO;POSPAGO;CHOICE PR;653;NBA TV;HD;DEPORTES
PUERTO RICO;POSPAGO;CHOICE PR;655;FOX SPORTS;HD;DEPORTES
PUERTO RICO;POSPAGO;CHOICE PR;656;MLB NETWORK;HD;DEPORTES
PUERTO RICO;POSPAGO;CHOICE PR;657;WAPA DEPORTES;HD;DEPORTES
PUERTO RICO;POSPAGO;CHOICE PR;659;RACER NETWORK;HD;DEPORTES
PUERTO RICO;POSPAGO;CHOICE PR;702;CNN;HD;NOTICIAS
PUERTO RICO;POSPAGO;CHOICE PR;704;CNN EN ESPAÑOL;SD;NOTICIAS
PUERTO RICO;POSPAGO;CHOICE PR;708;HEADLINE NEWS;HD;NOTICIAS
PUERTO RICO;POSPAGO;CHOICE PR;712;ACCUWEATHER;HD;NOTICIAS
PUERTO RICO;POSPAGO;CHOICE PR;714;ESTRELLA TV;SD;NACIONAL
PUERTO RICO;POSPAGO;CHOICE PR;720;C-SPAN2;SD;INFORMATIVO
PUERTO RICO;POSPAGO;CHOICE PR;730;NAT GEO MUNDO;SD;CIENCIA Y CULTURA
PUERTO RICO;POSPAGO;CHOICE PR;732;DISCOVERY EN ESPAÑOL;SD;CIENCIA Y CULTURA
PUERTO RICO;POSPAGO;CHOICE PR;734;ANIMAL PLANET LA;SD;CIENCIA Y CULTURA
PUERTO RICO;POSPAGO;CHOICE PR;735;ANIMAL PLANET US;HD;CIENCIA Y CULTURA
PUERTO RICO;POSPAGO;CHOICE PR;742;HISTORY ANDES;SD;CIENCIA Y CULTURA
PUERTO RICO;POSPAGO;CHOICE PR;744;FYI;HD;HOGAR Y VARIEDADES
PUERTO RICO;POSPAGO;CHOICE PR;745;SYFY;HD;SERIES Y PELICULAS
PUERTO RICO;POSPAGO;CHOICE PR;746;DISCOVERY TURBO;HD;HOGAR Y VARIEDADES
PUERTO RICO;POSPAGO;CHOICE PR;752;DISCOVERY US;HD;CIENCIA Y CULTURA
PUERTO RICO;POSPAGO;CHOICE PR;754;THE LEARNING CHANNEL;HD;HOGAR Y VARIEDADES
PUERTO RICO;POSPAGO;CHOICE PR;756;HISTORY US;HD;CIENCIA Y CULTURA
PUERTO RICO;POSPAGO;CHOICE PR;760;TVE;SD;NACIONAL
PUERTO RICO;POSPAGO;CHOICE PR;764;HITN;SD;EDUCATIVO
PUERTO RICO;POSPAGO;CHOICE PR;901;MUSIC CHOICE ROCK HITS;AUDIO;AUDIO
PUERTO RICO;POSPAGO;CHOICE PR;902;MUSIC CHOICE ‘80S ROCK;AUDIO;AUDIO
PUERTO RICO;POSPAGO;CHOICE PR;903;MUSIC CHOICE JAZZ VOCAL HITS;AUDIO;AUDIO
PUERTO RICO;POSPAGO;CHOICE PR;904;MUSIC CHOICE COUNTRY HITS;AUDIO;AUDIO
PUERTO RICO;POSPAGO;CHOICE PR;905;MUSIC CHOICE NEW AGE;AUDIO;AUDIO
PUERTO RICO;POSPAGO;CHOICE PR;906;MUSIC CHOICE FUNK;AUDIO;AUDIO
PUERTO RICO;POSPAGO;CHOICE PR;907;MUSIC CHOICE '90S;AUDIO;AUDIO
PUERTO RICO;POSPAGO;CHOICE PR;908;MUSIC CHOICE BLUES;AUDIO;AUDIO
PUERTO RICO;POSPAGO;CHOICE PR;909;MUSIC CHOICE LOVE SONGS;AUDIO;AUDIO
PUERTO RICO;POSPAGO;CHOICE PR;910;MUSIC CHOICE MUSICA URBANA;AUDIO;AUDIO
PUERTO RICO;POSPAGO;CHOICE PR;911;MUSIC CHOICE R&B CLASSICS;AUDIO;AUDIO
PUERTO RICO;POSPAGO;CHOICE PR;912;MUSIC CHOICE LATIN JAZZ;AUDIO;AUDIO
PUERTO RICO;POSPAGO;CHOICE PR;913;MUSIC CHOICE SOFT ROCK;AUDIO;AUDIO
PUERTO RICO;POSPAGO;CHOICE PR;914;MUSIC CHOICE RAP;AUDIO;AUDIO
PUERTO RICO;POSPAGO;CHOICE PR;915;MUSIC CHOICE CLASSIC CHRISTMAS;AUDIO;AUDIO
PUERTO RICO;POSPAGO;CHOICE PR;916;MUSIC CHOICE WORKOUT;AUDIO;AUDIO
PUERTO RICO;POSPAGO;CHOICE PR;917;MUSIC CHOICE BROADWAY;AUDIO;AUDIO
PUERTO RICO;POSPAGO;CHOICE PR;918;MUSIC CHOICE ADULT ALTERNATIVE;AUDIO;AUDIO
PUERTO RICO;POSPAGO;CHOICE PR;919;MUSIC CHOICE POP HITS;AUDIO;AUDIO
PUERTO RICO;POSPAGO;CHOICE PR;920;MUSIC CHOICE NEW WAVE;AUDIO;AUDIO
PUERTO RICO;POSPAGO;CHOICE PR;921;MUSIC CHOICE '70S;AUDIO;AUDIO
PUERTO RICO;POSPAGO;CHOICE PR;922;MUSIC CHOICE KIDS ONLY!;AUDIO;AUDIO
PUERTO RICO;POSPAGO;CHOICE PR;923;MUSIC CHOICE '80S;AUDIO;AUDIO
PUERTO RICO;POSPAGO;CHOICE PR;924;MUSIC CHOICE ROCK LATINO;AUDIO;AUDIO
PUERTO RICO;POSPAGO;CHOICE PR;925;MUSIC CHOICE RETRO WORKOUT;AUDIO;AUDIO
PUERTO RICO;POSPAGO;CHOICE PR;926;MUSIC CHOICE CONTEMPORARY CHRISTIAN;AUDIO;AUDIO
PUERTO RICO;POSPAGO;CHOICE PR;927;MUSIC CHOICE REGGAE;AUDIO;AUDIO
PUERTO RICO;POSPAGO;CHOICE PR;928;MUSIC CHOICE ALTERNATIVE;AUDIO;AUDIO
PUERTO RICO;POSPAGO;CHOICE PR;929;MUSIC CHOICE POP & COUNTRY;AUDIO;AUDIO
PUERTO RICO;POSPAGO;CHOICE PR;930;MUSIC CHOICE POP LATINO;AUDIO;AUDIO
PUERTO RICO;POSPAGO;CHOICE PR;931;MUSIC CHOICE CLASSIC COUNTRY;AUDIO;AUDIO
PUERTO RICO;POSPAGO;CHOICE PR;932;MUSIC CHOICE BIG BAND;AUDIO;AUDIO
PUERTO RICO;POSPAGO;CHOICE PR;933;MUSIC CHOICE TODAY'S COUNTRY;AUDIO;AUDIO
PUERTO RICO;POSPAGO;CHOICE PR;934;MUSIC CHOICE HIT LIST;AUDIO;AUDIO
PUERTO RICO;POSPAGO;CHOICE PR;935;MUSIC CHOICE HIP-HOP AND R&B;AUDIO;AUDIO
PUERTO RICO;POSPAGO;CHOICE PR;936;MUSIC CHOICE TEEN BEATS;AUDIO;AUDIO
PUERTO RICO;POSPAGO;CHOICE PR;937;MUSIC CHOICE COFFEE SHOP CUTS;AUDIO;AUDIO
PUERTO RICO;POSPAGO;CHOICE PR;938;MUSIC CHOICE HONKY TONK;AUDIO;AUDIO
PUERTO RICO;POSPAGO;CHOICE PR;939;MUSIC CHOICE SOUNDSCAPES;AUDIO;AUDIO
PUERTO RICO;POSPAGO;CHOICE PR;940;MUSIC CHOICE LIGHT CLASSICAL;AUDIO;AUDIO
PUERTO RICO;POSPAGO;CHOICE PR;941;MUSIC CHOICE CLASSIC ALTERNATIVE;AUDIO;AUDIO
PUERTO RICO;POSPAGO;CHOICE PR;942;MUSIC CHOICE INDIE;AUDIO;AUDIO
PUERTO RICO;POSPAGO;CHOICE PR;943;MUSIC CHOICE MALT SHOP FAVORITES;AUDIO;AUDIO
PUERTO RICO;POSPAGO;CHOICE PR;944;MUSIC CHOICE SMOOTH JAZZ;AUDIO;AUDIO
PUERTO RICO;POSPAGO;CHOICE PR;945;MUSIC CHOICE CONTEMPORARY INSTRUMENTALS;AUDIO;AUDIO
PUERTO RICO;POSPAGO;CHOICE PR;946;MUSIC CHOICE HARD ROCK;AUDIO;AUDIO
PUERTO RICO;POSPAGO;CHOICE PR;947;MUSIC CHOICE THROWBACK JAMZ;AUDIO;AUDIO
PUERTO RICO;POSPAGO;CHOICE PR;948;MUSIC CHOICE CLASSIC ROCK;AUDIO;AUDIO
PUERTO RICO;POSPAGO;CHOICE PR;949;MUSIC CHOICE MOVIE SCORES;AUDIO;AUDIO
PUERTO RICO;POSPAGO;CHOICE PR;950;MUSIC CHOICE MAX;AUDIO;AUDIO
PUERTO RICO;POSPAGO;CHOICE PR;951;MUSIC CHOICE MAINSTREAM RAP;AUDIO;AUDIO
PUERTO RICO;POSPAGO;CHOICE PR;952;MUSIC CHOICE AMERICANA;AUDIO;AUDIO
PUERTO RICO;POSPAGO;CHOICE PR;953;MUSIC CHOICE SYMPHONY;AUDIO;AUDIO
PUERTO RICO;POSPAGO;CHOICE PR;954;MUSIC CHOICE DANCE/EDM;AUDIO;AUDIO
PUERTO RICO;POSPAGO;CHOICE PR;955;MUSIC CHOICE FOLK;AUDIO;AUDIO
PUERTO RICO;POSPAGO;CHOICE PR;956;MUSIC CHOICE CLASSIC DANCE;AUDIO;AUDIO
PUERTO RICO;POSPAGO;CHOICE PR;957;MUSIC CHOICE GOSPEL HALLELUJAH;AUDIO;AUDIO
PUERTO RICO;POSPAGO;CHOICE PR;958;MUSIC CHOICE TROPICALES;AUDIO;AUDIO
PUERTO RICO;POSPAGO;CHOICE PR;959;MUSIC CHOICE METAL;AUDIO;AUDIO
PUERTO RICO;POSPAGO;CHOICE PR;960;MUSIC CHOICE TODDLER TUNES;AUDIO;AUDIO
PUERTO RICO;POSPAGO;CHOICE PR;961;MUSIC CHOICE Y2K;AUDIO;AUDIO
PUERTO RICO;POSPAGO;CHOICE PR;962;MUSIC CHOICE BLUEGRASS;AUDIO;AUDIO
PUERTO RICO;POSPAGO;CHOICE PR;963;MUSIC CHOICE VIETNAMESE;AUDIO;AUDIO
PUERTO RICO;POSPAGO;CHOICE PR;964;MUSIC CHOICE GOSPEL;AUDIO;AUDIO
PUERTO RICO;POSPAGO;CHOICE PR;965;MUSIC CHOICE '60S MOVEMENT;AUDIO;AUDIO
PUERTO RICO;POSPAGO;CHOICE PR;966;MUSIC CHOICE FILIPINO;AUDIO;AUDIO
PUERTO RICO;POSPAGO;CHOICE PR;967;MUSIC CHOICE SOUNDS OF THE SEASON;AUDIO;AUDIO
PUERTO RICO;POSPAGO;CHOICE PR;921-1;MUSIC CHOICE '70S ULTRA;AUDIO;AUDIO
PUERTO RICO;POSPAGO;CHOICE PR;923-1;MUSIC CHOICE '80S ULTRA;AUDIO;AUDIO
PUERTO RICO;POSPAGO;CHOICE PR;931-1;MUSIC CHOICE COUNTRY CLASSIC ULTRA;AUDIO;AUDIO
PUERTO RICO;POSPAGO;CHOICE PR;933-1;MUSIC CHOICE TODAY'S COUNTRY ULTRA;AUDIO;AUDIO
PUERTO RICO;POSPAGO;CHOICE PR;939-1;MUSIC CHOICE SOUNDSCAPES ULTRA;AUDIO;AUDIO
PUERTO RICO;POSPAGO;CHOICE PR;967-1;MUSIC CHOICE CLASSIC ROCK ULTRA;AUDIO;AUDIO
PUERTO RICO;POSPAGO;CINEMAX PACK ST;571;CINEMAX;HD;SERIES Y PELICULAS
PUERTO RICO;POSPAGO;CINEMAX PACK ST;572;CINEMAX HITS;HD;SERIES Y PELICULAS
PUERTO RICO;POSPAGO;CINEMAX PACK ST;574;CINEMAX ACTION;HD;SERIES Y PELICULAS
PUERTO RICO;POSPAGO;DEMO;162;TELEMUNDO PR;HD;NACIONAL
PUERTO RICO;POSPAGO;DEMO;164;WAPA TV;HD;NACIONAL
PUERTO RICO;POSPAGO;DEMO;166;WIPR;SD;NACIONAL
PUERTO RICO;POSPAGO;DEMO;167;UNIVISION;SD;NACIONAL
PUERTO RICO;POSPAGO;DEMO;168;TELEONCE;HD;NACIONAL
PUERTO RICO;POSPAGO;DEMO;169;DAYSTAR ESPAÑOL;SD;RELIGIOSO
PUERTO RICO;POSPAGO;DEMO;170;FOX PR;HD;NACIONAL
PUERTO RICO;POSPAGO;DEMO;172;ABC5 PR;HD;NACIONAL
PUERTO RICO;POSPAGO;DEMO;174;CBS PR;HD;NACIONAL
PUERTO RICO;POSPAGO;DEMO;176;NBC PR;HD;NACIONAL
PUERTO RICO;POSPAGO;DEMO;179;PUNTO 2;HD;NACIONAL
PUERTO RICO;POSPAGO;DEMO;181;TV DOMINICANA;SD;NACIONAL
PUERTO RICO;POSPAGO;DEMO;182;TV CHILE;SD;NACIONAL
PUERTO RICO;POSPAGO;DEMO;183;TELEORO;SD;NACIONAL
PUERTO RICO;POSPAGO;DEMO;185;TELECINCO;SD;NACIONAL
PUERTO RICO;POSPAGO;DEMO;188;QVC;HD;HOGAR Y VARIEDADES
PUERTO RICO;POSPAGO;DEMO;189;QVC 2;SD;HOGAR Y VARIEDADES
PUERTO RICO;POSPAGO;DEMO;190;HOME SHOPPING NETWORK;HD;HOGAR Y VARIEDADES
PUERTO RICO;POSPAGO;DEMO;191;HOME SHOPPING NETWORK 2;SD;HOGAR Y VARIEDADES
PUERTO RICO;POSPAGO;DEMO;220;BRAVO TV;HD;HOGAR Y VARIEDADES
PUERTO RICO;POSPAGO;DEMO;221;¡HOLA! TV;SD;HOGAR Y VARIEDADES
PUERTO RICO;POSPAGO;DEMO;222;E! US HD;HD;HOGAR Y VARIEDADES
PUERTO RICO;POSPAGO;DEMO;225;PASIONES;SD;TELENOVELAS
PUERTO RICO;POSPAGO;DEMO;226;QVC;HD;HOGAR Y VARIEDADES
PUERTO RICO;POSPAGO;DEMO;227;HOME SHOPPING NETWORK;HD;HOGAR Y VARIEDADES
PUERTO RICO;POSPAGO;DEMO;228;FOOD NETWORK;HD;GASTRONÓMICO
PUERTO RICO;POSPAGO;DEMO;229;BLOSSOM;SD;HOGAR Y VARIEDADES
PUERTO RICO;POSPAGO;DEMO;230;BET;SD;HOGAR Y VARIEDADES
PUERTO RICO;POSPAGO;DEMO;242;FX HD;HD;SERIES Y PELICULAS
PUERTO RICO;POSPAGO;DEMO;244;TNT;HD;SERIES Y PELICULAS
PUERTO RICO;POSPAGO;DEMO;246;USA;HD;SERIES Y PELICULAS
PUERTO RICO;POSPAGO;DEMO;248;TBS;HD;SERIES Y PELICULAS
PUERTO RICO;POSPAGO;DEMO;249;TL NOVELAS;SD;TELENOVELAS
PUERTO RICO;POSPAGO;DEMO;250;HGTV;HD;HOGAR Y VARIEDADES
PUERTO RICO;POSPAGO;DEMO;252;FREEFORM;HD;SERIES Y PELICULAS
PUERTO RICO;POSPAGO;DEMO;254;PARAMOUNT;HD;SERIES Y PELICULAS
PUERTO RICO;POSPAGO;DEMO;256;A&E;HD;SERIES Y PELICULAS
PUERTO RICO;POSPAGO;DEMO;260;MTV;HD;MUSICAL
PUERTO RICO;POSPAGO;DEMO;261;MTV 2;HD;MUSICAL
PUERTO RICO;POSPAGO;DEMO;262;VH1;HD;MUSICAL
PUERTO RICO;POSPAGO;DEMO;263;COMEDY CENTRAL;HD;SERIES Y PELICULAS
PUERTO RICO;POSPAGO;DEMO;264;VICE;SD;INFORMATIVO
PUERTO RICO;POSPAGO;DEMO;267;COOKING CHANNEL;HD;GASTRONÓMICO
PUERTO RICO;POSPAGO;DEMO;268;SO YUMMY!;SD;GASTRONÓMICO
PUERTO RICO;POSPAGO;DEMO;320;CARTOON NETWORK;HD;INFANTIL
PUERTO RICO;POSPAGO;DEMO;322;NICKELODEON;HD;INFANTIL
PUERTO RICO;POSPAGO;DEMO;324;DISNEY CHANNEL;HD;INFANTIL
PUERTO RICO;POSPAGO;DEMO;326;DISNEY XD;HD;INFANTIL
PUERTO RICO;POSPAGO;DEMO;330;DISCOVERY KIDS LA;SD;INFANTIL
PUERTO RICO;POSPAGO;DEMO;332;LOOLOO KIDS;SD;INFANTIL
PUERTO RICO;POSPAGO;DEMO;336;BOOMERANG;SD;INFANTIL
PUERTO RICO;POSPAGO;DEMO;337;NICK JR.;HD;INFANTIL
PUERTO RICO;POSPAGO;DEMO;338;VME;SD;NACIONAL
PUERTO RICO;POSPAGO;DEMO;339;BABY FIRST TV;SD;INFANTIL
PUERTO RICO;POSPAGO;DEMO;350;EWTN;SD;RELIGIOSO
PUERTO RICO;POSPAGO;DEMO;352;ENLACE;SD;RELIGIOSO
PUERTO RICO;POSPAGO;DEMO;354;CHRISTIAN TELEVISION NETWORK (CTN);SD;RELIGIOSO
PUERTO RICO;POSPAGO;DEMO;511;AMC;HD;SERIES Y PELICULAS
PUERTO RICO;POSPAGO;DEMO;514;CINE LATINO;SD;SERIES Y PELICULAS
PUERTO RICO;POSPAGO;DEMO;516;DE PELÍCULA;SD;SERIES Y PELICULAS
PUERTO RICO;POSPAGO;DEMO;517;LIFETIME;HD;SERIES Y PELICULAS
PUERTO RICO;POSPAGO;DEMO;518;LIFETIME MOVIE NETWORK;HD;SERIES Y PELICULAS
PUERTO RICO;POSPAGO;DEMO;520;HALLMARK;HD;SERIES Y PELICULAS
PUERTO RICO;POSPAGO;DEMO;521;HALLMARK FAMILY;HD;SERIES Y PELICULAS
PUERTO RICO;POSPAGO;DEMO;522;HALLMARK MYSTERY;HD;SERIES Y PELICULAS
PUERTO RICO;POSPAGO;DEMO;550;MGM+;HD;SERIES Y PELICULAS
PUERTO RICO;POSPAGO;DEMO;551;MGM+ HITS;HD;SERIES Y PELICULAS
PUERTO RICO;POSPAGO;DEMO;552;MGM+ MARQUEE;HD;SERIES Y PELICULAS
PUERTO RICO;POSPAGO;DEMO;564;HBO;HD;SERIES Y PELICULAS
PUERTO RICO;POSPAGO;DEMO;565;HBO HITS;HD;SERIES Y PELICULAS
PUERTO RICO;POSPAGO;DEMO;566;HBO MOVIES;HD;SERIES Y PELICULAS
PUERTO RICO;POSPAGO;DEMO;567;HBO DRAMA;HD;SERIES Y PELICULAS
PUERTO RICO;POSPAGO;DEMO;569;HBO COMEDY;HD;SERIES Y PELICULAS
PUERTO RICO;POSPAGO;DEMO;570;HBO LATINO;HD;SERIES Y PELICULAS
PUERTO RICO;POSPAGO;DEMO;571;CINEMAX;HD;SERIES Y PELICULAS
PUERTO RICO;POSPAGO;DEMO;572;CINEMAX HITS;HD;SERIES Y PELICULAS
PUERTO RICO;POSPAGO;DEMO;574;CINEMAX ACTION;HD;SERIES Y PELICULAS
PUERTO RICO;POSPAGO;DEMO;577;PARAMOUNT;HD;SERIES Y PELICULAS
PUERTO RICO;POSPAGO;DEMO;578;SHOWTIME 2;HD;SERIES Y PELICULAS
PUERTO RICO;POSPAGO;DEMO;579;SHO*BET;HD;SERIES Y PELICULAS
PUERTO RICO;POSPAGO;DEMO;580;SHOWCASE;HD;SERIES Y PELICULAS
PUERTO RICO;POSPAGO;DEMO;581;SHOWTIME EXTREME;HD;SERIES Y PELICULAS
PUERTO RICO;POSPAGO;DEMO;582;THE MOVIE CHANNEL;SD;SERIES Y PELICULAS
PUERTO RICO;POSPAGO;DEMO;585;STARZ;HD;SERIES Y PELICULAS
PUERTO RICO;POSPAGO;DEMO;586;STARZ KIDS & FAMILY;HD;INFANTIL
PUERTO RICO;POSPAGO;DEMO;587;STARZ CINEMA;HD;SERIES Y PELICULAS
PUERTO RICO;POSPAGO;DEMO;588;ENCORE ACTION;SD;SERIES Y PELICULAS
PUERTO RICO;POSPAGO;DEMO;589;ENCORE;HD;SERIES Y PELICULAS
PUERTO RICO;POSPAGO;DEMO;590;ENCORE FAMILY;SD;SERIES Y PELICULAS
PUERTO RICO;POSPAGO;DEMO;645;ESPN;HD;DEPORTES
PUERTO RICO;POSPAGO;DEMO;646;ESPN NEWS;HD;DEPORTES
PUERTO RICO;POSPAGO;DEMO;648;ESPN 2;HD;DEPORTES
PUERTO RICO;POSPAGO;DEMO;649;ESPN DEPORTES;HD;DEPORTES
PUERTO RICO;POSPAGO;DEMO;651;FOX DEPORTES;SD;DEPORTES
PUERTO RICO;POSPAGO;DEMO;652;THE TENNIS CHANNEL;HD;DEPORTES
PUERTO RICO;POSPAGO;DEMO;653;NBA TV;HD;DEPORTES
PUERTO RICO;POSPAGO;DEMO;654;THE GOLF CHANNEL;HD;DEPORTES
PUERTO RICO;POSPAGO;DEMO;655;FOX SPORTS;HD;DEPORTES
PUERTO RICO;POSPAGO;DEMO;656;MLB NETWORK;HD;DEPORTES
PUERTO RICO;POSPAGO;DEMO;657;WAPA DEPORTES;HD;DEPORTES
PUERTO RICO;POSPAGO;DEMO;659;RACER NETWORK;HD;DEPORTES
PUERTO RICO;POSPAGO;DEMO;702;CNN;HD;NOTICIAS
PUERTO RICO;POSPAGO;DEMO;704;CNN EN ESPAÑOL;SD;NOTICIAS
PUERTO RICO;POSPAGO;DEMO;708;HEADLINE NEWS;HD;NOTICIAS
PUERTO RICO;POSPAGO;DEMO;710;BLOOMBERG;HD;NOTICIAS
PUERTO RICO;POSPAGO;DEMO;712;ACCUWEATHER;HD;NOTICIAS
PUERTO RICO;POSPAGO;DEMO;714;ESTRELLA TV;SD;NACIONAL
PUERTO RICO;POSPAGO;DEMO;720;C-SPAN2;SD;INFORMATIVO
PUERTO RICO;POSPAGO;DEMO;730;NAT GEO MUNDO;SD;CIENCIA Y CULTURA
PUERTO RICO;POSPAGO;DEMO;732;DISCOVERY EN ESPAÑOL;SD;CIENCIA Y CULTURA
PUERTO RICO;POSPAGO;DEMO;734;ANIMAL PLANET LA;SD;CIENCIA Y CULTURA
PUERTO RICO;POSPAGO;DEMO;735;ANIMAL PLANET US;HD;CIENCIA Y CULTURA
PUERTO RICO;POSPAGO;DEMO;742;HISTORY ANDES;SD;CIENCIA Y CULTURA
PUERTO RICO;POSPAGO;DEMO;744;FYI;HD;HOGAR Y VARIEDADES
PUERTO RICO;POSPAGO;DEMO;745;SYFY;HD;SERIES Y PELICULAS
PUERTO RICO;POSPAGO;DEMO;746;DISCOVERY TURBO;HD;HOGAR Y VARIEDADES
PUERTO RICO;POSPAGO;DEMO;752;DISCOVERY US;HD;CIENCIA Y CULTURA
PUERTO RICO;POSPAGO;DEMO;754;THE LEARNING CHANNEL;HD;HOGAR Y VARIEDADES
PUERTO RICO;POSPAGO;DEMO;756;HISTORY US;HD;CIENCIA Y CULTURA
PUERTO RICO;POSPAGO;DEMO;760;TVE;SD;NACIONAL
PUERTO RICO;POSPAGO;DEMO;762;ANTENA 3;SD;NACIONAL
PUERTO RICO;POSPAGO;DEMO;764;HITN;SD;EDUCATIVO
PUERTO RICO;POSPAGO;DEMO;768;BBC AMERICA;HD;SERIES Y PELICULAS
PUERTO RICO;POSPAGO;DEMO;901;MUSIC CHOICE ROCK HITS;AUDIO;AUDIO
PUERTO RICO;POSPAGO;DEMO;902;MUSIC CHOICE ‘80S ROCK;AUDIO;AUDIO
PUERTO RICO;POSPAGO;DEMO;903;MUSIC CHOICE JAZZ VOCAL HITS;AUDIO;AUDIO
PUERTO RICO;POSPAGO;DEMO;904;MUSIC CHOICE COUNTRY HITS;AUDIO;AUDIO
PUERTO RICO;POSPAGO;DEMO;905;MUSIC CHOICE NEW AGE;AUDIO;AUDIO
PUERTO RICO;POSPAGO;DEMO;906;MUSIC CHOICE FUNK;AUDIO;AUDIO
PUERTO RICO;POSPAGO;DEMO;907;MUSIC CHOICE '90S;AUDIO;AUDIO
PUERTO RICO;POSPAGO;DEMO;908;MUSIC CHOICE BLUES;AUDIO;AUDIO
PUERTO RICO;POSPAGO;DEMO;909;MUSIC CHOICE LOVE SONGS;AUDIO;AUDIO
PUERTO RICO;POSPAGO;DEMO;910;MUSIC CHOICE MUSICA URBANA;AUDIO;AUDIO
PUERTO RICO;POSPAGO;DEMO;911;MUSIC CHOICE R&B CLASSICS;AUDIO;AUDIO
PUERTO RICO;POSPAGO;DEMO;912;MUSIC CHOICE LATIN JAZZ;AUDIO;AUDIO
PUERTO RICO;POSPAGO;DEMO;913;MUSIC CHOICE SOFT ROCK;AUDIO;AUDIO
PUERTO RICO;POSPAGO;DEMO;914;MUSIC CHOICE RAP;AUDIO;AUDIO
PUERTO RICO;POSPAGO;DEMO;915;MUSIC CHOICE CLASSIC CHRISTMAS;AUDIO;AUDIO
PUERTO RICO;POSPAGO;DEMO;916;MUSIC CHOICE WORKOUT;AUDIO;AUDIO
PUERTO RICO;POSPAGO;DEMO;917;MUSIC CHOICE BROADWAY;AUDIO;AUDIO
PUERTO RICO;POSPAGO;DEMO;918;MUSIC CHOICE ADULT ALTERNATIVE;AUDIO;AUDIO
PUERTO RICO;POSPAGO;DEMO;919;MUSIC CHOICE POP HITS;AUDIO;AUDIO
PUERTO RICO;POSPAGO;DEMO;920;MUSIC CHOICE NEW WAVE;AUDIO;AUDIO
PUERTO RICO;POSPAGO;DEMO;921;MUSIC CHOICE '70S;AUDIO;AUDIO
PUERTO RICO;POSPAGO;DEMO;922;MUSIC CHOICE KIDS ONLY!;AUDIO;AUDIO
PUERTO RICO;POSPAGO;DEMO;923;MUSIC CHOICE '80S;AUDIO;AUDIO
PUERTO RICO;POSPAGO;DEMO;924;MUSIC CHOICE ROCK LATINO;AUDIO;AUDIO
PUERTO RICO;POSPAGO;DEMO;925;MUSIC CHOICE RETRO WORKOUT;AUDIO;AUDIO
PUERTO RICO;POSPAGO;DEMO;926;MUSIC CHOICE CONTEMPORARY CHRISTIAN;AUDIO;AUDIO
PUERTO RICO;POSPAGO;DEMO;927;MUSIC CHOICE REGGAE;AUDIO;AUDIO
PUERTO RICO;POSPAGO;DEMO;928;MUSIC CHOICE ALTERNATIVE;AUDIO;AUDIO
PUERTO RICO;POSPAGO;DEMO;929;MUSIC CHOICE POP & COUNTRY;AUDIO;AUDIO
PUERTO RICO;POSPAGO;DEMO;930;MUSIC CHOICE POP LATINO;AUDIO;AUDIO
PUERTO RICO;POSPAGO;DEMO;931;MUSIC CHOICE CLASSIC COUNTRY;AUDIO;AUDIO
PUERTO RICO;POSPAGO;DEMO;932;MUSIC CHOICE BIG BAND;AUDIO;AUDIO
PUERTO RICO;POSPAGO;DEMO;933;MUSIC CHOICE TODAY'S COUNTRY;AUDIO;AUDIO
PUERTO RICO;POSPAGO;DEMO;934;MUSIC CHOICE HIT LIST;AUDIO;AUDIO
PUERTO RICO;POSPAGO;DEMO;935;MUSIC CHOICE HIP-HOP AND R&B;AUDIO;AUDIO
PUERTO RICO;POSPAGO;DEMO;936;MUSIC CHOICE TEEN BEATS;AUDIO;AUDIO
PUERTO RICO;POSPAGO;DEMO;937;MUSIC CHOICE COFFEE SHOP CUTS;AUDIO;AUDIO
PUERTO RICO;POSPAGO;DEMO;938;MUSIC CHOICE HONKY TONK;AUDIO;AUDIO
PUERTO RICO;POSPAGO;DEMO;939;MUSIC CHOICE SOUNDSCAPES;AUDIO;AUDIO
PUERTO RICO;POSPAGO;DEMO;940;MUSIC CHOICE LIGHT CLASSICAL;AUDIO;AUDIO
PUERTO RICO;POSPAGO;DEMO;941;MUSIC CHOICE CLASSIC ALTERNATIVE;AUDIO;AUDIO
PUERTO RICO;POSPAGO;DEMO;942;MUSIC CHOICE INDIE;AUDIO;AUDIO
PUERTO RICO;POSPAGO;DEMO;943;MUSIC CHOICE MALT SHOP FAVORITES;AUDIO;AUDIO
PUERTO RICO;POSPAGO;DEMO;944;MUSIC CHOICE SMOOTH JAZZ;AUDIO;AUDIO
PUERTO RICO;POSPAGO;DEMO;945;MUSIC CHOICE CONTEMPORARY INSTRUMENTALS;AUDIO;AUDIO
PUERTO RICO;POSPAGO;DEMO;946;MUSIC CHOICE HARD ROCK;AUDIO;AUDIO
PUERTO RICO;POSPAGO;DEMO;947;MUSIC CHOICE THROWBACK JAMZ;AUDIO;AUDIO
PUERTO RICO;POSPAGO;DEMO;948;MUSIC CHOICE CLASSIC ROCK;AUDIO;AUDIO
PUERTO RICO;POSPAGO;DEMO;949;MUSIC CHOICE MOVIE SCORES;AUDIO;AUDIO
PUERTO RICO;POSPAGO;DEMO;950;MUSIC CHOICE MAX;AUDIO;AUDIO
PUERTO RICO;POSPAGO;DEMO;951;MUSIC CHOICE MAINSTREAM RAP;AUDIO;AUDIO
PUERTO RICO;POSPAGO;DEMO;952;MUSIC CHOICE AMERICANA;AUDIO;AUDIO
PUERTO RICO;POSPAGO;DEMO;953;MUSIC CHOICE SYMPHONY;AUDIO;AUDIO
PUERTO RICO;POSPAGO;DEMO;954;MUSIC CHOICE DANCE/EDM;AUDIO;AUDIO
PUERTO RICO;POSPAGO;DEMO;955;MUSIC CHOICE FOLK;AUDIO;AUDIO
PUERTO RICO;POSPAGO;DEMO;956;MUSIC CHOICE CLASSIC DANCE;AUDIO;AUDIO
PUERTO RICO;POSPAGO;DEMO;957;MUSIC CHOICE GOSPEL HALLELUJAH;AUDIO;AUDIO
PUERTO RICO;POSPAGO;DEMO;958;MUSIC CHOICE TROPICALES;AUDIO;AUDIO
PUERTO RICO;POSPAGO;DEMO;959;MUSIC CHOICE METAL;AUDIO;AUDIO
PUERTO RICO;POSPAGO;DEMO;960;MUSIC CHOICE TODDLER TUNES;AUDIO;AUDIO
PUERTO RICO;POSPAGO;DEMO;961;MUSIC CHOICE Y2K;AUDIO;AUDIO
PUERTO RICO;POSPAGO;DEMO;962;MUSIC CHOICE BLUEGRASS;AUDIO;AUDIO
PUERTO RICO;POSPAGO;DEMO;963;MUSIC CHOICE VIETNAMESE;AUDIO;AUDIO
PUERTO RICO;POSPAGO;DEMO;964;MUSIC CHOICE GOSPEL;AUDIO;AUDIO
PUERTO RICO;POSPAGO;DEMO;965;MUSIC CHOICE '60S MOVEMENT;AUDIO;AUDIO
PUERTO RICO;POSPAGO;DEMO;966;MUSIC CHOICE FILIPINO;AUDIO;AUDIO
PUERTO RICO;POSPAGO;DEMO;967;MUSIC CHOICE SOUNDS OF THE SEASON;AUDIO;AUDIO
PUERTO RICO;POSPAGO;DEMO;921-1;MUSIC CHOICE '70S ULTRA;AUDIO;AUDIO
PUERTO RICO;POSPAGO;DEMO;923-1;MUSIC CHOICE '80S ULTRA;AUDIO;AUDIO
PUERTO RICO;POSPAGO;DEMO;931-1;MUSIC CHOICE COUNTRY CLASSIC ULTRA;AUDIO;AUDIO
PUERTO RICO;POSPAGO;DEMO;933-1;MUSIC CHOICE TODAY'S COUNTRY ULTRA;AUDIO;AUDIO
PUERTO RICO;POSPAGO;DEMO;939-1;MUSIC CHOICE SOUNDSCAPES ULTRA;AUDIO;AUDIO
PUERTO RICO;POSPAGO;DEMO;967-1;MUSIC CHOICE CLASSIC ROCK ULTRA;AUDIO;AUDIO
PUERTO RICO;POSPAGO;DEMO2;162;TELEMUNDO PR;HD;NACIONAL
PUERTO RICO;POSPAGO;DEMO2;164;WAPA TV;HD;NACIONAL
PUERTO RICO;POSPAGO;DEMO2;166;WIPR;SD;NACIONAL
PUERTO RICO;POSPAGO;DEMO2;167;UNIVISION;SD;NACIONAL
PUERTO RICO;POSPAGO;DEMO2;168;TELEONCE;HD;NACIONAL
PUERTO RICO;POSPAGO;DEMO2;169;DAYSTAR ESPAÑOL;SD;RELIGIOSO
PUERTO RICO;POSPAGO;DEMO2;170;FOX PR;HD;NACIONAL
PUERTO RICO;POSPAGO;DEMO2;172;ABC5 PR;HD;NACIONAL
PUERTO RICO;POSPAGO;DEMO2;174;CBS PR;HD;NACIONAL
PUERTO RICO;POSPAGO;DEMO2;176;NBC PR;HD;NACIONAL
PUERTO RICO;POSPAGO;DEMO2;179;PUNTO 2;HD;NACIONAL
PUERTO RICO;POSPAGO;DEMO2;181;TV DOMINICANA;SD;NACIONAL
PUERTO RICO;POSPAGO;DEMO2;182;TV CHILE;SD;NACIONAL
PUERTO RICO;POSPAGO;DEMO2;183;TELEORO;SD;NACIONAL
PUERTO RICO;POSPAGO;DEMO2;185;TELECINCO;SD;NACIONAL
PUERTO RICO;POSPAGO;DEMO2;188;QVC;HD;HOGAR Y VARIEDADES
PUERTO RICO;POSPAGO;DEMO2;189;QVC 2;SD;HOGAR Y VARIEDADES
PUERTO RICO;POSPAGO;DEMO2;190;HOME SHOPPING NETWORK;HD;HOGAR Y VARIEDADES
PUERTO RICO;POSPAGO;DEMO2;191;HOME SHOPPING NETWORK 2;SD;HOGAR Y VARIEDADES
PUERTO RICO;POSPAGO;DEMO2;220;BRAVO TV;HD;HOGAR Y VARIEDADES
PUERTO RICO;POSPAGO;DEMO2;221;¡HOLA! TV;SD;HOGAR Y VARIEDADES
PUERTO RICO;POSPAGO;DEMO2;222;E! US HD;HD;HOGAR Y VARIEDADES
PUERTO RICO;POSPAGO;DEMO2;225;PASIONES;SD;TELENOVELAS
PUERTO RICO;POSPAGO;DEMO2;226;QVC;HD;HOGAR Y VARIEDADES
PUERTO RICO;POSPAGO;DEMO2;227;HOME SHOPPING NETWORK;HD;HOGAR Y VARIEDADES
PUERTO RICO;POSPAGO;DEMO2;228;FOOD NETWORK;HD;GASTRONÓMICO
PUERTO RICO;POSPAGO;DEMO2;229;BLOSSOM;SD;HOGAR Y VARIEDADES
PUERTO RICO;POSPAGO;DEMO2;230;BET;SD;HOGAR Y VARIEDADES
PUERTO RICO;POSPAGO;DEMO2;242;FX HD;HD;SERIES Y PELICULAS
PUERTO RICO;POSPAGO;DEMO2;244;TNT;HD;SERIES Y PELICULAS
PUERTO RICO;POSPAGO;DEMO2;246;USA;HD;SERIES Y PELICULAS
PUERTO RICO;POSPAGO;DEMO2;248;TBS;HD;SERIES Y PELICULAS
PUERTO RICO;POSPAGO;DEMO2;249;TL NOVELAS;SD;TELENOVELAS
PUERTO RICO;POSPAGO;DEMO2;250;HGTV;HD;HOGAR Y VARIEDADES
PUERTO RICO;POSPAGO;DEMO2;252;FREEFORM;HD;SERIES Y PELICULAS
PUERTO RICO;POSPAGO;DEMO2;254;PARAMOUNT;HD;SERIES Y PELICULAS
PUERTO RICO;POSPAGO;DEMO2;256;A&E;HD;SERIES Y PELICULAS
PUERTO RICO;POSPAGO;DEMO2;260;MTV;HD;MUSICAL
PUERTO RICO;POSPAGO;DEMO2;261;MTV 2;HD;MUSICAL
PUERTO RICO;POSPAGO;DEMO2;262;VH1;HD;MUSICAL
PUERTO RICO;POSPAGO;DEMO2;263;COMEDY CENTRAL;HD;SERIES Y PELICULAS
PUERTO RICO;POSPAGO;DEMO2;264;VICE;SD;INFORMATIVO
PUERTO RICO;POSPAGO;DEMO2;267;COOKING CHANNEL;HD;GASTRONÓMICO
PUERTO RICO;POSPAGO;DEMO2;268;SO YUMMY!;SD;GASTRONÓMICO
PUERTO RICO;POSPAGO;DEMO2;320;CARTOON NETWORK;HD;INFANTIL
PUERTO RICO;POSPAGO;DEMO2;322;NICKELODEON;HD;INFANTIL
PUERTO RICO;POSPAGO;DEMO2;324;DISNEY CHANNEL;HD;INFANTIL
PUERTO RICO;POSPAGO;DEMO2;326;DISNEY XD;HD;INFANTIL
PUERTO RICO;POSPAGO;DEMO2;330;DISCOVERY KIDS LA;SD;INFANTIL
PUERTO RICO;POSPAGO;DEMO2;332;LOOLOO KIDS;SD;INFANTIL
PUERTO RICO;POSPAGO;DEMO2;336;BOOMERANG;SD;INFANTIL
PUERTO RICO;POSPAGO;DEMO2;337;NICK JR.;HD;INFANTIL
PUERTO RICO;POSPAGO;DEMO2;338;VME;SD;NACIONAL
PUERTO RICO;POSPAGO;DEMO2;339;BABY FIRST TV;SD;INFANTIL
PUERTO RICO;POSPAGO;DEMO2;350;EWTN;SD;RELIGIOSO
PUERTO RICO;POSPAGO;DEMO2;352;ENLACE;SD;RELIGIOSO
PUERTO RICO;POSPAGO;DEMO2;354;CHRISTIAN TELEVISION NETWORK (CTN);SD;RELIGIOSO
PUERTO RICO;POSPAGO;DEMO2;511;AMC;HD;SERIES Y PELICULAS
PUERTO RICO;POSPAGO;DEMO2;514;CINE LATINO;SD;SERIES Y PELICULAS
PUERTO RICO;POSPAGO;DEMO2;516;DE PELÍCULA;SD;SERIES Y PELICULAS
PUERTO RICO;POSPAGO;DEMO2;517;LIFETIME;HD;SERIES Y PELICULAS
PUERTO RICO;POSPAGO;DEMO2;518;LIFETIME MOVIE NETWORK;HD;SERIES Y PELICULAS
PUERTO RICO;POSPAGO;DEMO2;520;HALLMARK;HD;SERIES Y PELICULAS
PUERTO RICO;POSPAGO;DEMO2;521;HALLMARK FAMILY;HD;SERIES Y PELICULAS
PUERTO RICO;POSPAGO;DEMO2;522;HALLMARK MYSTERY;HD;SERIES Y PELICULAS
PUERTO RICO;POSPAGO;DEMO2;645;ESPN;HD;DEPORTES
PUERTO RICO;POSPAGO;DEMO2;646;ESPN NEWS;HD;DEPORTES
PUERTO RICO;POSPAGO;DEMO2;648;ESPN 2;HD;DEPORTES
PUERTO RICO;POSPAGO;DEMO2;649;ESPN DEPORTES;HD;DEPORTES
PUERTO RICO;POSPAGO;DEMO2;651;FOX DEPORTES;SD;DEPORTES
PUERTO RICO;POSPAGO;DEMO2;652;THE TENNIS CHANNEL;HD;DEPORTES
PUERTO RICO;POSPAGO;DEMO2;653;NBA TV;HD;DEPORTES
PUERTO RICO;POSPAGO;DEMO2;654;THE GOLF CHANNEL;HD;DEPORTES
PUERTO RICO;POSPAGO;DEMO2;655;FOX SPORTS;HD;DEPORTES
PUERTO RICO;POSPAGO;DEMO2;656;MLB NETWORK;HD;DEPORTES
PUERTO RICO;POSPAGO;DEMO2;657;WAPA DEPORTES;HD;DEPORTES
PUERTO RICO;POSPAGO;DEMO2;659;RACER NETWORK;HD;DEPORTES
PUERTO RICO;POSPAGO;DEMO2;702;CNN;HD;NOTICIAS
PUERTO RICO;POSPAGO;DEMO2;704;CNN EN ESPAÑOL;SD;NOTICIAS
PUERTO RICO;POSPAGO;DEMO2;708;HEADLINE NEWS;HD;NOTICIAS
PUERTO RICO;POSPAGO;DEMO2;710;BLOOMBERG;HD;NOTICIAS
PUERTO RICO;POSPAGO;DEMO2;712;ACCUWEATHER;HD;NOTICIAS
PUERTO RICO;POSPAGO;DEMO2;714;ESTRELLA TV;SD;NACIONAL
PUERTO RICO;POSPAGO;DEMO2;720;C-SPAN2;SD;INFORMATIVO
PUERTO RICO;POSPAGO;DEMO2;730;NAT GEO MUNDO;SD;CIENCIA Y CULTURA
PUERTO RICO;POSPAGO;DEMO2;732;DISCOVERY EN ESPAÑOL;SD;CIENCIA Y CULTURA
PUERTO RICO;POSPAGO;DEMO2;734;ANIMAL PLANET LA;SD;CIENCIA Y CULTURA
PUERTO RICO;POSPAGO;DEMO2;735;ANIMAL PLANET US;HD;CIENCIA Y CULTURA
PUERTO RICO;POSPAGO;DEMO2;742;HISTORY ANDES;SD;CIENCIA Y CULTURA
PUERTO RICO;POSPAGO;DEMO2;744;FYI;HD;HOGAR Y VARIEDADES
PUERTO RICO;POSPAGO;DEMO2;745;SYFY;HD;SERIES Y PELICULAS
PUERTO RICO;POSPAGO;DEMO2;746;DISCOVERY TURBO;HD;HOGAR Y VARIEDADES
PUERTO RICO;POSPAGO;DEMO2;752;DISCOVERY US;HD;CIENCIA Y CULTURA
PUERTO RICO;POSPAGO;DEMO2;754;THE LEARNING CHANNEL;HD;HOGAR Y VARIEDADES
PUERTO RICO;POSPAGO;DEMO2;756;HISTORY US;HD;CIENCIA Y CULTURA
PUERTO RICO;POSPAGO;DEMO2;760;TVE;SD;NACIONAL
PUERTO RICO;POSPAGO;DEMO2;762;ANTENA 3;SD;NACIONAL
PUERTO RICO;POSPAGO;DEMO2;764;HITN;SD;EDUCATIVO
PUERTO RICO;POSPAGO;DEMO2;768;BBC AMERICA;HD;SERIES Y PELICULAS
PUERTO RICO;POSPAGO;DEMO2;901;MUSIC CHOICE ROCK HITS;AUDIO;AUDIO
PUERTO RICO;POSPAGO;DEMO2;902;MUSIC CHOICE ‘80S ROCK;AUDIO;AUDIO
PUERTO RICO;POSPAGO;DEMO2;903;MUSIC CHOICE JAZZ VOCAL HITS;AUDIO;AUDIO
PUERTO RICO;POSPAGO;DEMO2;904;MUSIC CHOICE COUNTRY HITS;AUDIO;AUDIO
PUERTO RICO;POSPAGO;DEMO2;905;MUSIC CHOICE NEW AGE;AUDIO;AUDIO
PUERTO RICO;POSPAGO;DEMO2;906;MUSIC CHOICE FUNK;AUDIO;AUDIO
PUERTO RICO;POSPAGO;DEMO2;907;MUSIC CHOICE '90S;AUDIO;AUDIO
PUERTO RICO;POSPAGO;DEMO2;908;MUSIC CHOICE BLUES;AUDIO;AUDIO
PUERTO RICO;POSPAGO;DEMO2;909;MUSIC CHOICE LOVE SONGS;AUDIO;AUDIO
PUERTO RICO;POSPAGO;DEMO2;910;MUSIC CHOICE MUSICA URBANA;AUDIO;AUDIO
PUERTO RICO;POSPAGO;DEMO2;911;MUSIC CHOICE R&B CLASSICS;AUDIO;AUDIO
PUERTO RICO;POSPAGO;DEMO2;912;MUSIC CHOICE LATIN JAZZ;AUDIO;AUDIO
PUERTO RICO;POSPAGO;DEMO2;913;MUSIC CHOICE SOFT ROCK;AUDIO;AUDIO
PUERTO RICO;POSPAGO;DEMO2;914;MUSIC CHOICE RAP;AUDIO;AUDIO
PUERTO RICO;POSPAGO;DEMO2;915;MUSIC CHOICE CLASSIC CHRISTMAS;AUDIO;AUDIO
PUERTO RICO;POSPAGO;DEMO2;916;MUSIC CHOICE WORKOUT;AUDIO;AUDIO
PUERTO RICO;POSPAGO;DEMO2;917;MUSIC CHOICE BROADWAY;AUDIO;AUDIO
PUERTO RICO;POSPAGO;DEMO2;918;MUSIC CHOICE ADULT ALTERNATIVE;AUDIO;AUDIO
PUERTO RICO;POSPAGO;DEMO2;919;MUSIC CHOICE POP HITS;AUDIO;AUDIO
PUERTO RICO;POSPAGO;DEMO2;920;MUSIC CHOICE NEW WAVE;AUDIO;AUDIO
PUERTO RICO;POSPAGO;DEMO2;921;MUSIC CHOICE '70S;AUDIO;AUDIO
PUERTO RICO;POSPAGO;DEMO2;922;MUSIC CHOICE KIDS ONLY!;AUDIO;AUDIO
PUERTO RICO;POSPAGO;DEMO2;923;MUSIC CHOICE '80S;AUDIO;AUDIO
PUERTO RICO;POSPAGO;DEMO2;924;MUSIC CHOICE ROCK LATINO;AUDIO;AUDIO
PUERTO RICO;POSPAGO;DEMO2;925;MUSIC CHOICE RETRO WORKOUT;AUDIO;AUDIO
PUERTO RICO;POSPAGO;DEMO2;926;MUSIC CHOICE CONTEMPORARY CHRISTIAN;AUDIO;AUDIO
PUERTO RICO;POSPAGO;DEMO2;927;MUSIC CHOICE REGGAE;AUDIO;AUDIO
PUERTO RICO;POSPAGO;DEMO2;928;MUSIC CHOICE ALTERNATIVE;AUDIO;AUDIO
PUERTO RICO;POSPAGO;DEMO2;929;MUSIC CHOICE POP & COUNTRY;AUDIO;AUDIO
PUERTO RICO;POSPAGO;DEMO2;930;MUSIC CHOICE POP LATINO;AUDIO;AUDIO
PUERTO RICO;POSPAGO;DEMO2;931;MUSIC CHOICE CLASSIC COUNTRY;AUDIO;AUDIO
PUERTO RICO;POSPAGO;DEMO2;932;MUSIC CHOICE BIG BAND;AUDIO;AUDIO
PUERTO RICO;POSPAGO;DEMO2;933;MUSIC CHOICE TODAY'S COUNTRY;AUDIO;AUDIO
PUERTO RICO;POSPAGO;DEMO2;934;MUSIC CHOICE HIT LIST;AUDIO;AUDIO
PUERTO RICO;POSPAGO;DEMO2;935;MUSIC CHOICE HIP-HOP AND R&B;AUDIO;AUDIO
PUERTO RICO;POSPAGO;DEMO2;936;MUSIC CHOICE TEEN BEATS;AUDIO;AUDIO
PUERTO RICO;POSPAGO;DEMO2;937;MUSIC CHOICE COFFEE SHOP CUTS;AUDIO;AUDIO
PUERTO RICO;POSPAGO;DEMO2;938;MUSIC CHOICE HONKY TONK;AUDIO;AUDIO
PUERTO RICO;POSPAGO;DEMO2;939;MUSIC CHOICE SOUNDSCAPES;AUDIO;AUDIO
PUERTO RICO;POSPAGO;DEMO2;940;MUSIC CHOICE LIGHT CLASSICAL;AUDIO;AUDIO
PUERTO RICO;POSPAGO;DEMO2;941;MUSIC CHOICE CLASSIC ALTERNATIVE;AUDIO;AUDIO
PUERTO RICO;POSPAGO;DEMO2;942;MUSIC CHOICE INDIE;AUDIO;AUDIO
PUERTO RICO;POSPAGO;DEMO2;943;MUSIC CHOICE MALT SHOP FAVORITES;AUDIO;AUDIO
PUERTO RICO;POSPAGO;DEMO2;944;MUSIC CHOICE SMOOTH JAZZ;AUDIO;AUDIO
PUERTO RICO;POSPAGO;DEMO2;945;MUSIC CHOICE CONTEMPORARY INSTRUMENTALS;AUDIO;AUDIO
PUERTO RICO;POSPAGO;DEMO2;946;MUSIC CHOICE HARD ROCK;AUDIO;AUDIO
PUERTO RICO;POSPAGO;DEMO2;947;MUSIC CHOICE THROWBACK JAMZ;AUDIO;AUDIO
PUERTO RICO;POSPAGO;DEMO2;948;MUSIC CHOICE CLASSIC ROCK;AUDIO;AUDIO
PUERTO RICO;POSPAGO;DEMO2;949;MUSIC CHOICE MOVIE SCORES;AUDIO;AUDIO
PUERTO RICO;POSPAGO;DEMO2;950;MUSIC CHOICE MAX;AUDIO;AUDIO
PUERTO RICO;POSPAGO;DEMO2;951;MUSIC CHOICE MAINSTREAM RAP;AUDIO;AUDIO
PUERTO RICO;POSPAGO;DEMO2;952;MUSIC CHOICE AMERICANA;AUDIO;AUDIO
PUERTO RICO;POSPAGO;DEMO2;953;MUSIC CHOICE SYMPHONY;AUDIO;AUDIO
PUERTO RICO;POSPAGO;DEMO2;954;MUSIC CHOICE DANCE/EDM;AUDIO;AUDIO
PUERTO RICO;POSPAGO;DEMO2;955;MUSIC CHOICE FOLK;AUDIO;AUDIO
PUERTO RICO;POSPAGO;DEMO2;956;MUSIC CHOICE CLASSIC DANCE;AUDIO;AUDIO
PUERTO RICO;POSPAGO;DEMO2;957;MUSIC CHOICE GOSPEL HALLELUJAH;AUDIO;AUDIO
PUERTO RICO;POSPAGO;DEMO2;958;MUSIC CHOICE TROPICALES;AUDIO;AUDIO
PUERTO RICO;POSPAGO;DEMO2;959;MUSIC CHOICE METAL;AUDIO;AUDIO
PUERTO RICO;POSPAGO;DEMO2;960;MUSIC CHOICE TODDLER TUNES;AUDIO;AUDIO
PUERTO RICO;POSPAGO;DEMO2;961;MUSIC CHOICE Y2K;AUDIO;AUDIO
PUERTO RICO;POSPAGO;DEMO2;962;MUSIC CHOICE BLUEGRASS;AUDIO;AUDIO
PUERTO RICO;POSPAGO;DEMO2;963;MUSIC CHOICE VIETNAMESE;AUDIO;AUDIO
PUERTO RICO;POSPAGO;DEMO2;964;MUSIC CHOICE GOSPEL;AUDIO;AUDIO
PUERTO RICO;POSPAGO;DEMO2;965;MUSIC CHOICE '60S MOVEMENT;AUDIO;AUDIO
PUERTO RICO;POSPAGO;DEMO2;966;MUSIC CHOICE FILIPINO;AUDIO;AUDIO
PUERTO RICO;POSPAGO;DEMO2;967;MUSIC CHOICE SOUNDS OF THE SEASON;AUDIO;AUDIO
PUERTO RICO;POSPAGO;DEMO2;921-1;MUSIC CHOICE '70S ULTRA;AUDIO;AUDIO
PUERTO RICO;POSPAGO;DEMO2;923-1;MUSIC CHOICE '80S ULTRA;AUDIO;AUDIO
PUERTO RICO;POSPAGO;DEMO2;931-1;MUSIC CHOICE COUNTRY CLASSIC ULTRA;AUDIO;AUDIO
PUERTO RICO;POSPAGO;DEMO2;933-1;MUSIC CHOICE TODAY'S COUNTRY ULTRA;AUDIO;AUDIO
PUERTO RICO;POSPAGO;DEMO2;939-1;MUSIC CHOICE SOUNDSCAPES ULTRA;AUDIO;AUDIO
PUERTO RICO;POSPAGO;DEMO2;967-1;MUSIC CHOICE CLASSIC ROCK ULTRA;AUDIO;AUDIO
PUERTO RICO;POSPAGO;ENTERTAINMENT PR;162;TELEMUNDO PR;HD;NACIONAL
PUERTO RICO;POSPAGO;ENTERTAINMENT PR;164;WAPA TV;HD;NACIONAL
PUERTO RICO;POSPAGO;ENTERTAINMENT PR;166;WIPR;SD;NACIONAL
PUERTO RICO;POSPAGO;ENTERTAINMENT PR;167;UNIVISION;SD;NACIONAL
PUERTO RICO;POSPAGO;ENTERTAINMENT PR;168;TELEONCE;HD;NACIONAL
PUERTO RICO;POSPAGO;ENTERTAINMENT PR;169;DAYSTAR ESPAÑOL;SD;RELIGIOSO
PUERTO RICO;POSPAGO;ENTERTAINMENT PR;170;FOX PR;HD;NACIONAL
PUERTO RICO;POSPAGO;ENTERTAINMENT PR;172;ABC5 PR;HD;NACIONAL
PUERTO RICO;POSPAGO;ENTERTAINMENT PR;174;CBS PR;HD;NACIONAL
PUERTO RICO;POSPAGO;ENTERTAINMENT PR;176;NBC PR;HD;NACIONAL
PUERTO RICO;POSPAGO;ENTERTAINMENT PR;179;PUNTO 2;HD;NACIONAL
PUERTO RICO;POSPAGO;ENTERTAINMENT PR;181;TV DOMINICANA;SD;NACIONAL
PUERTO RICO;POSPAGO;ENTERTAINMENT PR;182;TV CHILE;SD;NACIONAL
PUERTO RICO;POSPAGO;ENTERTAINMENT PR;183;TELEORO;SD;NACIONAL
PUERTO RICO;POSPAGO;ENTERTAINMENT PR;185;TELECINCO;SD;NACIONAL
PUERTO RICO;POSPAGO;ENTERTAINMENT PR;188;QVC;HD;HOGAR Y VARIEDADES
PUERTO RICO;POSPAGO;ENTERTAINMENT PR;189;QVC 2;SD;HOGAR Y VARIEDADES
PUERTO RICO;POSPAGO;ENTERTAINMENT PR;190;HOME SHOPPING NETWORK;HD;HOGAR Y VARIEDADES
PUERTO RICO;POSPAGO;ENTERTAINMENT PR;191;HOME SHOPPING NETWORK 2;SD;HOGAR Y VARIEDADES
PUERTO RICO;POSPAGO;ENTERTAINMENT PR;225;PASIONES;SD;TELENOVELAS
PUERTO RICO;POSPAGO;ENTERTAINMENT PR;226;QVC;HD;HOGAR Y VARIEDADES
PUERTO RICO;POSPAGO;ENTERTAINMENT PR;227;HOME SHOPPING NETWORK;HD;HOGAR Y VARIEDADES
PUERTO RICO;POSPAGO;ENTERTAINMENT PR;229;BLOSSOM;SD;HOGAR Y VARIEDADES
PUERTO RICO;POSPAGO;ENTERTAINMENT PR;242;FX HD;HD;SERIES Y PELICULAS
PUERTO RICO;POSPAGO;ENTERTAINMENT PR;246;USA;HD;SERIES Y PELICULAS
PUERTO RICO;POSPAGO;ENTERTAINMENT PR;248;TBS;HD;SERIES Y PELICULAS
PUERTO RICO;POSPAGO;ENTERTAINMENT PR;249;TL NOVELAS;SD;TELENOVELAS
PUERTO RICO;POSPAGO;ENTERTAINMENT PR;254;PARAMOUNT;HD;SERIES Y PELICULAS
PUERTO RICO;POSPAGO;ENTERTAINMENT PR;260;MTV;HD;MUSICAL
PUERTO RICO;POSPAGO;ENTERTAINMENT PR;262;VH1;HD;MUSICAL
PUERTO RICO;POSPAGO;ENTERTAINMENT PR;268;SO YUMMY!;SD;GASTRONÓMICO
PUERTO RICO;POSPAGO;ENTERTAINMENT PR;322;NICKELODEON;HD;INFANTIL
PUERTO RICO;POSPAGO;ENTERTAINMENT PR;326;DISNEY XD;HD;INFANTIL
PUERTO RICO;POSPAGO;ENTERTAINMENT PR;330;DISCOVERY KIDS LA;SD;INFANTIL
PUERTO RICO;POSPAGO;ENTERTAINMENT PR;332;LOOLOO KIDS;SD;INFANTIL
PUERTO RICO;POSPAGO;ENTERTAINMENT PR;336;BOOMERANG;SD;INFANTIL
PUERTO RICO;POSPAGO;ENTERTAINMENT PR;338;VME;SD;NACIONAL
PUERTO RICO;POSPAGO;ENTERTAINMENT PR;339;BABY FIRST TV;SD;INFANTIL
PUERTO RICO;POSPAGO;ENTERTAINMENT PR;350;EWTN;SD;RELIGIOSO
PUERTO RICO;POSPAGO;ENTERTAINMENT PR;352;ENLACE;SD;RELIGIOSO
PUERTO RICO;POSPAGO;ENTERTAINMENT PR;354;CHRISTIAN TELEVISION NETWORK (CTN);SD;RELIGIOSO
PUERTO RICO;POSPAGO;ENTERTAINMENT PR;514;CINE LATINO;SD;SERIES Y PELICULAS
PUERTO RICO;POSPAGO;ENTERTAINMENT PR;516;DE PELÍCULA;SD;SERIES Y PELICULAS
PUERTO RICO;POSPAGO;ENTERTAINMENT PR;520;HALLMARK;HD;SERIES Y PELICULAS
PUERTO RICO;POSPAGO;ENTERTAINMENT PR;521;HALLMARK FAMILY;HD;SERIES Y PELICULAS
PUERTO RICO;POSPAGO;ENTERTAINMENT PR;522;HALLMARK MYSTERY;HD;SERIES Y PELICULAS
PUERTO RICO;POSPAGO;ENTERTAINMENT PR;649;ESPN DEPORTES;HD;DEPORTES
PUERTO RICO;POSPAGO;ENTERTAINMENT PR;655;FOX SPORTS;HD;DEPORTES
PUERTO RICO;POSPAGO;ENTERTAINMENT PR;657;WAPA DEPORTES;HD;DEPORTES
PUERTO RICO;POSPAGO;ENTERTAINMENT PR;659;RACER NETWORK;HD;DEPORTES
PUERTO RICO;POSPAGO;ENTERTAINMENT PR;704;CNN EN ESPAÑOL;SD;NOTICIAS
PUERTO RICO;POSPAGO;ENTERTAINMENT PR;712;ACCUWEATHER;HD;NOTICIAS
PUERTO RICO;POSPAGO;ENTERTAINMENT PR;714;ESTRELLA TV;SD;NACIONAL
PUERTO RICO;POSPAGO;ENTERTAINMENT PR;720;C-SPAN2;SD;INFORMATIVO
PUERTO RICO;POSPAGO;ENTERTAINMENT PR;730;NAT GEO MUNDO;SD;CIENCIA Y CULTURA
PUERTO RICO;POSPAGO;ENTERTAINMENT PR;732;DISCOVERY EN ESPAÑOL;SD;CIENCIA Y CULTURA
PUERTO RICO;POSPAGO;ENTERTAINMENT PR;734;ANIMAL PLANET LA;SD;CIENCIA Y CULTURA
PUERTO RICO;POSPAGO;ENTERTAINMENT PR;746;DISCOVERY TURBO;HD;HOGAR Y VARIEDADES
PUERTO RICO;POSPAGO;ENTERTAINMENT PR;760;TVE;SD;NACIONAL
PUERTO RICO;POSPAGO;ENTERTAINMENT PR;762;ANTENA 3;SD;NACIONAL
PUERTO RICO;POSPAGO;ENTERTAINMENT PR;764;HITN;SD;EDUCATIVO
PUERTO RICO;POSPAGO;ENTERTAINMENT PR;901;MUSIC CHOICE ROCK HITS;AUDIO;AUDIO
PUERTO RICO;POSPAGO;ENTERTAINMENT PR;902;MUSIC CHOICE ‘80S ROCK;AUDIO;AUDIO
PUERTO RICO;POSPAGO;ENTERTAINMENT PR;903;MUSIC CHOICE JAZZ VOCAL HITS;AUDIO;AUDIO
PUERTO RICO;POSPAGO;ENTERTAINMENT PR;904;MUSIC CHOICE COUNTRY HITS;AUDIO;AUDIO
PUERTO RICO;POSPAGO;ENTERTAINMENT PR;905;MUSIC CHOICE NEW AGE;AUDIO;AUDIO
PUERTO RICO;POSPAGO;ENTERTAINMENT PR;906;MUSIC CHOICE FUNK;AUDIO;AUDIO
PUERTO RICO;POSPAGO;ENTERTAINMENT PR;907;MUSIC CHOICE '90S;AUDIO;AUDIO
PUERTO RICO;POSPAGO;ENTERTAINMENT PR;908;MUSIC CHOICE BLUES;AUDIO;AUDIO
PUERTO RICO;POSPAGO;ENTERTAINMENT PR;909;MUSIC CHOICE LOVE SONGS;AUDIO;AUDIO
PUERTO RICO;POSPAGO;ENTERTAINMENT PR;910;MUSIC CHOICE MUSICA URBANA;AUDIO;AUDIO
PUERTO RICO;POSPAGO;ENTERTAINMENT PR;911;MUSIC CHOICE R&B CLASSICS;AUDIO;AUDIO
PUERTO RICO;POSPAGO;ENTERTAINMENT PR;912;MUSIC CHOICE LATIN JAZZ;AUDIO;AUDIO
PUERTO RICO;POSPAGO;ENTERTAINMENT PR;913;MUSIC CHOICE SOFT ROCK;AUDIO;AUDIO
PUERTO RICO;POSPAGO;ENTERTAINMENT PR;914;MUSIC CHOICE RAP;AUDIO;AUDIO
PUERTO RICO;POSPAGO;ENTERTAINMENT PR;915;MUSIC CHOICE CLASSIC CHRISTMAS;AUDIO;AUDIO
PUERTO RICO;POSPAGO;ENTERTAINMENT PR;916;MUSIC CHOICE WORKOUT;AUDIO;AUDIO
PUERTO RICO;POSPAGO;ENTERTAINMENT PR;917;MUSIC CHOICE BROADWAY;AUDIO;AUDIO
PUERTO RICO;POSPAGO;ENTERTAINMENT PR;918;MUSIC CHOICE ADULT ALTERNATIVE;AUDIO;AUDIO
PUERTO RICO;POSPAGO;ENTERTAINMENT PR;919;MUSIC CHOICE POP HITS;AUDIO;AUDIO
PUERTO RICO;POSPAGO;ENTERTAINMENT PR;920;MUSIC CHOICE NEW WAVE;AUDIO;AUDIO
PUERTO RICO;POSPAGO;ENTERTAINMENT PR;921;MUSIC CHOICE '70S;AUDIO;AUDIO
PUERTO RICO;POSPAGO;ENTERTAINMENT PR;922;MUSIC CHOICE KIDS ONLY!;AUDIO;AUDIO
PUERTO RICO;POSPAGO;ENTERTAINMENT PR;923;MUSIC CHOICE '80S;AUDIO;AUDIO
PUERTO RICO;POSPAGO;ENTERTAINMENT PR;924;MUSIC CHOICE ROCK LATINO;AUDIO;AUDIO
PUERTO RICO;POSPAGO;ENTERTAINMENT PR;925;MUSIC CHOICE RETRO WORKOUT;AUDIO;AUDIO
PUERTO RICO;POSPAGO;ENTERTAINMENT PR;926;MUSIC CHOICE CONTEMPORARY CHRISTIAN;AUDIO;AUDIO
PUERTO RICO;POSPAGO;ENTERTAINMENT PR;927;MUSIC CHOICE REGGAE;AUDIO;AUDIO
PUERTO RICO;POSPAGO;ENTERTAINMENT PR;928;MUSIC CHOICE ALTERNATIVE;AUDIO;AUDIO
PUERTO RICO;POSPAGO;ENTERTAINMENT PR;929;MUSIC CHOICE POP & COUNTRY;AUDIO;AUDIO
PUERTO RICO;POSPAGO;ENTERTAINMENT PR;930;MUSIC CHOICE POP LATINO;AUDIO;AUDIO
PUERTO RICO;POSPAGO;ENTERTAINMENT PR;931;MUSIC CHOICE CLASSIC COUNTRY;AUDIO;AUDIO
PUERTO RICO;POSPAGO;ENTERTAINMENT PR;932;MUSIC CHOICE BIG BAND;AUDIO;AUDIO
PUERTO RICO;POSPAGO;ENTERTAINMENT PR;933;MUSIC CHOICE TODAY'S COUNTRY;AUDIO;AUDIO
PUERTO RICO;POSPAGO;ENTERTAINMENT PR;934;MUSIC CHOICE HIT LIST;AUDIO;AUDIO
PUERTO RICO;POSPAGO;ENTERTAINMENT PR;935;MUSIC CHOICE HIP-HOP AND R&B;AUDIO;AUDIO
PUERTO RICO;POSPAGO;ENTERTAINMENT PR;936;MUSIC CHOICE TEEN BEATS;AUDIO;AUDIO
PUERTO RICO;POSPAGO;ENTERTAINMENT PR;937;MUSIC CHOICE COFFEE SHOP CUTS;AUDIO;AUDIO
PUERTO RICO;POSPAGO;ENTERTAINMENT PR;938;MUSIC CHOICE HONKY TONK;AUDIO;AUDIO
PUERTO RICO;POSPAGO;ENTERTAINMENT PR;939;MUSIC CHOICE SOUNDSCAPES;AUDIO;AUDIO
PUERTO RICO;POSPAGO;ENTERTAINMENT PR;940;MUSIC CHOICE LIGHT CLASSICAL;AUDIO;AUDIO
PUERTO RICO;POSPAGO;ENTERTAINMENT PR;941;MUSIC CHOICE CLASSIC ALTERNATIVE;AUDIO;AUDIO
PUERTO RICO;POSPAGO;ENTERTAINMENT PR;942;MUSIC CHOICE INDIE;AUDIO;AUDIO
PUERTO RICO;POSPAGO;ENTERTAINMENT PR;943;MUSIC CHOICE MALT SHOP FAVORITES;AUDIO;AUDIO
PUERTO RICO;POSPAGO;ENTERTAINMENT PR;944;MUSIC CHOICE SMOOTH JAZZ;AUDIO;AUDIO
PUERTO RICO;POSPAGO;ENTERTAINMENT PR;945;MUSIC CHOICE CONTEMPORARY INSTRUMENTALS;AUDIO;AUDIO
PUERTO RICO;POSPAGO;ENTERTAINMENT PR;946;MUSIC CHOICE HARD ROCK;AUDIO;AUDIO
PUERTO RICO;POSPAGO;ENTERTAINMENT PR;947;MUSIC CHOICE THROWBACK JAMZ;AUDIO;AUDIO
PUERTO RICO;POSPAGO;ENTERTAINMENT PR;948;MUSIC CHOICE CLASSIC ROCK;AUDIO;AUDIO
PUERTO RICO;POSPAGO;ENTERTAINMENT PR;949;MUSIC CHOICE MOVIE SCORES;AUDIO;AUDIO
PUERTO RICO;POSPAGO;ENTERTAINMENT PR;950;MUSIC CHOICE MAX;AUDIO;AUDIO
PUERTO RICO;POSPAGO;ENTERTAINMENT PR;951;MUSIC CHOICE MAINSTREAM RAP;AUDIO;AUDIO
PUERTO RICO;POSPAGO;ENTERTAINMENT PR;952;MUSIC CHOICE AMERICANA;AUDIO;AUDIO
PUERTO RICO;POSPAGO;ENTERTAINMENT PR;953;MUSIC CHOICE SYMPHONY;AUDIO;AUDIO
PUERTO RICO;POSPAGO;ENTERTAINMENT PR;954;MUSIC CHOICE DANCE/EDM;AUDIO;AUDIO
PUERTO RICO;POSPAGO;ENTERTAINMENT PR;955;MUSIC CHOICE FOLK;AUDIO;AUDIO
PUERTO RICO;POSPAGO;ENTERTAINMENT PR;956;MUSIC CHOICE CLASSIC DANCE;AUDIO;AUDIO
PUERTO RICO;POSPAGO;ENTERTAINMENT PR;957;MUSIC CHOICE GOSPEL HALLELUJAH;AUDIO;AUDIO
PUERTO RICO;POSPAGO;ENTERTAINMENT PR;958;MUSIC CHOICE TROPICALES;AUDIO;AUDIO
PUERTO RICO;POSPAGO;ENTERTAINMENT PR;959;MUSIC CHOICE METAL;AUDIO;AUDIO
PUERTO RICO;POSPAGO;ENTERTAINMENT PR;960;MUSIC CHOICE TODDLER TUNES;AUDIO;AUDIO
PUERTO RICO;POSPAGO;ENTERTAINMENT PR;961;MUSIC CHOICE Y2K;AUDIO;AUDIO
PUERTO RICO;POSPAGO;ENTERTAINMENT PR;962;MUSIC CHOICE BLUEGRASS;AUDIO;AUDIO
PUERTO RICO;POSPAGO;ENTERTAINMENT PR;963;MUSIC CHOICE VIETNAMESE;AUDIO;AUDIO
PUERTO RICO;POSPAGO;ENTERTAINMENT PR;964;MUSIC CHOICE GOSPEL;AUDIO;AUDIO
PUERTO RICO;POSPAGO;ENTERTAINMENT PR;965;MUSIC CHOICE '60S MOVEMENT;AUDIO;AUDIO
PUERTO RICO;POSPAGO;ENTERTAINMENT PR;966;MUSIC CHOICE FILIPINO;AUDIO;AUDIO
PUERTO RICO;POSPAGO;ENTERTAINMENT PR;967;MUSIC CHOICE SOUNDS OF THE SEASON;AUDIO;AUDIO
PUERTO RICO;POSPAGO;ENTERTAINMENT PR;921-1;MUSIC CHOICE '70S ULTRA;AUDIO;AUDIO
PUERTO RICO;POSPAGO;ENTERTAINMENT PR;923-1;MUSIC CHOICE '80S ULTRA;AUDIO;AUDIO
PUERTO RICO;POSPAGO;ENTERTAINMENT PR;931-1;MUSIC CHOICE COUNTRY CLASSIC ULTRA;AUDIO;AUDIO
PUERTO RICO;POSPAGO;ENTERTAINMENT PR;933-1;MUSIC CHOICE TODAY'S COUNTRY ULTRA;AUDIO;AUDIO
PUERTO RICO;POSPAGO;ENTERTAINMENT PR;939-1;MUSIC CHOICE SOUNDSCAPES ULTRA;AUDIO;AUDIO
PUERTO RICO;POSPAGO;ENTERTAINMENT PR;967-1;MUSIC CHOICE CLASSIC ROCK ULTRA;AUDIO;AUDIO
PUERTO RICO;POSPAGO;ESCUELA PLUS;162;TELEMUNDO PR;HD;NACIONAL
PUERTO RICO;POSPAGO;ESCUELA PLUS;164;WAPA TV;HD;NACIONAL
PUERTO RICO;POSPAGO;ESCUELA PLUS;166;WIPR;SD;NACIONAL
PUERTO RICO;POSPAGO;ESCUELA PLUS;167;UNIVISION;SD;NACIONAL
PUERTO RICO;POSPAGO;ESCUELA PLUS;168;TELEONCE;HD;NACIONAL
PUERTO RICO;POSPAGO;ESCUELA PLUS;170;FOX PR;HD;NACIONAL
PUERTO RICO;POSPAGO;ESCUELA PLUS;172;ABC5 PR;HD;NACIONAL
PUERTO RICO;POSPAGO;ESCUELA PLUS;174;CBS PR;HD;NACIONAL
PUERTO RICO;POSPAGO;ESCUELA PLUS;176;NBC PR;HD;NACIONAL
PUERTO RICO;POSPAGO;ESCUELA PLUS;179;PUNTO 2;HD;NACIONAL
PUERTO RICO;POSPAGO;ESCUELA PLUS;181;TV DOMINICANA;SD;NACIONAL
PUERTO RICO;POSPAGO;ESCUELA PLUS;188;QVC;HD;HOGAR Y VARIEDADES
PUERTO RICO;POSPAGO;ESCUELA PLUS;189;QVC 2;SD;HOGAR Y VARIEDADES
PUERTO RICO;POSPAGO;ESCUELA PLUS;190;HOME SHOPPING NETWORK;HD;HOGAR Y VARIEDADES
PUERTO RICO;POSPAGO;ESCUELA PLUS;191;HOME SHOPPING NETWORK 2;SD;HOGAR Y VARIEDADES
PUERTO RICO;POSPAGO;ESCUELA PLUS;226;QVC;HD;HOGAR Y VARIEDADES
PUERTO RICO;POSPAGO;ESCUELA PLUS;227;HOME SHOPPING NETWORK;HD;HOGAR Y VARIEDADES
PUERTO RICO;POSPAGO;ESCUELA PLUS;229;BLOSSOM;SD;HOGAR Y VARIEDADES
PUERTO RICO;POSPAGO;ESCUELA PLUS;252;FREEFORM;HD;SERIES Y PELICULAS
PUERTO RICO;POSPAGO;ESCUELA PLUS;256;A&E;HD;SERIES Y PELICULAS
PUERTO RICO;POSPAGO;ESCUELA PLUS;268;SO YUMMY!;SD;GASTRONÓMICO
PUERTO RICO;POSPAGO;ESCUELA PLUS;324;DISNEY CHANNEL;HD;INFANTIL
PUERTO RICO;POSPAGO;ESCUELA PLUS;326;DISNEY XD;HD;INFANTIL
PUERTO RICO;POSPAGO;ESCUELA PLUS;330;DISCOVERY KIDS LA;SD;INFANTIL
PUERTO RICO;POSPAGO;ESCUELA PLUS;332;LOOLOO KIDS;SD;INFANTIL
PUERTO RICO;POSPAGO;ESCUELA PLUS;338;VME;SD;NACIONAL
PUERTO RICO;POSPAGO;ESCUELA PLUS;339;BABY FIRST TV;SD;INFANTIL
PUERTO RICO;POSPAGO;ESCUELA PLUS;350;EWTN;SD;RELIGIOSO
PUERTO RICO;POSPAGO;ESCUELA PLUS;352;ENLACE;SD;RELIGIOSO
PUERTO RICO;POSPAGO;ESCUELA PLUS;657;WAPA DEPORTES;HD;DEPORTES
PUERTO RICO;POSPAGO;ESCUELA PLUS;702;CNN;HD;NOTICIAS
PUERTO RICO;POSPAGO;ESCUELA PLUS;704;CNN EN ESPAÑOL;SD;NOTICIAS
PUERTO RICO;POSPAGO;ESCUELA PLUS;710;BLOOMBERG;HD;NOTICIAS
PUERTO RICO;POSPAGO;ESCUELA PLUS;712;ACCUWEATHER;HD;NOTICIAS
PUERTO RICO;POSPAGO;ESCUELA PLUS;720;C-SPAN2;SD;INFORMATIVO
PUERTO RICO;POSPAGO;ESCUELA PLUS;730;NAT GEO MUNDO;SD;CIENCIA Y CULTURA
PUERTO RICO;POSPAGO;ESCUELA PLUS;732;DISCOVERY EN ESPAÑOL;SD;CIENCIA Y CULTURA
PUERTO RICO;POSPAGO;ESCUELA PLUS;734;ANIMAL PLANET LA;SD;CIENCIA Y CULTURA
PUERTO RICO;POSPAGO;ESCUELA PLUS;742;HISTORY ANDES;SD;CIENCIA Y CULTURA
PUERTO RICO;POSPAGO;ESCUELA PLUS;744;FYI;HD;HOGAR Y VARIEDADES
PUERTO RICO;POSPAGO;ESCUELA PLUS;752;DISCOVERY US;HD;CIENCIA Y CULTURA
PUERTO RICO;POSPAGO;ESCUELA PLUS;754;THE LEARNING CHANNEL;HD;HOGAR Y VARIEDADES
PUERTO RICO;POSPAGO;ESCUELA PLUS;756;HISTORY US;HD;CIENCIA Y CULTURA
PUERTO RICO;POSPAGO;ESCUELA PLUS;760;TVE;SD;NACIONAL
PUERTO RICO;POSPAGO;ESCUELA PLUS;764;HITN;SD;EDUCATIVO
PUERTO RICO;POSPAGO;ESCUELA PLUS;768;BBC AMERICA;HD;SERIES Y PELICULAS
PUERTO RICO;POSPAGO;ESCUELA PLUS;901;MUSIC CHOICE ROCK HITS;AUDIO;AUDIO
PUERTO RICO;POSPAGO;ESCUELA PLUS;902;MUSIC CHOICE ‘80S ROCK;AUDIO;AUDIO
PUERTO RICO;POSPAGO;ESCUELA PLUS;903;MUSIC CHOICE JAZZ VOCAL HITS;AUDIO;AUDIO
PUERTO RICO;POSPAGO;ESCUELA PLUS;904;MUSIC CHOICE COUNTRY HITS;AUDIO;AUDIO
PUERTO RICO;POSPAGO;ESCUELA PLUS;905;MUSIC CHOICE NEW AGE;AUDIO;AUDIO
PUERTO RICO;POSPAGO;ESCUELA PLUS;906;MUSIC CHOICE FUNK;AUDIO;AUDIO
PUERTO RICO;POSPAGO;ESCUELA PLUS;907;MUSIC CHOICE '90S;AUDIO;AUDIO
PUERTO RICO;POSPAGO;ESCUELA PLUS;908;MUSIC CHOICE BLUES;AUDIO;AUDIO
PUERTO RICO;POSPAGO;ESCUELA PLUS;909;MUSIC CHOICE LOVE SONGS;AUDIO;AUDIO
PUERTO RICO;POSPAGO;ESCUELA PLUS;910;MUSIC CHOICE MUSICA URBANA;AUDIO;AUDIO
PUERTO RICO;POSPAGO;ESCUELA PLUS;911;MUSIC CHOICE R&B CLASSICS;AUDIO;AUDIO
PUERTO RICO;POSPAGO;ESCUELA PLUS;912;MUSIC CHOICE LATIN JAZZ;AUDIO;AUDIO
PUERTO RICO;POSPAGO;ESCUELA PLUS;913;MUSIC CHOICE SOFT ROCK;AUDIO;AUDIO
PUERTO RICO;POSPAGO;ESCUELA PLUS;914;MUSIC CHOICE RAP;AUDIO;AUDIO
PUERTO RICO;POSPAGO;ESCUELA PLUS;915;MUSIC CHOICE CLASSIC CHRISTMAS;AUDIO;AUDIO
PUERTO RICO;POSPAGO;ESCUELA PLUS;916;MUSIC CHOICE WORKOUT;AUDIO;AUDIO
PUERTO RICO;POSPAGO;ESCUELA PLUS;917;MUSIC CHOICE BROADWAY;AUDIO;AUDIO
PUERTO RICO;POSPAGO;ESCUELA PLUS;918;MUSIC CHOICE ADULT ALTERNATIVE;AUDIO;AUDIO
PUERTO RICO;POSPAGO;ESCUELA PLUS;919;MUSIC CHOICE POP HITS;AUDIO;AUDIO
PUERTO RICO;POSPAGO;ESCUELA PLUS;920;MUSIC CHOICE NEW WAVE;AUDIO;AUDIO
PUERTO RICO;POSPAGO;ESCUELA PLUS;921;MUSIC CHOICE '70S;AUDIO;AUDIO
PUERTO RICO;POSPAGO;ESCUELA PLUS;922;MUSIC CHOICE KIDS ONLY!;AUDIO;AUDIO
PUERTO RICO;POSPAGO;ESCUELA PLUS;923;MUSIC CHOICE '80S;AUDIO;AUDIO
PUERTO RICO;POSPAGO;ESCUELA PLUS;924;MUSIC CHOICE ROCK LATINO;AUDIO;AUDIO
PUERTO RICO;POSPAGO;ESCUELA PLUS;925;MUSIC CHOICE RETRO WORKOUT;AUDIO;AUDIO
PUERTO RICO;POSPAGO;ESCUELA PLUS;926;MUSIC CHOICE CONTEMPORARY CHRISTIAN;AUDIO;AUDIO
PUERTO RICO;POSPAGO;ESCUELA PLUS;927;MUSIC CHOICE REGGAE;AUDIO;AUDIO
PUERTO RICO;POSPAGO;ESCUELA PLUS;928;MUSIC CHOICE ALTERNATIVE;AUDIO;AUDIO
PUERTO RICO;POSPAGO;ESCUELA PLUS;929;MUSIC CHOICE POP & COUNTRY;AUDIO;AUDIO
PUERTO RICO;POSPAGO;ESCUELA PLUS;930;MUSIC CHOICE POP LATINO;AUDIO;AUDIO
PUERTO RICO;POSPAGO;ESCUELA PLUS;931;MUSIC CHOICE CLASSIC COUNTRY;AUDIO;AUDIO
PUERTO RICO;POSPAGO;ESCUELA PLUS;932;MUSIC CHOICE BIG BAND;AUDIO;AUDIO
PUERTO RICO;POSPAGO;ESCUELA PLUS;933;MUSIC CHOICE TODAY'S COUNTRY;AUDIO;AUDIO
PUERTO RICO;POSPAGO;ESCUELA PLUS;934;MUSIC CHOICE HIT LIST;AUDIO;AUDIO
PUERTO RICO;POSPAGO;ESCUELA PLUS;935;MUSIC CHOICE HIP-HOP AND R&B;AUDIO;AUDIO
PUERTO RICO;POSPAGO;ESCUELA PLUS;936;MUSIC CHOICE TEEN BEATS;AUDIO;AUDIO
PUERTO RICO;POSPAGO;ESCUELA PLUS;937;MUSIC CHOICE COFFEE SHOP CUTS;AUDIO;AUDIO
PUERTO RICO;POSPAGO;ESCUELA PLUS;938;MUSIC CHOICE HONKY TONK;AUDIO;AUDIO
PUERTO RICO;POSPAGO;ESCUELA PLUS;939;MUSIC CHOICE SOUNDSCAPES;AUDIO;AUDIO
PUERTO RICO;POSPAGO;ESCUELA PLUS;940;MUSIC CHOICE LIGHT CLASSICAL;AUDIO;AUDIO
PUERTO RICO;POSPAGO;ESCUELA PLUS;941;MUSIC CHOICE CLASSIC ALTERNATIVE;AUDIO;AUDIO
PUERTO RICO;POSPAGO;ESCUELA PLUS;942;MUSIC CHOICE INDIE;AUDIO;AUDIO
PUERTO RICO;POSPAGO;ESCUELA PLUS;943;MUSIC CHOICE MALT SHOP FAVORITES;AUDIO;AUDIO
PUERTO RICO;POSPAGO;ESCUELA PLUS;944;MUSIC CHOICE SMOOTH JAZZ;AUDIO;AUDIO
PUERTO RICO;POSPAGO;ESCUELA PLUS;945;MUSIC CHOICE CONTEMPORARY INSTRUMENTALS;AUDIO;AUDIO
PUERTO RICO;POSPAGO;ESCUELA PLUS;946;MUSIC CHOICE HARD ROCK;AUDIO;AUDIO
PUERTO RICO;POSPAGO;ESCUELA PLUS;947;MUSIC CHOICE THROWBACK JAMZ;AUDIO;AUDIO
PUERTO RICO;POSPAGO;ESCUELA PLUS;948;MUSIC CHOICE CLASSIC ROCK;AUDIO;AUDIO
PUERTO RICO;POSPAGO;ESCUELA PLUS;949;MUSIC CHOICE MOVIE SCORES;AUDIO;AUDIO
PUERTO RICO;POSPAGO;ESCUELA PLUS;950;MUSIC CHOICE MAX;AUDIO;AUDIO
PUERTO RICO;POSPAGO;ESCUELA PLUS;951;MUSIC CHOICE MAINSTREAM RAP;AUDIO;AUDIO
PUERTO RICO;POSPAGO;ESCUELA PLUS;952;MUSIC CHOICE AMERICANA;AUDIO;AUDIO
PUERTO RICO;POSPAGO;ESCUELA PLUS;953;MUSIC CHOICE SYMPHONY;AUDIO;AUDIO
PUERTO RICO;POSPAGO;ESCUELA PLUS;954;MUSIC CHOICE DANCE/EDM;AUDIO;AUDIO
PUERTO RICO;POSPAGO;ESCUELA PLUS;955;MUSIC CHOICE FOLK;AUDIO;AUDIO
PUERTO RICO;POSPAGO;ESCUELA PLUS;956;MUSIC CHOICE CLASSIC DANCE;AUDIO;AUDIO
PUERTO RICO;POSPAGO;ESCUELA PLUS;957;MUSIC CHOICE GOSPEL HALLELUJAH;AUDIO;AUDIO
PUERTO RICO;POSPAGO;ESCUELA PLUS;958;MUSIC CHOICE TROPICALES;AUDIO;AUDIO
PUERTO RICO;POSPAGO;ESCUELA PLUS;959;MUSIC CHOICE METAL;AUDIO;AUDIO
PUERTO RICO;POSPAGO;ESCUELA PLUS;960;MUSIC CHOICE TODDLER TUNES;AUDIO;AUDIO
PUERTO RICO;POSPAGO;ESCUELA PLUS;961;MUSIC CHOICE Y2K;AUDIO;AUDIO
PUERTO RICO;POSPAGO;ESCUELA PLUS;962;MUSIC CHOICE BLUEGRASS;AUDIO;AUDIO
PUERTO RICO;POSPAGO;ESCUELA PLUS;963;MUSIC CHOICE VIETNAMESE;AUDIO;AUDIO
PUERTO RICO;POSPAGO;ESCUELA PLUS;964;MUSIC CHOICE GOSPEL;AUDIO;AUDIO
PUERTO RICO;POSPAGO;ESCUELA PLUS;965;MUSIC CHOICE '60S MOVEMENT;AUDIO;AUDIO
PUERTO RICO;POSPAGO;ESCUELA PLUS;966;MUSIC CHOICE FILIPINO;AUDIO;AUDIO
PUERTO RICO;POSPAGO;ESCUELA PLUS;967;MUSIC CHOICE SOUNDS OF THE SEASON;AUDIO;AUDIO
PUERTO RICO;POSPAGO;ESCUELA PLUS;921-1;MUSIC CHOICE '70S ULTRA;AUDIO;AUDIO
PUERTO RICO;POSPAGO;ESCUELA PLUS;923-1;MUSIC CHOICE '80S ULTRA;AUDIO;AUDIO
PUERTO RICO;POSPAGO;ESCUELA PLUS;931-1;MUSIC CHOICE COUNTRY CLASSIC ULTRA;AUDIO;AUDIO
PUERTO RICO;POSPAGO;ESCUELA PLUS;933-1;MUSIC CHOICE TODAY'S COUNTRY ULTRA;AUDIO;AUDIO
PUERTO RICO;POSPAGO;ESCUELA PLUS;939-1;MUSIC CHOICE SOUNDSCAPES ULTRA;AUDIO;AUDIO
PUERTO RICO;POSPAGO;ESCUELA PLUS;967-1;MUSIC CHOICE CLASSIC ROCK ULTRA;AUDIO;AUDIO
PUERTO RICO;POSPAGO;HBO PACK ST;564;HBO;HD;SERIES Y PELICULAS
PUERTO RICO;POSPAGO;HBO PACK ST;565;HBO HITS;HD;SERIES Y PELICULAS
PUERTO RICO;POSPAGO;HBO PACK ST;566;HBO MOVIES;HD;SERIES Y PELICULAS
PUERTO RICO;POSPAGO;HBO PACK ST;567;HBO DRAMA;HD;SERIES Y PELICULAS
PUERTO RICO;POSPAGO;HBO PACK ST;569;HBO COMEDY;HD;SERIES Y PELICULAS
PUERTO RICO;POSPAGO;HBO PACK ST;570;HBO LATINO;HD;SERIES Y PELICULAS
PUERTO RICO;POSPAGO;MGM+;550;MGM+;HD;SERIES Y PELICULAS
PUERTO RICO;POSPAGO;MGM+;551;MGM+ HITS;HD;SERIES Y PELICULAS
PUERTO RICO;POSPAGO;MGM+;552;MGM+ MARQUEE;HD;SERIES Y PELICULAS
PUERTO RICO;POSPAGO;PARAMOUNT+ WITH SHOWTIME PACK ST;577;PARAMOUNT;HD;SERIES Y PELICULAS
PUERTO RICO;POSPAGO;PARAMOUNT+ WITH SHOWTIME PACK ST;578;SHOWTIME 2;HD;SERIES Y PELICULAS
PUERTO RICO;POSPAGO;PARAMOUNT+ WITH SHOWTIME PACK ST;579;SHO*BET;HD;SERIES Y PELICULAS
PUERTO RICO;POSPAGO;PARAMOUNT+ WITH SHOWTIME PACK ST;580;SHOWCASE;HD;SERIES Y PELICULAS
PUERTO RICO;POSPAGO;PARAMOUNT+ WITH SHOWTIME PACK ST;581;SHOWTIME EXTREME;HD;SERIES Y PELICULAS
PUERTO RICO;POSPAGO;PARAMOUNT+ WITH SHOWTIME PACK ST;582;THE MOVIE CHANNEL;SD;SERIES Y PELICULAS
PUERTO RICO;POSPAGO;PLAN AUXILIAR PLUS;162;TELEMUNDO PR;HD;NACIONAL
PUERTO RICO;POSPAGO;PLAN AUXILIAR PLUS;164;WAPA TV;HD;NACIONAL
PUERTO RICO;POSPAGO;PLAN AUXILIAR PLUS;166;WIPR;SD;NACIONAL
PUERTO RICO;POSPAGO;PLAN AUXILIAR PLUS;167;UNIVISION;SD;NACIONAL
PUERTO RICO;POSPAGO;PLAN AUXILIAR PLUS;168;TELEONCE;HD;NACIONAL
PUERTO RICO;POSPAGO;PLAN AUXILIAR PLUS;169;DAYSTAR ESPAÑOL;SD;RELIGIOSO
PUERTO RICO;POSPAGO;PLAN AUXILIAR PLUS;170;FOX PR;HD;NACIONAL
PUERTO RICO;POSPAGO;PLAN AUXILIAR PLUS;172;ABC5 PR;HD;NACIONAL
PUERTO RICO;POSPAGO;PLAN AUXILIAR PLUS;174;CBS PR;HD;NACIONAL
PUERTO RICO;POSPAGO;PLAN AUXILIAR PLUS;176;NBC PR;HD;NACIONAL
PUERTO RICO;POSPAGO;PLAN AUXILIAR PLUS;179;PUNTO 2;HD;NACIONAL
PUERTO RICO;POSPAGO;PLAN AUXILIAR PLUS;183;TELEORO;SD;NACIONAL
PUERTO RICO;POSPAGO;PLAN AUXILIAR PLUS;185;TELECINCO;SD;NACIONAL
PUERTO RICO;POSPAGO;PLAN AUXILIAR PLUS;657;WAPA DEPORTES;HD;DEPORTES
PUERTO RICO;POSPAGO;PLAN ESSENTIAL;162;TELEMUNDO PR;HD;NACIONAL
PUERTO RICO;POSPAGO;PLAN ESSENTIAL;164;WAPA TV;HD;NACIONAL
PUERTO RICO;POSPAGO;PLAN ESSENTIAL;166;WIPR;SD;NACIONAL
PUERTO RICO;POSPAGO;PLAN ESSENTIAL;167;UNIVISION;SD;NACIONAL
PUERTO RICO;POSPAGO;PLAN ESSENTIAL;168;TELEONCE;HD;NACIONAL
PUERTO RICO;POSPAGO;PLAN ESSENTIAL;169;DAYSTAR ESPAÑOL;SD;RELIGIOSO
PUERTO RICO;POSPAGO;PLAN ESSENTIAL;170;FOX PR;HD;NACIONAL
PUERTO RICO;POSPAGO;PLAN ESSENTIAL;172;ABC5 PR;HD;NACIONAL
PUERTO RICO;POSPAGO;PLAN ESSENTIAL;174;CBS PR;HD;NACIONAL
PUERTO RICO;POSPAGO;PLAN ESSENTIAL;176;NBC PR;HD;NACIONAL
PUERTO RICO;POSPAGO;PLAN ESSENTIAL;179;PUNTO 2;HD;NACIONAL
PUERTO RICO;POSPAGO;PLAN ESSENTIAL;183;TELEORO;SD;NACIONAL
PUERTO RICO;POSPAGO;PLAN ESSENTIAL;185;TELECINCO;SD;NACIONAL
PUERTO RICO;POSPAGO;PLAN ESSENTIAL;188;QVC;HD;HOGAR Y VARIEDADES
PUERTO RICO;POSPAGO;PLAN ESSENTIAL;189;QVC 2;SD;HOGAR Y VARIEDADES
PUERTO RICO;POSPAGO;PLAN ESSENTIAL;190;HOME SHOPPING NETWORK;HD;HOGAR Y VARIEDADES
PUERTO RICO;POSPAGO;PLAN ESSENTIAL;191;HOME SHOPPING NETWORK 2;SD;HOGAR Y VARIEDADES
PUERTO RICO;POSPAGO;PLAN ESSENTIAL;221;¡HOLA! TV;SD;HOGAR Y VARIEDADES
PUERTO RICO;POSPAGO;PLAN ESSENTIAL;226;QVC;HD;HOGAR Y VARIEDADES
PUERTO RICO;POSPAGO;PLAN ESSENTIAL;227;HOME SHOPPING NETWORK;HD;HOGAR Y VARIEDADES
PUERTO RICO;POSPAGO;PLAN ESSENTIAL;229;BLOSSOM;SD;HOGAR Y VARIEDADES
PUERTO RICO;POSPAGO;PLAN ESSENTIAL;249;TL NOVELAS;SD;TELENOVELAS
PUERTO RICO;POSPAGO;PLAN ESSENTIAL;268;SO YUMMY!;SD;GASTRONÓMICO
PUERTO RICO;POSPAGO;PLAN ESSENTIAL;330;DISCOVERY KIDS LA;SD;INFANTIL
PUERTO RICO;POSPAGO;PLAN ESSENTIAL;332;LOOLOO KIDS;SD;INFANTIL
PUERTO RICO;POSPAGO;PLAN ESSENTIAL;339;BABY FIRST TV;SD;INFANTIL
PUERTO RICO;POSPAGO;PLAN ESSENTIAL;350;EWTN;SD;RELIGIOSO
PUERTO RICO;POSPAGO;PLAN ESSENTIAL;352;ENLACE;SD;RELIGIOSO
PUERTO RICO;POSPAGO;PLAN ESSENTIAL;354;CHRISTIAN TELEVISION NETWORK (CTN);SD;RELIGIOSO
PUERTO RICO;POSPAGO;PLAN ESSENTIAL;516;DE PELÍCULA;SD;SERIES Y PELICULAS
PUERTO RICO;POSPAGO;PLAN ESSENTIAL;649;ESPN DEPORTES;HD;DEPORTES
PUERTO RICO;POSPAGO;PLAN ESSENTIAL;651;FOX DEPORTES;SD;DEPORTES
PUERTO RICO;POSPAGO;PLAN ESSENTIAL;657;WAPA DEPORTES;HD;DEPORTES
PUERTO RICO;POSPAGO;PLAN ESSENTIAL;712;ACCUWEATHER;HD;NOTICIAS
PUERTO RICO;POSPAGO;PLAN ESSENTIAL;720;C-SPAN2;SD;INFORMATIVO
PUERTO RICO;POSPAGO;PLAN ESSENTIAL;730;NAT GEO MUNDO;SD;CIENCIA Y CULTURA
PUERTO RICO;POSPAGO;PLAN ESSENTIAL;734;ANIMAL PLANET LA;SD;CIENCIA Y CULTURA
PUERTO RICO;POSPAGO;PLAN ESSENTIAL;760;TVE;SD;NACIONAL
PUERTO RICO;POSPAGO;PLAN ESSENTIAL;762;ANTENA 3;SD;NACIONAL
PUERTO RICO;POSPAGO;PLAN ESSENTIAL;764;HITN;SD;EDUCATIVO
PUERTO RICO;POSPAGO;PLAN ESSENTIAL;901;MUSIC CHOICE ROCK HITS;AUDIO;AUDIO
PUERTO RICO;POSPAGO;PLAN ESSENTIAL;902;MUSIC CHOICE ‘80S ROCK;AUDIO;AUDIO
PUERTO RICO;POSPAGO;PLAN ESSENTIAL;903;MUSIC CHOICE JAZZ VOCAL HITS;AUDIO;AUDIO
PUERTO RICO;POSPAGO;PLAN ESSENTIAL;904;MUSIC CHOICE COUNTRY HITS;AUDIO;AUDIO
PUERTO RICO;POSPAGO;PLAN ESSENTIAL;905;MUSIC CHOICE NEW AGE;AUDIO;AUDIO
PUERTO RICO;POSPAGO;PLAN ESSENTIAL;906;MUSIC CHOICE FUNK;AUDIO;AUDIO
PUERTO RICO;POSPAGO;PLAN ESSENTIAL;907;MUSIC CHOICE '90S;AUDIO;AUDIO
PUERTO RICO;POSPAGO;PLAN ESSENTIAL;908;MUSIC CHOICE BLUES;AUDIO;AUDIO
PUERTO RICO;POSPAGO;PLAN ESSENTIAL;909;MUSIC CHOICE LOVE SONGS;AUDIO;AUDIO
PUERTO RICO;POSPAGO;PLAN ESSENTIAL;910;MUSIC CHOICE MUSICA URBANA;AUDIO;AUDIO
PUERTO RICO;POSPAGO;PLAN ESSENTIAL;911;MUSIC CHOICE R&B CLASSICS;AUDIO;AUDIO
PUERTO RICO;POSPAGO;PLAN ESSENTIAL;912;MUSIC CHOICE LATIN JAZZ;AUDIO;AUDIO
PUERTO RICO;POSPAGO;PLAN ESSENTIAL;913;MUSIC CHOICE SOFT ROCK;AUDIO;AUDIO
PUERTO RICO;POSPAGO;PLAN ESSENTIAL;914;MUSIC CHOICE RAP;AUDIO;AUDIO
PUERTO RICO;POSPAGO;PLAN ESSENTIAL;915;MUSIC CHOICE CLASSIC CHRISTMAS;AUDIO;AUDIO
PUERTO RICO;POSPAGO;PLAN ESSENTIAL;916;MUSIC CHOICE WORKOUT;AUDIO;AUDIO
PUERTO RICO;POSPAGO;PLAN ESSENTIAL;917;MUSIC CHOICE BROADWAY;AUDIO;AUDIO
PUERTO RICO;POSPAGO;PLAN ESSENTIAL;918;MUSIC CHOICE ADULT ALTERNATIVE;AUDIO;AUDIO
PUERTO RICO;POSPAGO;PLAN ESSENTIAL;919;MUSIC CHOICE POP HITS;AUDIO;AUDIO
PUERTO RICO;POSPAGO;PLAN ESSENTIAL;920;MUSIC CHOICE NEW WAVE;AUDIO;AUDIO
PUERTO RICO;POSPAGO;PLAN ESSENTIAL;921;MUSIC CHOICE '70S;AUDIO;AUDIO
PUERTO RICO;POSPAGO;PLAN ESSENTIAL;922;MUSIC CHOICE KIDS ONLY!;AUDIO;AUDIO
PUERTO RICO;POSPAGO;PLAN ESSENTIAL;923;MUSIC CHOICE '80S;AUDIO;AUDIO
PUERTO RICO;POSPAGO;PLAN ESSENTIAL;924;MUSIC CHOICE ROCK LATINO;AUDIO;AUDIO
PUERTO RICO;POSPAGO;PLAN ESSENTIAL;925;MUSIC CHOICE RETRO WORKOUT;AUDIO;AUDIO
PUERTO RICO;POSPAGO;PLAN ESSENTIAL;926;MUSIC CHOICE CONTEMPORARY CHRISTIAN;AUDIO;AUDIO
PUERTO RICO;POSPAGO;PLAN ESSENTIAL;927;MUSIC CHOICE REGGAE;AUDIO;AUDIO
PUERTO RICO;POSPAGO;PLAN ESSENTIAL;928;MUSIC CHOICE ALTERNATIVE;AUDIO;AUDIO
PUERTO RICO;POSPAGO;PLAN ESSENTIAL;929;MUSIC CHOICE POP & COUNTRY;AUDIO;AUDIO
PUERTO RICO;POSPAGO;PLAN ESSENTIAL;930;MUSIC CHOICE POP LATINO;AUDIO;AUDIO
PUERTO RICO;POSPAGO;PLAN ESSENTIAL;931;MUSIC CHOICE CLASSIC COUNTRY;AUDIO;AUDIO
PUERTO RICO;POSPAGO;PLAN ESSENTIAL;932;MUSIC CHOICE BIG BAND;AUDIO;AUDIO
PUERTO RICO;POSPAGO;PLAN ESSENTIAL;933;MUSIC CHOICE TODAY'S COUNTRY;AUDIO;AUDIO
PUERTO RICO;POSPAGO;PLAN ESSENTIAL;934;MUSIC CHOICE HIT LIST;AUDIO;AUDIO
PUERTO RICO;POSPAGO;PLAN ESSENTIAL;935;MUSIC CHOICE HIP-HOP AND R&B;AUDIO;AUDIO
PUERTO RICO;POSPAGO;PLAN ESSENTIAL;936;MUSIC CHOICE TEEN BEATS;AUDIO;AUDIO
PUERTO RICO;POSPAGO;PLAN ESSENTIAL;937;MUSIC CHOICE COFFEE SHOP CUTS;AUDIO;AUDIO
PUERTO RICO;POSPAGO;PLAN ESSENTIAL;938;MUSIC CHOICE HONKY TONK;AUDIO;AUDIO
PUERTO RICO;POSPAGO;PLAN ESSENTIAL;939;MUSIC CHOICE SOUNDSCAPES;AUDIO;AUDIO
PUERTO RICO;POSPAGO;PLAN ESSENTIAL;940;MUSIC CHOICE LIGHT CLASSICAL;AUDIO;AUDIO
PUERTO RICO;POSPAGO;PLAN ESSENTIAL;941;MUSIC CHOICE CLASSIC ALTERNATIVE;AUDIO;AUDIO
PUERTO RICO;POSPAGO;PLAN ESSENTIAL;942;MUSIC CHOICE INDIE;AUDIO;AUDIO
PUERTO RICO;POSPAGO;PLAN ESSENTIAL;943;MUSIC CHOICE MALT SHOP FAVORITES;AUDIO;AUDIO
PUERTO RICO;POSPAGO;PLAN ESSENTIAL;944;MUSIC CHOICE SMOOTH JAZZ;AUDIO;AUDIO
PUERTO RICO;POSPAGO;PLAN ESSENTIAL;945;MUSIC CHOICE CONTEMPORARY INSTRUMENTALS;AUDIO;AUDIO
PUERTO RICO;POSPAGO;PLAN ESSENTIAL;946;MUSIC CHOICE HARD ROCK;AUDIO;AUDIO
PUERTO RICO;POSPAGO;PLAN ESSENTIAL;947;MUSIC CHOICE THROWBACK JAMZ;AUDIO;AUDIO
PUERTO RICO;POSPAGO;PLAN ESSENTIAL;948;MUSIC CHOICE CLASSIC ROCK;AUDIO;AUDIO
PUERTO RICO;POSPAGO;PLAN ESSENTIAL;949;MUSIC CHOICE MOVIE SCORES;AUDIO;AUDIO
PUERTO RICO;POSPAGO;PLAN ESSENTIAL;950;MUSIC CHOICE MAX;AUDIO;AUDIO
PUERTO RICO;POSPAGO;PLAN ESSENTIAL;951;MUSIC CHOICE MAINSTREAM RAP;AUDIO;AUDIO
PUERTO RICO;POSPAGO;PLAN ESSENTIAL;952;MUSIC CHOICE AMERICANA;AUDIO;AUDIO
PUERTO RICO;POSPAGO;PLAN ESSENTIAL;953;MUSIC CHOICE SYMPHONY;AUDIO;AUDIO
PUERTO RICO;POSPAGO;PLAN ESSENTIAL;954;MUSIC CHOICE DANCE/EDM;AUDIO;AUDIO
PUERTO RICO;POSPAGO;PLAN ESSENTIAL;955;MUSIC CHOICE FOLK;AUDIO;AUDIO
PUERTO RICO;POSPAGO;PLAN ESSENTIAL;956;MUSIC CHOICE CLASSIC DANCE;AUDIO;AUDIO
PUERTO RICO;POSPAGO;PLAN ESSENTIAL;957;MUSIC CHOICE GOSPEL HALLELUJAH;AUDIO;AUDIO
PUERTO RICO;POSPAGO;PLAN ESSENTIAL;958;MUSIC CHOICE TROPICALES;AUDIO;AUDIO
PUERTO RICO;POSPAGO;PLAN ESSENTIAL;959;MUSIC CHOICE METAL;AUDIO;AUDIO
PUERTO RICO;POSPAGO;PLAN ESSENTIAL;960;MUSIC CHOICE TODDLER TUNES;AUDIO;AUDIO
PUERTO RICO;POSPAGO;PLAN ESSENTIAL;961;MUSIC CHOICE Y2K;AUDIO;AUDIO
PUERTO RICO;POSPAGO;PLAN ESSENTIAL;962;MUSIC CHOICE BLUEGRASS;AUDIO;AUDIO
PUERTO RICO;POSPAGO;PLAN ESSENTIAL;963;MUSIC CHOICE VIETNAMESE;AUDIO;AUDIO
PUERTO RICO;POSPAGO;PLAN ESSENTIAL;964;MUSIC CHOICE GOSPEL;AUDIO;AUDIO
PUERTO RICO;POSPAGO;PLAN ESSENTIAL;965;MUSIC CHOICE '60S MOVEMENT;AUDIO;AUDIO
PUERTO RICO;POSPAGO;PLAN ESSENTIAL;966;MUSIC CHOICE FILIPINO;AUDIO;AUDIO
PUERTO RICO;POSPAGO;PLAN ESSENTIAL;967;MUSIC CHOICE SOUNDS OF THE SEASON;AUDIO;AUDIO
PUERTO RICO;POSPAGO;PLAN ESSENTIAL;921-1;MUSIC CHOICE '70S ULTRA;AUDIO;AUDIO
PUERTO RICO;POSPAGO;PLAN ESSENTIAL;923-1;MUSIC CHOICE '80S ULTRA;AUDIO;AUDIO
PUERTO RICO;POSPAGO;PLAN ESSENTIAL;931-1;MUSIC CHOICE COUNTRY CLASSIC ULTRA;AUDIO;AUDIO
PUERTO RICO;POSPAGO;PLAN ESSENTIAL;933-1;MUSIC CHOICE TODAY'S COUNTRY ULTRA;AUDIO;AUDIO
PUERTO RICO;POSPAGO;PLAN ESSENTIAL;939-1;MUSIC CHOICE SOUNDSCAPES ULTRA;AUDIO;AUDIO
PUERTO RICO;POSPAGO;PLAN ESSENTIAL;967-1;MUSIC CHOICE CLASSIC ROCK ULTRA;AUDIO;AUDIO
PUERTO RICO;POSPAGO;RESIDENTIAL SPORTS PACK;652;THE TENNIS CHANNEL;HD;DEPORTES
PUERTO RICO;POSPAGO;RESIDENTIAL SPORTS PACK;653;NBA TV;HD;DEPORTES
PUERTO RICO;POSPAGO;RESIDENTIAL SPORTS PACK;654;THE GOLF CHANNEL;HD;DEPORTES
PUERTO RICO;POSPAGO;RESIDENTIAL SPORTS PACK;656;MLB NETWORK;HD;DEPORTES
PUERTO RICO;POSPAGO;SELECT PR;162;TELEMUNDO PR;HD;NACIONAL
PUERTO RICO;POSPAGO;SELECT PR;164;WAPA TV;HD;NACIONAL
PUERTO RICO;POSPAGO;SELECT PR;166;WIPR;SD;NACIONAL
PUERTO RICO;POSPAGO;SELECT PR;167;UNIVISION;SD;NACIONAL
PUERTO RICO;POSPAGO;SELECT PR;168;TELEONCE;HD;NACIONAL
PUERTO RICO;POSPAGO;SELECT PR;169;DAYSTAR ESPAÑOL;SD;RELIGIOSO
PUERTO RICO;POSPAGO;SELECT PR;170;FOX PR;HD;NACIONAL
PUERTO RICO;POSPAGO;SELECT PR;172;ABC5 PR;HD;NACIONAL
PUERTO RICO;POSPAGO;SELECT PR;174;CBS PR;HD;NACIONAL
PUERTO RICO;POSPAGO;SELECT PR;176;NBC PR;HD;NACIONAL
PUERTO RICO;POSPAGO;SELECT PR;179;PUNTO 2;HD;NACIONAL
PUERTO RICO;POSPAGO;SELECT PR;181;TV DOMINICANA;SD;NACIONAL
PUERTO RICO;POSPAGO;SELECT PR;182;TV CHILE;SD;NACIONAL
PUERTO RICO;POSPAGO;SELECT PR;183;TELEORO;SD;NACIONAL
PUERTO RICO;POSPAGO;SELECT PR;185;TELECINCO;SD;NACIONAL
PUERTO RICO;POSPAGO;SELECT PR;188;QVC;HD;HOGAR Y VARIEDADES
PUERTO RICO;POSPAGO;SELECT PR;189;QVC 2;SD;HOGAR Y VARIEDADES
PUERTO RICO;POSPAGO;SELECT PR;190;HOME SHOPPING NETWORK;HD;HOGAR Y VARIEDADES
PUERTO RICO;POSPAGO;SELECT PR;191;HOME SHOPPING NETWORK 2;SD;HOGAR Y VARIEDADES
PUERTO RICO;POSPAGO;SELECT PR;225;PASIONES;SD;TELENOVELAS
PUERTO RICO;POSPAGO;SELECT PR;226;QVC;HD;HOGAR Y VARIEDADES
PUERTO RICO;POSPAGO;SELECT PR;227;HOME SHOPPING NETWORK;HD;HOGAR Y VARIEDADES
PUERTO RICO;POSPAGO;SELECT PR;229;BLOSSOM;SD;HOGAR Y VARIEDADES
PUERTO RICO;POSPAGO;SELECT PR;249;TL NOVELAS;SD;TELENOVELAS
PUERTO RICO;POSPAGO;SELECT PR;268;SO YUMMY!;SD;GASTRONÓMICO
PUERTO RICO;POSPAGO;SELECT PR;330;DISCOVERY KIDS LA;SD;INFANTIL
PUERTO RICO;POSPAGO;SELECT PR;332;LOOLOO KIDS;SD;INFANTIL
PUERTO RICO;POSPAGO;SELECT PR;338;VME;SD;NACIONAL
PUERTO RICO;POSPAGO;SELECT PR;339;BABY FIRST TV;SD;INFANTIL
PUERTO RICO;POSPAGO;SELECT PR;350;EWTN;SD;RELIGIOSO
PUERTO RICO;POSPAGO;SELECT PR;352;ENLACE;SD;RELIGIOSO
PUERTO RICO;POSPAGO;SELECT PR;354;CHRISTIAN TELEVISION NETWORK (CTN);SD;RELIGIOSO
PUERTO RICO;POSPAGO;SELECT PR;514;CINE LATINO;SD;SERIES Y PELICULAS
PUERTO RICO;POSPAGO;SELECT PR;516;DE PELÍCULA;SD;SERIES Y PELICULAS
PUERTO RICO;POSPAGO;SELECT PR;649;ESPN DEPORTES;HD;DEPORTES
PUERTO RICO;POSPAGO;SELECT PR;651;FOX DEPORTES;SD;DEPORTES
PUERTO RICO;POSPAGO;SELECT PR;657;WAPA DEPORTES;HD;DEPORTES
PUERTO RICO;POSPAGO;SELECT PR;704;CNN EN ESPAÑOL;SD;NOTICIAS
PUERTO RICO;POSPAGO;SELECT PR;712;ACCUWEATHER;HD;NOTICIAS
PUERTO RICO;POSPAGO;SELECT PR;720;C-SPAN2;SD;INFORMATIVO
PUERTO RICO;POSPAGO;SELECT PR;730;NAT GEO MUNDO;SD;CIENCIA Y CULTURA
PUERTO RICO;POSPAGO;SELECT PR;732;DISCOVERY EN ESPAÑOL;SD;CIENCIA Y CULTURA
PUERTO RICO;POSPAGO;SELECT PR;734;ANIMAL PLANET LA;SD;CIENCIA Y CULTURA
PUERTO RICO;POSPAGO;SELECT PR;742;HISTORY ANDES;SD;CIENCIA Y CULTURA
PUERTO RICO;POSPAGO;SELECT PR;760;TVE;SD;NACIONAL
PUERTO RICO;POSPAGO;SELECT PR;762;ANTENA 3;SD;NACIONAL
PUERTO RICO;POSPAGO;SELECT PR;764;HITN;SD;EDUCATIVO
PUERTO RICO;POSPAGO;SELECT PR;901;MUSIC CHOICE ROCK HITS;AUDIO;AUDIO
PUERTO RICO;POSPAGO;SELECT PR;902;MUSIC CHOICE ‘80S ROCK;AUDIO;AUDIO
PUERTO RICO;POSPAGO;SELECT PR;903;MUSIC CHOICE JAZZ VOCAL HITS;AUDIO;AUDIO
PUERTO RICO;POSPAGO;SELECT PR;904;MUSIC CHOICE COUNTRY HITS;AUDIO;AUDIO
PUERTO RICO;POSPAGO;SELECT PR;905;MUSIC CHOICE NEW AGE;AUDIO;AUDIO
PUERTO RICO;POSPAGO;SELECT PR;906;MUSIC CHOICE FUNK;AUDIO;AUDIO
PUERTO RICO;POSPAGO;SELECT PR;907;MUSIC CHOICE '90S;AUDIO;AUDIO
PUERTO RICO;POSPAGO;SELECT PR;908;MUSIC CHOICE BLUES;AUDIO;AUDIO
PUERTO RICO;POSPAGO;SELECT PR;909;MUSIC CHOICE LOVE SONGS;AUDIO;AUDIO
PUERTO RICO;POSPAGO;SELECT PR;910;MUSIC CHOICE MUSICA URBANA;AUDIO;AUDIO
PUERTO RICO;POSPAGO;SELECT PR;911;MUSIC CHOICE R&B CLASSICS;AUDIO;AUDIO
PUERTO RICO;POSPAGO;SELECT PR;912;MUSIC CHOICE LATIN JAZZ;AUDIO;AUDIO
PUERTO RICO;POSPAGO;SELECT PR;913;MUSIC CHOICE SOFT ROCK;AUDIO;AUDIO
PUERTO RICO;POSPAGO;SELECT PR;914;MUSIC CHOICE RAP;AUDIO;AUDIO
PUERTO RICO;POSPAGO;SELECT PR;915;MUSIC CHOICE CLASSIC CHRISTMAS;AUDIO;AUDIO
PUERTO RICO;POSPAGO;SELECT PR;916;MUSIC CHOICE WORKOUT;AUDIO;AUDIO
PUERTO RICO;POSPAGO;SELECT PR;917;MUSIC CHOICE BROADWAY;AUDIO;AUDIO
PUERTO RICO;POSPAGO;SELECT PR;918;MUSIC CHOICE ADULT ALTERNATIVE;AUDIO;AUDIO
PUERTO RICO;POSPAGO;SELECT PR;919;MUSIC CHOICE POP HITS;AUDIO;AUDIO
PUERTO RICO;POSPAGO;SELECT PR;920;MUSIC CHOICE NEW WAVE;AUDIO;AUDIO
PUERTO RICO;POSPAGO;SELECT PR;921;MUSIC CHOICE '70S;AUDIO;AUDIO
PUERTO RICO;POSPAGO;SELECT PR;922;MUSIC CHOICE KIDS ONLY!;AUDIO;AUDIO
PUERTO RICO;POSPAGO;SELECT PR;923;MUSIC CHOICE '80S;AUDIO;AUDIO
PUERTO RICO;POSPAGO;SELECT PR;924;MUSIC CHOICE ROCK LATINO;AUDIO;AUDIO
PUERTO RICO;POSPAGO;SELECT PR;925;MUSIC CHOICE RETRO WORKOUT;AUDIO;AUDIO
PUERTO RICO;POSPAGO;SELECT PR;926;MUSIC CHOICE CONTEMPORARY CHRISTIAN;AUDIO;AUDIO
PUERTO RICO;POSPAGO;SELECT PR;927;MUSIC CHOICE REGGAE;AUDIO;AUDIO
PUERTO RICO;POSPAGO;SELECT PR;928;MUSIC CHOICE ALTERNATIVE;AUDIO;AUDIO
PUERTO RICO;POSPAGO;SELECT PR;929;MUSIC CHOICE POP & COUNTRY;AUDIO;AUDIO
PUERTO RICO;POSPAGO;SELECT PR;930;MUSIC CHOICE POP LATINO;AUDIO;AUDIO
PUERTO RICO;POSPAGO;SELECT PR;931;MUSIC CHOICE CLASSIC COUNTRY;AUDIO;AUDIO
PUERTO RICO;POSPAGO;SELECT PR;932;MUSIC CHOICE BIG BAND;AUDIO;AUDIO
PUERTO RICO;POSPAGO;SELECT PR;933;MUSIC CHOICE TODAY'S COUNTRY;AUDIO;AUDIO
PUERTO RICO;POSPAGO;SELECT PR;934;MUSIC CHOICE HIT LIST;AUDIO;AUDIO
PUERTO RICO;POSPAGO;SELECT PR;935;MUSIC CHOICE HIP-HOP AND R&B;AUDIO;AUDIO
PUERTO RICO;POSPAGO;SELECT PR;936;MUSIC CHOICE TEEN BEATS;AUDIO;AUDIO
PUERTO RICO;POSPAGO;SELECT PR;937;MUSIC CHOICE COFFEE SHOP CUTS;AUDIO;AUDIO
PUERTO RICO;POSPAGO;SELECT PR;938;MUSIC CHOICE HONKY TONK;AUDIO;AUDIO
PUERTO RICO;POSPAGO;SELECT PR;939;MUSIC CHOICE SOUNDSCAPES;AUDIO;AUDIO
PUERTO RICO;POSPAGO;SELECT PR;940;MUSIC CHOICE LIGHT CLASSICAL;AUDIO;AUDIO
PUERTO RICO;POSPAGO;SELECT PR;941;MUSIC CHOICE CLASSIC ALTERNATIVE;AUDIO;AUDIO
PUERTO RICO;POSPAGO;SELECT PR;942;MUSIC CHOICE INDIE;AUDIO;AUDIO
PUERTO RICO;POSPAGO;SELECT PR;943;MUSIC CHOICE MALT SHOP FAVORITES;AUDIO;AUDIO
PUERTO RICO;POSPAGO;SELECT PR;944;MUSIC CHOICE SMOOTH JAZZ;AUDIO;AUDIO
PUERTO RICO;POSPAGO;SELECT PR;945;MUSIC CHOICE CONTEMPORARY INSTRUMENTALS;AUDIO;AUDIO
PUERTO RICO;POSPAGO;SELECT PR;946;MUSIC CHOICE HARD ROCK;AUDIO;AUDIO
PUERTO RICO;POSPAGO;SELECT PR;947;MUSIC CHOICE THROWBACK JAMZ;AUDIO;AUDIO
PUERTO RICO;POSPAGO;SELECT PR;948;MUSIC CHOICE CLASSIC ROCK;AUDIO;AUDIO
PUERTO RICO;POSPAGO;SELECT PR;949;MUSIC CHOICE MOVIE SCORES;AUDIO;AUDIO
PUERTO RICO;POSPAGO;SELECT PR;950;MUSIC CHOICE MAX;AUDIO;AUDIO
PUERTO RICO;POSPAGO;SELECT PR;951;MUSIC CHOICE MAINSTREAM RAP;AUDIO;AUDIO
PUERTO RICO;POSPAGO;SELECT PR;952;MUSIC CHOICE AMERICANA;AUDIO;AUDIO
PUERTO RICO;POSPAGO;SELECT PR;953;MUSIC CHOICE SYMPHONY;AUDIO;AUDIO
PUERTO RICO;POSPAGO;SELECT PR;954;MUSIC CHOICE DANCE/EDM;AUDIO;AUDIO
PUERTO RICO;POSPAGO;SELECT PR;955;MUSIC CHOICE FOLK;AUDIO;AUDIO
PUERTO RICO;POSPAGO;SELECT PR;956;MUSIC CHOICE CLASSIC DANCE;AUDIO;AUDIO
PUERTO RICO;POSPAGO;SELECT PR;957;MUSIC CHOICE GOSPEL HALLELUJAH;AUDIO;AUDIO
PUERTO RICO;POSPAGO;SELECT PR;958;MUSIC CHOICE TROPICALES;AUDIO;AUDIO
PUERTO RICO;POSPAGO;SELECT PR;959;MUSIC CHOICE METAL;AUDIO;AUDIO
PUERTO RICO;POSPAGO;SELECT PR;960;MUSIC CHOICE TODDLER TUNES;AUDIO;AUDIO
PUERTO RICO;POSPAGO;SELECT PR;961;MUSIC CHOICE Y2K;AUDIO;AUDIO
PUERTO RICO;POSPAGO;SELECT PR;962;MUSIC CHOICE BLUEGRASS;AUDIO;AUDIO
PUERTO RICO;POSPAGO;SELECT PR;963;MUSIC CHOICE VIETNAMESE;AUDIO;AUDIO
PUERTO RICO;POSPAGO;SELECT PR;964;MUSIC CHOICE GOSPEL;AUDIO;AUDIO
PUERTO RICO;POSPAGO;SELECT PR;965;MUSIC CHOICE '60S MOVEMENT;AUDIO;AUDIO
PUERTO RICO;POSPAGO;SELECT PR;966;MUSIC CHOICE FILIPINO;AUDIO;AUDIO
PUERTO RICO;POSPAGO;SELECT PR;967;MUSIC CHOICE SOUNDS OF THE SEASON;AUDIO;AUDIO
PUERTO RICO;POSPAGO;SELECT PR;921-1;MUSIC CHOICE '70S ULTRA;AUDIO;AUDIO
PUERTO RICO;POSPAGO;SELECT PR;923-1;MUSIC CHOICE '80S ULTRA;AUDIO;AUDIO
PUERTO RICO;POSPAGO;SELECT PR;931-1;MUSIC CHOICE COUNTRY CLASSIC ULTRA;AUDIO;AUDIO
PUERTO RICO;POSPAGO;SELECT PR;933-1;MUSIC CHOICE TODAY'S COUNTRY ULTRA;AUDIO;AUDIO
PUERTO RICO;POSPAGO;SELECT PR;939-1;MUSIC CHOICE SOUNDSCAPES ULTRA;AUDIO;AUDIO
PUERTO RICO;POSPAGO;SELECT PR;967-1;MUSIC CHOICE CLASSIC ROCK ULTRA;AUDIO;AUDIO
PUERTO RICO;POSPAGO;STARZ PACK ST;585;STARZ;HD;SERIES Y PELICULAS
PUERTO RICO;POSPAGO;STARZ PACK ST;586;STARZ KIDS & FAMILY;HD;INFANTIL
PUERTO RICO;POSPAGO;STARZ PACK ST;587;STARZ CINEMA;HD;SERIES Y PELICULAS
PUERTO RICO;POSPAGO;STARZ PACK ST;588;ENCORE ACTION;SD;SERIES Y PELICULAS
PUERTO RICO;POSPAGO;STARZ PACK ST;589;ENCORE;HD;SERIES Y PELICULAS
PUERTO RICO;POSPAGO;STARZ PACK ST;590;ENCORE FAMILY;SD;SERIES Y PELICULAS
PUERTO RICO;POSPAGO;XTRA PR;162;TELEMUNDO PR;HD;NACIONAL
PUERTO RICO;POSPAGO;XTRA PR;164;WAPA TV;HD;NACIONAL
PUERTO RICO;POSPAGO;XTRA PR;166;WIPR;SD;NACIONAL
PUERTO RICO;POSPAGO;XTRA PR;167;UNIVISION;SD;NACIONAL
PUERTO RICO;POSPAGO;XTRA PR;168;TELEONCE;HD;NACIONAL
PUERTO RICO;POSPAGO;XTRA PR;169;DAYSTAR ESPAÑOL;SD;RELIGIOSO
PUERTO RICO;POSPAGO;XTRA PR;170;FOX PR;HD;NACIONAL
PUERTO RICO;POSPAGO;XTRA PR;172;ABC5 PR;HD;NACIONAL
PUERTO RICO;POSPAGO;XTRA PR;174;CBS PR;HD;NACIONAL
PUERTO RICO;POSPAGO;XTRA PR;176;NBC PR;HD;NACIONAL
PUERTO RICO;POSPAGO;XTRA PR;179;PUNTO 2;HD;NACIONAL
PUERTO RICO;POSPAGO;XTRA PR;181;TV DOMINICANA;SD;NACIONAL
PUERTO RICO;POSPAGO;XTRA PR;182;TV CHILE;SD;NACIONAL
PUERTO RICO;POSPAGO;XTRA PR;183;TELEORO;SD;NACIONAL
PUERTO RICO;POSPAGO;XTRA PR;185;TELECINCO;SD;NACIONAL
PUERTO RICO;POSPAGO;XTRA PR;188;QVC;HD;HOGAR Y VARIEDADES
PUERTO RICO;POSPAGO;XTRA PR;189;QVC 2;SD;HOGAR Y VARIEDADES
PUERTO RICO;POSPAGO;XTRA PR;190;HOME SHOPPING NETWORK;HD;HOGAR Y VARIEDADES
PUERTO RICO;POSPAGO;XTRA PR;191;HOME SHOPPING NETWORK 2;SD;HOGAR Y VARIEDADES
PUERTO RICO;POSPAGO;XTRA PR;220;BRAVO TV;HD;HOGAR Y VARIEDADES
PUERTO RICO;POSPAGO;XTRA PR;221;¡HOLA! TV;SD;HOGAR Y VARIEDADES
PUERTO RICO;POSPAGO;XTRA PR;222;E! US HD;HD;HOGAR Y VARIEDADES
PUERTO RICO;POSPAGO;XTRA PR;225;PASIONES;SD;TELENOVELAS
PUERTO RICO;POSPAGO;XTRA PR;226;QVC;HD;HOGAR Y VARIEDADES
PUERTO RICO;POSPAGO;XTRA PR;227;HOME SHOPPING NETWORK;HD;HOGAR Y VARIEDADES
PUERTO RICO;POSPAGO;XTRA PR;228;FOOD NETWORK;HD;GASTRONÓMICO
PUERTO RICO;POSPAGO;XTRA PR;229;BLOSSOM;SD;HOGAR Y VARIEDADES
PUERTO RICO;POSPAGO;XTRA PR;230;BET;SD;HOGAR Y VARIEDADES
PUERTO RICO;POSPAGO;XTRA PR;242;FX HD;HD;SERIES Y PELICULAS
PUERTO RICO;POSPAGO;XTRA PR;244;TNT;HD;SERIES Y PELICULAS
PUERTO RICO;POSPAGO;XTRA PR;246;USA;HD;SERIES Y PELICULAS
PUERTO RICO;POSPAGO;XTRA PR;248;TBS;HD;SERIES Y PELICULAS
PUERTO RICO;POSPAGO;XTRA PR;249;TL NOVELAS;SD;TELENOVELAS
PUERTO RICO;POSPAGO;XTRA PR;250;HGTV;HD;HOGAR Y VARIEDADES
PUERTO RICO;POSPAGO;XTRA PR;252;FREEFORM;HD;SERIES Y PELICULAS
PUERTO RICO;POSPAGO;XTRA PR;254;PARAMOUNT;HD;SERIES Y PELICULAS
PUERTO RICO;POSPAGO;XTRA PR;256;A&E;HD;SERIES Y PELICULAS
PUERTO RICO;POSPAGO;XTRA PR;260;MTV;HD;MUSICAL
PUERTO RICO;POSPAGO;XTRA PR;261;MTV 2;HD;MUSICAL
PUERTO RICO;POSPAGO;XTRA PR;262;VH1;HD;MUSICAL
PUERTO RICO;POSPAGO;XTRA PR;263;COMEDY CENTRAL;HD;SERIES Y PELICULAS
PUERTO RICO;POSPAGO;XTRA PR;264;VICE;SD;INFORMATIVO
PUERTO RICO;POSPAGO;XTRA PR;267;COOKING CHANNEL;HD;GASTRONÓMICO
PUERTO RICO;POSPAGO;XTRA PR;268;SO YUMMY!;SD;GASTRONÓMICO
PUERTO RICO;POSPAGO;XTRA PR;320;CARTOON NETWORK;HD;INFANTIL
PUERTO RICO;POSPAGO;XTRA PR;322;NICKELODEON;HD;INFANTIL
PUERTO RICO;POSPAGO;XTRA PR;324;DISNEY CHANNEL;HD;INFANTIL
PUERTO RICO;POSPAGO;XTRA PR;326;DISNEY XD;HD;INFANTIL
PUERTO RICO;POSPAGO;XTRA PR;330;DISCOVERY KIDS LA;SD;INFANTIL
PUERTO RICO;POSPAGO;XTRA PR;332;LOOLOO KIDS;SD;INFANTIL
PUERTO RICO;POSPAGO;XTRA PR;336;BOOMERANG;SD;INFANTIL
PUERTO RICO;POSPAGO;XTRA PR;337;NICK JR.;HD;INFANTIL
PUERTO RICO;POSPAGO;XTRA PR;338;VME;SD;NACIONAL
PUERTO RICO;POSPAGO;XTRA PR;339;BABY FIRST TV;SD;INFANTIL
PUERTO RICO;POSPAGO;XTRA PR;350;EWTN;SD;RELIGIOSO
PUERTO RICO;POSPAGO;XTRA PR;352;ENLACE;SD;RELIGIOSO
PUERTO RICO;POSPAGO;XTRA PR;354;CHRISTIAN TELEVISION NETWORK (CTN);SD;RELIGIOSO
PUERTO RICO;POSPAGO;XTRA PR;511;AMC;HD;SERIES Y PELICULAS
PUERTO RICO;POSPAGO;XTRA PR;514;CINE LATINO;SD;SERIES Y PELICULAS
PUERTO RICO;POSPAGO;XTRA PR;516;DE PELÍCULA;SD;SERIES Y PELICULAS
PUERTO RICO;POSPAGO;XTRA PR;517;LIFETIME;HD;SERIES Y PELICULAS
PUERTO RICO;POSPAGO;XTRA PR;518;LIFETIME MOVIE NETWORK;HD;SERIES Y PELICULAS
PUERTO RICO;POSPAGO;XTRA PR;520;HALLMARK;HD;SERIES Y PELICULAS
PUERTO RICO;POSPAGO;XTRA PR;521;HALLMARK FAMILY;HD;SERIES Y PELICULAS
PUERTO RICO;POSPAGO;XTRA PR;522;HALLMARK MYSTERY;HD;SERIES Y PELICULAS
PUERTO RICO;POSPAGO;XTRA PR;645;ESPN;HD;DEPORTES
PUERTO RICO;POSPAGO;XTRA PR;646;ESPN NEWS;HD;DEPORTES
PUERTO RICO;POSPAGO;XTRA PR;648;ESPN 2;HD;DEPORTES
PUERTO RICO;POSPAGO;XTRA PR;649;ESPN DEPORTES;HD;DEPORTES
PUERTO RICO;POSPAGO;XTRA PR;651;FOX DEPORTES;SD;DEPORTES
PUERTO RICO;POSPAGO;XTRA PR;652;THE TENNIS CHANNEL;HD;DEPORTES
PUERTO RICO;POSPAGO;XTRA PR;653;NBA TV;HD;DEPORTES
PUERTO RICO;POSPAGO;XTRA PR;654;THE GOLF CHANNEL;HD;DEPORTES
PUERTO RICO;POSPAGO;XTRA PR;655;FOX SPORTS;HD;DEPORTES
PUERTO RICO;POSPAGO;XTRA PR;656;MLB NETWORK;HD;DEPORTES
PUERTO RICO;POSPAGO;XTRA PR;657;WAPA DEPORTES;HD;DEPORTES
PUERTO RICO;POSPAGO;XTRA PR;659;RACER NETWORK;HD;DEPORTES
PUERTO RICO;POSPAGO;XTRA PR;702;CNN;HD;NOTICIAS
PUERTO RICO;POSPAGO;XTRA PR;704;CNN EN ESPAÑOL;SD;NOTICIAS
PUERTO RICO;POSPAGO;XTRA PR;708;HEADLINE NEWS;HD;NOTICIAS
PUERTO RICO;POSPAGO;XTRA PR;710;BLOOMBERG;HD;NOTICIAS
PUERTO RICO;POSPAGO;XTRA PR;712;ACCUWEATHER;HD;NOTICIAS
PUERTO RICO;POSPAGO;XTRA PR;714;ESTRELLA TV;SD;NACIONAL
PUERTO RICO;POSPAGO;XTRA PR;720;C-SPAN2;SD;INFORMATIVO
PUERTO RICO;POSPAGO;XTRA PR;730;NAT GEO MUNDO;SD;CIENCIA Y CULTURA
PUERTO RICO;POSPAGO;XTRA PR;732;DISCOVERY EN ESPAÑOL;SD;CIENCIA Y CULTURA
PUERTO RICO;POSPAGO;XTRA PR;734;ANIMAL PLANET LA;SD;CIENCIA Y CULTURA
PUERTO RICO;POSPAGO;XTRA PR;735;ANIMAL PLANET US;HD;CIENCIA Y CULTURA
PUERTO RICO;POSPAGO;XTRA PR;742;HISTORY ANDES;SD;CIENCIA Y CULTURA
PUERTO RICO;POSPAGO;XTRA PR;744;FYI;HD;HOGAR Y VARIEDADES
PUERTO RICO;POSPAGO;XTRA PR;745;SYFY;HD;SERIES Y PELICULAS
PUERTO RICO;POSPAGO;XTRA PR;746;DISCOVERY TURBO;HD;HOGAR Y VARIEDADES
PUERTO RICO;POSPAGO;XTRA PR;752;DISCOVERY US;HD;CIENCIA Y CULTURA
PUERTO RICO;POSPAGO;XTRA PR;754;THE LEARNING CHANNEL;HD;HOGAR Y VARIEDADES
PUERTO RICO;POSPAGO;XTRA PR;756;HISTORY US;HD;CIENCIA Y CULTURA
PUERTO RICO;POSPAGO;XTRA PR;760;TVE;SD;NACIONAL
PUERTO RICO;POSPAGO;XTRA PR;762;ANTENA 3;SD;NACIONAL
PUERTO RICO;POSPAGO;XTRA PR;764;HITN;SD;EDUCATIVO
PUERTO RICO;POSPAGO;XTRA PR;768;BBC AMERICA;HD;SERIES Y PELICULAS
PUERTO RICO;POSPAGO;XTRA PR;901;MUSIC CHOICE ROCK HITS;AUDIO;AUDIO
PUERTO RICO;POSPAGO;XTRA PR;902;MUSIC CHOICE ‘80S ROCK;AUDIO;AUDIO
PUERTO RICO;POSPAGO;XTRA PR;903;MUSIC CHOICE JAZZ VOCAL HITS;AUDIO;AUDIO
PUERTO RICO;POSPAGO;XTRA PR;904;MUSIC CHOICE COUNTRY HITS;AUDIO;AUDIO
PUERTO RICO;POSPAGO;XTRA PR;905;MUSIC CHOICE NEW AGE;AUDIO;AUDIO
PUERTO RICO;POSPAGO;XTRA PR;906;MUSIC CHOICE FUNK;AUDIO;AUDIO
PUERTO RICO;POSPAGO;XTRA PR;907;MUSIC CHOICE '90S;AUDIO;AUDIO
PUERTO RICO;POSPAGO;XTRA PR;908;MUSIC CHOICE BLUES;AUDIO;AUDIO
PUERTO RICO;POSPAGO;XTRA PR;909;MUSIC CHOICE LOVE SONGS;AUDIO;AUDIO
PUERTO RICO;POSPAGO;XTRA PR;910;MUSIC CHOICE MUSICA URBANA;AUDIO;AUDIO
PUERTO RICO;POSPAGO;XTRA PR;911;MUSIC CHOICE R&B CLASSICS;AUDIO;AUDIO
PUERTO RICO;POSPAGO;XTRA PR;912;MUSIC CHOICE LATIN JAZZ;AUDIO;AUDIO
PUERTO RICO;POSPAGO;XTRA PR;913;MUSIC CHOICE SOFT ROCK;AUDIO;AUDIO
PUERTO RICO;POSPAGO;XTRA PR;914;MUSIC CHOICE RAP;AUDIO;AUDIO
PUERTO RICO;POSPAGO;XTRA PR;915;MUSIC CHOICE CLASSIC CHRISTMAS;AUDIO;AUDIO
PUERTO RICO;POSPAGO;XTRA PR;916;MUSIC CHOICE WORKOUT;AUDIO;AUDIO
PUERTO RICO;POSPAGO;XTRA PR;917;MUSIC CHOICE BROADWAY;AUDIO;AUDIO
PUERTO RICO;POSPAGO;XTRA PR;918;MUSIC CHOICE ADULT ALTERNATIVE;AUDIO;AUDIO
PUERTO RICO;POSPAGO;XTRA PR;919;MUSIC CHOICE POP HITS;AUDIO;AUDIO
PUERTO RICO;POSPAGO;XTRA PR;920;MUSIC CHOICE NEW WAVE;AUDIO;AUDIO
PUERTO RICO;POSPAGO;XTRA PR;921;MUSIC CHOICE '70S;AUDIO;AUDIO
PUERTO RICO;POSPAGO;XTRA PR;922;MUSIC CHOICE KIDS ONLY!;AUDIO;AUDIO
PUERTO RICO;POSPAGO;XTRA PR;923;MUSIC CHOICE '80S;AUDIO;AUDIO
PUERTO RICO;POSPAGO;XTRA PR;924;MUSIC CHOICE ROCK LATINO;AUDIO;AUDIO
PUERTO RICO;POSPAGO;XTRA PR;925;MUSIC CHOICE RETRO WORKOUT;AUDIO;AUDIO
PUERTO RICO;POSPAGO;XTRA PR;926;MUSIC CHOICE CONTEMPORARY CHRISTIAN;AUDIO;AUDIO
PUERTO RICO;POSPAGO;XTRA PR;927;MUSIC CHOICE REGGAE;AUDIO;AUDIO
PUERTO RICO;POSPAGO;XTRA PR;928;MUSIC CHOICE ALTERNATIVE;AUDIO;AUDIO
PUERTO RICO;POSPAGO;XTRA PR;929;MUSIC CHOICE POP & COUNTRY;AUDIO;AUDIO
PUERTO RICO;POSPAGO;XTRA PR;930;MUSIC CHOICE POP LATINO;AUDIO;AUDIO
PUERTO RICO;POSPAGO;XTRA PR;931;MUSIC CHOICE CLASSIC COUNTRY;AUDIO;AUDIO
PUERTO RICO;POSPAGO;XTRA PR;932;MUSIC CHOICE BIG BAND;AUDIO;AUDIO
PUERTO RICO;POSPAGO;XTRA PR;933;MUSIC CHOICE TODAY'S COUNTRY;AUDIO;AUDIO
PUERTO RICO;POSPAGO;XTRA PR;934;MUSIC CHOICE HIT LIST;AUDIO;AUDIO
PUERTO RICO;POSPAGO;XTRA PR;935;MUSIC CHOICE HIP-HOP AND R&B;AUDIO;AUDIO
PUERTO RICO;POSPAGO;XTRA PR;936;MUSIC CHOICE TEEN BEATS;AUDIO;AUDIO
PUERTO RICO;POSPAGO;XTRA PR;937;MUSIC CHOICE COFFEE SHOP CUTS;AUDIO;AUDIO
PUERTO RICO;POSPAGO;XTRA PR;938;MUSIC CHOICE HONKY TONK;AUDIO;AUDIO
PUERTO RICO;POSPAGO;XTRA PR;939;MUSIC CHOICE SOUNDSCAPES;AUDIO;AUDIO
PUERTO RICO;POSPAGO;XTRA PR;940;MUSIC CHOICE LIGHT CLASSICAL;AUDIO;AUDIO
PUERTO RICO;POSPAGO;XTRA PR;941;MUSIC CHOICE CLASSIC ALTERNATIVE;AUDIO;AUDIO
PUERTO RICO;POSPAGO;XTRA PR;942;MUSIC CHOICE INDIE;AUDIO;AUDIO
PUERTO RICO;POSPAGO;XTRA PR;943;MUSIC CHOICE MALT SHOP FAVORITES;AUDIO;AUDIO
PUERTO RICO;POSPAGO;XTRA PR;944;MUSIC CHOICE SMOOTH JAZZ;AUDIO;AUDIO
PUERTO RICO;POSPAGO;XTRA PR;945;MUSIC CHOICE CONTEMPORARY INSTRUMENTALS;AUDIO;AUDIO
PUERTO RICO;POSPAGO;XTRA PR;946;MUSIC CHOICE HARD ROCK;AUDIO;AUDIO
PUERTO RICO;POSPAGO;XTRA PR;947;MUSIC CHOICE THROWBACK JAMZ;AUDIO;AUDIO
PUERTO RICO;POSPAGO;XTRA PR;948;MUSIC CHOICE CLASSIC ROCK;AUDIO;AUDIO
PUERTO RICO;POSPAGO;XTRA PR;949;MUSIC CHOICE MOVIE SCORES;AUDIO;AUDIO
PUERTO RICO;POSPAGO;XTRA PR;950;MUSIC CHOICE MAX;AUDIO;AUDIO
PUERTO RICO;POSPAGO;XTRA PR;951;MUSIC CHOICE MAINSTREAM RAP;AUDIO;AUDIO
PUERTO RICO;POSPAGO;XTRA PR;952;MUSIC CHOICE AMERICANA;AUDIO;AUDIO
PUERTO RICO;POSPAGO;XTRA PR;953;MUSIC CHOICE SYMPHONY;AUDIO;AUDIO
PUERTO RICO;POSPAGO;XTRA PR;954;MUSIC CHOICE DANCE/EDM;AUDIO;AUDIO
PUERTO RICO;POSPAGO;XTRA PR;955;MUSIC CHOICE FOLK;AUDIO;AUDIO
PUERTO RICO;POSPAGO;XTRA PR;956;MUSIC CHOICE CLASSIC DANCE;AUDIO;AUDIO
PUERTO RICO;POSPAGO;XTRA PR;957;MUSIC CHOICE GOSPEL HALLELUJAH;AUDIO;AUDIO
PUERTO RICO;POSPAGO;XTRA PR;958;MUSIC CHOICE TROPICALES;AUDIO;AUDIO
PUERTO RICO;POSPAGO;XTRA PR;959;MUSIC CHOICE METAL;AUDIO;AUDIO
PUERTO RICO;POSPAGO;XTRA PR;960;MUSIC CHOICE TODDLER TUNES;AUDIO;AUDIO
PUERTO RICO;POSPAGO;XTRA PR;961;MUSIC CHOICE Y2K;AUDIO;AUDIO
PUERTO RICO;POSPAGO;XTRA PR;962;MUSIC CHOICE BLUEGRASS;AUDIO;AUDIO
PUERTO RICO;POSPAGO;XTRA PR;963;MUSIC CHOICE VIETNAMESE;AUDIO;AUDIO
PUERTO RICO;POSPAGO;XTRA PR;964;MUSIC CHOICE GOSPEL;AUDIO;AUDIO
PUERTO RICO;POSPAGO;XTRA PR;965;MUSIC CHOICE '60S MOVEMENT;AUDIO;AUDIO
PUERTO RICO;POSPAGO;XTRA PR;966;MUSIC CHOICE FILIPINO;AUDIO;AUDIO
PUERTO RICO;POSPAGO;XTRA PR;967;MUSIC CHOICE SOUNDS OF THE SEASON;AUDIO;AUDIO
PUERTO RICO;POSPAGO;XTRA PR;921-1;MUSIC CHOICE '70S ULTRA;AUDIO;AUDIO
PUERTO RICO;POSPAGO;XTRA PR;923-1;MUSIC CHOICE '80S ULTRA;AUDIO;AUDIO
PUERTO RICO;POSPAGO;XTRA PR;931-1;MUSIC CHOICE COUNTRY CLASSIC ULTRA;AUDIO;AUDIO
PUERTO RICO;POSPAGO;XTRA PR;933-1;MUSIC CHOICE TODAY'S COUNTRY ULTRA;AUDIO;AUDIO
PUERTO RICO;POSPAGO;XTRA PR;939-1;MUSIC CHOICE SOUNDSCAPES ULTRA;AUDIO;AUDIO
PUERTO RICO;POSPAGO;XTRA PR;967-1;MUSIC CHOICE CLASSIC ROCK ULTRA;AUDIO;AUDIO
US VIRGIN ISLANDS;CORPORATIVO;USVI BASIC BARS;166;WIPR;SD;NACIONAL
US VIRGIN ISLANDS;CORPORATIVO;USVI BASIC BARS;182;TV CHILE;SD;NACIONAL
US VIRGIN ISLANDS;CORPORATIVO;USVI BASIC BARS;183;TELEORO;SD;NACIONAL
US VIRGIN ISLANDS;CORPORATIVO;USVI BASIC BARS;229;BLOSSOM;SD;HOGAR Y VARIEDADES
US VIRGIN ISLANDS;CORPORATIVO;USVI BASIC BARS;230;BET;SD;HOGAR Y VARIEDADES
US VIRGIN ISLANDS;CORPORATIVO;USVI BASIC BARS;249;TL NOVELAS;SD;TELENOVELAS
US VIRGIN ISLANDS;CORPORATIVO;USVI BASIC BARS;264;VICE;SD;INFORMATIVO
US VIRGIN ISLANDS;CORPORATIVO;USVI BASIC BARS;268;SO YUMMY!;SD;GASTRONÓMICO
US VIRGIN ISLANDS;CORPORATIVO;USVI BASIC BARS;330;DISCOVERY KIDS LA;SD;INFANTIL
US VIRGIN ISLANDS;CORPORATIVO;USVI BASIC BARS;332;LOOLOO KIDS;SD;INFANTIL
US VIRGIN ISLANDS;CORPORATIVO;USVI BASIC BARS;338;VME;SD;NACIONAL
US VIRGIN ISLANDS;CORPORATIVO;USVI BASIC BARS;339;BABY FIRST TV;SD;INFANTIL
US VIRGIN ISLANDS;CORPORATIVO;USVI BASIC BARS;350;EWTN;SD;RELIGIOSO
US VIRGIN ISLANDS;CORPORATIVO;USVI BASIC BARS;352;ENLACE;SD;RELIGIOSO
US VIRGIN ISLANDS;CORPORATIVO;USVI BASIC BARS;354;CHRISTIAN TELEVISION NETWORK (CTN);SD;RELIGIOSO
US VIRGIN ISLANDS;CORPORATIVO;USVI BASIC BARS;516;DE PELÍCULA;SD;SERIES Y PELICULAS
US VIRGIN ISLANDS;CORPORATIVO;USVI BASIC BARS;649;ESPN DEPORTES;HD;DEPORTES
US VIRGIN ISLANDS;CORPORATIVO;USVI BASIC BARS;704;CNN EN ESPAÑOL;SD;NOTICIAS
US VIRGIN ISLANDS;CORPORATIVO;USVI BASIC BARS;712;ACCUWEATHER;HD;NOTICIAS
US VIRGIN ISLANDS;CORPORATIVO;USVI BASIC BARS;720;C-SPAN2;SD;INFORMATIVO
US VIRGIN ISLANDS;CORPORATIVO;USVI BASIC BARS;730;NAT GEO MUNDO;SD;CIENCIA Y CULTURA
US VIRGIN ISLANDS;CORPORATIVO;USVI BASIC BARS;732;DISCOVERY EN ESPAÑOL;SD;CIENCIA Y CULTURA
US VIRGIN ISLANDS;CORPORATIVO;USVI BASIC BARS;735;ANIMAL PLANET US;HD;CIENCIA Y CULTURA
US VIRGIN ISLANDS;CORPORATIVO;USVI BASIC BARS;742;HISTORY ANDES;SD;CIENCIA Y CULTURA
US VIRGIN ISLANDS;CORPORATIVO;USVI BASIC BARS;746;DISCOVERY TURBO;HD;HOGAR Y VARIEDADES
US VIRGIN ISLANDS;CORPORATIVO;USVI BASIC BARS;760;TVE;SD;NACIONAL
US VIRGIN ISLANDS;CORPORATIVO;USVI BASIC BARS EXTENDED;166;WIPR;SD;NACIONAL
US VIRGIN ISLANDS;CORPORATIVO;USVI BASIC BARS EXTENDED;182;TV CHILE;SD;NACIONAL
US VIRGIN ISLANDS;CORPORATIVO;USVI BASIC BARS EXTENDED;183;TELEORO;SD;NACIONAL
US VIRGIN ISLANDS;CORPORATIVO;USVI BASIC BARS EXTENDED;220;BRAVO TV;HD;HOGAR Y VARIEDADES
US VIRGIN ISLANDS;CORPORATIVO;USVI BASIC BARS EXTENDED;221;¡HOLA! TV;SD;HOGAR Y VARIEDADES
US VIRGIN ISLANDS;CORPORATIVO;USVI BASIC BARS EXTENDED;222;E! US HD;HD;HOGAR Y VARIEDADES
US VIRGIN ISLANDS;CORPORATIVO;USVI BASIC BARS EXTENDED;228;FOOD NETWORK;HD;GASTRONÓMICO
US VIRGIN ISLANDS;CORPORATIVO;USVI BASIC BARS EXTENDED;229;BLOSSOM;SD;HOGAR Y VARIEDADES
US VIRGIN ISLANDS;CORPORATIVO;USVI BASIC BARS EXTENDED;230;BET;SD;HOGAR Y VARIEDADES
US VIRGIN ISLANDS;CORPORATIVO;USVI BASIC BARS EXTENDED;242;FX HD;HD;SERIES Y PELICULAS
US VIRGIN ISLANDS;CORPORATIVO;USVI BASIC BARS EXTENDED;244;TNT;HD;SERIES Y PELICULAS
US VIRGIN ISLANDS;CORPORATIVO;USVI BASIC BARS EXTENDED;246;USA;HD;SERIES Y PELICULAS
US VIRGIN ISLANDS;CORPORATIVO;USVI BASIC BARS EXTENDED;248;TBS;HD;SERIES Y PELICULAS
US VIRGIN ISLANDS;CORPORATIVO;USVI BASIC BARS EXTENDED;249;TL NOVELAS;SD;TELENOVELAS
US VIRGIN ISLANDS;CORPORATIVO;USVI BASIC BARS EXTENDED;250;HGTV;HD;HOGAR Y VARIEDADES
US VIRGIN ISLANDS;CORPORATIVO;USVI BASIC BARS EXTENDED;252;FREEFORM;HD;SERIES Y PELICULAS
US VIRGIN ISLANDS;CORPORATIVO;USVI BASIC BARS EXTENDED;254;PARAMOUNT;HD;SERIES Y PELICULAS
US VIRGIN ISLANDS;CORPORATIVO;USVI BASIC BARS EXTENDED;256;A&E;HD;SERIES Y PELICULAS
US VIRGIN ISLANDS;CORPORATIVO;USVI BASIC BARS EXTENDED;260;MTV;HD;MUSICAL
US VIRGIN ISLANDS;CORPORATIVO;USVI BASIC BARS EXTENDED;261;MTV 2;HD;MUSICAL
US VIRGIN ISLANDS;CORPORATIVO;USVI BASIC BARS EXTENDED;262;VH1;HD;MUSICAL
US VIRGIN ISLANDS;CORPORATIVO;USVI BASIC BARS EXTENDED;263;COMEDY CENTRAL;HD;SERIES Y PELICULAS
US VIRGIN ISLANDS;CORPORATIVO;USVI BASIC BARS EXTENDED;264;VICE;SD;INFORMATIVO
US VIRGIN ISLANDS;CORPORATIVO;USVI BASIC BARS EXTENDED;267;COOKING CHANNEL;HD;GASTRONÓMICO
US VIRGIN ISLANDS;CORPORATIVO;USVI BASIC BARS EXTENDED;268;SO YUMMY!;SD;GASTRONÓMICO
US VIRGIN ISLANDS;CORPORATIVO;USVI BASIC BARS EXTENDED;320;CARTOON NETWORK;HD;INFANTIL
US VIRGIN ISLANDS;CORPORATIVO;USVI BASIC BARS EXTENDED;322;NICKELODEON;HD;INFANTIL
US VIRGIN ISLANDS;CORPORATIVO;USVI BASIC BARS EXTENDED;324;DISNEY CHANNEL;HD;INFANTIL
US VIRGIN ISLANDS;CORPORATIVO;USVI BASIC BARS EXTENDED;326;DISNEY XD;HD;INFANTIL
US VIRGIN ISLANDS;CORPORATIVO;USVI BASIC BARS EXTENDED;330;DISCOVERY KIDS LA;SD;INFANTIL
US VIRGIN ISLANDS;CORPORATIVO;USVI BASIC BARS EXTENDED;332;LOOLOO KIDS;SD;INFANTIL
US VIRGIN ISLANDS;CORPORATIVO;USVI BASIC BARS EXTENDED;336;BOOMERANG;SD;INFANTIL
US VIRGIN ISLANDS;CORPORATIVO;USVI BASIC BARS EXTENDED;337;NICK JR.;HD;INFANTIL
US VIRGIN ISLANDS;CORPORATIVO;USVI BASIC BARS EXTENDED;338;VME;SD;NACIONAL
US VIRGIN ISLANDS;CORPORATIVO;USVI BASIC BARS EXTENDED;339;BABY FIRST TV;SD;INFANTIL
US VIRGIN ISLANDS;CORPORATIVO;USVI BASIC BARS EXTENDED;350;EWTN;SD;RELIGIOSO
US VIRGIN ISLANDS;CORPORATIVO;USVI BASIC BARS EXTENDED;352;ENLACE;SD;RELIGIOSO
US VIRGIN ISLANDS;CORPORATIVO;USVI BASIC BARS EXTENDED;354;CHRISTIAN TELEVISION NETWORK (CTN);SD;RELIGIOSO
US VIRGIN ISLANDS;CORPORATIVO;USVI BASIC BARS EXTENDED;511;AMC;HD;SERIES Y PELICULAS
US VIRGIN ISLANDS;CORPORATIVO;USVI BASIC BARS EXTENDED;514;CINE LATINO;SD;SERIES Y PELICULAS
US VIRGIN ISLANDS;CORPORATIVO;USVI BASIC BARS EXTENDED;516;DE PELÍCULA;SD;SERIES Y PELICULAS
US VIRGIN ISLANDS;CORPORATIVO;USVI BASIC BARS EXTENDED;517;LIFETIME;HD;SERIES Y PELICULAS
US VIRGIN ISLANDS;CORPORATIVO;USVI BASIC BARS EXTENDED;518;LIFETIME MOVIE NETWORK;HD;SERIES Y PELICULAS
US VIRGIN ISLANDS;CORPORATIVO;USVI BASIC BARS EXTENDED;520;HALLMARK;HD;SERIES Y PELICULAS
US VIRGIN ISLANDS;CORPORATIVO;USVI BASIC BARS EXTENDED;521;HALLMARK FAMILY;HD;SERIES Y PELICULAS
US VIRGIN ISLANDS;CORPORATIVO;USVI BASIC BARS EXTENDED;645;ESPN;HD;DEPORTES
US VIRGIN ISLANDS;CORPORATIVO;USVI BASIC BARS EXTENDED;646;ESPN NEWS;HD;DEPORTES
US VIRGIN ISLANDS;CORPORATIVO;USVI BASIC BARS EXTENDED;648;ESPN 2;HD;DEPORTES
US VIRGIN ISLANDS;CORPORATIVO;USVI BASIC BARS EXTENDED;649;ESPN DEPORTES;HD;DEPORTES
US VIRGIN ISLANDS;CORPORATIVO;USVI BASIC BARS EXTENDED;652;THE TENNIS CHANNEL;HD;DEPORTES
US VIRGIN ISLANDS;CORPORATIVO;USVI BASIC BARS EXTENDED;653;NBA TV;HD;DEPORTES
US VIRGIN ISLANDS;CORPORATIVO;USVI BASIC BARS EXTENDED;654;THE GOLF CHANNEL;HD;DEPORTES
US VIRGIN ISLANDS;CORPORATIVO;USVI BASIC BARS EXTENDED;655;FOX SPORTS;HD;DEPORTES
US VIRGIN ISLANDS;CORPORATIVO;USVI BASIC BARS EXTENDED;656;MLB NETWORK;HD;DEPORTES
US VIRGIN ISLANDS;CORPORATIVO;USVI BASIC BARS EXTENDED;702;CNN;HD;NOTICIAS
US VIRGIN ISLANDS;CORPORATIVO;USVI BASIC BARS EXTENDED;704;CNN EN ESPAÑOL;SD;NOTICIAS
US VIRGIN ISLANDS;CORPORATIVO;USVI BASIC BARS EXTENDED;708;HEADLINE NEWS;HD;NOTICIAS
US VIRGIN ISLANDS;CORPORATIVO;USVI BASIC BARS EXTENDED;710;BLOOMBERG;HD;NOTICIAS
US VIRGIN ISLANDS;CORPORATIVO;USVI BASIC BARS EXTENDED;712;ACCUWEATHER;HD;NOTICIAS
US VIRGIN ISLANDS;CORPORATIVO;USVI BASIC BARS EXTENDED;720;C-SPAN2;SD;INFORMATIVO
US VIRGIN ISLANDS;CORPORATIVO;USVI BASIC BARS EXTENDED;730;NAT GEO MUNDO;SD;CIENCIA Y CULTURA
US VIRGIN ISLANDS;CORPORATIVO;USVI BASIC BARS EXTENDED;732;DISCOVERY EN ESPAÑOL;SD;CIENCIA Y CULTURA
US VIRGIN ISLANDS;CORPORATIVO;USVI BASIC BARS EXTENDED;734;ANIMAL PLANET LA;SD;CIENCIA Y CULTURA
US VIRGIN ISLANDS;CORPORATIVO;USVI BASIC BARS EXTENDED;735;ANIMAL PLANET US;HD;CIENCIA Y CULTURA
US VIRGIN ISLANDS;CORPORATIVO;USVI BASIC BARS EXTENDED;742;HISTORY ANDES;SD;CIENCIA Y CULTURA
US VIRGIN ISLANDS;CORPORATIVO;USVI BASIC BARS EXTENDED;744;FYI;HD;HOGAR Y VARIEDADES
US VIRGIN ISLANDS;CORPORATIVO;USVI BASIC BARS EXTENDED;745;SYFY;HD;SERIES Y PELICULAS
US VIRGIN ISLANDS;CORPORATIVO;USVI BASIC BARS EXTENDED;746;DISCOVERY TURBO;HD;HOGAR Y VARIEDADES
US VIRGIN ISLANDS;CORPORATIVO;USVI BASIC BARS EXTENDED;752;DISCOVERY US;HD;CIENCIA Y CULTURA
US VIRGIN ISLANDS;CORPORATIVO;USVI BASIC BARS EXTENDED;754;THE LEARNING CHANNEL;HD;HOGAR Y VARIEDADES
US VIRGIN ISLANDS;CORPORATIVO;USVI BASIC BARS EXTENDED;756;HISTORY US;HD;CIENCIA Y CULTURA
US VIRGIN ISLANDS;CORPORATIVO;USVI BASIC BARS EXTENDED;760;TVE;SD;NACIONAL
US VIRGIN ISLANDS;CORPORATIVO;USVI BASIC BARS EXTENDED;762;ANTENA 3;SD;NACIONAL
US VIRGIN ISLANDS;CORPORATIVO;USVI BASIC BARS EXTENDED;768;BBC AMERICA;HD;SERIES Y PELICULAS
US VIRGIN ISLANDS;CORPORATIVO;USVI BASIC BARS PLUS;166;WIPR;SD;NACIONAL
US VIRGIN ISLANDS;CORPORATIVO;USVI BASIC BARS PLUS;183;TELEORO;SD;NACIONAL
US VIRGIN ISLANDS;CORPORATIVO;USVI BASIC BARS PLUS;228;FOOD NETWORK;HD;GASTRONÓMICO
US VIRGIN ISLANDS;CORPORATIVO;USVI BASIC BARS PLUS;229;BLOSSOM;SD;HOGAR Y VARIEDADES
US VIRGIN ISLANDS;CORPORATIVO;USVI BASIC BARS PLUS;230;BET;SD;HOGAR Y VARIEDADES
US VIRGIN ISLANDS;CORPORATIVO;USVI BASIC BARS PLUS;244;TNT;HD;SERIES Y PELICULAS
US VIRGIN ISLANDS;CORPORATIVO;USVI BASIC BARS PLUS;248;TBS;HD;SERIES Y PELICULAS
US VIRGIN ISLANDS;CORPORATIVO;USVI BASIC BARS PLUS;249;TL NOVELAS;SD;TELENOVELAS
US VIRGIN ISLANDS;CORPORATIVO;USVI BASIC BARS PLUS;254;PARAMOUNT;HD;SERIES Y PELICULAS
US VIRGIN ISLANDS;CORPORATIVO;USVI BASIC BARS PLUS;260;MTV;HD;MUSICAL
US VIRGIN ISLANDS;CORPORATIVO;USVI BASIC BARS PLUS;261;MTV 2;HD;MUSICAL
US VIRGIN ISLANDS;CORPORATIVO;USVI BASIC BARS PLUS;262;VH1;HD;MUSICAL
US VIRGIN ISLANDS;CORPORATIVO;USVI BASIC BARS PLUS;264;VICE;SD;INFORMATIVO
US VIRGIN ISLANDS;CORPORATIVO;USVI BASIC BARS PLUS;268;SO YUMMY!;SD;GASTRONÓMICO
US VIRGIN ISLANDS;CORPORATIVO;USVI BASIC BARS PLUS;320;CARTOON NETWORK;HD;INFANTIL
US VIRGIN ISLANDS;CORPORATIVO;USVI BASIC BARS PLUS;322;NICKELODEON;HD;INFANTIL
US VIRGIN ISLANDS;CORPORATIVO;USVI BASIC BARS PLUS;330;DISCOVERY KIDS LA;SD;INFANTIL
US VIRGIN ISLANDS;CORPORATIVO;USVI BASIC BARS PLUS;332;LOOLOO KIDS;SD;INFANTIL
US VIRGIN ISLANDS;CORPORATIVO;USVI BASIC BARS PLUS;336;BOOMERANG;SD;INFANTIL
US VIRGIN ISLANDS;CORPORATIVO;USVI BASIC BARS PLUS;338;VME;SD;NACIONAL
US VIRGIN ISLANDS;CORPORATIVO;USVI BASIC BARS PLUS;339;BABY FIRST TV;SD;INFANTIL
US VIRGIN ISLANDS;CORPORATIVO;USVI BASIC BARS PLUS;350;EWTN;SD;RELIGIOSO
US VIRGIN ISLANDS;CORPORATIVO;USVI BASIC BARS PLUS;352;ENLACE;SD;RELIGIOSO
US VIRGIN ISLANDS;CORPORATIVO;USVI BASIC BARS PLUS;354;CHRISTIAN TELEVISION NETWORK (CTN);SD;RELIGIOSO
US VIRGIN ISLANDS;CORPORATIVO;USVI BASIC BARS PLUS;516;DE PELÍCULA;SD;SERIES Y PELICULAS
US VIRGIN ISLANDS;CORPORATIVO;USVI BASIC BARS PLUS;520;HALLMARK;HD;SERIES Y PELICULAS
US VIRGIN ISLANDS;CORPORATIVO;USVI BASIC BARS PLUS;521;HALLMARK FAMILY;HD;SERIES Y PELICULAS
US VIRGIN ISLANDS;CORPORATIVO;USVI BASIC BARS PLUS;649;ESPN DEPORTES;HD;DEPORTES
US VIRGIN ISLANDS;CORPORATIVO;USVI BASIC BARS PLUS;702;CNN;HD;NOTICIAS
US VIRGIN ISLANDS;CORPORATIVO;USVI BASIC BARS PLUS;704;CNN EN ESPAÑOL;SD;NOTICIAS
US VIRGIN ISLANDS;CORPORATIVO;USVI BASIC BARS PLUS;708;HEADLINE NEWS;HD;NOTICIAS
US VIRGIN ISLANDS;CORPORATIVO;USVI BASIC BARS PLUS;710;BLOOMBERG;HD;NOTICIAS
US VIRGIN ISLANDS;CORPORATIVO;USVI BASIC BARS PLUS;712;ACCUWEATHER;HD;NOTICIAS
US VIRGIN ISLANDS;CORPORATIVO;USVI BASIC BARS PLUS;720;C-SPAN2;SD;INFORMATIVO
US VIRGIN ISLANDS;CORPORATIVO;USVI BASIC BARS PLUS;730;NAT GEO MUNDO;SD;CIENCIA Y CULTURA
US VIRGIN ISLANDS;CORPORATIVO;USVI BASIC BARS PLUS;732;DISCOVERY EN ESPAÑOL;SD;CIENCIA Y CULTURA
US VIRGIN ISLANDS;CORPORATIVO;USVI BASIC BARS PLUS;735;ANIMAL PLANET US;HD;CIENCIA Y CULTURA
US VIRGIN ISLANDS;CORPORATIVO;USVI BASIC BARS PLUS;742;HISTORY ANDES;SD;CIENCIA Y CULTURA
US VIRGIN ISLANDS;CORPORATIVO;USVI BASIC BARS PLUS;744;FYI;HD;HOGAR Y VARIEDADES
US VIRGIN ISLANDS;CORPORATIVO;USVI BASIC BARS PLUS;746;DISCOVERY TURBO;HD;HOGAR Y VARIEDADES
US VIRGIN ISLANDS;CORPORATIVO;USVI BASIC BARS PLUS;754;THE LEARNING CHANNEL;HD;HOGAR Y VARIEDADES
US VIRGIN ISLANDS;CORPORATIVO;USVI BASIC BARS PLUS;756;HISTORY US;HD;CIENCIA Y CULTURA
US VIRGIN ISLANDS;CORPORATIVO;USVI BASIC BARS PLUS;760;TVE;SD;NACIONAL
US VIRGIN ISLANDS;CORPORATIVO;USVI BASIC OFFICE;166;WIPR;SD;NACIONAL
US VIRGIN ISLANDS;CORPORATIVO;USVI BASIC OFFICE;182;TV CHILE;SD;NACIONAL
US VIRGIN ISLANDS;CORPORATIVO;USVI BASIC OFFICE;183;TELEORO;SD;NACIONAL
US VIRGIN ISLANDS;CORPORATIVO;USVI BASIC OFFICE;229;BLOSSOM;SD;HOGAR Y VARIEDADES
US VIRGIN ISLANDS;CORPORATIVO;USVI BASIC OFFICE;230;BET;SD;HOGAR Y VARIEDADES
US VIRGIN ISLANDS;CORPORATIVO;USVI BASIC OFFICE;249;TL NOVELAS;SD;TELENOVELAS
US VIRGIN ISLANDS;CORPORATIVO;USVI BASIC OFFICE;264;VICE;SD;INFORMATIVO
US VIRGIN ISLANDS;CORPORATIVO;USVI BASIC OFFICE;268;SO YUMMY!;SD;GASTRONÓMICO
US VIRGIN ISLANDS;CORPORATIVO;USVI BASIC OFFICE;330;DISCOVERY KIDS LA;SD;INFANTIL
US VIRGIN ISLANDS;CORPORATIVO;USVI BASIC OFFICE;332;LOOLOO KIDS;SD;INFANTIL
US VIRGIN ISLANDS;CORPORATIVO;USVI BASIC OFFICE;338;VME;SD;NACIONAL
US VIRGIN ISLANDS;CORPORATIVO;USVI BASIC OFFICE;339;BABY FIRST TV;SD;INFANTIL
US VIRGIN ISLANDS;CORPORATIVO;USVI BASIC OFFICE;350;EWTN;SD;RELIGIOSO
US VIRGIN ISLANDS;CORPORATIVO;USVI BASIC OFFICE;352;ENLACE;SD;RELIGIOSO
US VIRGIN ISLANDS;CORPORATIVO;USVI BASIC OFFICE;354;CHRISTIAN TELEVISION NETWORK (CTN);SD;RELIGIOSO
US VIRGIN ISLANDS;CORPORATIVO;USVI BASIC OFFICE;516;DE PELÍCULA;SD;SERIES Y PELICULAS
US VIRGIN ISLANDS;CORPORATIVO;USVI BASIC OFFICE;649;ESPN DEPORTES;HD;DEPORTES
US VIRGIN ISLANDS;CORPORATIVO;USVI BASIC OFFICE;704;CNN EN ESPAÑOL;SD;NOTICIAS
US VIRGIN ISLANDS;CORPORATIVO;USVI BASIC OFFICE;712;ACCUWEATHER;HD;NOTICIAS
US VIRGIN ISLANDS;CORPORATIVO;USVI BASIC OFFICE;720;C-SPAN2;SD;INFORMATIVO
US VIRGIN ISLANDS;CORPORATIVO;USVI BASIC OFFICE;730;NAT GEO MUNDO;SD;CIENCIA Y CULTURA
US VIRGIN ISLANDS;CORPORATIVO;USVI BASIC OFFICE;732;DISCOVERY EN ESPAÑOL;SD;CIENCIA Y CULTURA
US VIRGIN ISLANDS;CORPORATIVO;USVI BASIC OFFICE;735;ANIMAL PLANET US;HD;CIENCIA Y CULTURA
US VIRGIN ISLANDS;CORPORATIVO;USVI BASIC OFFICE;742;HISTORY ANDES;SD;CIENCIA Y CULTURA
US VIRGIN ISLANDS;CORPORATIVO;USVI BASIC OFFICE;746;DISCOVERY TURBO;HD;HOGAR Y VARIEDADES
US VIRGIN ISLANDS;CORPORATIVO;USVI BASIC OFFICE;760;TVE;SD;NACIONAL
US VIRGIN ISLANDS;CORPORATIVO;USVI BASIC OFFICE EXTENDED;166;WIPR;SD;NACIONAL
US VIRGIN ISLANDS;CORPORATIVO;USVI BASIC OFFICE EXTENDED;182;TV CHILE;SD;NACIONAL
US VIRGIN ISLANDS;CORPORATIVO;USVI BASIC OFFICE EXTENDED;183;TELEORO;SD;NACIONAL
US VIRGIN ISLANDS;CORPORATIVO;USVI BASIC OFFICE EXTENDED;220;BRAVO TV;HD;HOGAR Y VARIEDADES
US VIRGIN ISLANDS;CORPORATIVO;USVI BASIC OFFICE EXTENDED;221;¡HOLA! TV;SD;HOGAR Y VARIEDADES
US VIRGIN ISLANDS;CORPORATIVO;USVI BASIC OFFICE EXTENDED;222;E! US HD;HD;HOGAR Y VARIEDADES
US VIRGIN ISLANDS;CORPORATIVO;USVI BASIC OFFICE EXTENDED;228;FOOD NETWORK;HD;GASTRONÓMICO
US VIRGIN ISLANDS;CORPORATIVO;USVI BASIC OFFICE EXTENDED;229;BLOSSOM;SD;HOGAR Y VARIEDADES
US VIRGIN ISLANDS;CORPORATIVO;USVI BASIC OFFICE EXTENDED;230;BET;SD;HOGAR Y VARIEDADES
US VIRGIN ISLANDS;CORPORATIVO;USVI BASIC OFFICE EXTENDED;242;FX HD;HD;SERIES Y PELICULAS
US VIRGIN ISLANDS;CORPORATIVO;USVI BASIC OFFICE EXTENDED;244;TNT;HD;SERIES Y PELICULAS
US VIRGIN ISLANDS;CORPORATIVO;USVI BASIC OFFICE EXTENDED;246;USA;HD;SERIES Y PELICULAS
US VIRGIN ISLANDS;CORPORATIVO;USVI BASIC OFFICE EXTENDED;248;TBS;HD;SERIES Y PELICULAS
US VIRGIN ISLANDS;CORPORATIVO;USVI BASIC OFFICE EXTENDED;249;TL NOVELAS;SD;TELENOVELAS
US VIRGIN ISLANDS;CORPORATIVO;USVI BASIC OFFICE EXTENDED;250;HGTV;HD;HOGAR Y VARIEDADES
US VIRGIN ISLANDS;CORPORATIVO;USVI BASIC OFFICE EXTENDED;252;FREEFORM;HD;SERIES Y PELICULAS
US VIRGIN ISLANDS;CORPORATIVO;USVI BASIC OFFICE EXTENDED;254;PARAMOUNT;HD;SERIES Y PELICULAS
US VIRGIN ISLANDS;CORPORATIVO;USVI BASIC OFFICE EXTENDED;256;A&E;HD;SERIES Y PELICULAS
US VIRGIN ISLANDS;CORPORATIVO;USVI BASIC OFFICE EXTENDED;260;MTV;HD;MUSICAL
US VIRGIN ISLANDS;CORPORATIVO;USVI BASIC OFFICE EXTENDED;261;MTV 2;HD;MUSICAL
US VIRGIN ISLANDS;CORPORATIVO;USVI BASIC OFFICE EXTENDED;262;VH1;HD;MUSICAL
US VIRGIN ISLANDS;CORPORATIVO;USVI BASIC OFFICE EXTENDED;263;COMEDY CENTRAL;HD;SERIES Y PELICULAS
US VIRGIN ISLANDS;CORPORATIVO;USVI BASIC OFFICE EXTENDED;264;VICE;SD;INFORMATIVO
US VIRGIN ISLANDS;CORPORATIVO;USVI BASIC OFFICE EXTENDED;267;COOKING CHANNEL;HD;GASTRONÓMICO
US VIRGIN ISLANDS;CORPORATIVO;USVI BASIC OFFICE EXTENDED;268;SO YUMMY!;SD;GASTRONÓMICO
US VIRGIN ISLANDS;CORPORATIVO;USVI BASIC OFFICE EXTENDED;320;CARTOON NETWORK;HD;INFANTIL
US VIRGIN ISLANDS;CORPORATIVO;USVI BASIC OFFICE EXTENDED;322;NICKELODEON;HD;INFANTIL
US VIRGIN ISLANDS;CORPORATIVO;USVI BASIC OFFICE EXTENDED;324;DISNEY CHANNEL;HD;INFANTIL
US VIRGIN ISLANDS;CORPORATIVO;USVI BASIC OFFICE EXTENDED;326;DISNEY XD;HD;INFANTIL
US VIRGIN ISLANDS;CORPORATIVO;USVI BASIC OFFICE EXTENDED;330;DISCOVERY KIDS LA;SD;INFANTIL
US VIRGIN ISLANDS;CORPORATIVO;USVI BASIC OFFICE EXTENDED;332;LOOLOO KIDS;SD;INFANTIL
US VIRGIN ISLANDS;CORPORATIVO;USVI BASIC OFFICE EXTENDED;336;BOOMERANG;SD;INFANTIL
US VIRGIN ISLANDS;CORPORATIVO;USVI BASIC OFFICE EXTENDED;337;NICK JR.;HD;INFANTIL
US VIRGIN ISLANDS;CORPORATIVO;USVI BASIC OFFICE EXTENDED;338;VME;SD;NACIONAL
US VIRGIN ISLANDS;CORPORATIVO;USVI BASIC OFFICE EXTENDED;339;BABY FIRST TV;SD;INFANTIL
US VIRGIN ISLANDS;CORPORATIVO;USVI BASIC OFFICE EXTENDED;350;EWTN;SD;RELIGIOSO
US VIRGIN ISLANDS;CORPORATIVO;USVI BASIC OFFICE EXTENDED;352;ENLACE;SD;RELIGIOSO
US VIRGIN ISLANDS;CORPORATIVO;USVI BASIC OFFICE EXTENDED;354;CHRISTIAN TELEVISION NETWORK (CTN);SD;RELIGIOSO
US VIRGIN ISLANDS;CORPORATIVO;USVI BASIC OFFICE EXTENDED;511;AMC;HD;SERIES Y PELICULAS
US VIRGIN ISLANDS;CORPORATIVO;USVI BASIC OFFICE EXTENDED;514;CINE LATINO;SD;SERIES Y PELICULAS
US VIRGIN ISLANDS;CORPORATIVO;USVI BASIC OFFICE EXTENDED;516;DE PELÍCULA;SD;SERIES Y PELICULAS
US VIRGIN ISLANDS;CORPORATIVO;USVI BASIC OFFICE EXTENDED;517;LIFETIME;HD;SERIES Y PELICULAS
US VIRGIN ISLANDS;CORPORATIVO;USVI BASIC OFFICE EXTENDED;518;LIFETIME MOVIE NETWORK;HD;SERIES Y PELICULAS
US VIRGIN ISLANDS;CORPORATIVO;USVI BASIC OFFICE EXTENDED;520;HALLMARK;HD;SERIES Y PELICULAS
US VIRGIN ISLANDS;CORPORATIVO;USVI BASIC OFFICE EXTENDED;521;HALLMARK FAMILY;HD;SERIES Y PELICULAS
US VIRGIN ISLANDS;CORPORATIVO;USVI BASIC OFFICE EXTENDED;645;ESPN;HD;DEPORTES
US VIRGIN ISLANDS;CORPORATIVO;USVI BASIC OFFICE EXTENDED;646;ESPN NEWS;HD;DEPORTES
US VIRGIN ISLANDS;CORPORATIVO;USVI BASIC OFFICE EXTENDED;648;ESPN 2;HD;DEPORTES
US VIRGIN ISLANDS;CORPORATIVO;USVI BASIC OFFICE EXTENDED;649;ESPN DEPORTES;HD;DEPORTES
US VIRGIN ISLANDS;CORPORATIVO;USVI BASIC OFFICE EXTENDED;652;THE TENNIS CHANNEL;HD;DEPORTES
US VIRGIN ISLANDS;CORPORATIVO;USVI BASIC OFFICE EXTENDED;653;NBA TV;HD;DEPORTES
US VIRGIN ISLANDS;CORPORATIVO;USVI BASIC OFFICE EXTENDED;654;THE GOLF CHANNEL;HD;DEPORTES
US VIRGIN ISLANDS;CORPORATIVO;USVI BASIC OFFICE EXTENDED;655;FOX SPORTS;HD;DEPORTES
US VIRGIN ISLANDS;CORPORATIVO;USVI BASIC OFFICE EXTENDED;656;MLB NETWORK;HD;DEPORTES
US VIRGIN ISLANDS;CORPORATIVO;USVI BASIC OFFICE EXTENDED;702;CNN;HD;NOTICIAS
US VIRGIN ISLANDS;CORPORATIVO;USVI BASIC OFFICE EXTENDED;704;CNN EN ESPAÑOL;SD;NOTICIAS
US VIRGIN ISLANDS;CORPORATIVO;USVI BASIC OFFICE EXTENDED;708;HEADLINE NEWS;HD;NOTICIAS
US VIRGIN ISLANDS;CORPORATIVO;USVI BASIC OFFICE EXTENDED;710;BLOOMBERG;HD;NOTICIAS
US VIRGIN ISLANDS;CORPORATIVO;USVI BASIC OFFICE EXTENDED;712;ACCUWEATHER;HD;NOTICIAS
US VIRGIN ISLANDS;CORPORATIVO;USVI BASIC OFFICE EXTENDED;720;C-SPAN2;SD;INFORMATIVO
US VIRGIN ISLANDS;CORPORATIVO;USVI BASIC OFFICE EXTENDED;730;NAT GEO MUNDO;SD;CIENCIA Y CULTURA
US VIRGIN ISLANDS;CORPORATIVO;USVI BASIC OFFICE EXTENDED;732;DISCOVERY EN ESPAÑOL;SD;CIENCIA Y CULTURA
US VIRGIN ISLANDS;CORPORATIVO;USVI BASIC OFFICE EXTENDED;734;ANIMAL PLANET LA;SD;CIENCIA Y CULTURA
US VIRGIN ISLANDS;CORPORATIVO;USVI BASIC OFFICE EXTENDED;735;ANIMAL PLANET US;HD;CIENCIA Y CULTURA
US VIRGIN ISLANDS;CORPORATIVO;USVI BASIC OFFICE EXTENDED;742;HISTORY ANDES;SD;CIENCIA Y CULTURA
US VIRGIN ISLANDS;CORPORATIVO;USVI BASIC OFFICE EXTENDED;744;FYI;HD;HOGAR Y VARIEDADES
US VIRGIN ISLANDS;CORPORATIVO;USVI BASIC OFFICE EXTENDED;745;SYFY;HD;SERIES Y PELICULAS
US VIRGIN ISLANDS;CORPORATIVO;USVI BASIC OFFICE EXTENDED;746;DISCOVERY TURBO;HD;HOGAR Y VARIEDADES
US VIRGIN ISLANDS;CORPORATIVO;USVI BASIC OFFICE EXTENDED;752;DISCOVERY US;HD;CIENCIA Y CULTURA
US VIRGIN ISLANDS;CORPORATIVO;USVI BASIC OFFICE EXTENDED;754;THE LEARNING CHANNEL;HD;HOGAR Y VARIEDADES
US VIRGIN ISLANDS;CORPORATIVO;USVI BASIC OFFICE EXTENDED;756;HISTORY US;HD;CIENCIA Y CULTURA
US VIRGIN ISLANDS;CORPORATIVO;USVI BASIC OFFICE EXTENDED;760;TVE;SD;NACIONAL
US VIRGIN ISLANDS;CORPORATIVO;USVI BASIC OFFICE EXTENDED;762;ANTENA 3;SD;NACIONAL
US VIRGIN ISLANDS;CORPORATIVO;USVI BASIC OFFICE EXTENDED;768;BBC AMERICA;HD;SERIES Y PELICULAS
US VIRGIN ISLANDS;CORPORATIVO;USVI BASIC OFFICE PLUS;166;WIPR;SD;NACIONAL
US VIRGIN ISLANDS;CORPORATIVO;USVI BASIC OFFICE PLUS;183;TELEORO;SD;NACIONAL
US VIRGIN ISLANDS;CORPORATIVO;USVI BASIC OFFICE PLUS;228;FOOD NETWORK;HD;GASTRONÓMICO
US VIRGIN ISLANDS;CORPORATIVO;USVI BASIC OFFICE PLUS;229;BLOSSOM;SD;HOGAR Y VARIEDADES
US VIRGIN ISLANDS;CORPORATIVO;USVI BASIC OFFICE PLUS;230;BET;SD;HOGAR Y VARIEDADES
US VIRGIN ISLANDS;CORPORATIVO;USVI BASIC OFFICE PLUS;244;TNT;HD;SERIES Y PELICULAS
US VIRGIN ISLANDS;CORPORATIVO;USVI BASIC OFFICE PLUS;248;TBS;HD;SERIES Y PELICULAS
US VIRGIN ISLANDS;CORPORATIVO;USVI BASIC OFFICE PLUS;249;TL NOVELAS;SD;TELENOVELAS
US VIRGIN ISLANDS;CORPORATIVO;USVI BASIC OFFICE PLUS;254;PARAMOUNT;HD;SERIES Y PELICULAS
US VIRGIN ISLANDS;CORPORATIVO;USVI BASIC OFFICE PLUS;260;MTV;HD;MUSICAL
US VIRGIN ISLANDS;CORPORATIVO;USVI BASIC OFFICE PLUS;261;MTV 2;HD;MUSICAL
US VIRGIN ISLANDS;CORPORATIVO;USVI BASIC OFFICE PLUS;262;VH1;HD;MUSICAL
US VIRGIN ISLANDS;CORPORATIVO;USVI BASIC OFFICE PLUS;264;VICE;SD;INFORMATIVO
US VIRGIN ISLANDS;CORPORATIVO;USVI BASIC OFFICE PLUS;268;SO YUMMY!;SD;GASTRONÓMICO
US VIRGIN ISLANDS;CORPORATIVO;USVI BASIC OFFICE PLUS;320;CARTOON NETWORK;HD;INFANTIL
US VIRGIN ISLANDS;CORPORATIVO;USVI BASIC OFFICE PLUS;322;NICKELODEON;HD;INFANTIL
US VIRGIN ISLANDS;CORPORATIVO;USVI BASIC OFFICE PLUS;330;DISCOVERY KIDS LA;SD;INFANTIL
US VIRGIN ISLANDS;CORPORATIVO;USVI BASIC OFFICE PLUS;332;LOOLOO KIDS;SD;INFANTIL
US VIRGIN ISLANDS;CORPORATIVO;USVI BASIC OFFICE PLUS;336;BOOMERANG;SD;INFANTIL
US VIRGIN ISLANDS;CORPORATIVO;USVI BASIC OFFICE PLUS;338;VME;SD;NACIONAL
US VIRGIN ISLANDS;CORPORATIVO;USVI BASIC OFFICE PLUS;339;BABY FIRST TV;SD;INFANTIL
US VIRGIN ISLANDS;CORPORATIVO;USVI BASIC OFFICE PLUS;350;EWTN;SD;RELIGIOSO
US VIRGIN ISLANDS;CORPORATIVO;USVI BASIC OFFICE PLUS;352;ENLACE;SD;RELIGIOSO
US VIRGIN ISLANDS;CORPORATIVO;USVI BASIC OFFICE PLUS;354;CHRISTIAN TELEVISION NETWORK (CTN);SD;RELIGIOSO
US VIRGIN ISLANDS;CORPORATIVO;USVI BASIC OFFICE PLUS;516;DE PELÍCULA;SD;SERIES Y PELICULAS
US VIRGIN ISLANDS;CORPORATIVO;USVI BASIC OFFICE PLUS;520;HALLMARK;HD;SERIES Y PELICULAS
US VIRGIN ISLANDS;CORPORATIVO;USVI BASIC OFFICE PLUS;521;HALLMARK FAMILY;HD;SERIES Y PELICULAS
US VIRGIN ISLANDS;CORPORATIVO;USVI BASIC OFFICE PLUS;649;ESPN DEPORTES;HD;DEPORTES
US VIRGIN ISLANDS;CORPORATIVO;USVI BASIC OFFICE PLUS;702;CNN;HD;NOTICIAS
US VIRGIN ISLANDS;CORPORATIVO;USVI BASIC OFFICE PLUS;704;CNN EN ESPAÑOL;SD;NOTICIAS
US VIRGIN ISLANDS;CORPORATIVO;USVI BASIC OFFICE PLUS;708;HEADLINE NEWS;HD;NOTICIAS
US VIRGIN ISLANDS;CORPORATIVO;USVI BASIC OFFICE PLUS;710;BLOOMBERG;HD;NOTICIAS
US VIRGIN ISLANDS;CORPORATIVO;USVI BASIC OFFICE PLUS;712;ACCUWEATHER;HD;NOTICIAS
US VIRGIN ISLANDS;CORPORATIVO;USVI BASIC OFFICE PLUS;720;C-SPAN2;SD;INFORMATIVO
US VIRGIN ISLANDS;CORPORATIVO;USVI BASIC OFFICE PLUS;730;NAT GEO MUNDO;SD;CIENCIA Y CULTURA
US VIRGIN ISLANDS;CORPORATIVO;USVI BASIC OFFICE PLUS;732;DISCOVERY EN ESPAÑOL;SD;CIENCIA Y CULTURA
US VIRGIN ISLANDS;CORPORATIVO;USVI BASIC OFFICE PLUS;735;ANIMAL PLANET US;HD;CIENCIA Y CULTURA
US VIRGIN ISLANDS;CORPORATIVO;USVI BASIC OFFICE PLUS;742;HISTORY ANDES;SD;CIENCIA Y CULTURA
US VIRGIN ISLANDS;CORPORATIVO;USVI BASIC OFFICE PLUS;744;FYI;HD;HOGAR Y VARIEDADES
US VIRGIN ISLANDS;CORPORATIVO;USVI BASIC OFFICE PLUS;746;DISCOVERY TURBO;HD;HOGAR Y VARIEDADES
US VIRGIN ISLANDS;CORPORATIVO;USVI BASIC OFFICE PLUS;754;THE LEARNING CHANNEL;HD;HOGAR Y VARIEDADES
US VIRGIN ISLANDS;CORPORATIVO;USVI BASIC OFFICE PLUS;756;HISTORY US;HD;CIENCIA Y CULTURA
US VIRGIN ISLANDS;CORPORATIVO;USVI BASIC OFFICE PLUS;760;TVE;SD;NACIONAL
US VIRGIN ISLANDS;CORPORATIVO;USVI H. ROOM SUITE PACK 1;166;WIPR;SD;NACIONAL
US VIRGIN ISLANDS;CORPORATIVO;USVI H. ROOM SUITE PACK 1;183;TELEORO;SD;NACIONAL
US VIRGIN ISLANDS;CORPORATIVO;USVI H. ROOM SUITE PACK 1;220;BRAVO TV;HD;HOGAR Y VARIEDADES
US VIRGIN ISLANDS;CORPORATIVO;USVI H. ROOM SUITE PACK 1;222;E! US HD;HD;HOGAR Y VARIEDADES
US VIRGIN ISLANDS;CORPORATIVO;USVI H. ROOM SUITE PACK 1;228;FOOD NETWORK;HD;GASTRONÓMICO
US VIRGIN ISLANDS;CORPORATIVO;USVI H. ROOM SUITE PACK 1;229;BLOSSOM;SD;HOGAR Y VARIEDADES
US VIRGIN ISLANDS;CORPORATIVO;USVI H. ROOM SUITE PACK 1;230;BET;SD;HOGAR Y VARIEDADES
US VIRGIN ISLANDS;CORPORATIVO;USVI H. ROOM SUITE PACK 1;242;FX HD;HD;SERIES Y PELICULAS
US VIRGIN ISLANDS;CORPORATIVO;USVI H. ROOM SUITE PACK 1;244;TNT;HD;SERIES Y PELICULAS
US VIRGIN ISLANDS;CORPORATIVO;USVI H. ROOM SUITE PACK 1;246;USA;HD;SERIES Y PELICULAS
US VIRGIN ISLANDS;CORPORATIVO;USVI H. ROOM SUITE PACK 1;248;TBS;HD;SERIES Y PELICULAS
US VIRGIN ISLANDS;CORPORATIVO;USVI H. ROOM SUITE PACK 1;250;HGTV;HD;HOGAR Y VARIEDADES
US VIRGIN ISLANDS;CORPORATIVO;USVI H. ROOM SUITE PACK 1;254;PARAMOUNT;HD;SERIES Y PELICULAS
US VIRGIN ISLANDS;CORPORATIVO;USVI H. ROOM SUITE PACK 1;260;MTV;HD;MUSICAL
US VIRGIN ISLANDS;CORPORATIVO;USVI H. ROOM SUITE PACK 1;261;MTV 2;HD;MUSICAL
US VIRGIN ISLANDS;CORPORATIVO;USVI H. ROOM SUITE PACK 1;262;VH1;HD;MUSICAL
US VIRGIN ISLANDS;CORPORATIVO;USVI H. ROOM SUITE PACK 1;263;COMEDY CENTRAL;HD;SERIES Y PELICULAS
US VIRGIN ISLANDS;CORPORATIVO;USVI H. ROOM SUITE PACK 1;264;VICE;SD;INFORMATIVO
US VIRGIN ISLANDS;CORPORATIVO;USVI H. ROOM SUITE PACK 1;267;COOKING CHANNEL;HD;GASTRONÓMICO
US VIRGIN ISLANDS;CORPORATIVO;USVI H. ROOM SUITE PACK 1;268;SO YUMMY!;SD;GASTRONÓMICO
US VIRGIN ISLANDS;CORPORATIVO;USVI H. ROOM SUITE PACK 1;320;CARTOON NETWORK;HD;INFANTIL
US VIRGIN ISLANDS;CORPORATIVO;USVI H. ROOM SUITE PACK 1;322;NICKELODEON;HD;INFANTIL
US VIRGIN ISLANDS;CORPORATIVO;USVI H. ROOM SUITE PACK 1;332;LOOLOO KIDS;SD;INFANTIL
US VIRGIN ISLANDS;CORPORATIVO;USVI H. ROOM SUITE PACK 1;336;BOOMERANG;SD;INFANTIL
US VIRGIN ISLANDS;CORPORATIVO;USVI H. ROOM SUITE PACK 1;338;VME;SD;NACIONAL
US VIRGIN ISLANDS;CORPORATIVO;USVI H. ROOM SUITE PACK 1;339;BABY FIRST TV;SD;INFANTIL
US VIRGIN ISLANDS;CORPORATIVO;USVI H. ROOM SUITE PACK 1;350;EWTN;SD;RELIGIOSO
US VIRGIN ISLANDS;CORPORATIVO;USVI H. ROOM SUITE PACK 1;352;ENLACE;SD;RELIGIOSO
US VIRGIN ISLANDS;CORPORATIVO;USVI H. ROOM SUITE PACK 1;354;CHRISTIAN TELEVISION NETWORK (CTN);SD;RELIGIOSO
US VIRGIN ISLANDS;CORPORATIVO;USVI H. ROOM SUITE PACK 1;514;CINE LATINO;SD;SERIES Y PELICULAS
US VIRGIN ISLANDS;CORPORATIVO;USVI H. ROOM SUITE PACK 1;517;LIFETIME;HD;SERIES Y PELICULAS
US VIRGIN ISLANDS;CORPORATIVO;USVI H. ROOM SUITE PACK 1;520;HALLMARK;HD;SERIES Y PELICULAS
US VIRGIN ISLANDS;CORPORATIVO;USVI H. ROOM SUITE PACK 1;521;HALLMARK FAMILY;HD;SERIES Y PELICULAS
US VIRGIN ISLANDS;CORPORATIVO;USVI H. ROOM SUITE PACK 1;645;ESPN;HD;DEPORTES
US VIRGIN ISLANDS;CORPORATIVO;USVI H. ROOM SUITE PACK 1;656;MLB NETWORK;HD;DEPORTES
US VIRGIN ISLANDS;CORPORATIVO;USVI H. ROOM SUITE PACK 1;702;CNN;HD;NOTICIAS
US VIRGIN ISLANDS;CORPORATIVO;USVI H. ROOM SUITE PACK 1;708;HEADLINE NEWS;HD;NOTICIAS
US VIRGIN ISLANDS;CORPORATIVO;USVI H. ROOM SUITE PACK 1;712;ACCUWEATHER;HD;NOTICIAS
US VIRGIN ISLANDS;CORPORATIVO;USVI H. ROOM SUITE PACK 1;720;C-SPAN2;SD;INFORMATIVO
US VIRGIN ISLANDS;CORPORATIVO;USVI H. ROOM SUITE PACK 1;730;NAT GEO MUNDO;SD;CIENCIA Y CULTURA
US VIRGIN ISLANDS;CORPORATIVO;USVI H. ROOM SUITE PACK 1;735;ANIMAL PLANET US;HD;CIENCIA Y CULTURA
US VIRGIN ISLANDS;CORPORATIVO;USVI H. ROOM SUITE PACK 1;744;FYI;HD;HOGAR Y VARIEDADES
US VIRGIN ISLANDS;CORPORATIVO;USVI H. ROOM SUITE PACK 1;746;DISCOVERY TURBO;HD;HOGAR Y VARIEDADES
US VIRGIN ISLANDS;CORPORATIVO;USVI H. ROOM SUITE PACK 1;752;DISCOVERY US;HD;CIENCIA Y CULTURA
US VIRGIN ISLANDS;CORPORATIVO;USVI H. ROOM SUITE PACK 1;756;HISTORY US;HD;CIENCIA Y CULTURA
US VIRGIN ISLANDS;CORPORATIVO;USVI H. ROOM SUITE PACK 1;762;ANTENA 3;SD;NACIONAL
US VIRGIN ISLANDS;CORPORATIVO;USVI H. ROOM SUITE PACK 1;768;BBC AMERICA;HD;SERIES Y PELICULAS
US VIRGIN ISLANDS;CORPORATIVO;USVI H. SUITE PACK ST;166;WIPR;SD;NACIONAL
US VIRGIN ISLANDS;CORPORATIVO;USVI H. SUITE PACK ST;183;TELEORO;SD;NACIONAL
US VIRGIN ISLANDS;CORPORATIVO;USVI H. SUITE PACK ST;222;E! US HD;HD;HOGAR Y VARIEDADES
US VIRGIN ISLANDS;CORPORATIVO;USVI H. SUITE PACK ST;244;TNT;HD;SERIES Y PELICULAS
US VIRGIN ISLANDS;CORPORATIVO;USVI H. SUITE PACK ST;246;USA;HD;SERIES Y PELICULAS
US VIRGIN ISLANDS;CORPORATIVO;USVI H. SUITE PACK ST;248;TBS;HD;SERIES Y PELICULAS
US VIRGIN ISLANDS;CORPORATIVO;USVI H. SUITE PACK ST;250;HGTV;HD;HOGAR Y VARIEDADES
US VIRGIN ISLANDS;CORPORATIVO;USVI H. SUITE PACK ST;260;MTV;HD;MUSICAL
US VIRGIN ISLANDS;CORPORATIVO;USVI H. SUITE PACK ST;261;MTV 2;HD;MUSICAL
US VIRGIN ISLANDS;CORPORATIVO;USVI H. SUITE PACK ST;262;VH1;HD;MUSICAL
US VIRGIN ISLANDS;CORPORATIVO;USVI H. SUITE PACK ST;267;COOKING CHANNEL;HD;GASTRONÓMICO
US VIRGIN ISLANDS;CORPORATIVO;USVI H. SUITE PACK ST;320;CARTOON NETWORK;HD;INFANTIL
US VIRGIN ISLANDS;CORPORATIVO;USVI H. SUITE PACK ST;322;NICKELODEON;HD;INFANTIL
US VIRGIN ISLANDS;CORPORATIVO;USVI H. SUITE PACK ST;336;BOOMERANG;SD;INFANTIL
US VIRGIN ISLANDS;CORPORATIVO;USVI H. SUITE PACK ST;338;VME;SD;NACIONAL
US VIRGIN ISLANDS;CORPORATIVO;USVI H. SUITE PACK ST;350;EWTN;SD;RELIGIOSO
US VIRGIN ISLANDS;CORPORATIVO;USVI H. SUITE PACK ST;352;ENLACE;SD;RELIGIOSO
US VIRGIN ISLANDS;CORPORATIVO;USVI H. SUITE PACK ST;354;CHRISTIAN TELEVISION NETWORK (CTN);SD;RELIGIOSO
US VIRGIN ISLANDS;CORPORATIVO;USVI H. SUITE PACK ST;514;CINE LATINO;SD;SERIES Y PELICULAS
US VIRGIN ISLANDS;CORPORATIVO;USVI H. SUITE PACK ST;520;HALLMARK;HD;SERIES Y PELICULAS
US VIRGIN ISLANDS;CORPORATIVO;USVI H. SUITE PACK ST;521;HALLMARK FAMILY;HD;SERIES Y PELICULAS
US VIRGIN ISLANDS;CORPORATIVO;USVI H. SUITE PACK ST;645;ESPN;HD;DEPORTES
US VIRGIN ISLANDS;CORPORATIVO;USVI H. SUITE PACK ST;702;CNN;HD;NOTICIAS
US VIRGIN ISLANDS;CORPORATIVO;USVI H. SUITE PACK ST;712;ACCUWEATHER;HD;NOTICIAS
US VIRGIN ISLANDS;CORPORATIVO;USVI H. SUITE PACK ST;730;NAT GEO MUNDO;SD;CIENCIA Y CULTURA
US VIRGIN ISLANDS;CORPORATIVO;USVI H. SUITE PACK ST;744;FYI;HD;HOGAR Y VARIEDADES
US VIRGIN ISLANDS;CORPORATIVO;USVI H. SUITE PACK ST;752;DISCOVERY US;HD;CIENCIA Y CULTURA
US VIRGIN ISLANDS;CORPORATIVO;USVI HOTEL ROOM PACK ST;166;WIPR;SD;NACIONAL
US VIRGIN ISLANDS;CORPORATIVO;USVI HOTEL ROOM PACK ST;183;TELEORO;SD;NACIONAL
US VIRGIN ISLANDS;CORPORATIVO;USVI HOTEL ROOM PACK ST;222;E! US HD;HD;HOGAR Y VARIEDADES
US VIRGIN ISLANDS;CORPORATIVO;USVI HOTEL ROOM PACK ST;244;TNT;HD;SERIES Y PELICULAS
US VIRGIN ISLANDS;CORPORATIVO;USVI HOTEL ROOM PACK ST;246;USA;HD;SERIES Y PELICULAS
US VIRGIN ISLANDS;CORPORATIVO;USVI HOTEL ROOM PACK ST;248;TBS;HD;SERIES Y PELICULAS
US VIRGIN ISLANDS;CORPORATIVO;USVI HOTEL ROOM PACK ST;260;MTV;HD;MUSICAL
US VIRGIN ISLANDS;CORPORATIVO;USVI HOTEL ROOM PACK ST;262;VH1;HD;MUSICAL
US VIRGIN ISLANDS;CORPORATIVO;USVI HOTEL ROOM PACK ST;267;COOKING CHANNEL;HD;GASTRONÓMICO
US VIRGIN ISLANDS;CORPORATIVO;USVI HOTEL ROOM PACK ST;320;CARTOON NETWORK;HD;INFANTIL
US VIRGIN ISLANDS;CORPORATIVO;USVI HOTEL ROOM PACK ST;322;NICKELODEON;HD;INFANTIL
US VIRGIN ISLANDS;CORPORATIVO;USVI HOTEL ROOM PACK ST;336;BOOMERANG;SD;INFANTIL
US VIRGIN ISLANDS;CORPORATIVO;USVI HOTEL ROOM PACK ST;338;VME;SD;NACIONAL
US VIRGIN ISLANDS;CORPORATIVO;USVI HOTEL ROOM PACK ST;350;EWTN;SD;RELIGIOSO
US VIRGIN ISLANDS;CORPORATIVO;USVI HOTEL ROOM PACK ST;352;ENLACE;SD;RELIGIOSO
US VIRGIN ISLANDS;CORPORATIVO;USVI HOTEL ROOM PACK ST;354;CHRISTIAN TELEVISION NETWORK (CTN);SD;RELIGIOSO
US VIRGIN ISLANDS;CORPORATIVO;USVI HOTEL ROOM PACK ST;645;ESPN;HD;DEPORTES
US VIRGIN ISLANDS;CORPORATIVO;USVI HOTEL ROOM PACK ST;702;CNN;HD;NOTICIAS
US VIRGIN ISLANDS;CORPORATIVO;USVI HOTEL ROOM PACK ST;712;ACCUWEATHER;HD;NOTICIAS
US VIRGIN ISLANDS;CORPORATIVO;USVI HOTEL ROOM PACK ST;730;NAT GEO MUNDO;SD;CIENCIA Y CULTURA
US VIRGIN ISLANDS;CORPORATIVO;USVI HOTEL ROOM PACK ST;744;FYI;HD;HOGAR Y VARIEDADES
US VIRGIN ISLANDS;CORPORATIVO;USVI HOTEL ROOM PRESIDENCIAL;166;WIPR;SD;NACIONAL
US VIRGIN ISLANDS;CORPORATIVO;USVI HOTEL ROOM PRESIDENCIAL;182;TV CHILE;SD;NACIONAL
US VIRGIN ISLANDS;CORPORATIVO;USVI HOTEL ROOM PRESIDENCIAL;183;TELEORO;SD;NACIONAL
US VIRGIN ISLANDS;CORPORATIVO;USVI HOTEL ROOM PRESIDENCIAL;220;BRAVO TV;HD;HOGAR Y VARIEDADES
US VIRGIN ISLANDS;CORPORATIVO;USVI HOTEL ROOM PRESIDENCIAL;221;¡HOLA! TV;SD;HOGAR Y VARIEDADES
US VIRGIN ISLANDS;CORPORATIVO;USVI HOTEL ROOM PRESIDENCIAL;222;E! US HD;HD;HOGAR Y VARIEDADES
US VIRGIN ISLANDS;CORPORATIVO;USVI HOTEL ROOM PRESIDENCIAL;228;FOOD NETWORK;HD;GASTRONÓMICO
US VIRGIN ISLANDS;CORPORATIVO;USVI HOTEL ROOM PRESIDENCIAL;229;BLOSSOM;SD;HOGAR Y VARIEDADES
US VIRGIN ISLANDS;CORPORATIVO;USVI HOTEL ROOM PRESIDENCIAL;230;BET;SD;HOGAR Y VARIEDADES
US VIRGIN ISLANDS;CORPORATIVO;USVI HOTEL ROOM PRESIDENCIAL;242;FX HD;HD;SERIES Y PELICULAS
US VIRGIN ISLANDS;CORPORATIVO;USVI HOTEL ROOM PRESIDENCIAL;244;TNT;HD;SERIES Y PELICULAS
US VIRGIN ISLANDS;CORPORATIVO;USVI HOTEL ROOM PRESIDENCIAL;246;USA;HD;SERIES Y PELICULAS
US VIRGIN ISLANDS;CORPORATIVO;USVI HOTEL ROOM PRESIDENCIAL;248;TBS;HD;SERIES Y PELICULAS
US VIRGIN ISLANDS;CORPORATIVO;USVI HOTEL ROOM PRESIDENCIAL;250;HGTV;HD;HOGAR Y VARIEDADES
US VIRGIN ISLANDS;CORPORATIVO;USVI HOTEL ROOM PRESIDENCIAL;252;FREEFORM;HD;SERIES Y PELICULAS
US VIRGIN ISLANDS;CORPORATIVO;USVI HOTEL ROOM PRESIDENCIAL;254;PARAMOUNT;HD;SERIES Y PELICULAS
US VIRGIN ISLANDS;CORPORATIVO;USVI HOTEL ROOM PRESIDENCIAL;256;A&E;HD;SERIES Y PELICULAS
US VIRGIN ISLANDS;CORPORATIVO;USVI HOTEL ROOM PRESIDENCIAL;260;MTV;HD;MUSICAL
US VIRGIN ISLANDS;CORPORATIVO;USVI HOTEL ROOM PRESIDENCIAL;261;MTV 2;HD;MUSICAL
US VIRGIN ISLANDS;CORPORATIVO;USVI HOTEL ROOM PRESIDENCIAL;262;VH1;HD;MUSICAL
US VIRGIN ISLANDS;CORPORATIVO;USVI HOTEL ROOM PRESIDENCIAL;263;COMEDY CENTRAL;HD;SERIES Y PELICULAS
US VIRGIN ISLANDS;CORPORATIVO;USVI HOTEL ROOM PRESIDENCIAL;264;VICE;SD;INFORMATIVO
US VIRGIN ISLANDS;CORPORATIVO;USVI HOTEL ROOM PRESIDENCIAL;267;COOKING CHANNEL;HD;GASTRONÓMICO
US VIRGIN ISLANDS;CORPORATIVO;USVI HOTEL ROOM PRESIDENCIAL;268;SO YUMMY!;SD;GASTRONÓMICO
US VIRGIN ISLANDS;CORPORATIVO;USVI HOTEL ROOM PRESIDENCIAL;320;CARTOON NETWORK;HD;INFANTIL
US VIRGIN ISLANDS;CORPORATIVO;USVI HOTEL ROOM PRESIDENCIAL;322;NICKELODEON;HD;INFANTIL
US VIRGIN ISLANDS;CORPORATIVO;USVI HOTEL ROOM PRESIDENCIAL;324;DISNEY CHANNEL;HD;INFANTIL
US VIRGIN ISLANDS;CORPORATIVO;USVI HOTEL ROOM PRESIDENCIAL;326;DISNEY XD;HD;INFANTIL
US VIRGIN ISLANDS;CORPORATIVO;USVI HOTEL ROOM PRESIDENCIAL;330;DISCOVERY KIDS LA;SD;INFANTIL
US VIRGIN ISLANDS;CORPORATIVO;USVI HOTEL ROOM PRESIDENCIAL;332;LOOLOO KIDS;SD;INFANTIL
US VIRGIN ISLANDS;CORPORATIVO;USVI HOTEL ROOM PRESIDENCIAL;336;BOOMERANG;SD;INFANTIL
US VIRGIN ISLANDS;CORPORATIVO;USVI HOTEL ROOM PRESIDENCIAL;338;VME;SD;NACIONAL
US VIRGIN ISLANDS;CORPORATIVO;USVI HOTEL ROOM PRESIDENCIAL;339;BABY FIRST TV;SD;INFANTIL
US VIRGIN ISLANDS;CORPORATIVO;USVI HOTEL ROOM PRESIDENCIAL;350;EWTN;SD;RELIGIOSO
US VIRGIN ISLANDS;CORPORATIVO;USVI HOTEL ROOM PRESIDENCIAL;352;ENLACE;SD;RELIGIOSO
US VIRGIN ISLANDS;CORPORATIVO;USVI HOTEL ROOM PRESIDENCIAL;354;CHRISTIAN TELEVISION NETWORK (CTN);SD;RELIGIOSO
US VIRGIN ISLANDS;CORPORATIVO;USVI HOTEL ROOM PRESIDENCIAL;511;AMC;HD;SERIES Y PELICULAS
US VIRGIN ISLANDS;CORPORATIVO;USVI HOTEL ROOM PRESIDENCIAL;514;CINE LATINO;SD;SERIES Y PELICULAS
US VIRGIN ISLANDS;CORPORATIVO;USVI HOTEL ROOM PRESIDENCIAL;517;LIFETIME;HD;SERIES Y PELICULAS
US VIRGIN ISLANDS;CORPORATIVO;USVI HOTEL ROOM PRESIDENCIAL;520;HALLMARK;HD;SERIES Y PELICULAS
US VIRGIN ISLANDS;CORPORATIVO;USVI HOTEL ROOM PRESIDENCIAL;521;HALLMARK FAMILY;HD;SERIES Y PELICULAS
US VIRGIN ISLANDS;CORPORATIVO;USVI HOTEL ROOM PRESIDENCIAL;645;ESPN;HD;DEPORTES
US VIRGIN ISLANDS;CORPORATIVO;USVI HOTEL ROOM PRESIDENCIAL;646;ESPN NEWS;HD;DEPORTES
US VIRGIN ISLANDS;CORPORATIVO;USVI HOTEL ROOM PRESIDENCIAL;648;ESPN 2;HD;DEPORTES
US VIRGIN ISLANDS;CORPORATIVO;USVI HOTEL ROOM PRESIDENCIAL;649;ESPN DEPORTES;HD;DEPORTES
US VIRGIN ISLANDS;CORPORATIVO;USVI HOTEL ROOM PRESIDENCIAL;653;NBA TV;HD;DEPORTES
US VIRGIN ISLANDS;CORPORATIVO;USVI HOTEL ROOM PRESIDENCIAL;656;MLB NETWORK;HD;DEPORTES
US VIRGIN ISLANDS;CORPORATIVO;USVI HOTEL ROOM PRESIDENCIAL;702;CNN;HD;NOTICIAS
US VIRGIN ISLANDS;CORPORATIVO;USVI HOTEL ROOM PRESIDENCIAL;704;CNN EN ESPAÑOL;SD;NOTICIAS
US VIRGIN ISLANDS;CORPORATIVO;USVI HOTEL ROOM PRESIDENCIAL;708;HEADLINE NEWS;HD;NOTICIAS
US VIRGIN ISLANDS;CORPORATIVO;USVI HOTEL ROOM PRESIDENCIAL;710;BLOOMBERG;HD;NOTICIAS
US VIRGIN ISLANDS;CORPORATIVO;USVI HOTEL ROOM PRESIDENCIAL;712;ACCUWEATHER;HD;NOTICIAS
US VIRGIN ISLANDS;CORPORATIVO;USVI HOTEL ROOM PRESIDENCIAL;720;C-SPAN2;SD;INFORMATIVO
US VIRGIN ISLANDS;CORPORATIVO;USVI HOTEL ROOM PRESIDENCIAL;730;NAT GEO MUNDO;SD;CIENCIA Y CULTURA
US VIRGIN ISLANDS;CORPORATIVO;USVI HOTEL ROOM PRESIDENCIAL;732;DISCOVERY EN ESPAÑOL;SD;CIENCIA Y CULTURA
US VIRGIN ISLANDS;CORPORATIVO;USVI HOTEL ROOM PRESIDENCIAL;735;ANIMAL PLANET US;HD;CIENCIA Y CULTURA
US VIRGIN ISLANDS;CORPORATIVO;USVI HOTEL ROOM PRESIDENCIAL;744;FYI;HD;HOGAR Y VARIEDADES
US VIRGIN ISLANDS;CORPORATIVO;USVI HOTEL ROOM PRESIDENCIAL;746;DISCOVERY TURBO;HD;HOGAR Y VARIEDADES
US VIRGIN ISLANDS;CORPORATIVO;USVI HOTEL ROOM PRESIDENCIAL;752;DISCOVERY US;HD;CIENCIA Y CULTURA
US VIRGIN ISLANDS;CORPORATIVO;USVI HOTEL ROOM PRESIDENCIAL;754;THE LEARNING CHANNEL;HD;HOGAR Y VARIEDADES
US VIRGIN ISLANDS;CORPORATIVO;USVI HOTEL ROOM PRESIDENCIAL;756;HISTORY US;HD;CIENCIA Y CULTURA
US VIRGIN ISLANDS;CORPORATIVO;USVI HOTEL ROOM PRESIDENCIAL;760;TVE;SD;NACIONAL
US VIRGIN ISLANDS;CORPORATIVO;USVI HOTEL ROOM PRESIDENCIAL;762;ANTENA 3;SD;NACIONAL
US VIRGIN ISLANDS;CORPORATIVO;USVI HOTEL ROOM PRESIDENCIAL;768;BBC AMERICA;HD;SERIES Y PELICULAS
US VIRGIN ISLANDS;POSPAGO;CHOICE VI;166;WIPR;SD;NACIONAL
US VIRGIN ISLANDS;POSPAGO;CHOICE VI;182;TV CHILE;SD;NACIONAL
US VIRGIN ISLANDS;POSPAGO;CHOICE VI;183;TELEORO;SD;NACIONAL
US VIRGIN ISLANDS;POSPAGO;CHOICE VI;220;BRAVO TV;HD;HOGAR Y VARIEDADES
US VIRGIN ISLANDS;POSPAGO;CHOICE VI;222;E! US HD;HD;HOGAR Y VARIEDADES
US VIRGIN ISLANDS;POSPAGO;CHOICE VI;228;FOOD NETWORK;HD;GASTRONÓMICO
US VIRGIN ISLANDS;POSPAGO;CHOICE VI;229;BLOSSOM;SD;HOGAR Y VARIEDADES
US VIRGIN ISLANDS;POSPAGO;CHOICE VI;230;BET;SD;HOGAR Y VARIEDADES
US VIRGIN ISLANDS;POSPAGO;CHOICE VI;242;FX HD;HD;SERIES Y PELICULAS
US VIRGIN ISLANDS;POSPAGO;CHOICE VI;244;TNT;HD;SERIES Y PELICULAS
US VIRGIN ISLANDS;POSPAGO;CHOICE VI;246;USA;HD;SERIES Y PELICULAS
US VIRGIN ISLANDS;POSPAGO;CHOICE VI;248;TBS;HD;SERIES Y PELICULAS
US VIRGIN ISLANDS;POSPAGO;CHOICE VI;249;TL NOVELAS;SD;TELENOVELAS
US VIRGIN ISLANDS;POSPAGO;CHOICE VI;250;HGTV;HD;HOGAR Y VARIEDADES
US VIRGIN ISLANDS;POSPAGO;CHOICE VI;252;FREEFORM;HD;SERIES Y PELICULAS
US VIRGIN ISLANDS;POSPAGO;CHOICE VI;254;PARAMOUNT;HD;SERIES Y PELICULAS
US VIRGIN ISLANDS;POSPAGO;CHOICE VI;256;A&E;HD;SERIES Y PELICULAS
US VIRGIN ISLANDS;POSPAGO;CHOICE VI;260;MTV;HD;MUSICAL
US VIRGIN ISLANDS;POSPAGO;CHOICE VI;261;MTV 2;HD;MUSICAL
US VIRGIN ISLANDS;POSPAGO;CHOICE VI;262;VH1;HD;MUSICAL
US VIRGIN ISLANDS;POSPAGO;CHOICE VI;263;COMEDY CENTRAL;HD;SERIES Y PELICULAS
US VIRGIN ISLANDS;POSPAGO;CHOICE VI;264;VICE;SD;INFORMATIVO
US VIRGIN ISLANDS;POSPAGO;CHOICE VI;268;SO YUMMY!;SD;GASTRONÓMICO
US VIRGIN ISLANDS;POSPAGO;CHOICE VI;320;CARTOON NETWORK;HD;INFANTIL
US VIRGIN ISLANDS;POSPAGO;CHOICE VI;322;NICKELODEON;HD;INFANTIL
US VIRGIN ISLANDS;POSPAGO;CHOICE VI;324;DISNEY CHANNEL;HD;INFANTIL
US VIRGIN ISLANDS;POSPAGO;CHOICE VI;326;DISNEY XD;HD;INFANTIL
US VIRGIN ISLANDS;POSPAGO;CHOICE VI;330;DISCOVERY KIDS LA;SD;INFANTIL
US VIRGIN ISLANDS;POSPAGO;CHOICE VI;332;LOOLOO KIDS;SD;INFANTIL
US VIRGIN ISLANDS;POSPAGO;CHOICE VI;336;BOOMERANG;SD;INFANTIL
US VIRGIN ISLANDS;POSPAGO;CHOICE VI;337;NICK JR.;HD;INFANTIL
US VIRGIN ISLANDS;POSPAGO;CHOICE VI;338;VME;SD;NACIONAL
US VIRGIN ISLANDS;POSPAGO;CHOICE VI;339;BABY FIRST TV;SD;INFANTIL
US VIRGIN ISLANDS;POSPAGO;CHOICE VI;350;EWTN;SD;RELIGIOSO
US VIRGIN ISLANDS;POSPAGO;CHOICE VI;352;ENLACE;SD;RELIGIOSO
US VIRGIN ISLANDS;POSPAGO;CHOICE VI;354;CHRISTIAN TELEVISION NETWORK (CTN);SD;RELIGIOSO
US VIRGIN ISLANDS;POSPAGO;CHOICE VI;511;AMC;HD;SERIES Y PELICULAS
US VIRGIN ISLANDS;POSPAGO;CHOICE VI;516;DE PELÍCULA;SD;SERIES Y PELICULAS
US VIRGIN ISLANDS;POSPAGO;CHOICE VI;517;LIFETIME;HD;SERIES Y PELICULAS
US VIRGIN ISLANDS;POSPAGO;CHOICE VI;520;HALLMARK;HD;SERIES Y PELICULAS
US VIRGIN ISLANDS;POSPAGO;CHOICE VI;521;HALLMARK FAMILY;HD;SERIES Y PELICULAS
US VIRGIN ISLANDS;POSPAGO;CHOICE VI;645;ESPN;HD;DEPORTES
US VIRGIN ISLANDS;POSPAGO;CHOICE VI;646;ESPN NEWS;HD;DEPORTES
US VIRGIN ISLANDS;POSPAGO;CHOICE VI;648;ESPN 2;HD;DEPORTES
US VIRGIN ISLANDS;POSPAGO;CHOICE VI;649;ESPN DEPORTES;HD;DEPORTES
US VIRGIN ISLANDS;POSPAGO;CHOICE VI;651;FOX DEPORTES;SD;DEPORTES
US VIRGIN ISLANDS;POSPAGO;CHOICE VI;653;NBA TV;HD;DEPORTES
US VIRGIN ISLANDS;POSPAGO;CHOICE VI;655;FOX SPORTS;HD;DEPORTES
US VIRGIN ISLANDS;POSPAGO;CHOICE VI;656;MLB NETWORK;HD;DEPORTES
US VIRGIN ISLANDS;POSPAGO;CHOICE VI;702;CNN;HD;NOTICIAS
US VIRGIN ISLANDS;POSPAGO;CHOICE VI;704;CNN EN ESPAÑOL;SD;NOTICIAS
US VIRGIN ISLANDS;POSPAGO;CHOICE VI;708;HEADLINE NEWS;HD;NOTICIAS
US VIRGIN ISLANDS;POSPAGO;CHOICE VI;712;ACCUWEATHER;HD;NOTICIAS
US VIRGIN ISLANDS;POSPAGO;CHOICE VI;720;C-SPAN2;SD;INFORMATIVO
US VIRGIN ISLANDS;POSPAGO;CHOICE VI;730;NAT GEO MUNDO;SD;CIENCIA Y CULTURA
US VIRGIN ISLANDS;POSPAGO;CHOICE VI;732;DISCOVERY EN ESPAÑOL;SD;CIENCIA Y CULTURA
US VIRGIN ISLANDS;POSPAGO;CHOICE VI;734;ANIMAL PLANET LA;SD;CIENCIA Y CULTURA
US VIRGIN ISLANDS;POSPAGO;CHOICE VI;735;ANIMAL PLANET US;HD;CIENCIA Y CULTURA
US VIRGIN ISLANDS;POSPAGO;CHOICE VI;742;HISTORY ANDES;SD;CIENCIA Y CULTURA
US VIRGIN ISLANDS;POSPAGO;CHOICE VI;744;FYI;HD;HOGAR Y VARIEDADES
US VIRGIN ISLANDS;POSPAGO;CHOICE VI;745;SYFY;HD;SERIES Y PELICULAS
US VIRGIN ISLANDS;POSPAGO;CHOICE VI;746;DISCOVERY TURBO;HD;HOGAR Y VARIEDADES
US VIRGIN ISLANDS;POSPAGO;CHOICE VI;752;DISCOVERY US;HD;CIENCIA Y CULTURA
US VIRGIN ISLANDS;POSPAGO;CHOICE VI;754;THE LEARNING CHANNEL;HD;HOGAR Y VARIEDADES
US VIRGIN ISLANDS;POSPAGO;CHOICE VI;756;HISTORY US;HD;CIENCIA Y CULTURA
US VIRGIN ISLANDS;POSPAGO;CHOICE VI;760;TVE;SD;NACIONAL
US VIRGIN ISLANDS;POSPAGO;CHOICE VI;901;MUSIC CHOICE ROCK HITS;AUDIO;AUDIO
US VIRGIN ISLANDS;POSPAGO;CHOICE VI;902;MUSIC CHOICE ‘80S ROCK;AUDIO;AUDIO
US VIRGIN ISLANDS;POSPAGO;CHOICE VI;903;MUSIC CHOICE JAZZ VOCAL HITS;AUDIO;AUDIO
US VIRGIN ISLANDS;POSPAGO;CHOICE VI;904;MUSIC CHOICE COUNTRY HITS;AUDIO;AUDIO
US VIRGIN ISLANDS;POSPAGO;CHOICE VI;905;MUSIC CHOICE NEW AGE;AUDIO;AUDIO
US VIRGIN ISLANDS;POSPAGO;CHOICE VI;906;MUSIC CHOICE FUNK;AUDIO;AUDIO
US VIRGIN ISLANDS;POSPAGO;CHOICE VI;907;MUSIC CHOICE '90S;AUDIO;AUDIO
US VIRGIN ISLANDS;POSPAGO;CHOICE VI;908;MUSIC CHOICE BLUES;AUDIO;AUDIO
US VIRGIN ISLANDS;POSPAGO;CHOICE VI;909;MUSIC CHOICE LOVE SONGS;AUDIO;AUDIO
US VIRGIN ISLANDS;POSPAGO;CHOICE VI;910;MUSIC CHOICE MUSICA URBANA;AUDIO;AUDIO
US VIRGIN ISLANDS;POSPAGO;CHOICE VI;911;MUSIC CHOICE R&B CLASSICS;AUDIO;AUDIO
US VIRGIN ISLANDS;POSPAGO;CHOICE VI;912;MUSIC CHOICE LATIN JAZZ;AUDIO;AUDIO
US VIRGIN ISLANDS;POSPAGO;CHOICE VI;913;MUSIC CHOICE SOFT ROCK;AUDIO;AUDIO
US VIRGIN ISLANDS;POSPAGO;CHOICE VI;914;MUSIC CHOICE RAP;AUDIO;AUDIO
US VIRGIN ISLANDS;POSPAGO;CHOICE VI;915;MUSIC CHOICE CLASSIC CHRISTMAS;AUDIO;AUDIO
US VIRGIN ISLANDS;POSPAGO;CHOICE VI;916;MUSIC CHOICE WORKOUT;AUDIO;AUDIO
US VIRGIN ISLANDS;POSPAGO;CHOICE VI;917;MUSIC CHOICE BROADWAY;AUDIO;AUDIO
US VIRGIN ISLANDS;POSPAGO;CHOICE VI;918;MUSIC CHOICE ADULT ALTERNATIVE;AUDIO;AUDIO
US VIRGIN ISLANDS;POSPAGO;CHOICE VI;919;MUSIC CHOICE POP HITS;AUDIO;AUDIO
US VIRGIN ISLANDS;POSPAGO;CHOICE VI;920;MUSIC CHOICE NEW WAVE;AUDIO;AUDIO
US VIRGIN ISLANDS;POSPAGO;CHOICE VI;921;MUSIC CHOICE '70S;AUDIO;AUDIO
US VIRGIN ISLANDS;POSPAGO;CHOICE VI;922;MUSIC CHOICE KIDS ONLY!;AUDIO;AUDIO
US VIRGIN ISLANDS;POSPAGO;CHOICE VI;923;MUSIC CHOICE '80S;AUDIO;AUDIO
US VIRGIN ISLANDS;POSPAGO;CHOICE VI;924;MUSIC CHOICE ROCK LATINO;AUDIO;AUDIO
US VIRGIN ISLANDS;POSPAGO;CHOICE VI;925;MUSIC CHOICE RETRO WORKOUT;AUDIO;AUDIO
US VIRGIN ISLANDS;POSPAGO;CHOICE VI;926;MUSIC CHOICE CONTEMPORARY CHRISTIAN;AUDIO;AUDIO
US VIRGIN ISLANDS;POSPAGO;CHOICE VI;927;MUSIC CHOICE REGGAE;AUDIO;AUDIO
US VIRGIN ISLANDS;POSPAGO;CHOICE VI;928;MUSIC CHOICE ALTERNATIVE;AUDIO;AUDIO
US VIRGIN ISLANDS;POSPAGO;CHOICE VI;929;MUSIC CHOICE POP & COUNTRY;AUDIO;AUDIO
US VIRGIN ISLANDS;POSPAGO;CHOICE VI;930;MUSIC CHOICE POP LATINO;AUDIO;AUDIO
US VIRGIN ISLANDS;POSPAGO;CHOICE VI;931;MUSIC CHOICE CLASSIC COUNTRY;AUDIO;AUDIO
US VIRGIN ISLANDS;POSPAGO;CHOICE VI;932;MUSIC CHOICE BIG BAND;AUDIO;AUDIO
US VIRGIN ISLANDS;POSPAGO;CHOICE VI;933;MUSIC CHOICE TODAY'S COUNTRY;AUDIO;AUDIO
US VIRGIN ISLANDS;POSPAGO;CHOICE VI;934;MUSIC CHOICE HIT LIST;AUDIO;AUDIO
US VIRGIN ISLANDS;POSPAGO;CHOICE VI;935;MUSIC CHOICE HIP-HOP AND R&B;AUDIO;AUDIO
US VIRGIN ISLANDS;POSPAGO;CHOICE VI;936;MUSIC CHOICE TEEN BEATS;AUDIO;AUDIO
US VIRGIN ISLANDS;POSPAGO;CHOICE VI;937;MUSIC CHOICE COFFEE SHOP CUTS;AUDIO;AUDIO
US VIRGIN ISLANDS;POSPAGO;CHOICE VI;938;MUSIC CHOICE HONKY TONK;AUDIO;AUDIO
US VIRGIN ISLANDS;POSPAGO;CHOICE VI;939;MUSIC CHOICE SOUNDSCAPES;AUDIO;AUDIO
US VIRGIN ISLANDS;POSPAGO;CHOICE VI;940;MUSIC CHOICE LIGHT CLASSICAL;AUDIO;AUDIO
US VIRGIN ISLANDS;POSPAGO;CHOICE VI;941;MUSIC CHOICE CLASSIC ALTERNATIVE;AUDIO;AUDIO
US VIRGIN ISLANDS;POSPAGO;CHOICE VI;942;MUSIC CHOICE INDIE;AUDIO;AUDIO
US VIRGIN ISLANDS;POSPAGO;CHOICE VI;943;MUSIC CHOICE MALT SHOP FAVORITES;AUDIO;AUDIO
US VIRGIN ISLANDS;POSPAGO;CHOICE VI;944;MUSIC CHOICE SMOOTH JAZZ;AUDIO;AUDIO
US VIRGIN ISLANDS;POSPAGO;CHOICE VI;945;MUSIC CHOICE CONTEMPORARY INSTRUMENTALS;AUDIO;AUDIO
US VIRGIN ISLANDS;POSPAGO;CHOICE VI;946;MUSIC CHOICE HARD ROCK;AUDIO;AUDIO
US VIRGIN ISLANDS;POSPAGO;CHOICE VI;947;MUSIC CHOICE THROWBACK JAMZ;AUDIO;AUDIO
US VIRGIN ISLANDS;POSPAGO;CHOICE VI;948;MUSIC CHOICE CLASSIC ROCK;AUDIO;AUDIO
US VIRGIN ISLANDS;POSPAGO;CHOICE VI;949;MUSIC CHOICE MOVIE SCORES;AUDIO;AUDIO
US VIRGIN ISLANDS;POSPAGO;CHOICE VI;950;MUSIC CHOICE MAX;AUDIO;AUDIO
US VIRGIN ISLANDS;POSPAGO;CHOICE VI;951;MUSIC CHOICE MAINSTREAM RAP;AUDIO;AUDIO
US VIRGIN ISLANDS;POSPAGO;CHOICE VI;952;MUSIC CHOICE AMERICANA;AUDIO;AUDIO
US VIRGIN ISLANDS;POSPAGO;CHOICE VI;953;MUSIC CHOICE SYMPHONY;AUDIO;AUDIO
US VIRGIN ISLANDS;POSPAGO;CHOICE VI;954;MUSIC CHOICE DANCE/EDM;AUDIO;AUDIO
US VIRGIN ISLANDS;POSPAGO;CHOICE VI;955;MUSIC CHOICE FOLK;AUDIO;AUDIO
US VIRGIN ISLANDS;POSPAGO;CHOICE VI;956;MUSIC CHOICE CLASSIC DANCE;AUDIO;AUDIO
US VIRGIN ISLANDS;POSPAGO;CHOICE VI;957;MUSIC CHOICE GOSPEL HALLELUJAH;AUDIO;AUDIO
US VIRGIN ISLANDS;POSPAGO;CHOICE VI;958;MUSIC CHOICE TROPICALES;AUDIO;AUDIO
US VIRGIN ISLANDS;POSPAGO;CHOICE VI;959;MUSIC CHOICE METAL;AUDIO;AUDIO
US VIRGIN ISLANDS;POSPAGO;CHOICE VI;960;MUSIC CHOICE TODDLER TUNES;AUDIO;AUDIO
US VIRGIN ISLANDS;POSPAGO;CHOICE VI;961;MUSIC CHOICE Y2K;AUDIO;AUDIO
US VIRGIN ISLANDS;POSPAGO;CHOICE VI;962;MUSIC CHOICE BLUEGRASS;AUDIO;AUDIO
US VIRGIN ISLANDS;POSPAGO;CHOICE VI;963;MUSIC CHOICE VIETNAMESE;AUDIO;AUDIO
US VIRGIN ISLANDS;POSPAGO;CHOICE VI;964;MUSIC CHOICE GOSPEL;AUDIO;AUDIO
US VIRGIN ISLANDS;POSPAGO;CHOICE VI;965;MUSIC CHOICE '60S MOVEMENT;AUDIO;AUDIO
US VIRGIN ISLANDS;POSPAGO;CHOICE VI;966;MUSIC CHOICE FILIPINO;AUDIO;AUDIO
US VIRGIN ISLANDS;POSPAGO;CHOICE VI;967;MUSIC CHOICE SOUNDS OF THE SEASON;AUDIO;AUDIO
US VIRGIN ISLANDS;POSPAGO;CHOICE VI;921-1;MUSIC CHOICE '70S ULTRA;AUDIO;AUDIO
US VIRGIN ISLANDS;POSPAGO;CHOICE VI;923-1;MUSIC CHOICE '80S ULTRA;AUDIO;AUDIO
US VIRGIN ISLANDS;POSPAGO;CHOICE VI;931-1;MUSIC CHOICE COUNTRY CLASSIC ULTRA;AUDIO;AUDIO
US VIRGIN ISLANDS;POSPAGO;CHOICE VI;933-1;MUSIC CHOICE TODAY'S COUNTRY ULTRA;AUDIO;AUDIO
US VIRGIN ISLANDS;POSPAGO;CHOICE VI;939-1;MUSIC CHOICE SOUNDSCAPES ULTRA;AUDIO;AUDIO
US VIRGIN ISLANDS;POSPAGO;CHOICE VI;967-1;MUSIC CHOICE CLASSIC ROCK ULTRA;AUDIO;AUDIO
US VIRGIN ISLANDS;POSPAGO;CINEMAX VI;571;CINEMAX;HD;SERIES Y PELICULAS
US VIRGIN ISLANDS;POSPAGO;CINEMAX VI;572;CINEMAX HITS;HD;SERIES Y PELICULAS
US VIRGIN ISLANDS;POSPAGO;CINEMAX VI;574;CINEMAX ACTION;HD;SERIES Y PELICULAS
US VIRGIN ISLANDS;POSPAGO;DEMO 1 VI;166;WIPR;SD;NACIONAL
US VIRGIN ISLANDS;POSPAGO;DEMO 1 VI;182;TV CHILE;SD;NACIONAL
US VIRGIN ISLANDS;POSPAGO;DEMO 1 VI;183;TELEORO;SD;NACIONAL
US VIRGIN ISLANDS;POSPAGO;DEMO 1 VI;220;BRAVO TV;HD;HOGAR Y VARIEDADES
US VIRGIN ISLANDS;POSPAGO;DEMO 1 VI;221;¡HOLA! TV;SD;HOGAR Y VARIEDADES
US VIRGIN ISLANDS;POSPAGO;DEMO 1 VI;222;E! US HD;HD;HOGAR Y VARIEDADES
US VIRGIN ISLANDS;POSPAGO;DEMO 1 VI;228;FOOD NETWORK;HD;GASTRONÓMICO
US VIRGIN ISLANDS;POSPAGO;DEMO 1 VI;229;BLOSSOM;SD;HOGAR Y VARIEDADES
US VIRGIN ISLANDS;POSPAGO;DEMO 1 VI;230;BET;SD;HOGAR Y VARIEDADES
US VIRGIN ISLANDS;POSPAGO;DEMO 1 VI;242;FX HD;HD;SERIES Y PELICULAS
US VIRGIN ISLANDS;POSPAGO;DEMO 1 VI;244;TNT;HD;SERIES Y PELICULAS
US VIRGIN ISLANDS;POSPAGO;DEMO 1 VI;246;USA;HD;SERIES Y PELICULAS
US VIRGIN ISLANDS;POSPAGO;DEMO 1 VI;248;TBS;HD;SERIES Y PELICULAS
US VIRGIN ISLANDS;POSPAGO;DEMO 1 VI;249;TL NOVELAS;SD;TELENOVELAS
US VIRGIN ISLANDS;POSPAGO;DEMO 1 VI;250;HGTV;HD;HOGAR Y VARIEDADES
US VIRGIN ISLANDS;POSPAGO;DEMO 1 VI;252;FREEFORM;HD;SERIES Y PELICULAS
US VIRGIN ISLANDS;POSPAGO;DEMO 1 VI;254;PARAMOUNT;HD;SERIES Y PELICULAS
US VIRGIN ISLANDS;POSPAGO;DEMO 1 VI;256;A&E;HD;SERIES Y PELICULAS
US VIRGIN ISLANDS;POSPAGO;DEMO 1 VI;260;MTV;HD;MUSICAL
US VIRGIN ISLANDS;POSPAGO;DEMO 1 VI;261;MTV 2;HD;MUSICAL
US VIRGIN ISLANDS;POSPAGO;DEMO 1 VI;262;VH1;HD;MUSICAL
US VIRGIN ISLANDS;POSPAGO;DEMO 1 VI;263;COMEDY CENTRAL;HD;SERIES Y PELICULAS
US VIRGIN ISLANDS;POSPAGO;DEMO 1 VI;264;VICE;SD;INFORMATIVO
US VIRGIN ISLANDS;POSPAGO;DEMO 1 VI;267;COOKING CHANNEL;HD;GASTRONÓMICO
US VIRGIN ISLANDS;POSPAGO;DEMO 1 VI;268;SO YUMMY!;SD;GASTRONÓMICO
US VIRGIN ISLANDS;POSPAGO;DEMO 1 VI;320;CARTOON NETWORK;HD;INFANTIL
US VIRGIN ISLANDS;POSPAGO;DEMO 1 VI;322;NICKELODEON;HD;INFANTIL
US VIRGIN ISLANDS;POSPAGO;DEMO 1 VI;324;DISNEY CHANNEL;HD;INFANTIL
US VIRGIN ISLANDS;POSPAGO;DEMO 1 VI;326;DISNEY XD;HD;INFANTIL
US VIRGIN ISLANDS;POSPAGO;DEMO 1 VI;330;DISCOVERY KIDS LA;SD;INFANTIL
US VIRGIN ISLANDS;POSPAGO;DEMO 1 VI;332;LOOLOO KIDS;SD;INFANTIL
US VIRGIN ISLANDS;POSPAGO;DEMO 1 VI;336;BOOMERANG;SD;INFANTIL
US VIRGIN ISLANDS;POSPAGO;DEMO 1 VI;337;NICK JR.;HD;INFANTIL
US VIRGIN ISLANDS;POSPAGO;DEMO 1 VI;338;VME;SD;NACIONAL
US VIRGIN ISLANDS;POSPAGO;DEMO 1 VI;339;BABY FIRST TV;SD;INFANTIL
US VIRGIN ISLANDS;POSPAGO;DEMO 1 VI;350;EWTN;SD;RELIGIOSO
US VIRGIN ISLANDS;POSPAGO;DEMO 1 VI;352;ENLACE;SD;RELIGIOSO
US VIRGIN ISLANDS;POSPAGO;DEMO 1 VI;354;CHRISTIAN TELEVISION NETWORK (CTN);SD;RELIGIOSO
US VIRGIN ISLANDS;POSPAGO;DEMO 1 VI;511;AMC;HD;SERIES Y PELICULAS
US VIRGIN ISLANDS;POSPAGO;DEMO 1 VI;514;CINE LATINO;SD;SERIES Y PELICULAS
US VIRGIN ISLANDS;POSPAGO;DEMO 1 VI;516;DE PELÍCULA;SD;SERIES Y PELICULAS
US VIRGIN ISLANDS;POSPAGO;DEMO 1 VI;517;LIFETIME;HD;SERIES Y PELICULAS
US VIRGIN ISLANDS;POSPAGO;DEMO 1 VI;518;LIFETIME MOVIE NETWORK;HD;SERIES Y PELICULAS
US VIRGIN ISLANDS;POSPAGO;DEMO 1 VI;520;HALLMARK;HD;SERIES Y PELICULAS
US VIRGIN ISLANDS;POSPAGO;DEMO 1 VI;521;HALLMARK FAMILY;HD;SERIES Y PELICULAS
US VIRGIN ISLANDS;POSPAGO;DEMO 1 VI;550;MGM+;HD;SERIES Y PELICULAS
US VIRGIN ISLANDS;POSPAGO;DEMO 1 VI;551;MGM+ HITS;HD;SERIES Y PELICULAS
US VIRGIN ISLANDS;POSPAGO;DEMO 1 VI;552;MGM+ MARQUEE;HD;SERIES Y PELICULAS
US VIRGIN ISLANDS;POSPAGO;DEMO 1 VI;564;HBO;HD;SERIES Y PELICULAS
US VIRGIN ISLANDS;POSPAGO;DEMO 1 VI;565;HBO HITS;HD;SERIES Y PELICULAS
US VIRGIN ISLANDS;POSPAGO;DEMO 1 VI;566;HBO MOVIES;HD;SERIES Y PELICULAS
US VIRGIN ISLANDS;POSPAGO;DEMO 1 VI;567;HBO DRAMA;HD;SERIES Y PELICULAS
US VIRGIN ISLANDS;POSPAGO;DEMO 1 VI;569;HBO COMEDY;HD;SERIES Y PELICULAS
US VIRGIN ISLANDS;POSPAGO;DEMO 1 VI;570;HBO LATINO;HD;SERIES Y PELICULAS
US VIRGIN ISLANDS;POSPAGO;DEMO 1 VI;571;CINEMAX;HD;SERIES Y PELICULAS
US VIRGIN ISLANDS;POSPAGO;DEMO 1 VI;572;CINEMAX HITS;HD;SERIES Y PELICULAS
US VIRGIN ISLANDS;POSPAGO;DEMO 1 VI;574;CINEMAX ACTION;HD;SERIES Y PELICULAS
US VIRGIN ISLANDS;POSPAGO;DEMO 1 VI;577;PARAMOUNT;HD;SERIES Y PELICULAS
US VIRGIN ISLANDS;POSPAGO;DEMO 1 VI;578;SHOWTIME 2;HD;SERIES Y PELICULAS
US VIRGIN ISLANDS;POSPAGO;DEMO 1 VI;579;SHO*BET;HD;SERIES Y PELICULAS
US VIRGIN ISLANDS;POSPAGO;DEMO 1 VI;580;SHOWCASE;HD;SERIES Y PELICULAS
US VIRGIN ISLANDS;POSPAGO;DEMO 1 VI;581;SHOWTIME EXTREME;HD;SERIES Y PELICULAS
US VIRGIN ISLANDS;POSPAGO;DEMO 1 VI;582;THE MOVIE CHANNEL;SD;SERIES Y PELICULAS
US VIRGIN ISLANDS;POSPAGO;DEMO 1 VI;585;STARZ;HD;SERIES Y PELICULAS
US VIRGIN ISLANDS;POSPAGO;DEMO 1 VI;586;STARZ KIDS & FAMILY;HD;INFANTIL
US VIRGIN ISLANDS;POSPAGO;DEMO 1 VI;587;STARZ CINEMA;HD;SERIES Y PELICULAS
US VIRGIN ISLANDS;POSPAGO;DEMO 1 VI;588;ENCORE ACTION;SD;SERIES Y PELICULAS
US VIRGIN ISLANDS;POSPAGO;DEMO 1 VI;589;ENCORE;HD;SERIES Y PELICULAS
US VIRGIN ISLANDS;POSPAGO;DEMO 1 VI;590;ENCORE FAMILY;SD;SERIES Y PELICULAS
US VIRGIN ISLANDS;POSPAGO;DEMO 1 VI;645;ESPN;HD;DEPORTES
US VIRGIN ISLANDS;POSPAGO;DEMO 1 VI;646;ESPN NEWS;HD;DEPORTES
US VIRGIN ISLANDS;POSPAGO;DEMO 1 VI;648;ESPN 2;HD;DEPORTES
US VIRGIN ISLANDS;POSPAGO;DEMO 1 VI;649;ESPN DEPORTES;HD;DEPORTES
US VIRGIN ISLANDS;POSPAGO;DEMO 1 VI;651;FOX DEPORTES;SD;DEPORTES
US VIRGIN ISLANDS;POSPAGO;DEMO 1 VI;652;THE TENNIS CHANNEL;HD;DEPORTES
US VIRGIN ISLANDS;POSPAGO;DEMO 1 VI;653;NBA TV;HD;DEPORTES
US VIRGIN ISLANDS;POSPAGO;DEMO 1 VI;654;THE GOLF CHANNEL;HD;DEPORTES
US VIRGIN ISLANDS;POSPAGO;DEMO 1 VI;655;FOX SPORTS;HD;DEPORTES
US VIRGIN ISLANDS;POSPAGO;DEMO 1 VI;656;MLB NETWORK;HD;DEPORTES
US VIRGIN ISLANDS;POSPAGO;DEMO 1 VI;702;CNN;HD;NOTICIAS
US VIRGIN ISLANDS;POSPAGO;DEMO 1 VI;704;CNN EN ESPAÑOL;SD;NOTICIAS
US VIRGIN ISLANDS;POSPAGO;DEMO 1 VI;708;HEADLINE NEWS;HD;NOTICIAS
US VIRGIN ISLANDS;POSPAGO;DEMO 1 VI;710;BLOOMBERG;HD;NOTICIAS
US VIRGIN ISLANDS;POSPAGO;DEMO 1 VI;712;ACCUWEATHER;HD;NOTICIAS
US VIRGIN ISLANDS;POSPAGO;DEMO 1 VI;720;C-SPAN2;SD;INFORMATIVO
US VIRGIN ISLANDS;POSPAGO;DEMO 1 VI;730;NAT GEO MUNDO;SD;CIENCIA Y CULTURA
US VIRGIN ISLANDS;POSPAGO;DEMO 1 VI;732;DISCOVERY EN ESPAÑOL;SD;CIENCIA Y CULTURA
US VIRGIN ISLANDS;POSPAGO;DEMO 1 VI;734;ANIMAL PLANET LA;SD;CIENCIA Y CULTURA
US VIRGIN ISLANDS;POSPAGO;DEMO 1 VI;735;ANIMAL PLANET US;HD;CIENCIA Y CULTURA
US VIRGIN ISLANDS;POSPAGO;DEMO 1 VI;742;HISTORY ANDES;SD;CIENCIA Y CULTURA
US VIRGIN ISLANDS;POSPAGO;DEMO 1 VI;744;FYI;HD;HOGAR Y VARIEDADES
US VIRGIN ISLANDS;POSPAGO;DEMO 1 VI;745;SYFY;HD;SERIES Y PELICULAS
US VIRGIN ISLANDS;POSPAGO;DEMO 1 VI;746;DISCOVERY TURBO;HD;HOGAR Y VARIEDADES
US VIRGIN ISLANDS;POSPAGO;DEMO 1 VI;752;DISCOVERY US;HD;CIENCIA Y CULTURA
US VIRGIN ISLANDS;POSPAGO;DEMO 1 VI;754;THE LEARNING CHANNEL;HD;HOGAR Y VARIEDADES
US VIRGIN ISLANDS;POSPAGO;DEMO 1 VI;756;HISTORY US;HD;CIENCIA Y CULTURA
US VIRGIN ISLANDS;POSPAGO;DEMO 1 VI;760;TVE;SD;NACIONAL
US VIRGIN ISLANDS;POSPAGO;DEMO 1 VI;762;ANTENA 3;SD;NACIONAL
US VIRGIN ISLANDS;POSPAGO;DEMO 1 VI;768;BBC AMERICA;HD;SERIES Y PELICULAS
US VIRGIN ISLANDS;POSPAGO;DEMO 1 VI;901;MUSIC CHOICE ROCK HITS;AUDIO;AUDIO
US VIRGIN ISLANDS;POSPAGO;DEMO 1 VI;902;MUSIC CHOICE ‘80S ROCK;AUDIO;AUDIO
US VIRGIN ISLANDS;POSPAGO;DEMO 1 VI;903;MUSIC CHOICE JAZZ VOCAL HITS;AUDIO;AUDIO
US VIRGIN ISLANDS;POSPAGO;DEMO 1 VI;904;MUSIC CHOICE COUNTRY HITS;AUDIO;AUDIO
US VIRGIN ISLANDS;POSPAGO;DEMO 1 VI;905;MUSIC CHOICE NEW AGE;AUDIO;AUDIO
US VIRGIN ISLANDS;POSPAGO;DEMO 1 VI;906;MUSIC CHOICE FUNK;AUDIO;AUDIO
US VIRGIN ISLANDS;POSPAGO;DEMO 1 VI;907;MUSIC CHOICE '90S;AUDIO;AUDIO
US VIRGIN ISLANDS;POSPAGO;DEMO 1 VI;908;MUSIC CHOICE BLUES;AUDIO;AUDIO
US VIRGIN ISLANDS;POSPAGO;DEMO 1 VI;909;MUSIC CHOICE LOVE SONGS;AUDIO;AUDIO
US VIRGIN ISLANDS;POSPAGO;DEMO 1 VI;910;MUSIC CHOICE MUSICA URBANA;AUDIO;AUDIO
US VIRGIN ISLANDS;POSPAGO;DEMO 1 VI;911;MUSIC CHOICE R&B CLASSICS;AUDIO;AUDIO
US VIRGIN ISLANDS;POSPAGO;DEMO 1 VI;912;MUSIC CHOICE LATIN JAZZ;AUDIO;AUDIO
US VIRGIN ISLANDS;POSPAGO;DEMO 1 VI;913;MUSIC CHOICE SOFT ROCK;AUDIO;AUDIO
US VIRGIN ISLANDS;POSPAGO;DEMO 1 VI;914;MUSIC CHOICE RAP;AUDIO;AUDIO
US VIRGIN ISLANDS;POSPAGO;DEMO 1 VI;915;MUSIC CHOICE CLASSIC CHRISTMAS;AUDIO;AUDIO
US VIRGIN ISLANDS;POSPAGO;DEMO 1 VI;916;MUSIC CHOICE WORKOUT;AUDIO;AUDIO
US VIRGIN ISLANDS;POSPAGO;DEMO 1 VI;917;MUSIC CHOICE BROADWAY;AUDIO;AUDIO
US VIRGIN ISLANDS;POSPAGO;DEMO 1 VI;918;MUSIC CHOICE ADULT ALTERNATIVE;AUDIO;AUDIO
US VIRGIN ISLANDS;POSPAGO;DEMO 1 VI;919;MUSIC CHOICE POP HITS;AUDIO;AUDIO
US VIRGIN ISLANDS;POSPAGO;DEMO 1 VI;920;MUSIC CHOICE NEW WAVE;AUDIO;AUDIO
US VIRGIN ISLANDS;POSPAGO;DEMO 1 VI;921;MUSIC CHOICE '70S;AUDIO;AUDIO
US VIRGIN ISLANDS;POSPAGO;DEMO 1 VI;922;MUSIC CHOICE KIDS ONLY!;AUDIO;AUDIO
US VIRGIN ISLANDS;POSPAGO;DEMO 1 VI;923;MUSIC CHOICE '80S;AUDIO;AUDIO
US VIRGIN ISLANDS;POSPAGO;DEMO 1 VI;924;MUSIC CHOICE ROCK LATINO;AUDIO;AUDIO
US VIRGIN ISLANDS;POSPAGO;DEMO 1 VI;925;MUSIC CHOICE RETRO WORKOUT;AUDIO;AUDIO
US VIRGIN ISLANDS;POSPAGO;DEMO 1 VI;926;MUSIC CHOICE CONTEMPORARY CHRISTIAN;AUDIO;AUDIO
US VIRGIN ISLANDS;POSPAGO;DEMO 1 VI;927;MUSIC CHOICE REGGAE;AUDIO;AUDIO
US VIRGIN ISLANDS;POSPAGO;DEMO 1 VI;928;MUSIC CHOICE ALTERNATIVE;AUDIO;AUDIO
US VIRGIN ISLANDS;POSPAGO;DEMO 1 VI;929;MUSIC CHOICE POP & COUNTRY;AUDIO;AUDIO
US VIRGIN ISLANDS;POSPAGO;DEMO 1 VI;930;MUSIC CHOICE POP LATINO;AUDIO;AUDIO
US VIRGIN ISLANDS;POSPAGO;DEMO 1 VI;931;MUSIC CHOICE CLASSIC COUNTRY;AUDIO;AUDIO
US VIRGIN ISLANDS;POSPAGO;DEMO 1 VI;932;MUSIC CHOICE BIG BAND;AUDIO;AUDIO
US VIRGIN ISLANDS;POSPAGO;DEMO 1 VI;933;MUSIC CHOICE TODAY'S COUNTRY;AUDIO;AUDIO
US VIRGIN ISLANDS;POSPAGO;DEMO 1 VI;934;MUSIC CHOICE HIT LIST;AUDIO;AUDIO
US VIRGIN ISLANDS;POSPAGO;DEMO 1 VI;935;MUSIC CHOICE HIP-HOP AND R&B;AUDIO;AUDIO
US VIRGIN ISLANDS;POSPAGO;DEMO 1 VI;936;MUSIC CHOICE TEEN BEATS;AUDIO;AUDIO
US VIRGIN ISLANDS;POSPAGO;DEMO 1 VI;937;MUSIC CHOICE COFFEE SHOP CUTS;AUDIO;AUDIO
US VIRGIN ISLANDS;POSPAGO;DEMO 1 VI;938;MUSIC CHOICE HONKY TONK;AUDIO;AUDIO
US VIRGIN ISLANDS;POSPAGO;DEMO 1 VI;939;MUSIC CHOICE SOUNDSCAPES;AUDIO;AUDIO
US VIRGIN ISLANDS;POSPAGO;DEMO 1 VI;940;MUSIC CHOICE LIGHT CLASSICAL;AUDIO;AUDIO
US VIRGIN ISLANDS;POSPAGO;DEMO 1 VI;941;MUSIC CHOICE CLASSIC ALTERNATIVE;AUDIO;AUDIO
US VIRGIN ISLANDS;POSPAGO;DEMO 1 VI;942;MUSIC CHOICE INDIE;AUDIO;AUDIO
US VIRGIN ISLANDS;POSPAGO;DEMO 1 VI;943;MUSIC CHOICE MALT SHOP FAVORITES;AUDIO;AUDIO
US VIRGIN ISLANDS;POSPAGO;DEMO 1 VI;944;MUSIC CHOICE SMOOTH JAZZ;AUDIO;AUDIO
US VIRGIN ISLANDS;POSPAGO;DEMO 1 VI;945;MUSIC CHOICE CONTEMPORARY INSTRUMENTALS;AUDIO;AUDIO
US VIRGIN ISLANDS;POSPAGO;DEMO 1 VI;946;MUSIC CHOICE HARD ROCK;AUDIO;AUDIO
US VIRGIN ISLANDS;POSPAGO;DEMO 1 VI;947;MUSIC CHOICE THROWBACK JAMZ;AUDIO;AUDIO
US VIRGIN ISLANDS;POSPAGO;DEMO 1 VI;948;MUSIC CHOICE CLASSIC ROCK;AUDIO;AUDIO
US VIRGIN ISLANDS;POSPAGO;DEMO 1 VI;949;MUSIC CHOICE MOVIE SCORES;AUDIO;AUDIO
US VIRGIN ISLANDS;POSPAGO;DEMO 1 VI;950;MUSIC CHOICE MAX;AUDIO;AUDIO
US VIRGIN ISLANDS;POSPAGO;DEMO 1 VI;951;MUSIC CHOICE MAINSTREAM RAP;AUDIO;AUDIO
US VIRGIN ISLANDS;POSPAGO;DEMO 1 VI;952;MUSIC CHOICE AMERICANA;AUDIO;AUDIO
US VIRGIN ISLANDS;POSPAGO;DEMO 1 VI;953;MUSIC CHOICE SYMPHONY;AUDIO;AUDIO
US VIRGIN ISLANDS;POSPAGO;DEMO 1 VI;954;MUSIC CHOICE DANCE/EDM;AUDIO;AUDIO
US VIRGIN ISLANDS;POSPAGO;DEMO 1 VI;955;MUSIC CHOICE FOLK;AUDIO;AUDIO
US VIRGIN ISLANDS;POSPAGO;DEMO 1 VI;956;MUSIC CHOICE CLASSIC DANCE;AUDIO;AUDIO
US VIRGIN ISLANDS;POSPAGO;DEMO 1 VI;957;MUSIC CHOICE GOSPEL HALLELUJAH;AUDIO;AUDIO
US VIRGIN ISLANDS;POSPAGO;DEMO 1 VI;958;MUSIC CHOICE TROPICALES;AUDIO;AUDIO
US VIRGIN ISLANDS;POSPAGO;DEMO 1 VI;959;MUSIC CHOICE METAL;AUDIO;AUDIO
US VIRGIN ISLANDS;POSPAGO;DEMO 1 VI;960;MUSIC CHOICE TODDLER TUNES;AUDIO;AUDIO
US VIRGIN ISLANDS;POSPAGO;DEMO 1 VI;961;MUSIC CHOICE Y2K;AUDIO;AUDIO
US VIRGIN ISLANDS;POSPAGO;DEMO 1 VI;962;MUSIC CHOICE BLUEGRASS;AUDIO;AUDIO
US VIRGIN ISLANDS;POSPAGO;DEMO 1 VI;963;MUSIC CHOICE VIETNAMESE;AUDIO;AUDIO
US VIRGIN ISLANDS;POSPAGO;DEMO 1 VI;964;MUSIC CHOICE GOSPEL;AUDIO;AUDIO
US VIRGIN ISLANDS;POSPAGO;DEMO 1 VI;965;MUSIC CHOICE '60S MOVEMENT;AUDIO;AUDIO
US VIRGIN ISLANDS;POSPAGO;DEMO 1 VI;966;MUSIC CHOICE FILIPINO;AUDIO;AUDIO
US VIRGIN ISLANDS;POSPAGO;DEMO 1 VI;967;MUSIC CHOICE SOUNDS OF THE SEASON;AUDIO;AUDIO
US VIRGIN ISLANDS;POSPAGO;DEMO 1 VI;921-1;MUSIC CHOICE '70S ULTRA;AUDIO;AUDIO
US VIRGIN ISLANDS;POSPAGO;DEMO 1 VI;923-1;MUSIC CHOICE '80S ULTRA;AUDIO;AUDIO
US VIRGIN ISLANDS;POSPAGO;DEMO 1 VI;931-1;MUSIC CHOICE COUNTRY CLASSIC ULTRA;AUDIO;AUDIO
US VIRGIN ISLANDS;POSPAGO;DEMO 1 VI;933-1;MUSIC CHOICE TODAY'S COUNTRY ULTRA;AUDIO;AUDIO
US VIRGIN ISLANDS;POSPAGO;DEMO 1 VI;939-1;MUSIC CHOICE SOUNDSCAPES ULTRA;AUDIO;AUDIO
US VIRGIN ISLANDS;POSPAGO;DEMO 1 VI;967-1;MUSIC CHOICE CLASSIC ROCK ULTRA;AUDIO;AUDIO
US VIRGIN ISLANDS;POSPAGO;DEMO 2 VI;166;WIPR;SD;NACIONAL
US VIRGIN ISLANDS;POSPAGO;DEMO 2 VI;182;TV CHILE;SD;NACIONAL
US VIRGIN ISLANDS;POSPAGO;DEMO 2 VI;183;TELEORO;SD;NACIONAL
US VIRGIN ISLANDS;POSPAGO;DEMO 2 VI;220;BRAVO TV;HD;HOGAR Y VARIEDADES
US VIRGIN ISLANDS;POSPAGO;DEMO 2 VI;221;¡HOLA! TV;SD;HOGAR Y VARIEDADES
US VIRGIN ISLANDS;POSPAGO;DEMO 2 VI;222;E! US HD;HD;HOGAR Y VARIEDADES
US VIRGIN ISLANDS;POSPAGO;DEMO 2 VI;228;FOOD NETWORK;HD;GASTRONÓMICO
US VIRGIN ISLANDS;POSPAGO;DEMO 2 VI;229;BLOSSOM;SD;HOGAR Y VARIEDADES
US VIRGIN ISLANDS;POSPAGO;DEMO 2 VI;230;BET;SD;HOGAR Y VARIEDADES
US VIRGIN ISLANDS;POSPAGO;DEMO 2 VI;242;FX HD;HD;SERIES Y PELICULAS
US VIRGIN ISLANDS;POSPAGO;DEMO 2 VI;244;TNT;HD;SERIES Y PELICULAS
US VIRGIN ISLANDS;POSPAGO;DEMO 2 VI;246;USA;HD;SERIES Y PELICULAS
US VIRGIN ISLANDS;POSPAGO;DEMO 2 VI;248;TBS;HD;SERIES Y PELICULAS
US VIRGIN ISLANDS;POSPAGO;DEMO 2 VI;249;TL NOVELAS;SD;TELENOVELAS
US VIRGIN ISLANDS;POSPAGO;DEMO 2 VI;250;HGTV;HD;HOGAR Y VARIEDADES
US VIRGIN ISLANDS;POSPAGO;DEMO 2 VI;252;FREEFORM;HD;SERIES Y PELICULAS
US VIRGIN ISLANDS;POSPAGO;DEMO 2 VI;254;PARAMOUNT;HD;SERIES Y PELICULAS
US VIRGIN ISLANDS;POSPAGO;DEMO 2 VI;256;A&E;HD;SERIES Y PELICULAS
US VIRGIN ISLANDS;POSPAGO;DEMO 2 VI;260;MTV;HD;MUSICAL
US VIRGIN ISLANDS;POSPAGO;DEMO 2 VI;261;MTV 2;HD;MUSICAL
US VIRGIN ISLANDS;POSPAGO;DEMO 2 VI;262;VH1;HD;MUSICAL
US VIRGIN ISLANDS;POSPAGO;DEMO 2 VI;263;COMEDY CENTRAL;HD;SERIES Y PELICULAS
US VIRGIN ISLANDS;POSPAGO;DEMO 2 VI;264;VICE;SD;INFORMATIVO
US VIRGIN ISLANDS;POSPAGO;DEMO 2 VI;267;COOKING CHANNEL;HD;GASTRONÓMICO
US VIRGIN ISLANDS;POSPAGO;DEMO 2 VI;268;SO YUMMY!;SD;GASTRONÓMICO
US VIRGIN ISLANDS;POSPAGO;DEMO 2 VI;320;CARTOON NETWORK;HD;INFANTIL
US VIRGIN ISLANDS;POSPAGO;DEMO 2 VI;322;NICKELODEON;HD;INFANTIL
US VIRGIN ISLANDS;POSPAGO;DEMO 2 VI;324;DISNEY CHANNEL;HD;INFANTIL
US VIRGIN ISLANDS;POSPAGO;DEMO 2 VI;326;DISNEY XD;HD;INFANTIL
US VIRGIN ISLANDS;POSPAGO;DEMO 2 VI;330;DISCOVERY KIDS LA;SD;INFANTIL
US VIRGIN ISLANDS;POSPAGO;DEMO 2 VI;332;LOOLOO KIDS;SD;INFANTIL
US VIRGIN ISLANDS;POSPAGO;DEMO 2 VI;336;BOOMERANG;SD;INFANTIL
US VIRGIN ISLANDS;POSPAGO;DEMO 2 VI;337;NICK JR.;HD;INFANTIL
US VIRGIN ISLANDS;POSPAGO;DEMO 2 VI;338;VME;SD;NACIONAL
US VIRGIN ISLANDS;POSPAGO;DEMO 2 VI;339;BABY FIRST TV;SD;INFANTIL
US VIRGIN ISLANDS;POSPAGO;DEMO 2 VI;350;EWTN;SD;RELIGIOSO
US VIRGIN ISLANDS;POSPAGO;DEMO 2 VI;352;ENLACE;SD;RELIGIOSO
US VIRGIN ISLANDS;POSPAGO;DEMO 2 VI;354;CHRISTIAN TELEVISION NETWORK (CTN);SD;RELIGIOSO
US VIRGIN ISLANDS;POSPAGO;DEMO 2 VI;511;AMC;HD;SERIES Y PELICULAS
US VIRGIN ISLANDS;POSPAGO;DEMO 2 VI;514;CINE LATINO;SD;SERIES Y PELICULAS
US VIRGIN ISLANDS;POSPAGO;DEMO 2 VI;516;DE PELÍCULA;SD;SERIES Y PELICULAS
US VIRGIN ISLANDS;POSPAGO;DEMO 2 VI;517;LIFETIME;HD;SERIES Y PELICULAS
US VIRGIN ISLANDS;POSPAGO;DEMO 2 VI;518;LIFETIME MOVIE NETWORK;HD;SERIES Y PELICULAS
US VIRGIN ISLANDS;POSPAGO;DEMO 2 VI;520;HALLMARK;HD;SERIES Y PELICULAS
US VIRGIN ISLANDS;POSPAGO;DEMO 2 VI;521;HALLMARK FAMILY;HD;SERIES Y PELICULAS
US VIRGIN ISLANDS;POSPAGO;DEMO 2 VI;645;ESPN;HD;DEPORTES
US VIRGIN ISLANDS;POSPAGO;DEMO 2 VI;646;ESPN NEWS;HD;DEPORTES
US VIRGIN ISLANDS;POSPAGO;DEMO 2 VI;648;ESPN 2;HD;DEPORTES
US VIRGIN ISLANDS;POSPAGO;DEMO 2 VI;649;ESPN DEPORTES;HD;DEPORTES
US VIRGIN ISLANDS;POSPAGO;DEMO 2 VI;651;FOX DEPORTES;SD;DEPORTES
US VIRGIN ISLANDS;POSPAGO;DEMO 2 VI;652;THE TENNIS CHANNEL;HD;DEPORTES
US VIRGIN ISLANDS;POSPAGO;DEMO 2 VI;653;NBA TV;HD;DEPORTES
US VIRGIN ISLANDS;POSPAGO;DEMO 2 VI;654;THE GOLF CHANNEL;HD;DEPORTES
US VIRGIN ISLANDS;POSPAGO;DEMO 2 VI;655;FOX SPORTS;HD;DEPORTES
US VIRGIN ISLANDS;POSPAGO;DEMO 2 VI;656;MLB NETWORK;HD;DEPORTES
US VIRGIN ISLANDS;POSPAGO;DEMO 2 VI;702;CNN;HD;NOTICIAS
US VIRGIN ISLANDS;POSPAGO;DEMO 2 VI;704;CNN EN ESPAÑOL;SD;NOTICIAS
US VIRGIN ISLANDS;POSPAGO;DEMO 2 VI;708;HEADLINE NEWS;HD;NOTICIAS
US VIRGIN ISLANDS;POSPAGO;DEMO 2 VI;710;BLOOMBERG;HD;NOTICIAS
US VIRGIN ISLANDS;POSPAGO;DEMO 2 VI;712;ACCUWEATHER;HD;NOTICIAS
US VIRGIN ISLANDS;POSPAGO;DEMO 2 VI;720;C-SPAN2;SD;INFORMATIVO
US VIRGIN ISLANDS;POSPAGO;DEMO 2 VI;730;NAT GEO MUNDO;SD;CIENCIA Y CULTURA
US VIRGIN ISLANDS;POSPAGO;DEMO 2 VI;732;DISCOVERY EN ESPAÑOL;SD;CIENCIA Y CULTURA
US VIRGIN ISLANDS;POSPAGO;DEMO 2 VI;734;ANIMAL PLANET LA;SD;CIENCIA Y CULTURA
US VIRGIN ISLANDS;POSPAGO;DEMO 2 VI;735;ANIMAL PLANET US;HD;CIENCIA Y CULTURA
US VIRGIN ISLANDS;POSPAGO;DEMO 2 VI;742;HISTORY ANDES;SD;CIENCIA Y CULTURA
US VIRGIN ISLANDS;POSPAGO;DEMO 2 VI;744;FYI;HD;HOGAR Y VARIEDADES
US VIRGIN ISLANDS;POSPAGO;DEMO 2 VI;745;SYFY;HD;SERIES Y PELICULAS
US VIRGIN ISLANDS;POSPAGO;DEMO 2 VI;746;DISCOVERY TURBO;HD;HOGAR Y VARIEDADES
US VIRGIN ISLANDS;POSPAGO;DEMO 2 VI;752;DISCOVERY US;HD;CIENCIA Y CULTURA
US VIRGIN ISLANDS;POSPAGO;DEMO 2 VI;754;THE LEARNING CHANNEL;HD;HOGAR Y VARIEDADES
US VIRGIN ISLANDS;POSPAGO;DEMO 2 VI;756;HISTORY US;HD;CIENCIA Y CULTURA
US VIRGIN ISLANDS;POSPAGO;DEMO 2 VI;760;TVE;SD;NACIONAL
US VIRGIN ISLANDS;POSPAGO;DEMO 2 VI;762;ANTENA 3;SD;NACIONAL
US VIRGIN ISLANDS;POSPAGO;DEMO 2 VI;768;BBC AMERICA;HD;SERIES Y PELICULAS
US VIRGIN ISLANDS;POSPAGO;DEMO 2 VI;901;MUSIC CHOICE ROCK HITS;AUDIO;AUDIO
US VIRGIN ISLANDS;POSPAGO;DEMO 2 VI;902;MUSIC CHOICE ‘80S ROCK;AUDIO;AUDIO
US VIRGIN ISLANDS;POSPAGO;DEMO 2 VI;903;MUSIC CHOICE JAZZ VOCAL HITS;AUDIO;AUDIO
US VIRGIN ISLANDS;POSPAGO;DEMO 2 VI;904;MUSIC CHOICE COUNTRY HITS;AUDIO;AUDIO
US VIRGIN ISLANDS;POSPAGO;DEMO 2 VI;905;MUSIC CHOICE NEW AGE;AUDIO;AUDIO
US VIRGIN ISLANDS;POSPAGO;DEMO 2 VI;906;MUSIC CHOICE FUNK;AUDIO;AUDIO
US VIRGIN ISLANDS;POSPAGO;DEMO 2 VI;907;MUSIC CHOICE '90S;AUDIO;AUDIO
US VIRGIN ISLANDS;POSPAGO;DEMO 2 VI;908;MUSIC CHOICE BLUES;AUDIO;AUDIO
US VIRGIN ISLANDS;POSPAGO;DEMO 2 VI;909;MUSIC CHOICE LOVE SONGS;AUDIO;AUDIO
US VIRGIN ISLANDS;POSPAGO;DEMO 2 VI;910;MUSIC CHOICE MUSICA URBANA;AUDIO;AUDIO
US VIRGIN ISLANDS;POSPAGO;DEMO 2 VI;911;MUSIC CHOICE R&B CLASSICS;AUDIO;AUDIO
US VIRGIN ISLANDS;POSPAGO;DEMO 2 VI;912;MUSIC CHOICE LATIN JAZZ;AUDIO;AUDIO
US VIRGIN ISLANDS;POSPAGO;DEMO 2 VI;913;MUSIC CHOICE SOFT ROCK;AUDIO;AUDIO
US VIRGIN ISLANDS;POSPAGO;DEMO 2 VI;914;MUSIC CHOICE RAP;AUDIO;AUDIO
US VIRGIN ISLANDS;POSPAGO;DEMO 2 VI;915;MUSIC CHOICE CLASSIC CHRISTMAS;AUDIO;AUDIO
US VIRGIN ISLANDS;POSPAGO;DEMO 2 VI;916;MUSIC CHOICE WORKOUT;AUDIO;AUDIO
US VIRGIN ISLANDS;POSPAGO;DEMO 2 VI;917;MUSIC CHOICE BROADWAY;AUDIO;AUDIO
US VIRGIN ISLANDS;POSPAGO;DEMO 2 VI;918;MUSIC CHOICE ADULT ALTERNATIVE;AUDIO;AUDIO
US VIRGIN ISLANDS;POSPAGO;DEMO 2 VI;919;MUSIC CHOICE POP HITS;AUDIO;AUDIO
US VIRGIN ISLANDS;POSPAGO;DEMO 2 VI;920;MUSIC CHOICE NEW WAVE;AUDIO;AUDIO
US VIRGIN ISLANDS;POSPAGO;DEMO 2 VI;921;MUSIC CHOICE '70S;AUDIO;AUDIO
US VIRGIN ISLANDS;POSPAGO;DEMO 2 VI;922;MUSIC CHOICE KIDS ONLY!;AUDIO;AUDIO
US VIRGIN ISLANDS;POSPAGO;DEMO 2 VI;923;MUSIC CHOICE '80S;AUDIO;AUDIO
US VIRGIN ISLANDS;POSPAGO;DEMO 2 VI;924;MUSIC CHOICE ROCK LATINO;AUDIO;AUDIO
US VIRGIN ISLANDS;POSPAGO;DEMO 2 VI;925;MUSIC CHOICE RETRO WORKOUT;AUDIO;AUDIO
US VIRGIN ISLANDS;POSPAGO;DEMO 2 VI;926;MUSIC CHOICE CONTEMPORARY CHRISTIAN;AUDIO;AUDIO
US VIRGIN ISLANDS;POSPAGO;DEMO 2 VI;927;MUSIC CHOICE REGGAE;AUDIO;AUDIO
US VIRGIN ISLANDS;POSPAGO;DEMO 2 VI;928;MUSIC CHOICE ALTERNATIVE;AUDIO;AUDIO
US VIRGIN ISLANDS;POSPAGO;DEMO 2 VI;929;MUSIC CHOICE POP & COUNTRY;AUDIO;AUDIO
US VIRGIN ISLANDS;POSPAGO;DEMO 2 VI;930;MUSIC CHOICE POP LATINO;AUDIO;AUDIO
US VIRGIN ISLANDS;POSPAGO;DEMO 2 VI;931;MUSIC CHOICE CLASSIC COUNTRY;AUDIO;AUDIO
US VIRGIN ISLANDS;POSPAGO;DEMO 2 VI;932;MUSIC CHOICE BIG BAND;AUDIO;AUDIO
US VIRGIN ISLANDS;POSPAGO;DEMO 2 VI;933;MUSIC CHOICE TODAY'S COUNTRY;AUDIO;AUDIO
US VIRGIN ISLANDS;POSPAGO;DEMO 2 VI;934;MUSIC CHOICE HIT LIST;AUDIO;AUDIO
US VIRGIN ISLANDS;POSPAGO;DEMO 2 VI;935;MUSIC CHOICE HIP-HOP AND R&B;AUDIO;AUDIO
US VIRGIN ISLANDS;POSPAGO;DEMO 2 VI;936;MUSIC CHOICE TEEN BEATS;AUDIO;AUDIO
US VIRGIN ISLANDS;POSPAGO;DEMO 2 VI;937;MUSIC CHOICE COFFEE SHOP CUTS;AUDIO;AUDIO
US VIRGIN ISLANDS;POSPAGO;DEMO 2 VI;938;MUSIC CHOICE HONKY TONK;AUDIO;AUDIO
US VIRGIN ISLANDS;POSPAGO;DEMO 2 VI;939;MUSIC CHOICE SOUNDSCAPES;AUDIO;AUDIO
US VIRGIN ISLANDS;POSPAGO;DEMO 2 VI;940;MUSIC CHOICE LIGHT CLASSICAL;AUDIO;AUDIO
US VIRGIN ISLANDS;POSPAGO;DEMO 2 VI;941;MUSIC CHOICE CLASSIC ALTERNATIVE;AUDIO;AUDIO
US VIRGIN ISLANDS;POSPAGO;DEMO 2 VI;942;MUSIC CHOICE INDIE;AUDIO;AUDIO
US VIRGIN ISLANDS;POSPAGO;DEMO 2 VI;943;MUSIC CHOICE MALT SHOP FAVORITES;AUDIO;AUDIO
US VIRGIN ISLANDS;POSPAGO;DEMO 2 VI;944;MUSIC CHOICE SMOOTH JAZZ;AUDIO;AUDIO
US VIRGIN ISLANDS;POSPAGO;DEMO 2 VI;945;MUSIC CHOICE CONTEMPORARY INSTRUMENTALS;AUDIO;AUDIO
US VIRGIN ISLANDS;POSPAGO;DEMO 2 VI;946;MUSIC CHOICE HARD ROCK;AUDIO;AUDIO
US VIRGIN ISLANDS;POSPAGO;DEMO 2 VI;947;MUSIC CHOICE THROWBACK JAMZ;AUDIO;AUDIO
US VIRGIN ISLANDS;POSPAGO;DEMO 2 VI;948;MUSIC CHOICE CLASSIC ROCK;AUDIO;AUDIO
US VIRGIN ISLANDS;POSPAGO;DEMO 2 VI;949;MUSIC CHOICE MOVIE SCORES;AUDIO;AUDIO
US VIRGIN ISLANDS;POSPAGO;DEMO 2 VI;950;MUSIC CHOICE MAX;AUDIO;AUDIO
US VIRGIN ISLANDS;POSPAGO;DEMO 2 VI;951;MUSIC CHOICE MAINSTREAM RAP;AUDIO;AUDIO
US VIRGIN ISLANDS;POSPAGO;DEMO 2 VI;952;MUSIC CHOICE AMERICANA;AUDIO;AUDIO
US VIRGIN ISLANDS;POSPAGO;DEMO 2 VI;953;MUSIC CHOICE SYMPHONY;AUDIO;AUDIO
US VIRGIN ISLANDS;POSPAGO;DEMO 2 VI;954;MUSIC CHOICE DANCE/EDM;AUDIO;AUDIO
US VIRGIN ISLANDS;POSPAGO;DEMO 2 VI;955;MUSIC CHOICE FOLK;AUDIO;AUDIO
US VIRGIN ISLANDS;POSPAGO;DEMO 2 VI;956;MUSIC CHOICE CLASSIC DANCE;AUDIO;AUDIO
US VIRGIN ISLANDS;POSPAGO;DEMO 2 VI;957;MUSIC CHOICE GOSPEL HALLELUJAH;AUDIO;AUDIO
US VIRGIN ISLANDS;POSPAGO;DEMO 2 VI;958;MUSIC CHOICE TROPICALES;AUDIO;AUDIO
US VIRGIN ISLANDS;POSPAGO;DEMO 2 VI;959;MUSIC CHOICE METAL;AUDIO;AUDIO
US VIRGIN ISLANDS;POSPAGO;DEMO 2 VI;960;MUSIC CHOICE TODDLER TUNES;AUDIO;AUDIO
US VIRGIN ISLANDS;POSPAGO;DEMO 2 VI;961;MUSIC CHOICE Y2K;AUDIO;AUDIO
US VIRGIN ISLANDS;POSPAGO;DEMO 2 VI;962;MUSIC CHOICE BLUEGRASS;AUDIO;AUDIO
US VIRGIN ISLANDS;POSPAGO;DEMO 2 VI;963;MUSIC CHOICE VIETNAMESE;AUDIO;AUDIO
US VIRGIN ISLANDS;POSPAGO;DEMO 2 VI;964;MUSIC CHOICE GOSPEL;AUDIO;AUDIO
US VIRGIN ISLANDS;POSPAGO;DEMO 2 VI;965;MUSIC CHOICE '60S MOVEMENT;AUDIO;AUDIO
US VIRGIN ISLANDS;POSPAGO;DEMO 2 VI;966;MUSIC CHOICE FILIPINO;AUDIO;AUDIO
US VIRGIN ISLANDS;POSPAGO;DEMO 2 VI;967;MUSIC CHOICE SOUNDS OF THE SEASON;AUDIO;AUDIO
US VIRGIN ISLANDS;POSPAGO;DEMO 2 VI;921-1;MUSIC CHOICE '70S ULTRA;AUDIO;AUDIO
US VIRGIN ISLANDS;POSPAGO;DEMO 2 VI;923-1;MUSIC CHOICE '80S ULTRA;AUDIO;AUDIO
US VIRGIN ISLANDS;POSPAGO;DEMO 2 VI;931-1;MUSIC CHOICE COUNTRY CLASSIC ULTRA;AUDIO;AUDIO
US VIRGIN ISLANDS;POSPAGO;DEMO 2 VI;933-1;MUSIC CHOICE TODAY'S COUNTRY ULTRA;AUDIO;AUDIO
US VIRGIN ISLANDS;POSPAGO;DEMO 2 VI;939-1;MUSIC CHOICE SOUNDSCAPES ULTRA;AUDIO;AUDIO
US VIRGIN ISLANDS;POSPAGO;DEMO 2 VI;967-1;MUSIC CHOICE CLASSIC ROCK ULTRA;AUDIO;AUDIO
US VIRGIN ISLANDS;POSPAGO;ENTERTAINMENT VI;166;WIPR;SD;NACIONAL
US VIRGIN ISLANDS;POSPAGO;ENTERTAINMENT VI;182;TV CHILE;SD;NACIONAL
US VIRGIN ISLANDS;POSPAGO;ENTERTAINMENT VI;183;TELEORO;SD;NACIONAL
US VIRGIN ISLANDS;POSPAGO;ENTERTAINMENT VI;229;BLOSSOM;SD;HOGAR Y VARIEDADES
US VIRGIN ISLANDS;POSPAGO;ENTERTAINMENT VI;242;FX HD;HD;SERIES Y PELICULAS
US VIRGIN ISLANDS;POSPAGO;ENTERTAINMENT VI;246;USA;HD;SERIES Y PELICULAS
US VIRGIN ISLANDS;POSPAGO;ENTERTAINMENT VI;248;TBS;HD;SERIES Y PELICULAS
US VIRGIN ISLANDS;POSPAGO;ENTERTAINMENT VI;249;TL NOVELAS;SD;TELENOVELAS
US VIRGIN ISLANDS;POSPAGO;ENTERTAINMENT VI;254;PARAMOUNT;HD;SERIES Y PELICULAS
US VIRGIN ISLANDS;POSPAGO;ENTERTAINMENT VI;260;MTV;HD;MUSICAL
US VIRGIN ISLANDS;POSPAGO;ENTERTAINMENT VI;262;VH1;HD;MUSICAL
US VIRGIN ISLANDS;POSPAGO;ENTERTAINMENT VI;268;SO YUMMY!;SD;GASTRONÓMICO
US VIRGIN ISLANDS;POSPAGO;ENTERTAINMENT VI;322;NICKELODEON;HD;INFANTIL
US VIRGIN ISLANDS;POSPAGO;ENTERTAINMENT VI;326;DISNEY XD;HD;INFANTIL
US VIRGIN ISLANDS;POSPAGO;ENTERTAINMENT VI;330;DISCOVERY KIDS LA;SD;INFANTIL
US VIRGIN ISLANDS;POSPAGO;ENTERTAINMENT VI;332;LOOLOO KIDS;SD;INFANTIL
US VIRGIN ISLANDS;POSPAGO;ENTERTAINMENT VI;336;BOOMERANG;SD;INFANTIL
US VIRGIN ISLANDS;POSPAGO;ENTERTAINMENT VI;338;VME;SD;NACIONAL
US VIRGIN ISLANDS;POSPAGO;ENTERTAINMENT VI;339;BABY FIRST TV;SD;INFANTIL
US VIRGIN ISLANDS;POSPAGO;ENTERTAINMENT VI;350;EWTN;SD;RELIGIOSO
US VIRGIN ISLANDS;POSPAGO;ENTERTAINMENT VI;352;ENLACE;SD;RELIGIOSO
US VIRGIN ISLANDS;POSPAGO;ENTERTAINMENT VI;354;CHRISTIAN TELEVISION NETWORK (CTN);SD;RELIGIOSO
US VIRGIN ISLANDS;POSPAGO;ENTERTAINMENT VI;514;CINE LATINO;SD;SERIES Y PELICULAS
US VIRGIN ISLANDS;POSPAGO;ENTERTAINMENT VI;516;DE PELÍCULA;SD;SERIES Y PELICULAS
US VIRGIN ISLANDS;POSPAGO;ENTERTAINMENT VI;520;HALLMARK;HD;SERIES Y PELICULAS
US VIRGIN ISLANDS;POSPAGO;ENTERTAINMENT VI;521;HALLMARK FAMILY;HD;SERIES Y PELICULAS
US VIRGIN ISLANDS;POSPAGO;ENTERTAINMENT VI;649;ESPN DEPORTES;HD;DEPORTES
US VIRGIN ISLANDS;POSPAGO;ENTERTAINMENT VI;655;FOX SPORTS;HD;DEPORTES
US VIRGIN ISLANDS;POSPAGO;ENTERTAINMENT VI;704;CNN EN ESPAÑOL;SD;NOTICIAS
US VIRGIN ISLANDS;POSPAGO;ENTERTAINMENT VI;712;ACCUWEATHER;HD;NOTICIAS
US VIRGIN ISLANDS;POSPAGO;ENTERTAINMENT VI;720;C-SPAN2;SD;INFORMATIVO
US VIRGIN ISLANDS;POSPAGO;ENTERTAINMENT VI;730;NAT GEO MUNDO;SD;CIENCIA Y CULTURA
US VIRGIN ISLANDS;POSPAGO;ENTERTAINMENT VI;732;DISCOVERY EN ESPAÑOL;SD;CIENCIA Y CULTURA
US VIRGIN ISLANDS;POSPAGO;ENTERTAINMENT VI;746;DISCOVERY TURBO;HD;HOGAR Y VARIEDADES
US VIRGIN ISLANDS;POSPAGO;ENTERTAINMENT VI;760;TVE;SD;NACIONAL
US VIRGIN ISLANDS;POSPAGO;ENTERTAINMENT VI;762;ANTENA 3;SD;NACIONAL
US VIRGIN ISLANDS;POSPAGO;ENTERTAINMENT VI;901;MUSIC CHOICE ROCK HITS;AUDIO;AUDIO
US VIRGIN ISLANDS;POSPAGO;ENTERTAINMENT VI;902;MUSIC CHOICE ‘80S ROCK;AUDIO;AUDIO
US VIRGIN ISLANDS;POSPAGO;ENTERTAINMENT VI;903;MUSIC CHOICE JAZZ VOCAL HITS;AUDIO;AUDIO
US VIRGIN ISLANDS;POSPAGO;ENTERTAINMENT VI;904;MUSIC CHOICE COUNTRY HITS;AUDIO;AUDIO
US VIRGIN ISLANDS;POSPAGO;ENTERTAINMENT VI;905;MUSIC CHOICE NEW AGE;AUDIO;AUDIO
US VIRGIN ISLANDS;POSPAGO;ENTERTAINMENT VI;906;MUSIC CHOICE FUNK;AUDIO;AUDIO
US VIRGIN ISLANDS;POSPAGO;ENTERTAINMENT VI;907;MUSIC CHOICE '90S;AUDIO;AUDIO
US VIRGIN ISLANDS;POSPAGO;ENTERTAINMENT VI;908;MUSIC CHOICE BLUES;AUDIO;AUDIO
US VIRGIN ISLANDS;POSPAGO;ENTERTAINMENT VI;909;MUSIC CHOICE LOVE SONGS;AUDIO;AUDIO
US VIRGIN ISLANDS;POSPAGO;ENTERTAINMENT VI;910;MUSIC CHOICE MUSICA URBANA;AUDIO;AUDIO
US VIRGIN ISLANDS;POSPAGO;ENTERTAINMENT VI;911;MUSIC CHOICE R&B CLASSICS;AUDIO;AUDIO
US VIRGIN ISLANDS;POSPAGO;ENTERTAINMENT VI;912;MUSIC CHOICE LATIN JAZZ;AUDIO;AUDIO
US VIRGIN ISLANDS;POSPAGO;ENTERTAINMENT VI;913;MUSIC CHOICE SOFT ROCK;AUDIO;AUDIO
US VIRGIN ISLANDS;POSPAGO;ENTERTAINMENT VI;914;MUSIC CHOICE RAP;AUDIO;AUDIO
US VIRGIN ISLANDS;POSPAGO;ENTERTAINMENT VI;915;MUSIC CHOICE CLASSIC CHRISTMAS;AUDIO;AUDIO
US VIRGIN ISLANDS;POSPAGO;ENTERTAINMENT VI;916;MUSIC CHOICE WORKOUT;AUDIO;AUDIO
US VIRGIN ISLANDS;POSPAGO;ENTERTAINMENT VI;917;MUSIC CHOICE BROADWAY;AUDIO;AUDIO
US VIRGIN ISLANDS;POSPAGO;ENTERTAINMENT VI;918;MUSIC CHOICE ADULT ALTERNATIVE;AUDIO;AUDIO
US VIRGIN ISLANDS;POSPAGO;ENTERTAINMENT VI;919;MUSIC CHOICE POP HITS;AUDIO;AUDIO
US VIRGIN ISLANDS;POSPAGO;ENTERTAINMENT VI;920;MUSIC CHOICE NEW WAVE;AUDIO;AUDIO
US VIRGIN ISLANDS;POSPAGO;ENTERTAINMENT VI;921;MUSIC CHOICE '70S;AUDIO;AUDIO
US VIRGIN ISLANDS;POSPAGO;ENTERTAINMENT VI;922;MUSIC CHOICE KIDS ONLY!;AUDIO;AUDIO
US VIRGIN ISLANDS;POSPAGO;ENTERTAINMENT VI;923;MUSIC CHOICE '80S;AUDIO;AUDIO
US VIRGIN ISLANDS;POSPAGO;ENTERTAINMENT VI;924;MUSIC CHOICE ROCK LATINO;AUDIO;AUDIO
US VIRGIN ISLANDS;POSPAGO;ENTERTAINMENT VI;925;MUSIC CHOICE RETRO WORKOUT;AUDIO;AUDIO
US VIRGIN ISLANDS;POSPAGO;ENTERTAINMENT VI;926;MUSIC CHOICE CONTEMPORARY CHRISTIAN;AUDIO;AUDIO
US VIRGIN ISLANDS;POSPAGO;ENTERTAINMENT VI;927;MUSIC CHOICE REGGAE;AUDIO;AUDIO
US VIRGIN ISLANDS;POSPAGO;ENTERTAINMENT VI;928;MUSIC CHOICE ALTERNATIVE;AUDIO;AUDIO
US VIRGIN ISLANDS;POSPAGO;ENTERTAINMENT VI;929;MUSIC CHOICE POP & COUNTRY;AUDIO;AUDIO
US VIRGIN ISLANDS;POSPAGO;ENTERTAINMENT VI;930;MUSIC CHOICE POP LATINO;AUDIO;AUDIO
US VIRGIN ISLANDS;POSPAGO;ENTERTAINMENT VI;931;MUSIC CHOICE CLASSIC COUNTRY;AUDIO;AUDIO
US VIRGIN ISLANDS;POSPAGO;ENTERTAINMENT VI;932;MUSIC CHOICE BIG BAND;AUDIO;AUDIO
US VIRGIN ISLANDS;POSPAGO;ENTERTAINMENT VI;933;MUSIC CHOICE TODAY'S COUNTRY;AUDIO;AUDIO
US VIRGIN ISLANDS;POSPAGO;ENTERTAINMENT VI;934;MUSIC CHOICE HIT LIST;AUDIO;AUDIO
US VIRGIN ISLANDS;POSPAGO;ENTERTAINMENT VI;935;MUSIC CHOICE HIP-HOP AND R&B;AUDIO;AUDIO
US VIRGIN ISLANDS;POSPAGO;ENTERTAINMENT VI;936;MUSIC CHOICE TEEN BEATS;AUDIO;AUDIO
US VIRGIN ISLANDS;POSPAGO;ENTERTAINMENT VI;937;MUSIC CHOICE COFFEE SHOP CUTS;AUDIO;AUDIO
US VIRGIN ISLANDS;POSPAGO;ENTERTAINMENT VI;938;MUSIC CHOICE HONKY TONK;AUDIO;AUDIO
US VIRGIN ISLANDS;POSPAGO;ENTERTAINMENT VI;939;MUSIC CHOICE SOUNDSCAPES;AUDIO;AUDIO
US VIRGIN ISLANDS;POSPAGO;ENTERTAINMENT VI;940;MUSIC CHOICE LIGHT CLASSICAL;AUDIO;AUDIO
US VIRGIN ISLANDS;POSPAGO;ENTERTAINMENT VI;941;MUSIC CHOICE CLASSIC ALTERNATIVE;AUDIO;AUDIO
US VIRGIN ISLANDS;POSPAGO;ENTERTAINMENT VI;942;MUSIC CHOICE INDIE;AUDIO;AUDIO
US VIRGIN ISLANDS;POSPAGO;ENTERTAINMENT VI;943;MUSIC CHOICE MALT SHOP FAVORITES;AUDIO;AUDIO
US VIRGIN ISLANDS;POSPAGO;ENTERTAINMENT VI;944;MUSIC CHOICE SMOOTH JAZZ;AUDIO;AUDIO
US VIRGIN ISLANDS;POSPAGO;ENTERTAINMENT VI;945;MUSIC CHOICE CONTEMPORARY INSTRUMENTALS;AUDIO;AUDIO
US VIRGIN ISLANDS;POSPAGO;ENTERTAINMENT VI;946;MUSIC CHOICE HARD ROCK;AUDIO;AUDIO
US VIRGIN ISLANDS;POSPAGO;ENTERTAINMENT VI;947;MUSIC CHOICE THROWBACK JAMZ;AUDIO;AUDIO
US VIRGIN ISLANDS;POSPAGO;ENTERTAINMENT VI;948;MUSIC CHOICE CLASSIC ROCK;AUDIO;AUDIO
US VIRGIN ISLANDS;POSPAGO;ENTERTAINMENT VI;949;MUSIC CHOICE MOVIE SCORES;AUDIO;AUDIO
US VIRGIN ISLANDS;POSPAGO;ENTERTAINMENT VI;950;MUSIC CHOICE MAX;AUDIO;AUDIO
US VIRGIN ISLANDS;POSPAGO;ENTERTAINMENT VI;951;MUSIC CHOICE MAINSTREAM RAP;AUDIO;AUDIO
US VIRGIN ISLANDS;POSPAGO;ENTERTAINMENT VI;952;MUSIC CHOICE AMERICANA;AUDIO;AUDIO
US VIRGIN ISLANDS;POSPAGO;ENTERTAINMENT VI;953;MUSIC CHOICE SYMPHONY;AUDIO;AUDIO
US VIRGIN ISLANDS;POSPAGO;ENTERTAINMENT VI;954;MUSIC CHOICE DANCE/EDM;AUDIO;AUDIO
US VIRGIN ISLANDS;POSPAGO;ENTERTAINMENT VI;955;MUSIC CHOICE FOLK;AUDIO;AUDIO
US VIRGIN ISLANDS;POSPAGO;ENTERTAINMENT VI;956;MUSIC CHOICE CLASSIC DANCE;AUDIO;AUDIO
US VIRGIN ISLANDS;POSPAGO;ENTERTAINMENT VI;957;MUSIC CHOICE GOSPEL HALLELUJAH;AUDIO;AUDIO
US VIRGIN ISLANDS;POSPAGO;ENTERTAINMENT VI;958;MUSIC CHOICE TROPICALES;AUDIO;AUDIO
US VIRGIN ISLANDS;POSPAGO;ENTERTAINMENT VI;959;MUSIC CHOICE METAL;AUDIO;AUDIO
US VIRGIN ISLANDS;POSPAGO;ENTERTAINMENT VI;960;MUSIC CHOICE TODDLER TUNES;AUDIO;AUDIO
US VIRGIN ISLANDS;POSPAGO;ENTERTAINMENT VI;961;MUSIC CHOICE Y2K;AUDIO;AUDIO
US VIRGIN ISLANDS;POSPAGO;ENTERTAINMENT VI;962;MUSIC CHOICE BLUEGRASS;AUDIO;AUDIO
US VIRGIN ISLANDS;POSPAGO;ENTERTAINMENT VI;963;MUSIC CHOICE VIETNAMESE;AUDIO;AUDIO
US VIRGIN ISLANDS;POSPAGO;ENTERTAINMENT VI;964;MUSIC CHOICE GOSPEL;AUDIO;AUDIO
US VIRGIN ISLANDS;POSPAGO;ENTERTAINMENT VI;965;MUSIC CHOICE '60S MOVEMENT;AUDIO;AUDIO
US VIRGIN ISLANDS;POSPAGO;ENTERTAINMENT VI;966;MUSIC CHOICE FILIPINO;AUDIO;AUDIO
US VIRGIN ISLANDS;POSPAGO;ENTERTAINMENT VI;967;MUSIC CHOICE SOUNDS OF THE SEASON;AUDIO;AUDIO
US VIRGIN ISLANDS;POSPAGO;ENTERTAINMENT VI;921-1;MUSIC CHOICE '70S ULTRA;AUDIO;AUDIO
US VIRGIN ISLANDS;POSPAGO;ENTERTAINMENT VI;923-1;MUSIC CHOICE '80S ULTRA;AUDIO;AUDIO
US VIRGIN ISLANDS;POSPAGO;ENTERTAINMENT VI;931-1;MUSIC CHOICE COUNTRY CLASSIC ULTRA;AUDIO;AUDIO
US VIRGIN ISLANDS;POSPAGO;ENTERTAINMENT VI;933-1;MUSIC CHOICE TODAY'S COUNTRY ULTRA;AUDIO;AUDIO
US VIRGIN ISLANDS;POSPAGO;ENTERTAINMENT VI;939-1;MUSIC CHOICE SOUNDSCAPES ULTRA;AUDIO;AUDIO
US VIRGIN ISLANDS;POSPAGO;ENTERTAINMENT VI;967-1;MUSIC CHOICE CLASSIC ROCK ULTRA;AUDIO;AUDIO
US VIRGIN ISLANDS;POSPAGO;HBO MAX VI;564;HBO;HD;SERIES Y PELICULAS
US VIRGIN ISLANDS;POSPAGO;HBO MAX VI;565;HBO HITS;HD;SERIES Y PELICULAS
US VIRGIN ISLANDS;POSPAGO;HBO MAX VI;566;HBO MOVIES;HD;SERIES Y PELICULAS
US VIRGIN ISLANDS;POSPAGO;HBO MAX VI;567;HBO DRAMA;HD;SERIES Y PELICULAS
US VIRGIN ISLANDS;POSPAGO;HBO MAX VI;569;HBO COMEDY;HD;SERIES Y PELICULAS
US VIRGIN ISLANDS;POSPAGO;HBO MAX VI;570;HBO LATINO;HD;SERIES Y PELICULAS
US VIRGIN ISLANDS;POSPAGO;MGM+ VI;550;MGM+;HD;SERIES Y PELICULAS
US VIRGIN ISLANDS;POSPAGO;MGM+ VI;551;MGM+ HITS;HD;SERIES Y PELICULAS
US VIRGIN ISLANDS;POSPAGO;MGM+ VI;552;MGM+ MARQUEE;HD;SERIES Y PELICULAS
US VIRGIN ISLANDS;POSPAGO;PARAMOUNT+;577;PARAMOUNT;HD;SERIES Y PELICULAS
US VIRGIN ISLANDS;POSPAGO;PARAMOUNT+;578;SHOWTIME 2;HD;SERIES Y PELICULAS
US VIRGIN ISLANDS;POSPAGO;PARAMOUNT+;579;SHO*BET;HD;SERIES Y PELICULAS
US VIRGIN ISLANDS;POSPAGO;PARAMOUNT+;580;SHOWCASE;HD;SERIES Y PELICULAS
US VIRGIN ISLANDS;POSPAGO;PARAMOUNT+;581;SHOWTIME EXTREME;HD;SERIES Y PELICULAS
US VIRGIN ISLANDS;POSPAGO;PARAMOUNT+;582;THE MOVIE CHANNEL;SD;SERIES Y PELICULAS
US VIRGIN ISLANDS;POSPAGO;SELECT VI;166;WIPR;SD;NACIONAL
US VIRGIN ISLANDS;POSPAGO;SELECT VI;182;TV CHILE;SD;NACIONAL
US VIRGIN ISLANDS;POSPAGO;SELECT VI;183;TELEORO;SD;NACIONAL
US VIRGIN ISLANDS;POSPAGO;SELECT VI;229;BLOSSOM;SD;HOGAR Y VARIEDADES
US VIRGIN ISLANDS;POSPAGO;SELECT VI;249;TL NOVELAS;SD;TELENOVELAS
US VIRGIN ISLANDS;POSPAGO;SELECT VI;268;SO YUMMY!;SD;GASTRONÓMICO
US VIRGIN ISLANDS;POSPAGO;SELECT VI;330;DISCOVERY KIDS LA;SD;INFANTIL
US VIRGIN ISLANDS;POSPAGO;SELECT VI;332;LOOLOO KIDS;SD;INFANTIL
US VIRGIN ISLANDS;POSPAGO;SELECT VI;338;VME;SD;NACIONAL
US VIRGIN ISLANDS;POSPAGO;SELECT VI;339;BABY FIRST TV;SD;INFANTIL
US VIRGIN ISLANDS;POSPAGO;SELECT VI;350;EWTN;SD;RELIGIOSO
US VIRGIN ISLANDS;POSPAGO;SELECT VI;352;ENLACE;SD;RELIGIOSO
US VIRGIN ISLANDS;POSPAGO;SELECT VI;354;CHRISTIAN TELEVISION NETWORK (CTN);SD;RELIGIOSO
US VIRGIN ISLANDS;POSPAGO;SELECT VI;514;CINE LATINO;SD;SERIES Y PELICULAS
US VIRGIN ISLANDS;POSPAGO;SELECT VI;516;DE PELÍCULA;SD;SERIES Y PELICULAS
US VIRGIN ISLANDS;POSPAGO;SELECT VI;649;ESPN DEPORTES;HD;DEPORTES
US VIRGIN ISLANDS;POSPAGO;SELECT VI;651;FOX DEPORTES;SD;DEPORTES
US VIRGIN ISLANDS;POSPAGO;SELECT VI;704;CNN EN ESPAÑOL;SD;NOTICIAS
US VIRGIN ISLANDS;POSPAGO;SELECT VI;712;ACCUWEATHER;HD;NOTICIAS
US VIRGIN ISLANDS;POSPAGO;SELECT VI;720;C-SPAN2;SD;INFORMATIVO
US VIRGIN ISLANDS;POSPAGO;SELECT VI;730;NAT GEO MUNDO;SD;CIENCIA Y CULTURA
US VIRGIN ISLANDS;POSPAGO;SELECT VI;732;DISCOVERY EN ESPAÑOL;SD;CIENCIA Y CULTURA
US VIRGIN ISLANDS;POSPAGO;SELECT VI;734;ANIMAL PLANET LA;SD;CIENCIA Y CULTURA
US VIRGIN ISLANDS;POSPAGO;SELECT VI;742;HISTORY ANDES;SD;CIENCIA Y CULTURA
US VIRGIN ISLANDS;POSPAGO;SELECT VI;760;TVE;SD;NACIONAL
US VIRGIN ISLANDS;POSPAGO;SELECT VI;762;ANTENA 3;SD;NACIONAL
US VIRGIN ISLANDS;POSPAGO;SELECT VI;901;MUSIC CHOICE ROCK HITS;AUDIO;AUDIO
US VIRGIN ISLANDS;POSPAGO;SELECT VI;902;MUSIC CHOICE ‘80S ROCK;AUDIO;AUDIO
US VIRGIN ISLANDS;POSPAGO;SELECT VI;903;MUSIC CHOICE JAZZ VOCAL HITS;AUDIO;AUDIO
US VIRGIN ISLANDS;POSPAGO;SELECT VI;904;MUSIC CHOICE COUNTRY HITS;AUDIO;AUDIO
US VIRGIN ISLANDS;POSPAGO;SELECT VI;905;MUSIC CHOICE NEW AGE;AUDIO;AUDIO
US VIRGIN ISLANDS;POSPAGO;SELECT VI;906;MUSIC CHOICE FUNK;AUDIO;AUDIO
US VIRGIN ISLANDS;POSPAGO;SELECT VI;907;MUSIC CHOICE '90S;AUDIO;AUDIO
US VIRGIN ISLANDS;POSPAGO;SELECT VI;908;MUSIC CHOICE BLUES;AUDIO;AUDIO
US VIRGIN ISLANDS;POSPAGO;SELECT VI;909;MUSIC CHOICE LOVE SONGS;AUDIO;AUDIO
US VIRGIN ISLANDS;POSPAGO;SELECT VI;910;MUSIC CHOICE MUSICA URBANA;AUDIO;AUDIO
US VIRGIN ISLANDS;POSPAGO;SELECT VI;911;MUSIC CHOICE R&B CLASSICS;AUDIO;AUDIO
US VIRGIN ISLANDS;POSPAGO;SELECT VI;912;MUSIC CHOICE LATIN JAZZ;AUDIO;AUDIO
US VIRGIN ISLANDS;POSPAGO;SELECT VI;913;MUSIC CHOICE SOFT ROCK;AUDIO;AUDIO
US VIRGIN ISLANDS;POSPAGO;SELECT VI;914;MUSIC CHOICE RAP;AUDIO;AUDIO
US VIRGIN ISLANDS;POSPAGO;SELECT VI;915;MUSIC CHOICE CLASSIC CHRISTMAS;AUDIO;AUDIO
US VIRGIN ISLANDS;POSPAGO;SELECT VI;916;MUSIC CHOICE WORKOUT;AUDIO;AUDIO
US VIRGIN ISLANDS;POSPAGO;SELECT VI;917;MUSIC CHOICE BROADWAY;AUDIO;AUDIO
US VIRGIN ISLANDS;POSPAGO;SELECT VI;918;MUSIC CHOICE ADULT ALTERNATIVE;AUDIO;AUDIO
US VIRGIN ISLANDS;POSPAGO;SELECT VI;919;MUSIC CHOICE POP HITS;AUDIO;AUDIO
US VIRGIN ISLANDS;POSPAGO;SELECT VI;920;MUSIC CHOICE NEW WAVE;AUDIO;AUDIO
US VIRGIN ISLANDS;POSPAGO;SELECT VI;921;MUSIC CHOICE '70S;AUDIO;AUDIO
US VIRGIN ISLANDS;POSPAGO;SELECT VI;922;MUSIC CHOICE KIDS ONLY!;AUDIO;AUDIO
US VIRGIN ISLANDS;POSPAGO;SELECT VI;923;MUSIC CHOICE '80S;AUDIO;AUDIO
US VIRGIN ISLANDS;POSPAGO;SELECT VI;924;MUSIC CHOICE ROCK LATINO;AUDIO;AUDIO
US VIRGIN ISLANDS;POSPAGO;SELECT VI;925;MUSIC CHOICE RETRO WORKOUT;AUDIO;AUDIO
US VIRGIN ISLANDS;POSPAGO;SELECT VI;926;MUSIC CHOICE CONTEMPORARY CHRISTIAN;AUDIO;AUDIO
US VIRGIN ISLANDS;POSPAGO;SELECT VI;927;MUSIC CHOICE REGGAE;AUDIO;AUDIO
US VIRGIN ISLANDS;POSPAGO;SELECT VI;928;MUSIC CHOICE ALTERNATIVE;AUDIO;AUDIO
US VIRGIN ISLANDS;POSPAGO;SELECT VI;929;MUSIC CHOICE POP & COUNTRY;AUDIO;AUDIO
US VIRGIN ISLANDS;POSPAGO;SELECT VI;930;MUSIC CHOICE POP LATINO;AUDIO;AUDIO
US VIRGIN ISLANDS;POSPAGO;SELECT VI;931;MUSIC CHOICE CLASSIC COUNTRY;AUDIO;AUDIO
US VIRGIN ISLANDS;POSPAGO;SELECT VI;932;MUSIC CHOICE BIG BAND;AUDIO;AUDIO
US VIRGIN ISLANDS;POSPAGO;SELECT VI;933;MUSIC CHOICE TODAY'S COUNTRY;AUDIO;AUDIO
US VIRGIN ISLANDS;POSPAGO;SELECT VI;934;MUSIC CHOICE HIT LIST;AUDIO;AUDIO
US VIRGIN ISLANDS;POSPAGO;SELECT VI;935;MUSIC CHOICE HIP-HOP AND R&B;AUDIO;AUDIO
US VIRGIN ISLANDS;POSPAGO;SELECT VI;936;MUSIC CHOICE TEEN BEATS;AUDIO;AUDIO
US VIRGIN ISLANDS;POSPAGO;SELECT VI;937;MUSIC CHOICE COFFEE SHOP CUTS;AUDIO;AUDIO
US VIRGIN ISLANDS;POSPAGO;SELECT VI;938;MUSIC CHOICE HONKY TONK;AUDIO;AUDIO
US VIRGIN ISLANDS;POSPAGO;SELECT VI;939;MUSIC CHOICE SOUNDSCAPES;AUDIO;AUDIO
US VIRGIN ISLANDS;POSPAGO;SELECT VI;940;MUSIC CHOICE LIGHT CLASSICAL;AUDIO;AUDIO
US VIRGIN ISLANDS;POSPAGO;SELECT VI;941;MUSIC CHOICE CLASSIC ALTERNATIVE;AUDIO;AUDIO
US VIRGIN ISLANDS;POSPAGO;SELECT VI;942;MUSIC CHOICE INDIE;AUDIO;AUDIO
US VIRGIN ISLANDS;POSPAGO;SELECT VI;943;MUSIC CHOICE MALT SHOP FAVORITES;AUDIO;AUDIO
US VIRGIN ISLANDS;POSPAGO;SELECT VI;944;MUSIC CHOICE SMOOTH JAZZ;AUDIO;AUDIO
US VIRGIN ISLANDS;POSPAGO;SELECT VI;945;MUSIC CHOICE CONTEMPORARY INSTRUMENTALS;AUDIO;AUDIO
US VIRGIN ISLANDS;POSPAGO;SELECT VI;946;MUSIC CHOICE HARD ROCK;AUDIO;AUDIO
US VIRGIN ISLANDS;POSPAGO;SELECT VI;947;MUSIC CHOICE THROWBACK JAMZ;AUDIO;AUDIO
US VIRGIN ISLANDS;POSPAGO;SELECT VI;948;MUSIC CHOICE CLASSIC ROCK;AUDIO;AUDIO
US VIRGIN ISLANDS;POSPAGO;SELECT VI;949;MUSIC CHOICE MOVIE SCORES;AUDIO;AUDIO
US VIRGIN ISLANDS;POSPAGO;SELECT VI;950;MUSIC CHOICE MAX;AUDIO;AUDIO
US VIRGIN ISLANDS;POSPAGO;SELECT VI;951;MUSIC CHOICE MAINSTREAM RAP;AUDIO;AUDIO
US VIRGIN ISLANDS;POSPAGO;SELECT VI;952;MUSIC CHOICE AMERICANA;AUDIO;AUDIO
US VIRGIN ISLANDS;POSPAGO;SELECT VI;953;MUSIC CHOICE SYMPHONY;AUDIO;AUDIO
US VIRGIN ISLANDS;POSPAGO;SELECT VI;954;MUSIC CHOICE DANCE/EDM;AUDIO;AUDIO
US VIRGIN ISLANDS;POSPAGO;SELECT VI;955;MUSIC CHOICE FOLK;AUDIO;AUDIO
US VIRGIN ISLANDS;POSPAGO;SELECT VI;956;MUSIC CHOICE CLASSIC DANCE;AUDIO;AUDIO
US VIRGIN ISLANDS;POSPAGO;SELECT VI;957;MUSIC CHOICE GOSPEL HALLELUJAH;AUDIO;AUDIO
US VIRGIN ISLANDS;POSPAGO;SELECT VI;958;MUSIC CHOICE TROPICALES;AUDIO;AUDIO
US VIRGIN ISLANDS;POSPAGO;SELECT VI;959;MUSIC CHOICE METAL;AUDIO;AUDIO
US VIRGIN ISLANDS;POSPAGO;SELECT VI;960;MUSIC CHOICE TODDLER TUNES;AUDIO;AUDIO
US VIRGIN ISLANDS;POSPAGO;SELECT VI;961;MUSIC CHOICE Y2K;AUDIO;AUDIO
US VIRGIN ISLANDS;POSPAGO;SELECT VI;962;MUSIC CHOICE BLUEGRASS;AUDIO;AUDIO
US VIRGIN ISLANDS;POSPAGO;SELECT VI;963;MUSIC CHOICE VIETNAMESE;AUDIO;AUDIO
US VIRGIN ISLANDS;POSPAGO;SELECT VI;964;MUSIC CHOICE GOSPEL;AUDIO;AUDIO
US VIRGIN ISLANDS;POSPAGO;SELECT VI;965;MUSIC CHOICE '60S MOVEMENT;AUDIO;AUDIO
US VIRGIN ISLANDS;POSPAGO;SELECT VI;966;MUSIC CHOICE FILIPINO;AUDIO;AUDIO
US VIRGIN ISLANDS;POSPAGO;SELECT VI;967;MUSIC CHOICE SOUNDS OF THE SEASON;AUDIO;AUDIO
US VIRGIN ISLANDS;POSPAGO;SELECT VI;921-1;MUSIC CHOICE '70S ULTRA;AUDIO;AUDIO
US VIRGIN ISLANDS;POSPAGO;SELECT VI;923-1;MUSIC CHOICE '80S ULTRA;AUDIO;AUDIO
US VIRGIN ISLANDS;POSPAGO;SELECT VI;931-1;MUSIC CHOICE COUNTRY CLASSIC ULTRA;AUDIO;AUDIO
US VIRGIN ISLANDS;POSPAGO;SELECT VI;933-1;MUSIC CHOICE TODAY'S COUNTRY ULTRA;AUDIO;AUDIO
US VIRGIN ISLANDS;POSPAGO;SELECT VI;939-1;MUSIC CHOICE SOUNDSCAPES ULTRA;AUDIO;AUDIO
US VIRGIN ISLANDS;POSPAGO;SELECT VI;967-1;MUSIC CHOICE CLASSIC ROCK ULTRA;AUDIO;AUDIO
US VIRGIN ISLANDS;POSPAGO;STARZ VI;585;STARZ;HD;SERIES Y PELICULAS
US VIRGIN ISLANDS;POSPAGO;STARZ VI;586;STARZ KIDS & FAMILY;HD;INFANTIL
US VIRGIN ISLANDS;POSPAGO;STARZ VI;587;STARZ CINEMA;HD;SERIES Y PELICULAS
US VIRGIN ISLANDS;POSPAGO;STARZ VI;588;ENCORE ACTION;SD;SERIES Y PELICULAS
US VIRGIN ISLANDS;POSPAGO;STARZ VI;589;ENCORE;HD;SERIES Y PELICULAS
US VIRGIN ISLANDS;POSPAGO;STARZ VI;590;ENCORE FAMILY;SD;SERIES Y PELICULAS
US VIRGIN ISLANDS;POSPAGO;XTRA VI;166;WIPR;SD;NACIONAL
US VIRGIN ISLANDS;POSPAGO;XTRA VI;182;TV CHILE;SD;NACIONAL
US VIRGIN ISLANDS;POSPAGO;XTRA VI;183;TELEORO;SD;NACIONAL
US VIRGIN ISLANDS;POSPAGO;XTRA VI;220;BRAVO TV;HD;HOGAR Y VARIEDADES
US VIRGIN ISLANDS;POSPAGO;XTRA VI;221;¡HOLA! TV;SD;HOGAR Y VARIEDADES
US VIRGIN ISLANDS;POSPAGO;XTRA VI;222;E! US HD;HD;HOGAR Y VARIEDADES
US VIRGIN ISLANDS;POSPAGO;XTRA VI;228;FOOD NETWORK;HD;GASTRONÓMICO
US VIRGIN ISLANDS;POSPAGO;XTRA VI;229;BLOSSOM;SD;HOGAR Y VARIEDADES
US VIRGIN ISLANDS;POSPAGO;XTRA VI;230;BET;SD;HOGAR Y VARIEDADES
US VIRGIN ISLANDS;POSPAGO;XTRA VI;242;FX HD;HD;SERIES Y PELICULAS
US VIRGIN ISLANDS;POSPAGO;XTRA VI;244;TNT;HD;SERIES Y PELICULAS
US VIRGIN ISLANDS;POSPAGO;XTRA VI;246;USA;HD;SERIES Y PELICULAS
US VIRGIN ISLANDS;POSPAGO;XTRA VI;248;TBS;HD;SERIES Y PELICULAS
US VIRGIN ISLANDS;POSPAGO;XTRA VI;249;TL NOVELAS;SD;TELENOVELAS
US VIRGIN ISLANDS;POSPAGO;XTRA VI;250;HGTV;HD;HOGAR Y VARIEDADES
US VIRGIN ISLANDS;POSPAGO;XTRA VI;252;FREEFORM;HD;SERIES Y PELICULAS
US VIRGIN ISLANDS;POSPAGO;XTRA VI;254;PARAMOUNT;HD;SERIES Y PELICULAS
US VIRGIN ISLANDS;POSPAGO;XTRA VI;256;A&E;HD;SERIES Y PELICULAS
US VIRGIN ISLANDS;POSPAGO;XTRA VI;260;MTV;HD;MUSICAL
US VIRGIN ISLANDS;POSPAGO;XTRA VI;261;MTV 2;HD;MUSICAL
US VIRGIN ISLANDS;POSPAGO;XTRA VI;262;VH1;HD;MUSICAL
US VIRGIN ISLANDS;POSPAGO;XTRA VI;263;COMEDY CENTRAL;HD;SERIES Y PELICULAS
US VIRGIN ISLANDS;POSPAGO;XTRA VI;264;VICE;SD;INFORMATIVO
US VIRGIN ISLANDS;POSPAGO;XTRA VI;267;COOKING CHANNEL;HD;GASTRONÓMICO
US VIRGIN ISLANDS;POSPAGO;XTRA VI;268;SO YUMMY!;SD;GASTRONÓMICO
US VIRGIN ISLANDS;POSPAGO;XTRA VI;320;CARTOON NETWORK;HD;INFANTIL
US VIRGIN ISLANDS;POSPAGO;XTRA VI;322;NICKELODEON;HD;INFANTIL
US VIRGIN ISLANDS;POSPAGO;XTRA VI;324;DISNEY CHANNEL;HD;INFANTIL
US VIRGIN ISLANDS;POSPAGO;XTRA VI;326;DISNEY XD;HD;INFANTIL
US VIRGIN ISLANDS;POSPAGO;XTRA VI;330;DISCOVERY KIDS LA;SD;INFANTIL
US VIRGIN ISLANDS;POSPAGO;XTRA VI;332;LOOLOO KIDS;SD;INFANTIL
US VIRGIN ISLANDS;POSPAGO;XTRA VI;336;BOOMERANG;SD;INFANTIL
US VIRGIN ISLANDS;POSPAGO;XTRA VI;337;NICK JR.;HD;INFANTIL
US VIRGIN ISLANDS;POSPAGO;XTRA VI;338;VME;SD;NACIONAL
US VIRGIN ISLANDS;POSPAGO;XTRA VI;339;BABY FIRST TV;SD;INFANTIL
US VIRGIN ISLANDS;POSPAGO;XTRA VI;350;EWTN;SD;RELIGIOSO
US VIRGIN ISLANDS;POSPAGO;XTRA VI;352;ENLACE;SD;RELIGIOSO
US VIRGIN ISLANDS;POSPAGO;XTRA VI;354;CHRISTIAN TELEVISION NETWORK (CTN);SD;RELIGIOSO
US VIRGIN ISLANDS;POSPAGO;XTRA VI;511;AMC;HD;SERIES Y PELICULAS
US VIRGIN ISLANDS;POSPAGO;XTRA VI;514;CINE LATINO;SD;SERIES Y PELICULAS
US VIRGIN ISLANDS;POSPAGO;XTRA VI;516;DE PELÍCULA;SD;SERIES Y PELICULAS
US VIRGIN ISLANDS;POSPAGO;XTRA VI;517;LIFETIME;HD;SERIES Y PELICULAS
US VIRGIN ISLANDS;POSPAGO;XTRA VI;518;LIFETIME MOVIE NETWORK;HD;SERIES Y PELICULAS
US VIRGIN ISLANDS;POSPAGO;XTRA VI;520;HALLMARK;HD;SERIES Y PELICULAS
US VIRGIN ISLANDS;POSPAGO;XTRA VI;521;HALLMARK FAMILY;HD;SERIES Y PELICULAS
US VIRGIN ISLANDS;POSPAGO;XTRA VI;645;ESPN;HD;DEPORTES
US VIRGIN ISLANDS;POSPAGO;XTRA VI;646;ESPN NEWS;HD;DEPORTES
US VIRGIN ISLANDS;POSPAGO;XTRA VI;648;ESPN 2;HD;DEPORTES
US VIRGIN ISLANDS;POSPAGO;XTRA VI;649;ESPN DEPORTES;HD;DEPORTES
US VIRGIN ISLANDS;POSPAGO;XTRA VI;651;FOX DEPORTES;SD;DEPORTES
US VIRGIN ISLANDS;POSPAGO;XTRA VI;652;THE TENNIS CHANNEL;HD;DEPORTES
US VIRGIN ISLANDS;POSPAGO;XTRA VI;653;NBA TV;HD;DEPORTES
US VIRGIN ISLANDS;POSPAGO;XTRA VI;654;THE GOLF CHANNEL;HD;DEPORTES
US VIRGIN ISLANDS;POSPAGO;XTRA VI;655;FOX SPORTS;HD;DEPORTES
US VIRGIN ISLANDS;POSPAGO;XTRA VI;656;MLB NETWORK;HD;DEPORTES
US VIRGIN ISLANDS;POSPAGO;XTRA VI;702;CNN;HD;NOTICIAS
US VIRGIN ISLANDS;POSPAGO;XTRA VI;704;CNN EN ESPAÑOL;SD;NOTICIAS
US VIRGIN ISLANDS;POSPAGO;XTRA VI;708;HEADLINE NEWS;HD;NOTICIAS
US VIRGIN ISLANDS;POSPAGO;XTRA VI;710;BLOOMBERG;HD;NOTICIAS
US VIRGIN ISLANDS;POSPAGO;XTRA VI;712;ACCUWEATHER;HD;NOTICIAS
US VIRGIN ISLANDS;POSPAGO;XTRA VI;720;C-SPAN2;SD;INFORMATIVO
US VIRGIN ISLANDS;POSPAGO;XTRA VI;730;NAT GEO MUNDO;SD;CIENCIA Y CULTURA
US VIRGIN ISLANDS;POSPAGO;XTRA VI;732;DISCOVERY EN ESPAÑOL;SD;CIENCIA Y CULTURA
US VIRGIN ISLANDS;POSPAGO;XTRA VI;734;ANIMAL PLANET LA;SD;CIENCIA Y CULTURA
US VIRGIN ISLANDS;POSPAGO;XTRA VI;735;ANIMAL PLANET US;HD;CIENCIA Y CULTURA
US VIRGIN ISLANDS;POSPAGO;XTRA VI;742;HISTORY ANDES;SD;CIENCIA Y CULTURA
US VIRGIN ISLANDS;POSPAGO;XTRA VI;744;FYI;HD;HOGAR Y VARIEDADES
US VIRGIN ISLANDS;POSPAGO;XTRA VI;745;SYFY;HD;SERIES Y PELICULAS
US VIRGIN ISLANDS;POSPAGO;XTRA VI;746;DISCOVERY TURBO;HD;HOGAR Y VARIEDADES
US VIRGIN ISLANDS;POSPAGO;XTRA VI;752;DISCOVERY US;HD;CIENCIA Y CULTURA
US VIRGIN ISLANDS;POSPAGO;XTRA VI;754;THE LEARNING CHANNEL;HD;HOGAR Y VARIEDADES
US VIRGIN ISLANDS;POSPAGO;XTRA VI;756;HISTORY US;HD;CIENCIA Y CULTURA
US VIRGIN ISLANDS;POSPAGO;XTRA VI;760;TVE;SD;NACIONAL
US VIRGIN ISLANDS;POSPAGO;XTRA VI;762;ANTENA 3;SD;NACIONAL
US VIRGIN ISLANDS;POSPAGO;XTRA VI;768;BBC AMERICA;HD;SERIES Y PELICULAS
US VIRGIN ISLANDS;POSPAGO;XTRA VI;901;MUSIC CHOICE ROCK HITS;AUDIO;AUDIO
US VIRGIN ISLANDS;POSPAGO;XTRA VI;902;MUSIC CHOICE ‘80S ROCK;AUDIO;AUDIO
US VIRGIN ISLANDS;POSPAGO;XTRA VI;903;MUSIC CHOICE JAZZ VOCAL HITS;AUDIO;AUDIO
US VIRGIN ISLANDS;POSPAGO;XTRA VI;904;MUSIC CHOICE COUNTRY HITS;AUDIO;AUDIO
US VIRGIN ISLANDS;POSPAGO;XTRA VI;905;MUSIC CHOICE NEW AGE;AUDIO;AUDIO
US VIRGIN ISLANDS;POSPAGO;XTRA VI;906;MUSIC CHOICE FUNK;AUDIO;AUDIO
US VIRGIN ISLANDS;POSPAGO;XTRA VI;907;MUSIC CHOICE '90S;AUDIO;AUDIO
US VIRGIN ISLANDS;POSPAGO;XTRA VI;908;MUSIC CHOICE BLUES;AUDIO;AUDIO
US VIRGIN ISLANDS;POSPAGO;XTRA VI;909;MUSIC CHOICE LOVE SONGS;AUDIO;AUDIO
US VIRGIN ISLANDS;POSPAGO;XTRA VI;910;MUSIC CHOICE MUSICA URBANA;AUDIO;AUDIO
US VIRGIN ISLANDS;POSPAGO;XTRA VI;911;MUSIC CHOICE R&B CLASSICS;AUDIO;AUDIO
US VIRGIN ISLANDS;POSPAGO;XTRA VI;912;MUSIC CHOICE LATIN JAZZ;AUDIO;AUDIO
US VIRGIN ISLANDS;POSPAGO;XTRA VI;913;MUSIC CHOICE SOFT ROCK;AUDIO;AUDIO
US VIRGIN ISLANDS;POSPAGO;XTRA VI;914;MUSIC CHOICE RAP;AUDIO;AUDIO
US VIRGIN ISLANDS;POSPAGO;XTRA VI;915;MUSIC CHOICE CLASSIC CHRISTMAS;AUDIO;AUDIO
US VIRGIN ISLANDS;POSPAGO;XTRA VI;916;MUSIC CHOICE WORKOUT;AUDIO;AUDIO
US VIRGIN ISLANDS;POSPAGO;XTRA VI;917;MUSIC CHOICE BROADWAY;AUDIO;AUDIO
US VIRGIN ISLANDS;POSPAGO;XTRA VI;918;MUSIC CHOICE ADULT ALTERNATIVE;AUDIO;AUDIO
US VIRGIN ISLANDS;POSPAGO;XTRA VI;919;MUSIC CHOICE POP HITS;AUDIO;AUDIO
US VIRGIN ISLANDS;POSPAGO;XTRA VI;920;MUSIC CHOICE NEW WAVE;AUDIO;AUDIO
US VIRGIN ISLANDS;POSPAGO;XTRA VI;921;MUSIC CHOICE '70S;AUDIO;AUDIO
US VIRGIN ISLANDS;POSPAGO;XTRA VI;922;MUSIC CHOICE KIDS ONLY!;AUDIO;AUDIO
US VIRGIN ISLANDS;POSPAGO;XTRA VI;923;MUSIC CHOICE '80S;AUDIO;AUDIO
US VIRGIN ISLANDS;POSPAGO;XTRA VI;924;MUSIC CHOICE ROCK LATINO;AUDIO;AUDIO
US VIRGIN ISLANDS;POSPAGO;XTRA VI;925;MUSIC CHOICE RETRO WORKOUT;AUDIO;AUDIO
US VIRGIN ISLANDS;POSPAGO;XTRA VI;926;MUSIC CHOICE CONTEMPORARY CHRISTIAN;AUDIO;AUDIO
US VIRGIN ISLANDS;POSPAGO;XTRA VI;927;MUSIC CHOICE REGGAE;AUDIO;AUDIO
US VIRGIN ISLANDS;POSPAGO;XTRA VI;928;MUSIC CHOICE ALTERNATIVE;AUDIO;AUDIO
US VIRGIN ISLANDS;POSPAGO;XTRA VI;929;MUSIC CHOICE POP & COUNTRY;AUDIO;AUDIO
US VIRGIN ISLANDS;POSPAGO;XTRA VI;930;MUSIC CHOICE POP LATINO;AUDIO;AUDIO
US VIRGIN ISLANDS;POSPAGO;XTRA VI;931;MUSIC CHOICE CLASSIC COUNTRY;AUDIO;AUDIO
US VIRGIN ISLANDS;POSPAGO;XTRA VI;932;MUSIC CHOICE BIG BAND;AUDIO;AUDIO
US VIRGIN ISLANDS;POSPAGO;XTRA VI;933;MUSIC CHOICE TODAY'S COUNTRY;AUDIO;AUDIO
US VIRGIN ISLANDS;POSPAGO;XTRA VI;934;MUSIC CHOICE HIT LIST;AUDIO;AUDIO
US VIRGIN ISLANDS;POSPAGO;XTRA VI;935;MUSIC CHOICE HIP-HOP AND R&B;AUDIO;AUDIO
US VIRGIN ISLANDS;POSPAGO;XTRA VI;936;MUSIC CHOICE TEEN BEATS;AUDIO;AUDIO
US VIRGIN ISLANDS;POSPAGO;XTRA VI;937;MUSIC CHOICE COFFEE SHOP CUTS;AUDIO;AUDIO
US VIRGIN ISLANDS;POSPAGO;XTRA VI;938;MUSIC CHOICE HONKY TONK;AUDIO;AUDIO
US VIRGIN ISLANDS;POSPAGO;XTRA VI;939;MUSIC CHOICE SOUNDSCAPES;AUDIO;AUDIO
US VIRGIN ISLANDS;POSPAGO;XTRA VI;940;MUSIC CHOICE LIGHT CLASSICAL;AUDIO;AUDIO
US VIRGIN ISLANDS;POSPAGO;XTRA VI;941;MUSIC CHOICE CLASSIC ALTERNATIVE;AUDIO;AUDIO
US VIRGIN ISLANDS;POSPAGO;XTRA VI;942;MUSIC CHOICE INDIE;AUDIO;AUDIO
US VIRGIN ISLANDS;POSPAGO;XTRA VI;943;MUSIC CHOICE MALT SHOP FAVORITES;AUDIO;AUDIO
US VIRGIN ISLANDS;POSPAGO;XTRA VI;944;MUSIC CHOICE SMOOTH JAZZ;AUDIO;AUDIO
US VIRGIN ISLANDS;POSPAGO;XTRA VI;945;MUSIC CHOICE CONTEMPORARY INSTRUMENTALS;AUDIO;AUDIO
US VIRGIN ISLANDS;POSPAGO;XTRA VI;946;MUSIC CHOICE HARD ROCK;AUDIO;AUDIO
US VIRGIN ISLANDS;POSPAGO;XTRA VI;947;MUSIC CHOICE THROWBACK JAMZ;AUDIO;AUDIO
US VIRGIN ISLANDS;POSPAGO;XTRA VI;948;MUSIC CHOICE CLASSIC ROCK;AUDIO;AUDIO
US VIRGIN ISLANDS;POSPAGO;XTRA VI;949;MUSIC CHOICE MOVIE SCORES;AUDIO;AUDIO
US VIRGIN ISLANDS;POSPAGO;XTRA VI;950;MUSIC CHOICE MAX;AUDIO;AUDIO
US VIRGIN ISLANDS;POSPAGO;XTRA VI;951;MUSIC CHOICE MAINSTREAM RAP;AUDIO;AUDIO
US VIRGIN ISLANDS;POSPAGO;XTRA VI;952;MUSIC CHOICE AMERICANA;AUDIO;AUDIO
US VIRGIN ISLANDS;POSPAGO;XTRA VI;953;MUSIC CHOICE SYMPHONY;AUDIO;AUDIO
US VIRGIN ISLANDS;POSPAGO;XTRA VI;954;MUSIC CHOICE DANCE/EDM;AUDIO;AUDIO
US VIRGIN ISLANDS;POSPAGO;XTRA VI;955;MUSIC CHOICE FOLK;AUDIO;AUDIO
US VIRGIN ISLANDS;POSPAGO;XTRA VI;956;MUSIC CHOICE CLASSIC DANCE;AUDIO;AUDIO
US VIRGIN ISLANDS;POSPAGO;XTRA VI;957;MUSIC CHOICE GOSPEL HALLELUJAH;AUDIO;AUDIO
US VIRGIN ISLANDS;POSPAGO;XTRA VI;958;MUSIC CHOICE TROPICALES;AUDIO;AUDIO
US VIRGIN ISLANDS;POSPAGO;XTRA VI;959;MUSIC CHOICE METAL;AUDIO;AUDIO
US VIRGIN ISLANDS;POSPAGO;XTRA VI;960;MUSIC CHOICE TODDLER TUNES;AUDIO;AUDIO
US VIRGIN ISLANDS;POSPAGO;XTRA VI;961;MUSIC CHOICE Y2K;AUDIO;AUDIO
US VIRGIN ISLANDS;POSPAGO;XTRA VI;962;MUSIC CHOICE BLUEGRASS;AUDIO;AUDIO
US VIRGIN ISLANDS;POSPAGO;XTRA VI;963;MUSIC CHOICE VIETNAMESE;AUDIO;AUDIO
US VIRGIN ISLANDS;POSPAGO;XTRA VI;964;MUSIC CHOICE GOSPEL;AUDIO;AUDIO
US VIRGIN ISLANDS;POSPAGO;XTRA VI;965;MUSIC CHOICE '60S MOVEMENT;AUDIO;AUDIO
US VIRGIN ISLANDS;POSPAGO;XTRA VI;966;MUSIC CHOICE FILIPINO;AUDIO;AUDIO
US VIRGIN ISLANDS;POSPAGO;XTRA VI;967;MUSIC CHOICE SOUNDS OF THE SEASON;AUDIO;AUDIO
US VIRGIN ISLANDS;POSPAGO;XTRA VI;921-1;MUSIC CHOICE '70S ULTRA;AUDIO;AUDIO
US VIRGIN ISLANDS;POSPAGO;XTRA VI;923-1;MUSIC CHOICE '80S ULTRA;AUDIO;AUDIO
US VIRGIN ISLANDS;POSPAGO;XTRA VI;931-1;MUSIC CHOICE COUNTRY CLASSIC ULTRA;AUDIO;AUDIO
US VIRGIN ISLANDS;POSPAGO;XTRA VI;933-1;MUSIC CHOICE TODAY'S COUNTRY ULTRA;AUDIO;AUDIO
US VIRGIN ISLANDS;POSPAGO;XTRA VI;939-1;MUSIC CHOICE SOUNDSCAPES ULTRA;AUDIO;AUDIO
US VIRGIN ISLANDS;POSPAGO;XTRA VI;967-1;MUSIC CHOICE CLASSIC ROCK ULTRA;AUDIO;AUDIO
